Fill	Timestamp [s]	Duration [s]	Temperature [K]	Fluence [n_eq/cm2/s]	Leakage_current [mA/cm2]
5698	1495543942	1200		265.06		    264095		  6.00
5698	1495547542	3600		265.06		    269626		  6.00
5698	1495551142	3600		265.06		    244255		  6.00
5698	1495554742	3600		265.08		    220233		  6.00
5698	1495558342	3600		265.08		    187844		  6.00
5698	1495561942	3600		265.08		    118385		  6.00
5698	1495565542	3600		265.08		    110732		  6.00
5698	1495569142	3600		265.55		    107804		  6.00
5698	1495572742	3600		265.29		    106093		  6.00
5698	1495573934	1192		260.88		     90100		  0.50
-999	1495575134	1200		260.86		         0		-999.00
-999	1495578734	3600		265.27		         0		-999.00
-999	1495580679	1945		265.04		         0		-999.00
5699	1495581879	1200		265.04		    159242		  6.50
5699	1495585479	3600		265.05		    169103		  6.50
5699	1495589079	3600		265.04		    157717		  6.50
5699	1495592679	3600		265.04		    149150		  6.50
5699	1495595130	2451		265.04		    140971		  6.50
-999	1495596330	1200		265.04		         0		-999.00
-999	1495599930	3600		260.33		         0		-999.00
-999	1495603530	3600		260.33		         0		-999.00
-999	1495607130	3600		260.33		         0		-999.00
-999	1495610730	3600		260.58		         0		-999.00
-999	1495614330	3600		265.55		         0		-999.00
-999	1495617930	3600		265.28		         0		-999.00
-999	1495621530	3600		265.02		         0		-999.00
-999	1495625130	3600		265.01		         0		-999.00
-999	1495628730	3600		265.05		         0		-999.00
-999	1495632330	3600		265.05		         0		-999.00
-999	1495635930	3600		265.05		         0		-999.00
-999	1495639530	3600		265.05		         0		-999.00
-999	1495643130	3600		265.05		         0		-999.00
-999	1495646730	3600		265.05		         0		-999.00
-999	1495650330	3600		265.05		         0		-999.00
-999	1495653930	3600		265.05		         0		-999.00
-999	1495657530	3600		265.05		         0		-999.00
-999	1495661130	3600		265.31		         0		-999.00
-999	1495664730	3600		265.06		         0		-999.00
-999	1495667362	2632		265.06		         0		-999.00
5704	1495668562	1200		265.08		    652460		  6.50
5704	1495672162	3600		265.34		    685392		  6.50
5704	1495675762	3600		265.33		    639231		  6.50
5704	1495679362	3600		265.33		    599030		  6.50
5704	1495682962	3600		265.33		    569338		  6.50
5704	1495686562	3600		265.33		    537586		  6.50
5704	1495690162	3600		265.33		    509247		  6.50
5704	1495693762	3600		265.33		    486746		  6.50
5704	1495693931	169		265.33		    444543		  6.50
-999	1495695131	1200		260.89		         0		-999.00
-999	1495698731	3600		260.63		         0		-999.00
-999	1495702331	3600		260.38		         0		-999.00
-999	1495705931	3600		260.38		         0		-999.00
-999	1495709531	3600		260.63		         0		-999.00
-999	1495713131	3600		260.63		         0		-999.00
-999	1495716731	3600		260.63		         0		-999.00
-999	1495720331	3600		260.63		         0		-999.00
-999	1495723931	3600		260.63		         0		-999.00
-999	1495727531	3600		260.63		         0		-999.00
-999	1495731131	3600		260.63		         0		-999.00
-999	1495734731	3600		260.63		         0		-999.00
-999	1495738331	3600		260.63		         0		-999.00
-999	1495741931	3600		260.89		         0		-999.00
-999	1495745531	3600		265.27		         0		-999.00
-999	1495749131	3600		265.01		         0		-999.00
-999	1495752731	3600		265.32		         0		-999.00
-999	1495753414	683		265.32		         0		-999.00
5710	1495754614	1200		265.33		    496584		  6.50
5710	1495758214	3600		265.36		    514157		  6.50
5710	1495761814	3600		265.36		    488162		  6.50
5710	1495765414	3600		265.10		    463706		  6.50
5710	1495769014	3600		265.10		    435806		  6.50
5710	1495772614	3600		265.10		    417902		  6.50
5710	1495775424	2810		260.87		    401416		  0.50
-999	1495776624	1200		260.60		         0		-999.00
-999	1495780224	3600		260.60		         0		-999.00
-999	1495783824	3600		260.60		         0		-999.00
-999	1495787424	3600		260.60		         0		-999.00
-999	1495791024	3600		260.60		         0		-999.00
-999	1495794624	3600		260.60		         0		-999.00
-999	1495798224	3600		260.60		         0		-999.00
-999	1495801824	3600		260.60		         0		-999.00
-999	1495805424	3600		260.85		         0		-999.00
-999	1495809024	3600		260.60		         0		-999.00
-999	1495812624	3600		260.60		         0		-999.00
-999	1495816224	3600		260.60		         0		-999.00
-999	1495819824	3600		260.60		         0		-999.00
-999	1495823424	3600		260.60		         0		-999.00
-999	1495827024	3600		265.42		         0		-999.00
-999	1495830624	3600		265.42		         0		-999.00
-999	1495834224	3600		265.17		         0		-999.00
-999	1495837824	3600		265.17		         0		-999.00
-999	1495841424	3600		265.17		         0		-999.00
-999	1495845024	3600		265.42		         0		-999.00
-999	1495848624	3600		265.17		         0		-999.00
-999	1495852224	3600		265.17		         0		-999.00
-999	1495853512	1288		265.17		         0		-999.00
5717	1495854712	1200		265.32		   4926829		  6.50
5717	1495858312	3600		265.56		   4666190		  6.50
5717	1495861912	3600		265.57		   4679496		  6.50
5717	1495865512	3600		265.58		   4622174		  6.50
5717	1495869112	3600		265.33		   4467308		  6.50
5717	1495872712	3600		265.33		   4335822		  6.50
5717	1495876312	3600		265.32		   4155182		  6.50
5717	1495879912	3600		265.58		   4034629		  6.50
5717	1495883512	3600		265.31		   3969981		  6.50
5717	1495887112	3600		265.31		   3826189		  6.50
5717	1495887832	720		265.31		   3721593		  6.50
-999	1495889032	1200		265.19		         0		-999.00
-999	1495892632	3600		265.19		         0		-999.00
-999	1495896232	3600		265.19		         0		-999.00
-999	1495899832	3600		265.19		         0		-999.00
-999	1495900576	744		265.19		         0		-999.00
5718	1495901776	1200		265.33		   4511732		  6.50
5718	1495905376	3600		265.32		   4301500		  6.50
5718	1495908976	3600		265.30		   3522015		  6.50
5718	1495912576	3600		265.32		   4179213		  6.50
5718	1495916176	3600		265.32		   4050288		  6.50
5718	1495919776	3600		265.31		   3926051		  6.50
5718	1495923376	3600		265.31		   3831190		  6.50
5718	1495926976	3600		265.31		   3693902		  6.50
5718	1495930417	3441		265.30		   3460301		  6.50
-999	1495931617	1200		265.19		         0		-999.00
-999	1495935217	3600		265.19		         0		-999.00
-999	1495938817	3600		265.19		         0		-999.00
-999	1495942417	3600		265.19		         0		-999.00
-999	1495946017	3600		265.19		         0		-999.00
-999	1495947290	1273		265.19		         0		-999.00
5719	1495948490	1200		265.31		   3673378		  6.50
5719	1495952090	3600		265.33		   4453161		  6.50
5719	1495955690	3600		265.32		   4310637		  6.50
5719	1495959290	3600		265.32		   4197420		  6.50
5719	1495962646	3356		265.32		   4037175		  6.50
-999	1495963846	1200		265.19		         0		-999.00
-999	1495967446	3600		265.19		         0		-999.00
-999	1495971046	3600		265.19		         0		-999.00
-999	1495974646	3600		264.94		         0		-999.00
-999	1495978246	3600		265.19		         0		-999.00
-999	1495981846	3600		265.19		         0		-999.00
-999	1495985446	3600		265.19		         0		-999.00
-999	1495989046	3600		265.19		         0		-999.00
-999	1495992646	3600		265.19		         0		-999.00
-999	1495995892	3246		265.19		         0		-999.00
5722	1495997092	1200		265.90		  23832897		 10.50
5722	1496000692	3600		265.95		  25481464		 10.50
5722	1496004292	3600		266.18		  24656063		 10.50
5722	1496007892	3600		265.92		  24293327		 10.50
5722	1496011492	3600		265.90		  23493282		 10.50
5722	1496015092	3600		265.87		  22580668		 10.50
5722	1496018692	3600		265.85		  21938649		 10.50
5722	1496022292	3600		265.83		  21184241		 10.50
5722	1496025892	3600		265.82		  20727495		 10.50
5722	1496029492	3600		265.80		  20028267		 10.50
5722	1496033092	3600		265.78		  19597878		 10.50
5722	1496035085	1993		265.77		  19223934		 10.50
-999	1496036285	1200		260.69		         0		-999.00
-999	1496039885	3600		260.69		         0		-999.00
-999	1496043485	3600		260.69		         0		-999.00
-999	1496047085	3600		260.69		         0		-999.00
-999	1496050685	3600		260.69		         0		-999.00
-999	1496054285	3600		260.69		         0		-999.00
-999	1496057885	3600		266.27		         0		-999.00
-999	1496061485	3600		264.96		         0		-999.00
-999	1496065085	3600		265.13		         0		-999.00
-999	1496068685	3600		265.13		         0		-999.00
-999	1496072285	3600		265.39		         0		-999.00
-999	1496075885	3600		260.77		         0		-999.00
-999	1496079485	3600		260.51		         0		-999.00
-999	1496083085	3600		260.51		         0		-999.00
-999	1496086685	3600		260.77		         0		-999.00
-999	1496090285	3600		260.77		         0		-999.00
-999	1496093885	3600		260.77		         0		-999.00
-999	1496097485	3600		260.77		         0		-999.00
-999	1496101085	3600		260.77		         0		-999.00
-999	1496104685	3600		260.77		         0		-999.00
-999	1496108285	3600		260.77		         0		-999.00
-999	1496111885	3600		260.77		         0		-999.00
-999	1496115485	3600		260.77		         0		-999.00
-999	1496119085	3600		265.69		         0		-999.00
-999	1496122685	3600		260.98		         0		-999.00
-999	1496126285	3600		265.10		         0		-999.00
-999	1496126591	306		265.10		         0		-999.00
5730	1496127791	1200		266.12		  25658392		 12.00
5730	1496131391	3600		266.17		  27183374		 12.50
5730	1496134991	3600		266.12		  25455645		 12.50
5730	1496138591	3600		266.08		  24034929		 12.00
5730	1496142191	3600		266.04		  22857151		 11.50
5730	1496145791	3600		266.00		  21511179		 12.00
5730	1496149391	3600		265.97		  20425497		 12.00
5730	1496152991	3600		265.82		  15445913		 12.00
5730	1496156591	3600		265.91		  18572744		 11.50
5730	1496160191	3600		262.36		  11985563		  7.00
5730	1496163791	3600		265.63		  17273580		 11.50
5730	1496167391	3600		265.65		  16474504		 11.50
5730	1496170991	3600		265.62		  15663644		 11.50
5730	1496174591	3600		265.61		  15338267		 11.50
5730	1496178191	3600		265.59		  14537679		 11.50
5730	1496181791	3600		265.57		  14071294		 11.50
5730	1496183059	1268		265.57		  13962763		 11.50
-999	1496184259	1200		265.15		         0		-999.00
-999	1496187859	3600		265.15		         0		-999.00
-999	1496191459	3600		265.15		         0		-999.00
-999	1496195059	3600		265.15		         0		-999.00
-999	1496198659	3600		265.13		         0		-999.00
-999	1496202259	3600		265.13		         0		-999.00
-999	1496205859	3600		265.13		         0		-999.00
-999	1496209459	3600		265.13		         0		-999.00
-999	1496213059	3600		265.13		         0		-999.00
-999	1496216659	3600		265.13		         0		-999.00
-999	1496220259	3600		265.13		         0		-999.00
-999	1496223859	3600		265.13		         0		-999.00
-999	1496227459	3600		265.39		         0		-999.00
-999	1496231059	3600		265.39		         0		-999.00
-999	1496234659	3600		265.39		         0		-999.00
-999	1496238259	3600		265.39		         0		-999.00
-999	1496241859	3600		265.39		         0		-999.00
-999	1496245459	3600		265.39		         0		-999.00
-999	1496249059	3600		265.39		         0		-999.00
-999	1496252659	3600		265.39		         0		-999.00
-999	1496256259	3600		265.39		         0		-999.00
-999	1496259859	3600		265.39		         0		-999.00
-999	1496263459	3600		265.39		         0		-999.00
-999	1496267059	3600		265.16		         0		-999.00
-999	1496270659	3600		265.16		         0		-999.00
-999	1496274259	3600		265.16		         0		-999.00
-999	1496277859	3600		265.16		         0		-999.00
-999	1496281459	3600		265.16		         0		-999.00
-999	1496285059	3600		265.16		         0		-999.00
-999	1496288659	3600		265.16		         0		-999.00
-999	1496292259	3600		265.16		         0		-999.00
-999	1496295859	3600		265.16		         0		-999.00
-999	1496299459	3600		265.16		         0		-999.00
-999	1496303059	3600		265.16		         0		-999.00
-999	1496306659	3600		265.15		         0		-999.00
-999	1496310259	3600		265.15		         0		-999.00
-999	1496313859	3600		265.15		         0		-999.00
-999	1496317459	3600		265.15		         0		-999.00
-999	1496321059	3600		265.15		         0		-999.00
-999	1496324659	3600		262.15		         0		-999.00
-999	1496328259	3600		260.52		         0		-999.00
-999	1496331859	3600		260.52		         0		-999.00
-999	1496335459	3600		260.52		         0		-999.00
-999	1496339059	3600		260.52		         0		-999.00
-999	1496342659	3600		260.52		         0		-999.00
-999	1496346259	3600		260.52		         0		-999.00
-999	1496349859	3600		260.52		         0		-999.00
-999	1496353459	3600		260.52		         0		-999.00
-999	1496357059	3600		260.78		         0		-999.00
-999	1496360659	3600		260.78		         0		-999.00
-999	1496364259	3600		260.78		         0		-999.00
-999	1496367859	3600		261.03		         0		-999.00
-999	1496371459	3600		260.77		         0		-999.00
-999	1496375059	3600		260.77		         0		-999.00
-999	1496378659	3600		266.48		         0		-999.00
-999	1496382259	3600		265.19		         0		-999.00
-999	1496385859	3600		259.66		         0		-999.00
-999	1496389459	3600		265.38		         0		-999.00
-999	1496393059	3600		265.38		         0		-999.00
-999	1496396659	3600		265.38		         0		-999.00
-999	1496400259	3600		265.38		         0		-999.00
-999	1496403859	3600		265.38		         0		-999.00
-999	1496407459	3600		265.38		         0		-999.00
-999	1496411059	3600		260.98		         0		-999.00
-999	1496414659	3600		260.47		         0		-999.00
-999	1496418259	3600		260.47		         0		-999.00
-999	1496421859	3600		260.47		         0		-999.00
-999	1496425459	3600		260.73		         0		-999.00
-999	1496429059	3600		260.73		         0		-999.00
-999	1496432659	3600		260.73		         0		-999.00
-999	1496436259	3600		260.73		         0		-999.00
-999	1496439859	3600		260.73		         0		-999.00
-999	1496443459	3600		260.73		         0		-999.00
-999	1496447059	3600		260.73		         0		-999.00
-999	1496450659	3600		260.73		         0		-999.00
-999	1496454259	3600		265.23		         0		-999.00
-999	1496457859	3600		265.23		         0		-999.00
-999	1496458861	1002		265.23		         0		-999.00
5737	1496460061	1200		266.04		  26830355		 13.50
5737	1496463661	3600		265.67		  14382859		 10.50
5737	1496467261	3600		265.25		    487764		 10.50
5737	1496470861	3600		265.25		    486334		 10.50
5737	1496474461	3600		265.25		    478161		 10.50
5737	1496478061	3600		265.25		    481057		 10.50
5737	1496481661	3600		261.06		    505961		  1.50
5737	1496485261	3600		260.55		    578760		  1.50
5737	1496487110	1849		260.55		    629903		  1.50
-999	1496488310	1200		260.53		         0		-999.00
-999	1496491910	3600		260.53		         0		-999.00
-999	1496495510	3600		260.53		         0		-999.00
-999	1496499110	3600		260.53		         0		-999.00
-999	1496502710	3600		260.53		         0		-999.00
-999	1496506310	3600		260.53		         0		-999.00
-999	1496509910	3600		260.53		         0		-999.00
-999	1496513510	3600		260.79		         0		-999.00
-999	1496517110	3600		260.79		         0		-999.00
-999	1496520710	3600		260.51		         0		-999.00
-999	1496524310	3600		260.51		         0		-999.00
-999	1496527910	3600		260.51		         0		-999.00
-999	1496531510	3600		264.67		         0		-999.00
-999	1496535110	3600		265.19		         0		-999.00
-999	1496538710	3600		265.19		         0		-999.00
-999	1496542310	3600		265.19		         0		-999.00
-999	1496545910	3600		265.19		         0		-999.00
-999	1496549510	3600		262.19		         0		-999.00
-999	1496553110	3600		262.19		         0		-999.00
-999	1496556710	3600		262.17		         0		-999.00
-999	1496560310	3600		262.17		         0		-999.00
-999	1496563910	3600		262.17		         0		-999.00
-999	1496567510	3600		262.17		         0		-999.00
-999	1496571110	3600		262.19		         0		-999.00
-999	1496574710	3600		262.19		         0		-999.00
-999	1496578310	3600		262.19		         0		-999.00
-999	1496581910	3600		262.19		         0		-999.00
-999	1496585510	3600		262.19		         0		-999.00
-999	1496589110	3600		261.96		         0		-999.00
-999	1496592710	3600		262.23		         0		-999.00
-999	1496596310	3600		262.23		         0		-999.00
-999	1496599910	3600		262.23		         0		-999.00
-999	1496603510	3600		262.29		         0		-999.00
-999	1496607110	3600		265.04		         0		-999.00
-999	1496610710	3600		265.04		         0		-999.00
-999	1496612938	2228		265.07		         0		-999.00
5746	1496614138	1200		266.73		  46230904		 16.50
5746	1496617738	3600		266.55		  42287229		 16.00
5746	1496621338	3600		266.62		  36316811		 16.00
5746	1496624938	3600		266.74		  43284495		 16.00
5746	1496628538	3600		266.65		  40367149		 16.00
5746	1496632138	3600		266.64		  38469995		 16.00
5746	1496635738	3600		266.55		  36991718		 16.00
5746	1496639338	3600		266.22		  34600391		 16.00
5746	1496642938	3600		266.17		  32947272		 16.00
5746	1496646538	3600		266.16		  31707728		 16.00
5746	1496650138	3600		266.07		  28759016		 15.50
5746	1496651353	1215		266.09		  29391136		 15.50
-999	1496652553	1200		262.21		         0		-999.00
-999	1496656153	3600		262.21		         0		-999.00
-999	1496659753	3600		262.21		         0		-999.00
-999	1496663353	3600		262.21		         0		-999.00
-999	1496666953	3600		262.21		         0		-999.00
-999	1496670553	3600		262.21		         0		-999.00
-999	1496674153	3600		262.21		         0		-999.00
-999	1496677753	3600		262.21		         0		-999.00
-999	1496681353	3600		262.21		         0		-999.00
-999	1496684953	3600		262.21		         0		-999.00
-999	1496688553	3600		262.21		         0		-999.00
-999	1496689919	1366		262.21		         0		-999.00
-999	1496692113	1200		265.21		         0		-999.00
-999	1496695713	3600		262.21		         0		-999.00
-999	1496699313	3600		262.21		         0		-999.00
-999	1496702913	3600		262.21		         0		-999.00
-999	1496703383	470		262.21		         0		-999.00
5750	1496704583	1200		266.45		  41294707		 17.00
5750	1496708183	3600		266.80		  44366217		 17.00
5750	1496711783	3600		266.71		  41610353		 17.00
5750	1496715383	3600		266.65		  39592882		 17.00
5750	1496718983	3600		266.60		  37947972		 17.00
5750	1496722583	3600		266.54		  35929962		 17.00
5750	1496724041	1458		266.24		  35250975		 17.00
-999	1496725241	1200		265.19		         0		-999.00
-999	1496728841	3600		265.19		         0		-999.00
-999	1496732441	3600		265.19		         0		-999.00
-999	1496736041	3600		265.19		         0		-999.00
-999	1496739641	3600		262.19		         0		-999.00
-999	1496743241	3600		260.41		         0		-999.00
-999	1496746841	3600		260.41		         0		-999.00
-999	1496750441	3600		260.41		         0		-999.00
-999	1496754041	3600		260.41		         0		-999.00
-999	1496757641	3600		260.67		         0		-999.00
-999	1496761241	3600		260.92		         0		-999.00
-999	1496764841	3600		260.92		         0		-999.00
-999	1496768441	3600		260.92		         0		-999.00
-999	1496772041	3600		260.92		         0		-999.00
-999	1496775641	3600		260.92		         0		-999.00
-999	1496779241	3600		260.92		         0		-999.00
-999	1496782841	3600		260.92		         0		-999.00
-999	1496786441	3600		260.92		         0		-999.00
-999	1496790041	3600		260.66		         0		-999.00
-999	1496793641	3600		260.91		         0		-999.00
-999	1496797241	3600		260.91		         0		-999.00
-999	1496800841	3600		260.91		         0		-999.00
-999	1496804441	3600		260.91		         0		-999.00
-999	1496808041	3600		260.91		         0		-999.00
-999	1496811641	3600		260.91		         0		-999.00
-999	1496815241	3600		260.91		         0		-999.00
-999	1496818841	3600		260.91		         0		-999.00
-999	1496822441	3600		260.91		         0		-999.00
-999	1496826041	3600		260.91		         0		-999.00
-999	1496829641	3600		260.91		         0		-999.00
-999	1496833241	3600		260.91		         0		-999.00
-999	1496836841	3600		260.91		         0		-999.00
-999	1496840441	3600		260.91		         0		-999.00
-999	1496844041	3600		260.91		         0		-999.00
-999	1496847641	3600		260.91		         0		-999.00
-999	1496851241	3600		260.91		         0		-999.00
-999	1496854841	3600		260.91		         0		-999.00
-999	1496858441	3600		260.91		         0		-999.00
-999	1496862041	3600		260.91		         0		-999.00
-999	1496865641	3600		260.91		         0		-999.00
-999	1496869241	3600		260.91		         0		-999.00
-999	1496872841	3600		260.91		         0		-999.00
-999	1496876441	3600		260.91		         0		-999.00
-999	1496880041	3600		260.91		         0		-999.00
-999	1496883641	3600		260.91		         0		-999.00
-999	1496887241	3600		260.91		         0		-999.00
-999	1496890841	3600		260.91		         0		-999.00
-999	1496894441	3600		260.91		         0		-999.00
-999	1496898041	3600		260.91		         0		-999.00
-999	1496901641	3600		260.91		         0		-999.00
-999	1496905241	3600		260.91		         0		-999.00
-999	1496908841	3600		260.91		         0		-999.00
-999	1496912441	3600		260.91		         0		-999.00
-999	1496916041	3600		260.91		         0		-999.00
-999	1496919641	3600		260.91		         0		-999.00
-999	1496923241	3600		260.91		         0		-999.00
-999	1496926841	3600		260.91		         0		-999.00
-999	1496930441	3600		260.91		         0		-999.00
-999	1496934041	3600		260.91		         0		-999.00
-999	1496937641	3600		260.91		         0		-999.00
-999	1496941241	3600		260.91		         0		-999.00
-999	1496944841	3600		260.91		         0		-999.00
-999	1496948441	3600		260.91		         0		-999.00
-999	1496952041	3600		260.91		         0		-999.00
-999	1496955641	3600		260.91		         0		-999.00
-999	1496959241	3600		260.66		         0		-999.00
-999	1496962841	3600		260.91		         0		-999.00
-999	1496966441	3600		260.91		         0		-999.00
-999	1496970041	3600		260.91		         0		-999.00
-999	1496973641	3600		260.91		         0		-999.00
-999	1496977241	3600		260.65		         0		-999.00
-999	1496980841	3600		260.91		         0		-999.00
-999	1496984441	3600		260.91		         0		-999.00
-999	1496988041	3600		260.91		         0		-999.00
-999	1496991641	3600		262.57		         0		-999.00
-999	1496995241	3600		265.25		         0		-999.00
-999	1496998841	3600		265.25		         0		-999.00
-999	1497002441	3600		265.25		         0		-999.00
-999	1497006041	3600		265.25		         0		-999.00
-999	1497009641	3600		264.96		         0		-999.00
-999	1497013241	3600		265.00		         0		-999.00
-999	1497016841	3600		260.57		         0		-999.00
-999	1497020441	3600		260.57		         0		-999.00
-999	1497024041	3600		260.57		         0		-999.00
-999	1497027641	3600		260.57		         0		-999.00
-999	1497031241	3600		260.57		         0		-999.00
-999	1497034841	3600		260.57		         0		-999.00
-999	1497038441	3600		260.57		         0		-999.00
-999	1497042041	3600		260.83		         0		-999.00
-999	1497045641	3600		260.83		         0		-999.00
-999	1497049241	3600		260.83		         0		-999.00
-999	1497052841	3600		260.83		         0		-999.00
-999	1497056441	3600		260.56		         0		-999.00
-999	1497060041	3600		260.56		         0		-999.00
-999	1497063641	3600		260.56		         0		-999.00
-999	1497067241	3600		260.81		         0		-999.00
-999	1497070841	3600		260.81		         0		-999.00
-999	1497074441	3600		260.81		         0		-999.00
-999	1497078041	3600		260.81		         0		-999.00
-999	1497081641	3600		260.56		         0		-999.00
-999	1497085241	3600		260.56		         0		-999.00
-999	1497088841	3600		260.56		         0		-999.00
-999	1497092441	3600		260.81		         0		-999.00
-999	1497096041	3600		260.81		         0		-999.00
-999	1497099641	3600		260.81		         0		-999.00
-999	1497103241	3600		260.56		         0		-999.00
-999	1497106841	3600		260.56		         0		-999.00
-999	1497110441	3600		260.56		         0		-999.00
-999	1497114041	3600		260.56		         0		-999.00
-999	1497117641	3600		260.56		         0		-999.00
-999	1497121241	3600		260.81		         0		-999.00
-999	1497124841	3600		260.81		         0		-999.00
-999	1497128441	3600		260.56		         0		-999.00
-999	1497132041	3600		260.56		         0		-999.00
-999	1497135641	3600		260.56		         0		-999.00
-999	1497139241	3600		260.56		         0		-999.00
-999	1497142841	3600		260.56		         0		-999.00
-999	1497146441	3600		260.56		         0		-999.00
-999	1497150041	3600		260.81		         0		-999.00
-999	1497153641	3600		260.81		         0		-999.00
-999	1497157241	3600		260.81		         0		-999.00
-999	1497160841	3600		260.81		         0		-999.00
-999	1497164441	3600		260.81		         0		-999.00
-999	1497168041	3600		260.56		         0		-999.00
-999	1497171641	3600		260.56		         0		-999.00
-999	1497175241	3600		260.56		         0		-999.00
-999	1497178841	3600		260.56		         0		-999.00
-999	1497182441	3600		260.81		         0		-999.00
-999	1497186041	3600		260.81		         0		-999.00
-999	1497189641	3600		260.56		         0		-999.00
-999	1497193241	3600		260.56		         0		-999.00
-999	1497196841	3600		260.56		         0		-999.00
-999	1497200441	3600		260.56		         0		-999.00
-999	1497204041	3600		260.56		         0		-999.00
-999	1497207641	3600		260.81		         0		-999.00
-999	1497211241	3600		260.81		         0		-999.00
-999	1497214841	3600		260.56		         0		-999.00
-999	1497218441	3600		260.56		         0		-999.00
-999	1497222041	3600		260.56		         0		-999.00
-999	1497225641	3600		260.56		         0		-999.00
-999	1497229241	3600		260.81		         0		-999.00
-999	1497232841	3600		260.81		         0		-999.00
-999	1497236441	3600		260.81		         0		-999.00
-999	1497240041	3600		260.56		         0		-999.00
-999	1497243641	3600		260.56		         0		-999.00
-999	1497247241	3600		265.22		         0		-999.00
-999	1497250841	3600		265.22		         0		-999.00
-999	1497253145	2304		263.22		         0		-999.00
5822	1497254345	1200		263.23		    363912		 12.00
5822	1497257945	3600		260.22		    380924		  7.50
5822	1497261545	3600		260.22		    377892		  7.50
5822	1497261701	156		260.22		    487406		  7.50
-999	1497262901	1200		258.81		         0		-999.00
-999	1497266501	3600		262.06		         0		-999.00
-999	1497270101	3600		262.08		         0		-999.00
-999	1497273701	3600		262.08		         0		-999.00
-999	1497277301	3600		262.08		         0		-999.00
-999	1497280754	3453		262.08		         0		-999.00
5824	1497281954	1200		267.34		  66927819		 21.50
5824	1497285554	3600		267.20		  62350384		 21.50
5824	1497289154	3600		262.34		  60427820		  8.50
5824	1497292754	3600		262.34		  56793243		  7.50
5824	1497293422	668		262.34		  38529264		  7.50
-999	1497294622	1200		262.08		         0		-999.00
-999	1497298222	3600		262.08		         0		-999.00
-999	1497301822	3600		262.08		         0		-999.00
-999	1497303789	1967		262.08		         0		-999.00
5825	1497304989	1200		268.71		 101980907		 19.00
5825	1497305984	995		268.93		 109483562		 29.50
-999	1497307184	1200		265.39		         0		-999.00
-999	1497310784	3600		262.13		         0		-999.00
-999	1497314384	3600		262.13		         0		-999.00
-999	1497317984	3600		262.13		         0		-999.00
-999	1497321584	3600		262.13		         0		-999.00
-999	1497325184	3600		262.13		         0		-999.00
-999	1497328784	3600		265.13		         0		-999.00
-999	1497332384	3600		265.13		         0		-999.00
-999	1497335984	3600		265.13		         0		-999.00
-999	1497339584	3600		265.13		         0		-999.00
-999	1497343184	3600		265.13		         0		-999.00
-999	1497346784	3600		265.13		         0		-999.00
-999	1497350384	3600		265.13		         0		-999.00
-999	1497353984	3600		265.13		         0		-999.00
-999	1497357584	3600		265.13		         0		-999.00
-999	1497361184	3600		265.13		         0		-999.00
-999	1497364784	3600		265.13		         0		-999.00
-999	1497368384	3600		265.13		         0		-999.00
-999	1497371984	3600		265.13		         0		-999.00
-999	1497375584	3600		265.13		         0		-999.00
-999	1497379184	3600		265.13		         0		-999.00
-999	1497382784	3600		265.13		         0		-999.00
-999	1497386384	3600		265.13		         0		-999.00
-999	1497389984	3600		265.13		         0		-999.00
-999	1497393584	3600		262.13		         0		-999.00
-999	1497397184	3600		262.13		         0		-999.00
-999	1497400784	3600		262.13		         0		-999.00
-999	1497404384	3600		262.13		         0		-999.00
-999	1497407984	3600		262.13		         0		-999.00
-999	1497411584	3600		262.13		         0		-999.00
-999	1497414618	3034		262.13		         0		-999.00
5830	1497415818	1200		268.58		  94779055		 29.00
5830	1497419418	3600		268.66		  97260128		 29.00
5830	1497423018	3600		268.38		  87957937		 29.00
5830	1497426618	3600		268.06		  78504436		 27.50
5830	1497430218	3600		268.13		  80790266		 27.50
5830	1497433818	3600		267.54		  69899907		 26.00
5830	1497437418	3600		267.57		  72547468		 26.00
5830	1497441018	3600		267.56		  63402871		 26.50
5830	1497443221	2203		267.40		  67775262		 26.50
-999	1497444421	1200		265.10		         0		-999.00
-999	1497448021	3600		265.10		         0		-999.00
-999	1497451621	3600		265.10		         0		-999.00
-999	1497455221	3600		262.10		         0		-999.00
-999	1497458821	3600		262.10		         0		-999.00
-999	1497462421	3600		262.10		         0		-999.00
-999	1497463485	1064		262.10		         0		-999.00
5833	1497464685	1200		267.79		  87224776		 29.50
5833	1497468285	3600		268.49		  92817764		 29.50
5833	1497471885	3600		268.00		  86732911		 29.50
5833	1497475485	3600		268.08		  80956654		 29.50
5833	1497477032	1547		268.02		  78253350		 29.50
-999	1497478232	1200		265.40		         0		-999.00
-999	1497481832	3600		265.40		         0		-999.00
-999	1497485432	3600		265.40		         0		-999.00
-999	1497489032	3600		262.14		         0		-999.00
-999	1497492632	3600		262.14		         0		-999.00
-999	1497493278	646		262.14		         0		-999.00
5834	1497494478	1200		268.26		  86231335		 33.00
5834	1497498078	3600		268.47		  92035872		 33.00
5834	1497501678	3600		268.25		  84702221		 33.00
5834	1497505278	3600		268.06		  79152470		 30.50
5834	1497508878	3600		267.89		  74469992		 30.50
5834	1497512478	3600		267.77		  69618346		 30.50
5834	1497516078	3600		267.41		  65513488		 30.50
5834	1497519678	3600		261.92		  60092210		  9.00
5834	1497522631	2953		261.92		  55898709		  9.00
-999	1497523831	1200		262.22		         0		-999.00
-999	1497527431	3600		262.22		         0		-999.00
-999	1497531031	3600		262.22		         0		-999.00
-999	1497534631	3600		262.22		         0		-999.00
-999	1497538231	3600		262.22		         0		-999.00
-999	1497541831	3600		262.22		         0		-999.00
-999	1497545431	3600		261.96		         0		-999.00
-999	1497549031	3600		261.99		         0		-999.00
-999	1497552631	3600		261.99		         0		-999.00
-999	1497556231	3600		262.01		         0		-999.00
-999	1497559831	3600		262.04		         0		-999.00
-999	1497559954	123		262.04		         0		-999.00
5837	1497561154	1200		269.11		 106905210		 40.00
5837	1497564754	3600		269.09		 113958188		 39.50
5837	1497568354	3600		269.01		 104582519		 37.00
5837	1497571954	3600		268.44		  96572622		 37.00
5837	1497575554	3600		268.49		  89753413		 37.00
5837	1497579154	3600		268.36		  84626363		 37.00
5837	1497582754	3600		268.16		  79899660		 37.00
5837	1497586354	3600		268.00		  74365487		 37.00
5837	1497589954	3600		267.58		  68903890		 28.00
5837	1497593554	3600		267.37		  62448441		 36.00
5837	1497597154	3600		267.35		  61541180		 36.50
5837	1497600754	3600		267.56		  61732364		 36.50
5837	1497601904	1150		267.52		  60421201		 36.50
-999	1497603104	1200		265.19		         0		-999.00
-999	1497606704	3600		261.94		         0		-999.00
-999	1497610304	3600		262.23		         0		-999.00
-999	1497610461	157		262.23		         0		-999.00
5838	1497611661	1200		269.54		 118386197		 45.00
5838	1497615261	3600		268.94		 108063275		 45.00
5838	1497618861	3600		268.53		  99870371		 42.00
5838	1497621644	2783		268.47		  99117494		 42.00
-999	1497622844	1200		264.99		         0		-999.00
-999	1497626444	3600		264.99		         0		-999.00
-999	1497630044	3600		261.99		         0		-999.00
-999	1497633644	3600		262.23		         0		-999.00
-999	1497634110	466		262.23		         0		-999.00
5839	1497635310	1200		269.35		 109052204		 48.50
5839	1497638910	3600		268.88		 115973840		 45.00
5839	1497642510	3600		269.16		 108398934		 47.50
5839	1497646110	3600		268.98		 102424795		 47.50
5839	1497649710	3600		268.65		  92350179		 46.50
5839	1497653310	3600		268.63		  91823015		 46.50
5839	1497656910	3600		268.41		  84650905		 46.50
5839	1497657191	281		268.37		  83309580		 46.50
-999	1497658391	1200		265.34		         0		-999.00
-999	1497661991	3600		262.08		         0		-999.00
-999	1497665591	3600		262.08		         0		-999.00
-999	1497668386	2795		262.08		         0		-999.00
5840	1497669586	1200		269.12		 109068836		 51.50
5840	1497673186	3600		269.29		 116643317		 51.50
5840	1497676786	3600		269.00		 107005882		 51.50
5840	1497680386	3600		268.64		  94229389		 51.00
5840	1497683986	3600		268.76		  98022990		 51.00
5840	1497687586	3600		268.55		  91221427		 51.00
5840	1497691186	3600		268.20		  81627095		 50.00
5840	1497694363	3177		268.13		  79289342		 49.50
-999	1497695563	1200		261.93		         0		-999.00
-999	1497699163	3600		261.93		         0		-999.00
-999	1497702763	3600		262.21		         0		-999.00
-999	1497706363	3600		261.93		         0		-999.00
-999	1497709963	3600		262.25		         0		-999.00
-999	1497713563	3600		262.25		         0		-999.00
-999	1497717163	3600		262.25		         0		-999.00
-999	1497720055	2892		262.25		         0		-999.00
5842	1497721255	1200		269.62		 137726261		 58.00
5842	1497724855	3600		270.53		 147746593		 61.50
5842	1497728455	3600		270.21		 137246054		 61.50
5842	1497732055	3600		269.95		 129113174		 60.00
5842	1497735655	3600		269.69		 120194151		 60.00
5842	1497739255	3600		269.43		 111995613		 59.50
5842	1497742855	3600		269.33		 108772264		 59.50
5842	1497746455	3600		269.17		 103335893		 59.50
5842	1497750055	3600		268.57		  94622324		 59.50
5842	1497753655	3600		268.54		  93506153		 59.50
5842	1497756016	2361		268.44		  90281716		 59.50
-999	1497757216	1200		265.22		         0		-999.00
-999	1497760816	3600		265.22		         0		-999.00
-999	1497764416	3600		265.22		         0		-999.00
-999	1497768016	3600		265.22		         0		-999.00
-999	1497771616	3600		265.22		         0		-999.00
-999	1497775216	3600		262.22		         0		-999.00
-999	1497778816	3600		262.22		         0		-999.00
-999	1497782416	3600		262.22		         0		-999.00
-999	1497782419	3		262.22		         0		-999.00
5845	1497783619	1200		270.92		 157039566		 70.00
5845	1497787219	3600		271.06		 161786873		 72.50
5845	1497790819	3600		270.71		 151966437		 70.50
5845	1497792233	1414		270.55		 146442371		 70.50
-999	1497793433	1200		265.02		         0		-999.00
-999	1497797033	3600		265.02		         0		-999.00
-999	1497800633	3600		265.23		         0		-999.00
-999	1497804233	3600		262.41		         0		-999.00
-999	1497807833	3600		262.16		         0		-999.00
-999	1497811433	3600		262.16		         0		-999.00
-999	1497815033	3600		265.16		         0		-999.00
-999	1497818633	3600		265.16		         0		-999.00
-999	1497822233	3600		265.16		         0		-999.00
-999	1497825833	3600		265.16		         0		-999.00
-999	1497829433	3600		265.16		         0		-999.00
-999	1497833033	3600		265.16		         0		-999.00
-999	1497836633	3600		265.16		         0		-999.00
-999	1497840233	3600		265.16		         0		-999.00
-999	1497843833	3600		265.16		         0		-999.00
-999	1497847433	3600		265.16		         0		-999.00
-999	1497851033	3600		265.16		         0		-999.00
-999	1497854633	3600		265.16		         0		-999.00
-999	1497858233	3600		265.16		         0		-999.00
-999	1497861833	3600		265.16		         0		-999.00
-999	1497865433	3600		265.16		         0		-999.00
-999	1497869033	3600		265.16		         0		-999.00
-999	1497872633	3600		262.16		         0		-999.00
-999	1497876233	3600		262.17		         0		-999.00
-999	1497879833	3600		262.19		         0		-999.00
-999	1497883433	3600		262.19		         0		-999.00
-999	1497887033	3600		262.19		         0		-999.00
-999	1497887623	590		262.19		         0		-999.00
5848	1497888823	1200		270.16		 158566086		 67.50
5848	1497892423	3600		271.14		 165657364		 72.50
5848	1497896023	3600		270.77		 150651787		 72.50
5848	1497899623	3600		270.58		 143600687		 72.50
5848	1497903223	3600		270.19		 137787913		 70.50
5848	1497906823	3600		269.92		 128820209		 73.00
5848	1497910423	3600		269.66		 120054342		 70.50
5848	1497914023	3600		269.50		 114806616		 70.50
5848	1497917623	3600		269.30		 108288704		 70.50
5848	1497921223	3600		268.99		  99025279		 68.50
5848	1497924823	3600		268.93		  96916255		 68.50
5848	1497928423	3600		268.79		  92313060		 68.50
5848	1497932023	3600		268.65		  87661084		 68.50
5848	1497935623	3600		268.26		  82811765		 68.00
5848	1497939223	3600		268.12		  78224709		 67.50
5848	1497942823	3600		262.27		  71705942		  9.00
5848	1497945795	2972		262.27		  67774444		  9.00
-999	1497946995	1200		262.27		         0		-999.00
-999	1497950595	3600		262.27		         0		-999.00
-999	1497954195	3600		262.27		         0		-999.00
-999	1497957795	3600		262.27		         0		-999.00
-999	1497958101	306		262.27		         0		-999.00
5849	1497959301	1200		271.68		 175203228		 91.50
5849	1497962901	3600		272.04		 186919002		 90.50
5849	1497966501	3600		271.65		 174020747		 89.50
5849	1497970101	3600		271.43		 166595385		 90.00
5849	1497973701	3600		271.08		 154974024		 88.00
5849	1497977301	3600		270.81		 145833364		 88.00
5849	1497980901	3600		270.62		 139632846		 88.00
5849	1497984501	3600		270.10		 130963496		 88.00
5849	1497988101	3600		269.52		 122167212		 79.50
5849	1497991701	3600		269.58		 115375769		 84.00
5849	1497995301	3600		269.46		 111373022		 84.00
5849	1497998901	3600		269.24		 104280694		 84.00
5849	1498002501	3600		269.07		  98365401		 84.00
5849	1498006101	3600		268.92		  93522477		 84.00
5849	1498009701	3600		268.75		  87736662		 81.50
5849	1498013301	3600		268.63		  83859944		 81.50
5849	1498016901	3600		268.48		  78998383		 81.50
5849	1498020501	3600		268.13		  75546826		 81.50
5849	1498024101	3600		267.47		  71386249		 75.00
5849	1498027701	3600		267.37		  68355637		 75.00
5849	1498031301	3600		267.56		  65549820		 80.00
5849	1498034901	3600		262.30		  59649534		  9.00
5849	1498037462	2561		262.30		  59675857		  9.00
-999	1498038662	1200		262.30		         0		-999.00
-999	1498042262	3600		262.30		         0		-999.00
-999	1498045862	3600		262.28		         0		-999.00
-999	1498049462	3600		262.28		         0		-999.00
-999	1498053062	3600		262.00		         0		-999.00
-999	1498056662	3600		262.27		         0		-999.00
-999	1498060262	3600		262.27		         0		-999.00
-999	1498063862	3600		262.27		         0		-999.00
-999	1498067462	3600		262.27		         0		-999.00
-999	1498071062	3600		262.27		         0		-999.00
-999	1498074662	3600		262.28		         0		-999.00
-999	1498078262	3600		262.28		         0		-999.00
-999	1498081862	3600		262.28		         0		-999.00
-999	1498084000	2138		262.28		         0		-999.00
5856	1498085200	1200		272.01		 220925368		 99.00
5856	1498088800	3600		271.92		 210588734		100.00
5856	1498092400	3600		272.53		 201748348		111.00
5856	1498096000	3600		272.14		 188619451		113.00
5856	1498099600	3600		271.81		 177691483		113.00
5856	1498103200	3600		271.51		 167694653		110.50
5856	1498106800	3600		271.24		 158706936		110.50
5856	1498110400	3600		270.63		 151229792		109.50
5856	1498114000	3600		269.75		 141694315		 95.50
5856	1498117600	3600		270.34		 135097192		109.00
5856	1498121200	3600		270.14		 128569984		109.00
5856	1498124800	3600		269.95		 122085951		109.00
5856	1498128400	3600		262.11		 111573144		  9.50
5856	1498129704	1304		262.11		 110609971		  9.50
-999	1498130904	1200		262.11		         0		-999.00
-999	1498134504	3600		262.11		         0		-999.00
-999	1498138104	3600		262.11		         0		-999.00
-999	1498141704	3600		262.11		         0		-999.00
-999	1498145304	3600		262.11		         0		-999.00
-999	1498148904	3600		262.11		         0		-999.00
-999	1498152504	3600		262.11		         0		-999.00
-999	1498156104	3600		262.12		         0		-999.00
-999	1498159704	3600		262.13		         0		-999.00
-999	1498163304	3600		262.41		         0		-999.00
-999	1498166904	3600		262.45		         0		-999.00
-999	1498170504	3600		262.19		         0		-999.00
-999	1498174104	3600		262.19		         0		-999.00
-999	1498177704	3600		262.20		         0		-999.00
-999	1498180974	3270		262.22		         0		-999.00
5862	1498182174	1200		272.63		 196899898		125.00
5862	1498184488	2314		273.02		 210052181		125.00
-999	1498185688	1200		265.17		         0		-999.00
-999	1498189288	3600		265.17		         0		-999.00
-999	1498192888	3600		265.17		         0		-999.00
-999	1498196488	3600		265.17		         0		-999.00
-999	1498200088	3600		265.17		         0		-999.00
-999	1498203688	3600		265.17		         0		-999.00
-999	1498207288	3600		262.17		         0		-999.00
-999	1498210888	3600		262.14		         0		-999.00
-999	1498214488	3600		262.17		         0		-999.00
-999	1498217656	3168		262.44		         0		-999.00
5864	1498218856	1200		271.62		 170322682		121.00
5864	1498222456	3600		271.96		 181420789		120.00
5864	1498226056	3600		271.68		 172042875		120.00
5864	1498229656	3600		271.33		 160498331		117.00
5864	1498233256	3600		271.17		 155116530		117.00
5864	1498236856	3600		270.87		 145081337		117.00
5864	1498239467	2611		269.80		 138441286		114.50
-999	1498240667	1200		265.13		         0		-999.00
-999	1498244267	3600		262.12		         0		-999.00
-999	1498247867	3600		262.12		         0		-999.00
-999	1498251467	3600		262.12		         0		-999.00
-999	1498255067	3600		262.12		         0		-999.00
-999	1498257676	2609		262.39		         0		-999.00
5865	1498258876	1200		273.21		 215379492		129.50
5865	1498262476	3600		272.43		 195765013		130.00
5865	1498266076	3600		272.00		 188915289		127.50
5865	1498269676	3600		270.64		 179133841		110.00
5865	1498273276	3600		271.42		 168778706		128.00
5865	1498276876	3600		271.15		 162527352		129.00
5865	1498280476	3600		270.87		 151956911		127.50
5865	1498284076	3600		270.73		 146904433		124.50
5865	1498287676	3600		270.23		 137989117		124.50
5865	1498291276	3600		270.11		 130762030		124.50
5865	1498292546	1270		269.95		 125393057		124.50
-999	1498293746	1200		265.16		         0		-999.00
-999	1498297346	3600		265.16		         0		-999.00
-999	1498300946	3600		265.16		         0		-999.00
-999	1498304546	3600		265.41		         0		-999.00
-999	1498308146	3600		265.41		         0		-999.00
-999	1498311746	3600		262.16		         0		-999.00
-999	1498315346	3600		262.16		         0		-999.00
-999	1498318946	3600		262.16		         0		-999.00
-999	1498322546	3600		262.16		         0		-999.00
-999	1498325902	3356		262.19		         0		-999.00
5868	1498327102	1200		273.09		 204316440		146.50
5868	1498330702	3600		272.57		 227596427		126.00
5868	1498332556	1854		273.24		 220048209		145.00
-999	1498333756	1200		265.32		         0		-999.00
-999	1498337356	3600		262.32		         0		-999.00
-999	1498340956	3600		262.32		         0		-999.00
-999	1498344482	3526		262.32		         0		-999.00
-999	1498346315	1200		265.27		         0		-999.00
-999	1498349915	3600		262.27		         0		-999.00
-999	1498353515	3600		262.27		         0		-999.00
-999	1498357115	3600		262.28		         0		-999.00
-999	1498360715	3600		262.28		         0		-999.00
-999	1498361735	1020		262.28		         0		-999.00
5872	1498362935	1200		272.49		 200659747		143.50
5872	1498366535	3600		272.81		 208932152		145.00
5872	1498370135	3600		272.43		 196215003		142.50
5872	1498373735	3600		272.00		 185895991		141.50
5872	1498377335	3600		271.69		 175506031		141.50
5872	1498380935	3600		271.39		 165512998		140.00
5872	1498384535	3600		271.08		 155690005		139.00
5872	1498388135	3600		270.91		 149918400		139.00
5872	1498391735	3600		270.63		 140609633		139.00
5872	1498395335	3600		270.42		 133813723		136.50
5872	1498398935	3600		270.16		 128638733		136.00
5872	1498402535	3600		269.53		 116913798		135.50
5872	1498406135	3600		269.49		 115527309		135.50
5872	1498409735	3600		269.28		 108622901		135.50
5872	1498413335	3600		269.11		 103793097		134.00
5872	1498416935	3600		268.96		  98657398		134.00
5872	1498420535	3600		268.67		  90232027		129.50
5872	1498421031	496		268.88		  97296001		132.00
-999	1498422231	1200		262.15		         0		-999.00
-999	1498425831	3600		262.43		         0		-999.00
-999	1498428991	3160		262.43		         0		-999.00
5873	1498430191	1200		273.03		 208151572		166.50
5873	1498433791	3600		272.00		 222341143		135.50
5873	1498437391	3600		272.82		 204514063		159.50
5873	1498440991	3600		272.42		 191047032		160.00
5873	1498444591	3600		272.07		 179447099		158.50
5873	1498448191	3600		271.83		 171626317		156.00
5873	1498451791	3600		271.30		 162306064		158.00
5873	1498455391	3600		271.02		 154563339		155.50
5873	1498458991	3600		270.51		 145323909		154.50
5873	1498462591	3600		270.31		 138553835		154.50
5873	1498466191	3600		270.07		 130608839		152.00
5873	1498466372	181		269.07		  97287134		152.00
-999	1498467572	1200		265.30		         0		-999.00
-999	1498471172	3600		262.30		         0		-999.00
-999	1498474772	3600		262.30		         0		-999.00
-999	1498478372	3600		262.30		         0		-999.00
-999	1498481972	3600		262.30		         0		-999.00
-999	1498485572	3600		262.30		         0		-999.00
-999	1498489172	3600		262.05		         0		-999.00
-999	1498492772	3600		262.34		         0		-999.00
-999	1498496372	3600		262.34		         0		-999.00
-999	1498499972	3600		262.07		         0		-999.00
-999	1498503572	3600		262.07		         0		-999.00
-999	1498507172	3600		262.07		         0		-999.00
-999	1498510772	3600		262.07		         0		-999.00
-999	1498511969	1197		262.42		         0		-999.00
5876	1498513169	1200		273.25		 207925098		171.50
5876	1498516769	3600		273.33		 219589873		170.00
5876	1498520369	3600		272.92		 205773384		170.00
5876	1498523969	3600		272.20		 191109127		166.50
5876	1498527569	3600		270.60		 182581085		139.50
5876	1498531169	3600		270.28		 171713715		144.50
5876	1498534769	3600		269.91		 159433051		138.50
5876	1498538369	3600		270.83		 152513981		163.00
5876	1498541969	3600		270.54		 142845519		160.50
5876	1498545569	3600		270.27		 134248936		160.00
5876	1498549169	3600		270.08		 127961717		160.00
5876	1498550756	1587		270.02		 125985804		160.00
-999	1498551956	1200		265.13		         0		-999.00
-999	1498555556	3600		265.13		         0		-999.00
-999	1498559156	3600		265.13		         0		-999.00
-999	1498562756	3600		262.13		         0		-999.00
-999	1498566356	3600		262.23		         0		-999.00
-999	1498568313	1957		262.33		         0		-999.00
5878	1498569513	1200		273.27		 221737722		181.50
5878	1498573113	3600		272.38		 196299636		180.00
5878	1498576713	3600		272.35		 195094478		177.50
5878	1498580313	3600		271.98		 186053346		174.00
5878	1498583913	3600		271.63		 174457608		175.50
5878	1498587513	3600		271.43		 167765117		175.50
5878	1498591113	3600		271.15		 157669977		172.50
5878	1498594713	3600		270.85		 147792215		172.50
5878	1498598313	3600		270.65		 141025595		172.50
5878	1498601913	3600		270.33		 135630126		170.50
5878	1498605513	3600		270.11		 128266149		170.50
5878	1498609113	3600		269.69		 120523320		171.00
5878	1498612713	3600		269.52		 115027551		166.00
5878	1498614006	1293		269.34		 109160736		166.00
-999	1498615206	1200		265.25		         0		-999.00
-999	1498618806	3600		265.25		         0		-999.00
-999	1498622406	3600		262.25		         0		-999.00
-999	1498626006	3600		262.25		         0		-999.00
-999	1498629606	3600		262.25		         0		-999.00
-999	1498633206	3600		262.26		         0		-999.00
-999	1498636806	3600		262.26		         0		-999.00
-999	1498637307	501		262.26		         0		-999.00
5880	1498638507	1200		272.95		 208430141		196.50
5880	1498642107	3600		273.25		 218200650		194.00
5880	1498644055	1948		272.94		 208054585		192.00
-999	1498645255	1200		265.23		         0		-999.00
-999	1498648855	3600		265.22		         0		-999.00
-999	1498652455	3600		265.22		         0		-999.00
-999	1498656055	3600		262.49		         0		-999.00
-999	1498659655	3600		262.23		         0		-999.00
-999	1498663255	3600		262.23		         0		-999.00
-999	1498663676	421		262.23		         0		-999.00
5882	1498664876	1200		273.55		 216294296		198.00
5882	1498668476	3600		273.67		 229096789		200.50
5882	1498672076	3600		273.31		 217301907		200.50
5882	1498675676	3600		272.85		 207873565		199.00
5882	1498679276	3600		272.04		 187395344		195.50
5882	1498682876	3600		270.59		 142743367		190.50
5882	1498686476	3600		271.03		 149788647		194.50
5882	1498690076	3600		270.78		 163221674		185.50
5882	1498693676	3600		271.07		 155976760		187.50
5882	1498697276	3600		270.87		 149324565		189.50
5882	1498699786	2510		270.67		 142507597		186.50
-999	1498700986	1200		265.19		         0		-999.00
-999	1498704586	3600		262.19		         0		-999.00
-999	1498708186	3600		262.19		         0		-999.00
-999	1498709119	933		262.50		         0		-999.00
5883	1498710319	1200		272.65		 189408575		210.50
5883	1498713919	3600		273.73		 224625303		213.00
5883	1498717519	3600		273.41		 214091280		209.00
5883	1498721119	3600		272.90		 203867084		207.00
5883	1498724719	3600		272.46		 189197795		207.00
5883	1498728319	3600		272.28		 183240492		204.50
5883	1498729901	1582		270.50		 174669667		169.00
-999	1498731101	1200		265.51		         0		-999.00
-999	1498734701	3600		262.00		         0		-999.00
-999	1498738301	3600		262.26		         0		-999.00
-999	1498741901	3600		262.26		         0		-999.00
-999	1498744140	2239		262.28		         0		-999.00
-999	1498746389	1200		265.30		         0		-999.00
-999	1498749989	3600		265.30		         0		-999.00
-999	1498753589	3600		265.30		         0		-999.00
-999	1498757189	3600		262.05		         0		-999.00
-999	1498760789	3600		262.34		         0		-999.00
-999	1498760946	157		262.34		         0		-999.00
5887	1498762146	1200		273.52		 219765041		219.50
5887	1498765746	3600		273.81		 229214165		218.00
5887	1498769346	3600		271.82		 219071357		177.50
5887	1498772946	3600		273.03		 208185541		211.50
5887	1498775337	2391		272.69		 196766534		213.50
-999	1498776537	1200		265.12		         0		-999.00
-999	1498780137	3600		265.12		         0		-999.00
-999	1498783737	3600		265.12		         0		-999.00
-999	1498787337	3600		260.64		         0		-999.00
-999	1498790937	3600		260.64		         0		-999.00
-999	1498794537	3600		260.39		         0		-999.00
-999	1498798137	3600		260.39		         0		-999.00
-999	1498801737	3600		260.61		         0		-999.00
-999	1498805337	3600		260.61		         0		-999.00
-999	1498808937	3600		260.86		         0		-999.00
-999	1498812537	3600		260.86		         0		-999.00
-999	1498816137	3600		260.86		         0		-999.00
-999	1498819737	3600		260.86		         0		-999.00
-999	1498823337	3600		260.86		         0		-999.00
-999	1498826937	3600		260.86		         0		-999.00
-999	1498830537	3600		260.60		         0		-999.00
-999	1498834137	3600		260.60		         0		-999.00
-999	1498837737	3600		260.85		         0		-999.00
-999	1498841337	3600		260.85		         0		-999.00
-999	1498844937	3600		260.85		         0		-999.00
-999	1498848537	3600		260.85		         0		-999.00
-999	1498852137	3600		260.85		         0		-999.00
-999	1498855737	3600		260.85		         0		-999.00
-999	1498859337	3600		260.85		         0		-999.00
-999	1498862937	3600		260.85		         0		-999.00
-999	1498866537	3600		260.85		         0		-999.00
-999	1498870137	3600		260.85		         0		-999.00
-999	1498873737	3600		260.85		         0		-999.00
-999	1498877337	3600		260.85		         0		-999.00
-999	1498880937	3600		260.83		         0		-999.00
-999	1498884537	3600		260.83		         0		-999.00
-999	1498888137	3600		260.83		         0		-999.00
-999	1498891737	3600		260.83		         0		-999.00
-999	1498895337	3600		260.83		         0		-999.00
-999	1498898937	3600		260.83		         0		-999.00
-999	1498902537	3600		260.83		         0		-999.00
-999	1498906137	3600		260.83		         0		-999.00
-999	1498909737	3600		260.83		         0		-999.00
-999	1498913337	3600		260.83		         0		-999.00
-999	1498916937	3600		260.83		         0		-999.00
-999	1498920537	3600		260.83		         0		-999.00
-999	1498924137	3600		260.83		         0		-999.00
-999	1498927737	3600		260.83		         0		-999.00
-999	1498931337	3600		260.83		         0		-999.00
-999	1498934937	3600		260.83		         0		-999.00
-999	1498938537	3600		260.83		         0		-999.00
-999	1498942137	3600		260.57		         0		-999.00
-999	1498945737	3600		260.57		         0		-999.00
-999	1498949337	3600		260.83		         0		-999.00
-999	1498952937	3600		260.83		         0		-999.00
-999	1498956537	3600		260.83		         0		-999.00
-999	1498960137	3600		260.83		         0		-999.00
-999	1498963737	3600		260.83		         0		-999.00
-999	1498967337	3600		260.83		         0		-999.00
-999	1498970937	3600		260.83		         0		-999.00
-999	1498974537	3600		260.83		         0		-999.00
-999	1498978137	3600		260.83		         0		-999.00
-999	1498981737	3600		260.57		         0		-999.00
-999	1498985337	3600		260.83		         0		-999.00
-999	1498988937	3600		260.83		         0		-999.00
-999	1498992537	3600		260.83		         0		-999.00
-999	1498996137	3600		260.83		         0		-999.00
-999	1498999737	3600		260.83		         0		-999.00
-999	1499003337	3600		260.83		         0		-999.00
-999	1499006937	3600		260.83		         0		-999.00
-999	1499010537	3600		260.84		         0		-999.00
-999	1499014137	3600		260.84		         0		-999.00
-999	1499017737	3600		260.84		         0		-999.00
-999	1499021337	3600		260.84		         0		-999.00
-999	1499024937	3600		260.84		         0		-999.00
-999	1499028537	3600		260.84		         0		-999.00
-999	1499032137	3600		260.84		         0		-999.00
-999	1499035737	3600		260.84		         0		-999.00
-999	1499039337	3600		260.56		         0		-999.00
-999	1499042937	3600		260.56		         0		-999.00
-999	1499046537	3600		260.83		         0		-999.00
-999	1499050137	3600		260.83		         0		-999.00
-999	1499053737	3600		261.08		         0		-999.00
-999	1499057337	3600		265.25		         0		-999.00
-999	1499060937	3600		265.25		         0		-999.00
-999	1499064537	3600		265.17		         0		-999.00
-999	1499068137	3600		265.46		         0		-999.00
-999	1499071737	3600		265.46		         0		-999.00
-999	1499075337	3600		265.46		         0		-999.00
-999	1499078937	3600		265.72		         0		-999.00
-999	1499082537	3600		265.72		         0		-999.00
-999	1499086137	3600		265.72		         0		-999.00
-999	1499089737	3600		265.72		         0		-999.00
-999	1499093337	3600		265.21		         0		-999.00
-999	1499096937	3600		265.21		         0		-999.00
-999	1499100537	3600		265.21		         0		-999.00
-999	1499104137	3600		265.21		         0		-999.00
-999	1499107737	3600		265.21		         0		-999.00
-999	1499111337	3600		265.21		         0		-999.00
-999	1499114937	3600		265.21		         0		-999.00
-999	1499118537	3600		265.21		         0		-999.00
-999	1499122137	3600		265.21		         0		-999.00
-999	1499125737	3600		265.21		         0		-999.00
-999	1499129337	3600		265.21		         0		-999.00
-999	1499132937	3600		265.21		         0		-999.00
-999	1499136537	3600		265.21		         0		-999.00
-999	1499140137	3600		265.21		         0		-999.00
-999	1499143737	3600		263.66		         0		-999.00
-999	1499147337	3600		263.66		         0		-999.00
-999	1499150937	3600		263.66		         0		-999.00
-999	1499154537	3600		263.66		         0		-999.00
-999	1499158137	3600		263.66		         0		-999.00
-999	1499161737	3600		263.66		         0		-999.00
-999	1499165337	3600		263.66		         0		-999.00
-999	1499168937	3600		263.66		         0		-999.00
-999	1499172537	3600		263.66		         0		-999.00
-999	1499176137	3600		263.66		         0		-999.00
-999	1499179737	3600		263.66		         0		-999.00
-999	1499183337	3600		263.66		         0		-999.00
-999	1499186937	3600		263.66		         0		-999.00
-999	1499190537	3600		263.66		         0		-999.00
-999	1499194137	3600		263.66		         0		-999.00
-999	1499197737	3600		263.66		         0		-999.00
-999	1499201337	3600		263.67		         0		-999.00
-999	1499204937	3600		263.67		         0		-999.00
-999	1499208537	3600		263.67		         0		-999.00
-999	1499212137	3600		263.67		         0		-999.00
-999	1499215737	3600		263.67		         0		-999.00
-999	1499219337	3600		263.67		         0		-999.00
-999	1499222937	3600		263.67		         0		-999.00
-999	1499226537	3600		263.67		         0		-999.00
-999	1499230137	3600		263.67		         0		-999.00
-999	1499233737	3600		263.66		         0		-999.00
-999	1499237337	3600		263.91		         0		-999.00
-999	1499240937	3600		263.91		         0		-999.00
-999	1499244537	3600		263.91		         0		-999.00
-999	1499248137	3600		263.91		         0		-999.00
-999	1499251737	3600		263.91		         0		-999.00
-999	1499255337	3600		263.66		         0		-999.00
-999	1499258937	3600		263.66		         0		-999.00
-999	1499262537	3600		263.66		         0		-999.00
-999	1499266137	3600		263.66		         0		-999.00
-999	1499269737	3600		263.66		         0		-999.00
-999	1499273337	3600		263.66		         0		-999.00
-999	1499276937	3600		263.66		         0		-999.00
-999	1499280537	3600		263.66		         0		-999.00
-999	1499284137	3600		263.66		         0		-999.00
-999	1499287737	3600		263.66		         0		-999.00
-999	1499291337	3600		263.66		         0		-999.00
-999	1499294937	3600		263.66		         0		-999.00
-999	1499298537	3600		263.66		         0		-999.00
-999	1499302137	3600		263.66		         0		-999.00
-999	1499305737	3600		263.66		         0		-999.00
-999	1499309337	3600		263.66		         0		-999.00
-999	1499312937	3600		263.66		         0		-999.00
-999	1499316537	3600		263.66		         0		-999.00
-999	1499320137	3600		263.66		         0		-999.00
-999	1499323737	3600		263.66		         0		-999.00
-999	1499327337	3600		263.66		         0		-999.00
-999	1499330937	3600		263.66		         0		-999.00
-999	1499334537	3600		263.66		         0		-999.00
-999	1499338137	3600		263.66		         0		-999.00
-999	1499341737	3600		263.66		         0		-999.00
-999	1499345337	3600		263.66		         0		-999.00
-999	1499348937	3600		263.66		         0		-999.00
-999	1499352537	3600		263.66		         0		-999.00
-999	1499356137	3600		263.66		         0		-999.00
-999	1499359737	3600		263.66		         0		-999.00
-999	1499363337	3600		263.66		         0		-999.00
-999	1499366937	3600		263.66		         0		-999.00
-999	1499370537	3600		263.66		         0		-999.00
-999	1499374137	3600		263.66		         0		-999.00
-999	1499377737	3600		263.66		         0		-999.00
-999	1499381337	3600		263.66		         0		-999.00
-999	1499384937	3600		263.66		         0		-999.00
-999	1499388537	3600		263.66		         0		-999.00
-999	1499392137	3600		263.66		         0		-999.00
-999	1499395737	3600		263.66		         0		-999.00
-999	1499399337	3600		263.66		         0		-999.00
-999	1499402937	3600		263.66		         0		-999.00
-999	1499406537	3600		263.66		         0		-999.00
-999	1499410137	3600		263.66		         0		-999.00
-999	1499413737	3600		263.66		         0		-999.00
-999	1499417337	3600		263.66		         0		-999.00
-999	1499420937	3600		260.66		         0		-999.00
-999	1499424537	3600		259.02		         0		-999.00
-999	1499428137	3600		259.26		         0		-999.00
-999	1499431737	3600		259.26		         0		-999.00
-999	1499435337	3600		259.26		         0		-999.00
-999	1499438937	3600		263.54		         0		-999.00
-999	1499442537	3600		263.54		         0		-999.00
-999	1499446137	3600		263.54		         0		-999.00
-999	1499449737	3600		258.88		         0		-999.00
-999	1499453337	3600		258.88		         0		-999.00
-999	1499456937	3600		258.88		         0		-999.00
-999	1499460537	3600		258.88		         0		-999.00
-999	1499464137	3600		258.88		         0		-999.00
-999	1499467737	3600		258.88		         0		-999.00
-999	1499471337	3600		258.88		         0		-999.00
-999	1499474937	3600		259.13		         0		-999.00
-999	1499478537	3600		258.88		         0		-999.00
-999	1499482137	3600		258.88		         0		-999.00
-999	1499485737	3600		258.88		         0		-999.00
-999	1499489337	3600		258.88		         0		-999.00
-999	1499492937	3600		258.88		         0		-999.00
-999	1499496537	3600		258.88		         0		-999.00
-999	1499500137	3600		258.88		         0		-999.00
-999	1499503737	3600		258.88		         0		-999.00
-999	1499507337	3600		258.88		         0		-999.00
-999	1499510937	3600		258.88		         0		-999.00
-999	1499514537	3600		258.88		         0		-999.00
-999	1499518137	3600		258.88		         0		-999.00
-999	1499521737	3600		258.88		         0		-999.00
-999	1499525337	3600		258.88		         0		-999.00
-999	1499528937	3600		258.88		         0		-999.00
-999	1499532537	3600		258.88		         0		-999.00
-999	1499536137	3600		258.88		         0		-999.00
-999	1499539737	3600		258.88		         0		-999.00
-999	1499543337	3600		258.87		         0		-999.00
-999	1499546937	3600		258.87		         0		-999.00
-999	1499550537	3600		258.87		         0		-999.00
-999	1499554137	3600		258.87		         0		-999.00
-999	1499557737	3600		258.87		         0		-999.00
-999	1499561337	3600		258.85		         0		-999.00
-999	1499564937	3600		258.85		         0		-999.00
-999	1499568537	3600		258.85		         0		-999.00
-999	1499572137	3600		258.85		         0		-999.00
-999	1499575737	3600		258.85		         0		-999.00
-999	1499579337	3600		259.11		         0		-999.00
-999	1499582937	3600		258.85		         0		-999.00
-999	1499586537	3600		258.85		         0		-999.00
-999	1499590137	3600		258.85		         0		-999.00
-999	1499593737	3600		258.85		         0		-999.00
-999	1499597337	3600		258.84		         0		-999.00
-999	1499600937	3600		258.84		         0		-999.00
-999	1499604537	3600		258.84		         0		-999.00
-999	1499608137	3600		258.84		         0		-999.00
-999	1499611737	3600		264.72		         0		-999.00
-999	1499615337	3600		260.85		         0		-999.00
-999	1499618937	3600		260.60		         0		-999.00
-999	1499619284	347		260.60		         0		-999.00
-999	1499621135	1200		263.60		         0		-999.00
-999	1499624735	3600		263.60		         0		-999.00
-999	1499628335	3600		263.60		         0		-999.00
-999	1499631935	3600		260.62		         0		-999.00
-999	1499635535	3600		258.88		         0		-999.00
-999	1499636520	985		258.88		         0		-999.00
5920	1499637720	1200		257.17		     18722		  7.00
5920	1499641320	3600		263.58		     17903		116.50
5920	1499644920	3600		258.87		     17545		  0.50
5920	1499647414	2494		258.87		     16730		  0.50
-999	1499648614	1200		258.87		         0		-999.00
-999	1499652214	3600		258.87		         0		-999.00
-999	1499655814	3600		258.87		         0		-999.00
-999	1499659414	3600		258.87		         0		-999.00
-999	1499663014	3600		258.87		         0		-999.00
-999	1499666614	3600		258.87		         0		-999.00
-999	1499670214	3600		258.89		         0		-999.00
-999	1499673814	3600		258.91		         0		-999.00
-999	1499677414	3600		258.78		         0		-999.00
-999	1499681014	3600		258.85		         0		-999.00
-999	1499684614	3600		259.02		         0		-999.00
-999	1499688214	3600		259.02		         0		-999.00
-999	1499691814	3600		259.00		         0		-999.00
-999	1499695414	3600		258.92		         0		-999.00
-999	1499699014	3600		258.87		         0		-999.00
-999	1499702614	3600		258.92		         0		-999.00
-999	1499706214	3600		258.96		         0		-999.00
-999	1499709814	3600		258.82		         0		-999.00
-999	1499713414	3600		258.90		         0		-999.00
-999	1499717014	3600		259.08		         0		-999.00
-999	1499720614	3600		259.00		         0		-999.00
-999	1499724214	3600		258.75		         0		-999.00
-999	1499727814	3600		258.99		         0		-999.00
-999	1499731414	3600		258.85		         0		-999.00
-999	1499735014	3600		259.12		         0		-999.00
-999	1499738614	3600		259.12		         0		-999.00
-999	1499742214	3600		258.79		         0		-999.00
-999	1499745814	3600		258.84		         0		-999.00
-999	1499749414	3600		263.91		         0		-999.00
-999	1499753014	3600		263.57		         0		-999.00
-999	1499756087	3073		263.76		         0		-999.00
5930	1499757287	1200		263.91		   4855360		114.50
5930	1499760887	3600		263.78		   4580973		117.00
5930	1499764487	3600		263.91		   4443635		117.00
5930	1499765786	1299		263.89		   3848145		117.00
-999	1499766986	1200		260.77		         0		-999.00
-999	1499770586	3600		260.54		         0		-999.00
-999	1499774186	3600		260.54		         0		-999.00
-999	1499777786	3600		260.56		         0		-999.00
-999	1499781386	3600		260.62		         0		-999.00
-999	1499784986	3600		260.57		         0		-999.00
-999	1499788586	3600		260.57		         0		-999.00
-999	1499792186	3600		260.75		         0		-999.00
-999	1499795786	3600		260.63		         0		-999.00
-999	1499799386	3600		260.63		         0		-999.00
-999	1499802986	3600		260.59		         0		-999.00
-999	1499806586	3600		260.59		         0		-999.00
-999	1499810186	3600		260.56		         0		-999.00
-999	1499813786	3600		260.56		         0		-999.00
-999	1499817386	3600		260.58		         0		-999.00
-999	1499820986	3600		260.58		         0		-999.00
-999	1499822354	1368		260.67		         0		-999.00
5934	1499823554	1200		265.53		  51783609		129.50
5934	1499827154	3600		265.78		  54384186		129.50
5934	1499830754	3600		265.53		  46149144		116.50
5934	1499834354	3600		263.61		   1859600		114.00
5934	1499837954	3600		263.76		    915026		116.50
5934	1499839139	1185		263.83		    969097		116.50
-999	1499840339	1200		260.72		         0		-999.00
-999	1499843939	3600		263.71		         0		-999.00
-999	1499847539	3600		263.66		         0		-999.00
-999	1499851139	3600		263.70		         0		-999.00
-999	1499854739	3600		263.66		         0		-999.00
-999	1499858339	3600		263.67		         0		-999.00
-999	1499861939	3600		263.70		         0		-999.00
-999	1499865539	3600		263.72		         0		-999.00
-999	1499869139	3600		263.75		         0		-999.00
-999	1499872739	3600		259.52		         0		-999.00
-999	1499876339	3600		259.52		         0		-999.00
-999	1499879939	3600		266.78		         0		-999.00
-999	1499883539	3600		266.78		         0		-999.00
-999	1499887139	3600		266.78		         0		-999.00
-999	1499890739	3600		266.78		         0		-999.00
-999	1499894339	3600		266.78		         0		-999.00
-999	1499897939	3600		266.78		         0		-999.00
-999	1499901539	3600		266.78		         0		-999.00
-999	1499905139	3600		266.78		         0		-999.00
-999	1499908739	3600		266.78		         0		-999.00
-999	1499912339	3600		266.78		         0		-999.00
-999	1499915939	3600		266.78		         0		-999.00
-999	1499919539	3600		266.78		         0		-999.00
-999	1499923139	3600		266.78		         0		-999.00
-999	1499926739	3600		266.78		         0		-999.00
-999	1499930339	3600		266.78		         0		-999.00
-999	1499933939	3600		266.78		         0		-999.00
-999	1499937539	3600		266.78		         0		-999.00
-999	1499941139	3600		266.78		         0		-999.00
-999	1499944739	3600		266.78		         0		-999.00
-999	1499948339	3600		266.78		         0		-999.00
-999	1499951939	3600		266.78		         0		-999.00
-999	1499955539	3600		263.78		         0		-999.00
-999	1499959139	3600		263.78		         0		-999.00
-999	1499962739	3600		266.78		         0		-999.00
-999	1499966339	3600		266.78		         0		-999.00
-999	1499969939	3600		263.78		         0		-999.00
-999	1499973539	3600		263.78		         0		-999.00
-999	1499977139	3600		263.78		         0		-999.00
-999	1499980739	3600		263.78		         0		-999.00
-999	1499984339	3600		266.78		         0		-999.00
-999	1499987939	3600		266.78		         0		-999.00
-999	1499991539	3600		263.78		         0		-999.00
-999	1499995139	3600		263.78		         0		-999.00
-999	1499998739	3600		266.78		         0		-999.00
-999	1500002339	3600		263.78		         0		-999.00
-999	1500005939	3600		263.78		         0		-999.00
-999	1500009539	3600		263.78		         0		-999.00
-999	1500010512	973		263.78		         0		-999.00
5942	1500011712	1200		267.53		 106475260		140.50
5942	1500015312	3600		267.70		 114319562		141.00
5942	1500018741	3429		267.45		 103802010		141.00
-999	1500019941	1200		260.46		         0		-999.00
-999	1500023541	3600		259.79		         0		-999.00
-999	1500027141	3600		259.79		         0		-999.00
-999	1500030741	3600		260.66		         0		-999.00
-999	1500034341	3600		260.69		         0		-999.00
-999	1500037941	3600		260.56		         0		-999.00
-999	1500041541	3600		263.56		         0		-999.00
-999	1500045141	3600		263.77		         0		-999.00
-999	1500048741	3600		263.77		         0		-999.00
-999	1500052341	3600		260.77		         0		-999.00
-999	1500055821	3480		260.66		         0		-999.00
-999	1500057659	1200		263.44		         0		-999.00
-999	1500061259	3600		260.70		         0		-999.00
-999	1500064859	3600		260.70		         0		-999.00
-999	1500068459	3600		260.70		         0		-999.00
-999	1500072059	3600		260.60		         0		-999.00
-999	1500073168	1109		260.60		         0		-999.00
5950	1500074368	1200		270.09		 173974528		163.50
5950	1500077968	3600		270.44		 185401288		163.50
5950	1500081568	3600		269.98		 175843604		162.00
5950	1500085168	3600		269.71		 166946087		162.00
5950	1500088768	3600		269.58		 157774115		160.50
5950	1500092368	3600		269.42		 151367357		157.50
5950	1500095968	3600		269.12		 141335404		160.00
5950	1500099568	3600		268.68		 134267396		159.50
5950	1500103168	3600		268.49		 127745601		157.00
5950	1500106768	3600		268.24		 119451500		157.00
5950	1500110002	3234		267.40		 107247735		153.50
-999	1500111202	1200		260.65		         0		-999.00
-999	1500114802	3600		260.67		         0		-999.00
-999	1500118402	3600		260.67		         0		-999.00
-999	1500122002	3600		260.67		         0		-999.00
-999	1500122810	808		260.67		         0		-999.00
5952	1500124010	1200		269.54		 194807116		150.50
5952	1500127483	3473		271.06		 202079156		177.00
-999	1500128683	1200		263.85		         0		-999.00
-999	1500132283	3600		263.85		         0		-999.00
-999	1500135883	3600		263.85		         0		-999.00
-999	1500139483	3600		263.85		         0		-999.00
-999	1500143083	3600		263.76		         0		-999.00
-999	1500146683	3600		263.76		         0		-999.00
-999	1500150283	3600		263.76		         0		-999.00
-999	1500153883	3600		260.61		         0		-999.00
-999	1500157483	3600		260.61		         0		-999.00
-999	1500161083	3600		260.61		         0		-999.00
-999	1500161974	891		260.65		         0		-999.00
5954	1500163174	1200		270.76		 193792563		182.00
5954	1500166774	3600		271.13		 206280549		179.50
5954	1500170374	3600		270.71		 192067409		178.50
5954	1500172351	1977		270.64		 189919486		178.50
-999	1500173551	1200		263.83		         0		-999.00
-999	1500177151	3600		263.83		         0		-999.00
-999	1500180751	3600		260.57		         0		-999.00
-999	1500184351	3600		260.61		         0		-999.00
-999	1500187951	3600		260.12		         0		-999.00
-999	1500191551	3600		260.65		         0		-999.00
-999	1500195151	3600		260.67		         0		-999.00
-999	1500198751	3600		260.67		         0		-999.00
-999	1500200624	1873		260.67		         0		-999.00
5958	1500201824	1200		270.51		 189523706		181.00
5958	1500205424	3600		270.82		 199941946		181.50
5958	1500209024	3600		270.41		 186142034		179.00
5958	1500212624	3600		270.18		 178617335		179.00
5958	1500216224	3600		269.84		 167147074		177.00
5958	1500219824	3600		269.66		 161251205		170.50
5958	1500221575	1751		269.46		 154473904		173.00
-999	1500222775	1200		264.82		         0		-999.00
-999	1500226375	3600		264.82		         0		-999.00
-999	1500229975	3600		264.82		         0		-999.00
-999	1500233575	3600		264.82		         0		-999.00
-999	1500237175	3600		264.82		         0		-999.00
-999	1500240775	3600		264.82		         0		-999.00
-999	1500244375	3600		264.82		         0		-999.00
-999	1500247975	3600		264.82		         0		-999.00
-999	1500251575	3600		264.82		         0		-999.00
-999	1500255175	3600		264.82		         0		-999.00
-999	1500258775	3600		264.82		         0		-999.00
-999	1500262375	3600		264.82		         0		-999.00
-999	1500265975	3600		264.82		         0		-999.00
-999	1500269575	3600		264.82		         0		-999.00
-999	1500273175	3600		263.70		         0		-999.00
-999	1500276775	3600		263.70		         0		-999.00
-999	1500280375	3600		263.70		         0		-999.00
-999	1500283975	3600		263.70		         0		-999.00
-999	1500287575	3600		263.69		         0		-999.00
-999	1500291175	3600		263.73		         0		-999.00
-999	1500294775	3600		263.73		         0		-999.00
-999	1500298375	3600		258.78		         0		-999.00
-999	1500301975	3600		258.78		         0		-999.00
-999	1500305575	3600		258.76		         0		-999.00
-999	1500309175	3600		263.55		         0		-999.00
-999	1500312775	3600		263.81		         0		-999.00
-999	1500316375	3600		263.85		         0		-999.00
-999	1500319975	3600		263.85		         0		-999.00
-999	1500323575	3600		263.81		         0		-999.00
-999	1500327175	3600		263.81		         0		-999.00
-999	1500330775	3600		263.81		         0		-999.00
-999	1500334375	3600		263.81		         0		-999.00
-999	1500337975	3600		263.81		         0		-999.00
-999	1500341575	3600		260.61		         0		-999.00
-999	1500345175	3600		260.90		         0		-999.00
-999	1500346306	1131		260.65		         0		-999.00
5960	1500347506	1200		270.53		 184583178		182.00
5960	1500351106	3600		270.78		 201308383		180.00
5960	1500354706	3600		270.29		 186990656		182.00
5960	1500358306	3600		270.17		 179083372		184.00
5960	1500361906	3600		269.74		 169397907		181.00
5960	1500363130	1224		269.53		 162376838		181.00
-999	1500364330	1200		263.49		         0		-999.00
-999	1500367930	3600		263.77		         0		-999.00
-999	1500371530	3600		263.62		         0		-999.00
-999	1500375130	3600		263.88		         0		-999.00
-999	1500378730	3600		263.64		         0		-999.00
-999	1500382330	3600		260.64		         0		-999.00
-999	1500385930	3600		260.64		         0		-999.00
-999	1500386872	942		260.59		         0		-999.00
5962	1500388072	1200		271.13		 207773363		196.50
5962	1500391672	3600		271.70		 225155056		196.00
5962	1500395272	3600		271.48		 210868289		194.00
5962	1500398872	3600		269.69		 199499628		147.00
5962	1500402472	3600		270.53		 187687897		191.00
5962	1500406072	3600		270.19		 176512008		189.50
5962	1500409672	3600		269.80		 163104746		187.00
5962	1500413272	3600		269.51		 154896826		187.00
5962	1500416008	2736		269.25		 146321616		184.50
-999	1500417208	1200		262.78		         0		-999.00
-999	1500420808	3600		260.55		         0		-999.00
-999	1500424397	3589		260.75		         0		-999.00
5963	1500425597	1200		271.39		 212428820		206.00
5963	1500429197	3600		270.57		 227881295		168.00
5963	1500430703	1506		271.89		 217132047		203.00
-999	1500431903	1200		263.72		         0		-999.00
-999	1500435503	3600		263.72		         0		-999.00
-999	1500439103	3600		260.62		         0		-999.00
-999	1500441805	2702		260.62		         0		-999.00
5965	1500443005	1200		271.51		 225312642		204.50
5965	1500446605	3600		271.73		 224285051		208.00
5965	1500449205	2600		271.71		 216248387		206.00
-999	1500450405	1200		263.71		         0		-999.00
-999	1500454005	3600		260.62		         0		-999.00
-999	1500457605	3600		260.46		         0		-999.00
-999	1500458546	941		260.57		         0		-999.00
5966	1500459746	1200		272.01		 231408651		207.50
5966	1500459797	51		270.25		 172877973		207.50
-999	1500460997	1200		263.69		         0		-999.00
-999	1500464597	3600		260.61		         0		-999.00
-999	1500468197	3600		260.67		         0		-999.00
-999	1500471797	3600		260.65		         0		-999.00
-999	1500475397	3600		260.66		         0		-999.00
-999	1500478997	3600		260.69		         0		-999.00
-999	1500482597	3600		260.69		         0		-999.00
-999	1500486197	3600		260.65		         0		-999.00
-999	1500489797	3600		260.65		         0		-999.00
-999	1500493397	3600		260.66		         0		-999.00
-999	1500496997	3600		260.67		         0		-999.00
-999	1500500597	3600		260.67		         0		-999.00
-999	1500501125	528		260.67		         0		-999.00
5971	1500502325	1200		272.57		 241617043		219.00
5971	1500504042	1717		273.14		 260686092		214.00
-999	1500505242	1200		263.59		         0		-999.00
-999	1500508842	3600		260.59		         0		-999.00
-999	1500512442	3600		260.59		         0		-999.00
-999	1500516042	3600		260.61		         0		-999.00
-999	1500518166	2124		260.64		         0		-999.00
5974	1500519366	1200		271.12		 205775416		204.50
5974	1500519389	23		265.46		  17259767		204.50
-999	1500520589	1200		263.82		         0		-999.00
-999	1500524189	3600		263.82		         0		-999.00
-999	1500527789	3600		263.25		         0		-999.00
-999	1500531389	3600		263.85		         0		-999.00
-999	1500534989	3600		263.85		         0		-999.00
-999	1500538589	3600		260.72		         0		-999.00
-999	1500542189	3600		260.72		         0		-999.00
-999	1500545789	3600		260.67		         0		-999.00
-999	1500547279	1490		260.66		         0		-999.00
5976	1500548479	1200		270.74		 234471956		173.00
5976	1500552079	3600		271.40		 219016073		205.50
5976	1500555679	3600		271.36		 203577323		204.50
5976	1500559279	3600		270.84		 199912838		204.00
5976	1500562879	3600		270.51		 189161418		203.00
5976	1500566479	3600		270.27		 181054026		200.50
5976	1500570079	3600		269.89		 168360188		200.50
5976	1500573679	3600		269.57		 157561824		198.50
5976	1500577279	3600		269.17		 144434389		196.50
5976	1500580879	3600		269.03		 139634412		194.00
5976	1500584479	3600		268.70		 128743758		191.50
5976	1500588079	3600		268.49		 121591760		189.00
5976	1500591679	3600		268.25		 113773684		189.00
5976	1500595279	3600		268.10		 108651576		170.50
5976	1500598879	3600		267.86		 100598065		186.50
5976	1500602479	3600		267.70		  95310536		186.50
5976	1500602624	145		270.06		 174118822		186.50
-999	1500603824	1200		261.84		         0		-999.00
-999	1500607424	3600		264.84		         0		-999.00
-999	1500611024	3600		264.84		         0		-999.00
-999	1500614624	3600		264.84		         0		-999.00
-999	1500618224	3600		264.84		         0		-999.00
-999	1500621824	3600		264.84		         0		-999.00
-999	1500625424	3600		264.84		         0		-999.00
-999	1500629024	3600		261.84		         0		-999.00
-999	1500632624	3600		261.84		         0		-999.00
-999	1500636224	3600		261.84		         0		-999.00
-999	1500639824	3600		261.84		         0		-999.00
-999	1500643424	3600		261.84		         0		-999.00
-999	1500647024	3600		261.84		         0		-999.00
-999	1500649419	2395		261.84		         0		-999.00
5979	1500650619	1200		272.12		 242679496		218.50
5979	1500654219	3600		270.77		 197652903		190.00
5979	1500657819	3600		269.00		 138632110		215.50
5979	1500661419	3600		270.97		 204485127		218.00
5979	1500665019	3600		270.64		 193325829		216.50
5979	1500668619	3600		270.32		 182526262		214.00
5979	1500672219	3600		269.94		 170034157		211.50
5979	1500675819	3600		269.66		 160768428		208.50
5979	1500679419	3600		269.19		 144897760		206.00
5979	1500683019	3600		269.06		 140574288		204.50
5979	1500686619	3600		268.81		 132177764		201.50
5979	1500690219	3600		268.58		 124637863		201.50
5979	1500693819	3600		268.25		 113715064		199.00
5979	1500697419	3600		261.84		 107688284		  9.50
5979	1500701019	3600		261.84		 101898848		  9.50
5979	1500704619	3600		260.65		  96047019		  9.50
5979	1500704995	376		260.65		 114765798		  9.50
-999	1500706195	1200		260.65		         0		-999.00
-999	1500709795	3600		260.65		         0		-999.00
-999	1500713395	3600		260.91		         0		-999.00
-999	1500716382	2987		260.91		         0		-999.00
5980	1500717582	1200		267.95		 115559671		200.00
5980	1500721182	3600		268.13		 121418244		199.00
5980	1500724782	3600		267.95		 115366170		199.00
5980	1500728382	3600		267.61		 110012482		196.00
5980	1500731982	3600		267.37		 102159749		196.00
5980	1500735582	3600		267.16		  95141401		193.50
5980	1500739182	3600		267.08		  88637654		190.50
5980	1500740301	1119		266.70		  84263065		185.50
-999	1500741501	1200		263.62		         0		-999.00
-999	1500745101	3600		260.48		         0		-999.00
-999	1500748701	3600		263.48		         0		-999.00
-999	1500752301	3600		263.84		         0		-999.00
-999	1500755901	3600		263.84		         0		-999.00
-999	1500759501	3600		263.84		         0		-999.00
-999	1500763101	3600		263.82		         0		-999.00
-999	1500766701	3600		263.82		         0		-999.00
-999	1500770301	3600		263.82		         0		-999.00
-999	1500773901	3600		263.82		         0		-999.00
-999	1500777501	3600		263.82		         0		-999.00
-999	1500781101	3600		263.84		         0		-999.00
-999	1500784701	3600		263.84		         0		-999.00
-999	1500788301	3600		263.49		         0		-999.00
-999	1500791901	3600		263.71		         0		-999.00
-999	1500795501	3600		263.71		         0		-999.00
-999	1500799101	3600		263.83		         0		-999.00
-999	1500802701	3600		263.79		         0		-999.00
-999	1500806301	3600		263.80		         0		-999.00
-999	1500809901	3600		263.80		         0		-999.00
-999	1500813501	3600		263.80		         0		-999.00
-999	1500817101	3600		263.81		         0		-999.00
-999	1500820701	3600		260.56		         0		-999.00
-999	1500824301	3600		260.56		         0		-999.00
-999	1500827901	3600		263.56		         0		-999.00
-999	1500831501	3600		263.56		         0		-999.00
-999	1500835101	3600		263.82		         0		-999.00
-999	1500838701	3600		263.82		         0		-999.00
-999	1500842301	3600		263.82		         0		-999.00
-999	1500845901	3600		260.82		         0		-999.00
-999	1500849501	3600		260.82		         0		-999.00
-999	1500853101	3600		260.65		         0		-999.00
-999	1500853999	898		260.65		         0		-999.00
5984	1500855199	1200		272.31		 236911475		241.50
5984	1500858799	3600		273.12		 257168883		240.50
5984	1500862122	3323		260.54		 239701248		  9.50
-999	1500863322	1200		260.54		         0		-999.00
-999	1500866922	3600		258.84		         0		-999.00
-999	1500870522	3600		258.89		         0		-999.00
-999	1500874122	3600		258.89		         0		-999.00
-999	1500877722	3600		258.89		         0		-999.00
-999	1500881322	3600		258.89		         0		-999.00
-999	1500884922	3600		258.89		         0		-999.00
-999	1500888522	3600		259.06		         0		-999.00
-999	1500892122	3600		259.06		         0		-999.00
-999	1500895722	3600		259.06		         0		-999.00
-999	1500899322	3600		259.06		         0		-999.00
-999	1500902922	3600		259.06		         0		-999.00
-999	1500906522	3600		258.92		         0		-999.00
-999	1500910122	3600		258.97		         0		-999.00
-999	1500913722	3600		258.75		         0		-999.00
-999	1500917322	3600		258.75		         0		-999.00
-999	1500920922	3600		258.75		         0		-999.00
-999	1500924522	3600		259.01		         0		-999.00
-999	1500928122	3600		259.01		         0		-999.00
-999	1500931722	3600		259.01		         0		-999.00
-999	1500935322	3600		259.01		         0		-999.00
-999	1500938922	3600		259.01		         0		-999.00
-999	1500942522	3600		258.83		         0		-999.00
-999	1500946122	3600		258.87		         0		-999.00
-999	1500949722	3600		258.87		         0		-999.00
-999	1500953322	3600		258.87		         0		-999.00
-999	1500956922	3600		258.87		         0		-999.00
-999	1500960522	3600		258.96		         0		-999.00
-999	1500964122	3600		258.96		         0		-999.00
-999	1500967722	3600		259.02		         0		-999.00
-999	1500971322	3600		259.04		         0		-999.00
-999	1500974922	3600		259.04		         0		-999.00
-999	1500978522	3600		258.84		         0		-999.00
-999	1500982122	3600		258.84		         0		-999.00
-999	1500985722	3600		258.84		         0		-999.00
-999	1500989322	3600		258.84		         0		-999.00
-999	1500992922	3600		258.84		         0		-999.00
-999	1500996522	3600		258.84		         0		-999.00
-999	1501000122	3600		258.84		         0		-999.00
-999	1501003722	3600		258.84		         0		-999.00
-999	1501007322	3600		258.84		         0		-999.00
-999	1501010922	3600		258.84		         0		-999.00
-999	1501014522	3600		258.84		         0		-999.00
-999	1501018122	3600		258.84		         0		-999.00
-999	1501021722	3600		258.84		         0		-999.00
-999	1501025322	3600		258.84		         0		-999.00
-999	1501028922	3600		258.84		         0		-999.00
-999	1501032522	3600		258.84		         0		-999.00
-999	1501036122	3600		258.84		         0		-999.00
-999	1501039722	3600		258.84		         0		-999.00
-999	1501043322	3600		258.84		         0		-999.00
-999	1501046922	3600		258.84		         0		-999.00
-999	1501050522	3600		258.84		         0		-999.00
-999	1501054122	3600		263.83		         0		-999.00
-999	1501057722	3600		263.72		         0		-999.00
-999	1501061322	3600		263.67		         0		-999.00
-999	1501064922	3600		263.71		         0		-999.00
-999	1501068522	3600		263.71		         0		-999.00
-999	1501072122	3600		263.55		         0		-999.00
-999	1501075722	3600		263.83		         0		-999.00
-999	1501079322	3600		263.83		         0		-999.00
-999	1501082922	3600		263.73		         0		-999.00
-999	1501086522	3600		263.59		         0		-999.00
-999	1501090122	3600		260.87		         0		-999.00
-999	1501093722	3600		260.78		         0		-999.00
-999	1501097322	3600		260.78		         0		-999.00
-999	1501100922	3600		260.78		         0		-999.00
-999	1501104522	3600		260.78		         0		-999.00
-999	1501108122	3600		260.78		         0		-999.00
-999	1501111722	3600		260.78		         0		-999.00
-999	1501115322	3600		260.78		         0		-999.00
-999	1501118922	3600		260.78		         0		-999.00
-999	1501122522	3600		260.78		         0		-999.00
-999	1501126122	3600		263.78		         0		-999.00
-999	1501129722	3600		263.85		         0		-999.00
-999	1501133322	3600		263.83		         0		-999.00
-999	1501136922	3600		263.65		         0		-999.00
-999	1501140522	3600		263.70		         0		-999.00
-999	1501144122	3600		263.44		         0		-999.00
-999	1501147722	3600		263.70		         0		-999.00
-999	1501150652	2930		263.77		         0		-999.00
6012	1501151852	1200		263.81		     28280		162.00
6012	1501155452	3600		263.87		     33118		162.00
6012	1501159052	3600		263.81		     32421		162.00
6012	1501162652	3600		263.85		     31439		162.00
6012	1501166252	3600		263.85		     31099		162.00
6012	1501169852	3600		263.87		     30375		162.00
6012	1501173452	3600		263.86		     29742		162.00
6012	1501177052	3600		263.82		     29502		162.00
6012	1501179889	2837		263.80		     29039		162.00
-999	1501181089	1200		263.83		         0		-999.00
-999	1501184689	3600		263.86		         0		-999.00
-999	1501188289	3600		260.70		         0		-999.00
-999	1501191889	3600		263.90		         0		-999.00
-999	1501195489	3600		260.75		         0		-999.00
-999	1501197804	2315		260.64		         0		-999.00
-999	1501199509	1200		263.84		         0		-999.00
-999	1501203109	3600		260.72		         0		-999.00
-999	1501206709	3600		260.63		         0		-999.00
-999	1501206778	69		260.59		         0		-999.00
6016	1501207978	1200		263.81		     38612		162.00
6016	1501211578	3600		263.83		     44939		161.50
6016	1501215178	3600		263.82		     44735		160.50
6016	1501218778	3600		263.82		     44577		160.50
6016	1501222378	3600		263.85		     38508		162.50
6016	1501225978	3600		263.78		     16382		160.00
6016	1501229578	3600		263.83		     29339		160.00
6016	1501233178	3600		263.85		     20202		160.00
6016	1501236778	3600		263.76		     39241		157.50
6016	1501240378	3600		263.81		     29158		160.00
6016	1501243978	3600		263.82		     12540		157.00
6016	1501247578	3600		263.80		     45527		159.50
6016	1501251178	3600		263.82		     45522		159.50
6016	1501254778	3600		263.88		     40662		160.50
6016	1501258378	3600		263.80		     32787		160.50
6016	1501261978	3600		263.85		     35983		160.50
6016	1501265274	3296		263.81		     20707		160.50
-999	1501266474	1200		263.75		         0		-999.00
-999	1501270074	3600		260.72		         0		-999.00
-999	1501273674	3600		260.67		         0		-999.00
-999	1501277274	3600		260.80		         0		-999.00
-999	1501278765	1491		260.70		         0		-999.00
-999	1501280637	1200		263.72		         0		-999.00
-999	1501284237	3600		263.79		         0		-999.00
-999	1501287837	3600		263.80		         0		-999.00
-999	1501291437	3600		260.64		         0		-999.00
-999	1501295037	3600		260.70		         0		-999.00
-999	1501298637	3600		260.71		         0		-999.00
-999	1501302129	3492		260.75		         0		-999.00
6019	1501303329	1200		265.88		  54897719		175.00
6019	1501306929	3600		265.01		  47202998		157.00
6019	1501310529	3600		263.85		    898933		159.50
6019	1501314129	3600		263.86		    940722		159.50
6019	1501314368	239		260.84		    942480		  9.50
-999	1501315568	1200		259.64		         0		-999.00
-999	1501319168	3600		260.56		         0		-999.00
-999	1501322768	3600		260.71		         0		-999.00
-999	1501323083	315		260.71		         0		-999.00
6020	1501324283	1200		271.86		 224298646		226.50
6020	1501326979	2696		272.43		 238305609		231.00
-999	1501328179	1200		263.47		         0		-999.00
-999	1501331779	3600		263.86		         0		-999.00
-999	1501335379	3600		260.50		         0		-999.00
-999	1501338979	3600		260.67		         0		-999.00
-999	1501339478	499		260.67		         0		-999.00
-999	1501341526	1200		264.00		         0		-999.00
-999	1501345126	3600		260.75		         0		-999.00
-999	1501348726	3600		260.71		         0		-999.00
-999	1501352326	3600		260.74		         0		-999.00
-999	1501355926	3600		260.67		         0		-999.00
-999	1501357291	1365		260.72		         0		-999.00
6024	1501358491	1200		271.72		 218998074		231.00
6024	1501362091	3600		271.93		 225100966		228.00
6024	1501365691	3600		271.54		 211324021		231.00
6024	1501369291	3600		271.24		 204178350		226.50
6024	1501372891	3600		270.81		 190651001		227.00
6024	1501376491	3600		270.45		 182409578		224.50
6024	1501380091	3600		269.94		 168435055		219.00
6024	1501383691	3600		269.48		 155090481		219.00
6024	1501387291	3600		269.28		 146417569		219.50
6024	1501390891	3600		268.93		 138944303		214.50
6024	1501394491	3600		268.61		 130370408		214.50
6024	1501398091	3600		268.33		 122474831		211.00
6024	1501401691	3600		267.88		 113137322		207.00
6024	1501405291	3600		267.66		 105252919		207.00
6024	1501408891	3600		267.45		  99607814		207.00
6024	1501412491	3600		267.26		  93448452		204.50
6024	1501415152	2661		267.13		  89241262		204.50
-999	1501416352	1200		260.50		         0		-999.00
-999	1501419952	3600		260.67		         0		-999.00
-999	1501423552	3600		260.70		         0		-999.00
-999	1501427152	3600		260.69		         0		-999.00
-999	1501430752	3600		260.70		         0		-999.00
-999	1501433293	2541		260.67		         0		-999.00
6026	1501434493	1200		271.46		 209604887		244.50
6026	1501438093	3600		271.89		 222633040		245.00
6026	1501441693	3600		271.49		 210247495		241.00
6026	1501445293	3600		271.14		 200696676		239.50
6026	1501448893	3600		270.65		 187300076		239.50
6026	1501452493	3600		270.35		 178130344		237.00
6026	1501456093	3600		269.97		 167476528		234.50
6026	1501459693	3600		269.38		 151500102		229.00
6026	1501463293	3600		267.04		 144701435		176.50
6026	1501466893	3600		268.88		 137952872		227.50
6026	1501470493	3600		268.60		 129679358		225.00
6026	1501474093	3600		268.29		 121219530		222.50
6026	1501477693	3600		268.09		 114484199		223.00
6026	1501481293	3600		267.85		 109496197		220.50
6026	1501484893	3600		267.66		 103099422		218.00
6026	1501488493	3600		267.43		  98422401		218.00
6026	1501489502	1009		266.68		  77543488		215.00
-999	1501490702	1200		260.47		         0		-999.00
-999	1501494302	3600		260.39		         0		-999.00
-999	1501497902	3600		263.70		         0		-999.00
-999	1501501502	3600		263.70		         0		-999.00
-999	1501505102	3600		263.70		         0		-999.00
-999	1501508702	3600		258.04		         0		-999.00
-999	1501512302	3600		261.05		         0		-999.00
-999	1501513316	1014		260.54		         0		-999.00
6030	1501514516	1200		272.12		 233730609		259.00
6030	1501518116	3600		272.34		 241064934		263.50
6030	1501521716	3600		271.96		 228442080		258.50
6030	1501522858	1142		271.60		 216510046		258.50
-999	1501524058	1200		263.69		         0		-999.00
-999	1501527658	3600		260.75		         0		-999.00
-999	1501531258	3600		260.77		         0		-999.00
-999	1501531611	353		260.77		         0		-999.00
6031	1501532811	1200		272.85		 234925964		278.50
6031	1501536411	3600		272.21		 238980040		265.00
6031	1501540011	3600		271.82		 225713651		263.00
6031	1501543611	3600		271.38		 214891447		256.00
6031	1501547211	3600		271.11		 204140285		259.00
6031	1501550811	3600		270.69		 190213751		254.00
6031	1501554411	3600		270.32		 177689818		251.50
6031	1501558011	3600		269.80		 160603805		246.50
6031	1501561611	3600		268.31		 150489033		211.50
6031	1501565211	3600		268.97		 141387244		242.50
6031	1501568811	3600		268.71		 132522036		242.00
6031	1501572411	3600		268.10		 125375821		237.00
6031	1501576011	3600		268.19		 115313438		235.50
6031	1501579611	3600		267.96		 107722538		233.00
6031	1501583211	3600		267.03		  97382188		220.50
6031	1501583606	395		266.17		  68781019		227.00
-999	1501584806	1200		260.59		         0		-999.00
-999	1501588406	3600		260.59		         0		-999.00
-999	1501592006	3600		260.61		         0		-999.00
-999	1501595606	3600		260.66		         0		-999.00
-999	1501599206	3600		260.66		         0		-999.00
-999	1501602806	3600		260.66		         0		-999.00
-999	1501606406	3600		260.66		         0		-999.00
-999	1501610006	3600		263.66		         0		-999.00
-999	1501613606	3600		263.66		         0		-999.00
-999	1501617206	3600		260.66		         0		-999.00
-999	1501620806	3600		260.70		         0		-999.00
-999	1501624406	3600		260.70		         0		-999.00
-999	1501628006	3600		260.70		         0		-999.00
-999	1501631606	3600		260.73		         0		-999.00
-999	1501635206	3600		260.51		         0		-999.00
-999	1501638806	3600		260.76		         0		-999.00
-999	1501641846	3040		260.76		         0		-999.00
6035	1501643046	1200		272.14		 229637598		277.50
6035	1501646646	3600		272.15		 236811975		274.50
6035	1501650246	3600		271.71		 221971718		268.50
6035	1501653846	3600		271.19		 210536649		262.50
6035	1501657446	3600		269.68		 198129512		190.50
6035	1501661046	3600		270.72		 188546054		261.00
6035	1501664646	3600		270.21		 175081199		255.50
6035	1501668246	3600		269.71		 158284282		255.50
6035	1501671846	3600		269.49		 150963393		256.00
6035	1501675446	3600		269.24		 142761139		252.00
6035	1501679046	3600		268.74		 134488897		249.50
6035	1501680459	1413		268.56		 128612379		249.50
-999	1501681659	1200		263.61		         0		-999.00
-999	1501685259	3600		263.66		         0		-999.00
-999	1501688859	3600		257.45		         0		-999.00
-999	1501692459	3600		258.62		         0		-999.00
-999	1501696059	3600		258.62		         0		-999.00
-999	1501699659	3600		258.62		         0		-999.00
-999	1501703259	3600		263.65		         0		-999.00
-999	1501706859	3600		263.75		         0		-999.00
-999	1501710459	3600		263.77		         0		-999.00
-999	1501714059	3600		263.77		         0		-999.00
-999	1501717659	3600		263.77		         0		-999.00
-999	1501721259	3600		263.77		         0		-999.00
-999	1501724859	3600		263.56		         0		-999.00
-999	1501728459	3600		263.82		         0		-999.00
-999	1501732059	3600		260.56		         0		-999.00
-999	1501735659	3600		260.56		         0		-999.00
-999	1501739259	3600		260.59		         0		-999.00
-999	1501742859	3600		263.86		         0		-999.00
-999	1501746459	3600		263.86		         0		-999.00
-999	1501750059	3600		260.95		         0		-999.00
-999	1501753659	3600		260.70		         0		-999.00
-999	1501755087	1428		260.77		         0		-999.00
6041	1501756287	1200		270.84		 230155662		229.00
6041	1501759887	3600		270.67		 212526667		224.50
6041	1501763487	3600		271.29		 209443373		272.00
6041	1501763681	194		270.73		 190824507		272.00
-999	1501764881	1200		263.96		         0		-999.00
-999	1501768481	3600		260.69		         0		-999.00
-999	1501772081	3600		260.72		         0		-999.00
-999	1501775681	3600		260.72		         0		-999.00
-999	1501778738	3057		260.77		         0		-999.00
6044	1501779938	1200		271.64		 217707668		286.00
6044	1501783538	3600		270.96		 237824252		230.00
6044	1501787138	3600		271.79		 223699950		279.00
6044	1501790738	3600		271.35		 209376634		276.50
6044	1501794338	3600		270.90		 194474412		276.00
6044	1501797938	3600		270.61		 184505691		271.00
6044	1501801538	3600		270.20		 171030390		268.50
6044	1501805138	3600		269.61		 157044775		266.00
6044	1501808738	3600		269.27		 145782718		261.00
6044	1501812338	3600		269.02		 137431020		258.50
6044	1501815938	3600		268.73		 127706722		255.50
6044	1501819538	3600		268.50		 120146365		253.00
6044	1501820256	718		268.37		 115829192		253.00
-999	1501821456	1200		263.73		         0		-999.00
-999	1501825056	3600		263.73		         0		-999.00
-999	1501828656	3600		263.73		         0		-999.00
-999	1501832256	3600		260.73		         0		-999.00
-999	1501835856	3600		260.72		         0		-999.00
-999	1501839456	3600		261.06		         0		-999.00
-999	1501841712	2256		260.79		         0		-999.00
6046	1501842912	1200		271.82		 221905002		292.50
6046	1501846512	3600		272.03		 228966366		289.50
6046	1501850112	3600		271.62		 214201478		286.00
6046	1501853712	3600		269.07		 203095094		210.00
6046	1501857312	3600		270.53		 188579494		283.00
6046	1501860912	3600		270.52		 179798720		278.00
6046	1501864512	3600		269.97		 167384369		277.50
6046	1501868112	3600		269.59		 154684919		270.50
6046	1501871712	3600		269.21		 142194982		267.50
6046	1501875312	3600		269.04		 136450567		264.00
6046	1501878912	3600		267.86		 126084820		235.00
6046	1501882512	3600		267.78		 115012241		260.50
6046	1501886112	3600		267.61		 109431997		259.50
6046	1501889712	3600		267.43		 103258275		257.00
6046	1501892438	2726		267.09		  93206552		252.50
-999	1501893638	1200		260.78		         0		-999.00
-999	1501897238	3600		260.78		         0		-999.00
-999	1501900838	3600		260.81		         0		-999.00
-999	1501904438	3600		260.81		         0		-999.00
-999	1501908038	3600		260.54		         0		-999.00
-999	1501911073	3035		260.83		         0		-999.00
6048	1501912273	1200		272.55		 239032795		308.50
6048	1501915569	3296		272.37		 250136751		302.00
-999	1501916769	1200		263.88		         0		-999.00
-999	1501920369	3600		260.40		         0		-999.00
-999	1501923969	3600		260.48		         0		-999.00
-999	1501927188	3219		260.48		         0		-999.00
6050	1501928388	1200		272.17		 229630959		309.50
6050	1501931988	3600		272.39		 239611113		307.50
6050	1501935588	3600		271.92		 223982569		302.50
6050	1501939188	3600		271.56		 211860495		299.50
6050	1501942788	3600		271.12		 197431597		294.50
6050	1501946388	3600		270.87		 189017966		293.00
6050	1501949988	3600		270.46		 175469523		290.50
6050	1501953588	3600		269.82		 162575934		285.00
6050	1501957188	3600		268.96		 149733887		277.00
6050	1501960788	3600		268.70		 141298746		279.00
6050	1501964388	3600		268.48		 133883566		275.50
6050	1501967988	3600		268.20		 124351063		273.50
6050	1501971588	3600		267.97		 116802830		270.50
6050	1501975188	3600		267.69		 107378810		268.00
6050	1501978788	3600		260.73		  98451456		 10.00
6050	1501982388	3600		260.73		  96790679		 10.00
6050	1501984312	1924		260.73		  94368304		 10.00
-999	1501985512	1200		260.73		         0		-999.00
-999	1501989112	3600		260.73		         0		-999.00
-999	1501992712	3600		260.50		         0		-999.00
-999	1501995644	2932		260.76		         0		-999.00
6052	1501996844	1200		271.97		 227246154		322.50
6052	1502000444	3600		272.22		 231189607		309.00
6052	1502004044	3600		271.66		 217123635		314.00
6052	1502007644	3600		271.28		 208697984		306.00
6052	1502011244	3600		269.68		 193196017		246.50
6052	1502014844	3600		270.55		 183140508		300.50
6052	1502018444	3600		270.14		 169450128		295.50
6052	1502022044	3600		269.81		 158434780		293.00
6052	1502025644	3600		268.80		 144533531		290.00
6052	1502029244	3600		268.58		 137426400		287.50
6052	1502032844	3600		268.32		 128811846		280.00
6052	1502036444	3600		268.13		 122299627		280.50
6052	1502040044	3600		267.85		 113032586		278.00
6052	1502043644	3600		267.64		 105896550		275.50
6052	1502047244	3600		260.76		  95525348		 10.00
6052	1502050844	3600		260.76		  91156516		 10.00
6052	1502054444	3600		260.76		  84731379		 10.00
6052	1502057325	2881		260.76		  83588476		 10.00
-999	1502058525	1200		263.77		         0		-999.00
-999	1502062125	3600		260.77		         0		-999.00
-999	1502065725	3600		260.51		         0		-999.00
-999	1502066988	1263		260.79		         0		-999.00
6053	1502068188	1200		271.34		 205307505		327.00
6053	1502071788	3600		271.47		 222488230		314.00
6053	1502075388	3600		271.26		 206799744		317.50
6053	1502078988	3600		270.90		 194937806		312.50
6053	1502082588	3600		270.50		 181631474		311.00
6053	1502086188	3600		270.24		 172879740		306.00
6053	1502089788	3600		269.86		 160258171		303.00
6053	1502093388	3600		269.60		 151429910		300.50
6053	1502096988	3600		269.31		 141987845		297.00
6053	1502099711	2723		269.17		 137059458		294.50
-999	1502100911	1200		263.88		         0		-999.00
-999	1502104511	3600		260.88		         0		-999.00
-999	1502108111	3600		260.88		         0		-999.00
-999	1502111711	3600		260.65		         0		-999.00
-999	1502112750	1039		260.39		         0		-999.00
6054	1502113950	1200		271.89		 218976392		338.00
6054	1502117550	3600		271.85		 235180330		326.00
6054	1502121150	3600		271.73		 220360298		324.00
6054	1502124750	3600		271.40		 209557504		322.50
6054	1502128350	3600		271.03		 197069911		321.00
6054	1502131950	3600		270.82		 190450938		313.00
6054	1502135550	3600		270.46		 177452301		308.00
6054	1502139150	3600		270.04		 163244283		307.00
6054	1502142750	3600		269.71		 152259067		306.50
6054	1502146350	3600		269.32		 147750621		301.50
6054	1502149950	3600		269.03		 138331053		298.50
6054	1502153550	3600		268.78		 129760701		296.00
6054	1502157150	3600		268.51		 120925271		293.50
6054	1502160750	3600		268.30		 113969507		288.50
6054	1502164350	3600		268.08		 106445016		288.50
6054	1502167950	3600		267.92		 101087472		286.00
6054	1502170646	2696		267.01		  92046024		282.50
-999	1502171846	1200		260.72		         0		-999.00
-999	1502175446	3600		261.01		         0		-999.00
-999	1502179046	3600		260.82		         0		-999.00
-999	1502181852	2806		260.55		         0		-999.00
6055	1502183052	1200		271.36		 217748222		333.00
6055	1502185328	2276		272.08		 232591050		336.50
-999	1502186528	1200		263.82		         0		-999.00
-999	1502190128	3600		263.82		         0		-999.00
-999	1502193728	3600		263.82		         0		-999.00
-999	1502197328	3600		260.88		         0		-999.00
-999	1502200928	3600		260.37		         0		-999.00
-999	1502204363	3435		260.42		         0		-999.00
6057	1502205563	1200		272.27		 226793042		347.50
6057	1502209163	3600		272.76		 243006900		342.50
6057	1502211662	2499		272.02		 227080797		339.50
-999	1502212862	1200		263.94		         0		-999.00
-999	1502216462	3600		263.94		         0		-999.00
-999	1502220062	3600		263.96		         0		-999.00
-999	1502223662	3600		263.90		         0		-999.00
-999	1502227262	3600		263.91		         0		-999.00
-999	1502230862	3600		260.66		         0		-999.00
-999	1502234462	3600		260.43		         0		-999.00
-999	1502238062	3600		263.95		         0		-999.00
-999	1502241662	3600		263.95		         0		-999.00
-999	1502245262	3600		260.45		         0		-999.00
-999	1502246788	1526		260.73		         0		-999.00
6060	1502247988	1200		271.54		 210303942		344.50
6060	1502251588	3600		272.05		 227183249		337.50
6060	1502255188	3600		271.56		 210834872		332.50
6060	1502258788	3600		270.90		 201146520		327.00
6060	1502262388	3600		270.46		 186508313		323.50
6060	1502265988	3600		270.22		 178411035		320.50
6060	1502269588	3600		269.76		 168663887		314.50
6060	1502273188	3600		269.31		 153462012		312.00
6060	1502276788	3600		269.07		 145532756		312.00
6060	1502280388	3600		268.83		 137596829		307.00
6060	1502283988	3600		268.62		 130491101		304.50
6060	1502287588	3600		268.08		 122250515		303.50
6060	1502291188	3600		267.89		 115857632		300.50
6060	1502294788	3600		267.66		 108007587		295.50
6060	1502298367	3579		267.32		  97604109		291.00
-999	1502299567	1200		260.54		         0		-999.00
-999	1502303167	3600		260.64		         0		-999.00
-999	1502306767	3600		260.64		         0		-999.00
-999	1502307910	1143		260.64		         0		-999.00
6061	1502309110	1200		272.97		 244154886		362.00
6061	1502312710	3600		273.37		 263003226		363.00
6061	1502316310	3600		272.91		 247616014		352.50
6061	1502319910	3600		272.39		 230185232		349.00
6061	1502323510	3600		271.99		 216875804		343.00
6061	1502327110	3600		271.27		 204518164		339.50
6061	1502330710	3600		270.52		 192230494		334.00
6061	1502334310	3600		270.10		 178127683		331.00
6061	1502337910	3600		269.72		 165453504		325.50
6061	1502341510	3600		268.93		 148465480		317.00
6061	1502341770	260		260.96		 149442933		 10.00
-999	1502342970	1200		263.96		         0		-999.00
-999	1502346570	3600		263.89		         0		-999.00
-999	1502350170	3600		264.15		         0		-999.00
-999	1502353770	3600		264.15		         0		-999.00
-999	1502357370	3600		263.64		         0		-999.00
-999	1502360970	3600		263.64		         0		-999.00
-999	1502364570	3600		263.67		         0		-999.00
-999	1502368170	3600		263.67		         0		-999.00
-999	1502371770	3600		263.67		         0		-999.00
-999	1502375370	3600		263.67		         0		-999.00
-999	1502378970	3600		263.67		         0		-999.00
-999	1502382570	3600		260.67		         0		-999.00
-999	1502386170	3600		260.67		         0		-999.00
-999	1502389770	3600		260.67		         0		-999.00
-999	1502393370	3600		260.67		         0		-999.00
-999	1502396970	3600		260.67		         0		-999.00
-999	1502400570	3600		260.67		         0		-999.00
-999	1502404170	3600		260.67		         0		-999.00
-999	1502407770	3600		260.67		         0		-999.00
-999	1502411370	3600		260.47		         0		-999.00
-999	1502414970	3600		260.52		         0		-999.00
-999	1502418570	3600		260.54		         0		-999.00
-999	1502422170	3600		260.59		         0		-999.00
-999	1502425770	3600		260.61		         0		-999.00
-999	1502429370	3600		260.61		         0		-999.00
-999	1502432970	3600		260.61		         0		-999.00
-999	1502436570	3600		260.61		         0		-999.00
-999	1502440170	3600		258.75		         0		-999.00
-999	1502443770	3600		258.75		         0		-999.00
-999	1502447370	3600		264.15		         0		-999.00
-999	1502450970	3600		263.67		         0		-999.00
-999	1502454570	3600		263.93		         0		-999.00
-999	1502458170	3600		260.67		         0		-999.00
-999	1502461770	3600		258.99		         0		-999.00
-999	1502465370	3600		258.74		         0		-999.00
-999	1502468970	3600		258.74		         0		-999.00
-999	1502472570	3600		258.99		         0		-999.00
-999	1502476170	3600		258.99		         0		-999.00
-999	1502479770	3600		258.99		         0		-999.00
-999	1502483370	3600		258.99		         0		-999.00
-999	1502486970	3600		263.56		         0		-999.00
-999	1502490570	3600		263.60		         0		-999.00
-999	1502494170	3600		263.60		         0		-999.00
-999	1502494293	123		263.85		         0		-999.00
6072	1502495493	1200		265.70		  52247013		277.00
6072	1502496145	652		265.65		  50396958		277.00
-999	1502497345	1200		263.87		         0		-999.00
-999	1502500945	3600		260.61		         0		-999.00
-999	1502504545	3600		260.61		         0		-999.00
-999	1502508145	3600		260.61		         0		-999.00
-999	1502511745	3600		260.61		         0		-999.00
-999	1502515345	3600		260.61		         0		-999.00
-999	1502518945	3600		260.61		         0		-999.00
-999	1502522545	3600		260.63		         0		-999.00
-999	1502526145	3600		260.42		         0		-999.00
-999	1502529745	3600		263.93		         0		-999.00
-999	1502533345	3600		263.93		         0		-999.00
-999	1502536945	3600		263.93		         0		-999.00
-999	1502540545	3600		263.93		         0		-999.00
-999	1502544145	3600		263.93		         0		-999.00
-999	1502547745	3600		263.93		         0		-999.00
-999	1502551345	3600		263.93		         0		-999.00
-999	1502554945	3600		263.93		         0		-999.00
-999	1502558545	3600		263.93		         0		-999.00
-999	1502562145	3600		263.93		         0		-999.00
-999	1502565745	3600		263.93		         0		-999.00
-999	1502569345	3600		263.93		         0		-999.00
-999	1502572945	3600		263.93		         0		-999.00
-999	1502576545	3600		263.93		         0		-999.00
-999	1502580145	3600		263.93		         0		-999.00
-999	1502583745	3600		263.93		         0		-999.00
-999	1502587345	3600		263.93		         0		-999.00
-999	1502590945	3600		263.93		         0		-999.00
-999	1502594545	3600		263.93		         0		-999.00
-999	1502598145	3600		263.93		         0		-999.00
-999	1502601745	3600		263.93		         0		-999.00
-999	1502605345	3600		260.67		         0		-999.00
-999	1502608945	3600		260.48		         0		-999.00
-999	1502612545	3600		260.59		         0		-999.00
-999	1502616145	3600		260.62		         0		-999.00
-999	1502619745	3600		260.62		         0		-999.00
-999	1502623345	3600		260.62		         0		-999.00
-999	1502626945	3600		260.62		         0		-999.00
-999	1502630545	3600		260.62		         0		-999.00
-999	1502634145	3600		260.62		         0		-999.00
-999	1502637745	3600		260.62		         0		-999.00
-999	1502641345	3600		260.62		         0		-999.00
-999	1502644945	3600		260.62		         0		-999.00
-999	1502648545	3600		260.62		         0		-999.00
-999	1502652145	3600		260.62		         0		-999.00
-999	1502655745	3600		260.62		         0		-999.00
-999	1502659345	3600		260.62		         0		-999.00
-999	1502662945	3600		260.42		         0		-999.00
-999	1502666545	3600		260.99		         0		-999.00
-999	1502667163	618		260.48		         0		-999.00
6079	1502668363	1200		265.59		  50423215		281.00
6079	1502671963	3600		265.65		  52625217		278.00
6079	1502675563	3600		260.83		  48843079		 10.00
6079	1502677876	2313		260.83		  45058443		 10.00
-999	1502679076	1200		260.57		         0		-999.00
-999	1502682676	3600		260.59		         0		-999.00
-999	1502686276	3600		260.84		         0		-999.00
-999	1502689876	3600		260.84		         0		-999.00
-999	1502693476	3600		260.85		         0		-999.00
-999	1502697076	3600		260.88		         0		-999.00
-999	1502700676	3600		260.94		         0		-999.00
-999	1502704276	3600		260.90		         0		-999.00
-999	1502705360	1084		260.90		         0		-999.00
6082	1502706560	1200		267.08		  88623512		301.00
6082	1502710160	3600		267.20		  92659830		294.50
6082	1502713760	3600		266.99		  85452199		293.50
6082	1502717360	3600		266.79		  78696109		291.00
6082	1502720960	3600		266.68		  75172034		288.50
6082	1502724560	3600		266.52		  69935912		287.50
6082	1502727074	2514		266.06		  62978171		284.00
-999	1502728274	1200		260.39		         0		-999.00
-999	1502731874	3600		260.91		         0		-999.00
-999	1502735474	3600		260.91		         0		-999.00
-999	1502739074	3600		260.42		         0		-999.00
-999	1502739416	342		260.42		         0		-999.00
6084	1502740616	1200		267.42		 103371958		308.50
6084	1502744216	3600		267.54		 107350308		302.00
6084	1502747816	3600		267.32		 100318039		301.00
6084	1502751416	3600		267.14		  94017586		299.50
6084	1502755016	3600		266.98		  88737543		297.00
6084	1502758616	3600		266.81		  83153765		295.00
6084	1502761052	2436		266.53		  74844817		289.50
-999	1502762252	1200		260.45		         0		-999.00
-999	1502765852	3600		260.45		         0		-999.00
-999	1502769452	3600		260.49		         0		-999.00
-999	1502773052	3600		261.02		         0		-999.00
-999	1502776612	3560		260.54		         0		-999.00
6086	1502777812	1200		268.06		 119360658		312.00
6086	1502781412	3600		268.21		 123193804		310.00
6086	1502785012	3600		267.91		 113182012		308.50
6086	1502786673	1661		267.84		 110961570		306.00
-999	1502787873	1200		263.91		         0		-999.00
-999	1502791473	3600		263.93		         0		-999.00
-999	1502795073	3600		263.93		         0		-999.00
-999	1502798673	3600		263.93		         0		-999.00
-999	1502802273	3600		260.67		         0		-999.00
-999	1502805873	3600		260.47		         0		-999.00
-999	1502809473	3600		260.82		         0		-999.00
-999	1502813073	3600		260.59		         0		-999.00
-999	1502816673	3600		260.60		         0		-999.00
-999	1502820273	3600		260.60		         0		-999.00
-999	1502823873	3600		260.60		         0		-999.00
-999	1502827473	3600		260.60		         0		-999.00
-999	1502831073	3600		260.60		         0		-999.00
-999	1502831182	109		260.86		         0		-999.00
6089	1502832382	1200		267.88		 114519865		316.00
6089	1502835982	3600		268.14		 120334562		313.50
6089	1502839582	3600		267.89		 112289492		309.00
6089	1502843182	3600		267.68		 105203223		307.00
6089	1502846782	3600		267.51		  99420409		304.50
6089	1502850382	3600		267.32		  93125555		302.00
6089	1502853982	3600		267.15		  87437696		300.00
6089	1502855100	1118		266.30		  70803893		298.00
-999	1502856300	1200		260.90		         0		-999.00
-999	1502859900	3600		260.65		         0		-999.00
-999	1502863500	3600		260.65		         0		-999.00
-999	1502867100	3600		260.65		         0		-999.00
-999	1502867395	295		260.65		         0		-999.00
6090	1502868595	1200		268.84		 138277343		323.00
6090	1502872195	3600		269.07		 145789375		323.00
6090	1502875795	3600		268.71		 133879077		323.50
6090	1502879395	3600		268.52		 127661267		316.00
6090	1502882995	3600		268.23		 117710349		313.50
6090	1502886595	3600		268.07		 112530059		312.00
6090	1502888937	2342		267.87		 105972258		312.00
-999	1502890137	1200		263.75		         0		-999.00
-999	1502893737	3600		260.50		         0		-999.00
-999	1502897337	3600		260.50		         0		-999.00
-999	1502900405	3068		260.58		         0		-999.00
6091	1502901605	1200		269.55		 154868582		331.00
6091	1502905205	3600		269.05		 146434911		328.50
6091	1502908805	3600		268.84		 139351788		328.50
6091	1502912405	3600		268.64		 132723035		324.00
6091	1502916005	3600		268.34		 122673731		321.00
6091	1502919605	3600		268.18		 117217534		319.00
6091	1502922925	3320		267.51		 104722228		314.00
-999	1502924125	1200		260.54		         0		-999.00
-999	1502927725	3600		260.54		         0		-999.00
-999	1502931325	3600		260.54		         0		-999.00
-999	1502934925	3600		261.09		         0		-999.00
-999	1502938525	3600		260.58		         0		-999.00
-999	1502940608	2083		260.86		         0		-999.00
6093	1502941808	1200		269.17		 146457091		338.50
6093	1502945408	3600		269.29		 150433079		331.00
6093	1502948442	3034		269.04		 141945114		330.00
-999	1502949642	1200		263.81		         0		-999.00
-999	1502953242	3600		263.81		         0		-999.00
-999	1502956842	3600		261.09		         0		-999.00
-999	1502960442	3600		260.60		         0		-999.00
-999	1502960761	319		260.60		         0		-999.00
6094	1502961961	1200		269.36		 145660867		341.00
6094	1502965561	3600		269.65		 155452067		335.50
6094	1502967522	1961		269.40		 146843851		332.50
-999	1502968722	1200		263.58		         0		-999.00
-999	1502972322	3600		263.60		         0		-999.00
-999	1502975922	3600		263.60		         0		-999.00
-999	1502976979	1057		263.60		         0		-999.00
6096	1502978179	1200		269.39		 145986302		340.50
6096	1502981779	3600		269.62		 153439108		335.50
6096	1502985379	3600		269.33		 143874997		331.50
6096	1502988529	3150		269.13		 137076395		326.50
-999	1502989729	1200		263.76		         0		-999.00
-999	1502993329	3600		260.76		         0		-999.00
-999	1502996929	3600		260.54		         0		-999.00
-999	1502998946	2017		260.60		         0		-999.00
6097	1503000146	1200		269.26		 140995567		341.00
6097	1503003746	3600		268.97		 150272737		332.00
6097	1503007346	3600		268.90		 139622908		333.50
6097	1503010946	3600		268.70		 132989738		328.00
6097	1503014546	3600		268.43		 123984842		327.50
6097	1503018146	3600		267.56		 119090086		286.00
6097	1503021746	3600		267.82		 112133974		322.50
6097	1503025346	3600		267.58		 104002935		317.50
6097	1503028946	3600		267.43		  98834715		319.00
6097	1503032546	3600		267.28		  94165320		316.50
6097	1503036146	3600		267.15		  89527953		314.00
6097	1503039746	3600		266.74		  84514997		313.00
6097	1503043346	3600		260.93		  76960687		 10.00
6097	1503044345	999		260.93		  77355501		 10.00
-999	1503045545	1200		260.42		         0		-999.00
-999	1503049145	3600		260.99		         0		-999.00
-999	1503052745	3600		260.53		         0		-999.00
-999	1503052817	72		260.78		         0		-999.00
6098	1503054017	1200		269.64		 154753722		344.50
6098	1503057617	3600		269.80		 160074862		345.00
6098	1503060648	3031		269.52		 150668029		338.00
-999	1503061848	1200		263.90		         0		-999.00
-999	1503065448	3600		260.65		         0		-999.00
-999	1503069048	3600		260.65		         0		-999.00
-999	1503072648	3600		260.39		         0		-999.00
-999	1503076248	3600		260.39		         0		-999.00
-999	1503079848	3600		263.90		         0		-999.00
-999	1503083448	3600		263.90		         0		-999.00
-999	1503087048	3600		260.39		         0		-999.00
-999	1503090648	3600		260.43		         0		-999.00
-999	1503094248	3600		260.42		         0		-999.00
-999	1503097848	3600		260.42		         0		-999.00
-999	1503101448	3600		260.75		         0		-999.00
-999	1503105048	3600		260.49		         0		-999.00
-999	1503108648	3600		260.54		         0		-999.00
-999	1503112248	3600		260.54		         0		-999.00
-999	1503115848	3600		260.54		         0		-999.00
-999	1503119448	3600		260.54		         0		-999.00
-999	1503123048	3600		260.54		         0		-999.00
-999	1503126648	3600		260.54		         0		-999.00
-999	1503130248	3600		260.56		         0		-999.00
-999	1503133848	3600		260.60		         0		-999.00
-999	1503133870	22		260.60		         0		-999.00
6104	1503135070	1200		268.35		 128465271		340.00
6104	1503138670	3600		268.49		 132936549		333.50
6104	1503142270	3600		268.22		 123981299		331.50
6104	1503145870	3600		268.05		 118212735		326.00
6104	1503149470	3600		267.80		 110072319		323.50
6104	1503153070	3600		267.59		 105184238		319.00
6104	1503156670	3600		267.38		  98302174		320.00
6104	1503160270	3600		267.18		  91535626		320.00
6104	1503163870	3600		267.00		  87456346		317.50
6104	1503167470	3600		260.81		  79966327		 10.00
6104	1503168259	789		260.81		  80288272		 10.00
-999	1503169459	1200		260.54		         0		-999.00
-999	1503173059	3600		260.59		         0		-999.00
-999	1503176367	3308		260.61		         0		-999.00
6105	1503177567	1200		268.95		 139147426		346.50
6105	1503181167	3600		269.07		 143040382		341.50
6105	1503184767	3600		268.86		 135897385		339.50
6105	1503188367	3600		268.60		 127250030		336.00
6105	1503189370	1003		268.41		 121001788		333.50
-999	1503190570	1200		263.61		         0		-999.00
-999	1503194170	3600		263.61		         0		-999.00
-999	1503197770	3600		263.61		         0		-999.00
-999	1503201370	3600		263.61		         0		-999.00
-999	1503204970	3600		263.61		         0		-999.00
-999	1503208570	3600		263.61		         0		-999.00
-999	1503212170	3600		263.61		         0		-999.00
-999	1503215770	3600		263.61		         0		-999.00
-999	1503219370	3600		263.61		         0		-999.00
-999	1503222970	3600		260.61		         0		-999.00
-999	1503226570	3600		260.62		         0		-999.00
-999	1503230170	3600		260.62		         0		-999.00
-999	1503231046	876		260.65		         0		-999.00
6106	1503232246	1200		268.58		 132205312		344.00
6106	1503235846	3600		268.87		 141853462		339.50
6106	1503239446	3600		268.58		 132332508		339.50
6106	1503243046	3600		268.41		 126803562		334.50
6106	1503246646	3600		268.16		 118433272		333.50
6106	1503250246	3600		267.43		 113645918		287.00
6106	1503253846	3600		267.58		 106568456		327.50
6106	1503257446	3600		267.39		 100337897		327.00
6106	1503261046	3600		267.22		  94551177		324.50
6106	1503264646	3600		267.12		  91293162		323.00
6106	1503268246	3600		266.95		  85541955		321.00
6106	1503271846	3600		266.56		  81507832		287.00
6106	1503275446	3600		266.71		  77321766		316.50
6106	1503277270	1824		260.84		  67897416		 10.00
-999	1503278470	1200		260.58		         0		-999.00
-999	1503282070	3600		260.59		         0		-999.00
-999	1503285670	3600		260.59		         0		-999.00
-999	1503289270	3600		260.59		         0		-999.00
-999	1503292870	3600		260.59		         0		-999.00
-999	1503296470	3600		260.91		         0		-999.00
-999	1503300070	3600		260.67		         0		-999.00
-999	1503303670	3600		260.67		         0		-999.00
-999	1503307270	3600		260.67		         0		-999.00
-999	1503310870	3600		260.67		         0		-999.00
-999	1503313945	3075		260.67		         0		-999.00
6110	1503315145	1200		268.43		 123364740		345.50
6110	1503318745	3600		268.13		 131666236		341.50
6110	1503322345	3600		268.29		 121581306		340.00
6110	1503325945	3600		267.52		 114389265		292.00
6110	1503329545	3600		267.84		 108199441		334.50
6110	1503333145	3600		266.91		 102031331		291.00
6110	1503336745	3600		267.19		  94510162		326.50
6110	1503340345	3600		267.03		  89154496		324.00
6110	1503343945	3600		266.88		  83766146		324.50
6110	1503347545	3600		266.76		  79766608		322.00
6110	1503351145	3600		266.61		  74865755		320.00
6110	1503354745	3600		266.49		  70810828		317.50
6110	1503357979	3234		261.07		  64104049		 10.00
-999	1503359179	1200		260.82		         0		-999.00
-999	1503362779	3600		260.59		         0		-999.00
-999	1503366379	3600		260.59		         0		-999.00
-999	1503369979	3600		260.61		         0		-999.00
-999	1503373579	3600		260.61		         0		-999.00
-999	1503377179	3600		260.61		         0		-999.00
-999	1503380779	3600		260.61		         0		-999.00
-999	1503384333	3554		260.88		         0		-999.00
6114	1503385533	1200		269.05		 145187335		351.00
6114	1503389133	3600		268.65		 131584662		347.00
6114	1503392733	3600		268.52		 127162840		342.00
6114	1503392777	44		266.81		  70181049		344.50
-999	1503393977	1200		256.48		         0		-999.00
-999	1503397577	3600		263.60		         0		-999.00
-999	1503401177	3600		263.85		         0		-999.00
-999	1503404777	3600		260.60		         0		-999.00
-999	1503408377	3600		260.60		         0		-999.00
-999	1503411977	3600		260.67		         0		-999.00
-999	1503415577	3600		263.67		         0		-999.00
-999	1503419177	3600		263.93		         0		-999.00
-999	1503422777	3600		260.71		         0		-999.00
-999	1503426377	3600		260.71		         0		-999.00
-999	1503429977	3600		260.71		         0		-999.00
-999	1503433577	3600		260.71		         0		-999.00
-999	1503436845	3268		260.71		         0		-999.00
6116	1503438045	1200		267.82		 109516001		335.00
6116	1503441645	3600		268.77		 133589697		344.50
6116	1503445245	3600		268.25		 116198971		337.00
6116	1503448845	3600		267.87		 103523140		334.50
6116	1503452445	3600		267.67		  96684237		333.50
6116	1503456045	3600		267.56		  93150287		328.50
6116	1503457583	1538		267.46		  89953935		328.50
-999	1503458783	1200		264.14		         0		-999.00
-999	1503462383	3600		264.14		         0		-999.00
-999	1503465983	3600		263.62		         0		-999.00
-999	1503469583	3600		260.88		         0		-999.00
-999	1503473183	3600		263.65		         0		-999.00
-999	1503476783	3600		263.94		         0		-999.00
-999	1503480383	3600		263.69		         0		-999.00
-999	1503483778	3395		263.70		         0		-999.00
6119	1503484978	1200		268.44		 121717549		354.50
6119	1503488578	3600		268.78		 133129090		346.00
6119	1503492178	3600		268.46		 122209097		342.50
6119	1503495778	3600		268.23		 117147020		341.50
6119	1503499378	3600		267.97		 108399409		337.00
6119	1503502978	3600		267.84		 104242190		334.00
6119	1503505045	2067		267.68		  98996877		334.00
-999	1503506245	1200		263.60		         0		-999.00
-999	1503509845	3600		260.60		         0		-999.00
-999	1503513445	3600		260.65		         0		-999.00
-999	1503517045	3600		263.65		         0		-999.00
-999	1503520645	3600		260.67		         0		-999.00
-999	1503524245	3600		260.67		         0		-999.00
-999	1503527845	3600		263.71		         0		-999.00
-999	1503531445	3600		260.71		         0		-999.00
-999	1503535045	3600		260.73		         0		-999.00
-999	1503538645	3600		260.73		         0		-999.00
-999	1503541333	2688		260.73		         0		-999.00
6123	1503542533	1200		271.15		 204602801		395.00
6123	1503542966	433		271.99		 232808035		395.00
-999	1503544166	1200		263.67		         0		-999.00
-999	1503547766	3600		263.71		         0		-999.00
-999	1503551366	3600		263.71		         0		-999.00
-999	1503554966	3600		263.71		         0		-999.00
-999	1503558566	3600		263.71		         0		-999.00
-999	1503562166	3600		263.71		         0		-999.00
-999	1503565766	3600		260.71		         0		-999.00
-999	1503569366	3600		260.73		         0		-999.00
-999	1503572966	3600		260.78		         0		-999.00
-999	1503576566	3600		260.82		         0		-999.00
-999	1503580166	3600		260.61		         0		-999.00
-999	1503583766	3600		263.87		         0		-999.00
-999	1503587366	3600		263.61		         0		-999.00
-999	1503590966	3600		263.87		         0		-999.00
-999	1503594566	3600		263.87		         0		-999.00
-999	1503598166	3600		263.87		         0		-999.00
-999	1503601766	3600		263.87		         0		-999.00
-999	1503605366	3600		263.87		         0		-999.00
-999	1503608966	3600		263.87		         0		-999.00
-999	1503612566	3600		263.87		         0		-999.00
-999	1503616166	3600		263.87		         0		-999.00
-999	1503619766	3600		263.87		         0		-999.00
-999	1503623366	3600		263.87		         0		-999.00
-999	1503626966	3600		263.87		         0		-999.00
-999	1503630566	3600		263.87		         0		-999.00
-999	1503634166	3600		263.87		         0		-999.00
-999	1503637766	3600		263.61		         0		-999.00
-999	1503641366	3600		263.61		         0		-999.00
-999	1503644966	3600		263.61		         0		-999.00
-999	1503648566	3600		263.87		         0		-999.00
-999	1503652166	3600		263.88		         0		-999.00
-999	1503655766	3600		263.88		         0		-999.00
-999	1503659366	3600		263.88		         0		-999.00
-999	1503662966	3600		263.88		         0		-999.00
-999	1503666566	3600		263.88		         0		-999.00
-999	1503670166	3600		263.88		         0		-999.00
-999	1503673766	3600		263.88		         0		-999.00
-999	1503677366	3600		263.88		         0		-999.00
-999	1503680966	3600		263.88		         0		-999.00
-999	1503684566	3600		263.88		         0		-999.00
-999	1503688166	3600		263.88		         0		-999.00
-999	1503691766	3600		263.88		         0		-999.00
-999	1503695366	3600		263.88		         0		-999.00
-999	1503698966	3600		260.67		         0		-999.00
-999	1503702566	3600		260.67		         0		-999.00
-999	1503706166	3600		260.72		         0		-999.00
-999	1503709766	3600		260.98		         0		-999.00
-999	1503713366	3600		261.00		         0		-999.00
-999	1503716966	3600		260.76		         0		-999.00
-999	1503720566	3600		260.76		         0		-999.00
-999	1503724166	3600		260.53		         0		-999.00
-999	1503727766	3600		260.53		         0		-999.00
-999	1503731366	3600		260.53		         0		-999.00
-999	1503734966	3600		260.53		         0		-999.00
-999	1503738566	3600		260.78		         0		-999.00
-999	1503742166	3600		260.54		         0		-999.00
-999	1503745766	3600		260.82		         0		-999.00
-999	1503748544	2778		260.62		         0		-999.00
6136	1503749744	1200		267.01		  86808226		332.50
6136	1503753344	3600		267.12		  90605697		328.50
6136	1503756944	3600		266.93		  84203342		326.00
6136	1503760544	3600		266.78		  79937481		323.50
6136	1503764144	3600		266.62		  74515180		323.50
6136	1503767181	3037		266.51		  70963585		320.50
-999	1503768381	1200		264.12		         0		-999.00
-999	1503771981	3600		264.12		         0		-999.00
-999	1503775581	3600		264.12		         0		-999.00
-999	1503779181	3600		263.87		         0		-999.00
-999	1503782781	3600		263.87		         0		-999.00
-999	1503786381	3600		263.87		         0		-999.00
-999	1503789981	3600		263.87		         0		-999.00
-999	1503793581	3600		263.87		         0		-999.00
-999	1503797181	3600		263.87		         0		-999.00
-999	1503800781	3600		263.87		         0		-999.00
-999	1503804381	3600		263.87		         0		-999.00
-999	1503807981	3600		263.87		         0		-999.00
-999	1503811581	3600		263.87		         0		-999.00
-999	1503815181	3600		260.61		         0		-999.00
-999	1503818781	3600		260.71		         0		-999.00
-999	1503819054	273		260.71		         0		-999.00
6138	1503820254	1200		267.73		 102926571		342.50
6138	1503823854	3600		267.94		 109732031		336.00
6138	1503827454	3600		267.68		 101058042		331.00
6138	1503831054	3600		267.51		  95483722		331.00
6138	1503831666	612		267.49		  94787966		327.00
-999	1503832866	1200		263.79		         0		-999.00
-999	1503836466	3600		260.79		         0		-999.00
-999	1503840066	3600		260.79		         0		-999.00
-999	1503843666	3600		263.80		         0		-999.00
-999	1503847266	3600		260.80		         0		-999.00
-999	1503850866	3600		260.55		         0		-999.00
-999	1503850935	69		260.55		         0		-999.00
6140	1503852135	1200		269.02		 141498615		359.50
6140	1503855735	3600		269.16		 146305692		355.00
6140	1503859335	3600		268.88		 136691642		352.00
6140	1503862935	3600		268.60		 127628651		347.00
6140	1503866535	3600		268.31		 117775119		342.00
6140	1503870135	3600		268.10		 110870101		340.50
6140	1503873735	3600		267.89		 103861492		337.50
6140	1503877335	3600		267.67		  96565648		335.00
6140	1503880935	3600		267.51		  91301182		335.50
6140	1503884535	3600		267.41		  87762304		333.50
6140	1503888135	3600		267.23		  81944968		331.50
6140	1503891735	3600		266.86		  77995257		331.00
6140	1503895335	3600		266.73		  73591722		326.00
6140	1503898935	3600		266.57		  70191848		326.50
6140	1503899521	586		261.20		  67228495		 10.00
-999	1503900721	1200		260.75		         0		-999.00
-999	1503904321	3600		260.75		         0		-999.00
-999	1503907921	3600		260.75		         0		-999.00
-999	1503908498	577		260.75		         0		-999.00
6141	1503909698	1200		268.69		 132422337		358.00
6141	1503912502	2804		268.87		 138444773		357.00
-999	1503913702	1200		263.83		         0		-999.00
-999	1503917302	3600		260.85		         0		-999.00
-999	1503920902	3600		260.69		         0		-999.00
-999	1503922323	1421		260.77		         0		-999.00
6142	1503923523	1200		269.09		 138500519		364.50
6142	1503927123	3600		269.25		 144085877		357.00
6142	1503930723	3600		268.72		 132765956		355.00
6142	1503934323	3600		268.50		 125370155		352.00
6142	1503937923	3600		267.69		 116265044		313.00
6142	1503941523	3600		268.08		 111214553		346.50
6142	1503945123	3600		267.81		 102316317		342.00
6142	1503948723	3600		267.35		  96197893		339.50
6142	1503952323	3600		267.18		  90794518		339.50
6142	1503955923	3600		267.04		  85849872		337.00
6142	1503959523	3600		266.88		  80771548		334.00
6142	1503963123	3600		266.76		  76539801		331.50
6142	1503966723	3600		266.62		  71857445		331.00
6142	1503970323	3600		266.52		  68612853		330.50
6142	1503973432	3109		266.32		  62140436		327.50
-999	1503974632	1200		260.62		         0		-999.00
-999	1503978232	3600		260.65		         0		-999.00
-999	1503981832	3600		260.93		         0		-999.00
-999	1503982440	608		260.67		         0		-999.00
6143	1503983640	1200		268.73		 133641859		367.00
6143	1503987240	3600		268.90		 139052773		360.50
6143	1503990840	3600		268.56		 127952588		357.50
6143	1503994440	3600		268.40		 123547959		352.50
6143	1503998040	3600		268.10		 113530135		352.50
6143	1504001640	3600		267.96		 108849249		347.50
6143	1504005240	3600		267.74		 101714014		345.00
6143	1504008840	3600		267.55		  95451088		343.00
6143	1504012440	3600		267.40		  90324263		342.00
6143	1504016040	3600		267.28		  86308985		339.00
6143	1504019640	3600		267.14		  81667748		339.00
6143	1504023240	3600		267.00		  77158804		336.50
6143	1504026840	3600		266.90		  73513371		334.50
6143	1504030440	3600		266.37		  66919175		329.00
6143	1504032055	1615		260.84		  66563364		 10.00
-999	1504033255	1200		260.86		         0		-999.00
-999	1504036855	3600		260.61		         0		-999.00
-999	1504040455	3600		260.72		         0		-999.00
-999	1504044055	3600		260.79		         0		-999.00
-999	1504047655	3600		260.79		         0		-999.00
-999	1504051255	3600		260.79		         0		-999.00
-999	1504054855	3600		260.79		         0		-999.00
-999	1504057191	2336		260.79		         0		-999.00
6146	1504058391	1200		268.84		 130568181		370.50
6146	1504058494	103		269.14		 140514300		370.50
-999	1504059694	1200		263.82		         0		-999.00
-999	1504063294	3600		260.56		         0		-999.00
-999	1504066894	3600		260.56		         0		-999.00
-999	1504068463	1569		260.56		         0		-999.00
6147	1504069663	1200		267.91		 134343861		312.50
6147	1504073263	3600		268.25		 144487899		313.00
6147	1504076863	3600		268.68		 132931842		366.50
6147	1504080463	3600		268.44		 124959045		359.00
6147	1504084063	3600		268.20		 117160869		356.50
6147	1504087663	3600		268.01		 110661611		354.00
6147	1504091263	3600		267.81		 103893203		352.00
6147	1504094863	3600		267.38		  98869761		349.00
6147	1504098463	3600		267.25		  92927827		349.00
6147	1504102063	3600		267.12		  88018068		346.50
6147	1504105663	3600		266.91		  81896400		342.50
6147	1504109263	3600		266.78		  77819301		340.50
6147	1504112863	3600		266.65		  73484882		338.50
6147	1504116463	3600		266.53		  69920213		338.00
6147	1504120063	3600		260.90		  63696985		 10.00
6147	1504120694	631		260.90		  67810459		 10.00
-999	1504121894	1200		260.93		         0		-999.00
-999	1504125494	3600		263.93		         0		-999.00
-999	1504129094	3600		263.93		         0		-999.00
-999	1504132694	3600		260.67		         0		-999.00
-999	1504136294	3600		260.69		         0		-999.00
-999	1504139894	3600		260.78		         0		-999.00
-999	1504143494	3600		260.55		         0		-999.00
-999	1504147094	3600		260.80		         0		-999.00
-999	1504150694	3600		260.80		         0		-999.00
-999	1504154294	3600		263.80		         0		-999.00
-999	1504157894	3600		263.80		         0		-999.00
-999	1504161494	3600		264.06		         0		-999.00
-999	1504165094	3600		263.79		         0		-999.00
-999	1504168694	3600		260.80		         0		-999.00
-999	1504172294	3600		260.82		         0		-999.00
-999	1504174637	2343		260.56		         0		-999.00
6152	1504175837	1200		267.77		 102814155		399.50
6152	1504179437	3600		267.90		 106938175		395.50
6152	1504183037	3600		267.68		  99742518		394.00
6152	1504186637	3600		267.50		  93500229		390.00
6152	1504190237	3600		267.33		  87990023		389.00
6152	1504193837	3600		267.18		  82945166		387.00
6152	1504197079	3242		260.83		  75339892		 10.00
-999	1504198279	1200		260.57		         0		-999.00
-999	1504201879	3600		260.67		         0		-999.00
-999	1504205479	3600		261.00		         0		-999.00
-999	1504209079	3600		260.75		         0		-999.00
-999	1504212679	3600		261.01		         0		-999.00
-999	1504216279	3600		260.75		         0		-999.00
-999	1504219001	2722		260.57		         0		-999.00
6155	1504220201	1200		267.84		 106533043		404.00
6155	1504221588	1387		268.17		 117484303		401.50
-999	1504222788	1200		260.79		         0		-999.00
-999	1504226388	3600		260.80		         0		-999.00
-999	1504229531	3143		260.55		         0		-999.00
6156	1504230731	1200		267.83		 105956369		402.00
6156	1504234331	3600		267.93		 109158334		398.00
6156	1504237931	3600		267.71		 101960532		398.00
6156	1504241531	3600		267.53		  95786417		392.50
6156	1504245131	3600		267.33		  89317110		390.50
6156	1504248731	3600		267.20		  84782324		391.50
6156	1504252331	3600		267.04		  79417738		388.50
6156	1504255931	3600		266.88		  74173769		386.00
6156	1504259531	3600		266.40		  68194896		354.00
6156	1504260509	978		266.28		  64768332		386.00
-999	1504261709	1200		263.83		         0		-999.00
-999	1504265309	3600		263.22		         0		-999.00
-999	1504268909	3600		264.05		         0		-999.00
-999	1504272509	3600		263.73		         0		-999.00
-999	1504276109	3600		263.73		         0		-999.00
-999	1504279709	3600		260.76		         0		-999.00
-999	1504283309	3600		260.77		         0		-999.00
-999	1504283884	575		260.77		         0		-999.00
6158	1504285084	1200		268.22		 118676238		403.50
6158	1504288684	3600		267.95		 109700410		402.50
6158	1504292284	3600		267.57		  98824116		398.00
6158	1504295884	3600		267.53		  97410360		399.00
6158	1504299484	3600		267.29		  89218587		395.00
6158	1504303084	3600		267.18		  85745878		393.50
6158	1504304550	1466		266.50		  72671646		389.50
-999	1504305750	1200		263.81		         0		-999.00
-999	1504309350	3600		260.85		         0		-999.00
-999	1504312950	3600		260.60		         0		-999.00
-999	1504315680	2730		260.61		         0		-999.00
6159	1504316880	1200		267.86		 115203783		368.50
6159	1504320480	3600		268.28		 121056142		410.50
6159	1504324080	3600		268.09		 116019359		409.00
6159	1504327680	3600		267.87		 108764652		406.50
6159	1504331280	3600		267.67		 102153359		405.00
6159	1504332187	907		267.58		  99025489		403.50
-999	1504333387	1200		263.82		         0		-999.00
-999	1504336987	3600		263.82		         0		-999.00
-999	1504340587	3600		263.82		         0		-999.00
-999	1504341975	1388		263.82		         0		-999.00
6160	1504343175	1200		268.25		 119745967		410.50
6160	1504346775	3600		268.31		 121832875		410.50
6160	1504350375	3600		268.04		 112724470		411.00
6160	1504353975	3600		267.88		 107521941		406.50
6160	1504357575	3600		267.64		  99467050		404.50
6160	1504361175	3600		267.52		  95484242		403.00
6160	1504364775	3600		266.98		  85366583		401.00
6160	1504364957	182		267.32		  96756743		335.00
-999	1504366157	1200		263.87		         0		-999.00
-999	1504369757	3600		263.90		         0		-999.00
-999	1504373357	3600		263.90		         0		-999.00
-999	1504376957	3600		263.90		         0		-999.00
-999	1504380557	3600		263.90		         0		-999.00
-999	1504384157	3600		263.90		         0		-999.00
-999	1504387757	3600		263.90		         0		-999.00
-999	1504391357	3600		263.90		         0		-999.00
-999	1504394957	3600		260.65		         0		-999.00
-999	1504398557	3600		260.65		         0		-999.00
-999	1504402157	3600		260.65		         0		-999.00
-999	1504402238	81		260.65		         0		-999.00
6161	1504403438	1200		268.58		 128534743		425.00
6161	1504407038	3600		268.85		 137781836		421.50
6161	1504410638	3600		268.54		 127331111		419.50
6161	1504414238	3600		268.31		 121310385		417.50
6161	1504417838	3600		268.06		 112945798		415.50
6161	1504421438	3600		267.87		 106626954		415.00
6161	1504425038	3600		267.70		 100873800		409.50
6161	1504428638	3600		267.49		  94018351		408.00
6161	1504432238	3600		267.36		  89604716		406.00
6161	1504435838	3600		267.23		  85203847		405.50
6161	1504439438	3600		267.08		  80228336		404.00
6161	1504441810	2372		266.49		  72446880		402.50
-999	1504443010	1200		260.81		         0		-999.00
-999	1504446610	3600		260.56		         0		-999.00
-999	1504450210	3600		260.56		         0		-999.00
-999	1504453810	3600		260.66		         0		-999.00
-999	1504457410	3600		260.72		         0		-999.00
-999	1504461010	3600		260.73		         0		-999.00
-999	1504464610	3600		260.73		         0		-999.00
-999	1504468210	3600		260.75		         0		-999.00
-999	1504471433	3223		260.76		         0		-999.00
6165	1504472633	1200		267.65		 103098996		411.50
6165	1504476233	3600		267.86		 109889259		411.50
6165	1504479833	3600		267.60		 101274388		409.00
6165	1504483433	3600		267.29		  91420368		405.50
6165	1504487033	3600		267.23		  89562972		405.00
6165	1504490633	3600		267.07		  84285726		403.00
6165	1504494233	3600		266.89		  78948044		400.00
6165	1504497833	3600		266.72		  73310180		399.50
6165	1504501433	3600		266.59		  68844392		397.00
6165	1504505033	3600		265.97		  65426646		363.50
6165	1504508633	3600		266.07		  60225104		395.50
6165	1504508906	273		261.00		  64540573		  9.00
-999	1504510106	1200		260.79		         0		-999.00
-999	1504513706	3600		263.79		         0		-999.00
-999	1504517306	3600		263.86		         0		-999.00
-999	1504520906	3600		260.62		         0		-999.00
-999	1504524506	3600		260.62		         0		-999.00
-999	1504528106	3600		260.77		         0		-999.00
-999	1504531706	3600		260.77		         0		-999.00
-999	1504535306	3600		260.77		         0		-999.00
-999	1504538906	3600		261.02		         0		-999.00
-999	1504539724	818		260.77		         0		-999.00
6167	1504540924	1200		267.30		  89100247		413.00
6167	1504544524	3600		267.50		  95600306		406.50
6167	1504548124	3600		267.26		  87734472		406.00
6167	1504551724	3600		267.19		  85483661		404.00
6167	1504555324	3600		267.02		  79814090		402.50
6167	1504558924	3600		266.60		  74888026		398.50
6167	1504559549	625		266.60		  74967524		401.00
-999	1504560749	1200		260.56		         0		-999.00
-999	1504564349	3600		260.62		         0		-999.00
-999	1504567949	3600		260.94		         0		-999.00
-999	1504568884	935		260.69		         0		-999.00
6168	1504570084	1200		267.75		 104431097		424.50
6168	1504573684	3600		267.95		 111142628		418.00
6168	1504577284	3600		267.72		 103424713		417.50
6168	1504580884	3600		267.59		  99089723		412.00
6168	1504584484	3600		267.22		  89503800		410.00
6168	1504585317	833		260.99		  90362741		  9.00
-999	1504586517	1200		263.73		         0		-999.00
-999	1504590117	3600		260.77		         0		-999.00
-999	1504593717	3600		260.77		         0		-999.00
-999	1504595744	2027		260.77		         0		-999.00
6169	1504596944	1200		268.24		 120027170		434.50
6169	1504600544	3600		268.42		 126218017		428.00
6169	1504604144	3600		267.80		 118584613		418.00
6169	1504607744	3600		268.08		 110756468		424.50
6169	1504611344	3600		267.87		 103906056		421.00
6169	1504614944	3600		267.72		  98971877		419.00
6169	1504618544	3600		267.31		  94262114		418.50
6169	1504619996	1452		266.91		  79810006		414.00
-999	1504621196	1200		260.70		         0		-999.00
-999	1504624796	3600		261.05		         0		-999.00
-999	1504628396	3600		260.84		         0		-999.00
-999	1504629946	1550		260.70		         0		-999.00
6170	1504631146	1200		269.29		 143890778		451.00
6170	1504634746	3600		269.46		 149650381		443.50
6170	1504638346	3600		269.19		 140678020		444.50
6170	1504641946	3600		268.82		 133923220		439.00
6170	1504645546	3600		268.24		 124249155		402.50
6170	1504646249	703		267.71		 103641270		432.00
-999	1504647449	1200		263.79		         0		-999.00
-999	1504651049	3600		260.77		         0		-999.00
-999	1504654649	3600		261.03		         0		-999.00
-999	1504655779	1130		260.77		         0		-999.00
6171	1504656979	1200		269.76		 158818262		462.00
6171	1504660579	3600		269.95		 165099774		455.00
6171	1504664179	3600		268.97		 154292681		387.00
6171	1504667779	3600		269.51		 149511857		452.00
6171	1504671379	3600		269.17		 138349662		445.00
6171	1504674979	3600		269.01		 133096402		445.00
6171	1504678579	3600		268.80		 126057960		442.00
6171	1504682179	3600		268.58		 118550689		441.50
6171	1504685155	2976		267.98		 108374806		439.50
-999	1504686355	1200		260.67		         0		-999.00
-999	1504689955	3600		263.93		         0		-999.00
-999	1504693555	3600		263.93		         0		-999.00
-999	1504697155	3600		263.99		         0		-999.00
-999	1504700755	3600		264.03		         0		-999.00
-999	1504704355	3600		263.77		         0		-999.00
-999	1504707955	3600		263.77		         0		-999.00
-999	1504711555	3600		260.78		         0		-999.00
-999	1504715155	3600		260.88		         0		-999.00
-999	1504718755	3600		260.62		         0		-999.00
-999	1504722355	3600		260.62		         0		-999.00
-999	1504723665	1310		260.88		         0		-999.00
6174	1504724865	1200		268.98		 146927717		451.00
6174	1504728465	3600		269.82		 158142250		452.50
6174	1504732065	3600		269.47		 146284621		451.50
6174	1504735665	3600		269.30		 140785837		448.50
6174	1504739265	3600		269.03		 131706188		448.00
6174	1504742865	3600		268.86		 126145553		445.50
6174	1504746465	3600		268.61		 117749644		443.00
6174	1504750065	3600		268.17		 111630632		440.50
6174	1504753665	3600		268.01		 106137225		437.50
6174	1504757265	3600		267.86		 101179758		433.50
6174	1504760865	3600		267.73		  96938000		433.50
6174	1504764465	3600		267.59		  92194793		430.00
6174	1504768065	3600		266.79		  85591492		426.50
6174	1504768259	194		266.65		  81098604		426.50
-999	1504769459	1200		260.71		         0		-999.00
-999	1504773059	3600		260.53		         0		-999.00
-999	1504776354	3295		260.56		         0		-999.00
6175	1504777554	1200		269.64		 153634641		470.00
6175	1504781154	3600		269.96		 164381802		465.00
6175	1504784754	3600		269.58		 151752168		462.50
6175	1504788354	3600		269.40		 145776437		460.50
6175	1504791954	3600		269.15		 137384714		459.00
6175	1504795554	3600		268.63		 131533590		454.00
6175	1504799154	3600		268.36		 122761514		450.00
6175	1504802754	3600		268.18		 116766408		449.00
6175	1504806354	3600		267.94		 109819551		449.00
6175	1504809954	3600		267.85		 106814011		446.00
6175	1504813554	3600		267.58		 101211179		444.00
6175	1504817154	3600		267.41		  95405592		440.50
6175	1504818322	1168		266.83		  79193575		434.50
-999	1504819522	1200		263.90		         0		-999.00
-999	1504823122	3600		260.44		         0		-999.00
-999	1504826306	3184		260.75		         0		-999.00
6176	1504827506	1200		269.65		 161279137		472.00
6176	1504831106	3600		270.18		 170490740		476.50
6176	1504833646	2540		269.91		 161496502		474.50
-999	1504834846	1200		263.93		         0		-999.00
-999	1504838446	3600		260.44		         0		-999.00
-999	1504842046	3600		260.44		         0		-999.00
-999	1504843416	1370		260.44		         0		-999.00
6177	1504844616	1200		269.94		 160765948		478.50
6177	1504848216	3600		269.85		 167920136		473.00
6177	1504851816	3600		269.78		 156950533		476.00
6177	1504855416	3600		269.53		 148627320		469.50
6177	1504859016	3600		269.26		 141192254		468.00
6177	1504862616	3600		269.01		 132952293		465.50
6177	1504866216	3600		268.82		 126647433		461.00
6177	1504869816	3600		267.99		 119895249		448.50
6177	1504873416	3600		268.04		 115196704		461.50
6177	1504877016	3600		267.85		 108991561		453.50
6177	1504880616	3600		267.70		 103981027		452.00
6177	1504884216	3600		267.53		  98296191		450.00
6177	1504887330	3114		267.26		  90662826		449.00
-999	1504888530	1200		260.76		         0		-999.00
-999	1504892130	3600		260.51		         0		-999.00
-999	1504895730	3600		260.54		         0		-999.00
-999	1504899330	3600		260.54		         0		-999.00
-999	1504902930	3600		260.54		         0		-999.00
-999	1504904165	1235		260.62		         0		-999.00
6179	1504905365	1200		270.04		 166284698		491.50
6179	1504905606	241		271.50		 214806004		494.50
-999	1504906806	1200		263.85		         0		-999.00
-999	1504910406	3600		260.39		         0		-999.00
-999	1504914006	3600		260.39		         0		-999.00
-999	1504916262	2256		260.39		         0		-999.00
6180	1504917462	1200		270.60		 178072792		502.00
6180	1504917553	91		269.88		 153979305		498.50
-999	1504918753	1200		263.88		         0		-999.00
-999	1504922353	3600		260.62		         0		-999.00
-999	1504925953	3600		260.89		         0		-999.00
-999	1504929553	3600		260.63		         0		-999.00
-999	1504933153	3600		260.63		         0		-999.00
-999	1504934440	1287		260.63		         0		-999.00
6182	1504935640	1200		269.54		 153851191		483.50
6182	1504939240	3600		269.91		 162042610		476.50
6182	1504942840	3600		269.55		 150243764		475.00
6182	1504946440	3600		269.30		 141958302		472.50
6182	1504950040	3600		269.07		 134056272		469.50
6182	1504953640	3600		268.45		 127635285		465.50
6182	1504957240	3600		268.19		 120591711		462.50
6182	1504960840	3600		267.96		 112901443		460.50
6182	1504964440	3600		267.83		 108644946		459.50
6182	1504968040	3600		267.70		 104175415		455.50
6182	1504968426	386		267.88		 110196915		455.50
-999	1504969626	1200		263.99		         0		-999.00
-999	1504973226	3600		260.50		         0		-999.00
-999	1504976826	3600		260.60		         0		-999.00
-999	1504980426	3600		263.85		         0		-999.00
-999	1504984026	3600		260.60		         0		-999.00
-999	1504987626	3600		260.62		         0		-999.00
-999	1504991226	3600		260.63		         0		-999.00
-999	1504994826	3600		260.62		         0		-999.00
-999	1504998426	3600		260.62		         0		-999.00
-999	1505001481	3055		260.40		         0		-999.00
6185	1505002681	1200		269.62		 148834307		484.50
6185	1505006281	3600		269.73		 157145596		477.00
6185	1505009881	3600		268.93		 146126935		469.50
6185	1505010590	709		268.14		 138314500		408.50
-999	1505011790	1200		263.78		         0		-999.00
-999	1505015390	3600		260.53		         0		-999.00
-999	1505018990	3600		260.54		         0		-999.00
-999	1505020270	1280		260.56		         0		-999.00
6186	1505021470	1200		269.63		 150697260		486.00
6186	1505025070	3600		268.84		 157481006		408.50
6186	1505028670	3600		269.26		 147379128		479.00
6186	1505032270	3600		269.04		 139896910		475.50
6186	1505035870	3600		268.53		 132070367		476.50
6186	1505039470	3600		268.35		 126094206		472.50
6186	1505043070	3600		268.16		 119567129		466.50
6186	1505046670	3600		267.93		 111962060		465.50
6186	1505050270	3600		267.80		 107616001		464.00
6186	1505053870	3600		267.66		 102887316		461.00
6186	1505057470	3600		267.52		  98292385		458.50
6186	1505061070	3600		267.36		  92907520		457.50
6186	1505063162	2092		266.98		  83864995		457.00
-999	1505064362	1200		263.93		         0		-999.00
-999	1505067962	3600		263.93		         0		-999.00
-999	1505071562	3600		263.93		         0		-999.00
-999	1505075162	3600		263.93		         0		-999.00
-999	1505078762	3600		263.93		         0		-999.00
-999	1505082362	3600		263.93		         0		-999.00
-999	1505085962	3600		260.42		         0		-999.00
-999	1505089562	3600		260.51		         0		-999.00
-999	1505093162	3600		260.54		         0		-999.00
-999	1505093261	99		260.79		         0		-999.00
6189	1505094461	1200		269.56		 146994447		492.00
6189	1505098061	3600		269.85		 156734848		487.00
6189	1505101661	3600		269.53		 145918142		484.50
6189	1505105261	3600		269.38		 140867701		480.50
6189	1505108861	3600		268.86		 132121588		480.50
6189	1505112461	3600		268.69		 126482936		475.50
6189	1505116061	3600		268.18		 120540228		474.00
6189	1505119661	3600		268.16		 112491876		470.50
6189	1505123261	3600		268.01		 107422559		471.00
6189	1505126861	3600		267.88		 103279590		469.00
6189	1505130461	3600		267.72		  97840264		465.00
6189	1505134061	3600		267.60		  93717159		463.00
6189	1505137661	3600		267.45		  88777147		460.00
6189	1505140369	2708		260.77		  81908193		  9.00
-999	1505141569	1200		260.77		         0		-999.00
-999	1505145169	3600		260.77		         0		-999.00
-999	1505148769	3600		260.77		         0		-999.00
-999	1505152369	3600		260.77		         0		-999.00
-999	1505155969	3600		260.77		         0		-999.00
-999	1505159569	3600		260.77		         0		-999.00
-999	1505163169	3600		260.77		         0		-999.00
-999	1505166769	3600		260.79		         0		-999.00
-999	1505170369	3600		260.79		         0		-999.00
-999	1505172050	1681		260.79		         0		-999.00
6191	1505173250	1200		269.64		 153636745		499.50
6191	1505176850	3600		269.95		 163984957		498.00
6191	1505180450	3600		269.59		 151914257		495.00
6191	1505184050	3600		269.34		 143501989		485.50
6191	1505187650	3600		268.90		 134864295		490.00
6191	1505191250	3600		268.73		 129283386		484.00
6191	1505194850	3600		268.46		 120271426		477.50
6191	1505198450	3600		268.28		 114205245		478.00
6191	1505202050	3600		268.09		 108029143		477.00
6191	1505205650	3600		267.95		 103282455		470.00
6191	1505209250	3600		267.79		  98026945		469.00
6191	1505212850	3600		267.61		  92063288		468.50
6191	1505216450	3600		261.00		  85218863		  9.00
6191	1505216537	87		260.75		  66686412		  9.00
-999	1505217737	1200		260.42		         0		-999.00
-999	1505221337	3600		260.97		         0		-999.00
-999	1505224937	3600		260.77		         0		-999.00
-999	1505226127	1190		260.82		         0		-999.00
6192	1505227327	1200		269.96		 161845833		512.00
6192	1505230927	3600		269.65		 160913143		500.50
6192	1505234527	3600		269.60		 150755695		504.00
6192	1505238074	3547		269.40		 144130473		502.50
-999	1505239274	1200		263.83		         0		-999.00
-999	1505242874	3600		260.82		         0		-999.00
-999	1505246474	3600		260.82		         0		-999.00
-999	1505247569	1095		260.82		         0		-999.00
6193	1505248769	1200		268.96		 153046440		420.50
6193	1505252369	3600		269.72		 157724307		501.50
6193	1505255969	3600		269.42		 147960712		503.00
6193	1505259569	3600		269.23		 141503760		496.50
6193	1505263169	3600		268.92		 131184454		491.00
6193	1505266613	3444		268.58		 122216704		491.50
-999	1505267813	1200		260.69		         0		-999.00
-999	1505271413	3600		260.70		         0		-999.00
-999	1505275013	3600		260.88		         0		-999.00
-999	1505278613	3600		260.93		         0		-999.00
-999	1505279310	697		260.42		         0		-999.00
6194	1505280510	1200		264.93		  24845196		427.50
6194	1505284110	3600		264.97		  26332227		427.00
6194	1505287710	3600		264.81		  20737845		417.00
6194	1505291310	3600		259.50		  16671477		  0.50
6194	1505294910	3600		259.39		  21356372		  0.50
6194	1505298510	3600		259.25		  16799945		  0.50
6194	1505301821	3311		259.12		  12483118		  0.50
-999	1505303021	1200		258.75		         0		-999.00
-999	1505306621	3600		258.75		         0		-999.00
-999	1505310221	3600		258.75		         0		-999.00
-999	1505313821	3600		258.75		         0		-999.00
-999	1505317421	3600		258.75		         0		-999.00
-999	1505321021	3600		258.75		         0		-999.00
-999	1505324621	3600		258.75		         0		-999.00
-999	1505328221	3600		258.75		         0		-999.00
-999	1505331821	3600		258.75		         0		-999.00
-999	1505335421	3600		258.75		         0		-999.00
-999	1505339021	3600		258.75		         0		-999.00
-999	1505342621	3600		258.75		         0		-999.00
-999	1505346221	3600		258.75		         0		-999.00
-999	1505349821	3600		258.75		         0		-999.00
-999	1505353421	3600		258.75		         0		-999.00
-999	1505357021	3600		258.75		         0		-999.00
-999	1505360621	3600		258.75		         0		-999.00
-999	1505364221	3600		258.75		         0		-999.00
-999	1505367821	3600		258.75		         0		-999.00
-999	1505371421	3600		258.75		         0		-999.00
-999	1505375021	3600		258.75		         0		-999.00
-999	1505378621	3600		258.75		         0		-999.00
-999	1505382221	3600		258.75		         0		-999.00
-999	1505385821	3600		258.75		         0		-999.00
-999	1505389421	3600		258.75		         0		-999.00
-999	1505393021	3600		258.75		         0		-999.00
-999	1505396621	3600		258.75		         0		-999.00
-999	1505400221	3600		258.75		         0		-999.00
-999	1505403821	3600		258.75		         0		-999.00
-999	1505407421	3600		259.00		         0		-999.00
-999	1505411021	3600		259.00		         0		-999.00
-999	1505414621	3600		259.00		         0		-999.00
-999	1505418221	3600		259.00		         0		-999.00
-999	1505421821	3600		259.00		         0		-999.00
-999	1505425421	3600		259.00		         0		-999.00
-999	1505429021	3600		259.00		         0		-999.00
-999	1505432621	3600		259.00		         0		-999.00
-999	1505436221	3600		259.00		         0		-999.00
-999	1505439821	3600		259.00		         0		-999.00
-999	1505443421	3600		259.00		         0		-999.00
-999	1505447021	3600		259.00		         0		-999.00
-999	1505450621	3600		259.00		         0		-999.00
-999	1505454221	3600		259.00		         0		-999.00
-999	1505457821	3600		259.00		         0		-999.00
-999	1505461421	3600		259.00		         0		-999.00
-999	1505465021	3600		259.00		         0		-999.00
-999	1505468621	3600		258.68		         0		-999.00
-999	1505472221	3600		258.94		         0		-999.00
-999	1505475821	3600		259.06		         0		-999.00
-999	1505479421	3600		259.06		         0		-999.00
-999	1505483021	3600		259.16		         0		-999.00
-999	1505486621	3600		258.90		         0		-999.00
-999	1505490221	3600		258.90		         0		-999.00
-999	1505493821	3600		258.91		         0		-999.00
-999	1505497421	3600		258.90		         0		-999.00
-999	1505501021	3600		258.90		         0		-999.00
-999	1505504621	3600		258.90		         0		-999.00
-999	1505508221	3600		258.90		         0		-999.00
-999	1505511821	3600		258.90		         0		-999.00
-999	1505515421	3600		258.90		         0		-999.00
-999	1505519021	3600		258.90		         0		-999.00
-999	1505522621	3600		258.90		         0		-999.00
-999	1505526221	3600		258.90		         0		-999.00
-999	1505529821	3600		258.90		         0		-999.00
-999	1505533421	3600		258.90		         0		-999.00
-999	1505537021	3600		258.90		         0		-999.00
-999	1505540621	3600		258.90		         0		-999.00
-999	1505544221	3600		258.90		         0		-999.00
-999	1505547821	3600		258.90		         0		-999.00
-999	1505551421	3600		258.90		         0		-999.00
-999	1505555021	3600		258.90		         0		-999.00
-999	1505558621	3600		258.90		         0		-999.00
-999	1505562221	3600		258.90		         0		-999.00
-999	1505565821	3600		258.90		         0		-999.00
-999	1505569421	3600		258.90		         0		-999.00
-999	1505573021	3600		258.90		         0		-999.00
-999	1505576621	3600		258.90		         0		-999.00
-999	1505580221	3600		258.90		         0		-999.00
-999	1505583821	3600		258.90		         0		-999.00
-999	1505587421	3600		259.16		         0		-999.00
-999	1505591021	3600		258.90		         0		-999.00
-999	1505594621	3600		258.90		         0		-999.00
-999	1505598221	3600		258.90		         0		-999.00
-999	1505601821	3600		258.90		         0		-999.00
-999	1505605421	3600		258.90		         0		-999.00
-999	1505609021	3600		258.90		         0		-999.00
-999	1505612621	3600		258.90		         0		-999.00
-999	1505616221	3600		258.90		         0		-999.00
-999	1505619821	3600		258.90		         0		-999.00
-999	1505623421	3600		258.88		         0		-999.00
-999	1505627021	3600		258.88		         0		-999.00
-999	1505630621	3600		258.88		         0		-999.00
-999	1505634221	3600		258.88		         0		-999.00
-999	1505637821	3600		258.88		         0		-999.00
-999	1505641421	3600		258.87		         0		-999.00
-999	1505645021	3600		258.87		         0		-999.00
-999	1505648621	3600		258.87		         0		-999.00
-999	1505652221	3600		258.87		         0		-999.00
-999	1505655821	3600		258.87		         0		-999.00
-999	1505659421	3600		258.87		         0		-999.00
-999	1505663021	3600		258.87		         0		-999.00
-999	1505666621	3600		258.87		         0		-999.00
-999	1505670221	3600		258.87		         0		-999.00
-999	1505673821	3600		258.87		         0		-999.00
-999	1505677421	3600		258.87		         0		-999.00
-999	1505681021	3600		258.87		         0		-999.00
-999	1505684621	3600		258.85		         0		-999.00
-999	1505688221	3600		258.85		         0		-999.00
-999	1505691821	3600		258.85		         0		-999.00
-999	1505695421	3600		259.11		         0		-999.00
-999	1505699021	3600		258.85		         0		-999.00
-999	1505702621	3600		258.85		         0		-999.00
-999	1505706221	3600		258.85		         0		-999.00
-999	1505709821	3600		258.85		         0		-999.00
-999	1505713421	3600		259.07		         0		-999.00
-999	1505717021	3600		260.93		         0		-999.00
-999	1505720621	3600		259.16		         0		-999.00
-999	1505724221	3600		260.93		         0		-999.00
-999	1505727821	3600		260.67		         0		-999.00
-999	1505731421	3600		260.93		         0		-999.00
-999	1505735021	3600		260.93		         0		-999.00
-999	1505738621	3600		263.93		         0		-999.00
-999	1505742221	3600		263.93		         0		-999.00
-999	1505745821	3600		263.93		         0		-999.00
-999	1505749421	3600		263.93		         0		-999.00
-999	1505753021	3600		263.93		         0		-999.00
-999	1505756621	3600		263.93		         0		-999.00
-999	1505760221	3600		263.93		         0		-999.00
-999	1505763821	3600		263.93		         0		-999.00
-999	1505767421	3600		263.93		         0		-999.00
-999	1505771021	3600		263.93		         0		-999.00
-999	1505774621	3600		263.93		         0		-999.00
-999	1505778221	3600		263.93		         0		-999.00
-999	1505781821	3600		263.93		         0		-999.00
-999	1505785421	3600		263.93		         0		-999.00
-999	1505789021	3600		263.93		         0		-999.00
-999	1505792621	3600		263.93		         0		-999.00
-999	1505796221	3600		263.93		         0		-999.00
-999	1505799821	3600		263.93		         0		-999.00
-999	1505803421	3600		263.93		         0		-999.00
-999	1505807021	3600		263.95		         0		-999.00
-999	1505810621	3600		263.95		         0		-999.00
-999	1505814221	3600		263.95		         0		-999.00
-999	1505817821	3600		263.95		         0		-999.00
-999	1505821421	3600		263.95		         0		-999.00
-999	1505825021	3600		263.95		         0		-999.00
-999	1505828621	3600		263.95		         0		-999.00
-999	1505832221	3600		263.95		         0		-999.00
-999	1505835821	3600		263.95		         0		-999.00
-999	1505839421	3600		263.95		         0		-999.00
-999	1505843021	3600		263.95		         0		-999.00
-999	1505846621	3600		263.95		         0		-999.00
-999	1505850221	3600		263.95		         0		-999.00
-999	1505853821	3600		263.95		         0		-999.00
-999	1505857421	3600		263.95		         0		-999.00
-999	1505861021	3600		263.95		         0		-999.00
-999	1505864621	3600		263.95		         0		-999.00
-999	1505868221	3600		263.95		         0		-999.00
-999	1505871821	3600		263.95		         0		-999.00
-999	1505875421	3600		263.95		         0		-999.00
-999	1505879021	3600		263.95		         0		-999.00
-999	1505882621	3600		263.95		         0		-999.00
-999	1505886221	3600		263.95		         0		-999.00
-999	1505889821	3600		263.95		         0		-999.00
-999	1505893421	3600		263.95		         0		-999.00
-999	1505897021	3600		263.95		         0		-999.00
-999	1505900621	3600		263.95		         0		-999.00
-999	1505904221	3600		264.02		         0		-999.00
-999	1505907821	3600		264.02		         0		-999.00
-999	1505911421	3600		259.16		         0		-999.00
-999	1505915021	3600		258.65		         0		-999.00
-999	1505918621	3600		258.65		         0		-999.00
-999	1505922221	3600		258.65		         0		-999.00
-999	1505925821	3600		258.65		         0		-999.00
-999	1505929421	3600		259.16		         0		-999.00
-999	1505933021	3600		259.87		         0		-999.00
-999	1505936621	3600		263.95		         0		-999.00
-999	1505940221	3600		264.50		         0		-999.00
-999	1505943821	3600		260.99		         0		-999.00
-999	1505947421	3600		260.99		         0		-999.00
-999	1505951021	3600		260.99		         0		-999.00
-999	1505954621	3600		260.99		         0		-999.00
-999	1505958221	3600		260.99		         0		-999.00
-999	1505961821	3600		260.99		         0		-999.00
-999	1505965421	3600		260.99		         0		-999.00
-999	1505969021	3600		263.99		         0		-999.00
-999	1505972621	3600		263.99		         0		-999.00
-999	1505976221	3600		263.99		         0		-999.00
-999	1505979821	3600		264.06		         0		-999.00
-999	1505983421	3600		264.06		         0		-999.00
-999	1505987021	3600		264.06		         0		-999.00
-999	1505990621	3600		261.05		         0		-999.00
-999	1505994221	3600		261.01		         0		-999.00
-999	1505997821	3600		260.76		         0		-999.00
-999	1506001421	3600		260.76		         0		-999.00
-999	1506005021	3600		260.76		         0		-999.00
-999	1506008621	3600		260.76		         0		-999.00
-999	1506012221	3600		260.76		         0		-999.00
-999	1506015821	3600		260.82		         0		-999.00
-999	1506019421	3600		260.82		         0		-999.00
-999	1506023021	3600		260.82		         0		-999.00
-999	1506026621	3600		260.82		         0		-999.00
-999	1506030221	3600		260.83		         0		-999.00
-999	1506033821	3600		260.84		         0		-999.00
-999	1506037421	3600		260.84		         0		-999.00
-999	1506041021	3600		260.84		         0		-999.00
-999	1506044621	3600		260.84		         0		-999.00
-999	1506048221	3600		260.84		         0		-999.00
-999	1506051821	3600		260.84		         0		-999.00
-999	1506055421	3600		260.84		         0		-999.00
-999	1506059021	3600		260.84		         0		-999.00
-999	1506062621	3600		260.84		         0		-999.00
-999	1506066221	3600		260.59		         0		-999.00
-999	1506069821	3600		260.59		         0		-999.00
-999	1506073421	3600		260.88		         0		-999.00
-999	1506077021	3600		263.88		         0		-999.00
-999	1506080621	3600		260.88		         0		-999.00
-999	1506084221	3600		260.88		         0		-999.00
-999	1506087821	3600		260.62		         0		-999.00
-999	1506091421	3600		260.70		         0		-999.00
-999	1506095021	3600		255.96		         0		-999.00
-999	1506096153	1132		258.82		         0		-999.00
6230	1506097353	1200		258.57		    111153		  1.50
6230	1506100953	3600		258.57		    101957		  1.50
6230	1506103661	2708		258.57		     87259		  1.50
-999	1506104861	1200		258.56		         0		-999.00
-999	1506108461	3600		258.82		         0		-999.00
-999	1506112061	3600		258.82		         0		-999.00
-999	1506115661	3600		258.82		         0		-999.00
-999	1506119261	3600		258.82		         0		-999.00
-999	1506122861	3600		259.07		         0		-999.00
-999	1506126461	3600		258.80		         0		-999.00
-999	1506130061	3600		258.80		         0		-999.00
-999	1506133661	3600		258.80		         0		-999.00
-999	1506137261	3600		258.80		         0		-999.00
-999	1506140861	3600		259.06		         0		-999.00
-999	1506144461	3600		259.06		         0		-999.00
-999	1506148061	3600		258.80		         0		-999.00
-999	1506151661	3600		258.80		         0		-999.00
-999	1506155261	3600		258.80		         0		-999.00
-999	1506158861	3600		260.89		         0		-999.00
-999	1506162060	3199		260.89		         0		-999.00
6236	1506163260	1200		264.04		   4673065		405.50
6236	1506166860	3600		264.04		   4858610		404.00
6236	1506170460	3600		264.27		   4547380		391.50
6236	1506174060	3600		264.26		   4245590		401.50
6236	1506174452	392		264.26		   4170968		400.50
-999	1506175652	1200		260.87		         0		-999.00
-999	1506179252	3600		260.87		         0		-999.00
-999	1506182852	3600		260.87		         0		-999.00
-999	1506185518	2666		260.87		         0		-999.00
6238	1506186718	1200		266.27		  62465697		442.00
6238	1506190318	3600		265.27		  47012570		389.00
6238	1506193918	3600		263.88		    971989		401.50
6238	1506197518	3600		263.88		    978447		399.00
6238	1506201118	3600		263.88		    990124		399.00
6238	1506204718	3600		263.88		    968152		400.00
6238	1506206288	1570		263.88		    990319		400.50
-999	1506207488	1200		260.85		         0		-999.00
-999	1506211088	3600		260.85		         0		-999.00
-999	1506214548	3460		260.89		         0		-999.00
6239	1506215748	1200		268.59		 130460340		481.00
6239	1506219348	3600		268.06		 136578664		409.50
6239	1506222948	3600		268.71		 126823153		479.50
6239	1506226548	3600		268.34		 114475596		468.50
6239	1506230148	3600		268.10		 106232630		469.00
6239	1506233748	3600		267.56		  99404601		463.50
6239	1506235806	2058		267.17		  87707880		463.00
-999	1506237006	1200		263.96		         0		-999.00
-999	1506240606	3600		260.96		         0		-999.00
-999	1506244206	3600		260.96		         0		-999.00
-999	1506244266	60		260.96		         0		-999.00
6240	1506245466	1200		270.30		 172092689		519.00
6240	1506249066	3600		270.41		 175694079		514.00
6240	1506252666	3600		270.10		 165196333		511.50
6240	1506256266	3600		269.85		 157118035		504.00
6240	1506259866	3600		269.52		 145838026		501.50
6240	1506263466	3600		269.33		 139583780		497.00
6240	1506267066	3600		269.02		 129243936		489.50
6240	1506270666	3600		268.73		 119537387		487.00
6240	1506274266	3600		268.44		 109897124		485.00
6240	1506277866	3600		268.30		 105365498		480.50
6240	1506281466	3600		267.86		  99006846		475.50
6240	1506285066	3600		267.66		  92448421		473.50
6240	1506287847	2781		267.11		  84864653		469.00
-999	1506289047	1200		263.94		         0		-999.00
-999	1506292647	3600		260.94		         0		-999.00
-999	1506296247	3600		260.72		         0		-999.00
-999	1506296839	592		260.72		         0		-999.00
6241	1506298039	1200		271.61		 204995361		552.50
6241	1506301639	3600		271.73		 208861716		543.50
6241	1506305239	3600		271.03		 194806817		533.50
6241	1506308839	3600		270.67		 182915431		529.00
6241	1506312439	3600		270.23		 168019482		528.00
6241	1506316039	3600		270.01		 160789083		521.50
6241	1506319639	3600		269.63		 148134455		513.50
6241	1506323239	3600		269.36		 139141411		509.50
6241	1506326839	3600		269.07		 129491296		506.00
6241	1506330439	3600		268.78		 119990006		500.00
6241	1506334039	3600		268.28		 111718094		497.00
6241	1506337639	3600		268.07		 104575156		491.50
6241	1506341239	3600		267.84		  97101755		488.50
6241	1506343449	2210		267.10		  87054554		482.50
-999	1506344649	1200		264.06		         0		-999.00
-999	1506348249	3600		260.66		         0		-999.00
-999	1506351849	3600		260.66		         0		-999.00
-999	1506355449	3600		260.67		         0		-999.00
-999	1506359049	3600		260.67		         0		-999.00
-999	1506359292	243		260.67		         0		-999.00
6243	1506360492	1200		271.44		 201939116		559.50
6243	1506364092	3600		271.78		 213364044		554.00
6243	1506367692	3600		271.37		 199767059		553.00
6243	1506371292	3600		271.02		 188025172		544.50
6243	1506374892	3600		270.51		 175264301		540.50
6243	1506378492	3600		270.21		 165176501		532.50
6243	1506382092	3600		269.89		 154559755		528.00
6243	1506385692	3600		269.55		 143348702		524.50
6243	1506389292	3600		269.31		 135247957		520.00
6243	1506392892	3600		269.11		 128743935		516.00
6243	1506396492	3600		268.52		 117580763		507.50
6243	1506400092	3600		268.26		 108883965		502.50
6243	1506403692	3600		268.08		 102716479		502.00
6243	1506405939	2247		267.29		  93322225		500.50
-999	1506407139	1200		263.88		         0		-999.00
-999	1506410739	3600		263.88		         0		-999.00
-999	1506414339	3600		263.85		         0		-999.00
-999	1506417939	3600		260.88		         0		-999.00
-999	1506421539	3600		260.94		         0		-999.00
-999	1506422786	1247		260.43		         0		-999.00
6245	1506423986	1200		272.02		 213716185		574.00
6245	1506427586	3600		272.10		 216419266		566.50
6245	1506431186	3600		271.67		 202021681		562.00
6245	1506434786	3600		271.33		 190642982		555.00
6245	1506438386	3600		270.65		 176377919		555.00
6245	1506441986	3600		270.40		 168325888		545.00
6245	1506445586	3600		270.00		 154903379		537.00
6245	1506449186	3600		269.72		 145605577		535.50
6245	1506452786	3600		269.16		 135294110		529.50
6245	1506456386	3600		268.88		 126017248		523.00
6245	1506459986	3600		268.60		 116663098		518.00
6245	1506463586	3600		267.86		 109603490		508.50
6245	1506466944	3358		267.64		 103614573		510.50
-999	1506468144	1200		260.61		         0		-999.00
-999	1506471744	3600		260.61		         0		-999.00
-999	1506475344	3600		260.66		         0		-999.00
-999	1506478944	3600		260.66		         0		-999.00
-999	1506482544	3600		260.66		         0		-999.00
-999	1506486144	3600		260.66		         0		-999.00
-999	1506488622	2478		260.66		         0		-999.00
6247	1506489822	1200		272.19		 224175395		579.50
6247	1506493422	3600		272.18		 223725619		577.50
6247	1506497022	3600		271.61		 206224084		568.50
6247	1506500622	3600		271.20		 192723698		565.50
6247	1506504222	3600		270.78		 178723944		563.50
6247	1506507822	3600		270.48		 168771270		554.50
6247	1506511422	3600		269.73		 152322756		545.50
6247	1506513911	2489		269.26		 141704095		540.50
-999	1506515111	1200		263.63		         0		-999.00
-999	1506518711	3600		263.63		         0		-999.00
-999	1506522311	3600		263.66		         0		-999.00
-999	1506525911	3600		260.66		         0		-999.00
-999	1506529511	3600		260.66		         0		-999.00
-999	1506533111	3600		260.63		         0		-999.00
-999	1506536711	3600		260.63		         0		-999.00
-999	1506537370	659		260.63		         0		-999.00
6252	1506538570	1200		270.39		 166011737		575.50
6252	1506542170	3600		271.31		 196730672		571.00
6252	1506545770	3600		270.94		 184650528		568.50
6252	1506549370	3600		270.38		 174267501		560.00
6252	1506552970	3600		270.02		 162227092		557.50
6252	1506556570	3600		269.83		 156092670		555.50
6252	1506560170	3600		269.49		 144522217		546.00
6252	1506563770	3600		269.20		 135032602		539.00
6252	1506567370	3600		268.94		 126493508		540.50
6252	1506570970	3600		268.77		 120563440		534.50
6252	1506574570	3600		268.50		 111520832		528.50
6252	1506578170	3600		268.31		 105243850		524.00
6252	1506581770	3600		268.14		  99543365		519.00
6252	1506583296	1526		267.13		  87004027		513.50
-999	1506584496	1200		260.66		         0		-999.00
-999	1506588096	3600		260.66		         0		-999.00
-999	1506591696	3600		260.63		         0		-999.00
-999	1506594463	2767		260.66		         0		-999.00
6253	1506595663	1200		272.68		 234823120		606.00
6253	1506599263	3600		272.21		 219308956		602.00
6253	1506602863	3600		271.86		 208807232		594.00
6253	1506606463	3600		271.45		 194978953		584.50
6253	1506610063	3600		271.01		 180282633		579.50
6253	1506613663	3600		270.59		 166303457		567.00
6253	1506617263	3600		270.03		 156297779		569.50
6253	1506620863	3600		269.78		 147957219		560.00
6253	1506624463	3600		269.34		 133305380		550.00
6253	1506628063	3600		269.09		 124725461		548.00
6253	1506631663	3600		268.59		 116811492		543.50
6253	1506635263	3600		268.46		 112265194		539.00
6253	1506638863	3600		268.17		 102606987		532.50
6253	1506642463	3600		268.02		  97544132		528.00
6253	1506643848	1385		267.03		  81922315		526.00
-999	1506645048	1200		263.70		         0		-999.00
-999	1506648648	3600		260.73		         0		-999.00
-999	1506652248	3600		260.73		         0		-999.00
-999	1506655606	3358		260.73		         0		-999.00
6255	1506656806	1200		272.41		 220056793		617.50
6255	1506660406	3600		272.83		 234084854		624.50
6255	1506664006	3600		272.71		 230248531		617.00
6255	1506667606	3600		272.19		 212675614		602.00
6255	1506671206	3600		271.89		 202720867		604.50
6255	1506674806	3600		271.13		 185939875		595.00
6255	1506678406	3600		270.75		 173209081		590.00
6255	1506682006	3600		270.48		 164360726		582.50
6255	1506685606	3600		270.10		 151794193		568.00
6255	1506689206	3600		269.44		 138083937		546.50
6255	1506692806	3600		269.15		 128359010		541.50
6255	1506696406	3600		268.90		 120201926		537.50
6255	1506700006	3600		268.69		 113119586		539.00
6255	1506703606	3600		268.56		 108769753		532.00
6255	1506707206	3600		268.02		  99207778		527.50
6255	1506710806	3600		267.79		  91536309		522.50
6255	1506714406	3600		267.38		  86592265		517.50
6255	1506718006	3600		260.73		  77878691		  9.00
6255	1506718725	719		260.73		  78267318		  9.00
-999	1506719925	1200		260.73		         0		-999.00
-999	1506723525	3600		260.79		         0		-999.00
-999	1506727125	3600		260.79		         0		-999.00
-999	1506730725	3600		260.79		         0		-999.00
-999	1506734325	3600		260.79		         0		-999.00
-999	1506737925	3600		260.79		         0		-999.00
-999	1506741525	3600		260.79		         0		-999.00
-999	1506742973	1448		260.79		         0		-999.00
6258	1506744173	1200		263.93		   4583729		  9.00
6258	1506747773	3600		269.99		 158433120		584.50
6258	1506751373	3600		271.00		 192059639		588.50
6258	1506754973	3600		270.67		 180987902		585.50
6258	1506758573	3600		270.29		 168289602		582.50
6258	1506762173	3600		270.00		 158692626		581.50
6258	1506765773	3600		269.73		 149581723		572.50
6258	1506769373	3600		269.38		 138132841		562.00
6258	1506772973	3600		269.12		 129451598		564.50
6258	1506776573	3600		268.67		 122857597		559.00
6258	1506780173	3600		268.48		 116334838		553.50
6258	1506783773	3600		268.08		 108460903		552.50
6258	1506787373	3600		267.91		 102828660		547.50
6258	1506790973	3600		260.84		  93370430		  9.00
6258	1506793166	2193		260.84		  89543379		  9.00
-999	1506794366	1200		260.84		         0		-999.00
-999	1506797966	3600		260.87		         0		-999.00
-999	1506801566	3600		260.61		         0		-999.00
-999	1506802244	678		260.61		         0		-999.00
6259	1506803444	1200		271.09		 187595081		624.50
6259	1506807044	3600		271.81		 202871434		606.00
6259	1506810644	3600		271.35		 187821484		607.00
6259	1506814244	3600		270.74		 175823293		597.00
6259	1506817844	3600		270.29		 160682378		592.00
6259	1506821444	3600		269.92		 148471598		580.00
6259	1506825044	3600		269.63		 138933161		576.50
6259	1506828644	3600		269.43		 132247028		574.00
6259	1506832244	3600		268.84		 122261019		566.50
6259	1506835844	3600		268.36		 114548937		560.50
6259	1506839444	3600		268.10		 106029408		552.00
6259	1506843044	3600		267.93		 102500581		553.50
6259	1506846644	3600		267.71		  95439213		551.50
6259	1506850244	3600		267.56		  90234973		543.50
6259	1506853844	3600		267.34		  82856315		540.00
6259	1506856365	2521		266.75		  73538166		537.00
-999	1506857565	1200		263.71		         0		-999.00
-999	1506861165	3600		261.05		         0		-999.00
-999	1506864765	3600		264.12		         0		-999.00
-999	1506868365	3600		260.85		         0		-999.00
-999	1506871965	3600		260.85		         0		-999.00
-999	1506872737	772		260.85		         0		-999.00
6261	1506873937	1200		271.42		 203869940		629.00
6261	1506877537	3600		272.43		 227631871		642.50
6261	1506881137	3600		271.87		 209010463		631.50
6261	1506884455	3318		271.44		 194823856		620.00
-999	1506885655	1200		264.02		         0		-999.00
-999	1506889255	3600		260.77		         0		-999.00
-999	1506892855	3600		261.04		         0		-999.00
-999	1506894015	1160		261.04		         0		-999.00
6262	1506895215	1200		271.91		 208689145		654.50
6262	1506898815	3600		272.44		 226604655		633.50
6262	1506902415	3600		271.86		 207115735		624.50
6262	1506906015	3600		271.35		 192527563		621.00
6262	1506906984	969		271.14		 185586543		620.00
-999	1506908184	1200		263.89		         0		-999.00
-999	1506911784	3600		260.89		         0		-999.00
-999	1506915155	3371		260.64		         0		-999.00
6263	1506916355	1200		272.30		 219684558		664.50
6263	1506919955	3600		272.64		 230957041		649.00
6263	1506923555	3600		272.09		 212564845		643.50
6263	1506925167	1612		271.80		 203127620		633.50
-999	1506926367	1200		263.94		         0		-999.00
-999	1506929967	3600		263.94		         0		-999.00
-999	1506933567	3600		260.69		         0		-999.00
-999	1506937167	3600		260.71		         0		-999.00
-999	1506940767	3600		260.71		         0		-999.00
-999	1506944367	3600		260.71		         0		-999.00
-999	1506947967	3600		263.96		         0		-999.00
-999	1506951567	3600		263.96		         0		-999.00
-999	1506955167	3600		260.71		         0		-999.00
-999	1506958749	3582		260.73		         0		-999.00
6266	1506959949	1200		272.01		 217694974		649.50
6266	1506963549	3600		272.36		 220457870		640.50
6266	1506967149	3600		271.68		 197782923		620.50
6266	1506970749	3600		270.91		 181396898		617.00
6266	1506974349	3600		270.43		 165608162		611.00
6266	1506977949	3600		270.08		 153802002		601.50
6266	1506981549	3600		269.65		 139441083		592.50
6266	1506985149	3600		269.46		 133027911		590.00
6266	1506988749	3600		269.16		 123148249		582.50
6266	1506992349	3600		268.66		 114996569		575.50
6266	1506995949	3600		268.40		 106488873		573.00
6266	1506999549	3600		268.00		 101577264		566.50
6266	1507001729	2180		267.86		  96747210		562.50
-999	1507002929	1200		263.77		         0		-999.00
-999	1507006529	3600		264.02		         0		-999.00
-999	1507010129	3600		264.02		         0		-999.00
-999	1507013729	3600		263.94		         0		-999.00
-999	1507017329	3600		260.73		         0		-999.00
-999	1507020929	3600		260.78		         0		-999.00
-999	1507024099	3170		260.79		         0		-999.00
6268	1507025299	1200		272.50		 227315817		657.50
6268	1507028899	3600		272.93		 232640202		664.00
6268	1507032499	3600		272.17		 212024856		659.50
6268	1507036099	3600		271.85		 201626501		638.50
6268	1507039699	3600		271.17		 187488553		638.50
6268	1507043299	3600		270.66		 170321148		625.00
6268	1507046899	3600		270.25		 156733689		615.50
6268	1507050499	3600		270.00		 148454175		608.50
6268	1507054099	3600		269.62		 135789667		600.50
6268	1507057699	3600		269.07		 125958809		591.00
6268	1507061211	3512		268.25		 109392574		582.50
-999	1507062411	1200		260.79		         0		-999.00
-999	1507066011	3600		264.05		         0		-999.00
-999	1507069611	3600		264.05		         0		-999.00
-999	1507073211	3600		261.05		         0		-999.00
-999	1507076811	3600		260.79		         0		-999.00
-999	1507079801	2990		260.79		         0		-999.00
6269	1507081001	1200		273.02		 240110358		668.00
6269	1507084601	3600		272.88		 235604600		675.50
6269	1507084876	275		273.18		 245499336		676.50
-999	1507086076	1200		263.96		         0		-999.00
-999	1507089676	3600		263.96		         0		-999.00
-999	1507093276	3600		263.96		         0		-999.00
-999	1507096876	3600		260.77		         0		-999.00
-999	1507100476	3600		259.96		         0		-999.00
-999	1507101552	1076		260.77		         0		-999.00
6271	1507102752	1200		273.26		 243830428		673.00
6271	1507106352	3600		273.19		 241267966		682.00
6271	1507109952	3600		272.41		 222024546		669.50
6271	1507113552	3600		272.19		 214788458		660.50
6271	1507117152	3600		271.62		 195893536		648.00
6271	1507120752	3600		271.03		 176230004		633.00
6271	1507124352	3600		270.39		 163468310		633.00
6271	1507127952	3600		270.05		 151867096		620.50
6271	1507131552	3600		269.67		 139333872		611.50
6271	1507135152	3600		268.83		 129979808		602.50
6271	1507138752	3600		268.52		 119654931		596.00
6271	1507142352	3600		268.28		 111717384		588.00
6271	1507144397	2045		267.25		  90404150		582.50
-999	1507145597	1200		260.88		         0		-999.00
-999	1507149197	3600		260.88		         0		-999.00
-999	1507152797	3600		260.88		         0		-999.00
-999	1507156397	3600		260.88		         0		-999.00
-999	1507157151	754		260.88		         0		-999.00
6272	1507158351	1200		273.48		 250034249		678.00
6272	1507161951	3600		273.19		 245301025		683.50
6272	1507165551	3600		272.40		 217744456		681.00
6272	1507169151	3600		272.23		 212319857		668.00
6272	1507172751	3600		271.58		 190351022		659.50
6272	1507176351	3600		270.79		 172583540		644.00
6272	1507179951	3600		270.36		 158296057		643.50
6272	1507183551	3600		270.11		 150071701		629.50
6272	1507187151	3600		269.77		 138518169		624.00
6272	1507190751	3600		269.17		 127067300		612.50
6272	1507194351	3600		268.60		 116794005		604.00
6272	1507197951	3600		267.13		 103294887		512.00
6272	1507200417	2466		267.71		 105619498		590.50
-999	1507201617	1200		260.76		         0		-999.00
-999	1507205217	3600		260.78		         0		-999.00
-999	1507208817	3600		260.78		         0		-999.00
-999	1507212417	3600		260.78		         0		-999.00
-999	1507216017	3600		260.85		         0		-999.00
-999	1507219617	3600		260.85		         0		-999.00
-999	1507222330	2713		260.89		         0		-999.00
6275	1507223530	1200		273.06		 243873914		704.00
6275	1507227130	3600		273.38		 245886638		706.00
6275	1507230730	3600		272.62		 225807430		699.50
6275	1507234330	3600		272.34		 220843681		682.00
6275	1507237930	3600		271.09		 199166150		659.50
6275	1507241530	3600		271.01		 179016112		659.00
6275	1507245130	3600		270.58		 164887030		651.50
6275	1507248730	3600		270.03		 155090653		633.50
6275	1507252330	3600		269.61		 141138784		631.00
6275	1507255930	3600		269.30		 130664838		622.00
6275	1507259530	3600		268.73		 120099163		614.00
6275	1507263130	3600		268.47		 111557395		603.00
6275	1507266730	3600		268.17		 101458920		599.50
6275	1507268645	1915		267.38		  87821777		595.00
-999	1507269845	1200		260.65		         0		-999.00
-999	1507273445	3600		263.90		         0		-999.00
-999	1507277045	3600		260.90		         0		-999.00
-999	1507280645	3600		260.69		         0		-999.00
-999	1507284245	3600		260.69		         0		-999.00
-999	1507285766	1521		260.69		         0		-999.00
6276	1507286966	1200		273.25		 246266458		692.50
6276	1507290566	3600		272.83		 230554534		711.50
6276	1507294166	3600		272.71		 226490470		697.50
6276	1507297766	3600		272.11		 206498629		677.50
6276	1507301366	3600		271.56		 188259036		670.50
6276	1507304419	3053		270.84		 172627508		662.00
-999	1507305619	1200		264.00		         0		-999.00
-999	1507309219	3600		264.01		         0		-999.00
-999	1507312819	3600		264.01		         0		-999.00
-999	1507316419	3600		260.77		         0		-999.00
-999	1507320019	3600		260.77		         0		-999.00
-999	1507320850	831		260.77		         0		-999.00
6278	1507322050	1200		273.22		 248372056		716.00
6278	1507325650	3600		272.86		 230559078		720.00
6278	1507329250	3600		272.69		 224902166		706.00
6278	1507332850	3600		272.14		 206538545		691.00
6278	1507336450	3600		271.25		 185427175		677.00
6278	1507340050	3600		270.76		 170173206		663.50
6278	1507343112	3062		269.85		 156476752		662.50
-999	1507344312	1200		263.91		         0		-999.00
-999	1507347912	3600		260.66		         0		-999.00
-999	1507351512	3600		260.66		         0		-999.00
-999	1507354487	2975		260.75		         0		-999.00
6279	1507355687	1200		273.23		 244817108		725.50
6279	1507359287	3600		273.21		 244055784		726.50
6279	1507362887	3600		272.55		 226089375		725.00
6279	1507365727	2840		270.97		 227402185		549.00
-999	1507366927	1200		260.95		         0		-999.00
-999	1507370527	3600		263.95		         0		-999.00
-999	1507374127	3600		263.69		         0		-999.00
-999	1507377727	3600		263.94		         0		-999.00
-999	1507381327	3600		264.19		         0		-999.00
-999	1507384927	3600		264.19		         0		-999.00
-999	1507388527	3600		264.19		         0		-999.00
-999	1507392127	3600		264.19		         0		-999.00
-999	1507395727	3600		264.19		         0		-999.00
-999	1507399327	3600		264.19		         0		-999.00
-999	1507402927	3600		264.19		         0		-999.00
-999	1507406527	3600		264.19		         0		-999.00
-999	1507410127	3600		264.19		         0		-999.00
-999	1507413727	3600		260.71		         0		-999.00
-999	1507417327	3600		260.71		         0		-999.00
-999	1507418657	1330		260.73		         0		-999.00
6283	1507419857	1200		272.97		 240117649		716.50
6283	1507423457	3600		273.02		 241987106		724.00
6283	1507427057	3600		272.67		 223554773		720.50
6283	1507430657	3600		272.54		 219410832		702.50
6283	1507434257	3600		271.06		 198337078		677.00
6283	1507437857	3600		270.74		 179457376		664.00
6283	1507441457	3600		270.34		 165845308		661.00
6283	1507445057	3600		270.04		 156072418		660.50
6283	1507448657	3600		269.43		 144294742		646.00
6283	1507452257	3600		269.04		 131280949		641.50
6283	1507455857	3600		268.77		 122047198		631.50
6283	1507459457	3600		268.45		 111400211		627.00
6283	1507462000	2543		267.74		  98275426		613.50
-999	1507463200	1200		260.87		         0		-999.00
-999	1507466800	3600		260.78		         0		-999.00
-999	1507470400	3600		260.78		         0		-999.00
-999	1507470520	120		260.78		         0		-999.00
6284	1507471720	1200		273.14		 244128289		729.00
6284	1507475320	3600		271.78		 239163372		563.50
6284	1507478920	3600		272.72		 226508115		729.00
6284	1507482520	3600		272.46		 217794455		710.00
6284	1507486120	3600		271.59		 197403959		696.00
6284	1507489720	3600		271.05		 179309434		688.50
6284	1507493320	3600		270.64		 165649635		675.00
6284	1507494556	1236		270.49		 160780994		677.50
-999	1507495756	1200		263.77		         0		-999.00
-999	1507499356	3600		260.83		         0		-999.00
-999	1507502521	3165		260.83		         0		-999.00
6285	1507503721	1200		273.09		 243646883		733.50
6285	1507507321	3600		273.04		 242035562		737.00
6285	1507510921	3600		272.68		 228448837		737.50
6285	1507514521	3600		272.44		 220318748		718.00
6285	1507518121	3600		271.76		 197652020		703.50
6285	1507521721	3600		271.25		 180833090		693.00
6285	1507525321	3600		270.54		 165383303		686.50
6285	1507528921	3600		270.28		 156805692		674.50
6285	1507530896	1975		269.55		 147412070		672.50
-999	1507532096	1200		260.77		         0		-999.00
-999	1507535696	3600		264.03		         0		-999.00
-999	1507539296	3600		264.03		         0		-999.00
-999	1507542896	3600		264.03		         0		-999.00
-999	1507546496	3600		264.03		         0		-999.00
-999	1507550096	3600		264.03		         0		-999.00
-999	1507553696	3600		264.03		         0		-999.00
-999	1507557296	3600		264.03		         0		-999.00
-999	1507560896	3600		264.03		         0		-999.00
-999	1507564496	3600		260.77		         0		-999.00
-999	1507568096	3600		260.82		         0		-999.00
-999	1507571526	3430		260.82		         0		-999.00
6287	1507572726	1200		272.97		 236907076		744.00
6287	1507576326	3600		273.22		 242810199		747.50
6287	1507579926	3600		272.72		 228676343		741.00
6287	1507583526	3600		272.87		 233734279		740.50
6287	1507587126	3600		272.19		 211100194		721.00
6287	1507590726	3600		271.55		 189797672		711.00
6287	1507594326	3600		270.88		 176164831		697.50
6287	1507597926	3600		270.53		 164221143		693.00
6287	1507601526	3600		270.15		 151782191		682.00
6287	1507605126	3600		269.78		 139339384		672.00
6287	1507608726	3600		269.17		 127437145		658.00
6287	1507612326	3600		268.89		 118185962		654.50
6287	1507615926	3600		268.35		 110196656		653.00
6287	1507619526	3600		267.80		  99904557		635.00
6287	1507619736	210		267.92		 103954448		636.50
-999	1507620936	1200		263.93		         0		-999.00
-999	1507624536	3600		263.76		         0		-999.00
-999	1507628136	3600		263.76		         0		-999.00
-999	1507630037	1901		263.76		         0		-999.00
6288	1507631237	1200		271.09		 238404651		556.50
6288	1507634837	3600		273.10		 242461475		763.00
6288	1507638437	3600		272.72		 227596576		756.00
6288	1507642037	3600		272.76		 228904985		741.50
6288	1507645637	3600		271.95		 206153529		727.50
6288	1507649237	3600		271.35		 186019852		714.00
6288	1507652837	3600		270.91		 171496188		702.00
6288	1507656437	3600		270.58		 160404624		692.00
6288	1507660037	3600		269.99		 149149587		682.50
6288	1507663637	3600		269.56		 134818356		672.50
6288	1507667237	3600		268.92		 122107275		663.00
6288	1507670837	3600		268.69		 114362383		659.50
6288	1507673622	2785		267.80		 100976672		645.00
-999	1507674822	1200		260.62		         0		-999.00
-999	1507678422	3600		260.62		         0		-999.00
-999	1507682022	3600		260.88		         0		-999.00
-999	1507685622	3600		260.66		         0		-999.00
-999	1507689222	3600		261.06		         0		-999.00
-999	1507692822	3600		260.79		         0		-999.00
-999	1507696422	3600		260.82		         0		-999.00
-999	1507698192	1770		260.82		         0		-999.00
6291	1507699392	1200		273.26		 245697536		755.50
6291	1507702992	3600		273.17		 242736292		770.50
6291	1507706592	3600		272.88		 228938891		764.50
6291	1507710192	3600		272.76		 225105858		744.00
6291	1507713792	3600		271.78		 200678555		728.50
6291	1507717392	3600		271.29		 184458579		716.50
6291	1507720992	3600		270.79		 167900948		713.50
6291	1507724592	3600		270.52		 158969430		698.00
6291	1507728192	3600		269.84		 144679694		688.00
6291	1507731792	3600		269.51		 133742241		683.50
6291	1507735392	3600		269.26		 125399273		668.50
6291	1507738992	3600		268.67		 114322010		664.00
6291	1507742592	3600		268.46		 107268580		658.50
6291	1507746192	3600		268.28		 101183464		653.50
6291	1507749792	3600		267.83		  94546326		646.00
6291	1507753392	3600		267.60		  86988291		636.00
6291	1507756992	3600		267.39		  79908802		632.50
6291	1507760592	3600		267.26		  75730330		628.50
6291	1507764192	3600		267.10		  70461891		622.50
6291	1507766508	2316		266.58		  62065045		618.00
-999	1507767708	1200		260.91		         0		-999.00
-999	1507771308	3600		260.91		         0		-999.00
-999	1507774908	3600		260.91		         0		-999.00
-999	1507778508	3600		260.91		         0		-999.00
-999	1507782108	3600		260.91		         0		-999.00
-999	1507785708	3600		260.65		         0		-999.00
-999	1507789308	3600		260.92		         0		-999.00
-999	1507792908	3600		256.46		         0		-999.00
-999	1507796508	3600		258.75		         0		-999.00
-999	1507800108	3600		258.75		         0		-999.00
-999	1507803708	3600		258.75		         0		-999.00
-999	1507807308	3600		258.75		         0		-999.00
-999	1507810908	3600		258.75		         0		-999.00
-999	1507814508	3600		258.75		         0		-999.00
-999	1507818108	3600		256.25		         0		-999.00
-999	1507821708	3600		260.76		         0		-999.00
-999	1507825308	3600		261.01		         0		-999.00
-999	1507828908	3600		260.82		         0		-999.00
-999	1507832486	3578		260.82		         0		-999.00
6295	1507833686	1200		264.07		         0		523.00
6295	1507837286	3600		264.08		         4		525.00
6295	1507840886	3600		264.08		         4		526.50
6295	1507844486	3600		264.08		         4		525.00
6295	1507848086	3600		264.07		         0		525.50
6295	1507851686	3600		264.07		         0		525.00
6295	1507855286	3600		258.97		         0		  2.50
6295	1507855861	575		258.97		         0		  2.50
-999	1507857061	1200		258.71		         0		-999.00
-999	1507860661	3600		258.71		         0		-999.00
-999	1507864261	3600		258.71		         0		-999.00
-999	1507867861	3600		258.96		         0		-999.00
-999	1507871461	3600		258.96		         0		-999.00
-999	1507875061	3600		258.96		         0		-999.00
-999	1507878661	3600		258.96		         0		-999.00
-999	1507882261	3600		258.71		         0		-999.00
-999	1507885861	3600		258.71		         0		-999.00
-999	1507889461	3600		258.96		         0		-999.00
-999	1507893061	3600		258.96		         0		-999.00
-999	1507896661	3600		258.96		         0		-999.00
-999	1507900261	3600		258.70		         0		-999.00
-999	1507903861	3600		258.95		         0		-999.00
-999	1507907461	3600		255.95		         0		-999.00
-999	1507911061	3600		260.82		         0		-999.00
-999	1507914661	3600		260.82		         0		-999.00
-999	1507916959	2298		260.84		         0		-999.00
6297	1507918159	1200		272.82		 236060780		675.50
6297	1507921759	3600		273.21		 244727745		675.50
6297	1507925359	3600		272.82		 229579417		684.50
6297	1507928959	3600		270.65		 223644135		540.00
6297	1507932559	3600		271.78		 203118536		655.50
6297	1507936159	3600		271.22		 184453583		645.00
6297	1507939759	3600		270.77		 169353217		646.00
6297	1507943359	3600		270.39		 165281966		637.00
6297	1507946959	3600		269.96		 151001295		631.50
6297	1507950559	3600		269.15		 139907975		622.00
6297	1507954159	3600		268.81		 128617222		616.00
6297	1507957759	3600		268.54		 119350887		609.50
6297	1507961359	3600		268.22		 108826151		608.50
6297	1507964959	3600		267.41		  99985905		553.50
6297	1507965973	1014		266.72		  92913178		  8.50
-999	1507967173	1200		263.94		         0		-999.00
-999	1507970773	3600		263.69		         0		-999.00
-999	1507974227	3454		263.77		         0		-999.00
6298	1507975427	1200		273.32		 243489840		689.00
6298	1507979027	3600		273.25		 240834585		693.50
6298	1507982627	3600		273.22		 240131502		694.00
6298	1507986227	3600		271.40		 227306711		582.00
6298	1507989827	3600		272.70		 230900159		676.50
6298	1507993427	3600		271.88		 203559483		670.50
6298	1507997027	3600		271.39		 187419194		664.50
6298	1508000627	3600		270.96		 172861778		651.00
6298	1508004227	3600		270.52		 158449425		642.50
6298	1508007827	3600		269.85		 144413001		637.00
6298	1508011427	3600		269.54		 134328532		631.50
6298	1508015027	3600		269.21		 123282048		626.00
6298	1508018627	3600		268.96		 114823854		622.00
6298	1508022227	3600		268.47		 106935147		612.00
6298	1508025827	3600		268.19		  97681896		608.50
6298	1508029427	3600		267.75		  91406040		603.00
6298	1508033027	3600		267.55		  84883159		598.50
6298	1508035883	2856		267.01		  76440375		591.00
-999	1508037083	1200		260.91		         0		-999.00
-999	1508040683	3600		260.29		         0		-999.00
-999	1508044283	3600		263.81		         0		-999.00
-999	1508047883	3600		263.81		         0		-999.00
-999	1508051042	3159		263.89		         0		-999.00
6300	1508052242	1200		273.28		 244064139		703.50
6300	1508055842	3600		273.19		 242223768		701.00
6300	1508059442	3600		273.20		 242353123		702.50
6300	1508063042	3600		272.83		 229188066		714.00
6300	1508066642	3600		272.91		 231912363		693.50
6300	1508070242	3600		272.15		 206810479		680.00
6300	1508073842	3600		271.38		 190240755		676.50
6300	1508075760	1918		271.10		 181091844		667.50
-999	1508076960	1200		264.08		         0		-999.00
-999	1508080560	3600		264.07		         0		-999.00
-999	1508084160	3600		264.07		         0		-999.00
-999	1508087760	3600		261.14		         0		-999.00
-999	1508091360	3600		260.91		         0		-999.00
-999	1508094960	3600		260.91		         0		-999.00
-999	1508098560	3600		260.93		         0		-999.00
-999	1508101548	2988		260.93		         0		-999.00
6303	1508102748	1200		273.27		 244444723		699.50
6303	1508106348	3600		273.15		 240188792		704.00
6303	1508109948	3600		273.16		 240746658		704.00
6303	1508113548	3600		272.81		 228854249		713.00
6303	1508117148	3600		272.81		 228844994		697.00
6303	1508120748	3600		272.07		 204388202		682.50
6303	1508124348	3600		271.50		 185371628		674.00
6303	1508127948	3600		270.90		 173954180		665.50
6303	1508131548	3600		270.47		 159401706		657.50
6303	1508135148	3600		270.10		 147288761		652.50
6303	1508138748	3600		269.10		 135876332		646.50
6303	1508142348	3600		268.79		 125806509		639.50
6303	1508145948	3600		268.53		 116925026		632.50
6303	1508149548	3600		268.17		 104604545		627.50
6303	1508150038	490		268.50		 115604844		629.50
-999	1508151238	1200		260.85		         0		-999.00
-999	1508154838	3600		260.85		         0		-999.00
-999	1508158438	3600		260.85		         0		-999.00
-999	1508162038	3600		260.89		         0		-999.00
-999	1508165638	3600		260.89		         0		-999.00
-999	1508167126	1488		260.89		         0		-999.00
6304	1508168326	1200		272.69		 234807452		713.00
6304	1508171926	3600		273.39		 250714117		716.00
6304	1508175526	3600		273.11		 241343715		713.50
6304	1508179126	3600		272.71		 230279197		712.00
6304	1508182726	3600		272.55		 224749504		703.00
6304	1508186326	3600		271.85		 201438738		687.00
6304	1508189926	3600		271.05		 186489559		681.00
6304	1508193526	3600		270.58		 170950075		670.50
6304	1508197126	3600		270.19		 157745523		660.50
6304	1508200726	3600		269.77		 143762554		657.00
6304	1508204326	3600		269.45		 133003532		651.00
6304	1508207926	3600		268.89		 122946353		643.00
6304	1508211515	3589		268.20		 110916520		632.50
-999	1508212715	1200		264.16		         0		-999.00
-999	1508216315	3600		260.93		         0		-999.00
-999	1508219915	3600		260.70		         0		-999.00
-999	1508221037	1122		260.70		         0		-999.00
6305	1508222237	1200		273.25		 243296208		719.50
6305	1508225837	3600		273.17		 242870756		727.50
6305	1508229437	3600		273.18		 243337242		726.50
6305	1508233037	3600		272.65		 227548175		714.50
6305	1508236637	3600		272.00		 233514022		657.00
6305	1508240237	3600		271.94		 210066566		703.00
6305	1508243837	3600		271.43		 193011549		699.50
6305	1508247437	3600		271.05		 180382567		686.50
6305	1508251037	3600		270.55		 163896033		676.50
6305	1508254637	3600		270.10		 148863456		672.50
6305	1508258237	3600		269.77		 137779890		661.00
6305	1508261837	3600		269.18		 126652836		656.00
6305	1508265437	3600		268.93		 118380146		650.50
6305	1508268001	2564		267.87		 103835214		636.00
-999	1508269201	1200		260.86		         0		-999.00
-999	1508272801	3600		260.63		         0		-999.00
-999	1508275990	3189		260.75		         0		-999.00
6306	1508277190	1200		273.34		 246523616		740.00
6306	1508280790	3600		273.25		 243627640		735.50
6306	1508284390	3600		273.23		 243096271		734.00
6306	1508287990	3600		272.32		 229566297		707.50
6306	1508291590	3600		273.03		 236003120		729.00
6306	1508295190	3600		272.36		 213709813		716.00
6306	1508298790	3600		271.52		 194117931		708.50
6306	1508302390	3600		271.03		 181096838		696.50
6306	1508305990	3600		270.51		 163720603		690.50
6306	1508308822	2832		270.18		 152768899		680.00
-999	1508310022	1200		263.82		         0		-999.00
-999	1508313622	3600		259.82		         0		-999.00
-999	1508317136	3514		260.65		         0		-999.00
6307	1508318336	1200		271.50		 245977381		594.00
6307	1508321936	3600		273.19		 244210732		729.50
6307	1508325536	3600		273.16		 243092972		745.50
6307	1508329136	3600		273.13		 242158255		744.00
6307	1508332736	3600		272.79		 230378706		739.00
6307	1508336336	3600		272.41		 217591455		727.00
6307	1508339936	3600		271.82		 197834524		714.00
6307	1508343536	3600		271.39		 183746467		709.00
6307	1508346486	2950		271.03		 171691063		697.50
-999	1508347686	1200		260.77		         0		-999.00
-999	1508351286	3600		259.98		         0		-999.00
-999	1508354886	3600		259.98		         0		-999.00
-999	1508358486	3600		260.83		         0		-999.00
-999	1508362086	3600		260.86		         0		-999.00
-999	1508363858	1772		260.86		         0		-999.00
6308	1508365058	1200		273.29		 246585513		737.50
6308	1508368658	3600		273.19		 243255097		752.50
6308	1508372258	3600		273.19		 243395739		746.50
6308	1508375858	3600		272.58		 229890199		726.00
6308	1508379458	3600		273.12		 238872775		742.00
6308	1508383058	3600		272.07		 212636563		728.50
6308	1508386658	3600		271.45		 191963325		712.50
6308	1508390258	3600		271.12		 180968532		707.00
6308	1508393858	3600		270.61		 163859747		700.00
6308	1508397458	3600		269.74		 151690806		686.50
6308	1508401058	3600		269.32		 137862740		680.00
6308	1508404658	3600		269.05		 128803374		674.50
6308	1508408258	3600		268.65		 115572700		663.50
6308	1508409840	1582		267.83		  99815514		657.00
-999	1508411040	1200		260.94		         0		-999.00
-999	1508414640	3600		259.90		         0		-999.00
-999	1508418240	3600		260.85		         0		-999.00
-999	1508419623	1383		260.85		         0		-999.00
6309	1508420823	1200		273.29		 247126303		747.50
6309	1508422917	2094		273.17		 242933231		762.00
-999	1508424117	1200		260.87		         0		-999.00
-999	1508427717	3600		260.88		         0		-999.00
-999	1508431317	3600		260.94		         0		-999.00
-999	1508434917	3600		260.69		         0		-999.00
-999	1508437605	2688		260.79		         0		-999.00
6311	1508438805	1200		273.46		 246826569		747.50
6311	1508442405	3600		273.33		 242379838		763.00
6311	1508446005	3600		273.38		 243946441		758.50
6311	1508449605	3600		272.65		 229759061		761.50
6311	1508453205	3600		273.09		 237247451		751.50
6311	1508456805	3600		272.02		 212853714		738.50
6311	1508460405	3600		271.69		 193357694		731.00
6311	1508464005	3600		271.29		 180094807		717.50
6311	1508467605	3600		270.79		 163251443		709.00
6311	1508471205	3600		270.13		 149996802		705.00
6311	1508474805	3600		269.32		 140034670		701.50
6311	1508478405	3600		268.96		 128322579		689.50
6311	1508482005	3600		268.45		 114269980		667.50
6311	1508484113	2108		260.83		 113101131		  8.50
-999	1508485313	1200		260.83		         0		-999.00
-999	1508488913	3600		260.10		         0		-999.00
-999	1508492513	3600		260.77		         0		-999.00
-999	1508494218	1705		260.77		         0		-999.00
6312	1508495418	1200		273.21		 243799921		767.50
6312	1508499018	3600		273.36		 240168119		759.50
6312	1508502618	3600		273.22		 240505339		766.50
6312	1508506218	3600		272.78		 229715239		776.00
6312	1508509818	3600		272.73		 227852874		754.00
6312	1508513418	3600		271.81		 206268679		735.00
6312	1508517018	3600		271.40		 189361536		730.50
6312	1508520618	3600		270.94		 174138449		718.50
6312	1508524218	3600		270.50		 159231146		712.50
6312	1508527818	3600		269.77		 143360247		703.50
6312	1508531418	3600		269.41		 131542995		691.00
6312	1508535018	3600		261.26		 117076914		  8.50
6312	1508535189	171		261.26		 106821271		  8.50
-999	1508536389	1200		264.04		         0		-999.00
-999	1508539989	3600		260.79		         0		-999.00
-999	1508543589	3600		260.79		         0		-999.00
-999	1508544007	418		260.79		         0		-999.00
6313	1508545207	1200		273.07		 241170380		774.50
6313	1508548713	3506		271.21		 244462393		611.00
-999	1508549913	1200		263.88		         0		-999.00
-999	1508553513	3600		260.75		         0		-999.00
-999	1508557113	3600		260.78		         0		-999.00
-999	1508557335	222		260.78		         0		-999.00
6314	1508558535	1200		273.20		 238614236		775.00
6314	1508562135	3600		273.28		 242834687		775.00
6314	1508565735	3600		273.22		 240967964		772.50
6314	1508569335	3600		272.23		 227010805		747.50
6314	1508572935	3600		272.68		 224587677		749.00
6314	1508576535	3600		272.05		 203560751		744.50
6314	1508580135	3600		271.33		 186635383		742.00
6314	1508583735	3600		270.96		 174032469		732.00
6314	1508587335	3600		270.69		 165087596		724.50
6314	1508590935	3600		269.96		 149225581		709.50
6314	1508594535	3600		269.54		 135346059		702.00
6314	1508598135	3600		269.22		 124596282		695.00
6314	1508601735	3600		268.97		 116334454		691.50
6314	1508605335	3600		267.92		 103636452		684.00
6314	1508608935	3600		260.73		 100523094		  8.50
6314	1508612535	3600		260.73		  14047277		  7.50
6314	1508615073	2538		260.73		         0		  7.50
-999	1508616273	1200		260.73		         0		-999.00
-999	1508619873	3600		260.79		         0		-999.00
-999	1508623473	3600		260.79		         0		-999.00
-999	1508623802	329		260.79		         0		-999.00
6315	1508625002	1200		273.12		 240994221		781.00
6315	1508628602	3600		273.41		 244168942		785.50
6315	1508632202	3600		273.17		 242241608		785.50
6315	1508635802	3600		271.60		 234673146		628.00
6315	1508639402	3600		272.98		 235308001		775.50
6315	1508643002	3600		272.32		 213026257		761.50
6315	1508646602	3600		271.75		 194296027		758.00
6315	1508650202	3600		271.24		 177142881		739.00
6315	1508653802	3600		270.56		 163094183		729.50
6315	1508657402	3600		270.15		 149267832		722.50
6315	1508661002	3600		269.83		 138558112		717.50
6315	1508662786	1784		269.62		 131717890		715.00
-999	1508663986	1200		264.00		         0		-999.00
-999	1508667586	3600		264.00		         0		-999.00
-999	1508671186	3600		264.08		         0		-999.00
-999	1508674786	3600		260.83		         0		-999.00
-999	1508678386	3600		260.83		         0		-999.00
-999	1508681986	3600		264.11		         0		-999.00
-999	1508685586	3600		260.88		         0		-999.00
-999	1508688890	3304		260.88		         0		-999.00
6317	1508690090	1200		273.31		 241713208		778.00
6317	1508693690	3600		273.42		 245236617		795.50
6317	1508697290	3600		273.34		 242538962		795.00
6317	1508700890	3600		272.80		 228653978		794.00
6317	1508704490	3600		272.91		 231926157		782.00
6317	1508708090	3600		272.16		 207040434		764.00
6317	1508711690	3600		271.35		 188570895		755.00
6317	1508715290	3600		270.83		 171153781		746.00
6317	1508718890	3600		270.53		 161221631		738.00
6317	1508722490	3600		270.16		 148872793		727.50
6317	1508726090	3600		269.42		 132703544		719.50
6317	1508729690	3600		268.57		 117972716		711.50
6317	1508733290	3600		268.45		 113927532		703.50
6317	1508736021	2731		268.29		 108549186		698.00
-999	1508737221	1200		260.80		         0		-999.00
-999	1508740821	3600		260.19		         0		-999.00
-999	1508744421	3600		261.00		         0		-999.00
-999	1508748021	3600		261.00		         0		-999.00
-999	1508748559	538		261.00		         0		-999.00
6318	1508749759	1200		273.46		 245461096		784.00
6318	1508753359	3600		273.21		 241615043		799.50
6318	1508756959	3600		271.88		 238076134		639.50
6318	1508757812	853		269.98		 147148151		782.00
-999	1508759012	1200		260.91		         0		-999.00
-999	1508762612	3600		260.91		         0		-999.00
-999	1508766212	3600		260.91		         0		-999.00
-999	1508769812	3600		260.91		         0		-999.00
-999	1508773412	3600		260.93		         0		-999.00
-999	1508777012	3600		260.93		         0		-999.00
-999	1508780612	3600		260.93		         0		-999.00
-999	1508784212	3600		260.93		         0		-999.00
-999	1508787812	3600		260.93		         0		-999.00
-999	1508791412	3600		260.93		         0		-999.00
-999	1508794903	3491		260.93		         0		-999.00
6323	1508796103	1200		273.24		 238126531		783.00
6323	1508799703	3600		273.19		 236442546		803.00
6323	1508803303	3600		273.16		 235603957		803.50
6323	1508806903	3600		272.54		 222341455		799.00
6323	1508810503	3600		273.09		 231071806		788.00
6323	1508814103	3600		272.11		 206293026		785.00
6323	1508817703	3600		271.62		 189872263		771.50
6323	1508821303	3600		271.21		 176226108		759.00
6323	1508824903	3600		270.57		 161433515		748.00
6323	1508828503	3600		270.14		 147057874		739.00
6323	1508832103	3600		269.80		 135640377		735.50
6323	1508835703	3600		269.27		 126517159		726.50
6323	1508839303	3600		268.22		 110563985		705.00
6323	1508839887	584		268.19		 109651366		709.50
-999	1508841087	1200		263.84		         0		-999.00
-999	1508844687	3600		263.84		         0		-999.00
-999	1508848287	3600		263.84		         0		-999.00
-999	1508851887	3600		263.84		         0		-999.00
-999	1508855487	3600		263.46		         0		-999.00
-999	1508859087	3600		263.89		         0		-999.00
-999	1508859949	862		263.64		         0		-999.00
6324	1508861149	1200		272.91		 232849882		806.50
6324	1508864749	3600		273.25		 244075072		809.50
6324	1508868349	3600		273.23		 243497240		805.50
6324	1508871949	3600		272.61		 227107449		802.00
6324	1508875549	3600		273.18		 237459308		803.50
6324	1508879149	3600		272.25		 211022010		785.00
6324	1508882749	3600		271.67		 191993352		775.00
6324	1508886349	3600		271.32		 180127889		765.50
6324	1508889949	3600		270.56		 163331704		755.00
6324	1508893549	3600		270.19		 151118720		744.50
6324	1508897149	3600		269.24		 139237164		735.00
6324	1508900749	3600		268.83		 125410184		728.50
6324	1508904349	3600		268.54		 115856175		722.00
6324	1508907949	3600		268.29		 107416888		716.00
6324	1508911549	3600		268.09		 100675873		711.00
6324	1508915149	3600		267.88		  93808151		706.50
6324	1508918170	3021		267.45		  85979946		700.00
-999	1508919370	1200		260.71		         0		-999.00
-999	1508922970	3600		260.94		         0		-999.00
-999	1508926570	3600		260.94		         0		-999.00
-999	1508930170	3600		260.69		         0		-999.00
-999	1508930818	648		260.69		         0		-999.00
6325	1508932018	1200		273.50		 246119856		815.50
6325	1508935618	3600		273.40		 242764115		821.00
6325	1508939218	3600		273.40		 242519086		820.00
6325	1508942818	3600		272.68		 224547445		813.00
6325	1508946418	3600		272.53		 219767928		792.00
6325	1508950018	3600		271.95		 200226507		779.00
6325	1508953618	3600		271.40		 182142165		773.00
6325	1508957218	3600		270.80		 170520722		768.50
6325	1508960818	3600		270.34		 155264902		756.00
6325	1508964418	3600		269.99		 143337012		749.50
6325	1508968018	3600		269.62		 131196379		741.00
6325	1508971618	3600		269.09		 121853516		732.50
6325	1508975218	3600		268.84		 113630372		727.00
6325	1508978818	3600		268.56		 104441963		723.50
6325	1508982418	3600		268.39		  98549824		712.00
6325	1508985380	2962		267.41		  87624619		706.00
-999	1508986580	1200		260.69		         0		-999.00
-999	1508990180	3600		263.94		         0		-999.00
-999	1508993780	3600		260.69		         0		-999.00
-999	1508997380	3600		260.94		         0		-999.00
-999	1509000980	3600		260.94		         0		-999.00
-999	1509004580	3600		260.94		         0		-999.00
-999	1509008180	3600		260.94		         0		-999.00
-999	1509011780	3600		260.94		         0		-999.00
-999	1509015380	3600		260.94		         0		-999.00
-999	1509018980	3600		260.86		         0		-999.00
-999	1509022580	3600		260.86		         0		-999.00
-999	1509026180	3600		255.84		         0		-999.00
-999	1509029780	3600		256.67		         0		-999.00
-999	1509033380	3600		260.30		         0		-999.00
-999	1509036980	3600		260.56		         0		-999.00
-999	1509040580	3600		260.84		         0		-999.00
-999	1509042224	1644		260.84		         0		-999.00
6336	1509043424	1200		264.67		  18435021		628.50
6336	1509047024	3600		264.65		  17897710		651.00
6336	1509050624	3600		264.64		  17388087		622.50
6336	1509054224	3600		264.60		  16141452		644.00
6336	1509056801	2577		264.51		  13264332		633.50
-999	1509058001	1200		264.11		         0		-999.00
-999	1509061601	3600		260.86		         0		-999.00
-999	1509065201	3600		260.86		         0		-999.00
-999	1509068801	3600		260.65		         0		-999.00
-999	1509071795	2994		260.67		         0		-999.00
6337	1509072995	1200		273.23		 241917281		827.00
6337	1509076595	3600		273.31		 244536385		821.00
6337	1509080195	3600		273.21		 241300125		820.50
6337	1509083795	3600		272.94		 229957001		832.00
6337	1509087395	3600		272.91		 228776531		808.50
6337	1509090995	3600		271.61		 204907564		791.50
6337	1509091839	844		269.73		 143369526		775.50
-999	1509093039	1200		264.06		         0		-999.00
-999	1509096639	3600		264.06		         0		-999.00
-999	1509100239	3600		264.06		         0		-999.00
-999	1509103839	3600		263.79		         0		-999.00
-999	1509107439	3600		263.79		         0		-999.00
-999	1509111039	3600		263.79		         0		-999.00
-999	1509114639	3600		264.05		         0		-999.00
-999	1509118239	3600		262.97		         0		-999.00
-999	1509121839	3600		264.06		         0		-999.00
-999	1509125439	3600		260.81		         0		-999.00
-999	1509129039	3600		260.81		         0		-999.00
-999	1509132639	3600		260.82		         0		-999.00
-999	1509136239	3600		260.84		         0		-999.00
-999	1509139177	2938		260.85		         0		-999.00
6341	1509140377	1200		273.22		 237558980		827.00
6341	1509142561	2184		273.31		 240547891		824.00
-999	1509143761	1200		264.14		         0		-999.00
-999	1509147361	3600		264.14		         0		-999.00
-999	1509150961	3600		264.14		         0		-999.00
-999	1509154561	3600		260.89		         0		-999.00
-999	1509158161	3600		260.89		         0		-999.00
-999	1509161761	3600		260.89		         0		-999.00
-999	1509164162	2401		260.90		         0		-999.00
6343	1509165362	1200		273.36		 241309298		825.50
6343	1509168962	3600		273.45		 244387022		826.50
6343	1509172562	3600		273.35		 240891404		834.00
6343	1509176162	3600		272.87		 225510827		827.50
6343	1509179762	3600		272.58		 215799820		804.50
6343	1509183362	3600		271.90		 193141189		795.00
6343	1509186962	3600		271.38		 175978630		783.00
6343	1509190562	3600		270.74		 163067011		776.00
6343	1509194162	3600		270.38		 150971982		763.00
6343	1509197762	3600		270.01		 138639188		762.00
6343	1509201362	3600		269.44		 128348904		750.00
6343	1509204962	3600		269.18		 119749488		743.50
6343	1509206860	1898		268.68		 111812947		739.00
-999	1509208060	1200		264.05		         0		-999.00
-999	1509211660	3600		260.53		         0		-999.00
-999	1509215260	3600		260.82		         0		-999.00
-999	1509215296	36		260.82		         0		-999.00
6344	1509216496	1200		273.16		 238416626		837.00
6344	1509220096	3600		273.27		 241879732		840.50
6344	1509223696	3600		273.19		 239384946		843.00
6344	1509227296	3600		272.71		 226220608		832.00
6344	1509230896	3600		272.72		 226537414		831.00
6344	1509233361	2465		272.23		 210316339		818.00
-999	1509234561	1200		264.30		         0		-999.00
-999	1509238161	3600		260.77		         0		-999.00
-999	1509245361	3600		260.77		         0		-999.00
-999	1509248961	3600		260.77		         0		-999.00
-999	1509252561	3600		260.77		         0		-999.00
-999	1509256161	3600		260.77		         0		-999.00
-999	1509259761	3600		260.77		         0		-999.00
-999	1509263361	3600		261.02		         0		-999.00
-999	1509266961	3600		261.02		         0		-999.00
-999	1509270561	3600		261.30		         0		-999.00
-999	1509272515	1954		260.79		         0		-999.00
6346	1509273715	1200		273.44		 245171218		840.00
6346	1509277315	3600		273.29		 242660891		842.50
6346	1509280915	3600		271.21		 242079537		674.50
6346	1509284515	3600		272.92		 231056156		835.50
6346	1509288115	3600		272.26		 226871353		813.00
6346	1509291715	3600		272.14		 205588314		818.00
6346	1509295315	3600		271.62		 188061064		804.00
6346	1509298915	3600		271.21		 174595200		796.50
6346	1509302515	3600		270.55		 161100955		786.50
6346	1509306115	3600		270.14		 147391985		779.50
6346	1509309715	3600		269.82		 136825925		771.00
6346	1509313315	3600		269.25		 126168815		763.00
6346	1509316915	3600		268.59		 117821190		760.00
6346	1509320515	3600		268.35		 109772666		755.00
6346	1509324115	3600		268.11		 101787297		747.00
6346	1509327715	3600		267.90		  94990490		737.00
6346	1509331315	3600		267.68		  87389594		734.00
6346	1509334915	3600		267.16		  77959115		724.50
6346	1509335058	143		266.87		  79839351		334.50
-999	1509336258	1200		260.93		         0		-999.00
-999	1509339858	3600		260.56		         0		-999.00
-999	1509343458	3600		264.07		         0		-999.00
-999	1509347058	3600		264.07		         0		-999.00
-999	1509350658	3600		260.82		         0		-999.00
-999	1509354258	3600		260.84		         0		-999.00
-999	1509357858	3600		260.89		         0		-999.00
-999	1509359247	1389		260.89		         0		-999.00
6347	1509360447	1200		273.54		 245630480		855.50
6347	1509364047	3600		273.44		 242209399		857.50
6347	1509367647	3600		273.47		 243219060		852.50
6347	1509371247	3600		272.61		 235340133		797.50
6347	1509373889	2642		272.67		 221201030		847.00
-999	1509375089	1200		264.05		         0		-999.00
-999	1509378689	3600		263.79		         0		-999.00
-999	1509382289	3600		261.05		         0		-999.00
-999	1509385889	3600		260.80		         0		-999.00
-999	1509389489	3600		260.80		         0		-999.00
-999	1509391261	1772		260.80		         0		-999.00
6348	1509392461	1200		273.39		 245303021		860.50
6348	1509396061	3600		273.31		 242473137		862.00
6348	1509399661	3600		273.33		 243205239		858.50
6348	1509403261	3600		271.62		 231723908		703.50
6348	1509406861	3600		273.11		 232746562		845.00
6348	1509407899	1038		272.53		 213441646		845.50
-999	1509409099	1200		264.07		         0		-999.00
-999	1509412699	3600		264.07		         0		-999.00
-999	1509416299	3600		260.83		         0		-999.00
-999	1509419899	3600		260.83		         0		-999.00
-999	1509420347	448		260.83		         0		-999.00
6349	1509421547	1200		273.40		 244166942		860.50
6349	1509425147	3600		273.30		 241102130		866.00
6349	1509428747	3600		273.24		 238929272		865.00
6349	1509431369	2622		273.25		 239208730		860.50
-999	1509432569	1200		264.11		         0		-999.00
-999	1509436169	3600		264.11		         0		-999.00
-999	1509439769	3600		260.85		         0		-999.00
-999	1509443369	3600		260.85		         0		-999.00
-999	1509446969	3600		260.85		         0		-999.00
-999	1509450569	3600		260.85		         0		-999.00
-999	1509454169	3600		260.85		         0		-999.00
-999	1509457769	3600		260.85		         0		-999.00
-999	1509459699	1930		255.90		         0		-999.00
6351	1509460899	1200		260.33		 241122875		  6.50
6351	1509463247	2348		273.28		 249376642		860.00
-999	1509464447	1200		264.02		         0		-999.00
-999	1509468047	3600		264.02		         0		-999.00
-999	1509471647	3600		264.02		         0		-999.00
-999	1509475247	3600		264.02		         0		-999.00
-999	1509478847	3600		264.02		         0		-999.00
-999	1509482447	3600		264.02		         0		-999.00
-999	1509486047	3600		264.02		         0		-999.00
-999	1509489647	3600		264.02		         0		-999.00
-999	1509493247	3600		264.02		         0		-999.00
-999	1509496847	3600		264.02		         0		-999.00
-999	1509500447	3600		264.02		         0		-999.00
-999	1509504047	3600		264.02		         0		-999.00
-999	1509507647	3600		264.02		         0		-999.00
-999	1509511247	3600		264.02		         0		-999.00
-999	1509514847	3600		264.02		         0		-999.00
-999	1509518447	3600		264.02		         0		-999.00
-999	1509522047	3600		264.02		         0		-999.00
-999	1509525647	3600		264.02		         0		-999.00
-999	1509529247	3600		260.38		         0		-999.00
-999	1509532847	3600		260.96		         0		-999.00
-999	1509536447	3600		264.22		         0		-999.00
-999	1509540047	3600		264.22		         0		-999.00
-999	1509543647	3600		260.97		         0		-999.00
-999	1509547247	3600		260.97		         0		-999.00
-999	1509550847	3600		261.02		         0		-999.00
-999	1509554447	3600		261.02		         0		-999.00
-999	1509557258	2811		261.02		         0		-999.00
6355	1509558458	1200		273.15		 245460987		840.00
6355	1509560666	2208		273.36		 243781735		860.00
-999	1509561866	1200		263.92		         0		-999.00
-999	1509565466	3600		260.92		         0		-999.00
-999	1509569066	3600		260.70		         0		-999.00
-999	1509572556	3490		260.81		         0		-999.00
6356	1509573756	1200		273.58		 245346739		860.50
6356	1509577356	3600		271.86		 245511620		689.50
6356	1509580956	3600		273.30		 242106727		857.50
6356	1509584556	3600		272.82		 227313427		859.00
6356	1509588156	3600		272.67		 223499493		844.50
6356	1509591756	3600		271.95		 199384442		824.00
6356	1509595356	3600		271.28		 183705216		825.50
6356	1509598956	3600		270.90		 171685489		810.00
6356	1509602556	3600		270.45		 156852369		800.00
6356	1509606156	3600		269.35		 144599148		772.00
6356	1509609756	3600		269.51		 132890297		781.00
6356	1509613356	3600		269.24		 123955919		776.50
6356	1509616034	2678		261.25		 107095336		 10.00
-999	1509617234	1200		260.73		         0		-999.00
-999	1509620834	3600		260.67		         0		-999.00
-999	1509624434	3600		261.00		         0		-999.00
-999	1509628034	3600		260.75		         0		-999.00
-999	1509631634	3600		260.75		         0		-999.00
-999	1509635234	3600		260.78		         0		-999.00
-999	1509635792	558		260.78		         0		-999.00
6358	1509636992	1200		275.95		 321743477		893.00
6358	1509640592	3600		274.63		 278839151		893.00
6358	1509644192	3600		274.33		 268965462		882.00
6358	1509647792	3600		273.21		 233940053		880.00
6358	1509651392	3600		272.71		 223501072		853.50
6358	1509654992	3600		272.03		 201022134		845.00
6358	1509658592	3600		271.48		 182624064		829.00
6358	1509662192	3600		270.98		 165844747		817.50
6358	1509665792	3600		270.43		 156120444		813.00
6358	1509669392	3600		270.06		 143697408		802.00
6358	1509672992	3600		268.31		 133629164		683.50
6358	1509676592	3600		268.94		 123050727		784.00
6358	1509680192	3600		268.70		 114993329		774.50
6358	1509683792	3600		268.26		 106548752		772.00
6358	1509686642	2850		268.00		 101472869		768.00
-999	1509687842	1200		263.89		         0		-999.00
-999	1509691442	3600		260.89		         0		-999.00
-999	1509695042	3600		260.75		         0		-999.00
-999	1509698642	3600		264.00		         0		-999.00
-999	1509702242	3600		260.75		         0		-999.00
-999	1509705842	3600		260.83		         0		-999.00
-999	1509709442	3600		260.83		         0		-999.00
-999	1509711286	1844		260.84		         0		-999.00
6360	1509712486	1200		273.42		 245396009		870.50
6360	1509716086	3600		273.42		 242646984		885.00
6360	1509719686	3600		273.34		 242602592		881.00
6360	1509723286	3600		273.05		 232422140		888.50
6360	1509726886	3600		273.01		 230956815		860.50
6360	1509730486	3600		272.34		 208789962		848.50
6360	1509734086	3600		271.73		 188399887		840.00
6360	1509737686	3600		271.12		 175597629		828.00
6360	1509741286	3600		270.69		 161075929		820.00
6360	1509744886	3600		270.31		 148558037		808.00
6360	1509748486	3600		269.71		 136837601		800.00
6360	1509752086	3600		269.38		 125835654		792.50
6360	1509755686	3600		269.13		 117539372		787.00
6360	1509759286	3600		268.86		 108811623		780.50
6360	1509762886	3600		268.66		 101953504		771.00
6360	1509766486	3600		268.18		  94601438		767.50
6360	1509770086	3600		267.15		  87587313		709.00
6360	1509773686	3600		267.28		  82636941		761.00
6360	1509777286	3600		267.19		  79552022		753.50
6360	1509780886	3600		267.06		  75441208		749.50
6360	1509784486	3600		266.93		  70988381		740.00
6360	1509788086	3600		266.81		  67546129		741.00
6360	1509791686	3600		265.11		  28108384		680.00
6360	1509795286	3600		266.13		  44836232		727.00
6360	1509798558	3272		266.44		  56312446		726.50
-999	1509799758	1200		260.88		         0		-999.00
-999	1509803358	3600		264.11		         0		-999.00
-999	1509806958	3600		264.11		         0		-999.00
-999	1509810558	3600		260.88		         0		-999.00
-999	1509813517	2959		260.44		         0		-999.00
6362	1509814717	1200		273.34		 245972235		882.50
6362	1509818317	3600		273.29		 244619588		886.00
6362	1509821917	3600		273.20		 241590845		883.50
6362	1509825517	3600		273.21		 241980612		878.50
6362	1509829117	3600		272.74		 227916785		878.50
6362	1509832717	3600		272.45		 218129345		862.00
6362	1509836317	3600		271.79		 196162492		852.50
6362	1509839917	3600		271.44		 184638395		836.50
6362	1509843517	3600		270.75		 168782114		830.00
6362	1509847117	3600		270.17		 149573767		812.00
6362	1509850717	3600		269.79		 136866321		799.00
6362	1509854317	3600		269.19		 125387456		791.00
6362	1509857917	3600		268.96		 117715340		787.00
6362	1509861517	3600		268.69		 108821548		778.00
6362	1509865117	3600		268.50		 102317294		776.00
6362	1509868717	3600		268.29		  95322891		770.50
6362	1509872317	3600		266.96		  89423267		688.50
6362	1509875917	3600		267.34		  81065052		760.50
6362	1509879517	3600		267.19		  75874339		756.50
6362	1509883117	3600		267.03		  70638887		752.00
6362	1509886717	3600		266.88		  65679546		744.00
6362	1509890317	3600		266.79		  62828500		743.50
6362	1509893917	3600		266.43		  59493641		743.50
6362	1509897517	3600		266.37		  57598379		740.00
6362	1509899516	1999		266.18		  51078504		733.00
-999	1509900716	1200		261.05		         0		-999.00
-999	1509904316	3600		264.13		         0		-999.00
-999	1509907916	3600		260.88		         0		-999.00
-999	1509911516	3600		264.41		         0		-999.00
-999	1509915116	3600		264.41		         0		-999.00
-999	1509918716	3600		264.41		         0		-999.00
-999	1509922316	3600		264.41		         0		-999.00
-999	1509925916	3600		260.67		         0		-999.00
-999	1509929516	3600		260.67		         0		-999.00
-999	1509932099	2583		260.71		         0		-999.00
6364	1509933299	1200		273.31		 245425864		895.50
6364	1509936899	3600		273.47		 244729985		890.50
6364	1509940499	3600		273.42		 243143505		887.50
6364	1509944099	3600		272.92		 227892727		880.50
6364	1509947699	3600		273.06		 232423792		882.50
6364	1509951299	3600		272.11		 209402638		865.00
6364	1509954899	3600		271.58		 191531289		854.00
6364	1509958499	3600		271.14		 177106599		845.00
6364	1509962099	3600		270.73		 163235341		837.50
6364	1509965699	3600		270.23		 150759234		825.00
6364	1509969299	3600		269.85		 138132153		817.00
6364	1509972899	3600		269.57		 128763603		809.50
6364	1509976499	3600		268.29		 114081742		784.00
6364	1509980099	3600		268.48		 111759752		790.50
6364	1509983699	3600		268.24		 103711871		787.00
6364	1509987299	3600		268.04		  97172354		782.50
6364	1509990899	3600		267.87		  91493194		778.50
6364	1509994499	3600		267.70		  85719336		772.00
6364	1509998099	3600		265.77		  56147314		674.50
6364	1510001699	3600		266.17		  43835269		775.00
6364	1510005299	3600		267.01		  72058789		760.00
6364	1510008899	3600		266.89		  68094835		755.00
6364	1510012499	3600		266.76		  63780198		753.00
6364	1510016099	3600		266.68		  60992877		749.50
6364	1510019699	3600		266.38		  57754965		747.50
6364	1510023299	3600		266.27		  54278531		743.50
6364	1510026899	3600		266.18		  51272285		741.50
6364	1510030499	3600		266.05		  46698502		732.50
6364	1510030750	251		266.16		  50590374		480.00
-999	1510031950	1200		261.08		         0		-999.00
-999	1510035550	3600		259.75		         0		-999.00
-999	1510039150	3600		260.90		         0		-999.00
-999	1510042750	3600		260.23		         0		-999.00
-999	1510046350	3600		259.78		         0		-999.00
-999	1510049950	3600		260.88		         0		-999.00
-999	1510053550	3600		260.89		         0		-999.00
-999	1510057150	3600		264.23		         0		-999.00
-999	1510060750	3600		263.97		         0		-999.00
-999	1510064350	3600		263.97		         0		-999.00
-999	1510067950	3600		263.97		         0		-999.00
-999	1510071550	3600		263.97		         0		-999.00
-999	1510075150	3600		263.99		         0		-999.00
-999	1510078750	3600		263.97		         0		-999.00
-999	1510082350	3600		263.97		         0		-999.00
-999	1510085950	3600		263.97		         0		-999.00
-999	1510089550	3600		264.00		         0		-999.00
-999	1510093150	3600		264.02		         0		-999.00
-999	1510096750	3600		264.02		         0		-999.00
-999	1510100350	3600		264.02		         0		-999.00
-999	1510103950	3600		264.02		         0		-999.00
-999	1510107550	3600		264.02		         0		-999.00
-999	1510111150	3600		264.02		         0		-999.00
-999	1510114750	3600		264.02		         0		-999.00
-999	1510118350	3600		264.02		         0		-999.00
-999	1510121950	3600		264.02		         0		-999.00
-999	1510125550	3600		264.02		         0		-999.00
-999	1510129150	3600		264.02		         0		-999.00
-999	1510132750	3600		260.85		         0		-999.00
-999	1510136350	3600		260.85		         0		-999.00
-999	1510139950	3600		260.85		         0		-999.00
-999	1510143550	3600		260.85		         0		-999.00
-999	1510147150	3600		260.90		         0		-999.00
-999	1510150750	3600		260.90		         0		-999.00
-999	1510154350	3600		260.90		         0		-999.00
-999	1510157950	3600		260.90		         0		-999.00
-999	1510161550	3600		260.90		         0		-999.00
-999	1510165150	3600		260.90		         0		-999.00
-999	1510168750	3600		260.90		         0		-999.00
-999	1510172350	3600		260.90		         0		-999.00
-999	1510175950	3600		260.90		         0		-999.00
-999	1510179550	3600		264.16		         0		-999.00
-999	1510183150	3600		260.90		         0		-999.00
-999	1510186750	3600		260.90		         0		-999.00
-999	1510187241	491		260.90		         0		-999.00
6370	1510188441	1200		273.44		 246162392		901.00
6370	1510192041	3600		273.45		 245354351		896.00
6370	1510195641	3600		273.36		 240054015		908.50
6370	1510199241	3600		272.86		 224650710		891.50
6370	1510202841	3600		272.25		 215909643		876.50
6370	1510206441	3600		271.65		 196035793		869.50
6370	1510210041	3600		271.13		 180876608		861.00
6370	1510213641	3600		270.58		 168784594		844.50
6370	1510217241	3600		268.46		 132464755		724.00
6370	1510220841	3600		264.94		  15296351		711.00
6370	1510221340	499		264.54		   1820627		708.00
-999	1510222540	1200		264.23		         0		-999.00
-999	1510226140	3600		260.71		         0		-999.00
-999	1510229740	3600		260.96		         0		-999.00
-999	1510233340	3600		261.01		         0		-999.00
-999	1510233457	117		261.01		         0		-999.00
6371	1510234657	1200		273.65		 242958376		901.50
6371	1510238257	3600		273.42		 243382669		919.50
6371	1510241857	3600		273.39		 242435371		917.50
6371	1510245457	3600		272.90		 226020636		916.50
6371	1510249057	3600		272.65		 217624646		894.00
6371	1510252657	3600		272.09		 199111666		880.50
6371	1510256257	3600		271.31		 181508197		871.50
6371	1510259857	3600		270.95		 169654206		862.00
6371	1510263457	3600		270.23		 156431217		848.50
6371	1510267057	3600		269.83		 143022483		842.50
6371	1510270657	3600		269.53		 133161005		829.00
6371	1510274257	3600		269.22		 122639056		825.00
6371	1510277857	3600		268.98		 114522485		818.00
6371	1510281457	3600		268.72		 106126106		809.50
6371	1510285057	3600		268.52		  99329001		805.00
6371	1510288657	3600		268.36		  94012228		798.00
6371	1510292257	3600		267.92		  87807542		794.50
6371	1510295857	3600		267.28		  80075281		789.00
6371	1510299457	3600		267.23		  78589866		783.50
6371	1510303057	3600		267.12		  74731083		783.00
6371	1510306657	3600		266.98		  70311867		777.00
6371	1510310257	3600		266.89		  67070579		773.50
6371	1510313857	3600		266.78		  63561285		772.50
6371	1510317457	3600		264.98		  33240634		707.00
6371	1510319386	1929		264.20		   7210863		711.50
-999	1510320586	1200		260.72		         0		-999.00
-999	1510324186	3600		261.05		         0		-999.00
-999	1510327786	3600		261.05		         0		-999.00
-999	1510331386	3600		261.05		         0		-999.00
-999	1510334986	3600		260.79		         0		-999.00
-999	1510338586	3600		260.79		         0		-999.00
-999	1510342186	3600		260.88		         0		-999.00
-999	1510345786	3600		259.69		         0		-999.00
-999	1510349386	3600		260.99		         0		-999.00
-999	1510352986	3600		260.73		         0		-999.00
-999	1510356586	3600		260.73		         0		-999.00
-999	1510360186	3600		260.84		         0		-999.00
-999	1510363786	3600		260.84		         0		-999.00
-999	1510367386	3600		260.84		         0		-999.00
-999	1510370986	3600		260.84		         0		-999.00
-999	1510374586	3600		260.84		         0		-999.00
-999	1510378186	3600		260.84		         0		-999.00
-999	1510381786	3600		260.84		         0		-999.00
-999	1510385386	3600		260.84		         0		-999.00
-999	1510388986	3600		260.84		         0		-999.00
-999	1510392586	3600		260.84		         0		-999.00
-999	1510396186	3600		260.84		         0		-999.00
-999	1510399786	3600		260.84		         0		-999.00
-999	1510403386	3600		260.84		         0		-999.00
-999	1510406986	3600		260.84		         0		-999.00
-999	1510410586	3600		260.84		         0		-999.00
-999	1510414186	3600		260.85		         0		-999.00
-999	1510417786	3600		260.85		         0		-999.00
-999	1510421386	3600		260.90		         0		-999.00
-999	1510424986	3600		260.90		         0		-999.00
-999	1510425007	21		260.90		         0		-999.00
6380	1510426207	1200		264.16		     75500		717.50
6380	1510429807	3600		264.16		     34073		712.50
6380	1510433407	3600		264.16		     29334		716.00
6380	1510437007	3600		264.16		     53252		715.00
6380	1510440607	3600		264.16		     55185		709.50
6380	1510444207	3600		264.16		     50206		710.00
6380	1510447807	3600		264.16		     51695		706.00
6380	1510451407	3600		264.16		     48378		708.00
6380	1510455007	3600		264.16		     49184		703.00
6380	1510458607	3600		264.16		     48315		701.00
6380	1510461234	2627		264.16		     44031		702.00
-999	1510462434	1200		260.90		         0		-999.00
-999	1510466034	3600		260.90		         0		-999.00
-999	1510467400	1366		260.90		         0		-999.00
6381	1510468600	1200		264.32		   5242516		711.00
6381	1510472200	3600		264.30		   4743519		705.50
6381	1510475800	3600		264.28		   4149964		705.50
6381	1510479400	3600		264.26		   3348761		705.00
6381	1510483000	3600		264.24		   2752165		706.50
6381	1510486600	3600		260.90		   3303786		  9.00
6381	1510489140	2540		260.90		   3141811		  9.00
-999	1510490340	1200		264.16		         0		-999.00
-999	1510493940	3600		261.16		         0		-999.00
-999	1510496151	2211		260.90		         0		-999.00
6382	1510497351	1200		264.51		  11721553		718.50
6382	1510499523	2172		264.56		  13281004		712.50
-999	1510500723	1200		264.16		         0		-999.00
-999	1510504323	3600		264.16		         0		-999.00
-999	1510507923	3600		260.90		         0		-999.00
-999	1510508834	911		260.93		         0		-999.00
6384	1510510034	1200		264.54		  11984997		720.50
6384	1510513634	3600		264.59		  13353000		714.50
6384	1510517234	3600		264.55		  12044364		713.50
6384	1510520834	3600		264.52		  11140050		718.00
6384	1510524434	3600		264.49		  10272887		710.50
6384	1510528034	3600		264.47		   9656373		709.50
6384	1510531634	3600		264.46		   9015598		709.00
6384	1510535234	3600		264.44		   8537587		711.00
6384	1510538834	3600		264.43		   8000086		708.00
6384	1510542434	3600		264.41		   7587754		707.00
6384	1510546034	3600		264.40		   7237703		711.00
6384	1510547156	1122		264.39		   6932093		711.00
-999	1510548356	1200		264.19		         0		-999.00
-999	1510551956	3600		260.93		         0		-999.00
-999	1510555556	3600		260.93		         0		-999.00
-999	1510556200	644		260.93		         0		-999.00
6385	1510557400	1200		264.72		  16620088		706.00
6385	1510561000	3600		264.79		  18940625		720.50
6385	1510564600	3600		264.72		  16714814		718.50
6385	1510568200	3600		264.69		  15675822		714.50
6385	1510571800	3600		264.65		  14499139		715.50
6385	1510575400	3600		264.63		  13573867		712.50
6385	1510579000	3600		264.61		  12870340		712.50
6385	1510582600	3600		264.58		  12084629		712.50
6385	1510586200	3600		264.57		  11562370		711.00
6385	1510589800	3600		264.55		  10915856		711.50
6385	1510593400	3600		264.53		  10486422		695.50
6385	1510597000	3600		264.52		  10072855		712.00
6385	1510600600	3600		264.51		   9556611		707.00
6385	1510604200	3600		264.49		   9086333		709.50
6385	1510607800	3600		264.48		   8759707		715.50
6385	1510611400	3600		264.47		   8361342		710.00
6385	1510615000	3600		264.46		   8028330		710.00
6385	1510618600	3600		264.45		   7792356		707.50
6385	1510622200	3600		264.44		   7453126		708.50
6385	1510625800	3600		264.44		   7218596		709.50
6385	1510629400	3600		264.43		   6916205		708.50
6385	1510633000	3600		264.42		   6716056		707.50
6385	1510636600	3600		264.41		   6437320		705.50
6385	1510640200	3600		264.41		   6219693		710.00
6385	1510643800	3600		264.40		   6056047		710.50
6385	1510647400	3600		264.39		   5816014		708.50
6385	1510648816	1416		264.36		   4798973		708.50
-999	1510650016	1200		260.71		         0		-999.00
-999	1510653616	3600		260.96		         0		-999.00
-999	1510656318	2702		260.96		         0		-999.00
6386	1510657518	1200		264.75		  17549610		723.00
6386	1510661118	3600		264.83		  20356042		717.00
6386	1510664718	3600		264.77		  18240470		714.50
6386	1510668318	3600		264.73		  16860352		716.00
6386	1510671918	3600		264.69		  15558483		712.50
6386	1510675518	3600		264.66		  14652996		716.00
6386	1510679118	3600		264.63		  13772794		713.00
6386	1510682718	3600		264.61		  12915881		710.00
6386	1510686318	3600		264.59		  12306021		713.50
6386	1510689918	3600		264.57		  11614944		711.50
6386	1510693518	3600		264.55		  11064568		709.50
6386	1510697118	3600		264.54		  10606912		711.50
6386	1510697835	717		264.53		  10360404		713.00
-999	1510699035	1200		264.22		         0		-999.00
-999	1510702635	3600		260.70		         0		-999.00
-999	1510703320	685		260.70		         0		-999.00
-999	1510704714	1200		264.21		         0		-999.00
-999	1510708314	3600		260.95		         0		-999.00
-999	1510710308	1994		260.95		         0		-999.00
-999	1510712452	1200		264.22		         0		-999.00
-999	1510716052	3600		260.95		         0		-999.00
-999	1510716919	867		260.96		         0		-999.00
6389	1510718119	1200		264.85		  21149511		722.50
6389	1510721719	3600		264.79		  18984257		716.50
6389	1510725319	3600		264.74		  17301173		716.00
6389	1510728919	3600		264.70		  15907094		715.50
6389	1510732519	3600		264.67		  14855462		712.50
6389	1510736119	3600		264.63		  13812688		712.50
6389	1510739719	3600		264.61		  13114279		712.00
6389	1510742286	2567		264.59		  12463110		710.50
-999	1510743486	1200		264.22		         0		-999.00
-999	1510747086	3600		263.96		         0		-999.00
-999	1510750686	3600		260.96		         0		-999.00
-999	1510754286	3600		260.96		         0		-999.00
-999	1510755164	878		260.96		         0		-999.00
6390	1510756364	1200		264.84		  20794369		712.00
6390	1510759964	3600		264.79		  18975328		717.00
6390	1510763564	3600		264.74		  17342709		714.50
6390	1510767164	3600		264.70		  15910633		713.00
6390	1510770764	3600		264.67		  14853965		711.00
6390	1510774364	3600		264.64		  14041384		716.50
6390	1510777964	3600		264.61		  13153620		709.50
6390	1510781564	3600		264.60		  12581286		712.00
6390	1510783750	2186		264.58		  12090869		715.50
-999	1510784950	1200		264.22		         0		-999.00
-999	1510788550	3600		264.22		         0		-999.00
-999	1510792150	3600		264.22		         0		-999.00
-999	1510795750	3600		264.22		         0		-999.00
-999	1510799350	3600		260.96		         0		-999.00
-999	1510802950	3600		260.71		         0		-999.00
-999	1510804269	1319		261.08		         0		-999.00
6392	1510805469	1200		264.68		  19891526		718.50
6392	1510809069	3600		264.63		  18059437		718.50
6392	1510812669	3600		264.60		  17228012		716.00
6392	1510816269	3600		264.56		  15779630		715.00
6392	1510819869	3600		264.53		  14754591		712.50
6392	1510823469	3600		264.50		  13949361		713.00
6392	1510827069	3600		264.48		  13068082		711.00
6392	1510830669	3600		264.46		  12442092		712.50
6392	1510834269	3600		264.44		  11723576		706.50
6392	1510836884	2615		264.43		  11370608		710.50
-999	1510838084	1200		261.08		         0		-999.00
-999	1510841684	3600		260.83		         0		-999.00
-999	1510845284	3600		263.84		         0		-999.00
-999	1510848884	3600		263.85		         0		-999.00
-999	1510852484	3600		260.85		         0		-999.00
-999	1510856084	3600		260.88		         0		-999.00
-999	1510859684	3600		264.12		         0		-999.00
-999	1510863284	3600		260.88		         0		-999.00
-999	1510865232	1948		260.88		         0		-999.00
6396	1510866432	1200		264.51		  12584223		707.50
6396	1510870032	3600		264.48		  11425253		714.50
6396	1510873632	3600		264.44		  10119989		710.50
6396	1510877232	3600		264.41		   9294230		709.00
6396	1510880832	3600		264.39		   8564002		709.50
6396	1510884432	3600		264.38		   8038712		708.00
6396	1510888032	3600		264.36		   7488824		710.00
6396	1510891632	3600		264.35		   7114689		708.00
6396	1510895232	3600		264.34		   6690798		709.50
6396	1510898832	3600		264.33		   6335240		706.50
6396	1510902432	3600		264.32		   6065551		706.50
6396	1510906032	3600		264.31		   5760471		705.50
6396	1510909632	3600		264.30		   5546338		708.00
6396	1510913232	3600		264.29		   5306486		700.50
6396	1510916832	3600		264.29		   5049314		705.00
6396	1510920432	3600		264.28		   4875540		702.50
6396	1510924032	3600		264.28		   4682360		704.50
6396	1510927632	3600		264.27		   4471572		705.50
6396	1510931232	3600		264.27		   4375597		707.00
6396	1510934832	3600		264.26		   4188771		704.00
6396	1510938432	3600		264.26		   4067902		704.00
6396	1510942032	3600		264.25		   3902075		703.50
6396	1510945632	3600		264.25		   3794298		703.00
6396	1510949232	3600		264.24		   3645442		704.50
6396	1510952832	3600		264.24		   3548345		698.50
6396	1510956432	3600		264.24		   3434829		704.50
6396	1510960032	3600		264.23		   3326550		705.00
6396	1510963632	3600		264.23		   3201765		706.50
6396	1510967232	3600		264.23		   3126183		702.00
6396	1510970832	3600		264.23		   3014741		700.00
6396	1510974432	3600		264.22		   2947065		701.00
6396	1510978032	3600		264.22		   2843320		703.50
6396	1510981632	3600		264.22		   2779192		704.00
6396	1510985232	3600		264.22		   2681485		698.00
6396	1510988832	3600		264.21		   2607604		704.00
6396	1510992432	3600		264.21		   2546382		701.50
6396	1510996032	3600		264.21		   2341055		699.50
6396	1510999057	3025		264.21		   2421982		702.50
-999	1511000257	1200		260.88		         0		-999.00
-999	1511003857	3600		260.90		         0		-999.00
-999	1511005205	1348		260.90		         0		-999.00
6397	1511006405	1200		264.63		  15530523		713.50
6397	1511010005	3600		264.56		  13186100		711.00
6397	1511013605	3600		264.54		  12819803		709.00
6397	1511017205	3600		264.51		  11714050		708.50
6397	1511020805	3600		264.49		  10961321		706.50
6397	1511024405	3600		264.47		  10199762		706.50
6397	1511028005	3600		264.45		   9668212		705.00
6397	1511031605	3600		264.43		   9083424		706.50
6397	1511035205	3600		264.42		   8616137		707.50
6397	1511038805	3600		264.41		   8272346		708.00
6397	1511042405	3600		264.40		   7836209		707.50
6397	1511046005	3600		264.39		   7531152		703.50
6397	1511049605	3600		264.37		   7153550		704.50
6397	1511053205	3600		264.37		   6901216		706.50
6397	1511056805	3600		264.36		   6583696		706.00
6397	1511060405	3600		264.35		   6370599		705.50
6397	1511064005	3600		264.34		   6130326		705.00
6397	1511067605	3600		264.34		   5862650		704.50
6397	1511071205	3600		264.33		   5681128		703.50
6397	1511074805	3600		264.32		   5440059		704.50
6397	1511078405	3600		264.32		   5285858		703.50
6397	1511082005	3600		264.31		   5075436		704.50
6397	1511085605	3600		264.31		   4934572		704.50
6397	1511089205	3600		264.30		   4768704		705.00
6397	1511092805	3600		264.30		   4612739		704.50
6397	1511096405	3600		264.29		   4441684		701.00
6397	1511100005	3600		264.29		   4331554		701.50
6397	1511103605	3600		264.29		   4171959		701.50
6397	1511107205	3600		264.28		   4072454		702.00
6397	1511110805	3600		264.28		   3926024		699.00
6397	1511114396	3591		264.27		   3624521		702.50
-999	1511115596	1200		260.90		         0		-999.00
-999	1511119196	3600		260.91		         0		-999.00
-999	1511120746	1550		260.91		         0		-999.00
6398	1511121946	1200		264.62		  15101470		710.00
6398	1511125546	3600		264.55		  12808376		712.50
6398	1511129146	3600		264.54		  12405702		709.00
6398	1511132746	3600		264.51		  11339710		710.50
6398	1511136346	3600		264.49		  10536399		705.00
6398	1511139946	3600		264.47		   9947967		704.50
6398	1511143546	3600		264.45		   9290334		708.00
6398	1511147146	3600		264.44		   8845839		706.50
6398	1511150746	3600		264.42		   8297200		704.50
6398	1511154346	3600		264.41		   7936094		704.50
6398	1511157946	3600		264.40		   7573765		702.00
6398	1511161546	3600		264.39		   7231494		703.50
6398	1511165146	3600		272.18		   7007540		1677.00
6398	1511167533	2387		272.17		   6647113		  9.50
-999	1511168733	1200		271.97		         0		-999.00
-999	1511172333	3600		271.98		         0		-999.00
-999	1511175933	3600		281.32		         0		-999.00
-999	1511175951	18		281.32		         0		-999.00
6399	1511177151	1200		281.76		  14495021		  9.50
6399	1511180751	3600		281.21		  13194337		  1.50
6399	1511184351	3600		283.79		  11060440		 16.00
6399	1511187951	3600		286.02		  10882444		 16.00
6399	1511191551	3600		287.82		  10090781		  1.50
6399	1511195151	3600		280.21		   9376379		  6.50
6399	1511198751	3600		272.53		   8917692		  9.50
6399	1511202351	3600		263.44		   8397112		648.00
6399	1511205951	3600		263.42		   7832607		633.00
6399	1511209551	3600		263.36		   5504376		645.00
6399	1511213151	3600		263.31		   4145624		641.50
6399	1511216751	3600		263.31		   4131075		640.00
6399	1511220351	3600		263.32		   4170189		640.00
6399	1511223951	3600		263.31		   4128056		639.50
6399	1511227551	3600		263.31		   4143221		642.00
6399	1511231151	3600		263.31		   4129590		639.00
6399	1511234751	3600		263.31		   4148693		639.00
6399	1511238351	3600		263.31		   4125282		641.00
6399	1511240507	2156		263.31		   4145001		639.00
-999	1511241707	1200		259.94		         0		-999.00
-999	1511245307	3600		260.19		         0		-999.00
-999	1511248907	3600		259.94		         0		-999.00
-999	1511252507	3600		260.32		         0		-999.00
-999	1511256107	3600		260.59		         0		-999.00
-999	1511259707	3600		260.85		         0		-999.00
-999	1511263307	3600		260.82		         0		-999.00
-999	1511265489	2182		264.07		         0		-999.00
6402	1511266689	1200		264.08		    223121		705.00
6402	1511266841	152		264.08		    325333		704.00
-999	1511268041	1200		260.84		         0		-999.00
-999	1511271641	3600		264.10		         0		-999.00
-999	1511275241	3600		260.85		         0		-999.00
-999	1511278841	3600		261.14		         0		-999.00
-999	1511280328	1487		260.89		         0		-999.00
6404	1511281528	1200		266.23		  73713081		685.00
6404	1511285128	3600		264.70		  21369043		708.00
6404	1511288075	2947		265.28		  14230948		774.50
-999	1511289275	1200		264.05		         0		-999.00
-999	1511292875	3600		260.79		         0		-999.00
-999	1511296475	3600		260.79		         0		-999.00
-999	1511296565	90		260.79		         0		-999.00
6405	1511297765	1200		272.52		 214257017		885.50
6405	1511301365	3600		264.68		  15191819		716.00
6405	1511304965	3600		264.61		  13131630		715.50
6405	1511308565	3600		264.61		  13029841		713.50
6405	1511312165	3600		264.61		  13123643		716.50
6405	1511315765	3600		264.61		  13011738		714.50
6405	1511319365	3600		264.61		  13050609		714.00
6405	1511322965	3600		264.61		  13058094		712.50
6405	1511326565	3600		264.61		  12982077		712.00
6405	1511330165	3600		264.61		  13103811		713.00
6405	1511333765	3600		265.18		  14736086		720.50
6405	1511334092	327		265.08		  11330288		720.50
-999	1511335292	1200		260.97		         0		-999.00
-999	1511338892	3600		260.97		         0		-999.00
-999	1511342492	3600		260.97		         0		-999.00
-999	1511346092	3600		260.97		         0		-999.00
-999	1511349692	3600		260.97		         0		-999.00
-999	1511353292	3600		260.97		         0		-999.00
-999	1511356892	3600		260.97		         0		-999.00
-999	1511360492	3600		260.97		         0		-999.00
-999	1511364092	3600		260.97		         0		-999.00
-999	1511367692	3600		260.97		         0		-999.00
-999	1511371292	3600		260.97		         0		-999.00
-999	1511374892	3600		260.97		         0		-999.00
-999	1511378492	3600		261.00		         0		-999.00
-999	1511382092	3600		261.00		         0		-999.00
-999	1511383550	1458		261.00		         0		-999.00
6411	1511384750	1200		266.01		  57894023		692.00
6411	1511388350	3600		264.69		  13952248		713.50
6411	1511391950	3600		264.66		  13095032		714.00
6411	1511395550	3600		264.66		  13033321		711.50
6411	1511399150	3600		264.66		  13070168		713.50
6411	1511402750	3600		264.66		  12955983		711.00
6411	1511406350	3600		264.66		  13064570		714.00
6411	1511409950	3600		264.66		  12984947		713.50
6411	1511413550	3600		264.66		  13082392		712.00
6411	1511417150	3600		264.66		  13002375		712.00
6411	1511420750	3600		264.66		  13070073		714.50
6411	1511424350	3600		264.66		  13032791		713.00
6411	1511427950	3600		264.66		  13062085		714.00
6411	1511431550	3600		264.66		  12971791		714.50
6411	1511435150	3600		264.66		  13090805		714.00
6411	1511438750	3600		264.66		  12966260		715.50
6411	1511442350	3600		264.66		  13026808		714.00
6411	1511445233	2883		264.66		  12926282		716.00
-999	1511446433	1200		261.01		         0		-999.00
-999	1511450033	3600		261.01		         0		-999.00
-999	1511453633	3600		261.01		         0		-999.00
-999	1511457233	3600		261.01		         0		-999.00
-999	1511460833	3600		261.04		         0		-999.00
-999	1511462230	1397		260.78		         0		-999.00
6413	1511463430	1200		265.47		  39842247		706.50
6413	1511467030	3600		264.66		  13087651		716.00
6413	1511470630	3600		264.66		  13082392		713.50
6413	1511474230	3600		264.66		  13079332		690.00
6413	1511477830	3600		264.66		  13085361		716.50
6413	1511481430	3600		264.67		  13180507		715.50
6413	1511485030	3600		264.66		  13064575		714.00
6413	1511488630	3600		264.66		  13110057		708.50
6413	1511492230	3600		264.66		  13081301		716.00
6413	1511495830	3600		264.66		  13006615		712.50
6413	1511499430	3600		264.66		  13074286		713.50
6413	1511503030	3600		264.66		  13111469		713.50
6413	1511506630	3600		264.66		  13085270		714.00
6413	1511510230	3600		264.66		  13058126		714.50
6413	1511513830	3600		264.66		  13008869		713.00
6413	1511517430	3600		264.66		  13061624		715.00
6413	1511521030	3600		264.66		  13101829		714.00
6413	1511524630	3600		264.66		  13079536		713.00
6413	1511528230	3600		264.66		  13026754		717.00
6413	1511531830	3600		264.66		  13051708		714.00
6413	1511535430	3600		264.66		  12987915		715.00
6413	1511539030	3600		264.66		  12909890		715.00
6413	1511542630	3600		264.66		  12998152		714.00
6413	1511546230	3600		264.66		  13093932		715.00
6413	1511549830	3600		264.66		  12994473		714.00
6413	1511553430	3600		264.66		  13137133		716.50
6413	1511557030	3600		264.66		  13041657		716.50
6413	1511560630	3600		264.66		  13012684		716.50
6413	1511564230	3600		264.66		  12909985		717.50
6413	1511565273	1043		264.66		  12910425		715.50
-999	1511566473	1200		264.01		         0		-999.00
-999	1511570073	3600		264.29		         0		-999.00
-999	1511573673	3600		264.29		         0		-999.00
-999	1511577273	3600		261.04		         0		-999.00
-999	1511580373	3100		261.04		         0		-999.00
6415	1511581573	1200		265.08		  24707691		693.50
6415	1511585173	3600		264.73		  12972198		712.00
6415	1511588773	3600		264.73		  13086872		715.50
6415	1511592373	3600		264.73		  12988069		714.00
6415	1511595973	3600		264.73		  13092547		715.00
6415	1511599573	3600		264.73		  12983372		714.00
6415	1511603173	3600		264.73		  13086483		715.50
6415	1511606773	3600		264.73		  13105898		714.00
6415	1511610373	3600		264.73		  13100644		714.00
6415	1511613973	3600		264.73		  13022301		716.00
6415	1511617573	3600		264.73		  13015245		713.50
6415	1511621173	3600		264.73		  13094910		715.00
6415	1511624773	3600		264.73		  12998026		713.50
6415	1511628373	3600		264.73		  13093117		713.50
6415	1511631973	3600		264.73		  13000836		715.00
6415	1511635573	3600		264.73		  13083265		712.50
6415	1511639173	3600		264.73		  12948402		713.00
6415	1511642623	3450		264.73		  12974151		714.50
-999	1511643823	1200		264.34		         0		-999.00
-999	1511647423	3600		261.08		         0		-999.00
-999	1511651023	3600		261.08		         0		-999.00
-999	1511654623	3600		260.84		         0		-999.00
-999	1511657870	3247		260.84		         0		-999.00
6417	1511659070	1200		264.78		  14002279		721.00
6417	1511662670	3600		264.75		  13093262		717.00
6417	1511666270	3600		264.74		  12967736		716.00
6417	1511669870	3600		264.75		  13111048		715.00
6417	1511673470	3600		264.74		  12987775		714.00
6417	1511677070	3600		264.74		  12972180		714.00
6417	1511680670	3600		264.75		  13095991		714.00
6417	1511684270	3600		264.74		  12994785		715.50
6417	1511687870	3600		264.73		  12617083		703.50
6417	1511688687	817		265.50		  29768445		716.00
6417	1511659070	1200		264.78		  14002279		721.00
6417	1511662670	3600		264.75		  13093262		717.00
6417	1511666270	3600		264.74		  12967736		716.00
6417	1511669870	3600		264.75		  13111048		715.00
6417	1511673470	3600		264.74		  12987775		714.00
6417	1511677070	3600		264.74		  12972180		714.00
6417	1511680670	3600		264.75		  13095991		714.00
6417	1511684270	3600		264.74		  12994785		715.50
6417	1511687870	3600		264.73		  12617083		703.50
6417	1511688687	817		265.50		  29768445		716.00
-999	1511689887	1200		261.09		         0		-999.00
-999	1511776287	86400		255.78		         0		-999.00
-999	1511862687	86400		255.77		         0		-999.00
-999	1511949087	86400		255.75		         0		-999.00
-999	1512035487	86400		256.00		         0		-999.00
-999	1512121887	86400		255.98		         0		-999.00
-999	1512208287	86400		255.71		         0		-999.00
-999	1512294687	86400		256.19		         0		-999.00
-999	1512381087	86400		263.34		         0		-999.00
-999	1512467487	86400		261.00		         0		-999.00
-999	1512553887	86400		263.12		         0		-999.00
-999	1512640287	86400		277.47		         0		-999.00
-999	1512726687	86400		278.75		         0		-999.00
-999	1512813087	86400		278.75		         0		-999.00
-999	1512899487	86400		278.75		         0		-999.00
-999	1512985887	86400		278.75		         0		-999.00
-999	1513072287	86400		279.00		         0		-999.00
-999	1513158687	86400		279.00		         0		-999.00
-999	1513245087	86400		279.00		         0		-999.00
-999	1513331487	86400		279.00		         0		-999.00
-999	1513417887	86400		279.77		         0		-999.00
-999	1513504287	86400		279.51		         0		-999.00
-999	1513590687	86400		279.26		         0		-999.00
-999	1513677087	86400		279.26		         0		-999.00
-999	1513763487	86400		288.73		         0		-999.00
-999	1513849887	86400		293.35		         0		-999.00
-999	1513936287	86400		294.63		         0		-999.00
-999	1514022687	86400		283.35		         0		-999.00
-999	1514109087	86400		281.56		         0		-999.00
-999	1514195487	86400		281.30		         0		-999.00
-999	1514281887	86400		281.30		         0		-999.00
-999	1514368287	86400		281.30		         0		-999.00
-999	1514454687	86400		281.30		         0		-999.00
-999	1514541087	86400		281.30		         0		-999.00
-999	1514627487	86400		281.30		         0		-999.00
-999	1514713887	86400		281.30		         0		-999.00
-999	1514800287	86400		281.30		         0		-999.00
-999	1514886687	86400		281.30		         0		-999.00
-999	1514973087	86400		281.30		         0		-999.00
-999	1515059487	86400		281.30		         0		-999.00
-999	1515145887	86400		281.30		         0		-999.00
-999	1515232287	86400		281.30		         0		-999.00
-999	1515318687	86400		281.30		         0		-999.00
-999	1515405087	86400		281.30		         0		-999.00
-999	1515491487	86400		285.76		         0		-999.00
-999	1515577887	86400		287.30		         0		-999.00
-999	1515664287	86400		286.79		         0		-999.00
-999	1515750687	86400		286.27		         0		-999.00
-999	1515837087	86400		286.27		         0		-999.00
-999	1515923487	86400		286.27		         0		-999.00
-999	1516009887	86400		286.27		         0		-999.00
-999	1516096287	86400		291.40		         0		-999.00
-999	1516182687	86400		293.46		         0		-999.00
-999	1516269087	86400		293.97		         0		-999.00
-999	1516355487	86400		293.97		         0		-999.00
-999	1516441887	86400		293.97		         0		-999.00
-999	1516528287	86400		293.97		         0		-999.00
-999	1516614687	86400		293.97		         0		-999.00
-999	1516701087	86400		293.97		         0		-999.00
-999	1516787487	86400		293.97		         0		-999.00
-999	1516873887	86400		293.97		         0		-999.00
-999	1516960287	86400		293.97		         0		-999.00
-999	1517046687	86400		293.97		         0		-999.00
-999	1517133087	86400		293.97		         0		-999.00
-999	1517219487	86400		293.97		         0		-999.00
-999	1517305887	86400		293.97		         0		-999.00
-999	1517392287	86400		293.97		         0		-999.00
-999	1517478687	86400		293.97		         0		-999.00
-999	1517565087	86400		293.97		         0		-999.00
-999	1517651487	86400		293.97		         0		-999.00
-999	1517737887	86400		293.97		         0		-999.00
-999	1517824287	86400		293.97		         0		-999.00
-999	1517910687	86400		293.97		         0		-999.00
-999	1517997087	86400		293.97		         0		-999.00
-999	1518083487	86400		293.97		         0		-999.00
-999	1518169887	86400		293.97		         0		-999.00
-999	1518256287	86400		293.97		         0		-999.00
-999	1518342687	86400		293.97		         0		-999.00
-999	1518429087	86400		293.97		         0		-999.00
-999	1518515487	86400		294.60		         0		-999.00
-999	1518601887	86400		292.94		         0		-999.00
-999	1518688287	86400		293.48		         0		-999.00
-999	1518774687	86400		293.23		         0		-999.00
-999	1518861087	86400		292.97		         0		-999.00
-999	1518947487	86400		292.97		         0		-999.00
-999	1519033887	86400		291.43		         0		-999.00
-999	1519120287	86400		292.20		         0		-999.00
-999	1519206687	86400		290.41		         0		-999.00
-999	1519293087	86400		290.67		         0		-999.00
-999	1519379487	86400		289.72		         0		-999.00
-999	1519465887	86400		291.54		         0		-999.00
-999	1519552287	86400		289.75		         0		-999.00
-999	1519638687	86400		291.11		         0		-999.00
-999	1519725087	86400		293.98		         0		-999.00
-999	1519811487	86400		255.98		         0		-999.00
-999	1519897887	86400		263.50		         0		-999.00
-999	1519984287	86400		260.54		         0		-999.00
-999	1520070687	86400		260.54		         0		-999.00
-999	1520157087	86400		263.54		         0		-999.00
-999	1520243487	86400		260.54		         0		-999.00
-999	1520329887	86400		263.54		         0		-999.00
-999	1520416287	86400		263.54		         0		-999.00
-999	1520502687	86400		263.71		         0		-999.00
-999	1520589087	86400		260.50		         0		-999.00
-999	1520675487	86400		263.79		         0		-999.00
-999	1520761887	86400		263.79		         0		-999.00
-999	1520848287	86400		263.79		         0		-999.00
-999	1520934687	86400		263.79		         0		-999.00
-999	1521021087	86400		263.86		         0		-999.00
-999	1521107487	86400		263.87		         0		-999.00
-999	1521193887	86400		263.89		         0		-999.00
-999	1521280287	86400		263.95		         0		-999.00
-999	1521366687	86400		263.95		         0		-999.00
-999	1521453087	86400		263.44		         0		-999.00
-999	1521539487	86400		259.82		         0		-999.00
-999	1521625887	86400		259.80		         0		-999.00
-999	1521712287	86400		263.85		         0		-999.00
-999	1521798687	86400		263.69		         0		-999.00
-999	1521885087	86400		263.82		         0		-999.00
-999	1521967887	86400		263.82		         0		-999.00
-999	1522054287	86400		255.68		         0		-999.00
-999	1522140687	86400		260.85		         0		-999.00
-999	1522227087	86400		260.85		         0		-999.00
-999	1522313487	86400		263.84		         0		-999.00
-999	1522399887	86400		260.67		         0		-999.00
-999	1522486287	86400		260.67		         0		-999.00
-999	1522572687	86400		260.67		         0		-999.00
-999	1522659087	86400		260.76		         0		-999.00
-999	1522745487	86400		260.82		         0		-999.00
-999	1522831887	86400		260.82		         0		-999.00
-999	1522918287	86400		260.84		         0		-999.00
-999	1523004687	86400		260.76		         0		-999.00
-999	1523091087	86400		260.60		         0		-999.00
-999	1523177487	86400		260.78		         0		-999.00
-999	1523263887	86400		260.85		         0		-999.00
-999	1523350287	86400		256.13		         0		-999.00
-999	1523436687	86400		260.84		         0		-999.00
-999	1523523087	86400		260.72		         0		-999.00
-999	1523609487	86400		273.17		         0		-999.00
-999	1523695887	86400		260.76		         0		-999.00
-999	1523782287	86400		260.82		         0		-999.00
-999	1523868687	86400		260.88		         0		-999.00
-999	1523955087	86400		260.82		         0		-999.00
-999	1523955253	166		260.82		         0		-999.00
6570	1523956453	1200		260.82		    225008		  9.50
6570	1523960053	3600		260.82		    240793		400.00
6570	1523963653	3600		261.09		    207657		394.50
6570	1523967253	3600		260.84		    186907		389.50
6570	1523970853	3600		260.86		    169347		396.00
6570	1523974453	3600		260.86		    155943		388.50
6570	1523978053	3600		260.87		    140714		  9.50
6570	1523981653	3600		260.61		    103007		  9.50
6570	1523981975	322		260.61		     47395		  9.50
6570	1523956453	1200		260.82		    225008		  9.50
6570	1523960053	3600		260.82		    240793		400.00
6570	1523963653	3600		261.09		    207657		394.50
6570	1523967253	3600		260.84		    186907		389.50
6570	1523970853	3600		260.86		    169347		396.00
6570	1523974453	3600		260.86		    155943		388.50
6570	1523978053	3600		260.87		    140714		  9.50
6570	1523981653	3600		260.61		    103007		  9.50
6570	1523981975	322		260.61		     47395		  9.50
-999	1523983175	1200		260.93		         0		-999.00
-999	1523986775	3600		260.67		         0		-999.00
-999	1523990375	3600		260.70		         0		-999.00
-999	1523993975	3600		260.70		         0		-999.00
-999	1523996969	2994		260.71		         0		-999.00
6573	1523998169	1200		263.72		    124811		385.00
6573	1524001769	3600		263.72		    116583		390.00
6573	1524005369	3600		263.97		    105871		402.00
6573	1524008969	3600		263.72		    102694		398.50
6573	1524012569	3600		263.72		     96159		392.50
6573	1524016169	3600		263.72		     90258		397.50
6573	1524019769	3600		263.72		     83044		  9.00
6573	1524021023	1254		263.72		     87267		  9.00
-999	1524022223	1200		263.71		         0		-999.00
-999	1524025823	3600		263.71		         0		-999.00
-999	1524029423	3600		263.71		         0		-999.00
-999	1524033023	3600		263.71		         0		-999.00
-999	1524036623	3600		263.71		         0		-999.00
-999	1524040223	3600		263.97		         0		-999.00
-999	1524043823	3600		263.97		         0		-999.00
-999	1524047423	3600		263.97		         0		-999.00
-999	1524051023	3600		263.97		         0		-999.00
-999	1524054623	3600		260.71		         0		-999.00
-999	1524058223	3600		260.71		         0		-999.00
-999	1524061823	3600		260.76		         0		-999.00
-999	1524065423	3600		260.77		         0		-999.00
-999	1524069023	3600		260.77		         0		-999.00
-999	1524072623	3600		260.77		         0		-999.00
-999	1524076085	3462		260.77		         0		-999.00
6574	1524077285	1200		263.80		    812449		288.50
6574	1524080885	3600		263.80		    835896		411.50
6574	1524084485	3600		263.80		    784910		395.50
6574	1524088085	3600		263.80		    713514		396.00
6574	1524091685	3600		263.79		    657424		396.50
6574	1524095285	3600		263.79		    603303		387.00
6574	1524098885	3600		264.06		    574986		395.00
6574	1524102485	3600		263.80		    521973		390.50
6574	1524106085	3600		263.80		    482401		416.00
6574	1524109685	3600		263.80		    457135		395.50
6574	1524113285	3600		263.80		    464706		386.50
6574	1524116885	3600		263.80		    461837		398.00
6574	1524117698	813		264.08		    405747		401.00
-999	1524118898	1200		260.81		         0		-999.00
-999	1524122498	3600		260.81		         0		-999.00
-999	1524126098	3600		260.81		         0		-999.00
-999	1524129698	3600		260.81		         0		-999.00
-999	1524133298	3600		260.81		         0		-999.00
-999	1524136898	3600		260.55		         0		-999.00
-999	1524140498	3600		260.81		         0		-999.00
-999	1524144098	3600		260.81		         0		-999.00
-999	1524147698	3600		260.81		         0		-999.00
-999	1524151298	3600		260.81		         0		-999.00
-999	1524154898	3600		260.81		         0		-999.00
-999	1524158498	3600		260.81		         0		-999.00
-999	1524162098	3600		260.81		         0		-999.00
-999	1524165698	3600		260.81		         0		-999.00
-999	1524169298	3600		260.83		         0		-999.00
-999	1524169357	59		260.83		         0		-999.00
6579	1524170557	1200		264.05		   7301383		388.00
6579	1524174157	3600		264.07		   7783717		396.00
6579	1524177757	3600		264.04		   6884960		404.50
6579	1524181357	3600		264.02		   6303765		404.50
6579	1524184957	3600		264.01		   5813443		400.00
6579	1524188557	3600		263.99		   5319510		402.50
6579	1524192157	3600		263.98		   4923389		394.50
6579	1524195757	3600		263.97		   4550376		401.00
6579	1524199357	3600		263.96		   4255099		401.50
6579	1524202957	3600		263.96		   4119217		401.50
6579	1524206557	3600		263.95		   3870038		402.00
6579	1524210157	3600		263.94		   3520209		400.00
6579	1524212278	2121		263.95		   3839151		401.50
-999	1524213478	1200		263.83		         0		-999.00
-999	1524217078	3600		263.83		         0		-999.00
-999	1524220678	3600		263.83		         0		-999.00
-999	1524224278	3600		263.83		         0		-999.00
-999	1524227878	3600		260.90		         0		-999.00
-999	1524231478	3600		260.65		         0		-999.00
-999	1524235078	3600		260.65		         0		-999.00
-999	1524238678	3600		260.69		         0		-999.00
-999	1524239302	624		260.69		         0		-999.00
6583	1524240502	1200		264.09		   4716755		404.50
6583	1524244102	3600		264.10		   5124787		402.50
6583	1524247702	3600		264.09		   4808014		403.00
6583	1524251302	3600		264.08		   4601320		399.50
6583	1524254902	3600		264.08		   4337931		399.00
6583	1524258502	3600		264.07		   4010028		398.00
6583	1524260400	1898		264.06		   3815239		398.00
-999	1524261600	1200		260.69		         0		-999.00
-999	1524265200	3600		260.75		         0		-999.00
-999	1524268800	3600		260.77		         0		-999.00
-999	1524269059	259		260.77		         0		-999.00
6584	1524270259	1200		264.26		   7799787		401.50
6584	1524273859	3600		264.25		   7221366		404.50
6584	1524277459	3600		264.24		   6885042		403.00
6584	1524281059	3600		264.22		   6308037		403.50
6584	1524284659	3600		264.20		   5726656		402.00
6584	1524288259	3600		264.19		   5431134		402.50
6584	1524291859	3600		264.19		   5272652		404.50
6584	1524293708	1849		264.21		   5842625		403.50
-999	1524294908	1200		260.77		         0		-999.00
-999	1524298508	3600		260.77		         0		-999.00
-999	1524302108	3600		260.77		         0		-999.00
-999	1524305708	3600		260.77		         0		-999.00
-999	1524309308	3600		260.77		         0		-999.00
-999	1524312908	3600		260.78		         0		-999.00
-999	1524316508	3600		260.78		         0		-999.00
-999	1524320108	3600		260.78		         0		-999.00
-999	1524323708	3600		260.81		         0		-999.00
-999	1524327308	3600		260.81		         0		-999.00
-999	1524330908	3600		260.81		         0		-999.00
-999	1524334508	3600		260.81		         0		-999.00
-999	1524338108	3600		260.81		         0		-999.00
-999	1524338145	37		260.81		         0		-999.00
6592	1524339345	1200		263.83		    620894		399.00
6592	1524342945	3600		263.82		    496091		397.50
6592	1524346545	3600		263.83		    552326		397.00
6592	1524348606	2061		263.83		    634912		398.50
-999	1524349806	1200		260.81		         0		-999.00
-999	1524353406	3600		260.81		         0		-999.00
-999	1524357006	3600		260.81		         0		-999.00
-999	1524360606	3600		263.82		         0		-999.00
-999	1524364206	3600		263.82		         0		-999.00
-999	1524367806	3600		263.82		         0		-999.00
-999	1524371406	3600		260.63		         0		-999.00
-999	1524374961	3555		260.65		         0		-999.00
6594	1524376161	1200		265.38		  38269783		423.50
6594	1524379761	3600		265.16		  41025976		400.00
6594	1524383361	3600		265.30		  37357648		412.50
6594	1524386961	3600		265.20		  35053363		414.50
6594	1524390561	3600		265.06		  32215437		413.00
6594	1524394161	3600		264.75		  30321184		410.00
6594	1524397761	3600		264.94		  27913444		412.00
6594	1524401361	3600		264.88		  26049490		414.00
6594	1524404961	3600		264.85		  24865842		415.50
6594	1524408224	3263		264.77		  22398551		416.00
-999	1524409424	1200		260.82		         0		-999.00
-999	1524413024	3600		263.82		         0		-999.00
-999	1524416624	3600		260.61		         0		-999.00
-999	1524420224	3600		260.70		         0		-999.00
-999	1524420891	667		260.70		         0		-999.00
6595	1524422091	1200		265.34		  36887176		430.50
6595	1524425691	3600		265.38		  38331910		430.50
6595	1524429291	3600		265.30		  35374192		430.00
6595	1524432891	3600		264.11		   4468100		405.00
6595	1524436491	3600		263.99		    476011		410.50
6595	1524440091	3600		263.99		    483682		409.50
6595	1524443691	3600		264.48		  16661317		426.50
6595	1524447291	3600		264.84		  28819545		424.50
6595	1524450891	3600		264.78		  26677254		425.00
6595	1524453560	2669		264.78		  26792411		428.00
-999	1524454760	1200		256.19		         0		-999.00
-999	1524458360	3600		255.68		         0		-999.00
-999	1524461960	3600		255.68		         0		-999.00
-999	1524465560	3600		255.68		         0		-999.00
-999	1524469160	3600		256.19		         0		-999.00
-999	1524472760	3600		256.19		         0		-999.00
-999	1524476360	3600		255.94		         0		-999.00
-999	1524479960	3600		256.19		         0		-999.00
-999	1524483560	3600		256.19		         0		-999.00
-999	1524487160	3600		256.19		         0		-999.00
-999	1524490760	3600		255.94		         0		-999.00
-999	1524494360	3600		256.19		         0		-999.00
-999	1524497960	3600		255.94		         0		-999.00
-999	1524501560	3600		255.68		         0		-999.00
-999	1524505160	3600		255.68		         0		-999.00
-999	1524508760	3600		255.94		         0		-999.00
-999	1524512360	3600		255.94		         0		-999.00
-999	1524515960	3600		255.68		         0		-999.00
-999	1524519560	3600		255.94		         0		-999.00
-999	1524523160	3600		255.94		         0		-999.00
-999	1524526760	3600		255.68		         0		-999.00
-999	1524530360	3600		255.94		         0		-999.00
-999	1524533960	3600		255.94		         0		-999.00
-999	1524537560	3600		255.94		         0		-999.00
-999	1524541160	3600		255.94		         0		-999.00
-999	1524544760	3600		255.68		         0		-999.00
-999	1524548360	3600		255.68		         0		-999.00
-999	1524551960	3600		255.94		         0		-999.00
-999	1524555560	3600		255.94		         0		-999.00
-999	1524559160	3600		255.94		         0		-999.00
-999	1524562760	3600		255.68		         0		-999.00
-999	1524566360	3600		255.94		         0		-999.00
-999	1524569960	3600		260.61		         0		-999.00
-999	1524573560	3600		259.80		         0		-999.00
-999	1524577160	3600		260.61		         0		-999.00
-999	1524580760	3600		260.61		         0		-999.00
-999	1524584360	3600		260.61		         0		-999.00
-999	1524587960	3600		260.64		         0		-999.00
-999	1524591560	3600		260.64		         0		-999.00
-999	1524594926	3366		260.44		         0		-999.00
6611	1524596126	1200		265.38		  37730445		430.00
6611	1524599726	3600		265.43		  39437930		428.50
6611	1524603326	3600		265.34		  36550300		423.00
6611	1524606926	3600		265.27		  34257039		426.50
6611	1524610526	3600		265.19		  31602843		428.50
6611	1524614126	3600		264.89		  29998373		417.00
6611	1524617726	3600		265.08		  27974585		427.50
6611	1524621326	3600		265.02		  25990521		428.00
6611	1524624926	3600		264.68		  23290816		414.00
6611	1524628526	3600		264.68		  23272501		423.50
6611	1524632126	3600		260.98		  22034673		 10.00
6611	1524632893	767		260.98		  22880186		 10.00
-999	1524634093	1200		260.98		         0		-999.00
-999	1524637693	3600		260.47		         0		-999.00
-999	1524641293	3600		260.51		         0		-999.00
-999	1524644893	3600		260.55		         0		-999.00
-999	1524648493	3600		260.55		         0		-999.00
-999	1524651418	2925		260.55		         0		-999.00
6612	1524652618	1200		266.62		  72748640		451.00
6612	1524656218	3600		266.71		  78953176		447.50
6612	1524659818	3600		266.51		  72224046		448.00
6612	1524663418	3600		266.37		  67776229		440.00
6612	1524667018	3600		265.87		  61639205		413.50
6612	1524670618	3600		266.05		  59064596		444.50
6612	1524674218	3600		265.89		  54158693		439.50
6612	1524677818	3600		265.76		  49796541		440.00
6612	1524681418	3600		265.63		  45336378		438.00
6612	1524682360	942		265.71		  48027293		443.00
-999	1524683560	1200		263.72		         0		-999.00
-999	1524687160	3600		260.72		         0		-999.00
-999	1524690760	3600		260.70		         0		-999.00
-999	1524691431	671		260.44		         0		-999.00
6613	1524692631	1200		266.68		  74681201		457.50
6613	1524693036	405		266.57		  71032709		457.00
-999	1524694236	1200		264.19		         0		-999.00
-999	1524697836	3600		260.66		         0		-999.00
-999	1524699992	2156		260.66		         0		-999.00
6614	1524701192	1200		266.78		  76531719		457.00
6614	1524704792	3600		266.88		  79842524		455.50
6614	1524708392	3600		266.65		  74816408		455.50
6614	1524711992	3600		266.51		  70145280		453.50
6614	1524715592	3600		266.31		  63413330		451.50
6614	1524719192	3600		266.11		  58595319		451.50
6614	1524719201	9		264.35		         0		450.50
-999	1524720401	1200		264.09		         0		-999.00
-999	1524724001	3600		260.56		         0		-999.00
-999	1524727601	3600		263.89		         0		-999.00
-999	1524731201	3600		260.62		         0		-999.00
-999	1524734801	3600		255.75		         0		-999.00
-999	1524738401	3600		255.75		         0		-999.00
-999	1524742001	3600		255.75		         0		-999.00
-999	1524745601	3600		256.01		         0		-999.00
-999	1524749201	3600		260.88		         0		-999.00
-999	1524752801	3600		260.63		         0		-999.00
-999	1524756401	3600		260.89		         0		-999.00
-999	1524758045	1644		260.65		         0		-999.00
6615	1524759245	1200		260.91		  74357639		 10.00
6615	1524762845	3600		260.91		  79112428		 10.00
6615	1524766445	3600		266.12		  73721227		427.00
6615	1524770045	3600		266.23		  68523219		450.50
6615	1524773645	3600		266.06		  62707925		452.00
6615	1524776692	3047		265.85		  55910975		452.00
-999	1524777892	1200		263.89		         0		-999.00
-999	1524781492	3600		260.66		         0		-999.00
-999	1524785092	3600		260.66		         0		-999.00
-999	1524788692	3600		260.66		         0		-999.00
-999	1524789854	1162		260.69		         0		-999.00
6616	1524791054	1200		268.48		 119932187		488.50
6616	1524794654	3600		268.66		 125727836		484.00
6616	1524798254	3600		268.12		 117447230		479.00
6616	1524801854	3600		267.88		 109356935		479.00
6616	1524805454	3600		267.63		 101986048		476.00
6616	1524809054	3600		267.42		  95122701		476.00
6616	1524812654	3600		267.24		  89153188		472.50
6616	1524816254	3600		267.04		  82209693		472.50
6616	1524819854	3600		260.73		  75904620		 10.00
6616	1524820718	864		260.73		  86803735		 10.00
-999	1524821918	1200		260.75		         0		-999.00
-999	1524825518	3600		260.75		         0		-999.00
-999	1524829118	3600		260.75		         0		-999.00
-999	1524832718	3600		260.80		         0		-999.00
-999	1524832839	121		260.80		         0		-999.00
6617	1524834039	1200		268.31		 115783322		491.50
6617	1524837639	3600		268.34		 121871365		487.00
6617	1524841239	3600		268.03		 111785761		483.50
6617	1524844839	3600		267.77		 103093082		483.00
6617	1524848439	3600		267.53		  94845223		480.00
6617	1524852039	3600		267.39		  90252750		480.00
6617	1524855639	3600		267.25		  85689675		478.00
6617	1524859239	3600		267.08		  79999717		478.00
6617	1524862839	3600		266.91		  74423541		477.50
6617	1524864081	1242		266.33		  62716806		473.00
-999	1524865281	1200		260.89		         0		-999.00
-999	1524868881	3600		260.63		         0		-999.00
-999	1524872481	3600		260.91		         0		-999.00
-999	1524876081	3600		260.66		         0		-999.00
-999	1524877512	1431		260.75		         0		-999.00
6618	1524878712	1200		267.99		 111993264		494.00
6618	1524882312	3600		268.15		 117272063		493.50
6618	1524885912	3600		267.88		 108313943		492.50
6618	1524889512	3600		267.70		 102298079		489.00
6618	1524892123	2611		267.28		  89986224		484.50
-999	1524893323	1200		260.73		         0		-999.00
-999	1524896923	3600		260.73		         0		-999.00
-999	1524900523	3600		260.73		         0		-999.00
-999	1524904123	3600		260.73		         0		-999.00
-999	1524907723	3600		260.73		         0		-999.00
-999	1524911323	3600		260.73		         0		-999.00
-999	1524914923	3600		260.73		         0		-999.00
-999	1524918523	3600		260.73		         0		-999.00
-999	1524922123	3600		260.73		         0		-999.00
-999	1524925723	3600		260.73		         0		-999.00
-999	1524929323	3600		263.73		         0		-999.00
-999	1524932923	3600		260.73		         0		-999.00
-999	1524936523	3600		260.73		         0		-999.00
-999	1524936687	164		260.73		         0		-999.00
6620	1524937887	1200		269.26		 148093557		516.00
6620	1524941487	3600		269.50		 155948684		505.50
6620	1524945087	3600		269.03		 140235832		509.00
6620	1524948687	3600		268.97		 138307986		506.00
6620	1524952287	3600		268.60		 125840202		502.50
6620	1524955131	2844		268.43		 120305185		503.50
-999	1524956331	1200		263.69		         0		-999.00
-999	1524959931	3600		260.69		         0		-999.00
-999	1524963531	3600		261.00		         0		-999.00
-999	1524964619	1088		260.75		         0		-999.00
6621	1524965819	1200		268.95		 149127036		504.50
6621	1524969419	3600		269.84		 161678327		518.50
6621	1524973019	3600		269.39		 146705411		515.50
6621	1524976619	3600		269.03		 134946761		508.00
6621	1524980219	3600		268.53		 122650049		508.00
6621	1524983819	3600		267.30		 115606439		462.50
6621	1524987419	3600		267.99		 109367566		504.00
6621	1524991019	3600		267.74		 101183419		500.50
6621	1524994619	3600		267.49		  92981369		497.00
6621	1524998219	3600		267.33		  87343342		498.00
6621	1525001774	3555		266.55		  79712779		490.50
-999	1525002974	1200		260.65		         0		-999.00
-999	1525006574	3600		260.71		         0		-999.00
-999	1525010174	3600		260.71		         0		-999.00
-999	1525013774	3600		260.69		         0		-999.00
-999	1525017374	3600		260.75		         0		-999.00
-999	1525020974	3600		264.00		         0		-999.00
-999	1525024574	3600		260.75		         0		-999.00
-999	1525028174	3600		260.75		         0		-999.00
-999	1525031774	3600		260.75		         0		-999.00
-999	1525035374	3600		260.75		         0		-999.00
-999	1525038774	3400		260.75		         0		-999.00
6624	1525039974	1200		268.97		 139582603		520.00
6624	1525043574	3600		269.15		 145629119		514.00
6624	1525047174	3600		268.84		 135329717		513.50
6624	1525050774	3600		268.58		 126470812		510.00
6624	1525054374	3600		268.31		 117427612		506.00
6624	1525057974	3600		268.07		 109600073		505.50
6624	1525061574	3600		267.79		 100034650		502.00
6624	1525065174	3600		267.56		  92615289		502.00
6624	1525068774	3600		267.35		  85527817		499.50
6624	1525072374	3600		267.23		  81341507		496.00
6624	1525075974	3600		267.05		  75407985		500.00
6624	1525079089	3115		266.69		  74011671		496.00
-999	1525080289	1200		260.94		         0		-999.00
-999	1525083889	3600		260.43		         0		-999.00
-999	1525087489	3600		260.71		         0		-999.00
-999	1525091089	3600		260.71		         0		-999.00
-999	1525094689	3600		260.71		         0		-999.00
-999	1525098289	3600		260.71		         0		-999.00
-999	1525101889	3600		260.80		         0		-999.00
-999	1525105489	3600		260.80		         0		-999.00
-999	1525108047	2558		260.80		         0		-999.00
6628	1525109247	1200		270.72		 185142257		547.00
6628	1525112847	3600		270.86		 189831913		547.00
6628	1525116447	3600		270.50		 177845648		547.00
6628	1525120047	3600		270.12		 165199084		539.00
6628	1525123647	3600		269.69		 150895939		535.50
6628	1525127247	3600		269.13		 140722384		533.50
6628	1525130847	3600		268.83		 130626909		530.00
6628	1525134447	3600		268.38		 120766173		530.50
6628	1525138047	3600		268.12		 112082083		526.50
6628	1525141647	3600		267.88		 104047345		525.00
6628	1525145247	3600		267.69		  97851203		517.50
6628	1525148847	3600		267.57		  93759881		521.00
6628	1525151330	2483		260.78		  88905177		 10.00
-999	1525152530	1200		263.78		         0		-999.00
-999	1525156130	3600		260.83		         0		-999.00
-999	1525159730	3600		260.83		         0		-999.00
-999	1525162052	2322		260.83		         0		-999.00
6629	1525163252	1200		271.93		 220140019		588.00
6629	1525166852	3600		272.32		 229813345		587.50
6629	1525170452	3600		271.98		 218372967		580.50
6629	1525174052	3600		271.09		 202186670		567.50
6629	1525177652	3600		270.83		 185150045		571.00
6629	1525181252	3600		270.32		 168312094		567.50
6629	1525184852	3600		269.96		 156123747		559.00
6629	1525188452	3600		269.32		 143297708		555.50
6629	1525192052	3600		268.99		 132498498		550.50
6629	1525195652	3600		268.75		 124437850		550.50
6629	1525199252	3600		268.51		 116306390		547.00
6629	1525200188	936		268.31		 109539971		543.50
-999	1525201388	1200		264.06		         0		-999.00
-999	1525204988	3600		264.14		         0		-999.00
-999	1525208588	3600		260.39		         0		-999.00
-999	1525212188	3600		260.39		         0		-999.00
-999	1525215788	3600		263.99		         0		-999.00
-999	1525219388	3600		260.79		         0		-999.00
-999	1525222988	3600		260.79		         0		-999.00
-999	1525226588	3600		260.55		         0		-999.00
-999	1525226930	342		260.55		         0		-999.00
6633	1525228130	1200		271.71		 211106684		591.50
6633	1525229721	1591		272.35		 232447734		584.50
-999	1525230921	1200		264.00		         0		-999.00
-999	1525234521	3600		263.71		         0		-999.00
-999	1525238121	3600		260.04		         0		-999.00
-999	1525241721	3600		260.61		         0		-999.00
-999	1525245321	3600		260.65		         0		-999.00
-999	1525246903	1582		260.73		         0		-999.00
6636	1525248103	1200		271.83		 210020079		595.00
6636	1525251703	3600		272.41		 231036461		588.50
6636	1525255303	3600		271.69		 207144016		585.50
6636	1525256334	1031		271.59		 203587504		582.00
-999	1525257534	1200		263.85		         0		-999.00
-999	1525261134	3600		263.60		         0		-999.00
-999	1525264734	3600		260.62		         0		-999.00
-999	1525268334	3600		263.89		         0		-999.00
-999	1525271934	3600		263.91		         0		-999.00
-999	1525275534	3600		263.66		         0		-999.00
-999	1525279134	3600		263.48		         0		-999.00
-999	1525282734	3600		263.91		         0		-999.00
-999	1525286334	3600		263.70		         0		-999.00
-999	1525289432	3098		263.73		         0		-999.00
6638	1525290632	1200		271.07		 240073212		495.50
6638	1525294232	3600		273.15		 249967990		605.00
6638	1525297832	3600		272.83		 239469108		601.50
6638	1525301432	3600		271.99		 219095492		597.50
6638	1525305032	3600		271.41		 199518309		590.50
6638	1525308632	3600		270.94		 183881067		586.50
6638	1525312232	3600		269.30		 167731645		509.00
6638	1525315832	3600		269.50		 156181503		572.00
6638	1525319432	3600		269.13		 143901078		566.50
6638	1525323032	3600		268.78		 132006964		560.50
6638	1525326632	3600		268.48		 122298206		557.00
6638	1525330232	3600		268.17		 111779719		553.50
6638	1525333832	3600		268.21		 113104136		554.50
6638	1525337432	3600		267.77		 101259336		553.00
6638	1525341032	3600		261.07		  93963655		 10.00
6638	1525341071	39		261.07		  83773843		 10.00
-999	1525342271	1200		260.82		         0		-999.00
-999	1525345871	3600		260.72		         0		-999.00
-999	1525349471	3600		260.72		         0		-999.00
-999	1525352253	2782		260.72		         0		-999.00
6639	1525353453	1200		272.86		 238500816		633.00
6639	1525357053	3600		273.31		 253591850		627.00
6639	1525360653	3600		272.89		 239581737		619.50
6639	1525364253	3600		272.28		 219170310		612.50
6639	1525367853	3600		271.50		 201690542		606.50
6639	1525371453	3600		270.97		 184146353		600.00
6639	1525375053	3600		270.58		 171051593		596.50
6639	1525378653	3600		270.19		 158000432		589.00
6639	1525382253	3600		269.17		 144887885		586.50
6639	1525385853	3600		268.87		 134733569		582.00
6639	1525389453	3600		268.53		 123433212		578.50
6639	1525393053	3600		268.13		 110935604		578.00
6639	1525394989	1936		268.35		 118385759		582.00
-999	1525396189	1200		264.12		         0		-999.00
-999	1525399789	3600		260.52		         0		-999.00
-999	1525403389	3600		260.55		         0		-999.00
-999	1525406989	3600		260.55		         0		-999.00
-999	1525410589	3600		260.55		         0		-999.00
-999	1525414040	3451		260.55		         0		-999.00
6640	1525415240	1200		272.13		 214323095		622.50
6640	1525418840	3600		272.45		 226640009		618.00
6640	1525422440	3600		272.05		 213214246		611.00
6640	1525426040	3600		271.12		 191050068		605.50
6640	1525429640	3600		270.18		 175394081		597.00
6640	1525433240	3600		269.58		 158104425		595.00
6640	1525436840	3600		269.13		 143135103		583.50
6640	1525440440	3600		268.67		 127720104		577.00
6640	1525444040	3600		268.33		 116610416		573.00
6640	1525446994	2954		267.60		 101288560		563.00
-999	1525448194	1200		263.76		         0		-999.00
-999	1525451794	3600		260.50		         0		-999.00
-999	1525455250	3456		260.54		         0		-999.00
6641	1525456450	1200		274.27		 280041589		671.50
6641	1525460050	3600		274.36		 283114425		651.00
6641	1525463650	3600		273.51		 263634022		654.00
6641	1525467250	3600		272.88		 242766686		648.50
6641	1525470850	3600		272.56		 232047294		643.00
6641	1525474450	3600		271.98		 212555328		635.50
6641	1525478050	3600		271.39		 192997650		628.50
6641	1525480726	2676		271.05		 181731816		625.00
-999	1525481926	1200		263.83		         0		-999.00
-999	1525485526	3600		260.93		         0		-999.00
-999	1525489126	3600		260.93		         0		-999.00
-999	1525489628	502		260.93		         0		-999.00
6642	1525490828	1200		274.18		 278871432		679.00
6642	1525494428	3600		274.51		 289967770		658.00
6642	1525498028	3600		273.32		 250314189		649.50
6642	1525501628	3600		272.60		 226207453		646.00
6642	1525503557	1929		271.89		 211023222		639.50
-999	1525504757	1200		263.85		         0		-999.00
-999	1525508357	3600		260.57		         0		-999.00
-999	1525511957	3600		260.83		         0		-999.00
-999	1525514208	2251		260.83		         0		-999.00
6643	1525515408	1200		274.75		 291922398		691.50
6643	1525515661	253		274.30		 276961245		688.00
-999	1525516861	1200		263.83		         0		-999.00
-999	1525520461	3600		263.79		         0		-999.00
-999	1525524061	3600		260.61		         0		-999.00
-999	1525527661	3600		260.65		         0		-999.00
-999	1525528039	378		260.65		         0		-999.00
6645	1525529239	1200		274.54		 284565553		689.00
6645	1525532839	3600		275.17		 305816000		680.50
6645	1525534478	1639		274.74		 291283411		677.50
-999	1525535678	1200		263.91		         0		-999.00
-999	1525539278	3600		263.91		         0		-999.00
-999	1525542878	3600		263.91		         0		-999.00
-999	1525546478	3600		263.91		         0		-999.00
-999	1525550078	3600		263.91		         0		-999.00
-999	1525553678	3600		263.91		         0		-999.00
-999	1525557278	3600		263.91		         0		-999.00
-999	1525560878	3600		260.91		         0		-999.00
-999	1525564478	3600		260.73		         0		-999.00
-999	1525565957	1479		260.73		         0		-999.00
6646	1525567157	1200		274.22		 278798782		690.00
6646	1525570757	3600		274.90		 301500896		688.50
6646	1525572881	2124		274.40		 284899270		676.50
-999	1525574081	1200		263.84		         0		-999.00
-999	1525577681	3600		260.85		         0		-999.00
-999	1525581281	3600		260.85		         0		-999.00
-999	1525584881	3600		260.60		         0		-999.00
-999	1525588481	3600		260.71		         0		-999.00
-999	1525592081	3600		260.78		         0		-999.00
-999	1525595681	3600		260.78		         0		-999.00
-999	1525597558	1877		260.78		         0		-999.00
6648	1525598758	1200		273.73		 262377091		675.00
6648	1525602358	3600		274.49		 288702589		674.50
6648	1525605958	3600		273.50		 255547501		656.50
6648	1525609558	3600		271.86		 229932663		629.50
6648	1525613158	3600		271.74		 208316630		649.00
6648	1525616758	3600		271.49		 199888182		641.50
6648	1525620358	3600		270.99		 183388298		633.00
6648	1525623958	3600		270.06		 168353766		630.50
6648	1525627558	3600		269.91		 154545698		619.50
6648	1525631158	3600		269.47		 139947366		612.50
6648	1525634758	3600		269.14		 128749664		609.00
6648	1525638358	3600		268.79		 117137960		602.50
6648	1525641958	3600		268.48		 115226881		606.00
6648	1525644792	2834		267.78		 108193140		597.50
-999	1525645992	1200		263.73		         0		-999.00
-999	1525649592	3600		260.76		         0		-999.00
-999	1525653192	3600		263.76		         0		-999.00
-999	1525656792	3600		263.76		         0		-999.00
-999	1525660392	3600		263.76		         0		-999.00
-999	1525663992	3600		260.51		         0		-999.00
-999	1525667592	3600		260.51		         0		-999.00
-999	1525668846	1254		260.51		         0		-999.00
6650	1525670046	1200		273.73		 263185005		690.50
6650	1525673646	3600		273.91		 269384655		686.00
6650	1525677246	3600		273.45		 254122580		672.00
6650	1525680846	3600		272.72		 229570389		665.00
6650	1525684446	3600		271.80		 218056917		666.50
6650	1525688046	3600		271.36		 203396775		656.00
6650	1525691462	3416		270.91		 188296382		652.00
-999	1525692662	1200		263.83		         0		-999.00
-999	1525696262	3600		263.83		         0		-999.00
-999	1525699862	3600		260.57		         0		-999.00
-999	1525703462	3600		260.88		         0		-999.00
-999	1525707062	3600		260.79		         0		-999.00
-999	1525710662	3600		260.79		         0		-999.00
-999	1525714262	3600		260.79		         0		-999.00
-999	1525717862	3600		260.79		         0		-999.00
-999	1525720697	2835		260.61		         0		-999.00
6654	1525721897	1200		273.43		 250408847		697.50
6654	1525725497	3600		274.22		 276706326		692.50
6654	1525729097	3600		273.66		 258206417		678.00
6654	1525732697	3600		272.89		 232589148		670.00
6654	1525736297	3600		272.06		 213392600		666.00
6654	1525739897	3600		271.62		 198693994		655.50
6654	1525743497	3600		271.08		 180780077		652.00
6654	1525747097	3600		260.73		 159419786		 10.50
6654	1525747107	10		260.73		 325090402		 10.50
-999	1525748307	1200		260.75		         0		-999.00
-999	1525751907	3600		260.75		         0		-999.00
-999	1525755507	3600		260.75		         0		-999.00
-999	1525759107	3600		260.78		         0		-999.00
-999	1525762707	3600		260.78		         0		-999.00
-999	1525766307	3600		260.85		         0		-999.00
-999	1525769907	3600		260.62		         0		-999.00
-999	1525773507	3600		260.62		         0		-999.00
-999	1525777107	3600		260.65		         0		-999.00
-999	1525780707	3600		260.90		         0		-999.00
-999	1525784307	3600		260.90		         0		-999.00
-999	1525787907	3600		260.97		         0		-999.00
-999	1525791507	3600		260.71		         0		-999.00
-999	1525795107	3600		260.71		         0		-999.00
-999	1525798707	3600		260.71		         0		-999.00
-999	1525802307	3600		260.71		         0		-999.00
-999	1525805907	3600		260.71		         0		-999.00
-999	1525809507	3600		260.80		         0		-999.00
-999	1525813107	3600		260.80		         0		-999.00
-999	1525815134	2027		260.82		         0		-999.00
6659	1525816334	1200		273.14		 254106813		699.00
6659	1525819934	3600		273.55		 267775325		683.50
6659	1525823534	3600		272.76		 241642645		674.50
6659	1525827134	3600		272.16		 221556603		667.50
6659	1525830734	3600		271.72		 206767169		664.00
6659	1525834334	3600		271.02		 191907615		662.00
6659	1525837670	3336		270.66		 183006433		658.50
-999	1525838870	1200		260.77		         0		-999.00
-999	1525842470	3600		258.80		         0		-999.00
-999	1525846070	3600		257.76		         0		-999.00
-999	1525849670	3600		258.55		         0		-999.00
-999	1525853270	3600		260.63		         0		-999.00
-999	1525856870	3600		263.88		         0		-999.00
-999	1525860470	3600		263.88		         0		-999.00
-999	1525864070	3600		263.88		         0		-999.00
-999	1525867670	3600		260.76		         0		-999.00
-999	1525871270	3600		263.76		         0		-999.00
-999	1525874870	3600		264.03		         0		-999.00
-999	1525878470	3600		260.77		         0		-999.00
-999	1525882070	3600		260.78		         0		-999.00
-999	1525885670	3600		260.78		         0		-999.00
-999	1525889270	3600		260.78		         0		-999.00
-999	1525891581	2311		260.78		         0		-999.00
6662	1525892781	1200		273.67		 261332587		697.00
6662	1525896381	3600		274.21		 279464715		698.50
6662	1525899981	3600		273.39		 252019557		684.50
6662	1525903581	3600		272.43		 233783255		679.50
6662	1525907181	3600		271.90		 216235083		680.00
6662	1525910781	3600		271.50		 202860654		668.00
6662	1525914381	3600		270.81		 187646940		666.50
6662	1525917981	3600		270.36		 172411449		659.00
6662	1525921581	3600		269.95		 158719549		656.50
6662	1525925181	3600		269.61		 147510266		649.00
6662	1525928781	3600		269.28		 136359037		642.00
6662	1525932381	3600		268.95		 125471823		638.00
6662	1525935981	3600		267.95		 112899443		629.50
6662	1525939581	3600		260.88		 111449079		 10.50
6662	1525941185	1604		260.80		 117226940		 10.00
-999	1525942385	1200		260.72		         0		-999.00
-999	1525945985	3600		260.72		         0		-999.00
-999	1525949090	3105		260.83		         0		-999.00
6663	1525950290	1200		273.60		 259324647		724.50
6663	1525953890	3600		273.85		 276667067		720.50
6663	1525957490	3600		273.27		 257319241		717.50
6663	1525957821	331		271.27		 190588256		717.50
-999	1525959021	1200		264.00		         0		-999.00
-999	1525962621	3600		264.00		         0		-999.00
-999	1525966221	3600		264.00		         0		-999.00
-999	1525969821	3600		264.00		         0		-999.00
-999	1525973421	3600		260.77		         0		-999.00
-999	1525977021	3600		260.57		         0		-999.00
-999	1525979595	2574		260.57		         0		-999.00
6666	1525980795	1200		273.40		 253113182		715.50
6666	1525984395	3600		274.02		 273679941		716.50
6666	1525987995	3600		272.99		 245148119		704.50
6666	1525991595	3600		272.52		 230734947		702.00
6666	1525995195	3600		271.98		 212933546		691.50
6666	1525998795	3600		271.49		 196517095		688.00
6666	1526002395	3600		270.96		 178850779		681.00
6666	1526005995	3600		270.33		 166559619		674.50
6666	1526009595	3600		269.87		 152513981		665.50
6666	1526013195	3600		269.49		 139694548		658.50
6666	1526016795	3600		269.17		 129054649		654.00
6666	1526020395	3600		268.59		 118189845		650.00
6666	1526023995	3600		268.34		 110095975		643.00
6666	1526026958	2963		260.70		 101268248		 10.50
-999	1526028158	1200		260.70		         0		-999.00
-999	1526031758	3600		260.70		         0		-999.00
-999	1526035358	3600		260.70		         0		-999.00
-999	1526038958	3600		260.61		         0		-999.00
-999	1526042558	3600		260.60		         0		-999.00
-999	1526046158	3600		260.35		         0		-999.00
-999	1526049758	3600		260.66		         0		-999.00
-999	1526050466	708		260.66		         0		-999.00
6672	1526051666	1200		273.29		 254204335		727.50
6672	1526055266	3600		273.72		 268621046		719.00
6672	1526058866	3600		272.99		 244293876		716.00
6672	1526062466	3600		272.16		 225154739		699.50
6672	1526066066	3600		271.53		 204173942		697.00
6672	1526068963	2897		271.06		 188456394		690.00
-999	1526070163	1200		263.99		         0		-999.00
-999	1526073763	3600		263.99		         0		-999.00
-999	1526077363	3600		263.99		         0		-999.00
-999	1526080963	3600		260.99		         0		-999.00
-999	1526084563	3600		260.59		         0		-999.00
-999	1526086746	2183		260.59		         0		-999.00
6674	1526087946	1200		273.55		 265505293		730.50
6674	1526091546	3600		273.74		 271895240		739.50
6674	1526095146	3600		273.31		 257383247		728.00
6674	1526098746	3600		272.84		 241728468		728.00
6674	1526102346	3600		272.31		 224302130		720.00
6674	1526105946	3600		271.71		 204089680		711.50
6674	1526109546	3600		271.25		 188743647		698.50
6674	1526113146	3600		270.53		 173676150		695.00
6674	1526116746	3600		270.02		 158855059		687.50
6674	1526120346	3600		269.64		 146449434		680.00
6674	1526123946	3600		269.25		 133292591		676.50
6674	1526127546	3600		268.97		 124024106		669.00
6674	1526131146	3600		268.76		 117111295		670.50
6674	1526134746	3600		268.90		 121782537		668.50
6674	1526136871	2125		267.11		 106685896		592.00
-999	1526138071	1200		260.96		         0		-999.00
-999	1526141671	3600		260.72		         0		-999.00
-999	1526144057	2386		260.48		         0		-999.00
6675	1526145257	1200		274.41		 287245722		778.50
6675	1526148857	3600		274.80		 300066616		769.00
6675	1526152457	3600		274.22		 280945830		758.00
6675	1526156057	3600		273.51		 257023050		756.00
6675	1526159657	3600		272.94		 238222093		740.00
6675	1526163257	3600		272.42		 220948684		738.00
6675	1526166857	3600		271.61		 202454070		726.50
6675	1526170457	3600		271.22		 189330888		720.00
6675	1526174057	3600		270.63		 175147703		712.50
6675	1526177657	3600		270.23		 161678974		705.50
6675	1526181257	3600		269.88		 150050733		697.00
6675	1526184857	3600		269.04		 140004941		694.00
6675	1526188457	3600		268.34		 124787566		681.00
6675	1526192057	3600		269.08		 131948203		692.00
6675	1526193215	1158		268.98		 128551653		688.00
-999	1526194415	1200		263.64		         0		-999.00
-999	1526198015	3600		263.65		         0		-999.00
-999	1526201615	3600		263.66		         0		-999.00
-999	1526205215	3600		263.65		         0		-999.00
-999	1526205397	182		263.65		         0		-999.00
6677	1526206597	1200		273.99		 271094684		786.50
6677	1526210197	3600		274.39		 284444874		761.50
6677	1526213797	3600		273.95		 271658397		771.50
6677	1526217397	3600		273.34		 256095465		773.50
6677	1526220997	3600		272.77		 237033418		755.50
6677	1526224597	3600		272.12		 218393717		746.50
6677	1526228197	3600		271.55		 199560474		740.50
6677	1526231797	3600		271.14		 185703598		730.50
6677	1526235397	3600		270.42		 170335408		720.50
6677	1526238997	3600		270.05		 157940282		713.50
6677	1526242597	3600		269.63		 143848405		706.50
6677	1526246197	3600		269.29		 132570559		699.50
6677	1526249797	3600		268.27		 120015879		676.50
6677	1526253397	3600		268.36		 121398232		700.00
6677	1526253988	591		268.58		 128958565		699.50
-999	1526255188	1200		260.48		         0		-999.00
-999	1526258788	3600		260.78		         0		-999.00
-999	1526262388	3600		260.78		         0		-999.00
-999	1526265988	3600		260.53		         0		-999.00
-999	1526269588	3600		260.53		         0		-999.00
-999	1526269876	288		260.53		         0		-999.00
6681	1526271076	1200		273.74		 262714746		781.00
6681	1526274676	3600		273.58		 265856032		777.50
6681	1526278276	3600		273.23		 254376236		767.50
6681	1526281876	3600		272.72		 237418940		765.50
6681	1526285476	3600		272.20		 218248925		758.00
6681	1526289076	3600		271.56		 196930776		742.50
6681	1526292676	3600		270.86		 182094035		736.00
6681	1526296276	3600		270.41		 167098813		729.00
6681	1526299876	3600		270.03		 154652416		725.00
6681	1526303476	3600		269.85		 148334074		722.00
6681	1526307076	3600		269.57		 139293680		724.50
6681	1526310676	3600		269.25		 137084762		711.00
6681	1526314276	3600		268.53		 124208887		705.50
6681	1526317876	3600		268.14		 114405580		697.00
6681	1526320377	2501		268.02		 110441076		693.50
-999	1526321577	1200		260.83		         0		-999.00
-999	1526325177	3600		263.83		         0		-999.00
-999	1526328777	3600		260.55		         0		-999.00
-999	1526332377	3600		260.67		         0		-999.00
-999	1526335977	3600		260.67		         0		-999.00
-999	1526336568	591		260.67		         0		-999.00
6683	1526337768	1200		274.33		 277188316		802.50
6683	1526338662	894		274.41		 296930229		697.00
-999	1526339862	1200		263.75		         0		-999.00
-999	1526343462	3600		263.61		         0		-999.00
-999	1526347062	3600		263.61		         0		-999.00
-999	1526350662	3600		263.62		         0		-999.00
-999	1526354262	3600		263.62		         0		-999.00
-999	1526357862	3600		263.62		         0		-999.00
-999	1526361462	3600		263.62		         0		-999.00
-999	1526365062	3600		263.71		         0		-999.00
-999	1526368662	3600		263.96		         0		-999.00
-999	1526372262	3600		260.71		         0		-999.00
-999	1526375862	3600		260.71		         0		-999.00
-999	1526379462	3600		260.79		         0		-999.00
-999	1526383062	3600		260.56		         0		-999.00
-999	1526386662	3600		260.62		         0		-999.00
-999	1526390262	3600		260.89		         0		-999.00
-999	1526393862	3600		260.72		         0		-999.00
-999	1526397212	3350		260.73		         0		-999.00
6688	1526398412	1200		267.60		  98229896		665.00
6688	1526402012	3600		267.24		 104755280		606.50
6688	1526405612	3600		267.54		  94173208		659.00
6688	1526409212	3600		267.41		  89673831		655.00
6688	1526412812	3600		266.91		  83371396		648.50
6688	1526413919	1107		266.41		  65631926		637.50
-999	1526415119	1200		260.59		         0		-999.00
-999	1526418719	3600		260.45		         0		-999.00
-999	1526422319	3600		260.65		         0		-999.00
-999	1526425919	3600		260.66		         0		-999.00
-999	1526428498	2579		260.66		         0		-999.00
6690	1526429698	1200		268.79		 131798143		687.00
6690	1526433298	3600		269.06		 139152151		683.00
6690	1526436898	3600		268.65		 125461301		680.00
6690	1526440498	3600		268.33		 114939071		677.00
6690	1526444098	3600		268.05		 105536507		671.00
6690	1526447698	3600		267.82		  97974430		667.50
6690	1526451298	3600		267.60		  90375231		667.00
6690	1526454898	3600		267.18		  84902863		664.00
6690	1526458498	3600		267.11		  82607561		675.50
6690	1526460261	1763		267.07		  83822647		660.50
-999	1526461461	1200		263.93		         0		-999.00
-999	1526465061	3600		263.67		         0		-999.00
-999	1526468661	3600		263.67		         0		-999.00
-999	1526472261	3600		263.67		         0		-999.00
-999	1526475861	3600		263.67		         0		-999.00
-999	1526479461	3600		263.69		         0		-999.00
-999	1526482078	2617		263.72		         0		-999.00
-999	1526483842	1200		263.76		         0		-999.00
-999	1526487442	3600		260.76		         0		-999.00
-999	1526490917	3475		260.76		         0		-999.00
6693	1526492117	1200		269.53		 194919437		607.50
6693	1526495717	3600		271.85		 213320177		739.00
6693	1526499317	3600		271.27		 193935137		725.00
6693	1526502917	3600		270.95		 183095958		724.50
6693	1526506517	3600		270.43		 165808166		716.50
6693	1526510117	3600		270.01		 151905283		713.00
6693	1526513717	3600		269.44		 141288192		710.00
6693	1526517317	3600		269.12		 130539642		703.00
6693	1526520917	3600		269.10		 130010120		707.00
6693	1526524517	3600		268.23		 118605580		701.00
6693	1526526352	1835		268.13		 115481426		697.00
-999	1526527552	1200		263.79		         0		-999.00
-999	1526531152	3600		260.53		         0		-999.00
-999	1526534752	3600		260.85		         0		-999.00
-999	1526536049	1297		260.85		         0		-999.00
6694	1526537249	1200		272.92		 241018361		784.00
6694	1526540849	3600		273.40		 257080579		778.50
6694	1526544449	3600		272.83		 238082601		772.50
6694	1526548049	3600		272.29		 220331642		761.50
6694	1526551649	3600		271.01		 198924723		751.50
6694	1526555249	3600		270.51		 182285667		745.50
6694	1526558849	3600		270.11		 169055048		734.50
6694	1526562449	3600		269.48		 154530162		730.00
6694	1526566049	3600		269.12		 142458888		728.00
6694	1526569649	3600		268.93		 136229279		735.00
6694	1526570269	620		261.21		 127702442		 10.50
-999	1526571469	1200		263.96		         0		-999.00
-999	1526575069	3600		260.70		         0		-999.00
-999	1526578669	3600		264.01		         0		-999.00
-999	1526582269	3600		264.01		         0		-999.00
-999	1526585869	3600		264.01		         0		-999.00
-999	1526589469	3600		260.75		         0		-999.00
-999	1526593069	3600		260.75		         0		-999.00
-999	1526595789	2720		260.75		         0		-999.00
6696	1526596989	1200		273.52		 257586030		811.50
6696	1526600589	3600		273.98		 272994539		804.50
6696	1526604189	3600		273.35		 252099280		789.00
6696	1526607789	3600		272.91		 237466083		784.50
6696	1526611389	3600		272.35		 218536997		779.00
6696	1526614989	3600		271.49		 198470294		769.50
6696	1526618589	3600		271.15		 187314549		761.50
6696	1526622189	3600		270.71		 172564849		757.00
6696	1526625789	3600		270.33		 159667210		749.00
6696	1526626810	1021		268.53		 119708811		729.00
-999	1526628010	1200		263.87		         0		-999.00
-999	1526631610	3600		263.88		         0		-999.00
-999	1526635210	3600		260.88		         0		-999.00
-999	1526638810	3600		259.76		         0		-999.00
-999	1526642410	3600		260.60		         0		-999.00
-999	1526646010	3600		260.55		         0		-999.00
-999	1526649610	3600		260.81		         0		-999.00
-999	1526653210	3600		260.56		         0		-999.00
-999	1526656810	3600		260.56		         0		-999.00
-999	1526660410	3600		260.56		         0		-999.00
-999	1526664010	3600		260.56		         0		-999.00
-999	1526667610	3600		260.56		         0		-999.00
-999	1526668468	858		260.56		         0		-999.00
6699	1526669668	1200		263.60		   1024437		607.50
6699	1526673268	3600		263.85		    912659		615.50
6699	1526676868	3600		263.84		    772288		610.00
6699	1526679748	2880		260.82		   1097946		  9.50
-999	1526680948	1200		263.56		         0		-999.00
-999	1526684548	3600		260.64		         0		-999.00
-999	1526688148	3600		260.64		         0		-999.00
-999	1526688844	696		260.64		         0		-999.00
6700	1526690044	1200		272.79		 242093630		783.50
6700	1526693644	3600		273.47		 264707824		784.50
6700	1526697244	3600		272.64		 237198475		774.00
6700	1526700844	3600		271.97		 214931919		759.00
6700	1526704444	3600		271.26		 200902029		772.00
6700	1526708044	3600		271.07		 194557403		761.00
6700	1526711644	3600		270.64		 180169972		749.50
6700	1526715244	3600		270.20		 165365015		746.00
6700	1526718844	3600		269.81		 152342913		738.50
6700	1526722444	3600		269.51		 142405504		741.50
6700	1526726044	3600		269.35		 137125325		730.50
6700	1526729644	3600		268.81		 127612155		728.50
6700	1526733244	3600		267.65		 113983541		648.50
6700	1526733931	687		267.97		 114592829		711.00
-999	1526735131	1200		260.51		         0		-999.00
-999	1526738731	3600		260.51		         0		-999.00
-999	1526742331	3600		263.97		         0		-999.00
-999	1526745931	3600		263.72		         0		-999.00
-999	1526749531	3600		263.72		         0		-999.00
-999	1526753131	3600		260.72		         0		-999.00
-999	1526756067	2936		260.72		         0		-999.00
6702	1526757267	1200		273.61		 261679298		831.50
6702	1526760867	3600		274.35		 286493608		810.00
6702	1526764467	3600		273.42		 255600057		798.00
6702	1526768030	3563		272.46		 232051670		791.50
-999	1526769230	1200		263.82		         0		-999.00
-999	1526772830	3600		260.60		         0		-999.00
-999	1526776430	3600		263.93		         0		-999.00
-999	1526780030	3600		260.67		         0		-999.00
-999	1526783630	3600		260.67		         0		-999.00
-999	1526787230	3600		260.67		         0		-999.00
-999	1526790830	3600		260.67		         0		-999.00
-999	1526794430	3600		260.70		         0		-999.00
-999	1526795464	1034		260.70		         0		-999.00
6706	1526796664	1200		267.92		 110033209		712.00
6706	1526800264	3600		268.11		 116235393		689.00
6706	1526803864	3600		267.88		 108791082		700.00
6706	1526807464	3600		267.60		  99290054		696.50
6706	1526808387	923		266.71		  72481208		688.00
-999	1526809587	1200		260.72		         0		-999.00
-999	1526813187	3600		260.73		         0		-999.00
-999	1526816787	3600		260.76		         0		-999.00
-999	1526820387	3600		263.76		         0		-999.00
-999	1526823987	3600		263.76		         0		-999.00
-999	1526827587	3600		263.76		         0		-999.00
-999	1526831187	3600		263.76		         0		-999.00
-999	1526834787	3600		260.52		         0		-999.00
-999	1526838387	3600		260.77		         0		-999.00
-999	1526839146	759		260.77		         0		-999.00
6709	1526840346	1200		273.61		 259583720		824.00
6709	1526843946	3600		274.10		 284925759		816.00
6709	1526847546	3600		273.27		 257311290		803.50
6709	1526851146	3600		272.53		 232562665		789.50
6709	1526854746	3600		271.83		 209355553		782.00
6709	1526858346	3600		271.31		 200771027		784.00
6709	1526861946	3600		270.96		 189101291		773.50
6709	1526865546	3600		270.54		 175299464		764.00
6709	1526869146	3600		269.59		 160500612		745.50
6709	1526872746	3600		269.23		 148428424		754.00
6709	1526873547	801		269.24		 148837681		757.50
-999	1526874747	1200		263.69		         0		-999.00
-999	1526878347	3600		263.89		         0		-999.00
-999	1526881947	3600		263.89		         0		-999.00
-999	1526885547	3600		260.60		         0		-999.00
-999	1526889147	3600		260.62		         0		-999.00
-999	1526892747	3600		260.62		         0		-999.00
-999	1526895864	3117		260.62		         0		-999.00
6710	1526897064	1200		273.07		 248126886		829.50
6710	1526900664	3600		273.84		 273746535		828.50
6710	1526904264	3600		273.27		 254820559		808.00
6710	1526907864	3600		272.51		 234376362		801.50
6710	1526911464	3600		271.89		 213559006		793.00
6710	1526915064	3600		271.42		 198073100		787.00
6710	1526918664	3600		270.65		 180879713		779.50
6710	1526922264	3600		270.30		 169015177		782.00
6710	1526925140	2876		270.18		 165205341		771.50
-999	1526926340	1200		263.65		         0		-999.00
-999	1526929940	3600		263.90		         0		-999.00
-999	1526933540	3600		263.90		         0		-999.00
-999	1526937140	3600		263.16		         0		-999.00
-999	1526940740	3600		263.66		         0		-999.00
-999	1526944181	3441		263.66		         0		-999.00
6711	1526945381	1200		272.75		 241918557		805.50
6711	1526948981	3600		273.31		 260663179		827.00
6711	1526952581	3600		272.76		 242329278		817.00
6711	1526956181	3600		272.13		 221195886		809.00
6711	1526959781	3600		271.59		 203477493		797.00
6711	1526963381	3600		270.83		 186592978		787.00
6711	1526966981	3600		270.35		 170646633		782.50
6711	1526970581	3600		269.72		 157920116		755.50
6711	1526974181	3600		269.05		 144286365		765.00
6711	1526977781	3600		268.66		 131284565		755.00
6711	1526981381	3600		268.58		 128417073		758.00
6711	1526984981	3600		268.40		 122352196		755.50
6711	1526988581	3600		267.75		 108341201		742.00
6711	1526991910	3329		260.71		 102057060		 10.00
-999	1526993110	1200		263.71		         0		-999.00
-999	1526996710	3600		260.59		         0		-999.00
-999	1527000111	3401		260.59		         0		-999.00
6712	1527001311	1200		273.51		 260686223		862.00
6712	1527004911	3600		273.91		 274944751		851.50
6712	1527008511	3600		273.10		 257246388		836.00
6712	1527012111	3600		272.49		 237058304		824.50
6712	1527015711	3600		271.93		 218352665		816.50
6712	1527019311	3600		271.32		 198154950		811.00
6712	1527022911	3600		270.93		 184892484		803.00
6712	1527026511	3600		270.44		 168752448		794.00
6712	1527030111	3600		270.02		 154536294		781.50
6712	1527033711	3600		269.38		 142199625		776.00
6712	1527037311	3600		268.51		 132875458		760.50
6712	1527037656	345		268.64		 137345762		764.00
-999	1527038856	1200		260.71		         0		-999.00
-999	1527042456	3600		260.60		         0		-999.00
-999	1527046056	3600		260.60		         0		-999.00
-999	1527047343	1287		260.60		         0		-999.00
6714	1527048543	1200		272.72		 243239240		847.00
6714	1527052143	3600		273.98		 276378352		868.00
6714	1527055743	3600		273.55		 262296160		847.00
6714	1527059343	3600		272.64		 240253213		838.00
6714	1527062943	3600		272.03		 219962860		833.00
6714	1527066543	3600		271.54		 203578839		821.50
6714	1527070143	3600		271.03		 186651888		813.00
6714	1527073743	3600		270.63		 173314234		803.00
6714	1527077343	3600		269.94		 158772313		796.00
6714	1527080943	3600		269.57		 146376916		789.00
6714	1527084543	3600		269.36		 139448152		790.50
6714	1527088143	3600		268.71		 129876656		785.50
6714	1527091743	3600		268.64		 127541700		778.00
6714	1527095343	3600		268.27		 115457709		767.50
6714	1527097678	2335		268.07		 108708359		767.50
-999	1527098878	1200		263.48		         0		-999.00
-999	1527102478	3600		263.99		         0		-999.00
-999	1527106078	3600		260.62		         0		-999.00
-999	1527109678	3600		260.64		         0		-999.00
-999	1527113278	3600		260.64		         0		-999.00
-999	1527116878	3600		260.64		         0		-999.00
-999	1527120478	3600		260.64		         0		-999.00
-999	1527124078	3600		260.64		         0		-999.00
-999	1527127678	3600		263.64		         0		-999.00
-999	1527131278	3600		263.64		         0		-999.00
-999	1527134878	3600		263.93		         0		-999.00
-999	1527138478	3600		263.93		         0		-999.00
-999	1527142078	3600		263.67		         0		-999.00
-999	1527145678	3600		263.71		         0		-999.00
-999	1527149278	3600		263.71		         0		-999.00
-999	1527152878	3600		263.71		         0		-999.00
-999	1527156478	3600		263.96		         0		-999.00
-999	1527160078	3600		263.96		         0		-999.00
-999	1527163678	3600		263.96		         0		-999.00
-999	1527167278	3600		264.05		         0		-999.00
-999	1527170878	3600		264.05		         0		-999.00
-999	1527174478	3600		264.05		         0		-999.00
-999	1527178078	3600		264.05		         0		-999.00
-999	1527181678	3600		264.05		         0		-999.00
-999	1527185278	3600		260.53		         0		-999.00
-999	1527188878	3600		260.53		         0		-999.00
-999	1527192478	3600		260.53		         0		-999.00
-999	1527196078	3600		260.54		         0		-999.00
-999	1527196563	485		260.54		         0		-999.00
6719	1527197763	1200		272.60		 272116351		682.50
6719	1527201363	3600		274.59		 291976108		872.50
6719	1527204963	3600		273.90		 269153827		859.00
6719	1527208563	3600		272.86		 242791454		846.50
6719	1527212163	3600		272.04		 224012080		839.50
6719	1527215763	3600		271.45		 204451950		827.50
6719	1527219363	3600		270.94		 187384442		817.50
6719	1527222963	3600		270.25		 172725992		806.50
6719	1527225511	2548		260.62		 160973296		 10.00
-999	1527226711	1200		263.93		         0		-999.00
-999	1527230311	3600		263.67		         0		-999.00
-999	1527233911	3600		263.67		         0		-999.00
-999	1527237511	3600		263.67		         0		-999.00
-999	1527241111	3600		260.67		         0		-999.00
-999	1527244711	3600		260.67		         0		-999.00
-999	1527248311	3600		260.65		         0		-999.00
-999	1527251911	3600		260.67		         0		-999.00
-999	1527255511	3600		260.67		         0		-999.00
-999	1527259111	3600		260.67		         0		-999.00
-999	1527262145	3034		260.70		         0		-999.00
6724	1527263345	1200		272.34		 227604365		831.50
6724	1527265712	2367		271.13		 195079733		829.00
-999	1527266912	1200		263.75		         0		-999.00
-999	1527270512	3600		263.75		         0		-999.00
-999	1527274112	3600		263.75		         0		-999.00
-999	1527277712	3600		263.75		         0		-999.00
-999	1527281312	3600		263.75		         0		-999.00
-999	1527284912	3600		263.75		         0		-999.00
-999	1527288512	3600		263.75		         0		-999.00
-999	1527292112	3600		263.75		         0		-999.00
-999	1527295712	3600		263.75		         0		-999.00
-999	1527299312	3600		263.75		         0		-999.00
-999	1527302912	3600		263.75		         0		-999.00
-999	1527306512	3600		263.75		         0		-999.00
-999	1527310112	3600		263.75		         0		-999.00
-999	1527313712	3600		263.75		         0		-999.00
-999	1527317312	3600		263.75		         0		-999.00
-999	1527320912	3600		263.75		         0		-999.00
-999	1527324512	3600		260.75		         0		-999.00
-999	1527328112	3600		260.75		         0		-999.00
-999	1527331712	3600		260.75		         0		-999.00
-999	1527335312	3600		260.75		         0		-999.00
-999	1527337470	2158		260.75		         0		-999.00
6729	1527338670	1200		273.36		 254556789		869.00
6729	1527342270	3600		273.81		 269791266		861.00
6729	1527345870	3600		273.06		 253421429		857.50
6729	1527349470	3600		272.46		 233463272		847.50
6729	1527353070	3600		271.94		 216207341		834.00
6729	1527356670	3600		271.44		 199585392		830.50
6729	1527360270	3600		271.04		 186117365		820.50
6729	1527363870	3600		270.64		 172850658		816.00
6729	1527367470	3600		269.97		 158933402		805.50
6729	1527371070	3600		269.67		 148968160		802.00
6729	1527374670	3600		269.35		 138312376		799.00
6729	1527378270	3600		269.38		 139260054		796.00
6729	1527379580	1310		267.99		 111488281		784.00
-999	1527380780	1200		263.80		         0		-999.00
-999	1527384380	3600		263.80		         0		-999.00
-999	1527387980	3600		263.80		         0		-999.00
-999	1527391580	3600		263.80		         0		-999.00
-999	1527395180	3600		263.80		         0		-999.00
-999	1527398780	3600		263.80		         0		-999.00
-999	1527402380	3600		263.80		         0		-999.00
-999	1527405980	3600		263.80		         0		-999.00
-999	1527409580	3600		263.80		         0		-999.00
-999	1527413180	3600		263.80		         0		-999.00
-999	1527416780	3600		263.80		         0		-999.00
-999	1527420380	3600		263.80		         0		-999.00
-999	1527423980	3600		263.80		         0		-999.00
-999	1527427580	3600		263.80		         0		-999.00
-999	1527431180	3600		263.80		         0		-999.00
-999	1527434780	3600		263.80		         0		-999.00
-999	1527438380	3600		260.55		         0		-999.00
-999	1527441980	3600		260.71		         0		-999.00
-999	1527444196	2216		260.69		         0		-999.00
6731	1527445396	1200		273.33		 255803125		879.50
6731	1527448996	3600		273.83		 272371360		880.50
6731	1527452596	3600		272.98		 252516450		866.00
6731	1527455247	2651		272.43		 234124739		864.50
-999	1527456447	1200		263.79		         0		-999.00
-999	1527460047	3600		260.81		         0		-999.00
-999	1527463647	3600		263.82		         0		-999.00
-999	1527467247	3600		260.56		         0		-999.00
-999	1527470847	3600		260.56		         0		-999.00
-999	1527471111	264		260.56		         0		-999.00
6733	1527472311	1200		272.66		 236995190		887.50
6733	1527475911	3600		273.38		 261076574		871.50
6733	1527479511	3600		272.67		 237318797		862.50
6733	1527483111	3600		272.18		 220885127		854.00
6733	1527486711	3600		271.61		 201957327		843.50
6733	1527490311	3600		270.92		 187558383		835.50
6733	1527491331	1020		270.50		 173347035		835.50
-999	1527492531	1200		263.83		         0		-999.00
-999	1527496131	3600		260.75		         0		-999.00
-999	1527499731	3600		260.75		         0		-999.00
-999	1527503331	3600		260.50		         0		-999.00
-999	1527506931	3600		260.78		         0		-999.00
-999	1527510531	3600		260.78		         0		-999.00
-999	1527514131	3600		260.78		         0		-999.00
-999	1527517731	3600		260.78		         0		-999.00
-999	1527521331	3600		263.53		         0		-999.00
-999	1527524931	3600		263.56		         0		-999.00
-999	1527528531	3600		263.58		         0		-999.00
-999	1527532131	3600		263.65		         0		-999.00
-999	1527532773	642		263.65		         0		-999.00
-999	1527534651	1200		263.71		         0		-999.00
-999	1527538251	3600		260.71		         0		-999.00
-999	1527541851	3600		260.71		         0		-999.00
-999	1527541997	146		260.71		         0		-999.00
6738	1527543197	1200		273.27		 256150365		879.50
6738	1527546797	3600		273.77		 272799486		880.00
6738	1527550397	3600		272.74		 239983479		874.00
6738	1527553997	3600		272.51		 232488784		860.00
6738	1527557597	3600		271.90		 212117721		848.50
6738	1527561197	3600		271.21		 197478830		820.50
6738	1527564797	3600		270.75		 182308598		834.00
6738	1527568397	3600		270.30		 167295441		826.00
6738	1527571997	3600		269.97		 156154698		817.50
6738	1527575597	3600		269.60		 143916981		811.00
6738	1527579197	3600		269.32		 134407943		808.00
6738	1527582797	3600		269.28		 133245090		812.00
6738	1527585526	2729		268.28		 122336517		800.50
-999	1527586726	1200		260.56		         0		-999.00
-999	1527590326	3600		259.78		         0		-999.00
-999	1527593926	3600		260.14		         0		-999.00
-999	1527597526	3600		260.69		         0		-999.00
-999	1527601126	3600		260.69		         0		-999.00
-999	1527604726	3600		260.69		         0		-999.00
-999	1527608326	3600		260.69		         0		-999.00
-999	1527611926	3600		260.69		         0		-999.00
-999	1527615526	3600		260.69		         0		-999.00
-999	1527619126	3600		260.69		         0		-999.00
-999	1527622726	3600		260.69		         0		-999.00
-999	1527626326	3600		260.69		         0		-999.00
-999	1527629926	3600		260.69		         0		-999.00
-999	1527633526	3600		260.69		         0		-999.00
-999	1527637126	3600		260.69		         0		-999.00
-999	1527640726	3600		260.69		         0		-999.00
-999	1527644326	3600		260.69		         0		-999.00
-999	1527647926	3600		260.69		         0		-999.00
-999	1527651526	3600		260.69		         0		-999.00
-999	1527655126	3600		263.69		         0		-999.00
-999	1527658726	3600		260.69		         0		-999.00
-999	1527662326	3600		260.71		         0		-999.00
-999	1527664472	2146		260.71		         0		-999.00
6741	1527665672	1200		272.84		 253567651		869.50
6741	1527669272	3600		273.88		 271242096		876.50
6741	1527672872	3600		273.02		 251018318		871.50
6741	1527676472	3600		272.68		 231080613		865.00
6741	1527680072	3600		271.86		 212456534		850.00
6741	1527683672	3600		271.47		 199354501		848.50
6741	1527687272	3600		271.00		 183782903		839.50
6741	1527690872	3600		270.63		 171400182		834.00
6741	1527694472	3600		270.23		 158015429		827.00
6741	1527696790	2318		268.96		 134854986		816.00
-999	1527697990	1200		260.61		         0		-999.00
-999	1527701590	3600		263.87		         0		-999.00
-999	1527705190	3600		260.67		         0		-999.00
-999	1527708790	3600		263.67		         0		-999.00
-999	1527712390	3600		263.93		         0		-999.00
-999	1527715990	3600		263.93		         0		-999.00
-999	1527719590	3600		263.93		         0		-999.00
-999	1527723190	3600		263.75		         0		-999.00
-999	1527726790	3600		263.75		         0		-999.00
-999	1527727278	488		263.75		         0		-999.00
6744	1527728478	1200		272.98		 244106091		888.00
6744	1527732078	3600		273.61		 264912282		880.50
6744	1527735678	3600		272.50		 236398911		873.50
6744	1527739278	3600		272.19		 226264769		873.50
6744	1527739555	277		272.15		 224705552		873.50
-999	1527740755	1200		263.85		         0		-999.00
-999	1527744355	3600		263.85		         0		-999.00
-999	1527747955	3600		260.62		         0		-999.00
-999	1527751555	3600		260.59		         0		-999.00
-999	1527755155	3600		263.93		         0		-999.00
-999	1527758755	3600		263.93		         0		-999.00
-999	1527762355	3600		263.93		         0		-999.00
-999	1527765955	3600		260.67		         0		-999.00
-999	1527769555	3600		260.85		         0		-999.00
-999	1527773155	3600		260.60		         0		-999.00
-999	1527776755	3600		260.67		         0		-999.00
-999	1527779405	2650		260.67		         0		-999.00
6747	1527780605	1200		267.75		 103775963		791.00
6747	1527784205	3600		267.95		 110614043		776.50
6747	1527787805	3600		267.59		  98428294		774.50
6747	1527790438	2633		267.15		  84750749		768.50
-999	1527791638	1200		260.81		         0		-999.00
-999	1527795238	3600		260.81		         0		-999.00
-999	1527798838	3600		260.81		         0		-999.00
-999	1527802438	3600		260.81		         0		-999.00
-999	1527806038	3600		263.81		         0		-999.00
-999	1527809638	3600		260.81		         0		-999.00
-999	1527813238	3600		260.81		         0		-999.00
-999	1527814336	1098		260.81		         0		-999.00
6749	1527815536	1200		273.87		 265132529		926.50
6749	1527819136	3600		274.30		 279442875		896.00
6749	1527822736	3600		273.30		 255051011		888.50
6749	1527826336	3600		272.71		 235256604		882.00
6749	1527829936	3600		272.24		 219515866		871.50
6749	1527833536	3600		271.41		 200398774		853.50
6749	1527837136	3600		270.98		 186189987		854.00
6749	1527840736	3600		270.51		 170492165		846.00
6749	1527844336	3600		269.63		 158115318		834.50
6749	1527847936	3600		269.16		 142582206		825.50
6749	1527851536	3600		268.97		 136135224		825.00
6749	1527855136	3600		268.73		 128000795		822.50
6749	1527858736	3600		268.50		 120527384		811.50
6749	1527862336	3600		267.74		 103571415		808.50
6749	1527863535	1199		267.71		 102732711		804.00
-999	1527864735	1200		260.78		         0		-999.00
-999	1527868335	3600		259.61		         0		-999.00
-999	1527871935	3600		260.88		         0		-999.00
-999	1527874885	2950		260.88		         0		-999.00
6751	1527876085	1200		273.51		 256572495		932.00
6751	1527879685	3600		274.25		 281165444		915.00
6751	1527883285	3600		273.47		 255003637		902.50
6751	1527886885	3600		272.61		 235060130		895.50
6751	1527890485	3600		272.04		 215906986		888.00
6751	1527894085	3600		271.56		 199916336		877.50
6751	1527897685	3600		271.04		 182639958		868.00
6751	1527901285	3600		270.66		 170070072		862.00
6751	1527904885	3600		269.99		 156087791		851.00
6751	1527908485	3600		269.63		 144027085		837.50
6751	1527912085	3600		269.25		 131347018		841.00
6751	1527915685	3600		268.81		 125413248		827.50
6751	1527919285	3600		268.62		 119067200		828.00
6751	1527921017	1732		267.69		  98866678		808.00
-999	1527922217	1200		263.95		         0		-999.00
-999	1527925817	3600		260.69		         0		-999.00
-999	1527929234	3417		260.69		         0		-999.00
6752	1527930434	1200		274.03		 267541107		942.00
6752	1527934034	3600		274.14		 281758447		937.50
6752	1527937634	3600		273.55		 262098387		924.00
6752	1527941234	3600		272.80		 237037024		914.50
6752	1527944428	3194		272.29		 220018730		903.00
-999	1527945628	1200		263.95		         0		-999.00
-999	1527949228	3600		263.95		         0		-999.00
-999	1527952828	3600		263.95		         0		-999.00
-999	1527956428	3600		263.95		         0		-999.00
-999	1527960028	3600		263.95		         0		-999.00
-999	1527963628	3600		263.95		         0		-999.00
-999	1527967228	3600		263.95		         0		-999.00
-999	1527970828	3600		263.95		         0		-999.00
-999	1527974428	3600		263.95		         0		-999.00
-999	1527978028	3600		263.89		         0		-999.00
-999	1527981628	3600		263.89		         0		-999.00
-999	1527985228	3600		263.89		         0		-999.00
-999	1527988828	3600		263.89		         0		-999.00
-999	1527992428	3600		263.89		         0		-999.00
-999	1527996028	3600		263.89		         0		-999.00
-999	1527999628	3600		263.89		         0		-999.00
-999	1528003228	3600		263.89		         0		-999.00
-999	1528006828	3600		263.89		         0		-999.00
-999	1528010428	3600		263.89		         0		-999.00
-999	1528014028	3600		263.89		         0		-999.00
-999	1528017628	3600		263.89		         0		-999.00
-999	1528021228	3600		263.89		         0		-999.00
-999	1528024828	3600		260.92		         0		-999.00
-999	1528028428	3600		260.66		         0		-999.00
-999	1528032028	3600		260.66		         0		-999.00
-999	1528035628	3600		260.99		         0		-999.00
-999	1528036390	762		260.99		         0		-999.00
6755	1528037590	1200		273.46		 256833047		932.00
6755	1528039694	2104		274.35		 286413212		923.50
-999	1528040894	1200		263.88		         0		-999.00
-999	1528044494	3600		263.88		         0		-999.00
-999	1528048094	3600		263.88		         0		-999.00
-999	1528051694	3600		263.88		         0		-999.00
-999	1528055294	3600		263.88		         0		-999.00
-999	1528058894	3600		263.88		         0		-999.00
-999	1528062494	3600		263.88		         0		-999.00
-999	1528066094	3600		263.88		         0		-999.00
-999	1528069694	3600		260.62		         0		-999.00
-999	1528073294	3600		260.62		         0		-999.00
-999	1528075258	1964		260.67		         0		-999.00
6757	1528076458	1200		273.46		 251729177		937.50
6757	1528080058	3600		273.79		 272208578		920.00
6757	1528083658	3600		273.13		 250097658		911.00
6757	1528087258	3600		272.49		 228963361		902.00
6757	1528090858	3600		271.63		 208775897		896.50
6757	1528094458	3600		271.19		 194082468		884.00
6757	1528098058	3600		270.68		 176854876		873.50
6757	1528101658	3600		270.28		 163596357		867.00
6757	1528105258	3600		269.86		 149569142		859.50
6757	1528108858	3600		269.50		 137697917		855.50
6757	1528112458	3600		269.25		 129424639		840.50
6757	1528116058	3600		268.74		 120743848		838.50
6757	1528119658	3600		267.73		 106018284		826.00
6757	1528121351	1693		260.71		 103039026		 10.00
-999	1528122551	1200		260.71		         0		-999.00
-999	1528126151	3600		260.82		         0		-999.00
-999	1528129751	3600		260.88		         0		-999.00
-999	1528133351	3600		263.88		         0		-999.00
-999	1528136951	3600		263.88		         0		-999.00
-999	1528140551	3600		259.84		         0		-999.00
-999	1528144151	3600		260.92		         0		-999.00
-999	1528145255	1104		260.92		         0		-999.00
6759	1528146455	1200		273.20		 246963653		942.50
6759	1528150055	3600		273.86		 269024114		939.50
6759	1528153655	3600		273.22		 247627183		928.50
6759	1528157255	3600		272.65		 228641872		913.50
6759	1528160855	3600		271.77		 207844451		903.00
6759	1528164455	3600		271.30		 192274062		894.00
6759	1528168055	3600		270.80		 175484507		886.00
6759	1528171655	3600		270.13		 161904340		877.50
6759	1528175255	3600		269.79		 150657675		870.50
6759	1528178855	3600		269.52		 141547917		867.50
6759	1528182455	3600		269.37		 136514912		860.50
6759	1528186055	3600		268.73		 123979316		853.50
6759	1528189655	3600		267.94		 110714991		824.00
6759	1528191198	1543		260.86		  94159454		 10.00
-999	1528192398	1200		260.86		         0		-999.00
-999	1528195998	3600		260.30		         0		-999.00
-999	1528199598	3600		260.55		         0		-999.00
-999	1528203198	3600		260.81		         0		-999.00
-999	1528206798	3600		260.81		         0		-999.00
-999	1528210398	3600		260.80		         0		-999.00
-999	1528213998	3600		260.82		         0		-999.00
-999	1528215170	1172		260.82		         0		-999.00
6761	1528216370	1200		274.30		 274768687		1050.00
6761	1528219970	3600		273.32		 248645493		1058.00
6761	1528223570	3600		273.09		 240672144		1054.00
6761	1528227170	3600		272.22		 221145480		1043.00
6761	1528230770	3600		271.69		 203566896		1030.00
6761	1528234370	3600		270.72		 188393347		880.50
6761	1528237970	3600		270.25		 172716049		884.00
6761	1528241570	3600		269.88		 160425845		874.50
6761	1528245170	3600		269.50		 147935125		871.00
6761	1528248770	3600		269.24		 139001923		868.00
6761	1528252370	3600		269.05		 132898900		862.00
6761	1528253825	1455		267.94		 109409522		845.00
-999	1528255025	1200		260.60		         0		-999.00
-999	1528258625	3600		260.00		         0		-999.00
-999	1528262225	3600		260.00		         0		-999.00
-999	1528265825	3600		260.60		         0		-999.00
-999	1528269425	3600		260.64		         0		-999.00
-999	1528273025	3600		260.64		         0		-999.00
-999	1528273399	374		260.64		         0		-999.00
6762	1528274599	1200		273.71		 274147005		944.50
6762	1528278199	3600		273.01		 255148968		946.50
6762	1528281799	3600		272.67		 243578365		912.00
6762	1528285399	3600		271.92		 218713093		916.50
6762	1528288999	3600		271.49		 204170376		906.00
6762	1528292599	3600		270.73		 187501551		900.00
6762	1528296199	3600		270.27		 172310877		891.00
6762	1528299799	3600		269.99		 162782455		887.50
6762	1528301921	2122		269.78		 155705466		882.00
-999	1528303121	1200		260.71		         0		-999.00
-999	1528306721	3600		260.67		         0		-999.00
-999	1528310321	3600		263.95		         0		-999.00
-999	1528313921	3600		263.87		         0		-999.00
-999	1528317521	3600		263.61		         0		-999.00
-999	1528318263	742		263.61		         0		-999.00
6763	1528319463	1200		273.72		 276787584		937.00
6763	1528323063	3600		273.05		 255228202		967.00
6763	1528326663	3600		273.03		 254662312		950.50
6763	1528330263	3600		272.55		 238458388		945.00
6763	1528333863	3600		272.19		 226615503		938.00
6763	1528337463	3600		271.81		 213904622		932.00
6763	1528341063	3600		271.52		 204185695		928.50
6763	1528344663	3600		270.88		 191263862		920.00
6763	1528348263	3600		270.55		 180418333		913.00
6763	1528351863	3600		270.20		 168649699		906.50
6763	1528352082	219		269.76		 153885822		906.50
-999	1528353282	1200		260.62		         0		-999.00
-999	1528356882	3600		260.62		         0		-999.00
-999	1528360482	3600		260.62		         0		-999.00
-999	1528364082	3600		260.62		         0		-999.00
-999	1528367682	3600		260.51		         0		-999.00
-999	1528371282	3600		260.83		         0		-999.00
-999	1528374882	3600		260.83		         0		-999.00
-999	1528378482	3600		260.56		         0		-999.00
-999	1528382082	3600		260.40		         0		-999.00
-999	1528385682	3600		263.91		         0		-999.00
-999	1528389282	3600		263.91		         0		-999.00
-999	1528392882	3600		263.91		         0		-999.00
-999	1528396482	3600		263.93		         0		-999.00
-999	1528400082	3600		263.93		         0		-999.00
-999	1528403682	3600		263.93		         0		-999.00
-999	1528407282	3600		263.93		         0		-999.00
-999	1528410882	3600		263.93		         0		-999.00
-999	1528414482	3600		263.93		         0		-999.00
-999	1528418082	3600		263.93		         0		-999.00
-999	1528421682	3600		260.67		         0		-999.00
-999	1528425282	3600		260.93		         0		-999.00
-999	1528428882	3600		260.93		         0		-999.00
-999	1528432482	3600		260.93		         0		-999.00
-999	1528434403	1921		260.67		         0		-999.00
6768	1528435603	1200		274.75		 295267789		943.50
6768	1528439203	3600		273.56		 260067402		964.00
6768	1528441298	2095		273.56		 260296973		959.50
-999	1528442498	1200		263.73		         0		-999.00
-999	1528446098	3600		263.99		         0		-999.00
-999	1528449698	3600		263.99		         0		-999.00
-999	1528453298	3600		263.99		         0		-999.00
-999	1528456898	3600		263.99		         0		-999.00
-999	1528460498	3600		263.99		         0		-999.00
-999	1528464098	3600		263.99		         0		-999.00
-999	1528467698	3600		263.99		         0		-999.00
-999	1528471298	3600		263.99		         0		-999.00
-999	1528474898	3600		260.76		         0		-999.00
-999	1528478498	3600		260.59		         0		-999.00
-999	1528482098	3600		260.84		         0		-999.00
-999	1528483455	1357		260.84		         0		-999.00
6770	1528484655	1200		274.88		 300775908		966.50
6770	1528488255	3600		274.03		 272505345		961.50
6770	1528491855	3600		273.38		 259728733		955.50
6770	1528495455	3600		272.73		 238126675		956.00
6770	1528499055	3600		272.14		 218547818		948.50
6770	1528502655	3600		271.66		 202552312		931.00
6770	1528506255	3600		271.14		 185009236		920.00
6770	1528509855	3600		270.40		 169170867		904.00
6770	1528513455	3600		269.90		 152559259		898.00
6770	1528517055	3600		269.55		 141161806		889.00
6770	1528520655	3600		269.37		 134852045		889.00
6770	1528524255	3600		268.80		 124341930		876.00
6770	1528527855	3600		268.54		 115953032		874.00
6770	1528530522	2667		267.56		  99197005		859.50
-999	1528531722	1200		263.79		         0		-999.00
-999	1528535322	3600		263.79		         0		-999.00
-999	1528538922	3600		260.79		         0		-999.00
-999	1528542522	3600		260.56		         0		-999.00
-999	1528544802	2280		260.81		         0		-999.00
6772	1528546002	1200		274.11		 277061102		974.50
6772	1528549602	3600		273.43		 255284686		983.50
6772	1528553202	3600		273.08		 243776297		964.50
6772	1528556802	3600		272.42		 221755621		947.50
6772	1528560402	3600		271.69		 205810018		940.50
6772	1528564002	3600		270.98		 190789095		919.00
6772	1528567602	3600		270.61		 178234410		924.50
6772	1528571202	3600		270.15		 163104053		914.50
6772	1528574802	3600		269.73		 149077829		903.00
6772	1528578402	3600		269.34		 136037878		899.00
6772	1528582002	3600		269.18		 130530428		895.00
6772	1528585602	3600		269.00		 124563947		885.50
6772	1528589202	3600		268.71		 114991464		879.00
6772	1528592802	3600		268.40		 104712811		874.00
6772	1528596254	3452		267.38		  91313853		871.00
-999	1528597454	1200		260.83		         0		-999.00
-999	1528601054	3600		260.88		         0		-999.00
-999	1528604654	3600		260.88		         0		-999.00
-999	1528604817	163		260.88		         0		-999.00
6773	1528606017	1200		273.73		 267035005		982.50
6773	1528609617	3600		272.99		 243591956		983.50
6773	1528613217	3600		272.74		 235142383		974.50
6773	1528616817	3600		272.15		 215598078		957.50
6773	1528620417	3600		271.68		 199752229		948.00
6773	1528624017	3600		270.97		 184505392		937.00
6773	1528627617	3600		270.47		 167979458		923.00
6773	1528631217	3600		270.03		 153291044		916.00
6773	1528634817	3600		269.45		 142625213		910.00
6773	1528638417	3600		269.23		 135165936		910.50
6773	1528642017	3600		269.02		 128242507		901.00
6773	1528645617	3600		268.76		 119559368		901.00
6773	1528649217	3600		268.22		 110153604		887.00
6773	1528652363	3146		267.50		  96802643		884.50
-999	1528653563	1200		260.82		         0		-999.00
-999	1528657163	3600		259.67		         0		-999.00
-999	1528660536	3373		260.73		         0		-999.00
6774	1528661736	1200		274.24		 284257917		1020.00
6774	1528665336	3600		273.51		 262831764		1013.00
6774	1528668936	3600		273.13		 250192627		1003.00
6774	1528672536	3600		272.57		 231371179		979.00
6774	1528676136	3600		271.98		 211800761		958.50
6774	1528679736	3600		271.56		 197702123		965.00
6774	1528683336	3600		271.07		 181505644		952.50
6774	1528686936	3600		270.32		 164882523		940.50
6774	1528690536	3600		269.97		 153411891		932.00
6774	1528694136	3600		269.14		 142537710		925.00
6774	1528697736	3600		268.87		 133505489		921.00
6774	1528701336	3600		268.73		 129038909		912.00
6774	1528704936	3600		268.54		 122545906		910.00
6774	1528708536	3600		268.19		 110975584		891.50
6774	1528711358	2822		267.52		  95653819		885.50
-999	1528712558	1200		260.85		         0		-999.00
-999	1528716158	3600		260.62		         0		-999.00
-999	1528719758	3600		260.83		         0		-999.00
-999	1528723358	3600		260.83		         0		-999.00
-999	1528726634	3276		260.83		         0		-999.00
6776	1528727834	1200		274.38		 285795408		1011.00
6776	1528731434	3600		273.33		 254839164		1001.00
6776	1528734189	2755		273.11		 247583789		990.00
-999	1528735389	1200		263.77		         0		-999.00
-999	1528738989	3600		264.02		         0		-999.00
-999	1528742589	3600		264.02		         0		-999.00
-999	1528746189	3600		264.02		         0		-999.00
-999	1528749789	3600		260.77		         0		-999.00
-999	1528753389	3600		260.94		         0		-999.00
-999	1528754376	987		260.94		         0		-999.00
6778	1528755576	1200		274.82		 298341344		1045.00
6778	1528759176	3600		273.71		 260469986		1010.00
6778	1528762776	3600		273.42		 259157123		1017.00
6778	1528766376	3600		272.80		 238518244		1001.00
6778	1528769691	3315		271.60		 210802793		968.50
-999	1528770891	1200		260.84		         0		-999.00
-999	1528774491	3600		256.00		         0		-999.00
-999	1528778091	3600		255.49		         0		-999.00
-999	1528781691	3600		255.74		         0		-999.00
-999	1528785291	3600		256.00		         0		-999.00
-999	1528788891	3600		256.00		         0		-999.00
-999	1528792491	3600		256.00		         0		-999.00
-999	1528796091	3600		256.00		         0		-999.00
-999	1528799691	3600		256.00		         0		-999.00
-999	1528803291	3600		256.00		         0		-999.00
-999	1528806891	3600		256.00		         0		-999.00
-999	1528810491	3600		256.00		         0		-999.00
-999	1528814091	3600		256.00		         0		-999.00
-999	1528817691	3600		256.00		         0		-999.00
-999	1528821291	3600		256.00		         0		-999.00
-999	1528824891	3600		256.00		         0		-999.00
-999	1528828491	3600		256.00		         0		-999.00
-999	1528832091	3600		256.00		         0		-999.00
-999	1528835691	3600		256.00		         0		-999.00
-999	1528839291	3600		256.00		         0		-999.00
-999	1528842891	3600		256.00		         0		-999.00
-999	1528846491	3600		256.00		         0		-999.00
-999	1528850091	3600		256.00		         0		-999.00
-999	1528853691	3600		256.00		         0		-999.00
-999	1528857291	3600		256.00		         0		-999.00
-999	1528860891	3600		256.00		         0		-999.00
-999	1528864491	3600		256.00		         0		-999.00
-999	1528868091	3600		256.00		         0		-999.00
-999	1528871691	3600		256.00		         0		-999.00
-999	1528875291	3600		256.00		         0		-999.00
-999	1528878891	3600		256.00		         0		-999.00
-999	1528882491	3600		256.00		         0		-999.00
-999	1528886091	3600		256.00		         0		-999.00
-999	1528889691	3600		256.00		         0		-999.00
-999	1528893291	3600		256.00		         0		-999.00
-999	1528896891	3600		256.00		         0		-999.00
-999	1528900491	3600		256.00		         0		-999.00
-999	1528904091	3600		256.00		         0		-999.00
-999	1528907691	3600		256.00		         0		-999.00
-999	1528911291	3600		256.00		         0		-999.00
-999	1528914891	3600		256.00		         0		-999.00
-999	1528918491	3600		256.00		         0		-999.00
-999	1528922091	3600		256.00		         0		-999.00
-999	1528925691	3600		256.00		         0		-999.00
-999	1528929291	3600		256.00		         0		-999.00
-999	1528932891	3600		256.00		         0		-999.00
-999	1528936491	3600		256.00		         0		-999.00
-999	1528940091	3600		256.00		         0		-999.00
-999	1528943691	3600		256.00		         0		-999.00
-999	1528947291	3600		256.00		         0		-999.00
-999	1528950891	3600		256.00		         0		-999.00
-999	1528954491	3600		256.00		         0		-999.00
-999	1528958091	3600		256.00		         0		-999.00
-999	1528961691	3600		256.00		         0		-999.00
-999	1528965291	3600		256.00		         0		-999.00
-999	1528968891	3600		256.00		         0		-999.00
-999	1528972491	3600		256.00		         0		-999.00
-999	1528976091	3600		256.00		         0		-999.00
-999	1528979691	3600		256.00		         0		-999.00
-999	1528983291	3600		256.00		         0		-999.00
-999	1528986891	3600		256.00		         0		-999.00
-999	1528990491	3600		256.00		         0		-999.00
-999	1528994091	3600		256.00		         0		-999.00
-999	1528997691	3600		256.00		         0		-999.00
-999	1529001291	3600		256.00		         0		-999.00
-999	1529004891	3600		256.00		         0		-999.00
-999	1529008491	3600		256.00		         0		-999.00
-999	1529012091	3600		256.00		         0		-999.00
-999	1529015691	3600		256.00		         0		-999.00
-999	1529019291	3600		256.00		         0		-999.00
-999	1529022891	3600		256.00		         0		-999.00
-999	1529026491	3600		256.00		         0		-999.00
-999	1529030091	3600		256.00		         0		-999.00
-999	1529033691	3600		256.00		         0		-999.00
-999	1529037291	3600		256.00		         0		-999.00
-999	1529040891	3600		256.00		         0		-999.00
-999	1529044491	3600		256.00		         0		-999.00
-999	1529048091	3600		256.00		         0		-999.00
-999	1529051691	3600		256.00		         0		-999.00
-999	1529055291	3600		256.00		         0		-999.00
-999	1529058891	3600		256.00		         0		-999.00
-999	1529062491	3600		256.00		         0		-999.00
-999	1529066091	3600		256.00		         0		-999.00
-999	1529069691	3600		256.00		         0		-999.00
-999	1529073291	3600		256.00		         0		-999.00
-999	1529076891	3600		256.00		         0		-999.00
-999	1529080491	3600		256.00		         0		-999.00
-999	1529084091	3600		256.00		         0		-999.00
-999	1529087691	3600		256.00		         0		-999.00
-999	1529091291	3600		256.00		         0		-999.00
-999	1529094891	3600		256.00		         0		-999.00
-999	1529098491	3600		256.00		         0		-999.00
-999	1529102091	3600		256.00		         0		-999.00
-999	1529105691	3600		256.00		         0		-999.00
-999	1529109291	3600		256.00		         0		-999.00
-999	1529112891	3600		256.00		         0		-999.00
-999	1529116491	3600		256.00		         0		-999.00
-999	1529120091	3600		256.00		         0		-999.00
-999	1529123691	3600		256.00		         0		-999.00
-999	1529127291	3600		256.00		         0		-999.00
-999	1529130891	3600		256.00		         0		-999.00
-999	1529134491	3600		256.00		         0		-999.00
-999	1529138091	3600		256.00		         0		-999.00
-999	1529141691	3600		256.00		         0		-999.00
-999	1529145291	3600		256.00		         0		-999.00
-999	1529148891	3600		256.00		         0		-999.00
-999	1529152491	3600		256.00		         0		-999.00
-999	1529156091	3600		256.00		         0		-999.00
-999	1529159691	3600		256.00		         0		-999.00
-999	1529163291	3600		256.00		         0		-999.00
-999	1529166891	3600		256.00		         0		-999.00
-999	1529170491	3600		256.00		         0		-999.00
-999	1529174091	3600		256.00		         0		-999.00
-999	1529177691	3600		256.00		         0		-999.00
-999	1529181291	3600		256.00		         0		-999.00
-999	1529184891	3600		256.00		         0		-999.00
-999	1529188491	3600		256.00		         0		-999.00
-999	1529192091	3600		256.00		         0		-999.00
-999	1529195691	3600		256.00		         0		-999.00
-999	1529199291	3600		256.00		         0		-999.00
-999	1529202891	3600		256.00		         0		-999.00
-999	1529206491	3600		256.00		         0		-999.00
-999	1529210091	3600		256.00		         0		-999.00
-999	1529213691	3600		256.00		         0		-999.00
-999	1529217291	3600		256.00		         0		-999.00
-999	1529220891	3600		256.00		         0		-999.00
-999	1529224491	3600		256.00		         0		-999.00
-999	1529228091	3600		256.00		         0		-999.00
-999	1529231691	3600		256.00		         0		-999.00
-999	1529235291	3600		256.00		         0		-999.00
-999	1529238891	3600		256.00		         0		-999.00
-999	1529242491	3600		256.00		         0		-999.00
-999	1529246091	3600		256.00		         0		-999.00
-999	1529249691	3600		256.00		         0		-999.00
-999	1529253291	3600		256.00		         0		-999.00
-999	1529256891	3600		256.00		         0		-999.00
-999	1529260491	3600		256.00		         0		-999.00
-999	1529264091	3600		256.00		         0		-999.00
-999	1529267691	3600		256.00		         0		-999.00
-999	1529271291	3600		256.00		         0		-999.00
-999	1529274891	3600		256.00		         0		-999.00
-999	1529278491	3600		256.00		         0		-999.00
-999	1529282091	3600		256.00		         0		-999.00
-999	1529285691	3600		256.00		         0		-999.00
-999	1529289291	3600		256.00		         0		-999.00
-999	1529292891	3600		256.00		         0		-999.00
-999	1529296491	3600		256.00		         0		-999.00
-999	1529300091	3600		256.00		         0		-999.00
-999	1529303691	3600		256.00		         0		-999.00
-999	1529307291	3600		256.00		         0		-999.00
-999	1529310891	3600		258.99		         0		-999.00
-999	1529314491	3600		258.99		         0		-999.00
-999	1529318091	3600		258.99		         0		-999.00
-999	1529321691	3600		258.99		         0		-999.00
-999	1529325291	3600		258.99		         0		-999.00
-999	1529328891	3600		258.99		         0		-999.00
-999	1529332491	3600		258.99		         0		-999.00
-999	1529336091	3600		258.99		         0		-999.00
-999	1529339691	3600		263.81		         0		-999.00
-999	1529343291	3600		263.81		         0		-999.00
-999	1529346891	3600		263.81		         0		-999.00
-999	1529350491	3600		255.65		         0		-999.00
-999	1529354091	3600		255.90		         0		-999.00
-999	1529357691	3600		255.90		         0		-999.00
-999	1529361291	3600		255.90		         0		-999.00
-999	1529364891	3600		255.90		         0		-999.00
-999	1529368491	3600		255.90		         0		-999.00
-999	1529372091	3600		255.90		         0		-999.00
-999	1529375691	3600		255.90		         0		-999.00
-999	1529379291	3600		255.90		         0		-999.00
-999	1529382891	3600		263.87		         0		-999.00
-999	1529386491	3600		263.87		         0		-999.00
-999	1529390091	3600		263.87		         0		-999.00
-999	1529393691	3600		263.87		         0		-999.00
-999	1529397291	3600		263.87		         0		-999.00
-999	1529400891	3600		263.87		         0		-999.00
-999	1529404491	3600		263.87		         0		-999.00
-999	1529408091	3600		263.87		         0		-999.00
-999	1529411691	3600		263.87		         0		-999.00
-999	1529415291	3600		263.87		         0		-999.00
-999	1529418891	3600		263.87		         0		-999.00
-999	1529422491	3600		263.87		         0		-999.00
-999	1529426091	3600		263.87		         0		-999.00
-999	1529429691	3600		263.87		         0		-999.00
-999	1529433291	3600		263.87		         0		-999.00
-999	1529436891	3600		263.87		         0		-999.00
-999	1529440491	3600		263.87		         0		-999.00
-999	1529444091	3600		263.87		         0		-999.00
-999	1529447691	3600		263.87		         0		-999.00
-999	1529451291	3600		263.87		         0		-999.00
-999	1529454891	3600		263.87		         0		-999.00
-999	1529458491	3600		263.87		         0		-999.00
-999	1529462091	3600		263.87		         0		-999.00
-999	1529465691	3600		263.87		         0		-999.00
-999	1529469291	3600		263.87		         0		-999.00
-999	1529472891	3600		263.87		         0		-999.00
-999	1529476491	3600		263.87		         0		-999.00
-999	1529480091	3600		263.87		         0		-999.00
-999	1529483691	3600		263.87		         0		-999.00
-999	1529487291	3600		263.96		         0		-999.00
-999	1529490891	3600		263.50		         0		-999.00
-999	1529494491	3600		260.65		         0		-999.00
-999	1529498091	3600		260.65		         0		-999.00
-999	1529501691	3600		256.52		         0		-999.00
-999	1529505291	3600		256.52		         0		-999.00
-999	1529508891	3600		256.52		         0		-999.00
-999	1529512491	3600		256.52		         0		-999.00
-999	1529516091	3600		256.52		         0		-999.00
-999	1529519691	3600		263.78		         0		-999.00
-999	1529523291	3600		263.78		         0		-999.00
-999	1529526891	3600		263.78		         0		-999.00
-999	1529530491	3600		263.78		         0		-999.00
-999	1529534091	3600		263.78		         0		-999.00
-999	1529537691	3600		263.78		         0		-999.00
-999	1529541291	3600		263.78		         0		-999.00
-999	1529544891	3600		263.78		         0		-999.00
-999	1529548491	3600		263.78		         0		-999.00
-999	1529552091	3600		263.78		         0		-999.00
-999	1529555691	3600		259.66		         0		-999.00
-999	1529559291	3600		259.66		         0		-999.00
-999	1529562891	3600		256.66		         0		-999.00
-999	1529566491	3600		256.66		         0		-999.00
-999	1529570091	3600		255.62		         0		-999.00
-999	1529573691	3600		255.62		         0		-999.00
-999	1529577291	3600		255.62		         0		-999.00
-999	1529580891	3600		255.88		         0		-999.00
-999	1529584491	3600		256.13		         0		-999.00
-999	1529588091	3600		263.73		         0		-999.00
-999	1529591691	3600		263.67		         0		-999.00
-999	1529595291	3600		263.93		         0		-999.00
-999	1529598891	3600		264.44		         0		-999.00
-999	1529602491	3600		264.44		         0		-999.00
-999	1529606091	3600		263.65		         0		-999.00
-999	1529609691	3600		263.65		         0		-999.00
-999	1529613291	3600		263.65		         0		-999.00
-999	1529616891	3600		263.65		         0		-999.00
-999	1529620491	3600		263.65		         0		-999.00
-999	1529624091	3600		263.99		         0		-999.00
-999	1529627691	3600		263.73		         0		-999.00
-999	1529631291	3600		263.73		         0		-999.00
-999	1529634891	3600		263.73		         0		-999.00
-999	1529638491	3600		260.73		         0		-999.00
-999	1529642091	3600		260.73		         0		-999.00
-999	1529645691	3600		263.73		         0		-999.00
-999	1529649291	3600		263.73		         0		-999.00
-999	1529652891	3600		260.73		         0		-999.00
-999	1529656491	3600		260.73		         0		-999.00
-999	1529660091	3600		260.73		         0		-999.00
-999	1529663691	3600		260.73		         0		-999.00
-999	1529667291	3600		260.73		         0		-999.00
-999	1529670891	3600		260.73		         0		-999.00
-999	1529674491	3600		260.73		         0		-999.00
-999	1529678091	3600		260.73		         0		-999.00
-999	1529681691	3600		260.73		         0		-999.00
-999	1529685291	3600		260.73		         0		-999.00
-999	1529688891	3600		260.73		         0		-999.00
-999	1529692491	3600		260.73		         0		-999.00
-999	1529696091	3600		260.73		         0		-999.00
-999	1529699691	3600		260.73		         0		-999.00
-999	1529703291	3600		260.75		         0		-999.00
-999	1529706891	3600		260.75		         0		-999.00
-999	1529710491	3600		264.26		         0		-999.00
-999	1529714091	3600		264.26		         0		-999.00
-999	1529717691	3600		264.26		         0		-999.00
-999	1529721291	3600		260.75		         0		-999.00
-999	1529724891	3600		260.75		         0		-999.00
-999	1529728491	3600		260.75		         0		-999.00
-999	1529732091	3600		260.75		         0		-999.00
-999	1529735691	3600		260.75		         0		-999.00
-999	1529739291	3600		260.75		         0		-999.00
-999	1529742891	3600		260.75		         0		-999.00
-999	1529746491	3600		260.75		         0		-999.00
-999	1529750091	3600		260.75		         0		-999.00
-999	1529753691	3600		260.75		         0		-999.00
-999	1529757291	3600		260.75		         0		-999.00
-999	1529760891	3600		260.75		         0		-999.00
-999	1529764491	3600		263.75		         0		-999.00
-999	1529768091	3600		263.78		         0		-999.00
-999	1529771691	3600		263.78		         0		-999.00
-999	1529775291	3600		263.78		         0		-999.00
-999	1529778891	3600		263.53		         0		-999.00
-999	1529782491	3600		263.78		         0		-999.00
-999	1529786091	3600		263.78		         0		-999.00
-999	1529789691	3600		263.78		         0		-999.00
-999	1529793291	3600		263.78		         0		-999.00
-999	1529796891	3600		263.78		         0		-999.00
-999	1529800491	3600		260.78		         0		-999.00
-999	1529804091	3600		260.78		         0		-999.00
-999	1529807691	3600		260.78		         0		-999.00
-999	1529811291	3600		260.78		         0		-999.00
-999	1529814891	3600		260.78		         0		-999.00
-999	1529818491	3600		260.53		         0		-999.00
-999	1529822091	3600		260.53		         0		-999.00
-999	1529825691	3600		260.78		         0		-999.00
-999	1529829291	3600		260.77		         0		-999.00
-999	1529832891	3600		260.77		         0		-999.00
-999	1529836491	3600		260.77		         0		-999.00
-999	1529840091	3600		263.77		         0		-999.00
-999	1529843691	3600		263.77		         0		-999.00
-999	1529847291	3600		263.77		         0		-999.00
-999	1529850891	3600		263.77		         0		-999.00
-999	1529854491	3600		263.77		         0		-999.00
-999	1529858091	3600		263.77		         0		-999.00
-999	1529861691	3600		260.77		         0		-999.00
-999	1529865291	3600		260.77		         0		-999.00
-999	1529868891	3600		260.76		         0		-999.00
-999	1529872491	3600		260.76		         0		-999.00
-999	1529876091	3600		260.76		         0		-999.00
-999	1529879691	3600		260.76		         0		-999.00
-999	1529883291	3600		260.76		         0		-999.00
-999	1529886891	3600		260.76		         0		-999.00
-999	1529890491	3600		260.76		         0		-999.00
-999	1529894091	3600		260.76		         0		-999.00
-999	1529897691	3600		260.76		         0		-999.00
-999	1529901291	3600		260.76		         0		-999.00
-999	1529904891	3600		260.76		         0		-999.00
-999	1529908491	3600		260.76		         0		-999.00
-999	1529912091	3600		260.76		         0		-999.00
-999	1529915691	3600		260.73		         0		-999.00
-999	1529919291	3600		260.73		         0		-999.00
-999	1529922891	3600		260.73		         0		-999.00
-999	1529926491	3600		260.76		         0		-999.00
-999	1529930091	3600		260.76		         0		-999.00
-999	1529933691	3600		260.76		         0		-999.00
-999	1529937291	3600		260.76		         0		-999.00
-999	1529940891	3600		260.76		         0		-999.00
-999	1529944491	3600		260.76		         0		-999.00
-999	1529947542	3051		260.76		         0		-999.00
6843	1529948742	1200		263.77		    239250		757.50
6843	1529952342	3600		263.77		    255791		767.50
6843	1529952918	576		263.77		    271594		417.00
-999	1529954118	1200		260.76		         0		-999.00
-999	1529957718	3600		260.76		         0		-999.00
-999	1529961318	3600		260.75		         0		-999.00
-999	1529964918	3600		260.75		         0		-999.00
-999	1529968518	3600		260.75		         0		-999.00
-999	1529972118	3600		263.75		         0		-999.00
-999	1529975718	3600		263.75		         0		-999.00
-999	1529979318	3600		263.75		         0		-999.00
-999	1529982918	3600		263.75		         0		-999.00
-999	1529986518	3600		263.75		         0		-999.00
-999	1529988949	2431		263.75		         0		-999.00
6847	1529990149	1200		264.60		  19802204		779.00
6847	1529993749	3600		264.81		  18404251		774.00
6847	1529997349	3600		264.78		  17276594		788.50
6847	1530000949	3600		264.75		  16243396		782.00
6847	1530004549	3600		264.62		  12074817		773.00
6847	1530006799	2250		263.97		   7283144		754.00
-999	1530007999	1200		260.75		         0		-999.00
-999	1530011599	3600		259.94		         0		-999.00
-999	1530015199	3600		260.75		         0		-999.00
-999	1530018799	3600		260.75		         0		-999.00
-999	1530022399	3600		260.75		         0		-999.00
-999	1530025999	3600		260.75		         0		-999.00
-999	1530029599	3600		260.75		         0		-999.00
-999	1530033199	3600		260.75		         0		-999.00
-999	1530033217	18		260.75		         0		-999.00
6850	1530034417	1200		264.57		  27017104		743.00
6850	1530038017	3600		265.87		  43102181		822.50
6850	1530041617	3600		266.52		  64769493		820.00
6850	1530045217	3600		266.45		  62665615		814.00
6850	1530047066	1849		266.40		  60793655		823.50
-999	1530048266	1200		263.78		         0		-999.00
-999	1530051866	3600		260.78		         0		-999.00
-999	1530055466	3600		264.05		         0		-999.00
-999	1530059066	3600		260.69		         0		-999.00
-999	1530062666	3600		263.95		         0		-999.00
-999	1530066266	3600		263.95		         0		-999.00
-999	1530069866	3600		263.95		         0		-999.00
-999	1530073466	3600		263.95		         0		-999.00
-999	1530077066	3600		263.95		         0		-999.00
-999	1530080666	3600		263.95		         0		-999.00
-999	1530084266	3600		263.95		         0		-999.00
-999	1530087866	3600		263.95		         0		-999.00
-999	1530091466	3600		263.95		         0		-999.00
-999	1530095066	3600		263.95		         0		-999.00
-999	1530098666	3600		263.95		         0		-999.00
-999	1530102266	3600		260.70		         0		-999.00
-999	1530105866	3600		260.66		         0		-999.00
-999	1530109466	3600		260.66		         0		-999.00
-999	1530113066	3600		260.66		         0		-999.00
-999	1530116666	3600		260.65		         0		-999.00
-999	1530120266	3600		260.82		         0		-999.00
-999	1530123866	3600		260.52		         0		-999.00
-999	1530125808	1942		260.70		         0		-999.00
6854	1530127008	1200		268.82		 133986343		877.50
6854	1530130608	3600		268.60		 126571720		868.00
6854	1530134208	3600		266.73		  71506720		870.50
6854	1530137677	3469		267.95		 109325902		857.50
-999	1530138877	1200		263.83		         0		-999.00
-999	1530142477	3600		260.13		         0		-999.00
-999	1530146077	3600		260.73		         0		-999.00
-999	1530149677	3600		260.73		         0		-999.00
-999	1530153277	3600		260.73		         0		-999.00
-999	1530156877	3600		260.73		         0		-999.00
-999	1530160158	3281		260.73		         0		-999.00
6858	1530161358	1200		268.53		 127034073		900.00
6858	1530161874	516		268.94		 140690376		896.50
-999	1530163074	1200		263.87		         0		-999.00
-999	1530166674	3600		263.87		         0		-999.00
-999	1530170274	3600		263.87		         0		-999.00
-999	1530173874	3600		263.87		         0		-999.00
-999	1530177474	3600		260.30		         0		-999.00
-999	1530181074	3600		260.82		         0		-999.00
-999	1530184674	3600		260.82		         0		-999.00
-999	1530188274	3600		260.79		         0		-999.00
-999	1530191874	3600		260.79		         0		-999.00
-999	1530193780	1906		260.54		         0		-999.00
6860	1530194980	1200		272.02		 228586062		949.00
6860	1530198580	3600		272.85		 239208615		949.00
6860	1530202180	3600		272.19		 225805683		963.50
6860	1530205780	3600		271.94		 217557902		956.00
6860	1530209380	3600		271.68		 208810762		954.50
6860	1530212980	3600		271.40		 199382623		948.00
6860	1530216580	3600		271.06		 188111837		942.00
6860	1530220180	3600		270.84		 180870811		939.50
6860	1530223780	3600		270.52		 170068814		931.00
6860	1530226251	2471		269.68		 154758114		931.00
-999	1530227451	1200		260.69		         0		-999.00
-999	1530231051	3600		259.78		         0		-999.00
-999	1530234651	3600		260.55		         0		-999.00
-999	1530238251	3600		260.84		         0		-999.00
-999	1530241851	3600		260.84		         0		-999.00
-999	1530245451	3600		260.84		         0		-999.00
-999	1530249051	3600		260.66		         0		-999.00
-999	1530252651	3600		260.66		         0		-999.00
-999	1530256251	3600		260.66		         0		-999.00
-999	1530259851	3600		260.66		         0		-999.00
-999	1530263451	3600		260.67		         0		-999.00
-999	1530267051	3600		260.67		         0		-999.00
-999	1530270651	3600		260.73		         0		-999.00
-999	1530274251	3600		260.73		         0		-999.00
-999	1530277851	3600		260.73		         0		-999.00
-999	1530281451	3600		260.71		         0		-999.00
-999	1530284852	3401		260.77		         0		-999.00
6864	1530286052	1200		263.77		     74129		754.00
6864	1530289652	3600		263.77		     75210		780.00
6864	1530293252	3600		263.77		     74640		770.50
6864	1530296852	3600		263.77		     73604		780.50
6864	1530300452	3600		263.77		     73807		778.00
6864	1530304052	3600		263.77		     73160		781.00
6864	1530307652	3600		263.77		     73500		781.50
6864	1530311252	3600		263.77		     73278		777.50
6864	1530314852	3600		263.77		     73572		779.50
6864	1530318452	3600		263.77		     73251		779.50
6864	1530320411	1959		263.77		     73201		780.50
-999	1530321611	1200		263.77		         0		-999.00
-999	1530325211	3600		263.77		         0		-999.00
-999	1530328811	3600		263.77		         0		-999.00
-999	1530332411	3600		263.77		         0		-999.00
-999	1530336011	3600		263.69		         0		-999.00
-999	1530339611	3600		263.69		         0		-999.00
-999	1530343211	3600		263.69		         0		-999.00
-999	1530345165	1954		263.69		         0		-999.00
6868	1530346365	1200		263.69		     96829		773.50
6868	1530349965	3600		263.94		    118475		772.00
6868	1530353565	3600		263.94		     71486		775.00
6868	1530357165	3600		263.94		     39146		757.50
6868	1530360765	3600		263.94		     60380		768.50
6868	1530364365	3600		256.08		     98748		  0.00
6868	1530367965	3600		255.83		    126657		  0.00
6868	1530371565	3600		263.79		    125363		765.50
6868	1530375165	3600		263.89		    127169		744.00
6868	1530378765	3600		255.59		    127490		  0.00
6868	1530382365	3600		255.59		    124816		  0.00
6868	1530385965	3600		255.59		    125060		  0.00
6868	1530389565	3600		264.00		    127119		774.00
6868	1530393165	3600		264.00		     59547		769.00
6868	1530396765	3600		264.00		     64928		773.50
6868	1530400365	3600		264.00		     30375		775.50
6868	1530403965	3600		264.00		     56004		779.50
6868	1530407565	3600		264.00		     67965		753.00
6868	1530411165	3600		264.00		     89864		776.00
6868	1530414765	3600		264.00		    106279		774.00
6868	1530418365	3600		264.00		     83121		764.00
6868	1530421965	3600		264.00		     58742		772.00
6868	1530423984	2019		264.00		    114604		756.00
-999	1530425184	1200		260.73		         0		-999.00
-999	1530428784	3600		260.73		         0		-999.00
-999	1530432384	3600		260.76		         0		-999.00
-999	1530435984	3600		260.76		         0		-999.00
-999	1530439584	3600		260.76		         0		-999.00
-999	1530443184	3600		260.76		         0		-999.00
-999	1530446784	3600		260.76		         0		-999.00
-999	1530450384	3600		260.76		         0		-999.00
-999	1530453984	3600		260.76		         0		-999.00
-999	1530457584	3600		260.76		         0		-999.00
-999	1530461184	3600		260.76		         0		-999.00
-999	1530464784	3600		260.76		         0		-999.00
-999	1530468384	3600		260.76		         0		-999.00
-999	1530471984	3600		260.78		         0		-999.00
-999	1530475584	3600		260.78		         0		-999.00
-999	1530479184	3600		260.78		         0		-999.00
-999	1530480394	1210		260.78		         0		-999.00
-999	1530482621	1200		264.06		         0		-999.00
-999	1530486221	3600		260.79		         0		-999.00
-999	1530489821	3600		260.79		         0		-999.00
-999	1530493421	3600		260.79		         0		-999.00
-999	1530497021	3600		260.78		         0		-999.00
-999	1530500621	3600		260.78		         0		-999.00
-999	1530504221	3600		259.97		         0		-999.00
-999	1530507821	3600		260.77		         0		-999.00
-999	1530511421	3600		260.77		         0		-999.00
-999	1530511830	409		260.77		         0		-999.00
6877	1530513030	1200		263.77		     59004		742.50
6877	1530516630	3600		264.06		     49211		773.00
6877	1530520230	3600		263.80		     50424		778.00
6877	1530520583	353		263.80		     42728		777.50
-999	1530521783	1200		260.79		         0		-999.00
-999	1530525383	3600		260.79		         0		-999.00
-999	1530528983	3600		260.79		         0		-999.00
-999	1530532583	3600		260.79		         0		-999.00
-999	1530535650	3067		260.79		         0		-999.00
6879	1530536850	1200		263.80		    107039		764.50
6879	1530540450	3600		263.80		    148638		764.00
6879	1530544050	3600		263.80		    135958		775.00
6879	1530545455	1405		260.79		    131767		 12.50
-999	1530546655	1200		260.79		         0		-999.00
-999	1530550255	3600		260.79		         0		-999.00
-999	1530553855	3600		263.82		         0		-999.00
-999	1530557455	3600		263.82		         0		-999.00
-999	1530561055	3600		263.82		         0		-999.00
-999	1530564655	3600		260.70		         0		-999.00
-999	1530568255	3600		260.75		         0		-999.00
-999	1530571855	3600		260.75		         0		-999.00
-999	1530575455	3600		260.75		         0		-999.00
-999	1530579055	3600		260.75		         0		-999.00
-999	1530582655	3600		260.75		         0		-999.00
-999	1530586255	3600		260.74		         0		-999.00
-999	1530587294	1039		260.74		         0		-999.00
6881	1530588494	1200		264.01		    256343		769.50
6881	1530592094	3600		264.02		    337759		777.00
6881	1530595694	3600		264.01		    307799		773.50
6881	1530599294	3600		264.01		    290081		771.50
6881	1530602894	3600		264.01		    264616		774.50
6881	1530606494	3600		264.01		    253098		774.50
6881	1530610094	3600		264.01		    238915		775.50
6881	1530610131	37		264.01		    271242		771.50
-999	1530611331	1200		264.00		         0		-999.00
-999	1530614931	3600		260.60		         0		-999.00
-999	1530618531	3600		260.60		         0		-999.00
-999	1530622131	3600		260.85		         0		-999.00
-999	1530625731	3600		260.85		         0		-999.00
-999	1530626054	323		260.85		         0		-999.00
6882	1530627254	1200		263.86		    242875		767.00
6882	1530630854	3600		263.86		    323381		774.00
6882	1530634454	3600		263.86		    296526		774.50
6882	1530638054	3600		263.86		    276043		774.00
6882	1530641654	3600		263.86		    264385		772.00
6882	1530645254	3600		263.86		    249012		774.50
6882	1530648854	3600		263.86		    239372		775.00
6882	1530652454	3600		263.86		    227841		773.50
6882	1530656054	3600		263.86		    221473		774.00
6882	1530659654	3600		263.86		    214409		774.00
6882	1530663254	3600		263.86		    206679		774.00
6882	1530666854	3600		263.86		    202289		774.00
6882	1530670454	3600		263.86		    196492		772.50
6882	1530674054	3600		263.86		    193496		773.50
6882	1530677654	3600		263.86		    188138		773.00
6882	1530680056	2402		263.86		    160077		776.50
-999	1530681256	1200		260.62		         0		-999.00
-999	1530684856	3600		260.62		         0		-999.00
-999	1530688456	3600		260.90		         0		-999.00
-999	1530692056	3600		260.65		         0		-999.00
-999	1530692443	387		260.65		         0		-999.00
6884	1530693643	1200		263.91		    157911		775.00
6884	1530697243	3600		263.91		    213802		774.00
6884	1530700498	3255		263.91		    203566		774.00
-999	1530701698	1200		260.65		         0		-999.00
-999	1530705298	3600		260.91		         0		-999.00
-999	1530708898	3600		260.65		         0		-999.00
-999	1530712498	3600		260.65		         0		-999.00
-999	1530716098	3600		260.65		         0		-999.00
-999	1530719698	3600		260.65		         0		-999.00
-999	1530723298	3600		260.65		         0		-999.00
-999	1530726898	3600		260.71		         0		-999.00
-999	1530728000	1102		260.71		         0		-999.00
6885	1530729200	1200		263.98		    391120		771.00
6885	1530732800	3600		263.98		    388477		766.50
6885	1530735623	2823		263.98		    399290		773.50
-999	1530736823	1200		263.97		         0		-999.00
-999	1530740423	3600		263.97		         0		-999.00
-999	1530744023	3600		263.97		         0		-999.00
-999	1530747623	3600		263.97		         0		-999.00
-999	1530751223	3600		263.97		         0		-999.00
-999	1530754823	3600		263.71		         0		-999.00
-999	1530758423	3600		263.64		         0		-999.00
-999	1530762023	3600		263.89		         0		-999.00
-999	1530765623	3600		263.89		         0		-999.00
-999	1530769223	3600		263.89		         0		-999.00
-999	1530772823	3600		263.89		         0		-999.00
-999	1530776423	3600		260.64		         0		-999.00
-999	1530780023	3600		260.87		         0		-999.00
-999	1530783623	3600		260.87		         0		-999.00
-999	1530785343	1720		260.87		         0		-999.00
6890	1530786543	1200		263.88		    438449		773.50
6890	1530790143	3600		263.89		    543795		773.50
6890	1530793743	3600		263.89		    526458		772.50
6890	1530797343	3600		263.89		    510202		772.00
6890	1530800943	3600		263.89		    502956		766.50
6890	1530804543	3600		263.88		    491054		771.00
6890	1530808143	3600		263.88		    484257		771.00
6890	1530811743	3600		263.88		    498327		774.00
6890	1530815343	3600		263.88		    476875		772.00
6890	1530818943	3600		263.88		    473223		775.00
6890	1530822543	3600		263.88		    469915		767.50
6890	1530826143	3600		263.88		    463833		774.00
6890	1530829743	3600		263.88		    464263		774.00
6890	1530833343	3600		263.88		    462022		740.50
6890	1530836943	3600		263.88		    460180		772.00
6890	1530840543	3600		263.88		    455569		772.00
6890	1530844143	3600		263.88		    457071		766.50
6890	1530847743	3600		263.88		    452790		772.00
6890	1530851343	3600		263.88		    454397		779.50
6890	1530854943	3600		263.88		    452835		773.00
6890	1530858543	3600		263.88		    448541		773.50
6890	1530862143	3600		263.88		    450061		777.50
6890	1530865743	3600		263.88		    445739		762.50
6890	1530867678	1935		263.88		    457744		774.00
-999	1530868878	1200		260.61		         0		-999.00
-999	1530872478	3600		260.38		         0		-999.00
-999	1530876078	3600		260.69		         0		-999.00
-999	1530879678	3600		260.69		         0		-999.00
-999	1530879802	124		260.69		         0		-999.00
6891	1530881002	1200		263.97		    654360		774.50
6891	1530884602	3600		263.98		    914315		772.50
6891	1530888202	3600		263.97		    504690		773.00
6891	1530891802	3600		263.97		    472323		772.50
6891	1530895402	3600		263.97		    456583		772.50
6891	1530899002	3600		263.97		    446730		772.50
6891	1530902602	3600		263.97		    436883		770.00
6891	1530906202	3600		263.97		    425216		771.00
6891	1530906619	417		263.97		    419000		771.50
-999	1530907819	1200		263.95		         0		-999.00
-999	1530911419	3600		260.96		         0		-999.00
-999	1530915019	3600		260.71		         0		-999.00
-999	1530916923	1904		260.71		         0		-999.00
6892	1530918123	1200		263.98		    551801		772.50
6892	1530921723	3600		263.98		    530784		771.00
6892	1530925323	3600		263.98		    560771		769.50
6892	1530928923	3600		263.98		    584621		770.50
6892	1530932523	3600		263.98		    560875		771.00
6892	1530936123	3600		263.98		    546542		771.00
6892	1530939723	3600		263.98		    532214		771.50
6892	1530943323	3600		263.98		    511935		769.50
6892	1530946923	3600		263.98		    496281		773.00
6892	1530950523	3600		263.98		    484773		771.50
6892	1530954123	3600		263.98		    479645		771.00
6892	1530957723	3600		260.96		    463878		 12.00
6892	1530957741	18		260.96		    492385		 12.00
-999	1530958941	1200		260.71		         0		-999.00
-999	1530962541	3600		260.71		         0		-999.00
-999	1530966141	3600		260.71		         0		-999.00
-999	1530969741	3600		260.71		         0		-999.00
-999	1530973341	3600		260.71		         0		-999.00
-999	1530976941	3600		260.71		         0		-999.00
-999	1530980541	3600		264.00		         0		-999.00
-999	1530984141	3600		264.00		         0		-999.00
-999	1530987741	3600		264.00		         0		-999.00
-999	1530991341	3600		264.00		         0		-999.00
-999	1530994941	3600		260.75		         0		-999.00
-999	1530998541	3600		260.75		         0		-999.00
-999	1531002141	3600		260.75		         0		-999.00
-999	1531005741	3600		260.75		         0		-999.00
-999	1531008288	2547		260.75		         0		-999.00
6901	1531009488	1200		267.69		 106993405		836.00
6901	1531013088	3600		268.03		 107587739		853.50
6901	1531016688	3600		267.81		 100300135		851.50
6901	1531020288	3600		267.60		  93434038		848.50
6901	1531023888	3600		267.38		  85951707		845.50
6901	1531027488	3600		267.19		  79709961		843.50
6901	1531031088	3600		267.03		  74304604		840.50
6901	1531034688	3600		266.61		  69227670		837.50
6901	1531038288	3600		266.52		  66148719		836.00
6901	1531041888	3600		266.38		  61650043		834.00
6901	1531045488	3600		266.29		  58457197		832.00
6901	1531049088	3600		266.18		  54919030		831.50
6901	1531052688	3600		266.15		  53999745		830.50
6901	1531056288	3600		266.13		  53070635		831.50
6901	1531059613	3325		265.77		  49795714		823.50
-999	1531060813	1200		260.76		         0		-999.00
-999	1531064413	3600		260.76		         0		-999.00
-999	1531068013	3600		260.70		         0		-999.00
-999	1531071613	3600		260.70		         0		-999.00
-999	1531072329	716		260.70		         0		-999.00
6904	1531073529	1200		274.06		 279636362		989.50
6904	1531077129	3600		272.66		 247238312		969.50
6904	1531080729	3600		273.29		 251320796		979.00
6904	1531084329	3600		272.67		 230384585		964.50
6904	1531087929	3600		271.83		 210903032		953.00
6904	1531091529	3600		271.35		 195138910		949.00
6904	1531092073	544		271.36		 195336461		949.00
-999	1531093273	1200		263.94		         0		-999.00
-999	1531096873	3600		263.94		         0		-999.00
-999	1531100473	3600		263.94		         0		-999.00
-999	1531104073	3600		263.94		         0		-999.00
-999	1531107673	3600		263.94		         0		-999.00
-999	1531111273	3600		259.55		         0		-999.00
-999	1531114873	3600		260.69		         0		-999.00
-999	1531118473	3600		260.70		         0		-999.00
-999	1531122073	3600		260.70		         0		-999.00
-999	1531125673	3600		260.82		         0		-999.00
-999	1531129273	3600		260.56		         0		-999.00
-999	1531132873	3600		260.51		         0		-999.00
-999	1531136473	3600		260.72		         0		-999.00
-999	1531140073	3600		263.99		         0		-999.00
-999	1531143673	3600		263.99		         0		-999.00
-999	1531147273	3600		263.99		         0		-999.00
-999	1531150873	3600		263.99		         0		-999.00
-999	1531154473	3600		260.73		         0		-999.00
-999	1531158073	3600		260.73		         0		-999.00
-999	1531161673	3600		260.70		         0		-999.00
-999	1531162717	1044		260.70		         0		-999.00
6909	1531163917	1200		273.50		 255208122		1011.00
6909	1531167517	3600		273.67		 261143159		981.00
6909	1531171117	3600		273.39		 252347568		1007.00
6909	1531174717	3600		273.52		 256786782		1002.00
6909	1531178317	3600		273.10		 242678020		991.50
6909	1531181917	3600		272.57		 233806774		987.00
6909	1531185517	3600		272.15		 219594544		983.50
6909	1531189117	3600		271.85		 209804226		976.50
6909	1531192717	3600		271.59		 201155857		973.00
6909	1531196317	3600		270.85		 193245110		954.50
6909	1531199917	3600		270.52		 182304299		962.50
6909	1531203517	3600		270.30		 175076511		958.00
6909	1531207117	3600		267.51		 117871406		826.00
6909	1531210717	3600		264.15		   5921302		819.50
6909	1531214317	3600		264.15		   5883667		816.50
6909	1531217917	3600		264.15		   5902453		816.50
6909	1531221517	3600		264.15		   5838338		817.00
6909	1531225117	3600		264.15		   5861899		816.50
6909	1531228717	3600		264.15		   5881228		813.00
6909	1531232317	3600		264.15		   5837700		815.00
6909	1531235917	3600		264.15		   5926262		814.00
6909	1531239517	3600		264.15		   5879322		814.00
6909	1531243117	3600		264.15		   5912165		812.50
6909	1531246717	3600		264.15		   5840638		813.00
6909	1531250317	3600		264.15		   5878069		816.50
6909	1531253917	3600		264.15		   5846611		815.00
6909	1531257517	3600		264.15		   5920270		811.00
6909	1531261117	3600		264.15		   5880585		782.50
6909	1531264717	3600		264.15		   5890501		813.00
6909	1531268317	3600		264.15		   5849304		813.00
6909	1531270951	2634		264.15		   5842971		813.00
-999	1531272151	1200		263.97		         0		-999.00
-999	1531275751	3600		260.70		         0		-999.00
-999	1531279351	3600		260.95		         0		-999.00
-999	1531282951	3600		260.95		         0		-999.00
-999	1531286551	3600		260.95		         0		-999.00
-999	1531290151	3600		260.95		         0		-999.00
-999	1531292973	2822		260.70		         0		-999.00
6911	1531294173	1200		272.45		 227246154		1012.00
6911	1531297773	3600		264.77		  24478370		798.50
6911	1531301373	3600		264.20		   5572355		803.00
6911	1531304973	3600		264.20		   5545691		802.50
6911	1531308573	3600		264.20		   5517709		799.50
6911	1531312173	3600		264.20		   5528154		801.50
6911	1531315773	3600		264.20		   5577135		801.50
6911	1531319373	3600		264.20		   5550909		801.50
6911	1531322973	3600		270.17		 166348016		927.50
6911	1531326573	3600		271.70		 209134958		974.00
6911	1531330173	3600		271.38		 198316021		968.50
6911	1531330446	273		271.60		 205785357		972.00
-999	1531331646	1200		264.00		         0		-999.00
-999	1531335246	3600		260.73		         0		-999.00
-999	1531338846	3600		260.94		         0		-999.00
-999	1531340789	1943		260.69		         0		-999.00
6912	1531341989	1200		272.84		 242063313		996.50
6912	1531345589	3600		274.10		 266706202		1023.00
6912	1531349189	3600		273.33		 249630557		1020.00
6912	1531352789	3600		273.21		 245723852		1017.00
6912	1531356389	3600		272.80		 232097994		1010.00
6912	1531359989	3600		272.53		 223048395		1008.00
6912	1531363589	3600		271.97		 212773815		1001.00
6912	1531367189	3600		271.67		 202778542		993.50
6912	1531370789	3600		271.44		 195253584		984.00
6912	1531374389	3600		256.00		 185348113		  8.50
6912	1531377989	3600		270.53		 178201998		979.50
6912	1531381589	3600		270.35		 172261063		975.00
6912	1531385189	3600		270.14		 165002261		965.00
6912	1531388789	3600		269.90		 157023622		957.00
6912	1531389121	332		271.93		 224737040		957.00
-999	1531390321	1200		264.00		         0		-999.00
-999	1531393921	3600		260.88		         0		-999.00
-999	1531397521	3600		260.82		         0		-999.00
-999	1531401121	3600		260.82		         0		-999.00
-999	1531404721	3600		260.82		         0		-999.00
-999	1531406363	1642		260.82		         0		-999.00
6913	1531407563	1200		264.07		         0		795.00
6913	1531411163	3600		264.07		         0		802.00
6913	1531414763	3600		261.07		    367469		 12.00
6913	1531414793	30		261.07		    932454		 12.00
-999	1531415993	1200		260.82		         0		-999.00
-999	1531419593	3600		261.00		         0		-999.00
-999	1531423193	3600		260.99		         0		-999.00
-999	1531426793	3600		260.99		         0		-999.00
-999	1531430393	3600		260.73		         0		-999.00
-999	1531433993	3600		260.73		         0		-999.00
-999	1531437593	3600		260.77		         0		-999.00
-999	1531441193	3600		260.77		         0		-999.00
-999	1531444793	3600		260.77		         0		-999.00
-999	1531448393	3600		260.77		         0		-999.00
-999	1531449741	1348		260.79		         0		-999.00
6919	1531450941	1200		273.12		 242891606		1043.00
6919	1531454541	3600		273.80		 265609215		1037.00
6919	1531458141	3600		273.43		 253256317		1028.00
6919	1531461741	3600		272.99		 238576158		1014.00
6919	1531465341	3600		272.33		 225187722		1016.00
6919	1531468941	3600		272.16		 219586189		1015.00
6919	1531472541	3600		271.82		 208093278		1009.00
6919	1531476141	3600		271.56		 199384936		1003.00
6919	1531479741	3600		271.25		 189094611		991.00
6919	1531483341	3600		271.01		 181181009		994.00
6919	1531486941	3600		270.81		 174406157		989.00
6919	1531490541	3600		270.54		 165564309		982.50
6919	1531494141	3600		270.35		 159241668		973.00
6919	1531497741	3600		270.13		 151687516		976.00
6919	1531501341	3600		269.70		 145957886		970.00
6919	1531504941	3600		269.47		 138436893		964.50
6919	1531508541	3600		269.31		 132897307		958.50
6919	1531512141	3600		268.88		 127281496		954.50
6919	1531515741	3600		268.68		 120665284		949.50
6919	1531519341	3600		268.56		 116361720		947.00
6919	1531522823	3482		267.65		 105417503		924.50
-999	1531524023	1200		260.67		         0		-999.00
-999	1531527623	3600		260.72		         0		-999.00
-999	1531531223	3600		263.99		         0		-999.00
-999	1531534823	3600		263.99		         0		-999.00
-999	1531538423	3600		263.99		         0		-999.00
-999	1531542023	3600		263.99		         0		-999.00
-999	1531545623	3600		263.99		         0		-999.00
-999	1531549223	3600		263.99		         0		-999.00
-999	1531552823	3600		263.99		         0		-999.00
-999	1531556423	3600		263.99		         0		-999.00
-999	1531560023	3600		263.99		         0		-999.00
-999	1531563623	3600		260.99		         0		-999.00
-999	1531567223	3600		260.73		         0		-999.00
-999	1531569876	2653		260.73		         0		-999.00
6921	1531571076	1200		273.11		 243121692		1053.00
6921	1531574400	3324		273.63		 260367886		1044.00
-999	1531575600	1200		264.12		         0		-999.00
-999	1531579200	3600		260.01		         0		-999.00
-999	1531582800	3600		260.79		         0		-999.00
-999	1531586400	3600		260.80		         0		-999.00
-999	1531587067	667		260.80		         0		-999.00
6923	1531588267	1200		273.12		 237282964		1041.00
6923	1531591867	3600		273.48		 259922891		1042.00
6923	1531595467	3600		272.81		 237359863		1034.00
6923	1531599067	3600		272.24		 218400066		1023.00
6923	1531602667	3600		271.73		 201367415		1013.00
6923	1531606267	3600		271.24		 185062756		995.50
6923	1531609867	3600		270.58		 171557564		988.00
6923	1531613467	3600		270.17		 157956488		981.00
6923	1531617067	3600		269.84		 147142860		971.50
6923	1531620667	3600		269.70		 142351423		971.50
6923	1531621613	946		269.36		 139456256		970.50
-999	1531622813	1200		263.90		         0		-999.00
-999	1531626413	3600		260.34		         0		-999.00
-999	1531630013	3600		260.85		         0		-999.00
-999	1531632178	2165		260.85		         0		-999.00
6924	1531633378	1200		272.63		 224555505		1064.00
6924	1531636978	3600		273.04		 246950823		1051.00
6924	1531640578	3600		272.39		 225250198		1029.00
6924	1531644178	3600		271.85		 207036972		1026.00
6924	1531647778	3600		271.28		 188166565		1015.00
6924	1531650256	2478		270.41		 176091498		1009.00
-999	1531651456	1200		264.00		         0		-999.00
-999	1531655056	3600		262.92		         0		-999.00
-999	1531658656	3600		263.70		         0		-999.00
-999	1531660744	2088		263.95		         0		-999.00
6925	1531661944	1200		273.38		 246401194		1074.00
6925	1531665544	3600		273.59		 261854846		1062.00
6925	1531666868	1324		273.08		 245028012		1067.00
-999	1531668068	1200		263.91		         0		-999.00
-999	1531671668	3600		263.91		         0		-999.00
-999	1531675268	3600		263.91		         0		-999.00
-999	1531678868	3600		263.91		         0		-999.00
-999	1531682468	3600		260.82		         0		-999.00
-999	1531686068	3600		260.82		         0		-999.00
-999	1531686405	337		260.82		         0		-999.00
-999	1531688756	1200		264.04		         0		-999.00
-999	1531692356	3600		260.78		         0		-999.00
-999	1531695956	3600		260.78		         0		-999.00
-999	1531699556	3600		260.78		         0		-999.00
-999	1531700179	623		260.78		         0		-999.00
6929	1531701379	1200		267.59		  99189259		915.00
6929	1531704979	3600		267.76		 105072320		925.00
6929	1531708579	3600		267.40		  93083037		925.50
6929	1531712179	3600		267.34		  90942071		921.50
6929	1531715779	3600		267.09		  82721724		915.50
6929	1531718198	2419		266.79		  72585364		901.50
-999	1531719398	1200		260.82		         0		-999.00
-999	1531722998	3600		260.82		         0		-999.00
-999	1531726598	3600		263.82		         0		-999.00
-999	1531730198	3600		263.82		         0		-999.00
-999	1531733798	3600		260.64		         0		-999.00
-999	1531737398	3600		260.64		         0		-999.00
-999	1531740998	3600		260.76		         0		-999.00
-999	1531744598	3600		260.76		         0		-999.00
-999	1531748198	3600		260.76		         0		-999.00
-999	1531748282	84		260.76		         0		-999.00
6931	1531749482	1200		273.03		 241329107		1072.00
6931	1531753082	3600		273.72		 264150026		1065.00
6931	1531756682	3600		273.05		 241763483		1044.00
6931	1531760282	3600		272.18		 221261892		1040.00
6931	1531763882	3600		271.62		 202661695		1020.00
6931	1531767482	3600		271.11		 185802609		1016.00
6931	1531771082	3600		270.73		 173137142		1003.00
6931	1531774682	3600		270.30		 158530755		989.00
6931	1531778282	3600		269.96		 147300948		984.00
6931	1531781882	3600		269.54		 141749618		979.50
6931	1531785482	3600		269.34		 135253596		976.00
6931	1531789082	3600		268.75		 123886374		966.50
6931	1531792682	3600		267.70		 107562386		881.00
6931	1531793312	630		267.99		 107850067		946.50
-999	1531794512	1200		260.67		         0		-999.00
-999	1531798112	3600		260.67		         0		-999.00
-999	1531801712	3600		260.93		         0		-999.00
-999	1531805312	3600		260.76		         0		-999.00
-999	1531808912	3600		260.70		         0		-999.00
-999	1531812512	3600		260.78		         0		-999.00
-999	1531816112	3600		260.81		         0		-999.00
-999	1531819712	3600		260.81		         0		-999.00
-999	1531823312	3600		260.83		         0		-999.00
-999	1531826912	3600		260.86		         0		-999.00
-999	1531830512	3600		260.55		         0		-999.00
-999	1531834112	3600		260.81		         0		-999.00
-999	1531837712	3600		260.81		         0		-999.00
-999	1531841312	3600		264.04		         0		-999.00
-999	1531844912	3600		264.04		         0		-999.00
-999	1531848512	3600		260.76		         0		-999.00
-999	1531852112	3600		263.67		         0		-999.00
-999	1531855712	3600		260.72		         0		-999.00
-999	1531859215	3503		260.81		         0		-999.00
6939	1531860415	1200		267.60		  97375902		922.00
6939	1531864015	3600		267.85		 105603205		928.00
6939	1531867615	3600		267.59		  97023308		919.50
6939	1531871215	3600		267.19		  84485395		906.50
6939	1531871540	325		267.05		  79871312		906.50
-999	1531872740	1200		260.76		         0		-999.00
-999	1531876340	3600		260.75		         0		-999.00
-999	1531879280	2940		260.72		         0		-999.00
6940	1531880480	1200		273.18		 255822228		1095.00
6940	1531884080	3600		273.90		 272300439		1083.00
6940	1531887680	3600		273.21		 249113304		1063.00
6940	1531891280	3600		272.60		 228907619		1049.00
6940	1531894880	3600		271.49		 208807386		1043.00
6940	1531898480	3600		271.01		 192675731		1028.00
6940	1531902080	3600		270.56		 177857894		1017.00
6940	1531905306	3226		269.75		 156918848		986.50
-999	1531906506	1200		260.89		         0		-999.00
-999	1531910106	3600		255.89		         0		-999.00
-999	1531913706	3600		255.89		         0		-999.00
-999	1531917306	3600		260.72		         0		-999.00
-999	1531920906	3600		263.88		         0		-999.00
-999	1531924506	3600		263.88		         0		-999.00
-999	1531928106	3600		263.88		         0		-999.00
-999	1531931706	3600		263.89		         0		-999.00
-999	1531935306	3600		260.89		         0		-999.00
-999	1531938906	3600		264.00		         0		-999.00
-999	1531942506	3600		256.12		         0		-999.00
-999	1531946106	3600		263.90		         0		-999.00
-999	1531949706	3600		263.82		         0		-999.00
-999	1531953306	3600		260.73		         0		-999.00
-999	1531956906	3600		260.83		         0		-999.00
-999	1531960506	3600		260.93		         0		-999.00
-999	1531960698	192		260.93		         0		-999.00
6942	1531961898	1200		273.51		 252782587		1101.00
6942	1531965498	3600		274.06		 272432333		1080.00
6942	1531969098	3600		273.11		 249273288		1075.00
6942	1531972698	3600		272.46		 227521795		1060.00
6942	1531976298	3600		271.93		 209831302		1047.00
6942	1531979898	3600		271.40		 192006572		1035.00
6942	1531983498	3600		270.99		 178442737		1031.00
6942	1531987098	3600		270.29		 163539932		994.00
6942	1531990698	3600		269.98		 153173971		1012.00
6942	1531994298	3600		269.76		 145895428		1010.00
6942	1531997898	3600		269.61		 141142713		1002.00
6942	1531999158	1260		269.41		 134364881		1001.00
-999	1532000358	1200		263.89		         0		-999.00
-999	1532003958	3600		260.22		         0		-999.00
-999	1532007558	3600		263.98		         0		-999.00
-999	1532011158	3600		263.98		         0		-999.00
-999	1532014758	3600		263.96		         0		-999.00
-999	1532018358	3600		260.85		         0		-999.00
-999	1532021958	3600		260.85		         0		-999.00
-999	1532023119	1161		260.81		         0		-999.00
6944	1532024319	1200		273.30		 249212202		1097.00
6944	1532027919	3600		273.76		 264763815		1098.00
6944	1532030477	2558		273.33		 250314191		1082.00
-999	1532031677	1200		264.02		         0		-999.00
-999	1532035277	3600		264.02		         0		-999.00
-999	1532038877	3600		264.02		         0		-999.00
-999	1532042477	3600		260.92		         0		-999.00
-999	1532046077	3600		260.83		         0		-999.00
-999	1532047477	1400		260.77		         0		-999.00
6946	1532048677	1200		273.73		 262237060		1121.00
6946	1532051447	2770		274.21		 278231948		1095.00
-999	1532052647	1200		263.91		         0		-999.00
-999	1532056247	3600		260.91		         0		-999.00
-999	1532059847	3600		260.75		         0		-999.00
-999	1532063447	3600		260.76		         0		-999.00
-999	1532067047	3600		260.76		         0		-999.00
-999	1532070647	3600		260.76		         0		-999.00
-999	1532074247	3600		260.76		         0		-999.00
-999	1532077847	3600		260.76		         0		-999.00
-999	1532081447	3600		260.60		         0		-999.00
-999	1532085047	3600		260.81		         0		-999.00
-999	1532088647	3600		260.97		         0		-999.00
-999	1532092247	3600		260.97		         0		-999.00
-999	1532094468	2221		260.90		         0		-999.00
6953	1532095668	1200		273.63		 254130708		1125.00
6953	1532099268	3600		274.07		 277288414		1103.00
6953	1532102868	3600		273.45		 252607509		1082.00
6953	1532106468	3600		272.49		 230574687		1074.00
6953	1532110068	3600		271.93		 211876963		1062.00
6953	1532113668	3600		271.43		 195046719		1051.00
6953	1532117268	3600		271.03		 181930715		1035.00
6953	1532120868	3600		270.00		 165736033		1015.00
6953	1532124468	3600		269.60		 152319022		1017.00
6953	1532128068	3600		269.41		 146023878		1020.00
6953	1532131668	3600		269.13		 136715166		1006.00
6953	1532135268	3600		268.93		 129936452		1001.00
6953	1532138868	3600		268.58		 118348042		989.00
6953	1532142468	3600		267.76		 102523037		985.50
6953	1532142902	434		267.88		 106504978		982.00
-999	1532144102	1200		260.73		         0		-999.00
-999	1532147702	3600		260.80		         0		-999.00
-999	1532151302	3600		260.78		         0		-999.00
-999	1532153802	2500		260.88		         0		-999.00
6956	1532155002	1200		271.85		 211783243		1114.00
6956	1532158602	3600		273.59		 269806771		1056.00
6956	1532162202	3600		272.98		 249186668		1085.00
6956	1532165802	3600		272.28		 225834272		1079.00
6956	1532169402	3600		271.76		 208529188		1073.00
6956	1532173002	3600		270.97		 191128257		1035.00
6956	1532176602	3600		270.50		 175638047		1040.00
6956	1532180202	3600		270.04		 160212508		1037.00
6956	1532183802	3600		269.67		 147785567		1006.00
6956	1532187402	3600		269.58		 144944297		1026.00
6956	1532191002	3600		269.02		 134942584		992.00
6956	1532193430	2428		269.10		 127847212		1012.00
-999	1532194630	1200		261.01		         0		-999.00
-999	1532198230	3600		260.90		         0		-999.00
-999	1532201515	3285		260.69		         0		-999.00
6957	1532202715	1200		273.05		 237206418		1131.00
6957	1532206315	3600		273.44		 259153607		1117.00
6957	1532209915	3600		272.90		 240959411		1099.00
6957	1532213515	3600		272.19		 217232670		1083.00
6957	1532217115	3600		271.69		 200661485		1077.00
6957	1532220715	3600		270.99		 187145477		1047.00
6957	1532224315	3600		270.48		 169833799		1053.00
6957	1532225351	1036		270.32		 164569249		1053.00
-999	1532226551	1200		263.96		         0		-999.00
-999	1532230151	3600		260.70		         0		-999.00
-999	1532233751	3600		260.71		         0		-999.00
-999	1532236066	2315		260.87		         0		-999.00
6960	1532237266	1200		273.60		 255771043		1153.00
6960	1532240866	3600		273.83		 273190520		1139.00
6960	1532244466	3600		273.18		 251500575		1115.00
6960	1532248066	3600		272.55		 230435027		1103.00
6960	1532251666	3600		271.97		 211268515		1047.00
6960	1532255266	3600		271.10		 191645940		1081.00
6960	1532258866	3600		270.73		 179302393		1065.00
6960	1532262466	3600		270.26		 163636653		1059.00
6960	1532266066	3600		269.91		 151705808		1045.00
6960	1532268937	2871		269.56		 140022802		1040.00
-999	1532270137	1200		263.82		         0		-999.00
-999	1532273737	3600		260.70		         0		-999.00
-999	1532277087	3350		260.72		         0		-999.00
6961	1532278287	1200		273.38		 252017765		1139.00
6961	1532281887	3600		274.03		 272406383		1130.00
6961	1532285487	3600		273.17		 253282620		1112.00
6961	1532289087	3600		272.47		 229717511		1113.00
6961	1532292687	3600		271.95		 212495373		1105.00
6961	1532296287	3600		271.46		 196157537		1089.00
6961	1532299887	3600		270.98		 180079768		1076.00
6961	1532303487	3600		270.59		 167142435		1068.00
6961	1532307087	3600		270.18		 153615647		1060.00
6961	1532310687	3600		269.90		 144175701		1045.00
6961	1532311766	1079		268.14		 108989246		1036.00
-999	1532312966	1200		263.95		         0		-999.00
-999	1532316566	3600		263.92		         0		-999.00
-999	1532320166	3600		267.93		         0		-999.00
-999	1532323766	3600		271.04		         0		-999.00
-999	1532327366	3600		271.90		         0		-999.00
-999	1532330966	3600		272.19		         0		-999.00
-999	1532334566	3600		272.48		         0		-999.00
-999	1532338166	3600		272.48		         0		-999.00
-999	1532341766	3600		272.48		         0		-999.00
-999	1532345366	3600		272.48		         0		-999.00
-999	1532348966	3600		272.48		         0		-999.00
-999	1532352566	3600		273.90		         0		-999.00
-999	1532356166	3600		275.03		         0		-999.00
-999	1532359766	3600		276.16		         0		-999.00
-999	1532363366	3600		276.73		         0		-999.00
-999	1532366966	3600		277.02		         0		-999.00
-999	1532370566	3600		277.31		         0		-999.00
-999	1532374166	3600		277.31		         0		-999.00
-999	1532377766	3600		277.31		         0		-999.00
-999	1532378245	479		277.31		         0		-999.00
6966	1532379445	1200		277.31		         0		 14.50
6966	1532383045	3600		277.31		         0		 14.50
6966	1532384487	1442		277.31		         0		 14.50
-999	1532385687	1200		277.31		         0		-999.00
-999	1532389287	3600		277.31		         0		-999.00
-999	1532392887	3600		277.31		         0		-999.00
-999	1532396487	3600		277.31		         0		-999.00
-999	1532400087	3600		277.31		         0		-999.00
-999	1532403687	3600		277.31		         0		-999.00
-999	1532407287	3600		277.31		         0		-999.00
-999	1532410887	3600		277.57		         0		-999.00
-999	1532414487	3600		277.87		         0		-999.00
-999	1532418087	3600		279.60		         0		-999.00
-999	1532421687	3600		280.17		         0		-999.00
-999	1532425287	3600		280.46		         0		-999.00
-999	1532428887	3600		280.76		         0		-999.00
-999	1532432487	3600		281.65		         0		-999.00
-999	1532436087	3600		282.51		         0		-999.00
-999	1532439687	3600		283.11		         0		-999.00
-999	1532443287	3600		283.69		         0		-999.00
-999	1532446887	3600		283.99		         0		-999.00
-999	1532450487	3600		284.28		         0		-999.00
-999	1532454087	3600		284.88		         0		-999.00
-999	1532457687	3600		284.88		         0		-999.00
-999	1532461287	3600		284.88		         0		-999.00
-999	1532464887	3600		284.88		         0		-999.00
-999	1532468487	3600		285.17		         0		-999.00
-999	1532472087	3600		285.17		         0		-999.00
-999	1532475687	3600		285.17		         0		-999.00
-999	1532479287	3600		285.17		         0		-999.00
-999	1532482887	3600		285.17		         0		-999.00
-999	1532486487	3600		285.17		         0		-999.00
-999	1532490087	3600		285.17		         0		-999.00
-999	1532493687	3600		285.17		         0		-999.00
-999	1532497287	3600		285.17		         0		-999.00
-999	1532500887	3600		285.17		         0		-999.00
-999	1532504487	3600		285.17		         0		-999.00
-999	1532508087	3600		285.17		         0		-999.00
-999	1532511687	3600		285.17		         0		-999.00
-999	1532515287	3600		285.17		         0		-999.00
-999	1532518887	3600		285.17		         0		-999.00
-999	1532522487	3600		285.17		         0		-999.00
-999	1532526087	3600		285.17		         0		-999.00
-999	1532529687	3600		285.17		         0		-999.00
-999	1532533287	3600		285.17		         0		-999.00
-999	1532536887	3600		285.17		         0		-999.00
-999	1532540487	3600		285.17		         0		-999.00
-999	1532544087	3600		285.17		         0		-999.00
-999	1532547687	3600		285.17		         0		-999.00
-999	1532551287	3600		285.17		         0		-999.00
-999	1532554887	3600		285.17		         0		-999.00
-999	1532558487	3600		285.17		         0		-999.00
-999	1532562087	3600		285.17		         0		-999.00
-999	1532565687	3600		285.17		         0		-999.00
-999	1532569287	3600		285.17		         0		-999.00
-999	1532572887	3600		285.17		         0		-999.00
-999	1532576487	3600		285.17		         0		-999.00
-999	1532580087	3600		285.17		         0		-999.00
-999	1532583687	3600		285.17		         0		-999.00
-999	1532587287	3600		285.17		         0		-999.00
-999	1532590887	3600		285.17		         0		-999.00
-999	1532594487	3600		285.17		         0		-999.00
-999	1532598087	3600		285.17		         0		-999.00
-999	1532601687	3600		285.17		         0		-999.00
-999	1532605287	3600		285.17		         0		-999.00
-999	1532608887	3600		285.17		         0		-999.00
-999	1532612487	3600		285.17		         0		-999.00
-999	1532616087	3600		285.17		         0		-999.00
-999	1532619687	3600		285.17		         0		-999.00
-999	1532623287	3600		285.17		         0		-999.00
-999	1532626887	3600		285.17		         0		-999.00
-999	1532630487	3600		285.17		         0		-999.00
-999	1532634087	3600		285.17		         0		-999.00
-999	1532637687	3600		285.17		         0		-999.00
-999	1532641287	3600		285.17		         0		-999.00
-999	1532644887	3600		285.17		         0		-999.00
-999	1532648487	3600		285.17		         0		-999.00
-999	1532652087	3600		285.17		         0		-999.00
-999	1532655687	3600		285.17		         0		-999.00
-999	1532659287	3600		285.17		         0		-999.00
-999	1532662887	3600		285.17		         0		-999.00
-999	1532666487	3600		285.17		         0		-999.00
-999	1532670087	3600		285.17		         0		-999.00
-999	1532673687	3600		285.17		         0		-999.00
-999	1532677287	3600		285.17		         0		-999.00
-999	1532680887	3600		285.17		         0		-999.00
-999	1532684487	3600		285.17		         0		-999.00
-999	1532688087	3600		285.17		         0		-999.00
-999	1532691687	3600		285.17		         0		-999.00
-999	1532695287	3600		285.17		         0		-999.00
-999	1532698887	3600		285.17		         0		-999.00
-999	1532702487	3600		285.17		         0		-999.00
-999	1532706087	3600		285.17		         0		-999.00
-999	1532709687	3600		285.17		         0		-999.00
-999	1532713287	3600		285.17		         0		-999.00
-999	1532716887	3600		285.17		         0		-999.00
-999	1532720487	3600		285.17		         0		-999.00
-999	1532724087	3600		285.17		         0		-999.00
-999	1532727687	3600		285.17		         0		-999.00
-999	1532731287	3600		285.17		         0		-999.00
-999	1532734887	3600		285.17		         0		-999.00
-999	1532738487	3600		285.17		         0		-999.00
-999	1532742087	3600		273.05		         0		-999.00
-999	1532745687	3600		256.04		         0		-999.00
-999	1532749287	3600		264.00		         0		-999.00
-999	1532752887	3600		264.00		         0		-999.00
-999	1532756487	3600		264.06		         0		-999.00
-999	1532760087	3600		264.06		         0		-999.00
-999	1532763687	3600		264.06		         0		-999.00
-999	1532767287	3600		264.00		         0		-999.00
-999	1532770887	3600		264.00		         0		-999.00
-999	1532774487	3600		264.00		         0		-999.00
-999	1532778087	3600		264.00		         0		-999.00
-999	1532781687	3600		264.00		         0		-999.00
-999	1532785287	3600		264.00		         0		-999.00
-999	1532788887	3600		264.00		         0		-999.00
-999	1532792487	3600		264.00		         0		-999.00
-999	1532796087	3600		264.00		         0		-999.00
-999	1532799687	3600		264.00		         0		-999.00
-999	1532803287	3600		264.00		         0		-999.00
-999	1532806887	3600		264.00		         0		-999.00
-999	1532810487	3600		264.00		         0		-999.00
-999	1532814087	3600		264.00		         0		-999.00
-999	1532817687	3600		264.00		         0		-999.00
-999	1532821287	3600		264.00		         0		-999.00
-999	1532824887	3600		264.00		         0		-999.00
-999	1532828487	3600		264.00		         0		-999.00
-999	1532832087	3600		264.00		         0		-999.00
-999	1532835687	3600		264.00		         0		-999.00
-999	1532839287	3600		264.00		         0		-999.00
-999	1532842887	3600		264.00		         0		-999.00
-999	1532846487	3600		264.00		         0		-999.00
-999	1532850087	3600		264.00		         0		-999.00
-999	1532853687	3600		264.00		         0		-999.00
-999	1532857287	3600		264.00		         0		-999.00
-999	1532860887	3600		264.00		         0		-999.00
-999	1532864487	3600		264.00		         0		-999.00
-999	1532868087	3600		264.00		         0		-999.00
-999	1532871687	3600		264.04		         0		-999.00
-999	1532875287	3600		264.04		         0		-999.00
-999	1532878887	3600		264.04		         0		-999.00
-999	1532882487	3600		264.04		         0		-999.00
-999	1532886087	3600		264.04		         0		-999.00
-999	1532889687	3600		264.04		         0		-999.00
-999	1532893287	3600		264.04		         0		-999.00
-999	1532896887	3600		264.04		         0		-999.00
-999	1532900487	3600		264.04		         0		-999.00
-999	1532904087	3600		264.04		         0		-999.00
-999	1532907687	3600		264.04		         0		-999.00
-999	1532911287	3600		260.79		         0		-999.00
-999	1532914887	3600		260.66		         0		-999.00
-999	1532918487	3600		263.87		         0		-999.00
-999	1532922087	3600		263.87		         0		-999.00
-999	1532925687	3600		260.75		         0		-999.00
-999	1532929287	3600		260.70		         0		-999.00
-999	1532932070	2783		260.70		         0		-999.00
6998	1532933270	1200		263.98		     62113		600.50
6998	1532936870	3600		263.98		     68562		804.00
6998	1532940470	3600		260.98		     72758		 11.00
6998	1532940528	58		260.98		         0		 11.00
-999	1532941728	1200		260.61		         0		-999.00
-999	1532945328	3600		260.95		         0		-999.00
-999	1532948928	3600		263.95		         0		-999.00
-999	1532952528	3600		263.95		         0		-999.00
-999	1532956128	3600		263.95		         0		-999.00
-999	1532959728	3600		260.67		         0		-999.00
-999	1532963328	3600		260.90		         0		-999.00
-999	1532966928	3600		260.90		         0		-999.00
-999	1532970528	3600		260.84		         0		-999.00
-999	1532974128	3600		260.77		         0		-999.00
-999	1532977728	3600		260.77		         0		-999.00
-999	1532981328	3600		260.84		         0		-999.00
-999	1532984928	3600		260.84		         0		-999.00
-999	1532988528	3600		260.54		         0		-999.00
-999	1532992128	3600		260.78		         0		-999.00
-999	1532995728	3600		260.81		         0		-999.00
-999	1532996491	763		260.81		         0		-999.00
7003	1532997691	1200		263.81		    156323		781.00
7003	1533001291	3600		263.82		    173552		808.50
7003	1533004891	3600		263.81		    161047		806.00
7003	1533008491	3600		263.81		    149552		804.00
7003	1533012091	3600		263.81		    140556		809.00
7003	1533013801	1710		263.81		    136172		807.50
-999	1533015001	1200		263.81		         0		-999.00
-999	1533018601	3600		263.81		         0		-999.00
-999	1533022201	3600		263.81		         0		-999.00
-999	1533025801	3600		263.81		         0		-999.00
-999	1533029401	3600		263.81		         0		-999.00
-999	1533033001	3600		263.81		         0		-999.00
-999	1533036601	3600		263.81		         0		-999.00
-999	1533040201	3600		263.81		         0		-999.00
-999	1533043801	3600		264.18		         0		-999.00
-999	1533047401	3600		264.19		         0		-999.00
-999	1533051001	3600		264.19		         0		-999.00
-999	1533054601	3600		264.19		         0		-999.00
-999	1533058201	3600		264.19		         0		-999.00
-999	1533061801	3600		264.19		         0		-999.00
-999	1533065401	3600		263.96		         0		-999.00
-999	1533069001	3600		260.79		         0		-999.00
-999	1533072601	3600		260.83		         0		-999.00
-999	1533076201	3600		260.65		         0		-999.00
-999	1533079801	3600		260.89		         0		-999.00
-999	1533083401	3600		261.05		         0		-999.00
-999	1533083517	116		260.99		         0		-999.00
7005	1533084717	1200		266.22		  53668883		866.00
7005	1533088317	3600		266.33		  59543540		861.00
7005	1533091917	3600		266.14		  55222367		857.50
7005	1533095517	3600		266.03		  51449616		855.00
7005	1533099117	3600		265.93		  48190461		855.00
7005	1533102717	3600		265.77		  44815238		855.00
7005	1533106317	3600		265.69		  42279608		854.50
7005	1533109917	3600		265.61		  39442750		850.00
7005	1533113517	3600		265.55		  37430560		853.00
7005	1533117117	3600		265.58		  38588168		857.00
7005	1533118503	1386		260.82		  34230012		 11.00
-999	1533119703	1200		260.87		         0		-999.00
-999	1533123303	3600		260.69		         0		-999.00
-999	1533126903	3600		260.90		         0		-999.00
-999	1533129789	2886		260.99		         0		-999.00
7006	1533130989	1200		271.04		 182008529		996.00
7006	1533134589	3600		271.52		 201150267		991.00
7006	1533138189	3600		270.89		 185758752		972.50
7006	1533141789	3600		270.46		 171517675		973.00
7006	1533143817	2028		270.14		 161091529		968.50
-999	1533145017	1200		264.13		         0		-999.00
-999	1533148617	3600		264.12		         0		-999.00
-999	1533152217	3600		264.00		         0		-999.00
-999	1533155817	3600		264.12		         0		-999.00
-999	1533159417	3600		260.95		         0		-999.00
-999	1533163017	3600		260.95		         0		-999.00
-999	1533166617	3600		260.96		         0		-999.00
-999	1533170217	3600		260.93		         0		-999.00
-999	1533170637	420		261.05		         0		-999.00
7008	1533171837	1200		272.39		 217971574		1044.00
7008	1533175437	3600		272.96		 242214517		1032.00
7008	1533175459	22		270.00		 143354671		1028.00
-999	1533176659	1200		264.14		         0		-999.00
-999	1533180259	3600		264.14		         0		-999.00
-999	1533183859	3600		264.14		         0		-999.00
-999	1533187459	3600		264.13		         0		-999.00
-999	1533191059	3600		263.93		         0		-999.00
-999	1533194659	3600		260.93		         0		-999.00
-999	1533198259	3600		260.96		         0		-999.00
-999	1533201859	3600		260.96		         0		-999.00
-999	1533205459	3600		264.19		         0		-999.00
-999	1533209059	3600		260.91		         0		-999.00
-999	1533212659	3600		260.90		         0		-999.00
-999	1533213404	745		260.96		         0		-999.00
7013	1533214604	1200		272.95		 230337496		1065.00
7013	1533218204	3600		273.40		 254278378		1048.00
7013	1533221236	3032		272.77		 239084905		1027.00
-999	1533222436	1200		264.19		         0		-999.00
-999	1533226036	3600		264.19		         0		-999.00
-999	1533229636	3600		264.08		         0		-999.00
-999	1533233236	3600		264.13		         0		-999.00
-999	1533236836	3600		264.19		         0		-999.00
-999	1533240436	3600		264.19		         0		-999.00
-999	1533244036	3600		264.13		         0		-999.00
-999	1533247636	3600		264.13		         0		-999.00
-999	1533251236	3600		264.13		         0		-999.00
-999	1533254836	3600		264.13		         0		-999.00
-999	1533258436	3600		264.19		         0		-999.00
-999	1533262036	3600		260.72		         0		-999.00
-999	1533265636	3600		260.95		         0		-999.00
-999	1533269236	3600		261.00		         0		-999.00
-999	1533272836	3600		260.58		         0		-999.00
-999	1533274014	1178		261.00		         0		-999.00
7017	1533275214	1200		272.36		 217823519		1043.00
7017	1533278814	3600		272.84		 237317331		1026.00
7017	1533282414	3600		271.92		 212195099		1017.00
7017	1533286014	3600		271.41		 196475682		1014.00
7017	1533289614	3600		270.70		 178901904		995.50
7017	1533293214	3600		270.15		 163967628		983.50
7017	1533296814	3600		269.50		 147969261		966.50
7017	1533300414	3600		269.36		 143192605		967.50
7017	1533304014	3600		268.73		 129212026		945.00
7017	1533307614	3600		268.62		 119937007		958.00
7017	1533311214	3600		268.20		 109873804		951.00
7017	1533314814	3600		267.79		  98628388		940.00
7017	1533318414	3600		267.55		  90422750		936.50
7017	1533321179	2765		260.67		  78111808		 11.00
-999	1533322379	1200		260.64		         0		-999.00
-999	1533325979	3600		260.89		         0		-999.00
-999	1533329579	3600		260.92		         0		-999.00
-999	1533333179	3600		261.01		         0		-999.00
-999	1533333399	220		260.95		         0		-999.00
7018	1533334599	1200		272.23		 216916657		1045.00
7018	1533338199	3600		272.80		 237213192		1051.00
7018	1533341799	3600		272.14		 218398143		1034.00
7018	1533345399	3600		271.39		 197632782		1027.00
7018	1533348999	3600		270.84		 181070349		1020.00
7018	1533352599	3600		270.24		 165466266		1001.00
7018	1533356199	3600		269.67		 150247045		985.00
7018	1533359799	3600		269.55		 146025494		987.50
7018	1533363399	3600		269.02		 132271010		978.00
7018	1533366999	3600		268.68		 122690661		970.00
7018	1533370599	3600		268.30		 112170935		962.50
7018	1533374199	3600		267.99		 101747594		955.50
7018	1533377799	3600		267.57		  92019127		944.50
7018	1533381399	3600		267.29		  84727582		940.00
7018	1533383326	1927		266.77		  71279810		931.00
-999	1533384526	1200		264.05		         0		-999.00
-999	1533388126	3600		263.90		         0		-999.00
-999	1533391726	3600		263.99		         0		-999.00
-999	1533395326	3600		264.02		         0		-999.00
-999	1533396613	1287		263.67		         0		-999.00
7020	1533397813	1200		272.88		 229612766		1098.00
7020	1533401413	3600		273.26		 247633365		1096.00
7020	1533405013	3600		272.96		 239416308		1080.00
7020	1533408613	3600		272.09		 216168715		1065.00
7020	1533412213	3600		271.49		 199627195		1053.00
7020	1533415813	3600		270.89		 184015939		1041.00
7020	1533419150	3337		270.33		 167223606		1029.00
-999	1533420350	1200		263.93		         0		-999.00
-999	1533423950	3600		264.05		         0		-999.00
-999	1533427550	3600		264.16		         0		-999.00
-999	1533431150	3600		264.16		         0		-999.00
-999	1533434750	3600		260.36		         0		-999.00
-999	1533438350	3600		260.97		         0		-999.00
-999	1533441950	3600		260.95		         0		-999.00
-999	1533444430	2480		261.05		         0		-999.00
7024	1533445630	1200		273.15		 241576313		1102.00
7024	1533449230	3600		273.62		 258893321		1089.00
7024	1533452830	3600		272.82		 238545447		1067.00
7024	1533456430	3600		271.98		 216827208		1057.00
7024	1533460030	3600		271.31		 195174749		1050.00
7024	1533463630	3600		270.77		 180813046		1034.00
7024	1533467230	3600		270.20		 163737877		1025.00
7024	1533470830	3600		269.63		 148934268		1019.00
7024	1533474430	3600		269.49		 144403768		1011.00
7024	1533478030	3600		269.12		 134047203		996.50
7024	1533481630	3600		268.59		 120535662		988.00
7024	1533485230	3600		267.49		 107514691		901.50
7024	1533485867	637		266.75		  68838367		961.00
-999	1533487067	1200		260.96		         0		-999.00
-999	1533490667	3600		260.96		         0		-999.00
-999	1533494267	3600		260.73		         0		-999.00
-999	1533497867	3600		259.83		         0		-999.00
-999	1533501461	3594		260.87		         0		-999.00
7026	1533502661	1200		273.70		 255067073		1128.00
7026	1533506261	3600		274.06		 270669011		1108.00
7026	1533509861	3600		273.45		 254547733		1096.00
7026	1533510947	1086		271.27		 189269198		1080.00
-999	1533512147	1200		260.64		         0		-999.00
-999	1533515747	3600		264.16		         0		-999.00
-999	1533519347	3600		264.16		         0		-999.00
-999	1533522947	3600		260.66		         0		-999.00
-999	1533526547	3600		260.64		         0		-999.00
-999	1533530147	3600		260.93		         0		-999.00
-999	1533533747	3600		260.88		         0		-999.00
-999	1533537347	3600		261.02		         0		-999.00
-999	1533539492	2145		260.54		         0		-999.00
7031	1533540692	1200		272.98		 239622028		1095.00
7031	1533544292	3600		273.62		 259407963		1101.00
7031	1533547892	3600		272.80		 236415058		1081.00
7031	1533551492	3600		272.24		 219174618		1073.00
7031	1533555092	3600		271.48		 199754618		1060.00
7031	1533558692	3600		270.97		 184486479		1052.00
7031	1533562292	3600		270.32		 168571402		1030.00
7031	1533565892	3600		269.93		 155674229		1034.00
7031	1533569492	3600		269.40		 142556672		1020.00
7031	1533573092	3600		269.27		 138507778		1018.00
7031	1533576692	3600		268.91		 128075467		1014.00
7031	1533580292	3600		268.59		 119642014		1003.00
7031	1533583892	3600		268.26		 110500704		993.00
7031	1533587492	3600		267.82		  99751425		984.00
7031	1533589647	2155		267.22		  86546588		964.50
-999	1533590847	1200		263.99		         0		-999.00
-999	1533594447	3600		260.69		         0		-999.00
-999	1533598047	3600		260.96		         0		-999.00
-999	1533601647	3600		260.96		         0		-999.00
-999	1533605247	3600		260.93		         0		-999.00
-999	1533605306	59		260.93		         0		-999.00
7033	1533606506	1200		271.44		 198422196		1065.00
7033	1533610106	3600		272.10		 217438802		1087.00
7033	1533613706	3600		271.60		 202777614		1076.00
7033	1533617306	3600		271.12		 188783241		1061.00
7033	1533620906	3600		270.52		 172872952		1054.00
7033	1533624506	3600		270.10		 161836125		1043.00
7033	1533628106	3600		269.59		 150668193		1036.00
7033	1533631706	3600		269.43		 141417299		1027.00
7033	1533635306	3600		269.17		 134833929		1029.00
7033	1533638906	3600		268.93		 132706789		1017.00
7033	1533640690	1784		268.38		 111943243		1020.00
-999	1533641890	1200		260.59		         0		-999.00
-999	1533645490	3600		260.93		         0		-999.00
-999	1533649090	3600		260.75		         0		-999.00
-999	1533649889	799		260.87		         0		-999.00
7035	1533651089	1200		273.80		 256937575		1166.00
7035	1533652277	1188		274.48		 283064249		1144.00
-999	1533653477	1200		264.23		         0		-999.00
-999	1533657077	3600		260.72		         0		-999.00
-999	1533660677	3600		260.81		         0		-999.00
-999	1533662881	2204		261.06		         0		-999.00
7036	1533664081	1200		267.93		  98292417		985.50
7036	1533667681	3600		267.95		 107113135		973.00
7036	1533671281	3600		267.69		  96452625		971.00
7036	1533674881	3600		267.46		  88574246		966.50
7036	1533676330	1449		266.80		  71615251		961.00
-999	1533677530	1200		260.96		         0		-999.00
-999	1533681130	3600		261.05		         0		-999.00
-999	1533684730	3600		260.58		         0		-999.00
-999	1533685600	870		261.05		         0		-999.00
7037	1533686800	1200		272.39		 219199011		1117.00
7037	1533690400	3600		272.82		 232860060		1123.00
7037	1533694000	3600		272.39		 226105984		1105.00
7037	1533697600	3600		271.69		 205077265		1085.00
7037	1533701200	3600		271.06		 187706868		1071.00
7037	1533704800	3600		270.47		 171751649		1065.00
7037	1533708400	3600		269.92		 155238074		1049.00
7037	1533712000	3600		269.74		 151032064		1049.00
7037	1533715600	3600		269.23		 136894280		1038.00
7037	1533719200	3600		268.70		 123028438		1025.00
7037	1533722800	3600		268.39		 114346643		1020.00
7037	1533726400	3600		268.15		 107092190		1013.00
7037	1533730000	3600		267.41		  92498705		971.50
7037	1533733600	3600		260.89		  86885071		 12.00
7037	1533734206	606		267.17		  81703772		982.00
-999	1533735406	1200		263.71		         0		-999.00
-999	1533739006	3600		259.77		         0		-999.00
-999	1533742606	3600		260.73		         0		-999.00
-999	1533746206	3600		264.13		         0		-999.00
-999	1533749806	3600		264.14		         0		-999.00
-999	1533753406	3600		264.14		         0		-999.00
-999	1533757006	3600		264.14		         0		-999.00
-999	1533760606	3600		264.14		         0		-999.00
-999	1533764206	3600		264.14		         0		-999.00
-999	1533767806	3600		264.14		         0		-999.00
-999	1533771406	3600		260.93		         0		-999.00
-999	1533775006	3600		260.93		         0		-999.00
-999	1533777409	2403		260.96		         0		-999.00
7039	1533778609	1200		273.91		 275794618		1103.00
7039	1533782209	3600		273.34		 253114073		1116.00
7039	1533785809	3600		273.00		 243773414		1109.00
7039	1533789409	3600		272.18		 221758413		1094.00
7039	1533793009	3600		271.61		 204789586		1083.00
7039	1533796609	3600		270.86		 185487976		1074.00
7039	1533800209	3600		270.34		 170117183		1060.00
7039	1533803809	3600		269.73		 157913422		1032.00
7039	1533807409	3600		269.60		 149430333		1043.00
7039	1533811009	3600		269.15		 136533309		1041.00
7039	1533814609	3600		268.78		 126770647		1026.00
7039	1533818209	3600		268.32		 113456236		1019.00
7039	1533821543	3334		267.78		  99360886		1008.00
-999	1533822743	1200		260.64		         0		-999.00
-999	1533826343	3600		259.78		         0		-999.00
-999	1533829943	3600		260.66		         0		-999.00
-999	1533831641	1698		261.02		         0		-999.00
7040	1533832841	1200		272.17		 215040031		1124.00
7040	1533836441	3600		272.82		 241191004		1115.00
7040	1533840041	3600		272.18		 221288263		1100.00
7040	1533843641	3600		271.42		 201556472		1077.00
7040	1533847241	3600		270.83		 183158338		1078.00
7040	1533850841	3600		270.24		 168744348		1066.00
7040	1533854441	3600		269.72		 153320596		1053.00
7040	1533858041	3600		269.61		 149581302		1052.00
7040	1533861641	3600		269.01		 133642397		1043.00
7040	1533865241	3600		268.72		 125716531		1033.00
7040	1533868841	3600		268.29		 113379514		1020.00
7040	1533869763	922		268.14		 108508554		1022.00
-999	1533870963	1200		263.93		         0		-999.00
-999	1533874563	3600		263.93		         0		-999.00
-999	1533878163	3600		264.16		         0		-999.00
-999	1533881763	3600		263.81		         0		-999.00
-999	1533885363	3600		260.99		         0		-999.00
-999	1533888963	3600		263.85		         0		-999.00
-999	1533892563	3600		263.96		         0		-999.00
-999	1533896163	3600		264.13		         0		-999.00
-999	1533899763	3600		264.13		         0		-999.00
-999	1533903363	3600		260.88		         0		-999.00
-999	1533906703	3340		261.02		         0		-999.00
7042	1533907903	1200		273.22		 248873786		1129.00
7042	1533911503	3600		273.77		 269437156		1135.00
7042	1533915103	3600		273.29		 251535839		1131.00
7042	1533918703	3600		272.43		 228487395		1121.00
7042	1533922303	3600		271.77		 212589664		1099.00
7042	1533925903	3600		271.06		 192541782		1080.00
7042	1533929503	3600		270.60		 177206493		1081.00
7042	1533933103	3600		270.10		 164156793		1078.00
7042	1533936703	3600		269.81		 154510543		1075.00
7042	1533940303	3600		269.55		 147616473		1055.00
7042	1533943903	3600		269.16		 135693647		1053.00
7042	1533947503	3600		268.79		 127310560		1043.00
7042	1533951103	3600		268.34		 114349571		1034.00
7042	1533953849	2746		267.63		  99579289		1014.00
-999	1533955049	1200		260.94		         0		-999.00
-999	1533958649	3600		260.62		         0		-999.00
-999	1533962249	3600		260.90		         0		-999.00
-999	1533965849	3600		260.90		         0		-999.00
-999	1533969449	3600		260.93		         0		-999.00
-999	1533969520	71		260.82		         0		-999.00
7043	1533970720	1200		270.48		 169142559		1088.00
7043	1533974320	3600		270.55		 179015501		1059.00
7043	1533977920	3600		269.95		 159293010		1061.00
7043	1533981520	3600		269.47		 146923024		1050.00
7043	1533985120	3600		269.22		 138521151		1052.00
7043	1533988720	3600		269.06		 133330357		1045.00
7043	1533992320	3600		268.74		 124492438		1045.00
7043	1533995920	3600		268.39		 116781184		1034.00
7043	1533999520	3600		268.18		 109944127		1030.00
7043	1534003120	3600		267.94		 103932761		1029.00
7043	1534006720	3600		267.84		 100381728		1024.00
7043	1534008923	2203		267.72		  96571427		1026.00
-999	1534010123	1200		264.11		         0		-999.00
-999	1534013723	3600		260.89		         0		-999.00
-999	1534017323	3600		260.52		         0		-999.00
-999	1534019096	1773		261.01		         0		-999.00
7045	1534020296	1200		273.34		 247095796		1184.00
7045	1534023896	3600		273.86		 271356739		1153.00
7045	1534027496	3600		273.18		 250614463		1149.00
7045	1534031096	3600		272.45		 229882831		1131.00
7045	1534034696	3600		271.56		 208048275		1111.00
7045	1534038296	3600		271.07		 191772236		1110.00
7045	1534041896	3600		270.42		 173562046		1094.00
7045	1534045496	3600		269.94		 159764664		1083.00
7045	1534049096	3600		269.50		 147118833		1076.00
7045	1534052696	3600		269.37		 142511923		1071.00
7045	1534056296	3600		268.86		 129815723		1058.00
7045	1534058999	2703		268.49		 119357046		1056.00
-999	1534060199	1200		264.16		         0		-999.00
-999	1534063799	3600		264.16		         0		-999.00
-999	1534067399	3600		264.16		         0		-999.00
-999	1534070999	3600		264.16		         0		-999.00
-999	1534074599	3600		261.02		         0		-999.00
-999	1534077152	2553		260.87		         0		-999.00
7047	1534078352	1200		273.97		 265576585		1205.00
7047	1534081952	3600		274.72		 293417480		1202.00
7047	1534085552	3600		273.80		 268194395		1176.00
7047	1534089152	3600		272.97		 244699605		1161.00
7047	1534092752	3600		272.26		 226714641		1137.00
7047	1534096352	3600		271.58		 206112034		1130.00
7047	1534099952	3600		271.08		 191136480		1121.00
7047	1534103382	3430		270.56		 175722415		1108.00
-999	1534104582	1200		264.04		         0		-999.00
-999	1534108182	3600		264.11		         0		-999.00
-999	1534111782	3600		264.11		         0		-999.00
-999	1534115382	3600		264.11		         0		-999.00
-999	1534118982	3600		264.17		         0		-999.00
-999	1534122582	3600		260.99		         0		-999.00
-999	1534124348	1766		261.05		         0		-999.00
7048	1534125548	1200		274.14		 268568205		1208.00
7048	1534129148	3600		274.51		 287078419		1193.00
7048	1534132748	3600		273.65		 263649047		1179.00
7048	1534136348	3600		272.57		 232784519		1173.00
7048	1534137972	1624		272.39		 228135490		1153.00
-999	1534139172	1200		264.05		         0		-999.00
-999	1534142772	3600		264.16		         0		-999.00
-999	1534146372	3600		260.61		         0		-999.00
-999	1534149972	3600		261.02		         0		-999.00
-999	1534153572	3600		260.56		         0		-999.00
-999	1534155160	1588		260.99		         0		-999.00
7052	1534156360	1200		273.74		 257376540		1199.00
7052	1534159960	3600		274.03		 271458673		1185.00
7052	1534163560	3600		273.35		 254490091		1170.00
7052	1534167160	3600		272.65		 234552756		1156.00
7052	1534170760	3600		271.97		 216012759		1141.00
7052	1534174360	3600		271.37		 197511926		1138.00
7052	1534177960	3600		270.74		 181492895		1120.00
7052	1534181560	3600		270.21		 165357480		1109.00
7052	1534185160	3600		269.89		 154568512		1107.00
7052	1534188760	3600		269.47		 146145463		1087.00
7052	1534192360	3600		268.99		 131967899		1082.00
7052	1534195960	3600		268.69		 123638172		1075.00
7052	1534199337	3377		268.25		 113102707		1062.00
-999	1534200537	1200		264.28		         0		-999.00
-999	1534204137	3600		260.88		         0		-999.00
-999	1534207737	3600		260.59		         0		-999.00
-999	1534210358	2621		261.00		         0		-999.00
7053	1534211558	1200		274.09		 266033702		1247.00
7053	1534215158	3600		274.83		 298048995		1217.00
7053	1534218758	3600		273.95		 270375344		1202.00
7053	1534222358	3600		273.05		 247037081		1188.00
7053	1534225958	3600		272.40		 228351066		1176.00
7053	1534229558	3600		271.73		 208101533		1162.00
7053	1534231837	2279		271.29		 195289484		1153.00
-999	1534233037	1200		264.04		         0		-999.00
-999	1534236637	3600		261.01		         0		-999.00
-999	1534240237	3600		260.88		         0		-999.00
-999	1534243220	2983		260.93		         0		-999.00
-999	1534245116	1200		264.16		         0		-999.00
-999	1534248716	3600		260.87		         0		-999.00
-999	1534251884	3168		260.93		         0		-999.00
7055	1534253084	1200		274.31		 274860724		1242.00
7055	1534256684	3600		274.89		 296473815		1226.00
7055	1534260284	3600		273.62		 274436743		1141.00
7055	1534263884	3600		273.18		 251137387		1189.00
7055	1534267484	3600		272.44		 228915661		1175.00
7055	1534271084	3600		271.86		 211507666		1160.00
7055	1534274684	3600		271.13		 192908646		1148.00
7055	1534278284	3600		270.55		 177238416		1130.00
7055	1534281720	3436		270.03		 162318106		1127.00
-999	1534282920	1200		264.22		         0		-999.00
-999	1534286520	3600		260.55		         0		-999.00
-999	1534290120	3600		261.00		         0		-999.00
-999	1534291280	1160		260.75		         0		-999.00
7056	1534292480	1200		274.07		 266767596		1250.00
7056	1534296080	3600		274.81		 295465096		1229.00
7056	1534299680	3600		273.80		 267811833		1212.00
7056	1534303280	3600		273.14		 249328464		1195.00
7056	1534306880	3600		272.32		 227257495		1185.00
7056	1534310480	3600		271.77		 209953122		1165.00
7056	1534314080	3600		271.25		 194523017		1150.00
7056	1534317680	3600		270.62		 177582095		1131.00
7056	1534321280	3600		270.11		 162848905		1129.00
7056	1534324880	3600		269.78		 151947285		1133.00
7056	1534328480	3600		269.58		 146994389		1118.00
7056	1534332080	3600		268.93		 131107981		1103.00
7056	1534335680	3600		268.68		 122725730		1095.00
7056	1534339280	3600		268.27		 111100947		1084.00
7056	1534342880	3600		267.82		 100412334		1075.00
7056	1534346480	3600		267.59		  92604296		1072.00
7056	1534350080	3600		267.30		  85098233		1061.00
7056	1534353680	3600		266.68		  79686423		1006.00
7056	1534357280	3600		266.78		  72154836		1050.00
7056	1534360880	3600		266.62		  65140887		1055.00
7056	1534364480	3600		266.52		  63450576		1049.00
7056	1534368080	3600		266.41		  59533738		1039.00
7056	1534371680	3600		266.33		  56925676		1035.00
7056	1534375280	3600		266.11		  53745665		1038.00
7056	1534378880	3600		266.02		  50832727		1036.00
7056	1534382480	3600		265.94		  48045664		1030.00
7056	1534386080	3600		265.87		  45770238		1030.00
7056	1534387045	965		265.86		  45397881		1026.00
-999	1534388245	1200		260.83		         0		-999.00
-999	1534391845	3600		260.54		         0		-999.00
-999	1534395445	3600		260.95		         0		-999.00
-999	1534399045	3600		264.19		         0		-999.00
-999	1534402645	3600		263.89		         0		-999.00
-999	1534406245	3600		264.08		         0		-999.00
-999	1534409845	3600		264.19		         0		-999.00
-999	1534413445	3600		264.19		         0		-999.00
-999	1534417045	3600		264.19		         0		-999.00
-999	1534420645	3600		264.19		         0		-999.00
-999	1534424245	3600		264.19		         0		-999.00
-999	1534427845	3600		264.19		         0		-999.00
-999	1534431445	3600		264.19		         0		-999.00
-999	1534435045	3600		264.19		         0		-999.00
-999	1534438645	3600		264.19		         0		-999.00
-999	1534442245	3600		264.19		         0		-999.00
-999	1534445845	3600		264.13		         0		-999.00
-999	1534449445	3600		263.96		         0		-999.00
-999	1534453045	3600		264.20		         0		-999.00
-999	1534456645	3600		260.66		         0		-999.00
-999	1534460245	3600		261.00		         0		-999.00
-999	1534463845	3600		261.00		         0		-999.00
-999	1534467445	3600		261.00		         0		-999.00
-999	1534471045	3600		261.00		         0		-999.00
-999	1534474645	3600		260.73		         0		-999.00
-999	1534475239	594		260.61		         0		-999.00
7058	1534476439	1200		273.41		 253907750		1204.00
7058	1534480039	3600		274.05		 270276419		1225.00
7058	1534483639	3600		273.52		 260016245		1196.00
7058	1534487239	3600		272.86		 237844975		1198.00
7058	1534490839	3600		272.02		 215966715		1178.00
7058	1534494439	3600		271.42		 199788275		1151.00
7058	1534498039	3600		270.77		 181785955		1139.00
7058	1534501639	3600		270.30		 166198268		1147.00
7058	1534505239	3600		269.84		 154191520		1131.00
7058	1534508839	3600		269.45		 143300418		1125.00
7058	1534512439	3600		268.99		 129903293		1112.00
7058	1534516039	3600		268.50		 116425984		1106.00
7058	1534519639	3600		268.27		 110980965		1097.00
7058	1534523239	3600		267.65		  96364770		1075.00
7058	1534523411	172		267.33		  85855897		1075.00
-999	1534524611	1200		260.69		         0		-999.00
-999	1534528211	3600		261.05		         0		-999.00
-999	1534531811	3600		260.87		         0		-999.00
-999	1534533194	1383		261.02		         0		-999.00
7061	1534534394	1200		274.26		 272377297		1274.00
7061	1534537994	3600		274.71		 291742999		1250.00
7061	1534541594	3600		273.93		 268785497		1235.00
7061	1534545194	3600		273.19		 248287807		1223.00
7061	1534548794	3600		272.35		 225853990		1201.00
7061	1534552394	3600		271.69		 207533819		1187.00
7061	1534555994	3600		271.20		 191017552		1183.00
7061	1534559594	3600		270.65		 178387896		1164.00
7061	1534563194	3600		270.07		 162704122		1152.00
7061	1534566794	3600		269.73		 151474785		1153.00
7061	1534570394	3600		269.33		 141268705		1132.00
7061	1534573994	3600		268.94		 130243410		1125.00
7061	1534577594	3600		268.53		 118459611		1115.00
7061	1534581194	3600		267.82		 101456752		1092.00
7061	1534584283	3089		260.89		  97127232		 11.50
-999	1534585483	1200		260.57		         0		-999.00
-999	1534589083	3600		260.93		         0		-999.00
-999	1534592683	3600		260.81		         0		-999.00
-999	1534593033	350		260.93		         0		-999.00
7063	1534594233	1200		273.79		 261450135		1261.00
7063	1534597833	3600		274.35		 280467253		1256.00
7063	1534601433	3600		273.41		 260956171		1215.00
7063	1534605033	3600		272.79		 235559041		1216.00
7063	1534608633	3600		272.07		 216359768		1205.00
7063	1534612233	3600		271.44		 199056210		1185.00
7063	1534615833	3600		270.78		 181126842		1172.00
7063	1534619433	3600		270.30		 167296880		1165.00
7063	1534623033	3600		269.78		 153358263		1145.00
7063	1534626633	3600		269.37		 141611836		1140.00
7063	1534630233	3600		268.99		 130830163		1134.00
7063	1534633006	2773		268.67		 121861537		1122.00
-999	1534634206	1200		263.92		         0		-999.00
-999	1534637806	3600		263.87		         0		-999.00
-999	1534641406	3600		263.92		         0		-999.00
-999	1534645006	3600		264.23		         0		-999.00
-999	1534648606	3600		264.17		         0		-999.00
-999	1534652206	3600		260.70		         0		-999.00
-999	1534655806	3600		260.59		         0		-999.00
-999	1534657022	1216		261.07		         0		-999.00
7065	1534658222	1200		273.71		 262602466		1246.00
7065	1534661822	3600		274.63		 289572047		1266.00
7065	1534665422	3600		273.77		 267284216		1246.00
7065	1534669022	3600		272.98		 242884899		1232.00
7065	1534672622	3600		272.23		 223398979		1211.00
7065	1534676222	3600		271.57		 203414284		1198.00
7065	1534679822	3600		271.04		 187886946		1189.00
7065	1534683422	3600		270.46		 172328970		1175.00
7065	1534687022	3600		269.98		 158380641		1163.00
7065	1534690622	3600		269.65		 149150805		1155.00
7065	1534694222	3600		269.10		 134908429		1144.00
7065	1534697822	3600		268.76		 123545289		1137.00
7065	1534701422	3600		268.46		 116080214		1127.00
7065	1534703871	2449		267.81		  99100971		1108.00
-999	1534705071	1200		261.05		         0		-999.00
-999	1534708671	3600		260.76		         0		-999.00
-999	1534712271	3600		261.00		         0		-999.00
-999	1534715871	3600		261.00		         0		-999.00
-999	1534719471	3600		260.59		         0		-999.00
-999	1534721378	1907		261.02		         0		-999.00
7069	1534722578	1200		273.32		 244935117		1274.00
7069	1534726178	3600		273.86		 267160857		1263.00
7069	1534729778	3600		273.07		 247119873		1238.00
7069	1534733378	3600		272.41		 226780420		1223.00
7069	1534736978	3600		271.79		 208262897		1214.00
7069	1534740578	3600		271.06		 189599080		1199.00
7069	1534744178	3600		270.55		 174172713		1180.00
7069	1534747778	3600		269.97		 158731823		1175.00
7069	1534751378	3600		269.68		 149447032		1171.00
7069	1534754978	3600		269.29		 139927761		1149.00
7069	1534758578	3600		268.88		 127150584		1148.00
7069	1534762178	3600		268.43		 115784240		1128.00
7069	1534765778	3600		267.94		 101462364		1116.00
7069	1534769062	3284		267.30		  88211743		1098.00
-999	1534770262	1200		260.59		         0		-999.00
-999	1534773862	3600		264.11		         0		-999.00
-999	1534777462	3600		263.82		         0		-999.00
-999	1534781062	3600		263.87		         0		-999.00
-999	1534784662	3600		259.81		         0		-999.00
-999	1534788262	3600		260.88		         0		-999.00
-999	1534791862	3600		264.28		         0		-999.00
-999	1534795462	3600		264.16		         0		-999.00
-999	1534799062	3600		264.16		         0		-999.00
-999	1534802662	3600		264.16		         0		-999.00
-999	1534806262	3600		264.16		         0		-999.00
-999	1534809862	3600		264.16		         0		-999.00
-999	1534813462	3600		264.16		         0		-999.00
-999	1534817062	3600		264.16		         0		-999.00
-999	1534820662	3600		264.16		         0		-999.00
-999	1534824262	3600		264.16		         0		-999.00
-999	1534827862	3600		264.25		         0		-999.00
-999	1534831462	3600		264.02		         0		-999.00
-999	1534835062	3600		260.69		         0		-999.00
-999	1534838662	3600		264.10		         0		-999.00
-999	1534842262	3600		264.02		         0		-999.00
-999	1534845862	3600		263.84		         0		-999.00
-999	1534849462	3600		264.13		         0		-999.00
-999	1534853062	3600		264.10		         0		-999.00
-999	1534856662	3600		263.89		         0		-999.00
-999	1534860262	3600		264.13		         0		-999.00
-999	1534863862	3600		264.25		         0		-999.00
-999	1534867462	3600		264.17		         0		-999.00
-999	1534871062	3600		264.11		         0		-999.00
-999	1534874662	3600		264.12		         0		-999.00
-999	1534878262	3600		264.17		         0		-999.00
-999	1534881862	3600		263.77		         0		-999.00
-999	1534885462	3600		264.16		         0		-999.00
-999	1534889062	3600		264.16		         0		-999.00
-999	1534892662	3600		264.16		         0		-999.00
-999	1534896262	3600		264.16		         0		-999.00
-999	1534899862	3600		264.16		         0		-999.00
-999	1534903462	3600		264.16		         0		-999.00
-999	1534907062	3600		264.16		         0		-999.00
-999	1534910662	3600		264.16		         0		-999.00
-999	1534914262	3600		264.16		         0		-999.00
-999	1534917862	3600		264.22		         0		-999.00
-999	1534921462	3600		264.16		         0		-999.00
-999	1534925062	3600		263.99		         0		-999.00
-999	1534928662	3600		263.87		         0		-999.00
-999	1534932262	3600		263.87		         0		-999.00
-999	1534935862	3600		264.28		         0		-999.00
-999	1534939462	3600		264.19		         0		-999.00
-999	1534943062	3600		264.22		         0		-999.00
-999	1534946662	3600		263.97		         0		-999.00
-999	1534950262	3600		260.96		         0		-999.00
-999	1534953862	3600		260.90		         0		-999.00
-999	1534957462	3600		260.96		         0		-999.00
-999	1534961062	3600		260.96		         0		-999.00
-999	1534964662	3600		260.71		         0		-999.00
-999	1534968262	3600		260.78		         0		-999.00
-999	1534971862	3600		261.04		         0		-999.00
-999	1534975462	3600		260.92		         0		-999.00
-999	1534979062	3600		260.92		         0		-999.00
-999	1534982662	3600		260.92		         0		-999.00
-999	1534986262	3600		260.92		         0		-999.00
-999	1534989862	3600		261.04		         0		-999.00
-999	1534993462	3600		261.00		         0		-999.00
-999	1534997062	3600		261.01		         0		-999.00
-999	1535000662	3600		260.95		         0		-999.00
-999	1535004262	3600		260.84		         0		-999.00
-999	1535007862	3600		260.95		         0		-999.00
-999	1535011462	3600		260.73		         0		-999.00
-999	1535015062	3600		260.96		         0		-999.00
-999	1535018662	3600		260.96		         0		-999.00
-999	1535022262	3600		260.89		         0		-999.00
-999	1535023071	809		261.02		         0		-999.00
7078	1535024271	1200		273.16		 242277595		1239.00
7078	1535027871	3600		273.70		 261447334		1235.00
7078	1535030682	2811		273.04		 243149525		1222.00
-999	1535031882	1200		263.84		         0		-999.00
-999	1535035482	3600		264.20		         0		-999.00
-999	1535039082	3600		264.25		         0		-999.00
-999	1535042682	3600		264.19		         0		-999.00
-999	1535046282	3600		260.72		         0		-999.00
-999	1535049882	3600		260.94		         0		-999.00
-999	1535051403	1521		260.82		         0		-999.00
7080	1535052603	1200		274.17		 269064858		1297.00
7080	1535056203	3600		274.54		 287127730		1275.00
7080	1535059803	3600		273.68		 264773626		1253.00
7080	1535063403	3600		272.95		 242223962		1242.00
7080	1535067003	3600		272.24		 220431431		1228.00
7080	1535070603	3600		271.72		 206538477		1210.00
7080	1535074203	3600		271.12		 188489177		1201.00
7080	1535077803	3600		270.55		 175049384		1187.00
7080	1535081403	3600		270.04		 160206050		1172.00
7080	1535085003	3600		269.56		 146065043		1163.00
7080	1535088603	3600		269.46		 142994664		1168.00
7080	1535092203	3600		269.01		 131691624		1153.00
7080	1535095803	3600		268.58		 119843385		1142.00
7080	1535095826	23		268.35		 112388951		1138.00
-999	1535097026	1200		263.87		         0		-999.00
-999	1535100626	3600		264.05		         0		-999.00
-999	1535104226	3600		260.75		         0		-999.00
-999	1535107826	3600		260.99		         0		-999.00
-999	1535111280	3454		261.02		         0		-999.00
7083	1535112480	1200		273.24		 243492406		1267.00
7083	1535116080	3600		273.49		 258192361		1258.00
7083	1535119680	3600		272.86		 239590946		1243.00
7083	1535123280	3600		272.18		 218814919		1228.00
7083	1535126880	3600		271.49		 201692615		1213.00
7083	1535130480	3600		270.88		 184115398		1197.00
7083	1535134080	3600		270.42		 169486080		1195.00
7083	1535137680	3600		269.81		 154374830		1172.00
7083	1535141280	3600		269.33		 140111505		1162.00
7083	1535144880	3600		268.98		 130335655		1152.00
7083	1535148480	3600		268.53		 119190088		1148.00
7083	1535152080	3600		268.23		 109225729		1135.00
7083	1535152634	554		268.02		 104221492		1135.00
-999	1535153834	1200		264.12		         0		-999.00
-999	1535157434	3600		264.19		         0		-999.00
-999	1535161034	3600		264.19		         0		-999.00
-999	1535164634	3600		264.19		         0		-999.00
-999	1535168234	3600		264.19		         0		-999.00
-999	1535171834	3600		264.19		         0		-999.00
-999	1535175434	3600		264.19		         0		-999.00
-999	1535179034	3600		264.19		         0		-999.00
-999	1535182634	3600		260.72		         0		-999.00
-999	1535186234	3600		260.95		         0		-999.00
-999	1535189834	3600		260.95		         0		-999.00
-999	1535191851	2017		260.57		         0		-999.00
7087	1535193051	1200		273.88		 259612217		1320.00
7087	1535196651	3600		274.37		 282689734		1293.00
7087	1535200251	3600		273.71		 262711795		1275.00
7087	1535203851	3600		272.85		 240304009		1257.00
7087	1535207451	3600		272.16		 219219838		1243.00
7087	1535211051	3600		271.45		 199851760		1233.00
7087	1535214651	3600		270.86		 183891277		1215.00
7087	1535218251	3600		270.25		 167172625		1196.00
7087	1535221851	3600		269.70		 150952898		1184.00
7087	1535225451	3600		269.49		 144826396		1176.00
7087	1535229051	3600		269.05		 131893213		1176.00
7087	1535232651	3600		268.61		 121348554		1158.00
7087	1535236251	3600		268.14		 107697706		1145.00
7087	1535238176	1925		267.49		  91755000		1130.00
-999	1535239376	1200		260.82		         0		-999.00
-999	1535242976	3600		261.11		         0		-999.00
-999	1535246576	3600		261.05		         0		-999.00
-999	1535246754	178		261.05		         0		-999.00
7088	1535247954	1200		273.71		 253120147		1319.00
7088	1535251462	3508		274.41		 287729101		1281.00
-999	1535252662	1200		263.81		         0		-999.00
-999	1535256262	3600		260.89		         0		-999.00
-999	1535259862	3600		260.95		         0		-999.00
-999	1535263462	3600		261.01		         0		-999.00
-999	1535267062	3600		260.66		         0		-999.00
-999	1535267678	616		260.95		         0		-999.00
7090	1535268878	1200		274.03		 265964569		1320.00
7090	1535272478	3600		274.47		 285421073		1308.00
7090	1535276078	3600		273.65		 260239379		1287.00
7090	1535279678	3600		273.03		 242337080		1281.00
7090	1535283278	3600		272.21		 221253271		1261.00
7090	1535286878	3600		271.57		 201902626		1245.00
7090	1535290478	3600		271.04		 185913586		1230.00
7090	1535294078	3600		270.49		 171929305		1211.00
7090	1535297678	3600		269.91		 155948263		1203.00
7090	1535301278	3600		269.59		 145484223		1201.00
7090	1535304878	3600		269.25		 137443448		1189.00
7090	1535308478	3600		268.78		 127779407		1166.00
7090	1535312078	3600		268.21		 108471679		1167.00
7090	1535313102	1024		268.25		 109826384		1162.00
-999	1535314302	1200		260.73		         0		-999.00
-999	1535317902	3600		260.67		         0		-999.00
-999	1535321348	3446		260.93		         0		-999.00
7091	1535322548	1200		273.87		 259665398		1333.00
7091	1535326148	3600		274.30		 280041783		1312.00
7091	1535329748	3600		273.60		 259479491		1299.00
7091	1535333348	3600		272.87		 236968593		1283.00
7091	1535336948	3600		272.17		 218580475		1270.00
7091	1535340548	3600		271.55		 201223532		1258.00
7091	1535344148	3600		271.01		 184784952		1239.00
7091	1535347748	3600		270.44		 170176025		1230.00
7091	1535351348	3600		269.64		 153511572		1193.00
7091	1535354948	3600		269.52		 144645100		1207.00
7091	1535358548	3600		269.22		 136508586		1194.00
7091	1535362148	3600		268.76		 122640613		1184.00
7091	1535365748	3600		268.46		 115958539		1173.00
7091	1535368639	2891		267.88		  98728208		1160.00
-999	1535369839	1200		260.91		         0		-999.00
-999	1535373439	3600		264.11		         0		-999.00
-999	1535377039	3600		260.88		         0		-999.00
-999	1535380639	3600		260.93		         0		-999.00
-999	1535384239	3600		260.75		         0		-999.00
-999	1535385389	1150		261.05		         0		-999.00
7092	1535386589	1200		273.52		 251858903		1317.00
7092	1535390189	3600		273.89		 267871218		1301.00
7092	1535393789	3600		273.06		 246714949		1290.00
7092	1535395985	2196		272.60		 232961352		1277.00
-999	1535397185	1200		263.83		         0		-999.00
-999	1535400785	3600		264.13		         0		-999.00
-999	1535404385	3600		260.70		         0		-999.00
-999	1535407985	3600		260.99		         0		-999.00
-999	1535410972	2987		260.99		         0		-999.00
7095	1535412172	1200		273.54		 254775579		1320.00
7095	1535415772	3600		274.01		 270508564		1307.00
7095	1535419372	3600		273.23		 250203593		1300.00
7095	1535422972	3600		272.46		 227958850		1294.00
7095	1535426572	3600		271.87		 211508512		1268.00
7095	1535430172	3600		271.26		 193125987		1256.00
7095	1535431917	1745		270.90		 183262029		1249.00
-999	1535433117	1200		264.13		         0		-999.00
-999	1535436717	3600		263.83		         0		-999.00
-999	1535440317	3600		264.08		         0		-999.00
-999	1535443917	3600		259.80		         0		-999.00
-999	1535447517	3600		260.84		         0		-999.00
-999	1535451117	3600		260.95		         0		-999.00
-999	1535454717	3600		260.89		         0		-999.00
-999	1535456340	1623		261.05		         0		-999.00
7097	1535457540	1200		273.84		 259395179		1346.00
7097	1535461140	3600		274.05		 273402594		1319.00
7097	1535464740	3600		273.42		 254455750		1298.00
7097	1535468340	3600		272.70		 232778477		1293.00
7097	1535471940	3600		271.90		 212045384		1271.00
7097	1535475540	3600		271.35		 195317767		1253.00
7097	1535479140	3600		270.64		 177467176		1239.00
7097	1535482740	3600		270.17		 163478741		1232.00
7097	1535486340	3600		269.56		 148732064		1208.00
7097	1535489940	3600		269.46		 143382992		1212.00
7097	1535493540	3600		268.81		 127812535		1189.00
7097	1535497140	3600		268.61		 120889631		1189.00
7097	1535500740	3600		268.17		 108412728		1174.00
7097	1535504340	3600		267.82		  98171489		1167.00
7097	1535505368	1028		267.06		  77251378		1156.00
-999	1535506568	1200		260.58		         0		-999.00
-999	1535510168	3600		261.13		         0		-999.00
-999	1535512996	2828		260.61		         0		-999.00
7098	1535514196	1200		273.79		 260006773		1339.00
7098	1535517796	3600		274.37		 281874768		1340.00
7098	1535521396	3600		273.58		 260149727		1315.00
7098	1535524996	3600		272.80		 237747304		1299.00
7098	1535528596	3600		272.09		 218104156		1285.00
7098	1535532089	3493		271.45		 199666125		1271.00
-999	1535533289	1200		264.04		         0		-999.00
-999	1535536889	3600		264.28		         0		-999.00
-999	1535540489	3600		260.96		         0		-999.00
-999	1535544089	3600		261.04		         0		-999.00
-999	1535544488	399		261.04		         0		-999.00
7099	1535545688	1200		273.44		 251955040		1341.00
7099	1535549288	3600		274.02		 272564938		1328.00
7099	1535551174	1886		273.42		 253718541		1329.00
-999	1535552374	1200		264.19		         0		-999.00
-999	1535555974	3600		264.08		         0		-999.00
-999	1535559574	3600		264.25		         0		-999.00
-999	1535563174	3600		264.23		         0		-999.00
-999	1535566774	3600		261.05		         0		-999.00
-999	1535570374	3600		260.86		         0		-999.00
-999	1535570740	366		260.86		         0		-999.00
7101	1535571940	1200		274.40		 274458987		1388.00
7101	1535575540	3600		274.71		 292044707		1351.00
7101	1535579140	3600		273.72		 265499650		1319.00
7101	1535580041	901		273.42		 255603770		1323.00
-999	1535581241	1200		264.06		         0		-999.00
-999	1535584841	3600		264.25		         0		-999.00
-999	1535588441	3600		264.25		         0		-999.00
-999	1535592041	3600		264.25		         0		-999.00
-999	1535595641	3600		264.25		         0		-999.00
-999	1535599241	3600		264.19		         0		-999.00
-999	1535602841	3600		264.19		         0		-999.00
-999	1535606441	3600		264.19		         0		-999.00
-999	1535610041	3600		260.87		         0		-999.00
-999	1535613641	3600		260.90		         0		-999.00
-999	1535614998	1357		260.95		         0		-999.00
7105	1535616198	1200		274.00		 265362438		1368.00
7105	1535619798	3600		274.39		 282051692		1335.00
7105	1535623398	3600		273.60		 259669615		1329.00
7105	1535626998	3600		272.77		 236298021		1311.00
7105	1535630598	3600		272.14		 218858890		1302.00
7105	1535634198	3600		271.52		 200148965		1284.00
7105	1535637798	3600		270.88		 184043708		1264.00
7105	1535641398	3600		270.42		 170899555		1254.00
7105	1535644998	3600		269.79		 152479640		1241.00
7105	1535648598	3600		269.50		 142852402		1237.00
7105	1535652198	3600		269.09		 134505429		1219.00
7105	1535655798	3600		268.64		 121515463		1208.00
7105	1535659398	3600		268.42		 114124323		1202.00
7105	1535662998	3600		267.75		 100684056		1177.00
7105	1535663769	771		267.80		  98345224		1185.00
-999	1535664969	1200		261.02		         0		-999.00
-999	1535668569	3600		260.96		         0		-999.00
-999	1535672169	3600		264.16		         0		-999.00
-999	1535675769	3600		260.66		         0		-999.00
-999	1535679369	3600		260.59		         0		-999.00
-999	1535680532	1163		260.95		         0		-999.00
7108	1535681732	1200		274.13		 269730514		1366.00
7108	1535685332	3600		274.51		 286074628		1347.00
7108	1535688932	3600		273.70		 262932160		1334.00
7108	1535692532	3600		272.96		 242035571		1312.00
7108	1535696132	3600		272.30		 220292681		1306.00
7108	1535699732	3600		271.62		 203591688		1291.00
7108	1535703332	3600		270.99		 186350827		1263.00
7108	1535706932	3600		270.53		 172728730		1265.00
7108	1535710532	3600		270.03		 158005441		1248.00
7108	1535714132	3600		269.45		 144441150		1220.00
7108	1535717732	3600		269.25		 137450743		1226.00
7108	1535721332	3600		268.97		 130231259		1224.00
7108	1535724932	3600		268.23		 111826699		1194.00
7108	1535725313	381		267.75		  95679602		1198.00
-999	1535726513	1200		260.88		         0		-999.00
-999	1535730113	3600		261.02		         0		-999.00
-999	1535733713	3600		260.82		         0		-999.00
-999	1535733821	108		260.77		         0		-999.00
-999	1535735942	1200		264.25		         0		-999.00
-999	1535739542	3600		260.79		         0		-999.00
-999	1535742103	2561		261.05		         0		-999.00
7110	1535743303	1200		273.71		 258639644		1357.00
7110	1535746903	3600		274.12		 274784708		1357.00
7110	1535750503	3600		273.28		 251534481		1345.00
7110	1535754103	3600		272.70		 234324068		1331.00
7110	1535757703	3600		272.06		 216606056		1314.00
7110	1535761303	3600		271.43		 198126425		1297.00
7110	1535764903	3600		270.94		 183285743		1281.00
7110	1535768503	3600		270.40		 169489619		1274.00
7110	1535772103	3600		269.90		 154642270		1256.00
7110	1535775703	3600		269.52		 143902038		1259.00
7110	1535779303	3600		269.29		 137871438		1239.00
7110	1535782903	3600		268.63		 126430186		1213.00
7110	1535783443	540		268.56		 119926824		1220.00
-999	1535784643	1200		260.45		         0		-999.00
-999	1535788243	3600		261.00		         0		-999.00
-999	1535791843	3600		260.62		         0		-999.00
-999	1535792877	1034		261.05		         0		-999.00
-999	1535795063	1200		264.22		         0		-999.00
-999	1535798663	3600		264.22		         0		-999.00
-999	1535802263	3600		264.22		         0		-999.00
-999	1535805863	3600		264.22		         0		-999.00
-999	1535809463	3600		264.22		         0		-999.00
-999	1535813063	3600		264.22		         0		-999.00
-999	1535816663	3600		264.22		         0		-999.00
-999	1535820263	3600		264.22		         0		-999.00
-999	1535823863	3600		260.83		         0		-999.00
-999	1535826450	2587		260.83		         0		-999.00
-999	1535828222	1200		263.78		         0		-999.00
-999	1535831822	3600		264.23		         0		-999.00
-999	1535835422	3600		264.23		         0		-999.00
-999	1535839022	3600		264.17		         0		-999.00
-999	1535842622	3600		261.05		         0		-999.00
-999	1535846222	3600		260.99		         0		-999.00
-999	1535848779	2557		261.05		         0		-999.00
7117	1535849979	1200		274.35		 273476705		1392.00
7117	1535853579	3600		274.65		 289005532		1373.00
7117	1535857179	3600		273.86		 267199954		1350.00
7117	1535860779	3600		273.04		 244400884		1337.00
7117	1535864379	3600		272.22		 222350706		1314.00
7117	1535864581	202		272.70		 238423767		1310.00
-999	1535865781	1200		264.25		         0		-999.00
-999	1535869381	3600		264.25		         0		-999.00
-999	1535872981	3600		264.19		         0		-999.00
-999	1535876581	3600		259.50		         0		-999.00
-999	1535880181	3600		261.02		         0		-999.00
-999	1535880182	1		261.02		         0		-999.00
7118	1535881382	1200		274.61		 280242403		1429.00
7118	1535884982	3600		275.18		 305288482		1397.00
7118	1535888582	3600		274.21		 278247085		1378.00
7118	1535892182	3600		273.35		 255253079		1338.00
7118	1535895782	3600		272.56		 231782470		1336.00
7118	1535899382	3600		271.95		 213750964		1317.00
7118	1535902982	3600		271.34		 194982379		1312.00
7118	1535904414	1432		270.00		 161657511		1271.00
-999	1535905614	1200		261.02		         0		-999.00
-999	1535909214	3600		264.16		         0		-999.00
-999	1535912814	3600		260.54		         0		-999.00
-999	1535916414	3600		260.94		         0		-999.00
-999	1535917171	757		261.06		         0		-999.00
7120	1535918371	1200		274.56		 280388354		1429.00
7120	1535921971	3600		274.92		 298029748		1408.00
7120	1535925571	3600		274.08		 273969339		1374.00
7120	1535929171	3600		273.15		 246921593		1362.00
7120	1535932771	3600		272.45		 229119897		1342.00
7120	1535936371	3600		271.30		 199278493		1298.00
7120	1535936549	178		272.51		 239653386		1302.00
-999	1535937749	1200		261.07		         0		-999.00
-999	1535941349	3600		260.96		         0		-999.00
-999	1535944949	3600		260.56		         0		-999.00
-999	1535948549	3600		260.87		         0		-999.00
-999	1535949364	815		260.99		         0		-999.00
7122	1535950564	1200		274.01		 261310349		1429.00
7122	1535954164	3600		274.75		 294566488		1396.00
7122	1535957764	3600		273.70		 265646293		1365.00
7122	1535961364	3600		273.06		 244191294		1347.00
7122	1535964964	3600		272.21		 220033735		1331.00
7122	1535968564	3600		271.44		 199942526		1306.00
7122	1535972164	3600		270.90		 184112846		1298.00
7122	1535972423	259		270.64		 175443887		1298.00
-999	1535973623	1200		264.05		         0		-999.00
-999	1535977223	3600		264.11		         0		-999.00
-999	1535980823	3600		259.76		         0		-999.00
-999	1535984423	3600		260.99		         0		-999.00
-999	1535985541	1118		260.99		         0		-999.00
7123	1535986741	1200		274.23		 271075595		1420.00
7123	1535990341	3600		274.59		 287287855		1404.00
7123	1535993941	3600		273.87		 266832774		1388.00
7123	1535997541	3600		273.02		 242609982		1374.00
7123	1536001141	3600		272.36		 224492726		1355.00
7123	1536004741	3600		271.69		 205608928		1335.00
7123	1536008341	3600		271.13		 188911460		1320.00
7123	1536011941	3600		270.67		 175404187		1307.00
7123	1536015541	3600		270.13		 161100127		1293.00
7123	1536019141	3600		269.65		 149137680		1271.00
7123	1536022741	3600		269.12		 135389803		1272.00
7123	1536026309	3568		268.62		 122702361		1248.00
-999	1536027509	1200		264.19		         0		-999.00
-999	1536031109	3600		260.79		         0		-999.00
-999	1536033290	2181		261.07		         0		-999.00
7124	1536034490	1200		274.51		 278636268		1442.00
7124	1536038090	3600		274.79		 293107693		1421.00
7124	1536041690	3600		273.99		 270700423		1395.00
7124	1536045290	3600		273.10		 245208328		1372.00
7124	1536048890	3600		272.39		 225177472		1352.00
7124	1536052490	3600		271.68		 205027230		1334.00
7124	1536056090	3600		271.13		 188880474		1316.00
7124	1536059690	3600		270.40		 172194496		1293.00
7124	1536063290	3600		270.02		 158026069		1293.00
7124	1536066890	3600		269.85		 152492751		1292.00
7124	1536070490	3600		269.40		 141104240		1282.00
7124	1536074090	3600		269.03		 132357675		1261.00
7124	1536077690	3600		268.20		 109813614		1229.00
7124	1536078019	329		267.53		  87476512		1234.00
-999	1536079219	1200		260.75		         0		-999.00
-999	1536082819	3600		260.92		         0		-999.00
-999	1536085704	2885		260.98		         0		-999.00
7125	1536086904	1200		273.93		 261361479		1439.00
7125	1536090504	3600		274.17		 275827686		1399.00
7125	1536094104	3600		273.44		 253081095		1389.00
7125	1536097704	3600		272.69		 235846905		1371.00
7125	1536101304	3600		272.08		 215669963		1360.00
7125	1536104904	3600		271.55		 199895473		1342.00
7125	1536108504	3600		270.92		 183011985		1325.00
7125	1536112104	3600		270.43		 170240909		1311.00
7125	1536115704	3600		269.94		 156083786		1303.00
7125	1536119304	3600		269.54		 144820436		1296.00
7125	1536121786	2482		269.38		 140944455		1281.00
-999	1536122986	1200		260.53		         0		-999.00
-999	1536126586	3600		264.19		         0		-999.00
-999	1536130186	3600		263.94		         0		-999.00
-999	1536133786	3600		264.27		         0		-999.00
-999	1536137386	3600		261.07		         0		-999.00
-999	1536140986	3600		260.84		         0		-999.00
-999	1536141634	648		261.02		         0		-999.00
7127	1536142834	1200		274.16		 268011095		1446.00
7127	1536146434	3600		274.52		 282538719		1428.00
7127	1536150034	3600		273.73		 264919735		1400.00
7127	1536153634	3600		272.93		 240615832		1384.00
7127	1536157234	3600		272.33		 222167383		1367.00
7127	1536160834	3600		271.61		 202021726		1348.00
7127	1536164434	3600		271.04		 186589819		1336.00
7127	1536168034	3600		270.42		 170006632		1318.00
7127	1536171634	3600		269.96		 156751778		1310.00
7127	1536175234	3600		269.37		 148379240		1262.00
7127	1536178834	3600		269.09		 133413099		1283.00
7127	1536182434	3600		268.72		 124733173		1257.00
7127	1536185562	3128		268.03		 108413535		1238.00
-999	1536186762	1200		264.28		         0		-999.00
-999	1536190362	3600		260.87		         0		-999.00
-999	1536192661	2299		261.05		         0		-999.00
7128	1536193861	1200		273.99		 264790706		1440.00
7128	1536197461	3600		274.40		 281295075		1426.00
7128	1536201061	3600		273.48		 255699588		1408.00
7128	1536204661	3600		272.78		 236098547		1391.00
7128	1536208261	3600		272.02		 213280180		1370.00
7128	1536211861	3600		271.41		 198236379		1356.00
7128	1536215461	3600		270.81		 180122218		1338.00
7128	1536216485	1024		270.54		 171193981		1335.00
-999	1536217685	1200		263.99		         0		-999.00
-999	1536221285	3600		260.80		         0		-999.00
-999	1536224885	3600		260.90		         0		-999.00
-999	1536228485	3600		261.02		         0		-999.00
-999	1536232085	3600		260.54		         0		-999.00
-999	1536234138	2053		260.93		         0		-999.00
7131	1536235338	1200		274.29		 270076560		1457.00
7131	1536238938	3600		274.56		 285725288		1434.00
7131	1536242538	3600		273.68		 262161288		1404.00
7131	1536246138	3600		272.93		 241397755		1389.00
7131	1536249738	3600		272.23		 219814352		1374.00
7131	1536253338	3600		271.59		 202493841		1357.00
7131	1536256938	3600		271.01		 185015567		1343.00
7131	1536260538	3600		270.49		 171651692		1326.00
7131	1536264138	3600		269.74		 152079786		1309.00
7131	1536267738	3600		269.45		 142494043		1306.00
7131	1536268413	675		269.36		 139543697		1300.00
-999	1536269613	1200		264.25		         0		-999.00
-999	1536273213	3600		261.00		         0		-999.00
-999	1536275070	1857		261.05		         0		-999.00
7132	1536276270	1200		273.23		 240011451		1447.00
7132	1536279870	3600		273.93		 266299703		1433.00
7132	1536283470	3600		273.17		 246081270		1411.00
7132	1536287070	3600		272.36		 225014817		1389.00
7132	1536290670	3600		271.79		 207859422		1375.00
7132	1536294270	3600		271.18		 189555607		1358.00
7132	1536295684	1414		270.91		 180794892		1347.00
-999	1536296884	1200		264.04		         0		-999.00
-999	1536300484	3600		263.87		         0		-999.00
-999	1536304084	3600		264.16		         0		-999.00
-999	1536307684	3600		260.99		         0		-999.00
-999	1536311284	3600		260.92		         0		-999.00
-999	1536311348	64		260.92		         0		-999.00
7133	1536312548	1200		273.40		 248964330		1438.00
7133	1536316148	3600		274.02		 271364328		1430.00
7133	1536319748	3600		273.16		 246673522		1406.00
7133	1536323348	3600		272.42		 225853478		1391.00
7133	1536323858	510		272.04		 213080673		1389.00
-999	1536325058	1200		264.16		         0		-999.00
-999	1536328658	3600		261.01		         0		-999.00
-999	1536332258	3600		261.07		         0		-999.00
-999	1536335160	2902		260.99		         0		-999.00
7135	1536336360	1200		273.36		 243838777		1447.00
7135	1536339960	3600		273.39		 254549996		1405.00
7135	1536343560	3600		272.88		 237884678		1406.00
7135	1536347160	3600		272.34		 223454241		1384.00
7135	1536347926	766		269.62		 143692262		1341.00
-999	1536349126	1200		260.67		         0		-999.00
-999	1536352726	3600		264.22		         0		-999.00
-999	1536356326	3600		264.28		         0		-999.00
-999	1536359926	3600		260.88		         0		-999.00
-999	1536362297	2371		261.07		         0		-999.00
7137	1536363497	1200		273.45		 245569819		1483.00
7137	1536367097	3600		273.86		 266916692		1431.00
7137	1536370697	3600		273.16		 246410349		1422.00
7137	1536374297	3600		272.49		 227689355		1404.00
7137	1536377897	3600		271.85		 208378716		1380.00
7137	1536381497	3600		271.31		 193116570		1376.00
7137	1536385097	3600		270.68		 177711400		1357.00
7137	1536388697	3600		270.19		 163388600		1344.00
7137	1536392297	3600		269.72		 149719971		1324.00
7137	1536395897	3600		269.57		 146336136		1324.00
7137	1536399497	3600		269.14		 133833445		1312.00
7137	1536403097	3600		268.69		 120970739		1296.00
7137	1536406697	3600		267.94		 103984484		1261.00
7137	1536409379	2682		260.82		  99465069		 10.00
-999	1536410579	1200		260.90		         0		-999.00
-999	1536414179	3600		260.79		         0		-999.00
-999	1536417779	3600		260.77		         0		-999.00
-999	1536420728	2949		261.02		         0		-999.00
7139	1536421928	1200		272.92		 231924365		1448.00
7139	1536425528	3600		273.51		 254855216		1434.00
7139	1536429128	3600		272.34		 236041958		1324.00
7139	1536432728	3600		271.75		 220334714		1317.00
7139	1536436328	3600		271.54		 201485067		1389.00
7139	1536439928	3600		271.00		 185311682		1370.00
7139	1536443528	3600		270.50		 171989519		1356.00
7139	1536447128	3600		270.08		 159359659		1339.00
7139	1536450728	3600		269.69		 148568595		1337.00
7139	1536454328	3600		269.53		 143554128		1323.00
7139	1536457928	3600		269.11		 131326282		1323.00
7139	1536461528	3600		268.80		 124957841		1308.00
7139	1536465128	3600		268.19		 111552190		1286.00
7139	1536465786	658		260.86		  82015845		 10.00
-999	1536466986	1200		261.13		         0		-999.00
-999	1536470586	3600		260.90		         0		-999.00
-999	1536474186	3600		260.82		         0		-999.00
-999	1536474695	509		260.94		         0		-999.00
-999	1536476173	1200		264.31		         0		-999.00
-999	1536479773	3600		264.25		         0		-999.00
-999	1536483373	3600		264.31		         0		-999.00
-999	1536486973	3600		260.77		         0		-999.00
-999	1536490573	3600		260.99		         0		-999.00
-999	1536494173	3600		260.99		         0		-999.00
-999	1536497773	3600		260.99		         0		-999.00
-999	1536501373	3600		260.99		         0		-999.00
-999	1536501467	94		260.99		         0		-999.00
7144	1536502667	1200		274.28		 267133952		1563.00
7144	1536506267	3600		274.66		 290106991		1517.00
7144	1536509867	3600		273.78		 267821517		1441.00
7144	1536513467	3600		273.05		 241336375		1428.00
7144	1536517067	3600		271.88		 223561679		1334.00
7144	1536520667	3600		271.68		 204600674		1401.00
7144	1536524267	3600		270.97		 186577632		1379.00
7144	1536527867	3600		270.49		 172435218		1364.00
7144	1536531467	3600		269.88		 155581888		1348.00
7144	1536534383	2916		269.59		 145913928		1342.00
-999	1536535583	1200		264.10		         0		-999.00
-999	1536539183	3600		262.73		         0		-999.00
-999	1536542783	3600		263.95		         0		-999.00
-999	1536543057	274		263.96		         0		-999.00
7145	1536544257	1200		273.73		 254328957		1499.00
7145	1536547857	3600		274.18		 276135848		1459.00
7145	1536551457	3600		273.42		 254558042		1449.00
7145	1536555057	3600		272.65		 233152984		1423.00
7145	1536558657	3600		272.07		 215655811		1409.00
7145	1536562257	3600		271.41		 197492484		1395.00
7145	1536565857	3600		270.87		 181411068		1376.00
7145	1536569457	3600		270.18		 167714896		1328.00
7145	1536573057	3600		269.81		 153458758		1348.00
7145	1536575398	2341		269.55		 144744964		1345.00
-999	1536576598	1200		260.65		         0		-999.00
-999	1536580198	3600		263.89		         0		-999.00
-999	1536583798	3600		264.27		         0		-999.00
-999	1536587398	3600		263.90		         0		-999.00
-999	1536590998	3600		264.08		         0		-999.00
-999	1536594598	3600		264.31		         0		-999.00
-999	1536598198	3600		264.25		         0		-999.00
-999	1536601798	3600		264.19		         0		-999.00
-999	1536605398	3600		264.19		         0		-999.00
-999	1536608998	3600		264.19		         0		-999.00
-999	1536612598	3600		264.19		         0		-999.00
-999	1536616198	3600		264.19		         0		-999.00
-999	1536619798	3600		264.19		         0		-999.00
-999	1536623398	3600		264.19		         0		-999.00
-999	1536626998	3600		264.19		         0		-999.00
-999	1536630598	3600		264.19		         0		-999.00
-999	1536634198	3600		264.19		         0		-999.00
-999	1536637798	3600		264.19		         0		-999.00
-999	1536641398	3600		264.19		         0		-999.00
-999	1536644998	3600		264.19		         0		-999.00
-999	1536648598	3600		264.08		         0		-999.00
-999	1536652198	3600		263.82		         0		-999.00
-999	1536655798	3600		264.23		         0		-999.00
-999	1536659398	3600		264.03		         0		-999.00
-999	1536662998	3600		260.73		         0		-999.00
-999	1536666598	3600		260.77		         0		-999.00
-999	1536670198	3600		260.60		         0		-999.00
-999	1536673798	3600		261.02		         0		-999.00
-999	1536677398	3600		261.02		         0		-999.00
-999	1536680998	3600		260.96		         0		-999.00
-999	1536684598	3600		260.96		         0		-999.00
-999	1536688198	3600		261.00		         0		-999.00
-999	1536691798	3600		261.00		         0		-999.00
-999	1536695398	3600		261.00		         0		-999.00
-999	1536698998	3600		261.00		         0		-999.00
-999	1536702598	3600		260.94		         0		-999.00
-999	1536706198	3600		261.00		         0		-999.00
-999	1536709798	3600		261.00		         0		-999.00
-999	1536713398	3600		261.00		         0		-999.00
-999	1536716998	3600		261.00		         0		-999.00
-999	1536720598	3600		261.05		         0		-999.00
-999	1536724198	3600		255.82		         0		-999.00
-999	1536727798	3600		255.59		         0		-999.00
-999	1536731398	3600		255.68		         0		-999.00
-999	1536734998	3600		255.96		         0		-999.00
-999	1536738598	3600		256.08		         0		-999.00
-999	1536742198	3600		255.97		         0		-999.00
-999	1536745798	3600		255.96		         0		-999.00
-999	1536749398	3600		256.01		         0		-999.00
-999	1536752998	3600		256.06		         0		-999.00
-999	1536756598	3600		256.07		         0		-999.00
-999	1536760198	3600		255.78		         0		-999.00
-999	1536763798	3600		255.83		         0		-999.00
-999	1536767398	3600		255.94		         0		-999.00
-999	1536770998	3600		256.13		         0		-999.00
-999	1536774598	3600		256.08		         0		-999.00
-999	1536778198	3600		255.97		         0		-999.00
-999	1536781798	3600		256.07		         0		-999.00
-999	1536785398	3600		255.95		         0		-999.00
-999	1536788998	3600		255.99		         0		-999.00
-999	1536792598	3600		255.84		         0		-999.00
-999	1536796198	3600		256.07		         0		-999.00
-999	1536799798	3600		256.05		         0		-999.00
-999	1536803398	3600		256.01		         0		-999.00
-999	1536806998	3600		256.07		         0		-999.00
-999	1536810598	3600		256.02		         0		-999.00
-999	1536814198	3600		256.17		         0		-999.00
-999	1536817798	3600		255.97		         0		-999.00
-999	1536821398	3600		255.95		         0		-999.00
-999	1536824998	3600		256.07		         0		-999.00
-999	1536828598	3600		255.99		         0		-999.00
-999	1536832198	3600		255.99		         0		-999.00
-999	1536835798	3600		255.98		         0		-999.00
-999	1536839398	3600		256.10		         0		-999.00
-999	1536842998	3600		255.89		         0		-999.00
-999	1536846598	3600		256.07		         0		-999.00
-999	1536850198	3600		255.94		         0		-999.00
-999	1536853798	3600		255.77		         0		-999.00
-999	1536857398	3600		255.99		         0		-999.00
-999	1536860998	3600		256.16		         0		-999.00
-999	1536864598	3600		256.08		         0		-999.00
-999	1536868198	3600		255.95		         0		-999.00
-999	1536871798	3600		256.08		         0		-999.00
-999	1536875398	3600		255.82		         0		-999.00
-999	1536878998	3600		256.07		         0		-999.00
-999	1536882598	3600		256.02		         0		-999.00
-999	1536886198	3600		256.02		         0		-999.00
-999	1536889798	3600		256.04		         0		-999.00
-999	1536893398	3600		256.05		         0		-999.00
-999	1536896998	3600		256.01		         0		-999.00
-999	1536900598	3600		256.05		         0		-999.00
-999	1536904198	3600		255.98		         0		-999.00
-999	1536907798	3600		256.17		         0		-999.00
-999	1536911398	3600		255.84		         0		-999.00
-999	1536914998	3600		256.01		         0		-999.00
-999	1536918598	3600		256.04		         0		-999.00
-999	1536922198	3600		256.07		         0		-999.00
-999	1536925798	3600		255.84		         0		-999.00
-999	1536929398	3600		256.05		         0		-999.00
-999	1536932998	3600		256.07		         0		-999.00
-999	1536936598	3600		255.93		         0		-999.00
-999	1536940198	3600		256.04		         0		-999.00
-999	1536943798	3600		256.06		         0		-999.00
-999	1536947398	3600		255.99		         0		-999.00
-999	1536950998	3600		255.95		         0		-999.00
-999	1536954598	3600		255.95		         0		-999.00
-999	1536958198	3600		255.91		         0		-999.00
-999	1536961798	3600		256.04		         0		-999.00
-999	1536965398	3600		256.11		         0		-999.00
-999	1536968998	3600		255.90		         0		-999.00
-999	1536972598	3600		255.96		         0		-999.00
-999	1536976198	3600		255.95		         0		-999.00
-999	1536979798	3600		256.00		         0		-999.00
-999	1536983398	3600		256.04		         0		-999.00
-999	1536986998	3600		256.02		         0		-999.00
-999	1536990598	3600		255.99		         0		-999.00
-999	1536994198	3600		256.02		         0		-999.00
-999	1536997798	3600		255.88		         0		-999.00
-999	1537001398	3600		255.94		         0		-999.00
-999	1537004998	3600		256.02		         0		-999.00
-999	1537008598	3600		255.84		         0		-999.00
-999	1537012198	3600		256.03		         0		-999.00
-999	1537015798	3600		255.96		         0		-999.00
-999	1537019398	3600		255.97		         0		-999.00
-999	1537022998	3600		255.68		         0		-999.00
-999	1537026598	3600		256.03		         0		-999.00
-999	1537030198	3600		256.07		         0		-999.00
-999	1537033798	3600		256.06		         0		-999.00
-999	1537037398	3600		255.90		         0		-999.00
-999	1537040998	3600		255.95		         0		-999.00
-999	1537044598	3600		255.77		         0		-999.00
-999	1537048198	3600		256.08		         0		-999.00
-999	1537051798	3600		255.96		         0		-999.00
-999	1537055398	3600		255.83		         0		-999.00
-999	1537058998	3600		255.93		         0		-999.00
-999	1537062598	3600		256.08		         0		-999.00
-999	1537066198	3600		255.95		         0		-999.00
-999	1537069798	3600		256.05		         0		-999.00
-999	1537073398	3600		255.77		         0		-999.00
-999	1537076998	3600		256.01		         0		-999.00
-999	1537080042	3044		256.07		         0		-999.00
7188	1537081242	1200		256.01		         0		 11.00
7188	1537084842	3600		255.82		         0		 11.00
7188	1537088442	3600		256.07		         0		 11.00
7188	1537092042	3600		255.83		         0		 11.00
7188	1537095642	3600		255.89		         0		 11.00
7188	1537096150	508		255.78		         0		 11.00
-999	1537097350	1200		256.02		         0		-999.00
-999	1537100950	3600		255.96		         0		-999.00
-999	1537104550	3600		256.04		         0		-999.00
-999	1537108150	3600		256.00		         0		-999.00
-999	1537111750	3600		255.82		         0		-999.00
-999	1537115350	3600		256.08		         0		-999.00
-999	1537118950	3600		255.92		         0		-999.00
-999	1537122550	3600		255.91		         0		-999.00
-999	1537126150	3600		256.04		         0		-999.00
-999	1537129750	3600		255.72		         0		-999.00
-999	1537133350	3600		255.99		         0		-999.00
-999	1537136950	3600		256.08		         0		-999.00
-999	1537140550	3600		255.91		         0		-999.00
-999	1537144150	3600		256.07		         0		-999.00
-999	1537147750	3600		255.93		         0		-999.00
-999	1537151350	3600		255.91		         0		-999.00
-999	1537154950	3600		255.97		         0		-999.00
-999	1537158550	3600		255.83		         0		-999.00
-999	1537162150	3600		255.90		         0		-999.00
-999	1537165750	3600		255.85		         0		-999.00
-999	1537169350	3600		256.25		         0		-999.00
-999	1537172950	3600		256.47		         0		-999.00
-999	1537176550	3600		260.80		         0		-999.00
-999	1537180150	3600		260.90		         0		-999.00
-999	1537183750	3600		264.15		         0		-999.00
-999	1537187350	3600		264.21		         0		-999.00
-999	1537190950	3600		264.15		         0		-999.00
-999	1537194550	3600		264.15		         0		-999.00
-999	1537198150	3600		264.16		         0		-999.00
-999	1537201750	3600		264.28		         0		-999.00
-999	1537205350	3600		264.28		         0		-999.00
-999	1537208950	3600		264.28		         0		-999.00
-999	1537212550	3600		264.25		         0		-999.00
-999	1537216150	3600		264.19		         0		-999.00
-999	1537219750	3600		264.23		         0		-999.00
-999	1537223350	3600		264.23		         0		-999.00
-999	1537226950	3600		264.23		         0		-999.00
-999	1537230550	3600		264.23		         0		-999.00
-999	1537234150	3600		264.23		         0		-999.00
-999	1537237750	3600		264.22		         0		-999.00
-999	1537241350	3600		264.22		         0		-999.00
-999	1537244950	3600		264.10		         0		-999.00
-999	1537248550	3600		264.22		         0		-999.00
-999	1537252150	3600		263.93		         0		-999.00
-999	1537255750	3600		264.10		         0		-999.00
-999	1537259350	3600		264.15		         0		-999.00
-999	1537262950	3600		264.13		         0		-999.00
-999	1537266550	3600		264.25		         0		-999.00
-999	1537270150	3600		264.21		         0		-999.00
-999	1537273750	3600		264.27		         0		-999.00
-999	1537277350	3600		264.22		         0		-999.00
-999	1537280950	3600		264.13		         0		-999.00
-999	1537284550	3600		263.90		         0		-999.00
-999	1537288150	3600		264.19		         0		-999.00
-999	1537291750	3600		264.06		         0		-999.00
-999	1537295350	3600		264.29		         0		-999.00
-999	1537298950	3600		264.29		         0		-999.00
-999	1537302550	3600		264.29		         0		-999.00
-999	1537306150	3600		264.23		         0		-999.00
-999	1537309750	3600		264.23		         0		-999.00
-999	1537313350	3600		264.23		         0		-999.00
-999	1537316950	3600		264.23		         0		-999.00
-999	1537320550	3600		264.23		         0		-999.00
-999	1537324150	3600		264.23		         0		-999.00
-999	1537327750	3600		264.23		         0		-999.00
-999	1537331350	3600		263.82		         0		-999.00
-999	1537334950	3600		264.10		         0		-999.00
-999	1537338550	3600		264.16		         0		-999.00
-999	1537342150	3600		264.22		         0		-999.00
-999	1537345750	3600		264.16		         0		-999.00
-999	1537349350	3600		264.16		         0		-999.00
-999	1537352950	3600		264.16		         0		-999.00
-999	1537356550	3600		264.09		         0		-999.00
-999	1537360150	3600		263.59		         0		-999.00
-999	1537363750	3600		263.82		         0		-999.00
-999	1537367350	3600		263.30		         0		-999.00
-999	1537370950	3600		263.79		         0		-999.00
-999	1537374550	3600		263.77		         0		-999.00
-999	1537378150	3600		263.83		         0		-999.00
-999	1537381750	3600		263.83		         0		-999.00
-999	1537385350	3600		263.85		         0		-999.00
-999	1537388950	3600		263.82		         0		-999.00
-999	1537392550	3600		263.82		         0		-999.00
-999	1537396150	3600		263.88		         0		-999.00
-999	1537399750	3600		263.88		         0		-999.00
-999	1537403350	3600		263.76		         0		-999.00
-999	1537406950	3600		263.78		         0		-999.00
-999	1537410550	3600		263.90		         0		-999.00
-999	1537414150	3600		263.90		         0		-999.00
-999	1537417750	3600		263.78		         0		-999.00
-999	1537421350	3600		263.78		         0		-999.00
-999	1537424950	3600		260.32		         0		-999.00
-999	1537428550	3600		263.35		         0		-999.00
-999	1537432150	3600		255.74		         0		-999.00
-999	1537435750	3600		260.53		         0		-999.00
-999	1537439350	3600		260.36		         0		-999.00
-999	1537442950	3600		263.86		         0		-999.00
-999	1537446550	3600		263.56		         0		-999.00
-999	1537450150	3600		263.82		         0		-999.00
-999	1537453750	3600		263.82		         0		-999.00
-999	1537457350	3600		263.73		         0		-999.00
-999	1537460950	3600		263.88		         0		-999.00
-999	1537464550	3600		263.87		         0		-999.00
-999	1537468150	3600		263.75		         0		-999.00
-999	1537471750	3600		263.80		         0		-999.00
-999	1537475350	3600		263.80		         0		-999.00
-999	1537478950	3600		263.80		         0		-999.00
-999	1537482550	3600		263.80		         0		-999.00
-999	1537486150	3600		263.85		         0		-999.00
-999	1537489750	3600		263.85		         0		-999.00
-999	1537493350	3600		263.88		         0		-999.00
-999	1537496950	3600		263.88		         0		-999.00
-999	1537500550	3600		263.82		         0		-999.00
-999	1537504150	3600		263.88		         0		-999.00
-999	1537507750	3600		263.59		         0		-999.00
-999	1537511350	3600		263.71		         0		-999.00
-999	1537514950	3600		263.82		         0		-999.00
-999	1537518550	3600		255.40		         0		-999.00
-999	1537522150	3600		255.50		         0		-999.00
-999	1537525750	3600		255.73		         0		-999.00
-999	1537529350	3600		255.93		         0		-999.00
-999	1537532950	3600		255.65		         0		-999.00
-999	1537536550	3600		263.90		         0		-999.00
-999	1537540150	3600		263.76		         0		-999.00
-999	1537543750	3600		263.93		         0		-999.00
-999	1537547350	3600		263.70		         0		-999.00
-999	1537550950	3600		260.37		         0		-999.00
-999	1537554550	3600		260.59		         0		-999.00
-999	1537558150	3600		260.71		         0		-999.00
-999	1537561750	3600		260.65		         0		-999.00
-999	1537565350	3600		260.24		         0		-999.00
-999	1537568950	3600		260.65		         0		-999.00
-999	1537572550	3600		260.65		         0		-999.00
-999	1537576150	3600		260.25		         0		-999.00
-999	1537579750	3600		260.73		         0		-999.00
-999	1537583350	3600		260.65		         0		-999.00
-999	1537586950	3600		260.70		         0		-999.00
-999	1537590550	3600		260.64		         0		-999.00
-999	1537594150	3600		260.70		         0		-999.00
-999	1537597750	3600		260.70		         0		-999.00
-999	1537601350	3600		260.45		         0		-999.00
-999	1537604950	3600		260.64		         0		-999.00
-999	1537608550	3600		260.64		         0		-999.00
-999	1537612150	3600		260.64		         0		-999.00
-999	1537615750	3600		260.64		         0		-999.00
-999	1537619350	3600		260.64		         0		-999.00
-999	1537622950	3600		260.64		         0		-999.00
-999	1537626550	3600		260.64		         0		-999.00
-999	1537630150	3600		260.64		         0		-999.00
-999	1537633750	3600		260.64		         0		-999.00
-999	1537637350	3600		260.64		         0		-999.00
-999	1537640950	3600		260.58		         0		-999.00
-999	1537644550	3600		260.64		         0		-999.00
-999	1537648150	3600		260.29		         0		-999.00
-999	1537651750	3600		260.73		         0		-999.00
-999	1537655350	3600		260.69		         0		-999.00
-999	1537658950	3600		260.69		         0		-999.00
-999	1537662550	3600		260.76		         0		-999.00
-999	1537666150	3600		260.57		         0		-999.00
-999	1537669750	3600		260.71		         0		-999.00
-999	1537673350	3600		260.71		         0		-999.00
-999	1537676950	3600		260.48		         0		-999.00
-999	1537680550	3600		260.71		         0		-999.00
-999	1537684150	3600		260.34		         0		-999.00
-999	1537687750	3600		260.59		         0		-999.00
-999	1537691350	3600		260.65		         0		-999.00
-999	1537694950	3600		260.48		         0		-999.00
-999	1537696196	1246		260.10		         0		-999.00
7211	1537697396	1200		263.74		   5341247		1106.00
7211	1537700996	3600		264.10		   5787091		1152.00
7211	1537704596	3600		264.11		   5244132		1152.00
7211	1537708196	3600		263.93		   4924140		1127.00
7211	1537710680	2484		260.55		   4899619		 10.50
-999	1537711880	1200		260.66		         0		-999.00
-999	1537715480	3600		260.33		         0		-999.00
-999	1537719080	3600		260.47		         0		-999.00
-999	1537719764	684		260.59		         0		-999.00
7212	1537720964	1200		265.94		  60171517		1182.00
7212	1537724564	3600		266.35		  66256976		1220.00
7212	1537728164	3600		266.09		  60343141		1209.00
7212	1537731764	3600		265.78		  58017825		1178.00
7212	1537735364	3600		265.67		  55643655		1183.00
7212	1537738964	3600		265.58		  51939951		1176.00
7212	1537739545	581		265.64		  46305145		1210.00
-999	1537740745	1200		260.33		         0		-999.00
-999	1537744345	3600		260.51		         0		-999.00
-999	1537746460	2115		260.72		         0		-999.00
7213	1537747660	1200		269.02		 139884646		1292.00
7213	1537751260	3600		269.25		 147717615		1304.00
7213	1537754860	3600		268.89		 137563566		1305.00
7213	1537758460	3600		268.66		 129715680		1307.00
7213	1537762060	3600		267.87		 120218689		1226.00
7213	1537763357	1297		267.20		  99204484		1228.00
-999	1537764557	1200		260.58		         0		-999.00
-999	1537768157	3600		260.52		         0		-999.00
-999	1537771757	3600		260.52		         0		-999.00
-999	1537775357	3600		263.79		         0		-999.00
-999	1537778957	3600		263.88		         0		-999.00
-999	1537782557	3600		260.42		         0		-999.00
-999	1537786157	3600		260.71		         0		-999.00
-999	1537789599	3442		260.76		         0		-999.00
7217	1537790799	1200		273.51		 259740844		1479.00
7217	1537794399	3600		273.81		 273954147		1459.00
7217	1537797999	3600		273.11		 253703274		1450.00
7217	1537801599	3600		272.39		 232974901		1433.00
7217	1537805199	3600		271.75		 211762271		1426.00
7217	1537808799	3600		271.06		 196196728		1386.00
7217	1537812399	3600		270.47		 179545689		1380.00
7217	1537815999	3600		269.96		 164205869		1367.00
7217	1537819599	3600		269.53		 152115950		1360.00
7217	1537821176	1577		268.89		 132696451		1353.00
-999	1537822376	1200		260.76		         0		-999.00
-999	1537825976	3600		260.31		         0		-999.00
-999	1537829576	3600		263.97		         0		-999.00
-999	1537833176	3600		263.97		         0		-999.00
-999	1537836776	3600		260.40		         0		-999.00
-999	1537838838	2062		260.71		         0		-999.00
7218	1537840038	1200		273.06		 247087840		1476.00
7218	1537843638	3600		273.66		 269234518		1475.00
7218	1537847238	3600		272.94		 247402184		1462.00
7218	1537850838	3600		272.20		 228729030		1435.00
7218	1537854438	3600		271.53		 208069840		1421.00
7218	1537858038	3600		270.97		 193569166		1409.00
7218	1537861638	3600		270.41		 176937328		1391.00
7218	1537865238	3600		269.87		 162303031		1376.00
7218	1537868838	3600		269.44		 153029867		1352.00
7218	1537872438	3600		269.28		 145569368		1363.00
7218	1537876038	3600		268.84		 132928489		1354.00
7218	1537877431	1393		267.99		 110491725		1330.00
-999	1537878631	1200		260.82		         0		-999.00
-999	1537882231	3600		260.28		         0		-999.00
-999	1537885831	3600		260.69		         0		-999.00
-999	1537889431	3600		260.70		         0		-999.00
-999	1537892405	2974		260.58		         0		-999.00
7220	1537893605	1200		263.93		    669729		1177.00
7220	1537897205	3600		260.56		    486275		 10.50
7220	1537898111	906		260.56		    695481		 10.50
-999	1537899311	1200		259.48		         0		-999.00
-999	1537902911	3600		260.61		         0		-999.00
-999	1537906511	3600		260.66		         0		-999.00
-999	1537906841	330		260.66		         0		-999.00
7221	1537908041	1200		273.02		 245156949		1492.00
7221	1537911641	3600		273.30		 259935766		1466.00
7221	1537915241	3600		272.68		 239546808		1464.00
7221	1537918841	3600		272.06		 223328475		1451.00
7221	1537922441	3600		271.42		 205495150		1433.00
7221	1537926041	3600		270.91		 190667501		1420.00
7221	1537929641	3600		270.33		 175392072		1404.00
7221	1537933241	3600		269.89		 162761990		1389.00
7221	1537936841	3600		269.49		 149436388		1380.00
7221	1537940441	3600		269.22		 142334095		1378.00
7221	1537944041	3600		268.81		 132999464		1368.00
7221	1537947641	3600		268.46		 122738510		1348.00
7221	1537951241	3600		268.00		 109553668		1334.00
7221	1537954841	3600		267.61		 100129172		1327.00
7221	1537958441	3600		265.93		  87268489		 10.50
7221	1537960388	1947		265.99		  85948774		 10.50
-999	1537961588	1200		263.59		         0		-999.00
-999	1537965188	3600		263.67		         0		-999.00
-999	1537968788	3600		263.84		         0		-999.00
-999	1537972388	3600		264.00		         0		-999.00
-999	1537975988	3600		263.98		         0		-999.00
-999	1537979588	3600		263.93		         0		-999.00
-999	1537983188	3600		263.98		         0		-999.00
-999	1537986788	3600		263.93		         0		-999.00
-999	1537990388	3600		263.98		         0		-999.00
-999	1537993988	3600		263.81		         0		-999.00
-999	1537997588	3600		263.93		         0		-999.00
-999	1538001188	3600		263.93		         0		-999.00
-999	1538004788	3600		263.93		         0		-999.00
-999	1538008388	3600		263.93		         0		-999.00
-999	1538011988	3600		263.93		         0		-999.00
-999	1538015588	3600		263.93		         0		-999.00
-999	1538019188	3600		263.93		         0		-999.00
-999	1538022788	3600		263.93		         0		-999.00
-999	1538026388	3600		263.93		         0		-999.00
-999	1538029988	3600		263.56		         0		-999.00
-999	1538033588	3600		263.84		         0		-999.00
-999	1538037188	3600		263.57		         0		-999.00
-999	1538040788	3600		263.81		         0		-999.00
-999	1538044388	3600		263.81		         0		-999.00
-999	1538047988	3600		263.81		         0		-999.00
-999	1538051588	3600		260.37		         0		-999.00
-999	1538055188	3600		260.38		         0		-999.00
-999	1538058788	3600		260.64		         0		-999.00
-999	1538062388	3600		260.42		         0		-999.00
-999	1538065988	3600		263.92		         0		-999.00
-999	1538069588	3600		263.92		         0		-999.00
-999	1538073188	3600		263.92		         0		-999.00
-999	1538076788	3600		263.92		         0		-999.00
-999	1538080388	3600		263.92		         0		-999.00
-999	1538083988	3600		263.92		         0		-999.00
-999	1538087588	3600		263.92		         0		-999.00
-999	1538091188	3600		263.92		         0		-999.00
-999	1538094788	3600		263.92		         0		-999.00
-999	1538098388	3600		263.92		         0		-999.00
-999	1538101988	3600		263.92		         0		-999.00
-999	1538105588	3600		260.66		         0		-999.00
-999	1538109188	3600		260.66		         0		-999.00
-999	1538112788	3600		260.66		         0		-999.00
-999	1538116388	3600		260.61		         0		-999.00
-999	1538119988	3600		260.65		         0		-999.00
-999	1538123588	3600		263.88		         0		-999.00
-999	1538127188	3600		263.93		         0		-999.00
-999	1538130788	3600		263.93		         0		-999.00
-999	1538134388	3600		263.53		         0		-999.00
-999	1538137988	3600		263.99		         0		-999.00
-999	1538141588	3600		259.50		         0		-999.00
-999	1538145188	3600		263.98		         0		-999.00
-999	1538148788	3600		263.87		         0		-999.00
-999	1538152388	3600		263.86		         0		-999.00
-999	1538155988	3600		263.93		         0		-999.00
-999	1538159588	3600		263.93		         0		-999.00
-999	1538163188	3600		263.87		         0		-999.00
-999	1538166788	3600		263.87		         0		-999.00
-999	1538170388	3600		263.93		         0		-999.00
-999	1538173988	3600		260.62		         0		-999.00
-999	1538177588	3600		260.44		         0		-999.00
-999	1538178386	798		260.69		         0		-999.00
7234	1538179586	1200		273.12		 248830449		1501.00
7234	1538183186	3600		273.71		 272766440		1490.00
7234	1538186786	3600		272.97		 249833634		1473.00
7234	1538190386	3600		271.95		 233364085		1379.00
7234	1538193986	3600		271.57		 211472298		1439.00
7234	1538197586	3600		270.93		 195935416		1411.00
7234	1538201186	3600		270.42		 178803205		1399.00
7234	1538204786	3600		269.91		 167468197		1382.00
7234	1538208386	3600		269.51		 152200216		1375.00
7234	1538211986	3600		269.19		 145009239		1361.00
7234	1538215586	3600		268.67		 129820172		1347.00
7234	1538219186	3600		268.39		 122382862		1348.00
7234	1538222786	3600		267.64		 104655341		1321.00
7234	1538223189	403		267.31		  93671191		1323.00
-999	1538224389	1200		260.55		         0		-999.00
-999	1538227989	3600		260.71		         0		-999.00
-999	1538231589	3600		263.71		         0		-999.00
-999	1538235189	3600		260.65		         0		-999.00
-999	1538238789	3600		260.48		         0		-999.00
-999	1538239060	271		260.66		         0		-999.00
7236	1538240260	1200		273.42		 255465592		1533.00
7236	1538243860	3600		273.98		 279351711		1510.00
7236	1538247460	3600		273.12		 256482164		1475.00
7236	1538251060	3600		272.45		 236043818		1477.00
7236	1538254660	3600		271.77		 215554741		1446.00
7236	1538258260	3600		271.05		 195665532		1434.00
7236	1538261860	3600		270.62		 183196833		1424.00
7236	1538265460	3600		270.11		 168283198		1409.00
7236	1538269060	3600		269.65		 154894857		1395.00
7236	1538271393	2333		269.45		 150013811		1390.00
-999	1538272593	1200		263.55		         0		-999.00
-999	1538276193	3600		263.83		         0		-999.00
-999	1538279793	3600		264.00		         0		-999.00
-999	1538283393	3600		264.05		         0		-999.00
-999	1538286993	3600		263.99		         0		-999.00
-999	1538290593	3600		260.69		         0		-999.00
-999	1538294193	3600		260.69		         0		-999.00
-999	1538297793	3600		260.67		         0		-999.00
-999	1538298993	1200		260.64		         0		-999.00
7239	1538300193	1200		273.74		 263548646		1552.00
7239	1538303793	3600		274.14		 281473628		1518.00
7239	1538307393	3600		273.13		 257567973		1484.00
7239	1538310993	3600		272.53		 237109642		1482.00
7239	1538314593	3600		271.88		 218572234		1464.00
7239	1538318193	3600		271.17		 199026730		1447.00
7239	1538320938	2745		270.71		 185783634		1432.00
-999	1538322138	1200		263.88		         0		-999.00
-999	1538325738	3600		260.79		         0		-999.00
-999	1538329338	3600		260.70		         0		-999.00
-999	1538329691	353		260.76		         0		-999.00
7240	1538330891	1200		273.19		 248573508		1530.00
7240	1538334491	3600		273.78		 273645560		1521.00
7240	1538338091	3600		273.08		 251749637		1507.00
7240	1538341691	3600		272.23		 229548675		1486.00
7240	1538345291	3600		271.71		 213344289		1467.00
7240	1538348891	3600		271.12		 195499628		1458.00
7240	1538352491	3600		270.51		 180989133		1436.00
7240	1538354676	2185		270.17		 169811601		1426.00
-999	1538355876	1200		263.55		         0		-999.00
-999	1538359476	3600		263.66		         0		-999.00
-999	1538363076	3600		264.01		         0		-999.00
-999	1538366676	3600		260.82		         0		-999.00
-999	1538370276	3600		260.25		         0		-999.00
-999	1538372031	1755		260.82		         0		-999.00
7242	1538373231	1200		273.35		 253011709		1541.00
7242	1538376831	3600		273.24		 265306144		1449.00
7242	1538380431	3600		273.05		 251227279		1516.00
7242	1538384031	3600		272.31		 229212875		1498.00
7242	1538387631	3600		271.68		 212078267		1481.00
7242	1538391231	3600		271.06		 193540415		1465.00
7242	1538394831	3600		270.52		 179413623		1453.00
7242	1538394958	127		265.14		         0		1453.00
-999	1538396158	1200		263.75		         0		-999.00
-999	1538399758	3600		263.88		         0		-999.00
-999	1538403358	3600		260.38		         0		-999.00
-999	1538406958	3600		263.82		         0		-999.00
-999	1538410558	3600		264.05		         0		-999.00
-999	1538414158	3600		263.99		         0		-999.00
-999	1538417758	3600		263.99		         0		-999.00
-999	1538421358	3600		260.54		         0		-999.00
-999	1538424958	3600		260.66		         0		-999.00
-999	1538428558	3600		260.53		         0		-999.00
-999	1538429446	888		260.76		         0		-999.00
7245	1538430646	1200		273.21		 248449023		1532.00
7245	1538434246	3600		273.62		 266089100		1522.00
7245	1538437846	3600		272.81		 243223893		1506.00
7245	1538441446	3600		272.06		 223349623		1482.00
7245	1538445046	3600		271.41		 203976020		1470.00
7245	1538448646	3600		270.66		 182406492		1454.00
7245	1538449005	359		269.50		 143810299		1454.00
-999	1538450205	1200		263.72		         0		-999.00
-999	1538453805	3600		259.56		         0		-999.00
-999	1538457405	3600		260.78		         0		-999.00
-999	1538461005	3600		260.71		         0		-999.00
-999	1538464605	3600		260.71		         0		-999.00
-999	1538468205	3600		260.71		         0		-999.00
-999	1538471805	3600		260.39		         0		-999.00
-999	1538475405	3600		260.64		         0		-999.00
-999	1538479005	3600		260.64		         0		-999.00
-999	1538482605	3600		260.64		         0		-999.00
-999	1538486205	3600		260.64		         0		-999.00
-999	1538489805	3600		260.64		         0		-999.00
-999	1538493405	3600		260.64		         0		-999.00
-999	1538497005	3600		260.64		         0		-999.00
-999	1538500605	3600		260.31		         0		-999.00
-999	1538504205	3600		260.66		         0		-999.00
-999	1538507805	3600		260.66		         0		-999.00
-999	1538511405	3600		264.05		         0		-999.00
-999	1538515005	3600		260.76		         0		-999.00
-999	1538518605	3600		260.71		         0		-999.00
-999	1538521910	3305		260.76		         0		-999.00
7252	1538523110	1200		274.04		 272439316		1552.00
7252	1538526710	3600		274.45		 290180572		1534.00
7252	1538530310	3600		273.56		 266179300		1511.00
7252	1538533910	3600		272.89		 245958052		1494.00
7252	1538537510	3600		272.16		 225771271		1478.00
7252	1538541110	3600		271.49		 205253587		1464.00
7252	1538544710	3600		270.70		 184956743		1441.00
7252	1538548310	3600		270.21		 170778559		1431.00
7252	1538551910	3600		269.75		 157397640		1412.00
7252	1538555510	3600		269.39		 145645276		1413.00
7252	1538559110	3600		269.45		 147650709		1414.00
7252	1538559404	294		269.56		 151348408		1413.00
-999	1538560604	1200		263.66		         0		-999.00
-999	1538564204	3600		260.76		         0		-999.00
-999	1538567804	3600		260.85		         0		-999.00
-999	1538568022	218		260.73		         0		-999.00
7253	1538569222	1200		273.57		 260535127		1574.00
7253	1538572822	3600		273.90		 275157065		1552.00
7253	1538576422	3600		272.92		 250837602		1503.00
7253	1538580022	3600		272.22		 227886142		1506.00
7253	1538583622	3600		271.68		 213073450		1495.00
7253	1538587222	3600		271.01		 193895633		1471.00
7253	1538590822	3600		270.49		 178763226		1462.00
7253	1538592255	1433		270.21		 170946536		1445.00
-999	1538593455	1200		263.59		         0		-999.00
-999	1538597055	3600		263.83		         0		-999.00
-999	1538600655	3600		263.88		         0		-999.00
-999	1538604255	3600		263.65		         0		-999.00
-999	1538607855	3600		263.71		         0		-999.00
-999	1538610453	2598		263.76		         0		-999.00
7256	1538611653	1200		273.47		 259105667		1555.00
7256	1538615253	3600		274.12		 282943479		1553.00
7256	1538618853	3600		273.35		 259024863		1531.00
7256	1538622453	3600		272.54		 237749883		1509.00
7256	1538626053	3600		271.84		 219756777		1499.00
7256	1538629653	3600		271.26		 201238010		1478.00
7256	1538633253	3600		270.66		 183406916		1463.00
7256	1538636853	3600		270.20		 169939753		1443.00
7256	1538640453	3600		269.46		 148436679		1434.00
7256	1538642668	2215		260.49		 145364094		 10.50
-999	1538643868	1200		260.31		         0		-999.00
-999	1538647468	3600		260.31		         0		-999.00
-999	1538651068	3600		263.67		         0		-999.00
-999	1538654668	3600		263.77		         0		-999.00
-999	1538658268	3600		263.82		         0		-999.00
-999	1538661868	3600		263.56		         0		-999.00
-999	1538665468	3600		263.84		         0		-999.00
-999	1538669068	3600		263.85		         0		-999.00
-999	1538672668	3600		263.95		         0		-999.00
-999	1538676268	3600		263.95		         0		-999.00
-999	1538679868	3600		260.66		         0		-999.00
-999	1538683468	3600		260.64		         0		-999.00
-999	1538684393	925		260.65		         0		-999.00
7259	1538685593	1200		273.65		 263105269		1588.00
7259	1538689193	3600		274.28		 288101128		1574.00
7259	1538692793	3600		273.48		 263669059		1554.00
7259	1538696393	3600		272.82		 245055788		1529.00
7259	1538699993	3600		272.12		 225537370		1514.00
7259	1538703593	3600		271.10		 206574849		1434.00
7259	1538707193	3600		270.86		 192723603		1469.00
7259	1538710793	3600		270.43		 178337892		1465.00
7259	1538714393	3600		269.95		 164090389		1455.00
7259	1538717993	3600		269.57		 152924896		1442.00
7259	1538720121	2128		269.57		 152983798		1441.00
-999	1538721321	1200		260.28		         0		-999.00
-999	1538724921	3600		260.51		         0		-999.00
-999	1538728521	3600		260.58		         0		-999.00
-999	1538732121	3600		260.22		         0		-999.00
-999	1538735721	3600		260.48		         0		-999.00
-999	1538739321	3600		263.90		         0		-999.00
-999	1538742921	3600		263.70		         0		-999.00
-999	1538746521	3600		263.88		         0		-999.00
-999	1538750121	3600		263.88		         0		-999.00
-999	1538753721	3600		263.88		         0		-999.00
-999	1538757321	3600		263.88		         0		-999.00
-999	1538760921	3600		264.02		         0		-999.00
-999	1538764521	3600		264.02		         0		-999.00
-999	1538768121	3600		264.02		         0		-999.00
-999	1538771721	3600		263.96		         0		-999.00
-999	1538775321	3600		264.02		         0		-999.00
-999	1538778921	3600		264.02		         0		-999.00
-999	1538782521	3600		264.02		         0		-999.00
-999	1538786121	3600		264.02		         0		-999.00
-999	1538789721	3600		264.02		         0		-999.00
-999	1538793321	3600		264.02		         0		-999.00
-999	1538796921	3600		264.02		         0		-999.00
-999	1538800521	3600		264.02		         0		-999.00
-999	1538804121	3600		264.02		         0		-999.00
-999	1538807721	3600		264.02		         0		-999.00
-999	1538811321	3600		263.80		         0		-999.00
-999	1538814921	3600		263.81		         0		-999.00
-999	1538818521	3600		263.82		         0		-999.00
-999	1538822121	3600		263.93		         0		-999.00
-999	1538825721	3600		263.93		         0		-999.00
-999	1538829321	3600		260.78		         0		-999.00
-999	1538832921	3600		260.66		         0		-999.00
-999	1538836521	3600		260.66		         0		-999.00
-999	1538840121	3600		260.36		         0		-999.00
-999	1538843721	3600		260.65		         0		-999.00
-999	1538847321	3600		260.53		         0		-999.00
-999	1538850921	3600		263.89		         0		-999.00
-999	1538854521	3600		264.01		         0		-999.00
-999	1538858121	3600		260.54		         0		-999.00
-999	1538861721	3600		260.60		         0		-999.00
-999	1538863030	1309		260.60		         0		-999.00
7264	1538864230	1200		273.06		 251012539		1533.00
7264	1538867830	3600		273.39		 260548681		1574.00
7264	1538871430	3600		272.80		 246341207		1518.00
7264	1538875030	3600		271.97		 222486297		1505.00
7264	1538878630	3600		271.39		 205226601		1477.00
7264	1538882230	3600		270.69		 185932168		1468.00
7264	1538885830	3600		270.16		 170001147		1453.00
7264	1538889430	3600		269.57		 154373078		1438.00
7264	1538893030	3600		269.09		 140521389		1425.00
7264	1538896630	3600		268.68		 128609022		1409.00
7264	1538900230	3600		268.25		 117414777		1397.00
7264	1538903830	3600		267.81		 106744452		1378.00
7264	1538907430	3600		267.57		  98777919		1367.00
7264	1538911030	3600		267.28		  91517827		1361.00
7264	1538914630	3600		260.48		  80238600		 10.50
7264	1538918230	3600		260.64		  17649934		 10.50
7264	1538921830	3600		260.65		  36262811		 10.50
7264	1538922448	618		260.65		  77282298		 10.50
-999	1538923648	1200		263.87		         0		-999.00
-999	1538927248	3600		263.88		         0		-999.00
-999	1538930848	3600		263.93		         0		-999.00
-999	1538934448	3600		260.60		         0		-999.00
-999	1538938048	3600		260.39		         0		-999.00
-999	1538940544	2496		260.76		         0		-999.00
7265	1538941744	1200		273.64		 263419667		1604.00
7265	1538945344	3600		273.79		 274261150		1563.00
7265	1538945357	13		279.32		 458451215		1563.00
-999	1538946557	1200		263.75		         0		-999.00
-999	1538950157	3600		260.51		         0		-999.00
-999	1538953757	3600		260.63		         0		-999.00
-999	1538955000	1243		260.66		         0		-999.00
7266	1538956200	1200		272.95		 242069748		1577.00
7266	1538959800	3600		273.34		 261940135		1544.00
7266	1538963400	3600		272.42		 236508453		1526.00
7266	1538967000	3600		271.77		 217084778		1497.00
7266	1538970600	3600		271.22		 200575150		1496.00
7266	1538974200	3600		270.67		 184288711		1483.00
7266	1538977800	3600		270.18		 171525364		1465.00
7266	1538981400	3600		269.77		 158647597		1463.00
7266	1538985000	3600		269.42		 149091555		1450.00
7266	1538988600	3600		269.06		 138805291		1437.00
7266	1538992200	3600		268.87		 132420870		1436.00
7266	1538993758	1558		267.57		 118001566		1275.00
-999	1538994958	1200		263.80		         0		-999.00
-999	1538998558	3600		260.80		         0		-999.00
-999	1539002158	3600		260.51		         0		-999.00
-999	1539005758	3600		260.61		         0		-999.00
-999	1539009358	3600		260.67		         0		-999.00
-999	1539012958	3600		260.67		         0		-999.00
-999	1539016558	3600		260.51		         0		-999.00
-999	1539020158	3600		263.90		         0		-999.00
-999	1539023758	3600		263.93		         0		-999.00
-999	1539027358	3600		260.76		         0		-999.00
-999	1539030958	3600		260.53		         0		-999.00
-999	1539032817	1859		260.73		         0		-999.00
7270	1539034017	1200		273.07		 252808355		1546.00
7270	1539037617	3600		273.55		 265376671		1550.00
7270	1539041217	3600		272.83		 247074381		1535.00
7270	1539044817	3600		272.22		 228038940		1519.00
7270	1539048417	3600		271.53		 208779372		1505.00
7270	1539052017	3600		270.90		 191576459		1485.00
7270	1539055617	3600		270.24		 173338170		1456.00
7270	1539059217	3600		269.69		 158989279		1446.00
7270	1539062817	3600		269.40		 150941901		1435.00
7270	1539066417	3600		269.11		 141284042		1443.00
7270	1539070017	3600		268.70		 129540956		1416.00
7270	1539073617	3600		268.18		 116302666		1402.00
7270	1539077217	3600		267.81		 105830652		1393.00
7270	1539080817	3600		267.46		  96053803		1388.00
7270	1539084417	3600		267.24		  88709123		1378.00
7270	1539086714	2297		266.63		  76177009		1354.00
-999	1539087914	1200		260.51		         0		-999.00
-999	1539091514	3600		260.22		         0		-999.00
-999	1539094678	3164		260.61		         0		-999.00
7271	1539095878	1200		272.89		 244736624		1577.00
7271	1539099478	3600		273.43		 261906904		1574.00
7271	1539103078	3600		272.49		 238974863		1534.00
7271	1539106678	3600		271.82		 218563567		1531.00
7271	1539108273	1595		271.40		 204609765		1525.00
-999	1539109473	1200		260.24		         0		-999.00
-999	1539113073	3600		263.85		         0		-999.00
-999	1539116673	3600		263.90		         0		-999.00
-999	1539120273	3600		263.90		         0		-999.00
-999	1539123873	3600		263.90		         0		-999.00
-999	1539127473	3600		263.90		         0		-999.00
-999	1539131073	3600		263.90		         0		-999.00
-999	1539134673	3600		263.96		         0		-999.00
-999	1539138273	3600		263.96		         0		-999.00
-999	1539141873	3600		263.96		         0		-999.00
-999	1539145473	3600		263.96		         0		-999.00
-999	1539149073	3600		263.96		         0		-999.00
-999	1539152673	3600		263.73		         0		-999.00
-999	1539156273	3600		260.69		         0		-999.00
-999	1539159873	3600		260.54		         0		-999.00
-999	1539163473	3600		263.82		         0		-999.00
-999	1539167073	3600		263.65		         0		-999.00
-999	1539170673	3600		263.61		         0		-999.00
-999	1539174273	3600		263.60		         0		-999.00
-999	1539177873	3600		263.76		         0		-999.00
-999	1539181473	3600		263.60		         0		-999.00
-999	1539185073	3600		264.00		         0		-999.00
-999	1539188673	3600		263.93		         0		-999.00
-999	1539192273	3600		263.95		         0		-999.00
-999	1539195873	3600		263.95		         0		-999.00
-999	1539199473	3600		260.76		         0		-999.00
-999	1539203073	3600		260.59		         0		-999.00
-999	1539206673	3600		260.28		         0		-999.00
-999	1539207241	568		260.28		         0		-999.00
7274	1539208441	1200		273.13		 254384988		1535.00
7274	1539212041	3600		272.45		 226693782		1582.00
7274	1539215641	3600		273.32		 258846092		1566.00
7274	1539219241	3600		272.59		 237772882		1545.00
7274	1539222841	3600		271.94		 219709820		1529.00
7274	1539225050	2209		270.60		 186837469		1476.00
-999	1539226250	1200		263.66		         0		-999.00
-999	1539229850	3600		260.82		         0		-999.00
-999	1539233450	3600		260.73		         0		-999.00
-999	1539237050	3600		260.78		         0		-999.00
-999	1539240650	3600		260.47		         0		-999.00
-999	1539244250	3600		260.78		         0		-999.00
-999	1539247850	3600		260.69		         0		-999.00
-999	1539251450	3600		260.69		         0		-999.00
-999	1539255050	3600		260.33		         0		-999.00
-999	1539258650	3600		260.26		         0		-999.00
-999	1539262250	3600		260.55		         0		-999.00
-999	1539265850	3600		260.55		         0		-999.00
-999	1539269450	3600		260.55		         0		-999.00
-999	1539273050	3600		260.55		         0		-999.00
-999	1539276650	3600		260.55		         0		-999.00
-999	1539280250	3600		260.55		         0		-999.00
-999	1539283850	3600		260.55		         0		-999.00
-999	1539287450	3600		260.55		         0		-999.00
-999	1539291050	3600		260.55		         0		-999.00
-999	1539294650	3600		260.55		         0		-999.00
-999	1539298250	3600		260.55		         0		-999.00
-999	1539301850	3600		260.55		         0		-999.00
-999	1539305450	3600		260.55		         0		-999.00
-999	1539309050	3600		260.55		         0		-999.00
-999	1539312650	3600		260.55		         0		-999.00
-999	1539316250	3600		260.55		         0		-999.00
-999	1539319850	3600		260.55		         0		-999.00
-999	1539323450	3600		260.55		         0		-999.00
-999	1539327050	3600		260.55		         0		-999.00
-999	1539330650	3600		260.59		         0		-999.00
-999	1539334250	3600		260.60		         0		-999.00
-999	1539337850	3600		260.61		         0		-999.00
-999	1539341450	3600		260.61		         0		-999.00
-999	1539345050	3600		260.61		         0		-999.00
-999	1539348650	3600		260.61		         0		-999.00
-999	1539352250	3600		260.61		         0		-999.00
-999	1539355850	3600		260.61		         0		-999.00
-999	1539359450	3600		260.61		         0		-999.00
-999	1539363050	3600		260.61		         0		-999.00
-999	1539366650	3600		260.61		         0		-999.00
-999	1539370250	3600		260.61		         0		-999.00
-999	1539373850	3600		260.61		         0		-999.00
-999	1539377450	3600		260.61		         0		-999.00
-999	1539381050	3600		260.61		         0		-999.00
-999	1539384650	3600		260.61		         0		-999.00
-999	1539388250	3600		260.61		         0		-999.00
-999	1539391850	3600		260.61		         0		-999.00
-999	1539395450	3600		260.61		         0		-999.00
-999	1539399050	3600		260.61		         0		-999.00
-999	1539402650	3600		260.61		         0		-999.00
-999	1539406250	3600		260.61		         0		-999.00
-999	1539409850	3600		260.61		         0		-999.00
-999	1539413450	3600		260.61		         0		-999.00
-999	1539417050	3600		260.61		         0		-999.00
-999	1539420650	3600		260.61		         0		-999.00
-999	1539424250	3600		260.61		         0		-999.00
-999	1539427850	3600		260.61		         0		-999.00
-999	1539431450	3600		260.61		         0		-999.00
-999	1539435050	3600		260.61		         0		-999.00
-999	1539438650	3600		260.61		         0		-999.00
-999	1539442250	3600		260.61		         0		-999.00
-999	1539445850	3600		260.44		         0		-999.00
-999	1539449450	3600		260.28		         0		-999.00
-999	1539453050	3600		263.51		         0		-999.00
-999	1539456650	3600		263.62		         0		-999.00
-999	1539460250	3600		263.62		         0		-999.00
-999	1539463850	3600		263.64		         0		-999.00
-999	1539467450	3600		263.64		         0		-999.00
-999	1539471050	3600		263.70		         0		-999.00
-999	1539471160	110		263.76		         0		-999.00
7299	1539472360	1200		263.80		     20691		1219.00
7299	1539475960	3600		263.92		     18821		1231.00
7299	1539479560	3600		263.92		     15893		1241.00
7299	1539483160	3600		263.92		     13635		1238.00
7299	1539486760	3600		263.92		     11707		1238.00
7299	1539489333	2573		263.92		     10593		1235.00
-999	1539490533	1200		260.26		         0		-999.00
-999	1539494133	3600		260.61		         0		-999.00
-999	1539495803	1670		260.61		         0		-999.00
7300	1539497003	1200		263.99		     22469		1252.00
7300	1539500603	3600		263.88		     20238		1235.00
7300	1539504203	3600		263.88		     16866		1239.00
7300	1539507803	3600		263.88		     14337		1235.00
7300	1539508416	613		260.62		     13793		 10.50
-999	1539509616	1200		260.72		         0		-999.00
-999	1539513216	3600		260.54		         0		-999.00
-999	1539516816	3600		260.49		         0		-999.00
-999	1539520416	3600		260.49		         0		-999.00
-999	1539524016	3600		260.49		         0		-999.00
-999	1539527616	3600		260.49		         0		-999.00
-999	1539531216	3600		260.49		         0		-999.00
-999	1539534816	3600		260.49		         0		-999.00
-999	1539538416	3600		260.49		         0		-999.00
-999	1539542016	3600		260.38		         0		-999.00
-999	1539545616	3600		260.60		         0		-999.00
-999	1539549216	3600		260.51		         0		-999.00
-999	1539552816	3600		260.28		         0		-999.00
-999	1539556416	3600		260.50		         0		-999.00
-999	1539558801	2385		260.59		         0		-999.00
-999	1539560753	1200		260.64		         0		-999.00
-999	1539564353	3600		260.61		         0		-999.00
-999	1539567953	3600		260.61		         0		-999.00
-999	1539571553	3600		260.61		         0		-999.00
-999	1539575153	3600		260.61		         0		-999.00
-999	1539578753	3600		263.88		         0		-999.00
-999	1539582353	3600		264.01		         0		-999.00
-999	1539585953	3600		263.71		         0		-999.00
-999	1539589553	3600		263.76		         0		-999.00
-999	1539593153	3600		263.90		         0		-999.00
-999	1539596753	3600		263.95		         0		-999.00
-999	1539600353	3600		263.96		         0		-999.00
-999	1539603953	3600		263.96		         0		-999.00
-999	1539607553	3600		260.54		         0		-999.00
-999	1539611153	3600		260.65		         0		-999.00
-999	1539614753	3600		260.64		         0		-999.00
-999	1539618353	3600		263.79		         0		-999.00
-999	1539621953	3600		264.07		         0		-999.00
-999	1539625553	3600		263.56		         0		-999.00
-999	1539629153	3600		264.05		         0		-999.00
-999	1539632753	3600		264.05		         0		-999.00
-999	1539636353	3600		264.04		         0		-999.00
-999	1539639953	3600		264.04		         0		-999.00
-999	1539643553	3600		264.04		         0		-999.00
-999	1539647153	3600		264.04		         0		-999.00
-999	1539650753	3600		264.04		         0		-999.00
-999	1539654353	3600		264.04		         0		-999.00
-999	1539657953	3600		264.04		         0		-999.00
-999	1539661553	3600		264.04		         0		-999.00
-999	1539665153	3600		260.33		         0		-999.00
-999	1539668753	3600		260.26		         0		-999.00
-999	1539671013	2260		260.72		         0		-999.00
7308	1539672213	1200		265.82		  62107459		1241.00
7308	1539675813	3600		266.29		  62841235		1328.00
7308	1539679413	3600		265.86		  55582985		807.00
7308	1539679704	291		260.66		  51966829		 10.50
-999	1539680904	1200		260.67		         0		-999.00
-999	1539684504	3600		260.31		         0		-999.00
-999	1539687326	2822		260.62		         0		-999.00
7309	1539688526	1200		273.01		 242784363		1596.00
7309	1539692126	3600		273.63		 266504564		1605.00
7309	1539695726	3600		272.77		 243443629		1559.00
7309	1539699326	3600		272.00		 223688274		1524.00
7309	1539702926	3600		271.36		 202605551		1517.00
7309	1539706526	3600		270.78		 186927175		1496.00
7309	1539710126	3600		270.16		 170061831		1478.00
7309	1539713726	3600		269.70		 156975574		1469.00
7309	1539717326	3600		269.58		 152807371		1472.00
7309	1539720926	3600		269.22		 142696536		1458.00
7309	1539724526	3600		268.77		 129827078		1441.00
7309	1539728126	3600		268.27		 117832725		1428.00
7309	1539731726	3600		267.86		 105785496		1416.00
7309	1539735326	3600		267.20		  97339588		1343.00
7309	1539738926	3600		267.24		  89102456		1396.00
7309	1539741251	2325		266.85		  78195553		1384.00
-999	1539742451	1200		260.38		         0		-999.00
-999	1539746051	3600		260.54		         0		-999.00
-999	1539749651	3600		260.78		         0		-999.00
-999	1539749719	68		260.66		         0		-999.00
7310	1539750919	1200		272.63		 233236264		1592.00
7310	1539754519	3600		273.36		 258246686		1590.00
7310	1539758119	3600		272.56		 238154594		1563.00
7310	1539761719	3600		271.92		 216766579		1550.00
7310	1539765319	3600		271.26		 198751483		1533.00
7310	1539768919	3600		270.65		 181668118		1519.00
7310	1539772519	3600		270.09		 166910045		1496.00
7310	1539776119	3600		269.73		 152940310		1508.00
7310	1539779719	3600		269.41		 148135966		1471.00
7310	1539783319	3600		269.04		 137285767		1469.00
7310	1539786919	3600		268.52		 123956851		1447.00
7310	1539790519	3600		268.08		 111170451		1437.00
7310	1539791993	1474		267.34		  90894626		1417.00
-999	1539793193	1200		260.59		         0		-999.00
-999	1539796793	3600		260.58		         0		-999.00
-999	1539800393	3600		260.51		         0		-999.00
-999	1539803993	3600		260.50		         0		-999.00
-999	1539807593	3600		260.73		         0		-999.00
-999	1539808150	557		260.79		         0		-999.00
7314	1539809350	1200		273.25		 249904265		1615.00
7314	1539812950	3600		273.58		 271156010		1577.00
7314	1539816550	3600		272.98		 252273579		1570.00
7314	1539820150	3600		272.25		 228051267		1563.00
7314	1539823750	3600		271.54		 208351246		1546.00
7314	1539827350	3600		271.00		 192007042		1526.00
7314	1539830950	3600		270.41		 176794681		1515.00
7314	1539834550	3600		269.93		 162601771		1502.00
7314	1539838150	3600		269.60		 153627522		1496.00
7314	1539841750	3600		269.24		 143604294		1479.00
7314	1539845350	3600		268.74		 128754633		1463.00
7314	1539848950	3600		268.52		 123417459		1452.00
7314	1539852550	3600		268.09		 111540971		1435.00
7314	1539856150	3600		267.70		 101974648		1424.00
7314	1539859750	3600		267.36		  92725238		1419.00
7314	1539862157	2407		266.86		  81608517		1393.00
-999	1539863357	1200		263.90		         0		-999.00
-999	1539866957	3600		262.38		         0		-999.00
-999	1539870557	3600		263.58		         0		-999.00
-999	1539871567	1010		263.70		         0		-999.00
7315	1539872767	1200		271.50		 199834074		1585.00
7315	1539876367	3600		272.75		 242783485		1579.00
7315	1539879967	3600		272.15		 224813283		1559.00
7315	1539883567	3600		271.44		 206744966		1536.00
7315	1539887167	3600		270.90		 190081540		1532.00
7315	1539890767	3600		270.40		 175256906		1519.00
7315	1539894367	3600		269.83		 158315893		1499.00
7315	1539897967	3600		269.45		 146411184		1495.00
7315	1539901567	3600		269.12		 140752941		1473.00
7315	1539905167	3600		268.69		 128640629		1462.00
7315	1539908767	3600		268.59		 126608454		1460.00
7315	1539912311	3544		268.16		 116232311		1444.00
-999	1539913511	1200		263.76		         0		-999.00
-999	1539917111	3600		259.15		         0		-999.00
-999	1539920711	3600		260.51		         0		-999.00
-999	1539924007	3296		260.81		         0		-999.00
7317	1539925207	1200		273.52		 258355183		1633.00
7317	1539927350	2143		273.89		 276973512		1614.00
-999	1539928550	1200		263.79		         0		-999.00
-999	1539932150	3600		260.65		         0		-999.00
-999	1539935750	3600		263.93		         0		-999.00
-999	1539939350	3600		263.84		         0		-999.00
-999	1539942950	3600		260.71		         0		-999.00
-999	1539946550	3600		260.67		         0		-999.00
-999	1539950150	3600		260.70		         0		-999.00
-999	1539953346	3196		260.53		         0		-999.00
7320	1539954546	1200		273.37		 253562275		1653.00
7320	1539958146	3600		272.24		 219251725		1611.00
7320	1539961746	3600		273.10		 251275571		1582.00
7320	1539965346	3600		272.32		 230843430		1571.00
7320	1539968946	3600		271.71		 213053316		1557.00
7320	1539972546	3600		271.05		 194743002		1527.00
7320	1539976146	3600		270.50		 178314219		1517.00
7320	1539979746	3600		270.00		 163901364		1501.00
7320	1539983346	3600		269.54		 152364165		1487.00
7320	1539986946	3600		269.35		 145933190		1488.00
7320	1539990546	3600		268.96		 134850298		1478.00
7320	1539994146	3600		268.60		 126988360		1455.00
7320	1539997746	3600		268.12		 113026920		1444.00
7320	1540001346	3600		267.76		 103221210		1434.00
7320	1540004946	3600		267.42		  93825484		1424.00
7320	1540007845	2899		266.99		  83010886		1408.00
-999	1540009045	1200		263.81		         0		-999.00
-999	1540012645	3600		260.82		         0		-999.00
-999	1540016118	3473		260.73		         0		-999.00
7321	1540017318	1200		273.40		 252293564		1661.00
7321	1540020918	3600		273.92		 276026192		1625.00
7321	1540024518	3600		272.97		 250203100		1602.00
7321	1540028118	3600		272.30		 228832064		1584.00
7321	1540031718	3600		271.58		 210689374		1560.00
7321	1540035318	3600		270.95		 191379360		1535.00
7321	1540038918	3600		270.43		 176473400		1531.00
7321	1540042518	3600		269.93		 161570758		1516.00
7321	1540046118	3600		269.69		 153827508		1511.00
7321	1540049718	3600		269.21		 143376340		1491.00
7321	1540053318	3600		268.75		 129957311		1476.00
7321	1540056918	3600		268.41		 121014348		1477.00
7321	1540060518	3600		268.12		 113511792		1454.00
7321	1540064118	3600		267.79		 104082468		1444.00
7321	1540067718	3600		267.40		  95092887		1430.00
7321	1540069996	2278		266.94		  83112311		1417.00
-999	1540071196	1200		260.49		         0		-999.00
-999	1540074796	3600		259.35		         0		-999.00
-999	1540078396	3600		260.81		         0		-999.00
-999	1540081996	3600		260.76		         0		-999.00
-999	1540085596	3600		260.76		         0		-999.00
-999	1540089035	3439		260.61		         0		-999.00
7324	1540090235	1200		273.02		 242871852		1650.00
7324	1540093835	3600		273.52		 262469056		1630.00
7324	1540097435	3600		272.81		 239813063		1606.00
7324	1540101035	3600		271.85		 221391618		1554.00
7324	1540104635	3600		271.38		 203145482		1545.00
7324	1540108235	3600		270.69		 184222565		1543.00
7324	1540111835	3600		270.20		 169974410		1532.00
7324	1540115435	3600		269.67		 155603973		1513.00
7324	1540119035	3600		269.47		 150898727		1499.00
7324	1540122635	3600		269.14		 141621666		1494.00
7324	1540124572	1937		268.22		 120380464		1458.00
-999	1540125772	1200		264.05		         0		-999.00
-999	1540129372	3600		263.93		         0		-999.00
-999	1540132972	3600		260.39		         0		-999.00
-999	1540136572	3600		260.58		         0		-999.00
-999	1540140172	3600		260.53		         0		-999.00
-999	1540143772	3600		260.76		         0		-999.00
-999	1540147372	3600		260.65		         0		-999.00
-999	1540148981	1609		260.72		         0		-999.00
7328	1540150181	1200		273.73		 263275305		1685.00
7328	1540153781	3600		274.08		 279402651		1653.00
7328	1540157381	3600		273.37		 257822207		1642.00
7328	1540160981	3600		272.62		 238107790		1623.00
7328	1540164581	3600		271.97		 218425695		1605.00
7328	1540168181	3600		271.36		 201745492		1581.00
7328	1540171781	3600		270.75		 184954218		1564.00
7328	1540175381	3600		270.28		 170894292		1551.00
7328	1540178981	3600		269.72		 156456515		1536.00
7328	1540182581	3600		269.55		 150558863		1535.00
7328	1540185337	2756		268.79		 134093457		1500.00
-999	1540186537	1200		260.90		         0		-999.00
-999	1540190137	3600		263.61		         0		-999.00
-999	1540193737	3600		263.83		         0		-999.00
-999	1540197337	3600		260.50		         0		-999.00
-999	1540200937	3600		260.59		         0		-999.00
-999	1540204537	3600		260.61		         0		-999.00
-999	1540208137	3600		260.70		         0		-999.00
-999	1540209983	1846		260.49		         0		-999.00
7331	1540211183	1200		273.29		 253355650		1668.00
7331	1540214783	3600		273.57		 270604656		1614.00
7331	1540218033	3250		273.04		 252531798		1621.00
-999	1540219233	1200		263.78		         0		-999.00
-999	1540222833	3600		263.65		         0		-999.00
-999	1540226433	3600		263.90		         0		-999.00
-999	1540230033	3600		260.58		         0		-999.00
-999	1540233633	3600		260.69		         0		-999.00
-999	1540235879	2246		260.69		         0		-999.00
7333	1540237079	1200		273.63		 266950218		1661.00
7333	1540240679	3600		274.11		 286382921		1649.00
7333	1540244279	3600		273.28		 261457924		1643.00
7333	1540247879	3600		272.49		 241286281		1608.00
7333	1540251479	3600		271.82		 220813826		1599.00
7333	1540255079	3600		271.18		 200427059		1586.00
7333	1540258679	3600		270.64		 188177318		1565.00
7333	1540262279	3600		270.11		 172455967		1543.00
7333	1540265879	3600		269.58		 159444410		1494.00
7333	1540269479	3600		269.37		 156359902		1508.00
7333	1540273079	3600		268.67		 145139938		1435.00
7333	1540276679	3600		268.69		 133399857		1497.00
7333	1540280279	3600		268.28		 119687239		1484.00
7333	1540283879	3600		267.81		 109636599		1464.00
7333	1540286140	2261		260.23		  93873095		 10.50
-999	1540287340	1200		264.01		         0		-999.00
-999	1540290940	3600		259.23		         0		-999.00
-999	1540294540	3600		260.70		         0		-999.00
-999	1540298140	3600		260.65		         0		-999.00
-999	1540298215	75		260.65		         0		-999.00
7334	1540299415	1200		271.50		 204620356		1613.00
7334	1540303015	3600		272.03		 226632117		1610.00
7334	1540306615	3600		271.54		 212532773		1584.00
7334	1540310215	3600		271.03		 196106913		1571.00
7334	1540313815	3600		270.38		 180120218		1547.00
7334	1540317415	3600		269.94		 167377400		1532.00
7334	1540321015	3600		269.47		 153423694		1523.00
7334	1540324615	3600		269.22		 145155018		1526.00
7334	1540328215	3600		268.91		 138717476		1507.00
7334	1540331815	3600		268.61		 128683450		1497.00
7334	1540335415	3600		268.26		 120729036		1488.00
7334	1540339015	3600		267.81		 107613969		1471.00
7334	1540342615	3600		267.52		  99836067		1457.00
7334	1540346215	3600		266.45		  88270941		355.00
7334	1540346492	277		266.20		  91580071		 10.50
-999	1540347692	1200		263.83		         0		-999.00
-999	1540351292	3600		255.95		         0		-999.00
-999	1540354892	3600		255.83		         0		-999.00
-999	1540358492	3600		255.70		         0		-999.00
-999	1540362092	3600		255.57		         0		-999.00
-999	1540365692	3600		255.70		         0		-999.00
-999	1540369292	3600		255.82		         0		-999.00
-999	1540372892	3600		255.55		         0		-999.00
-999	1540376492	3600		255.53		         0		-999.00
-999	1540380092	3600		255.69		         0		-999.00
-999	1540383692	3600		255.77		         0		-999.00
-999	1540387292	3600		255.90		         0		-999.00
-999	1540390892	3600		255.81		         0		-999.00
-999	1540394492	3600		255.76		         0		-999.00
-999	1540398092	3600		255.62		         0		-999.00
-999	1540401692	3600		256.10		         0		-999.00
-999	1540405292	3600		255.77		         0		-999.00
-999	1540408892	3600		255.59		         0		-999.00
-999	1540412492	3600		255.43		         0		-999.00
-999	1540416092	3600		255.59		         0		-999.00
-999	1540419692	3600		255.59		         0		-999.00
-999	1540423292	3600		255.70		         0		-999.00
-999	1540426892	3600		255.83		         0		-999.00
-999	1540430492	3600		255.66		         0		-999.00
-999	1540434092	3600		255.98		         0		-999.00
-999	1540437692	3600		255.99		         0		-999.00
-999	1540441292	3600		255.98		         0		-999.00
-999	1540444892	3600		255.66		         0		-999.00
-999	1540448492	3600		255.78		         0		-999.00
-999	1540452092	3600		255.46		         0		-999.00
-999	1540455692	3600		255.68		         0		-999.00
-999	1540459292	3600		255.95		         0		-999.00
-999	1540462892	3600		255.65		         0		-999.00
-999	1540466492	3600		255.68		         0		-999.00
-999	1540470092	3600		255.94		         0		-999.00
-999	1540473692	3600		255.83		         0		-999.00
-999	1540477292	3600		255.46		         0		-999.00
-999	1540480892	3600		255.74		         0		-999.00
-999	1540484492	3600		255.53		         0		-999.00
-999	1540488092	3600		255.84		         0		-999.00
-999	1540491692	3600		255.99		         0		-999.00
-999	1540495292	3600		255.53		         0		-999.00
-999	1540498892	3600		255.56		         0		-999.00
-999	1540502492	3600		255.84		         0		-999.00
-999	1540506092	3600		255.61		         0		-999.00
-999	1540509692	3600		255.87		         0		-999.00
-999	1540513292	3600		255.63		         0		-999.00
-999	1540516892	3600		255.76		         0		-999.00
-999	1540520492	3600		260.44		         0		-999.00
-999	1540524092	3600		260.61		         0		-999.00
-999	1540527084	2992		260.67		         0		-999.00
7358	1540528284	1200		264.08		   6188900		1298.00
7358	1540531884	3600		264.18		   9417078		1303.00
7358	1540534973	3089		264.06		   5516889		1306.00
-999	1540536173	1200		255.76		         0		-999.00
-999	1540539773	3600		255.83		         0		-999.00
-999	1540543373	3600		255.75		         0		-999.00
-999	1540546973	3600		255.84		         0		-999.00
-999	1540550573	3600		255.84		         0		-999.00
-999	1540554173	3600		255.92		         0		-999.00
-999	1540557773	3600		255.82		         0		-999.00
-999	1540561373	3600		255.84		         0		-999.00
-999	1540564973	3600		255.89		         0		-999.00
-999	1540568573	3600		255.95		         0		-999.00
-999	1540572173	3600		255.58		         0		-999.00
-999	1540575773	3600		255.68		         0		-999.00
-999	1540579373	3600		255.98		         0		-999.00
-999	1540582973	3600		255.86		         0		-999.00
-999	1540586573	3600		255.81		         0		-999.00
-999	1540590173	3600		255.77		         0		-999.00
-999	1540593773	3600		255.90		         0		-999.00
-999	1540597373	3600		256.12		         0		-999.00
-999	1540600973	3600		256.05		         0		-999.00
-999	1540604573	3600		255.79		         0		-999.00
-999	1540608173	3600		255.95		         0		-999.00
-999	1540611773	3600		255.91		         0		-999.00
-999	1540615373	3600		255.78		         0		-999.00
-999	1540618973	3600		255.81		         0		-999.00
-999	1540622573	3600		255.67		         0		-999.00
-999	1540626173	3600		255.98		         0		-999.00
-999	1540629773	3600		255.91		         0		-999.00
-999	1540633373	3600		255.89		         0		-999.00
-999	1540636973	3600		255.77		         0		-999.00
-999	1540640573	3600		255.78		         0		-999.00
-999	1540644173	3600		255.88		         0		-999.00
-999	1540647773	3600		255.96		         0		-999.00
-999	1540651373	3600		255.68		         0		-999.00
-999	1540654973	3600		256.06		         0		-999.00
-999	1540658573	3600		255.75		         0		-999.00
-999	1540662173	3600		255.99		         0		-999.00
-999	1540665773	3600		256.07		         0		-999.00
-999	1540669373	3600		255.99		         0		-999.00
-999	1540672973	3600		255.90		         0		-999.00
-999	1540676573	3600		255.51		         0		-999.00
-999	1540680173	3600		255.66		         0		-999.00
-999	1540683773	3600		255.93		         0		-999.00
-999	1540687373	3600		255.72		         0		-999.00
-999	1540694573	3600		255.74		         0		-999.00
-999	1540698173	3600		256.13		         0		-999.00
-999	1540701773	3600		255.89		         0		-999.00
-999	1540705373	3600		255.78		         0		-999.00
-999	1540708973	3600		255.81		         0		-999.00
-999	1540712573	3600		255.79		         0		-999.00
-999	1540716173	3600		255.99		         0		-999.00
-999	1540719773	3600		255.57		         0		-999.00
-999	1540723373	3600		255.66		         0		-999.00
-999	1540726973	3600		256.04		         0		-999.00
-999	1540730573	3600		255.53		         0		-999.00
-999	1540734173	3600		256.01		         0		-999.00
-999	1540737773	3600		255.98		         0		-999.00
-999	1540741373	3600		256.00		         0		-999.00
-999	1540744973	3600		255.70		         0		-999.00
-999	1540748573	3600		255.87		         0		-999.00
-999	1540752173	3600		255.71		         0		-999.00
-999	1540755773	3600		255.98		         0		-999.00
-999	1540759373	3600		255.76		         0		-999.00
-999	1540762973	3600		255.71		         0		-999.00
-999	1540766573	3600		255.70		         0		-999.00
-999	1540770173	3600		255.68		         0		-999.00
-999	1540773773	3600		255.62		         0		-999.00
-999	1540777373	3600		255.83		         0		-999.00
-999	1540780973	3600		255.86		         0		-999.00
-999	1540784573	3600		256.04		         0		-999.00
-999	1540788173	3600		255.89		         0		-999.00
-999	1540791773	3600		255.95		         0		-999.00
-999	1540795373	3600		255.61		         0		-999.00
-999	1540798973	3600		255.66		         0		-999.00
-999	1540802573	3600		255.97		         0		-999.00
-999	1540806173	3600		255.95		         0		-999.00
-999	1540809773	3600		256.00		         0		-999.00
-999	1540813373	3600		255.73		         0		-999.00
-999	1540816973	3600		255.82		         0		-999.00
-999	1540820573	3600		255.67		         0		-999.00
-999	1540824173	3600		256.01		         0		-999.00
-999	1540827773	3600		255.60		         0		-999.00
-999	1540831373	3600		255.69		         0		-999.00
-999	1540834973	3600		255.84		         0		-999.00
-999	1540838573	3600		255.66		         0		-999.00
-999	1540842173	3600		256.04		         0		-999.00
-999	1540845773	3600		255.78		         0		-999.00
-999	1540849373	3600		255.73		         0		-999.00
-999	1540852973	3600		255.72		         0		-999.00
-999	1540856573	3600		255.71		         0		-999.00
-999	1540860173	3600		255.89		         0		-999.00
-999	1540863773	3600		255.68		         0		-999.00
-999	1540867373	3600		255.98		         0		-999.00
-999	1540870973	3600		255.84		         0		-999.00
-999	1540874573	3600		255.71		         0		-999.00
-999	1540878173	3600		255.92		         0		-999.00
-999	1540881773	3600		255.82		         0		-999.00
-999	1540885373	3600		256.00		         0		-999.00
-999	1540888973	3600		255.88		         0		-999.00
-999	1540892573	3600		255.89		         0		-999.00
-999	1540896173	3600		255.81		         0		-999.00
-999	1540899773	3600		255.75		         0		-999.00
-999	1540903373	3600		255.71		         0		-999.00
-999	1540906973	3600		255.73		         0		-999.00
-999	1540910573	3600		255.89		         0		-999.00
-999	1540914173	3600		255.65		         0		-999.00
-999	1540917773	3600		255.82		         0		-999.00
-999	1540921373	3600		255.83		         0		-999.00
-999	1540924973	3600		256.08		         0		-999.00
-999	1540928573	3600		256.02		         0		-999.00
-999	1540932173	3600		255.95		         0		-999.00
-999	1540935773	3600		255.83		         0		-999.00
-999	1540939373	3600		255.80		         0		-999.00
-999	1540942973	3600		255.68		         0		-999.00
-999	1540946573	3600		255.99		         0		-999.00
-999	1540950173	3600		255.90		         0		-999.00
-999	1540953773	3600		256.01		         0		-999.00
-999	1540957373	3600		256.07		         0		-999.00
-999	1540960973	3600		255.61		         0		-999.00
-999	1540964573	3600		255.92		         0		-999.00
-999	1540968173	3600		255.87		         0		-999.00
-999	1540971773	3600		256.01		         0		-999.00
-999	1540975373	3600		255.67		         0		-999.00
-999	1540978973	3600		256.14		         0		-999.00
-999	1540982573	3600		263.76		         0		-999.00
-999	1540986173	3600		263.83		         0		-999.00
-999	1540989773	3600		263.71		         0		-999.00
-999	1540993373	3600		263.75		         0		-999.00
-999	1540996973	3600		263.75		         0		-999.00
-999	1541000573	3600		263.79		         0		-999.00
-999	1541004173	3600		263.59		         0		-999.00
-999	1541007773	3600		263.82		         0		-999.00
-999	1541011373	3600		263.82		         0		-999.00
-999	1541014973	3600		263.82		         0		-999.00
-999	1541018573	3600		263.82		         0		-999.00
-999	1541022173	3600		263.71		         0		-999.00
-999	1541025773	3600		263.53		         0		-999.00
-999	1541029373	3600		263.88		         0		-999.00
-999	1541032973	3600		263.88		         0		-999.00
-999	1541036573	3600		263.59		         0		-999.00
-999	1541040173	3600		263.88		         0		-999.00
-999	1541043773	3600		263.93		         0		-999.00
-999	1541047373	3600		263.88		         0		-999.00
-999	1541050973	3600		263.88		         0		-999.00
-999	1541054573	3600		263.48		         0		-999.00
-999	1541058173	3600		263.93		         0		-999.00
-999	1541061773	3600		263.48		         0		-999.00
-999	1541065373	3600		263.75		         0		-999.00
-999	1541068973	3600		263.80		         0		-999.00
-999	1541072573	3600		263.80		         0		-999.00
-999	1541076173	3600		263.80		         0		-999.00
-999	1541079773	3600		263.80		         0		-999.00
-999	1541083373	3600		263.82		         0		-999.00
-999	1541086973	3600		263.82		         0		-999.00
-999	1541090573	3600		263.77		         0		-999.00
-999	1541094173	3600		263.77		         0		-999.00
-999	1541097773	3600		263.95		         0		-999.00
-999	1541101373	3600		263.90		         0		-999.00
-999	1541104973	3600		263.90		         0		-999.00
-999	1541108573	3600		263.85		         0		-999.00
-999	1541112173	3600		263.85		         0		-999.00
-999	1541115773	3600		263.85		         0		-999.00
-999	1541119373	3600		263.85		         0		-999.00
-999	1541122973	3600		263.85		         0		-999.00
-999	1541126573	3600		263.85		         0		-999.00
-999	1541130173	3600		263.85		         0		-999.00
-999	1541133773	3600		263.90		         0		-999.00
-999	1541137373	3600		263.85		         0		-999.00
-999	1541140973	3600		263.73		         0		-999.00
-999	1541144573	3600		263.85		         0		-999.00
-999	1541148173	3600		260.27		         0		-999.00
-999	1541151773	3600		260.38		         0		-999.00
-999	1541155373	3600		260.50		         0		-999.00
-999	1541158973	3600		260.50		         0		-999.00
-999	1541162573	3600		260.48		         0		-999.00
-999	1541166173	3600		260.47		         0		-999.00
-999	1541169773	3600		260.47		         0		-999.00
-999	1541173373	3600		260.47		         0		-999.00
-999	1541176973	3600		260.44		         0		-999.00
-999	1541180573	3600		263.88		         0		-999.00
-999	1541184173	3600		263.69		         0		-999.00
-999	1541187773	3600		263.70		         0		-999.00
-999	1541191373	3600		260.33		         0		-999.00
-999	1541194973	3600		260.71		         0		-999.00
-999	1541198573	3600		260.61		         0		-999.00
-999	1541202173	3600		260.61		         0		-999.00
-999	1541205773	3600		260.59		         0		-999.00
-999	1541209373	3600		260.59		         0		-999.00
-999	1541212973	3600		260.59		         0		-999.00
-999	1541216573	3600		260.59		         0		-999.00
-999	1541220173	3600		260.59		         0		-999.00
-999	1541223773	3600		260.59		         0		-999.00
-999	1541227373	3600		260.59		         0		-999.00
-999	1541230973	3600		260.59		         0		-999.00
-999	1541234573	3600		263.78		         0		-999.00
-999	1541238173	3600		263.88		         0		-999.00
-999	1541241773	3600		263.88		         0		-999.00
-999	1541245373	3600		263.76		         0		-999.00
-999	1541248973	3600		263.88		         0		-999.00
-999	1541252573	3600		263.88		         0		-999.00
-999	1541256173	3600		263.88		         0		-999.00
-999	1541259773	3600		260.27		         0		-999.00
-999	1541263373	3600		260.60		         0		-999.00
-999	1541266973	3600		260.49		         0		-999.00
-999	1541270573	3600		260.60		         0		-999.00
-999	1541274173	3600		260.60		         0		-999.00
-999	1541277773	3600		260.60		         0		-999.00
-999	1541281373	3600		260.60		         0		-999.00
-999	1541284973	3600		260.60		         0		-999.00
-999	1541288573	3600		260.60		         0		-999.00
-999	1541292173	3600		260.60		         0		-999.00
-999	1541295773	3600		260.43		         0		-999.00
-999	1541299373	3600		260.61		         0		-999.00
-999	1541302973	3600		263.93		         0		-999.00
-999	1541306573	3600		260.54		         0		-999.00
-999	1541310173	3600		260.53		         0		-999.00
-999	1541313773	3600		260.61		         0		-999.00
-999	1541317373	3600		260.55		         0		-999.00
-999	1541320973	3600		260.33		         0		-999.00
-999	1541324573	3600		260.67		         0		-999.00
-999	1541328173	3600		260.55		         0		-999.00
-999	1541331773	3600		260.33		         0		-999.00
-999	1541335373	3600		260.55		         0		-999.00
-999	1541338973	3600		260.55		         0		-999.00
-999	1541342573	3600		260.55		         0		-999.00
-999	1541346173	3600		260.55		         0		-999.00
-999	1541349773	3600		260.55		         0		-999.00
-999	1541353373	3600		260.66		         0		-999.00
-999	1541356973	3600		260.54		         0		-999.00
-999	1541360573	3600		260.65		         0		-999.00
-999	1541364173	3600		260.59		         0		-999.00
-999	1541367773	3600		260.66		         0		-999.00
-999	1541371373	3600		260.70		         0		-999.00
-999	1541374973	3600		260.58		         0		-999.00
-999	1541378573	3600		260.58		         0		-999.00
-999	1541379670	1097		260.42		         0		-999.00
7406	1541380870	1200		263.76		     13142		1272.00
7406	1541384470	3600		263.88		     11798		1278.00
7406	1541385214	744		263.88		     10861		1287.00
-999	1541386414	1200		260.61		         0		-999.00
-999	1541388838	2424		260.51		         0		-999.00
7407	1541390038	1200		263.88		     13400		1278.00
7407	1541393638	3600		263.88		     12001		1275.00
7407	1541395651	2013		263.88		     10889		1282.00
-999	1541396851	1200		260.20		         0		-999.00
-999	1541400451	3600		263.90		         0		-999.00
-999	1541404051	3600		263.90		         0		-999.00
-999	1541407651	3600		263.54		         0		-999.00
-999	1541411251	3600		263.56		         0		-999.00
-999	1541414851	3600		263.79		         0		-999.00
-999	1541418451	3600		260.21		         0		-999.00
-999	1541422051	3600		260.32		         0		-999.00
-999	1541425651	3600		260.36		         0		-999.00
-999	1541429251	3600		260.34		         0		-999.00
-999	1541432851	3600		260.30		         0		-999.00
-999	1541436451	3600		260.50		         0		-999.00
-999	1541440051	3600		260.48		         0		-999.00
-999	1541443651	3600		260.59		         0		-999.00
-999	1541447251	3600		260.59		         0		-999.00
-999	1541450851	3600		260.33		         0		-999.00
-999	1541454451	3600		260.30		         0		-999.00
-999	1541458051	3600		260.64		         0		-999.00
-999	1541461651	3600		260.21		         0		-999.00
-999	1541465251	3600		260.48		         0		-999.00
-999	1541468851	3600		260.24		         0		-999.00
-999	1541472451	3600		260.56		         0		-999.00
-999	1541476051	3600		260.48		         0		-999.00
-999	1541479651	3600		260.55		         0		-999.00
-999	1541483251	3600		260.49		         0		-999.00
-999	1541486851	3600		260.49		         0		-999.00
-999	1541490451	3600		260.56		         0		-999.00
-999	1541494051	3600		260.29		         0		-999.00
-999	1541497651	3600		260.47		         0		-999.00
-999	1541501251	3600		260.47		         0		-999.00
-999	1541504851	3600		260.47		         0		-999.00
-999	1541508451	3600		260.42		         0		-999.00
-999	1541512051	3600		260.25		         0		-999.00
-999	1541515651	3600		260.55		         0		-999.00
-999	1541519251	3600		260.37		         0		-999.00
-999	1541522851	3600		260.19		         0		-999.00
-999	1541526451	3600		260.53		         0		-999.00
-999	1541530051	3600		260.33		         0		-999.00
-999	1541533651	3600		260.53		         0		-999.00
-999	1541537251	3600		260.53		         0		-999.00
-999	1541540851	3600		260.53		         0		-999.00
-999	1541544451	3600		260.53		         0		-999.00
-999	1541548051	3600		260.53		         0		-999.00
-999	1541551651	3600		260.53		         0		-999.00
-999	1541555251	3600		260.59		         0		-999.00
-999	1541558851	3600		260.59		         0		-999.00
-999	1541562451	3600		260.16		         0		-999.00
-999	1541566051	3600		260.46		         0		-999.00
-999	1541569651	3600		260.61		         0		-999.00
-999	1541573251	3600		260.51		         0		-999.00
-999	1541576851	3600		260.30		         0		-999.00
-999	1541580451	3600		260.49		         0		-999.00
-999	1541584051	3600		260.57		         0		-999.00
-999	1541587651	3600		260.55		         0		-999.00
-999	1541591251	3600		260.58		         0		-999.00
-999	1541594851	3600		260.19		         0		-999.00
-999	1541598451	3600		260.61		         0		-999.00
-999	1541602051	3600		260.38		         0		-999.00
-999	1541605651	3600		260.45		         0		-999.00
-999	1541609251	3600		260.64		         0		-999.00
-999	1541612851	3600		260.58		         0		-999.00
-999	1541616451	3600		260.59		         0		-999.00
-999	1541620051	3600		260.54		         0		-999.00
-999	1541623651	3600		260.54		         0		-999.00
-999	1541627251	3600		260.54		         0		-999.00
-999	1541630851	3600		260.47		         0		-999.00
-999	1541634451	3600		260.50		         0		-999.00
-999	1541638051	3600		260.55		         0		-999.00
-999	1541641651	3600		260.55		         0		-999.00
-999	1541645251	3600		260.55		         0		-999.00
-999	1541648851	3600		260.53		         0		-999.00
-999	1541652451	3600		260.53		         0		-999.00
-999	1541656051	3600		260.53		         0		-999.00
-999	1541659651	3600		263.99		         0		-999.00
-999	1541663251	3600		263.70		         0		-999.00
-999	1541666851	3600		263.44		         0		-999.00
-999	1541670451	3600		263.82		         0		-999.00
-999	1541674051	3600		260.50		         0		-999.00
-999	1541677651	3600		260.55		         0		-999.00
-999	1541681251	3600		260.44		         0		-999.00
-999	1541684851	3600		260.34		         0		-999.00
-999	1541688451	3600		260.40		         0		-999.00
-999	1541692051	3600		260.33		         0		-999.00
-999	1541695651	3600		260.24		         0		-999.00
-999	1541699251	3600		260.52		         0		-999.00
-999	1541702851	3600		260.48		         0		-999.00
-999	1541704762	1911		260.61		         0		-999.00
7427	1541705962	1200		263.77		         0		1271.00
7427	1541709562	3600		263.77		         0		1273.00
7427	1541713162	3600		263.45		         0		1225.00
7427	1541716762	3600		263.85		         0		1272.00
7427	1541720362	3600		263.79		         0		1273.00
7427	1541723962	3600		260.21		         0		 11.50
7427	1541727562	3600		260.55		         0		 11.50
7427	1541730071	2509		260.55		         0		 11.50
-999	1541731271	1200		263.79		         0		-999.00
-999	1541734871	3600		260.54		         0		-999.00
-999	1541737501	2630		260.65		         0		-999.00
7428	1541738701	1200		263.82		         0		1277.00
7428	1541742301	3600		263.82		         0		1281.00
7428	1541745901	3600		263.82		         0		1278.00
7428	1541748853	2952		260.25		         0		 11.50
-999	1541750053	1200		263.99		         0		-999.00
-999	1541753653	3600		260.54		         0		-999.00
-999	1541757253	3600		260.25		         0		-999.00
-999	1541760853	3600		260.45		         0		-999.00
-999	1541764453	3600		260.55		         0		-999.00
-999	1541768053	3600		260.30		         0		-999.00
-999	1541771653	3600		260.64		         0		-999.00
-999	1541775253	3600		263.89		         0		-999.00
-999	1541778853	3600		260.50		         0		-999.00
-999	1541782453	3600		260.55		         0		-999.00
-999	1541786053	3600		260.50		         0		-999.00
-999	1541789653	3600		260.59		         0		-999.00
-999	1541793253	3600		260.30		         0		-999.00
-999	1541796853	3600		260.53		         0		-999.00
-999	1541800453	3600		259.98		         0		-999.00
-999	1541801729	1276		260.64		         0		-999.00
7433	1541802929	1200		263.56		         0		1239.00
7433	1541806529	3600		263.63		         9		1247.00
7433	1541810129	3600		263.91		         9		1282.00
7433	1541813729	3600		263.90		         9		1280.00
7433	1541816982	3253		263.90		         5		1277.00
-999	1541818182	1200		263.84		         0		-999.00
-999	1541821782	3600		260.53		         0		-999.00
-999	1541825382	3600		260.59		         0		-999.00
-999	1541828982	3600		260.59		         0		-999.00
-999	1541832582	3600		263.78		         0		-999.00
-999	1541836182	3600		263.90		         0		-999.00
-999	1541839782	3600		263.90		         0		-999.00
-999	1541843382	3600		263.90		         0		-999.00
-999	1541846982	3600		263.90		         0		-999.00
-999	1541850582	3600		263.90		         0		-999.00
-999	1541854182	3600		260.55		         0		-999.00
-999	1541857782	3600		260.52		         0		-999.00
-999	1541861176	3394		260.37		         0		-999.00
7435	1541862376	1200		263.44		        13		1222.00
7435	1541865976	3600		263.79		        13		1269.00
7435	1541869576	3600		263.79		         9		1265.00
7435	1541873176	3600		263.79		         9		1273.00
7435	1541876776	3600		263.79		         4		1271.00
7435	1541880376	3600		260.53		         4		 12.00
7435	1541881359	983		260.53		         0		 12.00
-999	1541882559	1200		263.93		         0		-999.00
-999	1541886159	3600		260.30		         0		-999.00
-999	1541889759	3600		260.53		         0		-999.00
-999	1541893359	3600		260.61		         0		-999.00
-999	1541893540	181		260.61		         0		-999.00
7436	1541894740	1200		263.59		        40		1248.00
7436	1541898340	3600		263.76		        31		1271.00
7436	1541901940	3600		263.64		        22		1245.00
7436	1541905540	3600		263.81		        18		1269.00
7436	1541909140	3600		263.79		        13		1270.00
7436	1541912740	3600		263.79		        13		1272.00
7436	1541913797	1057		260.54		         0		 12.00
-999	1541914997	1200		263.93		         0		-999.00
-999	1541918597	3600		260.55		         0		-999.00
-999	1541922197	3600		260.55		         0		-999.00
-999	1541925797	3600		260.55		         0		-999.00
-999	1541929397	3600		260.38		         0		-999.00
-999	1541930043	646		260.50		         0		-999.00
7437	1541931243	1200		263.88		        40		1273.00
7437	1541934843	3600		263.82		        31		1265.00
7437	1541938443	3600		263.76		        22		1271.00
7437	1541942043	3600		260.39		        18		 12.50
7437	1541944030	1987		260.44		         9		 12.50
-999	1541945230	1200		263.82		         0		-999.00
-999	1541948830	3600		260.19		         0		-999.00
-999	1541952430	3600		260.55		         0		-999.00
-999	1541956030	3600		260.55		         0		-999.00
-999	1541959110	3080		260.53		         0		-999.00
7438	1541960310	1200		263.73		        27		1263.00
7438	1541963910	3600		263.85		        27		1271.00
7438	1541967510	3600		263.82		        22		1266.00
7438	1541971110	3600		263.76		        18		1260.00
7438	1541974710	3600		263.65		        13		1250.00
7438	1541978310	3600		263.76		        13		1266.00
7438	1541981910	3600		263.76		         9		1268.00
7438	1541983104	1194		263.82		         0		1269.00
-999	1541984304	1200		263.85		         0		-999.00
-999	1541987904	3600		263.48		         0		-999.00
-999	1541991504	3600		263.54		         0		-999.00
-999	1541995104	3600		263.54		         0		-999.00
-999	1541998704	3600		263.54		         0		-999.00
-999	1542001295	2591		263.61		         0		-999.00
7439	1542002495	1200		263.71		        27		1245.00
7439	1542006095	3600		263.82		        40		1270.00
7439	1542009695	3600		263.82		        31		1270.00
7439	1542013295	3600		263.82		        22		1268.00
7439	1542016895	3600		263.65		        18		1234.00
7439	1542020495	3600		263.82		        18		1268.00
7439	1542024095	3600		263.82		        13		1270.00
7439	1542026471	2376		263.76		         7		1257.00
-999	1542027671	1200		260.61		         0		-999.00
-999	1542031271	3600		260.61		         0		-999.00
-999	1542034871	3600		260.64		         0		-999.00
-999	1542038471	3600		260.48		         0		-999.00
-999	1542042071	3600		260.64		         0		-999.00
-999	1542045671	3600		260.61		         0		-999.00
-999	1542045735	64		260.61		         0		-999.00
7440	1542046935	1200		263.54		        40		1231.00
7440	1542050535	3600		263.82		        45		1267.00
7440	1542054135	3600		263.76		        36		1266.00
7440	1542057735	3600		263.70		        27		1248.00
7440	1542061335	3600		263.76		        22		1273.00
7440	1542064935	3600		263.82		         9		1266.00
7440	1542068535	3600		263.76		         0		1263.00
7440	1542072135	3600		263.76		         0		1267.00
7440	1542073432	1297		263.76		         0		1267.00
-999	1542074632	1200		260.61		         0		-999.00
-999	1542078232	3600		260.55		         0		-999.00
-999	1542081832	3600		260.55		         0		-999.00
-999	1542085432	3600		260.16		         0		-999.00
-999	1542086935	1503		260.55		         0		-999.00
7441	1542088135	1200		263.52		        27		1229.00
7441	1542091735	3600		263.85		         0		1266.00
7441	1542095335	3600		263.79		         0		1264.00
7441	1542098935	3600		263.79		         0		1267.00
7441	1542102535	3600		263.85		         0		1276.00
7441	1542106135	3600		263.85		         0		1271.00
7441	1542109735	3600		263.67		         0		1253.00
7441	1542113335	3600		263.62		         4		1236.00
7441	1542113689	354		263.61		         0		1237.00
-999	1542114889	1200		263.82		         0		-999.00
-999	1542118489	3600		263.88		         0		-999.00
-999	1542122089	3600		263.49		         0		-999.00
-999	1542125689	3600		260.37		         0		-999.00
-999	1542129289	3600		260.55		         0		-999.00
-999	1542131775	2486		260.47		         0		-999.00
7442	1542132975	1200		263.54		        27		1236.00
7442	1542136575	3600		263.88		        22		1281.00
7442	1542140175	3600		263.54		         9		1229.00
7442	1542143775	3600		263.76		         4		1257.00
7442	1542145549	1774		263.71		        11		1254.00
-999	1542146749	1200		263.90		         0		-999.00
-999	1542150349	3600		260.60		         0		-999.00
-999	1542153949	3600		260.32		         0		-999.00
-999	1542157549	3600		260.58		         0		-999.00
-999	1542161149	3600		260.53		         0		-999.00
-999	1542164749	3600		260.53		         0		-999.00
-999	1542168349	3600		260.56		         0		-999.00
-999	1542171949	3600		260.51		         0		-999.00
-999	1542175549	3600		263.82		         0		-999.00
-999	1542179149	3600		260.53		         0		-999.00
-999	1542182749	3600		263.88		         0		-999.00
-999	1542186349	3600		263.82		         0		-999.00
-999	1542189949	3600		263.76		         0		-999.00
-999	1542193549	3600		263.90		         0		-999.00
-999	1542197149	3600		263.84		         0		-999.00
-999	1542200749	3600		260.44		         0		-999.00
-999	1542204349	3600		260.55		         0		-999.00
-999	1542207949	3600		260.59		         0		-999.00
-999	1542208537	588		260.59		         0		-999.00
7443	1542209737	1200		263.88		        27		1282.00
7443	1542213337	3600		263.76		        18		1256.00
7443	1542216937	3600		263.71		         9		1255.00
7443	1542220537	3600		263.48		         9		1221.00
7443	1542224137	3600		263.82		         4		1271.00
7443	1542227737	3600		263.93		         9		1283.00
7443	1542230151	2414		263.65		        15		1244.00
-999	1542231351	1200		260.42		         0		-999.00
-999	1542234951	3600		260.53		         0		-999.00
-999	1542238551	3600		260.53		         0		-999.00
-999	1542242151	3600		260.14		         0		-999.00
-999	1542243419	1268		260.64		         0		-999.00
7444	1542244619	1200		263.54		        40		1232.00
7444	1542248219	3600		263.76		        36		1266.00
7444	1542251819	3600		263.76		        36		1261.00
7444	1542255419	3600		263.76		        31		1266.00
7444	1542259019	3600		263.76		        27		1261.00
7444	1542262619	3600		263.76		        22		1266.00
7444	1542266219	3600		263.76		        18		1270.00
7444	1542269819	3600		263.59		        13		508.00
7444	1542269906	87		260.53		         0		 12.00
-999	1542271106	1200		263.45		         0		-999.00
-999	1542274706	3600		263.69		         0		-999.00
-999	1542278306	3600		263.78		         0		-999.00
-999	1542281906	3600		263.89		         0		-999.00
-999	1542285506	3600		263.88		         0		-999.00
-999	1542289106	3600		263.82		         0		-999.00
-999	1542292706	3600		260.48		         0		-999.00
-999	1542296306	3600		260.61		         0		-999.00
-999	1542299906	3600		260.04		         0		-999.00
-999	1542303506	3600		260.36		         0		-999.00
-999	1542305639	2133		260.64		         0		-999.00
7446	1542306839	1200		263.54		        40		1227.00
7446	1542310439	3600		263.82		        36		1265.00
7446	1542314039	3600		263.76		        36		1266.00
7446	1542317639	3600		263.76		        36		1263.00
7446	1542321239	3600		263.76		        27		1261.00
7446	1542324839	3600		263.76		        22		1269.00
7446	1542328439	3600		263.76		        18		1265.00
7446	1542332039	3600		260.51		        13		 12.00
7446	1542332137	98		260.61		         0		 12.00
-999	1542333337	1200		260.27		         0		-999.00
-999	1542336937	3600		260.58		         0		-999.00
-999	1542340537	3600		260.61		         0		-999.00
-999	1542344137	3600		260.53		         0		-999.00
-999	1542347737	3600		260.48		         0		-999.00
-999	1542349926	2189		260.50		         0		-999.00
7448	1542351126	1200		263.57		        27		1227.00
7448	1542354726	3600		263.85		        36		1270.00
7448	1542358326	3600		263.85		        36		1270.00
7448	1542361926	3600		263.91		        36		1275.00
7448	1542365526	3600		263.85		        31		1268.00
7448	1542369126	3600		263.79		        22		1271.00
7448	1542372726	3600		263.85		        18		1269.00
7448	1542376326	3600		260.43		        18		 12.00
7448	1542376477	151		260.43		         0		 12.00
-999	1542377677	1200		263.95		         0		-999.00
-999	1542381277	3600		260.42		         0		-999.00
-999	1542384877	3600		260.16		         0		-999.00
-999	1542385871	994		260.38		         0		-999.00
7449	1542387071	1200		263.76		        27		1259.00
7449	1542390671	3600		263.88		        36		1275.00
7449	1542394271	3600		263.88		        36		1272.00
7449	1542397871	3600		263.88		        36		1271.00
7449	1542401471	3600		263.88		        31		1277.00
7449	1542405071	3600		263.88		        22		1274.00
7449	1542408671	3600		263.88		        18		1272.00
7449	1542412271	3600		263.82		        13		949.50
7449	1542412457	186		260.59		         0		 12.00
-999	1542413657	1200		263.90		         0		-999.00
-999	1542417257	3600		260.53		         0		-999.00
-999	1542420857	3600		260.30		         0		-999.00
-999	1542421820	963		260.64		         0		-999.00
7450	1542423020	1200		263.59		        40		1241.00
7450	1542426620	3600		263.88		        36		1272.00
7450	1542430220	3600		263.88		        36		1272.00
7450	1542433820	3600		263.82		        31		1269.00
7450	1542437420	3600		263.82		        27		1271.00
7450	1542441020	3600		263.88		        22		1270.00
7450	1542444620	3600		263.88		        18		1268.00
7450	1542448220	3600		260.51		        13		 12.00
7450	1542448221	1		260.51		         0		 12.00
-999	1542449421	1200		263.88		         0		-999.00
-999	1542453021	3600		260.42		         0		-999.00
-999	1542456621	3600		260.51		         0		-999.00
-999	1542460221	3600		263.88		         0		-999.00
-999	1542463821	3600		260.25		         0		-999.00
-999	1542467421	3600		260.16		         0		-999.00
-999	1542471021	3600		263.78		         0		-999.00
-999	1542474621	3600		263.73		         0		-999.00
-999	1542478221	3600		263.85		         0		-999.00
-999	1542481821	3600		263.85		         0		-999.00
-999	1542485421	3600		263.85		         0		-999.00
-999	1542489021	3600		263.85		         0		-999.00
-999	1542492621	3600		263.85		         0		-999.00
-999	1542496221	3600		263.85		         0		-999.00
-999	1542499821	3600		263.85		         0		-999.00
-999	1542503421	3600		263.85		         0		-999.00
-999	1542507021	3600		263.85		         0		-999.00
-999	1542510621	3600		263.85		         0		-999.00
-999	1542514221	3600		260.63		         0		-999.00
-999	1542517821	3600		260.21		         0		-999.00
-999	1542519376	1555		260.67		         0		-999.00
7453	1542520576	1200		263.52		        40		1227.00
7453	1542524176	3600		263.57		        36		1229.00
7453	1542527776	3600		263.86		        36		1267.00
7453	1542531376	3600		263.80		        36		1271.00
7453	1542534976	3600		263.86		        31		1268.00
7453	1542538576	3600		263.86		        22		1276.00
7453	1542542176	3600		263.80		        18		1273.00
7453	1542545776	3600		263.86		        18		1268.00
7453	1542549376	3600		263.86		        13		1270.00
7453	1542552976	3600		263.86		        13		1270.00
7453	1542556576	3600		260.56		         9		 12.00
7453	1542560176	3600		263.59		         9		1238.00
7453	1542563776	3600		263.82		         9		1268.00
7453	1542564598	822		263.82		         0		1268.00
-999	1542565798	1200		263.93		         0		-999.00
-999	1542569398	3600		263.82		         0		-999.00
-999	1542572998	3600		263.54		         0		-999.00
-999	1542576598	3600		263.61		         0		-999.00
-999	1542580198	3600		263.61		         0		-999.00
-999	1542580523	325		263.61		         0		-999.00
7454	1542581723	1200		263.54		        40		1236.00
7454	1542585323	3600		263.82		        36		1268.00
7454	1542588923	3600		263.65		        36		1246.00
7454	1542592523	3600		263.82		        31		1272.00
7454	1542596123	3600		263.82		        27		1274.00
7454	1542599723	3600		263.82		        18		1266.00
7454	1542603323	3600		263.82		        18		1269.00
7454	1542606923	3600		263.82		        13		1266.00
7454	1542610523	3600		263.88		         9		1274.00
7454	1542614123	3600		263.88		         0		1269.00
7454	1542617723	3600		263.88		         0		1270.00
7454	1542621323	3600		260.58		         0		 11.50
7454	1542624923	3600		260.53		         0		 11.50
7454	1542628523	3600		260.58		         0		 11.50
7454	1542632123	3600		260.58		         0		 11.50
7454	1542635723	3600		260.58		         9		 11.50
7454	1542638917	3194		263.65		         0		1246.00
-999	1542640117	1200		263.88		         0		-999.00
-999	1542643717	3600		260.45		         0		-999.00
-999	1542647317	3600		260.55		         0		-999.00
-999	1542650917	3600		260.16		         0		-999.00
-999	1542654517	3600		260.36		         0		-999.00
-999	1542658117	3600		260.53		         0		-999.00
-999	1542658869	752		260.53		         0		-999.00
7456	1542660069	1200		263.64		        40		1239.00
7456	1542663669	3600		263.76		        36		1266.00
7456	1542667269	3600		263.76		        36		1265.00
7456	1542670869	3600		263.76		        31		1265.00
7456	1542674469	3600		263.76		        27		1263.00
7456	1542678069	3600		263.76		        22		1263.00
7456	1542681669	3600		263.76		        18		1256.00
7456	1542683471	1802		263.76		        10		1266.00
-999	1542684671	1200		263.88		         0		-999.00
-999	1542688271	3600		260.38		         0		-999.00
-999	1542691871	3600		260.50		         0		-999.00
-999	1542695471	3600		260.15		         0		-999.00
-999	1542699071	3600		260.15		         0		-999.00
-999	1542702671	3600		260.12		         0		-999.00
-999	1542704636	1965		260.47		         0		-999.00
7457	1542705836	1200		263.73		        40		1253.00
7457	1542709436	3600		263.79		        36		1262.00
7457	1542713036	3600		263.79		        36		1262.00
7457	1542716636	3600		263.79		        36		1266.00
7457	1542720236	3600		263.79		        27		1263.00
7457	1542723836	3600		263.79		        22		1262.00
7457	1542727436	3600		263.79		        18		1265.00
7457	1542730798	3362		263.71		        15		1251.00
-999	1542731998	1200		260.17		         0		-999.00
-999	1542735598	3600		260.65		         0		-999.00
-999	1542739198	3600		260.34		         0		-999.00
-999	1542742798	3600		260.50		         0		-999.00
-999	1542746398	3600		263.15		         0		-999.00
-999	1542749998	3600		263.41		         0		-999.00
-999	1542751786	1788		263.61		         0		-999.00
-999	1542753479	1200		263.94		         0		-999.00
-999	1542757079	3600		260.53		         0		-999.00
-999	1542760679	3600		260.50		         0		-999.00
-999	1542760888	209		260.61		         0		-999.00
7460	1542762088	1200		263.51		        40		1226.00
7460	1542765688	3600		263.79		        45		1262.00
7460	1542769288	3600		263.79		        36		1264.00
7460	1542772888	3600		263.85		        27		1260.00
7460	1542776488	3600		263.85		        22		1265.00
7460	1542778386	1898		263.57		        20		 12.00
-999	1542779586	1200		263.78		         0		-999.00
-999	1542783186	3600		263.89		         0		-999.00
-999	1542786786	3600		260.55		         0		-999.00
-999	1542790386	3600		260.32		         0		-999.00
-999	1542793986	3600		260.55		         0		-999.00
-999	1542797586	3600		260.55		         0		-999.00
-999	1542801186	3600		260.31		         0		-999.00
-999	1542804786	3600		263.12		         0		-999.00
-999	1542808386	3600		260.19		         0		-999.00
-999	1542811986	3600		260.45		         0		-999.00
-999	1542815586	3600		260.37		         0		-999.00
-999	1542819186	3600		260.55		         0		-999.00
-999	1542822786	3600		260.55		         0		-999.00
-999	1542826386	3600		260.55		         0		-999.00
-999	1542829986	3600		260.55		         0		-999.00
-999	1542833586	3600		260.25		         0		-999.00
-999	1542837186	3600		260.52		         0		-999.00
-999	1542840786	3600		260.51		         0		-999.00
-999	1542844386	3600		260.49		         0		-999.00
-999	1542847986	3600		260.53		         0		-999.00
-999	1542851586	3600		260.58		         0		-999.00
-999	1542851892	306		260.58		         0		-999.00
7464	1542853092	1200		263.54		        40		1228.00
7464	1542856692	3600		263.82		        45		1263.00
7464	1542860292	3600		263.82		        36		1264.00
7464	1542863892	3600		263.76		        27		1259.00
7464	1542867492	3600		263.76		        22		1261.00
7464	1542871092	3600		263.82		        18		1262.00
7464	1542874692	3600		263.76		        13		1261.00
7464	1542875361	669		263.82		         0		1262.00
-999	1542876561	1200		260.27		         0		-999.00
-999	1542880161	3600		260.38		         0		-999.00
-999	1542883761	3600		260.48		         0		-999.00
-999	1542887361	3600		260.52		         0		-999.00
-999	1542890961	3600		263.82		         0		-999.00
-999	1542894561	3600		259.84		         0		-999.00
-999	1542898161	3600		260.54		         0		-999.00
-999	1542901761	3600		260.45		         0		-999.00
-999	1542905361	3600		260.22		         0		-999.00
-999	1542906538	1177		260.28		         0		-999.00
7466	1542907738	1200		263.71		        54		1252.00
7466	1542911338	3600		263.82		        54		1263.00
7466	1542914938	3600		263.82		        49		1265.00
7466	1542918538	3600		263.82		        36		1269.00
7466	1542922138	3600		263.82		        27		1265.00
7466	1542925738	3600		263.82		        22		1263.00
7466	1542929338	3600		263.82		        18		1265.00
7466	1542932938	3600		263.82		        13		1270.00
7466	1542936538	3600		263.82		        13		1264.00
7466	1542937594	1056		263.82		         0		1263.00
-999	1542938794	1200		260.58		         0		-999.00
-999	1542942394	3600		263.79		         0		-999.00
-999	1542945994	3600		263.79		         0		-999.00
-999	1542949594	3600		260.55		         0		-999.00
-999	1542953194	3600		260.55		         0		-999.00
-999	1542956794	3600		260.14		         0		-999.00
-999	1542959938	3144		260.55		         0		-999.00
7467	1542961138	1200		263.82		        67		1262.00
7467	1542964738	3600		263.82		        63		1272.00
7467	1542968338	3600		263.82		        58		1268.00
7467	1542971938	3600		263.82		        45		1267.00
7467	1542975538	3600		263.82		        31		1262.00
7467	1542979138	3600		263.82		        27		1264.00
7467	1542982738	3600		263.82		        22		1266.00
7467	1542986338	3600		263.82		        18		1265.00
7467	1542988659	2321		263.82		        16		1264.00
-999	1542989859	1200		263.79		         0		-999.00
-999	1542993459	3600		260.20		         0		-999.00
-999	1542997059	3600		260.39		         0		-999.00
-999	1542998590	1531		260.59		         0		-999.00
7468	1542999790	1200		263.71		        81		1238.00
7468	1543003390	3600		263.82		        76		1266.00
7468	1543006990	3600		263.82		        58		1265.00
7468	1543010590	3600		263.82		        45		1264.00
7468	1543014190	3600		263.82		        36		1265.00
7468	1543017790	3600		263.82		        27		1267.00
7468	1543021390	3600		263.82		        22		1265.00
7468	1543024990	3600		263.82		        18		1264.00
7468	1543028590	3600		263.82		        13		1270.00
7468	1543032190	3600		263.82		        13		1270.00
7468	1543033992	1802		263.82		        10		1272.00
-999	1543035192	1200		260.29		         0		-999.00
-999	1543038792	3600		260.41		         0		-999.00
-999	1543042392	3600		260.27		         0		-999.00
-999	1543045992	3600		260.42		         0		-999.00
-999	1543049592	3600		260.37		         0		-999.00
-999	1543053192	3600		260.42		         0		-999.00
-999	1543056792	3600		260.19		         0		-999.00
-999	1543060392	3600		260.42		         0		-999.00
-999	1543062922	2530		260.39		         0		-999.00
7471	1543064122	1200		263.83		        67		1258.00
7471	1543067722	3600		263.83		        72		1268.00
7471	1543071322	3600		263.83		        54		1270.00
7471	1543074922	3600		263.83		        40		1265.00
7471	1543078522	3600		263.83		        31		1268.00
7471	1543082122	3600		263.83		        27		1266.00
7471	1543085722	3600		263.83		        22		1268.00
7471	1543089322	3600		263.83		        18		1263.00
7471	1543092184	2862		263.83		        12		1261.00
-999	1543093384	1200		263.85		         0		-999.00
-999	1543096984	3600		260.38		         0		-999.00
-999	1543100584	3600		260.38		         0		-999.00
-999	1543101900	1316		260.61		         0		-999.00
7472	1543103100	1200		263.71		        81		1243.00
7472	1543106700	3600		263.82		        72		1268.00
7472	1543110300	3600		263.82		        54		1267.00
7472	1543113900	3600		263.82		        40		1263.00
7472	1543117500	3600		263.82		        31		1268.00
7472	1543121100	3600		263.82		        27		1265.00
7472	1543124700	3600		263.82		        22		1266.00
7472	1543128300	3600		263.82		        18		1270.00
7472	1543130105	1805		263.71		        10		1256.00
-999	1543131305	1200		260.67		         0		-999.00
-999	1543134905	3600		260.41		         0		-999.00
-999	1543138505	3600		260.41		         0		-999.00
-999	1543139344	839		260.41		         0		-999.00
7473	1543140544	1200		263.79		        95		1258.00
7473	1543144144	3600		263.85		        81		1267.00
7473	1543147744	3600		263.85		        58		1267.00
7473	1543151344	3600		263.85		        45		1268.00
7473	1543154944	3600		263.85		        31		1266.00
7473	1543158544	3600		263.85		        27		1268.00
7473	1543162144	3600		263.85		        22		1268.00
7473	1543165744	3600		263.85		        18		1265.00
7473	1543169344	3600		263.85		        13		1268.00
7473	1543172944	3600		263.85		        13		1265.00
7473	1543174617	1673		263.84		         0		1267.00
-999	1543175817	1200		263.83		         0		-999.00
-999	1543179417	3600		263.90		         0		-999.00
-999	1543183017	3600		263.62		         0		-999.00
-999	1543186617	3600		260.41		         0		-999.00
-999	1543190217	3600		260.46		         0		-999.00
-999	1543191204	987		260.46		         0		-999.00
7474	1543192404	1200		263.86		        81		1265.00
7474	1543196004	3600		263.86		        72		1271.00
7474	1543199604	3600		263.86		        54		1266.00
7474	1543203204	3600		263.86		        40		1266.00
7474	1543206804	3600		263.86		        31		1269.00
7474	1543210404	3600		263.86		        27		1262.00
7474	1543212421	2017		263.86		        18		1266.00
-999	1543213621	1200		263.88		         0		-999.00
-999	1543217221	3600		263.88		         0		-999.00
-999	1543220821	3600		263.90		         0		-999.00
-999	1543224421	3600		263.66		         0		-999.00
-999	1543228021	3600		263.95		         0		-999.00
-999	1543231621	3600		263.89		         0		-999.00
-999	1543235221	3600		263.43		         0		-999.00
-999	1543238821	3600		260.16		         0		-999.00
-999	1543242421	3600		260.50		         0		-999.00
-999	1543246021	3600		260.50		         0		-999.00
-999	1543248391	2370		260.50		         0		-999.00
7475	1543249591	1200		260.46		         0		 11.00
7475	1543250194	603		260.64		        53		 11.00
-999	1543251394	1200		263.67		         0		-999.00
-999	1543254994	3600		263.88		         0		-999.00
-999	1543258594	3600		263.88		         0		-999.00
-999	1543262194	3600		260.32		         0		-999.00
-999	1543265794	3600		260.44		         0		-999.00
-999	1543267648	1854		260.41		         0		-999.00
7477	1543268848	1200		263.77		        81		1249.00
7477	1543272448	3600		263.83		        72		1268.00
7477	1543276048	3600		263.83		        54		1266.00
7477	1543279648	3600		263.83		        40		1260.00
7477	1543283248	3600		263.83		        31		1268.00
7477	1543286848	3600		263.83		        27		1262.00
7477	1543290448	3600		263.83		        22		1270.00
7477	1543294048	3600		263.83		        18		1267.00
7477	1543297648	3600		263.90		        13		1267.00
7477	1543299439	1791		263.89		         0		1276.00
-999	1543300639	1200		263.84		         0		-999.00
-999	1543304239	3600		255.56		         0		-999.00
-999	1543307839	3600		255.65		         0		-999.00
-999	1543311439	3600		255.70		         0		-999.00
-999	1543315039	3600		255.96		         0		-999.00
-999	1543318639	3600		255.71		         0		-999.00
-999	1543322239	3600		255.98		         0		-999.00
-999	1543325839	3600		255.98		         0		-999.00
-999	1543329439	3600		255.95		         0		-999.00
-999	1543333039	3600		256.06		         0		-999.00
-999	1543336639	3600		255.67		         0		-999.00
-999	1543340239	3600		255.89		         0		-999.00
-999	1543343839	3600		256.02		         0		-999.00
-999	1543347439	3600		260.48		         0		-999.00
-999	1543351039	3600		260.58		         0		-999.00
-999	1543354639	3600		260.53		         0		-999.00
-999	1543356617	1978		260.50		         0		-999.00
7480	1543357817	1200		263.88		        95		1270.00
7480	1543361417	3600		263.88		        81		1266.00
7480	1543365017	3600		263.88		        58		1263.00
7480	1543368617	3600		263.88		        45		1262.00
7480	1543372217	3600		263.88		        36		1266.00
7480	1543375817	3600		263.88		        27		1266.00
7480	1543379417	3600		263.88		        22		1261.00
7480	1543383017	3600		263.88		        18		1261.00
7480	1543385005	1988		263.88		        19		1265.00
-999	1543386205	1200		260.30		         0		-999.00
-999	1543389805	3600		260.25		         0		-999.00
-999	1543393405	3600		260.51		         0		-999.00
-999	1543395641	2236		260.53		         0		-999.00
7481	1543396841	1200		263.87		        95		1266.00
7481	1543400441	3600		263.87		        81		1263.00
7481	1543404041	3600		263.87		        58		1264.00
7481	1543407641	3600		263.87		        45		1273.00
7481	1543411241	3600		263.87		        36		1272.00
7481	1543414841	3600		263.87		        27		1270.00
7481	1543418441	3600		263.87		        22		1265.00
7481	1543422041	3600		263.87		        18		1268.00
7481	1543425641	3600		260.62		        18		 12.00
7481	1543425864	223		260.69		         0		 12.00
-999	1543427064	1200		260.21		         0		-999.00
-999	1543430664	3600		260.64		         0		-999.00
-999	1543434264	3600		260.40		         0		-999.00
-999	1543437864	3600		260.51		         0		-999.00
-999	1543439404	1540		260.53		         0		-999.00
7482	1543440604	1200		263.85		        81		1265.00
7482	1543441115	511		263.85		        77		1271.00
-999	1543442315	1200		263.89		         0		-999.00
-999	1543445915	3600		260.53		         0		-999.00
-999	1543449515	3600		260.53		         0		-999.00
-999	1543451591	2076		260.53		         0		-999.00
7483	1543452791	1200		263.85		        54		1270.00
7483	1543456391	3600		263.85		        49		1263.00
7483	1543459991	3600		263.85		        36		1262.00
7483	1543463591	3600		263.91		        22		1260.00
7483	1543467191	3600		263.86		        22		1266.00
7483	1543470791	3600		263.86		        18		1271.00
7483	1543474391	3600		263.86		        13		1264.00
7483	1543477991	3600		263.86		         9		1266.00
7483	1543481591	3600		263.85		         0		1269.00
7483	1543485191	3600		263.85		         0		1265.00
7483	1543488791	3600		263.73		         0		1085.00
7483	1543492391	3600		263.92		         0		1276.00
7483	1543495991	3600		263.87		         0		1266.00
7483	1543498469	2478		263.87		         0		1262.00
-999	1543499669	1200		260.25		         0		-999.00
-999	1543503269	3600		263.79		         0		-999.00
-999	1543506869	3600		263.82		         0		-999.00
-999	1543510469	3600		260.41		         0		-999.00
-999	1543514069	3600		260.53		         0		-999.00
-999	1543517669	3600		260.53		         0		-999.00
-999	1543519747	2078		260.38		         0		-999.00
7485	1543520947	1200		263.86		        67		1258.00
7485	1543524547	3600		263.87		        58		1265.00
7485	1543528147	3600		263.81		        45		1262.00
7485	1543531747	3600		263.87		        36		1261.00
7485	1543535347	3600		263.87		        27		1265.00
7485	1543538947	3600		263.87		        22		1271.00
7485	1543542547	3600		263.87		        18		1265.00
7485	1543546147	3600		263.87		        18		1267.00
7485	1543548014	1867		263.87		        10		1267.00
-999	1543549214	1200		260.22		         0		-999.00
-999	1543552814	3600		260.50		         0		-999.00
-999	1543556414	3600		260.50		         0		-999.00
-999	1543560014	3600		260.50		         0		-999.00
-999	1543563533	3519		260.34		         0		-999.00
7486	1543564733	1200		263.87		        67		1254.00
7486	1543568333	3600		263.87		        58		1263.00
7486	1543571933	3600		263.87		        45		1263.00
7486	1543575533	3600		263.87		        36		1266.00
7486	1543579133	3600		263.87		        27		1269.00
7486	1543582733	3600		263.87		        22		1264.00
7486	1543586333	3600		263.87		        18		1264.00
7486	1543589933	3600		263.87		        13		1267.00
7486	1543590875	942		263.87		         0		1262.00
-999	1543592075	1200		263.53		         0		-999.00
-999	1543595675	3600		260.47		         0		-999.00
-999	1543599275	3600		260.42		         0		-999.00
-999	1543601096	1821		260.44		         0		-999.00
7487	1543602296	1200		263.77		        81		1246.00
7487	1543605896	3600		263.90		        67		1260.00
7487	1543609496	3600		263.90		        49		1271.00
7487	1543613096	3600		263.90		        40		1267.00
7487	1543616696	3600		263.90		        31		1263.00
7487	1543620296	3600		263.90		        27		1268.00
7487	1543623896	3600		263.90		        22		1263.00
7487	1543627496	3600		263.90		        18		1267.00
7487	1543631096	3600		263.90		        13		1273.00
7487	1543631664	568		263.89		         0		1276.00
-999	1543632864	1200		260.28		         0		-999.00
-999	1543636464	3600		260.52		         0		-999.00
-999	1543640064	3600		260.52		         0		-999.00
-999	1543642841	2777		260.44		         0		-999.00
7488	1543644041	1200		263.78		        81		1254.00
7488	1543647641	3600		263.90		        72		1265.00
7488	1543651241	3600		263.90		        54		1265.00
7488	1543654841	3600		263.90		        40		1269.00
7488	1543658441	3600		263.90		        31		1264.00
7488	1543662041	3600		263.82		        27		1264.00
7488	1543665641	3600		263.82		        22		1257.00
7488	1543669241	3600		263.89		        18		1268.00
7488	1543671975	2734		263.87		        13		1266.00
-999	1543673175	1200		263.11		         0		-999.00
-999	1543676775	3600		263.25		         0		-999.00
-999	1543680375	3600		263.50		         0		-999.00
-999	1543681637	1262		263.48		         0		-999.00
7489	1543682837	1200		263.86		        81		1265.00
7489	1543684236	1399		263.86		        74		1266.00
-999	1543685436	1200		263.64		         0		-999.00
-999	1543689036	3600		260.37		         0		-999.00
-999	1543692636	3600		260.44		         0		-999.00
-999	1543693067	431		260.44		         0		-999.00
7490	1543694267	1200		263.88		        81		1260.00
7490	1543697867	3600		263.88		        72		1264.00
7490	1543701467	3600		263.88		        54		1263.00
7490	1543705067	3600		263.88		        40		1263.00
7490	1543708667	3600		263.88		        31		1264.00
7490	1543712267	3600		263.88		        27		1263.00
7490	1543715867	3600		263.88		        22		1261.00
7490	1543719467	3600		263.88		        18		1263.00
7490	1543723067	3600		263.88		        13		1270.00
7490	1543723749	682		263.88		         0		1268.00
-999	1543724949	1200		260.29		         0		-999.00
-999	1543728549	3600		260.48		         0		-999.00
-999	1543732149	3600		260.42		         0		-999.00
-999	1543733320	1171		260.44		         0		-999.00
7491	1543734520	1200		263.80		        81		1257.00
7491	1543738120	3600		263.86		        72		1263.00
7491	1543741720	3600		263.86		        49		1262.00
7491	1543745320	3600		263.80		        40		1266.00
7491	1543748920	3600		263.86		        31		1266.00
7491	1543750678	1758		263.86		        22		1261.00
-999	1543751878	1200		293.15		         0		-999.00
-999	1543755478	3600		293.15		         0		-999.00
-999	1543758768	3290		293.15		         0		-999.00
7492	1543759968	1200		293.15		        27		1257.00
7492	1543763407	3439		293.15		        25		1268.00
7477	1543268848	1200		293.15		        81		1249.00
7477	1543272448	3600		293.15		        72		1268.00
7477	1543276048	3600		293.15		        54		1266.00
7477	1543279648	3600		293.15		        40		1260.00
7477	1543283248	3600		293.15		        31		1268.00
7477	1543286848	3600		293.15		        27		1262.00
7477	1543290448	3600		293.15		        22		1270.00
7477	1543294048	3600		293.15		        18		1267.00
7477	1543297648	3600		293.15		        13		1267.00
7477	1543299439	1791		293.15		         0		1276.00
-999	1543300639	1200		293.15		         0		-999.00
-999	1543309279	8640		293.15		         0		-999.00
-999	1543317919	8640		293.15		         0		-999.00
-999	1543326559	8640		293.15		         0		-999.00
-999	1543335199	8640		293.15		         0		-999.00
-999	1543343839	8640		293.15		         0		-999.00
-999	1543352479	8640		293.15		         0		-999.00
-999	1543299439	-53040		293.15		         0		-999.00
7480	1543357817	1200		293.15		        95		1270.00
7480	1543361417	3600		293.15		        81		1266.00
7480	1543365017	3600		293.15		        58		1263.00
7480	1543368617	3600		293.15		        45		1262.00
7480	1543372217	3600		293.15		        36		1266.00
7480	1543375817	3600		293.15		        27		1266.00
7480	1543379417	3600		293.15		        22		1261.00
7480	1543383017	3600		293.15		        18		1261.00
7480	1543385005	1988		293.15		        19		1265.00
-999	1543386205	1200		293.15		         0		-999.00
-999	1543394845	8640		293.15		         0		-999.00
-999	1543385005	-9840		293.15		         0		-999.00
7481	1543396841	1200		293.15		        95		1266.00
7481	1543400441	3600	        293.15		        81		1263.00
7481	1543404041	3600		293.15		        58		1264.00
7481	1543407641	3600		293.15		        45		1273.00
7481	1543411241	3600	        293.15		        36		1272.00
7481	1543414841	3600		293.15		        27		1270.00
7481	1543418441	3600		293.15		        22		1265.00
7481	1543422041	3600		293.15		        18		1268.00
7481	1543425641	3600		293.15		        18		 12.00
7481	1543425864	223		293.15		         0		 12.00
-999	1543427064	1200		293.15		         0		-999.00
-999	1543435704	8640		293.15		         0		-999.00
-999	1543425864	-9840		293.15		         0		-999.00
7482	1543440604	1200		293.15		        81		1265.00
7482	1543441115	511		293.15		        77		1271.00
-999	1543442315	1200		293.15		         0		-999.00
-999	1543450955	8640		293.15		         0		-999.00
-999	1543441115	-9840		293.15		         0		-999.00
7483	1543452791	1200		293.15		        54		1270.00
7483	1543456391	3600		293.15		        49		1263.00
7483	1543459991	3600		293.15		        36		1262.00
7483	1543463591	3600		293.15		        22		1260.00
7483	1543467191	3600		293.15		        22		1266.00
7483	1543470791	3600		293.15		        18		1271.00
7483	1543474391	3600		293.15		        13		1264.00
7483	1543477991	3600            293.15		         9		1266.00
7483	1543481591	3600		293.15		         0		1269.00
7483	1543485191	3600		293.15		         0		1265.00
7483	1543488791	3600		293.15		         0		1085.00
7483	1543492391	3600		293.15		         0		1276.00
7483	1543495991	3600		293.15		         0		1266.00
7483	1543498469	2478		293.15		         0		1262.00
-999	1543499669	1200		293.15		         0		-999.00
-999	1543508309	8640		293.15		         0		-999.00
-999	1543516949	8640		293.15		         0		-999.00
-999	1543498469	-18480		293.15		         0		-999.00
7485	1543520947	1200		293.15		        67		1258.00
7485	1543524547	3600		293.15		        58		1265.00
7485	1543528147	3600		293.15		        45		1262.00
7485	1543531747	3600		293.15		        36		1261.00
7485	1543535347	3600		293.15		        27		1265.00
7485	1543538947	3600		293.15		        22		1271.00
7485	1543542547	3600		293.15		        18		1265.00
7485	1543546147	3600		293.15		        18		1267.00
7485	1543548014	1867		293.15		        10		1267.00
-999	1543549214	1200		293.15		         0		-999.00
-999	1543557854	8640		293.15		         0		-999.00
-999	1543548014	-9840		293.15		         0		-999.00
7486	1543564733	1200		293.15		        67		1254.00
7486	1543568333	3600		293.15		        58		1263.00
7486	1543571933	3600		293.15		        45		1263.00
7486	1543575533	3600		293.15		        36		1266.00
7486	1543579133	3600		293.15		        27		1269.00
7486	1543582733	3600		293.15		        22		1264.00
7486	1543586333	3600		293.15		        18		1264.00
7486	1543589933	3600		293.15		        13		1267.00
7486	1543590875	942		293.15		         0		1262.00
-999	1543592075	1200		293.15		         0		-999.00
-999	1543600715	8640		293.15		         0		-999.00
-999	1543590875	-9840		293.15		         0		-999.00
7487	1543602296	1200		293.15		        81		1246.00
7487	1543605896	3600		293.15		        67		1260.00
7487	1543609496	3600		293.15		        49		1271.00
7487	1543613096	3600		293.15		        40		1267.00
7487	1543616696	3600		293.15		        31		1263.00
7487	1543620296	3600		293.15		        27		1268.00
7487	1543623896	3600		293.15		        22		1263.00
7487	1543627496	3600		293.15		        18		1267.00
7487	1543631096	3600		293.15		        13		1273.00
7487	1543631664	568		293.15		         0		1276.00
-999	1543632864	1200		293.15		         0		-999.00
-999	1543641504	8640		293.15		         0		-999.00
-999	1543631664	-9840		293.15		         0		-999.00
7488	1543644041	1200		293.15		        81		1254.00
7488	1543647641	3600		293.15		        72		1265.00
7488	1543651241	3600		293.15		        54		1265.00
7488	1543654841	3600		293.15		        40		1269.00
7488	1543658441	3600		293.15		        31		1264.00
7488	1543662041	3600		293.15		        27		1264.00
7488	1543665641	3600		293.15		        22		1257.00
7488	1543669241	3600		293.15		        18		1268.00
7488	1543671975	2734		293.15		        13		1266.00
-999	1543673175	1200		293.15		         0		-999.00
-999	1543671975	-1200		293.15		         0		-999.00
7489	1543682837	1200		293.15		        81		1265.00
7489	1543684236	1399		293.15		        74		1266.00
-999	1543685436	1200		293.15		         0		-999.00
-999	1543684236	-1200		293.15		         0		-999.00
7490	1543694267	1200		293.15		        81		1260.00
7490	1543697867	3600		293.15		        72		1264.00
7490	1543701467	3600		293.15		        54		1263.00
7490	1543705067	3600		293.15		        40		1263.00
7490	1543708667	3600		293.15		        31		1264.00
7490	1543712267	3600		293.15		        27		1263.00
7490	1543715867	3600		293.15		        22		1261.00
7490	1543719467	3600		293.15		        18		1263.00
7490	1543723067	3600		293.15		        13		1270.00
7490	1543723749	682		293.15		         0		1268.00
-999	1543724949	1200		293.15		         0		-999.00
-999	1543723749	-1200		293.15		         0		-999.00
7491	1543734520	1200		293.15		        81		1257.00
7491	1543738120	3600		293.15		        72		1263.00
7491	1543741720	3600		293.15		        49		1262.00
7491	1543745320	3600		293.15		        40		1266.00
7491	1543748920	3600		293.15		        31		1266.00
7491	1543750678	1758		293.15		        22		1261.00
-999	1543751878	1200		293.15		         0		-999.00
-999	1543750678	-1200		293.15		         0		-999.00
7492	1543759968	1200		293.15		        27		1257.00
7492	1543763407	3439		293.15		        25		1268.00
-999	1543764607	1200		293.15		         0		-999.00
-999	1543773247	8640		293.15		         0		-999.00
-999	1543781887	8640	        293.15		         0		-999.00
-999	1543790527	8640		293.15		         0		-999.00
-999	1543799167	8640		293.15		         0		-999.00
-999	1543807807	8640		293.15		         0		-999.00
-999	1543816447	8640		293.15		         0		-999.00
-999	1543825087	8640	        293.15		         0		-999.00
-999	1543833727	8640		293.15		         0		-999.00
-999	1543842367	8640		293.15		         0		-999.00
-999	1543851007	8640		293.15		         0		-999.00
-999	1543859647	8640		293.15		         0		-999.00
-999	1543868287	8640            293.15		         0		-999.00
-999	1543876927	8640		293.15		         0		-999.00
-999	1543885567	8640		293.15		         0		-999.00
-999	1543894207	8640		293.15		         0		-999.00
-999	1543902847	8640		293.15		         0		-999.00
-999	1543911487	8640		293.15		         0		-999.00
-999	1543920127	8640		293.15		         0		-999.00
-999	1543928767	8640		293.15		         0		-999.00
-999	1543937407	8640		293.15		         0		-999.00
-999	1543946047	8640		293.15		         0		-999.00
-999	1543954687	8640		293.15		         0		-999.00
-999	1543963327	8640		293.15		         0		-999.00
-999	1543971967	8640		293.15		         0		-999.00
-999	1543980607	8640		293.15		         0		-999.00
-999	1543989247	8640		293.15		         0		-999.00
-999	1543997887	8640		293.15    	         0		-999.00
-999	1544006527	8640		293.15		         0		-999.00
-999	1544015167	8640		293.15		         0		-999.00
-999	1544023807	8640		293.15		         0		-999.00
-999	1544032447	8640		293.15		         0		-999.00
-999	1544041087	8640		293.15		         0		-999.00
-999	1544049727	8640		293.15		         0		-999.00
-999	1544058367	8640		293.15		         0		-999.00
-999	1544067007	8640		293.15		         0		-999.00
-999	1544075647	8640		293.15		         0		-999.00
-999	1544084287	8640		293.15		         0		-999.00
-999	1544092927	8640	        293.15		         0		-999.00
-999	1544101567	8640		293.15		         0		-999.00
-999	1544110207	8640		293.15		         0		-999.00
-999	1544118847	8640		293.15		         0		-999.00
-999	1544127487	8640		293.15		         0		-999.00
-999	1544136127	8640		293.15		         0		-999.00
-999	1544144767	8640		293.15		         0		-999.00
-999	1544153407	8640		293.15		         0		-999.00
-999	1544162047	8640		293.15		         0		-999.00
-999	1544170687	8640		293.15		         0		-999.00
-999	1544179327	8640		293.15		         0		-999.00
-999	1544187967	8640		293.15		         0		-999.00
-999	1544196607	8640		293.15		         0		-999.00
-999	1544205247	8640		293.15		         0		-999.00
-999	1544213887	8640	        293.15		         0		-999.00
-999	1544222527	8640		293.15		         0		-999.00
-999	1544231167	8640		293.15		         0		-999.00
-999	1544239807	8640		293.15		         0		-999.00
-999	1544248447	8640		293.15		         0		-999.00
-999	1544257087	8640		293.15		         0		-999.00
-999	1544265727	8640		293.15		         0		-999.00
-999	1544274367	8640	        293.15		         0		-999.00
-999	1544283007	8640		293.15		         0		-999.00
-999	1544291647	8640		293.15		         0		-999.00
-999	1544300287	8640		293.15		         0		-999.00
-999	1544308927	8640		293.15		         0		-999.00
-999	1544317567	8640		293.15		         0		-999.00
-999	1544326207	8640	        293.15		         0		-999.00
-999	1544334847	8640		293.15		         0		-999.00
-999	1544343487	8640		293.15		         0		-999.00
-999	1544352127	8640		293.15		         0		-999.00
-999	1544360767	8640		293.15 		         0		-999.00
-999	1544369407	8640		293.15 		         0		-999.00
-999	1544378047	8640		293.15 		         0		-999.00
-999	1544386687	8640		293.15 		         0		-999.00
-999	1544395327	8640		293.15 		         0		-999.00
-999	1544403967	8640		293.15 		         0		-999.00
-999	1544412607	8640		293.15 		         0		-999.00
-999	1544421247	8640		293.15 		         0		-999.00
-999	1544429887	8640		293.15 		         0		-999.00
-999	1544438527	8640		293.15 		         0		-999.00
-999	1544447167	8640		293.15 		         0		-999.00
-999	1544455807	8640		293.15 		         0		-999.00
-999	1544464447	8640		293.15 		         0		-999.00
-999	1544473087	8640		293.15 		         0		-999.00
-999	1544481727	8640		293.15 		         0		-999.00
-999	1544490367	8640		293.15 		         0		-999.00
-999	1544499007	8640		293.15 		         0		-999.00
-999	1544507647	8640		293.15 		         0		-999.00
-999	1544516287	8640		293.15 		         0		-999.00
-999	1544524927	8640		293.15 		         0		-999.00
-999	1544533567	8640		293.15 		         0		-999.00
-999	1544542207	8640		293.15  	         0		-999.00
-999	1544550847	8640		293.15 	                 0		-999.00
-999	1544559487	8640		293.15 		         0		-999.00
-999	1544568127	8640		293.15 		         0		-999.00
-999	1544576767	8640		293.15 		         0		-999.00
-999	1544585407	8640		293.15 		         0		-999.00
-999	1544594047	8640		293.15  	         0		-999.00
-999	1544602687	8640		293.15 		         0		-999.00
-999	1544611327	8640		293.15 		         0		-999.00
-999	1544619967	8640		293.15 		         0		-999.00
-999	1544628607	8640		293.15 		         0		-999.00
-999	1544637247	8640		293.15 		         0		-999.00
-999	1544645887	8640		293.15 		         0		-999.00
-999	1544654527	8640		293.15 		         0		-999.00
-999	1544663167	8640		293.15 		         0		-999.00
-999	1544671807	8640		293.15 		         0		-999.00
-999	1544680447	8640		293.15 		         0		-999.00
-999	1544689087	8640		293.15 		         0		-999.00
-999	1544697727	8640		293.15 		         0		-999.00
-999	1544706367	8640		293.15 		         0		-999.00
-999	1544715007	8640		293.15 		         0		-999.00
-999	1544723647	8640		293.15 		         0		-999.00
-999	1544732287	8640		293.15 		         0		-999.00
-999	1544740927	8640		293.15 		         0		-999.00
-999	1544749567	8640		293.15 		         0		-999.00
-999	1544758207	8640		293.15 		         0		-999.00
-999	1544766847	8640		293.15 		         0		-999.00
-999	1544775487	8640		293.15 		         0		-999.00
-999	1544784127	8640		293.15 		         0		-999.00
-999	1544792767	8640		293.15 		         0		-999.00
-999	1544801407	8640		293.15 		         0		-999.00
-999	1544810047	8640		293.15 		         0		-999.00
-999	1544818687	8640		293.15 		         0		-999.00
-999	1544827327	8640		293.15  	         0		-999.00
-999	1544835967	8640		293.15 		         0		-999.00
-999	1544844607	8640		293.15 		         0		-999.00
-999	1544853247	8640		293.15 		         0		-999.00
-999	1544861887	8640		293.15 		         0		-999.00
-999	1544870527	8640		293.15 		         0		-999.00
-999	1544879167	8640		293.15  	         0		-999.00
-999	1544887807	8640		293.15 		         0		-999.00
-999	1544896447	8640		293.15  	         0		-999.00
-999	1544905087	8640		293.15 		         0		-999.00
-999	1544913727	8640		293.15 		         0		-999.00
-999	1544922367	8640		293.15 		         0		-999.00
-999	1544931007	8640		293.15 		         0		-999.00
-999	1544939647	8640	        293.15		         0		-999.00
-999	1544948287	8640		293.15		         0		-999.00
-999	1544956927	8640		293.15		         0		-999.00
-999	1544965567	8640		293.15		         0		-999.00
-999	1544974207	8640		293.15		         0		-999.00
-999	1544982847	8640		293.15		         0		-999.00
-999	1544991487	8640		293.15		         0		-999.00
-999	1545000127	8640		293.15		         0		-999.00
-999	1545008767	8640		293.15		         0		-999.00
-999	1545017407	8640		293.15		         0		-999.00
-999	1545026047	8640		293.15		         0		-999.00
-999	1545034687	8640		293.15		         0		-999.00
-999	1545043327	8640		293.15		         0		-999.00
-999	1545051967	8640		293.15		         0		-999.00
-999	1545060607	8640		293.15		         0		-999.00
-999	1545069247	8640		293.15		         0		-999.00
-999	1545077887	8640		293.15		         0		-999.00
-999	1545086527	8640		293.15		         0		-999.00
-999	1545095167	8640		293.15		         0		-999.00
-999	1545103807	8640		293.15		         0		-999.00
-999	1545112447	8640		293.15		         0		-999.00
-999	1545121087	8640		293.15		         0		-999.00
-999	1545129727	8640		293.15		         0		-999.00
-999	1545138367	8640		293.15		         0		-999.00
-999	1545147007	8640		293.15		         0		-999.00
-999	1545155647	8640		293.15		         0		-999.00
-999	1545164287	8640		293.15		         0		-999.00
-999	1545172927	8640		293.15		         0		-999.00
-999	1545181567	8640		293.15		         0		-999.00
-999	1545190207	8640		293.15		         0		-999.00
-999	1545198847	8640		293.15		         0		-999.00
-999	1545207487	8640		293.15		         0		-999.00
-999	1545216127	8640		293.15		         0		-999.00
-999	1545224767	8640		293.15		         0		-999.00
-999	1545233407	8640		293.15		         0		-999.00
-999	1545242047	8640		293.15		         0		-999.00
-999	1545250687	8640		293.15		         0		-999.00
-999	1545259327	8640	        293.15		         0		-999.00
-999	1545267967	8640		293.15		         0		-999.00
-999	1545276607	8640		293.15		         0		-999.00
-999	1545285247	8640		293.15		         0		-999.00
-999	1545293887	8640		293.15		         0		-999.00
-999	1545302527	8640		293.15		         0		-999.00
-999	1545311167	8640		293.15		         0		-999.00
-999	1545319807	8640		293.15		         0		-999.00
-999	1545328447	8640		293.15		         0		-999.00
-999	1545337087	8640		293.15		         0		-999.00
-999	1545345727	8640	        293.15		         0		-999.00
-999	1545354367	8640		293.15		         0		-999.00
-999	1545363007	8640		293.15		         0		-999.00
-999	1545371647	8640		293.15		         0		-999.00
-999	1545380287	8640		293.15		         0		-999.00
-999	1545388927	8640		293.15		         0		-999.00
-999	1545397567	8640		293.15		         0		-999.00
-999	1545406207	8640		293.15		         0		-999.00
-999	1545414847	8640		293.15		         0		-999.00
-999	1545423487	8640		293.15		         0		-999.00
-999	1545432127	8640		293.15		         0		-999.00
-999	1545440767	8640		293.15		         0		-999.00
-999	1545449407	8640	        293.15		         0		-999.00
-999	1545458047	8640		293.15		         0		-999.00
-999	1545466687	8640		293.15		         0		-999.00
-999	1545475327	8640		293.15		         0		-999.00
-999	1545483967	8640		293.15		         0		-999.00
-999	1545492607	8640		293.15		         0		-999.00
-999	1545501247	8640		293.15		         0		-999.00
-999	1545509887	8640		293.15		         0		-999.00
-999	1545518527	8640		293.15		         0		-999.00
-999	1545527167	8640		293.15		         0		-999.00
-999	1545535807	8640		293.15		         0		-999.00
-999	1545544447	8640		293.15		         0		-999.00
-999	1545553087	8640		293.15		         0		-999.00
-999	1545561727	8640	        293.15		         0		-999.00
-999	1545570367	8640		293.15		         0		-999.00
-999	1545579007	8640		293.15		         0		-999.00
-999	1545587647	8640		293.15		         0		-999.00
-999	1545596287	8640		293.15		         0		-999.00
-999	1545604927	8640		293.15		         0		-999.00
-999	1545613567	8640		293.15		         0		-999.00
-999	1545622207	8640		293.15		         0		-999.00
-999	1545630847	8640		293.15		         0		-999.00
-999	1545639487	8640		293.15		         0		-999.00
7920	1657026428	111386941		293.15		     76455		  9.50
7920	1657030028	3600		293.15		     74922		  9.50
7920	1657033628	3600		293.15		     71874		  9.50
7920	1657037228	3600		293.15		     80359		  9.50
7920	1657040828	3600		293.15		     82460		  9.50
7920	1657044428	3600		293.15		     84342		  9.50
7920	1657048028	3600		293.15		     83367		  9.50
7920	1657051628	3600		293.15		     84543		  9.50
7920	1657055228	3600		293.15		     83930		  9.50
7920	1657058612	3384		293.15		     79326		  9.50
-999	1657059812	1200		261.10		         0		-999.00
-999	1657063412	3600		261.26		         0		-999.00
-999	1657067012	3600		261.46		         0		-999.00
-999	1657067644	632		261.35		         0		-999.00
7921	1657068844	1200		261.20		    166134		  9.50
7921	1657072444	3600		261.44		    173540		  9.50
7921	1657076044	3600		261.40		    164464		  9.50
7921	1657079644	3600		261.45		    179298		  9.50
7921	1657083244	3600		261.45		    179655		  9.50
7921	1657086844	3600		261.45		    181303		  9.50
7921	1657090444	3600		261.45		    177975		  9.50
7921	1657094044	3600		261.28		    168240		  9.50
7921	1657097644	3600		261.38		    157305		  9.50
7921	1657101244	3600		261.50		    139198		  9.50
7921	1657102777	1533		261.32		    120728		  9.50
-999	1657103977	1200		260.91		         0		-999.00
-999	1657107577	3600		261.15		         0		-999.00
-999	1657111177	3600		261.27		         0		-999.00
-999	1657114777	3600		261.22		         0		-999.00
-999	1657118377	3600		261.38		         0		-999.00
-999	1657121977	3600		261.44		         0		-999.00
-999	1657125577	3600		261.22		         0		-999.00
-999	1657129177	3600		261.40		         0		-999.00
-999	1657132777	3600		261.44		         0		-999.00
-999	1657136377	3600		260.99		         0		-999.00
-999	1657139977	3600		261.01		         0		-999.00
-999	1657143577	3600		261.21		         0		-999.00
-999	1657146063	2486		261.25		         0		-999.00
7923	1657147263	1200		261.30		    662094		  9.50
7923	1657150863	3600		261.40		    670250		  9.50
7923	1657154463	3600		261.40		    634004		  9.50
7923	1657158063	3600		261.40		    590289		  9.50
7923	1657161663	3600		261.40		    621445		  9.50
7923	1657165263	3600		261.40		    598193		  9.50
7923	1657168863	3600		261.40		    594944		  9.50
7923	1657172463	3600		261.40		    591657		  9.50
7923	1657176063	3600		261.40		    681359		  9.50
7923	1657179663	3600		261.40		    639080		  9.50
7923	1657183263	3600		261.40		    567920		  9.50
7923	1657183449	186		261.33		    627394		  9.50
7960	1657449293	1200		261.46		   5422685		  9.50
7960	1657452893	3600		261.59		   5241949		  9.50
7960	1657456493	3600		261.62		   5560433		  9.50
7960	1657460093	3600		261.63		   5704547		  9.50
7960	1657463693	3600		261.67		   5702409		  9.50
7960	1657467293	3600		261.66		   5299136		  9.50
7960	1657470893	3600		261.54		   4993038		  9.50
7960	1657474493	3600		261.59		   4661927		  9.50
7960	1657478093	3600		261.51		   4063724		  9.50
7960	1657479562	1469		261.58		   4218514		  9.50
-999	1657480762	1200		261.27		         0		-999.00
-999	1657484362	3600		261.16		         0		-999.00
-999	1657487962	3600		260.88		         0		-999.00
-999	1657491562	3600		260.94		         0		-999.00
-999	1657495162	3600		261.11		         0		-999.00
-999	1657498762	3600		261.38		         0		-999.00
-999	1657499246	484		261.31		         0		-999.00
7963	1657500446	1200		261.71		   4593673		  9.50
7963	1657504046	3600		261.62		   4886566		  9.50
7963	1657507646	3600		261.62		   4774441		  9.50
7963	1657511246	3600		261.66		   6065400		  9.50
7963	1657514846	3600		261.65		   5889608		  9.50
7963	1657518446	3600		261.64		   5470072		  9.50
7963	1657522046	3600		261.63		   5061585		  9.50
7963	1657525646	3600		261.60		   4831975		  9.50
7963	1657529246	3600		261.47		   4563602		  9.50
7963	1657532846	3600		261.56		   3934545		  9.50
7963	1657534325	1479		261.20		   3487086		  9.50
-999	1657535525	1200		260.79		         0		-999.00
-999	1657539125	3600		261.19		         0		-999.00
-999	1657542725	3600		261.16		         0		-999.00
-999	1657543207	482		261.22		         0		-999.00
7965	1657544407	1200		261.65		   5604679		  9.50
7965	1657544771	364		261.68		   6383239		  9.50
-999	1657545971	1200		261.41		         0		-999.00
-999	1657549571	3600		261.08		         0		-999.00
-999	1657552738	3167		261.12		         0		-999.00
7966	1657553938	1200		261.51		   5730252		  9.50
7966	1657557538	3600		261.69		   6206205		  9.50
7966	1657561138	3600		261.68		   6102800		  9.50
7966	1657564738	3600		261.69		   6118137		  9.50
7966	1657568338	3600		261.67		   5753705		  9.50
7966	1657571857	3519		261.36		   3890472		  9.50
-999	1657573057	1200		261.32		         0		-999.00
-999	1657576657	3600		261.23		         0		-999.00
-999	1657580257	3600		260.95		         0		-999.00
-999	1657582409	2152		261.26		         0		-999.00
7967	1657583609	1200		261.67		   4856311		  9.50
7967	1657587209	3600		261.67		   4723443		  9.50
7967	1657590809	3600		261.54		   4557276		  9.50
7967	1657594409	3600		261.54		   4481960		  9.50
7967	1657598009	3600		261.53		   4102739		  9.50
7967	1657601609	3600		261.41		       746		  9.50
7967	1657605209	3600		261.41		       686		  9.50
7967	1657607002	1793		261.41		       618		  9.50
-999	1657608202	1200		261.16		         0		-999.00
-999	1657611802	3600		261.30		         0		-999.00
-999	1657615402	3600		261.40		         0		-999.00
-999	1657619002	3600		261.41		         0		-999.00
-999	1657622602	3600		261.40		         0		-999.00
-999	1657626202	3600		261.40		         0		-999.00
-999	1657629802	3600		261.08		         0		-999.00
-999	1657633402	3600		261.22		         0		-999.00
-999	1657637002	3600		261.30		         0		-999.00
-999	1657640602	3600		261.52		         0		-999.00
-999	1657644202	3600		261.52		         0		-999.00
-999	1657647802	3600		261.47		         0		-999.00
-999	1657651402	3600		261.54		         0		-999.00
-999	1657655002	3600		261.33		         0		-999.00
-999	1657658602	3600		261.33		         0		-999.00
-999	1657662202	3600		261.33		         0		-999.00
-999	1657665465	3263		261.19		         0		-999.00
7969	1657666665	1200		262.32		  30849926		 14.00
7969	1657670265	3600		262.56		  30448772		 14.00
7969	1657673865	3600		262.50		  30756169		 14.00
7969	1657677465	3600		261.87		  31428887		  2.50
7969	1657679362	1897		265.85		  26235648		  2.50
-999	1657680562	1200		267.49		         0		-999.00
-999	1657684162	3600		269.61		         0		-999.00
-999	1657687762	3600		270.59		         0		-999.00
-999	1657691362	3600		278.56		         0		-999.00
-999	1657694962	3600		277.97		         0		-999.00
-999	1657698562	3600		258.89		         0		-999.00
-999	1657702162	3600		258.78		         0		-999.00
-999	1657705762	3600		262.92		         0		-999.00
-999	1657709362	3600		263.13		         0		-999.00
-999	1657712962	3600		258.81		         0		-999.00
-999	1657716562	3600		257.45		         0		-999.00
-999	1657720162	3600		258.32		         0		-999.00
-999	1657723762	3600		258.30		         0		-999.00
-999	1657727362	3600		258.40		         0		-999.00
-999	1657730962	3600		258.40		         0		-999.00
-999	1657734562	3600		258.34		         0		-999.00
-999	1657738162	3600		258.32		         0		-999.00
-999	1657741762	3600		258.32		         0		-999.00
-999	1657745362	3600		258.32		         0		-999.00
-999	1657748962	3600		258.09		         0		-999.00
-999	1657752562	3600		258.21		         0		-999.00
-999	1657756162	3600		258.33		         0		-999.00
-999	1657759762	3600		258.33		         0		-999.00
-999	1657763362	3600		258.31		         0		-999.00
-999	1657766962	3600		261.02		         0		-999.00
-999	1657770562	3600		260.91		         0		-999.00
-999	1657774162	3600		261.32		         0		-999.00
-999	1657777762	3600		260.89		         0		-999.00
-999	1657781362	3600		261.00		         0		-999.00
-999	1657784962	3600		261.36		         0		-999.00
-999	1657788562	3600		261.28		         0		-999.00
-999	1657792162	3600		261.26		         0		-999.00
-999	1657795762	3600		261.26		         0		-999.00
-999	1657799362	3600		261.37		         0		-999.00
-999	1657802962	3600		261.20		         0		-999.00
-999	1657806562	3600		261.27		         0		-999.00
-999	1657810162	3600		261.11		         0		-999.00
-999	1657810593	431		261.23		         0		-999.00
7978	1657811793	1200		261.85		  10814750		 11.50
7978	1657815393	3600		262.17		  19547079		 11.50
7978	1657818993	3600		262.16		  21104911		 11.50
7978	1657822593	3600		262.17		  21483843		 11.50
7978	1657826193	3600		262.17		  21586425		 11.50
7978	1657829793	3600		262.18		  21770154		 11.50
7978	1657833393	3600		262.19		  22330349		 11.50
7978	1657836993	3600		262.19		  22248382		 11.50
7978	1657840593	3600		262.18		  21710927		 11.50
7978	1657844193	3600		262.14		  20497151		 11.50
7978	1657847793	3600		262.11		  19577943		 11.50
7978	1657850961	3168		261.97		  16869402		 11.50
-999	1657852161	1200		261.38		         0		-999.00
-999	1657855761	3600		261.46		         0		-999.00
-999	1657859361	3600		261.40		         0		-999.00
-999	1657862961	3600		261.25		         0		-999.00
-999	1657866561	3600		261.08		         0		-999.00
-999	1657870161	3600		261.40		         0		-999.00
-999	1657873761	3600		261.16		         0		-999.00
-999	1657877361	3600		261.40		         0		-999.00
-999	1657880961	3600		261.43		         0		-999.00
-999	1657884561	3600		261.23		         0		-999.00
-999	1657888161	3600		261.40		         0		-999.00
-999	1657891761	3600		261.40		         0		-999.00
-999	1657895361	3600		261.50		         0		-999.00
-999	1657898961	3600		261.50		         0		-999.00
-999	1657902561	3600		261.50		         0		-999.00
-999	1657906161	3600		261.44		         0		-999.00
-999	1657909761	3600		261.50		         0		-999.00
-999	1657913361	3600		261.50		         0		-999.00
-999	1657916961	3600		261.50		         0		-999.00
-999	1657920561	3600		261.50		         0		-999.00
-999	1657924161	3600		261.44		         0		-999.00
-999	1657927761	3600		261.38		         0		-999.00
-999	1657931361	3600		261.38		         0		-999.00
-999	1657934961	3600		261.38		         0		-999.00
-999	1657938561	3600		261.38		         0		-999.00
-999	1657942161	3600		261.38		         0		-999.00
-999	1657945761	3600		261.38		         0		-999.00
-999	1657949361	3600		261.38		         0		-999.00
-999	1657952961	3600		261.44		         0		-999.00
-999	1657956561	3600		261.38		         0		-999.00
-999	1657960161	3600		261.44		         0		-999.00
-999	1657963761	3600		261.44		         0		-999.00
-999	1657967361	3600		261.34		         0		-999.00
-999	1657970961	3600		261.43		         0		-999.00
-999	1657974561	3600		261.43		         0		-999.00
-999	1657978161	3600		261.25		         0		-999.00
-999	1657981761	3600		261.43		         0		-999.00
-999	1657985361	3600		261.43		         0		-999.00
-999	1657988961	3600		261.38		         0		-999.00
-999	1657992561	3600		261.38		         0		-999.00
-999	1657996161	3600		261.26		         0		-999.00
-999	1657999761	3600		261.44		         0		-999.00
-999	1658003361	3600		261.50		         0		-999.00
-999	1658006961	3600		261.51		         0		-999.00
-999	1658010561	3600		261.51		         0		-999.00
-999	1658014161	3600		261.44		         0		-999.00
-999	1658017761	3600		261.55		         0		-999.00
-999	1658021361	3600		261.50		         0		-999.00
-999	1658024961	3600		261.50		         0		-999.00
-999	1658028561	3600		261.50		         0		-999.00
-999	1658032161	3600		261.50		         0		-999.00
-999	1658035761	3600		261.50		         0		-999.00
-999	1658039361	3600		261.49		         0		-999.00
-999	1658042961	3600		261.49		         0		-999.00
-999	1658046561	3600		261.49		         0		-999.00
-999	1658050161	3600		261.49		         0		-999.00
-999	1658053761	3600		261.44		         0		-999.00
-999	1658057361	3600		261.44		         0		-999.00
-999	1658060961	3600		261.44		         0		-999.00
-999	1658064561	3600		261.44		         0		-999.00
-999	1658068161	3600		261.44		         0		-999.00
-999	1658071761	3600		261.44		         0		-999.00
-999	1658075361	3600		261.50		         0		-999.00
-999	1658078961	3600		261.44		         0		-999.00
-999	1658082561	3600		261.44		         0		-999.00
-999	1658086161	3600		261.44		         0		-999.00
-999	1658089761	3600		261.44		         0		-999.00
-999	1658093361	3600		261.13		         0		-999.00
-999	1658096961	3600		261.51		         0		-999.00
-999	1658100561	3600		261.10		         0		-999.00
-999	1658104161	3600		261.46		         0		-999.00
-999	1658106797	2636		261.52		         0		-999.00
8007	1658107997	1200		262.01		  20316104		 11.50
8007	1658111597	3600		262.24		  22843125		 15.00
8007	1658115197	3600		262.19		  21187687		 15.00
8007	1658118797	3600		262.25		  23302505		 15.00
8007	1658121712	2915		262.35		  22813775		 15.00
-999	1658122912	1200		261.19		         0		-999.00
-999	1658126512	3600		261.36		         0		-999.00
-999	1658130112	3600		261.35		         0		-999.00
-999	1658133712	3600		261.41		         0		-999.00
-999	1658137312	3600		261.40		         0		-999.00
-999	1658140912	3600		261.05		         0		-999.00
-999	1658144512	3600		261.32		         0		-999.00
-999	1658148112	3600		261.38		         0		-999.00
-999	1658151712	3600		261.44		         0		-999.00
-999	1658155312	3600		261.44		         0		-999.00
-999	1658158912	3600		261.50		         0		-999.00
-999	1658162512	3600		261.50		         0		-999.00
-999	1658166112	3600		261.09		         0		-999.00
-999	1658169712	3600		261.55		         0		-999.00
-999	1658173312	3600		261.45		         0		-999.00
-999	1658176912	3600		261.51		         0		-999.00
-999	1658180512	3600		261.51		         0		-999.00
-999	1658184112	3600		261.51		         0		-999.00
-999	1658187712	3600		261.23		         0		-999.00
-999	1658191312	3600		261.47		         0		-999.00
-999	1658194912	3600		261.47		         0		-999.00
-999	1658198512	3600		261.40		         0		-999.00
-999	1658202112	3600		261.49		         0		-999.00
-999	1658205712	3600		261.36		         0		-999.00
-999	1658209312	3600		261.48		         0		-999.00
-999	1658212912	3600		261.07		         0		-999.00
-999	1658216512	3600		261.38		         0		-999.00
-999	1658220112	3600		261.27		         0		-999.00
-999	1658223712	3600		261.55		         0		-999.00
-999	1658227312	3600		261.50		         0		-999.00
-999	1658230912	3600		261.21		         0		-999.00
-999	1658234512	3600		261.06		         0		-999.00
-999	1658238112	3600		261.40		         0		-999.00
-999	1658241712	3600		261.48		         0		-999.00
-999	1658245312	3600		261.34		         0		-999.00
-999	1658246879	1567		261.17		         0		-999.00
8016	1658248079	1200		262.62		  42950528		 17.00
8016	1658251679	3600		262.77		  37812286		 17.00
8016	1658255279	3600		262.64		  36496033		 12.50
8016	1658255595	316		261.55		         0		 12.50
-999	1658256795	1200		261.46		         0		-999.00
-999	1658260395	3600		261.44		         0		-999.00
-999	1658263995	3600		261.42		         0		-999.00
-999	1658264374	379		261.48		         0		-999.00
8017	1658265574	1200		262.51		  35307413		 18.00
8017	1658269174	3600		262.98		  45038308		 18.00
8017	1658272774	3600		263.09		  46994319		 18.00
8017	1658276374	3600		263.06		  47665609		 18.00
8017	1658279974	3600		263.06		  47669788		 18.00
8017	1658283574	3600		263.00		  45756843		 18.00
8017	1658287174	3600		263.00		  45641107		 18.00
8017	1658290774	3600		262.98		  45072701		 18.00
8017	1658294374	3600		262.77		  41957299		 14.50
8017	1658294511	137		261.51		         0		 14.50
-999	1658295711	1200		261.52		         0		-999.00
-999	1658299311	3600		261.23		         0		-999.00
-999	1658302911	3600		260.98		         0		-999.00
-999	1658305421	2510		261.38		         0		-999.00
8018	1658306621	1200		262.88		  44249177		 19.50
8018	1658309828	3207		262.92		  43511464		 19.50
-999	1658311028	1200		261.16		         0		-999.00
-999	1658314628	3600		261.37		         0		-999.00
-999	1658318228	3600		261.48		         0		-999.00
-999	1658319434	1206		261.55		         0		-999.00
8019	1658320634	1200		263.07		  46354881		 20.00
8019	1658324234	3600		262.90		  43812733		 20.00
8019	1658325849	1615		262.93		  42810871		 20.00
-999	1658327049	1200		261.50		         0		-999.00
-999	1658330649	3600		261.21		         0		-999.00
-999	1658334249	3600		261.44		         0		-999.00
-999	1658335709	1460		261.44		         0		-999.00
8020	1658336909	1200		263.02		  44832646		 20.00
8020	1658340509	3600		262.99		  43609698		 20.00
8020	1658344109	3600		262.89		  42307080		 20.00
8020	1658345317	1208		262.88		  41892878		 20.00
-999	1658346517	1200		261.52		         0		-999.00
-999	1658350117	3600		258.30		         0		-999.00
-999	1658353717	3600		258.23		         0		-999.00
-999	1658357317	3600		258.29		         0		-999.00
-999	1658360917	3600		258.49		         0		-999.00
-999	1658361284	367		258.49		         0		-999.00
8022	1658362484	1200		262.09		  23741219		 16.50
8022	1658366084	3600		261.48		   1348767		 16.50
8022	1658369684	3600		261.48		   1356631		 16.50
8022	1658370850	1166		261.48		   1351233		 16.50
-999	1658372050	1200		261.38		         0		-999.00
-999	1658375650	3600		261.40		         0		-999.00
-999	1658378706	3056		261.52		         0		-999.00
8023	1658379906	1200		261.88		  19248058		 15.50
8023	1658383415	3509		261.44		   1332009		 15.50
-999	1658384615	1200		261.28		         0		-999.00
-999	1658388215	3600		261.13		         0		-999.00
-999	1658391815	3600		261.42		         0		-999.00
-999	1658395415	3600		261.42		         0		-999.00
-999	1658399015	3600		261.30		         0		-999.00
-999	1658402615	3600		261.40		         0		-999.00
-999	1658406215	3600		261.38		         0		-999.00
-999	1658409815	3600		261.17		         0		-999.00
-999	1658413415	3600		261.21		         0		-999.00
-999	1658417015	3600		261.31		         0		-999.00
-999	1658420615	3600		261.14		         0		-999.00
-999	1658424215	3600		261.38		         0		-999.00
-999	1658427815	3600		261.40		         0		-999.00
-999	1658431415	3600		261.46		         0		-999.00
-999	1658435015	3600		261.44		         0		-999.00
-999	1658437329	2314		261.52		         0		-999.00
8027	1658438529	1200		263.07		  54811601		 22.00
8027	1658442129	3600		263.68		  67779607		 24.50
8027	1658445729	3600		263.76		  67766032		 24.50
8027	1658449329	3600		263.53		  62444687		 24.50
8027	1658452929	3600		263.35		  56221441		 24.50
8027	1658456529	3600		263.20		  54052564		 21.00
8027	1658460129	3600		262.97		  47315681		 22.00
8027	1658460721	592		263.01		  47044750		 22.00
-999	1658461921	1200		258.36		         0		-999.00
-999	1658465521	3600		258.44		         0		-999.00
-999	1658469121	3600		258.47		         0		-999.00
-999	1658472721	3600		258.06		         0		-999.00
-999	1658476321	3600		258.35		         0		-999.00
-999	1658479921	3600		258.47		         0		-999.00
-999	1658483521	3600		258.47		         0		-999.00
-999	1658487121	3600		258.43		         0		-999.00
-999	1658490721	3600		258.43		         0		-999.00
-999	1658494321	3600		258.43		         0		-999.00
-999	1658497921	3600		258.44		         0		-999.00
-999	1658501521	3600		258.33		         0		-999.00
-999	1658505121	3600		258.55		         0		-999.00
-999	1658505136	15		258.41		         0		-999.00
8030	1658506336	1200		263.76		  62791819		 27.00
8030	1658509936	3600		264.12		  85165756		 27.00
8030	1658510500	564		264.24		  92093336		 27.00
-999	1658511700	1200		261.50		         0		-999.00
-999	1658515300	3600		261.47		         0		-999.00
-999	1658518900	3600		261.57		         0		-999.00
-999	1658522500	3600		261.47		         0		-999.00
-999	1658526100	3600		261.23		         0		-999.00
-999	1658529700	3600		261.47		         0		-999.00
-999	1658533300	3600		261.47		         0		-999.00
-999	1658536900	3600		261.47		         0		-999.00
-999	1658540500	3600		261.47		         0		-999.00
-999	1658544100	3600		261.47		         0		-999.00
-999	1658547700	3600		261.47		         0		-999.00
-999	1658551300	3600		261.06		         0		-999.00
-999	1658554900	3600		261.47		         0		-999.00
-999	1658558500	3600		261.23		         0		-999.00
-999	1658562100	3600		261.47		         0		-999.00
-999	1658565700	3600		261.35		         0		-999.00
-999	1658569300	3600		261.49		         0		-999.00
-999	1658572894	3594		261.52		         0		-999.00
8033	1658574094	1200		264.35		  82519263		 27.00
8033	1658577694	3600		264.20		  80426238		 28.00
8033	1658581294	3600		264.34		  84594974		 28.00
8033	1658584894	3600		264.22		  85261426		 28.00
8033	1658588494	3600		264.34		  86317008		 28.00
8033	1658592094	3600		264.22		  86928819		 28.00
8033	1658595694	3600		264.14		  80188192		 30.50
8033	1658599294	3600		264.15		  80594720		 30.50
8033	1658602894	3600		263.80		  72529424		 29.00
8033	1658603069	175		258.47		  65321411		 12.00
-999	1658604269	1200		258.47		         0		-999.00
-999	1658607869	3600		261.34		         0		-999.00
-999	1658611469	3600		261.47		         0		-999.00
-999	1658615069	3600		261.47		         0		-999.00
-999	1658618669	3600		261.47		         0		-999.00
-999	1658622269	3600		261.47		         0		-999.00
-999	1658625869	3600		261.47		         0		-999.00
-999	1658629469	3600		261.47		         0		-999.00
-999	1658633069	3600		261.47		         0		-999.00
-999	1658636669	3600		261.47		         0		-999.00
-999	1658640269	3600		261.47		         0		-999.00
-999	1658643869	3600		261.29		         0		-999.00
-999	1658647469	3600		261.29		         0		-999.00
-999	1658651069	3600		261.40		         0		-999.00
-999	1658654669	3600		261.52		         0		-999.00
-999	1658658269	3600		261.41		         0		-999.00
-999	1658661869	3600		261.47		         0		-999.00
-999	1658665469	3600		261.41		         0		-999.00
-999	1658669069	3600		261.41		         0		-999.00
-999	1658672669	3600		261.41		         0		-999.00
-999	1658676269	3600		261.47		         0		-999.00
-999	1658679869	3600		261.41		         0		-999.00
-999	1658683469	3600		258.35		         0		-999.00
-999	1658687069	3600		258.45		         0		-999.00
-999	1658690669	3600		258.35		         0		-999.00
-999	1658694269	3600		258.52		         0		-999.00
-999	1658697869	3600		258.40		         0		-999.00
-999	1658701469	3600		258.40		         0		-999.00
-999	1658705069	3600		258.40		         0		-999.00
-999	1658708669	3600		258.40		         0		-999.00
-999	1658712269	3600		258.40		         0		-999.00
-999	1658715869	3600		258.40		         0		-999.00
-999	1658719469	3600		258.40		         0		-999.00
-999	1658723069	3600		258.43		         0		-999.00
-999	1658726669	3600		258.46		         0		-999.00
-999	1658730269	3600		258.27		         0		-999.00
-999	1658733869	3600		258.38		         0		-999.00
-999	1658737469	3600		258.26		         0		-999.00
-999	1658739934	2465		258.40		         0		-999.00
-999	1658742177	1200		261.57		         0		-999.00
-999	1658745777	3600		258.49		         0		-999.00
-999	1658749377	3600		258.55		         0		-999.00
-999	1658752977	3600		258.30		         0		-999.00
-999	1658756577	3600		257.99		         0		-999.00
-999	1658760177	3600		258.51		         0		-999.00
-999	1658763777	3600		258.14		         0		-999.00
-999	1658763829	52		258.14		         0		-999.00
8046	1658765029	1200		264.18		  81270679		 28.50
8046	1658768629	3600		264.61		  98102262		 35.50
8046	1658771734	3105		264.37		 105730840		 19.50
-999	1658772934	1200		261.50		         0		-999.00
-999	1658776534	3600		258.50		         0		-999.00
-999	1658780134	3600		258.40		         0		-999.00
-999	1658783734	3600		258.44		         0		-999.00
-999	1658787334	3600		258.44		         0		-999.00
-999	1658790934	3600		258.47		         0		-999.00
-999	1658794534	3600		258.46		         0		-999.00
-999	1658798134	3600		258.40		         0		-999.00
-999	1658801734	3600		258.40		         0		-999.00
-999	1658805334	3600		261.44		         0		-999.00
-999	1658808934	3600		261.44		         0		-999.00
-999	1658812534	3600		261.21		         0		-999.00
-999	1658816134	3600		261.06		         0		-999.00
-999	1658819734	3600		261.17		         0		-999.00
-999	1658823334	3600		261.40		         0		-999.00
-999	1658826934	3600		261.40		         0		-999.00
-999	1658830534	3600		261.40		         0		-999.00
-999	1658834134	3600		261.23		         0		-999.00
-999	1658837734	3600		261.53		         0		-999.00
-999	1658841334	3600		261.48		         0		-999.00
-999	1658844934	3600		261.39		         0		-999.00
-999	1658848534	3600		261.39		         0		-999.00
-999	1658852134	3600		261.22		         0		-999.00
-999	1658855734	3600		261.48		         0		-999.00
-999	1658859334	3600		261.42		         0		-999.00
-999	1658862934	3600		258.38		         0		-999.00
-999	1658866534	3600		258.40		         0		-999.00
-999	1658870134	3600		258.23		         0		-999.00
-999	1658873734	3600		258.40		         0		-999.00
-999	1658877334	3600		258.46		         0		-999.00
-999	1658880934	3600		258.46		         0		-999.00
-999	1658884534	3600		258.46		         0		-999.00
-999	1658888134	3600		258.46		         0		-999.00
-999	1658891734	3600		258.43		         0		-999.00
-999	1658895334	3600		261.38		         0		-999.00
-999	1658898934	3600		261.44		         0		-999.00
-999	1658902534	3600		261.44		         0		-999.00
-999	1658906134	3600		261.47		         0		-999.00
-999	1658909734	3600		261.47		         0		-999.00
-999	1658913334	3600		261.35		         0		-999.00
-999	1658916934	3600		261.16		         0		-999.00
-999	1658920534	3600		258.15		         0		-999.00
-999	1658924134	3600		258.38		         0		-999.00
-999	1658927734	3600		258.22		         0		-999.00
-999	1658931334	3600		258.25		         0		-999.00
-999	1658934934	3600		258.49		         0		-999.00
-999	1658937298	2364		258.52		         0		-999.00
8057	1658938498	1200		264.06		  75969419		 31.50
8057	1658940388	1890		263.42		  60161203		 29.00
-999	1658941588	1200		261.11		         0		-999.00
-999	1658945188	3600		258.40		         0		-999.00
-999	1658948788	3600		258.40		         0		-999.00
-999	1658950746	1958		258.53		         0		-999.00
8058	1658951946	1200		262.96		  45498352		 25.50
8058	1658955104	3158		258.25		  46279078		 11.50
-999	1658956304	1200		258.47		         0		-999.00
-999	1658959904	3600		258.33		         0		-999.00
-999	1658962740	2836		258.52		         0		-999.00
8059	1658963940	1200		264.20		  81184845		 31.00
8059	1658967540	3600		264.22		  83231720		 31.00
8059	1658971140	3600		264.24		  81830832		 31.00
8059	1658974740	3600		264.28		  83112573		 31.00
8059	1658978340	3600		264.27		  82751391		 31.00
8059	1658980880	2540		264.25		  83826094		 34.50
-999	1658982080	1200		261.53		         0		-999.00
-999	1658985680	3600		261.38		         0		-999.00
-999	1658989280	3600		261.50		         0		-999.00
-999	1658992880	3600		261.19		         0		-999.00
-999	1658996480	3600		258.29		         0		-999.00
-999	1659000080	3600		258.34		         0		-999.00
-999	1659003680	3600		258.28		         0		-999.00
-999	1659007280	3600		258.04		         0		-999.00
-999	1659010880	3600		258.32		         0		-999.00
-999	1659014480	3600		258.44		         0		-999.00
-999	1659018080	3600		258.50		         0		-999.00
-999	1659019546	1466		258.55		         0		-999.00
-999	1659021637	1200		261.50		         0		-999.00
-999	1659025237	3600		258.52		         0		-999.00
-999	1659027819	2582		258.48		         0		-999.00
8063	1659029019	1200		264.47		  85276475		 35.00
8063	1659032619	3600		265.02		 103874029		 38.50
8063	1659036219	3600		264.94		 102286218		 38.00
8063	1659039819	3600		264.92		 102492361		 38.00
8063	1659043419	3600		264.67		  94079755		 38.00
8063	1659047019	3600		264.53		  89273589		 38.00
8063	1659050619	3600		264.36		  83542060		 38.00
8063	1659054219	3600		264.14		  78268295		 38.00
8063	1659057819	3600		263.96		  74395815		 38.00
8063	1659061419	3600		263.83		  69957241		 38.00
8063	1659065019	3600		263.73		  66722546		 38.00
8063	1659068619	3600		263.00		  63315287		 34.50
8063	1659072219	3600		263.33		  54276947		 34.50
8063	1659072807	588		263.35		  54930754		 34.50
-999	1659074007	1200		261.50		         0		-999.00
-999	1659077607	3600		258.28		         0		-999.00
-999	1659081207	3600		258.33		         0		-999.00
-999	1659084807	3600		258.40		         0		-999.00
-999	1659088407	3600		258.40		         0		-999.00
-999	1659092007	3600		258.40		         0		-999.00
-999	1659095364	3357		258.52		         0		-999.00
8067	1659096564	1200		264.41		 103889023		 41.50
8067	1659100164	3600		265.02		 107961426		 43.00
8067	1659103764	3600		265.47		 118219643		 46.50
8067	1659107364	3600		265.47		 118393142		 46.50
8067	1659110964	3600		265.48		 119499210		 46.50
8067	1659114564	3600		265.24		 111410429		 46.50
8067	1659116576	2012		265.06		 108942576		 46.50
-999	1659117776	1200		261.03		         0		-999.00
-999	1659121376	3600		258.27		         0		-999.00
-999	1659124976	3600		258.37		         0		-999.00
-999	1659125085	109		258.62		         0		-999.00
8068	1659126285	1200		265.10		 103819708		 48.00
8068	1659129885	3600		265.07		 110064352		 47.00
8068	1659133485	3600		265.23		 111384879		 47.00
8068	1659137085	3600		265.19		 108065349		 50.00
8068	1659139547	2462		265.36		 115964560		 50.00
-999	1659140747	1200		261.49		         0		-999.00
-999	1659144347	3600		258.44		         0		-999.00
-999	1659147947	3600		258.44		         0		-999.00
-999	1659151547	3600		258.23		         0		-999.00
-999	1659155147	3600		258.40		         0		-999.00
-999	1659158747	3600		258.44		         0		-999.00
-999	1659162347	3600		258.47		         0		-999.00
-999	1659165947	3600		258.50		         0		-999.00
-999	1659167744	1797		258.52		         0		-999.00
8072	1659168944	1200		264.11		  73469174		 46.50
8072	1659172544	3600		265.31		 113434043		 50.00
8072	1659176144	3600		265.27		 111658878		 50.00
8072	1659179744	3600		265.25		 110696535		 50.00
8072	1659183344	3600		264.49		 110755296		 50.00
8072	1659186944	3600		265.06		 102858294		 50.00
8072	1659190544	3600		264.85		 107218884		 50.00
8072	1659194144	3600		264.86		  99934838		 50.00
8072	1659197744	3600		264.62		  93881310		 50.00
8072	1659201344	3600		264.43		  87524450		 50.00
8072	1659204944	3600		264.27		  82135863		 50.00
8072	1659208544	3600		264.19		  79181946		 49.00
8072	1659212144	3600		263.42		  67897495		 40.50
8072	1659212876	732		263.71		  68971190		 48.00
-999	1659214076	1200		258.47		         0		-999.00
-999	1659217676	3600		258.50		         0		-999.00
-999	1659221240	3564		258.53		         0		-999.00
8073	1659222440	1200		264.69		  92912779		 51.00
8073	1659226040	3600		265.26		 109992217		 54.50
8073	1659229640	3600		265.27		 109943814		 55.00
8073	1659233240	3600		265.26		 109541209		 58.50
8073	1659236840	3600		265.27		 109877250		 58.50
8073	1659238263	1423		264.50		 100369357		 41.50
-999	1659239463	1200		261.52		         0		-999.00
-999	1659243063	3600		261.47		         0		-999.00
-999	1659246663	3600		261.57		         0		-999.00
-999	1659250263	3600		261.19		         0		-999.00
-999	1659253863	3600		261.29		         0		-999.00
-999	1659257463	3600		261.53		         0		-999.00
-999	1659261063	3600		261.52		         0		-999.00
-999	1659264663	3600		261.52		         0		-999.00
-999	1659268263	3600		261.52		         0		-999.00
-999	1659271863	3600		258.50		         0		-999.00
-999	1659275463	3600		258.09		         0		-999.00
-999	1659279063	3600		261.44		         0		-999.00
-999	1659282663	3600		258.39		         0		-999.00
-999	1659286253	3590		258.55		         0		-999.00
8076	1659287453	1200		264.54		  89171282		 55.00
8076	1659291053	3600		266.12		 136402979		 62.00
8076	1659294653	3600		266.14		 139123071		 62.00
8076	1659298253	3600		266.17		 137872939		 65.50
8076	1659301853	3600		266.28		 139557116		 65.50
8076	1659305453	3600		265.78		 126020823		 65.50
8076	1659309053	3600		265.58		 129640661		 62.00
8076	1659312653	3600		265.36		 121538730		 61.00
8076	1659314151	1498		265.41		 117149826		 64.50
-999	1659315351	1200		261.48		         0		-999.00
-999	1659318951	3600		261.48		         0		-999.00
-999	1659322551	3600		261.48		         0		-999.00
-999	1659326151	3600		261.48		         0		-999.00
-999	1659329751	3600		261.48		         0		-999.00
-999	1659333351	3600		261.48		         0		-999.00
-999	1659336951	3600		261.22		         0		-999.00
-999	1659340551	3600		258.34		         0		-999.00
-999	1659344151	3600		261.19		         0		-999.00
-999	1659347751	3600		261.21		         0		-999.00
-999	1659351351	3600		261.38		         0		-999.00
-999	1659354951	3600		258.48		         0		-999.00
-999	1659358110	3159		258.40		         0		-999.00
8078	1659359310	1200		264.29		  88095670		 60.00
8078	1659362910	3600		266.03		 134253330		 67.00
8078	1659365364	2454		266.11		 136848846		 67.00
-999	1659366564	1200		261.52		         0		-999.00
-999	1659370164	3600		258.39		         0		-999.00
-999	1659372703	2539		258.57		         0		-999.00
8079	1659373903	1200		264.47		  89109519		 61.00
8079	1659377503	3600		266.07		 134134527		 68.00
8079	1659381103	3600		266.18		 142413106		 69.00
8079	1659382172	1069		266.26		 141319993		 69.00
-999	1659383372	1200		261.50		         0		-999.00
-999	1659386972	3600		261.50		         0		-999.00
-999	1659390572	3600		261.50		         0		-999.00
-999	1659394172	3600		261.50		         0		-999.00
-999	1659397772	3600		261.50		         0		-999.00
-999	1659401372	3600		261.50		         0		-999.00
-999	1659404972	3600		258.44		         0		-999.00
-999	1659408572	3600		258.23		         0		-999.00
-999	1659409823	1251		258.52		         0		-999.00
8081	1659411023	1200		264.21		  81573275		 61.00
8081	1659414623	3600		265.54		 117122048		 68.50
8081	1659418223	3600		266.13		 137890538		 71.00
8081	1659421823	3600		266.10		 136812354		 71.00
8081	1659425423	3600		265.85		 126075441		 71.50
8081	1659429023	3600		265.91		 130008440		 71.50
8081	1659432623	3600		265.59		 121630468		 71.50
8081	1659436223	3600		265.48		 115271154		 71.50
8081	1659439823	3600		265.23		 109134017		 68.00
8081	1659441839	2016		265.00		 105156390		 68.00
-999	1659443039	1200		258.59		         0		-999.00
-999	1659446639	3600		258.08		         0		-999.00
-999	1659450239	3600		258.44		         0		-999.00
-999	1659453839	3600		258.44		         0		-999.00
-999	1659456605	2766		258.53		         0		-999.00
8083	1659457805	1200		264.37		  84254992		 69.50
8083	1659461405	3600		266.16		 136831660		 76.00
8083	1659465005	3600		266.15		 138384534		 76.00
8083	1659468605	3600		266.22		 138820594		 76.00
8083	1659472205	3600		265.71		 135243744		 58.00
8083	1659475805	3600		265.89		 129501440		 77.50
8083	1659479405	3600		265.85		 128054200		 77.50
8083	1659483005	3600		265.56		 120017401		 77.50
8083	1659486605	3600		265.36		 113227900		 77.50
8083	1659490205	3600		264.42		 108458264		 68.00
8083	1659493805	3600		264.96		 101959725		 75.50
8083	1659494947	1142		262.76		  49512640		 57.00
-999	1659496147	1200		261.42		         0		-999.00
-999	1659499747	3600		261.30		         0		-999.00
-999	1659503347	3600		261.52		         0		-999.00
-999	1659506947	3600		261.06		         0		-999.00
-999	1659510547	3600		261.14		         0		-999.00
-999	1659514147	3600		261.25		         0		-999.00
-999	1659517747	3600		257.98		         0		-999.00
-999	1659521347	3600		258.21		         0		-999.00
-999	1659524947	3600		261.57		         0		-999.00
-999	1659528547	3600		258.01		         0		-999.00
-999	1659532147	3600		261.52		         0		-999.00
-999	1659535747	3600		261.52		         0		-999.00
-999	1659539347	3600		261.13		         0		-999.00
-999	1659542947	3600		261.47		         0		-999.00
-999	1659546547	3600		258.51		         0		-999.00
-999	1659550147	3600		258.45		         0		-999.00
-999	1659553747	3600		258.51		         0		-999.00
-999	1659557022	3275		258.55		         0		-999.00
8087	1659558222	1200		265.42		 110607831		 80.00
8087	1659559988	1766		267.13		 167520409		 83.50
-999	1659561188	1200		261.46		         0		-999.00
-999	1659564788	3600		258.38		         0		-999.00
-999	1659567899	3111		258.61		         0		-999.00
8088	1659569099	1200		265.32		 108499531		 82.00
8088	1659572699	3600		267.32		 171090837		 85.50
8088	1659576299	3600		267.36		 172256915		 88.50
8088	1659579899	3600		267.34		 171673666		 88.50
8088	1659583499	3600		267.31		 170720670		 92.00
8088	1659587099	3600		267.31		 170796329		 92.00
8088	1659590699	3600		266.82		 157715841		 92.00
8088	1659594299	3600		266.93		 160465757		 91.50
8088	1659597899	3600		266.61		 149674757		 90.50
8088	1659601499	3600		266.31		 141814469		 90.50
8088	1659605099	3600		265.66		 122286635		 88.50
8088	1659605836	737		258.62		 129626632		 11.00
-999	1659607036	1200		258.08		         0		-999.00
-999	1659610636	3600		258.04		         0		-999.00
-999	1659614236	3600		258.30		         0		-999.00
-999	1659617836	3600		258.40		         0		-999.00
-999	1659621436	3600		261.59		         0		-999.00
-999	1659625036	3600		261.53		         0		-999.00
-999	1659628636	3600		258.22		         0		-999.00
-999	1659632236	3600		258.34		         0		-999.00
-999	1659634503	2267		258.22		         0		-999.00
8091	1659635703	1200		266.66		 150877548		 92.00
8091	1659639303	3600		268.40		 210178466		 94.00
8091	1659640464	1161		266.80		 146808738		103.00
-999	1659641664	1200		261.49		         0		-999.00
-999	1659645264	3600		258.30		         0		-999.00
-999	1659648864	3600		258.30		         0		-999.00
-999	1659652464	3600		258.30		         0		-999.00
-999	1659656064	3600		258.31		         0		-999.00
-999	1659658748	2684		258.29		         0		-999.00
8094	1659659948	1200		265.19		 107228634		 89.00
8094	1659663548	3600		268.40		 201376043		104.00
8094	1659667148	3600		268.35		 200887388		102.00
8094	1659670748	3600		267.85		 187868617		102.00
8094	1659674348	3600		267.44		 174378937		 98.50
8094	1659677948	3600		267.06		 165556388		 98.50
8094	1659681548	3600		266.73		 154732072		 98.50
8094	1659685148	3600		266.47		 146203139		 97.00
8094	1659688748	3600		266.02		 138310033		 93.50
8094	1659690634	1886		264.76		 111715878		 87.00
-999	1659691834	1200		258.22		         0		-999.00
-999	1659695434	3600		258.13		         0		-999.00
-999	1659699034	3600		258.09		         0		-999.00
-999	1659702634	3600		261.50		         0		-999.00
-999	1659706234	3600		261.55		         0		-999.00
-999	1659709834	3600		261.50		         0		-999.00
-999	1659713434	3600		261.55		         0		-999.00
-999	1659717034	3600		261.56		         0		-999.00
-999	1659720634	3600		261.64		         0		-999.00
-999	1659724234	3600		261.52		         0		-999.00
-999	1659727834	3600		261.55		         0		-999.00
-999	1659731434	3600		258.27		         0		-999.00
-999	1659735034	3600		258.30		         0		-999.00
-999	1659738634	3600		258.30		         0		-999.00
-999	1659741163	2529		258.28		         0		-999.00
8098	1659742363	1200		267.75		 180081644		107.00
8098	1659742952	589		269.16		 223065179		110.50
-999	1659744152	1200		261.45		         0		-999.00
-999	1659747752	3600		258.30		         0		-999.00
-999	1659750945	3193		258.26		         0		-999.00
8099	1659752145	1200		267.69		 179436302		108.50
8099	1659753308	1163		266.99		 173378182		 90.50
-999	1659754508	1200		261.50		         0		-999.00
-999	1659758108	3600		261.50		         0		-999.00
-999	1659761708	3600		261.50		         0		-999.00
-999	1659765308	3600		261.53		         0		-999.00
-999	1659768908	3600		261.30		         0		-999.00
-999	1659772508	3600		261.36		         0		-999.00
-999	1659776108	3600		261.02		         0		-999.00
-999	1659779708	3600		258.32		         0		-999.00
-999	1659783308	3600		258.27		         0		-999.00
-999	1659786908	3600		258.22		         0		-999.00
-999	1659787292	384		258.28		         0		-999.00
8100	1659788492	1200		266.80		 156385271		 98.50
8100	1659790213	1721		267.85		 181908409		107.50
8637	1682090281	1200		261.65		    132067		423.50
8637	1682093881	3600		261.15		    200096		379.50
8637	1682097481	3600		261.60		    226602		421.00
8637	1682101081	3600		261.48		    230612		408.00
8637	1682104681	3600		261.64		    229673		429.00
8637	1682108281	3600		261.57		    232250		419.00
8637	1682111881	3600		261.63		    228442		421.00
8637	1682115481	3600		261.57		    215480		420.50
8637	1682116313	832		261.57		    197451		417.00
-999	1682117513	1200		258.35		         0		-999.00
-999	1682121113	3600		258.52		         0		-999.00
-999	1682124713	3600		258.46		         0		-999.00
-999	1682116313	-8400		258.56		         0		-999.00
8639	1682128506	1200		261.62		    482365		421.50
8639	1682132106	3600		261.63		    832202		422.50
8639	1682135706	3600		261.64		    897274		416.50
8639	1682139306	3600		261.59		    904144		422.00
8639	1682142906	3600		261.60		    876073		422.50
8639	1682146506	3600		261.67		    804162		424.50
8639	1682150106	3600		261.65		    735868		423.50
8639	1682153706	3600		261.65		    606775		419.00
8639	1682157306	3600		261.65		    564689		423.50
8639	1682160906	3600		261.66		    541813		420.00
8639	1682164506	3600		261.61		    504459		423.00
8639	1682168106	3600		258.41		    405914		  9.50
8639	1682169013	907		261.81		         0		430.00
-999	1682170213	1200		258.25		         0		-999.00
-999	1682173813	3600		258.50		         0		-999.00
-999	1682177413	3600		258.47		         0		-999.00
-999	1682181013	3600		258.49		         0		-999.00
-999	1682184613	3600		258.48		         0		-999.00
-999	1682169013	-15600		258.64		         0		-999.00
8642	1682189336	1200		261.78		   4531828		423.00
8642	1682192936	3600		261.89		   6586589		428.50
8642	1682196536	3600		261.84		   6503300		424.50
8642	1682200136	3600		261.84		   6399450		424.00
8642	1682203736	3600		261.84		   6630891		426.00
8642	1682207336	3600		261.84		   6595468		426.00
8642	1682210936	3600		261.85		   6713058		424.00
8642	1682214536	3600		261.71		   6649899		409.00
8642	1682218136	3600		261.82		   6161844		425.00
8642	1682219904	1768		258.39		   6272696		  9.50
-999	1682221104	1200		258.43		         0		-999.00
-999	1682224704	3600		258.43		         0		-999.00
-999	1682228304	3600		258.30		         0		-999.00
-999	1682231904	3600		258.39		         0		-999.00
-999	1682235504	3600		258.46		         0		-999.00
-999	1682239104	3600		258.46		         0		-999.00
-999	1682242704	3600		258.45		         0		-999.00
-999	1682219904	-22800		258.34		         0		-999.00
8644	1682244555	1200		261.77		   4813964		426.50
8644	1682248155	3600		261.82		   7005319		427.00
8644	1682251755	3600		261.87		   8591941		426.00
8644	1682255355	3600		261.75		   8554230		410.00
8644	1682258955	3600		261.84		   7603152		427.50
8644	1682262555	3600		261.83		   7368562		426.50
8644	1682266155	3600		261.82		   6872337		426.50
8644	1682269755	3600		261.80		   6311725		425.50
8644	1682273355	3600		261.78		   5822787		427.00
8644	1682276955	3600		261.77		   5414936		428.00
8644	1682280555	3600		261.74		   4781750		424.00
8644	1682281515	960		261.75		   5020902		425.00
-999	1682282715	1200		258.38		         0		-999.00
-999	1682286315	3600		258.43		         0		-999.00
-999	1682281515	-4800		258.42		         0		-999.00
8645	1682290315	1200		261.80		   4411734		423.50
8645	1682293915	3600		261.82		   6661882		428.00
8645	1682297515	3600		261.94		   8521005		430.00
8645	1682301115	3600		261.88		   8551246		428.50
8645	1682304715	3600		261.86		   7988030		428.00
8645	1682308315	3600		261.86		   7449087		427.50
8645	1682311915	3600		261.79		   6862597		424.00
8645	1682315515	3600		261.78		   6428377		425.50
8645	1682319115	3600		261.76		   5967565		428.50
8645	1682322715	3600		261.75		   5590554		428.00
8645	1682326315	3600		261.74		   5281381		427.00
8645	1682327485	1170		261.70		   3758978		426.00
-999	1682328685	1200		258.37		         0		-999.00
-999	1682332285	3600		258.44		         0		-999.00
-999	1682335885	3600		258.40		         0		-999.00
-999	1682339485	3600		258.52		         0		-999.00
-999	1682343085	3600		258.46		         0		-999.00
-999	1682346685	3600		258.46		         0		-999.00
-999	1682350285	3600		258.46		         0		-999.00
-999	1682353885	3600		258.46		         0		-999.00
-999	1682357485	3600		258.46		         0		-999.00
-999	1682361085	3600		258.45		         0		-999.00
-999	1682364685	3600		258.45		         0		-999.00
-999	1682368285	3600		258.45		         0		-999.00
-999	1682371885	3600		258.47		         0		-999.00
-999	1682375485	3600		258.41		         0		-999.00
-999	1682379085	3600		258.43		         0		-999.00
-999	1682327485	-51600		258.47		         0		-999.00
8654	1682380928	1200		261.79		   5357901		427.00
8654	1682383198	2270		261.89		   6918788		428.50
-999	1682384398	1200		261.39		         0		-999.00
-999	1682387998	3600		261.51		         0		-999.00
-999	1682391598	3600		261.51		         0		-999.00
-999	1682395198	3600		261.51		         0		-999.00
-999	1682398798	3600		261.40		         0		-999.00
-999	1682402398	3600		258.50		         0		-999.00
-999	1682405998	3600		261.35		         0		-999.00
-999	1682409598	3600		261.57		         0		-999.00
-999	1682413198	3600		261.58		         0		-999.00
-999	1682416798	3600		261.58		         0		-999.00
-999	1682420398	3600		257.94		         0		-999.00
-999	1682423998	3600		255.59		         0		-999.00
-999	1682427598	3600		255.67		         0		-999.00
-999	1682431198	3600		262.34		         0		-999.00
-999	1682434798	3600		267.27		         0		-999.00
-999	1682438398	3600		267.21		         0		-999.00
-999	1682441998	3600		267.28		         0		-999.00
-999	1682445598	3600		267.38		         0		-999.00
-999	1682449198	3600		267.16		         0		-999.00
-999	1682452798	3600		267.16		         0		-999.00
-999	1682456398	3600		267.32		         0		-999.00
-999	1682459998	3600		267.33		         0		-999.00
-999	1682463598	3600		267.38		         0		-999.00
-999	1682467198	3600		267.04		         0		-999.00
-999	1682470798	3600		267.26		         0		-999.00
-999	1682474398	3600		267.26		         0		-999.00
-999	1682477998	3600		267.27		         0		-999.00
-999	1682481598	3600		267.27		         0		-999.00
-999	1682485198	3600		267.32		         0		-999.00
-999	1682488798	3600		267.33		         0		-999.00
-999	1682492398	3600		267.28		         0		-999.00
-999	1682495998	3600		267.38		         0		-999.00
-999	1682499598	3600		267.21		         0		-999.00
-999	1682503198	3600		267.16		         0		-999.00
-999	1682506798	3600		267.32		         0		-999.00
-999	1682510398	3600		267.27		         0		-999.00
-999	1682513998	3600		267.33		         0		-999.00
-999	1682517598	3600		267.33		         0		-999.00
-999	1682521198	3600		267.38		         0		-999.00
-999	1682524798	3600		267.09		         0		-999.00
-999	1682528398	3600		267.16		         0		-999.00
-999	1682531998	3600		267.27		         0		-999.00
-999	1682535598	3600		267.26		         0		-999.00
-999	1682539198	3600		267.32		         0		-999.00
-999	1682542798	3600		267.38		         0		-999.00
-999	1682546398	3600		267.33		         0		-999.00
-999	1682549998	3600		267.38		         0		-999.00
-999	1682553598	3600		267.18		         0		-999.00
-999	1682557198	3600		267.20		         0		-999.00
-999	1682560798	3600		267.29		         0		-999.00
-999	1682564398	3600		267.29		         0		-999.00
-999	1682567998	3600		267.30		         0		-999.00
-999	1682571598	3600		267.41		         0		-999.00
-999	1682575198	3600		267.31		         0		-999.00
-999	1682578798	3600		267.31		         0		-999.00
-999	1682582398	3600		267.25		         0		-999.00
-999	1682585998	3600		267.13		         0		-999.00
-999	1682589598	3600		267.29		         0		-999.00
-999	1682593198	3600		255.20		         0		-999.00
-999	1682596798	3600		258.51		         0		-999.00
-999	1682600398	3600		258.56		         0		-999.00
-999	1682603998	3600		258.56		         0		-999.00
-999	1682607598	3600		261.57		         0		-999.00
-999	1682611198	3600		258.38		         0		-999.00
-999	1682614798	3600		258.48		         0		-999.00
-999	1682618398	3600		258.29		         0		-999.00
-999	1682621998	3600		258.41		         0		-999.00
-999	1682383198	-238800		258.62		         0		-999.00
8675	1682626216	1200		262.09		  21518634		412.50
8675	1682629816	3600		263.15		  42772149		458.00
8675	1682633416	3600		262.92		  50390470		417.00
8675	1682637016	3600		263.33		  49401228		454.00
8675	1682640616	3600		263.37		  52697429		455.50
8675	1682644158	3542		263.27		  48507359		455.00
-999	1682645358	1200		261.58		         0		-999.00
-999	1682648958	3600		258.40		         0		-999.00
-999	1682652558	3600		261.61		         0		-999.00
-999	1682656158	3600		261.61		         0		-999.00
-999	1682659758	3600		261.68		         0		-999.00
-999	1682663358	3600		261.67		         0		-999.00
-999	1682666958	3600		258.44		         0		-999.00
-999	1682670558	3600		261.52		         0		-999.00
-999	1682674158	3600		258.41		         0		-999.00
-999	1682677758	3600		258.42		         0		-999.00
-999	1682681358	3600		258.43		         0		-999.00
-999	1682684958	3600		258.50		         0		-999.00
-999	1682688558	3600		258.46		         0		-999.00
-999	1682692158	3600		258.50		         0		-999.00
-999	1682695758	3600		258.38		         0		-999.00
-999	1682699358	3600		258.45		         0		-999.00
-999	1682702958	3600		258.33		         0		-999.00
-999	1682706558	3600		258.39		         0		-999.00
-999	1682710158	3600		258.27		         0		-999.00
-999	1682713758	3600		258.38		         0		-999.00
-999	1682717358	3600		261.48		         0		-999.00
-999	1682720958	3600		261.55		         0		-999.00
-999	1682724558	3600		261.56		         0		-999.00
-999	1682728158	3600		261.55		         0		-999.00
-999	1682731758	3600		261.55		         0		-999.00
-999	1682735358	3600		261.55		         0		-999.00
-999	1682738958	3600		258.27		         0		-999.00
-999	1682742558	3600		258.38		         0		-999.00
-999	1682746158	3600		258.34		         0		-999.00
-999	1682644158	-102000		258.81		         0		-999.00
8685	1682748199	1200		262.20		  22218380		424.00
8685	1682751799	3600		262.46		  35453198		413.00
8685	1682755399	3600		263.43		  55613718		454.50
8685	1682758999	3600		263.00		  53639971		414.00
8685	1682762599	3600		262.85		  34986083		456.00
8685	1682766199	3600		263.14		  46368081		450.50
8685	1682769799	3600		263.03		  42842010		451.50
8685	1682773399	3600		262.93		  40495445		452.00
8685	1682776351	2952		262.79		  34896084		449.50
-999	1682777551	1200		258.15		         0		-999.00
-999	1682781151	3600		258.43		         0		-999.00
-999	1682784751	3600		258.43		         0		-999.00
-999	1682776351	-8400		258.41		         0		-999.00
8686	1682786191	1200		262.33		  22641468		442.00
8686	1682789791	3600		263.14		  43977558		461.00
8686	1682793391	3600		263.58		  58475256		459.50
8686	1682796991	3600		262.83		  40341870		451.00
8686	1682800591	3600		263.40		  52973711		456.50
8686	1682804191	3600		263.21		  48596411		455.50
8686	1682807791	3600		263.15		  44516891		457.00
8686	1682811391	3600		263.06		  41540436		458.00
8686	1682814991	3600		262.92		  38504900		456.50
8686	1682816475	1484		262.71		  29945567		454.00
-999	1682817675	1200		261.21		         0		-999.00
-999	1682821275	3600		261.48		         0		-999.00
-999	1682824875	3600		261.45		         0		-999.00
-999	1682828475	3600		261.45		         0		-999.00
-999	1682832075	3600		261.45		         0		-999.00
-999	1682835675	3600		261.46		         0		-999.00
-999	1682816475	-19200		261.50		         0		-999.00
8690	1682838939	1200		262.64		  30207385		447.50
8690	1682842539	3600		263.32		  47315631		467.00
8690	1682846139	3600		263.65		  57269238		468.50
8690	1682849739	3600		263.44		  57457347		457.50
8690	1682853339	3600		262.81		  31741273		457.50
8690	1682856939	3600		263.04		  39648166		462.00
8690	1682860539	3600		263.28		  47649511		460.50
8690	1682864139	3600		263.18		  44357173		460.50
8690	1682864351	212		263.01		  43122405		265.50
-999	1682865551	1200		258.02		         0		-999.00
-999	1682869151	3600		258.47		         0		-999.00
-999	1682864351	-4800		258.50		         0		-999.00
8691	1682873042	1200		262.91		  36303136		457.00
8691	1682876642	3600		263.55		  55719609		468.00
8691	1682880242	3600		263.60		  58340538		470.50
8691	1682883842	3600		263.30		  48986868		468.50
8691	1682885458	1616		263.65		  58750159		468.50
-999	1682886658	1200		261.19		         0		-999.00
-999	1682890258	3600		258.40		         0		-999.00
-999	1682893858	3600		258.38		         0		-999.00
-999	1682885458	-8400		258.83		         0		-999.00
8692	1682896912	1200		262.91		  38616993		460.00
8692	1682899051	2139		263.49		  55802288		467.50
-999	1682900251	1200		261.72		         0		-999.00
-999	1682903851	3600		261.66		         0		-999.00
-999	1682907451	3600		261.66		         0		-999.00
-999	1682911051	3600		261.72		         0		-999.00
-999	1682914651	3600		261.67		         0		-999.00
-999	1682918251	3600		258.72		         0		-999.00
-999	1682921851	3600		258.45		         0		-999.00
-999	1682925451	3600		258.46		         0		-999.00
-999	1682929051	3600		258.51		         0		-999.00
-999	1682932651	3600		258.50		         0		-999.00
-999	1682899051	-33600		258.81		         0		-999.00
8695	1682933984	1200		263.78		  64085401		473.00
8695	1682937584	3600		265.43		 105628089		517.50
8695	1682941184	3600		265.44		 134915983		438.00
8695	1682944784	3600		265.49		 111850960		513.00
8695	1682948384	3600		265.75		 120588759		510.50
8695	1682951984	3600		265.46		 111460928		509.50
8695	1682955584	3600		265.21		 104436590		510.00
8695	1682959184	3600		264.94		  96827410		505.00
8695	1682961557	2373		263.87		  68888662		493.00
-999	1682962757	1200		261.56		         0		-999.00
-999	1682966357	3600		261.47		         0		-999.00
-999	1682969957	3600		261.50		         0		-999.00
-999	1682961557	-8400		261.47		         0		-999.00
8696	1682973309	1200		264.02		  70974353		486.00
8696	1682976909	3600		266.03		 124707798		536.00
8696	1682980509	3600		266.03		 126631938		533.50
8696	1682984109	3600		266.36		 139037790		529.50
8696	1682987709	3600		265.94		 127204949		524.00
8696	1682991309	3600		265.65		 117629738		521.50
8696	1682994909	3600		265.43		 110108635		522.50
8696	1682998509	3600		265.13		 102074738		518.50
8696	1683002109	3600		264.89		  96205259		512.00
8696	1683005709	3600		264.73		  89742998		512.00
8696	1683009309	3600		264.59		  85090700		510.50
8696	1683012909	3600		264.29		  76971211		503.50
8696	1683013403	494		264.00		  67328874		504.00
-999	1683014603	1200		258.69		         0		-999.00
-999	1683018203	3600		258.40		         0		-999.00
-999	1683021803	3600		258.46		         0		-999.00
-999	1683025403	3600		258.35		         0		-999.00
-999	1683029003	3600		258.57		         0		-999.00
-999	1683032603	3600		258.52		         0		-999.00
-999	1683036203	3600		258.52		         0		-999.00
-999	1683039803	3600		258.48		         0		-999.00
-999	1683043403	3600		258.48		         0		-999.00
-999	1683047003	3600		258.48		         0		-999.00
-999	1683050603	3600		258.46		         0		-999.00
-999	1683054203	3600		258.46		         0		-999.00
-999	1683057803	3600		261.55		         0		-999.00
-999	1683061403	3600		258.35		         0		-999.00
-999	1683065003	3600		258.45		         0		-999.00
-999	1683013403	-51600		258.51		         0		-999.00
8701	1683069326	1200		264.48		  84952747		497.00
8701	1683072926	3600		266.38		 137568901		538.00
8701	1683076526	3600		266.60		 147528015		538.00
8701	1683080126	3600		266.71		 148224753		544.00
8701	1683083726	3600		266.53		 144134798		539.00
8701	1683087326	3600		266.18		 134208067		534.50
8701	1683090926	3600		265.82		 122924380		530.50
8701	1683094526	3600		265.51		 114674586		527.00
8701	1683095469	943		265.34		 107124709		529.00
-999	1683096669	1200		261.22		         0		-999.00
-999	1683100269	3600		258.21		         0		-999.00
-999	1683103869	3600		258.40		         0		-999.00
-999	1683107469	3600		258.45		         0		-999.00
-999	1683111069	3600		258.45		         0		-999.00
-999	1683114669	3600		258.45		         0		-999.00
-999	1683118269	3600		258.45		         0		-999.00
-999	1683121869	3600		258.49		         0		-999.00
-999	1683125469	3600		258.49		         0		-999.00
-999	1683129069	3600		258.47		         0		-999.00
-999	1683132669	3600		258.50		         0		-999.00
-999	1683136269	3600		258.50		         0		-999.00
-999	1683139869	3600		258.50		         0		-999.00
-999	1683143469	3600		258.50		         0		-999.00
-999	1683147069	3600		258.50		         0		-999.00
-999	1683150669	3600		258.50		         0		-999.00
-999	1683154269	3600		258.50		         0		-999.00
-999	1683157869	3600		258.38		         0		-999.00
-999	1683161469	3600		258.50		         0		-999.00
-999	1683165069	3600		258.50		         0		-999.00
-999	1683168669	3600		258.50		         0		-999.00
-999	1683172269	3600		261.50		         0		-999.00
-999	1683175869	3600		261.45		         0		-999.00
-999	1683179469	3600		261.64		         0		-999.00
-999	1683183069	3600		261.37		         0		-999.00
-999	1683186669	3600		261.50		         0		-999.00
-999	1683190269	3600		261.59		         0		-999.00
-999	1683193869	3600		261.50		         0		-999.00
-999	1683197469	3600		258.33		         0		-999.00
-999	1683201069	3600		258.41		         0		-999.00
-999	1683204669	3600		258.47		         0		-999.00
-999	1683208269	3600		258.41		         0		-999.00
-999	1683211869	3600		258.39		         0		-999.00
-999	1683215469	3600		258.45		         0		-999.00
-999	1683219069	3600		258.39		         0		-999.00
-999	1683222669	3600		258.51		         0		-999.00
-999	1683226269	3600		258.45		         0		-999.00
-999	1683229869	3600		258.44		         0		-999.00
-999	1683233469	3600		258.44		         0		-999.00
-999	1683237069	3600		258.44		         0		-999.00
-999	1683240669	3600		258.44		         0		-999.00
-999	1683244269	3600		261.52		         0		-999.00
-999	1683247869	3600		261.64		         0		-999.00
-999	1683251469	3600		261.64		         0		-999.00
-999	1683255069	3600		261.64		         0		-999.00
-999	1683258669	3600		261.64		         0		-999.00
-999	1683262269	3600		261.64		         0		-999.00
-999	1683265869	3600		261.64		         0		-999.00
-999	1683269469	3600		261.30		         0		-999.00
-999	1683273069	3600		261.52		         0		-999.00
-999	1683276669	3600		258.43		         0		-999.00
-999	1683095469	-181200		259.13		         0		-999.00
8723	1683280690	1200		262.59		  34528383		438.00
8723	1683284290	3600		263.34		  50946834		478.50
8723	1683287890	3600		263.58		  56100002		484.00
8723	1683291490	3600		263.58		  55919170		487.00
8723	1683295090	3600		263.51		  55746898		485.50
8723	1683298405	3315		263.20		  44717144		486.00
-999	1683299605	1200		261.78		         0		-999.00
-999	1683303205	3600		258.23		         0		-999.00
-999	1683306805	3600		258.41		         0		-999.00
-999	1683310405	3600		258.47		         0		-999.00
-999	1683298405	-12000		258.57		         0		-999.00
8724	1683314294	1200		264.55		  87927943		503.50
8724	1683317894	3600		265.71		 117082341		532.00
8724	1683321494	3600		266.30		 134823983		542.00
8724	1683324838	3344		266.59		 144444016		547.50
-999	1683326038	1200		258.23		         0		-999.00
-999	1683329638	3600		261.65		         0		-999.00
-999	1683333238	3600		258.21		         0		-999.00
-999	1683336838	3600		258.39		         0		-999.00
-999	1683324838	-12000		258.31		         0		-999.00
8725	1683339048	1200		264.38		  81321224		505.00
8725	1683342648	3600		265.89		 125548005		540.00
8725	1683346248	3600		266.40		 142477460		541.00
8725	1683349848	3600		266.49		 143652899		545.50
8725	1683353448	3600		266.06		 136618477		524.00
8725	1683354671	1223		264.73		  82340988		555.00
-999	1683355871	1200		258.31		         0		-999.00
-999	1683359471	3600		258.35		         0		-999.00
-999	1683363071	3600		258.40		         0		-999.00
-999	1683354671	-8400		258.50		         0		-999.00
8728	1683366136	1200		265.00		 102576465		511.00
8728	1683369736	3600		266.41		 139928263		555.00
8728	1683373336	3600		266.96		 158276521		558.00
8728	1683376936	3600		267.01		 159985144		563.00
8728	1683378504	1568		266.96		 158236604		564.50
-999	1683379704	1200		258.26		         0		-999.00
-999	1683383304	3600		258.35		         0		-999.00
-999	1683386904	3600		258.35		         0		-999.00
-999	1683378504	-8400		259.21		         0		-999.00
8729	1683390518	1200		264.86		  95819676		524.50
8729	1683394118	3600		266.75		 150899770		557.50
8729	1683397718	3600		266.52		 158425501		486.00
8729	1683401318	3600		266.16		 160861868		468.00
8729	1683404918	3600		266.97		 158909793		560.50
8729	1683408518	3600		265.93		 131180431		549.00
8729	1683412118	3600		266.35		 142456955		553.00
8729	1683415718	3600		266.01		 131040656		550.50
8729	1683419318	3600		265.64		 120542187		545.50
8729	1683422918	3600		265.37		 111813808		539.00
8729	1683426518	3600		265.14		 104095716		538.50
8729	1683426721	203		265.41		 113085666		538.50
-999	1683427921	1200		261.67		         0		-999.00
-999	1683431521	3600		258.35		         0		-999.00
-999	1683435121	3600		258.39		         0		-999.00
-999	1683426721	-8400		259.02		         0		-999.00
8730	1683438203	1200		264.72		  93386412		526.00
8730	1683441803	3600		266.59		 145907358		567.50
8730	1683445403	3600		267.04		 160394748		572.00
8730	1683449003	3600		266.98		 158556209		572.00
8730	1683452603	3600		266.90		 158402144		571.50
8730	1683456203	3600		266.60		 148169842		567.00
8730	1683459803	3600		266.21		 136711644		564.50
8730	1683463403	3600		265.93		 127625258		557.50
8730	1683467003	3600		265.58		 117911550		553.50
8730	1683470603	3600		265.18		 108030915		548.00
8730	1683474203	3600		264.98		  99712359		547.50
8730	1683477693	3490		264.48		  87932716		532.00
-999	1683478893	1200		258.19		         0		-999.00
-999	1683482493	3600		258.22		         0		-999.00
-999	1683477693	-4800		258.22		         0		-999.00
8731	1683486107	1200		266.53		 148206541		562.50
8731	1683489707	3600		268.91		 208109479		654.00
8731	1683493307	3600		269.84		 255400385		609.50
8731	1683496907	3600		268.72		 205770270		644.50
8731	1683500507	3600		268.34		 198547327		622.00
8731	1683504107	3600		269.14		 221978407		635.00
8731	1683507707	3600		268.93		 218670503		636.50
8731	1683511307	3600		267.64		 181438926		615.50
8731	1683511541	234		268.55		 209639242		621.50
-999	1683512741	1200		261.57		         0		-999.00
-999	1683516341	3600		261.57		         0		-999.00
-999	1683519941	3600		261.47		         0		-999.00
-999	1683523541	3600		261.57		         0		-999.00
-999	1683527141	3600		261.28		         0		-999.00
-999	1683530741	3600		261.19		         0		-999.00
-999	1683534341	3600		258.35		         0		-999.00
-999	1683537941	3600		258.35		         0		-999.00
-999	1683541541	3600		258.35		         0		-999.00
-999	1683545141	3600		258.35		         0		-999.00
-999	1683548741	3600		258.35		         0		-999.00
-999	1683552341	3600		258.35		         0		-999.00
-999	1683555941	3600		258.37		         0		-999.00
-999	1683559541	3600		258.37		         0		-999.00
-999	1683563141	3600		258.39		         0		-999.00
-999	1683566741	3600		258.40		         0		-999.00
-999	1683570341	3600		258.35		         0		-999.00
-999	1683573941	3600		258.32		         0		-999.00
-999	1683511541	-62400		259.26		         0		-999.00
8736	1683576337	1200		266.20		 140054600		548.00
8736	1683579937	3600		267.63		 173568444		618.50
8736	1683583537	3600		270.03		 252202994		637.50
8736	1683587137	3600		270.14		 251489869		645.50
8736	1683590737	3600		270.00		 247840033		650.00
8736	1683594337	3600		270.19		 250486141		657.50
8736	1683597937	3600		269.04		 211551950		661.50
8736	1683601537	3600		269.68		 238107989		648.00
8736	1683605137	3600		269.16		 223128566		646.00
8736	1683608737	3600		268.67		 207793920		634.50
8736	1683612337	3600		268.23		 195346243		633.50
8736	1683615937	3600		267.74		 181054446		622.00
8736	1683618731	2794		267.46		 172263435		616.50
-999	1683619931	1200		258.21		         0		-999.00
-999	1683623531	3600		258.37		         0		-999.00
-999	1683627131	3600		258.34		         0		-999.00
-999	1683630731	3600		258.35		         0		-999.00
-999	1683634331	3600		258.20		         0		-999.00
-999	1683637931	3600		258.38		         0		-999.00
-999	1683618731	-19200		258.21		         0		-999.00
8738	1683642353	1200		266.57		 145673368		589.50
8738	1683645953	3600		268.81		 224291175		576.00
8738	1683649553	3600		270.16		 251669822		666.00
8738	1683653153	3600		270.15		 250362317		669.50
8738	1683656753	3600		269.07		 236121627		585.50
8738	1683660353	3600		268.39		 200989951		637.50
8738	1683663953	3600		268.43		 204408640		637.50
8738	1683667553	3600		267.93		 187718438		631.00
8738	1683671153	3600		267.50		 173972478		625.00
8738	1683673388	2235		267.14		 163538052		621.50
-999	1683674588	1200		258.33		         0		-999.00
-999	1683678188	3600		258.40		         0		-999.00
-999	1683681788	3600		258.39		         0		-999.00
-999	1683673388	-8400		258.27		         0		-999.00
8739	1683683786	1200		264.74		  92788525		570.00
8739	1683687386	3600		267.38		 162968488		650.50
8739	1683690986	3600		270.16		 249187396		680.50
8739	1683694586	3600		270.04		 248699528		674.00
8739	1683698186	3600		269.96		 247989841		674.50
8739	1683701786	3600		269.35		 227935642		667.00
8739	1683705386	3600		268.66		 208959257		654.50
8739	1683708986	3600		268.13		 191008085		649.00
8739	1683712586	3600		267.62		 176459916		640.00
8739	1683716186	3600		267.21		 165795633		630.50
8739	1683716578	392		267.03		 159797267		636.00
-999	1683717778	1200		258.26		         0		-999.00
-999	1683721378	3600		258.38		         0		-999.00
-999	1683724978	3600		258.38		         0		-999.00
-999	1683728578	3600		258.38		         0		-999.00
-999	1683732178	3600		258.36		         0		-999.00
-999	1683735778	3600		258.38		         0		-999.00
-999	1683739378	3600		258.47		         0		-999.00
-999	1683716578	-22800		258.46		         0		-999.00
8741	1683740579	1200		264.79		  91211008		580.00
8741	1683744179	3600		267.49		 163615761		660.00
8741	1683747779	3600		270.21		 255194805		681.00
8741	1683751379	3600		269.89		 244765532		673.00
8741	1683754979	3600		269.18		 223161439		663.50
8741	1683758579	3600		268.52		 203051203		651.00
8741	1683762179	3600		267.99		 187470319		647.50
8741	1683765779	3600		267.49		 172420556		643.50
8741	1683766730	951		267.23		 165764125		642.50
-999	1683767930	1200		261.55		         0		-999.00
-999	1683771530	3600		258.46		         0		-999.00
-999	1683775130	3600		258.40		         0		-999.00
-999	1683778730	3600		258.40		         0		-999.00
-999	1683782330	3600		258.46		         0		-999.00
-999	1683785930	3600		258.43		         0		-999.00
-999	1683789530	3600		258.39		         0		-999.00
-999	1683766730	-22800		259.26		         0		-999.00
8746	1683791989	1200		265.14		  98874253		603.00
8746	1683795589	3600		269.20		 209371561		739.50
8746	1683799189	3600		271.90		 305941711		718.50
8746	1683802789	3600		271.10		 279504613		711.50
8746	1683806389	3600		269.00		 217458246		695.50
8746	1683809989	3600		269.61		 235568930		698.50
8746	1683813589	3600		269.12		 219303981		687.00
8746	1683817189	3600		268.60		 201867769		682.00
8746	1683820789	3600		268.10		 189631850		672.00
8746	1683824389	3600		267.66		 176474165		665.00
8746	1683827084	2695		258.30		 167792620		 10.00
-999	1683828284	1200		258.46		         0		-999.00
-999	1683831884	3600		258.46		         0		-999.00
-999	1683835484	3600		258.46		         0		-999.00
-999	1683839084	3600		258.45		         0		-999.00
-999	1683842684	3600		258.37		         0		-999.00
-999	1683846284	3600		258.40		         0		-999.00
-999	1683827084	-19200		258.30		         0		-999.00
-999	1683849134	1200		261.53		         0		-999.00
-999	1683852734	3600		258.48		         0		-999.00
-999	1683856334	3600		258.21		         0		-999.00
-999	1683859934	3600		261.64		         0		-999.00
-999	1683863534	3600		261.64		         0		-999.00
-999	1683867134	3600		261.35		         0		-999.00
-999	1683870734	3600		261.61		         0		-999.00
-999	1683874334	3600		261.40		         0		-999.00
-999	1683877934	3600		261.55		         0		-999.00
-999	1683881534	3600		261.52		         0		-999.00
-999	1683885134	3600		261.63		         0		-999.00
-999	1683888734	3600		258.26		         0		-999.00
-999	1683892334	3600		258.50		         0		-999.00
-999	1683847934	-44400		259.38		         0		-999.00
8754	1683896244	1200		266.01		 120261698		635.50
8754	1683899844	3600		270.10		 240266632		756.00
8754	1683903444	3600		272.72		 327642194		756.00
8754	1683907044	3600		272.78		 327564589		766.00
8754	1683910644	3600		272.46		 320426469		762.00
8754	1683914244	3600		271.72		 298104830		743.00
8754	1683917844	3600		270.86		 271209409		734.00
8754	1683921444	3600		270.14		 249821236		724.00
8754	1683925044	3600		269.58		 232506687		717.00
8754	1683928644	3600		268.97		 214384689		708.50
8754	1683932244	3600		268.57		 201121520		701.00
8754	1683935844	3600		268.02		 186704411		691.00
8754	1683939444	3600		267.79		 175733248		690.00
8754	1683943044	3600		267.30		 164817669		675.00
8754	1683943481	437		267.21		 161727049		679.00
-999	1683944681	1200		261.69		         0		-999.00
-999	1683948281	3600		258.29		         0		-999.00
-999	1683951881	3600		258.47		         0		-999.00
-999	1683955481	3600		258.38		         0		-999.00
-999	1683959081	3600		258.46		         0		-999.00
-999	1683962681	3600		258.46		         0		-999.00
-999	1683966281	3600		258.45		         0		-999.00
-999	1683969881	3600		258.45		         0		-999.00
-999	1683973481	3600		258.43		         0		-999.00
-999	1683977081	3600		258.44		         0		-999.00
-999	1683980681	3600		258.44		         0		-999.00
-999	1683984281	3600		258.33		         0		-999.00
-999	1683987881	3600		258.51		         0		-999.00
-999	1683991481	3600		258.51		         0		-999.00
-999	1683995081	3600		258.41		         0		-999.00
-999	1683998681	3600		261.57		         0		-999.00
-999	1684002281	3600		261.68		         0		-999.00
-999	1684005881	3600		258.46		         0		-999.00
-999	1684009481	3600		258.40		         0		-999.00
-999	1684013081	3600		258.40		         0		-999.00
-999	1684016681	3600		261.46		         0		-999.00
-999	1684020281	3600		261.64		         0		-999.00
-999	1684023881	3600		261.64		         0		-999.00
-999	1684027481	3600		258.41		         0		-999.00
-999	1684031081	3600		261.63		         0		-999.00
-999	1684034681	3600		258.43		         0		-999.00
-999	1684038281	3600		258.38		         0		-999.00
-999	1684041881	3600		258.43		         0		-999.00
-999	1684045481	3600		258.43		         0		-999.00
-999	1684049081	3600		258.43		         0		-999.00
-999	1684052681	3600		258.43		         0		-999.00
-999	1683943481	-109200		258.30		         0		-999.00
8771	1684054343	1200		266.70		 141771202		659.00
8771	1684057943	3600		271.53		 291345382		756.00
8771	1684061543	3600		272.71		 326986434		770.50
8771	1684065143	3600		272.62		 325628827		761.50
8771	1684068743	3600		272.24		 318956166		750.00
8771	1684072343	3600		271.41		 289667004		745.50
8771	1684075943	3600		270.54		 262610300		736.00
8771	1684079543	3600		269.90		 243093571		727.00
8771	1684083143	3600		269.28		 224039934		711.50
8771	1684086743	3600		268.63		 206290094		707.50
8771	1684090343	3600		268.25		 193552014		699.00
8771	1684093943	3600		267.77		 179526768		696.00
8771	1684097465	3522		258.47		 168423202		 10.00
-999	1684098665	1200		258.34		         0		-999.00
-999	1684102265	3600		258.36		         0		-999.00
-999	1684105865	3600		258.40		         0		-999.00
-999	1684109465	3600		258.46		         0		-999.00
-999	1684113065	3600		258.41		         0		-999.00
-999	1684116665	3600		258.39		         0		-999.00
-999	1684120265	3600		258.45		         0		-999.00
-999	1684097465	-22800		258.23		         0		-999.00
8773	1684123043	1200		266.38		 131292112		673.50
8773	1684126643	3600		269.95		 233802823		783.00
8773	1684130243	3600		272.69		 327030832		787.50
8773	1684133843	3600		272.75		 325396787		806.00
8773	1684137443	3600		272.77		 327233935		811.00
8773	1684141043	3600		272.60		 324582266		792.50
8773	1684144643	3600		271.93		 303212932		786.00
8773	1684148243	3600		270.87		 274184692		751.50
8773	1684151843	3600		270.24		 252762767		759.00
8773	1684155443	3600		269.58		 233324686		747.50
8773	1684159043	3600		268.96		 214126326		736.50
8773	1684162643	3600		268.48		 200164931		725.50
8773	1684165877	3234		268.08		 187225874		718.50
-999	1684167077	1200		258.27		         0		-999.00
-999	1684170677	3600		261.55		         0		-999.00
-999	1684174277	3600		258.16		         0		-999.00
-999	1684177877	3600		258.43		         0		-999.00
-999	1684181477	3600		258.41		         0		-999.00
-999	1684165877	-15600		258.50		         0		-999.00
8775	1684183244	1200		266.71		 143482942		689.50
8775	1684186844	3600		271.24		 277031620		807.00
8775	1684190444	3600		272.74		 325050132		816.50
8775	1684194044	3600		272.77		 327908539		820.00
8775	1684197644	3600		272.56		 329079313		806.00
8775	1684201244	3600		272.10		 309484270		808.50
8775	1684204844	3600		271.32		 285361898		794.50
8775	1684204879	35		267.97		 173973027		789.00
-999	1684206079	1200		261.40		         0		-999.00
-999	1684209679	3600		261.64		         0		-999.00
-999	1684213279	3600		261.70		         0		-999.00
-999	1684216879	3600		261.63		         0		-999.00
-999	1684220479	3600		258.16		         0		-999.00
-999	1684224079	3600		258.48		         0		-999.00
-999	1684227679	3600		258.43		         0		-999.00
-999	1684231279	3600		258.49		         0		-999.00
-999	1684204879	-26400		259.75		         0		-999.00
8778	1684235156	1200		261.69		    193995		558.50
8778	1684238756	3600		261.58		    197853		554.50
8778	1684242356	3600		261.58		    324529		557.50
8778	1684245956	3600		261.58		    473673		555.00
8778	1684249556	3600		261.58		    339949		557.00
8778	1684253156	3600		261.59		    468337		553.00
8778	1684255916	2760		261.65		    508733		556.00
-999	1684257116	1200		261.56		         0		-999.00
-999	1684260716	3600		258.35		         0		-999.00
-999	1684264316	3600		258.52		         0		-999.00
-999	1684267916	3600		258.52		         0		-999.00
-999	1684271516	3600		261.57		         0		-999.00
-999	1684275116	3600		261.69		         0		-999.00
-999	1684278716	3600		258.23		         0		-999.00
-999	1684282316	3600		258.55		         0		-999.00
-999	1684255916	-26400		258.57		         0		-999.00
8782	1684285707	1200		266.62		 138076583		691.50
8782	1684289307	3600		271.13		 274262155		800.50
8782	1684292907	3600		272.52		 324624769		820.00
8782	1684296507	3600		272.76		 328191834		818.00
8782	1684300107	3600		272.62		 323585820		822.50
8782	1684303707	3600		271.95		 302841918		812.00
8782	1684307307	3600		270.50		 254335790		804.00
8782	1684310907	3600		270.00		 247163877		767.00
8782	1684314507	3600		269.45		 228701875		766.00
8782	1684318006	3499		268.31		 198981577		744.00
-999	1684319206	1200		257.94		         0		-999.00
-999	1684322806	3600		261.50		         0		-999.00
-999	1684326406	3600		261.72		         0		-999.00
-999	1684330006	3600		258.80		         0		-999.00
-999	1684333606	3600		258.19		         0		-999.00
-999	1684337206	3600		261.60		         0		-999.00
-999	1684340806	3600		261.66		         0		-999.00
-999	1684344406	3600		261.65		         0		-999.00
-999	1684348006	3600		258.46		         0		-999.00
-999	1684351606	3600		258.46		         0		-999.00
-999	1684355206	3600		262.59		         0		-999.00
-999	1684358806	3600		262.82		         0		-999.00
-999	1684362406	3600		262.96		         0		-999.00
-999	1684366006	3600		262.84		         0		-999.00
-999	1684369606	3600		262.95		         0		-999.00
-999	1684373206	3600		261.39		         0		-999.00
-999	1684376806	3600		261.64		         0		-999.00
-999	1684380406	3600		261.65		         0		-999.00
-999	1684384006	3600		261.65		         0		-999.00
-999	1684387606	3600		261.64		         0		-999.00
-999	1684391206	3600		258.23		         0		-999.00
-999	1684394806	3600		258.48		         0		-999.00
-999	1684398406	3600		261.53		         0		-999.00
-999	1684402006	3600		258.52		         0		-999.00
-999	1684405606	3600		258.42		         0		-999.00
-999	1684318006	-87600		258.51		         0		-999.00
8786	1684407889	1200		266.77		 143997494		713.00
8786	1684411489	3600		271.25		 274615799		840.50
8786	1684415089	3600		272.56		 322501516		834.50
8786	1684418689	3600		272.38		 312532429		854.00
8786	1684422289	3600		272.54		 319967813		843.50
8786	1684425889	3600		272.27		 310891519		841.00
8786	1684429489	3600		271.45		 288174328		823.00
8786	1684433089	3600		270.65		 263582804		810.00
8786	1684436689	3600		269.98		 245040707		792.50
8786	1684440289	3600		269.40		 225877768		783.50
8786	1684443889	3600		268.86		 209854357		774.00
8786	1684447489	3600		268.36		 196881765		761.50
8786	1684451089	3600		267.95		 183173680		757.50
8786	1684454689	3600		267.61		 172207991		751.00
8786	1684458289	3600		265.87		 122444495		729.50
8786	1684461889	3600		266.63		 141878479		736.00
8786	1684462557	668		266.64		 146172725		733.00
-999	1684463757	1200		261.67		         0		-999.00
-999	1684467357	3600		258.38		         0		-999.00
-999	1684470957	3600		258.45		         0		-999.00
-999	1684474557	3600		258.54		         0		-999.00
-999	1684478157	3600		258.45		         0		-999.00
-999	1684481757	3600		258.41		         0		-999.00
-999	1684485357	3600		258.47		         0		-999.00
-999	1684488957	3600		258.46		         0		-999.00
-999	1684492557	3600		261.65		         0		-999.00
-999	1684496157	3600		258.50		         0		-999.00
-999	1684499757	3600		258.44		         0		-999.00
-999	1684503357	3600		261.55		         0		-999.00
-999	1684506957	3600		258.40		         0		-999.00
-999	1684510557	3600		258.47		         0		-999.00
-999	1684462557	-48000		258.41		         0		-999.00
8794	1684511976	1200		265.10		  94921253		716.00
8794	1684515576	3600		271.06		 272274054		836.50
8794	1684519176	3600		272.34		 310901328		849.00
8794	1684522776	3600		272.31		 314099909		853.50
8794	1684522986	210		271.72		 319218035		131.00
-999	1684524186	1200		258.25		         0		-999.00
-999	1684527786	3600		261.58		         0		-999.00
-999	1684531386	3600		261.64		         0		-999.00
-999	1684534986	3600		261.69		         0		-999.00
-999	1684538586	3600		258.46		         0		-999.00
-999	1684542186	3600		258.46		         0		-999.00
-999	1684522986	-19200		258.36		         0		-999.00
8796	1684546540	1200		266.96		 146951750		746.50
8796	1684550140	3600		271.34		 277966816		856.50
8796	1684553740	3600		272.22		 310978795		849.50
8796	1684554852	1112		272.25		 310145069		865.00
-999	1684556052	1200		261.56		         0		-999.00
-999	1684559652	3600		261.68		         0		-999.00
-999	1684563252	3600		261.68		         0		-999.00
-999	1684566852	3600		261.68		         0		-999.00
-999	1684570452	3600		261.68		         0		-999.00
-999	1684574052	3600		261.68		         0		-999.00
-999	1684577652	3600		261.68		         0		-999.00
-999	1684581252	3600		261.68		         0		-999.00
-999	1684584852	3600		261.78		         0		-999.00
-999	1684588452	3600		261.72		         0		-999.00
-999	1684592052	3600		261.72		         0		-999.00
-999	1684595652	3600		261.67		         0		-999.00
-999	1684599252	3600		261.72		         0		-999.00
-999	1684602852	3600		261.72		         0		-999.00
-999	1684606452	3600		261.72		         0		-999.00
-999	1684610052	3600		261.72		         0		-999.00
-999	1684613652	3600		258.38		         0		-999.00
-999	1684617252	3600		258.49		         0		-999.00
-999	1684620852	3600		258.49		         0		-999.00
-999	1684624452	3600		258.49		         0		-999.00
-999	1684628052	3600		258.49		         0		-999.00
-999	1684631652	3600		258.49		         0		-999.00
-999	1684554852	-76800		259.95		         0		-999.00
8804	1684634787	1200		266.35		 133678484		708.00
8804	1684638387	3600		270.54		 254005026		850.50
8804	1684641987	3600		272.15		 311199416		843.50
8804	1684645587	3600		272.20		 307018234		864.50
8804	1684649187	3600		272.12		 310293312		847.50
8804	1684650368	1181		271.95		 301329738		863.50
-999	1684651568	1200		261.46		         0		-999.00
-999	1684655168	3600		258.39		         0		-999.00
-999	1684658768	3600		258.32		         0		-999.00
-999	1684662368	3600		258.44		         0		-999.00
-999	1684665968	3600		258.44		         0		-999.00
-999	1684669568	3600		258.44		         0		-999.00
-999	1684650368	-19200		259.91		         0		-999.00
8807	1684673937	1200		266.57		 139127794		738.50
8807	1684677537	3600		271.60		 286389070		875.00
8807	1684678788	1251		272.87		 332588524		863.50
-999	1684679988	1200		261.49		         0		-999.00
-999	1684683588	3600		258.38		         0		-999.00
-999	1684687188	3600		261.55		         0		-999.00
-999	1684690788	3600		261.55		         0		-999.00
-999	1684694388	3600		261.55		         0		-999.00
-999	1684697988	3600		261.61		         0		-999.00
-999	1684701588	3600		261.55		         0		-999.00
-999	1684705188	3600		261.55		         0		-999.00
-999	1684708788	3600		258.45		         0		-999.00
-999	1684712388	3600		258.39		         0		-999.00
-999	1684715988	3600		258.39		         0		-999.00
-999	1684678788	-37200		259.69		         0		-999.00
8811	1684718061	1200		266.99		 153829731		737.50
8811	1684720723	2662		270.85		 264849161		858.00
-999	1684721923	1200		261.52		         0		-999.00
-999	1684725523	3600		258.45		         0		-999.00
-999	1684729123	3600		258.39		         0		-999.00
-999	1684732723	3600		258.41		         0		-999.00
-999	1684736323	3600		258.46		         0		-999.00
-999	1684739923	3600		258.49		         0		-999.00
-999	1684743523	3600		258.26		         0		-999.00
-999	1684747123	3600		258.27		         0		-999.00
-999	1684750723	3600		258.40		         0		-999.00
-999	1684754323	3600		258.34		         0		-999.00
-999	1684757923	3600		258.40		         0		-999.00
-999	1684761523	3600		258.44		         0		-999.00
-999	1684765123	3600		258.44		         0		-999.00
-999	1684768723	3600		258.44		         0		-999.00
-999	1684720723	-48000		259.96		         0		-999.00
8816	1684772267	1200		267.45		 163979022		756.00
8816	1684775867	3600		271.87		 300916532		845.50
8816	1684779467	3600		272.88		 330905316		862.50
8816	1684781657	2190		272.79		 328154408		872.00
-999	1684782857	1200		261.39		         0		-999.00
-999	1684786457	3600		258.22		         0		-999.00
-999	1684790057	3600		258.38		         0		-999.00
-999	1684781657	-8400		259.95		         0		-999.00
8817	1684794343	1200		267.10		 153573793		751.50
8817	1684797943	3600		271.63		 294627381		850.50
8817	1684801543	3600		272.89		 330868951		877.00
8817	1684805143	3600		272.74		 327705403		870.00
8817	1684808743	3600		272.87		 331815219		877.50
8817	1684812343	3600		272.86		 327438650		887.50
8817	1684815943	3600		272.43		 317171897		872.00
8817	1684819543	3600		271.44		 289691396		850.00
8817	1684823143	3600		270.76		 269035817		845.00
8817	1684826743	3600		269.93		 249586852		814.00
8817	1684830343	3600		269.51		 230146318		821.50
8817	1684833943	3600		268.86		 212494158		798.50
8817	1684837543	3600		267.92		 181916280		795.00
8817	1684839094	1551		258.19		 189598989		 10.00
-999	1684840294	1200		258.35		         0		-999.00
-999	1684843894	3600		261.11		         0		-999.00
-999	1684847494	3600		258.23		         0		-999.00
-999	1684851094	3600		261.54		         0		-999.00
-999	1684854694	3600		258.11		         0		-999.00
-999	1684858294	3600		258.41		         0		-999.00
-999	1684861894	3600		258.41		         0		-999.00
-999	1684865494	3600		258.41		         0		-999.00
-999	1684869094	3600		258.41		         0		-999.00
-999	1684872694	3600		258.41		         0		-999.00
-999	1684876294	3600		258.41		         0		-999.00
-999	1684839094	-37200		258.19		         0		-999.00
8821	1684879030	1200		267.55		 167148227		785.50
8821	1684882630	3600		272.38		 319268497		871.50
8821	1684886230	3600		273.18		 340117856		905.00
8821	1684889830	3600		273.18		 340012345		915.50
8821	1684893430	3600		272.97		 340161723		910.50
8821	1684897030	3600		273.24		 341130139		926.00
8821	1684900630	3600		272.95		 335454038		908.50
8821	1684904230	3600		272.30		 315628145		887.00
8821	1684907830	3600		271.32		 288808882		869.00
8821	1684911430	3600		270.80		 269460073		859.50
8821	1684915030	3600		270.11		 248220952		854.00
8821	1684918630	3600		269.58		 232613598		842.00
8821	1684922230	3600		268.94		 215238765		820.50
8821	1684925830	3600		268.55		 202404153		822.00
8821	1684929430	3600		268.10		 189265499		808.50
8821	1684930062	632		267.84		 180577716		805.00
-999	1684931262	1200		258.19		         0		-999.00
-999	1684934862	3600		258.55		         0		-999.00
-999	1684938462	3600		258.34		         0		-999.00
-999	1684942062	3600		258.45		         0		-999.00
-999	1684930062	-12000		258.33		         0		-999.00
8822	1684943510	1200		267.29		 162787216		790.50
8822	1684947110	3600		271.97		 302201194		908.50
8822	1684950710	3600		273.09		 344351111		912.50
8822	1684954310	3600		273.35		 343724475		944.00
8822	1684957910	3600		273.23		 339894919		945.50
8822	1684961510	3600		273.20		 339563360		943.00
8822	1684965110	3600		272.69		 333647479		907.00
8822	1684968710	3600		272.07		 305261267		922.50
8822	1684972310	3600		271.21		 281697918		904.50
8822	1684975910	3600		270.43		 257908653		881.00
8822	1684979510	3600		269.85		 240432437		868.00
8822	1684983110	3600		269.23		 222390501		858.00
8822	1684985688	2578		268.91		 211555195		850.00
-999	1684986888	1200		261.39		         0		-999.00
-999	1684990488	3600		261.53		         0		-999.00
-999	1684994088	3600		261.42		         0		-999.00
-999	1684997688	3600		261.52		         0		-999.00
-999	1685001288	3600		261.56		         0		-999.00
-999	1685004888	3600		261.55		         0		-999.00
-999	1685008488	3600		258.46		         0		-999.00
-999	1685012088	3600		258.58		         0		-999.00
-999	1685015688	3600		261.67		         0		-999.00
-999	1685019288	3600		261.67		         0		-999.00
-999	1685022888	3600		258.20		         0		-999.00
-999	1685026488	3600		258.42		         0		-999.00
-999	1685030088	3600		261.50		         0		-999.00
-999	1685033688	3600		258.44		         0		-999.00
-999	1685037288	3600		261.55		         0		-999.00
-999	1685040888	3600		258.33		         0		-999.00
-999	1685044488	3600		258.36		         0		-999.00
-999	1685048088	3600		258.45		         0		-999.00
-999	1685051688	3600		258.25		         0		-999.00
-999	1685055288	3600		258.44		         0		-999.00
-999	1685058888	3600		258.33		         0		-999.00
-999	1685062488	3600		261.50		         0		-999.00
-999	1685066088	3600		261.38		         0		-999.00
-999	1685069688	3600		261.38		         0		-999.00
-999	1685073288	3600		261.38		         0		-999.00
-999	1685076888	3600		261.38		         0		-999.00
-999	1685080488	3600		261.38		         0		-999.00
-999	1685084088	3600		261.33		         0		-999.00
-999	1685087688	3600		261.42		         0		-999.00
-999	1685091288	3600		261.38		         0		-999.00
-999	1685094888	3600		261.41		         0		-999.00
-999	1685098488	3600		261.58		         0		-999.00
-999	1685102088	3600		261.55		         0		-999.00
-999	1685105688	3600		261.55		         0		-999.00
-999	1685109288	3600		261.53		         0		-999.00
-999	1685112888	3600		261.53		         0		-999.00
-999	1685116488	3600		261.63		         0		-999.00
-999	1685120088	3600		261.62		         0		-999.00
-999	1685123688	3600		261.56		         0		-999.00
-999	1685127288	3600		258.33		         0		-999.00
-999	1685130888	3600		258.38		         0		-999.00
-999	1685134488	3600		258.44		         0		-999.00
-999	1685138088	3600		258.33		         0		-999.00
-999	1685141688	3600		258.44		         0		-999.00
-999	1685145288	3600		258.33		         0		-999.00
-999	1685148888	3600		258.38		         0		-999.00
-999	1685152488	3600		258.33		         0		-999.00
-999	1685156088	3600		258.33		         0		-999.00
-999	1685159688	3600		258.35		         0		-999.00
-999	1685163288	3600		258.35		         0		-999.00
-999	1685166888	3600		258.33		         0		-999.00
-999	1685170488	3600		261.51		         0		-999.00
-999	1685174088	3600		261.61		         0		-999.00
-999	1685177688	3600		261.61		         0		-999.00
-999	1685181288	3600		261.61		         0		-999.00
-999	1685184888	3600		261.61		         0		-999.00
-999	1685188488	3600		261.61		         0		-999.00
-999	1685192088	3600		261.61		         0		-999.00
-999	1685195688	3600		261.61		         0		-999.00
-999	1685199288	3600		261.61		         0		-999.00
-999	1685202888	3600		258.34		         0		-999.00
-999	1685206488	3600		258.34		         0		-999.00
-999	1685210088	3600		258.39		         0		-999.00
-999	1685213688	3600		258.34		         0		-999.00
-999	1685217288	3600		258.34		         0		-999.00
-999	1685220888	3600		258.34		         0		-999.00
-999	1685224488	3600		258.34		         0		-999.00
-999	1685228088	3600		258.34		         0		-999.00
-999	1685231688	3600		258.34		         0		-999.00
-999	1685235288	3600		258.34		         0		-999.00
-999	1685238888	3600		258.34		         0		-999.00
-999	1685242488	3600		258.34		         0		-999.00
-999	1685246088	3600		258.39		         0		-999.00
-999	1685249688	3600		258.34		         0		-999.00
-999	1685253288	3600		258.34		         0		-999.00
-999	1685256888	3600		258.34		         0		-999.00
-999	1685260488	3600		258.34		         0		-999.00
-999	1685264088	3600		258.34		         0		-999.00
-999	1685267688	3600		258.39		         0		-999.00
-999	1685271288	3600		258.34		         0		-999.00
-999	1685274888	3600		258.34		         0		-999.00
-999	1685278488	3600		258.34		         0		-999.00
-999	1685282088	3600		258.34		         0		-999.00
-999	1685285688	3600		258.39		         0		-999.00
-999	1685289288	3600		258.34		         0		-999.00
-999	1685292888	3600		258.39		         0		-999.00
-999	1685296488	3600		258.34		         0		-999.00
-999	1685300088	3600		258.39		         0		-999.00
-999	1685303688	3600		258.45		         0		-999.00
-999	1685307288	3600		258.45		         0		-999.00
-999	1685310888	3600		258.39		         0		-999.00
-999	1685314488	3600		258.45		         0		-999.00
-999	1685318088	3600		258.45		         0		-999.00
-999	1685321688	3600		258.45		         0		-999.00
-999	1685325288	3600		258.45		         0		-999.00
-999	1685328888	3600		258.45		         0		-999.00
-999	1685332488	3600		258.45		         0		-999.00
-999	1685336088	3600		258.45		         0		-999.00
-999	1685339688	3600		258.53		         0		-999.00
-999	1685343288	3600		258.53		         0		-999.00
-999	1685346888	3600		258.52		         0		-999.00
-999	1685350488	3600		258.43		         0		-999.00
-999	1685354088	3600		258.40		         0		-999.00
-999	1685357688	3600		258.40		         0		-999.00
-999	1685361288	3600		258.46		         0		-999.00
-999	1685364888	3600		258.46		         0		-999.00
-999	1685368488	3600		258.46		         0		-999.00
-999	1685372088	3600		258.46		         0		-999.00
-999	1685375688	3600		261.69		         0		-999.00
-999	1685379288	3600		258.41		         0		-999.00
-999	1685382888	3600		258.21		         0		-999.00
-999	1685386488	3600		258.45		         0		-999.00
-999	1685390088	3600		258.45		         0		-999.00
-999	1685393688	3600		258.49		         0		-999.00
-999	1685397288	3600		258.49		         0		-999.00
-999	1685400888	3600		258.44		         0		-999.00
-999	1685404488	3600		258.44		         0		-999.00
-999	1685408088	3600		258.44		         0		-999.00
-999	1685411688	3600		258.44		         0		-999.00
-999	1685415288	3600		258.44		         0		-999.00
-999	1685418888	3600		258.46		         0		-999.00
-999	1685422488	3600		258.46		         0		-999.00
-999	1685426088	3600		261.57		         0		-999.00
-999	1685429688	3600		261.61		         0		-999.00
-999	1685433288	3600		261.32		         0		-999.00
-999	1685436888	3600		261.55		         0		-999.00
-999	1685440488	3600		258.34		         0		-999.00
-999	1685444088	3600		258.47		         0		-999.00
-999	1685447688	3600		258.47		         0		-999.00
-999	1685451288	3600		258.47		         0		-999.00
-999	1685454888	3600		258.46		         0		-999.00
-999	1685458488	3600		258.40		         0		-999.00
-999	1684985688	-472800		259.48		         0		-999.00
8850	1685461680	1200		263.32		  50537797		659.50
8850	1685465280	3600		264.44		  82128389		688.50
8850	1685468880	3600		264.64		  88136498		687.00
8850	1685472392	3512		264.64		  88208024		689.00
-999	1685473592	1200		261.52		         0		-999.00
-999	1685477192	3600		258.45		         0		-999.00
-999	1685480792	3600		258.42		         0		-999.00
-999	1685484392	3600		258.39		         0		-999.00
-999	1685472392	-12000		258.40		         0		-999.00
8853	1685486057	1200		263.75		  60379248		685.50
8853	1685489657	3600		265.86		 120517576		748.50
8853	1685493257	3600		266.98		 154696311		756.00
8853	1685496857	3600		266.67		 148123096		740.50
8853	1685497163	306		262.22		         0		740.50
-999	1685498363	1200		258.34		         0		-999.00
-999	1685501963	3600		258.30		         0		-999.00
-999	1685505563	3600		261.64		         0		-999.00
-999	1685509163	3600		261.65		         0		-999.00
-999	1685512763	3600		261.65		         0		-999.00
-999	1685516363	3600		261.52		         0		-999.00
-999	1685519963	3600		258.41		         0		-999.00
-999	1685523563	3600		261.57		         0		-999.00
-999	1685527163	3600		261.50		         0		-999.00
-999	1685530763	3600		261.45		         0		-999.00
-999	1685534363	3600		261.58		         0		-999.00
-999	1685537963	3600		261.64		         0		-999.00
-999	1685541563	3600		261.64		         0		-999.00
-999	1685545163	3600		261.64		         0		-999.00
-999	1685548763	3600		261.64		         0		-999.00
-999	1685552363	3600		261.58		         0		-999.00
-999	1685555963	3600		261.58		         0		-999.00
-999	1685559563	3600		261.63		         0		-999.00
-999	1685563163	3600		261.30		         0		-999.00
-999	1685566763	3600		261.58		         0		-999.00
-999	1685570363	3600		261.58		         0		-999.00
-999	1685573963	3600		261.52		         0		-999.00
-999	1685577563	3600		261.64		         0		-999.00
-999	1685581163	3600		261.59		         0		-999.00
-999	1685584763	3600		261.59		         0		-999.00
-999	1685588363	3600		261.59		         0		-999.00
-999	1685591963	3600		261.65		         0		-999.00
-999	1685595563	3600		261.59		         0		-999.00
-999	1685599163	3600		258.19		         0		-999.00
-999	1685602763	3600		258.38		         0		-999.00
-999	1685606363	3600		258.43		         0		-999.00
-999	1685609963	3600		258.43		         0		-999.00
-999	1685613563	3600		258.28		         0		-999.00
-999	1685617163	3600		258.33		         0		-999.00
-999	1685497163	-120000		258.40		         0		-999.00
8858	1685618820	1200		264.63		  85781100		704.00
8858	1685622420	3600		267.45		 167787372		790.50
8858	1685626020	3600		269.19		 220995276		807.00
8858	1685629620	3600		268.29		 197221422		788.00
8858	1685633220	3600		267.95		 188931326		780.00
8858	1685636820	3600		267.38		 171645887		770.50
8858	1685639129	2309		267.14		 163105127		770.50
-999	1685640329	1200		261.45		         0		-999.00
-999	1685643929	3600		258.34		         0		-999.00
-999	1685647529	3600		258.45		         0		-999.00
-999	1685639129	-8400		258.25		         0		-999.00
8860	1685651029	1200		264.91		  96393328		719.00
8860	1685654629	3600		268.00		 179948135		845.00
8860	1685658229	3600		269.80		 250167831		814.00
8860	1685661829	3600		269.61		 241159306		813.50
8860	1685665429	3600		269.03		 218006092		823.50
8860	1685669029	3600		268.35		 197951665		803.00
8860	1685672629	3600		267.90		 183143572		803.00
8860	1685676229	3600		267.40		 168593197		791.00
8860	1685679829	3600		267.01		 157841638		779.00
8860	1685683429	3600		266.54		 146219800		764.50
8860	1685686777	3348		266.08		 130544922		767.50
-999	1685687977	1200		261.31		         0		-999.00
-999	1685691577	3600		261.12		         0		-999.00
-999	1685695177	3600		261.42		         0		-999.00
-999	1685698777	3600		261.36		         0		-999.00
-999	1685702377	3600		261.35		         0		-999.00
-999	1685705977	3600		261.34		         0		-999.00
-999	1685709577	3600		258.16		         0		-999.00
-999	1685713177	3600		258.38		         0		-999.00
-999	1685686777	-26400		258.41		         0		-999.00
8863	1685715712	1200		264.92		  98451343		723.50
8863	1685719312	3600		268.19		 187681007		830.50
8863	1685722912	3600		269.32		 225270558		832.00
8863	1685726512	3600		269.31		 225041360		834.00
8863	1685730112	3600		269.08		 221321929		828.50
8863	1685733712	3600		268.31		 201225502		804.00
8863	1685734375	663		268.36		 196979259		816.50
-999	1685735575	1200		261.50		         0		-999.00
-999	1685739175	3600		258.21		         0		-999.00
-999	1685742775	3600		258.31		         0		-999.00
-999	1685734375	-8400		259.00		         0		-999.00
8865	1685745665	1200		265.02		  97962702		748.50
8865	1685749265	3600		268.02		 184325189		832.50
8865	1685752865	3600		269.29		 226647237		837.00
8865	1685756465	3600		269.28		 227633284		812.50
8865	1685760065	3600		268.98		 217420861		803.50
8865	1685763665	3600		268.27		 198183174		786.00
8865	1685767265	3600		267.74		 182512725		778.00
8865	1685770865	3600		267.26		 166679671		768.00
8865	1685774465	3600		266.86		 154872493		763.00
8865	1685778065	3600		266.32		 142718357		748.00
8865	1685781665	3600		266.16		 133361030		751.00
8865	1685782804	1139		265.01		 100989683		741.50
-999	1685784004	1200		258.44		         0		-999.00
-999	1685787604	3600		258.23		         0		-999.00
-999	1685782804	-4800		258.31		         0		-999.00
8866	1685790561	1200		265.85		 119521857		784.50
8866	1685794161	3600		269.42		 226037591		882.50
8866	1685794851	690		270.51		 262480712		877.00
-999	1685796051	1200		261.52		         0		-999.00
-999	1685799651	3600		261.52		         0		-999.00
-999	1685803251	3600		261.57		         0		-999.00
-999	1685806851	3600		261.58		         0		-999.00
-999	1685810451	3600		261.58		         0		-999.00
-999	1685814051	3600		261.63		         0		-999.00
-999	1685817651	3600		261.57		         0		-999.00
-999	1685821251	3600		258.35		         0		-999.00
-999	1685824851	3600		258.40		         0		-999.00
-999	1685828451	3600		258.44		         0		-999.00
-999	1685794851	-33600		259.57		         0		-999.00
8870	1685830087	1200		265.64		 114377368		771.50
8870	1685833687	3600		268.86		 205969565		874.00
8870	1685837287	3600		270.43		 258219346		883.00
8870	1685840887	3600		270.43		 258373022		889.00
8870	1685844487	3600		270.29		 255831199		880.50
8870	1685848087	3600		269.52		 232427283		862.50
8870	1685851687	3600		268.80		 213150000		847.50
8870	1685855287	3600		268.21		 193475883		840.50
8870	1685858887	3600		267.71		 178827494		823.50
8870	1685862487	3600		267.20		 163947051		814.50
8870	1685865870	3383		266.58		 145838702		806.00
-999	1685867070	1200		258.28		         0		-999.00
-999	1685870670	3600		258.51		         0		-999.00
-999	1685874270	3600		258.39		         0		-999.00
-999	1685877870	3600		258.39		         0		-999.00
-999	1685865870	-12000		258.16		         0		-999.00
8872	1685882021	1200		266.79		 144530199		828.50
8872	1685885621	3600		271.59		 290408282		957.50
8872	1685889221	3600		272.76		 327481725		962.50
8872	1685891942	2721		272.73		 328355259		951.50
-999	1685893142	1200		261.58		         0		-999.00
-999	1685896742	3600		258.29		         0		-999.00
-999	1685891942	-4800		259.98		         0		-999.00
8873	1685900610	1200		265.82		 148214093		660.50
8873	1685904210	3600		271.73		 295272302		962.00
8873	1685907810	3600		272.98		 334675937		970.00
8873	1685911410	3600		271.37		 335509860		693.00
8873	1685915010	3600		272.35		 320680946		950.00
8873	1685918610	3600		271.46		 291886120		925.00
8873	1685922210	3600		270.48		 261232816		916.00
8873	1685925810	3600		269.77		 241110011		895.50
8873	1685929410	3600		269.15		 220484720		879.00
8873	1685933010	3600		268.58		 203973258		875.00
8873	1685936610	3600		268.08		 190716739		863.50
8873	1685940210	3600		267.64		 176254871		847.00
8873	1685943810	3600		266.72		 164058755		728.50
8873	1685944955	1145		266.12		 131602324		829.50
-999	1685946155	1200		258.22		         0		-999.00
-999	1685949755	3600		258.39		         0		-999.00
-999	1685953355	3600		258.38		         0		-999.00
-999	1685956955	3600		258.61		         0		-999.00
-999	1685960555	3600		258.40		         0		-999.00
-999	1685944955	-15600		258.34		         0		-999.00
8877	1685964321	1200		266.01		 128080930		803.50
8877	1685967921	3600		270.01		 234020898		970.00
8877	1685971521	3600		273.03		 334271918		984.00
8877	1685975121	3600		272.50		 322711481		966.50
8877	1685978721	3600		271.58		 294128290		940.00
8877	1685982321	3600		270.62		 263806505		923.00
8877	1685985921	3600		269.97		 244261009		915.50
8877	1685989521	3600		269.22		 222933541		899.00
8877	1685993121	3600		268.70		 207525497		886.00
8877	1685996721	3600		268.20		 191208264		879.00
8877	1685999295	2574		267.80		 181688851		859.50
-999	1686000495	1200		261.39		         0		-999.00
-999	1686004095	3600		261.64		         0		-999.00
-999	1686007695	3600		261.52		         0		-999.00
-999	1686011295	3600		258.30		         0		-999.00
-999	1686014895	3600		258.49		         0		-999.00
-999	1685999295	-15600		259.34		         0		-999.00
8880	1686017216	1200		266.35		 131612023		841.50
8880	1686020816	3600		271.56		 285296189		1004.00
8880	1686024416	3600		272.93		 332992154		1003.00
8880	1686028016	3600		273.05		 335742230		1018.00
8880	1686031616	3600		272.83		 330167288		1007.00
8880	1686035216	3600		271.96		 306995619		975.00
8880	1686038816	3600		271.10		 278283807		965.00
8880	1686042416	3600		270.35		 257154147		946.00
8880	1686046016	3600		269.64		 235126151		925.00
8880	1686049616	3600		269.20		 218925877		930.00
8880	1686053216	3600		268.52		 201141018		901.50
8880	1686056816	3600		268.10		 189096550		893.50
8880	1686060416	3600		267.70		 175718034		883.00
8880	1686064016	3600		267.31		 164630388		874.00
8880	1686067616	3600		266.90		 155435461		866.50
8880	1686071216	3600		266.63		 146199221		851.50
8880	1686073817	2601		266.02		 129180139		836.50
-999	1686075017	1200		261.46		         0		-999.00
-999	1686078617	3600		258.22		         0		-999.00
-999	1686082217	3600		258.47		         0		-999.00
-999	1686073817	-8400		258.30		         0		-999.00
8882	1686084886	1200		266.95		 151479774		872.00
8882	1686088486	3600		271.76		 292513149		1014.00
8882	1686092086	3600		273.07		 336220229		1024.00
8882	1686095686	3600		273.06		 333754198		1038.00
8882	1686099286	3600		272.89		 331848334		1018.00
8882	1686102886	3600		271.99		 303965951		1003.00
8882	1686106486	3600		271.11		 277281836		985.50
8882	1686110086	3600		270.33		 255733762		960.50
8882	1686113686	3600		269.72		 235421978		951.50
8882	1686117286	3600		269.08		 217386789		939.00
8882	1686120886	3600		268.67		 203618730		922.00
8882	1686122035	1149		268.19		 191729420		920.50
-999	1686123235	1200		258.19		         0		-999.00
-999	1686126835	3600		261.69		         0		-999.00
-999	1686130435	3600		261.58		         0		-999.00
-999	1686134035	3600		261.57		         0		-999.00
-999	1686137635	3600		261.34		         0		-999.00
-999	1686141235	3600		261.57		         0		-999.00
-999	1686144835	3600		261.52		         0		-999.00
-999	1686148435	3600		261.58		         0		-999.00
-999	1686152035	3600		261.64		         0		-999.00
-999	1686155635	3600		261.64		         0		-999.00
-999	1686159235	3600		261.58		         0		-999.00
-999	1686162835	3600		261.59		         0		-999.00
-999	1686166435	3600		258.21		         0		-999.00
-999	1686170035	3600		258.45		         0		-999.00
-999	1686173635	3600		258.45		         0		-999.00
-999	1686122035	-51600		259.38		         0		-999.00
8885	1686178075	1200		266.96		 148251319		885.00
8885	1686181675	3600		271.75		 293808182		1016.00
8885	1686185275	3600		272.99		 335112615		1031.00
8885	1686188875	3600		273.02		 333949530		1045.00
8885	1686192475	3600		272.52		 322970554		1008.00
8885	1686196075	3600		270.94		 276018980		991.50
8885	1686199675	3600		270.68		 267382641		967.00
8885	1686203275	3600		269.88		 248128760		935.00
8885	1686206875	3600		269.32		 225658970		940.50
8885	1686210475	3600		268.78		 209735651		925.00
8885	1686214075	3600		268.18		 192446962		916.00
8885	1686217156	3081		267.83		 182530147		906.00
-999	1686218356	1200		258.38		         0		-999.00
-999	1686221956	3600		258.19		         0		-999.00
-999	1686225556	3600		258.36		         0		-999.00
-999	1686229156	3600		258.30		         0		-999.00
-999	1686232756	3600		258.38		         0		-999.00
-999	1686236356	3600		258.38		         0		-999.00
-999	1686239956	3600		258.43		         0		-999.00
-999	1686243556	3600		258.23		         0		-999.00
-999	1686247156	3600		258.35		         0		-999.00
-999	1686250756	3600		258.40		         0		-999.00
-999	1686217156	-33600		258.37		         0		-999.00
8887	1686253850	1200		266.61		 141546064		874.50
8887	1686257450	3600		271.38		 282783421		1022.00
8887	1686261050	3600		272.95		 335287272		1037.00
8887	1686264650	3600		273.08		 335632540		1046.00
8887	1686268250	3600		271.85		 300810239		1006.00
8887	1686270642	2392		271.47		 292269571		997.00
-999	1686271842	1200		261.57		         0		-999.00
-999	1686275442	3600		261.49		         0		-999.00
-999	1686279042	3600		261.60		         0		-999.00
-999	1686282642	3600		258.14		         0		-999.00
-999	1686286242	3600		258.39		         0		-999.00
-999	1686289842	3600		258.38		         0		-999.00
-999	1686293442	3600		258.34		         0		-999.00
-999	1686297042	3600		258.40		         0		-999.00
-999	1686300642	3600		261.50		         0		-999.00
-999	1686304242	3600		258.35		         0		-999.00
-999	1686307842	3600		258.38		         0		-999.00
-999	1686270642	-37200		259.70		         0		-999.00
8891	1686310181	1200		269.26		 220591453		959.00
8891	1686313781	3600		272.59		 321244162		1024.00
8891	1686317381	3600		272.71		 327381098		1027.00
8891	1686320981	3600		272.78		 328727170		1038.00
8891	1686324581	3600		272.65		 326938434		1036.00
8891	1686328181	3600		271.88		 304138823		1016.00
8891	1686331781	3600		270.93		 274571836		988.50
8891	1686335381	3600		270.14		 251998755		969.50
8891	1686338981	3600		269.47		 229556097		957.00
8891	1686342581	3600		268.84		 212386990		937.50
8891	1686346181	3600		268.29		 196204429		932.00
8891	1686349781	3600		267.75		 182622790		912.00
8891	1686353381	3600		267.35		 167831152		903.00
8891	1686356981	3600		267.03		 156989708		902.00
8891	1686359440	2459		266.73		 149118720		894.00
-999	1686360640	1200		261.35		         0		-999.00
-999	1686364240	3600		261.26		         0		-999.00
-999	1686367840	3600		261.38		         0		-999.00
-999	1686371440	3600		261.38		         0		-999.00
-999	1686359440	-12000		261.42		         0		-999.00
8894	1686375142	1200		267.07		 152478518		922.50
8894	1686378742	3600		271.97		 300706325		1048.00
8894	1686382342	3600		272.86		 330459228		1054.00
8894	1686385942	3600		272.72		 327171760		1062.00
8894	1686389542	3600		272.78		 329294729		1053.00
8894	1686393142	3600		271.79		 304150989		1035.00
8894	1686396742	3600		270.92		 276969353		1004.00
8894	1686400342	3600		270.13		 250549378		991.50
8894	1686403942	3600		269.44		 229816506		971.00
8894	1686407542	3600		268.89		 213174108		954.50
8894	1686410936	3394		268.31		 197725719		946.50
-999	1686412136	1200		261.52		         0		-999.00
-999	1686415736	3600		261.49		         0		-999.00
-999	1686419336	3600		261.52		         0		-999.00
-999	1686422936	3600		261.40		         0		-999.00
-999	1686426536	3600		261.57		         0		-999.00
-999	1686430136	3600		258.28		         0		-999.00
-999	1686433736	3600		258.34		         0		-999.00
-999	1686410936	-22800		259.38		         0		-999.00
8895	1686435772	1200		266.75		 143847864		917.50
8895	1686439372	3600		271.44		 287476944		1051.00
8895	1686442972	3600		272.76		 328036803		1068.00
8895	1686446572	3600		272.84		 330628343		1068.00
8895	1686450172	3600		272.65		 327804406		1071.00
8895	1686453772	3600		272.76		 329719749		1075.00
8895	1686457372	3600		272.06		 308207600		1049.00
8895	1686460972	3600		270.99		 278547703		1034.00
8895	1686464572	3600		270.27		 256179927		1012.00
8895	1686466144	1572		269.74		 238337015		1004.00
-999	1686467344	1200		261.47		         0		-999.00
-999	1686470944	3600		258.23		         0		-999.00
-999	1686474544	3600		258.34		         0		-999.00
-999	1686466144	-8400		259.64		         0		-999.00
8896	1686476753	1200		266.27		 166485803		741.50
8896	1686480353	3600		272.22		 311552854		1072.00
8896	1686483953	3600		272.83		 332360675		1069.00
8896	1686487553	3600		272.84		 330700853		1084.00
8896	1686491153	3600		272.67		 327277784		1084.00
8896	1686494753	3600		272.77		 330336965		1090.00
8896	1686498353	3600		271.93		 304342613		1065.00
8896	1686501953	3600		271.06		 278108179		1042.00
8896	1686504576	2623		270.25		 255026745		1024.00
-999	1686505776	1200		261.46		         0		-999.00
-999	1686509376	3600		258.35		         0		-999.00
-999	1686512976	3600		258.31		         0		-999.00
-999	1686516576	3600		262.44		         0		-999.00
-999	1686520176	3600		262.85		         0		-999.00
-999	1686523776	3600		262.95		         0		-999.00
-999	1686527376	3600		262.90		         0		-999.00
-999	1686530976	3600		262.90		         0		-999.00
-999	1686534576	3600		262.85		         0		-999.00
-999	1686538176	3600		262.73		         0		-999.00
-999	1686541776	3600		262.61		         0		-999.00
-999	1686545376	3600		262.60		         0		-999.00
-999	1686548976	3600		262.56		         0		-999.00
-999	1686552576	3600		262.44		         0		-999.00
-999	1686556176	3600		261.34		         0		-999.00
-999	1686559776	3600		261.50		         0		-999.00
-999	1686563376	3600		261.55		         0		-999.00
-999	1686566976	3600		261.55		         0		-999.00
-999	1686570576	3600		261.55		         0		-999.00
-999	1686574176	3600		261.55		         0		-999.00
-999	1686577776	3600		261.55		         0		-999.00
-999	1686581376	3600		261.55		         0		-999.00
-999	1686584976	3600		261.56		         0		-999.00
-999	1686588576	3600		261.67		         0		-999.00
-999	1686592176	3600		261.51		         0		-999.00
-999	1686595776	3600		261.57		         0		-999.00
-999	1686599376	3600		261.52		         0		-999.00
-999	1686602976	3600		261.64		         0		-999.00
-999	1686606576	3600		261.64		         0		-999.00
-999	1686610176	3600		261.51		         0		-999.00
-999	1686613776	3600		258.35		         0		-999.00
-999	1686504576	-109200		259.60		         0		-999.00
8901	1686617242	1200		266.91		 145328356		957.50
8901	1686620842	3600		271.52		 285596726		1108.00
8901	1686624442	3600		272.70		 326911836		1108.00
8901	1686628042	3600		272.84		 329731036		1115.00
8901	1686631642	3600		272.79		 328093266		1123.00
8901	1686635242	3600		272.60		 325375376		1102.00
8901	1686638842	3600		271.79		 300522582		1116.00
8901	1686639722	880		258.15		 284260667		 10.50
-999	1686640922	1200		261.48		         0		-999.00
-999	1686644522	3600		261.66		         0		-999.00
-999	1686648122	3600		255.59		         0		-999.00
-999	1686651722	3600		255.54		         0		-999.00
-999	1686655322	3600		255.83		         0		-999.00
-999	1686658922	3600		255.58		         0		-999.00
-999	1686662522	3600		255.81		         0		-999.00
-999	1686666122	3600		255.95		         0		-999.00
-999	1686669722	3600		255.83		         0		-999.00
-999	1686673322	3600		255.79		         0		-999.00
-999	1686676922	3600		255.93		         0		-999.00
-999	1686680522	3600		255.84		         0		-999.00
-999	1686684122	3600		255.78		         0		-999.00
-999	1686687722	3600		255.67		         0		-999.00
-999	1686691322	3600		255.74		         0		-999.00
-999	1686694922	3600		255.55		         0		-999.00
-999	1686698522	3600		255.43		         0		-999.00
-999	1686702122	3600		255.55		         0		-999.00
-999	1686705722	3600		255.66		         0		-999.00
-999	1686709322	3600		255.56		         0		-999.00
-999	1686712922	3600		255.67		         0		-999.00
-999	1686716522	3600		255.89		         0		-999.00
-999	1686720122	3600		255.81		         0		-999.00
-999	1686723722	3600		255.74		         0		-999.00
-999	1686727322	3600		255.87		         0		-999.00
-999	1686730922	3600		255.82		         0		-999.00
-999	1686734522	3600		255.73		         0		-999.00
-999	1686738122	3600		255.78		         0		-999.00
-999	1686741722	3600		255.89		         0		-999.00
-999	1686745322	3600		255.83		         0		-999.00
-999	1686748922	3600		255.40		         0		-999.00
-999	1686752522	3600		255.63		         0		-999.00
-999	1686756122	3600		255.66		         0		-999.00
-999	1686759722	3600		255.78		         0		-999.00
-999	1686763322	3600		255.78		         0		-999.00
-999	1686766922	3600		255.75		         0		-999.00
-999	1686770522	3600		255.74		         0		-999.00
-999	1686774122	3600		255.93		         0		-999.00
-999	1686777722	3600		255.77		         0		-999.00
-999	1686781322	3600		255.54		         0		-999.00
-999	1686784922	3600		255.43		         0		-999.00
-999	1686788522	3600		255.54		         0		-999.00
-999	1686792122	3600		255.56		         0		-999.00
-999	1686795722	3600		255.60		         0		-999.00
-999	1686799322	3600		255.61		         0		-999.00
-999	1686802922	3600		255.67		         0		-999.00
-999	1686806522	3600		255.65		         0		-999.00
-999	1686810122	3600		255.77		         0		-999.00
-999	1686813722	3600		255.83		         0		-999.00
-999	1686817322	3600		255.95		         0		-999.00
-999	1686820922	3600		255.89		         0		-999.00
-999	1686824522	3600		255.83		         0		-999.00
-999	1686828122	3600		255.52		         0		-999.00
-999	1686831722	3600		255.54		         0		-999.00
-999	1686835322	3600		255.73		         0		-999.00
-999	1686838922	3600		255.83		         0		-999.00
-999	1686842522	3600		255.67		         0		-999.00
-999	1686846122	3600		255.61		         0		-999.00
-999	1686849722	3600		255.68		         0		-999.00
-999	1686853322	3600		255.78		         0		-999.00
-999	1686856922	3600		255.74		         0		-999.00
-999	1686860522	3600		255.61		         0		-999.00
-999	1686864122	3600		255.40		         0		-999.00
-999	1686867722	3600		255.44		         0		-999.00
-999	1686871322	3600		255.65		         0		-999.00
-999	1686874922	3600		255.90		         0		-999.00
-999	1686878522	3600		255.98		         0		-999.00
-999	1686882122	3600		255.95		         0		-999.00
-999	1686885722	3600		255.77		         0		-999.00
-999	1686889322	3600		255.64		         0		-999.00
-999	1686892922	3600		255.81		         0		-999.00
-999	1686896522	3600		255.87		         0		-999.00
-999	1686900122	3600		255.51		         0		-999.00
-999	1686903722	3600		255.64		         0		-999.00
-999	1686907322	3600		255.75		         0		-999.00
-999	1686910922	3600		255.78		         0		-999.00
-999	1686914522	3600		255.45		         0		-999.00
-999	1686918122	3600		255.58		         0		-999.00
-999	1686921722	3600		255.78		         0		-999.00
-999	1686925322	3600		255.89		         0		-999.00
-999	1686928922	3600		255.85		         0		-999.00
-999	1686932522	3600		255.83		         0		-999.00
-999	1686936122	3600		255.75		         0		-999.00
-999	1686939722	3600		255.73		         0		-999.00
-999	1686943322	3600		255.78		         0		-999.00
-999	1686946922	3600		255.81		         0		-999.00
-999	1686950522	3600		255.44		         0		-999.00
-999	1686954122	3600		255.50		         0		-999.00
-999	1686957722	3600		255.72		         0		-999.00
-999	1686961322	3600		255.86		         0		-999.00
-999	1686964922	3600		255.83		         0		-999.00
-999	1686968522	3600		255.68		         0		-999.00
-999	1686972122	3600		255.93		         0		-999.00
-999	1686975722	3600		255.86		         0		-999.00
-999	1686979322	3600		255.48		         0		-999.00
-999	1686982922	3600		255.76		         0		-999.00
-999	1686986522	3600		255.79		         0		-999.00
-999	1686990122	3600		255.72		         0		-999.00
-999	1686993722	3600		255.51		         0		-999.00
-999	1686997322	3600		255.60		         0		-999.00
-999	1687000922	3600		255.89		         0		-999.00
-999	1687004522	3600		255.93		         0		-999.00
-999	1687008122	3600		255.55		         0		-999.00
-999	1687011722	3600		255.54		         0		-999.00
-999	1687015322	3600		255.73		         0		-999.00
-999	1687018922	3600		255.83		         0		-999.00
-999	1687022522	3600		255.83		         0		-999.00
-999	1687026122	3600		255.66		         0		-999.00
-999	1687029722	3600		255.94		         0		-999.00
-999	1687033322	3600		255.66		         0		-999.00
-999	1687036922	3600		255.58		         0		-999.00
-999	1687040522	3600		255.48		         0		-999.00
-999	1687044122	3600		255.56		         0		-999.00
-999	1687047722	3600		255.70		         0		-999.00
-999	1687051322	3600		255.79		         0		-999.00
-999	1687054922	3600		255.81		         0		-999.00
-999	1687058522	3600		255.86		         0		-999.00
-999	1687062122	3600		255.84		         0		-999.00
-999	1687065722	3600		255.81		         0		-999.00
-999	1687069322	3600		255.73		         0		-999.00
-999	1687072922	3600		255.74		         0		-999.00
-999	1687076522	3600		255.50		         0		-999.00
-999	1687080122	3600		255.67		         0		-999.00
-999	1687083722	3600		255.68		         0		-999.00
-999	1687087322	3600		255.65		         0		-999.00
-999	1687090922	3600		255.70		         0		-999.00
-999	1687094522	3600		255.86		         0		-999.00
-999	1687098122	3600		255.93		         0		-999.00
-999	1687101722	3600		255.81		         0		-999.00
-999	1687105322	3600		255.56		         0		-999.00
-999	1687108922	3600		255.45		         0		-999.00
-999	1687112522	3600		255.51		         0		-999.00
-999	1687116122	3600		255.54		         0		-999.00
-999	1687119722	3600		255.62		         0		-999.00
-999	1687123322	3600		255.64		         0		-999.00
-999	1687126922	3600		255.58		         0		-999.00
-999	1687130522	3600		255.73		         0		-999.00
-999	1687134122	3600		255.78		         0		-999.00
-999	1687137722	3600		255.93		         0		-999.00
-999	1687141322	3600		255.87		         0		-999.00
-999	1687144922	3600		255.44		         0		-999.00
-999	1687148522	3600		255.59		         0		-999.00
-999	1687152122	3600		255.37		         0		-999.00
-999	1687155722	3600		255.73		         0		-999.00
-999	1687159322	3600		255.93		         0		-999.00
-999	1687162922	3600		255.67		         0		-999.00
-999	1687166522	3600		255.36		         0		-999.00
-999	1687170122	3600		255.81		         0		-999.00
-999	1687173722	3600		255.44		         0		-999.00
-999	1687177322	3600		258.08		         0		-999.00
-999	1687180922	3600		261.33		         0		-999.00
-999	1687184522	3600		261.50		         0		-999.00
-999	1687188122	3600		261.40		         0		-999.00
-999	1687191722	3600		261.69		         0		-999.00
-999	1687195322	3600		261.40		         0		-999.00
-999	1687198922	3600		261.57		         0		-999.00
-999	1687202522	3600		261.57		         0		-999.00
-999	1687206122	3600		261.58		         0		-999.00
-999	1687209722	3600		261.58		         0		-999.00
-999	1687213322	3600		261.58		         0		-999.00
-999	1687216922	3600		261.58		         0		-999.00
-999	1687220522	3600		261.58		         0		-999.00
-999	1687224122	3600		261.58		         0		-999.00
-999	1687227722	3600		261.58		         0		-999.00
-999	1687231322	3600		261.59		         0		-999.00
-999	1687234922	3600		261.61		         0		-999.00
-999	1687238522	3600		261.49		         0		-999.00
-999	1687242122	3600		261.49		         0		-999.00
-999	1687245722	3600		261.56		         0		-999.00
-999	1687249322	3600		261.33		         0		-999.00
-999	1687252922	3600		261.21		         0		-999.00
-999	1687256522	3600		261.33		         0		-999.00
-999	1687260122	3600		261.41		         0		-999.00
-999	1687263722	3600		261.54		         0		-999.00
-999	1687267322	3600		261.53		         0		-999.00
-999	1687270922	3600		261.61		         0		-999.00
-999	1687274522	3600		261.57		         0		-999.00
-999	1687278122	3600		261.57		         0		-999.00
-999	1687281722	3600		261.57		         0		-999.00
-999	1687285322	3600		261.57		         0		-999.00
-999	1687288922	3600		261.63		         0		-999.00
-999	1687292522	3600		261.63		         0		-999.00
-999	1687296122	3600		261.63		         0		-999.00
-999	1687299722	3600		261.52		         0		-999.00
-999	1687303322	3600		261.52		         0		-999.00
-999	1687306922	3600		261.57		         0		-999.00
-999	1687310522	3600		261.57		         0		-999.00
-999	1687314122	3600		261.52		         0		-999.00
-999	1687317722	3600		261.57		         0		-999.00
-999	1687321322	3600		261.63		         0		-999.00
-999	1687324922	3600		261.52		         0		-999.00
-999	1687328522	3600		261.38		         0		-999.00
-999	1687332122	3600		258.36		         0		-999.00
-999	1687335722	3600		258.50		         0		-999.00
-999	1687339322	3600		261.34		         0		-999.00
-999	1687342922	3600		261.57		         0		-999.00
-999	1687346522	3600		261.55		         0		-999.00
-999	1687350122	3600		261.56		         0		-999.00
-999	1687353722	3600		261.50		         0		-999.00
-999	1687357322	3600		261.72		         0		-999.00
-999	1687360922	3600		261.42		         0		-999.00
-999	1687364522	3600		261.38		         0		-999.00
-999	1687368122	3600		261.65		         0		-999.00
-999	1687371722	3600		261.52		         0		-999.00
-999	1687375322	3600		261.52		         0		-999.00
-999	1687378922	3600		261.60		         0		-999.00
-999	1687382522	3600		261.55		         0		-999.00
-999	1687386122	3600		261.55		         0		-999.00
-999	1687389722	3600		261.61		         0		-999.00
-999	1687393322	3600		261.67		         0		-999.00
-999	1687396922	3600		261.55		         0		-999.00
-999	1687400522	3600		261.55		         0		-999.00
-999	1687404122	3600		261.55		         0		-999.00
-999	1687407722	3600		261.38		         0		-999.00
-999	1687411322	3600		261.52		         0		-999.00
-999	1687414922	3600		261.50		         0		-999.00
-999	1687418522	3600		261.57		         0		-999.00
-999	1687422122	3600		261.57		         0		-999.00
-999	1687425722	3600		261.55		         0		-999.00
-999	1687429322	3600		261.55		         0		-999.00
-999	1687432922	3600		261.55		         0		-999.00
-999	1687436522	3600		261.55		         0		-999.00
-999	1687440122	3600		261.72		         0		-999.00
-999	1687443722	3600		261.61		         0		-999.00
-999	1687447322	3600		261.37		         0		-999.00
-999	1687450922	3600		261.56		         0		-999.00
-999	1687454522	3600		261.52		         0		-999.00
-999	1687458122	3600		261.57		         0		-999.00
-999	1687461722	3600		261.64		         0		-999.00
-999	1687465322	3600		261.52		         0		-999.00
-999	1687468922	3600		261.57		         0		-999.00
-999	1687472522	3600		261.57		         0		-999.00
-999	1687476122	3600		261.52		         0		-999.00
-999	1687479722	3600		261.57		         0		-999.00
-999	1687483322	3600		261.57		         0		-999.00
-999	1687486922	3600		261.57		         0		-999.00
-999	1687490522	3600		261.57		         0		-999.00
-999	1687494122	3600		261.62		         0		-999.00
-999	1687497722	3600		261.48		         0		-999.00
-999	1687501322	3600		261.52		         0		-999.00
-999	1687504922	3600		261.52		         0		-999.00
-999	1687508522	3600		261.52		         0		-999.00
-999	1687512122	3600		261.52		         0		-999.00
-999	1687515722	3600		261.52		         0		-999.00
-999	1687519322	3600		261.52		         0		-999.00
-999	1687522922	3600		261.48		         0		-999.00
-999	1687526522	3600		261.58		         0		-999.00
-999	1687530122	3600		261.45		         0		-999.00
-999	1687533722	3600		261.21		         0		-999.00
-999	1687537322	3600		261.55		         0		-999.00
-999	1687540922	3600		261.55		         0		-999.00
-999	1687544522	3600		261.44		         0		-999.00
-999	1687548122	3600		261.55		         0		-999.00
-999	1687551722	3600		261.55		         0		-999.00
-999	1687555322	3600		261.61		         0		-999.00
-999	1687558922	3600		261.67		         0		-999.00
-999	1687562522	3600		261.62		         0		-999.00
-999	1687566122	3600		261.65		         0		-999.00
-999	1687569722	3600		261.65		         0		-999.00
-999	1687573322	3600		261.65		         0		-999.00
-999	1687576922	3600		261.65		         0		-999.00
-999	1687580522	3600		261.67		         0		-999.00
-999	1687584122	3600		261.65		         0		-999.00
-999	1687587722	3600		261.55		         0		-999.00
-999	1687591322	3600		261.67		         0		-999.00
-999	1687594922	3600		261.68		         0		-999.00
-999	1687598522	3600		261.42		         0		-999.00
-999	1687602122	3600		261.63		         0		-999.00
-999	1687605722	3600		261.63		         0		-999.00
-999	1687609322	3600		261.63		         0		-999.00
-999	1687612922	3600		261.63		         0		-999.00
-999	1687616522	3600		261.63		         0		-999.00
-999	1687620122	3600		258.50		         0		-999.00
-999	1687623722	3600		258.44		         0		-999.00
-999	1687627322	3600		258.39		         0		-999.00
-999	1687630922	3600		258.39		         0		-999.00
-999	1687634522	3600		258.39		         0		-999.00
-999	1687638122	3600		258.39		         0		-999.00
-999	1687641722	3600		258.35		         0		-999.00
-999	1687645322	3600		258.36		         0		-999.00
-999	1687648922	3600		258.38		         0		-999.00
-999	1687652522	3600		258.35		         0		-999.00
-999	1687656122	3600		258.38		         0		-999.00
-999	1687659722	3600		258.38		         0		-999.00
-999	1687663322	3600		258.31		         0		-999.00
-999	1687666922	3600		258.31		         0		-999.00
-999	1687670522	3600		258.37		         0		-999.00
-999	1687674122	3600		258.34		         0		-999.00
-999	1687677722	3600		258.34		         0		-999.00
-999	1687681322	3600		258.34		         0		-999.00
-999	1687684922	3600		258.34		         0		-999.00
-999	1687688522	3600		258.34		         0		-999.00
-999	1687692122	3600		258.33		         0		-999.00
-999	1687695722	3600		258.33		         0		-999.00
-999	1687699322	3600		258.33		         0		-999.00
-999	1687702922	3600		258.33		         0		-999.00
-999	1687706522	3600		258.33		         0		-999.00
-999	1687710122	3600		258.33		         0		-999.00
-999	1687713722	3600		258.33		         0		-999.00
-999	1687717322	3600		258.33		         0		-999.00
-999	1687720922	3600		258.33		         0		-999.00
-999	1687724522	3600		258.34		         0		-999.00
-999	1687728122	3600		258.33		         0		-999.00
-999	1687731722	3600		258.30		         0		-999.00
-999	1687735322	3600		258.27		         0		-999.00
-999	1687738922	3600		258.35		         0		-999.00
-999	1687742522	3600		258.35		         0		-999.00
-999	1687746122	3600		258.35		         0		-999.00
-999	1687749722	3600		258.35		         0		-999.00
-999	1687753322	3600		258.35		         0		-999.00
-999	1687756922	3600		258.34		         0		-999.00
-999	1687760522	3600		258.33		         0		-999.00
-999	1687764122	3600		258.33		         0		-999.00
-999	1687767722	3600		258.33		         0		-999.00
-999	1687771322	3600		258.33		         0		-999.00
-999	1687774922	3600		258.31		         0		-999.00
-999	1687778522	3600		258.31		         0		-999.00
-999	1687782122	3600		258.31		         0		-999.00
-999	1687785722	3600		258.31		         0		-999.00
-999	1687789322	3600		258.38		         0		-999.00
-999	1687792922	3600		258.33		         0		-999.00
-999	1687796522	3600		258.33		         0		-999.00
-999	1687800122	3600		258.33		         0		-999.00
-999	1687803722	3600		258.40		         0		-999.00
-999	1687807322	3600		258.35		         0		-999.00
-999	1687810922	3600		258.21		         0		-999.00
-999	1687814522	3600		258.38		         0		-999.00
-999	1687818122	3600		258.37		         0		-999.00
-999	1687821722	3600		258.37		         0		-999.00
-999	1687825322	3600		258.17		         0		-999.00
-999	1687828922	3600		258.40		         0		-999.00
-999	1687832522	3600		261.62		         0		-999.00
-999	1687836122	3600		261.58		         0		-999.00
-999	1687839722	3600		261.39		         0		-999.00
-999	1687843322	3600		261.57		         0		-999.00
-999	1687846922	3600		261.41		         0		-999.00
-999	1687850522	3600		261.40		         0		-999.00
-999	1687854122	3600		261.51		         0		-999.00
-999	1687857722	3600		261.49		         0		-999.00
-999	1687861322	3600		261.49		         0		-999.00
-999	1687864922	3600		261.49		         0		-999.00
-999	1687868522	3600		261.49		         0		-999.00
-999	1687872122	3600		261.54		         0		-999.00
-999	1687875722	3600		261.65		         0		-999.00
-999	1687879322	3600		261.65		         0		-999.00
-999	1687882922	3600		258.23		         0		-999.00
-999	1687886522	3600		258.36		         0		-999.00
-999	1687890122	3600		258.41		         0		-999.00
-999	1687893722	3600		258.47		         0		-999.00
-999	1687897322	3600		258.43		         0		-999.00
-999	1687900922	3600		258.44		         0		-999.00
-999	1687904522	3600		258.44		         0		-999.00
-999	1687908122	3600		261.57		         0		-999.00
-999	1687911722	3600		261.73		         0		-999.00
-999	1687915322	3600		261.72		         0		-999.00
-999	1687918922	3600		261.70		         0		-999.00
-999	1687922522	3600		261.72		         0		-999.00
-999	1687926122	3600		261.72		         0		-999.00
-999	1687929722	3600		261.61		         0		-999.00
-999	1687933322	3600		258.38		         0		-999.00
-999	1687936922	3600		258.45		         0		-999.00
-999	1687940522	3600		258.39		         0		-999.00
-999	1686639722	-1300800		258.21		         0		-999.00
8997	1687942253	1200		261.63		    109520		754.50
8997	1687945853	3600		261.63		    160806		748.50
8997	1687949453	3600		261.63		    159900		748.50
8997	1687953053	3600		261.63		    156751		744.50
8997	1687956653	3600		261.63		    158124		752.00
8997	1687960253	3600		261.63		    156152		749.00
8997	1687963853	3600		261.35		    120675		708.50
8997	1687965573	1720		261.59		    113602		744.00
-999	1687966773	1200		258.19		         0		-999.00
-999	1687970373	3600		258.47		         0		-999.00
-999	1687973973	3600		258.43		         0		-999.00
-999	1687965573	-8400		258.69		         0		-999.00
8999	1687977456	1200		261.63		     98425		748.00
8999	1687981056	3600		261.57		     89999		745.50
8999	1687984656	3600		261.48		     72707		738.00
8999	1687988256	3600		261.42		     84012		729.50
8999	1687991856	3600		261.70		     68702		751.00
8999	1687995456	3600		261.36		     73343		721.50
8999	1687999056	3600		261.59		    159456		748.00
8999	1688002656	3600		261.59		    160285		745.00
8999	1688006256	3600		261.59		    160280		742.50
8999	1688009856	3600		261.25		    142072		721.00
8999	1688013456	3600		261.70		     68912		760.00
8999	1688017056	3600		261.41		     61273		731.00
8999	1688020656	3600		261.41		     74734		731.50
8999	1688024256	3600		261.65		     62509		750.50
8999	1688027856	3600		261.70		     89797		752.50
8999	1688031456	3600		261.41		    100943		734.00
8999	1688035056	3600		261.53		    159168		742.00
8999	1688038656	3600		261.59		    161058		742.00
8999	1688042256	3600		261.59		    160211		747.00
8999	1688045856	3600		261.59		    161855		745.00
8999	1688049456	3600		261.59		    160179		744.00
8999	1688053056	3600		261.59		    121462		746.50
8999	1688056656	3600		261.59		    125760		749.00
8999	1688060256	3600		261.71		     86928		756.00
8999	1688062778	2522		261.41		    144619		732.00
-999	1688063978	1200		258.17		         0		-999.00
-999	1688067578	3600		258.40		         0		-999.00
-999	1688071178	3600		258.39		         0		-999.00
-999	1688074778	3600		258.39		         0		-999.00
-999	1688078378	3600		258.39		         0		-999.00
-999	1688081978	3600		258.35		         0		-999.00
-999	1688085578	3600		258.42		         0		-999.00
-999	1688089178	3600		258.36		         0		-999.00
-999	1688092778	3600		258.41		         0		-999.00
-999	1688096378	3600		258.35		         0		-999.00
-999	1688099978	3600		258.46		         0		-999.00
-999	1688103578	3600		258.40		         0		-999.00
-999	1688107178	3600		258.41		         0		-999.00
-999	1688110778	3600		258.41		         0		-999.00
-999	1688114378	3600		258.35		         0		-999.00
-999	1688062778	-51600		258.51		         0		-999.00
9007	1688117751	1200		261.92		  10457668		752.00
9007	1688121351	3600		261.91		  10032891		755.50
9007	1688124951	3600		261.92		   9700851		751.00
9007	1688128551	3600		261.90		   9312068		752.50
9007	1688132151	3600		262.18		  17403916		763.00
9007	1688135751	3600		262.30		  21474401		769.50
9007	1688139351	3600		261.98		  15897893		735.00
9007	1688142951	3600		261.83		  11020481		741.00
9007	1688146551	3600		262.24		  18261416		769.00
9007	1688148718	2167		262.25		  18549150		764.00
-999	1688149918	1200		258.38		         0		-999.00
-999	1688153518	3600		258.46		         0		-999.00
-999	1688157118	3600		258.40		         0		-999.00
-999	1688160718	3600		258.40		         0		-999.00
-999	1688164318	3600		258.40		         0		-999.00
-999	1688167918	3600		258.41		         0		-999.00
-999	1688171518	3600		258.43		         0		-999.00
-999	1688175118	3600		258.34		         0		-999.00
-999	1688178718	3600		258.39		         0		-999.00
-999	1688182318	3600		258.39		         0		-999.00
-999	1688185918	3600		258.39		         0		-999.00
-999	1688148718	-37200		258.44		         0		-999.00
-999	1688189660	1200		261.48		         0		-999.00
-999	1688193260	3600		261.28		         0		-999.00
-999	1688196860	3600		261.35		         0		-999.00
-999	1688200460	3600		261.40		         0		-999.00
-999	1688204060	3600		261.37		         0		-999.00
-999	1688188460	-15600		261.36		         0		-999.00
9016	1688208367	1200		261.62		   3072303		743.00
9016	1688211967	3600		261.82		   6043389		755.00
9016	1688215284	3317		261.90		   8764826		753.00
-999	1688216484	1200		258.33		         0		-999.00
-999	1688220084	3600		258.28		         0		-999.00
-999	1688215284	-4800		258.43		         0		-999.00
9017	1688223882	1200		262.48		  24979134		779.00
9017	1688227482	3600		263.27		  47485276		798.00
9017	1688231082	3600		263.54		  55371599		804.50
9017	1688234682	3600		263.54		  55522666		805.00
9017	1688238282	3600		263.52		  54910173		807.00
9017	1688241812	3530		263.50		  54137747		801.00
-999	1688243012	1200		258.21		         0		-999.00
-999	1688246612	3600		258.35		         0		-999.00
-999	1688250212	3600		258.41		         0		-999.00
-999	1688253812	3600		258.43		         0		-999.00
-999	1688257412	3600		258.44		         0		-999.00
-999	1688241812	-15600		258.45		         0		-999.00
9019	1688262192	1200		264.26		  80255567		822.50
9019	1688265792	3600		264.35		  97916812		736.50
9019	1688269392	3600		261.65		   2084045		753.50
9019	1688272992	3600		261.65		   2065192		749.50
9019	1688276592	3600		261.65		   2058908		752.50
9019	1688280192	3600		265.35		 104450875		877.50
9019	1688283792	3600		265.87		 123986045		876.50
9019	1688285431	1639		265.86		 123545631		880.50
-999	1688286631	1200		261.72		         0		-999.00
-999	1688290231	3600		258.38		         0		-999.00
-999	1688293831	3600		261.50		         0		-999.00
-999	1688297431	3600		261.50		         0		-999.00
-999	1688301031	3600		258.45		         0		-999.00
-999	1688304631	3600		258.39		         0		-999.00
-999	1688285431	-19200		258.41		         0		-999.00
9022	1688308853	1200		263.99		  67664237		840.50
9022	1688312453	3600		266.57		 139973920		930.50
9022	1688316053	3600		267.54		 174149204		928.50
9022	1688319653	3600		267.56		 174651796		934.50
9022	1688323253	3600		267.16		 162797538		923.50
9022	1688326095	2842		266.77		 149996569		916.50
-999	1688327295	1200		258.32		         0		-999.00
-999	1688330895	3600		258.33		         0		-999.00
-999	1688334495	3600		258.35		         0		-999.00
-999	1688326095	-8400		258.37		         0		-999.00
9023	1688336338	1200		265.26		 103625822		892.00
9023	1688339938	3600		268.68		 199085776		1029.00
9023	1688343538	3600		271.18		 279962633		1054.00
9023	1688347138	3600		268.28		 202917959		927.50
9023	1688347681	543		266.17		 143549300		847.50
-999	1688348881	1200		261.52		         0		-999.00
-999	1688352481	3600		261.63		         0		-999.00
-999	1688356081	3600		261.57		         0		-999.00
-999	1688359681	3600		261.39		         0		-999.00
-999	1688363281	3600		261.34		         0		-999.00
-999	1688366881	3600		261.51		         0		-999.00
-999	1688370481	3600		261.54		         0		-999.00
-999	1688374081	3600		260.87		         0		-999.00
-999	1688377681	3600		261.21		         0		-999.00
-999	1688381281	3600		258.19		         0		-999.00
-999	1688384881	3600		258.38		         0		-999.00
-999	1688388481	3600		258.35		         0		-999.00
-999	1688392081	3600		258.35		         0		-999.00
-999	1688395681	3600		258.35		         0		-999.00
-999	1688399281	3600		258.35		         0		-999.00
-999	1688402881	3600		258.40		         0		-999.00
-999	1688406481	3600		258.40		         0		-999.00
-999	1688410081	3600		258.40		         0		-999.00
-999	1688413681	3600		258.40		         0		-999.00
-999	1688417281	3600		258.42		         0		-999.00
-999	1688347681	-69600		258.45		         0		-999.00
9029	1688420996	1200		266.48		 172580950		750.00
9029	1688424596	3600		267.35		 165860541		936.50
9029	1688428196	3600		270.40		 246508044		1121.00
9029	1688431796	3600		271.26		 328981469		788.50
9029	1688435396	3600		271.70		 313513419		968.50
9029	1688438996	3600		266.55		 124503247		1094.00
9029	1688442596	3600		269.98		 238906032		1083.00
9029	1688446196	3600		270.72		 267180558		1064.00
9029	1688449796	3600		269.98		 246485768		1043.00
9029	1688453396	3600		269.28		 223110592		1026.00
9029	1688456996	3600		268.68		 207235172		1002.00
9029	1688460596	3600		268.18		 190515517		994.00
9029	1688464196	3600		267.72		 177254504		989.50
9029	1688467666	3470		267.28		 164437409		974.00
-999	1688468866	1200		258.35		         0		-999.00
-999	1688472466	3600		258.35		         0		-999.00
-999	1688476066	3600		258.38		         0		-999.00
-999	1688479666	3600		258.27		         0		-999.00
-999	1688467666	-12000		258.23		         0		-999.00
9031	1688483785	1200		267.01		 157104062		975.50
9031	1688487385	3600		270.63		 255266148		1125.00
9031	1688490985	3600		273.07		 334585407		1146.00
9031	1688494585	3600		273.10		 335547251		1162.00
9031	1688498185	3600		271.18		 325089472		822.50
9031	1688501785	3600		271.64		 298093841		1099.00
9031	1688505385	3600		270.78		 269443266		1087.00
9031	1688508985	3600		270.00		 245587514		1065.00
9031	1688512585	3600		269.36		 227813974		1046.00
9031	1688516185	3600		268.78		 208375824		1039.00
9031	1688519785	3600		268.30		 194612640		1024.00
9031	1688523385	3600		267.83		 180368633		1007.00
9031	1688526985	3600		267.35		 166517367		997.50
9031	1688530516	3531		266.59		 149955666		968.50
-999	1688531716	1200		261.61		         0		-999.00
-999	1688535316	3600		257.73		         0		-999.00
-999	1688538916	3600		258.42		         0		-999.00
-999	1688542516	3600		258.42		         0		-999.00
-999	1688546116	3600		258.42		         0		-999.00
-999	1688530516	-15600		258.10		         0		-999.00
9035	1688549026	1200		266.87		 146746344		1000.50
9035	1688552626	3600		271.70		 290654960		1168.00
9035	1688556226	3600		272.90		 330501255		1172.00
9035	1688559826	3600		272.83		 328131146		1184.00
9035	1688563426	3600		272.60		 320461319		1161.00
9035	1688567026	3600		271.89		 300895894		1137.00
9035	1688570626	3600		270.98		 275012606		1115.00
9035	1688574226	3600		270.27		 252566181		1099.00
9035	1688577826	3600		269.47		 231962050		1082.00
9035	1688581426	3600		268.82		 214581815		1050.00
9035	1688585026	3600		265.80		 111239808		1047.00
9035	1688588626	3600		268.13		 188671622		1035.00
9035	1688591244	2618		267.64		 174545208		1033.00
-999	1688592444	1200		258.39		         0		-999.00
-999	1688596044	3600		258.19		         0		-999.00
-999	1688591244	-4800		258.21		         0		-999.00
9036	1688600261	1200		267.59		 165869626		1039.00
9036	1688603861	3600		271.30		 273651631		1196.00
9036	1688607461	3600		273.26		 342740263		1203.00
9036	1688611061	3600		273.32		 342763369		1201.00
9036	1688614661	3600		273.46		 346707727		1207.00
9036	1688618261	3600		273.39		 345116465		1212.00
9036	1688621861	3600		272.69		 323831143		1192.00
9036	1688625461	3600		271.89		 299204989		1162.00
9036	1688629061	3600		270.97		 272188655		1139.00
9036	1688632661	3600		270.35		 251379598		1128.00
9036	1688636261	3600		269.59		 230162965		1104.00
9036	1688639861	3600		267.91		 214582950		850.50
9036	1688643461	3600		268.56		 201416737		1072.00
9036	1688645615	2154		258.23		 186633004		 10.50
-999	1688646815	1200		258.47		         0		-999.00
-999	1688650415	3600		258.63		         0		-999.00
-999	1688654015	3600		258.34		         0		-999.00
-999	1688657615	3600		258.35		         0		-999.00
-999	1688661215	3600		258.40		         0		-999.00
-999	1688664815	3600		258.37		         0		-999.00
-999	1688668415	3600		258.37		         0		-999.00
-999	1688672015	3600		261.57		         0		-999.00
-999	1688675615	3600		261.71		         0		-999.00
-999	1688679215	3600		261.71		         0		-999.00
-999	1688682815	3600		261.71		         0		-999.00
-999	1688686415	3600		261.71		         0		-999.00
-999	1688690015	3600		258.61		         0		-999.00
-999	1688693615	3600		258.16		         0		-999.00
-999	1688697215	3600		258.40		         0		-999.00
-999	1688700815	3600		258.38		         0		-999.00
-999	1688704415	3600		258.42		         0		-999.00
-999	1688708015	3600		261.67		         0		-999.00
-999	1688711615	3600		258.44		         0		-999.00
-999	1688715215	3600		258.28		         0		-999.00
-999	1688718815	3600		258.47		         0		-999.00
-999	1688645615	-73200		258.23		         0		-999.00
9043	1688722142	1200		268.00		 174894588		1058.00
9043	1688725742	3600		272.66		 314173843		1202.00
9043	1688729342	3600		273.53		 345178974		1190.00
9043	1688732942	3600		273.50		 342343590		1219.00
9043	1688736542	3600		273.45		 343064166		1208.00
9043	1688740142	3600		273.30		 337941472		1206.00
9043	1688743742	3600		272.70		 320047601		1190.00
9043	1688747342	3600		271.87		 294638590		1169.00
9043	1688750942	3600		271.00		 267743700		1145.00
9043	1688754542	3600		270.32		 248864871		1126.00
9043	1688758142	3600		269.66		 229753004		1100.00
9043	1688761742	3600		269.06		 211497853		1090.00
9043	1688765342	3600		268.61		 196470307		1078.00
9043	1688768942	3600		268.19		 184218845		1059.00
9043	1688772542	3600		267.73		 170852092		1056.00
9043	1688773857	1315		267.58		 165862609		1047.00
-999	1688775057	1200		258.19		         0		-999.00
-999	1688778657	3600		258.55		         0		-999.00
-999	1688773857	-4800		258.19		         0		-999.00
9044	1688783203	1200		267.25		 156190480		1065.00
9044	1688786803	3600		271.83		 291544463		1237.00
9044	1688790403	3600		273.36		 344625485		1236.00
9044	1688794003	3600		273.29		 342056959		1238.00
9044	1688797603	3600		273.11		 343969844		1223.00
9044	1688801203	3600		273.29		 344037077		1240.00
9044	1688804803	3600		272.37		 315353483		1220.00
9044	1688808403	3600		271.42		 291580956		1179.00
9044	1688812003	3600		270.83		 268372020		1177.00
9044	1688815603	3600		270.08		 247856909		1145.00
9044	1688819203	3600		269.42		 227759264		1126.00
9044	1688822803	3600		268.96		 212482308		1112.00
9044	1688826403	3600		268.36		 196430638		1103.00
9044	1688830003	3600		267.92		 183858559		1082.00
9044	1688830916	913		267.92		 181768306		1094.00
-999	1688832116	1200		258.16		         0		-999.00
-999	1688835716	3600		258.43		         0		-999.00
-999	1688830916	-4800		258.39		         0		-999.00
9045	1688839227	1200		266.27		 167113419		840.50
9045	1688842827	3600		272.46		 314530192		1261.00
9045	1688846427	3600		273.24		 342372938		1250.00
9045	1688850027	3600		273.36		 344471356		1276.00
9045	1688853627	3600		273.30		 342611208		1263.00
9045	1688857227	3600		272.67		 325429729		1236.00
9045	1688860827	3600		271.63		 295071143		1209.00
9045	1688864427	3600		270.87		 271691752		1192.00
9045	1688868027	3600		270.11		 247906391		1162.00
9045	1688871627	3600		269.46		 228345859		1159.00
9045	1688875227	3600		268.86		 212206671		1134.00
9045	1688878827	3600		268.34		 195072249		1110.00
9045	1688882427	3600		267.85		 182438649		1097.00
9045	1688886027	3600		267.45		 168872944		1081.00
9045	1688886517	490		267.19		 160442636		1077.00
-999	1688887717	1200		258.39		         0		-999.00
-999	1688891317	3600		258.37		         0		-999.00
-999	1688886517	-4800		258.22		         0		-999.00
9046	1688894190	1200		267.78		 165610805		1112.00
9046	1688897790	3600		272.67		 315201821		1278.00
9046	1688901390	3600		273.55		 342470865		1276.00
9046	1688904990	3600		273.56		 342775736		1274.00
9046	1688908590	3600		273.58		 343391135		1297.00
9046	1688910657	2067		273.29		 335750961		1275.00
-999	1688911857	1200		261.49		         0		-999.00
-999	1688915457	3600		258.54		         0		-999.00
-999	1688919057	3600		258.43		         0		-999.00
-999	1688910657	-8400		260.04		         0		-999.00
9049	1688923677	1200		267.68		 170517291		1126.00
9049	1688927277	3600		272.40		 312189093		1277.00
9049	1688930877	3600		273.47		 344734296		1300.00
9049	1688934477	3600		271.75		 343657178		908.00
9049	1688938077	3600		273.25		 340408034		1266.00
9049	1688941677	3600		272.60		 323286652		1229.00
9049	1688945277	3600		271.60		 293349626		1208.00
9049	1688948877	3600		270.82		 269916473		1189.00
9049	1688952477	3600		270.06		 246449444		1171.00
9049	1688953274	797		269.61		 231432704		1168.00
-999	1688954474	1200		261.41		         0		-999.00
-999	1688958074	3600		261.56		         0		-999.00
-999	1688961674	3600		258.32		         0		-999.00
-999	1688965274	3600		261.53		         0		-999.00
-999	1688968874	3600		261.65		         0		-999.00
-999	1688972474	3600		261.64		         0		-999.00
-999	1688976074	3600		258.23		         0		-999.00
-999	1688979674	3600		258.38		         0		-999.00
-999	1688983274	3600		258.38		         0		-999.00
-999	1688953274	-30000		259.67		         0		-999.00
9050	1688986128	1200		267.22		 157754801		1104.00
9050	1688989728	3600		272.09		 301768082		1268.00
9050	1688993328	3600		272.96		 332984428		1278.00
9050	1688996928	3600		272.87		 331568143		1274.00
9050	1689000528	3600		272.90		 332369770		1286.00
9050	1689004128	3600		272.44		 319834835		1258.00
9050	1689005261	1133		272.51		 315681232		1268.00
-999	1689006461	1200		261.52		         0		-999.00
-999	1689010061	3600		261.60		         0		-999.00
-999	1689013661	3600		261.60		         0		-999.00
-999	1689017261	3600		261.60		         0		-999.00
-999	1689020861	3600		258.19		         0		-999.00
-999	1689024461	3600		261.57		         0		-999.00
-999	1689028061	3600		258.38		         0		-999.00
-999	1689031661	3600		258.37		         0		-999.00
-999	1689035261	3600		258.37		         0		-999.00
-999	1689005261	-30000		258.48		         0		-999.00
9055	1689039570	1200		267.69		 171393498		1120.00
9055	1689041196	1626		270.16		 269943523		979.50
-999	1689042396	1200		261.50		         0		-999.00
-999	1689045996	3600		261.62		         0		-999.00
-999	1689049596	3600		258.26		         0		-999.00
-999	1689041196	-8400		258.28		         0		-999.00
-999	1689055150	1200		261.63		         0		-999.00
-999	1689058750	3600		258.43		         0		-999.00
-999	1689053950	-4800		258.50		         0		-999.00
9057	1689062264	1200		267.73		 170972758		1137.00
9057	1689065864	3600		272.11		 302518583		1288.00
9057	1689069464	3600		273.26		 342989637		1288.00
9057	1689073064	3600		273.30		 343218693		1308.00
9057	1689076664	3600		273.28		 344784232		1292.00
9057	1689080264	3600		272.33		 320120578		1257.00
9057	1689083864	3600		271.46		 291047139		1231.00
9057	1689087464	3600		270.77		 267939339		1213.00
9057	1689091064	3600		269.91		 244284434		1199.00
9057	1689094607	3543		269.43		 228285230		1172.00
-999	1689095807	1200		261.49		         0		-999.00
-999	1689099407	3600		258.41		         0		-999.00
-999	1689103007	3600		261.53		         0		-999.00
-999	1689106607	3600		258.15		         0		-999.00
-999	1689110207	3600		258.38		         0		-999.00
-999	1689094607	-15600		259.58		         0		-999.00
9059	1689113692	1200		267.58		 165654581		1142.00
9059	1689117292	3600		272.44		 313473200		1305.00
9059	1689120072	2780		273.22		 341476977		1310.00
-999	1689121272	1200		261.37		         0		-999.00
-999	1689124872	3600		261.60		         0		-999.00
-999	1689128472	3600		261.60		         0		-999.00
-999	1689132072	3600		258.06		         0		-999.00
-999	1689135672	3600		258.41		         0		-999.00
-999	1689139272	3600		258.38		         0		-999.00
-999	1689142872	3600		258.50		         0		-999.00
-999	1689146472	3600		258.38		         0		-999.00
-999	1689150072	3600		258.38		         0		-999.00
-999	1689153672	3600		258.34		         0		-999.00
-999	1689157272	3600		258.38		         0		-999.00
-999	1689120072	-37200		259.97		         0		-999.00
9062	1689159403	1200		267.84		 178027213		1124.00
9062	1689163003	3600		272.25		 309049217		1286.00
9062	1689166399	3396		273.33		 345058424		1292.00
-999	1689167599	1200		261.61		         0		-999.00
-999	1689171199	3600		258.33		         0		-999.00
-999	1689174799	3600		258.40		         0		-999.00
-999	1689166399	-8400		260.03		         0		-999.00
9063	1689177517	1200		267.63		 167766862		1146.00
9063	1689181117	3600		272.52		 316138184		1305.00
9063	1689184717	3600		273.34		 342645138		1313.00
9063	1689188317	3600		273.36		 345495105		1301.00
9063	1689191917	3600		273.24		 343336402		1310.00
9063	1689195517	3600		273.06		 337281661		1305.00
9063	1689199117	3600		272.10		 309044434		1269.00
9063	1689202717	3600		271.31		 284586319		1251.00
9063	1689206317	3600		270.50		 259609111		1219.00
9063	1689209917	3600		269.85		 240041086		1197.00
9063	1689213517	3600		269.23		 223370864		1190.00
9063	1689217117	3600		268.70		 205784852		1174.00
9063	1689220717	3600		268.23		 192252088		1157.00
9063	1689224317	3600		267.81		 178051673		1140.00
9063	1689227917	3600		267.35		 166572883		1124.00
9063	1689231517	3600		266.98		 154269781		1109.00
9063	1689235117	3600		266.56		 144016681		1100.00
9063	1689238717	3600		266.30		 135615028		1083.00
9063	1689242317	3600		266.03		 126534135		1080.00
9063	1689245917	3600		264.98		 119681699		907.00
9063	1689248165	2248		258.22		 106467976		 10.00
-999	1689249365	1200		261.53		         0		-999.00
-999	1689252965	3600		261.60		         0		-999.00
-999	1689256565	3600		258.54		         0		-999.00
-999	1689260165	3600		258.28		         0		-999.00
-999	1689263765	3600		258.35		         0		-999.00
-999	1689267365	3600		258.41		         0		-999.00
-999	1689270965	3600		258.47		         0		-999.00
-999	1689274565	3600		258.47		         0		-999.00
-999	1689278165	3600		258.39		         0		-999.00
-999	1689281765	3600		258.35		         0		-999.00
-999	1689285365	3600		258.37		         0		-999.00
-999	1689288965	3600		258.37		         0		-999.00
-999	1689292565	3600		258.37		         0		-999.00
-999	1689296165	3600		258.40		         0		-999.00
-999	1689299765	3600		258.47		         0		-999.00
-999	1689303365	3600		258.41		         0		-999.00
-999	1689306965	3600		258.41		         0		-999.00
-999	1689310565	3600		258.44		         0		-999.00
-999	1689248165	-62400		258.34		         0		-999.00
9066	1689314414	1200		264.68		 100369272		906.50
9066	1689317430	3016		270.51		 261637711		1214.00
-999	1689318630	1200		261.57		         0		-999.00
-999	1689322230	3600		261.63		         0		-999.00
-999	1689325830	3600		261.62		         0		-999.00
-999	1689329430	3600		261.38		         0		-999.00
-999	1689333030	3600		261.64		         0		-999.00
-999	1689336630	3600		261.64		         0		-999.00
-999	1689340230	3600		261.58		         0		-999.00
-999	1689343830	3600		261.66		         0		-999.00
-999	1689347430	3600		261.40		         0		-999.00
-999	1689351030	3600		261.56		         0		-999.00
-999	1689354630	3600		261.56		         0		-999.00
-999	1689358230	3600		261.67		         0		-999.00
-999	1689361830	3600		261.67		         0		-999.00
-999	1689365430	3600		261.67		         0		-999.00
-999	1689369030	3600		258.49		         0		-999.00
-999	1689372630	3600		258.44		         0		-999.00
-999	1689317430	-55200		259.66		         0		-999.00
9067	1689377393	1200		267.29		 161104669		1138.00
9067	1689379019	1626		270.79		 261693402		1265.00
-999	1689380219	1200		261.57		         0		-999.00
-999	1689383819	3600		258.34		         0		-999.00
-999	1689387419	3600		258.40		         0		-999.00
-999	1689379019	-8400		259.88		         0		-999.00
9068	1689391990	1200		267.69		 167564903		1185.00
9068	1689395590	3600		272.35		 313481137		1307.00
9068	1689399190	3600		273.26		 340678604		1318.00
9068	1689400617	1427		273.11		 335699292		1315.00
-999	1689401817	1200		258.19		         0		-999.00
-999	1689405417	3600		261.61		         0		-999.00
-999	1689409017	3600		261.72		         0		-999.00
-999	1689412617	3600		261.50		         0		-999.00
-999	1689416217	3600		258.21		         0		-999.00
-999	1689419817	3600		261.44		         0		-999.00
-999	1689423417	3600		258.12		         0		-999.00
-999	1689427017	3600		258.36		         0		-999.00
-999	1689430617	3600		258.33		         0		-999.00
-999	1689434217	3600		258.43		         0		-999.00
-999	1689400617	-33600		258.27		         0		-999.00
9070	1689435609	1200		267.71		 170325644		1165.00
9070	1689439209	3600		272.28		 307280227		1322.00
9070	1689442809	3600		273.36		 343195734		1331.00
9070	1689446409	3600		273.44		 345883700		1335.00
9070	1689450009	3600		273.40		 344803232		1344.00
9070	1689453609	3600		273.30		 342099178		1353.00
9070	1689457209	3600		272.80		 328520684		1304.00
9070	1689460809	3600		271.80		 297325237		1285.00
9070	1689464409	3600		271.00		 274324605		1266.00
9070	1689468009	3600		270.17		 250676364		1222.00
9070	1689471609	3600		269.75		 236347928		1223.00
9070	1689475209	3600		268.98		 213974197		1193.00
9070	1689476144	935		268.65		 203142739		1189.00
-999	1689477344	1200		261.46		         0		-999.00
-999	1689480944	3600		261.38		         0		-999.00
-999	1689484544	3600		261.38		         0		-999.00
-999	1689476144	-8400		262.50		         0		-999.00
9072	1689488319	1200		268.08		 179006445		1211.00
9072	1689491919	3600		272.50		 316682491		1347.00
9072	1689495519	3600		273.29		 343017594		1348.00
9072	1689499119	3600		273.37		 345601421		1369.00
9072	1689502719	3600		273.31		 343579619		1368.00
9072	1689506319	3600		273.25		 341542750		1364.00
9072	1689509919	3600		273.12		 338914557		1351.00
9072	1689513519	3600		272.29		 313198922		1332.00
9072	1689517119	3600		271.36		 287530835		1278.00
9072	1689520719	3600		270.64		 261118668		1285.00
9072	1689524319	3600		268.78		 241566109		956.50
9072	1689527919	3600		269.30		 222421346		1225.00
9072	1689531519	3600		268.65		 204807222		1208.00
9072	1689532104	585		268.32		 193751552		1198.00
-999	1689533304	1200		258.16		         0		-999.00
-999	1689536904	3600		258.41		         0		-999.00
-999	1689540504	3600		258.41		         0		-999.00
-999	1689532104	-8400		258.38		         0		-999.00
-999	1689542420	1200		261.40		         0		-999.00
-999	1689546020	3600		261.58		         0		-999.00
-999	1689549620	3600		261.58		         0		-999.00
-999	1689553220	3600		261.58		         0		-999.00
-999	1689556820	3600		261.64		         0		-999.00
-999	1689560420	3600		261.58		         0		-999.00
-999	1689564020	3600		261.64		         0		-999.00
-999	1689567620	3600		261.61		         0		-999.00
-999	1689571220	3600		261.56		         0		-999.00
-999	1689574820	3600		258.16		         0		-999.00
-999	1689578420	3600		258.38		         0		-999.00
-999	1689582020	3600		261.56		         0		-999.00
-999	1689585620	3600		261.38		         0		-999.00
-999	1689589220	3600		261.61		         0		-999.00
-999	1689592820	3600		261.61		         0		-999.00
-999	1689596420	3600		261.65		         0		-999.00
-999	1689600020	3600		261.43		         0		-999.00
-999	1689603620	3600		261.61		         0		-999.00
-999	1689607220	3600		261.44		         0		-999.00
-999	1689610820	3600		261.58		         0		-999.00
-999	1689614420	3600		261.52		         0		-999.00
-999	1689618020	3600		261.58		         0		-999.00
-999	1689621620	3600		261.57		         0		-999.00
-999	1689625220	3600		261.59		         0		-999.00
-999	1689628820	3600		261.59		         0		-999.00
-999	1689632420	3600		261.59		         0		-999.00
-999	1689636020	3600		261.59		         0		-999.00
-999	1689639620	3600		261.59		         0		-999.00
-999	1689643220	3600		261.55		         0		-999.00
-999	1689646820	3600		261.55		         0		-999.00
-999	1689650420	3600		261.55		         0		-999.00
-999	1689654020	3600		261.55		         0		-999.00
-999	1689657620	3600		261.67		         0		-999.00
-999	1689661220	3600		261.65		         0		-999.00
-999	1689664820	3600		258.35		         0		-999.00
-999	1689668420	3600		258.30		         0		-999.00
-999	1689672020	3600		258.50		         0		-999.00
-999	1689675620	3600		261.27		         0		-999.00
-999	1689679220	3600		261.59		         0		-999.00
-999	1689682820	3600		261.61		         0		-999.00
-999	1689686420	3600		261.61		         0		-999.00
-999	1689690020	3600		261.61		         0		-999.00
-999	1689693620	3600		261.61		         0		-999.00
-999	1689697220	3600		261.61		         0		-999.00
-999	1689700820	3600		261.59		         0		-999.00
-999	1689704420	3600		261.59		         0		-999.00
-999	1689708020	3600		261.59		         0		-999.00
-999	1689711620	3600		261.59		         0		-999.00
-999	1689715220	3600		261.59		         0		-999.00
-999	1689718820	3600		261.59		         0		-999.00
-999	1689722420	3600		261.61		         0		-999.00
-999	1689726020	3600		261.61		         0		-999.00
-999	1689729620	3600		261.61		         0		-999.00
-999	1689733220	3600		261.61		         0		-999.00
-999	1689736820	3600		261.61		         0		-999.00
-999	1689740420	3600		261.61		         0		-999.00
-999	1689744020	3600		261.57		         0		-999.00
-999	1689747620	3600		261.67		         0		-999.00
-999	1689751220	3600		261.55		         0		-999.00
-999	1689754820	3600		261.63		         0		-999.00
-999	1689758420	3600		261.69		         0		-999.00
-999	1689762020	3600		261.56		         0		-999.00
-999	1689765620	3600		261.62		         0		-999.00
-999	1689769220	3600		261.38		         0		-999.00
-999	1689772820	3600		261.74		         0		-999.00
-999	1689776420	3600		261.50		         0		-999.00
-999	1689780020	3600		261.66		         0		-999.00
-999	1689783620	3600		261.66		         0		-999.00
-999	1689787220	3600		261.66		         0		-999.00
-999	1689790820	3600		261.66		         0		-999.00
-999	1689794420	3600		261.60		         0		-999.00
-999	1689798020	3600		261.60		         0		-999.00
-999	1689801620	3600		261.60		         0		-999.00
-999	1689805220	3600		261.60		         0		-999.00
-999	1689808820	3600		261.60		         0		-999.00
-999	1689812420	3600		261.69		         0		-999.00
-999	1689816020	3600		261.57		         0		-999.00
-999	1689819620	3600		261.58		         0		-999.00
-999	1689823220	3600		261.58		         0		-999.00
-999	1689826820	3600		261.35		         0		-999.00
-999	1689830420	3600		261.57		         0		-999.00
-999	1689834020	3600		261.52		         0		-999.00
-999	1689837620	3600		261.47		         0		-999.00
-999	1689841220	3600		261.47		         0		-999.00
-999	1689844820	3600		261.47		         0		-999.00
-999	1689848420	3600		261.64		         0		-999.00
-999	1689852020	3600		261.29		         0		-999.00
-999	1689855620	3600		261.57		         0		-999.00
-999	1689859220	3600		261.63		         0		-999.00
-999	1689862820	3600		261.69		         0		-999.00
-999	1689866420	3600		261.57		         0		-999.00
-999	1689870020	3600		261.56		         0		-999.00
-999	1689873620	3600		261.57		         0		-999.00
-999	1689877220	3600		261.61		         0		-999.00
-999	1689880820	3600		261.59		         0		-999.00
-999	1689884420	3600		261.59		         0		-999.00
-999	1689888020	3600		261.59		         0		-999.00
-999	1689891620	3600		261.65		         0		-999.00
-999	1689895220	3600		261.59		         0		-999.00
-999	1689898820	3600		261.65		         0		-999.00
-999	1689902420	3600		261.65		         0		-999.00
-999	1689906020	3600		261.65		         0		-999.00
-999	1689909620	3600		261.67		         0		-999.00
-999	1689913220	3600		261.50		         0		-999.00
-999	1689916820	3600		261.61		         0		-999.00
-999	1689920420	3600		261.27		         0		-999.00
-999	1689924020	3600		261.75		         0		-999.00
-999	1689927620	3600		261.64		         0		-999.00
-999	1689931220	3600		261.64		         0		-999.00
-999	1689934820	3600		261.64		         0		-999.00
-999	1689938420	3600		261.54		         0		-999.00
-999	1689942020	3600		261.30		         0		-999.00
-999	1689945620	3600		261.25		         0		-999.00
-999	1689949220	3600		261.52		         0		-999.00
-999	1689952820	3600		261.64		         0		-999.00
-999	1689956420	3600		261.64		         0		-999.00
-999	1689960020	3600		261.62		         0		-999.00
-999	1689963620	3600		261.63		         0		-999.00
-999	1689967220	3600		261.63		         0		-999.00
-999	1689970820	3600		261.63		         0		-999.00
-999	1689974420	3600		261.63		         0		-999.00
-999	1689978020	3600		261.63		         0		-999.00
-999	1689981620	3600		261.63		         0		-999.00
-999	1689985220	3600		261.63		         0		-999.00
-999	1689988820	3600		261.63		         0		-999.00
-999	1689992420	3600		261.63		         0		-999.00
-999	1689996020	3600		261.63		         0		-999.00
-999	1689999620	3600		261.63		         0		-999.00
-999	1690003220	3600		261.59		         0		-999.00
-999	1690006820	3600		261.54		         0		-999.00
-999	1690010420	3600		261.65		         0		-999.00
-999	1690014020	3600		261.65		         0		-999.00
-999	1690017620	3600		261.65		         0		-999.00
-999	1690021220	3600		261.65		         0		-999.00
-999	1690024820	3600		261.65		         0		-999.00
-999	1690028420	3600		261.65		         0		-999.00
-999	1690032020	3600		261.64		         0		-999.00
-999	1690035620	3600		261.65		         0		-999.00
-999	1690039220	3600		261.48		         0		-999.00
-999	1690042820	3600		261.65		         0		-999.00
-999	1690046420	3600		261.65		         0		-999.00
-999	1690050020	3600		261.65		         0		-999.00
-999	1690053620	3600		261.65		         0		-999.00
-999	1690057220	3600		261.65		         0		-999.00
-999	1690060820	3600		261.65		         0		-999.00
-999	1690064420	3600		261.65		         0		-999.00
-999	1690068020	3600		261.65		         0		-999.00
-999	1690071620	3600		261.65		         0		-999.00
-999	1690075220	3600		261.65		         0		-999.00
-999	1690078820	3600		261.70		         0		-999.00
-999	1690082420	3600		261.64		         0		-999.00
-999	1690086020	3600		261.72		         0		-999.00
-999	1690089620	3600		261.65		         0		-999.00
-999	1690093220	3600		261.58		         0		-999.00
-999	1690096820	3600		261.52		         0		-999.00
-999	1690100420	3600		261.52		         0		-999.00
-999	1690104020	3600		261.64		         0		-999.00
-999	1690107620	3600		261.64		         0		-999.00
-999	1690111220	3600		261.64		         0		-999.00
-999	1690114820	3600		261.64		         0		-999.00
-999	1690118420	3600		261.64		         0		-999.00
-999	1690122020	3600		261.64		         0		-999.00
-999	1690125620	3600		261.64		         0		-999.00
-999	1690129220	3600		261.69		         0		-999.00
-999	1690132820	3600		261.64		         0		-999.00
-999	1690136420	3600		261.64		         0		-999.00
-999	1690140020	3600		261.64		         0		-999.00
-999	1690143620	3600		261.64		         0		-999.00
-999	1690147220	3600		261.58		         0		-999.00
-999	1690150820	3600		261.59		         0		-999.00
-999	1690154420	3600		261.64		         0		-999.00
-999	1690158020	3600		261.64		         0		-999.00
-999	1690161620	3600		261.64		         0		-999.00
-999	1690165220	3600		261.58		         0		-999.00
-999	1690168820	3600		261.59		         0		-999.00
-999	1690172420	3600		261.59		         0		-999.00
-999	1690176020	3600		261.59		         0		-999.00
-999	1690179620	3600		261.33		         0		-999.00
-999	1690183220	3600		261.50		         0		-999.00
-999	1690186820	3600		261.50		         0		-999.00
-999	1690190420	3600		261.65		         0		-999.00
-999	1690194020	3600		261.53		         0		-999.00
-999	1690197620	3600		261.65		         0		-999.00
-999	1690201220	3600		261.49		         0		-999.00
-999	1690204820	3600		261.49		         0		-999.00
-999	1690208420	3600		261.39		         0		-999.00
-999	1690212020	3600		261.66		         0		-999.00
-999	1690215620	3600		261.59		         0		-999.00
-999	1690219220	3600		261.59		         0		-999.00
-999	1690222820	3600		261.59		         0		-999.00
-999	1690226420	3600		261.59		         0		-999.00
-999	1690230020	3600		261.59		         0		-999.00
-999	1690233620	3600		261.61		         0		-999.00
-999	1690237220	3600		261.61		         0		-999.00
-999	1690240820	3600		261.61		         0		-999.00
-999	1690244420	3600		261.61		         0		-999.00
-999	1690248020	3600		261.61		         0		-999.00
-999	1690251620	3600		261.61		         0		-999.00
-999	1690255220	3600		261.61		         0		-999.00
-999	1690258820	3600		261.61		         0		-999.00
-999	1690262420	3600		261.61		         0		-999.00
-999	1690266020	3600		261.30		         0		-999.00
-999	1690269620	3600		261.57		         0		-999.00
-999	1690273220	3600		261.57		         0		-999.00
-999	1690276820	3600		261.52		         0		-999.00
-999	1690280420	3600		261.54		         0		-999.00
-999	1690284020	3600		261.39		         0		-999.00
-999	1690287620	3600		261.57		         0		-999.00
-999	1690291220	3600		261.59		         0		-999.00
-999	1690294820	3600		261.39		         0		-999.00
-999	1690298420	3600		261.59		         0		-999.00
-999	1690302020	3600		261.63		         0		-999.00
-999	1690305620	3600		261.63		         0		-999.00
-999	1690309220	3600		261.63		         0		-999.00
-999	1690312820	3600		261.63		         0		-999.00
-999	1690316420	3600		261.63		         0		-999.00
-999	1690320020	3600		261.45		         0		-999.00
-999	1690323620	3600		261.63		         0		-999.00
-999	1690327220	3600		261.58		         0		-999.00
-999	1690330820	3600		261.66		         0		-999.00
-999	1690334420	3600		261.66		         0		-999.00
-999	1690338020	3600		261.66		         0		-999.00
-999	1690341620	3600		261.66		         0		-999.00
-999	1690345220	3600		261.66		         0		-999.00
-999	1690348820	3600		261.66		         0		-999.00
-999	1690352420	3600		261.72		         0		-999.00
-999	1690356020	3600		261.40		         0		-999.00
-999	1690359620	3600		261.74		         0		-999.00
-999	1690363220	3600		261.68		         0		-999.00
-999	1690366820	3600		261.63		         0		-999.00
-999	1690370420	3600		261.45		         0		-999.00
-999	1690374020	3600		261.38		         0		-999.00
-999	1690377620	3600		261.61		         0		-999.00
-999	1690381220	3600		261.30		         0		-999.00
-999	1690384820	3600		261.55		         0		-999.00
-999	1690388420	3600		261.70		         0		-999.00
-999	1690392020	3600		261.70		         0		-999.00
-999	1690395620	3600		261.65		         0		-999.00
-999	1690399220	3600		261.70		         0		-999.00
-999	1690402820	3600		261.65		         0		-999.00
-999	1690406420	3600		261.65		         0		-999.00
-999	1690410020	3600		261.71		         0		-999.00
-999	1690413620	3600		261.67		         0		-999.00
-999	1690417220	3600		261.72		         0		-999.00
-999	1690420820	3600		261.72		         0		-999.00
-999	1690424420	3600		261.67		         0		-999.00
-999	1690428020	3600		261.72		         0		-999.00
-999	1690431620	3600		261.72		         0		-999.00
-999	1690435220	3600		261.72		         0		-999.00
-999	1690438820	3600		261.50		         0		-999.00
-999	1690442420	3600		261.76		         0		-999.00
-999	1690446020	3600		261.73		         0		-999.00
-999	1690449620	3600		261.61		         0		-999.00
-999	1690453220	3600		261.72		         0		-999.00
-999	1690456820	3600		261.72		         0		-999.00
-999	1690460420	3600		261.69		         0		-999.00
-999	1690464020	3600		261.70		         0		-999.00
-999	1690467620	3600		255.80		         0		-999.00
-999	1690471220	3600		267.24		         0		-999.00
-999	1690474820	3600		272.25		         0		-999.00
-999	1690478420	3600		272.36		         0		-999.00
-999	1690482020	3600		272.50		         0		-999.00
-999	1690485620	3600		272.44		         0		-999.00
-999	1690489220	3600		272.54		         0		-999.00
-999	1690492820	3600		272.60		         0		-999.00
-999	1690496420	3600		272.60		         0		-999.00
-999	1690500020	3600		272.60		         0		-999.00
-999	1690503620	3600		272.60		         0		-999.00
-999	1690507220	3600		272.60		         0		-999.00
-999	1690510820	3600		272.60		         0		-999.00
-999	1690514420	3600		272.60		         0		-999.00
-999	1690518020	3600		272.60		         0		-999.00
-999	1690521620	3600		274.36		         0		-999.00
-999	1690525220	3600		276.79		         0		-999.00
-999	1690528820	3600		276.85		         0		-999.00
-999	1690532420	3600		276.97		         0		-999.00
-999	1690536020	3600		276.97		         0		-999.00
-999	1690539620	3600		276.97		         0		-999.00
-999	1690543220	3600		276.97		         0		-999.00
-999	1690546820	3600		276.97		         0		-999.00
-999	1690550420	3600		276.97		         0		-999.00
-999	1690554020	3600		276.97		         0		-999.00
-999	1690557620	3600		276.97		         0		-999.00
-999	1690561220	3600		276.97		         0		-999.00
-999	1690564820	3600		276.97		         0		-999.00
-999	1690568420	3600		276.97		         0		-999.00
-999	1690572020	3600		276.97		         0		-999.00
-999	1690575620	3600		276.97		         0		-999.00
-999	1690579220	3600		276.97		         0		-999.00
-999	1690582820	3600		276.97		         0		-999.00
-999	1690586420	3600		276.97		         0		-999.00
-999	1690590020	3600		276.97		         0		-999.00
-999	1690593620	3600		276.97		         0		-999.00
-999	1690597220	3600		276.97		         0		-999.00
-999	1690600820	3600		276.97		         0		-999.00
-999	1690604420	3600		276.97		         0		-999.00
-999	1690608020	3600		276.97		         0		-999.00
-999	1690611620	3600		276.97		         0		-999.00
-999	1690615220	3600		276.97		         0		-999.00
-999	1690618820	3600		276.97		         0		-999.00
-999	1690622420	3600		276.97		         0		-999.00
-999	1690626020	3600		276.97		         0		-999.00
-999	1690629620	3600		276.97		         0		-999.00
-999	1690633220	3600		276.97		         0		-999.00
-999	1690636820	3600		276.97		         0		-999.00
-999	1690640420	3600		276.92		         0		-999.00
-999	1690644020	3600		276.97		         0		-999.00
-999	1690647620	3600		276.97		         0		-999.00
-999	1690651220	3600		276.97		         0		-999.00
-999	1690654820	3600		276.97		         0		-999.00
-999	1690658420	3600		276.97		         0		-999.00
-999	1690662020	3600		276.92		         0		-999.00
-999	1690665620	3600		276.92		         0		-999.00
-999	1690669220	3600		276.92		         0		-999.00
-999	1690672820	3600		276.97		         0		-999.00
-999	1690676420	3600		276.97		         0		-999.00
-999	1690680020	3600		276.97		         0		-999.00
-999	1690683620	3600		276.97		         0		-999.00
-999	1690687220	3600		276.97		         0		-999.00
-999	1690690820	3600		276.97		         0		-999.00
-999	1690694420	3600		276.97		         0		-999.00
-999	1690698020	3600		276.97		         0		-999.00
-999	1690701620	3600		276.97		         0		-999.00
-999	1690705220	3600		276.87		         0		-999.00
-999	1690708820	3600		276.97		         0		-999.00
-999	1690712420	3600		276.92		         0		-999.00
-999	1690716020	3600		276.97		         0		-999.00
-999	1690719620	3600		276.97		         0		-999.00
-999	1690723220	3600		276.98		         0		-999.00
-999	1690726820	3600		276.93		         0		-999.00
-999	1690730420	3600		276.98		         0		-999.00
-999	1690734020	3600		277.03		         0		-999.00
-999	1690737620	3600		276.92		         0		-999.00
-999	1690741220	3600		276.97		         0		-999.00
-999	1690744820	3600		276.97		         0		-999.00
-999	1690748420	3600		276.92		         0		-999.00
-999	1690752020	3600		276.97		         0		-999.00
-999	1690755620	3600		277.03		         0		-999.00
-999	1690759220	3600		277.03		         0		-999.00
-999	1690762820	3600		277.03		         0		-999.00
-999	1690766420	3600		277.03		         0		-999.00
-999	1690770020	3600		277.03		         0		-999.00
-999	1690773620	3600		276.98		         0		-999.00
-999	1690777220	3600		276.98		         0		-999.00
-999	1690780820	3600		276.98		         0		-999.00
-999	1690784420	3600		276.98		         0		-999.00
-999	1690788020	3600		276.98		         0		-999.00
-999	1690791620	3600		276.98		         0		-999.00
-999	1690795220	3600		276.98		         0		-999.00
-999	1690798820	3600		276.98		         0		-999.00
-999	1690802420	3600		276.98		         0		-999.00
-999	1690806020	3600		276.98		         0		-999.00
-999	1690809620	3600		276.98		         0		-999.00
-999	1690813220	3600		276.98		         0		-999.00
-999	1690816820	3600		276.98		         0		-999.00
-999	1690820420	3600		276.98		         0		-999.00
-999	1690824020	3600		276.98		         0		-999.00
-999	1690827620	3600		276.98		         0		-999.00
-999	1690831220	3600		276.98		         0		-999.00
-999	1690834820	3600		276.98		         0		-999.00
-999	1690838420	3600		276.98		         0		-999.00
-999	1690842020	3600		276.98		         0		-999.00
-999	1690845620	3600		276.98		         0		-999.00
-999	1690849220	3600		276.98		         0		-999.00
-999	1690852820	3600		276.98		         0		-999.00
-999	1690856420	3600		276.98		         0		-999.00
-999	1690860020	3600		276.98		         0		-999.00
-999	1690863620	3600		276.98		         0		-999.00
-999	1690867220	3600		276.98		         0		-999.00
-999	1690870820	3600		276.98		         0		-999.00
-999	1690874420	3600		276.98		         0		-999.00
-999	1690878020	3600		276.98		         0		-999.00
-999	1690881620	3600		276.98		         0		-999.00
-999	1690885220	3600		276.98		         0		-999.00
-999	1690888820	3600		276.98		         0		-999.00
-999	1690892420	3600		276.98		         0		-999.00
-999	1690896020	3600		276.98		         0		-999.00
-999	1690899620	3600		276.98		         0		-999.00
-999	1690903220	3600		276.98		         0		-999.00
-999	1690906820	3600		276.98		         0		-999.00
-999	1690910420	3600		276.98		         0		-999.00
-999	1690914020	3600		276.98		         0		-999.00
-999	1690917620	3600		276.98		         0		-999.00
-999	1690921220	3600		276.98		         0		-999.00
-999	1690924820	3600		276.98		         0		-999.00
-999	1690928420	3600		276.98		         0		-999.00
-999	1690932020	3600		276.98		         0		-999.00
-999	1690935620	3600		276.98		         0		-999.00
-999	1690939220	3600		276.98		         0		-999.00
-999	1690942820	3600		276.98		         0		-999.00
-999	1690946420	3600		276.98		         0		-999.00
-999	1690950020	3600		276.98		         0		-999.00
-999	1690953620	3600		276.98		         0		-999.00
-999	1690957220	3600		276.98		         0		-999.00
-999	1690960820	3600		276.98		         0		-999.00
-999	1690964420	3600		276.98		         0		-999.00
-999	1690968020	3600		276.98		         0		-999.00
-999	1690971620	3600		276.98		         0		-999.00
-999	1690975220	3600		276.98		         0		-999.00
-999	1690978820	3600		276.98		         0		-999.00
-999	1690982420	3600		276.98		         0		-999.00
-999	1690986020	3600		276.98		         0		-999.00
-999	1690989620	3600		276.98		         0		-999.00
-999	1690993220	3600		276.98		         0		-999.00
-999	1690996820	3600		276.98		         0		-999.00
-999	1691000420	3600		276.98		         0		-999.00
-999	1691004020	3600		276.98		         0		-999.00
-999	1691007620	3600		276.98		         0		-999.00
-999	1691011220	3600		276.98		         0		-999.00
-999	1691014820	3600		276.98		         0		-999.00
-999	1691018420	3600		276.98		         0		-999.00
-999	1691022020	3600		276.93		         0		-999.00
-999	1691025620	3600		276.98		         0		-999.00
-999	1691029220	3600		276.98		         0		-999.00
-999	1691032820	3600		276.87		         0		-999.00
-999	1691036420	3600		276.97		         0		-999.00
-999	1691040020	3600		276.97		         0		-999.00
-999	1691043620	3600		276.97		         0		-999.00
-999	1691047220	3600		276.97		         0		-999.00
-999	1691050820	3600		276.97		         0		-999.00
-999	1691054420	3600		276.97		         0		-999.00
-999	1691058020	3600		276.97		         0		-999.00
-999	1691061620	3600		276.97		         0		-999.00
-999	1691065220	3600		276.97		         0		-999.00
-999	1691068820	3600		276.97		         0		-999.00
-999	1691072420	3600		276.97		         0		-999.00
-999	1691076020	3600		276.97		         0		-999.00
-999	1691079620	3600		276.97		         0		-999.00
-999	1691083220	3600		276.97		         0		-999.00
-999	1691086820	3600		276.97		         0		-999.00
-999	1691090420	3600		276.97		         0		-999.00
-999	1691094020	3600		276.97		         0		-999.00
-999	1691097620	3600		276.97		         0		-999.00
-999	1691101220	3600		276.87		         0		-999.00
-999	1691104820	3600		276.87		         0		-999.00
-999	1691108420	3600		276.97		         0		-999.00
-999	1691112020	3600		276.97		         0		-999.00
-999	1691115620	3600		276.97		         0		-999.00
-999	1691119220	3600		276.97		         0		-999.00
-999	1691122820	3600		276.97		         0		-999.00
-999	1691126420	3600		276.97		         0		-999.00
-999	1691130020	3600		276.97		         0		-999.00
-999	1691133620	3600		276.92		         0		-999.00
-999	1691137220	3600		276.92		         0		-999.00
-999	1691140820	3600		276.97		         0		-999.00
-999	1691144420	3600		276.97		         0		-999.00
-999	1691148020	3600		276.97		         0		-999.00
-999	1691151620	3600		276.97		         0		-999.00
-999	1691155220	3600		276.97		         0		-999.00
-999	1691158820	3600		276.97		         0		-999.00
-999	1691162420	3600		276.97		         0		-999.00
-999	1691166020	3600		276.97		         0		-999.00
-999	1691169620	3600		276.97		         0		-999.00
-999	1691173220	3600		276.97		         0		-999.00
-999	1691176820	3600		276.97		         0		-999.00
-999	1691180420	3600		276.97		         0		-999.00
-999	1691184020	3600		276.97		         0		-999.00
-999	1691187620	3600		276.97		         0		-999.00
-999	1691191220	3600		276.97		         0		-999.00
-999	1691194820	3600		276.97		         0		-999.00
-999	1691198420	3600		276.97		         0		-999.00
-999	1691202020	3600		276.97		         0		-999.00
-999	1691205620	3600		276.97		         0		-999.00
-999	1691209220	3600		276.97		         0		-999.00
-999	1691212820	3600		276.97		         0		-999.00
-999	1691216420	3600		276.97		         0		-999.00
-999	1691220020	3600		276.97		         0		-999.00
-999	1691223620	3600		276.97		         0		-999.00
-999	1691227220	3600		276.97		         0		-999.00
-999	1691230820	3600		276.97		         0		-999.00
-999	1691234420	3600		276.97		         0		-999.00
-999	1691238020	3600		276.97		         0		-999.00
-999	1691241620	3600		276.97		         0		-999.00
-999	1691245220	3600		276.97		         0		-999.00
-999	1691248820	3600		276.97		         0		-999.00
-999	1691252420	3600		276.97		         0		-999.00
-999	1691256020	3600		276.97		         0		-999.00
-999	1691259620	3600		276.97		         0		-999.00
-999	1691263220	3600		276.92		         0		-999.00
-999	1691266820	3600		276.97		         0		-999.00
-999	1691270420	3600		276.92		         0		-999.00
-999	1691274020	3600		276.97		         0		-999.00
-999	1691277620	3600		276.97		         0		-999.00
-999	1691281220	3600		276.97		         0		-999.00
-999	1691284820	3600		276.97		         0		-999.00
-999	1691288420	3600		276.92		         0		-999.00
-999	1691292020	3600		276.97		         0		-999.00
-999	1691295620	3600		276.97		         0		-999.00
-999	1691299220	3600		276.97		         0		-999.00
-999	1691302820	3600		276.97		         0		-999.00
-999	1691306420	3600		276.97		         0		-999.00
-999	1691310020	3600		276.97		         0		-999.00
-999	1691313620	3600		276.97		         0		-999.00
-999	1691317220	3600		276.92		         0		-999.00
-999	1691320820	3600		276.97		         0		-999.00
-999	1691324420	3600		276.97		         0		-999.00
-999	1691328020	3600		276.97		         0		-999.00
-999	1691331620	3600		276.87		         0		-999.00
-999	1691335220	3600		276.87		         0		-999.00
-999	1691338820	3600		276.97		         0		-999.00
-999	1691342420	3600		276.97		         0		-999.00
-999	1691346020	3600		276.97		         0		-999.00
-999	1691349620	3600		276.97		         0		-999.00
-999	1691353220	3600		276.97		         0		-999.00
-999	1691356820	3600		276.97		         0		-999.00
-999	1691360420	3600		276.97		         0		-999.00
-999	1691364020	3600		276.97		         0		-999.00
-999	1691367620	3600		276.87		         0		-999.00
-999	1691371220	3600		276.87		         0		-999.00
-999	1691374820	3600		276.97		         0		-999.00
-999	1691378420	3600		276.97		         0		-999.00
-999	1691382020	3600		276.97		         0		-999.00
-999	1691385620	3600		276.97		         0		-999.00
-999	1691389220	3600		276.97		         0		-999.00
-999	1691392820	3600		276.97		         0		-999.00
-999	1691396420	3600		276.97		         0		-999.00
-999	1691400020	3600		276.97		         0		-999.00
-999	1691403620	3600		276.97		         0		-999.00
-999	1691407220	3600		276.97		         0		-999.00
-999	1691410820	3600		276.97		         0		-999.00
-999	1691414420	3600		276.97		         0		-999.00
-999	1691418020	3600		276.97		         0		-999.00
-999	1691421620	3600		276.97		         0		-999.00
-999	1691425220	3600		276.97		         0		-999.00
-999	1691428820	3600		276.97		         0		-999.00
-999	1691432420	3600		276.97		         0		-999.00
-999	1691436020	3600		276.97		         0		-999.00
-999	1691439620	3600		276.97		         0		-999.00
-999	1691443220	3600		276.92		         0		-999.00
-999	1691446820	3600		276.97		         0		-999.00
-999	1691450420	3600		276.92		         0		-999.00
-999	1691454020	3600		276.92		         0		-999.00
-999	1691457620	3600		276.97		         0		-999.00
-999	1691461220	3600		276.92		         0		-999.00
-999	1691464820	3600		276.97		         0		-999.00
-999	1691468420	3600		276.97		         0		-999.00
-999	1691472020	3600		276.97		         0		-999.00
-999	1691475620	3600		276.97		         0		-999.00
-999	1691479220	3600		276.97		         0		-999.00
-999	1691482820	3600		276.97		         0		-999.00
-999	1691486420	3600		276.97		         0		-999.00
-999	1691490020	3600		276.97		         0		-999.00
-999	1691493620	3600		276.97		         0		-999.00
-999	1691497220	3600		276.97		         0		-999.00
-999	1691500820	3600		276.97		         0		-999.00
-999	1691504420	3600		276.97		         0		-999.00
-999	1691508020	3600		276.97		         0		-999.00
-999	1691511620	3600		276.97		         0		-999.00
-999	1691515220	3600		276.97		         0		-999.00
-999	1691518820	3600		276.97		         0		-999.00
-999	1691522420	3600		276.97		         0		-999.00
-999	1691526020	3600		276.97		         0		-999.00
-999	1691529620	3600		276.97		         0		-999.00
-999	1691533220	3600		276.97		         0		-999.00
-999	1691536820	3600		276.87		         0		-999.00
-999	1691540420	3600		276.97		         0		-999.00
-999	1691544020	3600		276.97		         0		-999.00
-999	1691547620	3600		276.97		         0		-999.00
-999	1691551220	3600		276.97		         0		-999.00
-999	1691554820	3600		276.97		         0		-999.00
-999	1691558420	3600		276.97		         0		-999.00
-999	1691562020	3600		276.97		         0		-999.00
-999	1691565620	3600		276.97		         0		-999.00
-999	1691569220	3600		276.92		         0		-999.00
-999	1691572820	3600		276.92		         0		-999.00
-999	1691576420	3600		276.92		         0		-999.00
-999	1691580020	3600		276.97		         0		-999.00
-999	1691583620	3600		276.97		         0		-999.00
-999	1691587220	3600		276.97		         0		-999.00
-999	1691590820	3600		276.87		         0		-999.00
-999	1691594420	3600		276.87		         0		-999.00
-999	1691598020	3600		276.97		         0		-999.00
-999	1691601620	3600		276.97		         0		-999.00
-999	1691605220	3600		276.97		         0		-999.00
-999	1691608820	3600		276.97		         0		-999.00
-999	1691612420	3600		276.97		         0		-999.00
-999	1691616020	3600		276.97		         0		-999.00
-999	1691619620	3600		276.92		         0		-999.00
-999	1691623220	3600		276.97		         0		-999.00
-999	1691626820	3600		276.97		         0		-999.00
-999	1691630420	3600		276.97		         0		-999.00
-999	1691634020	3600		276.97		         0		-999.00
-999	1691637620	3600		276.97		         0		-999.00
-999	1691641220	3600		276.97		         0		-999.00
-999	1691644820	3600		276.97		         0		-999.00
-999	1691648420	3600		276.97		         0		-999.00
-999	1691652020	3600		276.97		         0		-999.00
-999	1691655620	3600		276.92		         0		-999.00
-999	1691659220	3600		276.97		         0		-999.00
-999	1691662820	3600		276.92		         0		-999.00
-999	1691666420	3600		276.97		         0		-999.00
-999	1691670020	3600		276.97		         0		-999.00
-999	1691673620	3600		276.92		         0		-999.00
-999	1691677220	3600		276.97		         0		-999.00
-999	1691680820	3600		276.97		         0		-999.00
-999	1691684420	3600		276.97		         0		-999.00
-999	1691688020	3600		276.97		         0		-999.00
-999	1691691620	3600		276.97		         0		-999.00
-999	1691695220	3600		276.97		         0		-999.00
-999	1691698820	3600		276.97		         0		-999.00
-999	1691702420	3600		276.97		         0		-999.00
-999	1691706020	3600		276.97		         0		-999.00
-999	1691709620	3600		276.97		         0		-999.00
-999	1691713220	3600		276.97		         0		-999.00
-999	1691716820	3600		276.97		         0		-999.00
-999	1691720420	3600		276.97		         0		-999.00
-999	1691724020	3600		276.97		         0		-999.00
-999	1691727620	3600		276.87		         0		-999.00
-999	1691731220	3600		276.81		         0		-999.00
-999	1691734820	3600		276.76		         0		-999.00
-999	1691738420	3600		276.81		         0		-999.00
-999	1691742020	3600		276.87		         0		-999.00
-999	1691745620	3600		276.87		         0		-999.00
-999	1691749220	3600		276.97		         0		-999.00
-999	1691752820	3600		276.97		         0		-999.00
-999	1691756420	3600		276.97		         0		-999.00
-999	1691760020	3600		276.97		         0		-999.00
-999	1691763620	3600		276.97		         0		-999.00
-999	1691767220	3600		276.92		         0		-999.00
-999	1691770820	3600		276.97		         0		-999.00
-999	1691774420	3600		276.97		         0		-999.00
-999	1691778020	3600		276.97		         0		-999.00
-999	1691781620	3600		276.97		         0		-999.00
-999	1691785220	3600		276.97		         0		-999.00
-999	1691788820	3600		276.97		         0		-999.00
-999	1691792420	3600		276.92		         0		-999.00
-999	1691796020	3600		276.94		         0		-999.00
-999	1691799620	3600		276.94		         0		-999.00
-999	1691803220	3600		276.84		         0		-999.00
-999	1691806820	3600		276.94		         0		-999.00
-999	1691810420	3600		276.94		         0		-999.00
-999	1691814020	3600		276.94		         0		-999.00
-999	1691817620	3600		276.94		         0		-999.00
-999	1691821220	3600		276.94		         0		-999.00
-999	1691824820	3600		276.94		         0		-999.00
-999	1691828420	3600		276.84		         0		-999.00
-999	1691832020	3600		276.94		         0		-999.00
-999	1691835620	3600		276.94		         0		-999.00
-999	1691839220	3600		276.94		         0		-999.00
-999	1691842820	3600		276.94		         0		-999.00
-999	1691846420	3600		276.94		         0		-999.00
-999	1691850020	3600		276.94		         0		-999.00
-999	1691853620	3600		276.94		         0		-999.00
-999	1691857220	3600		276.94		         0		-999.00
-999	1691860820	3600		276.94		         0		-999.00
-999	1691864420	3600		276.94		         0		-999.00
-999	1691868020	3600		276.94		         0		-999.00
-999	1691871620	3600		276.84		         0		-999.00
-999	1691875220	3600		276.94		         0		-999.00
-999	1691878820	3600		276.94		         0		-999.00
-999	1691882420	3600		276.94		         0		-999.00
-999	1691886020	3600		276.94		         0		-999.00
-999	1691889620	3600		276.94		         0		-999.00
-999	1691893220	3600		276.94		         0		-999.00
-999	1691896820	3600		276.94		         0		-999.00
-999	1691900420	3600		276.84		         0		-999.00
-999	1691904020	3600		276.84		         0		-999.00
-999	1691907620	3600		276.94		         0		-999.00
-999	1691911220	3600		276.94		         0		-999.00
-999	1691914820	3600		276.94		         0		-999.00
-999	1691918420	3600		276.94		         0		-999.00
-999	1691922020	3600		276.94		         0		-999.00
-999	1691925620	3600		276.94		         0		-999.00
-999	1691929220	3600		276.94		         0		-999.00
-999	1691932820	3600		276.94		         0		-999.00
-999	1691936420	3600		276.94		         0		-999.00
-999	1691940020	3600		276.94		         0		-999.00
-999	1691943620	3600		276.94		         0		-999.00
-999	1691947220	3600		276.94		         0		-999.00
-999	1691950820	3600		276.94		         0		-999.00
-999	1691954420	3600		276.94		         0		-999.00
-999	1691958020	3600		276.94		         0		-999.00
-999	1691961620	3600		276.94		         0		-999.00
-999	1691965220	3600		276.94		         0		-999.00
-999	1691968820	3600		276.94		         0		-999.00
-999	1691972420	3600		276.94		         0		-999.00
-999	1691976020	3600		276.94		         0		-999.00
-999	1691979620	3600		276.94		         0		-999.00
-999	1691983220	3600		276.94		         0		-999.00
-999	1691986820	3600		276.94		         0		-999.00
-999	1691990420	3600		276.94		         0		-999.00
-999	1691994020	3600		276.84		         0		-999.00
-999	1691997620	3600		276.94		         0		-999.00
-999	1692001220	3600		276.94		         0		-999.00
-999	1692004820	3600		276.94		         0		-999.00
-999	1692008420	3600		276.94		         0		-999.00
-999	1692012020	3600		276.84		         0		-999.00
-999	1692015620	3600		276.94		         0		-999.00
-999	1692019220	3600		276.94		         0		-999.00
-999	1692022820	3600		276.94		         0		-999.00
-999	1692026420	3600		276.94		         0		-999.00
-999	1692030020	3600		276.94		         0		-999.00
-999	1692033620	3600		276.94		         0		-999.00
-999	1692037220	3600		276.94		         0		-999.00
-999	1692040820	3600		276.94		         0		-999.00
-999	1692044420	3600		276.94		         0		-999.00
-999	1692048020	3600		276.94		         0		-999.00
-999	1692051620	3600		276.94		         0		-999.00
-999	1692055220	3600		276.94		         0		-999.00
-999	1692058820	3600		276.94		         0		-999.00
-999	1692062420	3600		276.94		         0		-999.00
-999	1692066020	3600		276.94		         0		-999.00
-999	1692069620	3600		276.94		         0		-999.00
-999	1692073220	3600		276.94		         0		-999.00
-999	1692076820	3600		276.94		         0		-999.00
-999	1692080420	3600		276.94		         0		-999.00
-999	1692084020	3600		276.94		         0		-999.00
-999	1692087620	3600		276.94		         0		-999.00
-999	1692091220	3600		276.94		         0		-999.00
-999	1692094820	3600		276.94		         0		-999.00
-999	1692098420	3600		276.94		         0		-999.00
-999	1692102020	3600		276.94		         0		-999.00
-999	1692105620	3600		276.94		         0		-999.00
-999	1692109220	3600		276.84		         0		-999.00
-999	1692112820	3600		276.89		         0		-999.00
-999	1692116420	3600		276.94		         0		-999.00
-999	1692120020	3600		276.94		         0		-999.00
-999	1692123620	3600		276.94		         0		-999.00
-999	1692127220	3600		276.94		         0		-999.00
-999	1692130820	3600		276.94		         0		-999.00
-999	1692134420	3600		276.89		         0		-999.00
-999	1692138020	3600		276.84		         0		-999.00
-999	1692141620	3600		276.94		         0		-999.00
-999	1692145220	3600		276.94		         0		-999.00
-999	1692148820	3600		276.94		         0		-999.00
-999	1692152420	3600		276.94		         0		-999.00
-999	1692156020	3600		276.94		         0		-999.00
-999	1692159620	3600		276.94		         0		-999.00
-999	1692163220	3600		276.84		         0		-999.00
-999	1692166820	3600		276.89		         0		-999.00
-999	1692170420	3600		276.94		         0		-999.00
-999	1692174020	3600		276.94		         0		-999.00
-999	1692177620	3600		276.94		         0		-999.00
-999	1692181220	3600		276.94		         0		-999.00
-999	1692184820	3600		276.94		         0		-999.00
-999	1692188420	3600		276.94		         0		-999.00
-999	1692192020	3600		276.94		         0		-999.00
-999	1692195620	3600		276.94		         0		-999.00
-999	1692199220	3600		276.84		         0		-999.00
-999	1692202820	3600		276.94		         0		-999.00
-999	1692206420	3600		276.94		         0		-999.00
-999	1692210020	3600		276.94		         0		-999.00
-999	1692213620	3600		276.84		         0		-999.00
-999	1692217220	3600		276.84		         0		-999.00
-999	1692220820	3600		276.89		         0		-999.00
-999	1692224420	3600		276.94		         0		-999.00
-999	1692228020	3600		276.94		         0		-999.00
-999	1692231620	3600		276.94		         0		-999.00
-999	1692235220	3600		276.94		         0		-999.00
-999	1692238820	3600		276.94		         0		-999.00
-999	1692242420	3600		276.94		         0		-999.00
-999	1692246020	3600		276.84		         0		-999.00
-999	1692249620	3600		276.84		         0		-999.00
-999	1692253220	3600		276.84		         0		-999.00
-999	1692256820	3600		276.84		         0		-999.00
-999	1692260420	3600		276.94		         0		-999.00
-999	1692264020	3600		276.94		         0		-999.00
-999	1692267620	3600		276.94		         0		-999.00
-999	1692271220	3600		276.94		         0		-999.00
-999	1692274820	3600		276.94		         0		-999.00
-999	1692278420	3600		276.94		         0		-999.00
-999	1692282020	3600		276.84		         0		-999.00
-999	1692285620	3600		276.84		         0		-999.00
-999	1692289220	3600		276.84		         0		-999.00
-999	1692292820	3600		276.94		         0		-999.00
-999	1692296420	3600		276.94		         0		-999.00
-999	1692300020	3600		276.94		         0		-999.00
-999	1692303620	3600		276.94		         0		-999.00
-999	1692307220	3600		276.94		         0		-999.00
-999	1692310820	3600		276.94		         0		-999.00
-999	1692314420	3600		276.94		         0		-999.00
-999	1692318020	3600		276.94		         0		-999.00
-999	1692321620	3600		276.94		         0		-999.00
-999	1692325220	3600		276.84		         0		-999.00
-999	1692328820	3600		276.94		         0		-999.00
-999	1692332420	3600		276.84		         0		-999.00
-999	1692336020	3600		276.94		         0		-999.00
-999	1692339620	3600		276.84		         0		-999.00
-999	1692343220	3600		276.73		         0		-999.00
-999	1692346820	3600		276.73		         0		-999.00
-999	1692350420	3600		276.73		         0		-999.00
-999	1692354020	3600		276.83		         0		-999.00
-999	1692357620	3600		276.73		         0		-999.00
-999	1692361220	3600		276.61		         0		-999.00
-999	1692364820	3600		276.61		         0		-999.00
-999	1692368420	3600		276.66		         0		-999.00
-999	1692372020	3600		276.71		         0		-999.00
-999	1692375620	3600		276.71		         0		-999.00
-999	1692379220	3600		276.71		         0		-999.00
-999	1692382820	3600		276.71		         0		-999.00
-999	1692386420	3600		276.66		         0		-999.00
-999	1692390020	3600		276.61		         0		-999.00
-999	1692393620	3600		276.61		         0		-999.00
-999	1692397220	3600		276.61		         0		-999.00
-999	1692400820	3600		276.61		         0		-999.00
-999	1692404420	3600		276.61		         0		-999.00
-999	1692408020	3600		276.61		         0		-999.00
-999	1692411620	3600		276.61		         0		-999.00
-999	1692415220	3600		276.61		         0		-999.00
-999	1692418820	3600		276.61		         0		-999.00
-999	1692422420	3600		276.61		         0		-999.00
-999	1692426020	3600		276.61		         0		-999.00
-999	1692429620	3600		276.61		         0		-999.00
-999	1692433220	3600		276.61		         0		-999.00
-999	1692436820	3600		276.61		         0		-999.00
-999	1692440420	3600		276.61		         0		-999.00
-999	1692444020	3600		276.61		         0		-999.00
-999	1692447620	3600		276.61		         0		-999.00
-999	1692451220	3600		276.61		         0		-999.00
-999	1692454820	3600		276.61		         0		-999.00
-999	1692458420	3600		276.61		         0		-999.00
-999	1692462020	3600		276.50		         0		-999.00
-999	1692465620	3600		276.59		         0		-999.00
-999	1692469220	3600		276.59		         0		-999.00
-999	1692472820	3600		276.59		         0		-999.00
-999	1692476420	3600		276.59		         0		-999.00
-999	1692480020	3600		276.50		         0		-999.00
-999	1692483620	3600		276.59		         0		-999.00
-999	1692487220	3600		276.59		         0		-999.00
-999	1692490820	3600		276.59		         0		-999.00
-999	1692494420	3600		276.59		         0		-999.00
-999	1692498020	3600		276.59		         0		-999.00
-999	1692501620	3600		276.59		         0		-999.00
-999	1692505220	3600		276.59		         0		-999.00
-999	1692508820	3600		276.64		         0		-999.00
-999	1692512420	3600		276.54		         0		-999.00
-999	1692516020	3600		276.38		         0		-999.00
-999	1692519620	3600		276.38		         0		-999.00
-999	1692523220	3600		276.38		         0		-999.00
-999	1692526820	3600		276.50		         0		-999.00
-999	1692530420	3600		276.50		         0		-999.00
-999	1692534020	3600		276.50		         0		-999.00
-999	1692537620	3600		276.50		         0		-999.00
-999	1692541220	3600		276.50		         0		-999.00
-999	1692544820	3600		276.38		         0		-999.00
-999	1692548420	3600		276.50		         0		-999.00
-999	1692552020	3600		276.50		         0		-999.00
-999	1692555620	3600		276.50		         0		-999.00
-999	1692559220	3600		276.50		         0		-999.00
-999	1692562820	3600		276.50		         0		-999.00
-999	1692566420	3600		276.50		         0		-999.00
-999	1692570020	3600		276.50		         0		-999.00
-999	1692573620	3600		276.50		         0		-999.00
-999	1692577220	3600		276.50		         0		-999.00
-999	1692580820	3600		276.50		         0		-999.00
-999	1692584420	3600		276.50		         0		-999.00
-999	1692588020	3600		276.50		         0		-999.00
-999	1692591620	3600		264.86		         0		-999.00
-999	1692595220	3600		255.21		         0		-999.00
-999	1692598820	3600		255.49		         0		-999.00
-999	1692602420	3600		255.81		         0		-999.00
-999	1692606020	3600		257.44		         0		-999.00
-999	1692609620	3600		258.48		         0		-999.00
-999	1692613220	3600		258.42		         0		-999.00
-999	1692616820	3600		261.30		         0		-999.00
-999	1692620420	3600		261.57		         0		-999.00
-999	1692624020	3600		261.36		         0		-999.00
-999	1692627620	3600		261.46		         0		-999.00
-999	1692631220	3600		261.38		         0		-999.00
-999	1692634820	3600		261.38		         0		-999.00
-999	1692638420	3600		261.44		         0		-999.00
-999	1692642020	3600		261.46		         0		-999.00
-999	1692645620	3600		261.52		         0		-999.00
-999	1692649220	3600		261.52		         0		-999.00
-999	1692652820	3600		261.52		         0		-999.00
-999	1692656420	3600		261.51		         0		-999.00
-999	1692660020	3600		261.56		         0		-999.00
-999	1692663620	3600		261.50		         0		-999.00
-999	1692667220	3600		261.46		         0		-999.00
-999	1692670820	3600		261.50		         0		-999.00
-999	1692674420	3600		261.49		         0		-999.00
-999	1692678020	3600		261.55		         0		-999.00
-999	1692681620	3600		261.13		         0		-999.00
-999	1692685220	3600		261.49		         0		-999.00
-999	1692688820	3600		261.49		         0		-999.00
-999	1692692420	3600		261.52		         0		-999.00
-999	1692696020	3600		261.09		         0		-999.00
-999	1692699620	3600		261.38		         0		-999.00
-999	1692703220	3600		261.62		         0		-999.00
-999	1692706820	3600		261.50		         0		-999.00
-999	1692710420	3600		261.50		         0		-999.00
-999	1692714020	3600		261.55		         0		-999.00
-999	1692717620	3600		261.61		         0		-999.00
-999	1692721220	3600		261.61		         0		-999.00
-999	1692724820	3600		261.67		         0		-999.00
-999	1692728420	3600		261.45		         0		-999.00
-999	1692732020	3600		261.51		         0		-999.00
-999	1692735620	3600		261.52		         0		-999.00
-999	1692739220	3600		261.52		         0		-999.00
-999	1692742820	3600		261.52		         0		-999.00
-999	1692746420	3600		261.52		         0		-999.00
-999	1692750020	3600		261.52		         0		-999.00
-999	1692753620	3600		261.57		         0		-999.00
-999	1692757220	3600		261.52		         0		-999.00
-999	1692760820	3600		261.47		         0		-999.00
-999	1692764420	3600		261.52		         0		-999.00
-999	1692768020	3600		261.52		         0		-999.00
-999	1692771620	3600		261.42		         0		-999.00
-999	1692775220	3600		261.61		         0		-999.00
-999	1692778820	3600		261.30		         0		-999.00
-999	1692782420	3600		261.29		         0		-999.00
-999	1692786020	3600		261.30		         0		-999.00
-999	1692789620	3600		261.30		         0		-999.00
-999	1692793220	3600		261.30		         0		-999.00
-999	1692796820	3600		261.53		         0		-999.00
-999	1692800420	3600		261.19		         0		-999.00
-999	1692804020	3600		261.39		         0		-999.00
-999	1692807620	3600		261.19		         0		-999.00
-999	1692811220	3600		261.25		         0		-999.00
-999	1692814820	3600		261.42		         0		-999.00
-999	1692818420	3600		261.55		         0		-999.00
-999	1692822020	3600		261.55		         0		-999.00
-999	1692825620	3600		261.55		         0		-999.00
-999	1692829220	3600		261.55		         0		-999.00
-999	1692832820	3600		261.55		         0		-999.00
-999	1692836420	3600		261.55		         0		-999.00
-999	1692840020	3600		261.55		         0		-999.00
-999	1692843620	3600		261.56		         0		-999.00
-999	1692847220	3600		261.52		         0		-999.00
-999	1692850820	3600		261.52		         0		-999.00
-999	1692854420	3600		261.11		         0		-999.00
-999	1692858020	3600		261.25		         0		-999.00
-999	1692861620	3600		261.40		         0		-999.00
-999	1692865220	3600		261.42		         0		-999.00
-999	1692868820	3600		261.63		         0		-999.00
-999	1692872420	3600		261.49		         0		-999.00
-999	1692876020	3600		261.48		         0		-999.00
-999	1692879620	3600		261.37		         0		-999.00
-999	1692883220	3600		261.34		         0		-999.00
-999	1692886820	3600		261.51		         0		-999.00
-999	1692890420	3600		261.54		         0		-999.00
-999	1692894020	3600		261.54		         0		-999.00
-999	1692897620	3600		261.52		         0		-999.00
-999	1692901220	3600		261.52		         0		-999.00
-999	1692904820	3600		261.52		         0		-999.00
-999	1692908420	3600		261.52		         0		-999.00
-999	1692912020	3600		261.52		         0		-999.00
-999	1692915620	3600		261.52		         0		-999.00
-999	1692919220	3600		261.52		         0		-999.00
-999	1692922820	3600		261.56		         0		-999.00
-999	1692926420	3600		261.51		         0		-999.00
-999	1692930020	3600		261.56		         0		-999.00
-999	1692933620	3600		261.52		         0		-999.00
-999	1692937220	3600		261.09		         0		-999.00
-999	1692940820	3600		261.32		         0		-999.00
-999	1692944420	3600		261.47		         0		-999.00
-999	1692948020	3600		257.95		         0		-999.00
-999	1692951620	3600		258.23		         0		-999.00
-999	1692955220	3600		258.23		         0		-999.00
-999	1692958820	3600		258.25		         0		-999.00
-999	1692962420	3600		261.30		         0		-999.00
-999	1692966020	3600		261.36		         0		-999.00
-999	1692969620	3600		261.61		         0		-999.00
-999	1692973220	3600		261.48		         0		-999.00
-999	1692976820	3600		261.55		         0		-999.00
-999	1692980420	3600		261.16		         0		-999.00
-999	1692984020	3600		261.52		         0		-999.00
-999	1692987620	3600		261.57		         0		-999.00
-999	1692991220	3600		261.58		         0		-999.00
-999	1692994820	3600		261.21		         0		-999.00
-999	1692998420	3600		261.62		         0		-999.00
-999	1693002020	3600		261.62		         0		-999.00
-999	1693005620	3600		261.56		         0		-999.00
-999	1693009220	3600		261.62		         0		-999.00
-999	1693012820	3600		261.62		         0		-999.00
-999	1693016420	3600		261.62		         0		-999.00
-999	1693020020	3600		261.62		         0		-999.00
-999	1693023620	3600		261.63		         0		-999.00
-999	1693027220	3600		261.63		         0		-999.00
-999	1693030820	3600		261.55		         0		-999.00
-999	1693034420	3600		261.55		         0		-999.00
-999	1693038020	3600		261.55		         0		-999.00
-999	1693041620	3600		261.55		         0		-999.00
-999	1693045220	3600		261.55		         0		-999.00
-999	1693048820	3600		261.56		         0		-999.00
-999	1693052420	3600		261.34		         0		-999.00
-999	1693056020	3600		261.64		         0		-999.00
-999	1693059620	3600		261.58		         0		-999.00
-999	1693063220	3600		261.58		         0		-999.00
-999	1693066820	3600		261.58		         0		-999.00
-999	1693070420	3600		261.63		         0		-999.00
-999	1693074020	3600		261.58		         0		-999.00
-999	1693077620	3600		261.58		         0		-999.00
-999	1693081220	3600		261.58		         0		-999.00
-999	1693084820	3600		261.58		         0		-999.00
-999	1693088420	3600		261.58		         0		-999.00
-999	1693092020	3600		261.58		         0		-999.00
-999	1693095620	3600		261.58		         0		-999.00
-999	1693099220	3600		261.59		         0		-999.00
-999	1693102820	3600		261.58		         0		-999.00
-999	1693106420	3600		261.59		         0		-999.00
-999	1693110020	3600		261.23		         0		-999.00
-999	1693113620	3600		261.63		         0		-999.00
-999	1693117220	3600		261.57		         0		-999.00
-999	1693120820	3600		261.47		         0		-999.00
-999	1693124420	3600		261.57		         0		-999.00
-999	1693128020	3600		261.58		         0		-999.00
-999	1693131620	3600		261.58		         0		-999.00
-999	1693135220	3600		261.64		         0		-999.00
-999	1693138820	3600		261.57		         0		-999.00
-999	1693142420	3600		261.47		         0		-999.00
-999	1693146020	3600		261.63		         0		-999.00
-999	1693149620	3600		261.57		         0		-999.00
-999	1693153220	3600		261.63		         0		-999.00
-999	1693156820	3600		261.57		         0		-999.00
-999	1693160420	3600		261.57		         0		-999.00
-999	1693164020	3600		261.57		         0		-999.00
-999	1693167620	3600		261.58		         0		-999.00
-999	1693171220	3600		261.63		         0		-999.00
-999	1693174820	3600		261.57		         0		-999.00
-999	1693178420	3600		261.57		         0		-999.00
-999	1693182020	3600		261.63		         0		-999.00
-999	1693185620	3600		261.58		         0		-999.00
-999	1693189220	3600		261.58		         0		-999.00
-999	1693192820	3600		261.64		         0		-999.00
-999	1693196420	3600		261.58		         0		-999.00
-999	1693200020	3600		261.22		         0		-999.00
-999	1693203620	3600		261.40		         0		-999.00
-999	1693207220	3600		261.43		         0		-999.00
-999	1693210820	3600		261.43		         0		-999.00
-999	1693214420	3600		261.36		         0		-999.00
-999	1693218020	3600		261.41		         0		-999.00
-999	1693221620	3600		261.35		         0		-999.00
-999	1693225220	3600		261.42		         0		-999.00
-999	1693228820	3600		261.40		         0		-999.00
-999	1693232420	3600		261.58		         0		-999.00
-999	1693236020	3600		261.35		         0		-999.00
-999	1693239620	3600		261.58		         0		-999.00
-999	1693243220	3600		261.28		         0		-999.00
-999	1693246820	3600		261.63		         0		-999.00
-999	1693250420	3600		261.63		         0		-999.00
-999	1693254020	3600		261.61		         0		-999.00
-999	1693257620	3600		261.61		         0		-999.00
-999	1693261220	3600		261.61		         0		-999.00
-999	1693264820	3600		261.61		         0		-999.00
-999	1693268420	3600		261.61		         0		-999.00
-999	1693272020	3600		261.61		         0		-999.00
-999	1693275620	3600		261.61		         0		-999.00
-999	1693279220	3600		261.61		         0		-999.00
-999	1693282820	3600		261.61		         0		-999.00
-999	1693286420	3600		261.40		         0		-999.00
-999	1693290020	3600		261.65		         0		-999.00
-999	1693293620	3600		261.68		         0		-999.00
-999	1693297220	3600		261.63		         0		-999.00
-999	1693300820	3600		261.63		         0		-999.00
-999	1693304420	3600		261.63		         0		-999.00
-999	1693308020	3600		261.63		         0		-999.00
-999	1693311620	3600		261.50		         0		-999.00
-999	1693315220	3600		261.51		         0		-999.00
-999	1693318820	3600		261.63		         0		-999.00
-999	1693322420	3600		261.70		         0		-999.00
-999	1693326020	3600		261.59		         0		-999.00
-999	1693329620	3600		261.64		         0		-999.00
-999	1693333220	3600		261.52		         0		-999.00
-999	1693336820	3600		261.61		         0		-999.00
-999	1693340420	3600		261.61		         0		-999.00
-999	1693344020	3600		261.62		         0		-999.00
-999	1693347620	3600		261.62		         0		-999.00
-999	1693351220	3600		261.62		         0		-999.00
-999	1693354820	3600		261.62		         0		-999.00
-999	1693358420	3600		261.68		         0		-999.00
-999	1693362020	3600		261.65		         0		-999.00
-999	1693365620	3600		261.65		         0		-999.00
-999	1693369220	3600		261.65		         0		-999.00
-999	1693372820	3600		261.65		         0		-999.00
-999	1693376420	3600		261.46		         0		-999.00
-999	1693380020	3600		261.39		         0		-999.00
-999	1693383620	3600		258.30		         0		-999.00
-999	1693387220	3600		258.32		         0		-999.00
-999	1693390820	3600		258.12		         0		-999.00
-999	1693394420	3600		258.41		         0		-999.00
-999	1693398020	3600		258.40		         0		-999.00
-999	1693401620	3600		258.38		         0		-999.00
-999	1693405220	3600		258.38		         0		-999.00
-999	1693408820	3600		258.39		         0		-999.00
-999	1693412420	3600		258.39		         0		-999.00
-999	1693416020	3600		258.43		         0		-999.00
-999	1693419620	3600		258.43		         0		-999.00
-999	1693423220	3600		258.48		         0		-999.00
-999	1693426820	3600		258.23		         0		-999.00
-999	1693430420	3600		258.46		         0		-999.00
-999	1693434020	3600		258.40		         0		-999.00
-999	1693437620	3600		258.44		         0		-999.00
-999	1693441220	3600		258.39		         0		-999.00
-999	1693444820	3600		258.45		         0		-999.00
-999	1693448420	3600		258.38		         0		-999.00
-999	1693452020	3600		258.38		         0		-999.00
-999	1693455620	3600		258.40		         0		-999.00
-999	1693459220	3600		258.40		         0		-999.00
-999	1693462820	3600		258.38		         0		-999.00
-999	1693466420	3600		258.43		         0		-999.00
-999	1693470020	3600		258.43		         0		-999.00
-999	1693473620	3600		258.39		         0		-999.00
-999	1693477220	3600		258.39		         0		-999.00
-999	1693480820	3600		258.39		         0		-999.00
-999	1693484420	3600		261.57		         0		-999.00
-999	1693488020	3600		261.68		         0		-999.00
-999	1693491620	3600		261.68		         0		-999.00
-999	1693495220	3600		261.52		         0		-999.00
-999	1693498820	3600		258.23		         0		-999.00
-999	1693502420	3600		258.43		         0		-999.00
-999	1693506020	3600		258.44		         0		-999.00
-999	1693509620	3600		258.39		         0		-999.00
-999	1693513220	3600		258.45		         0		-999.00
-999	1693516820	3600		258.39		         0		-999.00
-999	1693520420	3600		258.36		         0		-999.00
-999	1693524020	3600		258.42		         0		-999.00
-999	1693527620	3600		258.43		         0		-999.00
-999	1693531220	3600		258.43		         0		-999.00
-999	1693534820	3600		258.39		         0		-999.00
-999	1693538420	3600		258.47		         0		-999.00
-999	1693542020	3600		258.42		         0		-999.00
-999	1693545620	3600		258.40		         0		-999.00
-999	1693549220	3600		258.46		         0		-999.00
-999	1689541220	-4008000		258.84		         0		-999.00
9095	1693551832	1200		261.48		      2471		779.50
9095	1693552464	632		261.48		      2382		776.50
-999	1693553664	1200		258.12		         0		-999.00
-999	1693557264	3600		261.59		         0		-999.00
-999	1693560864	3600		261.70		         0		-999.00
-999	1693564464	3600		261.64		         0		-999.00
-999	1693568064	3600		261.64		         0		-999.00
-999	1693571664	3600		261.27		         0		-999.00
-999	1693575264	3600		261.38		         0		-999.00
-999	1693578864	3600		261.39		         0		-999.00
-999	1693582464	3600		261.40		         0		-999.00
-999	1693586064	3600		261.40		         0		-999.00
-999	1693589664	3600		261.46		         0		-999.00
-999	1693593264	3600		261.40		         0		-999.00
-999	1693596864	3600		261.40		         0		-999.00
-999	1693600464	3600		261.40		         0		-999.00
-999	1693604064	3600		261.41		         0		-999.00
-999	1693607664	3600		261.41		         0		-999.00
-999	1693611264	3600		261.41		         0		-999.00
-999	1693614864	3600		261.41		         0		-999.00
-999	1693618464	3600		261.38		         0		-999.00
-999	1693622064	3600		261.51		         0		-999.00
-999	1693625664	3600		261.68		         0		-999.00
-999	1693629264	3600		261.62		         0		-999.00
-999	1693632864	3600		261.63		         0		-999.00
-999	1693636464	3600		261.61		         0		-999.00
-999	1693640064	3600		261.65		         0		-999.00
-999	1693643664	3600		261.65		         0		-999.00
-999	1693647264	3600		261.25		         0		-999.00
-999	1693650864	3600		261.27		         0		-999.00
-999	1693654464	3600		261.39		         0		-999.00
-999	1693658064	3600		261.38		         0		-999.00
-999	1693661664	3600		261.34		         0		-999.00
-999	1693665264	3600		261.33		         0		-999.00
-999	1693668864	3600		261.35		         0		-999.00
-999	1693672464	3600		261.35		         0		-999.00
-999	1693676064	3600		261.35		         0		-999.00
-999	1693679664	3600		261.35		         0		-999.00
-999	1693683264	3600		261.35		         0		-999.00
-999	1693686864	3600		261.35		         0		-999.00
-999	1693690464	3600		261.27		         0		-999.00
-999	1693694064	3600		261.39		         0		-999.00
-999	1693697664	3600		261.33		         0		-999.00
-999	1693701264	3600		261.33		         0		-999.00
-999	1693704864	3600		261.35		         0		-999.00
-999	1693708464	3600		261.45		         0		-999.00
-999	1693712064	3600		261.11		         0		-999.00
-999	1693715664	3600		261.30		         0		-999.00
-999	1693719264	3600		261.40		         0		-999.00
-999	1693722864	3600		261.65		         0		-999.00
-999	1693726464	3600		261.65		         0		-999.00
-999	1693730064	3600		261.65		         0		-999.00
-999	1693733664	3600		261.65		         0		-999.00
-999	1693737264	3600		261.65		         0		-999.00
-999	1693740864	3600		258.40		         0		-999.00
-999	1693744464	3600		258.36		         0		-999.00
-999	1693748064	3600		258.36		         0		-999.00
-999	1693751664	3600		258.36		         0		-999.00
-999	1693755264	3600		258.44		         0		-999.00
-999	1693758864	3600		258.38		         0		-999.00
-999	1693762464	3600		258.38		         0		-999.00
-999	1693766064	3600		258.40		         0		-999.00
-999	1693769664	3600		258.22		         0		-999.00
-999	1693773264	3600		258.38		         0		-999.00
-999	1693776864	3600		258.38		         0		-999.00
-999	1693780464	3600		258.40		         0		-999.00
-999	1693784064	3600		258.40		         0		-999.00
-999	1693787664	3600		258.38		         0		-999.00
-999	1693791264	3600		258.38		         0		-999.00
-999	1693794864	3600		258.43		         0		-999.00
-999	1693798464	3600		258.38		         0		-999.00
-999	1693802064	3600		258.38		         0		-999.00
-999	1693805664	3600		258.36		         0		-999.00
-999	1693809264	3600		258.31		         0		-999.00
-999	1693812864	3600		258.36		         0		-999.00
-999	1693816464	3600		258.33		         0		-999.00
-999	1693820064	3600		258.38		         0		-999.00
-999	1693823664	3600		258.39		         0		-999.00
-999	1693827264	3600		258.39		         0		-999.00
-999	1693830864	3600		258.22		         0		-999.00
-999	1693834464	3600		258.37		         0		-999.00
-999	1693838064	3600		258.33		         0		-999.00
-999	1693841664	3600		258.49		         0		-999.00
-999	1693845264	3600		258.37		         0		-999.00
-999	1693848864	3600		258.37		         0		-999.00
-999	1693852464	3600		258.37		         0		-999.00
-999	1693856064	3600		258.37		         0		-999.00
-999	1693859664	3600		258.40		         0		-999.00
-999	1693863264	3600		258.40		         0		-999.00
-999	1693866864	3600		258.36		         0		-999.00
-999	1693870464	3600		258.43		         0		-999.00
-999	1693874064	3600		258.43		         0		-999.00
-999	1693877664	3600		258.38		         0		-999.00
-999	1693881264	3600		258.39		         0		-999.00
-999	1693884864	3600		258.33		         0		-999.00
-999	1693888464	3600		258.38		         0		-999.00
-999	1693892064	3600		258.39		         0		-999.00
-999	1693895664	3600		258.34		         0		-999.00
-999	1693899264	3600		258.39		         0		-999.00
-999	1693902864	3600		258.39		         0		-999.00
-999	1693906464	3600		258.39		         0		-999.00
-999	1693910064	3600		258.34		         0		-999.00
-999	1693913664	3600		258.41		         0		-999.00
-999	1693917264	3600		258.35		         0		-999.00
-999	1693920864	3600		258.35		         0		-999.00
-999	1693924464	3600		258.41		         0		-999.00
-999	1693928064	3600		258.41		         0		-999.00
-999	1693931664	3600		258.42		         0		-999.00
-999	1693935264	3600		258.36		         0		-999.00
-999	1693938864	3600		258.36		         0		-999.00
-999	1693942464	3600		258.36		         0		-999.00
-999	1693946064	3600		258.43		         0		-999.00
-999	1693949664	3600		258.35		         0		-999.00
-999	1693953264	3600		258.35		         0		-999.00
-999	1693956864	3600		258.35		         0		-999.00
-999	1693960464	3600		258.43		         0		-999.00
-999	1693964064	3600		258.38		         0		-999.00
-999	1693967664	3600		258.38		         0		-999.00
-999	1693971264	3600		258.38		         0		-999.00
-999	1693974864	3600		258.37		         0		-999.00
-999	1693978464	3600		258.40		         0		-999.00
-999	1693982064	3600		258.36		         0		-999.00
-999	1693985664	3600		261.46		         0		-999.00
-999	1693989264	3600		261.52		         0		-999.00
-999	1693992864	3600		261.63		         0		-999.00
-999	1693996464	3600		261.58		         0		-999.00
-999	1694000064	3600		261.64		         0		-999.00
-999	1694003664	3600		261.58		         0		-999.00
-999	1694007264	3600		261.69		         0		-999.00
-999	1694010864	3600		261.58		         0		-999.00
-999	1694014464	3600		261.66		         0		-999.00
-999	1694018064	3600		261.61		         0		-999.00
-999	1694021664	3600		261.61		         0		-999.00
-999	1694025264	3600		261.50		         0		-999.00
-999	1694028864	3600		261.51		         0		-999.00
-999	1694032464	3600		261.57		         0		-999.00
-999	1694036064	3600		261.63		         0		-999.00
-999	1694039664	3600		261.58		         0		-999.00
-999	1694043264	3600		261.59		         0		-999.00
-999	1694046864	3600		261.59		         0		-999.00
-999	1694050464	3600		261.65		         0		-999.00
-999	1694054064	3600		261.59		         0		-999.00
-999	1694057664	3600		261.59		         0		-999.00
-999	1694061264	3600		261.59		         0		-999.00
-999	1694064864	3600		261.59		         0		-999.00
-999	1694068464	3600		261.60		         0		-999.00
-999	1694072064	3600		261.66		         0		-999.00
-999	1694075664	3600		261.66		         0		-999.00
-999	1694079264	3600		258.28		         0		-999.00
-999	1694082864	3600		258.40		         0		-999.00
-999	1694086464	3600		258.40		         0		-999.00
-999	1693552464	-534000		258.25		         0		-999.00
9128	1694090072	1200		261.53		     49254		782.50
9128	1694093672	3600		261.53		     50055		780.00
9128	1694097272	3600		261.53		     50174		779.00
9128	1694100872	3600		261.53		     51327		774.50
9128	1694104472	3600		261.53		     51885		781.50
9128	1694108072	3600		261.59		     53126		781.00
9128	1694111672	3600		261.53		     53391		777.50
9128	1694115272	3600		261.53		     54714		780.00
9128	1694118872	3600		261.53		     54998		783.00
9128	1694122472	3600		261.59		     55977		781.00
9128	1694126072	3600		261.53		     57190		780.00
9128	1694129672	3600		261.53		     57694		776.50
9128	1694132095	2423		258.64		     58280		 10.00
-999	1694133295	1200		258.40		         0		-999.00
-999	1694136895	3600		261.63		         0		-999.00
-999	1694140495	3600		261.58		         0		-999.00
-999	1694144095	3600		258.45		         0		-999.00
-999	1694147695	3600		258.40		         0		-999.00
-999	1694151295	3600		258.34		         0		-999.00
-999	1694154895	3600		258.34		         0		-999.00
-999	1694158495	3600		258.34		         0		-999.00
-999	1694162095	3600		258.34		         0		-999.00
-999	1694165695	3600		258.34		         0		-999.00
-999	1694169295	3600		258.39		         0		-999.00
-999	1694172895	3600		258.34		         0		-999.00
-999	1694176495	3600		258.34		         0		-999.00
-999	1694180095	3600		258.44		         0		-999.00
-999	1694183695	3600		258.40		         0		-999.00
-999	1694187295	3600		258.41		         0		-999.00
-999	1694190895	3600		258.40		         0		-999.00
-999	1694194495	3600		258.40		         0		-999.00
-999	1694198095	3600		258.40		         0		-999.00
-999	1694201695	3600		258.35		         0		-999.00
-999	1694205295	3600		258.40		         0		-999.00
-999	1694208895	3600		258.40		         0		-999.00
-999	1694212495	3600		258.40		         0		-999.00
-999	1694216095	3600		258.40		         0		-999.00
-999	1694219695	3600		258.40		         0		-999.00
-999	1694223295	3600		258.40		         0		-999.00
-999	1694226895	3600		258.40		         0		-999.00
-999	1694230495	3600		258.40		         0		-999.00
-999	1694234095	3600		258.40		         0		-999.00
-999	1694237695	3600		258.40		         0		-999.00
-999	1694241295	3600		258.40		         0		-999.00
-999	1694244895	3600		258.35		         0		-999.00
-999	1694248495	3600		258.40		         0		-999.00
-999	1694252095	3600		258.35		         0		-999.00
-999	1694255695	3600		258.40		         0		-999.00
-999	1694132095	-123600		258.52		         0		-999.00
9132	1694260024	1200		258.40		        54		  9.50
9132	1694263624	3600		258.35		       315		  9.50
9132	1694267224	3600		258.35		        36		  9.50
9132	1694270824	3600		258.40		        32		  9.50
9132	1694274424	3600		258.40		        32		  9.50
9132	1694278024	3600		258.40		        45		  9.50
9132	1694281624	3600		258.40		        68		  9.50
9132	1694285224	3600		258.40		        73		  9.50
9132	1694288824	3600		258.40		         4		  9.50
9132	1694290016	1192		258.40		         0		  9.50
-999	1694291216	1200		258.40		         0		-999.00
-999	1694294816	3600		258.40		         0		-999.00
-999	1694298416	3600		258.40		         0		-999.00
-999	1694302016	3600		258.40		         0		-999.00
-999	1694305616	3600		258.40		         0		-999.00
-999	1694309216	3600		258.35		         0		-999.00
-999	1694312816	3600		258.40		         0		-999.00
-999	1694316416	3600		258.40		         0		-999.00
-999	1694320016	3600		258.40		         0		-999.00
-999	1694323616	3600		258.40		         0		-999.00
-999	1694290016	-33600		258.40		         0		-999.00
9135	1694327675	1200		258.40		        41		  9.50
9135	1694331275	3600		258.40		        32		  9.50
9135	1694334875	3600		258.40		        27		  9.50
9135	1694338475	3600		258.40		        41		  9.50
9135	1694342075	3600		258.40		        18		  9.50
9135	1694343925	1850		258.40		        21		  9.50
-999	1694345125	1200		258.40		         0		-999.00
-999	1694348725	3600		258.40		         0		-999.00
-999	1694352325	3600		258.40		         0		-999.00
-999	1694355925	3600		258.40		         0		-999.00
-999	1694359525	3600		258.40		         0		-999.00
-999	1694363125	3600		258.40		         0		-999.00
-999	1694366725	3600		258.40		         0		-999.00
-999	1694370325	3600		258.40		         0		-999.00
-999	1694343925	-26400		258.40		         0		-999.00
9136	1694372695	1200		258.40		        41		  9.50
9136	1694376295	3600		258.40		        32		  9.50
9136	1694379895	3600		258.40		        27		  9.50
9136	1694383495	3600		258.41		        22		  9.50
9136	1694387095	3600		258.40		        22		  9.50
9136	1694387405	310		258.40		         0		  9.50
-999	1694388605	1200		258.41		         0		-999.00
-999	1694392205	3600		258.40		         0		-999.00
-999	1694395805	3600		258.40		         0		-999.00
-999	1694399405	3600		258.35		         0		-999.00
-999	1694403005	3600		258.40		         0		-999.00
-999	1694406605	3600		258.39		         0		-999.00
-999	1694410205	3600		258.39		         0		-999.00
-999	1694413805	3600		258.39		         0		-999.00
-999	1694417405	3600		258.39		         0		-999.00
-999	1694387405	-30000		258.35		         0		-999.00
9138	1694421354	1200		258.29		        27		  9.50
9138	1694424954	3600		258.40		        22		  9.50
9138	1694428554	3600		258.39		        18		  9.50
9138	1694430595	2041		258.39		        18		  9.50
-999	1694431795	1200		258.39		         0		-999.00
-999	1694435395	3600		261.61		         0		-999.00
-999	1694438995	3600		261.56		         0		-999.00
-999	1694442595	3600		261.61		         0		-999.00
-999	1694446195	3600		261.61		         0		-999.00
-999	1694449795	3600		261.61		         0		-999.00
-999	1694453395	3600		261.61		         0		-999.00
-999	1694456995	3600		261.61		         0		-999.00
-999	1694460595	3600		261.61		         0		-999.00
-999	1694464195	3600		261.61		         0		-999.00
-999	1694467795	3600		261.61		         0		-999.00
-999	1694471395	3600		261.61		         0		-999.00
-999	1694474995	3600		261.61		         0		-999.00
-999	1694478595	3600		261.61		         0		-999.00
-999	1694482195	3600		261.61		         0		-999.00
-999	1694485795	3600		261.61		         0		-999.00
-999	1694489395	3600		261.61		         0		-999.00
-999	1694492995	3600		261.61		         0		-999.00
-999	1694496595	3600		261.64		         0		-999.00
-999	1694500195	3600		261.65		         0		-999.00
-999	1694503795	3600		261.41		         0		-999.00
-999	1694507395	3600		261.44		         0		-999.00
-999	1694510995	3600		261.61		         0		-999.00
-999	1694514595	3600		261.40		         0		-999.00
-999	1694518195	3600		261.52		         0		-999.00
-999	1694521795	3600		261.27		         0		-999.00
-999	1694525395	3600		261.61		         0		-999.00
-999	1694528995	3600		261.38		         0		-999.00
-999	1694532595	3600		261.67		         0		-999.00
-999	1694536195	3600		261.61		         0		-999.00
-999	1694539795	3600		261.33		         0		-999.00
-999	1694543395	3600		258.38		         0		-999.00
-999	1694546995	3600		258.38		         0		-999.00
-999	1694550595	3600		258.44		         0		-999.00
-999	1694554195	3600		258.40		         0		-999.00
-999	1694557795	3600		258.40		         0		-999.00
-999	1694561395	3600		258.35		         0		-999.00
-999	1694564995	3600		258.35		         0		-999.00
-999	1694568595	3600		258.35		         0		-999.00
-999	1694572195	3600		258.40		         0		-999.00
-999	1694575795	3600		258.35		         0		-999.00
-999	1694579395	3600		261.58		         0		-999.00
-999	1694582995	3600		261.63		         0		-999.00
-999	1694586595	3600		261.39		         0		-999.00
-999	1694590195	3600		261.51		         0		-999.00
-999	1694593795	3600		261.47		         0		-999.00
-999	1694597395	3600		258.41		         0		-999.00
-999	1694600995	3600		258.15		         0		-999.00
-999	1694604595	3600		258.37		         0		-999.00
-999	1694608195	3600		258.37		         0		-999.00
-999	1694611795	3600		258.35		         0		-999.00
-999	1694615395	3600		258.35		         0		-999.00
-999	1694618995	3600		258.40		         0		-999.00
-999	1694622595	3600		258.41		         0		-999.00
-999	1694626195	3600		258.40		         0		-999.00
-999	1694629795	3600		258.38		         0		-999.00
-999	1694633395	3600		258.37		         0		-999.00
-999	1694636995	3600		261.57		         0		-999.00
-999	1694640595	3600		261.64		         0		-999.00
-999	1694644195	3600		261.64		         0		-999.00
-999	1694647795	3600		258.33		         0		-999.00
-999	1694651395	3600		258.33		         0		-999.00
-999	1694654995	3600		258.36		         0		-999.00
-999	1694658595	3600		258.36		         0		-999.00
-999	1694662195	3600		258.35		         0		-999.00
-999	1694665795	3600		258.35		         0		-999.00
-999	1694669395	3600		258.35		         0		-999.00
-999	1694672995	3600		258.36		         0		-999.00
-999	1694676595	3600		258.36		         0		-999.00
-999	1694680195	3600		258.36		         0		-999.00
-999	1694683795	3600		258.35		         0		-999.00
-999	1694687395	3600		258.44		         0		-999.00
-999	1694690995	3600		258.44		         0		-999.00
-999	1694694595	3600		258.38		         0		-999.00
-999	1694698195	3600		258.38		         0		-999.00
-999	1694701795	3600		258.38		         0		-999.00
-999	1694705395	3600		258.38		         0		-999.00
-999	1694708995	3600		258.33		         0		-999.00
-999	1694712595	3600		258.33		         0		-999.00
-999	1694716195	3600		258.35		         0		-999.00
-999	1694719795	3600		258.39		         0		-999.00
-999	1694723395	3600		258.39		         0		-999.00
-999	1694726995	3600		258.39		         0		-999.00
-999	1694430595	-296400		258.39		         0		-999.00
9153	1694729276	1200		258.34		        27		  9.00
9153	1694732876	3600		258.39		        32		  9.00
9153	1694736476	3600		258.39		        27		  9.00
9153	1694740076	3600		258.39		        22		  9.00
9153	1694743676	3600		258.39		        22		  9.00
9153	1694747276	3600		258.39		        22		  9.00
9153	1694749132	1856		258.39		        21		  9.00
-999	1694750332	1200		258.39		         0		-999.00
-999	1694753932	3600		258.39		         0		-999.00
-999	1694757532	3600		261.40		         0		-999.00
-999	1694761132	3600		261.47		         0		-999.00
-999	1694764732	3600		261.61		         0		-999.00
-999	1694768332	3600		261.64		         0		-999.00
-999	1694771932	3600		261.39		         0		-999.00
-999	1694775532	3600		258.13		         0		-999.00
-999	1694779132	3600		258.44		         0		-999.00
-999	1694782732	3600		258.33		         0		-999.00
-999	1694786332	3600		258.38		         0		-999.00
-999	1694749132	-37200		258.39		         0		-999.00
9154	1694790666	1200		258.33		        41		  9.50
9154	1694794266	3600		258.44		        32		  9.50
9154	1694797866	3600		258.38		        27		  9.50
9154	1694801466	3600		258.38		        27		  9.50
9154	1694805066	3600		258.33		        22		  9.50
9154	1694808666	3600		258.33		        22		  9.50
9154	1694812266	3600		258.34		        18		  9.50
9154	1694815866	3600		258.34		        18		  9.50
9154	1694819466	3600		258.39		        13		  9.50
9154	1694823066	3600		258.39		        13		  9.50
9154	1694826666	3600		258.34		        13		  9.50
9154	1694830266	3600		258.39		        13		  9.50
9154	1694833866	3600		258.34		        13		  9.50
9154	1694837466	3600		258.39		         9		  9.50
9154	1694841066	3600		258.39		         9		  9.50
9154	1694844666	3600		258.34		         9		  9.50
9154	1694845168	502		258.34		         0		  9.50
-999	1694846368	1200		258.34		         0		-999.00
-999	1694849968	3600		258.35		         0		-999.00
-999	1694853568	3600		261.47		         0		-999.00
-999	1694857168	3600		261.59		         0		-999.00
-999	1694860768	3600		261.52		         0		-999.00
-999	1694864368	3600		261.64		         0		-999.00
-999	1694867968	3600		261.59		         0		-999.00
-999	1694871568	3600		261.64		         0		-999.00
-999	1694875168	3600		261.64		         0		-999.00
-999	1694878768	3600		258.44		         0		-999.00
-999	1694882368	3600		258.38		         0		-999.00
-999	1694885968	3600		258.38		         0		-999.00
-999	1694889568	3600		258.38		         0		-999.00
-999	1694893168	3600		258.33		         0		-999.00
-999	1694896768	3600		258.38		         0		-999.00
-999	1694845168	-51600		258.39		         0		-999.00
9156	1694898022	1200		258.27		        41		  9.50
9156	1694901622	3600		258.38		        18		  9.50
9156	1694905222	3600		258.33		         9		  9.50
9156	1694908822	3600		258.33		         4		  9.50
9156	1694912422	3600		258.38		         4		  9.50
9156	1694916022	3600		258.38		         9		  9.50
9156	1694919622	3600		258.38		         9		  9.50
9156	1694921019	1397		258.33		         0		  9.50
-999	1694922219	1200		258.38		         0		-999.00
-999	1694925819	3600		258.38		         0		-999.00
-999	1694929419	3600		258.38		         0		-999.00
-999	1694933019	3600		258.33		         0		-999.00
-999	1694936619	3600		258.38		         0		-999.00
-999	1694940219	3600		258.38		         0		-999.00
-999	1694943819	3600		258.33		         0		-999.00
-999	1694947419	3600		258.38		         0		-999.00
-999	1694951019	3600		258.38		         0		-999.00
-999	1694954619	3600		258.38		         0		-999.00
-999	1694958219	3600		258.38		         0		-999.00
-999	1694921019	-37200		258.38		         0		-999.00
9159	1694959485	1200		258.38		        68		  9.50
9159	1694963085	3600		258.33		        59		  9.50
9159	1694966685	3600		258.33		        45		  9.50
9159	1694970285	3600		258.33		        36		  9.50
9159	1694973885	3600		258.38		        32		  9.50
9159	1694977485	3600		258.38		        27		  9.50
9159	1694981085	3600		258.27		        22		  9.50
9159	1694984685	3600		258.38		        18		  9.50
9159	1694988285	3600		258.38		        18		  9.50
9159	1694991885	3600		258.38		        18		  9.50
9159	1694995485	3600		258.38		        13		  9.50
9159	1694999085	3600		258.38		        13		  9.50
9159	1695002685	3600		258.33		         9		  9.50
9159	1695005379	2694		258.38		         6		  9.50
-999	1695006579	1200		258.33		         0		-999.00
-999	1695010179	3600		258.38		         0		-999.00
-999	1695013779	3600		258.33		         0		-999.00
-999	1695017379	3600		258.38		         0		-999.00
-999	1695020979	3600		258.38		         0		-999.00
-999	1695024579	3600		258.38		         0		-999.00
-999	1695028179	3600		258.38		         0		-999.00
-999	1695031779	3600		261.50		         0		-999.00
-999	1695035379	3600		261.61		         0		-999.00
-999	1695038979	3600		261.61		         0		-999.00
-999	1695042579	3600		261.60		         0		-999.00
-999	1695046179	3600		261.60		         0		-999.00
-999	1695049779	3600		261.43		         0		-999.00
-999	1695053379	3600		261.38		         0		-999.00
-999	1695056979	3600		261.61		         0		-999.00
-999	1695060579	3600		261.61		         0		-999.00
-999	1695064179	3600		261.61		         0		-999.00
-999	1695067779	3600		258.23		         0		-999.00
-999	1695071379	3600		258.41		         0		-999.00
-999	1695074979	3600		258.35		         0		-999.00
-999	1695005379	-69600		258.38		         0		-999.00
9162	1695079439	1200		258.35		        41		  9.50
9162	1695083039	3600		258.35		        32		  9.50
9162	1695086639	3600		258.35		        27		  9.50
9162	1695090239	3600		258.35		        22		  9.50
9162	1695093839	3600		258.35		        22		  9.50
9162	1695097439	3600		258.35		        22		  9.50
9162	1695101039	3600		258.35		        18		  9.50
9162	1695104639	3600		258.35		         9		  9.50
9162	1695105903	1264		258.35		         0		  9.50
-999	1695107103	1200		258.35		         0		-999.00
-999	1695110703	3600		258.36		         0		-999.00
-999	1695114303	3600		258.37		         0		-999.00
-999	1695117903	3600		258.35		         0		-999.00
-999	1695121503	3600		258.35		         0		-999.00
-999	1695125103	3600		258.35		         0		-999.00
-999	1695128703	3600		258.34		         0		-999.00
-999	1695132303	3600		258.34		         0		-999.00
-999	1695135903	3600		258.40		         0		-999.00
-999	1695139503	3600		258.39		         0		-999.00
-999	1695143103	3600		258.36		         0		-999.00
-999	1695146703	3600		258.36		         0		-999.00
-999	1695150303	3600		258.36		         0		-999.00
-999	1695153903	3600		258.36		         0		-999.00
-999	1695157503	3600		258.36		         0		-999.00
-999	1695105903	-51600		258.35		         0		-999.00
9168	1695160784	1200		261.39		    355241		773.00
9168	1695164384	3600		261.56		    335551		785.00
9168	1695167984	3600		261.51		    320075		780.00
9168	1695171584	3600		261.51		    305836		782.00
9168	1695175184	3600		261.56		    290988		782.00
9168	1695178784	3600		261.51		    280813		780.00
9168	1695182384	3600		261.56		    253708		782.00
9168	1695182945	561		261.51		    258274		776.00
-999	1695184145	1200		258.12		         0		-999.00
-999	1695187745	3600		258.37		         0		-999.00
-999	1695191345	3600		258.37		         0		-999.00
-999	1695194945	3600		258.37		         0		-999.00
-999	1695198545	3600		258.32		         0		-999.00
-999	1695202145	3600		258.28		         0		-999.00
-999	1695205745	3600		258.26		         0		-999.00
-999	1695209345	3600		258.25		         0		-999.00
-999	1695212945	3600		258.30		         0		-999.00
-999	1695216545	3600		258.25		         0		-999.00
-999	1695220145	3600		258.28		         0		-999.00
-999	1695223745	3600		258.25		         0		-999.00
-999	1695227345	3600		258.21		         0		-999.00
-999	1695230945	3600		258.27		         0		-999.00
-999	1695234545	3600		258.27		         0		-999.00
-999	1695238145	3600		258.27		         0		-999.00
-999	1695241745	3600		258.29		         0		-999.00
-999	1695245345	3600		258.29		         0		-999.00
-999	1695248945	3600		258.26		         0		-999.00
-999	1695252545	3600		258.32		         0		-999.00
-999	1695256145	3600		258.27		         0		-999.00
-999	1695259745	3600		258.32		         0		-999.00
-999	1695263345	3600		258.27		         0		-999.00
-999	1695266945	3600		258.27		         0		-999.00
-999	1695270545	3600		258.33		         0		-999.00
-999	1695274145	3600		255.48		         0		-999.00
-999	1695277745	3600		255.49		         0		-999.00
-999	1695281345	3600		255.36		         0		-999.00
-999	1695284945	3600		255.55		         0		-999.00
-999	1695288545	3600		255.72		         0		-999.00
-999	1695292145	3600		255.49		         0		-999.00
-999	1695295745	3600		255.49		         0		-999.00
-999	1695299345	3600		255.64		         0		-999.00
-999	1695302945	3600		255.28		         0		-999.00
-999	1695306545	3600		255.61		         0		-999.00
-999	1695310145	3600		255.41		         0		-999.00
-999	1695313745	3600		255.60		         0		-999.00
-999	1695317345	3600		255.41		         0		-999.00
-999	1695320945	3600		255.72		         0		-999.00
-999	1695324545	3600		255.50		         0		-999.00
-999	1695328145	3600		255.36		         0		-999.00
-999	1695331745	3600		255.79		         0		-999.00
-999	1695335345	3600		255.71		         0		-999.00
-999	1695338945	3600		255.50		         0		-999.00
-999	1695342545	3600		255.83		         0		-999.00
-999	1695346145	3600		255.54		         0		-999.00
-999	1695349745	3600		255.78		         0		-999.00
-999	1695353345	3600		255.68		         0		-999.00
-999	1695356945	3600		255.48		         0		-999.00
-999	1695360545	3600		255.45		         0		-999.00
-999	1695364145	3600		255.84		         0		-999.00
-999	1695367745	3600		258.35		         0		-999.00
-999	1695371345	3600		258.33		         0		-999.00
-999	1695374945	3600		258.37		         0		-999.00
-999	1695378545	3600		258.34		         0		-999.00
-999	1695382145	3600		258.42		         0		-999.00
-999	1695385745	3600		258.09		         0		-999.00
-999	1695389345	3600		258.33		         0		-999.00
-999	1695392945	3600		258.38		         0		-999.00
-999	1695396545	3600		258.33		         0		-999.00
-999	1695400145	3600		258.38		         0		-999.00
-999	1695403745	3600		258.33		         0		-999.00
-999	1695407345	3600		258.33		         0		-999.00
-999	1695410945	3600		258.38		         0		-999.00
-999	1695414545	3600		258.27		         0		-999.00
-999	1695418145	3600		258.23		         0		-999.00
-999	1695421745	3600		258.32		         0		-999.00
-999	1695425345	3600		258.25		         0		-999.00
-999	1695428945	3600		258.28		         0		-999.00
-999	1695432545	3600		258.27		         0		-999.00
-999	1695436145	3600		258.35		         0		-999.00
-999	1695439745	3600		258.35		         0		-999.00
-999	1695443345	3600		258.30		         0		-999.00
-999	1695446945	3600		258.37		         0		-999.00
-999	1695450545	3600		258.33		         0		-999.00
-999	1695454145	3600		258.33		         0		-999.00
-999	1695457745	3600		258.38		         0		-999.00
-999	1695461345	3600		258.33		         0		-999.00
-999	1695464945	3600		258.38		         0		-999.00
-999	1695468545	3600		258.44		         0		-999.00
-999	1695472145	3600		258.38		         0		-999.00
-999	1695475745	3600		258.40		         0		-999.00
-999	1695479345	3600		258.35		         0		-999.00
-999	1695482945	3600		258.40		         0		-999.00
-999	1695486545	3600		258.41		         0		-999.00
-999	1695490145	3600		258.40		         0		-999.00
-999	1695493745	3600		258.40		         0		-999.00
-999	1695497345	3600		258.35		         0		-999.00
-999	1695500945	3600		258.42		         0		-999.00
-999	1695504545	3600		258.42		         0		-999.00
-999	1695508145	3600		258.42		         0		-999.00
-999	1695511745	3600		258.42		         0		-999.00
-999	1695515345	3600		258.42		         0		-999.00
-999	1695518945	3600		258.42		         0		-999.00
-999	1695522545	3600		258.42		         0		-999.00
-999	1695526145	3600		258.42		         0		-999.00
-999	1695529745	3600		258.42		         0		-999.00
-999	1695533345	3600		258.43		         0		-999.00
-999	1695536945	3600		258.34		         0		-999.00
-999	1695540545	3600		258.40		         0		-999.00
-999	1695544145	3600		258.40		         0		-999.00
-999	1695547745	3600		258.11		         0		-999.00
-999	1695551345	3600		258.19		         0		-999.00
-999	1695554945	3600		258.35		         0		-999.00
-999	1695558545	3600		258.39		         0		-999.00
-999	1695562145	3600		261.40		         0		-999.00
-999	1695565745	3600		261.64		         0		-999.00
-999	1695569345	3600		261.64		         0		-999.00
-999	1695572945	3600		261.58		         0		-999.00
-999	1695576545	3600		261.64		         0		-999.00
-999	1695580145	3600		261.65		         0		-999.00
-999	1695583745	3600		261.58		         0		-999.00
-999	1695587345	3600		261.64		         0		-999.00
-999	1695590945	3600		261.64		         0		-999.00
-999	1695594545	3600		261.64		         0		-999.00
-999	1695598145	3600		261.64		         0		-999.00
-999	1695601745	3600		261.61		         0		-999.00
-999	1695605345	3600		261.59		         0		-999.00
-999	1695608945	3600		261.65		         0		-999.00
-999	1695612545	3600		261.59		         0		-999.00
-999	1695616145	3600		261.65		         0		-999.00
-999	1695619745	3600		261.70		         0		-999.00
-999	1695623345	3600		261.30		         0		-999.00
-999	1695626945	3600		261.60		         0		-999.00
-999	1695630545	3600		261.78		         0		-999.00
-999	1695634145	3600		261.51		         0		-999.00
-999	1695637745	3600		261.28		         0		-999.00
-999	1695641345	3600		261.51		         0		-999.00
-999	1695644945	3600		261.51		         0		-999.00
-999	1695648545	3600		261.51		         0		-999.00
-999	1695652145	3600		261.67		         0		-999.00
-999	1695655745	3600		258.32		         0		-999.00
-999	1695659345	3600		258.36		         0		-999.00
-999	1695662945	3600		258.12		         0		-999.00
-999	1695666545	3600		258.41		         0		-999.00
-999	1695670145	3600		258.39		         0		-999.00
-999	1695673745	3600		258.39		         0		-999.00
-999	1695677345	3600		258.39		         0		-999.00
-999	1695680945	3600		258.39		         0		-999.00
-999	1695684545	3600		258.39		         0		-999.00
-999	1695688145	3600		258.39		         0		-999.00
-999	1695691745	3600		258.32		         0		-999.00
-999	1695695345	3600		258.43		         0		-999.00
-999	1695698945	3600		258.47		         0		-999.00
-999	1695702545	3600		258.50		         0		-999.00
-999	1695706145	3600		258.44		         0		-999.00
-999	1695709745	3600		258.44		         0		-999.00
-999	1695713345	3600		258.31		         0		-999.00
-999	1695716945	3600		258.36		         0		-999.00
-999	1695720545	3600		258.43		         0		-999.00
-999	1695724145	3600		258.38		         0		-999.00
-999	1695727745	3600		258.38		         0		-999.00
-999	1695731345	3600		258.43		         0		-999.00
-999	1695734945	3600		258.38		         0		-999.00
-999	1695738545	3600		258.49		         0		-999.00
-999	1695742145	3600		258.33		         0		-999.00
-999	1695182945	-559200		258.54		         0		-999.00
9192	1695744417	1200		261.55		         0		782.00
9192	1695748017	3600		261.55		         0		784.00
9192	1695751617	3600		261.55		         0		768.50
9192	1695754393	2776		261.44		         0		760.00
-999	1695755593	1200		258.15		         0		-999.00
-999	1695759193	3600		261.49		         0		-999.00
-999	1695762793	3600		261.67		         0		-999.00
-999	1695766393	3600		258.16		         0		-999.00
-999	1695769993	3600		258.40		         0		-999.00
-999	1695754393	-15600		258.33		         0		-999.00
9193	1695774047	1200		261.40		        13		775.00
9193	1695777647	3600		261.53		        13		785.50
9193	1695781247	3600		261.53		         9		784.00
9193	1695784847	3600		261.53		         9		785.00
9193	1695788447	3600		261.53		         4		779.50
9193	1695790730	2283		261.58		         0		784.00
-999	1695791930	1200		261.56		         0		-999.00
-999	1695795530	3600		258.25		         0		-999.00
-999	1695799130	3600		258.40		         0		-999.00
-999	1695802730	3600		258.41		         0		-999.00
-999	1695790730	-12000		258.50		         0		-999.00
9194	1695804567	1200		261.48		        13		776.50
9194	1695808167	3600		261.61		        13		784.00
9194	1695811767	3600		261.60		         9		786.00
9194	1695812313	546		261.55		         0		780.00
-999	1695813513	1200		258.33		         0		-999.00
-999	1695817113	3600		258.35		         0		-999.00
-999	1695820713	3600		258.40		         0		-999.00
-999	1695824313	3600		258.40		         0		-999.00
-999	1695827913	3600		258.40		         0		-999.00
-999	1695831513	3600		258.23		         0		-999.00
-999	1695835113	3600		258.38		         0		-999.00
-999	1695812313	-22800		258.54		         0		-999.00
9197	1695839124	1200		261.45		        13		774.00
9197	1695842724	3600		261.38		        13		763.50
9197	1695846324	3600		261.50		         0		758.00
9197	1695849330	3006		261.62		         0		792.50
-999	1695850530	1200		258.21		         0		-999.00
-999	1695854130	3600		258.40		         0		-999.00
-999	1695857730	3600		258.34		         0		-999.00
-999	1695861330	3600		258.34		         0		-999.00
-999	1695849330	-12000		258.56		         0		-999.00
9200	1695864644	1200		261.51		        13		773.00
9200	1695868189	3545		261.57		        10		784.00
