Fill	Timestamp [s]	Duration [s]	Temperature [K]	Fluence [n_eq/cm2/s]	Leakage_current [mA/cm2]
6570	1523956453	1200		260.82		    225008		  9.50
6570	1523960053	3600		260.82		    240793		400.00
6570	1523963653	3600		261.09		    207657		394.50
6570	1523967253	3600		260.84		    186907		389.50
6570	1523970853	3600		260.86		    169347		396.00
6570	1523974453	3600		260.86		    155943		388.50
6570	1523978053	3600		260.87		    140714		  9.50
6570	1523981653	3600		260.61		    103007		  9.50
6570	1523981975	322		260.61		     47395		  9.50
-999	1523983175	1200		260.93		         0		-999.00
-999	1523986775	3600		260.67		         0		-999.00
-999	1523990375	3600		260.70		         0		-999.00
-999	1523993975	3600		260.70		         0		-999.00
-999	1523996969	2994		260.71		         0		-999.00
6573	1523998169	1200		263.72		    124811		385.00
6573	1524001769	3600		263.72		    116583		390.00
6573	1524005369	3600		263.97		    105871		402.00
6573	1524008969	3600		263.72		    102694		398.50
6573	1524012569	3600		263.72		     96159		392.50
6573	1524016169	3600		263.72		     90258		397.50
6573	1524019769	3600		263.72		     83044		  9.00
6573	1524021023	1254		263.72		     87267		  9.00
-999	1524022223	1200		263.71		         0		-999.00
-999	1524025823	3600		263.71		         0		-999.00
-999	1524029423	3600		263.71		         0		-999.00
-999	1524033023	3600		263.71		         0		-999.00
-999	1524036623	3600		263.71		         0		-999.00
-999	1524040223	3600		263.97		         0		-999.00
-999	1524043823	3600		263.97		         0		-999.00
-999	1524047423	3600		263.97		         0		-999.00
-999	1524051023	3600		263.97		         0		-999.00
-999	1524054623	3600		260.71		         0		-999.00
-999	1524058223	3600		260.71		         0		-999.00
-999	1524061823	3600		260.76		         0		-999.00
-999	1524065423	3600		260.77		         0		-999.00
-999	1524069023	3600		260.77		         0		-999.00
-999	1524072623	3600		260.77		         0		-999.00
-999	1524076085	3462		260.77		         0		-999.00
6574	1524077285	1200		263.80		    812449		288.50
6574	1524080885	3600		263.80		    835896		411.50
6574	1524084485	3600		263.80		    784910		395.50
6574	1524088085	3600		263.80		    713514		396.00
6574	1524091685	3600		263.79		    657424		396.50
6574	1524095285	3600		263.79		    603303		387.00
6574	1524098885	3600		264.06		    574986		395.00
6574	1524102485	3600		263.80		    521973		390.50
6574	1524106085	3600		263.80		    482401		416.00
6574	1524109685	3600		263.80		    457135		395.50
6574	1524113285	3600		263.80		    464706		386.50
6574	1524116885	3600		263.80		    461837		398.00
6574	1524117698	813		264.08		    405747		401.00
-999	1524118898	1200		260.81		         0		-999.00
-999	1524122498	3600		260.81		         0		-999.00
-999	1524126098	3600		260.81		         0		-999.00
-999	1524129698	3600		260.81		         0		-999.00
-999	1524133298	3600		260.81		         0		-999.00
-999	1524136898	3600		260.55		         0		-999.00
-999	1524140498	3600		260.81		         0		-999.00
-999	1524144098	3600		260.81		         0		-999.00
-999	1524147698	3600		260.81		         0		-999.00
-999	1524151298	3600		260.81		         0		-999.00
-999	1524154898	3600		260.81		         0		-999.00
-999	1524158498	3600		260.81		         0		-999.00
-999	1524162098	3600		260.81		         0		-999.00
-999	1524165698	3600		260.81		         0		-999.00
-999	1524169298	3600		260.83		         0		-999.00
-999	1524169357	59		260.83		         0		-999.00
6579	1524170557	1200		264.05		   7301383		388.00
6579	1524174157	3600		264.07		   7783717		396.00
6579	1524177757	3600		264.04		   6884960		404.50
6579	1524181357	3600		264.02		   6303765		404.50
6579	1524184957	3600		264.01		   5813443		400.00
6579	1524188557	3600		263.99		   5319510		402.50
6579	1524192157	3600		263.98		   4923389		394.50
6579	1524195757	3600		263.97		   4550376		401.00
6579	1524199357	3600		263.96		   4255099		401.50
6579	1524202957	3600		263.96		   4119217		401.50
6579	1524206557	3600		263.95		   3870038		402.00
6579	1524210157	3600		263.94		   3520209		400.00
6579	1524212278	2121		263.95		   3839151		401.50
-999	1524213478	1200		263.83		         0		-999.00
-999	1524217078	3600		263.83		         0		-999.00
-999	1524220678	3600		263.83		         0		-999.00
-999	1524224278	3600		263.83		         0		-999.00
-999	1524227878	3600		260.90		         0		-999.00
-999	1524231478	3600		260.65		         0		-999.00
-999	1524235078	3600		260.65		         0		-999.00
-999	1524238678	3600		260.69		         0		-999.00
-999	1524239302	624		260.69		         0		-999.00
6583	1524240502	1200		264.09		   4716755		404.50
6583	1524244102	3600		264.10		   5124787		402.50
6583	1524247702	3600		264.09		   4808014		403.00
6583	1524251302	3600		264.08		   4601320		399.50
6583	1524254902	3600		264.08		   4337931		399.00
6583	1524258502	3600		264.07		   4010028		398.00
6583	1524260400	1898		264.06		   3815239		398.00
-999	1524261600	1200		260.69		         0		-999.00
-999	1524265200	3600		260.75		         0		-999.00
-999	1524268800	3600		260.77		         0		-999.00
-999	1524269059	259		260.77		         0		-999.00
6584	1524270259	1200		264.26		   7799787		401.50
6584	1524273859	3600		264.25		   7221366		404.50
6584	1524277459	3600		264.24		   6885042		403.00
6584	1524281059	3600		264.22		   6308037		403.50
6584	1524284659	3600		264.20		   5726656		402.00
6584	1524288259	3600		264.19		   5431134		402.50
6584	1524291859	3600		264.19		   5272652		404.50
6584	1524293708	1849		264.21		   5842625		403.50
-999	1524294908	1200		260.77		         0		-999.00
-999	1524298508	3600		260.77		         0		-999.00
-999	1524302108	3600		260.77		         0		-999.00
-999	1524305708	3600		260.77		         0		-999.00
-999	1524309308	3600		260.77		         0		-999.00
-999	1524312908	3600		260.78		         0		-999.00
-999	1524316508	3600		260.78		         0		-999.00
-999	1524320108	3600		260.78		         0		-999.00
-999	1524323708	3600		260.81		         0		-999.00
-999	1524327308	3600		260.81		         0		-999.00
-999	1524330908	3600		260.81		         0		-999.00
-999	1524334508	3600		260.81		         0		-999.00
-999	1524338108	3600		260.81		         0		-999.00
-999	1524338145	37		260.81		         0		-999.00
6592	1524339345	1200		263.83		    620894		399.00
6592	1524342945	3600		263.82		    496091		397.50
6592	1524346545	3600		263.83		    552326		397.00
6592	1524348606	2061		263.83		    634912		398.50
-999	1524349806	1200		260.81		         0		-999.00
-999	1524353406	3600		260.81		         0		-999.00
-999	1524357006	3600		260.81		         0		-999.00
-999	1524360606	3600		263.82		         0		-999.00
-999	1524364206	3600		263.82		         0		-999.00
-999	1524367806	3600		263.82		         0		-999.00
-999	1524371406	3600		260.63		         0		-999.00
-999	1524374961	3555		260.65		         0		-999.00
6594	1524376161	1200		265.38		  38269783		423.50
6594	1524379761	3600		265.16		  41025976		400.00
6594	1524383361	3600		265.30		  37357648		412.50
6594	1524386961	3600		265.20		  35053363		414.50
6594	1524390561	3600		265.06		  32215437		413.00
6594	1524394161	3600		264.75		  30321184		410.00
6594	1524397761	3600		264.94		  27913444		412.00
6594	1524401361	3600		264.88		  26049490		414.00
6594	1524404961	3600		264.85		  24865842		415.50
6594	1524408224	3263		264.77		  22398551		416.00
-999	1524409424	1200		260.82		         0		-999.00
-999	1524413024	3600		263.82		         0		-999.00
-999	1524416624	3600		260.61		         0		-999.00
-999	1524420224	3600		260.70		         0		-999.00
-999	1524420891	667		260.70		         0		-999.00
6595	1524422091	1200		265.34		  36887176		430.50
6595	1524425691	3600		265.38		  38331910		430.50
6595	1524429291	3600		265.30		  35374192		430.00
6595	1524432891	3600		264.11		   4468100		405.00
6595	1524436491	3600		263.99		    476011		410.50
6595	1524440091	3600		263.99		    483682		409.50
6595	1524443691	3600		264.48		  16661317		426.50
6595	1524447291	3600		264.84		  28819545		424.50
6595	1524450891	3600		264.78		  26677254		425.00
6595	1524453560	2669		264.78		  26792411		428.00
-999	1524454760	1200		256.19		         0		-999.00
-999	1524458360	3600		255.68		         0		-999.00
-999	1524461960	3600		255.68		         0		-999.00
-999	1524465560	3600		255.68		         0		-999.00
-999	1524469160	3600		256.19		         0		-999.00
-999	1524472760	3600		256.19		         0		-999.00
-999	1524476360	3600		255.94		         0		-999.00
-999	1524479960	3600		256.19		         0		-999.00
-999	1524483560	3600		256.19		         0		-999.00
-999	1524487160	3600		256.19		         0		-999.00
-999	1524490760	3600		255.94		         0		-999.00
-999	1524494360	3600		256.19		         0		-999.00
-999	1524497960	3600		255.94		         0		-999.00
-999	1524501560	3600		255.68		         0		-999.00
-999	1524505160	3600		255.68		         0		-999.00
-999	1524508760	3600		255.94		         0		-999.00
-999	1524512360	3600		255.94		         0		-999.00
-999	1524515960	3600		255.68		         0		-999.00
-999	1524519560	3600		255.94		         0		-999.00
-999	1524523160	3600		255.94		         0		-999.00
-999	1524526760	3600		255.68		         0		-999.00
-999	1524530360	3600		255.94		         0		-999.00
-999	1524533960	3600		255.94		         0		-999.00
-999	1524537560	3600		255.94		         0		-999.00
-999	1524541160	3600		255.94		         0		-999.00
-999	1524544760	3600		255.68		         0		-999.00
-999	1524548360	3600		255.68		         0		-999.00
-999	1524551960	3600		255.94		         0		-999.00
-999	1524555560	3600		255.94		         0		-999.00
-999	1524559160	3600		255.94		         0		-999.00
-999	1524562760	3600		255.68		         0		-999.00
-999	1524566360	3600		255.94		         0		-999.00
-999	1524569960	3600		260.61		         0		-999.00
-999	1524573560	3600		259.80		         0		-999.00
-999	1524577160	3600		260.61		         0		-999.00
-999	1524580760	3600		260.61		         0		-999.00
-999	1524584360	3600		260.61		         0		-999.00
-999	1524587960	3600		260.64		         0		-999.00
-999	1524591560	3600		260.64		         0		-999.00
-999	1524594926	3366		260.44		         0		-999.00
6611	1524596126	1200		265.38		  37730445		430.00
6611	1524599726	3600		265.43		  39437930		428.50
6611	1524603326	3600		265.34		  36550300		423.00
6611	1524606926	3600		265.27		  34257039		426.50
6611	1524610526	3600		265.19		  31602843		428.50
6611	1524614126	3600		264.89		  29998373		417.00
6611	1524617726	3600		265.08		  27974585		427.50
6611	1524621326	3600		265.02		  25990521		428.00
6611	1524624926	3600		264.68		  23290816		414.00
6611	1524628526	3600		264.68		  23272501		423.50
6611	1524632126	3600		260.98		  22034673		 10.00
6611	1524632893	767		260.98		  22880186		 10.00
-999	1524634093	1200		260.98		         0		-999.00
-999	1524637693	3600		260.47		         0		-999.00
-999	1524641293	3600		260.51		         0		-999.00
-999	1524644893	3600		260.55		         0		-999.00
-999	1524648493	3600		260.55		         0		-999.00
-999	1524651418	2925		260.55		         0		-999.00
6612	1524652618	1200		266.62		  72748640		451.00
6612	1524656218	3600		266.71		  78953176		447.50
6612	1524659818	3600		266.51		  72224046		448.00
6612	1524663418	3600		266.37		  67776229		440.00
6612	1524667018	3600		265.87		  61639205		413.50
6612	1524670618	3600		266.05		  59064596		444.50
6612	1524674218	3600		265.89		  54158693		439.50
6612	1524677818	3600		265.76		  49796541		440.00
6612	1524681418	3600		265.63		  45336378		438.00
6612	1524682360	942		265.71		  48027293		443.00
-999	1524683560	1200		263.72		         0		-999.00
-999	1524687160	3600		260.72		         0		-999.00
-999	1524690760	3600		260.70		         0		-999.00
-999	1524691431	671		260.44		         0		-999.00
6613	1524692631	1200		266.68		  74681201		457.50
6613	1524693036	405		266.57		  71032709		457.00
-999	1524694236	1200		264.19		         0		-999.00
-999	1524697836	3600		260.66		         0		-999.00
-999	1524699992	2156		260.66		         0		-999.00
6614	1524701192	1200		266.78		  76531719		457.00
6614	1524704792	3600		266.88		  79842524		455.50
6614	1524708392	3600		266.65		  74816408		455.50
6614	1524711992	3600		266.51		  70145280		453.50
6614	1524715592	3600		266.31		  63413330		451.50
6614	1524719192	3600		266.11		  58595319		451.50
6614	1524719201	9		264.35		         0		450.50
-999	1524720401	1200		264.09		         0		-999.00
-999	1524724001	3600		260.56		         0		-999.00
-999	1524727601	3600		263.89		         0		-999.00
-999	1524731201	3600		260.62		         0		-999.00
-999	1524734801	3600		255.75		         0		-999.00
-999	1524738401	3600		255.75		         0		-999.00
-999	1524742001	3600		255.75		         0		-999.00
-999	1524745601	3600		256.01		         0		-999.00
-999	1524749201	3600		260.88		         0		-999.00
-999	1524752801	3600		260.63		         0		-999.00
-999	1524756401	3600		260.89		         0		-999.00
-999	1524758045	1644		260.65		         0		-999.00
6615	1524759245	1200		260.91		  74357639		 10.00
6615	1524762845	3600		260.91		  79112428		 10.00
6615	1524766445	3600		266.12		  73721227		427.00
6615	1524770045	3600		266.23		  68523219		450.50
6615	1524773645	3600		266.06		  62707925		452.00
6615	1524776692	3047		265.85		  55910975		452.00
-999	1524777892	1200		263.89		         0		-999.00
-999	1524781492	3600		260.66		         0		-999.00
-999	1524785092	3600		260.66		         0		-999.00
-999	1524788692	3600		260.66		         0		-999.00
-999	1524789854	1162		260.69		         0		-999.00
6616	1524791054	1200		268.48		 119932187		488.50
6616	1524794654	3600		268.66		 125727836		484.00
6616	1524798254	3600		268.12		 117447230		479.00
6616	1524801854	3600		267.88		 109356935		479.00
6616	1524805454	3600		267.63		 101986048		476.00
6616	1524809054	3600		267.42		  95122701		476.00
6616	1524812654	3600		267.24		  89153188		472.50
6616	1524816254	3600		267.04		  82209693		472.50
6616	1524819854	3600		260.73		  75904620		 10.00
6616	1524820718	864		260.73		  86803735		 10.00
-999	1524821918	1200		260.75		         0		-999.00
-999	1524825518	3600		260.75		         0		-999.00
-999	1524829118	3600		260.75		         0		-999.00
-999	1524832718	3600		260.80		         0		-999.00
-999	1524832839	121		260.80		         0		-999.00
6617	1524834039	1200		268.31		 115783322		491.50
6617	1524837639	3600		268.34		 121871365		487.00
6617	1524841239	3600		268.03		 111785761		483.50
6617	1524844839	3600		267.77		 103093082		483.00
6617	1524848439	3600		267.53		  94845223		480.00
6617	1524852039	3600		267.39		  90252750		480.00
6617	1524855639	3600		267.25		  85689675		478.00
6617	1524859239	3600		267.08		  79999717		478.00
6617	1524862839	3600		266.91		  74423541		477.50
6617	1524864081	1242		266.33		  62716806		473.00
-999	1524865281	1200		260.89		         0		-999.00
-999	1524868881	3600		260.63		         0		-999.00
-999	1524872481	3600		260.91		         0		-999.00
-999	1524876081	3600		260.66		         0		-999.00
-999	1524877512	1431		260.75		         0		-999.00
6618	1524878712	1200		267.99		 111993264		494.00
6618	1524882312	3600		268.15		 117272063		493.50
6618	1524885912	3600		267.88		 108313943		492.50
6618	1524889512	3600		267.70		 102298079		489.00
6618	1524892123	2611		267.28		  89986224		484.50
-999	1524893323	1200		260.73		         0		-999.00
-999	1524896923	3600		260.73		         0		-999.00
-999	1524900523	3600		260.73		         0		-999.00
-999	1524904123	3600		260.73		         0		-999.00
-999	1524907723	3600		260.73		         0		-999.00
-999	1524911323	3600		260.73		         0		-999.00
-999	1524914923	3600		260.73		         0		-999.00
-999	1524918523	3600		260.73		         0		-999.00
-999	1524922123	3600		260.73		         0		-999.00
-999	1524925723	3600		260.73		         0		-999.00
-999	1524929323	3600		263.73		         0		-999.00
-999	1524932923	3600		260.73		         0		-999.00
-999	1524936523	3600		260.73		         0		-999.00
-999	1524936687	164		260.73		         0		-999.00
6620	1524937887	1200		269.26		 148093557		516.00
6620	1524941487	3600		269.50		 155948684		505.50
6620	1524945087	3600		269.03		 140235832		509.00
6620	1524948687	3600		268.97		 138307986		506.00
6620	1524952287	3600		268.60		 125840202		502.50
6620	1524955131	2844		268.43		 120305185		503.50
-999	1524956331	1200		263.69		         0		-999.00
-999	1524959931	3600		260.69		         0		-999.00
-999	1524963531	3600		261.00		         0		-999.00
-999	1524964619	1088		260.75		         0		-999.00
6621	1524965819	1200		268.95		 149127036		504.50
6621	1524969419	3600		269.84		 161678327		518.50
6621	1524973019	3600		269.39		 146705411		515.50
6621	1524976619	3600		269.03		 134946761		508.00
6621	1524980219	3600		268.53		 122650049		508.00
6621	1524983819	3600		267.30		 115606439		462.50
6621	1524987419	3600		267.99		 109367566		504.00
6621	1524991019	3600		267.74		 101183419		500.50
6621	1524994619	3600		267.49		  92981369		497.00
6621	1524998219	3600		267.33		  87343342		498.00
6621	1525001774	3555		266.55		  79712779		490.50
-999	1525002974	1200		260.65		         0		-999.00
-999	1525006574	3600		260.71		         0		-999.00
-999	1525010174	3600		260.71		         0		-999.00
-999	1525013774	3600		260.69		         0		-999.00
-999	1525017374	3600		260.75		         0		-999.00
-999	1525020974	3600		264.00		         0		-999.00
-999	1525024574	3600		260.75		         0		-999.00
-999	1525028174	3600		260.75		         0		-999.00
-999	1525031774	3600		260.75		         0		-999.00
-999	1525035374	3600		260.75		         0		-999.00
-999	1525038774	3400		260.75		         0		-999.00
6624	1525039974	1200		268.97		 139582603		520.00
6624	1525043574	3600		269.15		 145629119		514.00
6624	1525047174	3600		268.84		 135329717		513.50
6624	1525050774	3600		268.58		 126470812		510.00
6624	1525054374	3600		268.31		 117427612		506.00
6624	1525057974	3600		268.07		 109600073		505.50
6624	1525061574	3600		267.79		 100034650		502.00
6624	1525065174	3600		267.56		  92615289		502.00
6624	1525068774	3600		267.35		  85527817		499.50
6624	1525072374	3600		267.23		  81341507		496.00
6624	1525075974	3600		267.05		  75407985		500.00
6624	1525079089	3115		266.69		  74011671		496.00
-999	1525080289	1200		260.94		         0		-999.00
-999	1525083889	3600		260.43		         0		-999.00
-999	1525087489	3600		260.71		         0		-999.00
-999	1525091089	3600		260.71		         0		-999.00
-999	1525094689	3600		260.71		         0		-999.00
-999	1525098289	3600		260.71		         0		-999.00
-999	1525101889	3600		260.80		         0		-999.00
-999	1525105489	3600		260.80		         0		-999.00
-999	1525108047	2558		260.80		         0		-999.00
6628	1525109247	1200		270.72		 185142257		547.00
6628	1525112847	3600		270.86		 189831913		547.00
6628	1525116447	3600		270.50		 177845648		547.00
6628	1525120047	3600		270.12		 165199084		539.00
6628	1525123647	3600		269.69		 150895939		535.50
6628	1525127247	3600		269.13		 140722384		533.50
6628	1525130847	3600		268.83		 130626909		530.00
6628	1525134447	3600		268.38		 120766173		530.50
6628	1525138047	3600		268.12		 112082083		526.50
6628	1525141647	3600		267.88		 104047345		525.00
6628	1525145247	3600		267.69		  97851203		517.50
6628	1525148847	3600		267.57		  93759881		521.00
6628	1525151330	2483		260.78		  88905177		 10.00
-999	1525152530	1200		263.78		         0		-999.00
-999	1525156130	3600		260.83		         0		-999.00
-999	1525159730	3600		260.83		         0		-999.00
-999	1525162052	2322		260.83		         0		-999.00
6629	1525163252	1200		271.93		 220140019		588.00
6629	1525166852	3600		272.32		 229813345		587.50
6629	1525170452	3600		271.98		 218372967		580.50
6629	1525174052	3600		271.09		 202186670		567.50
6629	1525177652	3600		270.83		 185150045		571.00
6629	1525181252	3600		270.32		 168312094		567.50
6629	1525184852	3600		269.96		 156123747		559.00
6629	1525188452	3600		269.32		 143297708		555.50
6629	1525192052	3600		268.99		 132498498		550.50
6629	1525195652	3600		268.75		 124437850		550.50
6629	1525199252	3600		268.51		 116306390		547.00
6629	1525200188	936		268.31		 109539971		543.50
-999	1525201388	1200		264.06		         0		-999.00
-999	1525204988	3600		264.14		         0		-999.00
-999	1525208588	3600		260.39		         0		-999.00
-999	1525212188	3600		260.39		         0		-999.00
-999	1525215788	3600		263.99		         0		-999.00
-999	1525219388	3600		260.79		         0		-999.00
-999	1525222988	3600		260.79		         0		-999.00
-999	1525226588	3600		260.55		         0		-999.00
-999	1525226930	342		260.55		         0		-999.00
6633	1525228130	1200		271.71		 211106684		591.50
6633	1525229721	1591		272.35		 232447734		584.50
-999	1525230921	1200		264.00		         0		-999.00
-999	1525234521	3600		263.71		         0		-999.00
-999	1525238121	3600		260.04		         0		-999.00
-999	1525241721	3600		260.61		         0		-999.00
-999	1525245321	3600		260.65		         0		-999.00
-999	1525246903	1582		260.73		         0		-999.00
6636	1525248103	1200		271.83		 210020079		595.00
6636	1525251703	3600		272.41		 231036461		588.50
6636	1525255303	3600		271.69		 207144016		585.50
6636	1525256334	1031		271.59		 203587504		582.00
-999	1525257534	1200		263.85		         0		-999.00
-999	1525261134	3600		263.60		         0		-999.00
-999	1525264734	3600		260.62		         0		-999.00
-999	1525268334	3600		263.89		         0		-999.00
-999	1525271934	3600		263.91		         0		-999.00
-999	1525275534	3600		263.66		         0		-999.00
-999	1525279134	3600		263.48		         0		-999.00
-999	1525282734	3600		263.91		         0		-999.00
-999	1525286334	3600		263.70		         0		-999.00
-999	1525289432	3098		263.73		         0		-999.00
6638	1525290632	1200		271.07		 240073212		495.50
6638	1525294232	3600		273.15		 249967990		605.00
6638	1525297832	3600		272.83		 239469108		601.50
6638	1525301432	3600		271.99		 219095492		597.50
6638	1525305032	3600		271.41		 199518309		590.50
6638	1525308632	3600		270.94		 183881067		586.50
6638	1525312232	3600		269.30		 167731645		509.00
6638	1525315832	3600		269.50		 156181503		572.00
6638	1525319432	3600		269.13		 143901078		566.50
6638	1525323032	3600		268.78		 132006964		560.50
6638	1525326632	3600		268.48		 122298206		557.00
6638	1525330232	3600		268.17		 111779719		553.50
6638	1525333832	3600		268.21		 113104136		554.50
6638	1525337432	3600		267.77		 101259336		553.00
6638	1525341032	3600		261.07		  93963655		 10.00
6638	1525341071	39		261.07		  83773843		 10.00
-999	1525342271	1200		260.82		         0		-999.00
-999	1525345871	3600		260.72		         0		-999.00
-999	1525349471	3600		260.72		         0		-999.00
-999	1525352253	2782		260.72		         0		-999.00
6639	1525353453	1200		272.86		 238500816		633.00
6639	1525357053	3600		273.31		 253591850		627.00
6639	1525360653	3600		272.89		 239581737		619.50
6639	1525364253	3600		272.28		 219170310		612.50
6639	1525367853	3600		271.50		 201690542		606.50
6639	1525371453	3600		270.97		 184146353		600.00
6639	1525375053	3600		270.58		 171051593		596.50
6639	1525378653	3600		270.19		 158000432		589.00
6639	1525382253	3600		269.17		 144887885		586.50
6639	1525385853	3600		268.87		 134733569		582.00
6639	1525389453	3600		268.53		 123433212		578.50
6639	1525393053	3600		268.13		 110935604		578.00
6639	1525394989	1936		268.35		 118385759		582.00
-999	1525396189	1200		264.12		         0		-999.00
-999	1525399789	3600		260.52		         0		-999.00
-999	1525403389	3600		260.55		         0		-999.00
-999	1525406989	3600		260.55		         0		-999.00
-999	1525410589	3600		260.55		         0		-999.00
-999	1525414040	3451		260.55		         0		-999.00
6640	1525415240	1200		272.13		 214323095		622.50
6640	1525418840	3600		272.45		 226640009		618.00
6640	1525422440	3600		272.05		 213214246		611.00
6640	1525426040	3600		271.12		 191050068		605.50
6640	1525429640	3600		270.18		 175394081		597.00
6640	1525433240	3600		269.58		 158104425		595.00
6640	1525436840	3600		269.13		 143135103		583.50
6640	1525440440	3600		268.67		 127720104		577.00
6640	1525444040	3600		268.33		 116610416		573.00
6640	1525446994	2954		267.60		 101288560		563.00
-999	1525448194	1200		263.76		         0		-999.00
-999	1525451794	3600		260.50		         0		-999.00
-999	1525455250	3456		260.54		         0		-999.00
6641	1525456450	1200		274.27		 280041589		671.50
6641	1525460050	3600		274.36		 283114425		651.00
6641	1525463650	3600		273.51		 263634022		654.00
6641	1525467250	3600		272.88		 242766686		648.50
6641	1525470850	3600		272.56		 232047294		643.00
6641	1525474450	3600		271.98		 212555328		635.50
6641	1525478050	3600		271.39		 192997650		628.50
6641	1525480726	2676		271.05		 181731816		625.00
-999	1525481926	1200		263.83		         0		-999.00
-999	1525485526	3600		260.93		         0		-999.00
-999	1525489126	3600		260.93		         0		-999.00
-999	1525489628	502		260.93		         0		-999.00
6642	1525490828	1200		274.18		 278871432		679.00
6642	1525494428	3600		274.51		 289967770		658.00
6642	1525498028	3600		273.32		 250314189		649.50
6642	1525501628	3600		272.60		 226207453		646.00
6642	1525503557	1929		271.89		 211023222		639.50
-999	1525504757	1200		263.85		         0		-999.00
-999	1525508357	3600		260.57		         0		-999.00
-999	1525511957	3600		260.83		         0		-999.00
-999	1525514208	2251		260.83		         0		-999.00
6643	1525515408	1200		274.75		 291922398		691.50
6643	1525515661	253		274.30		 276961245		688.00
-999	1525516861	1200		263.83		         0		-999.00
-999	1525520461	3600		263.79		         0		-999.00
-999	1525524061	3600		260.61		         0		-999.00
-999	1525527661	3600		260.65		         0		-999.00
-999	1525528039	378		260.65		         0		-999.00
6645	1525529239	1200		274.54		 284565553		689.00
6645	1525532839	3600		275.17		 305816000		680.50
6645	1525534478	1639		274.74		 291283411		677.50
-999	1525535678	1200		263.91		         0		-999.00
-999	1525539278	3600		263.91		         0		-999.00
-999	1525542878	3600		263.91		         0		-999.00
-999	1525546478	3600		263.91		         0		-999.00
-999	1525550078	3600		263.91		         0		-999.00
-999	1525553678	3600		263.91		         0		-999.00
-999	1525557278	3600		263.91		         0		-999.00
-999	1525560878	3600		260.91		         0		-999.00
-999	1525564478	3600		260.73		         0		-999.00
-999	1525565957	1479		260.73		         0		-999.00
6646	1525567157	1200		274.22		 278798782		690.00
6646	1525570757	3600		274.90		 301500896		688.50
6646	1525572881	2124		274.40		 284899270		676.50
-999	1525574081	1200		263.84		         0		-999.00
-999	1525577681	3600		260.85		         0		-999.00
-999	1525581281	3600		260.85		         0		-999.00
-999	1525584881	3600		260.60		         0		-999.00
-999	1525588481	3600		260.71		         0		-999.00
-999	1525592081	3600		260.78		         0		-999.00
-999	1525595681	3600		260.78		         0		-999.00
-999	1525597558	1877		260.78		         0		-999.00
6648	1525598758	1200		273.73		 262377091		675.00
6648	1525602358	3600		274.49		 288702589		674.50
6648	1525605958	3600		273.50		 255547501		656.50
6648	1525609558	3600		271.86		 229932663		629.50
6648	1525613158	3600		271.74		 208316630		649.00
6648	1525616758	3600		271.49		 199888182		641.50
6648	1525620358	3600		270.99		 183388298		633.00
6648	1525623958	3600		270.06		 168353766		630.50
6648	1525627558	3600		269.91		 154545698		619.50
6648	1525631158	3600		269.47		 139947366		612.50
6648	1525634758	3600		269.14		 128749664		609.00
6648	1525638358	3600		268.79		 117137960		602.50
6648	1525641958	3600		268.48		 115226881		606.00
6648	1525644792	2834		267.78		 108193140		597.50
-999	1525645992	1200		263.73		         0		-999.00
-999	1525649592	3600		260.76		         0		-999.00
-999	1525653192	3600		263.76		         0		-999.00
-999	1525656792	3600		263.76		         0		-999.00
-999	1525660392	3600		263.76		         0		-999.00
-999	1525663992	3600		260.51		         0		-999.00
-999	1525667592	3600		260.51		         0		-999.00
-999	1525668846	1254		260.51		         0		-999.00
6650	1525670046	1200		273.73		 263185005		690.50
6650	1525673646	3600		273.91		 269384655		686.00
6650	1525677246	3600		273.45		 254122580		672.00
6650	1525680846	3600		272.72		 229570389		665.00
6650	1525684446	3600		271.80		 218056917		666.50
6650	1525688046	3600		271.36		 203396775		656.00
6650	1525691462	3416		270.91		 188296382		652.00
-999	1525692662	1200		263.83		         0		-999.00
-999	1525696262	3600		263.83		         0		-999.00
-999	1525699862	3600		260.57		         0		-999.00
-999	1525703462	3600		260.88		         0		-999.00
-999	1525707062	3600		260.79		         0		-999.00
-999	1525710662	3600		260.79		         0		-999.00
-999	1525714262	3600		260.79		         0		-999.00
-999	1525717862	3600		260.79		         0		-999.00
-999	1525720697	2835		260.61		         0		-999.00
6654	1525721897	1200		273.43		 250408847		697.50
6654	1525725497	3600		274.22		 276706326		692.50
6654	1525729097	3600		273.66		 258206417		678.00
6654	1525732697	3600		272.89		 232589148		670.00
6654	1525736297	3600		272.06		 213392600		666.00
6654	1525739897	3600		271.62		 198693994		655.50
6654	1525743497	3600		271.08		 180780077		652.00
6654	1525747097	3600		260.73		 159419786		 10.50
6654	1525747107	10		260.73		 325090402		 10.50
-999	1525748307	1200		260.75		         0		-999.00
-999	1525751907	3600		260.75		         0		-999.00
-999	1525755507	3600		260.75		         0		-999.00
-999	1525759107	3600		260.78		         0		-999.00
-999	1525762707	3600		260.78		         0		-999.00
-999	1525766307	3600		260.85		         0		-999.00
-999	1525769907	3600		260.62		         0		-999.00
-999	1525773507	3600		260.62		         0		-999.00
-999	1525777107	3600		260.65		         0		-999.00
-999	1525780707	3600		260.90		         0		-999.00
-999	1525784307	3600		260.90		         0		-999.00
-999	1525787907	3600		260.97		         0		-999.00
-999	1525791507	3600		260.71		         0		-999.00
-999	1525795107	3600		260.71		         0		-999.00
-999	1525798707	3600		260.71		         0		-999.00
-999	1525802307	3600		260.71		         0		-999.00
-999	1525805907	3600		260.71		         0		-999.00
-999	1525809507	3600		260.80		         0		-999.00
-999	1525813107	3600		260.80		         0		-999.00
-999	1525815134	2027		260.82		         0		-999.00
6659	1525816334	1200		273.14		 254106813		699.00
6659	1525819934	3600		273.55		 267775325		683.50
6659	1525823534	3600		272.76		 241642645		674.50
6659	1525827134	3600		272.16		 221556603		667.50
6659	1525830734	3600		271.72		 206767169		664.00
6659	1525834334	3600		271.02		 191907615		662.00
6659	1525837670	3336		270.66		 183006433		658.50
-999	1525838870	1200		260.77		         0		-999.00
-999	1525842470	3600		258.80		         0		-999.00
-999	1525846070	3600		257.76		         0		-999.00
-999	1525849670	3600		258.55		         0		-999.00
-999	1525853270	3600		260.63		         0		-999.00
-999	1525856870	3600		263.88		         0		-999.00
-999	1525860470	3600		263.88		         0		-999.00
-999	1525864070	3600		263.88		         0		-999.00
-999	1525867670	3600		260.76		         0		-999.00
-999	1525871270	3600		263.76		         0		-999.00
-999	1525874870	3600		264.03		         0		-999.00
-999	1525878470	3600		260.77		         0		-999.00
-999	1525882070	3600		260.78		         0		-999.00
-999	1525885670	3600		260.78		         0		-999.00
-999	1525889270	3600		260.78		         0		-999.00
-999	1525891581	2311		260.78		         0		-999.00
6662	1525892781	1200		273.67		 261332587		697.00
6662	1525896381	3600		274.21		 279464715		698.50
6662	1525899981	3600		273.39		 252019557		684.50
6662	1525903581	3600		272.43		 233783255		679.50
6662	1525907181	3600		271.90		 216235083		680.00
6662	1525910781	3600		271.50		 202860654		668.00
6662	1525914381	3600		270.81		 187646940		666.50
6662	1525917981	3600		270.36		 172411449		659.00
6662	1525921581	3600		269.95		 158719549		656.50
6662	1525925181	3600		269.61		 147510266		649.00
6662	1525928781	3600		269.28		 136359037		642.00
6662	1525932381	3600		268.95		 125471823		638.00
6662	1525935981	3600		267.95		 112899443		629.50
6662	1525939581	3600		260.88		 111449079		 10.50
6662	1525941185	1604		260.80		 117226940		 10.00
-999	1525942385	1200		260.72		         0		-999.00
-999	1525945985	3600		260.72		         0		-999.00
-999	1525949090	3105		260.83		         0		-999.00
6663	1525950290	1200		273.60		 259324647		724.50
6663	1525953890	3600		273.85		 276667067		720.50
6663	1525957490	3600		273.27		 257319241		717.50
6663	1525957821	331		271.27		 190588256		717.50
-999	1525959021	1200		264.00		         0		-999.00
-999	1525962621	3600		264.00		         0		-999.00
-999	1525966221	3600		264.00		         0		-999.00
-999	1525969821	3600		264.00		         0		-999.00
-999	1525973421	3600		260.77		         0		-999.00
-999	1525977021	3600		260.57		         0		-999.00
-999	1525979595	2574		260.57		         0		-999.00
6666	1525980795	1200		273.40		 253113182		715.50
6666	1525984395	3600		274.02		 273679941		716.50
6666	1525987995	3600		272.99		 245148119		704.50
6666	1525991595	3600		272.52		 230734947		702.00
6666	1525995195	3600		271.98		 212933546		691.50
6666	1525998795	3600		271.49		 196517095		688.00
6666	1526002395	3600		270.96		 178850779		681.00
6666	1526005995	3600		270.33		 166559619		674.50
6666	1526009595	3600		269.87		 152513981		665.50
6666	1526013195	3600		269.49		 139694548		658.50
6666	1526016795	3600		269.17		 129054649		654.00
6666	1526020395	3600		268.59		 118189845		650.00
6666	1526023995	3600		268.34		 110095975		643.00
6666	1526026958	2963		260.70		 101268248		 10.50
-999	1526028158	1200		260.70		         0		-999.00
-999	1526031758	3600		260.70		         0		-999.00
-999	1526035358	3600		260.70		         0		-999.00
-999	1526038958	3600		260.61		         0		-999.00
-999	1526042558	3600		260.60		         0		-999.00
-999	1526046158	3600		260.35		         0		-999.00
-999	1526049758	3600		260.66		         0		-999.00
-999	1526050466	708		260.66		         0		-999.00
6672	1526051666	1200		273.29		 254204335		727.50
6672	1526055266	3600		273.72		 268621046		719.00
6672	1526058866	3600		272.99		 244293876		716.00
6672	1526062466	3600		272.16		 225154739		699.50
6672	1526066066	3600		271.53		 204173942		697.00
6672	1526068963	2897		271.06		 188456394		690.00
-999	1526070163	1200		263.99		         0		-999.00
-999	1526073763	3600		263.99		         0		-999.00
-999	1526077363	3600		263.99		         0		-999.00
-999	1526080963	3600		260.99		         0		-999.00
-999	1526084563	3600		260.59		         0		-999.00
-999	1526086746	2183		260.59		         0		-999.00
6674	1526087946	1200		273.55		 265505293		730.50
6674	1526091546	3600		273.74		 271895240		739.50
6674	1526095146	3600		273.31		 257383247		728.00
6674	1526098746	3600		272.84		 241728468		728.00
6674	1526102346	3600		272.31		 224302130		720.00
6674	1526105946	3600		271.71		 204089680		711.50
6674	1526109546	3600		271.25		 188743647		698.50
6674	1526113146	3600		270.53		 173676150		695.00
6674	1526116746	3600		270.02		 158855059		687.50
6674	1526120346	3600		269.64		 146449434		680.00
6674	1526123946	3600		269.25		 133292591		676.50
6674	1526127546	3600		268.97		 124024106		669.00
6674	1526131146	3600		268.76		 117111295		670.50
6674	1526134746	3600		268.90		 121782537		668.50
6674	1526136871	2125		267.11		 106685896		592.00
-999	1526138071	1200		260.96		         0		-999.00
-999	1526141671	3600		260.72		         0		-999.00
-999	1526144057	2386		260.48		         0		-999.00
6675	1526145257	1200		274.41		 287245722		778.50
6675	1526148857	3600		274.80		 300066616		769.00
6675	1526152457	3600		274.22		 280945830		758.00
6675	1526156057	3600		273.51		 257023050		756.00
6675	1526159657	3600		272.94		 238222093		740.00
6675	1526163257	3600		272.42		 220948684		738.00
6675	1526166857	3600		271.61		 202454070		726.50
6675	1526170457	3600		271.22		 189330888		720.00
6675	1526174057	3600		270.63		 175147703		712.50
6675	1526177657	3600		270.23		 161678974		705.50
6675	1526181257	3600		269.88		 150050733		697.00
6675	1526184857	3600		269.04		 140004941		694.00
6675	1526188457	3600		268.34		 124787566		681.00
6675	1526192057	3600		269.08		 131948203		692.00
6675	1526193215	1158		268.98		 128551653		688.00
-999	1526194415	1200		263.64		         0		-999.00
-999	1526198015	3600		263.65		         0		-999.00
-999	1526201615	3600		263.66		         0		-999.00
-999	1526205215	3600		263.65		         0		-999.00
-999	1526205397	182		263.65		         0		-999.00
6677	1526206597	1200		273.99		 271094684		786.50
6677	1526210197	3600		274.39		 284444874		761.50
6677	1526213797	3600		273.95		 271658397		771.50
6677	1526217397	3600		273.34		 256095465		773.50
6677	1526220997	3600		272.77		 237033418		755.50
6677	1526224597	3600		272.12		 218393717		746.50
6677	1526228197	3600		271.55		 199560474		740.50
6677	1526231797	3600		271.14		 185703598		730.50
6677	1526235397	3600		270.42		 170335408		720.50
6677	1526238997	3600		270.05		 157940282		713.50
6677	1526242597	3600		269.63		 143848405		706.50
6677	1526246197	3600		269.29		 132570559		699.50
6677	1526249797	3600		268.27		 120015879		676.50
6677	1526253397	3600		268.36		 121398232		700.00
6677	1526253988	591		268.58		 128958565		699.50
-999	1526255188	1200		260.48		         0		-999.00
-999	1526258788	3600		260.78		         0		-999.00
-999	1526262388	3600		260.78		         0		-999.00
-999	1526265988	3600		260.53		         0		-999.00
-999	1526269588	3600		260.53		         0		-999.00
-999	1526269876	288		260.53		         0		-999.00
6681	1526271076	1200		273.74		 262714746		781.00
6681	1526274676	3600		273.58		 265856032		777.50
6681	1526278276	3600		273.23		 254376236		767.50
6681	1526281876	3600		272.72		 237418940		765.50
6681	1526285476	3600		272.20		 218248925		758.00
6681	1526289076	3600		271.56		 196930776		742.50
6681	1526292676	3600		270.86		 182094035		736.00
6681	1526296276	3600		270.41		 167098813		729.00
6681	1526299876	3600		270.03		 154652416		725.00
6681	1526303476	3600		269.85		 148334074		722.00
6681	1526307076	3600		269.57		 139293680		724.50
6681	1526310676	3600		269.25		 137084762		711.00
6681	1526314276	3600		268.53		 124208887		705.50
6681	1526317876	3600		268.14		 114405580		697.00
6681	1526320377	2501		268.02		 110441076		693.50
-999	1526321577	1200		260.83		         0		-999.00
-999	1526325177	3600		263.83		         0		-999.00
-999	1526328777	3600		260.55		         0		-999.00
-999	1526332377	3600		260.67		         0		-999.00
-999	1526335977	3600		260.67		         0		-999.00
-999	1526336568	591		260.67		         0		-999.00
6683	1526337768	1200		274.33		 277188316		802.50
6683	1526338662	894		274.41		 296930229		697.00
-999	1526339862	1200		263.75		         0		-999.00
-999	1526343462	3600		263.61		         0		-999.00
-999	1526347062	3600		263.61		         0		-999.00
-999	1526350662	3600		263.62		         0		-999.00
-999	1526354262	3600		263.62		         0		-999.00
-999	1526357862	3600		263.62		         0		-999.00
-999	1526361462	3600		263.62		         0		-999.00
-999	1526365062	3600		263.71		         0		-999.00
-999	1526368662	3600		263.96		         0		-999.00
-999	1526372262	3600		260.71		         0		-999.00
-999	1526375862	3600		260.71		         0		-999.00
-999	1526379462	3600		260.79		         0		-999.00
-999	1526383062	3600		260.56		         0		-999.00
-999	1526386662	3600		260.62		         0		-999.00
-999	1526390262	3600		260.89		         0		-999.00
-999	1526393862	3600		260.72		         0		-999.00
-999	1526397212	3350		260.73		         0		-999.00
6688	1526398412	1200		267.60		  98229896		665.00
6688	1526402012	3600		267.24		 104755280		606.50
6688	1526405612	3600		267.54		  94173208		659.00
6688	1526409212	3600		267.41		  89673831		655.00
6688	1526412812	3600		266.91		  83371396		648.50
6688	1526413919	1107		266.41		  65631926		637.50
-999	1526415119	1200		260.59		         0		-999.00
-999	1526418719	3600		260.45		         0		-999.00
-999	1526422319	3600		260.65		         0		-999.00
-999	1526425919	3600		260.66		         0		-999.00
-999	1526428498	2579		260.66		         0		-999.00
6690	1526429698	1200		268.79		 131798143		687.00
6690	1526433298	3600		269.06		 139152151		683.00
6690	1526436898	3600		268.65		 125461301		680.00
6690	1526440498	3600		268.33		 114939071		677.00
6690	1526444098	3600		268.05		 105536507		671.00
6690	1526447698	3600		267.82		  97974430		667.50
6690	1526451298	3600		267.60		  90375231		667.00
6690	1526454898	3600		267.18		  84902863		664.00
6690	1526458498	3600		267.11		  82607561		675.50
6690	1526460261	1763		267.07		  83822647		660.50
-999	1526461461	1200		263.93		         0		-999.00
-999	1526465061	3600		263.67		         0		-999.00
-999	1526468661	3600		263.67		         0		-999.00
-999	1526472261	3600		263.67		         0		-999.00
-999	1526475861	3600		263.67		         0		-999.00
-999	1526479461	3600		263.69		         0		-999.00
-999	1526482078	2617		263.72		         0		-999.00
-999	1526483842	1200		263.76		         0		-999.00
-999	1526487442	3600		260.76		         0		-999.00
-999	1526490917	3475		260.76		         0		-999.00
6693	1526492117	1200		269.53		 194919437		607.50
6693	1526495717	3600		271.85		 213320177		739.00
6693	1526499317	3600		271.27		 193935137		725.00
6693	1526502917	3600		270.95		 183095958		724.50
6693	1526506517	3600		270.43		 165808166		716.50
6693	1526510117	3600		270.01		 151905283		713.00
6693	1526513717	3600		269.44		 141288192		710.00
6693	1526517317	3600		269.12		 130539642		703.00
6693	1526520917	3600		269.10		 130010120		707.00
6693	1526524517	3600		268.23		 118605580		701.00
6693	1526526352	1835		268.13		 115481426		697.00
-999	1526527552	1200		263.79		         0		-999.00
-999	1526531152	3600		260.53		         0		-999.00
-999	1526534752	3600		260.85		         0		-999.00
-999	1526536049	1297		260.85		         0		-999.00
6694	1526537249	1200		272.92		 241018361		784.00
6694	1526540849	3600		273.40		 257080579		778.50
6694	1526544449	3600		272.83		 238082601		772.50
6694	1526548049	3600		272.29		 220331642		761.50
6694	1526551649	3600		271.01		 198924723		751.50
6694	1526555249	3600		270.51		 182285667		745.50
6694	1526558849	3600		270.11		 169055048		734.50
6694	1526562449	3600		269.48		 154530162		730.00
6694	1526566049	3600		269.12		 142458888		728.00
6694	1526569649	3600		268.93		 136229279		735.00
6694	1526570269	620		261.21		 127702442		 10.50
-999	1526571469	1200		263.96		         0		-999.00
-999	1526575069	3600		260.70		         0		-999.00
-999	1526578669	3600		264.01		         0		-999.00
-999	1526582269	3600		264.01		         0		-999.00
-999	1526585869	3600		264.01		         0		-999.00
-999	1526589469	3600		260.75		         0		-999.00
-999	1526593069	3600		260.75		         0		-999.00
-999	1526595789	2720		260.75		         0		-999.00
6696	1526596989	1200		273.52		 257586030		811.50
6696	1526600589	3600		273.98		 272994539		804.50
6696	1526604189	3600		273.35		 252099280		789.00
6696	1526607789	3600		272.91		 237466083		784.50
6696	1526611389	3600		272.35		 218536997		779.00
6696	1526614989	3600		271.49		 198470294		769.50
6696	1526618589	3600		271.15		 187314549		761.50
6696	1526622189	3600		270.71		 172564849		757.00
6696	1526625789	3600		270.33		 159667210		749.00
6696	1526626810	1021		268.53		 119708811		729.00
-999	1526628010	1200		263.87		         0		-999.00
-999	1526631610	3600		263.88		         0		-999.00
-999	1526635210	3600		260.88		         0		-999.00
-999	1526638810	3600		259.76		         0		-999.00
-999	1526642410	3600		260.60		         0		-999.00
-999	1526646010	3600		260.55		         0		-999.00
-999	1526649610	3600		260.81		         0		-999.00
-999	1526653210	3600		260.56		         0		-999.00
-999	1526656810	3600		260.56		         0		-999.00
-999	1526660410	3600		260.56		         0		-999.00
-999	1526664010	3600		260.56		         0		-999.00
-999	1526667610	3600		260.56		         0		-999.00
-999	1526668468	858		260.56		         0		-999.00
6699	1526669668	1200		263.60		   1024437		607.50
6699	1526673268	3600		263.85		    912659		615.50
6699	1526676868	3600		263.84		    772288		610.00
6699	1526679748	2880		260.82		   1097946		  9.50
-999	1526680948	1200		263.56		         0		-999.00
-999	1526684548	3600		260.64		         0		-999.00
-999	1526688148	3600		260.64		         0		-999.00
-999	1526688844	696		260.64		         0		-999.00
6700	1526690044	1200		272.79		 242093630		783.50
6700	1526693644	3600		273.47		 264707824		784.50
6700	1526697244	3600		272.64		 237198475		774.00
6700	1526700844	3600		271.97		 214931919		759.00
6700	1526704444	3600		271.26		 200902029		772.00
6700	1526708044	3600		271.07		 194557403		761.00
6700	1526711644	3600		270.64		 180169972		749.50
6700	1526715244	3600		270.20		 165365015		746.00
6700	1526718844	3600		269.81		 152342913		738.50
6700	1526722444	3600		269.51		 142405504		741.50
6700	1526726044	3600		269.35		 137125325		730.50
6700	1526729644	3600		268.81		 127612155		728.50
6700	1526733244	3600		267.65		 113983541		648.50
6700	1526733931	687		267.97		 114592829		711.00
-999	1526735131	1200		260.51		         0		-999.00
-999	1526738731	3600		260.51		         0		-999.00
-999	1526742331	3600		263.97		         0		-999.00
-999	1526745931	3600		263.72		         0		-999.00
-999	1526749531	3600		263.72		         0		-999.00
-999	1526753131	3600		260.72		         0		-999.00
-999	1526756067	2936		260.72		         0		-999.00
6702	1526757267	1200		273.61		 261679298		831.50
6702	1526760867	3600		274.35		 286493608		810.00
6702	1526764467	3600		273.42		 255600057		798.00
6702	1526768030	3563		272.46		 232051670		791.50
-999	1526769230	1200		263.82		         0		-999.00
-999	1526772830	3600		260.60		         0		-999.00
-999	1526776430	3600		263.93		         0		-999.00
-999	1526780030	3600		260.67		         0		-999.00
-999	1526783630	3600		260.67		         0		-999.00
-999	1526787230	3600		260.67		         0		-999.00
-999	1526790830	3600		260.67		         0		-999.00
-999	1526794430	3600		260.70		         0		-999.00
-999	1526795464	1034		260.70		         0		-999.00
6706	1526796664	1200		267.92		 110033209		712.00
6706	1526800264	3600		268.11		 116235393		689.00
6706	1526803864	3600		267.88		 108791082		700.00
6706	1526807464	3600		267.60		  99290054		696.50
6706	1526808387	923		266.71		  72481208		688.00
-999	1526809587	1200		260.72		         0		-999.00
-999	1526813187	3600		260.73		         0		-999.00
-999	1526816787	3600		260.76		         0		-999.00
-999	1526820387	3600		263.76		         0		-999.00
-999	1526823987	3600		263.76		         0		-999.00
-999	1526827587	3600		263.76		         0		-999.00
-999	1526831187	3600		263.76		         0		-999.00
-999	1526834787	3600		260.52		         0		-999.00
-999	1526838387	3600		260.77		         0		-999.00
-999	1526839146	759		260.77		         0		-999.00
6709	1526840346	1200		273.61		 259583720		824.00
6709	1526843946	3600		274.10		 284925759		816.00
6709	1526847546	3600		273.27		 257311290		803.50
6709	1526851146	3600		272.53		 232562665		789.50
6709	1526854746	3600		271.83		 209355553		782.00
6709	1526858346	3600		271.31		 200771027		784.00
6709	1526861946	3600		270.96		 189101291		773.50
6709	1526865546	3600		270.54		 175299464		764.00
6709	1526869146	3600		269.59		 160500612		745.50
6709	1526872746	3600		269.23		 148428424		754.00
6709	1526873547	801		269.24		 148837681		757.50
-999	1526874747	1200		263.69		         0		-999.00
-999	1526878347	3600		263.89		         0		-999.00
-999	1526881947	3600		263.89		         0		-999.00
-999	1526885547	3600		260.60		         0		-999.00
-999	1526889147	3600		260.62		         0		-999.00
-999	1526892747	3600		260.62		         0		-999.00
-999	1526895864	3117		260.62		         0		-999.00
6710	1526897064	1200		273.07		 248126886		829.50
6710	1526900664	3600		273.84		 273746535		828.50
6710	1526904264	3600		273.27		 254820559		808.00
6710	1526907864	3600		272.51		 234376362		801.50
6710	1526911464	3600		271.89		 213559006		793.00
6710	1526915064	3600		271.42		 198073100		787.00
6710	1526918664	3600		270.65		 180879713		779.50
6710	1526922264	3600		270.30		 169015177		782.00
6710	1526925140	2876		270.18		 165205341		771.50
-999	1526926340	1200		263.65		         0		-999.00
-999	1526929940	3600		263.90		         0		-999.00
-999	1526933540	3600		263.90		         0		-999.00
-999	1526937140	3600		263.16		         0		-999.00
-999	1526940740	3600		263.66		         0		-999.00
-999	1526944181	3441		263.66		         0		-999.00
6711	1526945381	1200		272.75		 241918557		805.50
6711	1526948981	3600		273.31		 260663179		827.00
6711	1526952581	3600		272.76		 242329278		817.00
6711	1526956181	3600		272.13		 221195886		809.00
6711	1526959781	3600		271.59		 203477493		797.00
6711	1526963381	3600		270.83		 186592978		787.00
6711	1526966981	3600		270.35		 170646633		782.50
6711	1526970581	3600		269.72		 157920116		755.50
6711	1526974181	3600		269.05		 144286365		765.00
6711	1526977781	3600		268.66		 131284565		755.00
6711	1526981381	3600		268.58		 128417073		758.00
6711	1526984981	3600		268.40		 122352196		755.50
6711	1526988581	3600		267.75		 108341201		742.00
6711	1526991910	3329		260.71		 102057060		 10.00
-999	1526993110	1200		263.71		         0		-999.00
-999	1526996710	3600		260.59		         0		-999.00
-999	1527000111	3401		260.59		         0		-999.00
6712	1527001311	1200		273.51		 260686223		862.00
6712	1527004911	3600		273.91		 274944751		851.50
6712	1527008511	3600		273.10		 257246388		836.00
6712	1527012111	3600		272.49		 237058304		824.50
6712	1527015711	3600		271.93		 218352665		816.50
6712	1527019311	3600		271.32		 198154950		811.00
6712	1527022911	3600		270.93		 184892484		803.00
6712	1527026511	3600		270.44		 168752448		794.00
6712	1527030111	3600		270.02		 154536294		781.50
6712	1527033711	3600		269.38		 142199625		776.00
6712	1527037311	3600		268.51		 132875458		760.50
6712	1527037656	345		268.64		 137345762		764.00
-999	1527038856	1200		260.71		         0		-999.00
-999	1527042456	3600		260.60		         0		-999.00
-999	1527046056	3600		260.60		         0		-999.00
-999	1527047343	1287		260.60		         0		-999.00
6714	1527048543	1200		272.72		 243239240		847.00
6714	1527052143	3600		273.98		 276378352		868.00
6714	1527055743	3600		273.55		 262296160		847.00
6714	1527059343	3600		272.64		 240253213		838.00
6714	1527062943	3600		272.03		 219962860		833.00
6714	1527066543	3600		271.54		 203578839		821.50
6714	1527070143	3600		271.03		 186651888		813.00
6714	1527073743	3600		270.63		 173314234		803.00
6714	1527077343	3600		269.94		 158772313		796.00
6714	1527080943	3600		269.57		 146376916		789.00
6714	1527084543	3600		269.36		 139448152		790.50
6714	1527088143	3600		268.71		 129876656		785.50
6714	1527091743	3600		268.64		 127541700		778.00
6714	1527095343	3600		268.27		 115457709		767.50
6714	1527097678	2335		268.07		 108708359		767.50
-999	1527098878	1200		263.48		         0		-999.00
-999	1527102478	3600		263.99		         0		-999.00
-999	1527106078	3600		260.62		         0		-999.00
-999	1527109678	3600		260.64		         0		-999.00
-999	1527113278	3600		260.64		         0		-999.00
-999	1527116878	3600		260.64		         0		-999.00
-999	1527120478	3600		260.64		         0		-999.00
-999	1527124078	3600		260.64		         0		-999.00
-999	1527127678	3600		263.64		         0		-999.00
-999	1527131278	3600		263.64		         0		-999.00
-999	1527134878	3600		263.93		         0		-999.00
-999	1527138478	3600		263.93		         0		-999.00
-999	1527142078	3600		263.67		         0		-999.00
-999	1527145678	3600		263.71		         0		-999.00
-999	1527149278	3600		263.71		         0		-999.00
-999	1527152878	3600		263.71		         0		-999.00
-999	1527156478	3600		263.96		         0		-999.00
-999	1527160078	3600		263.96		         0		-999.00
-999	1527163678	3600		263.96		         0		-999.00
-999	1527167278	3600		264.05		         0		-999.00
-999	1527170878	3600		264.05		         0		-999.00
-999	1527174478	3600		264.05		         0		-999.00
-999	1527178078	3600		264.05		         0		-999.00
-999	1527181678	3600		264.05		         0		-999.00
-999	1527185278	3600		260.53		         0		-999.00
-999	1527188878	3600		260.53		         0		-999.00
-999	1527192478	3600		260.53		         0		-999.00
-999	1527196078	3600		260.54		         0		-999.00
-999	1527196563	485		260.54		         0		-999.00
6719	1527197763	1200		272.60		 272116351		682.50
6719	1527201363	3600		274.59		 291976108		872.50
6719	1527204963	3600		273.90		 269153827		859.00
6719	1527208563	3600		272.86		 242791454		846.50
6719	1527212163	3600		272.04		 224012080		839.50
6719	1527215763	3600		271.45		 204451950		827.50
6719	1527219363	3600		270.94		 187384442		817.50
6719	1527222963	3600		270.25		 172725992		806.50
6719	1527225511	2548		260.62		 160973296		 10.00
-999	1527226711	1200		263.93		         0		-999.00
-999	1527230311	3600		263.67		         0		-999.00
-999	1527233911	3600		263.67		         0		-999.00
-999	1527237511	3600		263.67		         0		-999.00
-999	1527241111	3600		260.67		         0		-999.00
-999	1527244711	3600		260.67		         0		-999.00
-999	1527248311	3600		260.65		         0		-999.00
-999	1527251911	3600		260.67		         0		-999.00
-999	1527255511	3600		260.67		         0		-999.00
-999	1527259111	3600		260.67		         0		-999.00
-999	1527262145	3034		260.70		         0		-999.00
6724	1527263345	1200		272.34		 227604365		831.50
6724	1527265712	2367		271.13		 195079733		829.00
-999	1527266912	1200		263.75		         0		-999.00
-999	1527270512	3600		263.75		         0		-999.00
-999	1527274112	3600		263.75		         0		-999.00
-999	1527277712	3600		263.75		         0		-999.00
-999	1527281312	3600		263.75		         0		-999.00
-999	1527284912	3600		263.75		         0		-999.00
-999	1527288512	3600		263.75		         0		-999.00
-999	1527292112	3600		263.75		         0		-999.00
-999	1527295712	3600		263.75		         0		-999.00
-999	1527299312	3600		263.75		         0		-999.00
-999	1527302912	3600		263.75		         0		-999.00
-999	1527306512	3600		263.75		         0		-999.00
-999	1527310112	3600		263.75		         0		-999.00
-999	1527313712	3600		263.75		         0		-999.00
-999	1527317312	3600		263.75		         0		-999.00
-999	1527320912	3600		263.75		         0		-999.00
-999	1527324512	3600		260.75		         0		-999.00
-999	1527328112	3600		260.75		         0		-999.00
-999	1527331712	3600		260.75		         0		-999.00
-999	1527335312	3600		260.75		         0		-999.00
-999	1527337470	2158		260.75		         0		-999.00
6729	1527338670	1200		273.36		 254556789		869.00
6729	1527342270	3600		273.81		 269791266		861.00
6729	1527345870	3600		273.06		 253421429		857.50
6729	1527349470	3600		272.46		 233463272		847.50
6729	1527353070	3600		271.94		 216207341		834.00
6729	1527356670	3600		271.44		 199585392		830.50
6729	1527360270	3600		271.04		 186117365		820.50
6729	1527363870	3600		270.64		 172850658		816.00
6729	1527367470	3600		269.97		 158933402		805.50
6729	1527371070	3600		269.67		 148968160		802.00
6729	1527374670	3600		269.35		 138312376		799.00
6729	1527378270	3600		269.38		 139260054		796.00
6729	1527379580	1310		267.99		 111488281		784.00
-999	1527380780	1200		263.80		         0		-999.00
-999	1527384380	3600		263.80		         0		-999.00
-999	1527387980	3600		263.80		         0		-999.00
-999	1527391580	3600		263.80		         0		-999.00
-999	1527395180	3600		263.80		         0		-999.00
-999	1527398780	3600		263.80		         0		-999.00
-999	1527402380	3600		263.80		         0		-999.00
-999	1527405980	3600		263.80		         0		-999.00
-999	1527409580	3600		263.80		         0		-999.00
-999	1527413180	3600		263.80		         0		-999.00
-999	1527416780	3600		263.80		         0		-999.00
-999	1527420380	3600		263.80		         0		-999.00
-999	1527423980	3600		263.80		         0		-999.00
-999	1527427580	3600		263.80		         0		-999.00
-999	1527431180	3600		263.80		         0		-999.00
-999	1527434780	3600		263.80		         0		-999.00
-999	1527438380	3600		260.55		         0		-999.00
-999	1527441980	3600		260.71		         0		-999.00
-999	1527444196	2216		260.69		         0		-999.00
6731	1527445396	1200		273.33		 255803125		879.50
6731	1527448996	3600		273.83		 272371360		880.50
6731	1527452596	3600		272.98		 252516450		866.00
6731	1527455247	2651		272.43		 234124739		864.50
-999	1527456447	1200		263.79		         0		-999.00
-999	1527460047	3600		260.81		         0		-999.00
-999	1527463647	3600		263.82		         0		-999.00
-999	1527467247	3600		260.56		         0		-999.00
-999	1527470847	3600		260.56		         0		-999.00
-999	1527471111	264		260.56		         0		-999.00
6733	1527472311	1200		272.66		 236995190		887.50
6733	1527475911	3600		273.38		 261076574		871.50
6733	1527479511	3600		272.67		 237318797		862.50
6733	1527483111	3600		272.18		 220885127		854.00
6733	1527486711	3600		271.61		 201957327		843.50
6733	1527490311	3600		270.92		 187558383		835.50
6733	1527491331	1020		270.50		 173347035		835.50
-999	1527492531	1200		263.83		         0		-999.00
-999	1527496131	3600		260.75		         0		-999.00
-999	1527499731	3600		260.75		         0		-999.00
-999	1527503331	3600		260.50		         0		-999.00
-999	1527506931	3600		260.78		         0		-999.00
-999	1527510531	3600		260.78		         0		-999.00
-999	1527514131	3600		260.78		         0		-999.00
-999	1527517731	3600		260.78		         0		-999.00
-999	1527521331	3600		263.53		         0		-999.00
-999	1527524931	3600		263.56		         0		-999.00
-999	1527528531	3600		263.58		         0		-999.00
-999	1527532131	3600		263.65		         0		-999.00
-999	1527532773	642		263.65		         0		-999.00
-999	1527534651	1200		263.71		         0		-999.00
-999	1527538251	3600		260.71		         0		-999.00
-999	1527541851	3600		260.71		         0		-999.00
-999	1527541997	146		260.71		         0		-999.00
6738	1527543197	1200		273.27		 256150365		879.50
6738	1527546797	3600		273.77		 272799486		880.00
6738	1527550397	3600		272.74		 239983479		874.00
6738	1527553997	3600		272.51		 232488784		860.00
6738	1527557597	3600		271.90		 212117721		848.50
6738	1527561197	3600		271.21		 197478830		820.50
6738	1527564797	3600		270.75		 182308598		834.00
6738	1527568397	3600		270.30		 167295441		826.00
6738	1527571997	3600		269.97		 156154698		817.50
6738	1527575597	3600		269.60		 143916981		811.00
6738	1527579197	3600		269.32		 134407943		808.00
6738	1527582797	3600		269.28		 133245090		812.00
6738	1527585526	2729		268.28		 122336517		800.50
-999	1527586726	1200		260.56		         0		-999.00
-999	1527590326	3600		259.78		         0		-999.00
-999	1527593926	3600		260.14		         0		-999.00
-999	1527597526	3600		260.69		         0		-999.00
-999	1527601126	3600		260.69		         0		-999.00
-999	1527604726	3600		260.69		         0		-999.00
-999	1527608326	3600		260.69		         0		-999.00
-999	1527611926	3600		260.69		         0		-999.00
-999	1527615526	3600		260.69		         0		-999.00
-999	1527619126	3600		260.69		         0		-999.00
-999	1527622726	3600		260.69		         0		-999.00
-999	1527626326	3600		260.69		         0		-999.00
-999	1527629926	3600		260.69		         0		-999.00
-999	1527633526	3600		260.69		         0		-999.00
-999	1527637126	3600		260.69		         0		-999.00
-999	1527640726	3600		260.69		         0		-999.00
-999	1527644326	3600		260.69		         0		-999.00
-999	1527647926	3600		260.69		         0		-999.00
-999	1527651526	3600		260.69		         0		-999.00
-999	1527655126	3600		263.69		         0		-999.00
-999	1527658726	3600		260.69		         0		-999.00
-999	1527662326	3600		260.71		         0		-999.00
-999	1527664472	2146		260.71		         0		-999.00
6741	1527665672	1200		272.84		 253567651		869.50
6741	1527669272	3600		273.88		 271242096		876.50
6741	1527672872	3600		273.02		 251018318		871.50
6741	1527676472	3600		272.68		 231080613		865.00
6741	1527680072	3600		271.86		 212456534		850.00
6741	1527683672	3600		271.47		 199354501		848.50
6741	1527687272	3600		271.00		 183782903		839.50
6741	1527690872	3600		270.63		 171400182		834.00
6741	1527694472	3600		270.23		 158015429		827.00
6741	1527696790	2318		268.96		 134854986		816.00
-999	1527697990	1200		260.61		         0		-999.00
-999	1527701590	3600		263.87		         0		-999.00
-999	1527705190	3600		260.67		         0		-999.00
-999	1527708790	3600		263.67		         0		-999.00
-999	1527712390	3600		263.93		         0		-999.00
-999	1527715990	3600		263.93		         0		-999.00
-999	1527719590	3600		263.93		         0		-999.00
-999	1527723190	3600		263.75		         0		-999.00
-999	1527726790	3600		263.75		         0		-999.00
-999	1527727278	488		263.75		         0		-999.00
6744	1527728478	1200		272.98		 244106091		888.00
6744	1527732078	3600		273.61		 264912282		880.50
6744	1527735678	3600		272.50		 236398911		873.50
6744	1527739278	3600		272.19		 226264769		873.50
6744	1527739555	277		272.15		 224705552		873.50
-999	1527740755	1200		263.85		         0		-999.00
-999	1527744355	3600		263.85		         0		-999.00
-999	1527747955	3600		260.62		         0		-999.00
-999	1527751555	3600		260.59		         0		-999.00
-999	1527755155	3600		263.93		         0		-999.00
-999	1527758755	3600		263.93		         0		-999.00
-999	1527762355	3600		263.93		         0		-999.00
-999	1527765955	3600		260.67		         0		-999.00
-999	1527769555	3600		260.85		         0		-999.00
-999	1527773155	3600		260.60		         0		-999.00
-999	1527776755	3600		260.67		         0		-999.00
-999	1527779405	2650		260.67		         0		-999.00
6747	1527780605	1200		267.75		 103775963		791.00
6747	1527784205	3600		267.95		 110614043		776.50
6747	1527787805	3600		267.59		  98428294		774.50
6747	1527790438	2633		267.15		  84750749		768.50
-999	1527791638	1200		260.81		         0		-999.00
-999	1527795238	3600		260.81		         0		-999.00
-999	1527798838	3600		260.81		         0		-999.00
-999	1527802438	3600		260.81		         0		-999.00
-999	1527806038	3600		263.81		         0		-999.00
-999	1527809638	3600		260.81		         0		-999.00
-999	1527813238	3600		260.81		         0		-999.00
-999	1527814336	1098		260.81		         0		-999.00
6749	1527815536	1200		273.87		 265132529		926.50
6749	1527819136	3600		274.30		 279442875		896.00
6749	1527822736	3600		273.30		 255051011		888.50
6749	1527826336	3600		272.71		 235256604		882.00
6749	1527829936	3600		272.24		 219515866		871.50
6749	1527833536	3600		271.41		 200398774		853.50
6749	1527837136	3600		270.98		 186189987		854.00
6749	1527840736	3600		270.51		 170492165		846.00
6749	1527844336	3600		269.63		 158115318		834.50
6749	1527847936	3600		269.16		 142582206		825.50
6749	1527851536	3600		268.97		 136135224		825.00
6749	1527855136	3600		268.73		 128000795		822.50
6749	1527858736	3600		268.50		 120527384		811.50
6749	1527862336	3600		267.74		 103571415		808.50
6749	1527863535	1199		267.71		 102732711		804.00
-999	1527864735	1200		260.78		         0		-999.00
-999	1527868335	3600		259.61		         0		-999.00
-999	1527871935	3600		260.88		         0		-999.00
-999	1527874885	2950		260.88		         0		-999.00
6751	1527876085	1200		273.51		 256572495		932.00
6751	1527879685	3600		274.25		 281165444		915.00
6751	1527883285	3600		273.47		 255003637		902.50
6751	1527886885	3600		272.61		 235060130		895.50
6751	1527890485	3600		272.04		 215906986		888.00
6751	1527894085	3600		271.56		 199916336		877.50
6751	1527897685	3600		271.04		 182639958		868.00
6751	1527901285	3600		270.66		 170070072		862.00
6751	1527904885	3600		269.99		 156087791		851.00
6751	1527908485	3600		269.63		 144027085		837.50
6751	1527912085	3600		269.25		 131347018		841.00
6751	1527915685	3600		268.81		 125413248		827.50
6751	1527919285	3600		268.62		 119067200		828.00
6751	1527921017	1732		267.69		  98866678		808.00
-999	1527922217	1200		263.95		         0		-999.00
-999	1527925817	3600		260.69		         0		-999.00
-999	1527929234	3417		260.69		         0		-999.00
6752	1527930434	1200		274.03		 267541107		942.00
6752	1527934034	3600		274.14		 281758447		937.50
6752	1527937634	3600		273.55		 262098387		924.00
6752	1527941234	3600		272.80		 237037024		914.50
6752	1527944428	3194		272.29		 220018730		903.00
-999	1527945628	1200		263.95		         0		-999.00
-999	1527949228	3600		263.95		         0		-999.00
-999	1527952828	3600		263.95		         0		-999.00
-999	1527956428	3600		263.95		         0		-999.00
-999	1527960028	3600		263.95		         0		-999.00
-999	1527963628	3600		263.95		         0		-999.00
-999	1527967228	3600		263.95		         0		-999.00
-999	1527970828	3600		263.95		         0		-999.00
-999	1527974428	3600		263.95		         0		-999.00
-999	1527978028	3600		263.89		         0		-999.00
-999	1527981628	3600		263.89		         0		-999.00
-999	1527985228	3600		263.89		         0		-999.00
-999	1527988828	3600		263.89		         0		-999.00
-999	1527992428	3600		263.89		         0		-999.00
-999	1527996028	3600		263.89		         0		-999.00
-999	1527999628	3600		263.89		         0		-999.00
-999	1528003228	3600		263.89		         0		-999.00
-999	1528006828	3600		263.89		         0		-999.00
-999	1528010428	3600		263.89		         0		-999.00
-999	1528014028	3600		263.89		         0		-999.00
-999	1528017628	3600		263.89		         0		-999.00
-999	1528021228	3600		263.89		         0		-999.00
-999	1528024828	3600		260.92		         0		-999.00
-999	1528028428	3600		260.66		         0		-999.00
-999	1528032028	3600		260.66		         0		-999.00
-999	1528035628	3600		260.99		         0		-999.00
-999	1528036390	762		260.99		         0		-999.00
6755	1528037590	1200		273.46		 256833047		932.00
6755	1528039694	2104		274.35		 286413212		923.50
-999	1528040894	1200		263.88		         0		-999.00
-999	1528044494	3600		263.88		         0		-999.00
-999	1528048094	3600		263.88		         0		-999.00
-999	1528051694	3600		263.88		         0		-999.00
-999	1528055294	3600		263.88		         0		-999.00
-999	1528058894	3600		263.88		         0		-999.00
-999	1528062494	3600		263.88		         0		-999.00
-999	1528066094	3600		263.88		         0		-999.00
-999	1528069694	3600		260.62		         0		-999.00
-999	1528073294	3600		260.62		         0		-999.00
-999	1528075258	1964		260.67		         0		-999.00
6757	1528076458	1200		273.46		 251729177		937.50
6757	1528080058	3600		273.79		 272208578		920.00
6757	1528083658	3600		273.13		 250097658		911.00
6757	1528087258	3600		272.49		 228963361		902.00
6757	1528090858	3600		271.63		 208775897		896.50
6757	1528094458	3600		271.19		 194082468		884.00
6757	1528098058	3600		270.68		 176854876		873.50
6757	1528101658	3600		270.28		 163596357		867.00
6757	1528105258	3600		269.86		 149569142		859.50
6757	1528108858	3600		269.50		 137697917		855.50
6757	1528112458	3600		269.25		 129424639		840.50
6757	1528116058	3600		268.74		 120743848		838.50
6757	1528119658	3600		267.73		 106018284		826.00
6757	1528121351	1693		260.71		 103039026		 10.00
-999	1528122551	1200		260.71		         0		-999.00
-999	1528126151	3600		260.82		         0		-999.00
-999	1528129751	3600		260.88		         0		-999.00
-999	1528133351	3600		263.88		         0		-999.00
-999	1528136951	3600		263.88		         0		-999.00
-999	1528140551	3600		259.84		         0		-999.00
-999	1528144151	3600		260.92		         0		-999.00
-999	1528145255	1104		260.92		         0		-999.00
6759	1528146455	1200		273.20		 246963653		942.50
6759	1528150055	3600		273.86		 269024114		939.50
6759	1528153655	3600		273.22		 247627183		928.50
6759	1528157255	3600		272.65		 228641872		913.50
6759	1528160855	3600		271.77		 207844451		903.00
6759	1528164455	3600		271.30		 192274062		894.00
6759	1528168055	3600		270.80		 175484507		886.00
6759	1528171655	3600		270.13		 161904340		877.50
6759	1528175255	3600		269.79		 150657675		870.50
6759	1528178855	3600		269.52		 141547917		867.50
6759	1528182455	3600		269.37		 136514912		860.50
6759	1528186055	3600		268.73		 123979316		853.50
6759	1528189655	3600		267.94		 110714991		824.00
6759	1528191198	1543		260.86		  94159454		 10.00
-999	1528192398	1200		260.86		         0		-999.00
-999	1528195998	3600		260.30		         0		-999.00
-999	1528199598	3600		260.55		         0		-999.00
-999	1528203198	3600		260.81		         0		-999.00
-999	1528206798	3600		260.81		         0		-999.00
-999	1528210398	3600		260.80		         0		-999.00
-999	1528213998	3600		260.82		         0		-999.00
-999	1528215170	1172		260.82		         0		-999.00
6761	1528216370	1200		274.30		 274768687		1050.00
6761	1528219970	3600		273.32		 248645493		1058.00
6761	1528223570	3600		273.09		 240672144		1054.00
6761	1528227170	3600		272.22		 221145480		1043.00
6761	1528230770	3600		271.69		 203566896		1030.00
6761	1528234370	3600		270.72		 188393347		880.50
6761	1528237970	3600		270.25		 172716049		884.00
6761	1528241570	3600		269.88		 160425845		874.50
6761	1528245170	3600		269.50		 147935125		871.00
6761	1528248770	3600		269.24		 139001923		868.00
6761	1528252370	3600		269.05		 132898900		862.00
6761	1528253825	1455		267.94		 109409522		845.00
-999	1528255025	1200		260.60		         0		-999.00
-999	1528258625	3600		260.00		         0		-999.00
-999	1528262225	3600		260.00		         0		-999.00
-999	1528265825	3600		260.60		         0		-999.00
-999	1528269425	3600		260.64		         0		-999.00
-999	1528273025	3600		260.64		         0		-999.00
-999	1528273399	374		260.64		         0		-999.00
6762	1528274599	1200		273.71		 274147005		944.50
6762	1528278199	3600		273.01		 255148968		946.50
6762	1528281799	3600		272.67		 243578365		912.00
6762	1528285399	3600		271.92		 218713093		916.50
6762	1528288999	3600		271.49		 204170376		906.00
6762	1528292599	3600		270.73		 187501551		900.00
6762	1528296199	3600		270.27		 172310877		891.00
6762	1528299799	3600		269.99		 162782455		887.50
6762	1528301921	2122		269.78		 155705466		882.00
-999	1528303121	1200		260.71		         0		-999.00
-999	1528306721	3600		260.67		         0		-999.00
-999	1528310321	3600		263.95		         0		-999.00
-999	1528313921	3600		263.87		         0		-999.00
-999	1528317521	3600		263.61		         0		-999.00
-999	1528318263	742		263.61		         0		-999.00
6763	1528319463	1200		273.72		 276787584		937.00
6763	1528323063	3600		273.05		 255228202		967.00
6763	1528326663	3600		273.03		 254662312		950.50
6763	1528330263	3600		272.55		 238458388		945.00
6763	1528333863	3600		272.19		 226615503		938.00
6763	1528337463	3600		271.81		 213904622		932.00
6763	1528341063	3600		271.52		 204185695		928.50
6763	1528344663	3600		270.88		 191263862		920.00
6763	1528348263	3600		270.55		 180418333		913.00
6763	1528351863	3600		270.20		 168649699		906.50
6763	1528352082	219		269.76		 153885822		906.50
-999	1528353282	1200		260.62		         0		-999.00
-999	1528356882	3600		260.62		         0		-999.00
-999	1528360482	3600		260.62		         0		-999.00
-999	1528364082	3600		260.62		         0		-999.00
-999	1528367682	3600		260.51		         0		-999.00
-999	1528371282	3600		260.83		         0		-999.00
-999	1528374882	3600		260.83		         0		-999.00
-999	1528378482	3600		260.56		         0		-999.00
-999	1528382082	3600		260.40		         0		-999.00
-999	1528385682	3600		263.91		         0		-999.00
-999	1528389282	3600		263.91		         0		-999.00
-999	1528392882	3600		263.91		         0		-999.00
-999	1528396482	3600		263.93		         0		-999.00
-999	1528400082	3600		263.93		         0		-999.00
-999	1528403682	3600		263.93		         0		-999.00
-999	1528407282	3600		263.93		         0		-999.00
-999	1528410882	3600		263.93		         0		-999.00
-999	1528414482	3600		263.93		         0		-999.00
-999	1528418082	3600		263.93		         0		-999.00
-999	1528421682	3600		260.67		         0		-999.00
-999	1528425282	3600		260.93		         0		-999.00
-999	1528428882	3600		260.93		         0		-999.00
-999	1528432482	3600		260.93		         0		-999.00
-999	1528434403	1921		260.67		         0		-999.00
6768	1528435603	1200		274.75		 295267789		943.50
6768	1528439203	3600		273.56		 260067402		964.00
6768	1528441298	2095		273.56		 260296973		959.50
-999	1528442498	1200		263.73		         0		-999.00
-999	1528446098	3600		263.99		         0		-999.00
-999	1528449698	3600		263.99		         0		-999.00
-999	1528453298	3600		263.99		         0		-999.00
-999	1528456898	3600		263.99		         0		-999.00
-999	1528460498	3600		263.99		         0		-999.00
-999	1528464098	3600		263.99		         0		-999.00
-999	1528467698	3600		263.99		         0		-999.00
-999	1528471298	3600		263.99		         0		-999.00
-999	1528474898	3600		260.76		         0		-999.00
-999	1528478498	3600		260.59		         0		-999.00
-999	1528482098	3600		260.84		         0		-999.00
-999	1528483455	1357		260.84		         0		-999.00
6770	1528484655	1200		274.88		 300775908		966.50
6770	1528488255	3600		274.03		 272505345		961.50
6770	1528491855	3600		273.38		 259728733		955.50
6770	1528495455	3600		272.73		 238126675		956.00
6770	1528499055	3600		272.14		 218547818		948.50
6770	1528502655	3600		271.66		 202552312		931.00
6770	1528506255	3600		271.14		 185009236		920.00
6770	1528509855	3600		270.40		 169170867		904.00
6770	1528513455	3600		269.90		 152559259		898.00
6770	1528517055	3600		269.55		 141161806		889.00
6770	1528520655	3600		269.37		 134852045		889.00
6770	1528524255	3600		268.80		 124341930		876.00
6770	1528527855	3600		268.54		 115953032		874.00
6770	1528530522	2667		267.56		  99197005		859.50
-999	1528531722	1200		263.79		         0		-999.00
-999	1528535322	3600		263.79		         0		-999.00
-999	1528538922	3600		260.79		         0		-999.00
-999	1528542522	3600		260.56		         0		-999.00
-999	1528544802	2280		260.81		         0		-999.00
6772	1528546002	1200		274.11		 277061102		974.50
6772	1528549602	3600		273.43		 255284686		983.50
6772	1528553202	3600		273.08		 243776297		964.50
6772	1528556802	3600		272.42		 221755621		947.50
6772	1528560402	3600		271.69		 205810018		940.50
6772	1528564002	3600		270.98		 190789095		919.00
6772	1528567602	3600		270.61		 178234410		924.50
6772	1528571202	3600		270.15		 163104053		914.50
6772	1528574802	3600		269.73		 149077829		903.00
6772	1528578402	3600		269.34		 136037878		899.00
6772	1528582002	3600		269.18		 130530428		895.00
6772	1528585602	3600		269.00		 124563947		885.50
6772	1528589202	3600		268.71		 114991464		879.00
6772	1528592802	3600		268.40		 104712811		874.00
6772	1528596254	3452		267.38		  91313853		871.00
-999	1528597454	1200		260.83		         0		-999.00
-999	1528601054	3600		260.88		         0		-999.00
-999	1528604654	3600		260.88		         0		-999.00
-999	1528604817	163		260.88		         0		-999.00
6773	1528606017	1200		273.73		 267035005		982.50
6773	1528609617	3600		272.99		 243591956		983.50
6773	1528613217	3600		272.74		 235142383		974.50
6773	1528616817	3600		272.15		 215598078		957.50
6773	1528620417	3600		271.68		 199752229		948.00
6773	1528624017	3600		270.97		 184505392		937.00
6773	1528627617	3600		270.47		 167979458		923.00
6773	1528631217	3600		270.03		 153291044		916.00
6773	1528634817	3600		269.45		 142625213		910.00
6773	1528638417	3600		269.23		 135165936		910.50
6773	1528642017	3600		269.02		 128242507		901.00
6773	1528645617	3600		268.76		 119559368		901.00
6773	1528649217	3600		268.22		 110153604		887.00
6773	1528652363	3146		267.50		  96802643		884.50
-999	1528653563	1200		260.82		         0		-999.00
-999	1528657163	3600		259.67		         0		-999.00
-999	1528660536	3373		260.73		         0		-999.00
6774	1528661736	1200		274.24		 284257917		1020.00
6774	1528665336	3600		273.51		 262831764		1013.00
6774	1528668936	3600		273.13		 250192627		1003.00
6774	1528672536	3600		272.57		 231371179		979.00
6774	1528676136	3600		271.98		 211800761		958.50
6774	1528679736	3600		271.56		 197702123		965.00
6774	1528683336	3600		271.07		 181505644		952.50
6774	1528686936	3600		270.32		 164882523		940.50
6774	1528690536	3600		269.97		 153411891		932.00
6774	1528694136	3600		269.14		 142537710		925.00
6774	1528697736	3600		268.87		 133505489		921.00
6774	1528701336	3600		268.73		 129038909		912.00
6774	1528704936	3600		268.54		 122545906		910.00
6774	1528708536	3600		268.19		 110975584		891.50
6774	1528711358	2822		267.52		  95653819		885.50
-999	1528712558	1200		260.85		         0		-999.00
-999	1528716158	3600		260.62		         0		-999.00
-999	1528719758	3600		260.83		         0		-999.00
-999	1528723358	3600		260.83		         0		-999.00
-999	1528726634	3276		260.83		         0		-999.00
6776	1528727834	1200		274.38		 285795408		1011.00
6776	1528731434	3600		273.33		 254839164		1001.00
6776	1528734189	2755		273.11		 247583789		990.00
-999	1528735389	1200		263.77		         0		-999.00
-999	1528738989	3600		264.02		         0		-999.00
-999	1528742589	3600		264.02		         0		-999.00
-999	1528746189	3600		264.02		         0		-999.00
-999	1528749789	3600		260.77		         0		-999.00
-999	1528753389	3600		260.94		         0		-999.00
-999	1528754376	987		260.94		         0		-999.00
6778	1528755576	1200		274.82		 298341344		1045.00
6778	1528759176	3600		273.71		 260469986		1010.00
6778	1528762776	3600		273.42		 259157123		1017.00
6778	1528766376	3600		272.80		 238518244		1001.00
6778	1528769691	3315		271.60		 210802793		968.50
-999	1528770891	1200		260.84		         0		-999.00
-999	1528774491	3600		256.00		         0		-999.00
-999	1528778091	3600		255.49		         0		-999.00
-999	1528781691	3600		255.74		         0		-999.00
-999	1528785291	3600		256.00		         0		-999.00
-999	1528788891	3600		256.00		         0		-999.00
-999	1528792491	3600		256.00		         0		-999.00
-999	1528796091	3600		256.00		         0		-999.00
-999	1528799691	3600		256.00		         0		-999.00
-999	1528803291	3600		256.00		         0		-999.00
-999	1528806891	3600		256.00		         0		-999.00
-999	1528810491	3600		256.00		         0		-999.00
-999	1528814091	3600		256.00		         0		-999.00
-999	1528817691	3600		256.00		         0		-999.00
-999	1528821291	3600		256.00		         0		-999.00
-999	1528824891	3600		256.00		         0		-999.00
-999	1528828491	3600		256.00		         0		-999.00
-999	1528832091	3600		256.00		         0		-999.00
-999	1528835691	3600		256.00		         0		-999.00
-999	1528839291	3600		256.00		         0		-999.00
-999	1528842891	3600		256.00		         0		-999.00
-999	1528846491	3600		256.00		         0		-999.00
-999	1528850091	3600		256.00		         0		-999.00
-999	1528853691	3600		256.00		         0		-999.00
-999	1528857291	3600		256.00		         0		-999.00
-999	1528860891	3600		256.00		         0		-999.00
-999	1528864491	3600		256.00		         0		-999.00
-999	1528868091	3600		256.00		         0		-999.00
-999	1528871691	3600		256.00		         0		-999.00
-999	1528875291	3600		256.00		         0		-999.00
-999	1528878891	3600		256.00		         0		-999.00
-999	1528882491	3600		256.00		         0		-999.00
-999	1528886091	3600		256.00		         0		-999.00
-999	1528889691	3600		256.00		         0		-999.00
-999	1528893291	3600		256.00		         0		-999.00
-999	1528896891	3600		256.00		         0		-999.00
-999	1528900491	3600		256.00		         0		-999.00
-999	1528904091	3600		256.00		         0		-999.00
-999	1528907691	3600		256.00		         0		-999.00
-999	1528911291	3600		256.00		         0		-999.00
-999	1528914891	3600		256.00		         0		-999.00
-999	1528918491	3600		256.00		         0		-999.00
-999	1528922091	3600		256.00		         0		-999.00
-999	1528925691	3600		256.00		         0		-999.00
-999	1528929291	3600		256.00		         0		-999.00
-999	1528932891	3600		256.00		         0		-999.00
-999	1528936491	3600		256.00		         0		-999.00
-999	1528940091	3600		256.00		         0		-999.00
-999	1528943691	3600		256.00		         0		-999.00
-999	1528947291	3600		256.00		         0		-999.00
-999	1528950891	3600		256.00		         0		-999.00
-999	1528954491	3600		256.00		         0		-999.00
-999	1528958091	3600		256.00		         0		-999.00
-999	1528961691	3600		256.00		         0		-999.00
-999	1528965291	3600		256.00		         0		-999.00
-999	1528968891	3600		256.00		         0		-999.00
-999	1528972491	3600		256.00		         0		-999.00
-999	1528976091	3600		256.00		         0		-999.00
-999	1528979691	3600		256.00		         0		-999.00
-999	1528983291	3600		256.00		         0		-999.00
-999	1528986891	3600		256.00		         0		-999.00
-999	1528990491	3600		256.00		         0		-999.00
-999	1528994091	3600		256.00		         0		-999.00
-999	1528997691	3600		256.00		         0		-999.00
-999	1529001291	3600		256.00		         0		-999.00
-999	1529004891	3600		256.00		         0		-999.00
-999	1529008491	3600		256.00		         0		-999.00
-999	1529012091	3600		256.00		         0		-999.00
-999	1529015691	3600		256.00		         0		-999.00
-999	1529019291	3600		256.00		         0		-999.00
-999	1529022891	3600		256.00		         0		-999.00
-999	1529026491	3600		256.00		         0		-999.00
-999	1529030091	3600		256.00		         0		-999.00
-999	1529033691	3600		256.00		         0		-999.00
-999	1529037291	3600		256.00		         0		-999.00
-999	1529040891	3600		256.00		         0		-999.00
-999	1529044491	3600		256.00		         0		-999.00
-999	1529048091	3600		256.00		         0		-999.00
-999	1529051691	3600		256.00		         0		-999.00
-999	1529055291	3600		256.00		         0		-999.00
-999	1529058891	3600		256.00		         0		-999.00
-999	1529062491	3600		256.00		         0		-999.00
-999	1529066091	3600		256.00		         0		-999.00
-999	1529069691	3600		256.00		         0		-999.00
-999	1529073291	3600		256.00		         0		-999.00
-999	1529076891	3600		256.00		         0		-999.00
-999	1529080491	3600		256.00		         0		-999.00
-999	1529084091	3600		256.00		         0		-999.00
-999	1529087691	3600		256.00		         0		-999.00
-999	1529091291	3600		256.00		         0		-999.00
-999	1529094891	3600		256.00		         0		-999.00
-999	1529098491	3600		256.00		         0		-999.00
-999	1529102091	3600		256.00		         0		-999.00
-999	1529105691	3600		256.00		         0		-999.00
-999	1529109291	3600		256.00		         0		-999.00
-999	1529112891	3600		256.00		         0		-999.00
-999	1529116491	3600		256.00		         0		-999.00
-999	1529120091	3600		256.00		         0		-999.00
-999	1529123691	3600		256.00		         0		-999.00
-999	1529127291	3600		256.00		         0		-999.00
-999	1529130891	3600		256.00		         0		-999.00
-999	1529134491	3600		256.00		         0		-999.00
-999	1529138091	3600		256.00		         0		-999.00
-999	1529141691	3600		256.00		         0		-999.00
-999	1529145291	3600		256.00		         0		-999.00
-999	1529148891	3600		256.00		         0		-999.00
-999	1529152491	3600		256.00		         0		-999.00
-999	1529156091	3600		256.00		         0		-999.00
-999	1529159691	3600		256.00		         0		-999.00
-999	1529163291	3600		256.00		         0		-999.00
-999	1529166891	3600		256.00		         0		-999.00
-999	1529170491	3600		256.00		         0		-999.00
-999	1529174091	3600		256.00		         0		-999.00
-999	1529177691	3600		256.00		         0		-999.00
-999	1529181291	3600		256.00		         0		-999.00
-999	1529184891	3600		256.00		         0		-999.00
-999	1529188491	3600		256.00		         0		-999.00
-999	1529192091	3600		256.00		         0		-999.00
-999	1529195691	3600		256.00		         0		-999.00
-999	1529199291	3600		256.00		         0		-999.00
-999	1529202891	3600		256.00		         0		-999.00
-999	1529206491	3600		256.00		         0		-999.00
-999	1529210091	3600		256.00		         0		-999.00
-999	1529213691	3600		256.00		         0		-999.00
-999	1529217291	3600		256.00		         0		-999.00
-999	1529220891	3600		256.00		         0		-999.00
-999	1529224491	3600		256.00		         0		-999.00
-999	1529228091	3600		256.00		         0		-999.00
-999	1529231691	3600		256.00		         0		-999.00
-999	1529235291	3600		256.00		         0		-999.00
-999	1529238891	3600		256.00		         0		-999.00
-999	1529242491	3600		256.00		         0		-999.00
-999	1529246091	3600		256.00		         0		-999.00
-999	1529249691	3600		256.00		         0		-999.00
-999	1529253291	3600		256.00		         0		-999.00
-999	1529256891	3600		256.00		         0		-999.00
-999	1529260491	3600		256.00		         0		-999.00
-999	1529264091	3600		256.00		         0		-999.00
-999	1529267691	3600		256.00		         0		-999.00
-999	1529271291	3600		256.00		         0		-999.00
-999	1529274891	3600		256.00		         0		-999.00
-999	1529278491	3600		256.00		         0		-999.00
-999	1529282091	3600		256.00		         0		-999.00
-999	1529285691	3600		256.00		         0		-999.00
-999	1529289291	3600		256.00		         0		-999.00
-999	1529292891	3600		256.00		         0		-999.00
-999	1529296491	3600		256.00		         0		-999.00
-999	1529300091	3600		256.00		         0		-999.00
-999	1529303691	3600		256.00		         0		-999.00
-999	1529307291	3600		256.00		         0		-999.00
-999	1529310891	3600		258.99		         0		-999.00
-999	1529314491	3600		258.99		         0		-999.00
-999	1529318091	3600		258.99		         0		-999.00
-999	1529321691	3600		258.99		         0		-999.00
-999	1529325291	3600		258.99		         0		-999.00
-999	1529328891	3600		258.99		         0		-999.00
-999	1529332491	3600		258.99		         0		-999.00
-999	1529336091	3600		258.99		         0		-999.00
-999	1529339691	3600		263.81		         0		-999.00
-999	1529343291	3600		263.81		         0		-999.00
-999	1529346891	3600		263.81		         0		-999.00
-999	1529350491	3600		255.65		         0		-999.00
-999	1529354091	3600		255.90		         0		-999.00
-999	1529357691	3600		255.90		         0		-999.00
-999	1529361291	3600		255.90		         0		-999.00
-999	1529364891	3600		255.90		         0		-999.00
-999	1529368491	3600		255.90		         0		-999.00
-999	1529372091	3600		255.90		         0		-999.00
-999	1529375691	3600		255.90		         0		-999.00
-999	1529379291	3600		255.90		         0		-999.00
-999	1529382891	3600		263.87		         0		-999.00
-999	1529386491	3600		263.87		         0		-999.00
-999	1529390091	3600		263.87		         0		-999.00
-999	1529393691	3600		263.87		         0		-999.00
-999	1529397291	3600		263.87		         0		-999.00
-999	1529400891	3600		263.87		         0		-999.00
-999	1529404491	3600		263.87		         0		-999.00
-999	1529408091	3600		263.87		         0		-999.00
-999	1529411691	3600		263.87		         0		-999.00
-999	1529415291	3600		263.87		         0		-999.00
-999	1529418891	3600		263.87		         0		-999.00
-999	1529422491	3600		263.87		         0		-999.00
-999	1529426091	3600		263.87		         0		-999.00
-999	1529429691	3600		263.87		         0		-999.00
-999	1529433291	3600		263.87		         0		-999.00
-999	1529436891	3600		263.87		         0		-999.00
-999	1529440491	3600		263.87		         0		-999.00
-999	1529444091	3600		263.87		         0		-999.00
-999	1529447691	3600		263.87		         0		-999.00
-999	1529451291	3600		263.87		         0		-999.00
-999	1529454891	3600		263.87		         0		-999.00
-999	1529458491	3600		263.87		         0		-999.00
-999	1529462091	3600		263.87		         0		-999.00
-999	1529465691	3600		263.87		         0		-999.00
-999	1529469291	3600		263.87		         0		-999.00
-999	1529472891	3600		263.87		         0		-999.00
-999	1529476491	3600		263.87		         0		-999.00
-999	1529480091	3600		263.87		         0		-999.00
-999	1529483691	3600		263.87		         0		-999.00
-999	1529487291	3600		263.96		         0		-999.00
-999	1529490891	3600		263.50		         0		-999.00
-999	1529494491	3600		260.65		         0		-999.00
-999	1529498091	3600		260.65		         0		-999.00
-999	1529501691	3600		256.52		         0		-999.00
-999	1529505291	3600		256.52		         0		-999.00
-999	1529508891	3600		256.52		         0		-999.00
-999	1529512491	3600		256.52		         0		-999.00
-999	1529516091	3600		256.52		         0		-999.00
-999	1529519691	3600		263.78		         0		-999.00
-999	1529523291	3600		263.78		         0		-999.00
-999	1529526891	3600		263.78		         0		-999.00
-999	1529530491	3600		263.78		         0		-999.00
-999	1529534091	3600		263.78		         0		-999.00
-999	1529537691	3600		263.78		         0		-999.00
-999	1529541291	3600		263.78		         0		-999.00
-999	1529544891	3600		263.78		         0		-999.00
-999	1529548491	3600		263.78		         0		-999.00
-999	1529552091	3600		263.78		         0		-999.00
-999	1529555691	3600		259.66		         0		-999.00
-999	1529559291	3600		259.66		         0		-999.00
-999	1529562891	3600		256.66		         0		-999.00
-999	1529566491	3600		256.66		         0		-999.00
-999	1529570091	3600		255.62		         0		-999.00
-999	1529573691	3600		255.62		         0		-999.00
-999	1529577291	3600		255.62		         0		-999.00
-999	1529580891	3600		255.88		         0		-999.00
-999	1529584491	3600		256.13		         0		-999.00
-999	1529588091	3600		263.73		         0		-999.00
-999	1529591691	3600		263.67		         0		-999.00
-999	1529595291	3600		263.93		         0		-999.00
-999	1529598891	3600		264.44		         0		-999.00
-999	1529602491	3600		264.44		         0		-999.00
-999	1529606091	3600		263.65		         0		-999.00
-999	1529609691	3600		263.65		         0		-999.00
-999	1529613291	3600		263.65		         0		-999.00
-999	1529616891	3600		263.65		         0		-999.00
-999	1529620491	3600		263.65		         0		-999.00
-999	1529624091	3600		263.99		         0		-999.00
-999	1529627691	3600		263.73		         0		-999.00
-999	1529631291	3600		263.73		         0		-999.00
-999	1529634891	3600		263.73		         0		-999.00
-999	1529638491	3600		260.73		         0		-999.00
-999	1529642091	3600		260.73		         0		-999.00
-999	1529645691	3600		263.73		         0		-999.00
-999	1529649291	3600		263.73		         0		-999.00
-999	1529652891	3600		260.73		         0		-999.00
-999	1529656491	3600		260.73		         0		-999.00
-999	1529660091	3600		260.73		         0		-999.00
-999	1529663691	3600		260.73		         0		-999.00
-999	1529667291	3600		260.73		         0		-999.00
-999	1529670891	3600		260.73		         0		-999.00
-999	1529674491	3600		260.73		         0		-999.00
-999	1529678091	3600		260.73		         0		-999.00
-999	1529681691	3600		260.73		         0		-999.00
-999	1529685291	3600		260.73		         0		-999.00
-999	1529688891	3600		260.73		         0		-999.00
-999	1529692491	3600		260.73		         0		-999.00
-999	1529696091	3600		260.73		         0		-999.00
-999	1529699691	3600		260.73		         0		-999.00
-999	1529703291	3600		260.75		         0		-999.00
-999	1529706891	3600		260.75		         0		-999.00
-999	1529710491	3600		264.26		         0		-999.00
-999	1529714091	3600		264.26		         0		-999.00
-999	1529717691	3600		264.26		         0		-999.00
-999	1529721291	3600		260.75		         0		-999.00
-999	1529724891	3600		260.75		         0		-999.00
-999	1529728491	3600		260.75		         0		-999.00
-999	1529732091	3600		260.75		         0		-999.00
-999	1529735691	3600		260.75		         0		-999.00
-999	1529739291	3600		260.75		         0		-999.00
-999	1529742891	3600		260.75		         0		-999.00
-999	1529746491	3600		260.75		         0		-999.00
-999	1529750091	3600		260.75		         0		-999.00
-999	1529753691	3600		260.75		         0		-999.00
-999	1529757291	3600		260.75		         0		-999.00
-999	1529760891	3600		260.75		         0		-999.00
-999	1529764491	3600		263.75		         0		-999.00
-999	1529768091	3600		263.78		         0		-999.00
-999	1529771691	3600		263.78		         0		-999.00
-999	1529775291	3600		263.78		         0		-999.00
-999	1529778891	3600		263.53		         0		-999.00
-999	1529782491	3600		263.78		         0		-999.00
-999	1529786091	3600		263.78		         0		-999.00
-999	1529789691	3600		263.78		         0		-999.00
-999	1529793291	3600		263.78		         0		-999.00
-999	1529796891	3600		263.78		         0		-999.00
-999	1529800491	3600		260.78		         0		-999.00
-999	1529804091	3600		260.78		         0		-999.00
-999	1529807691	3600		260.78		         0		-999.00
-999	1529811291	3600		260.78		         0		-999.00
-999	1529814891	3600		260.78		         0		-999.00
-999	1529818491	3600		260.53		         0		-999.00
-999	1529822091	3600		260.53		         0		-999.00
-999	1529825691	3600		260.78		         0		-999.00
-999	1529829291	3600		260.77		         0		-999.00
-999	1529832891	3600		260.77		         0		-999.00
-999	1529836491	3600		260.77		         0		-999.00
-999	1529840091	3600		263.77		         0		-999.00
-999	1529843691	3600		263.77		         0		-999.00
-999	1529847291	3600		263.77		         0		-999.00
-999	1529850891	3600		263.77		         0		-999.00
-999	1529854491	3600		263.77		         0		-999.00
-999	1529858091	3600		263.77		         0		-999.00
-999	1529861691	3600		260.77		         0		-999.00
-999	1529865291	3600		260.77		         0		-999.00
-999	1529868891	3600		260.76		         0		-999.00
-999	1529872491	3600		260.76		         0		-999.00
-999	1529876091	3600		260.76		         0		-999.00
-999	1529879691	3600		260.76		         0		-999.00
-999	1529883291	3600		260.76		         0		-999.00
-999	1529886891	3600		260.76		         0		-999.00
-999	1529890491	3600		260.76		         0		-999.00
-999	1529894091	3600		260.76		         0		-999.00
-999	1529897691	3600		260.76		         0		-999.00
-999	1529901291	3600		260.76		         0		-999.00
-999	1529904891	3600		260.76		         0		-999.00
-999	1529908491	3600		260.76		         0		-999.00
-999	1529912091	3600		260.76		         0		-999.00
-999	1529915691	3600		260.73		         0		-999.00
-999	1529919291	3600		260.73		         0		-999.00
-999	1529922891	3600		260.73		         0		-999.00
-999	1529926491	3600		260.76		         0		-999.00
-999	1529930091	3600		260.76		         0		-999.00
-999	1529933691	3600		260.76		         0		-999.00
-999	1529937291	3600		260.76		         0		-999.00
-999	1529940891	3600		260.76		         0		-999.00
-999	1529944491	3600		260.76		         0		-999.00
-999	1529947542	3051		260.76		         0		-999.00
6843	1529948742	1200		263.77		    239250		757.50
6843	1529952342	3600		263.77		    255791		767.50
6843	1529952918	576		263.77		    271594		417.00
-999	1529954118	1200		260.76		         0		-999.00
-999	1529957718	3600		260.76		         0		-999.00
-999	1529961318	3600		260.75		         0		-999.00
-999	1529964918	3600		260.75		         0		-999.00
-999	1529968518	3600		260.75		         0		-999.00
-999	1529972118	3600		263.75		         0		-999.00
-999	1529975718	3600		263.75		         0		-999.00
-999	1529979318	3600		263.75		         0		-999.00
-999	1529982918	3600		263.75		         0		-999.00
-999	1529986518	3600		263.75		         0		-999.00
-999	1529988949	2431		263.75		         0		-999.00
6847	1529990149	1200		264.60		  19802204		779.00
6847	1529993749	3600		264.81		  18404251		774.00
6847	1529997349	3600		264.78		  17276594		788.50
6847	1530000949	3600		264.75		  16243396		782.00
6847	1530004549	3600		264.62		  12074817		773.00
6847	1530006799	2250		263.97		   7283144		754.00
-999	1530007999	1200		260.75		         0		-999.00
-999	1530011599	3600		259.94		         0		-999.00
-999	1530015199	3600		260.75		         0		-999.00
-999	1530018799	3600		260.75		         0		-999.00
-999	1530022399	3600		260.75		         0		-999.00
-999	1530025999	3600		260.75		         0		-999.00
-999	1530029599	3600		260.75		         0		-999.00
-999	1530033199	3600		260.75		         0		-999.00
-999	1530033217	18		260.75		         0		-999.00
6850	1530034417	1200		264.57		  27017104		743.00
6850	1530038017	3600		265.87		  43102181		822.50
6850	1530041617	3600		266.52		  64769493		820.00
6850	1530045217	3600		266.45		  62665615		814.00
6850	1530047066	1849		266.40		  60793655		823.50
-999	1530048266	1200		263.78		         0		-999.00
-999	1530051866	3600		260.78		         0		-999.00
-999	1530055466	3600		264.05		         0		-999.00
-999	1530059066	3600		260.69		         0		-999.00
-999	1530062666	3600		263.95		         0		-999.00
-999	1530066266	3600		263.95		         0		-999.00
-999	1530069866	3600		263.95		         0		-999.00
-999	1530073466	3600		263.95		         0		-999.00
-999	1530077066	3600		263.95		         0		-999.00
-999	1530080666	3600		263.95		         0		-999.00
-999	1530084266	3600		263.95		         0		-999.00
-999	1530087866	3600		263.95		         0		-999.00
-999	1530091466	3600		263.95		         0		-999.00
-999	1530095066	3600		263.95		         0		-999.00
-999	1530098666	3600		263.95		         0		-999.00
-999	1530102266	3600		260.70		         0		-999.00
-999	1530105866	3600		260.66		         0		-999.00
-999	1530109466	3600		260.66		         0		-999.00
-999	1530113066	3600		260.66		         0		-999.00
-999	1530116666	3600		260.65		         0		-999.00
-999	1530120266	3600		260.82		         0		-999.00
-999	1530123866	3600		260.52		         0		-999.00
-999	1530125808	1942		260.70		         0		-999.00
6854	1530127008	1200		268.82		 133986343		877.50
6854	1530130608	3600		268.60		 126571720		868.00
6854	1530134208	3600		266.73		  71506720		870.50
6854	1530137677	3469		267.95		 109325902		857.50
-999	1530138877	1200		263.83		         0		-999.00
-999	1530142477	3600		260.13		         0		-999.00
-999	1530146077	3600		260.73		         0		-999.00
-999	1530149677	3600		260.73		         0		-999.00
-999	1530153277	3600		260.73		         0		-999.00
-999	1530156877	3600		260.73		         0		-999.00
-999	1530160158	3281		260.73		         0		-999.00
6858	1530161358	1200		268.53		 127034073		900.00
6858	1530161874	516		268.94		 140690376		896.50
-999	1530163074	1200		263.87		         0		-999.00
-999	1530166674	3600		263.87		         0		-999.00
-999	1530170274	3600		263.87		         0		-999.00
-999	1530173874	3600		263.87		         0		-999.00
-999	1530177474	3600		260.30		         0		-999.00
-999	1530181074	3600		260.82		         0		-999.00
-999	1530184674	3600		260.82		         0		-999.00
-999	1530188274	3600		260.79		         0		-999.00
-999	1530191874	3600		260.79		         0		-999.00
-999	1530193780	1906		260.54		         0		-999.00
6860	1530194980	1200		272.02		 228586062		949.00
6860	1530198580	3600		272.85		 239208615		949.00
6860	1530202180	3600		272.19		 225805683		963.50
6860	1530205780	3600		271.94		 217557902		956.00
6860	1530209380	3600		271.68		 208810762		954.50
6860	1530212980	3600		271.40		 199382623		948.00
6860	1530216580	3600		271.06		 188111837		942.00
6860	1530220180	3600		270.84		 180870811		939.50
6860	1530223780	3600		270.52		 170068814		931.00
6860	1530226251	2471		269.68		 154758114		931.00
-999	1530227451	1200		260.69		         0		-999.00
-999	1530231051	3600		259.78		         0		-999.00
-999	1530234651	3600		260.55		         0		-999.00
-999	1530238251	3600		260.84		         0		-999.00
-999	1530241851	3600		260.84		         0		-999.00
-999	1530245451	3600		260.84		         0		-999.00
-999	1530249051	3600		260.66		         0		-999.00
-999	1530252651	3600		260.66		         0		-999.00
-999	1530256251	3600		260.66		         0		-999.00
-999	1530259851	3600		260.66		         0		-999.00
-999	1530263451	3600		260.67		         0		-999.00
-999	1530267051	3600		260.67		         0		-999.00
-999	1530270651	3600		260.73		         0		-999.00
-999	1530274251	3600		260.73		         0		-999.00
-999	1530277851	3600		260.73		         0		-999.00
-999	1530281451	3600		260.71		         0		-999.00
-999	1530284852	3401		260.77		         0		-999.00
6864	1530286052	1200		263.77		     74129		754.00
6864	1530289652	3600		263.77		     75210		780.00
6864	1530293252	3600		263.77		     74640		770.50
6864	1530296852	3600		263.77		     73604		780.50
6864	1530300452	3600		263.77		     73807		778.00
6864	1530304052	3600		263.77		     73160		781.00
6864	1530307652	3600		263.77		     73500		781.50
6864	1530311252	3600		263.77		     73278		777.50
6864	1530314852	3600		263.77		     73572		779.50
6864	1530318452	3600		263.77		     73251		779.50
6864	1530320411	1959		263.77		     73201		780.50
-999	1530321611	1200		263.77		         0		-999.00
-999	1530325211	3600		263.77		         0		-999.00
-999	1530328811	3600		263.77		         0		-999.00
-999	1530332411	3600		263.77		         0		-999.00
-999	1530336011	3600		263.69		         0		-999.00
-999	1530339611	3600		263.69		         0		-999.00
-999	1530343211	3600		263.69		         0		-999.00
-999	1530345165	1954		263.69		         0		-999.00
6868	1530346365	1200		263.69		     96829		773.50
6868	1530349965	3600		263.94		    118475		772.00
6868	1530353565	3600		263.94		     71486		775.00
6868	1530357165	3600		263.94		     39146		757.50
6868	1530360765	3600		263.94		     60380		768.50
6868	1530364365	3600		256.08		     98748		  0.00
6868	1530367965	3600		255.83		    126657		  0.00
6868	1530371565	3600		263.79		    125363		765.50
6868	1530375165	3600		263.89		    127169		744.00
6868	1530378765	3600		255.59		    127490		  0.00
6868	1530382365	3600		255.59		    124816		  0.00
6868	1530385965	3600		255.59		    125060		  0.00
6868	1530389565	3600		264.00		    127119		774.00
6868	1530393165	3600		264.00		     59547		769.00
6868	1530396765	3600		264.00		     64928		773.50
6868	1530400365	3600		264.00		     30375		775.50
6868	1530403965	3600		264.00		     56004		779.50
6868	1530407565	3600		264.00		     67965		753.00
6868	1530411165	3600		264.00		     89864		776.00
6868	1530414765	3600		264.00		    106279		774.00
6868	1530418365	3600		264.00		     83121		764.00
6868	1530421965	3600		264.00		     58742		772.00
6868	1530423984	2019		264.00		    114604		756.00
-999	1530425184	1200		260.73		         0		-999.00
-999	1530428784	3600		260.73		         0		-999.00
-999	1530432384	3600		260.76		         0		-999.00
-999	1530435984	3600		260.76		         0		-999.00
-999	1530439584	3600		260.76		         0		-999.00
-999	1530443184	3600		260.76		         0		-999.00
-999	1530446784	3600		260.76		         0		-999.00
-999	1530450384	3600		260.76		         0		-999.00
-999	1530453984	3600		260.76		         0		-999.00
-999	1530457584	3600		260.76		         0		-999.00
-999	1530461184	3600		260.76		         0		-999.00
-999	1530464784	3600		260.76		         0		-999.00
-999	1530468384	3600		260.76		         0		-999.00
-999	1530471984	3600		260.78		         0		-999.00
-999	1530475584	3600		260.78		         0		-999.00
-999	1530479184	3600		260.78		         0		-999.00
-999	1530480394	1210		260.78		         0		-999.00
-999	1530482621	1200		264.06		         0		-999.00
-999	1530486221	3600		260.79		         0		-999.00
-999	1530489821	3600		260.79		         0		-999.00
-999	1530493421	3600		260.79		         0		-999.00
-999	1530497021	3600		260.78		         0		-999.00
-999	1530500621	3600		260.78		         0		-999.00
-999	1530504221	3600		259.97		         0		-999.00
-999	1530507821	3600		260.77		         0		-999.00
-999	1530511421	3600		260.77		         0		-999.00
-999	1530511830	409		260.77		         0		-999.00
6877	1530513030	1200		263.77		     59004		742.50
6877	1530516630	3600		264.06		     49211		773.00
6877	1530520230	3600		263.80		     50424		778.00
6877	1530520583	353		263.80		     42728		777.50
-999	1530521783	1200		260.79		         0		-999.00
-999	1530525383	3600		260.79		         0		-999.00
-999	1530528983	3600		260.79		         0		-999.00
-999	1530532583	3600		260.79		         0		-999.00
-999	1530535650	3067		260.79		         0		-999.00
6879	1530536850	1200		263.80		    107039		764.50
6879	1530540450	3600		263.80		    148638		764.00
6879	1530544050	3600		263.80		    135958		775.00
6879	1530545455	1405		260.79		    131767		 12.50
-999	1530546655	1200		260.79		         0		-999.00
-999	1530550255	3600		260.79		         0		-999.00
-999	1530553855	3600		263.82		         0		-999.00
-999	1530557455	3600		263.82		         0		-999.00
-999	1530561055	3600		263.82		         0		-999.00
-999	1530564655	3600		260.70		         0		-999.00
-999	1530568255	3600		260.75		         0		-999.00
-999	1530571855	3600		260.75		         0		-999.00
-999	1530575455	3600		260.75		         0		-999.00
-999	1530579055	3600		260.75		         0		-999.00
-999	1530582655	3600		260.75		         0		-999.00
-999	1530586255	3600		260.74		         0		-999.00
-999	1530587294	1039		260.74		         0		-999.00
6881	1530588494	1200		264.01		    256343		769.50
6881	1530592094	3600		264.02		    337759		777.00
6881	1530595694	3600		264.01		    307799		773.50
6881	1530599294	3600		264.01		    290081		771.50
6881	1530602894	3600		264.01		    264616		774.50
6881	1530606494	3600		264.01		    253098		774.50
6881	1530610094	3600		264.01		    238915		775.50
6881	1530610131	37		264.01		    271242		771.50
-999	1530611331	1200		264.00		         0		-999.00
-999	1530614931	3600		260.60		         0		-999.00
-999	1530618531	3600		260.60		         0		-999.00
-999	1530622131	3600		260.85		         0		-999.00
-999	1530625731	3600		260.85		         0		-999.00
-999	1530626054	323		260.85		         0		-999.00
6882	1530627254	1200		263.86		    242875		767.00
6882	1530630854	3600		263.86		    323381		774.00
6882	1530634454	3600		263.86		    296526		774.50
6882	1530638054	3600		263.86		    276043		774.00
6882	1530641654	3600		263.86		    264385		772.00
6882	1530645254	3600		263.86		    249012		774.50
6882	1530648854	3600		263.86		    239372		775.00
6882	1530652454	3600		263.86		    227841		773.50
6882	1530656054	3600		263.86		    221473		774.00
6882	1530659654	3600		263.86		    214409		774.00
6882	1530663254	3600		263.86		    206679		774.00
6882	1530666854	3600		263.86		    202289		774.00
6882	1530670454	3600		263.86		    196492		772.50
6882	1530674054	3600		263.86		    193496		773.50
6882	1530677654	3600		263.86		    188138		773.00
6882	1530680056	2402		263.86		    160077		776.50
-999	1530681256	1200		260.62		         0		-999.00
-999	1530684856	3600		260.62		         0		-999.00
-999	1530688456	3600		260.90		         0		-999.00
-999	1530692056	3600		260.65		         0		-999.00
-999	1530692443	387		260.65		         0		-999.00
6884	1530693643	1200		263.91		    157911		775.00
6884	1530697243	3600		263.91		    213802		774.00
6884	1530700498	3255		263.91		    203566		774.00
-999	1530701698	1200		260.65		         0		-999.00
-999	1530705298	3600		260.91		         0		-999.00
-999	1530708898	3600		260.65		         0		-999.00
-999	1530712498	3600		260.65		         0		-999.00
-999	1530716098	3600		260.65		         0		-999.00
-999	1530719698	3600		260.65		         0		-999.00
-999	1530723298	3600		260.65		         0		-999.00
-999	1530726898	3600		260.71		         0		-999.00
-999	1530728000	1102		260.71		         0		-999.00
6885	1530729200	1200		263.98		    391120		771.00
6885	1530732800	3600		263.98		    388477		766.50
6885	1530735623	2823		263.98		    399290		773.50
-999	1530736823	1200		263.97		         0		-999.00
-999	1530740423	3600		263.97		         0		-999.00
-999	1530744023	3600		263.97		         0		-999.00
-999	1530747623	3600		263.97		         0		-999.00
-999	1530751223	3600		263.97		         0		-999.00
-999	1530754823	3600		263.71		         0		-999.00
-999	1530758423	3600		263.64		         0		-999.00
-999	1530762023	3600		263.89		         0		-999.00
-999	1530765623	3600		263.89		         0		-999.00
-999	1530769223	3600		263.89		         0		-999.00
-999	1530772823	3600		263.89		         0		-999.00
-999	1530776423	3600		260.64		         0		-999.00
-999	1530780023	3600		260.87		         0		-999.00
-999	1530783623	3600		260.87		         0		-999.00
-999	1530785343	1720		260.87		         0		-999.00
6890	1530786543	1200		263.88		    438449		773.50
6890	1530790143	3600		263.89		    543795		773.50
6890	1530793743	3600		263.89		    526458		772.50
6890	1530797343	3600		263.89		    510202		772.00
6890	1530800943	3600		263.89		    502956		766.50
6890	1530804543	3600		263.88		    491054		771.00
6890	1530808143	3600		263.88		    484257		771.00
6890	1530811743	3600		263.88		    498327		774.00
6890	1530815343	3600		263.88		    476875		772.00
6890	1530818943	3600		263.88		    473223		775.00
6890	1530822543	3600		263.88		    469915		767.50
6890	1530826143	3600		263.88		    463833		774.00
6890	1530829743	3600		263.88		    464263		774.00
6890	1530833343	3600		263.88		    462022		740.50
6890	1530836943	3600		263.88		    460180		772.00
6890	1530840543	3600		263.88		    455569		772.00
6890	1530844143	3600		263.88		    457071		766.50
6890	1530847743	3600		263.88		    452790		772.00
6890	1530851343	3600		263.88		    454397		779.50
6890	1530854943	3600		263.88		    452835		773.00
6890	1530858543	3600		263.88		    448541		773.50
6890	1530862143	3600		263.88		    450061		777.50
6890	1530865743	3600		263.88		    445739		762.50
6890	1530867678	1935		263.88		    457744		774.00
-999	1530868878	1200		260.61		         0		-999.00
-999	1530872478	3600		260.38		         0		-999.00
-999	1530876078	3600		260.69		         0		-999.00
-999	1530879678	3600		260.69		         0		-999.00
-999	1530879802	124		260.69		         0		-999.00
6891	1530881002	1200		263.97		    654360		774.50
6891	1530884602	3600		263.98		    914315		772.50
6891	1530888202	3600		263.97		    504690		773.00
6891	1530891802	3600		263.97		    472323		772.50
6891	1530895402	3600		263.97		    456583		772.50
6891	1530899002	3600		263.97		    446730		772.50
6891	1530902602	3600		263.97		    436883		770.00
6891	1530906202	3600		263.97		    425216		771.00
6891	1530906619	417		263.97		    419000		771.50
-999	1530907819	1200		263.95		         0		-999.00
-999	1530911419	3600		260.96		         0		-999.00
-999	1530915019	3600		260.71		         0		-999.00
-999	1530916923	1904		260.71		         0		-999.00
6892	1530918123	1200		263.98		    551801		772.50
6892	1530921723	3600		263.98		    530784		771.00
6892	1530925323	3600		263.98		    560771		769.50
6892	1530928923	3600		263.98		    584621		770.50
6892	1530932523	3600		263.98		    560875		771.00
6892	1530936123	3600		263.98		    546542		771.00
6892	1530939723	3600		263.98		    532214		771.50
6892	1530943323	3600		263.98		    511935		769.50
6892	1530946923	3600		263.98		    496281		773.00
6892	1530950523	3600		263.98		    484773		771.50
6892	1530954123	3600		263.98		    479645		771.00
6892	1530957723	3600		260.96		    463878		 12.00
6892	1530957741	18		260.96		    492385		 12.00
-999	1530958941	1200		260.71		         0		-999.00
-999	1530962541	3600		260.71		         0		-999.00
-999	1530966141	3600		260.71		         0		-999.00
-999	1530969741	3600		260.71		         0		-999.00
-999	1530973341	3600		260.71		         0		-999.00
-999	1530976941	3600		260.71		         0		-999.00
-999	1530980541	3600		264.00		         0		-999.00
-999	1530984141	3600		264.00		         0		-999.00
-999	1530987741	3600		264.00		         0		-999.00
-999	1530991341	3600		264.00		         0		-999.00
-999	1530994941	3600		260.75		         0		-999.00
-999	1530998541	3600		260.75		         0		-999.00
-999	1531002141	3600		260.75		         0		-999.00
-999	1531005741	3600		260.75		         0		-999.00
-999	1531008288	2547		260.75		         0		-999.00
6901	1531009488	1200		267.69		 106993405		836.00
6901	1531013088	3600		268.03		 107587739		853.50
6901	1531016688	3600		267.81		 100300135		851.50
6901	1531020288	3600		267.60		  93434038		848.50
6901	1531023888	3600		267.38		  85951707		845.50
6901	1531027488	3600		267.19		  79709961		843.50
6901	1531031088	3600		267.03		  74304604		840.50
6901	1531034688	3600		266.61		  69227670		837.50
6901	1531038288	3600		266.52		  66148719		836.00
6901	1531041888	3600		266.38		  61650043		834.00
6901	1531045488	3600		266.29		  58457197		832.00
6901	1531049088	3600		266.18		  54919030		831.50
6901	1531052688	3600		266.15		  53999745		830.50
6901	1531056288	3600		266.13		  53070635		831.50
6901	1531059613	3325		265.77		  49795714		823.50
-999	1531060813	1200		260.76		         0		-999.00
-999	1531064413	3600		260.76		         0		-999.00
-999	1531068013	3600		260.70		         0		-999.00
-999	1531071613	3600		260.70		         0		-999.00
-999	1531072329	716		260.70		         0		-999.00
6904	1531073529	1200		274.06		 279636362		989.50
6904	1531077129	3600		272.66		 247238312		969.50
6904	1531080729	3600		273.29		 251320796		979.00
6904	1531084329	3600		272.67		 230384585		964.50
6904	1531087929	3600		271.83		 210903032		953.00
6904	1531091529	3600		271.35		 195138910		949.00
6904	1531092073	544		271.36		 195336461		949.00
-999	1531093273	1200		263.94		         0		-999.00
-999	1531096873	3600		263.94		         0		-999.00
-999	1531100473	3600		263.94		         0		-999.00
-999	1531104073	3600		263.94		         0		-999.00
-999	1531107673	3600		263.94		         0		-999.00
-999	1531111273	3600		259.55		         0		-999.00
-999	1531114873	3600		260.69		         0		-999.00
-999	1531118473	3600		260.70		         0		-999.00
-999	1531122073	3600		260.70		         0		-999.00
-999	1531125673	3600		260.82		         0		-999.00
-999	1531129273	3600		260.56		         0		-999.00
-999	1531132873	3600		260.51		         0		-999.00
-999	1531136473	3600		260.72		         0		-999.00
-999	1531140073	3600		263.99		         0		-999.00
-999	1531143673	3600		263.99		         0		-999.00
-999	1531147273	3600		263.99		         0		-999.00
-999	1531150873	3600		263.99		         0		-999.00
-999	1531154473	3600		260.73		         0		-999.00
-999	1531158073	3600		260.73		         0		-999.00
-999	1531161673	3600		260.70		         0		-999.00
-999	1531162717	1044		260.70		         0		-999.00
6909	1531163917	1200		273.50		 255208122		1011.00
6909	1531167517	3600		273.67		 261143159		981.00
6909	1531171117	3600		273.39		 252347568		1007.00
6909	1531174717	3600		273.52		 256786782		1002.00
6909	1531178317	3600		273.10		 242678020		991.50
6909	1531181917	3600		272.57		 233806774		987.00
6909	1531185517	3600		272.15		 219594544		983.50
6909	1531189117	3600		271.85		 209804226		976.50
6909	1531192717	3600		271.59		 201155857		973.00
6909	1531196317	3600		270.85		 193245110		954.50
6909	1531199917	3600		270.52		 182304299		962.50
6909	1531203517	3600		270.30		 175076511		958.00
6909	1531207117	3600		267.51		 117871406		826.00
6909	1531210717	3600		264.15		   5921302		819.50
6909	1531214317	3600		264.15		   5883667		816.50
6909	1531217917	3600		264.15		   5902453		816.50
6909	1531221517	3600		264.15		   5838338		817.00
6909	1531225117	3600		264.15		   5861899		816.50
6909	1531228717	3600		264.15		   5881228		813.00
6909	1531232317	3600		264.15		   5837700		815.00
6909	1531235917	3600		264.15		   5926262		814.00
6909	1531239517	3600		264.15		   5879322		814.00
6909	1531243117	3600		264.15		   5912165		812.50
6909	1531246717	3600		264.15		   5840638		813.00
6909	1531250317	3600		264.15		   5878069		816.50
6909	1531253917	3600		264.15		   5846611		815.00
6909	1531257517	3600		264.15		   5920270		811.00
6909	1531261117	3600		264.15		   5880585		782.50
6909	1531264717	3600		264.15		   5890501		813.00
6909	1531268317	3600		264.15		   5849304		813.00
6909	1531270951	2634		264.15		   5842971		813.00
-999	1531272151	1200		263.97		         0		-999.00
-999	1531275751	3600		260.70		         0		-999.00
-999	1531279351	3600		260.95		         0		-999.00
-999	1531282951	3600		260.95		         0		-999.00
-999	1531286551	3600		260.95		         0		-999.00
-999	1531290151	3600		260.95		         0		-999.00
-999	1531292973	2822		260.70		         0		-999.00
6911	1531294173	1200		272.45		 227246154		1012.00
6911	1531297773	3600		264.77		  24478370		798.50
6911	1531301373	3600		264.20		   5572355		803.00
6911	1531304973	3600		264.20		   5545691		802.50
6911	1531308573	3600		264.20		   5517709		799.50
6911	1531312173	3600		264.20		   5528154		801.50
6911	1531315773	3600		264.20		   5577135		801.50
6911	1531319373	3600		264.20		   5550909		801.50
6911	1531322973	3600		270.17		 166348016		927.50
6911	1531326573	3600		271.70		 209134958		974.00
6911	1531330173	3600		271.38		 198316021		968.50
6911	1531330446	273		271.60		 205785357		972.00
-999	1531331646	1200		264.00		         0		-999.00
-999	1531335246	3600		260.73		         0		-999.00
-999	1531338846	3600		260.94		         0		-999.00
-999	1531340789	1943		260.69		         0		-999.00
6912	1531341989	1200		272.84		 242063313		996.50
6912	1531345589	3600		274.10		 266706202		1023.00
6912	1531349189	3600		273.33		 249630557		1020.00
6912	1531352789	3600		273.21		 245723852		1017.00
6912	1531356389	3600		272.80		 232097994		1010.00
6912	1531359989	3600		272.53		 223048395		1008.00
6912	1531363589	3600		271.97		 212773815		1001.00
6912	1531367189	3600		271.67		 202778542		993.50
6912	1531370789	3600		271.44		 195253584		984.00
6912	1531374389	3600		256.00		 185348113		  8.50
6912	1531377989	3600		270.53		 178201998		979.50
6912	1531381589	3600		270.35		 172261063		975.00
6912	1531385189	3600		270.14		 165002261		965.00
6912	1531388789	3600		269.90		 157023622		957.00
6912	1531389121	332		271.93		 224737040		957.00
-999	1531390321	1200		264.00		         0		-999.00
-999	1531393921	3600		260.88		         0		-999.00
-999	1531397521	3600		260.82		         0		-999.00
-999	1531401121	3600		260.82		         0		-999.00
-999	1531404721	3600		260.82		         0		-999.00
-999	1531406363	1642		260.82		         0		-999.00
6913	1531407563	1200		264.07		         0		795.00
6913	1531411163	3600		264.07		         0		802.00
6913	1531414763	3600		261.07		    367469		 12.00
6913	1531414793	30		261.07		    932454		 12.00
-999	1531415993	1200		260.82		         0		-999.00
-999	1531419593	3600		261.00		         0		-999.00
-999	1531423193	3600		260.99		         0		-999.00
-999	1531426793	3600		260.99		         0		-999.00
-999	1531430393	3600		260.73		         0		-999.00
-999	1531433993	3600		260.73		         0		-999.00
-999	1531437593	3600		260.77		         0		-999.00
-999	1531441193	3600		260.77		         0		-999.00
-999	1531444793	3600		260.77		         0		-999.00
-999	1531448393	3600		260.77		         0		-999.00
-999	1531449741	1348		260.79		         0		-999.00
6919	1531450941	1200		273.12		 242891606		1043.00
6919	1531454541	3600		273.80		 265609215		1037.00
6919	1531458141	3600		273.43		 253256317		1028.00
6919	1531461741	3600		272.99		 238576158		1014.00
6919	1531465341	3600		272.33		 225187722		1016.00
6919	1531468941	3600		272.16		 219586189		1015.00
6919	1531472541	3600		271.82		 208093278		1009.00
6919	1531476141	3600		271.56		 199384936		1003.00
6919	1531479741	3600		271.25		 189094611		991.00
6919	1531483341	3600		271.01		 181181009		994.00
6919	1531486941	3600		270.81		 174406157		989.00
6919	1531490541	3600		270.54		 165564309		982.50
6919	1531494141	3600		270.35		 159241668		973.00
6919	1531497741	3600		270.13		 151687516		976.00
6919	1531501341	3600		269.70		 145957886		970.00
6919	1531504941	3600		269.47		 138436893		964.50
6919	1531508541	3600		269.31		 132897307		958.50
6919	1531512141	3600		268.88		 127281496		954.50
6919	1531515741	3600		268.68		 120665284		949.50
6919	1531519341	3600		268.56		 116361720		947.00
6919	1531522823	3482		267.65		 105417503		924.50
-999	1531524023	1200		260.67		         0		-999.00
-999	1531527623	3600		260.72		         0		-999.00
-999	1531531223	3600		263.99		         0		-999.00
-999	1531534823	3600		263.99		         0		-999.00
-999	1531538423	3600		263.99		         0		-999.00
-999	1531542023	3600		263.99		         0		-999.00
-999	1531545623	3600		263.99		         0		-999.00
-999	1531549223	3600		263.99		         0		-999.00
-999	1531552823	3600		263.99		         0		-999.00
-999	1531556423	3600		263.99		         0		-999.00
-999	1531560023	3600		263.99		         0		-999.00
-999	1531563623	3600		260.99		         0		-999.00
-999	1531567223	3600		260.73		         0		-999.00
-999	1531569876	2653		260.73		         0		-999.00
6921	1531571076	1200		273.11		 243121692		1053.00
6921	1531574400	3324		273.63		 260367886		1044.00
-999	1531575600	1200		264.12		         0		-999.00
-999	1531579200	3600		260.01		         0		-999.00
-999	1531582800	3600		260.79		         0		-999.00
-999	1531586400	3600		260.80		         0		-999.00
-999	1531587067	667		260.80		         0		-999.00
6923	1531588267	1200		273.12		 237282964		1041.00
6923	1531591867	3600		273.48		 259922891		1042.00
6923	1531595467	3600		272.81		 237359863		1034.00
6923	1531599067	3600		272.24		 218400066		1023.00
6923	1531602667	3600		271.73		 201367415		1013.00
6923	1531606267	3600		271.24		 185062756		995.50
6923	1531609867	3600		270.58		 171557564		988.00
6923	1531613467	3600		270.17		 157956488		981.00
6923	1531617067	3600		269.84		 147142860		971.50
6923	1531620667	3600		269.70		 142351423		971.50
6923	1531621613	946		269.36		 139456256		970.50
-999	1531622813	1200		263.90		         0		-999.00
-999	1531626413	3600		260.34		         0		-999.00
-999	1531630013	3600		260.85		         0		-999.00
-999	1531632178	2165		260.85		         0		-999.00
6924	1531633378	1200		272.63		 224555505		1064.00
6924	1531636978	3600		273.04		 246950823		1051.00
6924	1531640578	3600		272.39		 225250198		1029.00
6924	1531644178	3600		271.85		 207036972		1026.00
6924	1531647778	3600		271.28		 188166565		1015.00
6924	1531650256	2478		270.41		 176091498		1009.00
-999	1531651456	1200		264.00		         0		-999.00
-999	1531655056	3600		262.92		         0		-999.00
-999	1531658656	3600		263.70		         0		-999.00
-999	1531660744	2088		263.95		         0		-999.00
6925	1531661944	1200		273.38		 246401194		1074.00
6925	1531665544	3600		273.59		 261854846		1062.00
6925	1531666868	1324		273.08		 245028012		1067.00
-999	1531668068	1200		263.91		         0		-999.00
-999	1531671668	3600		263.91		         0		-999.00
-999	1531675268	3600		263.91		         0		-999.00
-999	1531678868	3600		263.91		         0		-999.00
-999	1531682468	3600		260.82		         0		-999.00
-999	1531686068	3600		260.82		         0		-999.00
-999	1531686405	337		260.82		         0		-999.00
-999	1531688756	1200		264.04		         0		-999.00
-999	1531692356	3600		260.78		         0		-999.00
-999	1531695956	3600		260.78		         0		-999.00
-999	1531699556	3600		260.78		         0		-999.00
-999	1531700179	623		260.78		         0		-999.00
6929	1531701379	1200		267.59		  99189259		915.00
6929	1531704979	3600		267.76		 105072320		925.00
6929	1531708579	3600		267.40		  93083037		925.50
6929	1531712179	3600		267.34		  90942071		921.50
6929	1531715779	3600		267.09		  82721724		915.50
6929	1531718198	2419		266.79		  72585364		901.50
-999	1531719398	1200		260.82		         0		-999.00
-999	1531722998	3600		260.82		         0		-999.00
-999	1531726598	3600		263.82		         0		-999.00
-999	1531730198	3600		263.82		         0		-999.00
-999	1531733798	3600		260.64		         0		-999.00
-999	1531737398	3600		260.64		         0		-999.00
-999	1531740998	3600		260.76		         0		-999.00
-999	1531744598	3600		260.76		         0		-999.00
-999	1531748198	3600		260.76		         0		-999.00
-999	1531748282	84		260.76		         0		-999.00
6931	1531749482	1200		273.03		 241329107		1072.00
6931	1531753082	3600		273.72		 264150026		1065.00
6931	1531756682	3600		273.05		 241763483		1044.00
6931	1531760282	3600		272.18		 221261892		1040.00
6931	1531763882	3600		271.62		 202661695		1020.00
6931	1531767482	3600		271.11		 185802609		1016.00
6931	1531771082	3600		270.73		 173137142		1003.00
6931	1531774682	3600		270.30		 158530755		989.00
6931	1531778282	3600		269.96		 147300948		984.00
6931	1531781882	3600		269.54		 141749618		979.50
6931	1531785482	3600		269.34		 135253596		976.00
6931	1531789082	3600		268.75		 123886374		966.50
6931	1531792682	3600		267.70		 107562386		881.00
6931	1531793312	630		267.99		 107850067		946.50
-999	1531794512	1200		260.67		         0		-999.00
-999	1531798112	3600		260.67		         0		-999.00
-999	1531801712	3600		260.93		         0		-999.00
-999	1531805312	3600		260.76		         0		-999.00
-999	1531808912	3600		260.70		         0		-999.00
-999	1531812512	3600		260.78		         0		-999.00
-999	1531816112	3600		260.81		         0		-999.00
-999	1531819712	3600		260.81		         0		-999.00
-999	1531823312	3600		260.83		         0		-999.00
-999	1531826912	3600		260.86		         0		-999.00
-999	1531830512	3600		260.55		         0		-999.00
-999	1531834112	3600		260.81		         0		-999.00
-999	1531837712	3600		260.81		         0		-999.00
-999	1531841312	3600		264.04		         0		-999.00
-999	1531844912	3600		264.04		         0		-999.00
-999	1531848512	3600		260.76		         0		-999.00
-999	1531852112	3600		263.67		         0		-999.00
-999	1531855712	3600		260.72		         0		-999.00
-999	1531859215	3503		260.81		         0		-999.00
6939	1531860415	1200		267.60		  97375902		922.00
6939	1531864015	3600		267.85		 105603205		928.00
6939	1531867615	3600		267.59		  97023308		919.50
6939	1531871215	3600		267.19		  84485395		906.50
6939	1531871540	325		267.05		  79871312		906.50
-999	1531872740	1200		260.76		         0		-999.00
-999	1531876340	3600		260.75		         0		-999.00
-999	1531879280	2940		260.72		         0		-999.00
6940	1531880480	1200		273.18		 255822228		1095.00
6940	1531884080	3600		273.90		 272300439		1083.00
6940	1531887680	3600		273.21		 249113304		1063.00
6940	1531891280	3600		272.60		 228907619		1049.00
6940	1531894880	3600		271.49		 208807386		1043.00
6940	1531898480	3600		271.01		 192675731		1028.00
6940	1531902080	3600		270.56		 177857894		1017.00
6940	1531905306	3226		269.75		 156918848		986.50
-999	1531906506	1200		260.89		         0		-999.00
-999	1531910106	3600		255.89		         0		-999.00
-999	1531913706	3600		255.89		         0		-999.00
-999	1531917306	3600		260.72		         0		-999.00
-999	1531920906	3600		263.88		         0		-999.00
-999	1531924506	3600		263.88		         0		-999.00
-999	1531928106	3600		263.88		         0		-999.00
-999	1531931706	3600		263.89		         0		-999.00
-999	1531935306	3600		260.89		         0		-999.00
-999	1531938906	3600		264.00		         0		-999.00
-999	1531942506	3600		256.12		         0		-999.00
-999	1531946106	3600		263.90		         0		-999.00
-999	1531949706	3600		263.82		         0		-999.00
-999	1531953306	3600		260.73		         0		-999.00
-999	1531956906	3600		260.83		         0		-999.00
-999	1531960506	3600		260.93		         0		-999.00
-999	1531960698	192		260.93		         0		-999.00
6942	1531961898	1200		273.51		 252782587		1101.00
6942	1531965498	3600		274.06		 272432333		1080.00
6942	1531969098	3600		273.11		 249273288		1075.00
6942	1531972698	3600		272.46		 227521795		1060.00
6942	1531976298	3600		271.93		 209831302		1047.00
6942	1531979898	3600		271.40		 192006572		1035.00
6942	1531983498	3600		270.99		 178442737		1031.00
6942	1531987098	3600		270.29		 163539932		994.00
6942	1531990698	3600		269.98		 153173971		1012.00
6942	1531994298	3600		269.76		 145895428		1010.00
6942	1531997898	3600		269.61		 141142713		1002.00
6942	1531999158	1260		269.41		 134364881		1001.00
-999	1532000358	1200		263.89		         0		-999.00
-999	1532003958	3600		260.22		         0		-999.00
-999	1532007558	3600		263.98		         0		-999.00
-999	1532011158	3600		263.98		         0		-999.00
-999	1532014758	3600		263.96		         0		-999.00
-999	1532018358	3600		260.85		         0		-999.00
-999	1532021958	3600		260.85		         0		-999.00
-999	1532023119	1161		260.81		         0		-999.00
6944	1532024319	1200		273.30		 249212202		1097.00
6944	1532027919	3600		273.76		 264763815		1098.00
6944	1532030477	2558		273.33		 250314191		1082.00
-999	1532031677	1200		264.02		         0		-999.00
-999	1532035277	3600		264.02		         0		-999.00
-999	1532038877	3600		264.02		         0		-999.00
-999	1532042477	3600		260.92		         0		-999.00
-999	1532046077	3600		260.83		         0		-999.00
-999	1532047477	1400		260.77		         0		-999.00
6946	1532048677	1200		273.73		 262237060		1121.00
6946	1532051447	2770		274.21		 278231948		1095.00
-999	1532052647	1200		263.91		         0		-999.00
-999	1532056247	3600		260.91		         0		-999.00
-999	1532059847	3600		260.75		         0		-999.00
-999	1532063447	3600		260.76		         0		-999.00
-999	1532067047	3600		260.76		         0		-999.00
-999	1532070647	3600		260.76		         0		-999.00
-999	1532074247	3600		260.76		         0		-999.00
-999	1532077847	3600		260.76		         0		-999.00
-999	1532081447	3600		260.60		         0		-999.00
-999	1532085047	3600		260.81		         0		-999.00
-999	1532088647	3600		260.97		         0		-999.00
-999	1532092247	3600		260.97		         0		-999.00
-999	1532094468	2221		260.90		         0		-999.00
6953	1532095668	1200		273.63		 254130708		1125.00
6953	1532099268	3600		274.07		 277288414		1103.00
6953	1532102868	3600		273.45		 252607509		1082.00
6953	1532106468	3600		272.49		 230574687		1074.00
6953	1532110068	3600		271.93		 211876963		1062.00
6953	1532113668	3600		271.43		 195046719		1051.00
6953	1532117268	3600		271.03		 181930715		1035.00
6953	1532120868	3600		270.00		 165736033		1015.00
6953	1532124468	3600		269.60		 152319022		1017.00
6953	1532128068	3600		269.41		 146023878		1020.00
6953	1532131668	3600		269.13		 136715166		1006.00
6953	1532135268	3600		268.93		 129936452		1001.00
6953	1532138868	3600		268.58		 118348042		989.00
6953	1532142468	3600		267.76		 102523037		985.50
6953	1532142902	434		267.88		 106504978		982.00
-999	1532144102	1200		260.73		         0		-999.00
-999	1532147702	3600		260.80		         0		-999.00
-999	1532151302	3600		260.78		         0		-999.00
-999	1532153802	2500		260.88		         0		-999.00
6956	1532155002	1200		271.85		 211783243		1114.00
6956	1532158602	3600		273.59		 269806771		1056.00
6956	1532162202	3600		272.98		 249186668		1085.00
6956	1532165802	3600		272.28		 225834272		1079.00
6956	1532169402	3600		271.76		 208529188		1073.00
6956	1532173002	3600		270.97		 191128257		1035.00
6956	1532176602	3600		270.50		 175638047		1040.00
6956	1532180202	3600		270.04		 160212508		1037.00
6956	1532183802	3600		269.67		 147785567		1006.00
6956	1532187402	3600		269.58		 144944297		1026.00
6956	1532191002	3600		269.02		 134942584		992.00
6956	1532193430	2428		269.10		 127847212		1012.00
-999	1532194630	1200		261.01		         0		-999.00
-999	1532198230	3600		260.90		         0		-999.00
-999	1532201515	3285		260.69		         0		-999.00
6957	1532202715	1200		273.05		 237206418		1131.00
6957	1532206315	3600		273.44		 259153607		1117.00
6957	1532209915	3600		272.90		 240959411		1099.00
6957	1532213515	3600		272.19		 217232670		1083.00
6957	1532217115	3600		271.69		 200661485		1077.00
6957	1532220715	3600		270.99		 187145477		1047.00
6957	1532224315	3600		270.48		 169833799		1053.00
6957	1532225351	1036		270.32		 164569249		1053.00
-999	1532226551	1200		263.96		         0		-999.00
-999	1532230151	3600		260.70		         0		-999.00
-999	1532233751	3600		260.71		         0		-999.00
-999	1532236066	2315		260.87		         0		-999.00
6960	1532237266	1200		273.60		 255771043		1153.00
6960	1532240866	3600		273.83		 273190520		1139.00
6960	1532244466	3600		273.18		 251500575		1115.00
6960	1532248066	3600		272.55		 230435027		1103.00
6960	1532251666	3600		271.97		 211268515		1047.00
6960	1532255266	3600		271.10		 191645940		1081.00
6960	1532258866	3600		270.73		 179302393		1065.00
6960	1532262466	3600		270.26		 163636653		1059.00
6960	1532266066	3600		269.91		 151705808		1045.00
6960	1532268937	2871		269.56		 140022802		1040.00
-999	1532270137	1200		263.82		         0		-999.00
-999	1532273737	3600		260.70		         0		-999.00
-999	1532277087	3350		260.72		         0		-999.00
6961	1532278287	1200		273.38		 252017765		1139.00
6961	1532281887	3600		274.03		 272406383		1130.00
6961	1532285487	3600		273.17		 253282620		1112.00
6961	1532289087	3600		272.47		 229717511		1113.00
6961	1532292687	3600		271.95		 212495373		1105.00
6961	1532296287	3600		271.46		 196157537		1089.00
6961	1532299887	3600		270.98		 180079768		1076.00
6961	1532303487	3600		270.59		 167142435		1068.00
6961	1532307087	3600		270.18		 153615647		1060.00
6961	1532310687	3600		269.90		 144175701		1045.00
6961	1532311766	1079		268.14		 108989246		1036.00
-999	1532312966	1200		263.95		         0		-999.00
-999	1532316566	3600		263.92		         0		-999.00
-999	1532320166	3600		267.93		         0		-999.00
-999	1532323766	3600		271.04		         0		-999.00
-999	1532327366	3600		271.90		         0		-999.00
-999	1532330966	3600		272.19		         0		-999.00
-999	1532334566	3600		272.48		         0		-999.00
-999	1532338166	3600		272.48		         0		-999.00
-999	1532341766	3600		272.48		         0		-999.00
-999	1532345366	3600		272.48		         0		-999.00
-999	1532348966	3600		272.48		         0		-999.00
-999	1532352566	3600		273.90		         0		-999.00
-999	1532356166	3600		275.03		         0		-999.00
-999	1532359766	3600		276.16		         0		-999.00
-999	1532363366	3600		276.73		         0		-999.00
-999	1532366966	3600		277.02		         0		-999.00
-999	1532370566	3600		277.31		         0		-999.00
-999	1532374166	3600		277.31		         0		-999.00
-999	1532377766	3600		277.31		         0		-999.00
-999	1532378245	479		277.31		         0		-999.00
6966	1532379445	1200		277.31		         0		 14.50
6966	1532383045	3600		277.31		         0		 14.50
6966	1532384487	1442		277.31		         0		 14.50
-999	1532385687	1200		277.31		         0		-999.00
-999	1532389287	3600		277.31		         0		-999.00
-999	1532392887	3600		277.31		         0		-999.00
-999	1532396487	3600		277.31		         0		-999.00
-999	1532400087	3600		277.31		         0		-999.00
-999	1532403687	3600		277.31		         0		-999.00
-999	1532407287	3600		277.31		         0		-999.00
-999	1532410887	3600		277.57		         0		-999.00
-999	1532414487	3600		277.87		         0		-999.00
-999	1532418087	3600		279.60		         0		-999.00
-999	1532421687	3600		280.17		         0		-999.00
-999	1532425287	3600		280.46		         0		-999.00
-999	1532428887	3600		280.76		         0		-999.00
-999	1532432487	3600		281.65		         0		-999.00
-999	1532436087	3600		282.51		         0		-999.00
-999	1532439687	3600		283.11		         0		-999.00
-999	1532443287	3600		283.69		         0		-999.00
-999	1532446887	3600		283.99		         0		-999.00
-999	1532450487	3600		284.28		         0		-999.00
-999	1532454087	3600		284.88		         0		-999.00
-999	1532457687	3600		284.88		         0		-999.00
-999	1532461287	3600		284.88		         0		-999.00
-999	1532464887	3600		284.88		         0		-999.00
-999	1532468487	3600		285.17		         0		-999.00
-999	1532472087	3600		285.17		         0		-999.00
-999	1532475687	3600		285.17		         0		-999.00
-999	1532479287	3600		285.17		         0		-999.00
-999	1532482887	3600		285.17		         0		-999.00
-999	1532486487	3600		285.17		         0		-999.00
-999	1532490087	3600		285.17		         0		-999.00
-999	1532493687	3600		285.17		         0		-999.00
-999	1532497287	3600		285.17		         0		-999.00
-999	1532500887	3600		285.17		         0		-999.00
-999	1532504487	3600		285.17		         0		-999.00
-999	1532508087	3600		285.17		         0		-999.00
-999	1532511687	3600		285.17		         0		-999.00
-999	1532515287	3600		285.17		         0		-999.00
-999	1532518887	3600		285.17		         0		-999.00
-999	1532522487	3600		285.17		         0		-999.00
-999	1532526087	3600		285.17		         0		-999.00
-999	1532529687	3600		285.17		         0		-999.00
-999	1532533287	3600		285.17		         0		-999.00
-999	1532536887	3600		285.17		         0		-999.00
-999	1532540487	3600		285.17		         0		-999.00
-999	1532544087	3600		285.17		         0		-999.00
-999	1532547687	3600		285.17		         0		-999.00
-999	1532551287	3600		285.17		         0		-999.00
-999	1532554887	3600		285.17		         0		-999.00
-999	1532558487	3600		285.17		         0		-999.00
-999	1532562087	3600		285.17		         0		-999.00
-999	1532565687	3600		285.17		         0		-999.00
-999	1532569287	3600		285.17		         0		-999.00
-999	1532572887	3600		285.17		         0		-999.00
-999	1532576487	3600		285.17		         0		-999.00
-999	1532580087	3600		285.17		         0		-999.00
-999	1532583687	3600		285.17		         0		-999.00
-999	1532587287	3600		285.17		         0		-999.00
-999	1532590887	3600		285.17		         0		-999.00
-999	1532594487	3600		285.17		         0		-999.00
-999	1532598087	3600		285.17		         0		-999.00
-999	1532601687	3600		285.17		         0		-999.00
-999	1532605287	3600		285.17		         0		-999.00
-999	1532608887	3600		285.17		         0		-999.00
-999	1532612487	3600		285.17		         0		-999.00
-999	1532616087	3600		285.17		         0		-999.00
-999	1532619687	3600		285.17		         0		-999.00
-999	1532623287	3600		285.17		         0		-999.00
-999	1532626887	3600		285.17		         0		-999.00
-999	1532630487	3600		285.17		         0		-999.00
-999	1532634087	3600		285.17		         0		-999.00
-999	1532637687	3600		285.17		         0		-999.00
-999	1532641287	3600		285.17		         0		-999.00
-999	1532644887	3600		285.17		         0		-999.00
-999	1532648487	3600		285.17		         0		-999.00
-999	1532652087	3600		285.17		         0		-999.00
-999	1532655687	3600		285.17		         0		-999.00
-999	1532659287	3600		285.17		         0		-999.00
-999	1532662887	3600		285.17		         0		-999.00
-999	1532666487	3600		285.17		         0		-999.00
-999	1532670087	3600		285.17		         0		-999.00
-999	1532673687	3600		285.17		         0		-999.00
-999	1532677287	3600		285.17		         0		-999.00
-999	1532680887	3600		285.17		         0		-999.00
-999	1532684487	3600		285.17		         0		-999.00
-999	1532688087	3600		285.17		         0		-999.00
-999	1532691687	3600		285.17		         0		-999.00
-999	1532695287	3600		285.17		         0		-999.00
-999	1532698887	3600		285.17		         0		-999.00
-999	1532702487	3600		285.17		         0		-999.00
-999	1532706087	3600		285.17		         0		-999.00
-999	1532709687	3600		285.17		         0		-999.00
-999	1532713287	3600		285.17		         0		-999.00
-999	1532716887	3600		285.17		         0		-999.00
-999	1532720487	3600		285.17		         0		-999.00
-999	1532724087	3600		285.17		         0		-999.00
-999	1532727687	3600		285.17		         0		-999.00
-999	1532731287	3600		285.17		         0		-999.00
-999	1532734887	3600		285.17		         0		-999.00
-999	1532738487	3600		285.17		         0		-999.00
-999	1532742087	3600		273.05		         0		-999.00
-999	1532745687	3600		256.04		         0		-999.00
-999	1532749287	3600		264.00		         0		-999.00
-999	1532752887	3600		264.00		         0		-999.00
-999	1532756487	3600		264.06		         0		-999.00
-999	1532760087	3600		264.06		         0		-999.00
-999	1532763687	3600		264.06		         0		-999.00
-999	1532767287	3600		264.00		         0		-999.00
-999	1532770887	3600		264.00		         0		-999.00
-999	1532774487	3600		264.00		         0		-999.00
-999	1532778087	3600		264.00		         0		-999.00
-999	1532781687	3600		264.00		         0		-999.00
-999	1532785287	3600		264.00		         0		-999.00
-999	1532788887	3600		264.00		         0		-999.00
-999	1532792487	3600		264.00		         0		-999.00
-999	1532796087	3600		264.00		         0		-999.00
-999	1532799687	3600		264.00		         0		-999.00
-999	1532803287	3600		264.00		         0		-999.00
-999	1532806887	3600		264.00		         0		-999.00
-999	1532810487	3600		264.00		         0		-999.00
-999	1532814087	3600		264.00		         0		-999.00
-999	1532817687	3600		264.00		         0		-999.00
-999	1532821287	3600		264.00		         0		-999.00
-999	1532824887	3600		264.00		         0		-999.00
-999	1532828487	3600		264.00		         0		-999.00
-999	1532832087	3600		264.00		         0		-999.00
-999	1532835687	3600		264.00		         0		-999.00
-999	1532839287	3600		264.00		         0		-999.00
-999	1532842887	3600		264.00		         0		-999.00
-999	1532846487	3600		264.00		         0		-999.00
-999	1532850087	3600		264.00		         0		-999.00
-999	1532853687	3600		264.00		         0		-999.00
-999	1532857287	3600		264.00		         0		-999.00
-999	1532860887	3600		264.00		         0		-999.00
-999	1532864487	3600		264.00		         0		-999.00
-999	1532868087	3600		264.00		         0		-999.00
-999	1532871687	3600		264.04		         0		-999.00
-999	1532875287	3600		264.04		         0		-999.00
-999	1532878887	3600		264.04		         0		-999.00
-999	1532882487	3600		264.04		         0		-999.00
-999	1532886087	3600		264.04		         0		-999.00
-999	1532889687	3600		264.04		         0		-999.00
-999	1532893287	3600		264.04		         0		-999.00
-999	1532896887	3600		264.04		         0		-999.00
-999	1532900487	3600		264.04		         0		-999.00
-999	1532904087	3600		264.04		         0		-999.00
-999	1532907687	3600		264.04		         0		-999.00
-999	1532911287	3600		260.79		         0		-999.00
-999	1532914887	3600		260.66		         0		-999.00
-999	1532918487	3600		263.87		         0		-999.00
-999	1532922087	3600		263.87		         0		-999.00
-999	1532925687	3600		260.75		         0		-999.00
-999	1532929287	3600		260.70		         0		-999.00
-999	1532932070	2783		260.70		         0		-999.00
6998	1532933270	1200		263.98		     62113		600.50
6998	1532936870	3600		263.98		     68562		804.00
6998	1532940470	3600		260.98		     72758		 11.00
6998	1532940528	58		260.98		         0		 11.00
-999	1532941728	1200		260.61		         0		-999.00
-999	1532945328	3600		260.95		         0		-999.00
-999	1532948928	3600		263.95		         0		-999.00
-999	1532952528	3600		263.95		         0		-999.00
-999	1532956128	3600		263.95		         0		-999.00
-999	1532959728	3600		260.67		         0		-999.00
-999	1532963328	3600		260.90		         0		-999.00
-999	1532966928	3600		260.90		         0		-999.00
-999	1532970528	3600		260.84		         0		-999.00
-999	1532974128	3600		260.77		         0		-999.00
-999	1532977728	3600		260.77		         0		-999.00
-999	1532981328	3600		260.84		         0		-999.00
-999	1532984928	3600		260.84		         0		-999.00
-999	1532988528	3600		260.54		         0		-999.00
-999	1532992128	3600		260.78		         0		-999.00
-999	1532995728	3600		260.81		         0		-999.00
-999	1532996491	763		260.81		         0		-999.00
7003	1532997691	1200		263.81		    156323		781.00
7003	1533001291	3600		263.82		    173552		808.50
7003	1533004891	3600		263.81		    161047		806.00
7003	1533008491	3600		263.81		    149552		804.00
7003	1533012091	3600		263.81		    140556		809.00
7003	1533013801	1710		263.81		    136172		807.50
-999	1533015001	1200		263.81		         0		-999.00
-999	1533018601	3600		263.81		         0		-999.00
-999	1533022201	3600		263.81		         0		-999.00
-999	1533025801	3600		263.81		         0		-999.00
-999	1533029401	3600		263.81		         0		-999.00
-999	1533033001	3600		263.81		         0		-999.00
-999	1533036601	3600		263.81		         0		-999.00
-999	1533040201	3600		263.81		         0		-999.00
-999	1533043801	3600		264.18		         0		-999.00
-999	1533047401	3600		264.19		         0		-999.00
-999	1533051001	3600		264.19		         0		-999.00
-999	1533054601	3600		264.19		         0		-999.00
-999	1533058201	3600		264.19		         0		-999.00
-999	1533061801	3600		264.19		         0		-999.00
-999	1533065401	3600		263.96		         0		-999.00
-999	1533069001	3600		260.79		         0		-999.00
-999	1533072601	3600		260.83		         0		-999.00
-999	1533076201	3600		260.65		         0		-999.00
-999	1533079801	3600		260.89		         0		-999.00
-999	1533083401	3600		261.05		         0		-999.00
-999	1533083517	116		260.99		         0		-999.00
7005	1533084717	1200		266.22		  53668883		866.00
7005	1533088317	3600		266.33		  59543540		861.00
7005	1533091917	3600		266.14		  55222367		857.50
7005	1533095517	3600		266.03		  51449616		855.00
7005	1533099117	3600		265.93		  48190461		855.00
7005	1533102717	3600		265.77		  44815238		855.00
7005	1533106317	3600		265.69		  42279608		854.50
7005	1533109917	3600		265.61		  39442750		850.00
7005	1533113517	3600		265.55		  37430560		853.00
7005	1533117117	3600		265.58		  38588168		857.00
7005	1533118503	1386		260.82		  34230012		 11.00
-999	1533119703	1200		260.87		         0		-999.00
-999	1533123303	3600		260.69		         0		-999.00
-999	1533126903	3600		260.90		         0		-999.00
-999	1533129789	2886		260.99		         0		-999.00
7006	1533130989	1200		271.04		 182008529		996.00
7006	1533134589	3600		271.52		 201150267		991.00
7006	1533138189	3600		270.89		 185758752		972.50
7006	1533141789	3600		270.46		 171517675		973.00
7006	1533143817	2028		270.14		 161091529		968.50
-999	1533145017	1200		264.13		         0		-999.00
-999	1533148617	3600		264.12		         0		-999.00
-999	1533152217	3600		264.00		         0		-999.00
-999	1533155817	3600		264.12		         0		-999.00
-999	1533159417	3600		260.95		         0		-999.00
-999	1533163017	3600		260.95		         0		-999.00
-999	1533166617	3600		260.96		         0		-999.00
-999	1533170217	3600		260.93		         0		-999.00
-999	1533170637	420		261.05		         0		-999.00
7008	1533171837	1200		272.39		 217971574		1044.00
7008	1533175437	3600		272.96		 242214517		1032.00
7008	1533175459	22		270.00		 143354671		1028.00
-999	1533176659	1200		264.14		         0		-999.00
-999	1533180259	3600		264.14		         0		-999.00
-999	1533183859	3600		264.14		         0		-999.00
-999	1533187459	3600		264.13		         0		-999.00
-999	1533191059	3600		263.93		         0		-999.00
-999	1533194659	3600		260.93		         0		-999.00
-999	1533198259	3600		260.96		         0		-999.00
-999	1533201859	3600		260.96		         0		-999.00
-999	1533205459	3600		264.19		         0		-999.00
-999	1533209059	3600		260.91		         0		-999.00
-999	1533212659	3600		260.90		         0		-999.00
-999	1533213404	745		260.96		         0		-999.00
7013	1533214604	1200		272.95		 230337496		1065.00
7013	1533218204	3600		273.40		 254278378		1048.00
7013	1533221236	3032		272.77		 239084905		1027.00
-999	1533222436	1200		264.19		         0		-999.00
-999	1533226036	3600		264.19		         0		-999.00
-999	1533229636	3600		264.08		         0		-999.00
-999	1533233236	3600		264.13		         0		-999.00
-999	1533236836	3600		264.19		         0		-999.00
-999	1533240436	3600		264.19		         0		-999.00
-999	1533244036	3600		264.13		         0		-999.00
-999	1533247636	3600		264.13		         0		-999.00
-999	1533251236	3600		264.13		         0		-999.00
-999	1533254836	3600		264.13		         0		-999.00
-999	1533258436	3600		264.19		         0		-999.00
-999	1533262036	3600		260.72		         0		-999.00
-999	1533265636	3600		260.95		         0		-999.00
-999	1533269236	3600		261.00		         0		-999.00
-999	1533272836	3600		260.58		         0		-999.00
-999	1533274014	1178		261.00		         0		-999.00
7017	1533275214	1200		272.36		 217823519		1043.00
7017	1533278814	3600		272.84		 237317331		1026.00
7017	1533282414	3600		271.92		 212195099		1017.00
7017	1533286014	3600		271.41		 196475682		1014.00
7017	1533289614	3600		270.70		 178901904		995.50
7017	1533293214	3600		270.15		 163967628		983.50
7017	1533296814	3600		269.50		 147969261		966.50
7017	1533300414	3600		269.36		 143192605		967.50
7017	1533304014	3600		268.73		 129212026		945.00
7017	1533307614	3600		268.62		 119937007		958.00
7017	1533311214	3600		268.20		 109873804		951.00
7017	1533314814	3600		267.79		  98628388		940.00
7017	1533318414	3600		267.55		  90422750		936.50
7017	1533321179	2765		260.67		  78111808		 11.00
-999	1533322379	1200		260.64		         0		-999.00
-999	1533325979	3600		260.89		         0		-999.00
-999	1533329579	3600		260.92		         0		-999.00
-999	1533333179	3600		261.01		         0		-999.00
-999	1533333399	220		260.95		         0		-999.00
7018	1533334599	1200		272.23		 216916657		1045.00
7018	1533338199	3600		272.80		 237213192		1051.00
7018	1533341799	3600		272.14		 218398143		1034.00
7018	1533345399	3600		271.39		 197632782		1027.00
7018	1533348999	3600		270.84		 181070349		1020.00
7018	1533352599	3600		270.24		 165466266		1001.00
7018	1533356199	3600		269.67		 150247045		985.00
7018	1533359799	3600		269.55		 146025494		987.50
7018	1533363399	3600		269.02		 132271010		978.00
7018	1533366999	3600		268.68		 122690661		970.00
7018	1533370599	3600		268.30		 112170935		962.50
7018	1533374199	3600		267.99		 101747594		955.50
7018	1533377799	3600		267.57		  92019127		944.50
7018	1533381399	3600		267.29		  84727582		940.00
7018	1533383326	1927		266.77		  71279810		931.00
-999	1533384526	1200		264.05		         0		-999.00
-999	1533388126	3600		263.90		         0		-999.00
-999	1533391726	3600		263.99		         0		-999.00
-999	1533395326	3600		264.02		         0		-999.00
-999	1533396613	1287		263.67		         0		-999.00
7020	1533397813	1200		272.88		 229612766		1098.00
7020	1533401413	3600		273.26		 247633365		1096.00
7020	1533405013	3600		272.96		 239416308		1080.00
7020	1533408613	3600		272.09		 216168715		1065.00
7020	1533412213	3600		271.49		 199627195		1053.00
7020	1533415813	3600		270.89		 184015939		1041.00
7020	1533419150	3337		270.33		 167223606		1029.00
-999	1533420350	1200		263.93		         0		-999.00
-999	1533423950	3600		264.05		         0		-999.00
-999	1533427550	3600		264.16		         0		-999.00
-999	1533431150	3600		264.16		         0		-999.00
-999	1533434750	3600		260.36		         0		-999.00
-999	1533438350	3600		260.97		         0		-999.00
-999	1533441950	3600		260.95		         0		-999.00
-999	1533444430	2480		261.05		         0		-999.00
7024	1533445630	1200		273.15		 241576313		1102.00
7024	1533449230	3600		273.62		 258893321		1089.00
7024	1533452830	3600		272.82		 238545447		1067.00
7024	1533456430	3600		271.98		 216827208		1057.00
7024	1533460030	3600		271.31		 195174749		1050.00
7024	1533463630	3600		270.77		 180813046		1034.00
7024	1533467230	3600		270.20		 163737877		1025.00
7024	1533470830	3600		269.63		 148934268		1019.00
7024	1533474430	3600		269.49		 144403768		1011.00
7024	1533478030	3600		269.12		 134047203		996.50
7024	1533481630	3600		268.59		 120535662		988.00
7024	1533485230	3600		267.49		 107514691		901.50
7024	1533485867	637		266.75		  68838367		961.00
-999	1533487067	1200		260.96		         0		-999.00
-999	1533490667	3600		260.96		         0		-999.00
-999	1533494267	3600		260.73		         0		-999.00
-999	1533497867	3600		259.83		         0		-999.00
-999	1533501461	3594		260.87		         0		-999.00
7026	1533502661	1200		273.70		 255067073		1128.00
7026	1533506261	3600		274.06		 270669011		1108.00
7026	1533509861	3600		273.45		 254547733		1096.00
7026	1533510947	1086		271.27		 189269198		1080.00
-999	1533512147	1200		260.64		         0		-999.00
-999	1533515747	3600		264.16		         0		-999.00
-999	1533519347	3600		264.16		         0		-999.00
-999	1533522947	3600		260.66		         0		-999.00
-999	1533526547	3600		260.64		         0		-999.00
-999	1533530147	3600		260.93		         0		-999.00
-999	1533533747	3600		260.88		         0		-999.00
-999	1533537347	3600		261.02		         0		-999.00
-999	1533539492	2145		260.54		         0		-999.00
7031	1533540692	1200		272.98		 239622028		1095.00
7031	1533544292	3600		273.62		 259407963		1101.00
7031	1533547892	3600		272.80		 236415058		1081.00
7031	1533551492	3600		272.24		 219174618		1073.00
7031	1533555092	3600		271.48		 199754618		1060.00
7031	1533558692	3600		270.97		 184486479		1052.00
7031	1533562292	3600		270.32		 168571402		1030.00
7031	1533565892	3600		269.93		 155674229		1034.00
7031	1533569492	3600		269.40		 142556672		1020.00
7031	1533573092	3600		269.27		 138507778		1018.00
7031	1533576692	3600		268.91		 128075467		1014.00
7031	1533580292	3600		268.59		 119642014		1003.00
7031	1533583892	3600		268.26		 110500704		993.00
7031	1533587492	3600		267.82		  99751425		984.00
7031	1533589647	2155		267.22		  86546588		964.50
-999	1533590847	1200		263.99		         0		-999.00
-999	1533594447	3600		260.69		         0		-999.00
-999	1533598047	3600		260.96		         0		-999.00
-999	1533601647	3600		260.96		         0		-999.00
-999	1533605247	3600		260.93		         0		-999.00
-999	1533605306	59		260.93		         0		-999.00
7033	1533606506	1200		271.44		 198422196		1065.00
7033	1533610106	3600		272.10		 217438802		1087.00
7033	1533613706	3600		271.60		 202777614		1076.00
7033	1533617306	3600		271.12		 188783241		1061.00
7033	1533620906	3600		270.52		 172872952		1054.00
7033	1533624506	3600		270.10		 161836125		1043.00
7033	1533628106	3600		269.59		 150668193		1036.00
7033	1533631706	3600		269.43		 141417299		1027.00
7033	1533635306	3600		269.17		 134833929		1029.00
7033	1533638906	3600		268.93		 132706789		1017.00
7033	1533640690	1784		268.38		 111943243		1020.00
-999	1533641890	1200		260.59		         0		-999.00
-999	1533645490	3600		260.93		         0		-999.00
-999	1533649090	3600		260.75		         0		-999.00
-999	1533649889	799		260.87		         0		-999.00
7035	1533651089	1200		273.80		 256937575		1166.00
7035	1533652277	1188		274.48		 283064249		1144.00
-999	1533653477	1200		264.23		         0		-999.00
-999	1533657077	3600		260.72		         0		-999.00
-999	1533660677	3600		260.81		         0		-999.00
-999	1533662881	2204		261.06		         0		-999.00
7036	1533664081	1200		267.93		  98292417		985.50
7036	1533667681	3600		267.95		 107113135		973.00
7036	1533671281	3600		267.69		  96452625		971.00
7036	1533674881	3600		267.46		  88574246		966.50
7036	1533676330	1449		266.80		  71615251		961.00
-999	1533677530	1200		260.96		         0		-999.00
-999	1533681130	3600		261.05		         0		-999.00
-999	1533684730	3600		260.58		         0		-999.00
-999	1533685600	870		261.05		         0		-999.00
7037	1533686800	1200		272.39		 219199011		1117.00
7037	1533690400	3600		272.82		 232860060		1123.00
7037	1533694000	3600		272.39		 226105984		1105.00
7037	1533697600	3600		271.69		 205077265		1085.00
7037	1533701200	3600		271.06		 187706868		1071.00
7037	1533704800	3600		270.47		 171751649		1065.00
7037	1533708400	3600		269.92		 155238074		1049.00
7037	1533712000	3600		269.74		 151032064		1049.00
7037	1533715600	3600		269.23		 136894280		1038.00
7037	1533719200	3600		268.70		 123028438		1025.00
7037	1533722800	3600		268.39		 114346643		1020.00
7037	1533726400	3600		268.15		 107092190		1013.00
7037	1533730000	3600		267.41		  92498705		971.50
7037	1533733600	3600		260.89		  86885071		 12.00
7037	1533734206	606		267.17		  81703772		982.00
-999	1533735406	1200		263.71		         0		-999.00
-999	1533739006	3600		259.77		         0		-999.00
-999	1533742606	3600		260.73		         0		-999.00
-999	1533746206	3600		264.13		         0		-999.00
-999	1533749806	3600		264.14		         0		-999.00
-999	1533753406	3600		264.14		         0		-999.00
-999	1533757006	3600		264.14		         0		-999.00
-999	1533760606	3600		264.14		         0		-999.00
-999	1533764206	3600		264.14		         0		-999.00
-999	1533767806	3600		264.14		         0		-999.00
-999	1533771406	3600		260.93		         0		-999.00
-999	1533775006	3600		260.93		         0		-999.00
-999	1533777409	2403		260.96		         0		-999.00
7039	1533778609	1200		273.91		 275794618		1103.00
7039	1533782209	3600		273.34		 253114073		1116.00
7039	1533785809	3600		273.00		 243773414		1109.00
7039	1533789409	3600		272.18		 221758413		1094.00
7039	1533793009	3600		271.61		 204789586		1083.00
7039	1533796609	3600		270.86		 185487976		1074.00
7039	1533800209	3600		270.34		 170117183		1060.00
7039	1533803809	3600		269.73		 157913422		1032.00
7039	1533807409	3600		269.60		 149430333		1043.00
7039	1533811009	3600		269.15		 136533309		1041.00
7039	1533814609	3600		268.78		 126770647		1026.00
7039	1533818209	3600		268.32		 113456236		1019.00
7039	1533821543	3334		267.78		  99360886		1008.00
-999	1533822743	1200		260.64		         0		-999.00
-999	1533826343	3600		259.78		         0		-999.00
-999	1533829943	3600		260.66		         0		-999.00
-999	1533831641	1698		261.02		         0		-999.00
7040	1533832841	1200		272.17		 215040031		1124.00
7040	1533836441	3600		272.82		 241191004		1115.00
7040	1533840041	3600		272.18		 221288263		1100.00
7040	1533843641	3600		271.42		 201556472		1077.00
7040	1533847241	3600		270.83		 183158338		1078.00
7040	1533850841	3600		270.24		 168744348		1066.00
7040	1533854441	3600		269.72		 153320596		1053.00
7040	1533858041	3600		269.61		 149581302		1052.00
7040	1533861641	3600		269.01		 133642397		1043.00
7040	1533865241	3600		268.72		 125716531		1033.00
7040	1533868841	3600		268.29		 113379514		1020.00
7040	1533869763	922		268.14		 108508554		1022.00
-999	1533870963	1200		263.93		         0		-999.00
-999	1533874563	3600		263.93		         0		-999.00
-999	1533878163	3600		264.16		         0		-999.00
-999	1533881763	3600		263.81		         0		-999.00
-999	1533885363	3600		260.99		         0		-999.00
-999	1533888963	3600		263.85		         0		-999.00
-999	1533892563	3600		263.96		         0		-999.00
-999	1533896163	3600		264.13		         0		-999.00
-999	1533899763	3600		264.13		         0		-999.00
-999	1533903363	3600		260.88		         0		-999.00
-999	1533906703	3340		261.02		         0		-999.00
7042	1533907903	1200		273.22		 248873786		1129.00
7042	1533911503	3600		273.77		 269437156		1135.00
7042	1533915103	3600		273.29		 251535839		1131.00
7042	1533918703	3600		272.43		 228487395		1121.00
7042	1533922303	3600		271.77		 212589664		1099.00
7042	1533925903	3600		271.06		 192541782		1080.00
7042	1533929503	3600		270.60		 177206493		1081.00
7042	1533933103	3600		270.10		 164156793		1078.00
7042	1533936703	3600		269.81		 154510543		1075.00
7042	1533940303	3600		269.55		 147616473		1055.00
7042	1533943903	3600		269.16		 135693647		1053.00
7042	1533947503	3600		268.79		 127310560		1043.00
7042	1533951103	3600		268.34		 114349571		1034.00
7042	1533953849	2746		267.63		  99579289		1014.00
-999	1533955049	1200		260.94		         0		-999.00
-999	1533958649	3600		260.62		         0		-999.00
-999	1533962249	3600		260.90		         0		-999.00
-999	1533965849	3600		260.90		         0		-999.00
-999	1533969449	3600		260.93		         0		-999.00
-999	1533969520	71		260.82		         0		-999.00
7043	1533970720	1200		270.48		 169142559		1088.00
7043	1533974320	3600		270.55		 179015501		1059.00
7043	1533977920	3600		269.95		 159293010		1061.00
7043	1533981520	3600		269.47		 146923024		1050.00
7043	1533985120	3600		269.22		 138521151		1052.00
7043	1533988720	3600		269.06		 133330357		1045.00
7043	1533992320	3600		268.74		 124492438		1045.00
7043	1533995920	3600		268.39		 116781184		1034.00
7043	1533999520	3600		268.18		 109944127		1030.00
7043	1534003120	3600		267.94		 103932761		1029.00
7043	1534006720	3600		267.84		 100381728		1024.00
7043	1534008923	2203		267.72		  96571427		1026.00
-999	1534010123	1200		264.11		         0		-999.00
-999	1534013723	3600		260.89		         0		-999.00
-999	1534017323	3600		260.52		         0		-999.00
-999	1534019096	1773		261.01		         0		-999.00
7045	1534020296	1200		273.34		 247095796		1184.00
7045	1534023896	3600		273.86		 271356739		1153.00
7045	1534027496	3600		273.18		 250614463		1149.00
7045	1534031096	3600		272.45		 229882831		1131.00
7045	1534034696	3600		271.56		 208048275		1111.00
7045	1534038296	3600		271.07		 191772236		1110.00
7045	1534041896	3600		270.42		 173562046		1094.00
7045	1534045496	3600		269.94		 159764664		1083.00
7045	1534049096	3600		269.50		 147118833		1076.00
7045	1534052696	3600		269.37		 142511923		1071.00
7045	1534056296	3600		268.86		 129815723		1058.00
7045	1534058999	2703		268.49		 119357046		1056.00
-999	1534060199	1200		264.16		         0		-999.00
-999	1534063799	3600		264.16		         0		-999.00
-999	1534067399	3600		264.16		         0		-999.00
-999	1534070999	3600		264.16		         0		-999.00
-999	1534074599	3600		261.02		         0		-999.00
-999	1534077152	2553		260.87		         0		-999.00
7047	1534078352	1200		273.97		 265576585		1205.00
7047	1534081952	3600		274.72		 293417480		1202.00
7047	1534085552	3600		273.80		 268194395		1176.00
7047	1534089152	3600		272.97		 244699605		1161.00
7047	1534092752	3600		272.26		 226714641		1137.00
7047	1534096352	3600		271.58		 206112034		1130.00
7047	1534099952	3600		271.08		 191136480		1121.00
7047	1534103382	3430		270.56		 175722415		1108.00
-999	1534104582	1200		264.04		         0		-999.00
-999	1534108182	3600		264.11		         0		-999.00
-999	1534111782	3600		264.11		         0		-999.00
-999	1534115382	3600		264.11		         0		-999.00
-999	1534118982	3600		264.17		         0		-999.00
-999	1534122582	3600		260.99		         0		-999.00
-999	1534124348	1766		261.05		         0		-999.00
7048	1534125548	1200		274.14		 268568205		1208.00
7048	1534129148	3600		274.51		 287078419		1193.00
7048	1534132748	3600		273.65		 263649047		1179.00
7048	1534136348	3600		272.57		 232784519		1173.00
7048	1534137972	1624		272.39		 228135490		1153.00
-999	1534139172	1200		264.05		         0		-999.00
-999	1534142772	3600		264.16		         0		-999.00
-999	1534146372	3600		260.61		         0		-999.00
-999	1534149972	3600		261.02		         0		-999.00
-999	1534153572	3600		260.56		         0		-999.00
-999	1534155160	1588		260.99		         0		-999.00
7052	1534156360	1200		273.74		 257376540		1199.00
7052	1534159960	3600		274.03		 271458673		1185.00
7052	1534163560	3600		273.35		 254490091		1170.00
7052	1534167160	3600		272.65		 234552756		1156.00
7052	1534170760	3600		271.97		 216012759		1141.00
7052	1534174360	3600		271.37		 197511926		1138.00
7052	1534177960	3600		270.74		 181492895		1120.00
7052	1534181560	3600		270.21		 165357480		1109.00
7052	1534185160	3600		269.89		 154568512		1107.00
7052	1534188760	3600		269.47		 146145463		1087.00
7052	1534192360	3600		268.99		 131967899		1082.00
7052	1534195960	3600		268.69		 123638172		1075.00
7052	1534199337	3377		268.25		 113102707		1062.00
-999	1534200537	1200		264.28		         0		-999.00
-999	1534204137	3600		260.88		         0		-999.00
-999	1534207737	3600		260.59		         0		-999.00
-999	1534210358	2621		261.00		         0		-999.00
7053	1534211558	1200		274.09		 266033702		1247.00
7053	1534215158	3600		274.83		 298048995		1217.00
7053	1534218758	3600		273.95		 270375344		1202.00
7053	1534222358	3600		273.05		 247037081		1188.00
7053	1534225958	3600		272.40		 228351066		1176.00
7053	1534229558	3600		271.73		 208101533		1162.00
7053	1534231837	2279		271.29		 195289484		1153.00
-999	1534233037	1200		264.04		         0		-999.00
-999	1534236637	3600		261.01		         0		-999.00
-999	1534240237	3600		260.88		         0		-999.00
-999	1534243220	2983		260.93		         0		-999.00
-999	1534245116	1200		264.16		         0		-999.00
-999	1534248716	3600		260.87		         0		-999.00
-999	1534251884	3168		260.93		         0		-999.00
7055	1534253084	1200		274.31		 274860724		1242.00
7055	1534256684	3600		274.89		 296473815		1226.00
7055	1534260284	3600		273.62		 274436743		1141.00
7055	1534263884	3600		273.18		 251137387		1189.00
7055	1534267484	3600		272.44		 228915661		1175.00
7055	1534271084	3600		271.86		 211507666		1160.00
7055	1534274684	3600		271.13		 192908646		1148.00
7055	1534278284	3600		270.55		 177238416		1130.00
7055	1534281720	3436		270.03		 162318106		1127.00
-999	1534282920	1200		264.22		         0		-999.00
-999	1534286520	3600		260.55		         0		-999.00
-999	1534290120	3600		261.00		         0		-999.00
-999	1534291280	1160		260.75		         0		-999.00
7056	1534292480	1200		274.07		 266767596		1250.00
7056	1534296080	3600		274.81		 295465096		1229.00
7056	1534299680	3600		273.80		 267811833		1212.00
7056	1534303280	3600		273.14		 249328464		1195.00
7056	1534306880	3600		272.32		 227257495		1185.00
7056	1534310480	3600		271.77		 209953122		1165.00
7056	1534314080	3600		271.25		 194523017		1150.00
7056	1534317680	3600		270.62		 177582095		1131.00
7056	1534321280	3600		270.11		 162848905		1129.00
7056	1534324880	3600		269.78		 151947285		1133.00
7056	1534328480	3600		269.58		 146994389		1118.00
7056	1534332080	3600		268.93		 131107981		1103.00
7056	1534335680	3600		268.68		 122725730		1095.00
7056	1534339280	3600		268.27		 111100947		1084.00
7056	1534342880	3600		267.82		 100412334		1075.00
7056	1534346480	3600		267.59		  92604296		1072.00
7056	1534350080	3600		267.30		  85098233		1061.00
7056	1534353680	3600		266.68		  79686423		1006.00
7056	1534357280	3600		266.78		  72154836		1050.00
7056	1534360880	3600		266.62		  65140887		1055.00
7056	1534364480	3600		266.52		  63450576		1049.00
7056	1534368080	3600		266.41		  59533738		1039.00
7056	1534371680	3600		266.33		  56925676		1035.00
7056	1534375280	3600		266.11		  53745665		1038.00
7056	1534378880	3600		266.02		  50832727		1036.00
7056	1534382480	3600		265.94		  48045664		1030.00
7056	1534386080	3600		265.87		  45770238		1030.00
7056	1534387045	965		265.86		  45397881		1026.00
-999	1534388245	1200		260.83		         0		-999.00
-999	1534391845	3600		260.54		         0		-999.00
-999	1534395445	3600		260.95		         0		-999.00
-999	1534399045	3600		264.19		         0		-999.00
-999	1534402645	3600		263.89		         0		-999.00
-999	1534406245	3600		264.08		         0		-999.00
-999	1534409845	3600		264.19		         0		-999.00
-999	1534413445	3600		264.19		         0		-999.00
-999	1534417045	3600		264.19		         0		-999.00
-999	1534420645	3600		264.19		         0		-999.00
-999	1534424245	3600		264.19		         0		-999.00
-999	1534427845	3600		264.19		         0		-999.00
-999	1534431445	3600		264.19		         0		-999.00
-999	1534435045	3600		264.19		         0		-999.00
-999	1534438645	3600		264.19		         0		-999.00
-999	1534442245	3600		264.19		         0		-999.00
-999	1534445845	3600		264.13		         0		-999.00
-999	1534449445	3600		263.96		         0		-999.00
-999	1534453045	3600		264.20		         0		-999.00
-999	1534456645	3600		260.66		         0		-999.00
-999	1534460245	3600		261.00		         0		-999.00
-999	1534463845	3600		261.00		         0		-999.00
-999	1534467445	3600		261.00		         0		-999.00
-999	1534471045	3600		261.00		         0		-999.00
-999	1534474645	3600		260.73		         0		-999.00
-999	1534475239	594		260.61		         0		-999.00
7058	1534476439	1200		273.41		 253907750		1204.00
7058	1534480039	3600		274.05		 270276419		1225.00
7058	1534483639	3600		273.52		 260016245		1196.00
7058	1534487239	3600		272.86		 237844975		1198.00
7058	1534490839	3600		272.02		 215966715		1178.00
7058	1534494439	3600		271.42		 199788275		1151.00
7058	1534498039	3600		270.77		 181785955		1139.00
7058	1534501639	3600		270.30		 166198268		1147.00
7058	1534505239	3600		269.84		 154191520		1131.00
7058	1534508839	3600		269.45		 143300418		1125.00
7058	1534512439	3600		268.99		 129903293		1112.00
7058	1534516039	3600		268.50		 116425984		1106.00
7058	1534519639	3600		268.27		 110980965		1097.00
7058	1534523239	3600		267.65		  96364770		1075.00
7058	1534523411	172		267.33		  85855897		1075.00
-999	1534524611	1200		260.69		         0		-999.00
-999	1534528211	3600		261.05		         0		-999.00
-999	1534531811	3600		260.87		         0		-999.00
-999	1534533194	1383		261.02		         0		-999.00
7061	1534534394	1200		274.26		 272377297		1274.00
7061	1534537994	3600		274.71		 291742999		1250.00
7061	1534541594	3600		273.93		 268785497		1235.00
7061	1534545194	3600		273.19		 248287807		1223.00
7061	1534548794	3600		272.35		 225853990		1201.00
7061	1534552394	3600		271.69		 207533819		1187.00
7061	1534555994	3600		271.20		 191017552		1183.00
7061	1534559594	3600		270.65		 178387896		1164.00
7061	1534563194	3600		270.07		 162704122		1152.00
7061	1534566794	3600		269.73		 151474785		1153.00
7061	1534570394	3600		269.33		 141268705		1132.00
7061	1534573994	3600		268.94		 130243410		1125.00
7061	1534577594	3600		268.53		 118459611		1115.00
7061	1534581194	3600		267.82		 101456752		1092.00
7061	1534584283	3089		260.89		  97127232		 11.50
-999	1534585483	1200		260.57		         0		-999.00
-999	1534589083	3600		260.93		         0		-999.00
-999	1534592683	3600		260.81		         0		-999.00
-999	1534593033	350		260.93		         0		-999.00
7063	1534594233	1200		273.79		 261450135		1261.00
7063	1534597833	3600		274.35		 280467253		1256.00
7063	1534601433	3600		273.41		 260956171		1215.00
7063	1534605033	3600		272.79		 235559041		1216.00
7063	1534608633	3600		272.07		 216359768		1205.00
7063	1534612233	3600		271.44		 199056210		1185.00
7063	1534615833	3600		270.78		 181126842		1172.00
7063	1534619433	3600		270.30		 167296880		1165.00
7063	1534623033	3600		269.78		 153358263		1145.00
7063	1534626633	3600		269.37		 141611836		1140.00
7063	1534630233	3600		268.99		 130830163		1134.00
7063	1534633006	2773		268.67		 121861537		1122.00
-999	1534634206	1200		263.92		         0		-999.00
-999	1534637806	3600		263.87		         0		-999.00
-999	1534641406	3600		263.92		         0		-999.00
-999	1534645006	3600		264.23		         0		-999.00
-999	1534648606	3600		264.17		         0		-999.00
-999	1534652206	3600		260.70		         0		-999.00
-999	1534655806	3600		260.59		         0		-999.00
-999	1534657022	1216		261.07		         0		-999.00
7065	1534658222	1200		273.71		 262602466		1246.00
7065	1534661822	3600		274.63		 289572047		1266.00
7065	1534665422	3600		273.77		 267284216		1246.00
7065	1534669022	3600		272.98		 242884899		1232.00
7065	1534672622	3600		272.23		 223398979		1211.00
7065	1534676222	3600		271.57		 203414284		1198.00
7065	1534679822	3600		271.04		 187886946		1189.00
7065	1534683422	3600		270.46		 172328970		1175.00
7065	1534687022	3600		269.98		 158380641		1163.00
7065	1534690622	3600		269.65		 149150805		1155.00
7065	1534694222	3600		269.10		 134908429		1144.00
7065	1534697822	3600		268.76		 123545289		1137.00
7065	1534701422	3600		268.46		 116080214		1127.00
7065	1534703871	2449		267.81		  99100971		1108.00
-999	1534705071	1200		261.05		         0		-999.00
-999	1534708671	3600		260.76		         0		-999.00
-999	1534712271	3600		261.00		         0		-999.00
-999	1534715871	3600		261.00		         0		-999.00
-999	1534719471	3600		260.59		         0		-999.00
-999	1534721378	1907		261.02		         0		-999.00
7069	1534722578	1200		273.32		 244935117		1274.00
7069	1534726178	3600		273.86		 267160857		1263.00
7069	1534729778	3600		273.07		 247119873		1238.00
7069	1534733378	3600		272.41		 226780420		1223.00
7069	1534736978	3600		271.79		 208262897		1214.00
7069	1534740578	3600		271.06		 189599080		1199.00
7069	1534744178	3600		270.55		 174172713		1180.00
7069	1534747778	3600		269.97		 158731823		1175.00
7069	1534751378	3600		269.68		 149447032		1171.00
7069	1534754978	3600		269.29		 139927761		1149.00
7069	1534758578	3600		268.88		 127150584		1148.00
7069	1534762178	3600		268.43		 115784240		1128.00
7069	1534765778	3600		267.94		 101462364		1116.00
7069	1534769062	3284		267.30		  88211743		1098.00
-999	1534770262	1200		260.59		         0		-999.00
-999	1534773862	3600		264.11		         0		-999.00
-999	1534777462	3600		263.82		         0		-999.00
-999	1534781062	3600		263.87		         0		-999.00
-999	1534784662	3600		259.81		         0		-999.00
-999	1534788262	3600		260.88		         0		-999.00
-999	1534791862	3600		264.28		         0		-999.00
-999	1534795462	3600		264.16		         0		-999.00
-999	1534799062	3600		264.16		         0		-999.00
-999	1534802662	3600		264.16		         0		-999.00
-999	1534806262	3600		264.16		         0		-999.00
-999	1534809862	3600		264.16		         0		-999.00
-999	1534813462	3600		264.16		         0		-999.00
-999	1534817062	3600		264.16		         0		-999.00
-999	1534820662	3600		264.16		         0		-999.00
-999	1534824262	3600		264.16		         0		-999.00
-999	1534827862	3600		264.25		         0		-999.00
-999	1534831462	3600		264.02		         0		-999.00
-999	1534835062	3600		260.69		         0		-999.00
-999	1534838662	3600		264.10		         0		-999.00
-999	1534842262	3600		264.02		         0		-999.00
-999	1534845862	3600		263.84		         0		-999.00
-999	1534849462	3600		264.13		         0		-999.00
-999	1534853062	3600		264.10		         0		-999.00
-999	1534856662	3600		263.89		         0		-999.00
-999	1534860262	3600		264.13		         0		-999.00
-999	1534863862	3600		264.25		         0		-999.00
-999	1534867462	3600		264.17		         0		-999.00
-999	1534871062	3600		264.11		         0		-999.00
-999	1534874662	3600		264.12		         0		-999.00
-999	1534878262	3600		264.17		         0		-999.00
-999	1534881862	3600		263.77		         0		-999.00
-999	1534885462	3600		264.16		         0		-999.00
-999	1534889062	3600		264.16		         0		-999.00
-999	1534892662	3600		264.16		         0		-999.00
-999	1534896262	3600		264.16		         0		-999.00
-999	1534899862	3600		264.16		         0		-999.00
-999	1534903462	3600		264.16		         0		-999.00
-999	1534907062	3600		264.16		         0		-999.00
-999	1534910662	3600		264.16		         0		-999.00
-999	1534914262	3600		264.16		         0		-999.00
-999	1534917862	3600		264.22		         0		-999.00
-999	1534921462	3600		264.16		         0		-999.00
-999	1534925062	3600		263.99		         0		-999.00
-999	1534928662	3600		263.87		         0		-999.00
-999	1534932262	3600		263.87		         0		-999.00
-999	1534935862	3600		264.28		         0		-999.00
-999	1534939462	3600		264.19		         0		-999.00
-999	1534943062	3600		264.22		         0		-999.00
-999	1534946662	3600		263.97		         0		-999.00
-999	1534950262	3600		260.96		         0		-999.00
-999	1534953862	3600		260.90		         0		-999.00
-999	1534957462	3600		260.96		         0		-999.00
-999	1534961062	3600		260.96		         0		-999.00
-999	1534964662	3600		260.71		         0		-999.00
-999	1534968262	3600		260.78		         0		-999.00
-999	1534971862	3600		261.04		         0		-999.00
-999	1534975462	3600		260.92		         0		-999.00
-999	1534979062	3600		260.92		         0		-999.00
-999	1534982662	3600		260.92		         0		-999.00
-999	1534986262	3600		260.92		         0		-999.00
-999	1534989862	3600		261.04		         0		-999.00
-999	1534993462	3600		261.00		         0		-999.00
-999	1534997062	3600		261.01		         0		-999.00
-999	1535000662	3600		260.95		         0		-999.00
-999	1535004262	3600		260.84		         0		-999.00
-999	1535007862	3600		260.95		         0		-999.00
-999	1535011462	3600		260.73		         0		-999.00
-999	1535015062	3600		260.96		         0		-999.00
-999	1535018662	3600		260.96		         0		-999.00
-999	1535022262	3600		260.89		         0		-999.00
-999	1535023071	809		261.02		         0		-999.00
7078	1535024271	1200		273.16		 242277595		1239.00
7078	1535027871	3600		273.70		 261447334		1235.00
7078	1535030682	2811		273.04		 243149525		1222.00
-999	1535031882	1200		263.84		         0		-999.00
-999	1535035482	3600		264.20		         0		-999.00
-999	1535039082	3600		264.25		         0		-999.00
-999	1535042682	3600		264.19		         0		-999.00
-999	1535046282	3600		260.72		         0		-999.00
-999	1535049882	3600		260.94		         0		-999.00
-999	1535051403	1521		260.82		         0		-999.00
7080	1535052603	1200		274.17		 269064858		1297.00
7080	1535056203	3600		274.54		 287127730		1275.00
7080	1535059803	3600		273.68		 264773626		1253.00
7080	1535063403	3600		272.95		 242223962		1242.00
7080	1535067003	3600		272.24		 220431431		1228.00
7080	1535070603	3600		271.72		 206538477		1210.00
7080	1535074203	3600		271.12		 188489177		1201.00
7080	1535077803	3600		270.55		 175049384		1187.00
7080	1535081403	3600		270.04		 160206050		1172.00
7080	1535085003	3600		269.56		 146065043		1163.00
7080	1535088603	3600		269.46		 142994664		1168.00
7080	1535092203	3600		269.01		 131691624		1153.00
7080	1535095803	3600		268.58		 119843385		1142.00
7080	1535095826	23		268.35		 112388951		1138.00
-999	1535097026	1200		263.87		         0		-999.00
-999	1535100626	3600		264.05		         0		-999.00
-999	1535104226	3600		260.75		         0		-999.00
-999	1535107826	3600		260.99		         0		-999.00
-999	1535111280	3454		261.02		         0		-999.00
7083	1535112480	1200		273.24		 243492406		1267.00
7083	1535116080	3600		273.49		 258192361		1258.00
7083	1535119680	3600		272.86		 239590946		1243.00
7083	1535123280	3600		272.18		 218814919		1228.00
7083	1535126880	3600		271.49		 201692615		1213.00
7083	1535130480	3600		270.88		 184115398		1197.00
7083	1535134080	3600		270.42		 169486080		1195.00
7083	1535137680	3600		269.81		 154374830		1172.00
7083	1535141280	3600		269.33		 140111505		1162.00
7083	1535144880	3600		268.98		 130335655		1152.00
7083	1535148480	3600		268.53		 119190088		1148.00
7083	1535152080	3600		268.23		 109225729		1135.00
7083	1535152634	554		268.02		 104221492		1135.00
-999	1535153834	1200		264.12		         0		-999.00
-999	1535157434	3600		264.19		         0		-999.00
-999	1535161034	3600		264.19		         0		-999.00
-999	1535164634	3600		264.19		         0		-999.00
-999	1535168234	3600		264.19		         0		-999.00
-999	1535171834	3600		264.19		         0		-999.00
-999	1535175434	3600		264.19		         0		-999.00
-999	1535179034	3600		264.19		         0		-999.00
-999	1535182634	3600		260.72		         0		-999.00
-999	1535186234	3600		260.95		         0		-999.00
-999	1535189834	3600		260.95		         0		-999.00
-999	1535191851	2017		260.57		         0		-999.00
7087	1535193051	1200		273.88		 259612217		1320.00
7087	1535196651	3600		274.37		 282689734		1293.00
7087	1535200251	3600		273.71		 262711795		1275.00
7087	1535203851	3600		272.85		 240304009		1257.00
7087	1535207451	3600		272.16		 219219838		1243.00
7087	1535211051	3600		271.45		 199851760		1233.00
7087	1535214651	3600		270.86		 183891277		1215.00
7087	1535218251	3600		270.25		 167172625		1196.00
7087	1535221851	3600		269.70		 150952898		1184.00
7087	1535225451	3600		269.49		 144826396		1176.00
7087	1535229051	3600		269.05		 131893213		1176.00
7087	1535232651	3600		268.61		 121348554		1158.00
7087	1535236251	3600		268.14		 107697706		1145.00
7087	1535238176	1925		267.49		  91755000		1130.00
-999	1535239376	1200		260.82		         0		-999.00
-999	1535242976	3600		261.11		         0		-999.00
-999	1535246576	3600		261.05		         0		-999.00
-999	1535246754	178		261.05		         0		-999.00
7088	1535247954	1200		273.71		 253120147		1319.00
7088	1535251462	3508		274.41		 287729101		1281.00
-999	1535252662	1200		263.81		         0		-999.00
-999	1535256262	3600		260.89		         0		-999.00
-999	1535259862	3600		260.95		         0		-999.00
-999	1535263462	3600		261.01		         0		-999.00
-999	1535267062	3600		260.66		         0		-999.00
-999	1535267678	616		260.95		         0		-999.00
7090	1535268878	1200		274.03		 265964569		1320.00
7090	1535272478	3600		274.47		 285421073		1308.00
7090	1535276078	3600		273.65		 260239379		1287.00
7090	1535279678	3600		273.03		 242337080		1281.00
7090	1535283278	3600		272.21		 221253271		1261.00
7090	1535286878	3600		271.57		 201902626		1245.00
7090	1535290478	3600		271.04		 185913586		1230.00
7090	1535294078	3600		270.49		 171929305		1211.00
7090	1535297678	3600		269.91		 155948263		1203.00
7090	1535301278	3600		269.59		 145484223		1201.00
7090	1535304878	3600		269.25		 137443448		1189.00
7090	1535308478	3600		268.78		 127779407		1166.00
7090	1535312078	3600		268.21		 108471679		1167.00
7090	1535313102	1024		268.25		 109826384		1162.00
-999	1535314302	1200		260.73		         0		-999.00
-999	1535317902	3600		260.67		         0		-999.00
-999	1535321348	3446		260.93		         0		-999.00
7091	1535322548	1200		273.87		 259665398		1333.00
7091	1535326148	3600		274.30		 280041783		1312.00
7091	1535329748	3600		273.60		 259479491		1299.00
7091	1535333348	3600		272.87		 236968593		1283.00
7091	1535336948	3600		272.17		 218580475		1270.00
7091	1535340548	3600		271.55		 201223532		1258.00
7091	1535344148	3600		271.01		 184784952		1239.00
7091	1535347748	3600		270.44		 170176025		1230.00
7091	1535351348	3600		269.64		 153511572		1193.00
7091	1535354948	3600		269.52		 144645100		1207.00
7091	1535358548	3600		269.22		 136508586		1194.00
7091	1535362148	3600		268.76		 122640613		1184.00
7091	1535365748	3600		268.46		 115958539		1173.00
7091	1535368639	2891		267.88		  98728208		1160.00
-999	1535369839	1200		260.91		         0		-999.00
-999	1535373439	3600		264.11		         0		-999.00
-999	1535377039	3600		260.88		         0		-999.00
-999	1535380639	3600		260.93		         0		-999.00
-999	1535384239	3600		260.75		         0		-999.00
-999	1535385389	1150		261.05		         0		-999.00
7092	1535386589	1200		273.52		 251858903		1317.00
7092	1535390189	3600		273.89		 267871218		1301.00
7092	1535393789	3600		273.06		 246714949		1290.00
7092	1535395985	2196		272.60		 232961352		1277.00
-999	1535397185	1200		263.83		         0		-999.00
-999	1535400785	3600		264.13		         0		-999.00
-999	1535404385	3600		260.70		         0		-999.00
-999	1535407985	3600		260.99		         0		-999.00
-999	1535410972	2987		260.99		         0		-999.00
7095	1535412172	1200		273.54		 254775579		1320.00
7095	1535415772	3600		274.01		 270508564		1307.00
7095	1535419372	3600		273.23		 250203593		1300.00
7095	1535422972	3600		272.46		 227958850		1294.00
7095	1535426572	3600		271.87		 211508512		1268.00
7095	1535430172	3600		271.26		 193125987		1256.00
7095	1535431917	1745		270.90		 183262029		1249.00
-999	1535433117	1200		264.13		         0		-999.00
-999	1535436717	3600		263.83		         0		-999.00
-999	1535440317	3600		264.08		         0		-999.00
-999	1535443917	3600		259.80		         0		-999.00
-999	1535447517	3600		260.84		         0		-999.00
-999	1535451117	3600		260.95		         0		-999.00
-999	1535454717	3600		260.89		         0		-999.00
-999	1535456340	1623		261.05		         0		-999.00
7097	1535457540	1200		273.84		 259395179		1346.00
7097	1535461140	3600		274.05		 273402594		1319.00
7097	1535464740	3600		273.42		 254455750		1298.00
7097	1535468340	3600		272.70		 232778477		1293.00
7097	1535471940	3600		271.90		 212045384		1271.00
7097	1535475540	3600		271.35		 195317767		1253.00
7097	1535479140	3600		270.64		 177467176		1239.00
7097	1535482740	3600		270.17		 163478741		1232.00
7097	1535486340	3600		269.56		 148732064		1208.00
7097	1535489940	3600		269.46		 143382992		1212.00
7097	1535493540	3600		268.81		 127812535		1189.00
7097	1535497140	3600		268.61		 120889631		1189.00
7097	1535500740	3600		268.17		 108412728		1174.00
7097	1535504340	3600		267.82		  98171489		1167.00
7097	1535505368	1028		267.06		  77251378		1156.00
-999	1535506568	1200		260.58		         0		-999.00
-999	1535510168	3600		261.13		         0		-999.00
-999	1535512996	2828		260.61		         0		-999.00
7098	1535514196	1200		273.79		 260006773		1339.00
7098	1535517796	3600		274.37		 281874768		1340.00
7098	1535521396	3600		273.58		 260149727		1315.00
7098	1535524996	3600		272.80		 237747304		1299.00
7098	1535528596	3600		272.09		 218104156		1285.00
7098	1535532089	3493		271.45		 199666125		1271.00
-999	1535533289	1200		264.04		         0		-999.00
-999	1535536889	3600		264.28		         0		-999.00
-999	1535540489	3600		260.96		         0		-999.00
-999	1535544089	3600		261.04		         0		-999.00
-999	1535544488	399		261.04		         0		-999.00
7099	1535545688	1200		273.44		 251955040		1341.00
7099	1535549288	3600		274.02		 272564938		1328.00
7099	1535551174	1886		273.42		 253718541		1329.00
-999	1535552374	1200		264.19		         0		-999.00
-999	1535555974	3600		264.08		         0		-999.00
-999	1535559574	3600		264.25		         0		-999.00
-999	1535563174	3600		264.23		         0		-999.00
-999	1535566774	3600		261.05		         0		-999.00
-999	1535570374	3600		260.86		         0		-999.00
-999	1535570740	366		260.86		         0		-999.00
7101	1535571940	1200		274.40		 274458987		1388.00
7101	1535575540	3600		274.71		 292044707		1351.00
7101	1535579140	3600		273.72		 265499650		1319.00
7101	1535580041	901		273.42		 255603770		1323.00
-999	1535581241	1200		264.06		         0		-999.00
-999	1535584841	3600		264.25		         0		-999.00
-999	1535588441	3600		264.25		         0		-999.00
-999	1535592041	3600		264.25		         0		-999.00
-999	1535595641	3600		264.25		         0		-999.00
-999	1535599241	3600		264.19		         0		-999.00
-999	1535602841	3600		264.19		         0		-999.00
-999	1535606441	3600		264.19		         0		-999.00
-999	1535610041	3600		260.87		         0		-999.00
-999	1535613641	3600		260.90		         0		-999.00
-999	1535614998	1357		260.95		         0		-999.00
7105	1535616198	1200		274.00		 265362438		1368.00
7105	1535619798	3600		274.39		 282051692		1335.00
7105	1535623398	3600		273.60		 259669615		1329.00
7105	1535626998	3600		272.77		 236298021		1311.00
7105	1535630598	3600		272.14		 218858890		1302.00
7105	1535634198	3600		271.52		 200148965		1284.00
7105	1535637798	3600		270.88		 184043708		1264.00
7105	1535641398	3600		270.42		 170899555		1254.00
7105	1535644998	3600		269.79		 152479640		1241.00
7105	1535648598	3600		269.50		 142852402		1237.00
7105	1535652198	3600		269.09		 134505429		1219.00
7105	1535655798	3600		268.64		 121515463		1208.00
7105	1535659398	3600		268.42		 114124323		1202.00
7105	1535662998	3600		267.75		 100684056		1177.00
7105	1535663769	771		267.80		  98345224		1185.00
-999	1535664969	1200		261.02		         0		-999.00
-999	1535668569	3600		260.96		         0		-999.00
-999	1535672169	3600		264.16		         0		-999.00
-999	1535675769	3600		260.66		         0		-999.00
-999	1535679369	3600		260.59		         0		-999.00
-999	1535680532	1163		260.95		         0		-999.00
7108	1535681732	1200		274.13		 269730514		1366.00
7108	1535685332	3600		274.51		 286074628		1347.00
7108	1535688932	3600		273.70		 262932160		1334.00
7108	1535692532	3600		272.96		 242035571		1312.00
7108	1535696132	3600		272.30		 220292681		1306.00
7108	1535699732	3600		271.62		 203591688		1291.00
7108	1535703332	3600		270.99		 186350827		1263.00
7108	1535706932	3600		270.53		 172728730		1265.00
7108	1535710532	3600		270.03		 158005441		1248.00
7108	1535714132	3600		269.45		 144441150		1220.00
7108	1535717732	3600		269.25		 137450743		1226.00
7108	1535721332	3600		268.97		 130231259		1224.00
7108	1535724932	3600		268.23		 111826699		1194.00
7108	1535725313	381		267.75		  95679602		1198.00
-999	1535726513	1200		260.88		         0		-999.00
-999	1535730113	3600		261.02		         0		-999.00
-999	1535733713	3600		260.82		         0		-999.00
-999	1535733821	108		260.77		         0		-999.00
-999	1535735942	1200		264.25		         0		-999.00
-999	1535739542	3600		260.79		         0		-999.00
-999	1535742103	2561		261.05		         0		-999.00
7110	1535743303	1200		273.71		 258639644		1357.00
7110	1535746903	3600		274.12		 274784708		1357.00
7110	1535750503	3600		273.28		 251534481		1345.00
7110	1535754103	3600		272.70		 234324068		1331.00
7110	1535757703	3600		272.06		 216606056		1314.00
7110	1535761303	3600		271.43		 198126425		1297.00
7110	1535764903	3600		270.94		 183285743		1281.00
7110	1535768503	3600		270.40		 169489619		1274.00
7110	1535772103	3600		269.90		 154642270		1256.00
7110	1535775703	3600		269.52		 143902038		1259.00
7110	1535779303	3600		269.29		 137871438		1239.00
7110	1535782903	3600		268.63		 126430186		1213.00
7110	1535783443	540		268.56		 119926824		1220.00
-999	1535784643	1200		260.45		         0		-999.00
-999	1535788243	3600		261.00		         0		-999.00
-999	1535791843	3600		260.62		         0		-999.00
-999	1535792877	1034		261.05		         0		-999.00
-999	1535795063	1200		264.22		         0		-999.00
-999	1535798663	3600		264.22		         0		-999.00
-999	1535802263	3600		264.22		         0		-999.00
-999	1535805863	3600		264.22		         0		-999.00
-999	1535809463	3600		264.22		         0		-999.00
-999	1535813063	3600		264.22		         0		-999.00
-999	1535816663	3600		264.22		         0		-999.00
-999	1535820263	3600		264.22		         0		-999.00
-999	1535823863	3600		260.83		         0		-999.00
-999	1535826450	2587		260.83		         0		-999.00
-999	1535828222	1200		263.78		         0		-999.00
-999	1535831822	3600		264.23		         0		-999.00
-999	1535835422	3600		264.23		         0		-999.00
-999	1535839022	3600		264.17		         0		-999.00
-999	1535842622	3600		261.05		         0		-999.00
-999	1535846222	3600		260.99		         0		-999.00
-999	1535848779	2557		261.05		         0		-999.00
7117	1535849979	1200		274.35		 273476705		1392.00
7117	1535853579	3600		274.65		 289005532		1373.00
7117	1535857179	3600		273.86		 267199954		1350.00
7117	1535860779	3600		273.04		 244400884		1337.00
7117	1535864379	3600		272.22		 222350706		1314.00
7117	1535864581	202		272.70		 238423767		1310.00
-999	1535865781	1200		264.25		         0		-999.00
-999	1535869381	3600		264.25		         0		-999.00
-999	1535872981	3600		264.19		         0		-999.00
-999	1535876581	3600		259.50		         0		-999.00
-999	1535880181	3600		261.02		         0		-999.00
-999	1535880182	1		261.02		         0		-999.00
7118	1535881382	1200		274.61		 280242403		1429.00
7118	1535884982	3600		275.18		 305288482		1397.00
7118	1535888582	3600		274.21		 278247085		1378.00
7118	1535892182	3600		273.35		 255253079		1338.00
7118	1535895782	3600		272.56		 231782470		1336.00
7118	1535899382	3600		271.95		 213750964		1317.00
7118	1535902982	3600		271.34		 194982379		1312.00
7118	1535904414	1432		270.00		 161657511		1271.00
-999	1535905614	1200		261.02		         0		-999.00
-999	1535909214	3600		264.16		         0		-999.00
-999	1535912814	3600		260.54		         0		-999.00
-999	1535916414	3600		260.94		         0		-999.00
-999	1535917171	757		261.06		         0		-999.00
7120	1535918371	1200		274.56		 280388354		1429.00
7120	1535921971	3600		274.92		 298029748		1408.00
7120	1535925571	3600		274.08		 273969339		1374.00
7120	1535929171	3600		273.15		 246921593		1362.00
7120	1535932771	3600		272.45		 229119897		1342.00
7120	1535936371	3600		271.30		 199278493		1298.00
7120	1535936549	178		272.51		 239653386		1302.00
-999	1535937749	1200		261.07		         0		-999.00
-999	1535941349	3600		260.96		         0		-999.00
-999	1535944949	3600		260.56		         0		-999.00
-999	1535948549	3600		260.87		         0		-999.00
-999	1535949364	815		260.99		         0		-999.00
7122	1535950564	1200		274.01		 261310349		1429.00
7122	1535954164	3600		274.75		 294566488		1396.00
7122	1535957764	3600		273.70		 265646293		1365.00
7122	1535961364	3600		273.06		 244191294		1347.00
7122	1535964964	3600		272.21		 220033735		1331.00
7122	1535968564	3600		271.44		 199942526		1306.00
7122	1535972164	3600		270.90		 184112846		1298.00
7122	1535972423	259		270.64		 175443887		1298.00
-999	1535973623	1200		264.05		         0		-999.00
-999	1535977223	3600		264.11		         0		-999.00
-999	1535980823	3600		259.76		         0		-999.00
-999	1535984423	3600		260.99		         0		-999.00
-999	1535985541	1118		260.99		         0		-999.00
7123	1535986741	1200		274.23		 271075595		1420.00
7123	1535990341	3600		274.59		 287287855		1404.00
7123	1535993941	3600		273.87		 266832774		1388.00
7123	1535997541	3600		273.02		 242609982		1374.00
7123	1536001141	3600		272.36		 224492726		1355.00
7123	1536004741	3600		271.69		 205608928		1335.00
7123	1536008341	3600		271.13		 188911460		1320.00
7123	1536011941	3600		270.67		 175404187		1307.00
7123	1536015541	3600		270.13		 161100127		1293.00
7123	1536019141	3600		269.65		 149137680		1271.00
7123	1536022741	3600		269.12		 135389803		1272.00
7123	1536026309	3568		268.62		 122702361		1248.00
-999	1536027509	1200		264.19		         0		-999.00
-999	1536031109	3600		260.79		         0		-999.00
-999	1536033290	2181		261.07		         0		-999.00
7124	1536034490	1200		274.51		 278636268		1442.00
7124	1536038090	3600		274.79		 293107693		1421.00
7124	1536041690	3600		273.99		 270700423		1395.00
7124	1536045290	3600		273.10		 245208328		1372.00
7124	1536048890	3600		272.39		 225177472		1352.00
7124	1536052490	3600		271.68		 205027230		1334.00
7124	1536056090	3600		271.13		 188880474		1316.00
7124	1536059690	3600		270.40		 172194496		1293.00
7124	1536063290	3600		270.02		 158026069		1293.00
7124	1536066890	3600		269.85		 152492751		1292.00
7124	1536070490	3600		269.40		 141104240		1282.00
7124	1536074090	3600		269.03		 132357675		1261.00
7124	1536077690	3600		268.20		 109813614		1229.00
7124	1536078019	329		267.53		  87476512		1234.00
-999	1536079219	1200		260.75		         0		-999.00
-999	1536082819	3600		260.92		         0		-999.00
-999	1536085704	2885		260.98		         0		-999.00
7125	1536086904	1200		273.93		 261361479		1439.00
7125	1536090504	3600		274.17		 275827686		1399.00
7125	1536094104	3600		273.44		 253081095		1389.00
7125	1536097704	3600		272.69		 235846905		1371.00
7125	1536101304	3600		272.08		 215669963		1360.00
7125	1536104904	3600		271.55		 199895473		1342.00
7125	1536108504	3600		270.92		 183011985		1325.00
7125	1536112104	3600		270.43		 170240909		1311.00
7125	1536115704	3600		269.94		 156083786		1303.00
7125	1536119304	3600		269.54		 144820436		1296.00
7125	1536121786	2482		269.38		 140944455		1281.00
-999	1536122986	1200		260.53		         0		-999.00
-999	1536126586	3600		264.19		         0		-999.00
-999	1536130186	3600		263.94		         0		-999.00
-999	1536133786	3600		264.27		         0		-999.00
-999	1536137386	3600		261.07		         0		-999.00
-999	1536140986	3600		260.84		         0		-999.00
-999	1536141634	648		261.02		         0		-999.00
7127	1536142834	1200		274.16		 268011095		1446.00
7127	1536146434	3600		274.52		 282538719		1428.00
7127	1536150034	3600		273.73		 264919735		1400.00
7127	1536153634	3600		272.93		 240615832		1384.00
7127	1536157234	3600		272.33		 222167383		1367.00
7127	1536160834	3600		271.61		 202021726		1348.00
7127	1536164434	3600		271.04		 186589819		1336.00
7127	1536168034	3600		270.42		 170006632		1318.00
7127	1536171634	3600		269.96		 156751778		1310.00
7127	1536175234	3600		269.37		 148379240		1262.00
7127	1536178834	3600		269.09		 133413099		1283.00
7127	1536182434	3600		268.72		 124733173		1257.00
7127	1536185562	3128		268.03		 108413535		1238.00
-999	1536186762	1200		264.28		         0		-999.00
-999	1536190362	3600		260.87		         0		-999.00
-999	1536192661	2299		261.05		         0		-999.00
7128	1536193861	1200		273.99		 264790706		1440.00
7128	1536197461	3600		274.40		 281295075		1426.00
7128	1536201061	3600		273.48		 255699588		1408.00
7128	1536204661	3600		272.78		 236098547		1391.00
7128	1536208261	3600		272.02		 213280180		1370.00
7128	1536211861	3600		271.41		 198236379		1356.00
7128	1536215461	3600		270.81		 180122218		1338.00
7128	1536216485	1024		270.54		 171193981		1335.00
-999	1536217685	1200		263.99		         0		-999.00
-999	1536221285	3600		260.80		         0		-999.00
-999	1536224885	3600		260.90		         0		-999.00
-999	1536228485	3600		261.02		         0		-999.00
-999	1536232085	3600		260.54		         0		-999.00
-999	1536234138	2053		260.93		         0		-999.00
7131	1536235338	1200		274.29		 270076560		1457.00
7131	1536238938	3600		274.56		 285725288		1434.00
7131	1536242538	3600		273.68		 262161288		1404.00
7131	1536246138	3600		272.93		 241397755		1389.00
7131	1536249738	3600		272.23		 219814352		1374.00
7131	1536253338	3600		271.59		 202493841		1357.00
7131	1536256938	3600		271.01		 185015567		1343.00
7131	1536260538	3600		270.49		 171651692		1326.00
7131	1536264138	3600		269.74		 152079786		1309.00
7131	1536267738	3600		269.45		 142494043		1306.00
7131	1536268413	675		269.36		 139543697		1300.00
-999	1536269613	1200		264.25		         0		-999.00
-999	1536273213	3600		261.00		         0		-999.00
-999	1536275070	1857		261.05		         0		-999.00
7132	1536276270	1200		273.23		 240011451		1447.00
7132	1536279870	3600		273.93		 266299703		1433.00
7132	1536283470	3600		273.17		 246081270		1411.00
7132	1536287070	3600		272.36		 225014817		1389.00
7132	1536290670	3600		271.79		 207859422		1375.00
7132	1536294270	3600		271.18		 189555607		1358.00
7132	1536295684	1414		270.91		 180794892		1347.00
-999	1536296884	1200		264.04		         0		-999.00
-999	1536300484	3600		263.87		         0		-999.00
-999	1536304084	3600		264.16		         0		-999.00
-999	1536307684	3600		260.99		         0		-999.00
-999	1536311284	3600		260.92		         0		-999.00
-999	1536311348	64		260.92		         0		-999.00
7133	1536312548	1200		273.40		 248964330		1438.00
7133	1536316148	3600		274.02		 271364328		1430.00
7133	1536319748	3600		273.16		 246673522		1406.00
7133	1536323348	3600		272.42		 225853478		1391.00
7133	1536323858	510		272.04		 213080673		1389.00
-999	1536325058	1200		264.16		         0		-999.00
-999	1536328658	3600		261.01		         0		-999.00
-999	1536332258	3600		261.07		         0		-999.00
-999	1536335160	2902		260.99		         0		-999.00
7135	1536336360	1200		273.36		 243838777		1447.00
7135	1536339960	3600		273.39		 254549996		1405.00
7135	1536343560	3600		272.88		 237884678		1406.00
7135	1536347160	3600		272.34		 223454241		1384.00
7135	1536347926	766		269.62		 143692262		1341.00
-999	1536349126	1200		260.67		         0		-999.00
-999	1536352726	3600		264.22		         0		-999.00
-999	1536356326	3600		264.28		         0		-999.00
-999	1536359926	3600		260.88		         0		-999.00
-999	1536362297	2371		261.07		         0		-999.00
7137	1536363497	1200		273.45		 245569819		1483.00
7137	1536367097	3600		273.86		 266916692		1431.00
7137	1536370697	3600		273.16		 246410349		1422.00
7137	1536374297	3600		272.49		 227689355		1404.00
7137	1536377897	3600		271.85		 208378716		1380.00
7137	1536381497	3600		271.31		 193116570		1376.00
7137	1536385097	3600		270.68		 177711400		1357.00
7137	1536388697	3600		270.19		 163388600		1344.00
7137	1536392297	3600		269.72		 149719971		1324.00
7137	1536395897	3600		269.57		 146336136		1324.00
7137	1536399497	3600		269.14		 133833445		1312.00
7137	1536403097	3600		268.69		 120970739		1296.00
7137	1536406697	3600		267.94		 103984484		1261.00
7137	1536409379	2682		260.82		  99465069		 10.00
-999	1536410579	1200		260.90		         0		-999.00
-999	1536414179	3600		260.79		         0		-999.00
-999	1536417779	3600		260.77		         0		-999.00
-999	1536420728	2949		261.02		         0		-999.00
7139	1536421928	1200		272.92		 231924365		1448.00
7139	1536425528	3600		273.51		 254855216		1434.00
7139	1536429128	3600		272.34		 236041958		1324.00
7139	1536432728	3600		271.75		 220334714		1317.00
7139	1536436328	3600		271.54		 201485067		1389.00
7139	1536439928	3600		271.00		 185311682		1370.00
7139	1536443528	3600		270.50		 171989519		1356.00
7139	1536447128	3600		270.08		 159359659		1339.00
7139	1536450728	3600		269.69		 148568595		1337.00
7139	1536454328	3600		269.53		 143554128		1323.00
7139	1536457928	3600		269.11		 131326282		1323.00
7139	1536461528	3600		268.80		 124957841		1308.00
7139	1536465128	3600		268.19		 111552190		1286.00
7139	1536465786	658		260.86		  82015845		 10.00
-999	1536466986	1200		261.13		         0		-999.00
-999	1536470586	3600		260.90		         0		-999.00
-999	1536474186	3600		260.82		         0		-999.00
-999	1536474695	509		260.94		         0		-999.00
-999	1536476173	1200		264.31		         0		-999.00
-999	1536479773	3600		264.25		         0		-999.00
-999	1536483373	3600		264.31		         0		-999.00
-999	1536486973	3600		260.77		         0		-999.00
-999	1536490573	3600		260.99		         0		-999.00
-999	1536494173	3600		260.99		         0		-999.00
-999	1536497773	3600		260.99		         0		-999.00
-999	1536501373	3600		260.99		         0		-999.00
-999	1536501467	94		260.99		         0		-999.00
7144	1536502667	1200		274.28		 267133952		1563.00
7144	1536506267	3600		274.66		 290106991		1517.00
7144	1536509867	3600		273.78		 267821517		1441.00
7144	1536513467	3600		273.05		 241336375		1428.00
7144	1536517067	3600		271.88		 223561679		1334.00
7144	1536520667	3600		271.68		 204600674		1401.00
7144	1536524267	3600		270.97		 186577632		1379.00
7144	1536527867	3600		270.49		 172435218		1364.00
7144	1536531467	3600		269.88		 155581888		1348.00
7144	1536534383	2916		269.59		 145913928		1342.00
-999	1536535583	1200		264.10		         0		-999.00
-999	1536539183	3600		262.73		         0		-999.00
-999	1536542783	3600		263.95		         0		-999.00
-999	1536543057	274		263.96		         0		-999.00
7145	1536544257	1200		273.73		 254328957		1499.00
7145	1536547857	3600		274.18		 276135848		1459.00
7145	1536551457	3600		273.42		 254558042		1449.00
7145	1536555057	3600		272.65		 233152984		1423.00
7145	1536558657	3600		272.07		 215655811		1409.00
7145	1536562257	3600		271.41		 197492484		1395.00
7145	1536565857	3600		270.87		 181411068		1376.00
7145	1536569457	3600		270.18		 167714896		1328.00
7145	1536573057	3600		269.81		 153458758		1348.00
7145	1536575398	2341		269.55		 144744964		1345.00
-999	1536576598	1200		260.65		         0		-999.00
-999	1536580198	3600		263.89		         0		-999.00
-999	1536583798	3600		264.27		         0		-999.00
-999	1536587398	3600		263.90		         0		-999.00
-999	1536590998	3600		264.08		         0		-999.00
-999	1536594598	3600		264.31		         0		-999.00
-999	1536598198	3600		264.25		         0		-999.00
-999	1536601798	3600		264.19		         0		-999.00
-999	1536605398	3600		264.19		         0		-999.00
-999	1536608998	3600		264.19		         0		-999.00
-999	1536612598	3600		264.19		         0		-999.00
-999	1536616198	3600		264.19		         0		-999.00
-999	1536619798	3600		264.19		         0		-999.00
-999	1536623398	3600		264.19		         0		-999.00
-999	1536626998	3600		264.19		         0		-999.00
-999	1536630598	3600		264.19		         0		-999.00
-999	1536634198	3600		264.19		         0		-999.00
-999	1536637798	3600		264.19		         0		-999.00
-999	1536641398	3600		264.19		         0		-999.00
-999	1536644998	3600		264.19		         0		-999.00
-999	1536648598	3600		264.08		         0		-999.00
-999	1536652198	3600		263.82		         0		-999.00
-999	1536655798	3600		264.23		         0		-999.00
-999	1536659398	3600		264.03		         0		-999.00
-999	1536662998	3600		260.73		         0		-999.00
-999	1536666598	3600		260.77		         0		-999.00
-999	1536670198	3600		260.60		         0		-999.00
-999	1536673798	3600		261.02		         0		-999.00
-999	1536677398	3600		261.02		         0		-999.00
-999	1536680998	3600		260.96		         0		-999.00
-999	1536684598	3600		260.96		         0		-999.00
-999	1536688198	3600		261.00		         0		-999.00
-999	1536691798	3600		261.00		         0		-999.00
-999	1536695398	3600		261.00		         0		-999.00
-999	1536698998	3600		261.00		         0		-999.00
-999	1536702598	3600		260.94		         0		-999.00
-999	1536706198	3600		261.00		         0		-999.00
-999	1536709798	3600		261.00		         0		-999.00
-999	1536713398	3600		261.00		         0		-999.00
-999	1536716998	3600		261.00		         0		-999.00
-999	1536720598	3600		261.05		         0		-999.00
-999	1536724198	3600		255.82		         0		-999.00
-999	1536727798	3600		255.59		         0		-999.00
-999	1536731398	3600		255.68		         0		-999.00
-999	1536734998	3600		255.96		         0		-999.00
-999	1536738598	3600		256.08		         0		-999.00
-999	1536742198	3600		255.97		         0		-999.00
-999	1536745798	3600		255.96		         0		-999.00
-999	1536749398	3600		256.01		         0		-999.00
-999	1536752998	3600		256.06		         0		-999.00
-999	1536756598	3600		256.07		         0		-999.00
-999	1536760198	3600		255.78		         0		-999.00
-999	1536763798	3600		255.83		         0		-999.00
-999	1536767398	3600		255.94		         0		-999.00
-999	1536770998	3600		256.13		         0		-999.00
-999	1536774598	3600		256.08		         0		-999.00
-999	1536778198	3600		255.97		         0		-999.00
-999	1536781798	3600		256.07		         0		-999.00
-999	1536785398	3600		255.95		         0		-999.00
-999	1536788998	3600		255.99		         0		-999.00
-999	1536792598	3600		255.84		         0		-999.00
-999	1536796198	3600		256.07		         0		-999.00
-999	1536799798	3600		256.05		         0		-999.00
-999	1536803398	3600		256.01		         0		-999.00
-999	1536806998	3600		256.07		         0		-999.00
-999	1536810598	3600		256.02		         0		-999.00
-999	1536814198	3600		256.17		         0		-999.00
-999	1536817798	3600		255.97		         0		-999.00
-999	1536821398	3600		255.95		         0		-999.00
-999	1536824998	3600		256.07		         0		-999.00
-999	1536828598	3600		255.99		         0		-999.00
-999	1536832198	3600		255.99		         0		-999.00
-999	1536835798	3600		255.98		         0		-999.00
-999	1536839398	3600		256.10		         0		-999.00
-999	1536842998	3600		255.89		         0		-999.00
-999	1536846598	3600		256.07		         0		-999.00
-999	1536850198	3600		255.94		         0		-999.00
-999	1536853798	3600		255.77		         0		-999.00
-999	1536857398	3600		255.99		         0		-999.00
-999	1536860998	3600		256.16		         0		-999.00
-999	1536864598	3600		256.08		         0		-999.00
-999	1536868198	3600		255.95		         0		-999.00
-999	1536871798	3600		256.08		         0		-999.00
-999	1536875398	3600		255.82		         0		-999.00
-999	1536878998	3600		256.07		         0		-999.00
-999	1536882598	3600		256.02		         0		-999.00
-999	1536886198	3600		256.02		         0		-999.00
-999	1536889798	3600		256.04		         0		-999.00
-999	1536893398	3600		256.05		         0		-999.00
-999	1536896998	3600		256.01		         0		-999.00
-999	1536900598	3600		256.05		         0		-999.00
-999	1536904198	3600		255.98		         0		-999.00
-999	1536907798	3600		256.17		         0		-999.00
-999	1536911398	3600		255.84		         0		-999.00
-999	1536914998	3600		256.01		         0		-999.00
-999	1536918598	3600		256.04		         0		-999.00
-999	1536922198	3600		256.07		         0		-999.00
-999	1536925798	3600		255.84		         0		-999.00
-999	1536929398	3600		256.05		         0		-999.00
-999	1536932998	3600		256.07		         0		-999.00
-999	1536936598	3600		255.93		         0		-999.00
-999	1536940198	3600		256.04		         0		-999.00
-999	1536943798	3600		256.06		         0		-999.00
-999	1536947398	3600		255.99		         0		-999.00
-999	1536950998	3600		255.95		         0		-999.00
-999	1536954598	3600		255.95		         0		-999.00
-999	1536958198	3600		255.91		         0		-999.00
-999	1536961798	3600		256.04		         0		-999.00
-999	1536965398	3600		256.11		         0		-999.00
-999	1536968998	3600		255.90		         0		-999.00
-999	1536972598	3600		255.96		         0		-999.00
-999	1536976198	3600		255.95		         0		-999.00
-999	1536979798	3600		256.00		         0		-999.00
-999	1536983398	3600		256.04		         0		-999.00
-999	1536986998	3600		256.02		         0		-999.00
-999	1536990598	3600		255.99		         0		-999.00
-999	1536994198	3600		256.02		         0		-999.00
-999	1536997798	3600		255.88		         0		-999.00
-999	1537001398	3600		255.94		         0		-999.00
-999	1537004998	3600		256.02		         0		-999.00
-999	1537008598	3600		255.84		         0		-999.00
-999	1537012198	3600		256.03		         0		-999.00
-999	1537015798	3600		255.96		         0		-999.00
-999	1537019398	3600		255.97		         0		-999.00
-999	1537022998	3600		255.68		         0		-999.00
-999	1537026598	3600		256.03		         0		-999.00
-999	1537030198	3600		256.07		         0		-999.00
-999	1537033798	3600		256.06		         0		-999.00
-999	1537037398	3600		255.90		         0		-999.00
-999	1537040998	3600		255.95		         0		-999.00
-999	1537044598	3600		255.77		         0		-999.00
-999	1537048198	3600		256.08		         0		-999.00
-999	1537051798	3600		255.96		         0		-999.00
-999	1537055398	3600		255.83		         0		-999.00
-999	1537058998	3600		255.93		         0		-999.00
-999	1537062598	3600		256.08		         0		-999.00
-999	1537066198	3600		255.95		         0		-999.00
-999	1537069798	3600		256.05		         0		-999.00
-999	1537073398	3600		255.77		         0		-999.00
-999	1537076998	3600		256.01		         0		-999.00
-999	1537080042	3044		256.07		         0		-999.00
7188	1537081242	1200		256.01		         0		 11.00
7188	1537084842	3600		255.82		         0		 11.00
7188	1537088442	3600		256.07		         0		 11.00
7188	1537092042	3600		255.83		         0		 11.00
7188	1537095642	3600		255.89		         0		 11.00
7188	1537096150	508		255.78		         0		 11.00
-999	1537097350	1200		256.02		         0		-999.00
-999	1537100950	3600		255.96		         0		-999.00
-999	1537104550	3600		256.04		         0		-999.00
-999	1537108150	3600		256.00		         0		-999.00
-999	1537111750	3600		255.82		         0		-999.00
-999	1537115350	3600		256.08		         0		-999.00
-999	1537118950	3600		255.92		         0		-999.00
-999	1537122550	3600		255.91		         0		-999.00
-999	1537126150	3600		256.04		         0		-999.00
-999	1537129750	3600		255.72		         0		-999.00
-999	1537133350	3600		255.99		         0		-999.00
-999	1537136950	3600		256.08		         0		-999.00
-999	1537140550	3600		255.91		         0		-999.00
-999	1537144150	3600		256.07		         0		-999.00
-999	1537147750	3600		255.93		         0		-999.00
-999	1537151350	3600		255.91		         0		-999.00
-999	1537154950	3600		255.97		         0		-999.00
-999	1537158550	3600		255.83		         0		-999.00
-999	1537162150	3600		255.90		         0		-999.00
-999	1537165750	3600		255.85		         0		-999.00
-999	1537169350	3600		256.25		         0		-999.00
-999	1537172950	3600		256.47		         0		-999.00
-999	1537176550	3600		260.80		         0		-999.00
-999	1537180150	3600		260.90		         0		-999.00
-999	1537183750	3600		264.15		         0		-999.00
-999	1537187350	3600		264.21		         0		-999.00
-999	1537190950	3600		264.15		         0		-999.00
-999	1537194550	3600		264.15		         0		-999.00
-999	1537198150	3600		264.16		         0		-999.00
-999	1537201750	3600		264.28		         0		-999.00
-999	1537205350	3600		264.28		         0		-999.00
-999	1537208950	3600		264.28		         0		-999.00
-999	1537212550	3600		264.25		         0		-999.00
-999	1537216150	3600		264.19		         0		-999.00
-999	1537219750	3600		264.23		         0		-999.00
-999	1537223350	3600		264.23		         0		-999.00
-999	1537226950	3600		264.23		         0		-999.00
-999	1537230550	3600		264.23		         0		-999.00
-999	1537234150	3600		264.23		         0		-999.00
-999	1537237750	3600		264.22		         0		-999.00
-999	1537241350	3600		264.22		         0		-999.00
-999	1537244950	3600		264.10		         0		-999.00
-999	1537248550	3600		264.22		         0		-999.00
-999	1537252150	3600		263.93		         0		-999.00
-999	1537255750	3600		264.10		         0		-999.00
-999	1537259350	3600		264.15		         0		-999.00
-999	1537262950	3600		264.13		         0		-999.00
-999	1537266550	3600		264.25		         0		-999.00
-999	1537270150	3600		264.21		         0		-999.00
-999	1537273750	3600		264.27		         0		-999.00
-999	1537277350	3600		264.22		         0		-999.00
-999	1537280950	3600		264.13		         0		-999.00
-999	1537284550	3600		263.90		         0		-999.00
-999	1537288150	3600		264.19		         0		-999.00
-999	1537291750	3600		264.06		         0		-999.00
-999	1537295350	3600		264.29		         0		-999.00
-999	1537298950	3600		264.29		         0		-999.00
-999	1537302550	3600		264.29		         0		-999.00
-999	1537306150	3600		264.23		         0		-999.00
-999	1537309750	3600		264.23		         0		-999.00
-999	1537313350	3600		264.23		         0		-999.00
-999	1537316950	3600		264.23		         0		-999.00
-999	1537320550	3600		264.23		         0		-999.00
-999	1537324150	3600		264.23		         0		-999.00
-999	1537327750	3600		264.23		         0		-999.00
-999	1537331350	3600		263.82		         0		-999.00
-999	1537334950	3600		264.10		         0		-999.00
-999	1537338550	3600		264.16		         0		-999.00
-999	1537342150	3600		264.22		         0		-999.00
-999	1537345750	3600		264.16		         0		-999.00
-999	1537349350	3600		264.16		         0		-999.00
-999	1537352950	3600		264.16		         0		-999.00
-999	1537356550	3600		264.09		         0		-999.00
-999	1537360150	3600		263.59		         0		-999.00
-999	1537363750	3600		263.82		         0		-999.00
-999	1537367350	3600		263.30		         0		-999.00
-999	1537370950	3600		263.79		         0		-999.00
-999	1537374550	3600		263.77		         0		-999.00
-999	1537378150	3600		263.83		         0		-999.00
-999	1537381750	3600		263.83		         0		-999.00
-999	1537385350	3600		263.85		         0		-999.00
-999	1537388950	3600		263.82		         0		-999.00
-999	1537392550	3600		263.82		         0		-999.00
-999	1537396150	3600		263.88		         0		-999.00
-999	1537399750	3600		263.88		         0		-999.00
-999	1537403350	3600		263.76		         0		-999.00
-999	1537406950	3600		263.78		         0		-999.00
-999	1537410550	3600		263.90		         0		-999.00
-999	1537414150	3600		263.90		         0		-999.00
-999	1537417750	3600		263.78		         0		-999.00
-999	1537421350	3600		263.78		         0		-999.00
-999	1537424950	3600		260.32		         0		-999.00
-999	1537428550	3600		263.35		         0		-999.00
-999	1537432150	3600		255.74		         0		-999.00
-999	1537435750	3600		260.53		         0		-999.00
-999	1537439350	3600		260.36		         0		-999.00
-999	1537442950	3600		263.86		         0		-999.00
-999	1537446550	3600		263.56		         0		-999.00
-999	1537450150	3600		263.82		         0		-999.00
-999	1537453750	3600		263.82		         0		-999.00
-999	1537457350	3600		263.73		         0		-999.00
-999	1537460950	3600		263.88		         0		-999.00
-999	1537464550	3600		263.87		         0		-999.00
-999	1537468150	3600		263.75		         0		-999.00
-999	1537471750	3600		263.80		         0		-999.00
-999	1537475350	3600		263.80		         0		-999.00
-999	1537478950	3600		263.80		         0		-999.00
-999	1537482550	3600		263.80		         0		-999.00
-999	1537486150	3600		263.85		         0		-999.00
-999	1537489750	3600		263.85		         0		-999.00
-999	1537493350	3600		263.88		         0		-999.00
-999	1537496950	3600		263.88		         0		-999.00
-999	1537500550	3600		263.82		         0		-999.00
-999	1537504150	3600		263.88		         0		-999.00
-999	1537507750	3600		263.59		         0		-999.00
-999	1537511350	3600		263.71		         0		-999.00
-999	1537514950	3600		263.82		         0		-999.00
-999	1537518550	3600		255.40		         0		-999.00
-999	1537522150	3600		255.50		         0		-999.00
-999	1537525750	3600		255.73		         0		-999.00
-999	1537529350	3600		255.93		         0		-999.00
-999	1537532950	3600		255.65		         0		-999.00
-999	1537536550	3600		263.90		         0		-999.00
-999	1537540150	3600		263.76		         0		-999.00
-999	1537543750	3600		263.93		         0		-999.00
-999	1537547350	3600		263.70		         0		-999.00
-999	1537550950	3600		260.37		         0		-999.00
-999	1537554550	3600		260.59		         0		-999.00
-999	1537558150	3600		260.71		         0		-999.00
-999	1537561750	3600		260.65		         0		-999.00
-999	1537565350	3600		260.24		         0		-999.00
-999	1537568950	3600		260.65		         0		-999.00
-999	1537572550	3600		260.65		         0		-999.00
-999	1537576150	3600		260.25		         0		-999.00
-999	1537579750	3600		260.73		         0		-999.00
-999	1537583350	3600		260.65		         0		-999.00
-999	1537586950	3600		260.70		         0		-999.00
-999	1537590550	3600		260.64		         0		-999.00
-999	1537594150	3600		260.70		         0		-999.00
-999	1537597750	3600		260.70		         0		-999.00
-999	1537601350	3600		260.45		         0		-999.00
-999	1537604950	3600		260.64		         0		-999.00
-999	1537608550	3600		260.64		         0		-999.00
-999	1537612150	3600		260.64		         0		-999.00
-999	1537615750	3600		260.64		         0		-999.00
-999	1537619350	3600		260.64		         0		-999.00
-999	1537622950	3600		260.64		         0		-999.00
-999	1537626550	3600		260.64		         0		-999.00
-999	1537630150	3600		260.64		         0		-999.00
-999	1537633750	3600		260.64		         0		-999.00
-999	1537637350	3600		260.64		         0		-999.00
-999	1537640950	3600		260.58		         0		-999.00
-999	1537644550	3600		260.64		         0		-999.00
-999	1537648150	3600		260.29		         0		-999.00
-999	1537651750	3600		260.73		         0		-999.00
-999	1537655350	3600		260.69		         0		-999.00
-999	1537658950	3600		260.69		         0		-999.00
-999	1537662550	3600		260.76		         0		-999.00
-999	1537666150	3600		260.57		         0		-999.00
-999	1537669750	3600		260.71		         0		-999.00
-999	1537673350	3600		260.71		         0		-999.00
-999	1537676950	3600		260.48		         0		-999.00
-999	1537680550	3600		260.71		         0		-999.00
-999	1537684150	3600		260.34		         0		-999.00
-999	1537687750	3600		260.59		         0		-999.00
-999	1537691350	3600		260.65		         0		-999.00
-999	1537694950	3600		260.48		         0		-999.00
-999	1537696196	1246		260.10		         0		-999.00
7211	1537697396	1200		263.74		   5341247		1106.00
7211	1537700996	3600		264.10		   5787091		1152.00
7211	1537704596	3600		264.11		   5244132		1152.00
7211	1537708196	3600		263.93		   4924140		1127.00
7211	1537710680	2484		260.55		   4899619		 10.50
-999	1537711880	1200		260.66		         0		-999.00
-999	1537715480	3600		260.33		         0		-999.00
-999	1537719080	3600		260.47		         0		-999.00
-999	1537719764	684		260.59		         0		-999.00
7212	1537720964	1200		265.94		  60171517		1182.00
7212	1537724564	3600		266.35		  66256976		1220.00
7212	1537728164	3600		266.09		  60343141		1209.00
7212	1537731764	3600		265.78		  58017825		1178.00
7212	1537735364	3600		265.67		  55643655		1183.00
7212	1537738964	3600		265.58		  51939951		1176.00
7212	1537739545	581		265.64		  46305145		1210.00
-999	1537740745	1200		260.33		         0		-999.00
-999	1537744345	3600		260.51		         0		-999.00
-999	1537746460	2115		260.72		         0		-999.00
7213	1537747660	1200		269.02		 139884646		1292.00
7213	1537751260	3600		269.25		 147717615		1304.00
7213	1537754860	3600		268.89		 137563566		1305.00
7213	1537758460	3600		268.66		 129715680		1307.00
7213	1537762060	3600		267.87		 120218689		1226.00
7213	1537763357	1297		267.20		  99204484		1228.00
-999	1537764557	1200		260.58		         0		-999.00
-999	1537768157	3600		260.52		         0		-999.00
-999	1537771757	3600		260.52		         0		-999.00
-999	1537775357	3600		263.79		         0		-999.00
-999	1537778957	3600		263.88		         0		-999.00
-999	1537782557	3600		260.42		         0		-999.00
-999	1537786157	3600		260.71		         0		-999.00
-999	1537789599	3442		260.76		         0		-999.00
7217	1537790799	1200		273.51		 259740844		1479.00
7217	1537794399	3600		273.81		 273954147		1459.00
7217	1537797999	3600		273.11		 253703274		1450.00
7217	1537801599	3600		272.39		 232974901		1433.00
7217	1537805199	3600		271.75		 211762271		1426.00
7217	1537808799	3600		271.06		 196196728		1386.00
7217	1537812399	3600		270.47		 179545689		1380.00
7217	1537815999	3600		269.96		 164205869		1367.00
7217	1537819599	3600		269.53		 152115950		1360.00
7217	1537821176	1577		268.89		 132696451		1353.00
-999	1537822376	1200		260.76		         0		-999.00
-999	1537825976	3600		260.31		         0		-999.00
-999	1537829576	3600		263.97		         0		-999.00
-999	1537833176	3600		263.97		         0		-999.00
-999	1537836776	3600		260.40		         0		-999.00
-999	1537838838	2062		260.71		         0		-999.00
7218	1537840038	1200		273.06		 247087840		1476.00
7218	1537843638	3600		273.66		 269234518		1475.00
7218	1537847238	3600		272.94		 247402184		1462.00
7218	1537850838	3600		272.20		 228729030		1435.00
7218	1537854438	3600		271.53		 208069840		1421.00
7218	1537858038	3600		270.97		 193569166		1409.00
7218	1537861638	3600		270.41		 176937328		1391.00
7218	1537865238	3600		269.87		 162303031		1376.00
7218	1537868838	3600		269.44		 153029867		1352.00
7218	1537872438	3600		269.28		 145569368		1363.00
7218	1537876038	3600		268.84		 132928489		1354.00
7218	1537877431	1393		267.99		 110491725		1330.00
-999	1537878631	1200		260.82		         0		-999.00
-999	1537882231	3600		260.28		         0		-999.00
-999	1537885831	3600		260.69		         0		-999.00
-999	1537889431	3600		260.70		         0		-999.00
-999	1537892405	2974		260.58		         0		-999.00
7220	1537893605	1200		263.93		    669729		1177.00
7220	1537897205	3600		260.56		    486275		 10.50
7220	1537898111	906		260.56		    695481		 10.50
-999	1537899311	1200		259.48		         0		-999.00
-999	1537902911	3600		260.61		         0		-999.00
-999	1537906511	3600		260.66		         0		-999.00
-999	1537906841	330		260.66		         0		-999.00
7221	1537908041	1200		273.02		 245156949		1492.00
7221	1537911641	3600		273.30		 259935766		1466.00
7221	1537915241	3600		272.68		 239546808		1464.00
7221	1537918841	3600		272.06		 223328475		1451.00
7221	1537922441	3600		271.42		 205495150		1433.00
7221	1537926041	3600		270.91		 190667501		1420.00
7221	1537929641	3600		270.33		 175392072		1404.00
7221	1537933241	3600		269.89		 162761990		1389.00
7221	1537936841	3600		269.49		 149436388		1380.00
7221	1537940441	3600		269.22		 142334095		1378.00
7221	1537944041	3600		268.81		 132999464		1368.00
7221	1537947641	3600		268.46		 122738510		1348.00
7221	1537951241	3600		268.00		 109553668		1334.00
7221	1537954841	3600		267.61		 100129172		1327.00
7221	1537958441	3600		265.93		  87268489		 10.50
7221	1537960388	1947		265.99		  85948774		 10.50
-999	1537961588	1200		263.59		         0		-999.00
-999	1537965188	3600		263.67		         0		-999.00
-999	1537968788	3600		263.84		         0		-999.00
-999	1537972388	3600		264.00		         0		-999.00
-999	1537975988	3600		263.98		         0		-999.00
-999	1537979588	3600		263.93		         0		-999.00
-999	1537983188	3600		263.98		         0		-999.00
-999	1537986788	3600		263.93		         0		-999.00
-999	1537990388	3600		263.98		         0		-999.00
-999	1537993988	3600		263.81		         0		-999.00
-999	1537997588	3600		263.93		         0		-999.00
-999	1538001188	3600		263.93		         0		-999.00
-999	1538004788	3600		263.93		         0		-999.00
-999	1538008388	3600		263.93		         0		-999.00
-999	1538011988	3600		263.93		         0		-999.00
-999	1538015588	3600		263.93		         0		-999.00
-999	1538019188	3600		263.93		         0		-999.00
-999	1538022788	3600		263.93		         0		-999.00
-999	1538026388	3600		263.93		         0		-999.00
-999	1538029988	3600		263.56		         0		-999.00
-999	1538033588	3600		263.84		         0		-999.00
-999	1538037188	3600		263.57		         0		-999.00
-999	1538040788	3600		263.81		         0		-999.00
-999	1538044388	3600		263.81		         0		-999.00
-999	1538047988	3600		263.81		         0		-999.00
-999	1538051588	3600		260.37		         0		-999.00
-999	1538055188	3600		260.38		         0		-999.00
-999	1538058788	3600		260.64		         0		-999.00
-999	1538062388	3600		260.42		         0		-999.00
-999	1538065988	3600		263.92		         0		-999.00
-999	1538069588	3600		263.92		         0		-999.00
-999	1538073188	3600		263.92		         0		-999.00
-999	1538076788	3600		263.92		         0		-999.00
-999	1538080388	3600		263.92		         0		-999.00
-999	1538083988	3600		263.92		         0		-999.00
-999	1538087588	3600		263.92		         0		-999.00
-999	1538091188	3600		263.92		         0		-999.00
-999	1538094788	3600		263.92		         0		-999.00
-999	1538098388	3600		263.92		         0		-999.00
-999	1538101988	3600		263.92		         0		-999.00
-999	1538105588	3600		260.66		         0		-999.00
-999	1538109188	3600		260.66		         0		-999.00
-999	1538112788	3600		260.66		         0		-999.00
-999	1538116388	3600		260.61		         0		-999.00
-999	1538119988	3600		260.65		         0		-999.00
-999	1538123588	3600		263.88		         0		-999.00
-999	1538127188	3600		263.93		         0		-999.00
-999	1538130788	3600		263.93		         0		-999.00
-999	1538134388	3600		263.53		         0		-999.00
-999	1538137988	3600		263.99		         0		-999.00
-999	1538141588	3600		259.50		         0		-999.00
-999	1538145188	3600		263.98		         0		-999.00
-999	1538148788	3600		263.87		         0		-999.00
-999	1538152388	3600		263.86		         0		-999.00
-999	1538155988	3600		263.93		         0		-999.00
-999	1538159588	3600		263.93		         0		-999.00
-999	1538163188	3600		263.87		         0		-999.00
-999	1538166788	3600		263.87		         0		-999.00
-999	1538170388	3600		263.93		         0		-999.00
-999	1538173988	3600		260.62		         0		-999.00
-999	1538177588	3600		260.44		         0		-999.00
-999	1538178386	798		260.69		         0		-999.00
7234	1538179586	1200		273.12		 248830449		1501.00
7234	1538183186	3600		273.71		 272766440		1490.00
7234	1538186786	3600		272.97		 249833634		1473.00
7234	1538190386	3600		271.95		 233364085		1379.00
7234	1538193986	3600		271.57		 211472298		1439.00
7234	1538197586	3600		270.93		 195935416		1411.00
7234	1538201186	3600		270.42		 178803205		1399.00
7234	1538204786	3600		269.91		 167468197		1382.00
7234	1538208386	3600		269.51		 152200216		1375.00
7234	1538211986	3600		269.19		 145009239		1361.00
7234	1538215586	3600		268.67		 129820172		1347.00
7234	1538219186	3600		268.39		 122382862		1348.00
7234	1538222786	3600		267.64		 104655341		1321.00
7234	1538223189	403		267.31		  93671191		1323.00
-999	1538224389	1200		260.55		         0		-999.00
-999	1538227989	3600		260.71		         0		-999.00
-999	1538231589	3600		263.71		         0		-999.00
-999	1538235189	3600		260.65		         0		-999.00
-999	1538238789	3600		260.48		         0		-999.00
-999	1538239060	271		260.66		         0		-999.00
7236	1538240260	1200		273.42		 255465592		1533.00
7236	1538243860	3600		273.98		 279351711		1510.00
7236	1538247460	3600		273.12		 256482164		1475.00
7236	1538251060	3600		272.45		 236043818		1477.00
7236	1538254660	3600		271.77		 215554741		1446.00
7236	1538258260	3600		271.05		 195665532		1434.00
7236	1538261860	3600		270.62		 183196833		1424.00
7236	1538265460	3600		270.11		 168283198		1409.00
7236	1538269060	3600		269.65		 154894857		1395.00
7236	1538271393	2333		269.45		 150013811		1390.00
-999	1538272593	1200		263.55		         0		-999.00
-999	1538276193	3600		263.83		         0		-999.00
-999	1538279793	3600		264.00		         0		-999.00
-999	1538283393	3600		264.05		         0		-999.00
-999	1538286993	3600		263.99		         0		-999.00
-999	1538290593	3600		260.69		         0		-999.00
-999	1538294193	3600		260.69		         0		-999.00
-999	1538297793	3600		260.67		         0		-999.00
-999	1538298993	1200		260.64		         0		-999.00
7239	1538300193	1200		273.74		 263548646		1552.00
7239	1538303793	3600		274.14		 281473628		1518.00
7239	1538307393	3600		273.13		 257567973		1484.00
7239	1538310993	3600		272.53		 237109642		1482.00
7239	1538314593	3600		271.88		 218572234		1464.00
7239	1538318193	3600		271.17		 199026730		1447.00
7239	1538320938	2745		270.71		 185783634		1432.00
-999	1538322138	1200		263.88		         0		-999.00
-999	1538325738	3600		260.79		         0		-999.00
-999	1538329338	3600		260.70		         0		-999.00
-999	1538329691	353		260.76		         0		-999.00
7240	1538330891	1200		273.19		 248573508		1530.00
7240	1538334491	3600		273.78		 273645560		1521.00
7240	1538338091	3600		273.08		 251749637		1507.00
7240	1538341691	3600		272.23		 229548675		1486.00
7240	1538345291	3600		271.71		 213344289		1467.00
7240	1538348891	3600		271.12		 195499628		1458.00
7240	1538352491	3600		270.51		 180989133		1436.00
7240	1538354676	2185		270.17		 169811601		1426.00
-999	1538355876	1200		263.55		         0		-999.00
-999	1538359476	3600		263.66		         0		-999.00
-999	1538363076	3600		264.01		         0		-999.00
-999	1538366676	3600		260.82		         0		-999.00
-999	1538370276	3600		260.25		         0		-999.00
-999	1538372031	1755		260.82		         0		-999.00
7242	1538373231	1200		273.35		 253011709		1541.00
7242	1538376831	3600		273.24		 265306144		1449.00
7242	1538380431	3600		273.05		 251227279		1516.00
7242	1538384031	3600		272.31		 229212875		1498.00
7242	1538387631	3600		271.68		 212078267		1481.00
7242	1538391231	3600		271.06		 193540415		1465.00
7242	1538394831	3600		270.52		 179413623		1453.00
7242	1538394958	127		265.14		         0		1453.00
-999	1538396158	1200		263.75		         0		-999.00
-999	1538399758	3600		263.88		         0		-999.00
-999	1538403358	3600		260.38		         0		-999.00
-999	1538406958	3600		263.82		         0		-999.00
-999	1538410558	3600		264.05		         0		-999.00
-999	1538414158	3600		263.99		         0		-999.00
-999	1538417758	3600		263.99		         0		-999.00
-999	1538421358	3600		260.54		         0		-999.00
-999	1538424958	3600		260.66		         0		-999.00
-999	1538428558	3600		260.53		         0		-999.00
-999	1538429446	888		260.76		         0		-999.00
7245	1538430646	1200		273.21		 248449023		1532.00
7245	1538434246	3600		273.62		 266089100		1522.00
7245	1538437846	3600		272.81		 243223893		1506.00
7245	1538441446	3600		272.06		 223349623		1482.00
7245	1538445046	3600		271.41		 203976020		1470.00
7245	1538448646	3600		270.66		 182406492		1454.00
7245	1538449005	359		269.50		 143810299		1454.00
-999	1538450205	1200		263.72		         0		-999.00
-999	1538453805	3600		259.56		         0		-999.00
-999	1538457405	3600		260.78		         0		-999.00
-999	1538461005	3600		260.71		         0		-999.00
-999	1538464605	3600		260.71		         0		-999.00
-999	1538468205	3600		260.71		         0		-999.00
-999	1538471805	3600		260.39		         0		-999.00
-999	1538475405	3600		260.64		         0		-999.00
-999	1538479005	3600		260.64		         0		-999.00
-999	1538482605	3600		260.64		         0		-999.00
-999	1538486205	3600		260.64		         0		-999.00
-999	1538489805	3600		260.64		         0		-999.00
-999	1538493405	3600		260.64		         0		-999.00
-999	1538497005	3600		260.64		         0		-999.00
-999	1538500605	3600		260.31		         0		-999.00
-999	1538504205	3600		260.66		         0		-999.00
-999	1538507805	3600		260.66		         0		-999.00
-999	1538511405	3600		264.05		         0		-999.00
-999	1538515005	3600		260.76		         0		-999.00
-999	1538518605	3600		260.71		         0		-999.00
-999	1538521910	3305		260.76		         0		-999.00
7252	1538523110	1200		274.04		 272439316		1552.00
7252	1538526710	3600		274.45		 290180572		1534.00
7252	1538530310	3600		273.56		 266179300		1511.00
7252	1538533910	3600		272.89		 245958052		1494.00
7252	1538537510	3600		272.16		 225771271		1478.00
7252	1538541110	3600		271.49		 205253587		1464.00
7252	1538544710	3600		270.70		 184956743		1441.00
7252	1538548310	3600		270.21		 170778559		1431.00
7252	1538551910	3600		269.75		 157397640		1412.00
7252	1538555510	3600		269.39		 145645276		1413.00
7252	1538559110	3600		269.45		 147650709		1414.00
7252	1538559404	294		269.56		 151348408		1413.00
-999	1538560604	1200		263.66		         0		-999.00
-999	1538564204	3600		260.76		         0		-999.00
-999	1538567804	3600		260.85		         0		-999.00
-999	1538568022	218		260.73		         0		-999.00
7253	1538569222	1200		273.57		 260535127		1574.00
7253	1538572822	3600		273.90		 275157065		1552.00
7253	1538576422	3600		272.92		 250837602		1503.00
7253	1538580022	3600		272.22		 227886142		1506.00
7253	1538583622	3600		271.68		 213073450		1495.00
7253	1538587222	3600		271.01		 193895633		1471.00
7253	1538590822	3600		270.49		 178763226		1462.00
7253	1538592255	1433		270.21		 170946536		1445.00
-999	1538593455	1200		263.59		         0		-999.00
-999	1538597055	3600		263.83		         0		-999.00
-999	1538600655	3600		263.88		         0		-999.00
-999	1538604255	3600		263.65		         0		-999.00
-999	1538607855	3600		263.71		         0		-999.00
-999	1538610453	2598		263.76		         0		-999.00
7256	1538611653	1200		273.47		 259105667		1555.00
7256	1538615253	3600		274.12		 282943479		1553.00
7256	1538618853	3600		273.35		 259024863		1531.00
7256	1538622453	3600		272.54		 237749883		1509.00
7256	1538626053	3600		271.84		 219756777		1499.00
7256	1538629653	3600		271.26		 201238010		1478.00
7256	1538633253	3600		270.66		 183406916		1463.00
7256	1538636853	3600		270.20		 169939753		1443.00
7256	1538640453	3600		269.46		 148436679		1434.00
7256	1538642668	2215		260.49		 145364094		 10.50
-999	1538643868	1200		260.31		         0		-999.00
-999	1538647468	3600		260.31		         0		-999.00
-999	1538651068	3600		263.67		         0		-999.00
-999	1538654668	3600		263.77		         0		-999.00
-999	1538658268	3600		263.82		         0		-999.00
-999	1538661868	3600		263.56		         0		-999.00
-999	1538665468	3600		263.84		         0		-999.00
-999	1538669068	3600		263.85		         0		-999.00
-999	1538672668	3600		263.95		         0		-999.00
-999	1538676268	3600		263.95		         0		-999.00
-999	1538679868	3600		260.66		         0		-999.00
-999	1538683468	3600		260.64		         0		-999.00
-999	1538684393	925		260.65		         0		-999.00
7259	1538685593	1200		273.65		 263105269		1588.00
7259	1538689193	3600		274.28		 288101128		1574.00
7259	1538692793	3600		273.48		 263669059		1554.00
7259	1538696393	3600		272.82		 245055788		1529.00
7259	1538699993	3600		272.12		 225537370		1514.00
7259	1538703593	3600		271.10		 206574849		1434.00
7259	1538707193	3600		270.86		 192723603		1469.00
7259	1538710793	3600		270.43		 178337892		1465.00
7259	1538714393	3600		269.95		 164090389		1455.00
7259	1538717993	3600		269.57		 152924896		1442.00
7259	1538720121	2128		269.57		 152983798		1441.00
-999	1538721321	1200		260.28		         0		-999.00
-999	1538724921	3600		260.51		         0		-999.00
-999	1538728521	3600		260.58		         0		-999.00
-999	1538732121	3600		260.22		         0		-999.00
-999	1538735721	3600		260.48		         0		-999.00
-999	1538739321	3600		263.90		         0		-999.00
-999	1538742921	3600		263.70		         0		-999.00
-999	1538746521	3600		263.88		         0		-999.00
-999	1538750121	3600		263.88		         0		-999.00
-999	1538753721	3600		263.88		         0		-999.00
-999	1538757321	3600		263.88		         0		-999.00
-999	1538760921	3600		264.02		         0		-999.00
-999	1538764521	3600		264.02		         0		-999.00
-999	1538768121	3600		264.02		         0		-999.00
-999	1538771721	3600		263.96		         0		-999.00
-999	1538775321	3600		264.02		         0		-999.00
-999	1538778921	3600		264.02		         0		-999.00
-999	1538782521	3600		264.02		         0		-999.00
-999	1538786121	3600		264.02		         0		-999.00
-999	1538789721	3600		264.02		         0		-999.00
-999	1538793321	3600		264.02		         0		-999.00
-999	1538796921	3600		264.02		         0		-999.00
-999	1538800521	3600		264.02		         0		-999.00
-999	1538804121	3600		264.02		         0		-999.00
-999	1538807721	3600		264.02		         0		-999.00
-999	1538811321	3600		263.80		         0		-999.00
-999	1538814921	3600		263.81		         0		-999.00
-999	1538818521	3600		263.82		         0		-999.00
-999	1538822121	3600		263.93		         0		-999.00
-999	1538825721	3600		263.93		         0		-999.00
-999	1538829321	3600		260.78		         0		-999.00
-999	1538832921	3600		260.66		         0		-999.00
-999	1538836521	3600		260.66		         0		-999.00
-999	1538840121	3600		260.36		         0		-999.00
-999	1538843721	3600		260.65		         0		-999.00
-999	1538847321	3600		260.53		         0		-999.00
-999	1538850921	3600		263.89		         0		-999.00
-999	1538854521	3600		264.01		         0		-999.00
-999	1538858121	3600		260.54		         0		-999.00
-999	1538861721	3600		260.60		         0		-999.00
-999	1538863030	1309		260.60		         0		-999.00
7264	1538864230	1200		273.06		 251012539		1533.00
7264	1538867830	3600		273.39		 260548681		1574.00
7264	1538871430	3600		272.80		 246341207		1518.00
7264	1538875030	3600		271.97		 222486297		1505.00
7264	1538878630	3600		271.39		 205226601		1477.00
7264	1538882230	3600		270.69		 185932168		1468.00
7264	1538885830	3600		270.16		 170001147		1453.00
7264	1538889430	3600		269.57		 154373078		1438.00
7264	1538893030	3600		269.09		 140521389		1425.00
7264	1538896630	3600		268.68		 128609022		1409.00
7264	1538900230	3600		268.25		 117414777		1397.00
7264	1538903830	3600		267.81		 106744452		1378.00
7264	1538907430	3600		267.57		  98777919		1367.00
7264	1538911030	3600		267.28		  91517827		1361.00
7264	1538914630	3600		260.48		  80238600		 10.50
7264	1538918230	3600		260.64		  17649934		 10.50
7264	1538921830	3600		260.65		  36262811		 10.50
7264	1538922448	618		260.65		  77282298		 10.50
-999	1538923648	1200		263.87		         0		-999.00
-999	1538927248	3600		263.88		         0		-999.00
-999	1538930848	3600		263.93		         0		-999.00
-999	1538934448	3600		260.60		         0		-999.00
-999	1538938048	3600		260.39		         0		-999.00
-999	1538940544	2496		260.76		         0		-999.00
7265	1538941744	1200		273.64		 263419667		1604.00
7265	1538945344	3600		273.79		 274261150		1563.00
7265	1538945357	13		279.32		 458451215		1563.00
-999	1538946557	1200		263.75		         0		-999.00
-999	1538950157	3600		260.51		         0		-999.00
-999	1538953757	3600		260.63		         0		-999.00
-999	1538955000	1243		260.66		         0		-999.00
7266	1538956200	1200		272.95		 242069748		1577.00
7266	1538959800	3600		273.34		 261940135		1544.00
7266	1538963400	3600		272.42		 236508453		1526.00
7266	1538967000	3600		271.77		 217084778		1497.00
7266	1538970600	3600		271.22		 200575150		1496.00
7266	1538974200	3600		270.67		 184288711		1483.00
7266	1538977800	3600		270.18		 171525364		1465.00
7266	1538981400	3600		269.77		 158647597		1463.00
7266	1538985000	3600		269.42		 149091555		1450.00
7266	1538988600	3600		269.06		 138805291		1437.00
7266	1538992200	3600		268.87		 132420870		1436.00
7266	1538993758	1558		267.57		 118001566		1275.00
-999	1538994958	1200		263.80		         0		-999.00
-999	1538998558	3600		260.80		         0		-999.00
-999	1539002158	3600		260.51		         0		-999.00
-999	1539005758	3600		260.61		         0		-999.00
-999	1539009358	3600		260.67		         0		-999.00
-999	1539012958	3600		260.67		         0		-999.00
-999	1539016558	3600		260.51		         0		-999.00
-999	1539020158	3600		263.90		         0		-999.00
-999	1539023758	3600		263.93		         0		-999.00
-999	1539027358	3600		260.76		         0		-999.00
-999	1539030958	3600		260.53		         0		-999.00
-999	1539032817	1859		260.73		         0		-999.00
7270	1539034017	1200		273.07		 252808355		1546.00
7270	1539037617	3600		273.55		 265376671		1550.00
7270	1539041217	3600		272.83		 247074381		1535.00
7270	1539044817	3600		272.22		 228038940		1519.00
7270	1539048417	3600		271.53		 208779372		1505.00
7270	1539052017	3600		270.90		 191576459		1485.00
7270	1539055617	3600		270.24		 173338170		1456.00
7270	1539059217	3600		269.69		 158989279		1446.00
7270	1539062817	3600		269.40		 150941901		1435.00
7270	1539066417	3600		269.11		 141284042		1443.00
7270	1539070017	3600		268.70		 129540956		1416.00
7270	1539073617	3600		268.18		 116302666		1402.00
7270	1539077217	3600		267.81		 105830652		1393.00
7270	1539080817	3600		267.46		  96053803		1388.00
7270	1539084417	3600		267.24		  88709123		1378.00
7270	1539086714	2297		266.63		  76177009		1354.00
-999	1539087914	1200		260.51		         0		-999.00
-999	1539091514	3600		260.22		         0		-999.00
-999	1539094678	3164		260.61		         0		-999.00
7271	1539095878	1200		272.89		 244736624		1577.00
7271	1539099478	3600		273.43		 261906904		1574.00
7271	1539103078	3600		272.49		 238974863		1534.00
7271	1539106678	3600		271.82		 218563567		1531.00
7271	1539108273	1595		271.40		 204609765		1525.00
-999	1539109473	1200		260.24		         0		-999.00
-999	1539113073	3600		263.85		         0		-999.00
-999	1539116673	3600		263.90		         0		-999.00
-999	1539120273	3600		263.90		         0		-999.00
-999	1539123873	3600		263.90		         0		-999.00
-999	1539127473	3600		263.90		         0		-999.00
-999	1539131073	3600		263.90		         0		-999.00
-999	1539134673	3600		263.96		         0		-999.00
-999	1539138273	3600		263.96		         0		-999.00
-999	1539141873	3600		263.96		         0		-999.00
-999	1539145473	3600		263.96		         0		-999.00
-999	1539149073	3600		263.96		         0		-999.00
-999	1539152673	3600		263.73		         0		-999.00
-999	1539156273	3600		260.69		         0		-999.00
-999	1539159873	3600		260.54		         0		-999.00
-999	1539163473	3600		263.82		         0		-999.00
-999	1539167073	3600		263.65		         0		-999.00
-999	1539170673	3600		263.61		         0		-999.00
-999	1539174273	3600		263.60		         0		-999.00
-999	1539177873	3600		263.76		         0		-999.00
-999	1539181473	3600		263.60		         0		-999.00
-999	1539185073	3600		264.00		         0		-999.00
-999	1539188673	3600		263.93		         0		-999.00
-999	1539192273	3600		263.95		         0		-999.00
-999	1539195873	3600		263.95		         0		-999.00
-999	1539199473	3600		260.76		         0		-999.00
-999	1539203073	3600		260.59		         0		-999.00
-999	1539206673	3600		260.28		         0		-999.00
-999	1539207241	568		260.28		         0		-999.00
7274	1539208441	1200		273.13		 254384988		1535.00
7274	1539212041	3600		272.45		 226693782		1582.00
7274	1539215641	3600		273.32		 258846092		1566.00
7274	1539219241	3600		272.59		 237772882		1545.00
7274	1539222841	3600		271.94		 219709820		1529.00
7274	1539225050	2209		270.60		 186837469		1476.00
-999	1539226250	1200		263.66		         0		-999.00
-999	1539229850	3600		260.82		         0		-999.00
-999	1539233450	3600		260.73		         0		-999.00
-999	1539237050	3600		260.78		         0		-999.00
-999	1539240650	3600		260.47		         0		-999.00
-999	1539244250	3600		260.78		         0		-999.00
-999	1539247850	3600		260.69		         0		-999.00
-999	1539251450	3600		260.69		         0		-999.00
-999	1539255050	3600		260.33		         0		-999.00
-999	1539258650	3600		260.26		         0		-999.00
-999	1539262250	3600		260.55		         0		-999.00
-999	1539265850	3600		260.55		         0		-999.00
-999	1539269450	3600		260.55		         0		-999.00
-999	1539273050	3600		260.55		         0		-999.00
-999	1539276650	3600		260.55		         0		-999.00
-999	1539280250	3600		260.55		         0		-999.00
-999	1539283850	3600		260.55		         0		-999.00
-999	1539287450	3600		260.55		         0		-999.00
-999	1539291050	3600		260.55		         0		-999.00
-999	1539294650	3600		260.55		         0		-999.00
-999	1539298250	3600		260.55		         0		-999.00
-999	1539301850	3600		260.55		         0		-999.00
-999	1539305450	3600		260.55		         0		-999.00
-999	1539309050	3600		260.55		         0		-999.00
-999	1539312650	3600		260.55		         0		-999.00
-999	1539316250	3600		260.55		         0		-999.00
-999	1539319850	3600		260.55		         0		-999.00
-999	1539323450	3600		260.55		         0		-999.00
-999	1539327050	3600		260.55		         0		-999.00
-999	1539330650	3600		260.59		         0		-999.00
-999	1539334250	3600		260.60		         0		-999.00
-999	1539337850	3600		260.61		         0		-999.00
-999	1539341450	3600		260.61		         0		-999.00
-999	1539345050	3600		260.61		         0		-999.00
-999	1539348650	3600		260.61		         0		-999.00
-999	1539352250	3600		260.61		         0		-999.00
-999	1539355850	3600		260.61		         0		-999.00
-999	1539359450	3600		260.61		         0		-999.00
-999	1539363050	3600		260.61		         0		-999.00
-999	1539366650	3600		260.61		         0		-999.00
-999	1539370250	3600		260.61		         0		-999.00
-999	1539373850	3600		260.61		         0		-999.00
-999	1539377450	3600		260.61		         0		-999.00
-999	1539381050	3600		260.61		         0		-999.00
-999	1539384650	3600		260.61		         0		-999.00
-999	1539388250	3600		260.61		         0		-999.00
-999	1539391850	3600		260.61		         0		-999.00
-999	1539395450	3600		260.61		         0		-999.00
-999	1539399050	3600		260.61		         0		-999.00
-999	1539402650	3600		260.61		         0		-999.00
-999	1539406250	3600		260.61		         0		-999.00
-999	1539409850	3600		260.61		         0		-999.00
-999	1539413450	3600		260.61		         0		-999.00
-999	1539417050	3600		260.61		         0		-999.00
-999	1539420650	3600		260.61		         0		-999.00
-999	1539424250	3600		260.61		         0		-999.00
-999	1539427850	3600		260.61		         0		-999.00
-999	1539431450	3600		260.61		         0		-999.00
-999	1539435050	3600		260.61		         0		-999.00
-999	1539438650	3600		260.61		         0		-999.00
-999	1539442250	3600		260.61		         0		-999.00
-999	1539445850	3600		260.44		         0		-999.00
-999	1539449450	3600		260.28		         0		-999.00
-999	1539453050	3600		263.51		         0		-999.00
-999	1539456650	3600		263.62		         0		-999.00
-999	1539460250	3600		263.62		         0		-999.00
-999	1539463850	3600		263.64		         0		-999.00
-999	1539467450	3600		263.64		         0		-999.00
-999	1539471050	3600		263.70		         0		-999.00
-999	1539471160	110		263.76		         0		-999.00
7299	1539472360	1200		263.80		     20691		1219.00
7299	1539475960	3600		263.92		     18821		1231.00
7299	1539479560	3600		263.92		     15893		1241.00
7299	1539483160	3600		263.92		     13635		1238.00
7299	1539486760	3600		263.92		     11707		1238.00
7299	1539489333	2573		263.92		     10593		1235.00
-999	1539490533	1200		260.26		         0		-999.00
-999	1539494133	3600		260.61		         0		-999.00
-999	1539495803	1670		260.61		         0		-999.00
7300	1539497003	1200		263.99		     22469		1252.00
7300	1539500603	3600		263.88		     20238		1235.00
7300	1539504203	3600		263.88		     16866		1239.00
7300	1539507803	3600		263.88		     14337		1235.00
7300	1539508416	613		260.62		     13793		 10.50
-999	1539509616	1200		260.72		         0		-999.00
-999	1539513216	3600		260.54		         0		-999.00
-999	1539516816	3600		260.49		         0		-999.00
-999	1539520416	3600		260.49		         0		-999.00
-999	1539524016	3600		260.49		         0		-999.00
-999	1539527616	3600		260.49		         0		-999.00
-999	1539531216	3600		260.49		         0		-999.00
-999	1539534816	3600		260.49		         0		-999.00
-999	1539538416	3600		260.49		         0		-999.00
-999	1539542016	3600		260.38		         0		-999.00
-999	1539545616	3600		260.60		         0		-999.00
-999	1539549216	3600		260.51		         0		-999.00
-999	1539552816	3600		260.28		         0		-999.00
-999	1539556416	3600		260.50		         0		-999.00
-999	1539558801	2385		260.59		         0		-999.00
-999	1539560753	1200		260.64		         0		-999.00
-999	1539564353	3600		260.61		         0		-999.00
-999	1539567953	3600		260.61		         0		-999.00
-999	1539571553	3600		260.61		         0		-999.00
-999	1539575153	3600		260.61		         0		-999.00
-999	1539578753	3600		263.88		         0		-999.00
-999	1539582353	3600		264.01		         0		-999.00
-999	1539585953	3600		263.71		         0		-999.00
-999	1539589553	3600		263.76		         0		-999.00
-999	1539593153	3600		263.90		         0		-999.00
-999	1539596753	3600		263.95		         0		-999.00
-999	1539600353	3600		263.96		         0		-999.00
-999	1539603953	3600		263.96		         0		-999.00
-999	1539607553	3600		260.54		         0		-999.00
-999	1539611153	3600		260.65		         0		-999.00
-999	1539614753	3600		260.64		         0		-999.00
-999	1539618353	3600		263.79		         0		-999.00
-999	1539621953	3600		264.07		         0		-999.00
-999	1539625553	3600		263.56		         0		-999.00
-999	1539629153	3600		264.05		         0		-999.00
-999	1539632753	3600		264.05		         0		-999.00
-999	1539636353	3600		264.04		         0		-999.00
-999	1539639953	3600		264.04		         0		-999.00
-999	1539643553	3600		264.04		         0		-999.00
-999	1539647153	3600		264.04		         0		-999.00
-999	1539650753	3600		264.04		         0		-999.00
-999	1539654353	3600		264.04		         0		-999.00
-999	1539657953	3600		264.04		         0		-999.00
-999	1539661553	3600		264.04		         0		-999.00
-999	1539665153	3600		260.33		         0		-999.00
-999	1539668753	3600		260.26		         0		-999.00
-999	1539671013	2260		260.72		         0		-999.00
7308	1539672213	1200		265.82		  62107459		1241.00
7308	1539675813	3600		266.29		  62841235		1328.00
7308	1539679413	3600		265.86		  55582985		807.00
7308	1539679704	291		260.66		  51966829		 10.50
-999	1539680904	1200		260.67		         0		-999.00
-999	1539684504	3600		260.31		         0		-999.00
-999	1539687326	2822		260.62		         0		-999.00
7309	1539688526	1200		273.01		 242784363		1596.00
7309	1539692126	3600		273.63		 266504564		1605.00
7309	1539695726	3600		272.77		 243443629		1559.00
7309	1539699326	3600		272.00		 223688274		1524.00
7309	1539702926	3600		271.36		 202605551		1517.00
7309	1539706526	3600		270.78		 186927175		1496.00
7309	1539710126	3600		270.16		 170061831		1478.00
7309	1539713726	3600		269.70		 156975574		1469.00
7309	1539717326	3600		269.58		 152807371		1472.00
7309	1539720926	3600		269.22		 142696536		1458.00
7309	1539724526	3600		268.77		 129827078		1441.00
7309	1539728126	3600		268.27		 117832725		1428.00
7309	1539731726	3600		267.86		 105785496		1416.00
7309	1539735326	3600		267.20		  97339588		1343.00
7309	1539738926	3600		267.24		  89102456		1396.00
7309	1539741251	2325		266.85		  78195553		1384.00
-999	1539742451	1200		260.38		         0		-999.00
-999	1539746051	3600		260.54		         0		-999.00
-999	1539749651	3600		260.78		         0		-999.00
-999	1539749719	68		260.66		         0		-999.00
7310	1539750919	1200		272.63		 233236264		1592.00
7310	1539754519	3600		273.36		 258246686		1590.00
7310	1539758119	3600		272.56		 238154594		1563.00
7310	1539761719	3600		271.92		 216766579		1550.00
7310	1539765319	3600		271.26		 198751483		1533.00
7310	1539768919	3600		270.65		 181668118		1519.00
7310	1539772519	3600		270.09		 166910045		1496.00
7310	1539776119	3600		269.73		 152940310		1508.00
7310	1539779719	3600		269.41		 148135966		1471.00
7310	1539783319	3600		269.04		 137285767		1469.00
7310	1539786919	3600		268.52		 123956851		1447.00
7310	1539790519	3600		268.08		 111170451		1437.00
7310	1539791993	1474		267.34		  90894626		1417.00
-999	1539793193	1200		260.59		         0		-999.00
-999	1539796793	3600		260.58		         0		-999.00
-999	1539800393	3600		260.51		         0		-999.00
-999	1539803993	3600		260.50		         0		-999.00
-999	1539807593	3600		260.73		         0		-999.00
-999	1539808150	557		260.79		         0		-999.00
7314	1539809350	1200		273.25		 249904265		1615.00
7314	1539812950	3600		273.58		 271156010		1577.00
7314	1539816550	3600		272.98		 252273579		1570.00
7314	1539820150	3600		272.25		 228051267		1563.00
7314	1539823750	3600		271.54		 208351246		1546.00
7314	1539827350	3600		271.00		 192007042		1526.00
7314	1539830950	3600		270.41		 176794681		1515.00
7314	1539834550	3600		269.93		 162601771		1502.00
7314	1539838150	3600		269.60		 153627522		1496.00
7314	1539841750	3600		269.24		 143604294		1479.00
7314	1539845350	3600		268.74		 128754633		1463.00
7314	1539848950	3600		268.52		 123417459		1452.00
7314	1539852550	3600		268.09		 111540971		1435.00
7314	1539856150	3600		267.70		 101974648		1424.00
7314	1539859750	3600		267.36		  92725238		1419.00
7314	1539862157	2407		266.86		  81608517		1393.00
-999	1539863357	1200		263.90		         0		-999.00
-999	1539866957	3600		262.38		         0		-999.00
-999	1539870557	3600		263.58		         0		-999.00
-999	1539871567	1010		263.70		         0		-999.00
7315	1539872767	1200		271.50		 199834074		1585.00
7315	1539876367	3600		272.75		 242783485		1579.00
7315	1539879967	3600		272.15		 224813283		1559.00
7315	1539883567	3600		271.44		 206744966		1536.00
7315	1539887167	3600		270.90		 190081540		1532.00
7315	1539890767	3600		270.40		 175256906		1519.00
7315	1539894367	3600		269.83		 158315893		1499.00
7315	1539897967	3600		269.45		 146411184		1495.00
7315	1539901567	3600		269.12		 140752941		1473.00
7315	1539905167	3600		268.69		 128640629		1462.00
7315	1539908767	3600		268.59		 126608454		1460.00
7315	1539912311	3544		268.16		 116232311		1444.00
-999	1539913511	1200		263.76		         0		-999.00
-999	1539917111	3600		259.15		         0		-999.00
-999	1539920711	3600		260.51		         0		-999.00
-999	1539924007	3296		260.81		         0		-999.00
7317	1539925207	1200		273.52		 258355183		1633.00
7317	1539927350	2143		273.89		 276973512		1614.00
-999	1539928550	1200		263.79		         0		-999.00
-999	1539932150	3600		260.65		         0		-999.00
-999	1539935750	3600		263.93		         0		-999.00
-999	1539939350	3600		263.84		         0		-999.00
-999	1539942950	3600		260.71		         0		-999.00
-999	1539946550	3600		260.67		         0		-999.00
-999	1539950150	3600		260.70		         0		-999.00
-999	1539953346	3196		260.53		         0		-999.00
7320	1539954546	1200		273.37		 253562275		1653.00
7320	1539958146	3600		272.24		 219251725		1611.00
7320	1539961746	3600		273.10		 251275571		1582.00
7320	1539965346	3600		272.32		 230843430		1571.00
7320	1539968946	3600		271.71		 213053316		1557.00
7320	1539972546	3600		271.05		 194743002		1527.00
7320	1539976146	3600		270.50		 178314219		1517.00
7320	1539979746	3600		270.00		 163901364		1501.00
7320	1539983346	3600		269.54		 152364165		1487.00
7320	1539986946	3600		269.35		 145933190		1488.00
7320	1539990546	3600		268.96		 134850298		1478.00
7320	1539994146	3600		268.60		 126988360		1455.00
7320	1539997746	3600		268.12		 113026920		1444.00
7320	1540001346	3600		267.76		 103221210		1434.00
7320	1540004946	3600		267.42		  93825484		1424.00
7320	1540007845	2899		266.99		  83010886		1408.00
-999	1540009045	1200		263.81		         0		-999.00
-999	1540012645	3600		260.82		         0		-999.00
-999	1540016118	3473		260.73		         0		-999.00
7321	1540017318	1200		273.40		 252293564		1661.00
7321	1540020918	3600		273.92		 276026192		1625.00
7321	1540024518	3600		272.97		 250203100		1602.00
7321	1540028118	3600		272.30		 228832064		1584.00
7321	1540031718	3600		271.58		 210689374		1560.00
7321	1540035318	3600		270.95		 191379360		1535.00
7321	1540038918	3600		270.43		 176473400		1531.00
7321	1540042518	3600		269.93		 161570758		1516.00
7321	1540046118	3600		269.69		 153827508		1511.00
7321	1540049718	3600		269.21		 143376340		1491.00
7321	1540053318	3600		268.75		 129957311		1476.00
7321	1540056918	3600		268.41		 121014348		1477.00
7321	1540060518	3600		268.12		 113511792		1454.00
7321	1540064118	3600		267.79		 104082468		1444.00
7321	1540067718	3600		267.40		  95092887		1430.00
7321	1540069996	2278		266.94		  83112311		1417.00
-999	1540071196	1200		260.49		         0		-999.00
-999	1540074796	3600		259.35		         0		-999.00
-999	1540078396	3600		260.81		         0		-999.00
-999	1540081996	3600		260.76		         0		-999.00
-999	1540085596	3600		260.76		         0		-999.00
-999	1540089035	3439		260.61		         0		-999.00
7324	1540090235	1200		273.02		 242871852		1650.00
7324	1540093835	3600		273.52		 262469056		1630.00
7324	1540097435	3600		272.81		 239813063		1606.00
7324	1540101035	3600		271.85		 221391618		1554.00
7324	1540104635	3600		271.38		 203145482		1545.00
7324	1540108235	3600		270.69		 184222565		1543.00
7324	1540111835	3600		270.20		 169974410		1532.00
7324	1540115435	3600		269.67		 155603973		1513.00
7324	1540119035	3600		269.47		 150898727		1499.00
7324	1540122635	3600		269.14		 141621666		1494.00
7324	1540124572	1937		268.22		 120380464		1458.00
-999	1540125772	1200		264.05		         0		-999.00
-999	1540129372	3600		263.93		         0		-999.00
-999	1540132972	3600		260.39		         0		-999.00
-999	1540136572	3600		260.58		         0		-999.00
-999	1540140172	3600		260.53		         0		-999.00
-999	1540143772	3600		260.76		         0		-999.00
-999	1540147372	3600		260.65		         0		-999.00
-999	1540148981	1609		260.72		         0		-999.00
7328	1540150181	1200		273.73		 263275305		1685.00
7328	1540153781	3600		274.08		 279402651		1653.00
7328	1540157381	3600		273.37		 257822207		1642.00
7328	1540160981	3600		272.62		 238107790		1623.00
7328	1540164581	3600		271.97		 218425695		1605.00
7328	1540168181	3600		271.36		 201745492		1581.00
7328	1540171781	3600		270.75		 184954218		1564.00
7328	1540175381	3600		270.28		 170894292		1551.00
7328	1540178981	3600		269.72		 156456515		1536.00
7328	1540182581	3600		269.55		 150558863		1535.00
7328	1540185337	2756		268.79		 134093457		1500.00
-999	1540186537	1200		260.90		         0		-999.00
-999	1540190137	3600		263.61		         0		-999.00
-999	1540193737	3600		263.83		         0		-999.00
-999	1540197337	3600		260.50		         0		-999.00
-999	1540200937	3600		260.59		         0		-999.00
-999	1540204537	3600		260.61		         0		-999.00
-999	1540208137	3600		260.70		         0		-999.00
-999	1540209983	1846		260.49		         0		-999.00
7331	1540211183	1200		273.29		 253355650		1668.00
7331	1540214783	3600		273.57		 270604656		1614.00
7331	1540218033	3250		273.04		 252531798		1621.00
-999	1540219233	1200		263.78		         0		-999.00
-999	1540222833	3600		263.65		         0		-999.00
-999	1540226433	3600		263.90		         0		-999.00
-999	1540230033	3600		260.58		         0		-999.00
-999	1540233633	3600		260.69		         0		-999.00
-999	1540235879	2246		260.69		         0		-999.00
7333	1540237079	1200		273.63		 266950218		1661.00
7333	1540240679	3600		274.11		 286382921		1649.00
7333	1540244279	3600		273.28		 261457924		1643.00
7333	1540247879	3600		272.49		 241286281		1608.00
7333	1540251479	3600		271.82		 220813826		1599.00
7333	1540255079	3600		271.18		 200427059		1586.00
7333	1540258679	3600		270.64		 188177318		1565.00
7333	1540262279	3600		270.11		 172455967		1543.00
7333	1540265879	3600		269.58		 159444410		1494.00
7333	1540269479	3600		269.37		 156359902		1508.00
7333	1540273079	3600		268.67		 145139938		1435.00
7333	1540276679	3600		268.69		 133399857		1497.00
7333	1540280279	3600		268.28		 119687239		1484.00
7333	1540283879	3600		267.81		 109636599		1464.00
7333	1540286140	2261		260.23		  93873095		 10.50
-999	1540287340	1200		264.01		         0		-999.00
-999	1540290940	3600		259.23		         0		-999.00
-999	1540294540	3600		260.70		         0		-999.00
-999	1540298140	3600		260.65		         0		-999.00
-999	1540298215	75		260.65		         0		-999.00
7334	1540299415	1200		271.50		 204620356		1613.00
7334	1540303015	3600		272.03		 226632117		1610.00
7334	1540306615	3600		271.54		 212532773		1584.00
7334	1540310215	3600		271.03		 196106913		1571.00
7334	1540313815	3600		270.38		 180120218		1547.00
7334	1540317415	3600		269.94		 167377400		1532.00
7334	1540321015	3600		269.47		 153423694		1523.00
7334	1540324615	3600		269.22		 145155018		1526.00
7334	1540328215	3600		268.91		 138717476		1507.00
7334	1540331815	3600		268.61		 128683450		1497.00
7334	1540335415	3600		268.26		 120729036		1488.00
7334	1540339015	3600		267.81		 107613969		1471.00
7334	1540342615	3600		267.52		  99836067		1457.00
7334	1540346215	3600		266.45		  88270941		355.00
7334	1540346492	277		266.20		  91580071		 10.50
-999	1540347692	1200		263.83		         0		-999.00
-999	1540351292	3600		255.95		         0		-999.00
-999	1540354892	3600		255.83		         0		-999.00
-999	1540358492	3600		255.70		         0		-999.00
-999	1540362092	3600		255.57		         0		-999.00
-999	1540365692	3600		255.70		         0		-999.00
-999	1540369292	3600		255.82		         0		-999.00
-999	1540372892	3600		255.55		         0		-999.00
-999	1540376492	3600		255.53		         0		-999.00
-999	1540380092	3600		255.69		         0		-999.00
-999	1540383692	3600		255.77		         0		-999.00
-999	1540387292	3600		255.90		         0		-999.00
-999	1540390892	3600		255.81		         0		-999.00
-999	1540394492	3600		255.76		         0		-999.00
-999	1540398092	3600		255.62		         0		-999.00
-999	1540401692	3600		256.10		         0		-999.00
-999	1540405292	3600		255.77		         0		-999.00
-999	1540408892	3600		255.59		         0		-999.00
-999	1540412492	3600		255.43		         0		-999.00
-999	1540416092	3600		255.59		         0		-999.00
-999	1540419692	3600		255.59		         0		-999.00
-999	1540423292	3600		255.70		         0		-999.00
-999	1540426892	3600		255.83		         0		-999.00
-999	1540430492	3600		255.66		         0		-999.00
-999	1540434092	3600		255.98		         0		-999.00
-999	1540437692	3600		255.99		         0		-999.00
-999	1540441292	3600		255.98		         0		-999.00
-999	1540444892	3600		255.66		         0		-999.00
-999	1540448492	3600		255.78		         0		-999.00
-999	1540452092	3600		255.46		         0		-999.00
-999	1540455692	3600		255.68		         0		-999.00
-999	1540459292	3600		255.95		         0		-999.00
-999	1540462892	3600		255.65		         0		-999.00
-999	1540466492	3600		255.68		         0		-999.00
-999	1540470092	3600		255.94		         0		-999.00
-999	1540473692	3600		255.83		         0		-999.00
-999	1540477292	3600		255.46		         0		-999.00
-999	1540480892	3600		255.74		         0		-999.00
-999	1540484492	3600		255.53		         0		-999.00
-999	1540488092	3600		255.84		         0		-999.00
-999	1540491692	3600		255.99		         0		-999.00
-999	1540495292	3600		255.53		         0		-999.00
-999	1540498892	3600		255.56		         0		-999.00
-999	1540502492	3600		255.84		         0		-999.00
-999	1540506092	3600		255.61		         0		-999.00
-999	1540509692	3600		255.87		         0		-999.00
-999	1540513292	3600		255.63		         0		-999.00
-999	1540516892	3600		255.76		         0		-999.00
-999	1540520492	3600		260.44		         0		-999.00
-999	1540524092	3600		260.61		         0		-999.00
-999	1540527084	2992		260.67		         0		-999.00
7358	1540528284	1200		264.08		   6188900		1298.00
7358	1540531884	3600		264.18		   9417078		1303.00
7358	1540534973	3089		264.06		   5516889		1306.00
-999	1540536173	1200		255.76		         0		-999.00
-999	1540539773	3600		255.83		         0		-999.00
-999	1540543373	3600		255.75		         0		-999.00
-999	1540546973	3600		255.84		         0		-999.00
-999	1540550573	3600		255.84		         0		-999.00
-999	1540554173	3600		255.92		         0		-999.00
-999	1540557773	3600		255.82		         0		-999.00
-999	1540561373	3600		255.84		         0		-999.00
-999	1540564973	3600		255.89		         0		-999.00
-999	1540568573	3600		255.95		         0		-999.00
-999	1540572173	3600		255.58		         0		-999.00
-999	1540575773	3600		255.68		         0		-999.00
-999	1540579373	3600		255.98		         0		-999.00
-999	1540582973	3600		255.86		         0		-999.00
-999	1540586573	3600		255.81		         0		-999.00
-999	1540590173	3600		255.77		         0		-999.00
-999	1540593773	3600		255.90		         0		-999.00
-999	1540597373	3600		256.12		         0		-999.00
-999	1540600973	3600		256.05		         0		-999.00
-999	1540604573	3600		255.79		         0		-999.00
-999	1540608173	3600		255.95		         0		-999.00
-999	1540611773	3600		255.91		         0		-999.00
-999	1540615373	3600		255.78		         0		-999.00
-999	1540618973	3600		255.81		         0		-999.00
-999	1540622573	3600		255.67		         0		-999.00
-999	1540626173	3600		255.98		         0		-999.00
-999	1540629773	3600		255.91		         0		-999.00
-999	1540633373	3600		255.89		         0		-999.00
-999	1540636973	3600		255.77		         0		-999.00
-999	1540640573	3600		255.78		         0		-999.00
-999	1540644173	3600		255.88		         0		-999.00
-999	1540647773	3600		255.96		         0		-999.00
-999	1540651373	3600		255.68		         0		-999.00
-999	1540654973	3600		256.06		         0		-999.00
-999	1540658573	3600		255.75		         0		-999.00
-999	1540662173	3600		255.99		         0		-999.00
-999	1540665773	3600		256.07		         0		-999.00
-999	1540669373	3600		255.99		         0		-999.00
-999	1540672973	3600		255.90		         0		-999.00
-999	1540676573	3600		255.51		         0		-999.00
-999	1540680173	3600		255.66		         0		-999.00
-999	1540683773	3600		255.93		         0		-999.00
-999	1540687373	3600		255.72		         0		-999.00
-999	1540694573	3600		255.74		         0		-999.00
-999	1540698173	3600		256.13		         0		-999.00
-999	1540701773	3600		255.89		         0		-999.00
-999	1540705373	3600		255.78		         0		-999.00
-999	1540708973	3600		255.81		         0		-999.00
-999	1540712573	3600		255.79		         0		-999.00
-999	1540716173	3600		255.99		         0		-999.00
-999	1540719773	3600		255.57		         0		-999.00
-999	1540723373	3600		255.66		         0		-999.00
-999	1540726973	3600		256.04		         0		-999.00
-999	1540730573	3600		255.53		         0		-999.00
-999	1540734173	3600		256.01		         0		-999.00
-999	1540737773	3600		255.98		         0		-999.00
-999	1540741373	3600		256.00		         0		-999.00
-999	1540744973	3600		255.70		         0		-999.00
-999	1540748573	3600		255.87		         0		-999.00
-999	1540752173	3600		255.71		         0		-999.00
-999	1540755773	3600		255.98		         0		-999.00
-999	1540759373	3600		255.76		         0		-999.00
-999	1540762973	3600		255.71		         0		-999.00
-999	1540766573	3600		255.70		         0		-999.00
-999	1540770173	3600		255.68		         0		-999.00
-999	1540773773	3600		255.62		         0		-999.00
-999	1540777373	3600		255.83		         0		-999.00
-999	1540780973	3600		255.86		         0		-999.00
-999	1540784573	3600		256.04		         0		-999.00
-999	1540788173	3600		255.89		         0		-999.00
-999	1540791773	3600		255.95		         0		-999.00
-999	1540795373	3600		255.61		         0		-999.00
-999	1540798973	3600		255.66		         0		-999.00
-999	1540802573	3600		255.97		         0		-999.00
-999	1540806173	3600		255.95		         0		-999.00
-999	1540809773	3600		256.00		         0		-999.00
-999	1540813373	3600		255.73		         0		-999.00
-999	1540816973	3600		255.82		         0		-999.00
-999	1540820573	3600		255.67		         0		-999.00
-999	1540824173	3600		256.01		         0		-999.00
-999	1540827773	3600		255.60		         0		-999.00
-999	1540831373	3600		255.69		         0		-999.00
-999	1540834973	3600		255.84		         0		-999.00
-999	1540838573	3600		255.66		         0		-999.00
-999	1540842173	3600		256.04		         0		-999.00
-999	1540845773	3600		255.78		         0		-999.00
-999	1540849373	3600		255.73		         0		-999.00
-999	1540852973	3600		255.72		         0		-999.00
-999	1540856573	3600		255.71		         0		-999.00
-999	1540860173	3600		255.89		         0		-999.00
-999	1540863773	3600		255.68		         0		-999.00
-999	1540867373	3600		255.98		         0		-999.00
-999	1540870973	3600		255.84		         0		-999.00
-999	1540874573	3600		255.71		         0		-999.00
-999	1540878173	3600		255.92		         0		-999.00
-999	1540881773	3600		255.82		         0		-999.00
-999	1540885373	3600		256.00		         0		-999.00
-999	1540888973	3600		255.88		         0		-999.00
-999	1540892573	3600		255.89		         0		-999.00
-999	1540896173	3600		255.81		         0		-999.00
-999	1540899773	3600		255.75		         0		-999.00
-999	1540903373	3600		255.71		         0		-999.00
-999	1540906973	3600		255.73		         0		-999.00
-999	1540910573	3600		255.89		         0		-999.00
-999	1540914173	3600		255.65		         0		-999.00
-999	1540917773	3600		255.82		         0		-999.00
-999	1540921373	3600		255.83		         0		-999.00
-999	1540924973	3600		256.08		         0		-999.00
-999	1540928573	3600		256.02		         0		-999.00
-999	1540932173	3600		255.95		         0		-999.00
-999	1540935773	3600		255.83		         0		-999.00
-999	1540939373	3600		255.80		         0		-999.00
-999	1540942973	3600		255.68		         0		-999.00
-999	1540946573	3600		255.99		         0		-999.00
-999	1540950173	3600		255.90		         0		-999.00
-999	1540953773	3600		256.01		         0		-999.00
-999	1540957373	3600		256.07		         0		-999.00
-999	1540960973	3600		255.61		         0		-999.00
-999	1540964573	3600		255.92		         0		-999.00
-999	1540968173	3600		255.87		         0		-999.00
-999	1540971773	3600		256.01		         0		-999.00
-999	1540975373	3600		255.67		         0		-999.00
-999	1540978973	3600		256.14		         0		-999.00
-999	1540982573	3600		263.76		         0		-999.00
-999	1540986173	3600		263.83		         0		-999.00
-999	1540989773	3600		263.71		         0		-999.00
-999	1540993373	3600		263.75		         0		-999.00
-999	1540996973	3600		263.75		         0		-999.00
-999	1541000573	3600		263.79		         0		-999.00
-999	1541004173	3600		263.59		         0		-999.00
-999	1541007773	3600		263.82		         0		-999.00
-999	1541011373	3600		263.82		         0		-999.00
-999	1541014973	3600		263.82		         0		-999.00
-999	1541018573	3600		263.82		         0		-999.00
-999	1541022173	3600		263.71		         0		-999.00
-999	1541025773	3600		263.53		         0		-999.00
-999	1541029373	3600		263.88		         0		-999.00
-999	1541032973	3600		263.88		         0		-999.00
-999	1541036573	3600		263.59		         0		-999.00
-999	1541040173	3600		263.88		         0		-999.00
-999	1541043773	3600		263.93		         0		-999.00
-999	1541047373	3600		263.88		         0		-999.00
-999	1541050973	3600		263.88		         0		-999.00
-999	1541054573	3600		263.48		         0		-999.00
-999	1541058173	3600		263.93		         0		-999.00
-999	1541061773	3600		263.48		         0		-999.00
-999	1541065373	3600		263.75		         0		-999.00
-999	1541068973	3600		263.80		         0		-999.00
-999	1541072573	3600		263.80		         0		-999.00
-999	1541076173	3600		263.80		         0		-999.00
-999	1541079773	3600		263.80		         0		-999.00
-999	1541083373	3600		263.82		         0		-999.00
-999	1541086973	3600		263.82		         0		-999.00
-999	1541090573	3600		263.77		         0		-999.00
-999	1541094173	3600		263.77		         0		-999.00
-999	1541097773	3600		263.95		         0		-999.00
-999	1541101373	3600		263.90		         0		-999.00
-999	1541104973	3600		263.90		         0		-999.00
-999	1541108573	3600		263.85		         0		-999.00
-999	1541112173	3600		263.85		         0		-999.00
-999	1541115773	3600		263.85		         0		-999.00
-999	1541119373	3600		263.85		         0		-999.00
-999	1541122973	3600		263.85		         0		-999.00
-999	1541126573	3600		263.85		         0		-999.00
-999	1541130173	3600		263.85		         0		-999.00
-999	1541133773	3600		263.90		         0		-999.00
-999	1541137373	3600		263.85		         0		-999.00
-999	1541140973	3600		263.73		         0		-999.00
-999	1541144573	3600		263.85		         0		-999.00
-999	1541148173	3600		260.27		         0		-999.00
-999	1541151773	3600		260.38		         0		-999.00
-999	1541155373	3600		260.50		         0		-999.00
-999	1541158973	3600		260.50		         0		-999.00
-999	1541162573	3600		260.48		         0		-999.00
-999	1541166173	3600		260.47		         0		-999.00
-999	1541169773	3600		260.47		         0		-999.00
-999	1541173373	3600		260.47		         0		-999.00
-999	1541176973	3600		260.44		         0		-999.00
-999	1541180573	3600		263.88		         0		-999.00
-999	1541184173	3600		263.69		         0		-999.00
-999	1541187773	3600		263.70		         0		-999.00
-999	1541191373	3600		260.33		         0		-999.00
-999	1541194973	3600		260.71		         0		-999.00
-999	1541198573	3600		260.61		         0		-999.00
-999	1541202173	3600		260.61		         0		-999.00
-999	1541205773	3600		260.59		         0		-999.00
-999	1541209373	3600		260.59		         0		-999.00
-999	1541212973	3600		260.59		         0		-999.00
-999	1541216573	3600		260.59		         0		-999.00
-999	1541220173	3600		260.59		         0		-999.00
-999	1541223773	3600		260.59		         0		-999.00
-999	1541227373	3600		260.59		         0		-999.00
-999	1541230973	3600		260.59		         0		-999.00
-999	1541234573	3600		263.78		         0		-999.00
-999	1541238173	3600		263.88		         0		-999.00
-999	1541241773	3600		263.88		         0		-999.00
-999	1541245373	3600		263.76		         0		-999.00
-999	1541248973	3600		263.88		         0		-999.00
-999	1541252573	3600		263.88		         0		-999.00
-999	1541256173	3600		263.88		         0		-999.00
-999	1541259773	3600		260.27		         0		-999.00
-999	1541263373	3600		260.60		         0		-999.00
-999	1541266973	3600		260.49		         0		-999.00
-999	1541270573	3600		260.60		         0		-999.00
-999	1541274173	3600		260.60		         0		-999.00
-999	1541277773	3600		260.60		         0		-999.00
-999	1541281373	3600		260.60		         0		-999.00
-999	1541284973	3600		260.60		         0		-999.00
-999	1541288573	3600		260.60		         0		-999.00
-999	1541292173	3600		260.60		         0		-999.00
-999	1541295773	3600		260.43		         0		-999.00
-999	1541299373	3600		260.61		         0		-999.00
-999	1541302973	3600		263.93		         0		-999.00
-999	1541306573	3600		260.54		         0		-999.00
-999	1541310173	3600		260.53		         0		-999.00
-999	1541313773	3600		260.61		         0		-999.00
-999	1541317373	3600		260.55		         0		-999.00
-999	1541320973	3600		260.33		         0		-999.00
-999	1541324573	3600		260.67		         0		-999.00
-999	1541328173	3600		260.55		         0		-999.00
-999	1541331773	3600		260.33		         0		-999.00
-999	1541335373	3600		260.55		         0		-999.00
-999	1541338973	3600		260.55		         0		-999.00
-999	1541342573	3600		260.55		         0		-999.00
-999	1541346173	3600		260.55		         0		-999.00
-999	1541349773	3600		260.55		         0		-999.00
-999	1541353373	3600		260.66		         0		-999.00
-999	1541356973	3600		260.54		         0		-999.00
-999	1541360573	3600		260.65		         0		-999.00
-999	1541364173	3600		260.59		         0		-999.00
-999	1541367773	3600		260.66		         0		-999.00
-999	1541371373	3600		260.70		         0		-999.00
-999	1541374973	3600		260.58		         0		-999.00
-999	1541378573	3600		260.58		         0		-999.00
-999	1541379670	1097		260.42		         0		-999.00
7406	1541380870	1200		263.76		     13142		1272.00
7406	1541384470	3600		263.88		     11798		1278.00
7406	1541385214	744		263.88		     10861		1287.00
-999	1541386414	1200		260.61		         0		-999.00
-999	1541388838	2424		260.51		         0		-999.00
7407	1541390038	1200		263.88		     13400		1278.00
7407	1541393638	3600		263.88		     12001		1275.00
7407	1541395651	2013		263.88		     10889		1282.00
-999	1541396851	1200		260.20		         0		-999.00
-999	1541400451	3600		263.90		         0		-999.00
-999	1541404051	3600		263.90		         0		-999.00
-999	1541407651	3600		263.54		         0		-999.00
-999	1541411251	3600		263.56		         0		-999.00
-999	1541414851	3600		263.79		         0		-999.00
-999	1541418451	3600		260.21		         0		-999.00
-999	1541422051	3600		260.32		         0		-999.00
-999	1541425651	3600		260.36		         0		-999.00
-999	1541429251	3600		260.34		         0		-999.00
-999	1541432851	3600		260.30		         0		-999.00
-999	1541436451	3600		260.50		         0		-999.00
-999	1541440051	3600		260.48		         0		-999.00
-999	1541443651	3600		260.59		         0		-999.00
-999	1541447251	3600		260.59		         0		-999.00
-999	1541450851	3600		260.33		         0		-999.00
-999	1541454451	3600		260.30		         0		-999.00
-999	1541458051	3600		260.64		         0		-999.00
-999	1541461651	3600		260.21		         0		-999.00
-999	1541465251	3600		260.48		         0		-999.00
-999	1541468851	3600		260.24		         0		-999.00
-999	1541472451	3600		260.56		         0		-999.00
-999	1541476051	3600		260.48		         0		-999.00
-999	1541479651	3600		260.55		         0		-999.00
-999	1541483251	3600		260.49		         0		-999.00
-999	1541486851	3600		260.49		         0		-999.00
-999	1541490451	3600		260.56		         0		-999.00
-999	1541494051	3600		260.29		         0		-999.00
-999	1541497651	3600		260.47		         0		-999.00
-999	1541501251	3600		260.47		         0		-999.00
-999	1541504851	3600		260.47		         0		-999.00
-999	1541508451	3600		260.42		         0		-999.00
-999	1541512051	3600		260.25		         0		-999.00
-999	1541515651	3600		260.55		         0		-999.00
-999	1541519251	3600		260.37		         0		-999.00
-999	1541522851	3600		260.19		         0		-999.00
-999	1541526451	3600		260.53		         0		-999.00
-999	1541530051	3600		260.33		         0		-999.00
-999	1541533651	3600		260.53		         0		-999.00
-999	1541537251	3600		260.53		         0		-999.00
-999	1541540851	3600		260.53		         0		-999.00
-999	1541544451	3600		260.53		         0		-999.00
-999	1541548051	3600		260.53		         0		-999.00
-999	1541551651	3600		260.53		         0		-999.00
-999	1541555251	3600		260.59		         0		-999.00
-999	1541558851	3600		260.59		         0		-999.00
-999	1541562451	3600		260.16		         0		-999.00
-999	1541566051	3600		260.46		         0		-999.00
-999	1541569651	3600		260.61		         0		-999.00
-999	1541573251	3600		260.51		         0		-999.00
-999	1541576851	3600		260.30		         0		-999.00
-999	1541580451	3600		260.49		         0		-999.00
-999	1541584051	3600		260.57		         0		-999.00
-999	1541587651	3600		260.55		         0		-999.00
-999	1541591251	3600		260.58		         0		-999.00
-999	1541594851	3600		260.19		         0		-999.00
-999	1541598451	3600		260.61		         0		-999.00
-999	1541602051	3600		260.38		         0		-999.00
-999	1541605651	3600		260.45		         0		-999.00
-999	1541609251	3600		260.64		         0		-999.00
-999	1541612851	3600		260.58		         0		-999.00
-999	1541616451	3600		260.59		         0		-999.00
-999	1541620051	3600		260.54		         0		-999.00
-999	1541623651	3600		260.54		         0		-999.00
-999	1541627251	3600		260.54		         0		-999.00
-999	1541630851	3600		260.47		         0		-999.00
-999	1541634451	3600		260.50		         0		-999.00
-999	1541638051	3600		260.55		         0		-999.00
-999	1541641651	3600		260.55		         0		-999.00
-999	1541645251	3600		260.55		         0		-999.00
-999	1541648851	3600		260.53		         0		-999.00
-999	1541652451	3600		260.53		         0		-999.00
-999	1541656051	3600		260.53		         0		-999.00
-999	1541659651	3600		263.99		         0		-999.00
-999	1541663251	3600		263.70		         0		-999.00
-999	1541666851	3600		263.44		         0		-999.00
-999	1541670451	3600		263.82		         0		-999.00
-999	1541674051	3600		260.50		         0		-999.00
-999	1541677651	3600		260.55		         0		-999.00
-999	1541681251	3600		260.44		         0		-999.00
-999	1541684851	3600		260.34		         0		-999.00
-999	1541688451	3600		260.40		         0		-999.00
-999	1541692051	3600		260.33		         0		-999.00
-999	1541695651	3600		260.24		         0		-999.00
-999	1541699251	3600		260.52		         0		-999.00
-999	1541702851	3600		260.48		         0		-999.00
-999	1541704762	1911		260.61		         0		-999.00
7427	1541705962	1200		263.77		         0		1271.00
7427	1541709562	3600		263.77		         0		1273.00
7427	1541713162	3600		263.45		         0		1225.00
7427	1541716762	3600		263.85		         0		1272.00
7427	1541720362	3600		263.79		         0		1273.00
7427	1541723962	3600		260.21		         0		 11.50
7427	1541727562	3600		260.55		         0		 11.50
7427	1541730071	2509		260.55		         0		 11.50
-999	1541731271	1200		263.79		         0		-999.00
-999	1541734871	3600		260.54		         0		-999.00
-999	1541737501	2630		260.65		         0		-999.00
7428	1541738701	1200		263.82		         0		1277.00
7428	1541742301	3600		263.82		         0		1281.00
7428	1541745901	3600		263.82		         0		1278.00
7428	1541748853	2952		260.25		         0		 11.50
-999	1541750053	1200		263.99		         0		-999.00
-999	1541753653	3600		260.54		         0		-999.00
-999	1541757253	3600		260.25		         0		-999.00
-999	1541760853	3600		260.45		         0		-999.00
-999	1541764453	3600		260.55		         0		-999.00
-999	1541768053	3600		260.30		         0		-999.00
-999	1541771653	3600		260.64		         0		-999.00
-999	1541775253	3600		263.89		         0		-999.00
-999	1541778853	3600		260.50		         0		-999.00
-999	1541782453	3600		260.55		         0		-999.00
-999	1541786053	3600		260.50		         0		-999.00
-999	1541789653	3600		260.59		         0		-999.00
-999	1541793253	3600		260.30		         0		-999.00
-999	1541796853	3600		260.53		         0		-999.00
-999	1541800453	3600		259.98		         0		-999.00
-999	1541801729	1276		260.64		         0		-999.00
7433	1541802929	1200		263.56		         0		1239.00
7433	1541806529	3600		263.63		         9		1247.00
7433	1541810129	3600		263.91		         9		1282.00
7433	1541813729	3600		263.90		         9		1280.00
7433	1541816982	3253		263.90		         5		1277.00
-999	1541818182	1200		263.84		         0		-999.00
-999	1541821782	3600		260.53		         0		-999.00
-999	1541825382	3600		260.59		         0		-999.00
-999	1541828982	3600		260.59		         0		-999.00
-999	1541832582	3600		263.78		         0		-999.00
-999	1541836182	3600		263.90		         0		-999.00
-999	1541839782	3600		263.90		         0		-999.00
-999	1541843382	3600		263.90		         0		-999.00
-999	1541846982	3600		263.90		         0		-999.00
-999	1541850582	3600		263.90		         0		-999.00
-999	1541854182	3600		260.55		         0		-999.00
-999	1541857782	3600		260.52		         0		-999.00
-999	1541861176	3394		260.37		         0		-999.00
7435	1541862376	1200		263.44		        13		1222.00
7435	1541865976	3600		263.79		        13		1269.00
7435	1541869576	3600		263.79		         9		1265.00
7435	1541873176	3600		263.79		         9		1273.00
7435	1541876776	3600		263.79		         4		1271.00
7435	1541880376	3600		260.53		         4		 12.00
7435	1541881359	983		260.53		         0		 12.00
-999	1541882559	1200		263.93		         0		-999.00
-999	1541886159	3600		260.30		         0		-999.00
-999	1541889759	3600		260.53		         0		-999.00
-999	1541893359	3600		260.61		         0		-999.00
-999	1541893540	181		260.61		         0		-999.00
7436	1541894740	1200		263.59		        40		1248.00
7436	1541898340	3600		263.76		        31		1271.00
7436	1541901940	3600		263.64		        22		1245.00
7436	1541905540	3600		263.81		        18		1269.00
7436	1541909140	3600		263.79		        13		1270.00
7436	1541912740	3600		263.79		        13		1272.00
7436	1541913797	1057		260.54		         0		 12.00
-999	1541914997	1200		263.93		         0		-999.00
-999	1541918597	3600		260.55		         0		-999.00
-999	1541922197	3600		260.55		         0		-999.00
-999	1541925797	3600		260.55		         0		-999.00
-999	1541929397	3600		260.38		         0		-999.00
-999	1541930043	646		260.50		         0		-999.00
7437	1541931243	1200		263.88		        40		1273.00
7437	1541934843	3600		263.82		        31		1265.00
7437	1541938443	3600		263.76		        22		1271.00
7437	1541942043	3600		260.39		        18		 12.50
7437	1541944030	1987		260.44		         9		 12.50
-999	1541945230	1200		263.82		         0		-999.00
-999	1541948830	3600		260.19		         0		-999.00
-999	1541952430	3600		260.55		         0		-999.00
-999	1541956030	3600		260.55		         0		-999.00
-999	1541959110	3080		260.53		         0		-999.00
7438	1541960310	1200		263.73		        27		1263.00
7438	1541963910	3600		263.85		        27		1271.00
7438	1541967510	3600		263.82		        22		1266.00
7438	1541971110	3600		263.76		        18		1260.00
7438	1541974710	3600		263.65		        13		1250.00
7438	1541978310	3600		263.76		        13		1266.00
7438	1541981910	3600		263.76		         9		1268.00
7438	1541983104	1194		263.82		         0		1269.00
-999	1541984304	1200		263.85		         0		-999.00
-999	1541987904	3600		263.48		         0		-999.00
-999	1541991504	3600		263.54		         0		-999.00
-999	1541995104	3600		263.54		         0		-999.00
-999	1541998704	3600		263.54		         0		-999.00
-999	1542001295	2591		263.61		         0		-999.00
7439	1542002495	1200		263.71		        27		1245.00
7439	1542006095	3600		263.82		        40		1270.00
7439	1542009695	3600		263.82		        31		1270.00
7439	1542013295	3600		263.82		        22		1268.00
7439	1542016895	3600		263.65		        18		1234.00
7439	1542020495	3600		263.82		        18		1268.00
7439	1542024095	3600		263.82		        13		1270.00
7439	1542026471	2376		263.76		         7		1257.00
-999	1542027671	1200		260.61		         0		-999.00
-999	1542031271	3600		260.61		         0		-999.00
-999	1542034871	3600		260.64		         0		-999.00
-999	1542038471	3600		260.48		         0		-999.00
-999	1542042071	3600		260.64		         0		-999.00
-999	1542045671	3600		260.61		         0		-999.00
-999	1542045735	64		260.61		         0		-999.00
7440	1542046935	1200		263.54		        40		1231.00
7440	1542050535	3600		263.82		        45		1267.00
7440	1542054135	3600		263.76		        36		1266.00
7440	1542057735	3600		263.70		        27		1248.00
7440	1542061335	3600		263.76		        22		1273.00
7440	1542064935	3600		263.82		         9		1266.00
7440	1542068535	3600		263.76		         0		1263.00
7440	1542072135	3600		263.76		         0		1267.00
7440	1542073432	1297		263.76		         0		1267.00
-999	1542074632	1200		260.61		         0		-999.00
-999	1542078232	3600		260.55		         0		-999.00
-999	1542081832	3600		260.55		         0		-999.00
-999	1542085432	3600		260.16		         0		-999.00
-999	1542086935	1503		260.55		         0		-999.00
7441	1542088135	1200		263.52		        27		1229.00
7441	1542091735	3600		263.85		         0		1266.00
7441	1542095335	3600		263.79		         0		1264.00
7441	1542098935	3600		263.79		         0		1267.00
7441	1542102535	3600		263.85		         0		1276.00
7441	1542106135	3600		263.85		         0		1271.00
7441	1542109735	3600		263.67		         0		1253.00
7441	1542113335	3600		263.62		         4		1236.00
7441	1542113689	354		263.61		         0		1237.00
-999	1542114889	1200		263.82		         0		-999.00
-999	1542118489	3600		263.88		         0		-999.00
-999	1542122089	3600		263.49		         0		-999.00
-999	1542125689	3600		260.37		         0		-999.00
-999	1542129289	3600		260.55		         0		-999.00
-999	1542131775	2486		260.47		         0		-999.00
7442	1542132975	1200		263.54		        27		1236.00
7442	1542136575	3600		263.88		        22		1281.00
7442	1542140175	3600		263.54		         9		1229.00
7442	1542143775	3600		263.76		         4		1257.00
7442	1542145549	1774		263.71		        11		1254.00
-999	1542146749	1200		263.90		         0		-999.00
-999	1542150349	3600		260.60		         0		-999.00
-999	1542153949	3600		260.32		         0		-999.00
-999	1542157549	3600		260.58		         0		-999.00
-999	1542161149	3600		260.53		         0		-999.00
-999	1542164749	3600		260.53		         0		-999.00
-999	1542168349	3600		260.56		         0		-999.00
-999	1542171949	3600		260.51		         0		-999.00
-999	1542175549	3600		263.82		         0		-999.00
-999	1542179149	3600		260.53		         0		-999.00
-999	1542182749	3600		263.88		         0		-999.00
-999	1542186349	3600		263.82		         0		-999.00
-999	1542189949	3600		263.76		         0		-999.00
-999	1542193549	3600		263.90		         0		-999.00
-999	1542197149	3600		263.84		         0		-999.00
-999	1542200749	3600		260.44		         0		-999.00
-999	1542204349	3600		260.55		         0		-999.00
-999	1542207949	3600		260.59		         0		-999.00
-999	1542208537	588		260.59		         0		-999.00
7443	1542209737	1200		263.88		        27		1282.00
7443	1542213337	3600		263.76		        18		1256.00
7443	1542216937	3600		263.71		         9		1255.00
7443	1542220537	3600		263.48		         9		1221.00
7443	1542224137	3600		263.82		         4		1271.00
7443	1542227737	3600		263.93		         9		1283.00
7443	1542230151	2414		263.65		        15		1244.00
-999	1542231351	1200		260.42		         0		-999.00
-999	1542234951	3600		260.53		         0		-999.00
-999	1542238551	3600		260.53		         0		-999.00
-999	1542242151	3600		260.14		         0		-999.00
-999	1542243419	1268		260.64		         0		-999.00
7444	1542244619	1200		263.54		        40		1232.00
7444	1542248219	3600		263.76		        36		1266.00
7444	1542251819	3600		263.76		        36		1261.00
7444	1542255419	3600		263.76		        31		1266.00
7444	1542259019	3600		263.76		        27		1261.00
7444	1542262619	3600		263.76		        22		1266.00
7444	1542266219	3600		263.76		        18		1270.00
7444	1542269819	3600		263.59		        13		508.00
7444	1542269906	87		260.53		         0		 12.00
-999	1542271106	1200		263.45		         0		-999.00
-999	1542274706	3600		263.69		         0		-999.00
-999	1542278306	3600		263.78		         0		-999.00
-999	1542281906	3600		263.89		         0		-999.00
-999	1542285506	3600		263.88		         0		-999.00
-999	1542289106	3600		263.82		         0		-999.00
-999	1542292706	3600		260.48		         0		-999.00
-999	1542296306	3600		260.61		         0		-999.00
-999	1542299906	3600		260.04		         0		-999.00
-999	1542303506	3600		260.36		         0		-999.00
-999	1542305639	2133		260.64		         0		-999.00
7446	1542306839	1200		263.54		        40		1227.00
7446	1542310439	3600		263.82		        36		1265.00
7446	1542314039	3600		263.76		        36		1266.00
7446	1542317639	3600		263.76		        36		1263.00
7446	1542321239	3600		263.76		        27		1261.00
7446	1542324839	3600		263.76		        22		1269.00
7446	1542328439	3600		263.76		        18		1265.00
7446	1542332039	3600		260.51		        13		 12.00
7446	1542332137	98		260.61		         0		 12.00
-999	1542333337	1200		260.27		         0		-999.00
-999	1542336937	3600		260.58		         0		-999.00
-999	1542340537	3600		260.61		         0		-999.00
-999	1542344137	3600		260.53		         0		-999.00
-999	1542347737	3600		260.48		         0		-999.00
-999	1542349926	2189		260.50		         0		-999.00
7448	1542351126	1200		263.57		        27		1227.00
7448	1542354726	3600		263.85		        36		1270.00
7448	1542358326	3600		263.85		        36		1270.00
7448	1542361926	3600		263.91		        36		1275.00
7448	1542365526	3600		263.85		        31		1268.00
7448	1542369126	3600		263.79		        22		1271.00
7448	1542372726	3600		263.85		        18		1269.00
7448	1542376326	3600		260.43		        18		 12.00
7448	1542376477	151		260.43		         0		 12.00
-999	1542377677	1200		263.95		         0		-999.00
-999	1542381277	3600		260.42		         0		-999.00
-999	1542384877	3600		260.16		         0		-999.00
-999	1542385871	994		260.38		         0		-999.00
7449	1542387071	1200		263.76		        27		1259.00
7449	1542390671	3600		263.88		        36		1275.00
7449	1542394271	3600		263.88		        36		1272.00
7449	1542397871	3600		263.88		        36		1271.00
7449	1542401471	3600		263.88		        31		1277.00
7449	1542405071	3600		263.88		        22		1274.00
7449	1542408671	3600		263.88		        18		1272.00
7449	1542412271	3600		263.82		        13		949.50
7449	1542412457	186		260.59		         0		 12.00
-999	1542413657	1200		263.90		         0		-999.00
-999	1542417257	3600		260.53		         0		-999.00
-999	1542420857	3600		260.30		         0		-999.00
-999	1542421820	963		260.64		         0		-999.00
7450	1542423020	1200		263.59		        40		1241.00
7450	1542426620	3600		263.88		        36		1272.00
7450	1542430220	3600		263.88		        36		1272.00
7450	1542433820	3600		263.82		        31		1269.00
7450	1542437420	3600		263.82		        27		1271.00
7450	1542441020	3600		263.88		        22		1270.00
7450	1542444620	3600		263.88		        18		1268.00
7450	1542448220	3600		260.51		        13		 12.00
7450	1542448221	1		260.51		         0		 12.00
-999	1542449421	1200		263.88		         0		-999.00
-999	1542453021	3600		260.42		         0		-999.00
-999	1542456621	3600		260.51		         0		-999.00
-999	1542460221	3600		263.88		         0		-999.00
-999	1542463821	3600		260.25		         0		-999.00
-999	1542467421	3600		260.16		         0		-999.00
-999	1542471021	3600		263.78		         0		-999.00
-999	1542474621	3600		263.73		         0		-999.00
-999	1542478221	3600		263.85		         0		-999.00
-999	1542481821	3600		263.85		         0		-999.00
-999	1542485421	3600		263.85		         0		-999.00
-999	1542489021	3600		263.85		         0		-999.00
-999	1542492621	3600		263.85		         0		-999.00
-999	1542496221	3600		263.85		         0		-999.00
-999	1542499821	3600		263.85		         0		-999.00
-999	1542503421	3600		263.85		         0		-999.00
-999	1542507021	3600		263.85		         0		-999.00
-999	1542510621	3600		263.85		         0		-999.00
-999	1542514221	3600		260.63		         0		-999.00
-999	1542517821	3600		260.21		         0		-999.00
-999	1542519376	1555		260.67		         0		-999.00
7453	1542520576	1200		263.52		        40		1227.00
7453	1542524176	3600		263.57		        36		1229.00
7453	1542527776	3600		263.86		        36		1267.00
7453	1542531376	3600		263.80		        36		1271.00
7453	1542534976	3600		263.86		        31		1268.00
7453	1542538576	3600		263.86		        22		1276.00
7453	1542542176	3600		263.80		        18		1273.00
7453	1542545776	3600		263.86		        18		1268.00
7453	1542549376	3600		263.86		        13		1270.00
7453	1542552976	3600		263.86		        13		1270.00
7453	1542556576	3600		260.56		         9		 12.00
7453	1542560176	3600		263.59		         9		1238.00
7453	1542563776	3600		263.82		         9		1268.00
7453	1542564598	822		263.82		         0		1268.00
-999	1542565798	1200		263.93		         0		-999.00
-999	1542569398	3600		263.82		         0		-999.00
-999	1542572998	3600		263.54		         0		-999.00
-999	1542576598	3600		263.61		         0		-999.00
-999	1542580198	3600		263.61		         0		-999.00
-999	1542580523	325		263.61		         0		-999.00
7454	1542581723	1200		263.54		        40		1236.00
7454	1542585323	3600		263.82		        36		1268.00
7454	1542588923	3600		263.65		        36		1246.00
7454	1542592523	3600		263.82		        31		1272.00
7454	1542596123	3600		263.82		        27		1274.00
7454	1542599723	3600		263.82		        18		1266.00
7454	1542603323	3600		263.82		        18		1269.00
7454	1542606923	3600		263.82		        13		1266.00
7454	1542610523	3600		263.88		         9		1274.00
7454	1542614123	3600		263.88		         0		1269.00
7454	1542617723	3600		263.88		         0		1270.00
7454	1542621323	3600		260.58		         0		 11.50
7454	1542624923	3600		260.53		         0		 11.50
7454	1542628523	3600		260.58		         0		 11.50
7454	1542632123	3600		260.58		         0		 11.50
7454	1542635723	3600		260.58		         9		 11.50
7454	1542638917	3194		263.65		         0		1246.00
-999	1542640117	1200		263.88		         0		-999.00
-999	1542643717	3600		260.45		         0		-999.00
-999	1542647317	3600		260.55		         0		-999.00
-999	1542650917	3600		260.16		         0		-999.00
-999	1542654517	3600		260.36		         0		-999.00
-999	1542658117	3600		260.53		         0		-999.00
-999	1542658869	752		260.53		         0		-999.00
7456	1542660069	1200		263.64		        40		1239.00
7456	1542663669	3600		263.76		        36		1266.00
7456	1542667269	3600		263.76		        36		1265.00
7456	1542670869	3600		263.76		        31		1265.00
7456	1542674469	3600		263.76		        27		1263.00
7456	1542678069	3600		263.76		        22		1263.00
7456	1542681669	3600		263.76		        18		1256.00
7456	1542683471	1802		263.76		        10		1266.00
-999	1542684671	1200		263.88		         0		-999.00
-999	1542688271	3600		260.38		         0		-999.00
-999	1542691871	3600		260.50		         0		-999.00
-999	1542695471	3600		260.15		         0		-999.00
-999	1542699071	3600		260.15		         0		-999.00
-999	1542702671	3600		260.12		         0		-999.00
-999	1542704636	1965		260.47		         0		-999.00
7457	1542705836	1200		263.73		        40		1253.00
7457	1542709436	3600		263.79		        36		1262.00
7457	1542713036	3600		263.79		        36		1262.00
7457	1542716636	3600		263.79		        36		1266.00
7457	1542720236	3600		263.79		        27		1263.00
7457	1542723836	3600		263.79		        22		1262.00
7457	1542727436	3600		263.79		        18		1265.00
7457	1542730798	3362		263.71		        15		1251.00
-999	1542731998	1200		260.17		         0		-999.00
-999	1542735598	3600		260.65		         0		-999.00
-999	1542739198	3600		260.34		         0		-999.00
-999	1542742798	3600		260.50		         0		-999.00
-999	1542746398	3600		263.15		         0		-999.00
-999	1542749998	3600		263.41		         0		-999.00
-999	1542751786	1788		263.61		         0		-999.00
-999	1542753479	1200		263.94		         0		-999.00
-999	1542757079	3600		260.53		         0		-999.00
-999	1542760679	3600		260.50		         0		-999.00
-999	1542760888	209		260.61		         0		-999.00
7460	1542762088	1200		263.51		        40		1226.00
7460	1542765688	3600		263.79		        45		1262.00
7460	1542769288	3600		263.79		        36		1264.00
7460	1542772888	3600		263.85		        27		1260.00
7460	1542776488	3600		263.85		        22		1265.00
7460	1542778386	1898		263.57		        20		 12.00
-999	1542779586	1200		263.78		         0		-999.00
-999	1542783186	3600		263.89		         0		-999.00
-999	1542786786	3600		260.55		         0		-999.00
-999	1542790386	3600		260.32		         0		-999.00
-999	1542793986	3600		260.55		         0		-999.00
-999	1542797586	3600		260.55		         0		-999.00
-999	1542801186	3600		260.31		         0		-999.00
-999	1542804786	3600		263.12		         0		-999.00
-999	1542808386	3600		260.19		         0		-999.00
-999	1542811986	3600		260.45		         0		-999.00
-999	1542815586	3600		260.37		         0		-999.00
-999	1542819186	3600		260.55		         0		-999.00
-999	1542822786	3600		260.55		         0		-999.00
-999	1542826386	3600		260.55		         0		-999.00
-999	1542829986	3600		260.55		         0		-999.00
-999	1542833586	3600		260.25		         0		-999.00
-999	1542837186	3600		260.52		         0		-999.00
-999	1542840786	3600		260.51		         0		-999.00
-999	1542844386	3600		260.49		         0		-999.00
-999	1542847986	3600		260.53		         0		-999.00
-999	1542851586	3600		260.58		         0		-999.00
-999	1542851892	306		260.58		         0		-999.00
7464	1542853092	1200		263.54		        40		1228.00
7464	1542856692	3600		263.82		        45		1263.00
7464	1542860292	3600		263.82		        36		1264.00
7464	1542863892	3600		263.76		        27		1259.00
7464	1542867492	3600		263.76		        22		1261.00
7464	1542871092	3600		263.82		        18		1262.00
7464	1542874692	3600		263.76		        13		1261.00
7464	1542875361	669		263.82		         0		1262.00
-999	1542876561	1200		260.27		         0		-999.00
-999	1542880161	3600		260.38		         0		-999.00
-999	1542883761	3600		260.48		         0		-999.00
-999	1542887361	3600		260.52		         0		-999.00
-999	1542890961	3600		263.82		         0		-999.00
-999	1542894561	3600		259.84		         0		-999.00
-999	1542898161	3600		260.54		         0		-999.00
-999	1542901761	3600		260.45		         0		-999.00
-999	1542905361	3600		260.22		         0		-999.00
-999	1542906538	1177		260.28		         0		-999.00
7466	1542907738	1200		263.71		        54		1252.00
7466	1542911338	3600		263.82		        54		1263.00
7466	1542914938	3600		263.82		        49		1265.00
7466	1542918538	3600		263.82		        36		1269.00
7466	1542922138	3600		263.82		        27		1265.00
7466	1542925738	3600		263.82		        22		1263.00
7466	1542929338	3600		263.82		        18		1265.00
7466	1542932938	3600		263.82		        13		1270.00
7466	1542936538	3600		263.82		        13		1264.00
7466	1542937594	1056		263.82		         0		1263.00
-999	1542938794	1200		260.58		         0		-999.00
-999	1542942394	3600		263.79		         0		-999.00
-999	1542945994	3600		263.79		         0		-999.00
-999	1542949594	3600		260.55		         0		-999.00
-999	1542953194	3600		260.55		         0		-999.00
-999	1542956794	3600		260.14		         0		-999.00
-999	1542959938	3144		260.55		         0		-999.00
7467	1542961138	1200		263.82		        67		1262.00
7467	1542964738	3600		263.82		        63		1272.00
7467	1542968338	3600		263.82		        58		1268.00
7467	1542971938	3600		263.82		        45		1267.00
7467	1542975538	3600		263.82		        31		1262.00
7467	1542979138	3600		263.82		        27		1264.00
7467	1542982738	3600		263.82		        22		1266.00
7467	1542986338	3600		263.82		        18		1265.00
7467	1542988659	2321		263.82		        16		1264.00
-999	1542989859	1200		263.79		         0		-999.00
-999	1542993459	3600		260.20		         0		-999.00
-999	1542997059	3600		260.39		         0		-999.00
-999	1542998590	1531		260.59		         0		-999.00
7468	1542999790	1200		263.71		        81		1238.00
7468	1543003390	3600		263.82		        76		1266.00
7468	1543006990	3600		263.82		        58		1265.00
7468	1543010590	3600		263.82		        45		1264.00
7468	1543014190	3600		263.82		        36		1265.00
7468	1543017790	3600		263.82		        27		1267.00
7468	1543021390	3600		263.82		        22		1265.00
7468	1543024990	3600		263.82		        18		1264.00
7468	1543028590	3600		263.82		        13		1270.00
7468	1543032190	3600		263.82		        13		1270.00
7468	1543033992	1802		263.82		        10		1272.00
-999	1543035192	1200		260.29		         0		-999.00
-999	1543038792	3600		260.41		         0		-999.00
-999	1543042392	3600		260.27		         0		-999.00
-999	1543045992	3600		260.42		         0		-999.00
-999	1543049592	3600		260.37		         0		-999.00
-999	1543053192	3600		260.42		         0		-999.00
-999	1543056792	3600		260.19		         0		-999.00
-999	1543060392	3600		260.42		         0		-999.00
-999	1543062922	2530		260.39		         0		-999.00
7471	1543064122	1200		263.83		        67		1258.00
7471	1543067722	3600		263.83		        72		1268.00
7471	1543071322	3600		263.83		        54		1270.00
7471	1543074922	3600		263.83		        40		1265.00
7471	1543078522	3600		263.83		        31		1268.00
7471	1543082122	3600		263.83		        27		1266.00
7471	1543085722	3600		263.83		        22		1268.00
7471	1543089322	3600		263.83		        18		1263.00
7471	1543092184	2862		263.83		        12		1261.00
-999	1543093384	1200		263.85		         0		-999.00
-999	1543096984	3600		260.38		         0		-999.00
-999	1543100584	3600		260.38		         0		-999.00
-999	1543101900	1316		260.61		         0		-999.00
7472	1543103100	1200		263.71		        81		1243.00
7472	1543106700	3600		263.82		        72		1268.00
7472	1543110300	3600		263.82		        54		1267.00
7472	1543113900	3600		263.82		        40		1263.00
7472	1543117500	3600		263.82		        31		1268.00
7472	1543121100	3600		263.82		        27		1265.00
7472	1543124700	3600		263.82		        22		1266.00
7472	1543128300	3600		263.82		        18		1270.00
7472	1543130105	1805		263.71		        10		1256.00
-999	1543131305	1200		260.67		         0		-999.00
-999	1543134905	3600		260.41		         0		-999.00
-999	1543138505	3600		260.41		         0		-999.00
-999	1543139344	839		260.41		         0		-999.00
7473	1543140544	1200		263.79		        95		1258.00
7473	1543144144	3600		263.85		        81		1267.00
7473	1543147744	3600		263.85		        58		1267.00
7473	1543151344	3600		263.85		        45		1268.00
7473	1543154944	3600		263.85		        31		1266.00
7473	1543158544	3600		263.85		        27		1268.00
7473	1543162144	3600		263.85		        22		1268.00
7473	1543165744	3600		263.85		        18		1265.00
7473	1543169344	3600		263.85		        13		1268.00
7473	1543172944	3600		263.85		        13		1265.00
7473	1543174617	1673		263.84		         0		1267.00
-999	1543175817	1200		263.83		         0		-999.00
-999	1543179417	3600		263.90		         0		-999.00
-999	1543183017	3600		263.62		         0		-999.00
-999	1543186617	3600		260.41		         0		-999.00
-999	1543190217	3600		260.46		         0		-999.00
-999	1543191204	987		260.46		         0		-999.00
7474	1543192404	1200		263.86		        81		1265.00
7474	1543196004	3600		263.86		        72		1271.00
7474	1543199604	3600		263.86		        54		1266.00
7474	1543203204	3600		263.86		        40		1266.00
7474	1543206804	3600		263.86		        31		1269.00
7474	1543210404	3600		263.86		        27		1262.00
7474	1543212421	2017		263.86		        18		1266.00
-999	1543213621	1200		263.88		         0		-999.00
-999	1543217221	3600		263.88		         0		-999.00
-999	1543220821	3600		263.90		         0		-999.00
-999	1543224421	3600		263.66		         0		-999.00
-999	1543228021	3600		263.95		         0		-999.00
-999	1543231621	3600		263.89		         0		-999.00
-999	1543235221	3600		263.43		         0		-999.00
-999	1543238821	3600		260.16		         0		-999.00
-999	1543242421	3600		260.50		         0		-999.00
-999	1543246021	3600		260.50		         0		-999.00
-999	1543248391	2370		260.50		         0		-999.00
7475	1543249591	1200		260.46		         0		 11.00
7475	1543250194	603		260.64		        53		 11.00
-999	1543251394	1200		263.67		         0		-999.00
-999	1543254994	3600		263.88		         0		-999.00
-999	1543258594	3600		263.88		         0		-999.00
-999	1543262194	3600		260.32		         0		-999.00
-999	1543265794	3600		260.44		         0		-999.00
-999	1543267648	1854		260.41		         0		-999.00
7477	1543268848	1200		263.77		        81		1249.00
7477	1543272448	3600		263.83		        72		1268.00
7477	1543276048	3600		263.83		        54		1266.00
7477	1543279648	3600		263.83		        40		1260.00
7477	1543283248	3600		263.83		        31		1268.00
7477	1543286848	3600		263.83		        27		1262.00
7477	1543290448	3600		263.83		        22		1270.00
7477	1543294048	3600		263.83		        18		1267.00
7477	1543297648	3600		263.90		        13		1267.00
7477	1543299439	1791		263.89		         0		1276.00
-999	1543300639	1200		263.84		         0		-999.00
-999	1543304239	3600		255.56		         0		-999.00
-999	1543307839	3600		255.65		         0		-999.00
-999	1543311439	3600		255.70		         0		-999.00
-999	1543315039	3600		255.96		         0		-999.00
-999	1543318639	3600		255.71		         0		-999.00
-999	1543322239	3600		255.98		         0		-999.00
-999	1543325839	3600		255.98		         0		-999.00
-999	1543329439	3600		255.95		         0		-999.00
-999	1543333039	3600		256.06		         0		-999.00
-999	1543336639	3600		255.67		         0		-999.00
-999	1543340239	3600		255.89		         0		-999.00
-999	1543343839	3600		256.02		         0		-999.00
-999	1543347439	3600		260.48		         0		-999.00
-999	1543351039	3600		260.58		         0		-999.00
-999	1543354639	3600		260.53		         0		-999.00
-999	1543356617	1978		260.50		         0		-999.00
7480	1543357817	1200		263.88		        95		1270.00
7480	1543361417	3600		263.88		        81		1266.00
7480	1543365017	3600		263.88		        58		1263.00
7480	1543368617	3600		263.88		        45		1262.00
7480	1543372217	3600		263.88		        36		1266.00
7480	1543375817	3600		263.88		        27		1266.00
7480	1543379417	3600		263.88		        22		1261.00
7480	1543383017	3600		263.88		        18		1261.00
7480	1543385005	1988		263.88		        19		1265.00
-999	1543386205	1200		260.30		         0		-999.00
-999	1543389805	3600		260.25		         0		-999.00
-999	1543393405	3600		260.51		         0		-999.00
-999	1543395641	2236		260.53		         0		-999.00
7481	1543396841	1200		263.87		        95		1266.00
7481	1543400441	3600		263.87		        81		1263.00
7481	1543404041	3600		263.87		        58		1264.00
7481	1543407641	3600		263.87		        45		1273.00
7481	1543411241	3600		263.87		        36		1272.00
7481	1543414841	3600		263.87		        27		1270.00
7481	1543418441	3600		263.87		        22		1265.00
7481	1543422041	3600		263.87		        18		1268.00
7481	1543425641	3600		260.62		        18		 12.00
7481	1543425864	223		260.69		         0		 12.00
-999	1543427064	1200		260.21		         0		-999.00
-999	1543430664	3600		260.64		         0		-999.00
-999	1543434264	3600		260.40		         0		-999.00
-999	1543437864	3600		260.51		         0		-999.00
-999	1543439404	1540		260.53		         0		-999.00
7482	1543440604	1200		263.85		        81		1265.00
7482	1543441115	511		263.85		        77		1271.00
-999	1543442315	1200		263.89		         0		-999.00
-999	1543445915	3600		260.53		         0		-999.00
-999	1543449515	3600		260.53		         0		-999.00
-999	1543451591	2076		260.53		         0		-999.00
7483	1543452791	1200		263.85		        54		1270.00
7483	1543456391	3600		263.85		        49		1263.00
7483	1543459991	3600		263.85		        36		1262.00
7483	1543463591	3600		263.91		        22		1260.00
7483	1543467191	3600		263.86		        22		1266.00
7483	1543470791	3600		263.86		        18		1271.00
7483	1543474391	3600		263.86		        13		1264.00
7483	1543477991	3600		263.86		         9		1266.00
7483	1543481591	3600		263.85		         0		1269.00
7483	1543485191	3600		263.85		         0		1265.00
7483	1543488791	3600		263.73		         0		1085.00
7483	1543492391	3600		263.92		         0		1276.00
7483	1543495991	3600		263.87		         0		1266.00
7483	1543498469	2478		263.87		         0		1262.00
-999	1543499669	1200		260.25		         0		-999.00
-999	1543503269	3600		263.79		         0		-999.00
-999	1543506869	3600		263.82		         0		-999.00
-999	1543510469	3600		260.41		         0		-999.00
-999	1543514069	3600		260.53		         0		-999.00
-999	1543517669	3600		260.53		         0		-999.00
-999	1543519747	2078		260.38		         0		-999.00
7485	1543520947	1200		263.86		        67		1258.00
7485	1543524547	3600		263.87		        58		1265.00
7485	1543528147	3600		263.81		        45		1262.00
7485	1543531747	3600		263.87		        36		1261.00
7485	1543535347	3600		263.87		        27		1265.00
7485	1543538947	3600		263.87		        22		1271.00
7485	1543542547	3600		263.87		        18		1265.00
7485	1543546147	3600		263.87		        18		1267.00
7485	1543548014	1867		263.87		        10		1267.00
-999	1543549214	1200		260.22		         0		-999.00
-999	1543552814	3600		260.50		         0		-999.00
-999	1543556414	3600		260.50		         0		-999.00
-999	1543560014	3600		260.50		         0		-999.00
-999	1543563533	3519		260.34		         0		-999.00
7486	1543564733	1200		263.87		        67		1254.00
7486	1543568333	3600		263.87		        58		1263.00
7486	1543571933	3600		263.87		        45		1263.00
7486	1543575533	3600		263.87		        36		1266.00
7486	1543579133	3600		263.87		        27		1269.00
7486	1543582733	3600		263.87		        22		1264.00
7486	1543586333	3600		263.87		        18		1264.00
7486	1543589933	3600		263.87		        13		1267.00
7486	1543590875	942		263.87		         0		1262.00
-999	1543592075	1200		263.53		         0		-999.00
-999	1543595675	3600		260.47		         0		-999.00
-999	1543599275	3600		260.42		         0		-999.00
-999	1543601096	1821		260.44		         0		-999.00
7487	1543602296	1200		263.77		        81		1246.00
7487	1543605896	3600		263.90		        67		1260.00
7487	1543609496	3600		263.90		        49		1271.00
7487	1543613096	3600		263.90		        40		1267.00
7487	1543616696	3600		263.90		        31		1263.00
7487	1543620296	3600		263.90		        27		1268.00
7487	1543623896	3600		263.90		        22		1263.00
7487	1543627496	3600		263.90		        18		1267.00
7487	1543631096	3600		263.90		        13		1273.00
7487	1543631664	568		263.89		         0		1276.00
-999	1543632864	1200		260.28		         0		-999.00
-999	1543636464	3600		260.52		         0		-999.00
-999	1543640064	3600		260.52		         0		-999.00
-999	1543642841	2777		260.44		         0		-999.00
7488	1543644041	1200		263.78		        81		1254.00
7488	1543647641	3600		263.90		        72		1265.00
7488	1543651241	3600		263.90		        54		1265.00
7488	1543654841	3600		263.90		        40		1269.00
7488	1543658441	3600		263.90		        31		1264.00
7488	1543662041	3600		263.82		        27		1264.00
7488	1543665641	3600		263.82		        22		1257.00
7488	1543669241	3600		263.89		        18		1268.00
7488	1543671975	2734		263.87		        13		1266.00
-999	1543673175	1200		263.11		         0		-999.00
-999	1543676775	3600		263.25		         0		-999.00
-999	1543680375	3600		263.50		         0		-999.00
-999	1543681637	1262		263.48		         0		-999.00
7489	1543682837	1200		263.86		        81		1265.00
7489	1543684236	1399		263.86		        74		1266.00
-999	1543685436	1200		263.64		         0		-999.00
-999	1543689036	3600		260.37		         0		-999.00
-999	1543692636	3600		260.44		         0		-999.00
-999	1543693067	431		260.44		         0		-999.00
7490	1543694267	1200		263.88		        81		1260.00
7490	1543697867	3600		263.88		        72		1264.00
7490	1543701467	3600		263.88		        54		1263.00
7490	1543705067	3600		263.88		        40		1263.00
7490	1543708667	3600		263.88		        31		1264.00
7490	1543712267	3600		263.88		        27		1263.00
7490	1543715867	3600		263.88		        22		1261.00
7490	1543719467	3600		263.88		        18		1263.00
7490	1543723067	3600		263.88		        13		1270.00
7490	1543723749	682		263.88		         0		1268.00
-999	1543724949	1200		260.29		         0		-999.00
-999	1543728549	3600		260.48		         0		-999.00
-999	1543732149	3600		260.42		         0		-999.00
-999	1543733320	1171		260.44		         0		-999.00
7491	1543734520	1200		263.80		        81		1257.00
7491	1543738120	3600		263.86		        72		1263.00
7491	1543741720	3600		263.86		        49		1262.00
7491	1543745320	3600		263.80		        40		1266.00
7491	1543748920	3600		263.86		        31		1266.00
7491	1543750678	1758		263.86		        22		1261.00
-999	1543751878	1200		263.62		         0		-999.00
-999	1543755478	3600		260.33		         0		-999.00
-999	1543758768	3290		260.44		         0		-999.00
7492	1543759968	1200		263.88		        27		1257.00
7492	1543763407	3439		263.88		        25		1268.00
7477	1543268848	1200		263.77		        81		1249.00
7477	1543272448	3600		263.83		        72		1268.00
7477	1543276048	3600		263.83		        54		1266.00
7477	1543279648	3600		263.83		        40		1260.00
7477	1543283248	3600		263.83		        31		1268.00
7477	1543286848	3600		263.83		        27		1262.00
7477	1543290448	3600		263.83		        22		1270.00
7477	1543294048	3600		263.83		        18		1267.00
7477	1543297648	3600		263.90		        13		1267.00
7477	1543299439	1791		263.89		         0		1276.00
-999	1543300639	1200		263.84		         0		-999.00
-999	1543309279	8640		255.67		         0		-999.00
-999	1543317919	8640		255.93		         0		-999.00
-999	1543326559	8640		256.01		         0		-999.00
-999	1543335199	8640		255.84		         0		-999.00
-999	1543343839	8640		256.02		         0		-999.00
-999	1543352479	8640		260.58		         0		-999.00
-999	1543299439	-53040		260.62		         0		-999.00
7480	1543357817	1200		263.88		        95		1270.00
7480	1543361417	3600		263.88		        81		1266.00
7480	1543365017	3600		263.88		        58		1263.00
7480	1543368617	3600		263.88		        45		1262.00
7480	1543372217	3600		263.88		        36		1266.00
7480	1543375817	3600		263.88		        27		1266.00
7480	1543379417	3600		263.88		        22		1261.00
7480	1543383017	3600		263.88		        18		1261.00
7480	1543385005	1988		263.88		        19		1265.00
-999	1543386205	1200		260.30		         0		-999.00
-999	1543394845	8640		260.47		         0		-999.00
-999	1543385005	-9840		260.62		         0		-999.00
7481	1543396841	1200		263.87		        95		1266.00
7481	1543400441	3600		263.87		        81		1263.00
7481	1543404041	3600		263.87		        58		1264.00
7481	1543407641	3600		263.87		        45		1273.00
7481	1543411241	3600		263.87		        36		1272.00
7481	1543414841	3600		263.87		        27		1270.00
7481	1543418441	3600		263.87		        22		1265.00
7481	1543422041	3600		263.87		        18		1268.00
7481	1543425641	3600		260.62		        18		 12.00
7481	1543425864	223		260.69		         0		 12.00
-999	1543427064	1200		260.21		         0		-999.00
-999	1543435704	8640		260.28		         0		-999.00
-999	1543425864	-9840		260.69		         0		-999.00
7482	1543440604	1200		263.85		        81		1265.00
7482	1543441115	511		263.85		        77		1271.00
-999	1543442315	1200		263.89		         0		-999.00
-999	1543450955	8640		260.41		         0		-999.00
-999	1543441115	-9840		260.84		         0		-999.00
7483	1543452791	1200		263.85		        54		1270.00
7483	1543456391	3600		263.85		        49		1263.00
7483	1543459991	3600		263.85		        36		1262.00
7483	1543463591	3600		263.91		        22		1260.00
7483	1543467191	3600		263.86		        22		1266.00
7483	1543470791	3600		263.86		        18		1271.00
7483	1543474391	3600		263.86		        13		1264.00
7483	1543477991	3600		263.86		         9		1266.00
7483	1543481591	3600		263.85		         0		1269.00
7483	1543485191	3600		263.85		         0		1265.00
7483	1543488791	3600		263.73		         0		1085.00
7483	1543492391	3600		263.92		         0		1276.00
7483	1543495991	3600		263.87		         0		1266.00
7483	1543498469	2478		263.87		         0		1262.00
-999	1543499669	1200		260.25		         0		-999.00
-999	1543508309	8640		263.87		         0		-999.00
-999	1543516949	8640		260.53		         0		-999.00
-999	1543498469	-18480		260.62		         0		-999.00
7485	1543520947	1200		263.86		        67		1258.00
7485	1543524547	3600		263.87		        58		1265.00
7485	1543528147	3600		263.81		        45		1262.00
7485	1543531747	3600		263.87		        36		1261.00
7485	1543535347	3600		263.87		        27		1265.00
7485	1543538947	3600		263.87		        22		1271.00
7485	1543542547	3600		263.87		        18		1265.00
7485	1543546147	3600		263.87		        18		1267.00
7485	1543548014	1867		263.87		        10		1267.00
-999	1543549214	1200		260.22		         0		-999.00
-999	1543557854	8640		260.50		         0		-999.00
-999	1543548014	-9840		260.66		         0		-999.00
7486	1543564733	1200		263.87		        67		1254.00
7486	1543568333	3600		263.87		        58		1263.00
7486	1543571933	3600		263.87		        45		1263.00
7486	1543575533	3600		263.87		        36		1266.00
7486	1543579133	3600		263.87		        27		1269.00
7486	1543582733	3600		263.87		        22		1264.00
7486	1543586333	3600		263.87		        18		1264.00
7486	1543589933	3600		263.87		        13		1267.00
7486	1543590875	942		263.87		         0		1262.00
-999	1543592075	1200		263.53		         0		-999.00
-999	1543600715	8640		260.44		         0		-999.00
-999	1543590875	-9840		260.57		         0		-999.00
7487	1543602296	1200		263.77		        81		1246.00
7487	1543605896	3600		263.90		        67		1260.00
7487	1543609496	3600		263.90		        49		1271.00
7487	1543613096	3600		263.90		        40		1267.00
7487	1543616696	3600		263.90		        31		1263.00
7487	1543620296	3600		263.90		        27		1268.00
7487	1543623896	3600		263.90		        22		1263.00
7487	1543627496	3600		263.90		        18		1267.00
7487	1543631096	3600		263.90		        13		1273.00
7487	1543631664	568		263.89		         0		1276.00
-999	1543632864	1200		260.28		         0		-999.00
-999	1543641504	8640		260.45		         0		-999.00
-999	1543631664	-9840		260.48		         0		-999.00
7488	1543644041	1200		263.78		        81		1254.00
7488	1543647641	3600		263.90		        72		1265.00
7488	1543651241	3600		263.90		        54		1265.00
7488	1543654841	3600		263.90		        40		1269.00
7488	1543658441	3600		263.90		        31		1264.00
7488	1543662041	3600		263.82		        27		1264.00
7488	1543665641	3600		263.82		        22		1257.00
7488	1543669241	3600		263.89		        18		1268.00
7488	1543671975	2734		263.87		        13		1266.00
-999	1543673175	1200		263.11		         0		-999.00
-999	1543671975	-1200		263.59		         0		-999.00
7489	1543682837	1200		263.86		        81		1265.00
7489	1543684236	1399		263.86		        74		1266.00
-999	1543685436	1200		263.64		         0		-999.00
-999	1543684236	-1200		263.85		         0		-999.00
7490	1543694267	1200		263.88		        81		1260.00
7490	1543697867	3600		263.88		        72		1264.00
7490	1543701467	3600		263.88		        54		1263.00
7490	1543705067	3600		263.88		        40		1263.00
7490	1543708667	3600		263.88		        31		1264.00
7490	1543712267	3600		263.88		        27		1263.00
7490	1543715867	3600		263.88		        22		1261.00
7490	1543719467	3600		263.88		        18		1263.00
7490	1543723067	3600		263.88		        13		1270.00
7490	1543723749	682		263.88		         0		1268.00
-999	1543724949	1200		260.29		         0		-999.00
-999	1543723749	-1200		260.51		         0		-999.00
7491	1543734520	1200		263.80		        81		1257.00
7491	1543738120	3600		263.86		        72		1263.00
7491	1543741720	3600		263.86		        49		1262.00
7491	1543745320	3600		263.80		        40		1266.00
7491	1543748920	3600		263.86		        31		1266.00
7491	1543750678	1758		263.86		        22		1261.00
-999	1543751878	1200		263.62		         0		-999.00
-999	1543750678	-1200		263.86		         0		-999.00
7492	1543759968	1200		263.88		        27		1257.00
7492	1543763407	3439		263.88		        25		1268.00
-999	1543764607	1200		264.02		         0		-999.00
-999	1543773247	8640		255.83		         0		-999.00
-999	1543781887	8640		255.70		         0		-999.00
-999	1543790527	8640		255.67		         0		-999.00
-999	1543799167	8640		255.75		         0		-999.00
-999	1543807807	8640		255.92		         0		-999.00
-999	1543816447	8640		255.78		         0		-999.00
-999	1543825087	8640		255.93		         0		-999.00
-999	1543833727	8640		256.04		         0		-999.00
-999	1543842367	8640		255.85		         0		-999.00
-999	1543851007	8640		260.31		         0		-999.00
-999	1543859647	8640		260.35		         0		-999.00
-999	1543868287	8640		267.76		         0		-999.00
-999	1543876927	8640		270.24		         0		-999.00
-999	1543885567	8640		279.26		         0		-999.00
-999	1543894207	8640		287.57		         0		-999.00
-999	1543902847	8640		289.80		         0		-999.00
-999	1543911487	8640		284.83		         0		-999.00
-999	1543920127	8640		277.28		         0		-999.00
-999	1543928767	8640		280.28		         0		-999.00
-999	1543937407	8640		273.72		         0		-999.00
-999	1543946047	8640		273.65		         0		-999.00
-999	1543954687	8640		273.70		         0		-999.00
-999	1543963327	8640		273.82		         0		-999.00
-999	1543971967	8640		273.82		         0		-999.00
-999	1543980607	8640		273.76		         0		-999.00
-999	1543989247	8640		273.82		         0		-999.00
-999	1543997887	8640		256.91		         0		-999.00
-999	1544006527	8640		257.05		         0		-999.00
-999	1544015167	8640		257.28		         0		-999.00
-999	1544023807	8640		259.53		         0		-999.00
-999	1544032447	8640		256.16		         0		-999.00
-999	1544041087	8640		255.88		         0		-999.00
-999	1544049727	8640		256.08		         0		-999.00
-999	1544058367	8640		256.19		         0		-999.00
-999	1544067007	8640		256.05		         0		-999.00
-999	1544075647	8640		256.23		         0		-999.00
-999	1544084287	8640		256.13		         0		-999.00
-999	1544092927	8640		263.91		         0		-999.00
-999	1544101567	8640		263.88		         0		-999.00
-999	1544110207	8640		263.51		         0		-999.00
-999	1544118847	8640		263.85		         0		-999.00
-999	1544127487	8640		263.85		         0		-999.00
-999	1544136127	8640		263.85		         0		-999.00
-999	1544144767	8640		263.85		         0		-999.00
-999	1544153407	8640		263.89		         0		-999.00
-999	1544162047	8640		263.95		         0		-999.00
-999	1544170687	8640		263.95		         0		-999.00
-999	1544179327	8640		263.71		         0		-999.00
-999	1544187967	8640		260.34		         0		-999.00
-999	1544196607	8640		263.72		         0		-999.00
-999	1544205247	8640		263.89		         0		-999.00
-999	1544213887	8640		263.89		         0		-999.00
-999	1544222527	8640		263.89		         0		-999.00
-999	1544231167	8640		263.89		         0		-999.00
-999	1544239807	8640		263.89		         0		-999.00
-999	1544248447	8640		263.89		         0		-999.00
-999	1544257087	8640		263.89		         0		-999.00
-999	1544265727	8640		263.89		         0		-999.00
-999	1544274367	8640		263.89		         0		-999.00
-999	1544283007	8640		263.89		         0		-999.00
-999	1544291647	8640		263.89		         0		-999.00
-999	1544300287	8640		263.89		         0		-999.00
-999	1544308927	8640		263.89		         0		-999.00
-999	1544317567	8640		263.89		         0		-999.00
-999	1544326207	8640		263.89		         0		-999.00
-999	1544334847	8640		263.89		         0		-999.00
-999	1544343487	8640		263.89		         0		-999.00
-999	1544352127	8640		263.89		         0		-999.00
-999	1544360767	8640		260.28		         0		-999.00
-999	1544369407	8640		259.98		         0		-999.00
-999	1544378047	8640		263.78		         0		-999.00
-999	1544386687	8640		251.88		         0		-999.00
-999	1544395327	8640		264.23		         0		-999.00
-999	1544403967	8640		266.89		         0		-999.00
-999	1544412607	8640		267.76		         0		-999.00
-999	1544421247	8640		267.99		         0		-999.00
-999	1544429887	8640		268.11		         0		-999.00
-999	1544438527	8640		268.23		         0		-999.00
-999	1544447167	8640		268.23		         0		-999.00
-999	1544455807	8640		269.53		         0		-999.00
-999	1544464447	8640		271.27		         0		-999.00
-999	1544473087	8640		272.60		         0		-999.00
-999	1544481727	8640		273.78		         0		-999.00
-999	1544490367	8640		274.75		         0		-999.00
-999	1544499007	8640		275.54		         0		-999.00
-999	1544507647	8640		276.21		         0		-999.00
-999	1544516287	8640		276.80		         0		-999.00
-999	1544524927	8640		277.20		         0		-999.00
-999	1544533567	8640		277.55		         0		-999.00
-999	1544542207	8640		277.84		         0		-999.00
-999	1544550847	8640		278.08		         0		-999.00
-999	1544559487	8640		278.26		         0		-999.00
-999	1544568127	8640		278.38		         0		-999.00
-999	1544576767	8640		278.54		         0		-999.00
-999	1544585407	8640		278.66		         0		-999.00
-999	1544594047	8640		278.72		         0		-999.00
-999	1544602687	8640		278.78		         0		-999.00
-999	1544611327	8640		278.84		         0		-999.00
-999	1544619967	8640		278.90		         0		-999.00
-999	1544628607	8640		278.95		         0		-999.00
-999	1544637247	8640		278.95		         0		-999.00
-999	1544645887	8640		278.95		         0		-999.00
-999	1544654527	8640		279.01		         0		-999.00
-999	1544663167	8640		279.01		         0		-999.00
-999	1544671807	8640		279.01		         0		-999.00
-999	1544680447	8640		279.07		         0		-999.00
-999	1544689087	8640		279.07		         0		-999.00
-999	1544697727	8640		279.07		         0		-999.00
-999	1544706367	8640		279.07		         0		-999.00
-999	1544715007	8640		279.07		         0		-999.00
-999	1544723647	8640		279.07		         0		-999.00
-999	1544732287	8640		279.07		         0		-999.00
-999	1544740927	8640		279.07		         0		-999.00
-999	1544749567	8640		279.07		         0		-999.00
-999	1544758207	8640		279.07		         0		-999.00
-999	1544766847	8640		279.07		         0		-999.00
-999	1544775487	8640		279.13		         0		-999.00
-999	1544784127	8640		279.20		         0		-999.00
-999	1544792767	8640		279.20		         0		-999.00
-999	1544801407	8640		279.20		         0		-999.00
-999	1544810047	8640		279.04		         0		-999.00
-999	1544818687	8640		278.87		         0		-999.00
-999	1544827327	8640		278.75		         0		-999.00
-999	1544835967	8640		278.69		         0		-999.00
-999	1544844607	8640		278.62		         0		-999.00
-999	1544853247	8640		278.51		         0		-999.00
-999	1544861887	8640		278.51		         0		-999.00
-999	1544870527	8640		278.51		         0		-999.00
-999	1544879167	8640		278.51		         0		-999.00
-999	1544887807	8640		278.45		         0		-999.00
-999	1544896447	8640		278.39		         0		-999.00
-999	1544905087	8640		278.39		         0		-999.00
-999	1544913727	8640		278.39		         0		-999.00
-999	1544922367	8640		278.39		         0		-999.00
-999	1544931007	8640		278.39		         0		-999.00
-999	1544939647	8640		278.39		         0		-999.00
-999	1544948287	8640		278.39		         0		-999.00
-999	1544956927	8640		278.39		         0		-999.00
-999	1544965567	8640		278.39		         0		-999.00
-999	1544974207	8640		278.39		         0		-999.00
-999	1544982847	8640		278.39		         0		-999.00
-999	1544991487	8640		278.39		         0		-999.00
-999	1545000127	8640		278.39		         0		-999.00
-999	1545008767	8640		278.39		         0		-999.00
-999	1545017407	8640		278.39		         0		-999.00
-999	1545026047	8640		278.39		         0		-999.00
-999	1545034687	8640		278.39		         0		-999.00
-999	1545043327	8640		278.39		         0		-999.00
-999	1545051967	8640		278.39		         0		-999.00
-999	1545060607	8640		278.39		         0		-999.00
-999	1545069247	8640		278.39		         0		-999.00
-999	1545077887	8640		278.39		         0		-999.00
-999	1545086527	8640		278.39		         0		-999.00
-999	1545095167	8640		278.39		         0		-999.00
-999	1545103807	8640		278.39		         0		-999.00
-999	1545112447	8640		278.39		         0		-999.00
-999	1545121087	8640		278.39		         0		-999.00
-999	1545129727	8640		278.39		         0		-999.00
-999	1545138367	8640		278.39		         0		-999.00
-999	1545147007	8640		278.39		         0		-999.00
-999	1545155647	8640		278.39		         0		-999.00
-999	1545164287	8640		278.45		         0		-999.00
-999	1545172927	8640		278.45		         0		-999.00
-999	1545181567	8640		278.45		         0		-999.00
-999	1545190207	8640		278.50		         0		-999.00
-999	1545198847	8640		278.55		         0		-999.00
-999	1545207487	8640		278.78		         0		-999.00
-999	1545216127	8640		279.20		         0		-999.00
-999	1545224767	8640		279.49		         0		-999.00
-999	1545233407	8640		279.61		         0		-999.00
-999	1545242047	8640		279.61		         0		-999.00
-999	1545250687	8640		279.50		         0		-999.00
-999	1545259327	8640		279.33		         0		-999.00
-999	1545267967	8640		279.21		         0		-999.00
-999	1545276607	8640		279.10		         0		-999.00
-999	1545285247	8640		278.98		         0		-999.00
-999	1545293887	8640		278.93		         0		-999.00
-999	1545302527	8640		278.81		         0		-999.00
-999	1545311167	8640		278.92		         0		-999.00
-999	1545319807	8640		279.09		         0		-999.00
-999	1545328447	8640		279.26		         0		-999.00
-999	1545337087	8640		279.37		         0		-999.00
-999	1545345727	8640		279.37		         0		-999.00
-999	1545354367	8640		279.27		         0		-999.00
-999	1545363007	8640		279.15		         0		-999.00
-999	1545371647	8640		279.04		         0		-999.00
-999	1545380287	8640		278.98		         0		-999.00
-999	1545388927	8640		278.93		         0		-999.00
-999	1545397567	8640		278.87		         0		-999.00
-999	1545406207	8640		278.81		         0		-999.00
-999	1545414847	8640		278.81		         0		-999.00
-999	1545423487	8640		278.81		         0		-999.00
-999	1545432127	8640		278.81		         0		-999.00
-999	1545440767	8640		278.69		         0		-999.00
-999	1545449407	8640		278.69		         0		-999.00
-999	1545458047	8640		278.69		         0		-999.00
-999	1545466687	8640		278.69		         0		-999.00
-999	1545475327	8640		278.69		         0		-999.00
-999	1545483967	8640		278.69		         0		-999.00
-999	1545492607	8640		278.69		         0		-999.00
-999	1545501247	8640		278.69		         0		-999.00
-999	1545509887	8640		278.69		         0		-999.00
-999	1545518527	8640		278.69		         0		-999.00
-999	1545527167	8640		278.69		         0		-999.00
-999	1545535807	8640		278.69		         0		-999.00
-999	1545544447	8640		278.69		         0		-999.00
-999	1545553087	8640		278.69		         0		-999.00
-999	1545561727	8640		278.69		         0		-999.00
-999	1545570367	8640		278.69		         0		-999.00
-999	1545579007	8640		278.69		         0		-999.00
-999	1545587647	8640		278.69		         0		-999.00
-999	1545596287	8640		278.62		         0		-999.00
-999	1545604927	8640		278.62		         0		-999.00
-999	1545613567	8640		278.62		         0		-999.00
-999	1545622207	8640		278.62		         0		-999.00
-999	1545630847	8640		278.62		         0		-999.00
-999	1545639487	8640		278.62		         0		-999.00
