Fill	Timestamp [s]	Duration [s]	Temperature [K]	Fluence [n_eq/cm2/s]	Leakage_current [mA/cm2]
7920	1657026428	1200		261.18		     76455		  9.50
7920	1657030028	3600		261.41		     74922		  9.50
7920	1657033628	3600		261.31		     71874		  9.50
7920	1657037228	3600		261.41		     80359		  9.50
7920	1657040828	3600		261.31		     82460		  9.50
7920	1657044428	3600		261.24		     84342		  9.50
7920	1657048028	3600		261.38		     83367		  9.50
7920	1657051628	3600		261.32		     84543		  9.50
7920	1657055228	3600		261.38		     83930		  9.50
7920	1657058612	3384		261.44		     79326		  9.50
-999	1657059812	1200		261.10		         0		-999.00
-999	1657063412	3600		261.26		         0		-999.00
-999	1657067012	3600		261.46		         0		-999.00
-999	1657067644	632		261.35		         0		-999.00
7921	1657068844	1200		261.20		    166134		  9.50
7921	1657072444	3600		261.44		    173540		  9.50
7921	1657076044	3600		261.40		    164464		  9.50
7921	1657079644	3600		261.45		    179298		  9.50
7921	1657083244	3600		261.45		    179655		  9.50
7921	1657086844	3600		261.45		    181303		  9.50
7921	1657090444	3600		261.45		    177975		  9.50
7921	1657094044	3600		261.28		    168240		  9.50
7921	1657097644	3600		261.38		    157305		  9.50
7921	1657101244	3600		261.50		    139198		  9.50
7921	1657102777	1533		261.32		    120728		  9.50
-999	1657103977	1200		260.91		         0		-999.00
-999	1657107577	3600		261.15		         0		-999.00
-999	1657111177	3600		261.27		         0		-999.00
-999	1657114777	3600		261.22		         0		-999.00
-999	1657118377	3600		261.38		         0		-999.00
-999	1657121977	3600		261.44		         0		-999.00
-999	1657125577	3600		261.22		         0		-999.00
-999	1657129177	3600		261.40		         0		-999.00
-999	1657132777	3600		261.44		         0		-999.00
-999	1657136377	3600		260.99		         0		-999.00
-999	1657139977	3600		261.01		         0		-999.00
-999	1657143577	3600		261.21		         0		-999.00
-999	1657146063	2486		261.25		         0		-999.00
7923	1657147263	1200		261.30		    662094		  9.50
7923	1657150863	3600		261.40		    670250		  9.50
7923	1657154463	3600		261.40		    634004		  9.50
7923	1657158063	3600		261.40		    590289		  9.50
7923	1657161663	3600		261.40		    621445		  9.50
7923	1657165263	3600		261.40		    598193		  9.50
7923	1657168863	3600		261.40		    594944		  9.50
7923	1657172463	3600		261.40		    591657		  9.50
7923	1657176063	3600		261.40		    681359		  9.50
7923	1657179663	3600		261.40		    639080		  9.50
7923	1657183263	3600		261.40		    567920		  9.50
7923	1657183449	186		261.33		    627394		  9.50
7960	1657449293	1200		261.46		   5422685		  9.50
7960	1657452893	3600		261.59		   5241949		  9.50
7960	1657456493	3600		261.62		   5560433		  9.50
7960	1657460093	3600		261.63		   5704547		  9.50
7960	1657463693	3600		261.67		   5702409		  9.50
7960	1657467293	3600		261.66		   5299136		  9.50
7960	1657470893	3600		261.54		   4993038		  9.50
7960	1657474493	3600		261.59		   4661927		  9.50
7960	1657478093	3600		261.51		   4063724		  9.50
7960	1657479562	1469		261.58		   4218514		  9.50
-999	1657480762	1200		261.27		         0		-999.00
-999	1657484362	3600		261.16		         0		-999.00
-999	1657487962	3600		260.88		         0		-999.00
-999	1657491562	3600		260.94		         0		-999.00
-999	1657495162	3600		261.11		         0		-999.00
-999	1657498762	3600		261.38		         0		-999.00
-999	1657499246	484		261.31		         0		-999.00
7963	1657500446	1200		261.71		   4593673		  9.50
7963	1657504046	3600		261.62		   4886566		  9.50
7963	1657507646	3600		261.62		   4774441		  9.50
7963	1657511246	3600		261.66		   6065400		  9.50
7963	1657514846	3600		261.65		   5889608		  9.50
7963	1657518446	3600		261.64		   5470072		  9.50
7963	1657522046	3600		261.63		   5061585		  9.50
7963	1657525646	3600		261.60		   4831975		  9.50
7963	1657529246	3600		261.47		   4563602		  9.50
7963	1657532846	3600		261.56		   3934545		  9.50
7963	1657534325	1479		261.20		   3487086		  9.50
-999	1657535525	1200		260.79		         0		-999.00
-999	1657539125	3600		261.19		         0		-999.00
-999	1657542725	3600		261.16		         0		-999.00
-999	1657543207	482		261.22		         0		-999.00
7965	1657544407	1200		261.65		   5604679		  9.50
7965	1657544771	364		261.68		   6383239		  9.50
-999	1657545971	1200		261.41		         0		-999.00
-999	1657549571	3600		261.08		         0		-999.00
-999	1657552738	3167		261.12		         0		-999.00
7966	1657553938	1200		261.51		   5730252		  9.50
7966	1657557538	3600		261.69		   6206205		  9.50
7966	1657561138	3600		261.68		   6102800		  9.50
7966	1657564738	3600		261.69		   6118137		  9.50
7966	1657568338	3600		261.67		   5753705		  9.50
7966	1657571857	3519		261.36		   3890472		  9.50
-999	1657573057	1200		261.32		         0		-999.00
-999	1657576657	3600		261.23		         0		-999.00
-999	1657580257	3600		260.95		         0		-999.00
-999	1657582409	2152		261.26		         0		-999.00
7967	1657583609	1200		261.67		   4856311		  9.50
7967	1657587209	3600		261.67		   4723443		  9.50
7967	1657590809	3600		261.54		   4557276		  9.50
7967	1657594409	3600		261.54		   4481960		  9.50
7967	1657598009	3600		261.53		   4102739		  9.50
7967	1657601609	3600		261.41		       746		  9.50
7967	1657605209	3600		261.41		       686		  9.50
7967	1657607002	1793		261.41		       618		  9.50
-999	1657608202	1200		261.16		         0		-999.00
-999	1657611802	3600		261.30		         0		-999.00
-999	1657615402	3600		261.40		         0		-999.00
-999	1657619002	3600		261.41		         0		-999.00
-999	1657622602	3600		261.40		         0		-999.00
-999	1657626202	3600		261.40		         0		-999.00
-999	1657629802	3600		261.08		         0		-999.00
-999	1657633402	3600		261.22		         0		-999.00
-999	1657637002	3600		261.30		         0		-999.00
-999	1657640602	3600		261.52		         0		-999.00
-999	1657644202	3600		261.52		         0		-999.00
-999	1657647802	3600		261.47		         0		-999.00
-999	1657651402	3600		261.54		         0		-999.00
-999	1657655002	3600		261.33		         0		-999.00
-999	1657658602	3600		261.33		         0		-999.00
-999	1657662202	3600		261.33		         0		-999.00
-999	1657665465	3263		261.19		         0		-999.00
7969	1657666665	1200		262.32		  30849926		 14.00
7969	1657670265	3600		262.56		  30448772		 14.00
7969	1657673865	3600		262.50		  30756169		 14.00
7969	1657677465	3600		261.87		  31428887		  2.50
7969	1657679362	1897		265.85		  26235648		  2.50
-999	1657680562	1200		267.49		         0		-999.00
-999	1657684162	3600		269.61		         0		-999.00
-999	1657687762	3600		270.59		         0		-999.00
-999	1657691362	3600		278.56		         0		-999.00
-999	1657694962	3600		277.97		         0		-999.00
-999	1657698562	3600		258.89		         0		-999.00
-999	1657702162	3600		258.78		         0		-999.00
-999	1657705762	3600		262.92		         0		-999.00
-999	1657709362	3600		263.13		         0		-999.00
-999	1657712962	3600		258.81		         0		-999.00
-999	1657716562	3600		257.45		         0		-999.00
-999	1657720162	3600		258.32		         0		-999.00
-999	1657723762	3600		258.30		         0		-999.00
-999	1657727362	3600		258.40		         0		-999.00
-999	1657730962	3600		258.40		         0		-999.00
-999	1657734562	3600		258.34		         0		-999.00
-999	1657738162	3600		258.32		         0		-999.00
-999	1657741762	3600		258.32		         0		-999.00
-999	1657745362	3600		258.32		         0		-999.00
-999	1657748962	3600		258.09		         0		-999.00
-999	1657752562	3600		258.21		         0		-999.00
-999	1657756162	3600		258.33		         0		-999.00
-999	1657759762	3600		258.33		         0		-999.00
-999	1657763362	3600		258.31		         0		-999.00
-999	1657766962	3600		261.02		         0		-999.00
-999	1657770562	3600		260.91		         0		-999.00
-999	1657774162	3600		261.32		         0		-999.00
-999	1657777762	3600		260.89		         0		-999.00
-999	1657781362	3600		261.00		         0		-999.00
-999	1657784962	3600		261.36		         0		-999.00
-999	1657788562	3600		261.28		         0		-999.00
-999	1657792162	3600		261.26		         0		-999.00
-999	1657795762	3600		261.26		         0		-999.00
-999	1657799362	3600		261.37		         0		-999.00
-999	1657802962	3600		261.20		         0		-999.00
-999	1657806562	3600		261.27		         0		-999.00
-999	1657810162	3600		261.11		         0		-999.00
-999	1657810593	431		261.23		         0		-999.00
7978	1657811793	1200		261.85		  10814750		 11.50
7978	1657815393	3600		262.17		  19547079		 11.50
7978	1657818993	3600		262.16		  21104911		 11.50
7978	1657822593	3600		262.17		  21483843		 11.50
7978	1657826193	3600		262.17		  21586425		 11.50
7978	1657829793	3600		262.18		  21770154		 11.50
7978	1657833393	3600		262.19		  22330349		 11.50
7978	1657836993	3600		262.19		  22248382		 11.50
7978	1657840593	3600		262.18		  21710927		 11.50
7978	1657844193	3600		262.14		  20497151		 11.50
7978	1657847793	3600		262.11		  19577943		 11.50
7978	1657850961	3168		261.97		  16869402		 11.50
-999	1657852161	1200		261.38		         0		-999.00
-999	1657855761	3600		261.46		         0		-999.00
-999	1657859361	3600		261.40		         0		-999.00
-999	1657862961	3600		261.25		         0		-999.00
-999	1657866561	3600		261.08		         0		-999.00
-999	1657870161	3600		261.40		         0		-999.00
-999	1657873761	3600		261.16		         0		-999.00
-999	1657877361	3600		261.40		         0		-999.00
-999	1657880961	3600		261.43		         0		-999.00
-999	1657884561	3600		261.23		         0		-999.00
-999	1657888161	3600		261.40		         0		-999.00
-999	1657891761	3600		261.40		         0		-999.00
-999	1657895361	3600		261.50		         0		-999.00
-999	1657898961	3600		261.50		         0		-999.00
-999	1657902561	3600		261.50		         0		-999.00
-999	1657906161	3600		261.44		         0		-999.00
-999	1657909761	3600		261.50		         0		-999.00
-999	1657913361	3600		261.50		         0		-999.00
-999	1657916961	3600		261.50		         0		-999.00
-999	1657920561	3600		261.50		         0		-999.00
-999	1657924161	3600		261.44		         0		-999.00
-999	1657927761	3600		261.38		         0		-999.00
-999	1657931361	3600		261.38		         0		-999.00
-999	1657934961	3600		261.38		         0		-999.00
-999	1657938561	3600		261.38		         0		-999.00
-999	1657942161	3600		261.38		         0		-999.00
-999	1657945761	3600		261.38		         0		-999.00
-999	1657949361	3600		261.38		         0		-999.00
-999	1657952961	3600		261.44		         0		-999.00
-999	1657956561	3600		261.38		         0		-999.00
-999	1657960161	3600		261.44		         0		-999.00
-999	1657963761	3600		261.44		         0		-999.00
-999	1657967361	3600		261.34		         0		-999.00
-999	1657970961	3600		261.43		         0		-999.00
-999	1657974561	3600		261.43		         0		-999.00
-999	1657978161	3600		261.25		         0		-999.00
-999	1657981761	3600		261.43		         0		-999.00
-999	1657985361	3600		261.43		         0		-999.00
-999	1657988961	3600		261.38		         0		-999.00
-999	1657992561	3600		261.38		         0		-999.00
-999	1657996161	3600		261.26		         0		-999.00
-999	1657999761	3600		261.44		         0		-999.00
-999	1658003361	3600		261.50		         0		-999.00
-999	1658006961	3600		261.51		         0		-999.00
-999	1658010561	3600		261.51		         0		-999.00
-999	1658014161	3600		261.44		         0		-999.00
-999	1658017761	3600		261.55		         0		-999.00
-999	1658021361	3600		261.50		         0		-999.00
-999	1658024961	3600		261.50		         0		-999.00
-999	1658028561	3600		261.50		         0		-999.00
-999	1658032161	3600		261.50		         0		-999.00
-999	1658035761	3600		261.50		         0		-999.00
-999	1658039361	3600		261.49		         0		-999.00
-999	1658042961	3600		261.49		         0		-999.00
-999	1658046561	3600		261.49		         0		-999.00
-999	1658050161	3600		261.49		         0		-999.00
-999	1658053761	3600		261.44		         0		-999.00
-999	1658057361	3600		261.44		         0		-999.00
-999	1658060961	3600		261.44		         0		-999.00
-999	1658064561	3600		261.44		         0		-999.00
-999	1658068161	3600		261.44		         0		-999.00
-999	1658071761	3600		261.44		         0		-999.00
-999	1658075361	3600		261.50		         0		-999.00
-999	1658078961	3600		261.44		         0		-999.00
-999	1658082561	3600		261.44		         0		-999.00
-999	1658086161	3600		261.44		         0		-999.00
-999	1658089761	3600		261.44		         0		-999.00
-999	1658093361	3600		261.13		         0		-999.00
-999	1658096961	3600		261.51		         0		-999.00
-999	1658100561	3600		261.10		         0		-999.00
-999	1658104161	3600		261.46		         0		-999.00
-999	1658106797	2636		261.52		         0		-999.00
8007	1658107997	1200		262.01		  20316104		 11.50
8007	1658111597	3600		262.24		  22843125		 15.00
8007	1658115197	3600		262.19		  21187687		 15.00
8007	1658118797	3600		262.25		  23302505		 15.00
8007	1658121712	2915		262.35		  22813775		 15.00
-999	1658122912	1200		261.19		         0		-999.00
-999	1658126512	3600		261.36		         0		-999.00
-999	1658130112	3600		261.35		         0		-999.00
-999	1658133712	3600		261.41		         0		-999.00
-999	1658137312	3600		261.40		         0		-999.00
-999	1658140912	3600		261.05		         0		-999.00
-999	1658144512	3600		261.32		         0		-999.00
-999	1658148112	3600		261.38		         0		-999.00
-999	1658151712	3600		261.44		         0		-999.00
-999	1658155312	3600		261.44		         0		-999.00
-999	1658158912	3600		261.50		         0		-999.00
-999	1658162512	3600		261.50		         0		-999.00
-999	1658166112	3600		261.09		         0		-999.00
-999	1658169712	3600		261.55		         0		-999.00
-999	1658173312	3600		261.45		         0		-999.00
-999	1658176912	3600		261.51		         0		-999.00
-999	1658180512	3600		261.51		         0		-999.00
-999	1658184112	3600		261.51		         0		-999.00
-999	1658187712	3600		261.23		         0		-999.00
-999	1658191312	3600		261.47		         0		-999.00
-999	1658194912	3600		261.47		         0		-999.00
-999	1658198512	3600		261.40		         0		-999.00
-999	1658202112	3600		261.49		         0		-999.00
-999	1658205712	3600		261.36		         0		-999.00
-999	1658209312	3600		261.48		         0		-999.00
-999	1658212912	3600		261.07		         0		-999.00
-999	1658216512	3600		261.38		         0		-999.00
-999	1658220112	3600		261.27		         0		-999.00
-999	1658223712	3600		261.55		         0		-999.00
-999	1658227312	3600		261.50		         0		-999.00
-999	1658230912	3600		261.21		         0		-999.00
-999	1658234512	3600		261.06		         0		-999.00
-999	1658238112	3600		261.40		         0		-999.00
-999	1658241712	3600		261.48		         0		-999.00
-999	1658245312	3600		261.34		         0		-999.00
-999	1658246879	1567		261.17		         0		-999.00
8016	1658248079	1200		262.62		  42950528		 17.00
8016	1658251679	3600		262.77		  37812286		 17.00
8016	1658255279	3600		262.64		  36496033		 12.50
8016	1658255595	316		261.55		         0		 12.50
-999	1658256795	1200		261.46		         0		-999.00
-999	1658260395	3600		261.44		         0		-999.00
-999	1658263995	3600		261.42		         0		-999.00
-999	1658264374	379		261.48		         0		-999.00
8017	1658265574	1200		262.51		  35307413		 18.00
8017	1658269174	3600		262.98		  45038308		 18.00
8017	1658272774	3600		263.09		  46994319		 18.00
8017	1658276374	3600		263.06		  47665609		 18.00
8017	1658279974	3600		263.06		  47669788		 18.00
8017	1658283574	3600		263.00		  45756843		 18.00
8017	1658287174	3600		263.00		  45641107		 18.00
8017	1658290774	3600		262.98		  45072701		 18.00
8017	1658294374	3600		262.77		  41957299		 14.50
8017	1658294511	137		261.51		         0		 14.50
-999	1658295711	1200		261.52		         0		-999.00
-999	1658299311	3600		261.23		         0		-999.00
-999	1658302911	3600		260.98		         0		-999.00
-999	1658305421	2510		261.38		         0		-999.00
8018	1658306621	1200		262.88		  44249177		 19.50
8018	1658309828	3207		262.92		  43511464		 19.50
-999	1658311028	1200		261.16		         0		-999.00
-999	1658314628	3600		261.37		         0		-999.00
-999	1658318228	3600		261.48		         0		-999.00
-999	1658319434	1206		261.55		         0		-999.00
8019	1658320634	1200		263.07		  46354881		 20.00
8019	1658324234	3600		262.90		  43812733		 20.00
8019	1658325849	1615		262.93		  42810871		 20.00
-999	1658327049	1200		261.50		         0		-999.00
-999	1658330649	3600		261.21		         0		-999.00
-999	1658334249	3600		261.44		         0		-999.00
-999	1658335709	1460		261.44		         0		-999.00
8020	1658336909	1200		263.02		  44832646		 20.00
8020	1658340509	3600		262.99		  43609698		 20.00
8020	1658344109	3600		262.89		  42307080		 20.00
8020	1658345317	1208		262.88		  41892878		 20.00
-999	1658346517	1200		261.52		         0		-999.00
-999	1658350117	3600		258.30		         0		-999.00
-999	1658353717	3600		258.23		         0		-999.00
-999	1658357317	3600		258.29		         0		-999.00
-999	1658360917	3600		258.49		         0		-999.00
-999	1658361284	367		258.49		         0		-999.00
8022	1658362484	1200		262.09		  23741219		 16.50
8022	1658366084	3600		261.48		   1348767		 16.50
8022	1658369684	3600		261.48		   1356631		 16.50
8022	1658370850	1166		261.48		   1351233		 16.50
-999	1658372050	1200		261.38		         0		-999.00
-999	1658375650	3600		261.40		         0		-999.00
-999	1658378706	3056		261.52		         0		-999.00
8023	1658379906	1200		261.88		  19248058		 15.50
8023	1658383415	3509		261.44		   1332009		 15.50
-999	1658384615	1200		261.28		         0		-999.00
-999	1658388215	3600		261.13		         0		-999.00
-999	1658391815	3600		261.42		         0		-999.00
-999	1658395415	3600		261.42		         0		-999.00
-999	1658399015	3600		261.30		         0		-999.00
-999	1658402615	3600		261.40		         0		-999.00
-999	1658406215	3600		261.38		         0		-999.00
-999	1658409815	3600		261.17		         0		-999.00
-999	1658413415	3600		261.21		         0		-999.00
-999	1658417015	3600		261.31		         0		-999.00
-999	1658420615	3600		261.14		         0		-999.00
-999	1658424215	3600		261.38		         0		-999.00
-999	1658427815	3600		261.40		         0		-999.00
-999	1658431415	3600		261.46		         0		-999.00
-999	1658435015	3600		261.44		         0		-999.00
-999	1658437329	2314		261.52		         0		-999.00
8027	1658438529	1200		263.07		  54811601		 22.00
8027	1658442129	3600		263.68		  67779607		 24.50
8027	1658445729	3600		263.76		  67766032		 24.50
8027	1658449329	3600		263.53		  62444687		 24.50
8027	1658452929	3600		263.35		  56221441		 24.50
8027	1658456529	3600		263.20		  54052564		 21.00
8027	1658460129	3600		262.97		  47315681		 22.00
8027	1658460721	592		263.01		  47044750		 22.00
-999	1658461921	1200		258.36		         0		-999.00
-999	1658465521	3600		258.44		         0		-999.00
-999	1658469121	3600		258.47		         0		-999.00
-999	1658472721	3600		258.06		         0		-999.00
-999	1658476321	3600		258.35		         0		-999.00
-999	1658479921	3600		258.47		         0		-999.00
-999	1658483521	3600		258.47		         0		-999.00
-999	1658487121	3600		258.43		         0		-999.00
-999	1658490721	3600		258.43		         0		-999.00
-999	1658494321	3600		258.43		         0		-999.00
-999	1658497921	3600		258.44		         0		-999.00
-999	1658501521	3600		258.33		         0		-999.00
-999	1658505121	3600		258.55		         0		-999.00
-999	1658505136	15		258.41		         0		-999.00
8030	1658506336	1200		263.76		  62791819		 27.00
8030	1658509936	3600		264.12		  85165756		 27.00
8030	1658510500	564		264.24		  92093336		 27.00
-999	1658511700	1200		261.50		         0		-999.00
-999	1658515300	3600		261.47		         0		-999.00
-999	1658518900	3600		261.57		         0		-999.00
-999	1658522500	3600		261.47		         0		-999.00
-999	1658526100	3600		261.23		         0		-999.00
-999	1658529700	3600		261.47		         0		-999.00
-999	1658533300	3600		261.47		         0		-999.00
-999	1658536900	3600		261.47		         0		-999.00
-999	1658540500	3600		261.47		         0		-999.00
-999	1658544100	3600		261.47		         0		-999.00
-999	1658547700	3600		261.47		         0		-999.00
-999	1658551300	3600		261.06		         0		-999.00
-999	1658554900	3600		261.47		         0		-999.00
-999	1658558500	3600		261.23		         0		-999.00
-999	1658562100	3600		261.47		         0		-999.00
-999	1658565700	3600		261.35		         0		-999.00
-999	1658569300	3600		261.49		         0		-999.00
-999	1658572894	3594		261.52		         0		-999.00
8033	1658574094	1200		264.35		  82519263		 27.00
8033	1658577694	3600		264.20		  80426238		 28.00
8033	1658581294	3600		264.34		  84594974		 28.00
8033	1658584894	3600		264.22		  85261426		 28.00
8033	1658588494	3600		264.34		  86317008		 28.00
8033	1658592094	3600		264.22		  86928819		 28.00
8033	1658595694	3600		264.14		  80188192		 30.50
8033	1658599294	3600		264.15		  80594720		 30.50
8033	1658602894	3600		263.80		  72529424		 29.00
8033	1658603069	175		258.47		  65321411		 12.00
-999	1658604269	1200		258.47		         0		-999.00
-999	1658607869	3600		261.34		         0		-999.00
-999	1658611469	3600		261.47		         0		-999.00
-999	1658615069	3600		261.47		         0		-999.00
-999	1658618669	3600		261.47		         0		-999.00
-999	1658622269	3600		261.47		         0		-999.00
-999	1658625869	3600		261.47		         0		-999.00
-999	1658629469	3600		261.47		         0		-999.00
-999	1658633069	3600		261.47		         0		-999.00
-999	1658636669	3600		261.47		         0		-999.00
-999	1658640269	3600		261.47		         0		-999.00
-999	1658643869	3600		261.29		         0		-999.00
-999	1658647469	3600		261.29		         0		-999.00
-999	1658651069	3600		261.40		         0		-999.00
-999	1658654669	3600		261.52		         0		-999.00
-999	1658658269	3600		261.41		         0		-999.00
-999	1658661869	3600		261.47		         0		-999.00
-999	1658665469	3600		261.41		         0		-999.00
-999	1658669069	3600		261.41		         0		-999.00
-999	1658672669	3600		261.41		         0		-999.00
-999	1658676269	3600		261.47		         0		-999.00
-999	1658679869	3600		261.41		         0		-999.00
-999	1658683469	3600		258.35		         0		-999.00
-999	1658687069	3600		258.45		         0		-999.00
-999	1658690669	3600		258.35		         0		-999.00
-999	1658694269	3600		258.52		         0		-999.00
-999	1658697869	3600		258.40		         0		-999.00
-999	1658701469	3600		258.40		         0		-999.00
-999	1658705069	3600		258.40		         0		-999.00
-999	1658708669	3600		258.40		         0		-999.00
-999	1658712269	3600		258.40		         0		-999.00
-999	1658715869	3600		258.40		         0		-999.00
-999	1658719469	3600		258.40		         0		-999.00
-999	1658723069	3600		258.43		         0		-999.00
-999	1658726669	3600		258.46		         0		-999.00
-999	1658730269	3600		258.27		         0		-999.00
-999	1658733869	3600		258.38		         0		-999.00
-999	1658737469	3600		258.26		         0		-999.00
-999	1658739934	2465		258.40		         0		-999.00
-999	1658742177	1200		261.57		         0		-999.00
-999	1658745777	3600		258.49		         0		-999.00
-999	1658749377	3600		258.55		         0		-999.00
-999	1658752977	3600		258.30		         0		-999.00
-999	1658756577	3600		257.99		         0		-999.00
-999	1658760177	3600		258.51		         0		-999.00
-999	1658763777	3600		258.14		         0		-999.00
-999	1658763829	52		258.14		         0		-999.00
8046	1658765029	1200		264.18		  81270679		 28.50
8046	1658768629	3600		264.61		  98102262		 35.50
8046	1658771734	3105		264.37		 105730840		 19.50
-999	1658772934	1200		261.50		         0		-999.00
-999	1658776534	3600		258.50		         0		-999.00
-999	1658780134	3600		258.40		         0		-999.00
-999	1658783734	3600		258.44		         0		-999.00
-999	1658787334	3600		258.44		         0		-999.00
-999	1658790934	3600		258.47		         0		-999.00
-999	1658794534	3600		258.46		         0		-999.00
-999	1658798134	3600		258.40		         0		-999.00
-999	1658801734	3600		258.40		         0		-999.00
-999	1658805334	3600		261.44		         0		-999.00
-999	1658808934	3600		261.44		         0		-999.00
-999	1658812534	3600		261.21		         0		-999.00
-999	1658816134	3600		261.06		         0		-999.00
-999	1658819734	3600		261.17		         0		-999.00
-999	1658823334	3600		261.40		         0		-999.00
-999	1658826934	3600		261.40		         0		-999.00
-999	1658830534	3600		261.40		         0		-999.00
-999	1658834134	3600		261.23		         0		-999.00
-999	1658837734	3600		261.53		         0		-999.00
-999	1658841334	3600		261.48		         0		-999.00
-999	1658844934	3600		261.39		         0		-999.00
-999	1658848534	3600		261.39		         0		-999.00
-999	1658852134	3600		261.22		         0		-999.00
-999	1658855734	3600		261.48		         0		-999.00
-999	1658859334	3600		261.42		         0		-999.00
-999	1658862934	3600		258.38		         0		-999.00
-999	1658866534	3600		258.40		         0		-999.00
-999	1658870134	3600		258.23		         0		-999.00
-999	1658873734	3600		258.40		         0		-999.00
-999	1658877334	3600		258.46		         0		-999.00
-999	1658880934	3600		258.46		         0		-999.00
-999	1658884534	3600		258.46		         0		-999.00
-999	1658888134	3600		258.46		         0		-999.00
-999	1658891734	3600		258.43		         0		-999.00
-999	1658895334	3600		261.38		         0		-999.00
-999	1658898934	3600		261.44		         0		-999.00
-999	1658902534	3600		261.44		         0		-999.00
-999	1658906134	3600		261.47		         0		-999.00
-999	1658909734	3600		261.47		         0		-999.00
-999	1658913334	3600		261.35		         0		-999.00
-999	1658916934	3600		261.16		         0		-999.00
-999	1658920534	3600		258.15		         0		-999.00
-999	1658924134	3600		258.38		         0		-999.00
-999	1658927734	3600		258.22		         0		-999.00
-999	1658931334	3600		258.25		         0		-999.00
-999	1658934934	3600		258.49		         0		-999.00
-999	1658937298	2364		258.52		         0		-999.00
8057	1658938498	1200		264.06		  75969419		 31.50
8057	1658940388	1890		263.42		  60161203		 29.00
-999	1658941588	1200		261.11		         0		-999.00
-999	1658945188	3600		258.40		         0		-999.00
-999	1658948788	3600		258.40		         0		-999.00
-999	1658950746	1958		258.53		         0		-999.00
8058	1658951946	1200		262.96		  45498352		 25.50
8058	1658955104	3158		258.25		  46279078		 11.50
-999	1658956304	1200		258.47		         0		-999.00
-999	1658959904	3600		258.33		         0		-999.00
-999	1658962740	2836		258.52		         0		-999.00
8059	1658963940	1200		264.20		  81184845		 31.00
8059	1658967540	3600		264.22		  83231720		 31.00
8059	1658971140	3600		264.24		  81830832		 31.00
8059	1658974740	3600		264.28		  83112573		 31.00
8059	1658978340	3600		264.27		  82751391		 31.00
8059	1658980880	2540		264.25		  83826094		 34.50
-999	1658982080	1200		261.53		         0		-999.00
-999	1658985680	3600		261.38		         0		-999.00
-999	1658989280	3600		261.50		         0		-999.00
-999	1658992880	3600		261.19		         0		-999.00
-999	1658996480	3600		258.29		         0		-999.00
-999	1659000080	3600		258.34		         0		-999.00
-999	1659003680	3600		258.28		         0		-999.00
-999	1659007280	3600		258.04		         0		-999.00
-999	1659010880	3600		258.32		         0		-999.00
-999	1659014480	3600		258.44		         0		-999.00
-999	1659018080	3600		258.50		         0		-999.00
-999	1659019546	1466		258.55		         0		-999.00
-999	1659021637	1200		261.50		         0		-999.00
-999	1659025237	3600		258.52		         0		-999.00
-999	1659027819	2582		258.48		         0		-999.00
8063	1659029019	1200		264.47		  85276475		 35.00
8063	1659032619	3600		265.02		 103874029		 38.50
8063	1659036219	3600		264.94		 102286218		 38.00
8063	1659039819	3600		264.92		 102492361		 38.00
8063	1659043419	3600		264.67		  94079755		 38.00
8063	1659047019	3600		264.53		  89273589		 38.00
8063	1659050619	3600		264.36		  83542060		 38.00
8063	1659054219	3600		264.14		  78268295		 38.00
8063	1659057819	3600		263.96		  74395815		 38.00
8063	1659061419	3600		263.83		  69957241		 38.00
8063	1659065019	3600		263.73		  66722546		 38.00
8063	1659068619	3600		263.00		  63315287		 34.50
8063	1659072219	3600		263.33		  54276947		 34.50
8063	1659072807	588		263.35		  54930754		 34.50
-999	1659074007	1200		261.50		         0		-999.00
-999	1659077607	3600		258.28		         0		-999.00
-999	1659081207	3600		258.33		         0		-999.00
-999	1659084807	3600		258.40		         0		-999.00
-999	1659088407	3600		258.40		         0		-999.00
-999	1659092007	3600		258.40		         0		-999.00
-999	1659095364	3357		258.52		         0		-999.00
8067	1659096564	1200		264.41		 103889023		 41.50
8067	1659100164	3600		265.02		 107961426		 43.00
8067	1659103764	3600		265.47		 118219643		 46.50
8067	1659107364	3600		265.47		 118393142		 46.50
8067	1659110964	3600		265.48		 119499210		 46.50
8067	1659114564	3600		265.24		 111410429		 46.50
8067	1659116576	2012		265.06		 108942576		 46.50
-999	1659117776	1200		261.03		         0		-999.00
-999	1659121376	3600		258.27		         0		-999.00
-999	1659124976	3600		258.37		         0		-999.00
-999	1659125085	109		258.62		         0		-999.00
8068	1659126285	1200		265.10		 103819708		 48.00
8068	1659129885	3600		265.07		 110064352		 47.00
8068	1659133485	3600		265.23		 111384879		 47.00
8068	1659137085	3600		265.19		 108065349		 50.00
8068	1659139547	2462		265.36		 115964560		 50.00
-999	1659140747	1200		261.49		         0		-999.00
-999	1659144347	3600		258.44		         0		-999.00
-999	1659147947	3600		258.44		         0		-999.00
-999	1659151547	3600		258.23		         0		-999.00
-999	1659155147	3600		258.40		         0		-999.00
-999	1659158747	3600		258.44		         0		-999.00
-999	1659162347	3600		258.47		         0		-999.00
-999	1659165947	3600		258.50		         0		-999.00
-999	1659167744	1797		258.52		         0		-999.00
8072	1659168944	1200		264.11		  73469174		 46.50
8072	1659172544	3600		265.31		 113434043		 50.00
8072	1659176144	3600		265.27		 111658878		 50.00
8072	1659179744	3600		265.25		 110696535		 50.00
8072	1659183344	3600		264.49		 110755296		 50.00
8072	1659186944	3600		265.06		 102858294		 50.00
8072	1659190544	3600		264.85		 107218884		 50.00
8072	1659194144	3600		264.86		  99934838		 50.00
8072	1659197744	3600		264.62		  93881310		 50.00
8072	1659201344	3600		264.43		  87524450		 50.00
8072	1659204944	3600		264.27		  82135863		 50.00
8072	1659208544	3600		264.19		  79181946		 49.00
8072	1659212144	3600		263.42		  67897495		 40.50
8072	1659212876	732		263.71		  68971190		 48.00
-999	1659214076	1200		258.47		         0		-999.00
-999	1659217676	3600		258.50		         0		-999.00
-999	1659221240	3564		258.53		         0		-999.00
8073	1659222440	1200		264.69		  92912779		 51.00
8073	1659226040	3600		265.26		 109992217		 54.50
8073	1659229640	3600		265.27		 109943814		 55.00
8073	1659233240	3600		265.26		 109541209		 58.50
8073	1659236840	3600		265.27		 109877250		 58.50
8073	1659238263	1423		264.50		 100369357		 41.50
-999	1659239463	1200		261.52		         0		-999.00
-999	1659243063	3600		261.47		         0		-999.00
-999	1659246663	3600		261.57		         0		-999.00
-999	1659250263	3600		261.19		         0		-999.00
-999	1659253863	3600		261.29		         0		-999.00
-999	1659257463	3600		261.53		         0		-999.00
-999	1659261063	3600		261.52		         0		-999.00
-999	1659264663	3600		261.52		         0		-999.00
-999	1659268263	3600		261.52		         0		-999.00
-999	1659271863	3600		258.50		         0		-999.00
-999	1659275463	3600		258.09		         0		-999.00
-999	1659279063	3600		261.44		         0		-999.00
-999	1659282663	3600		258.39		         0		-999.00
-999	1659286253	3590		258.55		         0		-999.00
8076	1659287453	1200		264.54		  89171282		 55.00
8076	1659291053	3600		266.12		 136402979		 62.00
8076	1659294653	3600		266.14		 139123071		 62.00
8076	1659298253	3600		266.17		 137872939		 65.50
8076	1659301853	3600		266.28		 139557116		 65.50
8076	1659305453	3600		265.78		 126020823		 65.50
8076	1659309053	3600		265.58		 129640661		 62.00
8076	1659312653	3600		265.36		 121538730		 61.00
8076	1659314151	1498		265.41		 117149826		 64.50
-999	1659315351	1200		261.48		         0		-999.00
-999	1659318951	3600		261.48		         0		-999.00
-999	1659322551	3600		261.48		         0		-999.00
-999	1659326151	3600		261.48		         0		-999.00
-999	1659329751	3600		261.48		         0		-999.00
-999	1659333351	3600		261.48		         0		-999.00
-999	1659336951	3600		261.22		         0		-999.00
-999	1659340551	3600		258.34		         0		-999.00
-999	1659344151	3600		261.19		         0		-999.00
-999	1659347751	3600		261.21		         0		-999.00
-999	1659351351	3600		261.38		         0		-999.00
-999	1659354951	3600		258.48		         0		-999.00
-999	1659358110	3159		258.40		         0		-999.00
8078	1659359310	1200		264.29		  88095670		 60.00
8078	1659362910	3600		266.03		 134253330		 67.00
8078	1659365364	2454		266.11		 136848846		 67.00
-999	1659366564	1200		261.52		         0		-999.00
-999	1659370164	3600		258.39		         0		-999.00
-999	1659372703	2539		258.57		         0		-999.00
8079	1659373903	1200		264.47		  89109519		 61.00
8079	1659377503	3600		266.07		 134134527		 68.00
8079	1659381103	3600		266.18		 142413106		 69.00
8079	1659382172	1069		266.26		 141319993		 69.00
-999	1659383372	1200		261.50		         0		-999.00
-999	1659386972	3600		261.50		         0		-999.00
-999	1659390572	3600		261.50		         0		-999.00
-999	1659394172	3600		261.50		         0		-999.00
-999	1659397772	3600		261.50		         0		-999.00
-999	1659401372	3600		261.50		         0		-999.00
-999	1659404972	3600		258.44		         0		-999.00
-999	1659408572	3600		258.23		         0		-999.00
-999	1659409823	1251		258.52		         0		-999.00
8081	1659411023	1200		264.21		  81573275		 61.00
8081	1659414623	3600		265.54		 117122048		 68.50
8081	1659418223	3600		266.13		 137890538		 71.00
8081	1659421823	3600		266.10		 136812354		 71.00
8081	1659425423	3600		265.85		 126075441		 71.50
8081	1659429023	3600		265.91		 130008440		 71.50
8081	1659432623	3600		265.59		 121630468		 71.50
8081	1659436223	3600		265.48		 115271154		 71.50
8081	1659439823	3600		265.23		 109134017		 68.00
8081	1659441839	2016		265.00		 105156390		 68.00
-999	1659443039	1200		258.59		         0		-999.00
-999	1659446639	3600		258.08		         0		-999.00
-999	1659450239	3600		258.44		         0		-999.00
-999	1659453839	3600		258.44		         0		-999.00
-999	1659456605	2766		258.53		         0		-999.00
8083	1659457805	1200		264.37		  84254992		 69.50
8083	1659461405	3600		266.16		 136831660		 76.00
8083	1659465005	3600		266.15		 138384534		 76.00
8083	1659468605	3600		266.22		 138820594		 76.00
8083	1659472205	3600		265.71		 135243744		 58.00
8083	1659475805	3600		265.89		 129501440		 77.50
8083	1659479405	3600		265.85		 128054200		 77.50
8083	1659483005	3600		265.56		 120017401		 77.50
8083	1659486605	3600		265.36		 113227900		 77.50
8083	1659490205	3600		264.42		 108458264		 68.00
8083	1659493805	3600		264.96		 101959725		 75.50
8083	1659494947	1142		262.76		  49512640		 57.00
-999	1659496147	1200		261.42		         0		-999.00
-999	1659499747	3600		261.30		         0		-999.00
-999	1659503347	3600		261.52		         0		-999.00
-999	1659506947	3600		261.06		         0		-999.00
-999	1659510547	3600		261.14		         0		-999.00
-999	1659514147	3600		261.25		         0		-999.00
-999	1659517747	3600		257.98		         0		-999.00
-999	1659521347	3600		258.21		         0		-999.00
-999	1659524947	3600		261.57		         0		-999.00
-999	1659528547	3600		258.01		         0		-999.00
-999	1659532147	3600		261.52		         0		-999.00
-999	1659535747	3600		261.52		         0		-999.00
-999	1659539347	3600		261.13		         0		-999.00
-999	1659542947	3600		261.47		         0		-999.00
-999	1659546547	3600		258.51		         0		-999.00
-999	1659550147	3600		258.45		         0		-999.00
-999	1659553747	3600		258.51		         0		-999.00
-999	1659557022	3275		258.55		         0		-999.00
8087	1659558222	1200		265.42		 110607831		 80.00
8087	1659559988	1766		267.13		 167520409		 83.50
-999	1659561188	1200		261.46		         0		-999.00
-999	1659564788	3600		258.38		         0		-999.00
-999	1659567899	3111		258.61		         0		-999.00
8088	1659569099	1200		265.32		 108499531		 82.00
8088	1659572699	3600		267.32		 171090837		 85.50
8088	1659576299	3600		267.36		 172256915		 88.50
8088	1659579899	3600		267.34		 171673666		 88.50
8088	1659583499	3600		267.31		 170720670		 92.00
8088	1659587099	3600		267.31		 170796329		 92.00
8088	1659590699	3600		266.82		 157715841		 92.00
8088	1659594299	3600		266.93		 160465757		 91.50
8088	1659597899	3600		266.61		 149674757		 90.50
8088	1659601499	3600		266.31		 141814469		 90.50
8088	1659605099	3600		265.66		 122286635		 88.50
8088	1659605836	737		258.62		 129626632		 11.00
-999	1659607036	1200		258.08		         0		-999.00
-999	1659610636	3600		258.04		         0		-999.00
-999	1659614236	3600		258.30		         0		-999.00
-999	1659617836	3600		258.40		         0		-999.00
-999	1659621436	3600		261.59		         0		-999.00
-999	1659625036	3600		261.53		         0		-999.00
-999	1659628636	3600		258.22		         0		-999.00
-999	1659632236	3600		258.34		         0		-999.00
-999	1659634503	2267		258.22		         0		-999.00
8091	1659635703	1200		266.66		 150877548		 92.00
8091	1659639303	3600		268.40		 210178466		 94.00
8091	1659640464	1161		266.80		 146808738		103.00
-999	1659641664	1200		261.49		         0		-999.00
-999	1659645264	3600		258.30		         0		-999.00
-999	1659648864	3600		258.30		         0		-999.00
-999	1659652464	3600		258.30		         0		-999.00
-999	1659656064	3600		258.31		         0		-999.00
-999	1659658748	2684		258.29		         0		-999.00
8094	1659659948	1200		265.19		 107228634		 89.00
8094	1659663548	3600		268.40		 201376043		104.00
8094	1659667148	3600		268.35		 200887388		102.00
8094	1659670748	3600		267.85		 187868617		102.00
8094	1659674348	3600		267.44		 174378937		 98.50
8094	1659677948	3600		267.06		 165556388		 98.50
8094	1659681548	3600		266.73		 154732072		 98.50
8094	1659685148	3600		266.47		 146203139		 97.00
8094	1659688748	3600		266.02		 138310033		 93.50
8094	1659690634	1886		264.76		 111715878		 87.00
-999	1659691834	1200		258.22		         0		-999.00
-999	1659695434	3600		258.13		         0		-999.00
-999	1659699034	3600		258.09		         0		-999.00
-999	1659702634	3600		261.50		         0		-999.00
-999	1659706234	3600		261.55		         0		-999.00
-999	1659709834	3600		261.50		         0		-999.00
-999	1659713434	3600		261.55		         0		-999.00
-999	1659717034	3600		261.56		         0		-999.00
-999	1659720634	3600		261.64		         0		-999.00
-999	1659724234	3600		261.52		         0		-999.00
-999	1659727834	3600		261.55		         0		-999.00
-999	1659731434	3600		258.27		         0		-999.00
-999	1659735034	3600		258.30		         0		-999.00
-999	1659738634	3600		258.30		         0		-999.00
-999	1659741163	2529		258.28		         0		-999.00
8098	1659742363	1200		267.75		 180081644		107.00
8098	1659742952	589		269.16		 223065179		110.50
-999	1659744152	1200		261.45		         0		-999.00
-999	1659747752	3600		258.30		         0		-999.00
-999	1659750945	3193		258.26		         0		-999.00
8099	1659752145	1200		267.69		 179436302		108.50
8099	1659753308	1163		266.99		 173378182		 90.50
-999	1659754508	1200		261.50		         0		-999.00
-999	1659758108	3600		261.50		         0		-999.00
-999	1659761708	3600		261.50		         0		-999.00
-999	1659765308	3600		261.53		         0		-999.00
-999	1659768908	3600		261.30		         0		-999.00
-999	1659772508	3600		261.36		         0		-999.00
-999	1659776108	3600		261.02		         0		-999.00
-999	1659779708	3600		258.32		         0		-999.00
-999	1659783308	3600		258.27		         0		-999.00
-999	1659786908	3600		258.22		         0		-999.00
-999	1659787292	384		258.28		         0		-999.00
8100	1659788492	1200		266.80		 156385271		 98.50
8100	1659790213	1721		267.85		 181908409		107.50
8637	1682090281	1200		261.65		    132067		423.50
8637	1682093881	3600		261.15		    200096		379.50
8637	1682097481	3600		261.60		    226602		421.00
8637	1682101081	3600		261.48		    230612		408.00
8637	1682104681	3600		261.64		    229673		429.00
8637	1682108281	3600		261.57		    232250		419.00
8637	1682111881	3600		261.63		    228442		421.00
8637	1682115481	3600		261.57		    215480		420.50
8637	1682116313	832		261.57		    197451		417.00
-999	1682117513	1200		258.35		         0		-999.00
-999	1682121113	3600		258.52		         0		-999.00
-999	1682124713	3600		258.46		         0		-999.00
-999	1682116313	-8400		258.56		         0		-999.00
8639	1682128506	1200		261.62		    482365		421.50
8639	1682132106	3600		261.63		    832202		422.50
8639	1682135706	3600		261.64		    897274		416.50
8639	1682139306	3600		261.59		    904144		422.00
8639	1682142906	3600		261.60		    876073		422.50
8639	1682146506	3600		261.67		    804162		424.50
8639	1682150106	3600		261.65		    735868		423.50
8639	1682153706	3600		261.65		    606775		419.00
8639	1682157306	3600		261.65		    564689		423.50
8639	1682160906	3600		261.66		    541813		420.00
8639	1682164506	3600		261.61		    504459		423.00
8639	1682168106	3600		258.41		    405914		  9.50
8639	1682169013	907		261.81		         0		430.00
-999	1682170213	1200		258.25		         0		-999.00
-999	1682173813	3600		258.50		         0		-999.00
-999	1682177413	3600		258.47		         0		-999.00
-999	1682181013	3600		258.49		         0		-999.00
-999	1682184613	3600		258.48		         0		-999.00
-999	1682169013	-15600		258.64		         0		-999.00
8642	1682189336	1200		261.78		   4531828		423.00
8642	1682192936	3600		261.89		   6586589		428.50
8642	1682196536	3600		261.84		   6503300		424.50
8642	1682200136	3600		261.84		   6399450		424.00
8642	1682203736	3600		261.84		   6630891		426.00
8642	1682207336	3600		261.84		   6595468		426.00
8642	1682210936	3600		261.85		   6713058		424.00
8642	1682214536	3600		261.71		   6649899		409.00
8642	1682218136	3600		261.82		   6161844		425.00
8642	1682219904	1768		258.39		   6272696		  9.50
-999	1682221104	1200		258.43		         0		-999.00
-999	1682224704	3600		258.43		         0		-999.00
-999	1682228304	3600		258.30		         0		-999.00
-999	1682231904	3600		258.39		         0		-999.00
-999	1682235504	3600		258.46		         0		-999.00
-999	1682239104	3600		258.46		         0		-999.00
-999	1682242704	3600		258.45		         0		-999.00
-999	1682219904	-22800		258.34		         0		-999.00
8644	1682244555	1200		261.77		   4813964		426.50
8644	1682248155	3600		261.82		   7005319		427.00
8644	1682251755	3600		261.87		   8591941		426.00
8644	1682255355	3600		261.75		   8554230		410.00
8644	1682258955	3600		261.84		   7603152		427.50
8644	1682262555	3600		261.83		   7368562		426.50
8644	1682266155	3600		261.82		   6872337		426.50
8644	1682269755	3600		261.80		   6311725		425.50
8644	1682273355	3600		261.78		   5822787		427.00
8644	1682276955	3600		261.77		   5414936		428.00
8644	1682280555	3600		261.74		   4781750		424.00
8644	1682281515	960		261.75		   5020902		425.00
-999	1682282715	1200		258.38		         0		-999.00
-999	1682286315	3600		258.43		         0		-999.00
-999	1682281515	-4800		258.42		         0		-999.00
8645	1682290315	1200		261.80		   4411734		423.50
8645	1682293915	3600		261.82		   6661882		428.00
8645	1682297515	3600		261.94		   8521005		430.00
8645	1682301115	3600		261.88		   8551246		428.50
8645	1682304715	3600		261.86		   7988030		428.00
8645	1682308315	3600		261.86		   7449087		427.50
8645	1682311915	3600		261.79		   6862597		424.00
8645	1682315515	3600		261.78		   6428377		425.50
8645	1682319115	3600		261.76		   5967565		428.50
8645	1682322715	3600		261.75		   5590554		428.00
8645	1682326315	3600		261.74		   5281381		427.00
8645	1682327485	1170		261.70		   3758978		426.00
-999	1682328685	1200		258.37		         0		-999.00
-999	1682332285	3600		258.44		         0		-999.00
-999	1682335885	3600		258.40		         0		-999.00
-999	1682339485	3600		258.52		         0		-999.00
-999	1682343085	3600		258.46		         0		-999.00
-999	1682346685	3600		258.46		         0		-999.00
-999	1682350285	3600		258.46		         0		-999.00
-999	1682353885	3600		258.46		         0		-999.00
-999	1682357485	3600		258.46		         0		-999.00
-999	1682361085	3600		258.45		         0		-999.00
-999	1682364685	3600		258.45		         0		-999.00
-999	1682368285	3600		258.45		         0		-999.00
-999	1682371885	3600		258.47		         0		-999.00
-999	1682375485	3600		258.41		         0		-999.00
-999	1682379085	3600		258.43		         0		-999.00
-999	1682327485	-51600		258.47		         0		-999.00
8654	1682380928	1200		261.79		   5357901		427.00
8654	1682383198	2270		261.89		   6918788		428.50
-999	1682384398	1200		261.39		         0		-999.00
-999	1682387998	3600		261.51		         0		-999.00
-999	1682391598	3600		261.51		         0		-999.00
-999	1682395198	3600		261.51		         0		-999.00
-999	1682398798	3600		261.40		         0		-999.00
-999	1682402398	3600		258.50		         0		-999.00
-999	1682405998	3600		261.35		         0		-999.00
-999	1682409598	3600		261.57		         0		-999.00
-999	1682413198	3600		261.58		         0		-999.00
-999	1682416798	3600		261.58		         0		-999.00
-999	1682420398	3600		257.94		         0		-999.00
-999	1682423998	3600		255.59		         0		-999.00
-999	1682427598	3600		255.67		         0		-999.00
-999	1682431198	3600		262.34		         0		-999.00
-999	1682434798	3600		267.27		         0		-999.00
-999	1682438398	3600		267.21		         0		-999.00
-999	1682441998	3600		267.28		         0		-999.00
-999	1682445598	3600		267.38		         0		-999.00
-999	1682449198	3600		267.16		         0		-999.00
-999	1682452798	3600		267.16		         0		-999.00
-999	1682456398	3600		267.32		         0		-999.00
-999	1682459998	3600		267.33		         0		-999.00
-999	1682463598	3600		267.38		         0		-999.00
-999	1682467198	3600		267.04		         0		-999.00
-999	1682470798	3600		267.26		         0		-999.00
-999	1682474398	3600		267.26		         0		-999.00
-999	1682477998	3600		267.27		         0		-999.00
-999	1682481598	3600		267.27		         0		-999.00
-999	1682485198	3600		267.32		         0		-999.00
-999	1682488798	3600		267.33		         0		-999.00
-999	1682492398	3600		267.28		         0		-999.00
-999	1682495998	3600		267.38		         0		-999.00
-999	1682499598	3600		267.21		         0		-999.00
-999	1682503198	3600		267.16		         0		-999.00
-999	1682506798	3600		267.32		         0		-999.00
-999	1682510398	3600		267.27		         0		-999.00
-999	1682513998	3600		267.33		         0		-999.00
-999	1682517598	3600		267.33		         0		-999.00
-999	1682521198	3600		267.38		         0		-999.00
-999	1682524798	3600		267.09		         0		-999.00
-999	1682528398	3600		267.16		         0		-999.00
-999	1682531998	3600		267.27		         0		-999.00
-999	1682535598	3600		267.26		         0		-999.00
-999	1682539198	3600		267.32		         0		-999.00
-999	1682542798	3600		267.38		         0		-999.00
-999	1682546398	3600		267.33		         0		-999.00
-999	1682549998	3600		267.38		         0		-999.00
-999	1682553598	3600		267.18		         0		-999.00
-999	1682557198	3600		267.20		         0		-999.00
-999	1682560798	3600		267.29		         0		-999.00
-999	1682564398	3600		267.29		         0		-999.00
-999	1682567998	3600		267.30		         0		-999.00
-999	1682571598	3600		267.41		         0		-999.00
-999	1682575198	3600		267.31		         0		-999.00
-999	1682578798	3600		267.31		         0		-999.00
-999	1682582398	3600		267.25		         0		-999.00
-999	1682585998	3600		267.13		         0		-999.00
-999	1682589598	3600		267.29		         0		-999.00
-999	1682593198	3600		255.20		         0		-999.00
-999	1682596798	3600		258.51		         0		-999.00
-999	1682600398	3600		258.56		         0		-999.00
-999	1682603998	3600		258.56		         0		-999.00
-999	1682607598	3600		261.57		         0		-999.00
-999	1682611198	3600		258.38		         0		-999.00
-999	1682614798	3600		258.48		         0		-999.00
-999	1682618398	3600		258.29		         0		-999.00
-999	1682621998	3600		258.41		         0		-999.00
-999	1682383198	-238800		258.62		         0		-999.00
8675	1682626216	1200		262.09		  21518634		412.50
8675	1682629816	3600		263.15		  42772149		458.00
8675	1682633416	3600		262.92		  50390470		417.00
8675	1682637016	3600		263.33		  49401228		454.00
8675	1682640616	3600		263.37		  52697429		455.50
8675	1682644158	3542		263.27		  48507359		455.00
-999	1682645358	1200		261.58		         0		-999.00
-999	1682648958	3600		258.40		         0		-999.00
-999	1682652558	3600		261.61		         0		-999.00
-999	1682656158	3600		261.61		         0		-999.00
-999	1682659758	3600		261.68		         0		-999.00
-999	1682663358	3600		261.67		         0		-999.00
-999	1682666958	3600		258.44		         0		-999.00
-999	1682670558	3600		261.52		         0		-999.00
-999	1682674158	3600		258.41		         0		-999.00
-999	1682677758	3600		258.42		         0		-999.00
-999	1682681358	3600		258.43		         0		-999.00
-999	1682684958	3600		258.50		         0		-999.00
-999	1682688558	3600		258.46		         0		-999.00
-999	1682692158	3600		258.50		         0		-999.00
-999	1682695758	3600		258.38		         0		-999.00
-999	1682699358	3600		258.45		         0		-999.00
-999	1682702958	3600		258.33		         0		-999.00
-999	1682706558	3600		258.39		         0		-999.00
-999	1682710158	3600		258.27		         0		-999.00
-999	1682713758	3600		258.38		         0		-999.00
-999	1682717358	3600		261.48		         0		-999.00
-999	1682720958	3600		261.55		         0		-999.00
-999	1682724558	3600		261.56		         0		-999.00
-999	1682728158	3600		261.55		         0		-999.00
-999	1682731758	3600		261.55		         0		-999.00
-999	1682735358	3600		261.55		         0		-999.00
-999	1682738958	3600		258.27		         0		-999.00
-999	1682742558	3600		258.38		         0		-999.00
-999	1682746158	3600		258.34		         0		-999.00
-999	1682644158	-102000		258.81		         0		-999.00
8685	1682748199	1200		262.20		  22218380		424.00
8685	1682751799	3600		262.46		  35453198		413.00
8685	1682755399	3600		263.43		  55613718		454.50
8685	1682758999	3600		263.00		  53639971		414.00
8685	1682762599	3600		262.85		  34986083		456.00
8685	1682766199	3600		263.14		  46368081		450.50
8685	1682769799	3600		263.03		  42842010		451.50
8685	1682773399	3600		262.93		  40495445		452.00
8685	1682776351	2952		262.79		  34896084		449.50
-999	1682777551	1200		258.15		         0		-999.00
-999	1682781151	3600		258.43		         0		-999.00
-999	1682784751	3600		258.43		         0		-999.00
-999	1682776351	-8400		258.41		         0		-999.00
8686	1682786191	1200		262.33		  22641468		442.00
8686	1682789791	3600		263.14		  43977558		461.00
8686	1682793391	3600		263.58		  58475256		459.50
8686	1682796991	3600		262.83		  40341870		451.00
8686	1682800591	3600		263.40		  52973711		456.50
8686	1682804191	3600		263.21		  48596411		455.50
8686	1682807791	3600		263.15		  44516891		457.00
8686	1682811391	3600		263.06		  41540436		458.00
8686	1682814991	3600		262.92		  38504900		456.50
8686	1682816475	1484		262.71		  29945567		454.00
-999	1682817675	1200		261.21		         0		-999.00
-999	1682821275	3600		261.48		         0		-999.00
-999	1682824875	3600		261.45		         0		-999.00
-999	1682828475	3600		261.45		         0		-999.00
-999	1682832075	3600		261.45		         0		-999.00
-999	1682835675	3600		261.46		         0		-999.00
-999	1682816475	-19200		261.50		         0		-999.00
8690	1682838939	1200		262.64		  30207385		447.50
8690	1682842539	3600		263.32		  47315631		467.00
8690	1682846139	3600		263.65		  57269238		468.50
8690	1682849739	3600		263.44		  57457347		457.50
8690	1682853339	3600		262.81		  31741273		457.50
8690	1682856939	3600		263.04		  39648166		462.00
8690	1682860539	3600		263.28		  47649511		460.50
8690	1682864139	3600		263.18		  44357173		460.50
8690	1682864351	212		263.01		  43122405		265.50
-999	1682865551	1200		258.02		         0		-999.00
-999	1682869151	3600		258.47		         0		-999.00
-999	1682864351	-4800		258.50		         0		-999.00
8691	1682873042	1200		262.91		  36303136		457.00
8691	1682876642	3600		263.55		  55719609		468.00
8691	1682880242	3600		263.60		  58340538		470.50
8691	1682883842	3600		263.30		  48986868		468.50
8691	1682885458	1616		263.65		  58750159		468.50
-999	1682886658	1200		261.19		         0		-999.00
-999	1682890258	3600		258.40		         0		-999.00
-999	1682893858	3600		258.38		         0		-999.00
-999	1682885458	-8400		258.83		         0		-999.00
8692	1682896912	1200		262.91		  38616993		460.00
8692	1682899051	2139		263.49		  55802288		467.50
-999	1682900251	1200		261.72		         0		-999.00
-999	1682903851	3600		261.66		         0		-999.00
-999	1682907451	3600		261.66		         0		-999.00
-999	1682911051	3600		261.72		         0		-999.00
-999	1682914651	3600		261.67		         0		-999.00
-999	1682918251	3600		258.72		         0		-999.00
-999	1682921851	3600		258.45		         0		-999.00
-999	1682925451	3600		258.46		         0		-999.00
-999	1682929051	3600		258.51		         0		-999.00
-999	1682932651	3600		258.50		         0		-999.00
-999	1682899051	-33600		258.81		         0		-999.00
8695	1682933984	1200		263.78		  64085401		473.00
8695	1682937584	3600		265.43		 105628089		517.50
8695	1682941184	3600		265.44		 134915983		438.00
8695	1682944784	3600		265.49		 111850960		513.00
8695	1682948384	3600		265.75		 120588759		510.50
8695	1682951984	3600		265.46		 111460928		509.50
8695	1682955584	3600		265.21		 104436590		510.00
8695	1682959184	3600		264.94		  96827410		505.00
8695	1682961557	2373		263.87		  68888662		493.00
-999	1682962757	1200		261.56		         0		-999.00
-999	1682966357	3600		261.47		         0		-999.00
-999	1682969957	3600		261.50		         0		-999.00
-999	1682961557	-8400		261.47		         0		-999.00
8696	1682973309	1200		264.02		  70974353		486.00
8696	1682976909	3600		266.03		 124707798		536.00
8696	1682980509	3600		266.03		 126631938		533.50
8696	1682984109	3600		266.36		 139037790		529.50
8696	1682987709	3600		265.94		 127204949		524.00
8696	1682991309	3600		265.65		 117629738		521.50
8696	1682994909	3600		265.43		 110108635		522.50
8696	1682998509	3600		265.13		 102074738		518.50
8696	1683002109	3600		264.89		  96205259		512.00
8696	1683005709	3600		264.73		  89742998		512.00
8696	1683009309	3600		264.59		  85090700		510.50
8696	1683012909	3600		264.29		  76971211		503.50
8696	1683013403	494		264.00		  67328874		504.00
-999	1683014603	1200		258.69		         0		-999.00
-999	1683018203	3600		258.40		         0		-999.00
-999	1683021803	3600		258.46		         0		-999.00
-999	1683025403	3600		258.35		         0		-999.00
-999	1683029003	3600		258.57		         0		-999.00
-999	1683032603	3600		258.52		         0		-999.00
-999	1683036203	3600		258.52		         0		-999.00
-999	1683039803	3600		258.48		         0		-999.00
-999	1683043403	3600		258.48		         0		-999.00
-999	1683047003	3600		258.48		         0		-999.00
-999	1683050603	3600		258.46		         0		-999.00
-999	1683054203	3600		258.46		         0		-999.00
-999	1683057803	3600		261.55		         0		-999.00
-999	1683061403	3600		258.35		         0		-999.00
-999	1683065003	3600		258.45		         0		-999.00
-999	1683013403	-51600		258.51		         0		-999.00
8701	1683069326	1200		264.48		  84952747		497.00
8701	1683072926	3600		266.38		 137568901		538.00
8701	1683076526	3600		266.60		 147528015		538.00
8701	1683080126	3600		266.71		 148224753		544.00
8701	1683083726	3600		266.53		 144134798		539.00
8701	1683087326	3600		266.18		 134208067		534.50
8701	1683090926	3600		265.82		 122924380		530.50
8701	1683094526	3600		265.51		 114674586		527.00
8701	1683095469	943		265.34		 107124709		529.00
-999	1683096669	1200		261.22		         0		-999.00
-999	1683100269	3600		258.21		         0		-999.00
-999	1683103869	3600		258.40		         0		-999.00
-999	1683107469	3600		258.45		         0		-999.00
-999	1683111069	3600		258.45		         0		-999.00
-999	1683114669	3600		258.45		         0		-999.00
-999	1683118269	3600		258.45		         0		-999.00
-999	1683121869	3600		258.49		         0		-999.00
-999	1683125469	3600		258.49		         0		-999.00
-999	1683129069	3600		258.47		         0		-999.00
-999	1683132669	3600		258.50		         0		-999.00
-999	1683136269	3600		258.50		         0		-999.00
-999	1683139869	3600		258.50		         0		-999.00
-999	1683143469	3600		258.50		         0		-999.00
-999	1683147069	3600		258.50		         0		-999.00
-999	1683150669	3600		258.50		         0		-999.00
-999	1683154269	3600		258.50		         0		-999.00
-999	1683157869	3600		258.38		         0		-999.00
-999	1683161469	3600		258.50		         0		-999.00
-999	1683165069	3600		258.50		         0		-999.00
-999	1683168669	3600		258.50		         0		-999.00
-999	1683172269	3600		261.50		         0		-999.00
-999	1683175869	3600		261.45		         0		-999.00
-999	1683179469	3600		261.64		         0		-999.00
-999	1683183069	3600		261.37		         0		-999.00
-999	1683186669	3600		261.50		         0		-999.00
-999	1683190269	3600		261.59		         0		-999.00
-999	1683193869	3600		261.50		         0		-999.00
-999	1683197469	3600		258.33		         0		-999.00
-999	1683201069	3600		258.41		         0		-999.00
-999	1683204669	3600		258.47		         0		-999.00
-999	1683208269	3600		258.41		         0		-999.00
-999	1683211869	3600		258.39		         0		-999.00
-999	1683215469	3600		258.45		         0		-999.00
-999	1683219069	3600		258.39		         0		-999.00
-999	1683222669	3600		258.51		         0		-999.00
-999	1683226269	3600		258.45		         0		-999.00
-999	1683229869	3600		258.44		         0		-999.00
-999	1683233469	3600		258.44		         0		-999.00
-999	1683237069	3600		258.44		         0		-999.00
-999	1683240669	3600		258.44		         0		-999.00
-999	1683244269	3600		261.52		         0		-999.00
-999	1683247869	3600		261.64		         0		-999.00
-999	1683251469	3600		261.64		         0		-999.00
-999	1683255069	3600		261.64		         0		-999.00
-999	1683258669	3600		261.64		         0		-999.00
-999	1683262269	3600		261.64		         0		-999.00
-999	1683265869	3600		261.64		         0		-999.00
-999	1683269469	3600		261.30		         0		-999.00
-999	1683273069	3600		261.52		         0		-999.00
-999	1683276669	3600		258.43		         0		-999.00
-999	1683095469	-181200		259.13		         0		-999.00
8723	1683280690	1200		262.59		  34528383		438.00
8723	1683284290	3600		263.34		  50946834		478.50
8723	1683287890	3600		263.58		  56100002		484.00
8723	1683291490	3600		263.58		  55919170		487.00
8723	1683295090	3600		263.51		  55746898		485.50
8723	1683298405	3315		263.20		  44717144		486.00
-999	1683299605	1200		261.78		         0		-999.00
-999	1683303205	3600		258.23		         0		-999.00
-999	1683306805	3600		258.41		         0		-999.00
-999	1683310405	3600		258.47		         0		-999.00
-999	1683298405	-12000		258.57		         0		-999.00
8724	1683314294	1200		264.55		  87927943		503.50
8724	1683317894	3600		265.71		 117082341		532.00
8724	1683321494	3600		266.30		 134823983		542.00
8724	1683324838	3344		266.59		 144444016		547.50
-999	1683326038	1200		258.23		         0		-999.00
-999	1683329638	3600		261.65		         0		-999.00
-999	1683333238	3600		258.21		         0		-999.00
-999	1683336838	3600		258.39		         0		-999.00
-999	1683324838	-12000		258.31		         0		-999.00
8725	1683339048	1200		264.38		  81321224		505.00
8725	1683342648	3600		265.89		 125548005		540.00
8725	1683346248	3600		266.40		 142477460		541.00
8725	1683349848	3600		266.49		 143652899		545.50
8725	1683353448	3600		266.06		 136618477		524.00
8725	1683354671	1223		264.73		  82340988		555.00
-999	1683355871	1200		258.31		         0		-999.00
-999	1683359471	3600		258.35		         0		-999.00
-999	1683363071	3600		258.40		         0		-999.00
-999	1683354671	-8400		258.50		         0		-999.00
8728	1683366136	1200		265.00		 102576465		511.00
8728	1683369736	3600		266.41		 139928263		555.00
8728	1683373336	3600		266.96		 158276521		558.00
8728	1683376936	3600		267.01		 159985144		563.00
8728	1683378504	1568		266.96		 158236604		564.50
-999	1683379704	1200		258.26		         0		-999.00
-999	1683383304	3600		258.35		         0		-999.00
-999	1683386904	3600		258.35		         0		-999.00
-999	1683378504	-8400		259.21		         0		-999.00
8729	1683390518	1200		264.86		  95819676		524.50
8729	1683394118	3600		266.75		 150899770		557.50
8729	1683397718	3600		266.52		 158425501		486.00
8729	1683401318	3600		266.16		 160861868		468.00
8729	1683404918	3600		266.97		 158909793		560.50
8729	1683408518	3600		265.93		 131180431		549.00
8729	1683412118	3600		266.35		 142456955		553.00
8729	1683415718	3600		266.01		 131040656		550.50
8729	1683419318	3600		265.64		 120542187		545.50
8729	1683422918	3600		265.37		 111813808		539.00
8729	1683426518	3600		265.14		 104095716		538.50
8729	1683426721	203		265.41		 113085666		538.50
-999	1683427921	1200		261.67		         0		-999.00
-999	1683431521	3600		258.35		         0		-999.00
-999	1683435121	3600		258.39		         0		-999.00
-999	1683426721	-8400		259.02		         0		-999.00
8730	1683438203	1200		264.72		  93386412		526.00
8730	1683441803	3600		266.59		 145907358		567.50
8730	1683445403	3600		267.04		 160394748		572.00
8730	1683449003	3600		266.98		 158556209		572.00
8730	1683452603	3600		266.90		 158402144		571.50
8730	1683456203	3600		266.60		 148169842		567.00
8730	1683459803	3600		266.21		 136711644		564.50
8730	1683463403	3600		265.93		 127625258		557.50
8730	1683467003	3600		265.58		 117911550		553.50
8730	1683470603	3600		265.18		 108030915		548.00
8730	1683474203	3600		264.98		  99712359		547.50
8730	1683477693	3490		264.48		  87932716		532.00
-999	1683478893	1200		258.19		         0		-999.00
-999	1683482493	3600		258.22		         0		-999.00
-999	1683477693	-4800		258.22		         0		-999.00
8731	1683486107	1200		266.53		 148206541		562.50
8731	1683489707	3600		268.91		 208109479		654.00
8731	1683493307	3600		269.84		 255400385		609.50
8731	1683496907	3600		268.72		 205770270		644.50
8731	1683500507	3600		268.34		 198547327		622.00
8731	1683504107	3600		269.14		 221978407		635.00
8731	1683507707	3600		268.93		 218670503		636.50
8731	1683511307	3600		267.64		 181438926		615.50
8731	1683511541	234		268.55		 209639242		621.50
-999	1683512741	1200		261.57		         0		-999.00
-999	1683516341	3600		261.57		         0		-999.00
-999	1683519941	3600		261.47		         0		-999.00
-999	1683523541	3600		261.57		         0		-999.00
-999	1683527141	3600		261.28		         0		-999.00
-999	1683530741	3600		261.19		         0		-999.00
-999	1683534341	3600		258.35		         0		-999.00
-999	1683537941	3600		258.35		         0		-999.00
-999	1683541541	3600		258.35		         0		-999.00
-999	1683545141	3600		258.35		         0		-999.00
-999	1683548741	3600		258.35		         0		-999.00
-999	1683552341	3600		258.35		         0		-999.00
-999	1683555941	3600		258.37		         0		-999.00
-999	1683559541	3600		258.37		         0		-999.00
-999	1683563141	3600		258.39		         0		-999.00
-999	1683566741	3600		258.40		         0		-999.00
-999	1683570341	3600		258.35		         0		-999.00
-999	1683573941	3600		258.32		         0		-999.00
-999	1683511541	-62400		259.26		         0		-999.00
8736	1683576337	1200		266.20		 140054600		548.00
8736	1683579937	3600		267.63		 173568444		618.50
8736	1683583537	3600		270.03		 252202994		637.50
8736	1683587137	3600		270.14		 251489869		645.50
8736	1683590737	3600		270.00		 247840033		650.00
8736	1683594337	3600		270.19		 250486141		657.50
8736	1683597937	3600		269.04		 211551950		661.50
8736	1683601537	3600		269.68		 238107989		648.00
8736	1683605137	3600		269.16		 223128566		646.00
8736	1683608737	3600		268.67		 207793920		634.50
8736	1683612337	3600		268.23		 195346243		633.50
8736	1683615937	3600		267.74		 181054446		622.00
8736	1683618731	2794		267.46		 172263435		616.50
-999	1683619931	1200		258.21		         0		-999.00
-999	1683623531	3600		258.37		         0		-999.00
-999	1683627131	3600		258.34		         0		-999.00
-999	1683630731	3600		258.35		         0		-999.00
-999	1683634331	3600		258.20		         0		-999.00
-999	1683637931	3600		258.38		         0		-999.00
-999	1683618731	-19200		258.21		         0		-999.00
8738	1683642353	1200		266.57		 145673368		589.50
8738	1683645953	3600		268.81		 224291175		576.00
8738	1683649553	3600		270.16		 251669822		666.00
8738	1683653153	3600		270.15		 250362317		669.50
8738	1683656753	3600		269.07		 236121627		585.50
8738	1683660353	3600		268.39		 200989951		637.50
8738	1683663953	3600		268.43		 204408640		637.50
8738	1683667553	3600		267.93		 187718438		631.00
8738	1683671153	3600		267.50		 173972478		625.00
8738	1683673388	2235		267.14		 163538052		621.50
-999	1683674588	1200		258.33		         0		-999.00
-999	1683678188	3600		258.40		         0		-999.00
-999	1683681788	3600		258.39		         0		-999.00
-999	1683673388	-8400		258.27		         0		-999.00
8739	1683683786	1200		264.74		  92788525		570.00
8739	1683687386	3600		267.38		 162968488		650.50
8739	1683690986	3600		270.16		 249187396		680.50
8739	1683694586	3600		270.04		 248699528		674.00
8739	1683698186	3600		269.96		 247989841		674.50
8739	1683701786	3600		269.35		 227935642		667.00
8739	1683705386	3600		268.66		 208959257		654.50
8739	1683708986	3600		268.13		 191008085		649.00
8739	1683712586	3600		267.62		 176459916		640.00
8739	1683716186	3600		267.21		 165795633		630.50
8739	1683716578	392		267.03		 159797267		636.00
-999	1683717778	1200		258.26		         0		-999.00
-999	1683721378	3600		258.38		         0		-999.00
-999	1683724978	3600		258.38		         0		-999.00
-999	1683728578	3600		258.38		         0		-999.00
-999	1683732178	3600		258.36		         0		-999.00
-999	1683735778	3600		258.38		         0		-999.00
-999	1683739378	3600		258.47		         0		-999.00
-999	1683716578	-22800		258.46		         0		-999.00
8741	1683740579	1200		264.79		  91211008		580.00
8741	1683744179	3600		267.49		 163615761		660.00
8741	1683747779	3600		270.21		 255194805		681.00
8741	1683751379	3600		269.89		 244765532		673.00
8741	1683754979	3600		269.18		 223161439		663.50
8741	1683758579	3600		268.52		 203051203		651.00
8741	1683762179	3600		267.99		 187470319		647.50
8741	1683765779	3600		267.49		 172420556		643.50
8741	1683766730	951		267.23		 165764125		642.50
-999	1683767930	1200		261.55		         0		-999.00
-999	1683771530	3600		258.46		         0		-999.00
-999	1683775130	3600		258.40		         0		-999.00
-999	1683778730	3600		258.40		         0		-999.00
-999	1683782330	3600		258.46		         0		-999.00
-999	1683785930	3600		258.43		         0		-999.00
-999	1683789530	3600		258.39		         0		-999.00
-999	1683766730	-22800		259.26		         0		-999.00
8746	1683791989	1200		265.14		  98874253		603.00
8746	1683795589	3600		269.20		 209371561		739.50
8746	1683799189	3600		271.90		 305941711		718.50
8746	1683802789	3600		271.10		 279504613		711.50
8746	1683806389	3600		269.00		 217458246		695.50
8746	1683809989	3600		269.61		 235568930		698.50
8746	1683813589	3600		269.12		 219303981		687.00
8746	1683817189	3600		268.60		 201867769		682.00
8746	1683820789	3600		268.10		 189631850		672.00
8746	1683824389	3600		267.66		 176474165		665.00
8746	1683827084	2695		258.30		 167792620		 10.00
-999	1683828284	1200		258.46		         0		-999.00
-999	1683831884	3600		258.46		         0		-999.00
-999	1683835484	3600		258.46		         0		-999.00
-999	1683839084	3600		258.45		         0		-999.00
-999	1683842684	3600		258.37		         0		-999.00
-999	1683846284	3600		258.40		         0		-999.00
-999	1683827084	-19200		258.30		         0		-999.00
-999	1683849134	1200		261.53		         0		-999.00
-999	1683852734	3600		258.48		         0		-999.00
-999	1683856334	3600		258.21		         0		-999.00
-999	1683859934	3600		261.64		         0		-999.00
-999	1683863534	3600		261.64		         0		-999.00
-999	1683867134	3600		261.35		         0		-999.00
-999	1683870734	3600		261.61		         0		-999.00
-999	1683874334	3600		261.40		         0		-999.00
-999	1683877934	3600		261.55		         0		-999.00
-999	1683881534	3600		261.52		         0		-999.00
-999	1683885134	3600		261.63		         0		-999.00
-999	1683888734	3600		258.26		         0		-999.00
-999	1683892334	3600		258.50		         0		-999.00
-999	1683847934	-44400		259.38		         0		-999.00
8754	1683896244	1200		266.01		 120261698		635.50
8754	1683899844	3600		270.10		 240266632		756.00
8754	1683903444	3600		272.72		 327642194		756.00
8754	1683907044	3600		272.78		 327564589		766.00
8754	1683910644	3600		272.46		 320426469		762.00
8754	1683914244	3600		271.72		 298104830		743.00
8754	1683917844	3600		270.86		 271209409		734.00
8754	1683921444	3600		270.14		 249821236		724.00
8754	1683925044	3600		269.58		 232506687		717.00
8754	1683928644	3600		268.97		 214384689		708.50
8754	1683932244	3600		268.57		 201121520		701.00
8754	1683935844	3600		268.02		 186704411		691.00
8754	1683939444	3600		267.79		 175733248		690.00
8754	1683943044	3600		267.30		 164817669		675.00
8754	1683943481	437		267.21		 161727049		679.00
-999	1683944681	1200		261.69		         0		-999.00
-999	1683948281	3600		258.29		         0		-999.00
-999	1683951881	3600		258.47		         0		-999.00
-999	1683955481	3600		258.38		         0		-999.00
-999	1683959081	3600		258.46		         0		-999.00
-999	1683962681	3600		258.46		         0		-999.00
-999	1683966281	3600		258.45		         0		-999.00
-999	1683969881	3600		258.45		         0		-999.00
-999	1683973481	3600		258.43		         0		-999.00
-999	1683977081	3600		258.44		         0		-999.00
-999	1683980681	3600		258.44		         0		-999.00
-999	1683984281	3600		258.33		         0		-999.00
-999	1683987881	3600		258.51		         0		-999.00
-999	1683991481	3600		258.51		         0		-999.00
-999	1683995081	3600		258.41		         0		-999.00
-999	1683998681	3600		261.57		         0		-999.00
-999	1684002281	3600		261.68		         0		-999.00
-999	1684005881	3600		258.46		         0		-999.00
-999	1684009481	3600		258.40		         0		-999.00
-999	1684013081	3600		258.40		         0		-999.00
-999	1684016681	3600		261.46		         0		-999.00
-999	1684020281	3600		261.64		         0		-999.00
-999	1684023881	3600		261.64		         0		-999.00
-999	1684027481	3600		258.41		         0		-999.00
-999	1684031081	3600		261.63		         0		-999.00
-999	1684034681	3600		258.43		         0		-999.00
-999	1684038281	3600		258.38		         0		-999.00
-999	1684041881	3600		258.43		         0		-999.00
-999	1684045481	3600		258.43		         0		-999.00
-999	1684049081	3600		258.43		         0		-999.00
-999	1684052681	3600		258.43		         0		-999.00
-999	1683943481	-109200		258.30		         0		-999.00
8771	1684054343	1200		266.70		 141771202		659.00
8771	1684057943	3600		271.53		 291345382		756.00
8771	1684061543	3600		272.71		 326986434		770.50
8771	1684065143	3600		272.62		 325628827		761.50
8771	1684068743	3600		272.24		 318956166		750.00
8771	1684072343	3600		271.41		 289667004		745.50
8771	1684075943	3600		270.54		 262610300		736.00
8771	1684079543	3600		269.90		 243093571		727.00
8771	1684083143	3600		269.28		 224039934		711.50
8771	1684086743	3600		268.63		 206290094		707.50
8771	1684090343	3600		268.25		 193552014		699.00
8771	1684093943	3600		267.77		 179526768		696.00
8771	1684097465	3522		258.47		 168423202		 10.00
-999	1684098665	1200		258.34		         0		-999.00
-999	1684102265	3600		258.36		         0		-999.00
-999	1684105865	3600		258.40		         0		-999.00
-999	1684109465	3600		258.46		         0		-999.00
-999	1684113065	3600		258.41		         0		-999.00
-999	1684116665	3600		258.39		         0		-999.00
-999	1684120265	3600		258.45		         0		-999.00
-999	1684097465	-22800		258.23		         0		-999.00
8773	1684123043	1200		266.38		 131292112		673.50
8773	1684126643	3600		269.95		 233802823		783.00
8773	1684130243	3600		272.69		 327030832		787.50
8773	1684133843	3600		272.75		 325396787		806.00
8773	1684137443	3600		272.77		 327233935		811.00
8773	1684141043	3600		272.60		 324582266		792.50
8773	1684144643	3600		271.93		 303212932		786.00
8773	1684148243	3600		270.87		 274184692		751.50
8773	1684151843	3600		270.24		 252762767		759.00
8773	1684155443	3600		269.58		 233324686		747.50
8773	1684159043	3600		268.96		 214126326		736.50
8773	1684162643	3600		268.48		 200164931		725.50
8773	1684165877	3234		268.08		 187225874		718.50
-999	1684167077	1200		258.27		         0		-999.00
-999	1684170677	3600		261.55		         0		-999.00
-999	1684174277	3600		258.16		         0		-999.00
-999	1684177877	3600		258.43		         0		-999.00
-999	1684181477	3600		258.41		         0		-999.00
-999	1684165877	-15600		258.50		         0		-999.00
8775	1684183244	1200		266.71		 143482942		689.50
8775	1684186844	3600		271.24		 277031620		807.00
8775	1684190444	3600		272.74		 325050132		816.50
8775	1684194044	3600		272.77		 327908539		820.00
8775	1684197644	3600		272.56		 329079313		806.00
8775	1684201244	3600		272.10		 309484270		808.50
8775	1684204844	3600		271.32		 285361898		794.50
8775	1684204879	35		267.97		 173973027		789.00
-999	1684206079	1200		261.40		         0		-999.00
-999	1684209679	3600		261.64		         0		-999.00
-999	1684213279	3600		261.70		         0		-999.00
-999	1684216879	3600		261.63		         0		-999.00
-999	1684220479	3600		258.16		         0		-999.00
-999	1684224079	3600		258.48		         0		-999.00
-999	1684227679	3600		258.43		         0		-999.00
-999	1684231279	3600		258.49		         0		-999.00
-999	1684204879	-26400		259.75		         0		-999.00
8778	1684235156	1200		261.69		    193995		558.50
8778	1684238756	3600		261.58		    197853		554.50
8778	1684242356	3600		261.58		    324529		557.50
8778	1684245956	3600		261.58		    473673		555.00
8778	1684249556	3600		261.58		    339949		557.00
8778	1684253156	3600		261.59		    468337		553.00
8778	1684255916	2760		261.65		    508733		556.00
-999	1684257116	1200		261.56		         0		-999.00
-999	1684260716	3600		258.35		         0		-999.00
-999	1684264316	3600		258.52		         0		-999.00
-999	1684267916	3600		258.52		         0		-999.00
-999	1684271516	3600		261.57		         0		-999.00
-999	1684275116	3600		261.69		         0		-999.00
-999	1684278716	3600		258.23		         0		-999.00
-999	1684282316	3600		258.55		         0		-999.00
-999	1684255916	-26400		258.57		         0		-999.00
8782	1684285707	1200		266.62		 138076583		691.50
8782	1684289307	3600		271.13		 274262155		800.50
8782	1684292907	3600		272.52		 324624769		820.00
8782	1684296507	3600		272.76		 328191834		818.00
8782	1684300107	3600		272.62		 323585820		822.50
8782	1684303707	3600		271.95		 302841918		812.00
8782	1684307307	3600		270.50		 254335790		804.00
8782	1684310907	3600		270.00		 247163877		767.00
8782	1684314507	3600		269.45		 228701875		766.00
8782	1684318006	3499		268.31		 198981577		744.00
-999	1684319206	1200		257.94		         0		-999.00
-999	1684322806	3600		261.50		         0		-999.00
-999	1684326406	3600		261.72		         0		-999.00
-999	1684330006	3600		258.80		         0		-999.00
-999	1684333606	3600		258.19		         0		-999.00
-999	1684337206	3600		261.60		         0		-999.00
-999	1684340806	3600		261.66		         0		-999.00
-999	1684344406	3600		261.65		         0		-999.00
-999	1684348006	3600		258.46		         0		-999.00
-999	1684351606	3600		258.46		         0		-999.00
-999	1684355206	3600		262.59		         0		-999.00
-999	1684358806	3600		262.82		         0		-999.00
-999	1684362406	3600		262.96		         0		-999.00
-999	1684366006	3600		262.84		         0		-999.00
-999	1684369606	3600		262.95		         0		-999.00
-999	1684373206	3600		261.39		         0		-999.00
-999	1684376806	3600		261.64		         0		-999.00
-999	1684380406	3600		261.65		         0		-999.00
-999	1684384006	3600		261.65		         0		-999.00
-999	1684387606	3600		261.64		         0		-999.00
-999	1684391206	3600		258.23		         0		-999.00
-999	1684394806	3600		258.48		         0		-999.00
-999	1684398406	3600		261.53		         0		-999.00
-999	1684402006	3600		258.52		         0		-999.00
-999	1684405606	3600		258.42		         0		-999.00
-999	1684318006	-87600		258.51		         0		-999.00
8786	1684407889	1200		266.77		 143997494		713.00
8786	1684411489	3600		271.25		 274615799		840.50
8786	1684415089	3600		272.56		 322501516		834.50
8786	1684418689	3600		272.38		 312532429		854.00
8786	1684422289	3600		272.54		 319967813		843.50
8786	1684425889	3600		272.27		 310891519		841.00
8786	1684429489	3600		271.45		 288174328		823.00
8786	1684433089	3600		270.65		 263582804		810.00
8786	1684436689	3600		269.98		 245040707		792.50
8786	1684440289	3600		269.40		 225877768		783.50
8786	1684443889	3600		268.86		 209854357		774.00
8786	1684447489	3600		268.36		 196881765		761.50
8786	1684451089	3600		267.95		 183173680		757.50
8786	1684454689	3600		267.61		 172207991		751.00
8786	1684458289	3600		265.87		 122444495		729.50
8786	1684461889	3600		266.63		 141878479		736.00
8786	1684462557	668		266.64		 146172725		733.00
-999	1684463757	1200		261.67		         0		-999.00
-999	1684467357	3600		258.38		         0		-999.00
-999	1684470957	3600		258.45		         0		-999.00
-999	1684474557	3600		258.54		         0		-999.00
-999	1684478157	3600		258.45		         0		-999.00
-999	1684481757	3600		258.41		         0		-999.00
-999	1684485357	3600		258.47		         0		-999.00
-999	1684488957	3600		258.46		         0		-999.00
-999	1684492557	3600		261.65		         0		-999.00
-999	1684496157	3600		258.50		         0		-999.00
-999	1684499757	3600		258.44		         0		-999.00
-999	1684503357	3600		261.55		         0		-999.00
-999	1684506957	3600		258.40		         0		-999.00
-999	1684510557	3600		258.47		         0		-999.00
-999	1684462557	-48000		258.41		         0		-999.00
8794	1684511976	1200		265.10		  94921253		716.00
8794	1684515576	3600		271.06		 272274054		836.50
8794	1684519176	3600		272.34		 310901328		849.00
8794	1684522776	3600		272.31		 314099909		853.50
8794	1684522986	210		271.72		 319218035		131.00
-999	1684524186	1200		258.25		         0		-999.00
-999	1684527786	3600		261.58		         0		-999.00
-999	1684531386	3600		261.64		         0		-999.00
-999	1684534986	3600		261.69		         0		-999.00
-999	1684538586	3600		258.46		         0		-999.00
-999	1684542186	3600		258.46		         0		-999.00
-999	1684522986	-19200		258.36		         0		-999.00
8796	1684546540	1200		266.96		 146951750		746.50
8796	1684550140	3600		271.34		 277966816		856.50
8796	1684553740	3600		272.22		 310978795		849.50
8796	1684554852	1112		272.25		 310145069		865.00
-999	1684556052	1200		261.56		         0		-999.00
-999	1684559652	3600		261.68		         0		-999.00
-999	1684563252	3600		261.68		         0		-999.00
-999	1684566852	3600		261.68		         0		-999.00
-999	1684570452	3600		261.68		         0		-999.00
-999	1684574052	3600		261.68		         0		-999.00
-999	1684577652	3600		261.68		         0		-999.00
-999	1684581252	3600		261.68		         0		-999.00
-999	1684584852	3600		261.78		         0		-999.00
-999	1684588452	3600		261.72		         0		-999.00
-999	1684592052	3600		261.72		         0		-999.00
-999	1684595652	3600		261.67		         0		-999.00
-999	1684599252	3600		261.72		         0		-999.00
-999	1684602852	3600		261.72		         0		-999.00
-999	1684606452	3600		261.72		         0		-999.00
-999	1684610052	3600		261.72		         0		-999.00
-999	1684613652	3600		258.38		         0		-999.00
-999	1684617252	3600		258.49		         0		-999.00
-999	1684620852	3600		258.49		         0		-999.00
-999	1684624452	3600		258.49		         0		-999.00
-999	1684628052	3600		258.49		         0		-999.00
-999	1684631652	3600		258.49		         0		-999.00
-999	1684554852	-76800		259.95		         0		-999.00
8804	1684634787	1200		266.35		 133678484		708.00
8804	1684638387	3600		270.54		 254005026		850.50
8804	1684641987	3600		272.15		 311199416		843.50
8804	1684645587	3600		272.20		 307018234		864.50
8804	1684649187	3600		272.12		 310293312		847.50
8804	1684650368	1181		271.95		 301329738		863.50
-999	1684651568	1200		261.46		         0		-999.00
-999	1684655168	3600		258.39		         0		-999.00
-999	1684658768	3600		258.32		         0		-999.00
-999	1684662368	3600		258.44		         0		-999.00
-999	1684665968	3600		258.44		         0		-999.00
-999	1684669568	3600		258.44		         0		-999.00
-999	1684650368	-19200		259.91		         0		-999.00
8807	1684673937	1200		266.57		 139127794		738.50
8807	1684677537	3600		271.60		 286389070		875.00
8807	1684678788	1251		272.87		 332588524		863.50
-999	1684679988	1200		261.49		         0		-999.00
-999	1684683588	3600		258.38		         0		-999.00
-999	1684687188	3600		261.55		         0		-999.00
-999	1684690788	3600		261.55		         0		-999.00
-999	1684694388	3600		261.55		         0		-999.00
-999	1684697988	3600		261.61		         0		-999.00
-999	1684701588	3600		261.55		         0		-999.00
-999	1684705188	3600		261.55		         0		-999.00
-999	1684708788	3600		258.45		         0		-999.00
-999	1684712388	3600		258.39		         0		-999.00
-999	1684715988	3600		258.39		         0		-999.00
-999	1684678788	-37200		259.69		         0		-999.00
8811	1684718061	1200		266.99		 153829731		737.50
8811	1684720723	2662		270.85		 264849161		858.00
-999	1684721923	1200		261.52		         0		-999.00
-999	1684725523	3600		258.45		         0		-999.00
-999	1684729123	3600		258.39		         0		-999.00
-999	1684732723	3600		258.41		         0		-999.00
-999	1684736323	3600		258.46		         0		-999.00
-999	1684739923	3600		258.49		         0		-999.00
-999	1684743523	3600		258.26		         0		-999.00
-999	1684747123	3600		258.27		         0		-999.00
-999	1684750723	3600		258.40		         0		-999.00
-999	1684754323	3600		258.34		         0		-999.00
-999	1684757923	3600		258.40		         0		-999.00
-999	1684761523	3600		258.44		         0		-999.00
-999	1684765123	3600		258.44		         0		-999.00
-999	1684768723	3600		258.44		         0		-999.00
-999	1684720723	-48000		259.96		         0		-999.00
8816	1684772267	1200		267.45		 163979022		756.00
8816	1684775867	3600		271.87		 300916532		845.50
8816	1684779467	3600		272.88		 330905316		862.50
8816	1684781657	2190		272.79		 328154408		872.00
-999	1684782857	1200		261.39		         0		-999.00
-999	1684786457	3600		258.22		         0		-999.00
-999	1684790057	3600		258.38		         0		-999.00
-999	1684781657	-8400		259.95		         0		-999.00
8817	1684794343	1200		267.10		 153573793		751.50
8817	1684797943	3600		271.63		 294627381		850.50
8817	1684801543	3600		272.89		 330868951		877.00
8817	1684805143	3600		272.74		 327705403		870.00
8817	1684808743	3600		272.87		 331815219		877.50
8817	1684812343	3600		272.86		 327438650		887.50
8817	1684815943	3600		272.43		 317171897		872.00
8817	1684819543	3600		271.44		 289691396		850.00
8817	1684823143	3600		270.76		 269035817		845.00
8817	1684826743	3600		269.93		 249586852		814.00
8817	1684830343	3600		269.51		 230146318		821.50
8817	1684833943	3600		268.86		 212494158		798.50
8817	1684837543	3600		267.92		 181916280		795.00
8817	1684839094	1551		258.19		 189598989		 10.00
-999	1684840294	1200		258.35		         0		-999.00
-999	1684843894	3600		261.11		         0		-999.00
-999	1684847494	3600		258.23		         0		-999.00
-999	1684851094	3600		261.54		         0		-999.00
-999	1684854694	3600		258.11		         0		-999.00
-999	1684858294	3600		258.41		         0		-999.00
-999	1684861894	3600		258.41		         0		-999.00
-999	1684865494	3600		258.41		         0		-999.00
-999	1684869094	3600		258.41		         0		-999.00
-999	1684872694	3600		258.41		         0		-999.00
-999	1684876294	3600		258.41		         0		-999.00
-999	1684839094	-37200		258.19		         0		-999.00
8821	1684879030	1200		267.55		 167148227		785.50
8821	1684882630	3600		272.38		 319268497		871.50
8821	1684886230	3600		273.18		 340117856		905.00
8821	1684889830	3600		273.18		 340012345		915.50
8821	1684893430	3600		272.97		 340161723		910.50
8821	1684897030	3600		273.24		 341130139		926.00
8821	1684900630	3600		272.95		 335454038		908.50
8821	1684904230	3600		272.30		 315628145		887.00
8821	1684907830	3600		271.32		 288808882		869.00
8821	1684911430	3600		270.80		 269460073		859.50
8821	1684915030	3600		270.11		 248220952		854.00
8821	1684918630	3600		269.58		 232613598		842.00
8821	1684922230	3600		268.94		 215238765		820.50
8821	1684925830	3600		268.55		 202404153		822.00
8821	1684929430	3600		268.10		 189265499		808.50
8821	1684930062	632		267.84		 180577716		805.00
-999	1684931262	1200		258.19		         0		-999.00
-999	1684934862	3600		258.55		         0		-999.00
-999	1684938462	3600		258.34		         0		-999.00
-999	1684942062	3600		258.45		         0		-999.00
-999	1684930062	-12000		258.33		         0		-999.00
8822	1684943510	1200		267.29		 162787216		790.50
8822	1684947110	3600		271.97		 302201194		908.50
8822	1684950710	3600		273.09		 344351111		912.50
8822	1684954310	3600		273.35		 343724475		944.00
8822	1684957910	3600		273.23		 339894919		945.50
8822	1684961510	3600		273.20		 339563360		943.00
8822	1684965110	3600		272.69		 333647479		907.00
8822	1684968710	3600		272.07		 305261267		922.50
8822	1684972310	3600		271.21		 281697918		904.50
8822	1684975910	3600		270.43		 257908653		881.00
8822	1684979510	3600		269.85		 240432437		868.00
8822	1684983110	3600		269.23		 222390501		858.00
8822	1684985688	2578		268.91		 211555195		850.00
-999	1684986888	1200		261.39		         0		-999.00
-999	1684990488	3600		261.53		         0		-999.00
-999	1684994088	3600		261.42		         0		-999.00
-999	1684997688	3600		261.52		         0		-999.00
-999	1685001288	3600		261.56		         0		-999.00
-999	1685004888	3600		261.55		         0		-999.00
-999	1685008488	3600		258.46		         0		-999.00
-999	1685012088	3600		258.58		         0		-999.00
-999	1685015688	3600		261.67		         0		-999.00
-999	1685019288	3600		261.67		         0		-999.00
-999	1685022888	3600		258.20		         0		-999.00
-999	1685026488	3600		258.42		         0		-999.00
-999	1685030088	3600		261.50		         0		-999.00
-999	1685033688	3600		258.44		         0		-999.00
-999	1685037288	3600		261.55		         0		-999.00
-999	1685040888	3600		258.33		         0		-999.00
-999	1685044488	3600		258.36		         0		-999.00
-999	1685048088	3600		258.45		         0		-999.00
-999	1685051688	3600		258.25		         0		-999.00
-999	1685055288	3600		258.44		         0		-999.00
-999	1685058888	3600		258.33		         0		-999.00
-999	1685062488	3600		261.50		         0		-999.00
-999	1685066088	3600		261.38		         0		-999.00
-999	1685069688	3600		261.38		         0		-999.00
-999	1685073288	3600		261.38		         0		-999.00
-999	1685076888	3600		261.38		         0		-999.00
-999	1685080488	3600		261.38		         0		-999.00
-999	1685084088	3600		261.33		         0		-999.00
-999	1685087688	3600		261.42		         0		-999.00
-999	1685091288	3600		261.38		         0		-999.00
-999	1685094888	3600		261.41		         0		-999.00
-999	1685098488	3600		261.58		         0		-999.00
-999	1685102088	3600		261.55		         0		-999.00
-999	1685105688	3600		261.55		         0		-999.00
-999	1685109288	3600		261.53		         0		-999.00
-999	1685112888	3600		261.53		         0		-999.00
-999	1685116488	3600		261.63		         0		-999.00
-999	1685120088	3600		261.62		         0		-999.00
-999	1685123688	3600		261.56		         0		-999.00
-999	1685127288	3600		258.33		         0		-999.00
-999	1685130888	3600		258.38		         0		-999.00
-999	1685134488	3600		258.44		         0		-999.00
-999	1685138088	3600		258.33		         0		-999.00
-999	1685141688	3600		258.44		         0		-999.00
-999	1685145288	3600		258.33		         0		-999.00
-999	1685148888	3600		258.38		         0		-999.00
-999	1685152488	3600		258.33		         0		-999.00
-999	1685156088	3600		258.33		         0		-999.00
-999	1685159688	3600		258.35		         0		-999.00
-999	1685163288	3600		258.35		         0		-999.00
-999	1685166888	3600		258.33		         0		-999.00
-999	1685170488	3600		261.51		         0		-999.00
-999	1685174088	3600		261.61		         0		-999.00
-999	1685177688	3600		261.61		         0		-999.00
-999	1685181288	3600		261.61		         0		-999.00
-999	1685184888	3600		261.61		         0		-999.00
-999	1685188488	3600		261.61		         0		-999.00
-999	1685192088	3600		261.61		         0		-999.00
-999	1685195688	3600		261.61		         0		-999.00
-999	1685199288	3600		261.61		         0		-999.00
-999	1685202888	3600		258.34		         0		-999.00
-999	1685206488	3600		258.34		         0		-999.00
-999	1685210088	3600		258.39		         0		-999.00
-999	1685213688	3600		258.34		         0		-999.00
-999	1685217288	3600		258.34		         0		-999.00
-999	1685220888	3600		258.34		         0		-999.00
-999	1685224488	3600		258.34		         0		-999.00
-999	1685228088	3600		258.34		         0		-999.00
-999	1685231688	3600		258.34		         0		-999.00
-999	1685235288	3600		258.34		         0		-999.00
-999	1685238888	3600		258.34		         0		-999.00
-999	1685242488	3600		258.34		         0		-999.00
-999	1685246088	3600		258.39		         0		-999.00
-999	1685249688	3600		258.34		         0		-999.00
-999	1685253288	3600		258.34		         0		-999.00
-999	1685256888	3600		258.34		         0		-999.00
-999	1685260488	3600		258.34		         0		-999.00
-999	1685264088	3600		258.34		         0		-999.00
-999	1685267688	3600		258.39		         0		-999.00
-999	1685271288	3600		258.34		         0		-999.00
-999	1685274888	3600		258.34		         0		-999.00
-999	1685278488	3600		258.34		         0		-999.00
-999	1685282088	3600		258.34		         0		-999.00
-999	1685285688	3600		258.39		         0		-999.00
-999	1685289288	3600		258.34		         0		-999.00
-999	1685292888	3600		258.39		         0		-999.00
-999	1685296488	3600		258.34		         0		-999.00
-999	1685300088	3600		258.39		         0		-999.00
-999	1685303688	3600		258.45		         0		-999.00
-999	1685307288	3600		258.45		         0		-999.00
-999	1685310888	3600		258.39		         0		-999.00
-999	1685314488	3600		258.45		         0		-999.00
-999	1685318088	3600		258.45		         0		-999.00
-999	1685321688	3600		258.45		         0		-999.00
-999	1685325288	3600		258.45		         0		-999.00
-999	1685328888	3600		258.45		         0		-999.00
-999	1685332488	3600		258.45		         0		-999.00
-999	1685336088	3600		258.45		         0		-999.00
-999	1685339688	3600		258.53		         0		-999.00
-999	1685343288	3600		258.53		         0		-999.00
-999	1685346888	3600		258.52		         0		-999.00
-999	1685350488	3600		258.43		         0		-999.00
-999	1685354088	3600		258.40		         0		-999.00
-999	1685357688	3600		258.40		         0		-999.00
-999	1685361288	3600		258.46		         0		-999.00
-999	1685364888	3600		258.46		         0		-999.00
-999	1685368488	3600		258.46		         0		-999.00
-999	1685372088	3600		258.46		         0		-999.00
-999	1685375688	3600		261.69		         0		-999.00
-999	1685379288	3600		258.41		         0		-999.00
-999	1685382888	3600		258.21		         0		-999.00
-999	1685386488	3600		258.45		         0		-999.00
-999	1685390088	3600		258.45		         0		-999.00
-999	1685393688	3600		258.49		         0		-999.00
-999	1685397288	3600		258.49		         0		-999.00
-999	1685400888	3600		258.44		         0		-999.00
-999	1685404488	3600		258.44		         0		-999.00
-999	1685408088	3600		258.44		         0		-999.00
-999	1685411688	3600		258.44		         0		-999.00
-999	1685415288	3600		258.44		         0		-999.00
-999	1685418888	3600		258.46		         0		-999.00
-999	1685422488	3600		258.46		         0		-999.00
-999	1685426088	3600		261.57		         0		-999.00
-999	1685429688	3600		261.61		         0		-999.00
-999	1685433288	3600		261.32		         0		-999.00
-999	1685436888	3600		261.55		         0		-999.00
-999	1685440488	3600		258.34		         0		-999.00
-999	1685444088	3600		258.47		         0		-999.00
-999	1685447688	3600		258.47		         0		-999.00
-999	1685451288	3600		258.47		         0		-999.00
-999	1685454888	3600		258.46		         0		-999.00
-999	1685458488	3600		258.40		         0		-999.00
-999	1684985688	-472800		259.48		         0		-999.00
8850	1685461680	1200		263.32		  50537797		659.50
8850	1685465280	3600		264.44		  82128389		688.50
8850	1685468880	3600		264.64		  88136498		687.00
8850	1685472392	3512		264.64		  88208024		689.00
-999	1685473592	1200		261.52		         0		-999.00
-999	1685477192	3600		258.45		         0		-999.00
-999	1685480792	3600		258.42		         0		-999.00
-999	1685484392	3600		258.39		         0		-999.00
-999	1685472392	-12000		258.40		         0		-999.00
8853	1685486057	1200		263.75		  60379248		685.50
8853	1685489657	3600		265.86		 120517576		748.50
8853	1685493257	3600		266.98		 154696311		756.00
8853	1685496857	3600		266.67		 148123096		740.50
8853	1685497163	306		262.22		         0		740.50
-999	1685498363	1200		258.34		         0		-999.00
-999	1685501963	3600		258.30		         0		-999.00
-999	1685505563	3600		261.64		         0		-999.00
-999	1685509163	3600		261.65		         0		-999.00
-999	1685512763	3600		261.65		         0		-999.00
-999	1685516363	3600		261.52		         0		-999.00
-999	1685519963	3600		258.41		         0		-999.00
-999	1685523563	3600		261.57		         0		-999.00
-999	1685527163	3600		261.50		         0		-999.00
-999	1685530763	3600		261.45		         0		-999.00
-999	1685534363	3600		261.58		         0		-999.00
-999	1685537963	3600		261.64		         0		-999.00
-999	1685541563	3600		261.64		         0		-999.00
-999	1685545163	3600		261.64		         0		-999.00
-999	1685548763	3600		261.64		         0		-999.00
-999	1685552363	3600		261.58		         0		-999.00
-999	1685555963	3600		261.58		         0		-999.00
-999	1685559563	3600		261.63		         0		-999.00
-999	1685563163	3600		261.30		         0		-999.00
-999	1685566763	3600		261.58		         0		-999.00
-999	1685570363	3600		261.58		         0		-999.00
-999	1685573963	3600		261.52		         0		-999.00
-999	1685577563	3600		261.64		         0		-999.00
-999	1685581163	3600		261.59		         0		-999.00
-999	1685584763	3600		261.59		         0		-999.00
-999	1685588363	3600		261.59		         0		-999.00
-999	1685591963	3600		261.65		         0		-999.00
-999	1685595563	3600		261.59		         0		-999.00
-999	1685599163	3600		258.19		         0		-999.00
-999	1685602763	3600		258.38		         0		-999.00
-999	1685606363	3600		258.43		         0		-999.00
-999	1685609963	3600		258.43		         0		-999.00
-999	1685613563	3600		258.28		         0		-999.00
-999	1685617163	3600		258.33		         0		-999.00
-999	1685497163	-120000		258.40		         0		-999.00
8858	1685618820	1200		264.63		  85781100		704.00
8858	1685622420	3600		267.45		 167787372		790.50
8858	1685626020	3600		269.19		 220995276		807.00
8858	1685629620	3600		268.29		 197221422		788.00
8858	1685633220	3600		267.95		 188931326		780.00
8858	1685636820	3600		267.38		 171645887		770.50
8858	1685639129	2309		267.14		 163105127		770.50
-999	1685640329	1200		261.45		         0		-999.00
-999	1685643929	3600		258.34		         0		-999.00
-999	1685647529	3600		258.45		         0		-999.00
-999	1685639129	-8400		258.25		         0		-999.00
8860	1685651029	1200		264.91		  96393328		719.00
8860	1685654629	3600		268.00		 179948135		845.00
8860	1685658229	3600		269.80		 250167831		814.00
8860	1685661829	3600		269.61		 241159306		813.50
8860	1685665429	3600		269.03		 218006092		823.50
8860	1685669029	3600		268.35		 197951665		803.00
8860	1685672629	3600		267.90		 183143572		803.00
8860	1685676229	3600		267.40		 168593197		791.00
8860	1685679829	3600		267.01		 157841638		779.00
8860	1685683429	3600		266.54		 146219800		764.50
8860	1685686777	3348		266.08		 130544922		767.50
-999	1685687977	1200		261.31		         0		-999.00
-999	1685691577	3600		261.12		         0		-999.00
-999	1685695177	3600		261.42		         0		-999.00
-999	1685698777	3600		261.36		         0		-999.00
-999	1685702377	3600		261.35		         0		-999.00
-999	1685705977	3600		261.34		         0		-999.00
-999	1685709577	3600		258.16		         0		-999.00
-999	1685713177	3600		258.38		         0		-999.00
-999	1685686777	-26400		258.41		         0		-999.00
8863	1685715712	1200		264.92		  98451343		723.50
8863	1685719312	3600		268.19		 187681007		830.50
8863	1685722912	3600		269.32		 225270558		832.00
8863	1685726512	3600		269.31		 225041360		834.00
8863	1685730112	3600		269.08		 221321929		828.50
8863	1685733712	3600		268.31		 201225502		804.00
8863	1685734375	663		268.36		 196979259		816.50
-999	1685735575	1200		261.50		         0		-999.00
-999	1685739175	3600		258.21		         0		-999.00
-999	1685742775	3600		258.31		         0		-999.00
-999	1685734375	-8400		259.00		         0		-999.00
8865	1685745665	1200		265.02		  97962702		748.50
8865	1685749265	3600		268.02		 184325189		832.50
8865	1685752865	3600		269.29		 226647237		837.00
8865	1685756465	3600		269.28		 227633284		812.50
8865	1685760065	3600		268.98		 217420861		803.50
8865	1685763665	3600		268.27		 198183174		786.00
8865	1685767265	3600		267.74		 182512725		778.00
8865	1685770865	3600		267.26		 166679671		768.00
8865	1685774465	3600		266.86		 154872493		763.00
8865	1685778065	3600		266.32		 142718357		748.00
8865	1685781665	3600		266.16		 133361030		751.00
8865	1685782804	1139		265.01		 100989683		741.50
-999	1685784004	1200		258.44		         0		-999.00
-999	1685787604	3600		258.23		         0		-999.00
-999	1685782804	-4800		258.31		         0		-999.00
8866	1685790561	1200		265.85		 119521857		784.50
8866	1685794161	3600		269.42		 226037591		882.50
8866	1685794851	690		270.51		 262480712		877.00
-999	1685796051	1200		261.52		         0		-999.00
-999	1685799651	3600		261.52		         0		-999.00
-999	1685803251	3600		261.57		         0		-999.00
-999	1685806851	3600		261.58		         0		-999.00
-999	1685810451	3600		261.58		         0		-999.00
-999	1685814051	3600		261.63		         0		-999.00
-999	1685817651	3600		261.57		         0		-999.00
-999	1685821251	3600		258.35		         0		-999.00
-999	1685824851	3600		258.40		         0		-999.00
-999	1685828451	3600		258.44		         0		-999.00
-999	1685794851	-33600		259.57		         0		-999.00
8870	1685830087	1200		265.64		 114377368		771.50
8870	1685833687	3600		268.86		 205969565		874.00
8870	1685837287	3600		270.43		 258219346		883.00
8870	1685840887	3600		270.43		 258373022		889.00
8870	1685844487	3600		270.29		 255831199		880.50
8870	1685848087	3600		269.52		 232427283		862.50
8870	1685851687	3600		268.80		 213150000		847.50
8870	1685855287	3600		268.21		 193475883		840.50
8870	1685858887	3600		267.71		 178827494		823.50
8870	1685862487	3600		267.20		 163947051		814.50
8870	1685865870	3383		266.58		 145838702		806.00
-999	1685867070	1200		258.28		         0		-999.00
-999	1685870670	3600		258.51		         0		-999.00
-999	1685874270	3600		258.39		         0		-999.00
-999	1685877870	3600		258.39		         0		-999.00
-999	1685865870	-12000		258.16		         0		-999.00
8872	1685882021	1200		266.79		 144530199		828.50
8872	1685885621	3600		271.59		 290408282		957.50
8872	1685889221	3600		272.76		 327481725		962.50
8872	1685891942	2721		272.73		 328355259		951.50
-999	1685893142	1200		261.58		         0		-999.00
-999	1685896742	3600		258.29		         0		-999.00
-999	1685891942	-4800		259.98		         0		-999.00
8873	1685900610	1200		265.82		 148214093		660.50
8873	1685904210	3600		271.73		 295272302		962.00
8873	1685907810	3600		272.98		 334675937		970.00
8873	1685911410	3600		271.37		 335509860		693.00
8873	1685915010	3600		272.35		 320680946		950.00
8873	1685918610	3600		271.46		 291886120		925.00
8873	1685922210	3600		270.48		 261232816		916.00
8873	1685925810	3600		269.77		 241110011		895.50
8873	1685929410	3600		269.15		 220484720		879.00
8873	1685933010	3600		268.58		 203973258		875.00
8873	1685936610	3600		268.08		 190716739		863.50
8873	1685940210	3600		267.64		 176254871		847.00
8873	1685943810	3600		266.72		 164058755		728.50
8873	1685944955	1145		266.12		 131602324		829.50
-999	1685946155	1200		258.22		         0		-999.00
-999	1685949755	3600		258.39		         0		-999.00
-999	1685953355	3600		258.38		         0		-999.00
-999	1685956955	3600		258.61		         0		-999.00
-999	1685960555	3600		258.40		         0		-999.00
-999	1685944955	-15600		258.34		         0		-999.00
8877	1685964321	1200		266.01		 128080930		803.50
8877	1685967921	3600		270.01		 234020898		970.00
8877	1685971521	3600		273.03		 334271918		984.00
8877	1685975121	3600		272.50		 322711481		966.50
8877	1685978721	3600		271.58		 294128290		940.00
8877	1685982321	3600		270.62		 263806505		923.00
8877	1685985921	3600		269.97		 244261009		915.50
8877	1685989521	3600		269.22		 222933541		899.00
8877	1685993121	3600		268.70		 207525497		886.00
8877	1685996721	3600		268.20		 191208264		879.00
8877	1685999295	2574		267.80		 181688851		859.50
-999	1686000495	1200		261.39		         0		-999.00
-999	1686004095	3600		261.64		         0		-999.00
-999	1686007695	3600		261.52		         0		-999.00
-999	1686011295	3600		258.30		         0		-999.00
-999	1686014895	3600		258.49		         0		-999.00
-999	1685999295	-15600		259.34		         0		-999.00
8880	1686017216	1200		266.35		 131612023		841.50
8880	1686020816	3600		271.56		 285296189		1004.00
8880	1686024416	3600		272.93		 332992154		1003.00
8880	1686028016	3600		273.05		 335742230		1018.00
8880	1686031616	3600		272.83		 330167288		1007.00
8880	1686035216	3600		271.96		 306995619		975.00
8880	1686038816	3600		271.10		 278283807		965.00
8880	1686042416	3600		270.35		 257154147		946.00
8880	1686046016	3600		269.64		 235126151		925.00
8880	1686049616	3600		269.20		 218925877		930.00
8880	1686053216	3600		268.52		 201141018		901.50
8880	1686056816	3600		268.10		 189096550		893.50
8880	1686060416	3600		267.70		 175718034		883.00
8880	1686064016	3600		267.31		 164630388		874.00
8880	1686067616	3600		266.90		 155435461		866.50
8880	1686071216	3600		266.63		 146199221		851.50
8880	1686073817	2601		266.02		 129180139		836.50
-999	1686075017	1200		261.46		         0		-999.00
-999	1686078617	3600		258.22		         0		-999.00
-999	1686082217	3600		258.47		         0		-999.00
-999	1686073817	-8400		258.30		         0		-999.00
8882	1686084886	1200		266.95		 151479774		872.00
8882	1686088486	3600		271.76		 292513149		1014.00
8882	1686092086	3600		273.07		 336220229		1024.00
8882	1686095686	3600		273.06		 333754198		1038.00
8882	1686099286	3600		272.89		 331848334		1018.00
8882	1686102886	3600		271.99		 303965951		1003.00
8882	1686106486	3600		271.11		 277281836		985.50
8882	1686110086	3600		270.33		 255733762		960.50
8882	1686113686	3600		269.72		 235421978		951.50
8882	1686117286	3600		269.08		 217386789		939.00
8882	1686120886	3600		268.67		 203618730		922.00
8882	1686122035	1149		268.19		 191729420		920.50
-999	1686123235	1200		258.19		         0		-999.00
-999	1686126835	3600		261.69		         0		-999.00
-999	1686130435	3600		261.58		         0		-999.00
-999	1686134035	3600		261.57		         0		-999.00
-999	1686137635	3600		261.34		         0		-999.00
-999	1686141235	3600		261.57		         0		-999.00
-999	1686144835	3600		261.52		         0		-999.00
-999	1686148435	3600		261.58		         0		-999.00
-999	1686152035	3600		261.64		         0		-999.00
-999	1686155635	3600		261.64		         0		-999.00
-999	1686159235	3600		261.58		         0		-999.00
-999	1686162835	3600		261.59		         0		-999.00
-999	1686166435	3600		258.21		         0		-999.00
-999	1686170035	3600		258.45		         0		-999.00
-999	1686173635	3600		258.45		         0		-999.00
-999	1686122035	-51600		259.38		         0		-999.00
8885	1686178075	1200		266.96		 148251319		885.00
8885	1686181675	3600		271.75		 293808182		1016.00
8885	1686185275	3600		272.99		 335112615		1031.00
8885	1686188875	3600		273.02		 333949530		1045.00
8885	1686192475	3600		272.52		 322970554		1008.00
8885	1686196075	3600		270.94		 276018980		991.50
8885	1686199675	3600		270.68		 267382641		967.00
8885	1686203275	3600		269.88		 248128760		935.00
8885	1686206875	3600		269.32		 225658970		940.50
8885	1686210475	3600		268.78		 209735651		925.00
8885	1686214075	3600		268.18		 192446962		916.00
8885	1686217156	3081		267.83		 182530147		906.00
-999	1686218356	1200		258.38		         0		-999.00
-999	1686221956	3600		258.19		         0		-999.00
-999	1686225556	3600		258.36		         0		-999.00
-999	1686229156	3600		258.30		         0		-999.00
-999	1686232756	3600		258.38		         0		-999.00
-999	1686236356	3600		258.38		         0		-999.00
-999	1686239956	3600		258.43		         0		-999.00
-999	1686243556	3600		258.23		         0		-999.00
-999	1686247156	3600		258.35		         0		-999.00
-999	1686250756	3600		258.40		         0		-999.00
-999	1686217156	-33600		258.37		         0		-999.00
8887	1686253850	1200		266.61		 141546064		874.50
8887	1686257450	3600		271.38		 282783421		1022.00
8887	1686261050	3600		272.95		 335287272		1037.00
8887	1686264650	3600		273.08		 335632540		1046.00
8887	1686268250	3600		271.85		 300810239		1006.00
8887	1686270642	2392		271.47		 292269571		997.00
-999	1686271842	1200		261.57		         0		-999.00
-999	1686275442	3600		261.49		         0		-999.00
-999	1686279042	3600		261.60		         0		-999.00
-999	1686282642	3600		258.14		         0		-999.00
-999	1686286242	3600		258.39		         0		-999.00
-999	1686289842	3600		258.38		         0		-999.00
-999	1686293442	3600		258.34		         0		-999.00
-999	1686297042	3600		258.40		         0		-999.00
-999	1686300642	3600		261.50		         0		-999.00
-999	1686304242	3600		258.35		         0		-999.00
-999	1686307842	3600		258.38		         0		-999.00
-999	1686270642	-37200		259.70		         0		-999.00
8891	1686310181	1200		269.26		 220591453		959.00
8891	1686313781	3600		272.59		 321244162		1024.00
8891	1686317381	3600		272.71		 327381098		1027.00
8891	1686320981	3600		272.78		 328727170		1038.00
8891	1686324581	3600		272.65		 326938434		1036.00
8891	1686328181	3600		271.88		 304138823		1016.00
8891	1686331781	3600		270.93		 274571836		988.50
8891	1686335381	3600		270.14		 251998755		969.50
8891	1686338981	3600		269.47		 229556097		957.00
8891	1686342581	3600		268.84		 212386990		937.50
8891	1686346181	3600		268.29		 196204429		932.00
8891	1686349781	3600		267.75		 182622790		912.00
8891	1686353381	3600		267.35		 167831152		903.00
8891	1686356981	3600		267.03		 156989708		902.00
8891	1686359440	2459		266.73		 149118720		894.00
-999	1686360640	1200		261.35		         0		-999.00
-999	1686364240	3600		261.26		         0		-999.00
-999	1686367840	3600		261.38		         0		-999.00
-999	1686371440	3600		261.38		         0		-999.00
-999	1686359440	-12000		261.42		         0		-999.00
8894	1686375142	1200		267.07		 152478518		922.50
8894	1686378742	3600		271.97		 300706325		1048.00
8894	1686382342	3600		272.86		 330459228		1054.00
8894	1686385942	3600		272.72		 327171760		1062.00
8894	1686389542	3600		272.78		 329294729		1053.00
8894	1686393142	3600		271.79		 304150989		1035.00
8894	1686396742	3600		270.92		 276969353		1004.00
8894	1686400342	3600		270.13		 250549378		991.50
8894	1686403942	3600		269.44		 229816506		971.00
8894	1686407542	3600		268.89		 213174108		954.50
8894	1686410936	3394		268.31		 197725719		946.50
-999	1686412136	1200		261.52		         0		-999.00
-999	1686415736	3600		261.49		         0		-999.00
-999	1686419336	3600		261.52		         0		-999.00
-999	1686422936	3600		261.40		         0		-999.00
-999	1686426536	3600		261.57		         0		-999.00
-999	1686430136	3600		258.28		         0		-999.00
-999	1686433736	3600		258.34		         0		-999.00
-999	1686410936	-22800		259.38		         0		-999.00
8895	1686435772	1200		266.75		 143847864		917.50
8895	1686439372	3600		271.44		 287476944		1051.00
8895	1686442972	3600		272.76		 328036803		1068.00
8895	1686446572	3600		272.84		 330628343		1068.00
8895	1686450172	3600		272.65		 327804406		1071.00
8895	1686453772	3600		272.76		 329719749		1075.00
8895	1686457372	3600		272.06		 308207600		1049.00
8895	1686460972	3600		270.99		 278547703		1034.00
8895	1686464572	3600		270.27		 256179927		1012.00
8895	1686466144	1572		269.74		 238337015		1004.00
-999	1686467344	1200		261.47		         0		-999.00
-999	1686470944	3600		258.23		         0		-999.00
-999	1686474544	3600		258.34		         0		-999.00
-999	1686466144	-8400		259.64		         0		-999.00
8896	1686476753	1200		266.27		 166485803		741.50
8896	1686480353	3600		272.22		 311552854		1072.00
8896	1686483953	3600		272.83		 332360675		1069.00
8896	1686487553	3600		272.84		 330700853		1084.00
8896	1686491153	3600		272.67		 327277784		1084.00
8896	1686494753	3600		272.77		 330336965		1090.00
8896	1686498353	3600		271.93		 304342613		1065.00
8896	1686501953	3600		271.06		 278108179		1042.00
8896	1686504576	2623		270.25		 255026745		1024.00
-999	1686505776	1200		261.46		         0		-999.00
-999	1686509376	3600		258.35		         0		-999.00
-999	1686512976	3600		258.31		         0		-999.00
-999	1686516576	3600		262.44		         0		-999.00
-999	1686520176	3600		262.85		         0		-999.00
-999	1686523776	3600		262.95		         0		-999.00
-999	1686527376	3600		262.90		         0		-999.00
-999	1686530976	3600		262.90		         0		-999.00
-999	1686534576	3600		262.85		         0		-999.00
-999	1686538176	3600		262.73		         0		-999.00
-999	1686541776	3600		262.61		         0		-999.00
-999	1686545376	3600		262.60		         0		-999.00
-999	1686548976	3600		262.56		         0		-999.00
-999	1686552576	3600		262.44		         0		-999.00
-999	1686556176	3600		261.34		         0		-999.00
-999	1686559776	3600		261.50		         0		-999.00
-999	1686563376	3600		261.55		         0		-999.00
-999	1686566976	3600		261.55		         0		-999.00
-999	1686570576	3600		261.55		         0		-999.00
-999	1686574176	3600		261.55		         0		-999.00
-999	1686577776	3600		261.55		         0		-999.00
-999	1686581376	3600		261.55		         0		-999.00
-999	1686584976	3600		261.56		         0		-999.00
-999	1686588576	3600		261.67		         0		-999.00
-999	1686592176	3600		261.51		         0		-999.00
-999	1686595776	3600		261.57		         0		-999.00
-999	1686599376	3600		261.52		         0		-999.00
-999	1686602976	3600		261.64		         0		-999.00
-999	1686606576	3600		261.64		         0		-999.00
-999	1686610176	3600		261.51		         0		-999.00
-999	1686613776	3600		258.35		         0		-999.00
-999	1686504576	-109200		259.60		         0		-999.00
8901	1686617242	1200		266.91		 145328356		957.50
8901	1686620842	3600		271.52		 285596726		1108.00
8901	1686624442	3600		272.70		 326911836		1108.00
8901	1686628042	3600		272.84		 329731036		1115.00
8901	1686631642	3600		272.79		 328093266		1123.00
8901	1686635242	3600		272.60		 325375376		1102.00
8901	1686638842	3600		271.79		 300522582		1116.00
8901	1686639722	880		258.15		 284260667		 10.50
-999	1686640922	1200		261.48		         0		-999.00
-999	1686644522	3600		261.66		         0		-999.00
-999	1686648122	3600		255.59		         0		-999.00
-999	1686651722	3600		255.54		         0		-999.00
-999	1686655322	3600		255.83		         0		-999.00
-999	1686658922	3600		255.58		         0		-999.00
-999	1686662522	3600		255.81		         0		-999.00
-999	1686666122	3600		255.95		         0		-999.00
-999	1686669722	3600		255.83		         0		-999.00
-999	1686673322	3600		255.79		         0		-999.00
-999	1686676922	3600		255.93		         0		-999.00
-999	1686680522	3600		255.84		         0		-999.00
-999	1686684122	3600		255.78		         0		-999.00
-999	1686687722	3600		255.67		         0		-999.00
-999	1686691322	3600		255.74		         0		-999.00
-999	1686694922	3600		255.55		         0		-999.00
-999	1686698522	3600		255.43		         0		-999.00
-999	1686702122	3600		255.55		         0		-999.00
-999	1686705722	3600		255.66		         0		-999.00
-999	1686709322	3600		255.56		         0		-999.00
-999	1686712922	3600		255.67		         0		-999.00
-999	1686716522	3600		255.89		         0		-999.00
-999	1686720122	3600		255.81		         0		-999.00
-999	1686723722	3600		255.74		         0		-999.00
-999	1686727322	3600		255.87		         0		-999.00
-999	1686730922	3600		255.82		         0		-999.00
-999	1686734522	3600		255.73		         0		-999.00
-999	1686738122	3600		255.78		         0		-999.00
-999	1686741722	3600		255.89		         0		-999.00
-999	1686745322	3600		255.83		         0		-999.00
-999	1686748922	3600		255.40		         0		-999.00
-999	1686752522	3600		255.63		         0		-999.00
-999	1686756122	3600		255.66		         0		-999.00
-999	1686759722	3600		255.78		         0		-999.00
-999	1686763322	3600		255.78		         0		-999.00
-999	1686766922	3600		255.75		         0		-999.00
-999	1686770522	3600		255.74		         0		-999.00
-999	1686774122	3600		255.93		         0		-999.00
-999	1686777722	3600		255.77		         0		-999.00
-999	1686781322	3600		255.54		         0		-999.00
-999	1686784922	3600		255.43		         0		-999.00
-999	1686788522	3600		255.54		         0		-999.00
-999	1686792122	3600		255.56		         0		-999.00
-999	1686795722	3600		255.60		         0		-999.00
-999	1686799322	3600		255.61		         0		-999.00
-999	1686802922	3600		255.67		         0		-999.00
-999	1686806522	3600		255.65		         0		-999.00
-999	1686810122	3600		255.77		         0		-999.00
-999	1686813722	3600		255.83		         0		-999.00
-999	1686817322	3600		255.95		         0		-999.00
-999	1686820922	3600		255.89		         0		-999.00
-999	1686824522	3600		255.83		         0		-999.00
-999	1686828122	3600		255.52		         0		-999.00
-999	1686831722	3600		255.54		         0		-999.00
-999	1686835322	3600		255.73		         0		-999.00
-999	1686838922	3600		255.83		         0		-999.00
-999	1686842522	3600		255.67		         0		-999.00
-999	1686846122	3600		255.61		         0		-999.00
-999	1686849722	3600		255.68		         0		-999.00
-999	1686853322	3600		255.78		         0		-999.00
-999	1686856922	3600		255.74		         0		-999.00
-999	1686860522	3600		255.61		         0		-999.00
-999	1686864122	3600		255.40		         0		-999.00
-999	1686867722	3600		255.44		         0		-999.00
-999	1686871322	3600		255.65		         0		-999.00
-999	1686874922	3600		255.90		         0		-999.00
-999	1686878522	3600		255.98		         0		-999.00
-999	1686882122	3600		255.95		         0		-999.00
-999	1686885722	3600		255.77		         0		-999.00
-999	1686889322	3600		255.64		         0		-999.00
-999	1686892922	3600		255.81		         0		-999.00
-999	1686896522	3600		255.87		         0		-999.00
-999	1686900122	3600		255.51		         0		-999.00
-999	1686903722	3600		255.64		         0		-999.00
-999	1686907322	3600		255.75		         0		-999.00
-999	1686910922	3600		255.78		         0		-999.00
-999	1686914522	3600		255.45		         0		-999.00
-999	1686918122	3600		255.58		         0		-999.00
-999	1686921722	3600		255.78		         0		-999.00
-999	1686925322	3600		255.89		         0		-999.00
-999	1686928922	3600		255.85		         0		-999.00
-999	1686932522	3600		255.83		         0		-999.00
-999	1686936122	3600		255.75		         0		-999.00
-999	1686939722	3600		255.73		         0		-999.00
-999	1686943322	3600		255.78		         0		-999.00
-999	1686946922	3600		255.81		         0		-999.00
-999	1686950522	3600		255.44		         0		-999.00
-999	1686954122	3600		255.50		         0		-999.00
-999	1686957722	3600		255.72		         0		-999.00
-999	1686961322	3600		255.86		         0		-999.00
-999	1686964922	3600		255.83		         0		-999.00
-999	1686968522	3600		255.68		         0		-999.00
-999	1686972122	3600		255.93		         0		-999.00
-999	1686975722	3600		255.86		         0		-999.00
-999	1686979322	3600		255.48		         0		-999.00
-999	1686982922	3600		255.76		         0		-999.00
-999	1686986522	3600		255.79		         0		-999.00
-999	1686990122	3600		255.72		         0		-999.00
-999	1686993722	3600		255.51		         0		-999.00
-999	1686997322	3600		255.60		         0		-999.00
-999	1687000922	3600		255.89		         0		-999.00
-999	1687004522	3600		255.93		         0		-999.00
-999	1687008122	3600		255.55		         0		-999.00
-999	1687011722	3600		255.54		         0		-999.00
-999	1687015322	3600		255.73		         0		-999.00
-999	1687018922	3600		255.83		         0		-999.00
-999	1687022522	3600		255.83		         0		-999.00
-999	1687026122	3600		255.66		         0		-999.00
-999	1687029722	3600		255.94		         0		-999.00
-999	1687033322	3600		255.66		         0		-999.00
-999	1687036922	3600		255.58		         0		-999.00
-999	1687040522	3600		255.48		         0		-999.00
-999	1687044122	3600		255.56		         0		-999.00
-999	1687047722	3600		255.70		         0		-999.00
-999	1687051322	3600		255.79		         0		-999.00
-999	1687054922	3600		255.81		         0		-999.00
-999	1687058522	3600		255.86		         0		-999.00
-999	1687062122	3600		255.84		         0		-999.00
-999	1687065722	3600		255.81		         0		-999.00
-999	1687069322	3600		255.73		         0		-999.00
-999	1687072922	3600		255.74		         0		-999.00
-999	1687076522	3600		255.50		         0		-999.00
-999	1687080122	3600		255.67		         0		-999.00
-999	1687083722	3600		255.68		         0		-999.00
-999	1687087322	3600		255.65		         0		-999.00
-999	1687090922	3600		255.70		         0		-999.00
-999	1687094522	3600		255.86		         0		-999.00
-999	1687098122	3600		255.93		         0		-999.00
-999	1687101722	3600		255.81		         0		-999.00
-999	1687105322	3600		255.56		         0		-999.00
-999	1687108922	3600		255.45		         0		-999.00
-999	1687112522	3600		255.51		         0		-999.00
-999	1687116122	3600		255.54		         0		-999.00
-999	1687119722	3600		255.62		         0		-999.00
-999	1687123322	3600		255.64		         0		-999.00
-999	1687126922	3600		255.58		         0		-999.00
-999	1687130522	3600		255.73		         0		-999.00
-999	1687134122	3600		255.78		         0		-999.00
-999	1687137722	3600		255.93		         0		-999.00
-999	1687141322	3600		255.87		         0		-999.00
-999	1687144922	3600		255.44		         0		-999.00
-999	1687148522	3600		255.59		         0		-999.00
-999	1687152122	3600		255.37		         0		-999.00
-999	1687155722	3600		255.73		         0		-999.00
-999	1687159322	3600		255.93		         0		-999.00
-999	1687162922	3600		255.67		         0		-999.00
-999	1687166522	3600		255.36		         0		-999.00
-999	1687170122	3600		255.81		         0		-999.00
-999	1687173722	3600		255.44		         0		-999.00
-999	1687177322	3600		258.08		         0		-999.00
-999	1687180922	3600		261.33		         0		-999.00
-999	1687184522	3600		261.50		         0		-999.00
-999	1687188122	3600		261.40		         0		-999.00
-999	1687191722	3600		261.69		         0		-999.00
-999	1687195322	3600		261.40		         0		-999.00
-999	1687198922	3600		261.57		         0		-999.00
-999	1687202522	3600		261.57		         0		-999.00
-999	1687206122	3600		261.58		         0		-999.00
-999	1687209722	3600		261.58		         0		-999.00
-999	1687213322	3600		261.58		         0		-999.00
-999	1687216922	3600		261.58		         0		-999.00
-999	1687220522	3600		261.58		         0		-999.00
-999	1687224122	3600		261.58		         0		-999.00
-999	1687227722	3600		261.58		         0		-999.00
-999	1687231322	3600		261.59		         0		-999.00
-999	1687234922	3600		261.61		         0		-999.00
-999	1687238522	3600		261.49		         0		-999.00
-999	1687242122	3600		261.49		         0		-999.00
-999	1687245722	3600		261.56		         0		-999.00
-999	1687249322	3600		261.33		         0		-999.00
-999	1687252922	3600		261.21		         0		-999.00
-999	1687256522	3600		261.33		         0		-999.00
-999	1687260122	3600		261.41		         0		-999.00
-999	1687263722	3600		261.54		         0		-999.00
-999	1687267322	3600		261.53		         0		-999.00
-999	1687270922	3600		261.61		         0		-999.00
-999	1687274522	3600		261.57		         0		-999.00
-999	1687278122	3600		261.57		         0		-999.00
-999	1687281722	3600		261.57		         0		-999.00
-999	1687285322	3600		261.57		         0		-999.00
-999	1687288922	3600		261.63		         0		-999.00
-999	1687292522	3600		261.63		         0		-999.00
-999	1687296122	3600		261.63		         0		-999.00
-999	1687299722	3600		261.52		         0		-999.00
-999	1687303322	3600		261.52		         0		-999.00
-999	1687306922	3600		261.57		         0		-999.00
-999	1687310522	3600		261.57		         0		-999.00
-999	1687314122	3600		261.52		         0		-999.00
-999	1687317722	3600		261.57		         0		-999.00
-999	1687321322	3600		261.63		         0		-999.00
-999	1687324922	3600		261.52		         0		-999.00
-999	1687328522	3600		261.38		         0		-999.00
-999	1687332122	3600		258.36		         0		-999.00
-999	1687335722	3600		258.50		         0		-999.00
-999	1687339322	3600		261.34		         0		-999.00
-999	1687342922	3600		261.57		         0		-999.00
-999	1687346522	3600		261.55		         0		-999.00
-999	1687350122	3600		261.56		         0		-999.00
-999	1687353722	3600		261.50		         0		-999.00
-999	1687357322	3600		261.72		         0		-999.00
-999	1687360922	3600		261.42		         0		-999.00
-999	1687364522	3600		261.38		         0		-999.00
-999	1687368122	3600		261.65		         0		-999.00
-999	1687371722	3600		261.52		         0		-999.00
-999	1687375322	3600		261.52		         0		-999.00
-999	1687378922	3600		261.60		         0		-999.00
-999	1687382522	3600		261.55		         0		-999.00
-999	1687386122	3600		261.55		         0		-999.00
-999	1687389722	3600		261.61		         0		-999.00
-999	1687393322	3600		261.67		         0		-999.00
-999	1687396922	3600		261.55		         0		-999.00
-999	1687400522	3600		261.55		         0		-999.00
-999	1687404122	3600		261.55		         0		-999.00
-999	1687407722	3600		261.38		         0		-999.00
-999	1687411322	3600		261.52		         0		-999.00
-999	1687414922	3600		261.50		         0		-999.00
-999	1687418522	3600		261.57		         0		-999.00
-999	1687422122	3600		261.57		         0		-999.00
-999	1687425722	3600		261.55		         0		-999.00
-999	1687429322	3600		261.55		         0		-999.00
-999	1687432922	3600		261.55		         0		-999.00
-999	1687436522	3600		261.55		         0		-999.00
-999	1687440122	3600		261.72		         0		-999.00
-999	1687443722	3600		261.61		         0		-999.00
-999	1687447322	3600		261.37		         0		-999.00
-999	1687450922	3600		261.56		         0		-999.00
-999	1687454522	3600		261.52		         0		-999.00
-999	1687458122	3600		261.57		         0		-999.00
-999	1687461722	3600		261.64		         0		-999.00
-999	1687465322	3600		261.52		         0		-999.00
-999	1687468922	3600		261.57		         0		-999.00
-999	1687472522	3600		261.57		         0		-999.00
-999	1687476122	3600		261.52		         0		-999.00
-999	1687479722	3600		261.57		         0		-999.00
-999	1687483322	3600		261.57		         0		-999.00
-999	1687486922	3600		261.57		         0		-999.00
-999	1687490522	3600		261.57		         0		-999.00
-999	1687494122	3600		261.62		         0		-999.00
-999	1687497722	3600		261.48		         0		-999.00
-999	1687501322	3600		261.52		         0		-999.00
-999	1687504922	3600		261.52		         0		-999.00
-999	1687508522	3600		261.52		         0		-999.00
-999	1687512122	3600		261.52		         0		-999.00
-999	1687515722	3600		261.52		         0		-999.00
-999	1687519322	3600		261.52		         0		-999.00
-999	1687522922	3600		261.48		         0		-999.00
-999	1687526522	3600		261.58		         0		-999.00
-999	1687530122	3600		261.45		         0		-999.00
-999	1687533722	3600		261.21		         0		-999.00
-999	1687537322	3600		261.55		         0		-999.00
-999	1687540922	3600		261.55		         0		-999.00
-999	1687544522	3600		261.44		         0		-999.00
-999	1687548122	3600		261.55		         0		-999.00
-999	1687551722	3600		261.55		         0		-999.00
-999	1687555322	3600		261.61		         0		-999.00
-999	1687558922	3600		261.67		         0		-999.00
-999	1687562522	3600		261.62		         0		-999.00
-999	1687566122	3600		261.65		         0		-999.00
-999	1687569722	3600		261.65		         0		-999.00
-999	1687573322	3600		261.65		         0		-999.00
-999	1687576922	3600		261.65		         0		-999.00
-999	1687580522	3600		261.67		         0		-999.00
-999	1687584122	3600		261.65		         0		-999.00
-999	1687587722	3600		261.55		         0		-999.00
-999	1687591322	3600		261.67		         0		-999.00
-999	1687594922	3600		261.68		         0		-999.00
-999	1687598522	3600		261.42		         0		-999.00
-999	1687602122	3600		261.63		         0		-999.00
-999	1687605722	3600		261.63		         0		-999.00
-999	1687609322	3600		261.63		         0		-999.00
-999	1687612922	3600		261.63		         0		-999.00
-999	1687616522	3600		261.63		         0		-999.00
-999	1687620122	3600		258.50		         0		-999.00
-999	1687623722	3600		258.44		         0		-999.00
-999	1687627322	3600		258.39		         0		-999.00
-999	1687630922	3600		258.39		         0		-999.00
-999	1687634522	3600		258.39		         0		-999.00
-999	1687638122	3600		258.39		         0		-999.00
-999	1687641722	3600		258.35		         0		-999.00
-999	1687645322	3600		258.36		         0		-999.00
-999	1687648922	3600		258.38		         0		-999.00
-999	1687652522	3600		258.35		         0		-999.00
-999	1687656122	3600		258.38		         0		-999.00
-999	1687659722	3600		258.38		         0		-999.00
-999	1687663322	3600		258.31		         0		-999.00
-999	1687666922	3600		258.31		         0		-999.00
-999	1687670522	3600		258.37		         0		-999.00
-999	1687674122	3600		258.34		         0		-999.00
-999	1687677722	3600		258.34		         0		-999.00
-999	1687681322	3600		258.34		         0		-999.00
-999	1687684922	3600		258.34		         0		-999.00
-999	1687688522	3600		258.34		         0		-999.00
-999	1687692122	3600		258.33		         0		-999.00
-999	1687695722	3600		258.33		         0		-999.00
-999	1687699322	3600		258.33		         0		-999.00
-999	1687702922	3600		258.33		         0		-999.00
-999	1687706522	3600		258.33		         0		-999.00
-999	1687710122	3600		258.33		         0		-999.00
-999	1687713722	3600		258.33		         0		-999.00
-999	1687717322	3600		258.33		         0		-999.00
-999	1687720922	3600		258.33		         0		-999.00
-999	1687724522	3600		258.34		         0		-999.00
-999	1687728122	3600		258.33		         0		-999.00
-999	1687731722	3600		258.30		         0		-999.00
-999	1687735322	3600		258.27		         0		-999.00
-999	1687738922	3600		258.35		         0		-999.00
-999	1687742522	3600		258.35		         0		-999.00
-999	1687746122	3600		258.35		         0		-999.00
-999	1687749722	3600		258.35		         0		-999.00
-999	1687753322	3600		258.35		         0		-999.00
-999	1687756922	3600		258.34		         0		-999.00
-999	1687760522	3600		258.33		         0		-999.00
-999	1687764122	3600		258.33		         0		-999.00
-999	1687767722	3600		258.33		         0		-999.00
-999	1687771322	3600		258.33		         0		-999.00
-999	1687774922	3600		258.31		         0		-999.00
-999	1687778522	3600		258.31		         0		-999.00
-999	1687782122	3600		258.31		         0		-999.00
-999	1687785722	3600		258.31		         0		-999.00
-999	1687789322	3600		258.38		         0		-999.00
-999	1687792922	3600		258.33		         0		-999.00
-999	1687796522	3600		258.33		         0		-999.00
-999	1687800122	3600		258.33		         0		-999.00
-999	1687803722	3600		258.40		         0		-999.00
-999	1687807322	3600		258.35		         0		-999.00
-999	1687810922	3600		258.21		         0		-999.00
-999	1687814522	3600		258.38		         0		-999.00
-999	1687818122	3600		258.37		         0		-999.00
-999	1687821722	3600		258.37		         0		-999.00
-999	1687825322	3600		258.17		         0		-999.00
-999	1687828922	3600		258.40		         0		-999.00
-999	1687832522	3600		261.62		         0		-999.00
-999	1687836122	3600		261.58		         0		-999.00
-999	1687839722	3600		261.39		         0		-999.00
-999	1687843322	3600		261.57		         0		-999.00
-999	1687846922	3600		261.41		         0		-999.00
-999	1687850522	3600		261.40		         0		-999.00
-999	1687854122	3600		261.51		         0		-999.00
-999	1687857722	3600		261.49		         0		-999.00
-999	1687861322	3600		261.49		         0		-999.00
-999	1687864922	3600		261.49		         0		-999.00
-999	1687868522	3600		261.49		         0		-999.00
-999	1687872122	3600		261.54		         0		-999.00
-999	1687875722	3600		261.65		         0		-999.00
-999	1687879322	3600		261.65		         0		-999.00
-999	1687882922	3600		258.23		         0		-999.00
-999	1687886522	3600		258.36		         0		-999.00
-999	1687890122	3600		258.41		         0		-999.00
-999	1687893722	3600		258.47		         0		-999.00
-999	1687897322	3600		258.43		         0		-999.00
-999	1687900922	3600		258.44		         0		-999.00
-999	1687904522	3600		258.44		         0		-999.00
-999	1687908122	3600		261.57		         0		-999.00
-999	1687911722	3600		261.73		         0		-999.00
-999	1687915322	3600		261.72		         0		-999.00
-999	1687918922	3600		261.70		         0		-999.00
-999	1687922522	3600		261.72		         0		-999.00
-999	1687926122	3600		261.72		         0		-999.00
-999	1687929722	3600		261.61		         0		-999.00
-999	1687933322	3600		258.38		         0		-999.00
-999	1687936922	3600		258.45		         0		-999.00
-999	1687940522	3600		258.39		         0		-999.00
-999	1686639722	-1300800		258.21		         0		-999.00
8997	1687942253	1200		261.63		    109520		754.50
8997	1687945853	3600		261.63		    160806		748.50
8997	1687949453	3600		261.63		    159900		748.50
8997	1687953053	3600		261.63		    156751		744.50
8997	1687956653	3600		261.63		    158124		752.00
8997	1687960253	3600		261.63		    156152		749.00
8997	1687963853	3600		261.35		    120675		708.50
8997	1687965573	1720		261.59		    113602		744.00
-999	1687966773	1200		258.19		         0		-999.00
-999	1687970373	3600		258.47		         0		-999.00
-999	1687973973	3600		258.43		         0		-999.00
-999	1687965573	-8400		258.69		         0		-999.00
8999	1687977456	1200		261.63		     98425		748.00
8999	1687981056	3600		261.57		     89999		745.50
8999	1687984656	3600		261.48		     72707		738.00
8999	1687988256	3600		261.42		     84012		729.50
8999	1687991856	3600		261.70		     68702		751.00
8999	1687995456	3600		261.36		     73343		721.50
8999	1687999056	3600		261.59		    159456		748.00
8999	1688002656	3600		261.59		    160285		745.00
8999	1688006256	3600		261.59		    160280		742.50
8999	1688009856	3600		261.25		    142072		721.00
8999	1688013456	3600		261.70		     68912		760.00
8999	1688017056	3600		261.41		     61273		731.00
8999	1688020656	3600		261.41		     74734		731.50
8999	1688024256	3600		261.65		     62509		750.50
8999	1688027856	3600		261.70		     89797		752.50
8999	1688031456	3600		261.41		    100943		734.00
8999	1688035056	3600		261.53		    159168		742.00
8999	1688038656	3600		261.59		    161058		742.00
8999	1688042256	3600		261.59		    160211		747.00
8999	1688045856	3600		261.59		    161855		745.00
8999	1688049456	3600		261.59		    160179		744.00
8999	1688053056	3600		261.59		    121462		746.50
8999	1688056656	3600		261.59		    125760		749.00
8999	1688060256	3600		261.71		     86928		756.00
8999	1688062778	2522		261.41		    144619		732.00
-999	1688063978	1200		258.17		         0		-999.00
-999	1688067578	3600		258.40		         0		-999.00
-999	1688071178	3600		258.39		         0		-999.00
-999	1688074778	3600		258.39		         0		-999.00
-999	1688078378	3600		258.39		         0		-999.00
-999	1688081978	3600		258.35		         0		-999.00
-999	1688085578	3600		258.42		         0		-999.00
-999	1688089178	3600		258.36		         0		-999.00
-999	1688092778	3600		258.41		         0		-999.00
-999	1688096378	3600		258.35		         0		-999.00
-999	1688099978	3600		258.46		         0		-999.00
-999	1688103578	3600		258.40		         0		-999.00
-999	1688107178	3600		258.41		         0		-999.00
-999	1688110778	3600		258.41		         0		-999.00
-999	1688114378	3600		258.35		         0		-999.00
-999	1688062778	-51600		258.51		         0		-999.00
9007	1688117751	1200		261.92		  10457668		752.00
9007	1688121351	3600		261.91		  10032891		755.50
9007	1688124951	3600		261.92		   9700851		751.00
9007	1688128551	3600		261.90		   9312068		752.50
9007	1688132151	3600		262.18		  17403916		763.00
9007	1688135751	3600		262.30		  21474401		769.50
9007	1688139351	3600		261.98		  15897893		735.00
9007	1688142951	3600		261.83		  11020481		741.00
9007	1688146551	3600		262.24		  18261416		769.00
9007	1688148718	2167		262.25		  18549150		764.00
-999	1688149918	1200		258.38		         0		-999.00
-999	1688153518	3600		258.46		         0		-999.00
-999	1688157118	3600		258.40		         0		-999.00
-999	1688160718	3600		258.40		         0		-999.00
-999	1688164318	3600		258.40		         0		-999.00
-999	1688167918	3600		258.41		         0		-999.00
-999	1688171518	3600		258.43		         0		-999.00
-999	1688175118	3600		258.34		         0		-999.00
-999	1688178718	3600		258.39		         0		-999.00
-999	1688182318	3600		258.39		         0		-999.00
-999	1688185918	3600		258.39		         0		-999.00
-999	1688148718	-37200		258.44		         0		-999.00
-999	1688189660	1200		261.48		         0		-999.00
-999	1688193260	3600		261.28		         0		-999.00
-999	1688196860	3600		261.35		         0		-999.00
-999	1688200460	3600		261.40		         0		-999.00
-999	1688204060	3600		261.37		         0		-999.00
-999	1688188460	-15600		261.36		         0		-999.00
9016	1688208367	1200		261.62		   3072303		743.00
9016	1688211967	3600		261.82		   6043389		755.00
9016	1688215284	3317		261.90		   8764826		753.00
-999	1688216484	1200		258.33		         0		-999.00
-999	1688220084	3600		258.28		         0		-999.00
-999	1688215284	-4800		258.43		         0		-999.00
9017	1688223882	1200		262.48		  24979134		779.00
9017	1688227482	3600		263.27		  47485276		798.00
9017	1688231082	3600		263.54		  55371599		804.50
9017	1688234682	3600		263.54		  55522666		805.00
9017	1688238282	3600		263.52		  54910173		807.00
9017	1688241812	3530		263.50		  54137747		801.00
-999	1688243012	1200		258.21		         0		-999.00
-999	1688246612	3600		258.35		         0		-999.00
-999	1688250212	3600		258.41		         0		-999.00
-999	1688253812	3600		258.43		         0		-999.00
-999	1688257412	3600		258.44		         0		-999.00
-999	1688241812	-15600		258.45		         0		-999.00
9019	1688262192	1200		264.26		  80255567		822.50
9019	1688265792	3600		264.35		  97916812		736.50
9019	1688269392	3600		261.65		   2084045		753.50
9019	1688272992	3600		261.65		   2065192		749.50
9019	1688276592	3600		261.65		   2058908		752.50
9019	1688280192	3600		265.35		 104450875		877.50
9019	1688283792	3600		265.87		 123986045		876.50
9019	1688285431	1639		265.86		 123545631		880.50
-999	1688286631	1200		261.72		         0		-999.00
-999	1688290231	3600		258.38		         0		-999.00
-999	1688293831	3600		261.50		         0		-999.00
-999	1688297431	3600		261.50		         0		-999.00
-999	1688301031	3600		258.45		         0		-999.00
-999	1688304631	3600		258.39		         0		-999.00
-999	1688285431	-19200		258.41		         0		-999.00
9022	1688308853	1200		263.99		  67664237		840.50
9022	1688312453	3600		266.57		 139973920		930.50
9022	1688316053	3600		267.54		 174149204		928.50
9022	1688319653	3600		267.56		 174651796		934.50
9022	1688323253	3600		267.16		 162797538		923.50
9022	1688326095	2842		266.77		 149996569		916.50
-999	1688327295	1200		258.32		         0		-999.00
-999	1688330895	3600		258.33		         0		-999.00
-999	1688334495	3600		258.35		         0		-999.00
-999	1688326095	-8400		258.37		         0		-999.00
9023	1688336338	1200		265.26		 103625822		892.00
9023	1688339938	3600		268.68		 199085776		1029.00
9023	1688343538	3600		271.18		 279962633		1054.00
9023	1688347138	3600		268.28		 202917959		927.50
9023	1688347681	543		266.17		 143549300		847.50
-999	1688348881	1200		261.52		         0		-999.00
-999	1688352481	3600		261.63		         0		-999.00
-999	1688356081	3600		261.57		         0		-999.00
-999	1688359681	3600		261.39		         0		-999.00
-999	1688363281	3600		261.34		         0		-999.00
-999	1688366881	3600		261.51		         0		-999.00
-999	1688370481	3600		261.54		         0		-999.00
-999	1688374081	3600		260.87		         0		-999.00
-999	1688377681	3600		261.21		         0		-999.00
-999	1688381281	3600		258.19		         0		-999.00
-999	1688384881	3600		258.38		         0		-999.00
-999	1688388481	3600		258.35		         0		-999.00
-999	1688392081	3600		258.35		         0		-999.00
-999	1688395681	3600		258.35		         0		-999.00
-999	1688399281	3600		258.35		         0		-999.00
-999	1688402881	3600		258.40		         0		-999.00
-999	1688406481	3600		258.40		         0		-999.00
-999	1688410081	3600		258.40		         0		-999.00
-999	1688413681	3600		258.40		         0		-999.00
-999	1688417281	3600		258.42		         0		-999.00
-999	1688347681	-69600		258.45		         0		-999.00
9029	1688420996	1200		266.48		 172580950		750.00
9029	1688424596	3600		267.35		 165860541		936.50
9029	1688428196	3600		270.40		 246508044		1121.00
9029	1688431796	3600		271.26		 328981469		788.50
9029	1688435396	3600		271.70		 313513419		968.50
9029	1688438996	3600		266.55		 124503247		1094.00
9029	1688442596	3600		269.98		 238906032		1083.00
9029	1688446196	3600		270.72		 267180558		1064.00
9029	1688449796	3600		269.98		 246485768		1043.00
9029	1688453396	3600		269.28		 223110592		1026.00
9029	1688456996	3600		268.68		 207235172		1002.00
9029	1688460596	3600		268.18		 190515517		994.00
9029	1688464196	3600		267.72		 177254504		989.50
9029	1688467666	3470		267.28		 164437409		974.00
-999	1688468866	1200		258.35		         0		-999.00
-999	1688472466	3600		258.35		         0		-999.00
-999	1688476066	3600		258.38		         0		-999.00
-999	1688479666	3600		258.27		         0		-999.00
-999	1688467666	-12000		258.23		         0		-999.00
9031	1688483785	1200		267.01		 157104062		975.50
9031	1688487385	3600		270.63		 255266148		1125.00
9031	1688490985	3600		273.07		 334585407		1146.00
9031	1688494585	3600		273.10		 335547251		1162.00
9031	1688498185	3600		271.18		 325089472		822.50
9031	1688501785	3600		271.64		 298093841		1099.00
9031	1688505385	3600		270.78		 269443266		1087.00
9031	1688508985	3600		270.00		 245587514		1065.00
9031	1688512585	3600		269.36		 227813974		1046.00
9031	1688516185	3600		268.78		 208375824		1039.00
9031	1688519785	3600		268.30		 194612640		1024.00
9031	1688523385	3600		267.83		 180368633		1007.00
9031	1688526985	3600		267.35		 166517367		997.50
9031	1688530516	3531		266.59		 149955666		968.50
-999	1688531716	1200		261.61		         0		-999.00
-999	1688535316	3600		257.73		         0		-999.00
-999	1688538916	3600		258.42		         0		-999.00
-999	1688542516	3600		258.42		         0		-999.00
-999	1688546116	3600		258.42		         0		-999.00
-999	1688530516	-15600		258.10		         0		-999.00
9035	1688549026	1200		266.87		 146746344		1000.50
9035	1688552626	3600		271.70		 290654960		1168.00
9035	1688556226	3600		272.90		 330501255		1172.00
9035	1688559826	3600		272.83		 328131146		1184.00
9035	1688563426	3600		272.60		 320461319		1161.00
9035	1688567026	3600		271.89		 300895894		1137.00
9035	1688570626	3600		270.98		 275012606		1115.00
9035	1688574226	3600		270.27		 252566181		1099.00
9035	1688577826	3600		269.47		 231962050		1082.00
9035	1688581426	3600		268.82		 214581815		1050.00
9035	1688585026	3600		265.80		 111239808		1047.00
9035	1688588626	3600		268.13		 188671622		1035.00
9035	1688591244	2618		267.64		 174545208		1033.00
-999	1688592444	1200		258.39		         0		-999.00
-999	1688596044	3600		258.19		         0		-999.00
-999	1688591244	-4800		258.21		         0		-999.00
9036	1688600261	1200		267.59		 165869626		1039.00
9036	1688603861	3600		271.30		 273651631		1196.00
9036	1688607461	3600		273.26		 342740263		1203.00
9036	1688611061	3600		273.32		 342763369		1201.00
9036	1688614661	3600		273.46		 346707727		1207.00
9036	1688618261	3600		273.39		 345116465		1212.00
9036	1688621861	3600		272.69		 323831143		1192.00
9036	1688625461	3600		271.89		 299204989		1162.00
9036	1688629061	3600		270.97		 272188655		1139.00
9036	1688632661	3600		270.35		 251379598		1128.00
9036	1688636261	3600		269.59		 230162965		1104.00
9036	1688639861	3600		267.91		 214582950		850.50
9036	1688643461	3600		268.56		 201416737		1072.00
9036	1688645615	2154		258.23		 186633004		 10.50
-999	1688646815	1200		258.47		         0		-999.00
-999	1688650415	3600		258.63		         0		-999.00
-999	1688654015	3600		258.34		         0		-999.00
-999	1688657615	3600		258.35		         0		-999.00
-999	1688661215	3600		258.40		         0		-999.00
-999	1688664815	3600		258.37		         0		-999.00
-999	1688668415	3600		258.37		         0		-999.00
-999	1688672015	3600		261.57		         0		-999.00
-999	1688675615	3600		261.71		         0		-999.00
-999	1688679215	3600		261.71		         0		-999.00
-999	1688682815	3600		261.71		         0		-999.00
-999	1688686415	3600		261.71		         0		-999.00
-999	1688690015	3600		258.61		         0		-999.00
-999	1688693615	3600		258.16		         0		-999.00
-999	1688697215	3600		258.40		         0		-999.00
-999	1688700815	3600		258.38		         0		-999.00
-999	1688704415	3600		258.42		         0		-999.00
-999	1688708015	3600		261.67		         0		-999.00
-999	1688711615	3600		258.44		         0		-999.00
-999	1688715215	3600		258.28		         0		-999.00
-999	1688718815	3600		258.47		         0		-999.00
-999	1688645615	-73200		258.23		         0		-999.00
9043	1688722142	1200		268.00		 174894588		1058.00
9043	1688725742	3600		272.66		 314173843		1202.00
9043	1688729342	3600		273.53		 345178974		1190.00
9043	1688732942	3600		273.50		 342343590		1219.00
9043	1688736542	3600		273.45		 343064166		1208.00
9043	1688740142	3600		273.30		 337941472		1206.00
9043	1688743742	3600		272.70		 320047601		1190.00
9043	1688747342	3600		271.87		 294638590		1169.00
9043	1688750942	3600		271.00		 267743700		1145.00
9043	1688754542	3600		270.32		 248864871		1126.00
9043	1688758142	3600		269.66		 229753004		1100.00
9043	1688761742	3600		269.06		 211497853		1090.00
9043	1688765342	3600		268.61		 196470307		1078.00
9043	1688768942	3600		268.19		 184218845		1059.00
9043	1688772542	3600		267.73		 170852092		1056.00
9043	1688773857	1315		267.58		 165862609		1047.00
-999	1688775057	1200		258.19		         0		-999.00
-999	1688778657	3600		258.55		         0		-999.00
-999	1688773857	-4800		258.19		         0		-999.00
9044	1688783203	1200		267.25		 156190480		1065.00
9044	1688786803	3600		271.83		 291544463		1237.00
9044	1688790403	3600		273.36		 344625485		1236.00
9044	1688794003	3600		273.29		 342056959		1238.00
9044	1688797603	3600		273.11		 343969844		1223.00
9044	1688801203	3600		273.29		 344037077		1240.00
9044	1688804803	3600		272.37		 315353483		1220.00
9044	1688808403	3600		271.42		 291580956		1179.00
9044	1688812003	3600		270.83		 268372020		1177.00
9044	1688815603	3600		270.08		 247856909		1145.00
9044	1688819203	3600		269.42		 227759264		1126.00
9044	1688822803	3600		268.96		 212482308		1112.00
9044	1688826403	3600		268.36		 196430638		1103.00
9044	1688830003	3600		267.92		 183858559		1082.00
9044	1688830916	913		267.92		 181768306		1094.00
-999	1688832116	1200		258.16		         0		-999.00
-999	1688835716	3600		258.43		         0		-999.00
-999	1688830916	-4800		258.39		         0		-999.00
9045	1688839227	1200		266.27		 167113419		840.50
9045	1688842827	3600		272.46		 314530192		1261.00
9045	1688846427	3600		273.24		 342372938		1250.00
9045	1688850027	3600		273.36		 344471356		1276.00
9045	1688853627	3600		273.30		 342611208		1263.00
9045	1688857227	3600		272.67		 325429729		1236.00
9045	1688860827	3600		271.63		 295071143		1209.00
9045	1688864427	3600		270.87		 271691752		1192.00
9045	1688868027	3600		270.11		 247906391		1162.00
9045	1688871627	3600		269.46		 228345859		1159.00
9045	1688875227	3600		268.86		 212206671		1134.00
9045	1688878827	3600		268.34		 195072249		1110.00
9045	1688882427	3600		267.85		 182438649		1097.00
9045	1688886027	3600		267.45		 168872944		1081.00
9045	1688886517	490		267.19		 160442636		1077.00
-999	1688887717	1200		258.39		         0		-999.00
-999	1688891317	3600		258.37		         0		-999.00
-999	1688886517	-4800		258.22		         0		-999.00
9046	1688894190	1200		267.78		 165610805		1112.00
9046	1688897790	3600		272.67		 315201821		1278.00
9046	1688901390	3600		273.55		 342470865		1276.00
9046	1688904990	3600		273.56		 342775736		1274.00
9046	1688908590	3600		273.58		 343391135		1297.00
9046	1688910657	2067		273.29		 335750961		1275.00
-999	1688911857	1200		261.49		         0		-999.00
-999	1688915457	3600		258.54		         0		-999.00
-999	1688919057	3600		258.43		         0		-999.00
-999	1688910657	-8400		260.04		         0		-999.00
9049	1688923677	1200		267.68		 170517291		1126.00
9049	1688927277	3600		272.40		 312189093		1277.00
9049	1688930877	3600		273.47		 344734296		1300.00
9049	1688934477	3600		271.75		 343657178		908.00
9049	1688938077	3600		273.25		 340408034		1266.00
9049	1688941677	3600		272.60		 323286652		1229.00
9049	1688945277	3600		271.60		 293349626		1208.00
9049	1688948877	3600		270.82		 269916473		1189.00
9049	1688952477	3600		270.06		 246449444		1171.00
9049	1688953274	797		269.61		 231432704		1168.00
-999	1688954474	1200		261.41		         0		-999.00
-999	1688958074	3600		261.56		         0		-999.00
-999	1688961674	3600		258.32		         0		-999.00
-999	1688965274	3600		261.53		         0		-999.00
-999	1688968874	3600		261.65		         0		-999.00
-999	1688972474	3600		261.64		         0		-999.00
-999	1688976074	3600		258.23		         0		-999.00
-999	1688979674	3600		258.38		         0		-999.00
-999	1688983274	3600		258.38		         0		-999.00
-999	1688953274	-30000		259.67		         0		-999.00
9050	1688986128	1200		267.22		 157754801		1104.00
9050	1688989728	3600		272.09		 301768082		1268.00
9050	1688993328	3600		272.96		 332984428		1278.00
9050	1688996928	3600		272.87		 331568143		1274.00
9050	1689000528	3600		272.90		 332369770		1286.00
9050	1689004128	3600		272.44		 319834835		1258.00
9050	1689005261	1133		272.51		 315681232		1268.00
-999	1689006461	1200		261.52		         0		-999.00
-999	1689010061	3600		261.60		         0		-999.00
-999	1689013661	3600		261.60		         0		-999.00
-999	1689017261	3600		261.60		         0		-999.00
-999	1689020861	3600		258.19		         0		-999.00
-999	1689024461	3600		261.57		         0		-999.00
-999	1689028061	3600		258.38		         0		-999.00
-999	1689031661	3600		258.37		         0		-999.00
-999	1689035261	3600		258.37		         0		-999.00
-999	1689005261	-30000		258.48		         0		-999.00
9055	1689039570	1200		267.69		 171393498		1120.00
9055	1689041196	1626		270.16		 269943523		979.50
-999	1689042396	1200		261.50		         0		-999.00
-999	1689045996	3600		261.62		         0		-999.00
-999	1689049596	3600		258.26		         0		-999.00
-999	1689041196	-8400		258.28		         0		-999.00
-999	1689055150	1200		261.63		         0		-999.00
-999	1689058750	3600		258.43		         0		-999.00
-999	1689053950	-4800		258.50		         0		-999.00
9057	1689062264	1200		267.73		 170972758		1137.00
9057	1689065864	3600		272.11		 302518583		1288.00
9057	1689069464	3600		273.26		 342989637		1288.00
9057	1689073064	3600		273.30		 343218693		1308.00
9057	1689076664	3600		273.28		 344784232		1292.00
9057	1689080264	3600		272.33		 320120578		1257.00
9057	1689083864	3600		271.46		 291047139		1231.00
9057	1689087464	3600		270.77		 267939339		1213.00
9057	1689091064	3600		269.91		 244284434		1199.00
9057	1689094607	3543		269.43		 228285230		1172.00
-999	1689095807	1200		261.49		         0		-999.00
-999	1689099407	3600		258.41		         0		-999.00
-999	1689103007	3600		261.53		         0		-999.00
-999	1689106607	3600		258.15		         0		-999.00
-999	1689110207	3600		258.38		         0		-999.00
-999	1689094607	-15600		259.58		         0		-999.00
9059	1689113692	1200		267.58		 165654581		1142.00
9059	1689117292	3600		272.44		 313473200		1305.00
9059	1689120072	2780		273.22		 341476977		1310.00
-999	1689121272	1200		261.37		         0		-999.00
-999	1689124872	3600		261.60		         0		-999.00
-999	1689128472	3600		261.60		         0		-999.00
-999	1689132072	3600		258.06		         0		-999.00
-999	1689135672	3600		258.41		         0		-999.00
-999	1689139272	3600		258.38		         0		-999.00
-999	1689142872	3600		258.50		         0		-999.00
-999	1689146472	3600		258.38		         0		-999.00
-999	1689150072	3600		258.38		         0		-999.00
-999	1689153672	3600		258.34		         0		-999.00
-999	1689157272	3600		258.38		         0		-999.00
-999	1689120072	-37200		259.97		         0		-999.00
9062	1689159403	1200		267.84		 178027213		1124.00
9062	1689163003	3600		272.25		 309049217		1286.00
9062	1689166399	3396		273.33		 345058424		1292.00
-999	1689167599	1200		261.61		         0		-999.00
-999	1689171199	3600		258.33		         0		-999.00
-999	1689174799	3600		258.40		         0		-999.00
-999	1689166399	-8400		260.03		         0		-999.00
9063	1689177517	1200		267.63		 167766862		1146.00
9063	1689181117	3600		272.52		 316138184		1305.00
9063	1689184717	3600		273.34		 342645138		1313.00
9063	1689188317	3600		273.36		 345495105		1301.00
9063	1689191917	3600		273.24		 343336402		1310.00
9063	1689195517	3600		273.06		 337281661		1305.00
9063	1689199117	3600		272.10		 309044434		1269.00
9063	1689202717	3600		271.31		 284586319		1251.00
9063	1689206317	3600		270.50		 259609111		1219.00
9063	1689209917	3600		269.85		 240041086		1197.00
9063	1689213517	3600		269.23		 223370864		1190.00
9063	1689217117	3600		268.70		 205784852		1174.00
9063	1689220717	3600		268.23		 192252088		1157.00
9063	1689224317	3600		267.81		 178051673		1140.00
9063	1689227917	3600		267.35		 166572883		1124.00
9063	1689231517	3600		266.98		 154269781		1109.00
9063	1689235117	3600		266.56		 144016681		1100.00
9063	1689238717	3600		266.30		 135615028		1083.00
9063	1689242317	3600		266.03		 126534135		1080.00
9063	1689245917	3600		264.98		 119681699		907.00
9063	1689248165	2248		258.22		 106467976		 10.00
-999	1689249365	1200		261.53		         0		-999.00
-999	1689252965	3600		261.60		         0		-999.00
-999	1689256565	3600		258.54		         0		-999.00
-999	1689260165	3600		258.28		         0		-999.00
-999	1689263765	3600		258.35		         0		-999.00
-999	1689267365	3600		258.41		         0		-999.00
-999	1689270965	3600		258.47		         0		-999.00
-999	1689274565	3600		258.47		         0		-999.00
-999	1689278165	3600		258.39		         0		-999.00
-999	1689281765	3600		258.35		         0		-999.00
-999	1689285365	3600		258.37		         0		-999.00
-999	1689288965	3600		258.37		         0		-999.00
-999	1689292565	3600		258.37		         0		-999.00
-999	1689296165	3600		258.40		         0		-999.00
-999	1689299765	3600		258.47		         0		-999.00
-999	1689303365	3600		258.41		         0		-999.00
-999	1689306965	3600		258.41		         0		-999.00
-999	1689310565	3600		258.44		         0		-999.00
-999	1689248165	-62400		258.34		         0		-999.00
9066	1689314414	1200		264.68		 100369272		906.50
9066	1689317430	3016		270.51		 261637711		1214.00
-999	1689318630	1200		261.57		         0		-999.00
-999	1689322230	3600		261.63		         0		-999.00
-999	1689325830	3600		261.62		         0		-999.00
-999	1689329430	3600		261.38		         0		-999.00
-999	1689333030	3600		261.64		         0		-999.00
-999	1689336630	3600		261.64		         0		-999.00
-999	1689340230	3600		261.58		         0		-999.00
-999	1689343830	3600		261.66		         0		-999.00
-999	1689347430	3600		261.40		         0		-999.00
-999	1689351030	3600		261.56		         0		-999.00
-999	1689354630	3600		261.56		         0		-999.00
-999	1689358230	3600		261.67		         0		-999.00
-999	1689361830	3600		261.67		         0		-999.00
-999	1689365430	3600		261.67		         0		-999.00
-999	1689369030	3600		258.49		         0		-999.00
-999	1689372630	3600		258.44		         0		-999.00
-999	1689317430	-55200		259.66		         0		-999.00
9067	1689377393	1200		267.29		 161104669		1138.00
9067	1689379019	1626		270.79		 261693402		1265.00
-999	1689380219	1200		261.57		         0		-999.00
-999	1689383819	3600		258.34		         0		-999.00
-999	1689387419	3600		258.40		         0		-999.00
-999	1689379019	-8400		259.88		         0		-999.00
9068	1689391990	1200		267.69		 167564903		1185.00
9068	1689395590	3600		272.35		 313481137		1307.00
9068	1689399190	3600		273.26		 340678604		1318.00
9068	1689400617	1427		273.11		 335699292		1315.00
-999	1689401817	1200		258.19		         0		-999.00
-999	1689405417	3600		261.61		         0		-999.00
-999	1689409017	3600		261.72		         0		-999.00
-999	1689412617	3600		261.50		         0		-999.00
-999	1689416217	3600		258.21		         0		-999.00
-999	1689419817	3600		261.44		         0		-999.00
-999	1689423417	3600		258.12		         0		-999.00
-999	1689427017	3600		258.36		         0		-999.00
-999	1689430617	3600		258.33		         0		-999.00
-999	1689434217	3600		258.43		         0		-999.00
-999	1689400617	-33600		258.27		         0		-999.00
9070	1689435609	1200		267.71		 170325644		1165.00
9070	1689439209	3600		272.28		 307280227		1322.00
9070	1689442809	3600		273.36		 343195734		1331.00
9070	1689446409	3600		273.44		 345883700		1335.00
9070	1689450009	3600		273.40		 344803232		1344.00
9070	1689453609	3600		273.30		 342099178		1353.00
9070	1689457209	3600		272.80		 328520684		1304.00
9070	1689460809	3600		271.80		 297325237		1285.00
9070	1689464409	3600		271.00		 274324605		1266.00
9070	1689468009	3600		270.17		 250676364		1222.00
9070	1689471609	3600		269.75		 236347928		1223.00
9070	1689475209	3600		268.98		 213974197		1193.00
9070	1689476144	935		268.65		 203142739		1189.00
-999	1689477344	1200		261.46		         0		-999.00
-999	1689480944	3600		261.38		         0		-999.00
-999	1689484544	3600		261.38		         0		-999.00
-999	1689476144	-8400		262.50		         0		-999.00
9072	1689488319	1200		268.08		 179006445		1211.00
9072	1689491919	3600		272.50		 316682491		1347.00
9072	1689495519	3600		273.29		 343017594		1348.00
9072	1689499119	3600		273.37		 345601421		1369.00
9072	1689502719	3600		273.31		 343579619		1368.00
9072	1689506319	3600		273.25		 341542750		1364.00
9072	1689509919	3600		273.12		 338914557		1351.00
9072	1689513519	3600		272.29		 313198922		1332.00
9072	1689517119	3600		271.36		 287530835		1278.00
9072	1689520719	3600		270.64		 261118668		1285.00
9072	1689524319	3600		268.78		 241566109		956.50
9072	1689527919	3600		269.30		 222421346		1225.00
9072	1689531519	3600		268.65		 204807222		1208.00
9072	1689532104	585		268.32		 193751552		1198.00
-999	1689533304	1200		258.16		         0		-999.00
-999	1689536904	3600		258.41		         0		-999.00
-999	1689540504	3600		258.41		         0		-999.00
-999	1689532104	-8400		258.38		         0		-999.00
-999	1689542420	1200		261.40		         0		-999.00
-999	1689546020	3600		261.58		         0		-999.00
-999	1689549620	3600		261.58		         0		-999.00
-999	1689553220	3600		261.58		         0		-999.00
-999	1689556820	3600		261.64		         0		-999.00
-999	1689560420	3600		261.58		         0		-999.00
-999	1689564020	3600		261.64		         0		-999.00
-999	1689567620	3600		261.61		         0		-999.00
-999	1689571220	3600		261.56		         0		-999.00
-999	1689574820	3600		258.16		         0		-999.00
-999	1689578420	3600		258.38		         0		-999.00
-999	1689582020	3600		261.56		         0		-999.00
-999	1689585620	3600		261.38		         0		-999.00
-999	1689589220	3600		261.61		         0		-999.00
-999	1689592820	3600		261.61		         0		-999.00
-999	1689596420	3600		261.65		         0		-999.00
-999	1689600020	3600		261.43		         0		-999.00
-999	1689603620	3600		261.61		         0		-999.00
-999	1689607220	3600		261.44		         0		-999.00
-999	1689610820	3600		261.58		         0		-999.00
-999	1689614420	3600		261.52		         0		-999.00
-999	1689618020	3600		261.58		         0		-999.00
-999	1689621620	3600		261.57		         0		-999.00
-999	1689625220	3600		261.59		         0		-999.00
-999	1689628820	3600		261.59		         0		-999.00
-999	1689632420	3600		261.59		         0		-999.00
-999	1689636020	3600		261.59		         0		-999.00
-999	1689639620	3600		261.59		         0		-999.00
-999	1689643220	3600		261.55		         0		-999.00
-999	1689646820	3600		261.55		         0		-999.00
-999	1689650420	3600		261.55		         0		-999.00
-999	1689654020	3600		261.55		         0		-999.00
-999	1689657620	3600		261.67		         0		-999.00
-999	1689661220	3600		261.65		         0		-999.00
-999	1689664820	3600		258.35		         0		-999.00
-999	1689668420	3600		258.30		         0		-999.00
-999	1689672020	3600		258.50		         0		-999.00
-999	1689675620	3600		261.27		         0		-999.00
-999	1689679220	3600		261.59		         0		-999.00
-999	1689682820	3600		261.61		         0		-999.00
-999	1689686420	3600		261.61		         0		-999.00
-999	1689690020	3600		261.61		         0		-999.00
-999	1689693620	3600		261.61		         0		-999.00
-999	1689697220	3600		261.61		         0		-999.00
-999	1689700820	3600		261.59		         0		-999.00
-999	1689704420	3600		261.59		         0		-999.00
-999	1689708020	3600		261.59		         0		-999.00
-999	1689711620	3600		261.59		         0		-999.00
-999	1689715220	3600		261.59		         0		-999.00
-999	1689718820	3600		261.59		         0		-999.00
-999	1689722420	3600		261.61		         0		-999.00
-999	1689726020	3600		261.61		         0		-999.00
-999	1689729620	3600		261.61		         0		-999.00
-999	1689733220	3600		261.61		         0		-999.00
-999	1689736820	3600		261.61		         0		-999.00
-999	1689740420	3600		261.61		         0		-999.00
-999	1689744020	3600		261.57		         0		-999.00
-999	1689747620	3600		261.67		         0		-999.00
-999	1689751220	3600		261.55		         0		-999.00
-999	1689754820	3600		261.63		         0		-999.00
-999	1689758420	3600		261.69		         0		-999.00
-999	1689762020	3600		261.56		         0		-999.00
-999	1689765620	3600		261.62		         0		-999.00
-999	1689769220	3600		261.38		         0		-999.00
-999	1689772820	3600		261.74		         0		-999.00
-999	1689776420	3600		261.50		         0		-999.00
-999	1689780020	3600		261.66		         0		-999.00
-999	1689783620	3600		261.66		         0		-999.00
-999	1689787220	3600		261.66		         0		-999.00
-999	1689790820	3600		261.66		         0		-999.00
-999	1689794420	3600		261.60		         0		-999.00
-999	1689798020	3600		261.60		         0		-999.00
-999	1689801620	3600		261.60		         0		-999.00
-999	1689805220	3600		261.60		         0		-999.00
-999	1689808820	3600		261.60		         0		-999.00
-999	1689812420	3600		261.69		         0		-999.00
-999	1689816020	3600		261.57		         0		-999.00
-999	1689819620	3600		261.58		         0		-999.00
-999	1689823220	3600		261.58		         0		-999.00
-999	1689826820	3600		261.35		         0		-999.00
-999	1689830420	3600		261.57		         0		-999.00
-999	1689834020	3600		261.52		         0		-999.00
-999	1689837620	3600		261.47		         0		-999.00
-999	1689841220	3600		261.47		         0		-999.00
-999	1689844820	3600		261.47		         0		-999.00
-999	1689848420	3600		261.64		         0		-999.00
-999	1689852020	3600		261.29		         0		-999.00
-999	1689855620	3600		261.57		         0		-999.00
-999	1689859220	3600		261.63		         0		-999.00
-999	1689862820	3600		261.69		         0		-999.00
-999	1689866420	3600		261.57		         0		-999.00
-999	1689870020	3600		261.56		         0		-999.00
-999	1689873620	3600		261.57		         0		-999.00
-999	1689877220	3600		261.61		         0		-999.00
-999	1689880820	3600		261.59		         0		-999.00
-999	1689884420	3600		261.59		         0		-999.00
-999	1689888020	3600		261.59		         0		-999.00
-999	1689891620	3600		261.65		         0		-999.00
-999	1689895220	3600		261.59		         0		-999.00
-999	1689898820	3600		261.65		         0		-999.00
-999	1689902420	3600		261.65		         0		-999.00
-999	1689906020	3600		261.65		         0		-999.00
-999	1689909620	3600		261.67		         0		-999.00
-999	1689913220	3600		261.50		         0		-999.00
-999	1689916820	3600		261.61		         0		-999.00
-999	1689920420	3600		261.27		         0		-999.00
-999	1689924020	3600		261.75		         0		-999.00
-999	1689927620	3600		261.64		         0		-999.00
-999	1689931220	3600		261.64		         0		-999.00
-999	1689934820	3600		261.64		         0		-999.00
-999	1689938420	3600		261.54		         0		-999.00
-999	1689942020	3600		261.30		         0		-999.00
-999	1689945620	3600		261.25		         0		-999.00
-999	1689949220	3600		261.52		         0		-999.00
-999	1689952820	3600		261.64		         0		-999.00
-999	1689956420	3600		261.64		         0		-999.00
-999	1689960020	3600		261.62		         0		-999.00
-999	1689963620	3600		261.63		         0		-999.00
-999	1689967220	3600		261.63		         0		-999.00
-999	1689970820	3600		261.63		         0		-999.00
-999	1689974420	3600		261.63		         0		-999.00
-999	1689978020	3600		261.63		         0		-999.00
-999	1689981620	3600		261.63		         0		-999.00
-999	1689985220	3600		261.63		         0		-999.00
-999	1689988820	3600		261.63		         0		-999.00
-999	1689992420	3600		261.63		         0		-999.00
-999	1689996020	3600		261.63		         0		-999.00
-999	1689999620	3600		261.63		         0		-999.00
-999	1690003220	3600		261.59		         0		-999.00
-999	1690006820	3600		261.54		         0		-999.00
-999	1690010420	3600		261.65		         0		-999.00
-999	1690014020	3600		261.65		         0		-999.00
-999	1690017620	3600		261.65		         0		-999.00
-999	1690021220	3600		261.65		         0		-999.00
-999	1690024820	3600		261.65		         0		-999.00
-999	1690028420	3600		261.65		         0		-999.00
-999	1690032020	3600		261.64		         0		-999.00
-999	1690035620	3600		261.65		         0		-999.00
-999	1690039220	3600		261.48		         0		-999.00
-999	1690042820	3600		261.65		         0		-999.00
-999	1690046420	3600		261.65		         0		-999.00
-999	1690050020	3600		261.65		         0		-999.00
-999	1690053620	3600		261.65		         0		-999.00
-999	1690057220	3600		261.65		         0		-999.00
-999	1690060820	3600		261.65		         0		-999.00
-999	1690064420	3600		261.65		         0		-999.00
-999	1690068020	3600		261.65		         0		-999.00
-999	1690071620	3600		261.65		         0		-999.00
-999	1690075220	3600		261.65		         0		-999.00
-999	1690078820	3600		261.70		         0		-999.00
-999	1690082420	3600		261.64		         0		-999.00
-999	1690086020	3600		261.72		         0		-999.00
-999	1690089620	3600		261.65		         0		-999.00
-999	1690093220	3600		261.58		         0		-999.00
-999	1690096820	3600		261.52		         0		-999.00
-999	1690100420	3600		261.52		         0		-999.00
-999	1690104020	3600		261.64		         0		-999.00
-999	1690107620	3600		261.64		         0		-999.00
-999	1690111220	3600		261.64		         0		-999.00
-999	1690114820	3600		261.64		         0		-999.00
-999	1690118420	3600		261.64		         0		-999.00
-999	1690122020	3600		261.64		         0		-999.00
-999	1690125620	3600		261.64		         0		-999.00
-999	1690129220	3600		261.69		         0		-999.00
-999	1690132820	3600		261.64		         0		-999.00
-999	1690136420	3600		261.64		         0		-999.00
-999	1690140020	3600		261.64		         0		-999.00
-999	1690143620	3600		261.64		         0		-999.00
-999	1690147220	3600		261.58		         0		-999.00
-999	1690150820	3600		261.59		         0		-999.00
-999	1690154420	3600		261.64		         0		-999.00
-999	1690158020	3600		261.64		         0		-999.00
-999	1690161620	3600		261.64		         0		-999.00
-999	1690165220	3600		261.58		         0		-999.00
-999	1690168820	3600		261.59		         0		-999.00
-999	1690172420	3600		261.59		         0		-999.00
-999	1690176020	3600		261.59		         0		-999.00
-999	1690179620	3600		261.33		         0		-999.00
-999	1690183220	3600		261.50		         0		-999.00
-999	1690186820	3600		261.50		         0		-999.00
-999	1690190420	3600		261.65		         0		-999.00
-999	1690194020	3600		261.53		         0		-999.00
-999	1690197620	3600		261.65		         0		-999.00
-999	1690201220	3600		261.49		         0		-999.00
-999	1690204820	3600		261.49		         0		-999.00
-999	1690208420	3600		261.39		         0		-999.00
-999	1690212020	3600		261.66		         0		-999.00
-999	1690215620	3600		261.59		         0		-999.00
-999	1690219220	3600		261.59		         0		-999.00
-999	1690222820	3600		261.59		         0		-999.00
-999	1690226420	3600		261.59		         0		-999.00
-999	1690230020	3600		261.59		         0		-999.00
-999	1690233620	3600		261.61		         0		-999.00
-999	1690237220	3600		261.61		         0		-999.00
-999	1690240820	3600		261.61		         0		-999.00
-999	1690244420	3600		261.61		         0		-999.00
-999	1690248020	3600		261.61		         0		-999.00
-999	1690251620	3600		261.61		         0		-999.00
-999	1690255220	3600		261.61		         0		-999.00
-999	1690258820	3600		261.61		         0		-999.00
-999	1690262420	3600		261.61		         0		-999.00
-999	1690266020	3600		261.30		         0		-999.00
-999	1690269620	3600		261.57		         0		-999.00
-999	1690273220	3600		261.57		         0		-999.00
-999	1690276820	3600		261.52		         0		-999.00
-999	1690280420	3600		261.54		         0		-999.00
-999	1690284020	3600		261.39		         0		-999.00
-999	1690287620	3600		261.57		         0		-999.00
-999	1690291220	3600		261.59		         0		-999.00
-999	1690294820	3600		261.39		         0		-999.00
-999	1690298420	3600		261.59		         0		-999.00
-999	1690302020	3600		261.63		         0		-999.00
-999	1690305620	3600		261.63		         0		-999.00
-999	1690309220	3600		261.63		         0		-999.00
-999	1690312820	3600		261.63		         0		-999.00
-999	1690316420	3600		261.63		         0		-999.00
-999	1690320020	3600		261.45		         0		-999.00
-999	1690323620	3600		261.63		         0		-999.00
-999	1690327220	3600		261.58		         0		-999.00
-999	1690330820	3600		261.66		         0		-999.00
-999	1690334420	3600		261.66		         0		-999.00
-999	1690338020	3600		261.66		         0		-999.00
-999	1690341620	3600		261.66		         0		-999.00
-999	1690345220	3600		261.66		         0		-999.00
-999	1690348820	3600		261.66		         0		-999.00
-999	1690352420	3600		261.72		         0		-999.00
-999	1690356020	3600		261.40		         0		-999.00
-999	1690359620	3600		261.74		         0		-999.00
-999	1690363220	3600		261.68		         0		-999.00
-999	1690366820	3600		261.63		         0		-999.00
-999	1690370420	3600		261.45		         0		-999.00
-999	1690374020	3600		261.38		         0		-999.00
-999	1690377620	3600		261.61		         0		-999.00
-999	1690381220	3600		261.30		         0		-999.00
-999	1690384820	3600		261.55		         0		-999.00
-999	1690388420	3600		261.70		         0		-999.00
-999	1690392020	3600		261.70		         0		-999.00
-999	1690395620	3600		261.65		         0		-999.00
-999	1690399220	3600		261.70		         0		-999.00
-999	1690402820	3600		261.65		         0		-999.00
-999	1690406420	3600		261.65		         0		-999.00
-999	1690410020	3600		261.71		         0		-999.00
-999	1690413620	3600		261.67		         0		-999.00
-999	1690417220	3600		261.72		         0		-999.00
-999	1690420820	3600		261.72		         0		-999.00
-999	1690424420	3600		261.67		         0		-999.00
-999	1690428020	3600		261.72		         0		-999.00
-999	1690431620	3600		261.72		         0		-999.00
-999	1690435220	3600		261.72		         0		-999.00
-999	1690438820	3600		261.50		         0		-999.00
-999	1690442420	3600		261.76		         0		-999.00
-999	1690446020	3600		261.73		         0		-999.00
-999	1690449620	3600		261.61		         0		-999.00
-999	1690453220	3600		261.72		         0		-999.00
-999	1690456820	3600		261.72		         0		-999.00
-999	1690460420	3600		261.69		         0		-999.00
-999	1690464020	3600		261.70		         0		-999.00
-999	1690467620	3600		255.80		         0		-999.00
-999	1690471220	3600		267.24		         0		-999.00
-999	1690474820	3600		272.25		         0		-999.00
-999	1690478420	3600		272.36		         0		-999.00
-999	1690482020	3600		272.50		         0		-999.00
-999	1690485620	3600		272.44		         0		-999.00
-999	1690489220	3600		272.54		         0		-999.00
-999	1690492820	3600		272.60		         0		-999.00
-999	1690496420	3600		272.60		         0		-999.00
-999	1690500020	3600		272.60		         0		-999.00
-999	1690503620	3600		272.60		         0		-999.00
-999	1690507220	3600		272.60		         0		-999.00
-999	1690510820	3600		272.60		         0		-999.00
-999	1690514420	3600		272.60		         0		-999.00
-999	1690518020	3600		272.60		         0		-999.00
-999	1690521620	3600		274.36		         0		-999.00
-999	1690525220	3600		276.79		         0		-999.00
-999	1690528820	3600		276.85		         0		-999.00
-999	1690532420	3600		276.97		         0		-999.00
-999	1690536020	3600		276.97		         0		-999.00
-999	1690539620	3600		276.97		         0		-999.00
-999	1690543220	3600		276.97		         0		-999.00
-999	1690546820	3600		276.97		         0		-999.00
-999	1690550420	3600		276.97		         0		-999.00
-999	1690554020	3600		276.97		         0		-999.00
-999	1690557620	3600		276.97		         0		-999.00
-999	1690561220	3600		276.97		         0		-999.00
-999	1690564820	3600		276.97		         0		-999.00
-999	1690568420	3600		276.97		         0		-999.00
-999	1690572020	3600		276.97		         0		-999.00
-999	1690575620	3600		276.97		         0		-999.00
-999	1690579220	3600		276.97		         0		-999.00
-999	1690582820	3600		276.97		         0		-999.00
-999	1690586420	3600		276.97		         0		-999.00
-999	1690590020	3600		276.97		         0		-999.00
-999	1690593620	3600		276.97		         0		-999.00
-999	1690597220	3600		276.97		         0		-999.00
-999	1690600820	3600		276.97		         0		-999.00
-999	1690604420	3600		276.97		         0		-999.00
-999	1690608020	3600		276.97		         0		-999.00
-999	1690611620	3600		276.97		         0		-999.00
-999	1690615220	3600		276.97		         0		-999.00
-999	1690618820	3600		276.97		         0		-999.00
-999	1690622420	3600		276.97		         0		-999.00
-999	1690626020	3600		276.97		         0		-999.00
-999	1690629620	3600		276.97		         0		-999.00
-999	1690633220	3600		276.97		         0		-999.00
-999	1690636820	3600		276.97		         0		-999.00
-999	1690640420	3600		276.92		         0		-999.00
-999	1690644020	3600		276.97		         0		-999.00
-999	1690647620	3600		276.97		         0		-999.00
-999	1690651220	3600		276.97		         0		-999.00
-999	1690654820	3600		276.97		         0		-999.00
-999	1690658420	3600		276.97		         0		-999.00
-999	1690662020	3600		276.92		         0		-999.00
-999	1690665620	3600		276.92		         0		-999.00
-999	1690669220	3600		276.92		         0		-999.00
-999	1690672820	3600		276.97		         0		-999.00
-999	1690676420	3600		276.97		         0		-999.00
-999	1690680020	3600		276.97		         0		-999.00
-999	1690683620	3600		276.97		         0		-999.00
-999	1690687220	3600		276.97		         0		-999.00
-999	1690690820	3600		276.97		         0		-999.00
-999	1690694420	3600		276.97		         0		-999.00
-999	1690698020	3600		276.97		         0		-999.00
-999	1690701620	3600		276.97		         0		-999.00
-999	1690705220	3600		276.87		         0		-999.00
-999	1690708820	3600		276.97		         0		-999.00
-999	1690712420	3600		276.92		         0		-999.00
-999	1690716020	3600		276.97		         0		-999.00
-999	1690719620	3600		276.97		         0		-999.00
-999	1690723220	3600		276.98		         0		-999.00
-999	1690726820	3600		276.93		         0		-999.00
-999	1690730420	3600		276.98		         0		-999.00
-999	1690734020	3600		277.03		         0		-999.00
-999	1690737620	3600		276.92		         0		-999.00
-999	1690741220	3600		276.97		         0		-999.00
-999	1690744820	3600		276.97		         0		-999.00
-999	1690748420	3600		276.92		         0		-999.00
-999	1690752020	3600		276.97		         0		-999.00
-999	1690755620	3600		277.03		         0		-999.00
-999	1690759220	3600		277.03		         0		-999.00
-999	1690762820	3600		277.03		         0		-999.00
-999	1690766420	3600		277.03		         0		-999.00
-999	1690770020	3600		277.03		         0		-999.00
-999	1690773620	3600		276.98		         0		-999.00
-999	1690777220	3600		276.98		         0		-999.00
-999	1690780820	3600		276.98		         0		-999.00
-999	1690784420	3600		276.98		         0		-999.00
-999	1690788020	3600		276.98		         0		-999.00
-999	1690791620	3600		276.98		         0		-999.00
-999	1690795220	3600		276.98		         0		-999.00
-999	1690798820	3600		276.98		         0		-999.00
-999	1690802420	3600		276.98		         0		-999.00
-999	1690806020	3600		276.98		         0		-999.00
-999	1690809620	3600		276.98		         0		-999.00
-999	1690813220	3600		276.98		         0		-999.00
-999	1690816820	3600		276.98		         0		-999.00
-999	1690820420	3600		276.98		         0		-999.00
-999	1690824020	3600		276.98		         0		-999.00
-999	1690827620	3600		276.98		         0		-999.00
-999	1690831220	3600		276.98		         0		-999.00
-999	1690834820	3600		276.98		         0		-999.00
-999	1690838420	3600		276.98		         0		-999.00
-999	1690842020	3600		276.98		         0		-999.00
-999	1690845620	3600		276.98		         0		-999.00
-999	1690849220	3600		276.98		         0		-999.00
-999	1690852820	3600		276.98		         0		-999.00
-999	1690856420	3600		276.98		         0		-999.00
-999	1690860020	3600		276.98		         0		-999.00
-999	1690863620	3600		276.98		         0		-999.00
-999	1690867220	3600		276.98		         0		-999.00
-999	1690870820	3600		276.98		         0		-999.00
-999	1690874420	3600		276.98		         0		-999.00
-999	1690878020	3600		276.98		         0		-999.00
-999	1690881620	3600		276.98		         0		-999.00
-999	1690885220	3600		276.98		         0		-999.00
-999	1690888820	3600		276.98		         0		-999.00
-999	1690892420	3600		276.98		         0		-999.00
-999	1690896020	3600		276.98		         0		-999.00
-999	1690899620	3600		276.98		         0		-999.00
-999	1690903220	3600		276.98		         0		-999.00
-999	1690906820	3600		276.98		         0		-999.00
-999	1690910420	3600		276.98		         0		-999.00
-999	1690914020	3600		276.98		         0		-999.00
-999	1690917620	3600		276.98		         0		-999.00
-999	1690921220	3600		276.98		         0		-999.00
-999	1690924820	3600		276.98		         0		-999.00
-999	1690928420	3600		276.98		         0		-999.00
-999	1690932020	3600		276.98		         0		-999.00
-999	1690935620	3600		276.98		         0		-999.00
-999	1690939220	3600		276.98		         0		-999.00
-999	1690942820	3600		276.98		         0		-999.00
-999	1690946420	3600		276.98		         0		-999.00
-999	1690950020	3600		276.98		         0		-999.00
-999	1690953620	3600		276.98		         0		-999.00
-999	1690957220	3600		276.98		         0		-999.00
-999	1690960820	3600		276.98		         0		-999.00
-999	1690964420	3600		276.98		         0		-999.00
-999	1690968020	3600		276.98		         0		-999.00
-999	1690971620	3600		276.98		         0		-999.00
-999	1690975220	3600		276.98		         0		-999.00
-999	1690978820	3600		276.98		         0		-999.00
-999	1690982420	3600		276.98		         0		-999.00
-999	1690986020	3600		276.98		         0		-999.00
-999	1690989620	3600		276.98		         0		-999.00
-999	1690993220	3600		276.98		         0		-999.00
-999	1690996820	3600		276.98		         0		-999.00
-999	1691000420	3600		276.98		         0		-999.00
-999	1691004020	3600		276.98		         0		-999.00
-999	1691007620	3600		276.98		         0		-999.00
-999	1691011220	3600		276.98		         0		-999.00
-999	1691014820	3600		276.98		         0		-999.00
-999	1691018420	3600		276.98		         0		-999.00
-999	1691022020	3600		276.93		         0		-999.00
-999	1691025620	3600		276.98		         0		-999.00
-999	1691029220	3600		276.98		         0		-999.00
-999	1691032820	3600		276.87		         0		-999.00
-999	1691036420	3600		276.97		         0		-999.00
-999	1691040020	3600		276.97		         0		-999.00
-999	1691043620	3600		276.97		         0		-999.00
-999	1691047220	3600		276.97		         0		-999.00
-999	1691050820	3600		276.97		         0		-999.00
-999	1691054420	3600		276.97		         0		-999.00
-999	1691058020	3600		276.97		         0		-999.00
-999	1691061620	3600		276.97		         0		-999.00
-999	1691065220	3600		276.97		         0		-999.00
-999	1691068820	3600		276.97		         0		-999.00
-999	1691072420	3600		276.97		         0		-999.00
-999	1691076020	3600		276.97		         0		-999.00
-999	1691079620	3600		276.97		         0		-999.00
-999	1691083220	3600		276.97		         0		-999.00
-999	1691086820	3600		276.97		         0		-999.00
-999	1691090420	3600		276.97		         0		-999.00
-999	1691094020	3600		276.97		         0		-999.00
-999	1691097620	3600		276.97		         0		-999.00
-999	1691101220	3600		276.87		         0		-999.00
-999	1691104820	3600		276.87		         0		-999.00
-999	1691108420	3600		276.97		         0		-999.00
-999	1691112020	3600		276.97		         0		-999.00
-999	1691115620	3600		276.97		         0		-999.00
-999	1691119220	3600		276.97		         0		-999.00
-999	1691122820	3600		276.97		         0		-999.00
-999	1691126420	3600		276.97		         0		-999.00
-999	1691130020	3600		276.97		         0		-999.00
-999	1691133620	3600		276.92		         0		-999.00
-999	1691137220	3600		276.92		         0		-999.00
-999	1691140820	3600		276.97		         0		-999.00
-999	1691144420	3600		276.97		         0		-999.00
-999	1691148020	3600		276.97		         0		-999.00
-999	1691151620	3600		276.97		         0		-999.00
-999	1691155220	3600		276.97		         0		-999.00
-999	1691158820	3600		276.97		         0		-999.00
-999	1691162420	3600		276.97		         0		-999.00
-999	1691166020	3600		276.97		         0		-999.00
-999	1691169620	3600		276.97		         0		-999.00
-999	1691173220	3600		276.97		         0		-999.00
-999	1691176820	3600		276.97		         0		-999.00
-999	1691180420	3600		276.97		         0		-999.00
-999	1691184020	3600		276.97		         0		-999.00
-999	1691187620	3600		276.97		         0		-999.00
-999	1691191220	3600		276.97		         0		-999.00
-999	1691194820	3600		276.97		         0		-999.00
-999	1691198420	3600		276.97		         0		-999.00
-999	1691202020	3600		276.97		         0		-999.00
-999	1691205620	3600		276.97		         0		-999.00
-999	1691209220	3600		276.97		         0		-999.00
-999	1691212820	3600		276.97		         0		-999.00
-999	1691216420	3600		276.97		         0		-999.00
-999	1691220020	3600		276.97		         0		-999.00
-999	1691223620	3600		276.97		         0		-999.00
-999	1691227220	3600		276.97		         0		-999.00
-999	1691230820	3600		276.97		         0		-999.00
-999	1691234420	3600		276.97		         0		-999.00
-999	1691238020	3600		276.97		         0		-999.00
-999	1691241620	3600		276.97		         0		-999.00
-999	1691245220	3600		276.97		         0		-999.00
-999	1691248820	3600		276.97		         0		-999.00
-999	1691252420	3600		276.97		         0		-999.00
-999	1691256020	3600		276.97		         0		-999.00
-999	1691259620	3600		276.97		         0		-999.00
-999	1691263220	3600		276.92		         0		-999.00
-999	1691266820	3600		276.97		         0		-999.00
-999	1691270420	3600		276.92		         0		-999.00
-999	1691274020	3600		276.97		         0		-999.00
-999	1691277620	3600		276.97		         0		-999.00
-999	1691281220	3600		276.97		         0		-999.00
-999	1691284820	3600		276.97		         0		-999.00
-999	1691288420	3600		276.92		         0		-999.00
-999	1691292020	3600		276.97		         0		-999.00
-999	1691295620	3600		276.97		         0		-999.00
-999	1691299220	3600		276.97		         0		-999.00
-999	1691302820	3600		276.97		         0		-999.00
-999	1691306420	3600		276.97		         0		-999.00
-999	1691310020	3600		276.97		         0		-999.00
-999	1691313620	3600		276.97		         0		-999.00
-999	1691317220	3600		276.92		         0		-999.00
-999	1691320820	3600		276.97		         0		-999.00
-999	1691324420	3600		276.97		         0		-999.00
-999	1691328020	3600		276.97		         0		-999.00
-999	1691331620	3600		276.87		         0		-999.00
-999	1691335220	3600		276.87		         0		-999.00
-999	1691338820	3600		276.97		         0		-999.00
-999	1691342420	3600		276.97		         0		-999.00
-999	1691346020	3600		276.97		         0		-999.00
-999	1691349620	3600		276.97		         0		-999.00
-999	1691353220	3600		276.97		         0		-999.00
-999	1691356820	3600		276.97		         0		-999.00
-999	1691360420	3600		276.97		         0		-999.00
-999	1691364020	3600		276.97		         0		-999.00
-999	1691367620	3600		276.87		         0		-999.00
-999	1691371220	3600		276.87		         0		-999.00
-999	1691374820	3600		276.97		         0		-999.00
-999	1691378420	3600		276.97		         0		-999.00
-999	1691382020	3600		276.97		         0		-999.00
-999	1691385620	3600		276.97		         0		-999.00
-999	1691389220	3600		276.97		         0		-999.00
-999	1691392820	3600		276.97		         0		-999.00
-999	1691396420	3600		276.97		         0		-999.00
-999	1691400020	3600		276.97		         0		-999.00
-999	1691403620	3600		276.97		         0		-999.00
-999	1691407220	3600		276.97		         0		-999.00
-999	1691410820	3600		276.97		         0		-999.00
-999	1691414420	3600		276.97		         0		-999.00
-999	1691418020	3600		276.97		         0		-999.00
-999	1691421620	3600		276.97		         0		-999.00
-999	1691425220	3600		276.97		         0		-999.00
-999	1691428820	3600		276.97		         0		-999.00
-999	1691432420	3600		276.97		         0		-999.00
-999	1691436020	3600		276.97		         0		-999.00
-999	1691439620	3600		276.97		         0		-999.00
-999	1691443220	3600		276.92		         0		-999.00
-999	1691446820	3600		276.97		         0		-999.00
-999	1691450420	3600		276.92		         0		-999.00
-999	1691454020	3600		276.92		         0		-999.00
-999	1691457620	3600		276.97		         0		-999.00
-999	1691461220	3600		276.92		         0		-999.00
-999	1691464820	3600		276.97		         0		-999.00
-999	1691468420	3600		276.97		         0		-999.00
-999	1691472020	3600		276.97		         0		-999.00
-999	1691475620	3600		276.97		         0		-999.00
-999	1691479220	3600		276.97		         0		-999.00
-999	1691482820	3600		276.97		         0		-999.00
-999	1691486420	3600		276.97		         0		-999.00
-999	1691490020	3600		276.97		         0		-999.00
-999	1691493620	3600		276.97		         0		-999.00
-999	1691497220	3600		276.97		         0		-999.00
-999	1691500820	3600		276.97		         0		-999.00
-999	1691504420	3600		276.97		         0		-999.00
-999	1691508020	3600		276.97		         0		-999.00
-999	1691511620	3600		276.97		         0		-999.00
-999	1691515220	3600		276.97		         0		-999.00
-999	1691518820	3600		276.97		         0		-999.00
-999	1691522420	3600		276.97		         0		-999.00
-999	1691526020	3600		276.97		         0		-999.00
-999	1691529620	3600		276.97		         0		-999.00
-999	1691533220	3600		276.97		         0		-999.00
-999	1691536820	3600		276.87		         0		-999.00
-999	1691540420	3600		276.97		         0		-999.00
-999	1691544020	3600		276.97		         0		-999.00
-999	1691547620	3600		276.97		         0		-999.00
-999	1691551220	3600		276.97		         0		-999.00
-999	1691554820	3600		276.97		         0		-999.00
-999	1691558420	3600		276.97		         0		-999.00
-999	1691562020	3600		276.97		         0		-999.00
-999	1691565620	3600		276.97		         0		-999.00
-999	1691569220	3600		276.92		         0		-999.00
-999	1691572820	3600		276.92		         0		-999.00
-999	1691576420	3600		276.92		         0		-999.00
-999	1691580020	3600		276.97		         0		-999.00
-999	1691583620	3600		276.97		         0		-999.00
-999	1691587220	3600		276.97		         0		-999.00
-999	1691590820	3600		276.87		         0		-999.00
-999	1691594420	3600		276.87		         0		-999.00
-999	1691598020	3600		276.97		         0		-999.00
-999	1691601620	3600		276.97		         0		-999.00
-999	1691605220	3600		276.97		         0		-999.00
-999	1691608820	3600		276.97		         0		-999.00
-999	1691612420	3600		276.97		         0		-999.00
-999	1691616020	3600		276.97		         0		-999.00
-999	1691619620	3600		276.92		         0		-999.00
-999	1691623220	3600		276.97		         0		-999.00
-999	1691626820	3600		276.97		         0		-999.00
-999	1691630420	3600		276.97		         0		-999.00
-999	1691634020	3600		276.97		         0		-999.00
-999	1691637620	3600		276.97		         0		-999.00
-999	1691641220	3600		276.97		         0		-999.00
-999	1691644820	3600		276.97		         0		-999.00
-999	1691648420	3600		276.97		         0		-999.00
-999	1691652020	3600		276.97		         0		-999.00
-999	1691655620	3600		276.92		         0		-999.00
-999	1691659220	3600		276.97		         0		-999.00
-999	1691662820	3600		276.92		         0		-999.00
-999	1691666420	3600		276.97		         0		-999.00
-999	1691670020	3600		276.97		         0		-999.00
-999	1691673620	3600		276.92		         0		-999.00
-999	1691677220	3600		276.97		         0		-999.00
-999	1691680820	3600		276.97		         0		-999.00
-999	1691684420	3600		276.97		         0		-999.00
-999	1691688020	3600		276.97		         0		-999.00
-999	1691691620	3600		276.97		         0		-999.00
-999	1691695220	3600		276.97		         0		-999.00
-999	1691698820	3600		276.97		         0		-999.00
-999	1691702420	3600		276.97		         0		-999.00
-999	1691706020	3600		276.97		         0		-999.00
-999	1691709620	3600		276.97		         0		-999.00
-999	1691713220	3600		276.97		         0		-999.00
-999	1691716820	3600		276.97		         0		-999.00
-999	1691720420	3600		276.97		         0		-999.00
-999	1691724020	3600		276.97		         0		-999.00
-999	1691727620	3600		276.87		         0		-999.00
-999	1691731220	3600		276.81		         0		-999.00
-999	1691734820	3600		276.76		         0		-999.00
-999	1691738420	3600		276.81		         0		-999.00
-999	1691742020	3600		276.87		         0		-999.00
-999	1691745620	3600		276.87		         0		-999.00
-999	1691749220	3600		276.97		         0		-999.00
-999	1691752820	3600		276.97		         0		-999.00
-999	1691756420	3600		276.97		         0		-999.00
-999	1691760020	3600		276.97		         0		-999.00
-999	1691763620	3600		276.97		         0		-999.00
-999	1691767220	3600		276.92		         0		-999.00
-999	1691770820	3600		276.97		         0		-999.00
-999	1691774420	3600		276.97		         0		-999.00
-999	1691778020	3600		276.97		         0		-999.00
-999	1691781620	3600		276.97		         0		-999.00
-999	1691785220	3600		276.97		         0		-999.00
-999	1691788820	3600		276.97		         0		-999.00
-999	1691792420	3600		276.92		         0		-999.00
-999	1691796020	3600		276.94		         0		-999.00
-999	1691799620	3600		276.94		         0		-999.00
-999	1691803220	3600		276.84		         0		-999.00
-999	1691806820	3600		276.94		         0		-999.00
-999	1691810420	3600		276.94		         0		-999.00
-999	1691814020	3600		276.94		         0		-999.00
-999	1691817620	3600		276.94		         0		-999.00
-999	1691821220	3600		276.94		         0		-999.00
-999	1691824820	3600		276.94		         0		-999.00
-999	1691828420	3600		276.84		         0		-999.00
-999	1691832020	3600		276.94		         0		-999.00
-999	1691835620	3600		276.94		         0		-999.00
-999	1691839220	3600		276.94		         0		-999.00
-999	1691842820	3600		276.94		         0		-999.00
-999	1691846420	3600		276.94		         0		-999.00
-999	1691850020	3600		276.94		         0		-999.00
-999	1691853620	3600		276.94		         0		-999.00
-999	1691857220	3600		276.94		         0		-999.00
-999	1691860820	3600		276.94		         0		-999.00
-999	1691864420	3600		276.94		         0		-999.00
-999	1691868020	3600		276.94		         0		-999.00
-999	1691871620	3600		276.84		         0		-999.00
-999	1691875220	3600		276.94		         0		-999.00
-999	1691878820	3600		276.94		         0		-999.00
-999	1691882420	3600		276.94		         0		-999.00
-999	1691886020	3600		276.94		         0		-999.00
-999	1691889620	3600		276.94		         0		-999.00
-999	1691893220	3600		276.94		         0		-999.00
-999	1691896820	3600		276.94		         0		-999.00
-999	1691900420	3600		276.84		         0		-999.00
-999	1691904020	3600		276.84		         0		-999.00
-999	1691907620	3600		276.94		         0		-999.00
-999	1691911220	3600		276.94		         0		-999.00
-999	1691914820	3600		276.94		         0		-999.00
-999	1691918420	3600		276.94		         0		-999.00
-999	1691922020	3600		276.94		         0		-999.00
-999	1691925620	3600		276.94		         0		-999.00
-999	1691929220	3600		276.94		         0		-999.00
-999	1691932820	3600		276.94		         0		-999.00
-999	1691936420	3600		276.94		         0		-999.00
-999	1691940020	3600		276.94		         0		-999.00
-999	1691943620	3600		276.94		         0		-999.00
-999	1691947220	3600		276.94		         0		-999.00
-999	1691950820	3600		276.94		         0		-999.00
-999	1691954420	3600		276.94		         0		-999.00
-999	1691958020	3600		276.94		         0		-999.00
-999	1691961620	3600		276.94		         0		-999.00
-999	1691965220	3600		276.94		         0		-999.00
-999	1691968820	3600		276.94		         0		-999.00
-999	1691972420	3600		276.94		         0		-999.00
-999	1691976020	3600		276.94		         0		-999.00
-999	1691979620	3600		276.94		         0		-999.00
-999	1691983220	3600		276.94		         0		-999.00
-999	1691986820	3600		276.94		         0		-999.00
-999	1691990420	3600		276.94		         0		-999.00
-999	1691994020	3600		276.84		         0		-999.00
-999	1691997620	3600		276.94		         0		-999.00
-999	1692001220	3600		276.94		         0		-999.00
-999	1692004820	3600		276.94		         0		-999.00
-999	1692008420	3600		276.94		         0		-999.00
-999	1692012020	3600		276.84		         0		-999.00
-999	1692015620	3600		276.94		         0		-999.00
-999	1692019220	3600		276.94		         0		-999.00
-999	1692022820	3600		276.94		         0		-999.00
-999	1692026420	3600		276.94		         0		-999.00
-999	1692030020	3600		276.94		         0		-999.00
-999	1692033620	3600		276.94		         0		-999.00
-999	1692037220	3600		276.94		         0		-999.00
-999	1692040820	3600		276.94		         0		-999.00
-999	1692044420	3600		276.94		         0		-999.00
-999	1692048020	3600		276.94		         0		-999.00
-999	1692051620	3600		276.94		         0		-999.00
-999	1692055220	3600		276.94		         0		-999.00
-999	1692058820	3600		276.94		         0		-999.00
-999	1692062420	3600		276.94		         0		-999.00
-999	1692066020	3600		276.94		         0		-999.00
-999	1692069620	3600		276.94		         0		-999.00
-999	1692073220	3600		276.94		         0		-999.00
-999	1692076820	3600		276.94		         0		-999.00
-999	1692080420	3600		276.94		         0		-999.00
-999	1692084020	3600		276.94		         0		-999.00
-999	1692087620	3600		276.94		         0		-999.00
-999	1692091220	3600		276.94		         0		-999.00
-999	1692094820	3600		276.94		         0		-999.00
-999	1692098420	3600		276.94		         0		-999.00
-999	1692102020	3600		276.94		         0		-999.00
-999	1692105620	3600		276.94		         0		-999.00
-999	1692109220	3600		276.84		         0		-999.00
-999	1692112820	3600		276.89		         0		-999.00
-999	1692116420	3600		276.94		         0		-999.00
-999	1692120020	3600		276.94		         0		-999.00
-999	1692123620	3600		276.94		         0		-999.00
-999	1692127220	3600		276.94		         0		-999.00
-999	1692130820	3600		276.94		         0		-999.00
-999	1692134420	3600		276.89		         0		-999.00
-999	1692138020	3600		276.84		         0		-999.00
-999	1692141620	3600		276.94		         0		-999.00
-999	1692145220	3600		276.94		         0		-999.00
-999	1692148820	3600		276.94		         0		-999.00
-999	1692152420	3600		276.94		         0		-999.00
-999	1692156020	3600		276.94		         0		-999.00
-999	1692159620	3600		276.94		         0		-999.00
-999	1692163220	3600		276.84		         0		-999.00
-999	1692166820	3600		276.89		         0		-999.00
-999	1692170420	3600		276.94		         0		-999.00
-999	1692174020	3600		276.94		         0		-999.00
-999	1692177620	3600		276.94		         0		-999.00
-999	1692181220	3600		276.94		         0		-999.00
-999	1692184820	3600		276.94		         0		-999.00
-999	1692188420	3600		276.94		         0		-999.00
-999	1692192020	3600		276.94		         0		-999.00
-999	1692195620	3600		276.94		         0		-999.00
-999	1692199220	3600		276.84		         0		-999.00
-999	1692202820	3600		276.94		         0		-999.00
-999	1692206420	3600		276.94		         0		-999.00
-999	1692210020	3600		276.94		         0		-999.00
-999	1692213620	3600		276.84		         0		-999.00
-999	1692217220	3600		276.84		         0		-999.00
-999	1692220820	3600		276.89		         0		-999.00
-999	1692224420	3600		276.94		         0		-999.00
-999	1692228020	3600		276.94		         0		-999.00
-999	1692231620	3600		276.94		         0		-999.00
-999	1692235220	3600		276.94		         0		-999.00
-999	1692238820	3600		276.94		         0		-999.00
-999	1692242420	3600		276.94		         0		-999.00
-999	1692246020	3600		276.84		         0		-999.00
-999	1692249620	3600		276.84		         0		-999.00
-999	1692253220	3600		276.84		         0		-999.00
-999	1692256820	3600		276.84		         0		-999.00
-999	1692260420	3600		276.94		         0		-999.00
-999	1692264020	3600		276.94		         0		-999.00
-999	1692267620	3600		276.94		         0		-999.00
-999	1692271220	3600		276.94		         0		-999.00
-999	1692274820	3600		276.94		         0		-999.00
-999	1692278420	3600		276.94		         0		-999.00
-999	1692282020	3600		276.84		         0		-999.00
-999	1692285620	3600		276.84		         0		-999.00
-999	1692289220	3600		276.84		         0		-999.00
-999	1692292820	3600		276.94		         0		-999.00
-999	1692296420	3600		276.94		         0		-999.00
-999	1692300020	3600		276.94		         0		-999.00
-999	1692303620	3600		276.94		         0		-999.00
-999	1692307220	3600		276.94		         0		-999.00
-999	1692310820	3600		276.94		         0		-999.00
-999	1692314420	3600		276.94		         0		-999.00
-999	1692318020	3600		276.94		         0		-999.00
-999	1692321620	3600		276.94		         0		-999.00
-999	1692325220	3600		276.84		         0		-999.00
-999	1692328820	3600		276.94		         0		-999.00
-999	1692332420	3600		276.84		         0		-999.00
-999	1692336020	3600		276.94		         0		-999.00
-999	1692339620	3600		276.84		         0		-999.00
-999	1692343220	3600		276.73		         0		-999.00
-999	1692346820	3600		276.73		         0		-999.00
-999	1692350420	3600		276.73		         0		-999.00
-999	1692354020	3600		276.83		         0		-999.00
-999	1692357620	3600		276.73		         0		-999.00
-999	1692361220	3600		276.61		         0		-999.00
-999	1692364820	3600		276.61		         0		-999.00
-999	1692368420	3600		276.66		         0		-999.00
-999	1692372020	3600		276.71		         0		-999.00
-999	1692375620	3600		276.71		         0		-999.00
-999	1692379220	3600		276.71		         0		-999.00
-999	1692382820	3600		276.71		         0		-999.00
-999	1692386420	3600		276.66		         0		-999.00
-999	1692390020	3600		276.61		         0		-999.00
-999	1692393620	3600		276.61		         0		-999.00
-999	1692397220	3600		276.61		         0		-999.00
-999	1692400820	3600		276.61		         0		-999.00
-999	1692404420	3600		276.61		         0		-999.00
-999	1692408020	3600		276.61		         0		-999.00
-999	1692411620	3600		276.61		         0		-999.00
-999	1692415220	3600		276.61		         0		-999.00
-999	1692418820	3600		276.61		         0		-999.00
-999	1692422420	3600		276.61		         0		-999.00
-999	1692426020	3600		276.61		         0		-999.00
-999	1692429620	3600		276.61		         0		-999.00
-999	1692433220	3600		276.61		         0		-999.00
-999	1692436820	3600		276.61		         0		-999.00
-999	1692440420	3600		276.61		         0		-999.00
-999	1692444020	3600		276.61		         0		-999.00
-999	1692447620	3600		276.61		         0		-999.00
-999	1692451220	3600		276.61		         0		-999.00
-999	1692454820	3600		276.61		         0		-999.00
-999	1692458420	3600		276.61		         0		-999.00
-999	1692462020	3600		276.50		         0		-999.00
-999	1692465620	3600		276.59		         0		-999.00
-999	1692469220	3600		276.59		         0		-999.00
-999	1692472820	3600		276.59		         0		-999.00
-999	1692476420	3600		276.59		         0		-999.00
-999	1692480020	3600		276.50		         0		-999.00
-999	1692483620	3600		276.59		         0		-999.00
-999	1692487220	3600		276.59		         0		-999.00
-999	1692490820	3600		276.59		         0		-999.00
-999	1692494420	3600		276.59		         0		-999.00
-999	1692498020	3600		276.59		         0		-999.00
-999	1692501620	3600		276.59		         0		-999.00
-999	1692505220	3600		276.59		         0		-999.00
-999	1692508820	3600		276.64		         0		-999.00
-999	1692512420	3600		276.54		         0		-999.00
-999	1692516020	3600		276.38		         0		-999.00
-999	1692519620	3600		276.38		         0		-999.00
-999	1692523220	3600		276.38		         0		-999.00
-999	1692526820	3600		276.50		         0		-999.00
-999	1692530420	3600		276.50		         0		-999.00
-999	1692534020	3600		276.50		         0		-999.00
-999	1692537620	3600		276.50		         0		-999.00
-999	1692541220	3600		276.50		         0		-999.00
-999	1692544820	3600		276.38		         0		-999.00
-999	1692548420	3600		276.50		         0		-999.00
-999	1692552020	3600		276.50		         0		-999.00
-999	1692555620	3600		276.50		         0		-999.00
-999	1692559220	3600		276.50		         0		-999.00
-999	1692562820	3600		276.50		         0		-999.00
-999	1692566420	3600		276.50		         0		-999.00
-999	1692570020	3600		276.50		         0		-999.00
-999	1692573620	3600		276.50		         0		-999.00
-999	1692577220	3600		276.50		         0		-999.00
-999	1692580820	3600		276.50		         0		-999.00
-999	1692584420	3600		276.50		         0		-999.00
-999	1692588020	3600		276.50		         0		-999.00
-999	1692591620	3600		264.86		         0		-999.00
-999	1692595220	3600		255.21		         0		-999.00
-999	1692598820	3600		255.49		         0		-999.00
-999	1692602420	3600		255.81		         0		-999.00
-999	1692606020	3600		257.44		         0		-999.00
-999	1692609620	3600		258.48		         0		-999.00
-999	1692613220	3600		258.42		         0		-999.00
-999	1692616820	3600		261.30		         0		-999.00
-999	1692620420	3600		261.57		         0		-999.00
-999	1692624020	3600		261.36		         0		-999.00
-999	1692627620	3600		261.46		         0		-999.00
-999	1692631220	3600		261.38		         0		-999.00
-999	1692634820	3600		261.38		         0		-999.00
-999	1692638420	3600		261.44		         0		-999.00
-999	1692642020	3600		261.46		         0		-999.00
-999	1692645620	3600		261.52		         0		-999.00
-999	1692649220	3600		261.52		         0		-999.00
-999	1692652820	3600		261.52		         0		-999.00
-999	1692656420	3600		261.51		         0		-999.00
-999	1692660020	3600		261.56		         0		-999.00
-999	1692663620	3600		261.50		         0		-999.00
-999	1692667220	3600		261.46		         0		-999.00
-999	1692670820	3600		261.50		         0		-999.00
-999	1692674420	3600		261.49		         0		-999.00
-999	1692678020	3600		261.55		         0		-999.00
-999	1692681620	3600		261.13		         0		-999.00
-999	1692685220	3600		261.49		         0		-999.00
-999	1692688820	3600		261.49		         0		-999.00
-999	1692692420	3600		261.52		         0		-999.00
-999	1692696020	3600		261.09		         0		-999.00
-999	1692699620	3600		261.38		         0		-999.00
-999	1692703220	3600		261.62		         0		-999.00
-999	1692706820	3600		261.50		         0		-999.00
-999	1692710420	3600		261.50		         0		-999.00
-999	1692714020	3600		261.55		         0		-999.00
-999	1692717620	3600		261.61		         0		-999.00
-999	1692721220	3600		261.61		         0		-999.00
-999	1692724820	3600		261.67		         0		-999.00
-999	1692728420	3600		261.45		         0		-999.00
-999	1692732020	3600		261.51		         0		-999.00
-999	1692735620	3600		261.52		         0		-999.00
-999	1692739220	3600		261.52		         0		-999.00
-999	1692742820	3600		261.52		         0		-999.00
-999	1692746420	3600		261.52		         0		-999.00
-999	1692750020	3600		261.52		         0		-999.00
-999	1692753620	3600		261.57		         0		-999.00
-999	1692757220	3600		261.52		         0		-999.00
-999	1692760820	3600		261.47		         0		-999.00
-999	1692764420	3600		261.52		         0		-999.00
-999	1692768020	3600		261.52		         0		-999.00
-999	1692771620	3600		261.42		         0		-999.00
-999	1692775220	3600		261.61		         0		-999.00
-999	1692778820	3600		261.30		         0		-999.00
-999	1692782420	3600		261.29		         0		-999.00
-999	1692786020	3600		261.30		         0		-999.00
-999	1692789620	3600		261.30		         0		-999.00
-999	1692793220	3600		261.30		         0		-999.00
-999	1692796820	3600		261.53		         0		-999.00
-999	1692800420	3600		261.19		         0		-999.00
-999	1692804020	3600		261.39		         0		-999.00
-999	1692807620	3600		261.19		         0		-999.00
-999	1692811220	3600		261.25		         0		-999.00
-999	1692814820	3600		261.42		         0		-999.00
-999	1692818420	3600		261.55		         0		-999.00
-999	1692822020	3600		261.55		         0		-999.00
-999	1692825620	3600		261.55		         0		-999.00
-999	1692829220	3600		261.55		         0		-999.00
-999	1692832820	3600		261.55		         0		-999.00
-999	1692836420	3600		261.55		         0		-999.00
-999	1692840020	3600		261.55		         0		-999.00
-999	1692843620	3600		261.56		         0		-999.00
-999	1692847220	3600		261.52		         0		-999.00
-999	1692850820	3600		261.52		         0		-999.00
-999	1692854420	3600		261.11		         0		-999.00
-999	1692858020	3600		261.25		         0		-999.00
-999	1692861620	3600		261.40		         0		-999.00
-999	1692865220	3600		261.42		         0		-999.00
-999	1692868820	3600		261.63		         0		-999.00
-999	1692872420	3600		261.49		         0		-999.00
-999	1692876020	3600		261.48		         0		-999.00
-999	1692879620	3600		261.37		         0		-999.00
-999	1692883220	3600		261.34		         0		-999.00
-999	1692886820	3600		261.51		         0		-999.00
-999	1692890420	3600		261.54		         0		-999.00
-999	1692894020	3600		261.54		         0		-999.00
-999	1692897620	3600		261.52		         0		-999.00
-999	1692901220	3600		261.52		         0		-999.00
-999	1692904820	3600		261.52		         0		-999.00
-999	1692908420	3600		261.52		         0		-999.00
-999	1692912020	3600		261.52		         0		-999.00
-999	1692915620	3600		261.52		         0		-999.00
-999	1692919220	3600		261.52		         0		-999.00
-999	1692922820	3600		261.56		         0		-999.00
-999	1692926420	3600		261.51		         0		-999.00
-999	1692930020	3600		261.56		         0		-999.00
-999	1692933620	3600		261.52		         0		-999.00
-999	1692937220	3600		261.09		         0		-999.00
-999	1692940820	3600		261.32		         0		-999.00
-999	1692944420	3600		261.47		         0		-999.00
-999	1692948020	3600		257.95		         0		-999.00
-999	1692951620	3600		258.23		         0		-999.00
-999	1692955220	3600		258.23		         0		-999.00
-999	1692958820	3600		258.25		         0		-999.00
-999	1692962420	3600		261.30		         0		-999.00
-999	1692966020	3600		261.36		         0		-999.00
-999	1692969620	3600		261.61		         0		-999.00
-999	1692973220	3600		261.48		         0		-999.00
-999	1692976820	3600		261.55		         0		-999.00
-999	1692980420	3600		261.16		         0		-999.00
-999	1692984020	3600		261.52		         0		-999.00
-999	1692987620	3600		261.57		         0		-999.00
-999	1692991220	3600		261.58		         0		-999.00
-999	1692994820	3600		261.21		         0		-999.00
-999	1692998420	3600		261.62		         0		-999.00
-999	1693002020	3600		261.62		         0		-999.00
-999	1693005620	3600		261.56		         0		-999.00
-999	1693009220	3600		261.62		         0		-999.00
-999	1693012820	3600		261.62		         0		-999.00
-999	1693016420	3600		261.62		         0		-999.00
-999	1693020020	3600		261.62		         0		-999.00
-999	1693023620	3600		261.63		         0		-999.00
-999	1693027220	3600		261.63		         0		-999.00
-999	1693030820	3600		261.55		         0		-999.00
-999	1693034420	3600		261.55		         0		-999.00
-999	1693038020	3600		261.55		         0		-999.00
-999	1693041620	3600		261.55		         0		-999.00
-999	1693045220	3600		261.55		         0		-999.00
-999	1693048820	3600		261.56		         0		-999.00
-999	1693052420	3600		261.34		         0		-999.00
-999	1693056020	3600		261.64		         0		-999.00
-999	1693059620	3600		261.58		         0		-999.00
-999	1693063220	3600		261.58		         0		-999.00
-999	1693066820	3600		261.58		         0		-999.00
-999	1693070420	3600		261.63		         0		-999.00
-999	1693074020	3600		261.58		         0		-999.00
-999	1693077620	3600		261.58		         0		-999.00
-999	1693081220	3600		261.58		         0		-999.00
-999	1693084820	3600		261.58		         0		-999.00
-999	1693088420	3600		261.58		         0		-999.00
-999	1693092020	3600		261.58		         0		-999.00
-999	1693095620	3600		261.58		         0		-999.00
-999	1693099220	3600		261.59		         0		-999.00
-999	1693102820	3600		261.58		         0		-999.00
-999	1693106420	3600		261.59		         0		-999.00
-999	1693110020	3600		261.23		         0		-999.00
-999	1693113620	3600		261.63		         0		-999.00
-999	1693117220	3600		261.57		         0		-999.00
-999	1693120820	3600		261.47		         0		-999.00
-999	1693124420	3600		261.57		         0		-999.00
-999	1693128020	3600		261.58		         0		-999.00
-999	1693131620	3600		261.58		         0		-999.00
-999	1693135220	3600		261.64		         0		-999.00
-999	1693138820	3600		261.57		         0		-999.00
-999	1693142420	3600		261.47		         0		-999.00
-999	1693146020	3600		261.63		         0		-999.00
-999	1693149620	3600		261.57		         0		-999.00
-999	1693153220	3600		261.63		         0		-999.00
-999	1693156820	3600		261.57		         0		-999.00
-999	1693160420	3600		261.57		         0		-999.00
-999	1693164020	3600		261.57		         0		-999.00
-999	1693167620	3600		261.58		         0		-999.00
-999	1693171220	3600		261.63		         0		-999.00
-999	1693174820	3600		261.57		         0		-999.00
-999	1693178420	3600		261.57		         0		-999.00
-999	1693182020	3600		261.63		         0		-999.00
-999	1693185620	3600		261.58		         0		-999.00
-999	1693189220	3600		261.58		         0		-999.00
-999	1693192820	3600		261.64		         0		-999.00
-999	1693196420	3600		261.58		         0		-999.00
-999	1693200020	3600		261.22		         0		-999.00
-999	1693203620	3600		261.40		         0		-999.00
-999	1693207220	3600		261.43		         0		-999.00
-999	1693210820	3600		261.43		         0		-999.00
-999	1693214420	3600		261.36		         0		-999.00
-999	1693218020	3600		261.41		         0		-999.00
-999	1693221620	3600		261.35		         0		-999.00
-999	1693225220	3600		261.42		         0		-999.00
-999	1693228820	3600		261.40		         0		-999.00
-999	1693232420	3600		261.58		         0		-999.00
-999	1693236020	3600		261.35		         0		-999.00
-999	1693239620	3600		261.58		         0		-999.00
-999	1693243220	3600		261.28		         0		-999.00
-999	1693246820	3600		261.63		         0		-999.00
-999	1693250420	3600		261.63		         0		-999.00
-999	1693254020	3600		261.61		         0		-999.00
-999	1693257620	3600		261.61		         0		-999.00
-999	1693261220	3600		261.61		         0		-999.00
-999	1693264820	3600		261.61		         0		-999.00
-999	1693268420	3600		261.61		         0		-999.00
-999	1693272020	3600		261.61		         0		-999.00
-999	1693275620	3600		261.61		         0		-999.00
-999	1693279220	3600		261.61		         0		-999.00
-999	1693282820	3600		261.61		         0		-999.00
-999	1693286420	3600		261.40		         0		-999.00
-999	1693290020	3600		261.65		         0		-999.00
-999	1693293620	3600		261.68		         0		-999.00
-999	1693297220	3600		261.63		         0		-999.00
-999	1693300820	3600		261.63		         0		-999.00
-999	1693304420	3600		261.63		         0		-999.00
-999	1693308020	3600		261.63		         0		-999.00
-999	1693311620	3600		261.50		         0		-999.00
-999	1693315220	3600		261.51		         0		-999.00
-999	1693318820	3600		261.63		         0		-999.00
-999	1693322420	3600		261.70		         0		-999.00
-999	1693326020	3600		261.59		         0		-999.00
-999	1693329620	3600		261.64		         0		-999.00
-999	1693333220	3600		261.52		         0		-999.00
-999	1693336820	3600		261.61		         0		-999.00
-999	1693340420	3600		261.61		         0		-999.00
-999	1693344020	3600		261.62		         0		-999.00
-999	1693347620	3600		261.62		         0		-999.00
-999	1693351220	3600		261.62		         0		-999.00
-999	1693354820	3600		261.62		         0		-999.00
-999	1693358420	3600		261.68		         0		-999.00
-999	1693362020	3600		261.65		         0		-999.00
-999	1693365620	3600		261.65		         0		-999.00
-999	1693369220	3600		261.65		         0		-999.00
-999	1693372820	3600		261.65		         0		-999.00
-999	1693376420	3600		261.46		         0		-999.00
-999	1693380020	3600		261.39		         0		-999.00
-999	1693383620	3600		258.30		         0		-999.00
-999	1693387220	3600		258.32		         0		-999.00
-999	1693390820	3600		258.12		         0		-999.00
-999	1693394420	3600		258.41		         0		-999.00
-999	1693398020	3600		258.40		         0		-999.00
-999	1693401620	3600		258.38		         0		-999.00
-999	1693405220	3600		258.38		         0		-999.00
-999	1693408820	3600		258.39		         0		-999.00
-999	1693412420	3600		258.39		         0		-999.00
-999	1693416020	3600		258.43		         0		-999.00
-999	1693419620	3600		258.43		         0		-999.00
-999	1693423220	3600		258.48		         0		-999.00
-999	1693426820	3600		258.23		         0		-999.00
-999	1693430420	3600		258.46		         0		-999.00
-999	1693434020	3600		258.40		         0		-999.00
-999	1693437620	3600		258.44		         0		-999.00
-999	1693441220	3600		258.39		         0		-999.00
-999	1693444820	3600		258.45		         0		-999.00
-999	1693448420	3600		258.38		         0		-999.00
-999	1693452020	3600		258.38		         0		-999.00
-999	1693455620	3600		258.40		         0		-999.00
-999	1693459220	3600		258.40		         0		-999.00
-999	1693462820	3600		258.38		         0		-999.00
-999	1693466420	3600		258.43		         0		-999.00
-999	1693470020	3600		258.43		         0		-999.00
-999	1693473620	3600		258.39		         0		-999.00
-999	1693477220	3600		258.39		         0		-999.00
-999	1693480820	3600		258.39		         0		-999.00
-999	1693484420	3600		261.57		         0		-999.00
-999	1693488020	3600		261.68		         0		-999.00
-999	1693491620	3600		261.68		         0		-999.00
-999	1693495220	3600		261.52		         0		-999.00
-999	1693498820	3600		258.23		         0		-999.00
-999	1693502420	3600		258.43		         0		-999.00
-999	1693506020	3600		258.44		         0		-999.00
-999	1693509620	3600		258.39		         0		-999.00
-999	1693513220	3600		258.45		         0		-999.00
-999	1693516820	3600		258.39		         0		-999.00
-999	1693520420	3600		258.36		         0		-999.00
-999	1693524020	3600		258.42		         0		-999.00
-999	1693527620	3600		258.43		         0		-999.00
-999	1693531220	3600		258.43		         0		-999.00
-999	1693534820	3600		258.39		         0		-999.00
-999	1693538420	3600		258.47		         0		-999.00
-999	1693542020	3600		258.42		         0		-999.00
-999	1693545620	3600		258.40		         0		-999.00
-999	1693549220	3600		258.46		         0		-999.00
-999	1689541220	-4008000		258.84		         0		-999.00
9095	1693551832	1200		261.48		      2471		779.50
9095	1693552464	632		261.48		      2382		776.50
-999	1693553664	1200		258.12		         0		-999.00
-999	1693557264	3600		261.59		         0		-999.00
-999	1693560864	3600		261.70		         0		-999.00
-999	1693564464	3600		261.64		         0		-999.00
-999	1693568064	3600		261.64		         0		-999.00
-999	1693571664	3600		261.27		         0		-999.00
-999	1693575264	3600		261.38		         0		-999.00
-999	1693578864	3600		261.39		         0		-999.00
-999	1693582464	3600		261.40		         0		-999.00
-999	1693586064	3600		261.40		         0		-999.00
-999	1693589664	3600		261.46		         0		-999.00
-999	1693593264	3600		261.40		         0		-999.00
-999	1693596864	3600		261.40		         0		-999.00
-999	1693600464	3600		261.40		         0		-999.00
-999	1693604064	3600		261.41		         0		-999.00
-999	1693607664	3600		261.41		         0		-999.00
-999	1693611264	3600		261.41		         0		-999.00
-999	1693614864	3600		261.41		         0		-999.00
-999	1693618464	3600		261.38		         0		-999.00
-999	1693622064	3600		261.51		         0		-999.00
-999	1693625664	3600		261.68		         0		-999.00
-999	1693629264	3600		261.62		         0		-999.00
-999	1693632864	3600		261.63		         0		-999.00
-999	1693636464	3600		261.61		         0		-999.00
-999	1693640064	3600		261.65		         0		-999.00
-999	1693643664	3600		261.65		         0		-999.00
-999	1693647264	3600		261.25		         0		-999.00
-999	1693650864	3600		261.27		         0		-999.00
-999	1693654464	3600		261.39		         0		-999.00
-999	1693658064	3600		261.38		         0		-999.00
-999	1693661664	3600		261.34		         0		-999.00
-999	1693665264	3600		261.33		         0		-999.00
-999	1693668864	3600		261.35		         0		-999.00
-999	1693672464	3600		261.35		         0		-999.00
-999	1693676064	3600		261.35		         0		-999.00
-999	1693679664	3600		261.35		         0		-999.00
-999	1693683264	3600		261.35		         0		-999.00
-999	1693686864	3600		261.35		         0		-999.00
-999	1693690464	3600		261.27		         0		-999.00
-999	1693694064	3600		261.39		         0		-999.00
-999	1693697664	3600		261.33		         0		-999.00
-999	1693701264	3600		261.33		         0		-999.00
-999	1693704864	3600		261.35		         0		-999.00
-999	1693708464	3600		261.45		         0		-999.00
-999	1693712064	3600		261.11		         0		-999.00
-999	1693715664	3600		261.30		         0		-999.00
-999	1693719264	3600		261.40		         0		-999.00
-999	1693722864	3600		261.65		         0		-999.00
-999	1693726464	3600		261.65		         0		-999.00
-999	1693730064	3600		261.65		         0		-999.00
-999	1693733664	3600		261.65		         0		-999.00
-999	1693737264	3600		261.65		         0		-999.00
-999	1693740864	3600		258.40		         0		-999.00
-999	1693744464	3600		258.36		         0		-999.00
-999	1693748064	3600		258.36		         0		-999.00
-999	1693751664	3600		258.36		         0		-999.00
-999	1693755264	3600		258.44		         0		-999.00
-999	1693758864	3600		258.38		         0		-999.00
-999	1693762464	3600		258.38		         0		-999.00
-999	1693766064	3600		258.40		         0		-999.00
-999	1693769664	3600		258.22		         0		-999.00
-999	1693773264	3600		258.38		         0		-999.00
-999	1693776864	3600		258.38		         0		-999.00
-999	1693780464	3600		258.40		         0		-999.00
-999	1693784064	3600		258.40		         0		-999.00
-999	1693787664	3600		258.38		         0		-999.00
-999	1693791264	3600		258.38		         0		-999.00
-999	1693794864	3600		258.43		         0		-999.00
-999	1693798464	3600		258.38		         0		-999.00
-999	1693802064	3600		258.38		         0		-999.00
-999	1693805664	3600		258.36		         0		-999.00
-999	1693809264	3600		258.31		         0		-999.00
-999	1693812864	3600		258.36		         0		-999.00
-999	1693816464	3600		258.33		         0		-999.00
-999	1693820064	3600		258.38		         0		-999.00
-999	1693823664	3600		258.39		         0		-999.00
-999	1693827264	3600		258.39		         0		-999.00
-999	1693830864	3600		258.22		         0		-999.00
-999	1693834464	3600		258.37		         0		-999.00
-999	1693838064	3600		258.33		         0		-999.00
-999	1693841664	3600		258.49		         0		-999.00
-999	1693845264	3600		258.37		         0		-999.00
-999	1693848864	3600		258.37		         0		-999.00
-999	1693852464	3600		258.37		         0		-999.00
-999	1693856064	3600		258.37		         0		-999.00
-999	1693859664	3600		258.40		         0		-999.00
-999	1693863264	3600		258.40		         0		-999.00
-999	1693866864	3600		258.36		         0		-999.00
-999	1693870464	3600		258.43		         0		-999.00
-999	1693874064	3600		258.43		         0		-999.00
-999	1693877664	3600		258.38		         0		-999.00
-999	1693881264	3600		258.39		         0		-999.00
-999	1693884864	3600		258.33		         0		-999.00
-999	1693888464	3600		258.38		         0		-999.00
-999	1693892064	3600		258.39		         0		-999.00
-999	1693895664	3600		258.34		         0		-999.00
-999	1693899264	3600		258.39		         0		-999.00
-999	1693902864	3600		258.39		         0		-999.00
-999	1693906464	3600		258.39		         0		-999.00
-999	1693910064	3600		258.34		         0		-999.00
-999	1693913664	3600		258.41		         0		-999.00
-999	1693917264	3600		258.35		         0		-999.00
-999	1693920864	3600		258.35		         0		-999.00
-999	1693924464	3600		258.41		         0		-999.00
-999	1693928064	3600		258.41		         0		-999.00
-999	1693931664	3600		258.42		         0		-999.00
-999	1693935264	3600		258.36		         0		-999.00
-999	1693938864	3600		258.36		         0		-999.00
-999	1693942464	3600		258.36		         0		-999.00
-999	1693946064	3600		258.43		         0		-999.00
-999	1693949664	3600		258.35		         0		-999.00
-999	1693953264	3600		258.35		         0		-999.00
-999	1693956864	3600		258.35		         0		-999.00
-999	1693960464	3600		258.43		         0		-999.00
-999	1693964064	3600		258.38		         0		-999.00
-999	1693967664	3600		258.38		         0		-999.00
-999	1693971264	3600		258.38		         0		-999.00
-999	1693974864	3600		258.37		         0		-999.00
-999	1693978464	3600		258.40		         0		-999.00
-999	1693982064	3600		258.36		         0		-999.00
-999	1693985664	3600		261.46		         0		-999.00
-999	1693989264	3600		261.52		         0		-999.00
-999	1693992864	3600		261.63		         0		-999.00
-999	1693996464	3600		261.58		         0		-999.00
-999	1694000064	3600		261.64		         0		-999.00
-999	1694003664	3600		261.58		         0		-999.00
-999	1694007264	3600		261.69		         0		-999.00
-999	1694010864	3600		261.58		         0		-999.00
-999	1694014464	3600		261.66		         0		-999.00
-999	1694018064	3600		261.61		         0		-999.00
-999	1694021664	3600		261.61		         0		-999.00
-999	1694025264	3600		261.50		         0		-999.00
-999	1694028864	3600		261.51		         0		-999.00
-999	1694032464	3600		261.57		         0		-999.00
-999	1694036064	3600		261.63		         0		-999.00
-999	1694039664	3600		261.58		         0		-999.00
-999	1694043264	3600		261.59		         0		-999.00
-999	1694046864	3600		261.59		         0		-999.00
-999	1694050464	3600		261.65		         0		-999.00
-999	1694054064	3600		261.59		         0		-999.00
-999	1694057664	3600		261.59		         0		-999.00
-999	1694061264	3600		261.59		         0		-999.00
-999	1694064864	3600		261.59		         0		-999.00
-999	1694068464	3600		261.60		         0		-999.00
-999	1694072064	3600		261.66		         0		-999.00
-999	1694075664	3600		261.66		         0		-999.00
-999	1694079264	3600		258.28		         0		-999.00
-999	1694082864	3600		258.40		         0		-999.00
-999	1694086464	3600		258.40		         0		-999.00
-999	1693552464	-534000		258.25		         0		-999.00
9128	1694090072	1200		261.53		     49254		782.50
9128	1694093672	3600		261.53		     50055		780.00
9128	1694097272	3600		261.53		     50174		779.00
9128	1694100872	3600		261.53		     51327		774.50
9128	1694104472	3600		261.53		     51885		781.50
9128	1694108072	3600		261.59		     53126		781.00
9128	1694111672	3600		261.53		     53391		777.50
9128	1694115272	3600		261.53		     54714		780.00
9128	1694118872	3600		261.53		     54998		783.00
9128	1694122472	3600		261.59		     55977		781.00
9128	1694126072	3600		261.53		     57190		780.00
9128	1694129672	3600		261.53		     57694		776.50
9128	1694132095	2423		258.64		     58280		 10.00
-999	1694133295	1200		258.40		         0		-999.00
-999	1694136895	3600		261.63		         0		-999.00
-999	1694140495	3600		261.58		         0		-999.00
-999	1694144095	3600		258.45		         0		-999.00
-999	1694147695	3600		258.40		         0		-999.00
-999	1694151295	3600		258.34		         0		-999.00
-999	1694154895	3600		258.34		         0		-999.00
-999	1694158495	3600		258.34		         0		-999.00
-999	1694162095	3600		258.34		         0		-999.00
-999	1694165695	3600		258.34		         0		-999.00
-999	1694169295	3600		258.39		         0		-999.00
-999	1694172895	3600		258.34		         0		-999.00
-999	1694176495	3600		258.34		         0		-999.00
-999	1694180095	3600		258.44		         0		-999.00
-999	1694183695	3600		258.40		         0		-999.00
-999	1694187295	3600		258.41		         0		-999.00
-999	1694190895	3600		258.40		         0		-999.00
-999	1694194495	3600		258.40		         0		-999.00
-999	1694198095	3600		258.40		         0		-999.00
-999	1694201695	3600		258.35		         0		-999.00
-999	1694205295	3600		258.40		         0		-999.00
-999	1694208895	3600		258.40		         0		-999.00
-999	1694212495	3600		258.40		         0		-999.00
-999	1694216095	3600		258.40		         0		-999.00
-999	1694219695	3600		258.40		         0		-999.00
-999	1694223295	3600		258.40		         0		-999.00
-999	1694226895	3600		258.40		         0		-999.00
-999	1694230495	3600		258.40		         0		-999.00
-999	1694234095	3600		258.40		         0		-999.00
-999	1694237695	3600		258.40		         0		-999.00
-999	1694241295	3600		258.40		         0		-999.00
-999	1694244895	3600		258.35		         0		-999.00
-999	1694248495	3600		258.40		         0		-999.00
-999	1694252095	3600		258.35		         0		-999.00
-999	1694255695	3600		258.40		         0		-999.00
-999	1694132095	-123600		258.52		         0		-999.00
9132	1694260024	1200		258.40		        54		  9.50
9132	1694263624	3600		258.35		       315		  9.50
9132	1694267224	3600		258.35		        36		  9.50
9132	1694270824	3600		258.40		        32		  9.50
9132	1694274424	3600		258.40		        32		  9.50
9132	1694278024	3600		258.40		        45		  9.50
9132	1694281624	3600		258.40		        68		  9.50
9132	1694285224	3600		258.40		        73		  9.50
9132	1694288824	3600		258.40		         4		  9.50
9132	1694290016	1192		258.40		         0		  9.50
-999	1694291216	1200		258.40		         0		-999.00
-999	1694294816	3600		258.40		         0		-999.00
-999	1694298416	3600		258.40		         0		-999.00
-999	1694302016	3600		258.40		         0		-999.00
-999	1694305616	3600		258.40		         0		-999.00
-999	1694309216	3600		258.35		         0		-999.00
-999	1694312816	3600		258.40		         0		-999.00
-999	1694316416	3600		258.40		         0		-999.00
-999	1694320016	3600		258.40		         0		-999.00
-999	1694323616	3600		258.40		         0		-999.00
-999	1694290016	-33600		258.40		         0		-999.00
9135	1694327675	1200		258.40		        41		  9.50
9135	1694331275	3600		258.40		        32		  9.50
9135	1694334875	3600		258.40		        27		  9.50
9135	1694338475	3600		258.40		        41		  9.50
9135	1694342075	3600		258.40		        18		  9.50
9135	1694343925	1850		258.40		        21		  9.50
-999	1694345125	1200		258.40		         0		-999.00
-999	1694348725	3600		258.40		         0		-999.00
-999	1694352325	3600		258.40		         0		-999.00
-999	1694355925	3600		258.40		         0		-999.00
-999	1694359525	3600		258.40		         0		-999.00
-999	1694363125	3600		258.40		         0		-999.00
-999	1694366725	3600		258.40		         0		-999.00
-999	1694370325	3600		258.40		         0		-999.00
-999	1694343925	-26400		258.40		         0		-999.00
9136	1694372695	1200		258.40		        41		  9.50
9136	1694376295	3600		258.40		        32		  9.50
9136	1694379895	3600		258.40		        27		  9.50
9136	1694383495	3600		258.41		        22		  9.50
9136	1694387095	3600		258.40		        22		  9.50
9136	1694387405	310		258.40		         0		  9.50
-999	1694388605	1200		258.41		         0		-999.00
-999	1694392205	3600		258.40		         0		-999.00
-999	1694395805	3600		258.40		         0		-999.00
-999	1694399405	3600		258.35		         0		-999.00
-999	1694403005	3600		258.40		         0		-999.00
-999	1694406605	3600		258.39		         0		-999.00
-999	1694410205	3600		258.39		         0		-999.00
-999	1694413805	3600		258.39		         0		-999.00
-999	1694417405	3600		258.39		         0		-999.00
-999	1694387405	-30000		258.35		         0		-999.00
9138	1694421354	1200		258.29		        27		  9.50
9138	1694424954	3600		258.40		        22		  9.50
9138	1694428554	3600		258.39		        18		  9.50
9138	1694430595	2041		258.39		        18		  9.50
-999	1694431795	1200		258.39		         0		-999.00
-999	1694435395	3600		261.61		         0		-999.00
-999	1694438995	3600		261.56		         0		-999.00
-999	1694442595	3600		261.61		         0		-999.00
-999	1694446195	3600		261.61		         0		-999.00
-999	1694449795	3600		261.61		         0		-999.00
-999	1694453395	3600		261.61		         0		-999.00
-999	1694456995	3600		261.61		         0		-999.00
-999	1694460595	3600		261.61		         0		-999.00
-999	1694464195	3600		261.61		         0		-999.00
-999	1694467795	3600		261.61		         0		-999.00
-999	1694471395	3600		261.61		         0		-999.00
-999	1694474995	3600		261.61		         0		-999.00
-999	1694478595	3600		261.61		         0		-999.00
-999	1694482195	3600		261.61		         0		-999.00
-999	1694485795	3600		261.61		         0		-999.00
-999	1694489395	3600		261.61		         0		-999.00
-999	1694492995	3600		261.61		         0		-999.00
-999	1694496595	3600		261.64		         0		-999.00
-999	1694500195	3600		261.65		         0		-999.00
-999	1694503795	3600		261.41		         0		-999.00
-999	1694507395	3600		261.44		         0		-999.00
-999	1694510995	3600		261.61		         0		-999.00
-999	1694514595	3600		261.40		         0		-999.00
-999	1694518195	3600		261.52		         0		-999.00
-999	1694521795	3600		261.27		         0		-999.00
-999	1694525395	3600		261.61		         0		-999.00
-999	1694528995	3600		261.38		         0		-999.00
-999	1694532595	3600		261.67		         0		-999.00
-999	1694536195	3600		261.61		         0		-999.00
-999	1694539795	3600		261.33		         0		-999.00
-999	1694543395	3600		258.38		         0		-999.00
-999	1694546995	3600		258.38		         0		-999.00
-999	1694550595	3600		258.44		         0		-999.00
-999	1694554195	3600		258.40		         0		-999.00
-999	1694557795	3600		258.40		         0		-999.00
-999	1694561395	3600		258.35		         0		-999.00
-999	1694564995	3600		258.35		         0		-999.00
-999	1694568595	3600		258.35		         0		-999.00
-999	1694572195	3600		258.40		         0		-999.00
-999	1694575795	3600		258.35		         0		-999.00
-999	1694579395	3600		261.58		         0		-999.00
-999	1694582995	3600		261.63		         0		-999.00
-999	1694586595	3600		261.39		         0		-999.00
-999	1694590195	3600		261.51		         0		-999.00
-999	1694593795	3600		261.47		         0		-999.00
-999	1694597395	3600		258.41		         0		-999.00
-999	1694600995	3600		258.15		         0		-999.00
-999	1694604595	3600		258.37		         0		-999.00
-999	1694608195	3600		258.37		         0		-999.00
-999	1694611795	3600		258.35		         0		-999.00
-999	1694615395	3600		258.35		         0		-999.00
-999	1694618995	3600		258.40		         0		-999.00
-999	1694622595	3600		258.41		         0		-999.00
-999	1694626195	3600		258.40		         0		-999.00
-999	1694629795	3600		258.38		         0		-999.00
-999	1694633395	3600		258.37		         0		-999.00
-999	1694636995	3600		261.57		         0		-999.00
-999	1694640595	3600		261.64		         0		-999.00
-999	1694644195	3600		261.64		         0		-999.00
-999	1694647795	3600		258.33		         0		-999.00
-999	1694651395	3600		258.33		         0		-999.00
-999	1694654995	3600		258.36		         0		-999.00
-999	1694658595	3600		258.36		         0		-999.00
-999	1694662195	3600		258.35		         0		-999.00
-999	1694665795	3600		258.35		         0		-999.00
-999	1694669395	3600		258.35		         0		-999.00
-999	1694672995	3600		258.36		         0		-999.00
-999	1694676595	3600		258.36		         0		-999.00
-999	1694680195	3600		258.36		         0		-999.00
-999	1694683795	3600		258.35		         0		-999.00
-999	1694687395	3600		258.44		         0		-999.00
-999	1694690995	3600		258.44		         0		-999.00
-999	1694694595	3600		258.38		         0		-999.00
-999	1694698195	3600		258.38		         0		-999.00
-999	1694701795	3600		258.38		         0		-999.00
-999	1694705395	3600		258.38		         0		-999.00
-999	1694708995	3600		258.33		         0		-999.00
-999	1694712595	3600		258.33		         0		-999.00
-999	1694716195	3600		258.35		         0		-999.00
-999	1694719795	3600		258.39		         0		-999.00
-999	1694723395	3600		258.39		         0		-999.00
-999	1694726995	3600		258.39		         0		-999.00
-999	1694430595	-296400		258.39		         0		-999.00
9153	1694729276	1200		258.34		        27		  9.00
9153	1694732876	3600		258.39		        32		  9.00
9153	1694736476	3600		258.39		        27		  9.00
9153	1694740076	3600		258.39		        22		  9.00
9153	1694743676	3600		258.39		        22		  9.00
9153	1694747276	3600		258.39		        22		  9.00
9153	1694749132	1856		258.39		        21		  9.00
-999	1694750332	1200		258.39		         0		-999.00
-999	1694753932	3600		258.39		         0		-999.00
-999	1694757532	3600		261.40		         0		-999.00
-999	1694761132	3600		261.47		         0		-999.00
-999	1694764732	3600		261.61		         0		-999.00
-999	1694768332	3600		261.64		         0		-999.00
-999	1694771932	3600		261.39		         0		-999.00
-999	1694775532	3600		258.13		         0		-999.00
-999	1694779132	3600		258.44		         0		-999.00
-999	1694782732	3600		258.33		         0		-999.00
-999	1694786332	3600		258.38		         0		-999.00
-999	1694749132	-37200		258.39		         0		-999.00
9154	1694790666	1200		258.33		        41		  9.50
9154	1694794266	3600		258.44		        32		  9.50
9154	1694797866	3600		258.38		        27		  9.50
9154	1694801466	3600		258.38		        27		  9.50
9154	1694805066	3600		258.33		        22		  9.50
9154	1694808666	3600		258.33		        22		  9.50
9154	1694812266	3600		258.34		        18		  9.50
9154	1694815866	3600		258.34		        18		  9.50
9154	1694819466	3600		258.39		        13		  9.50
9154	1694823066	3600		258.39		        13		  9.50
9154	1694826666	3600		258.34		        13		  9.50
9154	1694830266	3600		258.39		        13		  9.50
9154	1694833866	3600		258.34		        13		  9.50
9154	1694837466	3600		258.39		         9		  9.50
9154	1694841066	3600		258.39		         9		  9.50
9154	1694844666	3600		258.34		         9		  9.50
9154	1694845168	502		258.34		         0		  9.50
-999	1694846368	1200		258.34		         0		-999.00
-999	1694849968	3600		258.35		         0		-999.00
-999	1694853568	3600		261.47		         0		-999.00
-999	1694857168	3600		261.59		         0		-999.00
-999	1694860768	3600		261.52		         0		-999.00
-999	1694864368	3600		261.64		         0		-999.00
-999	1694867968	3600		261.59		         0		-999.00
-999	1694871568	3600		261.64		         0		-999.00
-999	1694875168	3600		261.64		         0		-999.00
-999	1694878768	3600		258.44		         0		-999.00
-999	1694882368	3600		258.38		         0		-999.00
-999	1694885968	3600		258.38		         0		-999.00
-999	1694889568	3600		258.38		         0		-999.00
-999	1694893168	3600		258.33		         0		-999.00
-999	1694896768	3600		258.38		         0		-999.00
-999	1694845168	-51600		258.39		         0		-999.00
9156	1694898022	1200		258.27		        41		  9.50
9156	1694901622	3600		258.38		        18		  9.50
9156	1694905222	3600		258.33		         9		  9.50
9156	1694908822	3600		258.33		         4		  9.50
9156	1694912422	3600		258.38		         4		  9.50
9156	1694916022	3600		258.38		         9		  9.50
9156	1694919622	3600		258.38		         9		  9.50
9156	1694921019	1397		258.33		         0		  9.50
-999	1694922219	1200		258.38		         0		-999.00
-999	1694925819	3600		258.38		         0		-999.00
-999	1694929419	3600		258.38		         0		-999.00
-999	1694933019	3600		258.33		         0		-999.00
-999	1694936619	3600		258.38		         0		-999.00
-999	1694940219	3600		258.38		         0		-999.00
-999	1694943819	3600		258.33		         0		-999.00
-999	1694947419	3600		258.38		         0		-999.00
-999	1694951019	3600		258.38		         0		-999.00
-999	1694954619	3600		258.38		         0		-999.00
-999	1694958219	3600		258.38		         0		-999.00
-999	1694921019	-37200		258.38		         0		-999.00
9159	1694959485	1200		258.38		        68		  9.50
9159	1694963085	3600		258.33		        59		  9.50
9159	1694966685	3600		258.33		        45		  9.50
9159	1694970285	3600		258.33		        36		  9.50
9159	1694973885	3600		258.38		        32		  9.50
9159	1694977485	3600		258.38		        27		  9.50
9159	1694981085	3600		258.27		        22		  9.50
9159	1694984685	3600		258.38		        18		  9.50
9159	1694988285	3600		258.38		        18		  9.50
9159	1694991885	3600		258.38		        18		  9.50
9159	1694995485	3600		258.38		        13		  9.50
9159	1694999085	3600		258.38		        13		  9.50
9159	1695002685	3600		258.33		         9		  9.50
9159	1695005379	2694		258.38		         6		  9.50
-999	1695006579	1200		258.33		         0		-999.00
-999	1695010179	3600		258.38		         0		-999.00
-999	1695013779	3600		258.33		         0		-999.00
-999	1695017379	3600		258.38		         0		-999.00
-999	1695020979	3600		258.38		         0		-999.00
-999	1695024579	3600		258.38		         0		-999.00
-999	1695028179	3600		258.38		         0		-999.00
-999	1695031779	3600		261.50		         0		-999.00
-999	1695035379	3600		261.61		         0		-999.00
-999	1695038979	3600		261.61		         0		-999.00
-999	1695042579	3600		261.60		         0		-999.00
-999	1695046179	3600		261.60		         0		-999.00
-999	1695049779	3600		261.43		         0		-999.00
-999	1695053379	3600		261.38		         0		-999.00
-999	1695056979	3600		261.61		         0		-999.00
-999	1695060579	3600		261.61		         0		-999.00
-999	1695064179	3600		261.61		         0		-999.00
-999	1695067779	3600		258.23		         0		-999.00
-999	1695071379	3600		258.41		         0		-999.00
-999	1695074979	3600		258.35		         0		-999.00
-999	1695005379	-69600		258.38		         0		-999.00
9162	1695079439	1200		258.35		        41		  9.50
9162	1695083039	3600		258.35		        32		  9.50
9162	1695086639	3600		258.35		        27		  9.50
9162	1695090239	3600		258.35		        22		  9.50
9162	1695093839	3600		258.35		        22		  9.50
9162	1695097439	3600		258.35		        22		  9.50
9162	1695101039	3600		258.35		        18		  9.50
9162	1695104639	3600		258.35		         9		  9.50
9162	1695105903	1264		258.35		         0		  9.50
-999	1695107103	1200		258.35		         0		-999.00
-999	1695110703	3600		258.36		         0		-999.00
-999	1695114303	3600		258.37		         0		-999.00
-999	1695117903	3600		258.35		         0		-999.00
-999	1695121503	3600		258.35		         0		-999.00
-999	1695125103	3600		258.35		         0		-999.00
-999	1695128703	3600		258.34		         0		-999.00
-999	1695132303	3600		258.34		         0		-999.00
-999	1695135903	3600		258.40		         0		-999.00
-999	1695139503	3600		258.39		         0		-999.00
-999	1695143103	3600		258.36		         0		-999.00
-999	1695146703	3600		258.36		         0		-999.00
-999	1695150303	3600		258.36		         0		-999.00
-999	1695153903	3600		258.36		         0		-999.00
-999	1695157503	3600		258.36		         0		-999.00
-999	1695105903	-51600		258.35		         0		-999.00
9168	1695160784	1200		261.39		    355241		773.00
9168	1695164384	3600		261.56		    335551		785.00
9168	1695167984	3600		261.51		    320075		780.00
9168	1695171584	3600		261.51		    305836		782.00
9168	1695175184	3600		261.56		    290988		782.00
9168	1695178784	3600		261.51		    280813		780.00
9168	1695182384	3600		261.56		    253708		782.00
9168	1695182945	561		261.51		    258274		776.00
-999	1695184145	1200		258.12		         0		-999.00
-999	1695187745	3600		258.37		         0		-999.00
-999	1695191345	3600		258.37		         0		-999.00
-999	1695194945	3600		258.37		         0		-999.00
-999	1695198545	3600		258.32		         0		-999.00
-999	1695202145	3600		258.28		         0		-999.00
-999	1695205745	3600		258.26		         0		-999.00
-999	1695209345	3600		258.25		         0		-999.00
-999	1695212945	3600		258.30		         0		-999.00
-999	1695216545	3600		258.25		         0		-999.00
-999	1695220145	3600		258.28		         0		-999.00
-999	1695223745	3600		258.25		         0		-999.00
-999	1695227345	3600		258.21		         0		-999.00
-999	1695230945	3600		258.27		         0		-999.00
-999	1695234545	3600		258.27		         0		-999.00
-999	1695238145	3600		258.27		         0		-999.00
-999	1695241745	3600		258.29		         0		-999.00
-999	1695245345	3600		258.29		         0		-999.00
-999	1695248945	3600		258.26		         0		-999.00
-999	1695252545	3600		258.32		         0		-999.00
-999	1695256145	3600		258.27		         0		-999.00
-999	1695259745	3600		258.32		         0		-999.00
-999	1695263345	3600		258.27		         0		-999.00
-999	1695266945	3600		258.27		         0		-999.00
-999	1695270545	3600		258.33		         0		-999.00
-999	1695274145	3600		255.48		         0		-999.00
-999	1695277745	3600		255.49		         0		-999.00
-999	1695281345	3600		255.36		         0		-999.00
-999	1695284945	3600		255.55		         0		-999.00
-999	1695288545	3600		255.72		         0		-999.00
-999	1695292145	3600		255.49		         0		-999.00
-999	1695295745	3600		255.49		         0		-999.00
-999	1695299345	3600		255.64		         0		-999.00
-999	1695302945	3600		255.28		         0		-999.00
-999	1695306545	3600		255.61		         0		-999.00
-999	1695310145	3600		255.41		         0		-999.00
-999	1695313745	3600		255.60		         0		-999.00
-999	1695317345	3600		255.41		         0		-999.00
-999	1695320945	3600		255.72		         0		-999.00
-999	1695324545	3600		255.50		         0		-999.00
-999	1695328145	3600		255.36		         0		-999.00
-999	1695331745	3600		255.79		         0		-999.00
-999	1695335345	3600		255.71		         0		-999.00
-999	1695338945	3600		255.50		         0		-999.00
-999	1695342545	3600		255.83		         0		-999.00
-999	1695346145	3600		255.54		         0		-999.00
-999	1695349745	3600		255.78		         0		-999.00
-999	1695353345	3600		255.68		         0		-999.00
-999	1695356945	3600		255.48		         0		-999.00
-999	1695360545	3600		255.45		         0		-999.00
-999	1695364145	3600		255.84		         0		-999.00
-999	1695367745	3600		258.35		         0		-999.00
-999	1695371345	3600		258.33		         0		-999.00
-999	1695374945	3600		258.37		         0		-999.00
-999	1695378545	3600		258.34		         0		-999.00
-999	1695382145	3600		258.42		         0		-999.00
-999	1695385745	3600		258.09		         0		-999.00
-999	1695389345	3600		258.33		         0		-999.00
-999	1695392945	3600		258.38		         0		-999.00
-999	1695396545	3600		258.33		         0		-999.00
-999	1695400145	3600		258.38		         0		-999.00
-999	1695403745	3600		258.33		         0		-999.00
-999	1695407345	3600		258.33		         0		-999.00
-999	1695410945	3600		258.38		         0		-999.00
-999	1695414545	3600		258.27		         0		-999.00
-999	1695418145	3600		258.23		         0		-999.00
-999	1695421745	3600		258.32		         0		-999.00
-999	1695425345	3600		258.25		         0		-999.00
-999	1695428945	3600		258.28		         0		-999.00
-999	1695432545	3600		258.27		         0		-999.00
-999	1695436145	3600		258.35		         0		-999.00
-999	1695439745	3600		258.35		         0		-999.00
-999	1695443345	3600		258.30		         0		-999.00
-999	1695446945	3600		258.37		         0		-999.00
-999	1695450545	3600		258.33		         0		-999.00
-999	1695454145	3600		258.33		         0		-999.00
-999	1695457745	3600		258.38		         0		-999.00
-999	1695461345	3600		258.33		         0		-999.00
-999	1695464945	3600		258.38		         0		-999.00
-999	1695468545	3600		258.44		         0		-999.00
-999	1695472145	3600		258.38		         0		-999.00
-999	1695475745	3600		258.40		         0		-999.00
-999	1695479345	3600		258.35		         0		-999.00
-999	1695482945	3600		258.40		         0		-999.00
-999	1695486545	3600		258.41		         0		-999.00
-999	1695490145	3600		258.40		         0		-999.00
-999	1695493745	3600		258.40		         0		-999.00
-999	1695497345	3600		258.35		         0		-999.00
-999	1695500945	3600		258.42		         0		-999.00
-999	1695504545	3600		258.42		         0		-999.00
-999	1695508145	3600		258.42		         0		-999.00
-999	1695511745	3600		258.42		         0		-999.00
-999	1695515345	3600		258.42		         0		-999.00
-999	1695518945	3600		258.42		         0		-999.00
-999	1695522545	3600		258.42		         0		-999.00
-999	1695526145	3600		258.42		         0		-999.00
-999	1695529745	3600		258.42		         0		-999.00
-999	1695533345	3600		258.43		         0		-999.00
-999	1695536945	3600		258.34		         0		-999.00
-999	1695540545	3600		258.40		         0		-999.00
-999	1695544145	3600		258.40		         0		-999.00
-999	1695547745	3600		258.11		         0		-999.00
-999	1695551345	3600		258.19		         0		-999.00
-999	1695554945	3600		258.35		         0		-999.00
-999	1695558545	3600		258.39		         0		-999.00
-999	1695562145	3600		261.40		         0		-999.00
-999	1695565745	3600		261.64		         0		-999.00
-999	1695569345	3600		261.64		         0		-999.00
-999	1695572945	3600		261.58		         0		-999.00
-999	1695576545	3600		261.64		         0		-999.00
-999	1695580145	3600		261.65		         0		-999.00
-999	1695583745	3600		261.58		         0		-999.00
-999	1695587345	3600		261.64		         0		-999.00
-999	1695590945	3600		261.64		         0		-999.00
-999	1695594545	3600		261.64		         0		-999.00
-999	1695598145	3600		261.64		         0		-999.00
-999	1695601745	3600		261.61		         0		-999.00
-999	1695605345	3600		261.59		         0		-999.00
-999	1695608945	3600		261.65		         0		-999.00
-999	1695612545	3600		261.59		         0		-999.00
-999	1695616145	3600		261.65		         0		-999.00
-999	1695619745	3600		261.70		         0		-999.00
-999	1695623345	3600		261.30		         0		-999.00
-999	1695626945	3600		261.60		         0		-999.00
-999	1695630545	3600		261.78		         0		-999.00
-999	1695634145	3600		261.51		         0		-999.00
-999	1695637745	3600		261.28		         0		-999.00
-999	1695641345	3600		261.51		         0		-999.00
-999	1695644945	3600		261.51		         0		-999.00
-999	1695648545	3600		261.51		         0		-999.00
-999	1695652145	3600		261.67		         0		-999.00
-999	1695655745	3600		258.32		         0		-999.00
-999	1695659345	3600		258.36		         0		-999.00
-999	1695662945	3600		258.12		         0		-999.00
-999	1695666545	3600		258.41		         0		-999.00
-999	1695670145	3600		258.39		         0		-999.00
-999	1695673745	3600		258.39		         0		-999.00
-999	1695677345	3600		258.39		         0		-999.00
-999	1695680945	3600		258.39		         0		-999.00
-999	1695684545	3600		258.39		         0		-999.00
-999	1695688145	3600		258.39		         0		-999.00
-999	1695691745	3600		258.32		         0		-999.00
-999	1695695345	3600		258.43		         0		-999.00
-999	1695698945	3600		258.47		         0		-999.00
-999	1695702545	3600		258.50		         0		-999.00
-999	1695706145	3600		258.44		         0		-999.00
-999	1695709745	3600		258.44		         0		-999.00
-999	1695713345	3600		258.31		         0		-999.00
-999	1695716945	3600		258.36		         0		-999.00
-999	1695720545	3600		258.43		         0		-999.00
-999	1695724145	3600		258.38		         0		-999.00
-999	1695727745	3600		258.38		         0		-999.00
-999	1695731345	3600		258.43		         0		-999.00
-999	1695734945	3600		258.38		         0		-999.00
-999	1695738545	3600		258.49		         0		-999.00
-999	1695742145	3600		258.33		         0		-999.00
-999	1695182945	-559200		258.54		         0		-999.00
9192	1695744417	1200		261.55		         0		782.00
9192	1695748017	3600		261.55		         0		784.00
9192	1695751617	3600		261.55		         0		768.50
9192	1695754393	2776		261.44		         0		760.00
-999	1695755593	1200		258.15		         0		-999.00
-999	1695759193	3600		261.49		         0		-999.00
-999	1695762793	3600		261.67		         0		-999.00
-999	1695766393	3600		258.16		         0		-999.00
-999	1695769993	3600		258.40		         0		-999.00
-999	1695754393	-15600		258.33		         0		-999.00
9193	1695774047	1200		261.40		        13		775.00
9193	1695777647	3600		261.53		        13		785.50
9193	1695781247	3600		261.53		         9		784.00
9193	1695784847	3600		261.53		         9		785.00
9193	1695788447	3600		261.53		         4		779.50
9193	1695790730	2283		261.58		         0		784.00
-999	1695791930	1200		261.56		         0		-999.00
-999	1695795530	3600		258.25		         0		-999.00
-999	1695799130	3600		258.40		         0		-999.00
-999	1695802730	3600		258.41		         0		-999.00
-999	1695790730	-12000		258.50		         0		-999.00
9194	1695804567	1200		261.48		        13		776.50
9194	1695808167	3600		261.61		        13		784.00
9194	1695811767	3600		261.60		         9		786.00
9194	1695812313	546		261.55		         0		780.00
-999	1695813513	1200		258.33		         0		-999.00
-999	1695817113	3600		258.35		         0		-999.00
-999	1695820713	3600		258.40		         0		-999.00
-999	1695824313	3600		258.40		         0		-999.00
-999	1695827913	3600		258.40		         0		-999.00
-999	1695831513	3600		258.23		         0		-999.00
-999	1695835113	3600		258.38		         0		-999.00
-999	1695812313	-22800		258.54		         0		-999.00
9197	1695839124	1200		261.45		        13		774.00
9197	1695842724	3600		261.38		        13		763.50
9197	1695846324	3600		261.50		         0		758.00
9197	1695849330	3006		261.62		         0		792.50
-999	1695850530	1200		258.21		         0		-999.00
-999	1695854130	3600		258.40		         0		-999.00
-999	1695857730	3600		258.34		         0		-999.00
-999	1695861330	3600		258.34		         0		-999.00
-999	1695849330	-12000		258.56		         0		-999.00
9200	1695864644	1200		261.51		        13		773.00
9200	1695868189	3545		261.57		        10		784.00
