6185
6185	1505002681	1200		264.42		  57536047		296.50
6185	1505006281	3600		264.51		  60749007		294.50
6185	1505009881	3600		264.38		  56489437		292.00
2017-09-10 04:24:50 2017-09-10 04:18:01 0:05:00 2017-09-10 04:29:50
6185	1505010590	709		264.29		  53469323		290.50
6186
6186	1505011790	1200		262.69		  53469323		-999.00
6187	1505015390	3600		259.18		  53469323		-999.00
6188	1505018990	3600		259.18		  53469323		-999.00
2017-09-10 04:29:50 2017-09-10 06:49:50 0:00:00 2017-09-10 07:11:10
6189	1505010590	-8400		259.69		  53469323		-999.00
6186	1505021470	1200		264.44		  58256224		297.00
6186	1505025070	3600		264.52		  60878670		288.50
6186	1505028670	3600		264.40		  56973507		296.00
6186	1505032270	3600		264.31		  54081048		296.00
6186	1505035870	3600		264.22		  51055479		296.00
6186	1505039470	3600		264.15		  48745228		296.00
6186	1505043070	3600		264.08		  46222004		296.00
6186	1505046670	3600		263.99		  43282053		293.50
6186	1505050270	3600		263.94		  41601963		293.50
6186	1505053870	3600		263.88		  39773958		293.50
6186	1505057470	3600		263.83		  37997659		293.50
6186	1505061070	3600		263.77		  35915990		293.50
2017-09-10 19:01:02 2017-09-10 18:31:10 0:05:00 2017-09-10 19:06:02
6186	1505063162	2092		263.66		  32420350		293.00
6187
6188
6189
6187	1505064362	1200		262.69		  32420350		-999.00
6188	1505067962	3600		262.69		  32420350		-999.00
6189	1505071562	3600		262.69		  32420350		-999.00
6190	1505075162	3600		262.69		  32420350		-999.00
6191	1505078762	3600		262.69		  32420350		-999.00
6192	1505082362	3600		262.69		  32420350		-999.00
6193	1505085962	3600		259.18		  32420350		-999.00
6194	1505089562	3600		259.18		  32420350		-999.00
6195	1505093162	3600		259.18		  32420350		-999.00
2017-09-10 19:06:02 2017-09-11 03:26:02 0:00:00 2017-09-11 03:27:41
6196	1505063162	-30000		259.69		  32420350		-999.00
6189	1505094461	1200		264.39		  56824798		301.50
6189	1505098061	3600		264.51		  60590221		301.50
6189	1505101661	3600		264.38		  56408722		299.00
6189	1505105261	3600		264.32		  54456334		299.00
6189	1505108861	3600		264.22		  51075280		299.00
6189	1505112461	3600		264.16		  48895502		299.00
6189	1505116061	3600		264.09		  46598183		298.50
6189	1505119661	3600		263.95		  43486868		299.00
6189	1505123261	3600		263.90		  41527182		296.50
6189	1505126861	3600		263.85		  39925602		296.50
6189	1505130461	3600		263.78		  37822879		296.50
6189	1505134061	3600		263.74		  36228978		296.50
6189	1505137661	3600		263.68		  34319279		296.50
2017-09-11 16:27:49 2017-09-11 15:47:41 0:05:00 2017-09-11 16:32:49
6189	1505140369	2708		259.65		  31663893		  7.50
6190
6191
6190	1505141569	1200		259.13		  31663893		-999.00
6191	1505145169	3600		259.13		  31663893		-999.00
6192	1505148769	3600		259.13		  31663893		-999.00
6193	1505152369	3600		259.64		  31663893		-999.00
6194	1505155969	3600		259.13		  31663893		-999.00
6195	1505159569	3600		259.13		  31663893		-999.00
6196	1505163169	3600		259.13		  31663893		-999.00
6197	1505166769	3600		259.64		  31663893		-999.00
6198	1505170369	3600		259.64		  31663893		-999.00
2017-09-11 16:32:49 2017-09-12 00:52:49 0:00:00 2017-09-12 01:20:50
6199	1505140369	-30000		259.65		  31663893		-999.00
6191	1505173250	1200		264.42		  59392564		307.00
6191	1505176850	3600		264.54		  63392953		306.50
6191	1505180450	3600		264.40		  58726688		304.00
6191	1505184050	3600		264.30		  55474691		304.00
6191	1505187650	3600		264.20		  52135550		303.50
6191	1505191250	3600		264.14		  49978094		303.50
6191	1505194850	3600		264.03		  46494270		301.00
6191	1505198450	3600		263.96		  44149219		301.00
6191	1505202050	3600		263.89		  41761674		301.00
6191	1505205650	3600		263.84		  39926710		301.00
6191	1505209250	3600		263.78		  37895046		301.00
6191	1505212850	3600		263.71		  35589628		301.00
6191	1505216450	3600		259.64		  32943725		  7.50
2017-09-12 13:42:17 2017-09-12 13:40:50 0:00:00 2017-09-12 13:42:17
6191	1505216537	87		259.64		  25779490		  7.50
6192
6192	1505217737	1200		259.13		  25779490		-999.00
6193	1505221337	3600		259.13		  25779490		-999.00
6194	1505224937	3600		259.13		  25779490		-999.00
2017-09-12 13:42:17 2017-09-12 16:02:17 0:00:00 2017-09-12 16:22:07
6195	1505216537	-8400		259.64		  25779490		-999.00
6192	1505227327	1200		264.52		  62566015		313.50
6192	1505230927	3600		264.51		  62205458		307.50
6192	1505234527	3600		264.39		  58278813		312.50
2017-09-12 19:36:14 2017-09-12 18:42:07 0:05:00 2017-09-12 19:41:14
6192	1505238074	3547		264.31		  55717649		312.50
6193
6193	1505239274	1200		262.64		  55717649		-999.00
6194	1505242874	3600		259.13		  55717649		-999.00
6195	1505246474	3600		259.13		  55717649		-999.00
2017-09-12 19:41:14 2017-09-12 22:01:14 0:00:00 2017-09-12 22:19:29
6196	1505238074	-8400		259.64		  55717649		-999.00
6193	1505248769	1200		264.41		  59164364		289.00
6193	1505252369	3600		264.47		  60972724		309.50
6193	1505255969	3600		264.36		  57198335		312.00
6193	1505259569	3600		264.28		  54702220		309.50
6193	1505263169	3600		264.16		  50713005		309.50
2017-09-13 03:31:53 2017-09-13 02:39:29 0:05:00 2017-09-13 03:36:53
6193	1505266613	3444		264.06		  47246271		309.50
6194
6194	1505267813	1200		259.64		  47246271		-999.00
6195	1505271413	3600		259.13		  47246271		-999.00
6196	1505275013	3600		259.29		  47246271		-999.00
6197	1505278613	3600		259.61		  47246271		-999.00
2017-09-13 03:36:53 2017-09-13 06:56:53 0:00:00 2017-09-13 07:08:30
6198	1505266613	-12000		259.64		  47246271		-999.00
6194	1505280510	1200		262.90		   9604602		291.00
6194	1505284110	3600		262.92		  10179455		293.50
6194	1505287710	3600		262.86		   8016791		291.00
6194	1505291310	3600		255.78		   6444823		 11.00
6194	1505294910	3600		255.52		   8255900		 11.00
6194	1505298510	3600		255.52		   6494486		 11.00
2017-09-13 13:18:41 2017-09-13 12:28:30 0:05:00 2017-09-13 13:23:41
6194	1505301821	3311		255.52		   4825697		 11.00
6195
6196
6197
6198
6199
6200
6201
6202
6203
6204
6205
6206
6207
6208
6209
6210
6211
6212
6213
6214
6215
6216
6217
6218
6219
6220
6221
6222
6223
6224
6225
6226
6227
6228
6229
6230
6195	1505303021	1200		258.52		   4825697		-999.00
6196	1505306621	3600		258.52		   4825697		-999.00
6197	1505310221	3600		258.52		   4825697		-999.00
6198	1505313821	3600		258.52		   4825697		-999.00
6199	1505317421	3600		258.52		   4825697		-999.00
6200	1505321021	3600		258.52		   4825697		-999.00
6201	1505324621	3600		258.52		   4825697		-999.00
6202	1505328221	3600		258.52		   4825697		-999.00
6203	1505331821	3600		258.52		   4825697		-999.00
6204	1505335421	3600		258.52		   4825697		-999.00
6205	1505339021	3600		258.52		   4825697		-999.00
6206	1505342621	3600		258.52		   4825697		-999.00
6207	1505346221	3600		258.52		   4825697		-999.00
6208	1505349821	3600		258.52		   4825697		-999.00
6209	1505353421	3600		258.52		   4825697		-999.00
6210	1505357021	3600		258.52		   4825697		-999.00
6211	1505360621	3600		258.52		   4825697		-999.00
6212	1505364221	3600		258.52		   4825697		-999.00
Warning: Cooling loop sensor PixelBarrel_BmO_6I_L4D3MF temperature is None
Warning: Cooling loop sensor PixelBarrel_BmO_6M_L4D3MF temperature is None
Warning: Cooling loop sensor PixelBarrel_BmO_4R_L2D2MF temperature is None
Warning: Cooling loop sensor PixelBarrel_BmO_4I_L2D2MF temperature is None
Warning: Cooling loop sensor PixelBarrel_BmO_4M_L2D2MF temperature is None
Warning: Cooling loop sensor PixelBarrel_BmO_6R_L4D3MF temperature is None
Warning: Cooling loop sensor PixelBarrel_BmI_3M_L2D1MN temperature is None
Warning: Cooling loop sensor PixelBarrel_BmI_3I_L2D1MN temperature is None
Warning: Cooling loop sensor PixelBarrel_BmI_1R_L4D2MN temperature is None
Warning: Cooling loop sensor PixelBarrel_BmI_3R_L2D1MN temperature is None
Warning: Cooling loop sensor PixelBarrel_BpI_4R_L2D2PN temperature is None
Warning: Cooling loop sensor PixelBarrel_BpO_1I_L4D2PF temperature is None
Warning: Cooling loop sensor PixelBarrel_BpO_1M_L4D2PF temperature is None
Warning: Cooling loop sensor PixelBarrel_BpO_1R_L4D2PF temperature is None
Warning: Cooling loop sensor PixelBarrel_BpO_3I_L2D1PF temperature is None
Warning: Cooling loop sensor PixelBarrel_BpO_3M_L2D1PF temperature is None
Warning: Cooling loop sensor PixelBarrel_BpO_3R_L2D1PF temperature is None
Warning: Cooling loop sensor PixelBarrel_BmI_1I_L4D2MN temperature is None
Warning: Cooling loop sensor PixelBarrel_BmI_1M_L4D2MN temperature is None
Warning: Cooling loop sensor PixelBarrel_BpI_4M_L2D2PN temperature is None
Warning: Cooling loop sensor PixelBarrel_BpI_4I_L2D2PN temperature is None
Warning: Cooling loop sensor PixelBarrel_BpI_6R_L4D3PN temperature is None
Warning: Cooling loop sensor PixelBarrel_BpI_6I_L4D3PN temperature is None
Warning: Cooling loop sensor PixelBarrel_BpI_6M_L4D3PN temperature is None
Warning: Cooling loop sensor PixelBarrel_BpI_1R_L4D1PN temperature is None
Warning: Cooling loop sensor PixelBarrel_BmO_1R_L4D1MF temperature is None
Warning: Cooling loop sensor PixelBarrel_BpI_1R_L4D1PN temperature is None
Warning: Cooling loop sensor PixelBarrel_BpO_6R_L4D4PF temperature is None
Warning: Cooling loop sensor PixelBarrel_BpO_6R_L4D4PF temperature is None
Warning: Cooling loop sensor PixelBarrel_BpO_6R_L4D4PF temperature is None
Warning: Cooling loop sensor PixelBarrel_BmI_4R_L1D2MN temperature is None
Warning: Cooling loop sensor PixelBarrel_BmI_4R_L1D2MN temperature is None
Warning: Cooling loop sensor PixelBarrel_BmI_4R_L1D2MN temperature is None
Warning: Cooling loop sensor PixelBarrel_BmI_4M_L1D2MN temperature is None
Warning: Cooling loop sensor PixelBarrel_BmI_4M_L1D2MN temperature is None
Warning: Cooling loop sensor PixelBarrel_BmI_4M_L1D2MN temperature is None
Warning: Cooling loop sensor PixelBarrel_BmI_4I_L1D2MN temperature is None
Warning: Cooling loop sensor PixelBarrel_BmI_4I_L1D2MN temperature is None
Warning: Cooling loop sensor PixelBarrel_BmI_4I_L1D2MN temperature is None
Warning: Cooling loop sensor PixelBarrel_BmI_5R_L3D3MN temperature is None
Warning: Cooling loop sensor PixelBarrel_BmI_5R_L3D3MN temperature is None
Warning: Cooling loop sensor PixelBarrel_BmI_5R_L3D3MN temperature is None
Warning: Cooling loop sensor PixelBarrel_BmI_5M_L3D3MN temperature is None
Warning: Cooling loop sensor PixelBarrel_BmI_5M_L3D3MN temperature is None
Warning: Cooling loop sensor PixelBarrel_BmI_5M_L3D3MN temperature is None
Warning: Cooling loop sensor PixelBarrel_BmI_5I_L3D3MN temperature is None
Warning: Cooling loop sensor PixelBarrel_BmI_5I_L3D3MN temperature is None
Warning: Cooling loop sensor PixelBarrel_BmI_5I_L3D3MN temperature is None
Warning: Cooling loop sensor PixelBarrel_BmI_6R_L4D4MN temperature is None
Warning: Cooling loop sensor PixelBarrel_BmI_6R_L4D4MN temperature is None
Warning: Cooling loop sensor PixelBarrel_BmI_6R_L4D4MN temperature is None
Warning: Cooling loop sensor PixelBarrel_BmI_6M_L4D4MN temperature is None
Warning: Cooling loop sensor PixelBarrel_BmI_6M_L4D4MN temperature is None
Warning: Cooling loop sensor PixelBarrel_BmI_6M_L4D4MN temperature is None
Warning: Cooling loop sensor PixelBarrel_BmI_6I_L4D4MN temperature is None
Warning: Cooling loop sensor PixelBarrel_BmI_6I_L4D4MN temperature is None
Warning: Cooling loop sensor PixelBarrel_BmI_6I_L4D4MN temperature is None
Warning: Cooling loop sensor PixelBarrel_BmO_3I_L1D1MF temperature is None
Warning: Cooling loop sensor PixelBarrel_BmO_3I_L1D1MF temperature is None
Warning: Cooling loop sensor PixelBarrel_BmO_3I_L1D1MF temperature is None
Warning: Cooling loop sensor PixelBarrel_BmO_3M_L1D1MF temperature is None
Warning: Cooling loop sensor PixelBarrel_BmO_3M_L1D1MF temperature is None
Warning: Cooling loop sensor PixelBarrel_BmO_3M_L1D1MF temperature is None
Warning: Cooling loop sensor PixelBarrel_BmO_3R_L1D1MF temperature is None
Warning: Cooling loop sensor PixelBarrel_BmO_3R_L1D1MF temperature is None
Warning: Cooling loop sensor PixelBarrel_BmO_3R_L1D1MF temperature is None
Warning: Cooling loop sensor PixelBarrel_BmO_2R_L3D2MF temperature is None
Warning: Cooling loop sensor PixelBarrel_BmO_2R_L3D2MF temperature is None
Warning: Cooling loop sensor PixelBarrel_BmO_2R_L3D2MF temperature is None
Warning: Cooling loop sensor PixelBarrel_BmO_2M_L3D2MF temperature is None
Warning: Cooling loop sensor PixelBarrel_BmO_2M_L3D2MF temperature is None
Warning: Cooling loop sensor PixelBarrel_BmO_2M_L3D2MF temperature is None
Warning: Cooling loop sensor PixelBarrel_BmO_2I_L3D2MF temperature is None
Warning: Cooling loop sensor PixelBarrel_BmO_2I_L3D2MF temperature is None
Warning: Cooling loop sensor PixelBarrel_BmO_2I_L3D2MF temperature is None
Warning: Cooling loop sensor PixelBarrel_BmO_1I_L4D1MF temperature is None
Warning: Cooling loop sensor PixelBarrel_BmO_1I_L4D1MF temperature is None
Warning: Cooling loop sensor PixelBarrel_BmO_1I_L4D1MF temperature is None
Warning: Cooling loop sensor PixelBarrel_BmO_1M_L4D1MF temperature is None
Warning: Cooling loop sensor PixelBarrel_BmO_1M_L4D1MF temperature is None
Warning: Cooling loop sensor PixelBarrel_BmO_1M_L4D1MF temperature is None
Warning: Cooling loop sensor PixelBarrel_BmO_1R_L4D1MF temperature is None
Warning: Cooling loop sensor PixelBarrel_BmO_1R_L4D1MF temperature is None
Warning: Cooling loop sensor PixelBarrel_BpI_1R_L4D1PN temperature is None
Warning: Cooling loop sensor PixelBarrel_BpO_3R_L2D1PF temperature is None
Warning: Cooling loop sensor PixelBarrel_BpO_3R_L2D1PF temperature is None
Warning: Cooling loop sensor PixelBarrel_BpO_3R_L2D1PF temperature is None
Warning: Cooling loop sensor PixelBarrel_BmI_1R_L4D2MN temperature is None
Warning: Cooling loop sensor PixelBarrel_BmI_1R_L4D2MN temperature is None
Warning: Cooling loop sensor PixelBarrel_BmI_1R_L4D2MN temperature is None
Warning: Cooling loop sensor PixelBarrel_BmI_2I_L3D1MN temperature is None
Warning: Cooling loop sensor PixelBarrel_BmI_2I_L3D1MN temperature is None
Warning: Cooling loop sensor PixelBarrel_BmI_2I_L3D1MN temperature is None
Warning: Cooling loop sensor PixelBarrel_BmI_2R_L3D1MN temperature is None
Warning: Cooling loop sensor PixelBarrel_BmI_2R_L3D1MN temperature is None
Warning: Cooling loop sensor PixelBarrel_BmI_2R_L3D1MN temperature is None
Warning: Cooling loop sensor PixelBarrel_BmI_3I_L2D1MN temperature is None
Warning: Cooling loop sensor PixelBarrel_BmI_3I_L2D1MN temperature is None
Warning: Cooling loop sensor PixelBarrel_BmI_3I_L2D1MN temperature is None
Warning: Cooling loop sensor PixelBarrel_BmI_3M_L2D1MN temperature is None
Warning: Cooling loop sensor PixelBarrel_BmI_3M_L2D1MN temperature is None
Warning: Cooling loop sensor PixelBarrel_BmI_3M_L2D1MN temperature is None
Warning: Cooling loop sensor PixelBarrel_BmI_3R_L2D1MN temperature is None
Warning: Cooling loop sensor PixelBarrel_BmI_3R_L2D1MN temperature is None
Warning: Cooling loop sensor PixelBarrel_BmI_3R_L2D1MN temperature is None
Warning: Cooling loop sensor PixelBarrel_BmO_6I_L4D3MF temperature is None
Warning: Cooling loop sensor PixelBarrel_BmO_6I_L4D3MF temperature is None
Warning: Cooling loop sensor PixelBarrel_BmO_6I_L4D3MF temperature is None
Warning: Cooling loop sensor PixelBarrel_BmO_6M_L4D3MF temperature is None
Warning: Cooling loop sensor PixelBarrel_BmO_6M_L4D3MF temperature is None
Warning: Cooling loop sensor PixelBarrel_BmO_6M_L4D3MF temperature is None
Warning: Cooling loop sensor PixelBarrel_BmO_6R_L4D3MF temperature is None
Warning: Cooling loop sensor PixelBarrel_BmO_6R_L4D3MF temperature is None
Warning: Cooling loop sensor PixelBarrel_BmO_6R_L4D3MF temperature is None
Warning: Cooling loop sensor PixelBarrel_BmO_5I_L3D4MF temperature is None
Warning: Cooling loop sensor PixelBarrel_BmO_5I_L3D4MF temperature is None
Warning: Cooling loop sensor PixelBarrel_BmO_5I_L3D4MF temperature is None
Warning: Cooling loop sensor PixelBarrel_BmO_5M_L3D4MF temperature is None
Warning: Cooling loop sensor PixelBarrel_BmO_5M_L3D4MF temperature is None
Warning: Cooling loop sensor PixelBarrel_BmO_5M_L3D4MF temperature is None
Warning: Cooling loop sensor PixelBarrel_BmO_5R_L3D4MF temperature is None
Warning: Cooling loop sensor PixelBarrel_BmO_5R_L3D4MF temperature is None
Warning: Cooling loop sensor PixelBarrel_BmO_5R_L3D4MF temperature is None
Warning: Cooling loop sensor PixelBarrel_BmO_4I_L2D2MF temperature is None
Warning: Cooling loop sensor PixelBarrel_BmO_4I_L2D2MF temperature is None
Warning: Cooling loop sensor PixelBarrel_BmO_4I_L2D2MF temperature is None
Warning: Cooling loop sensor PixelBarrel_BmO_4M_L2D2MF temperature is None
Warning: Cooling loop sensor PixelBarrel_BmO_4M_L2D2MF temperature is None
Warning: Cooling loop sensor PixelBarrel_BmO_4M_L2D2MF temperature is None
Warning: Cooling loop sensor PixelBarrel_BmO_4R_L2D2MF temperature is None
Warning: Cooling loop sensor PixelBarrel_BmO_4R_L2D2MF temperature is None
Warning: Cooling loop sensor PixelBarrel_BmO_4R_L2D2MF temperature is None
Warning: Cooling loop sensor PixelBarrel_BpI_3I_L1D1PN temperature is None
Warning: Cooling loop sensor PixelBarrel_BpI_3I_L1D1PN temperature is None
Warning: Cooling loop sensor PixelBarrel_BpI_3I_L1D1PN temperature is None
Warning: Cooling loop sensor PixelBarrel_BpI_3R_L1D1PN temperature is None
Warning: Cooling loop sensor PixelBarrel_BpI_3R_L1D1PN temperature is None
Warning: Cooling loop sensor PixelBarrel_BpI_3R_L1D1PN temperature is None
Warning: Cooling loop sensor PixelBarrel_BpI_2I_L3D2PN temperature is None
Warning: Cooling loop sensor PixelBarrel_BpI_2I_L3D2PN temperature is None
Warning: Cooling loop sensor PixelBarrel_BpI_2I_L3D2PN temperature is None
Warning: Cooling loop sensor PixelBarrel_BpI_2M_L3D2PN temperature is None
Warning: Cooling loop sensor PixelBarrel_BpI_2M_L3D2PN temperature is None
Warning: Cooling loop sensor PixelBarrel_BpI_2M_L3D2PN temperature is None
Warning: Cooling loop sensor PixelBarrel_BpI_2R_L3D2PN temperature is None
Warning: Cooling loop sensor PixelBarrel_BpI_2R_L3D2PN temperature is None
Warning: Cooling loop sensor PixelBarrel_BpI_2R_L3D2PN temperature is None
Warning: Cooling loop sensor PixelBarrel_BpI_1I_L4D1PN temperature is None
Warning: Cooling loop sensor PixelBarrel_BpI_1I_L4D1PN temperature is None
Warning: Cooling loop sensor PixelBarrel_BpI_1I_L4D1PN temperature is None
Warning: Cooling loop sensor PixelBarrel_BpI_1M_L4D1PN temperature is None
Warning: Cooling loop sensor PixelBarrel_BpI_1M_L4D1PN temperature is None
Warning: Cooling loop sensor PixelBarrel_BpI_1M_L4D1PN temperature is None
Warning: Cooling loop sensor PixelBarrel_BpO_4I_L1D2PF temperature is None
Warning: Cooling loop sensor PixelBarrel_BpO_4I_L1D2PF temperature is None
Warning: Cooling loop sensor PixelBarrel_BpO_4I_L1D2PF temperature is None
Warning: Cooling loop sensor PixelBarrel_BpO_4R_L1D2PF temperature is None
Warning: Cooling loop sensor PixelBarrel_BpO_4R_L1D2PF temperature is None
Warning: Cooling loop sensor PixelBarrel_BpO_4R_L1D2PF temperature is None
Warning: Cooling loop sensor PixelBarrel_BpO_5I_L3D3PF temperature is None
Warning: Cooling loop sensor PixelBarrel_BpO_5I_L3D3PF temperature is None
Warning: Cooling loop sensor PixelBarrel_BpO_5I_L3D3PF temperature is None
Warning: Cooling loop sensor PixelBarrel_BpO_5M_L3D3PF temperature is None
Warning: Cooling loop sensor PixelBarrel_BpO_5M_L3D3PF temperature is None
Warning: Cooling loop sensor PixelBarrel_BpO_5M_L3D3PF temperature is None
Warning: Cooling loop sensor PixelBarrel_BpO_5R_L3D3PF temperature is None
Warning: Cooling loop sensor PixelBarrel_BpO_5R_L3D3PF temperature is None
Warning: Cooling loop sensor PixelBarrel_BpO_5R_L3D3PF temperature is None
Warning: Cooling loop sensor PixelBarrel_BpO_6I_L4D4PF temperature is None
Warning: Cooling loop sensor PixelBarrel_BpO_6I_L4D4PF temperature is None
Warning: Cooling loop sensor PixelBarrel_BpO_6I_L4D4PF temperature is None
Warning: Cooling loop sensor PixelBarrel_BpO_6M_L4D4PF temperature is None
Warning: Cooling loop sensor PixelBarrel_BpO_6M_L4D4PF temperature is None
Warning: Cooling loop sensor PixelBarrel_BpO_6M_L4D4PF temperature is None
Warning: Cooling loop sensor PixelBarrel_BpI_6I_L4D3PN temperature is None
Warning: Cooling loop sensor PixelBarrel_BmI_1M_L4D2MN temperature is None
Warning: Cooling loop sensor PixelBarrel_BpI_6I_L4D3PN temperature is None
Warning: Cooling loop sensor PixelBarrel_BpI_6M_L4D3PN temperature is None
Warning: Cooling loop sensor PixelBarrel_BpI_6M_L4D3PN temperature is None
Warning: Cooling loop sensor PixelBarrel_BpI_6M_L4D3PN temperature is None
Warning: Cooling loop sensor PixelBarrel_BpI_6R_L4D3PN temperature is None
Warning: Cooling loop sensor PixelBarrel_BpI_6R_L4D3PN temperature is None
Warning: Cooling loop sensor PixelBarrel_BpI_6R_L4D3PN temperature is None
Warning: Cooling loop sensor PixelBarrel_BpI_5I_L3D4PN temperature is None
Warning: Cooling loop sensor PixelBarrel_BpI_5I_L3D4PN temperature is None
Warning: Cooling loop sensor PixelBarrel_BpI_5I_L3D4PN temperature is None
Warning: Cooling loop sensor PixelBarrel_BpI_5M_L3D4PN temperature is None
Warning: Cooling loop sensor PixelBarrel_BpI_5M_L3D4PN temperature is None
Warning: Cooling loop sensor PixelBarrel_BpI_5M_L3D4PN temperature is None
Warning: Cooling loop sensor PixelBarrel_BpI_5R_L3D4PN temperature is None
Warning: Cooling loop sensor PixelBarrel_BpI_5R_L3D4PN temperature is None
Warning: Cooling loop sensor PixelBarrel_BpI_5R_L3D4PN temperature is None
Warning: Cooling loop sensor PixelBarrel_BpI_4I_L2D2PN temperature is None
Warning: Cooling loop sensor PixelBarrel_BpI_4I_L2D2PN temperature is None
Warning: Cooling loop sensor PixelBarrel_BpI_4I_L2D2PN temperature is None
Warning: Cooling loop sensor PixelBarrel_BpI_4M_L2D2PN temperature is None
Warning: Cooling loop sensor PixelBarrel_BpI_4M_L2D2PN temperature is None
Warning: Cooling loop sensor PixelBarrel_BpI_4M_L2D2PN temperature is None
Warning: Cooling loop sensor PixelBarrel_BpI_4R_L2D2PN temperature is None
Warning: Cooling loop sensor PixelBarrel_BpI_4R_L2D2PN temperature is None
Warning: Cooling loop sensor PixelBarrel_BpI_4R_L2D2PN temperature is None
Warning: Cooling loop sensor PixelBarrel_BpO_1I_L4D2PF temperature is None
Warning: Cooling loop sensor PixelBarrel_BpO_1I_L4D2PF temperature is None
Warning: Cooling loop sensor PixelBarrel_BpO_1I_L4D2PF temperature is None
Warning: Cooling loop sensor PixelBarrel_BpO_1M_L4D2PF temperature is None
Warning: Cooling loop sensor PixelBarrel_BpO_1M_L4D2PF temperature is None
Warning: Cooling loop sensor PixelBarrel_BpO_1M_L4D2PF temperature is None
Warning: Cooling loop sensor PixelBarrel_BpO_1R_L4D2PF temperature is None
Warning: Cooling loop sensor PixelBarrel_BpO_1R_L4D2PF temperature is None
Warning: Cooling loop sensor PixelBarrel_BpO_1R_L4D2PF temperature is None
Warning: Cooling loop sensor PixelBarrel_BpO_2I_L3D1PF temperature is None
Warning: Cooling loop sensor PixelBarrel_BpO_2I_L3D1PF temperature is None
Warning: Cooling loop sensor PixelBarrel_BpO_2I_L3D1PF temperature is None
Warning: Cooling loop sensor PixelBarrel_BpO_2M_L3D1PF temperature is None
Warning: Cooling loop sensor PixelBarrel_BpO_2M_L3D1PF temperature is None
Warning: Cooling loop sensor PixelBarrel_BpO_2M_L3D1PF temperature is None
Warning: Cooling loop sensor PixelBarrel_BpO_2R_L3D1PF temperature is None
Warning: Cooling loop sensor PixelBarrel_BpO_2R_L3D1PF temperature is None
Warning: Cooling loop sensor PixelBarrel_BpO_2R_L3D1PF temperature is None
Warning: Cooling loop sensor PixelBarrel_BpO_3I_L2D1PF temperature is None
Warning: Cooling loop sensor PixelBarrel_BpO_3I_L2D1PF temperature is None
Warning: Cooling loop sensor PixelBarrel_BpO_3I_L2D1PF temperature is None
Warning: Cooling loop sensor PixelBarrel_BpO_3M_L2D1PF temperature is None
Warning: Cooling loop sensor PixelBarrel_BpO_3M_L2D1PF temperature is None
Warning: Cooling loop sensor PixelBarrel_BpO_3M_L2D1PF temperature is None
Warning: Cooling loop sensor PixelBarrel_BmI_1I_L4D2MN temperature is None
Warning: Cooling loop sensor PixelBarrel_BmI_1I_L4D2MN temperature is None
Warning: Cooling loop sensor PixelBarrel_BmI_1I_L4D2MN temperature is None
Warning: Cooling loop sensor PixelBarrel_BmI_1M_L4D2MN temperature is None
Warning: Cooling loop sensor PixelBarrel_BmI_1M_L4D2MN temperature is None
Warning: Cooling loop sensor PixelBarrel_BpI_6I_L4D3PN temperature is None
Warning: Cooling loop sensor PixelBarrel_BmO_6I_L4D3MF temperature is None
Warning: Cooling loop sensor PixelBarrel_BmO_6M_L4D3MF temperature is None
Warning: Cooling loop sensor PixelBarrel_BmO_4R_L2D2MF temperature is None
Warning: Cooling loop sensor PixelBarrel_BmO_4I_L2D2MF temperature is None
Warning: Cooling loop sensor PixelBarrel_BmO_4M_L2D2MF temperature is None
Warning: Cooling loop sensor PixelBarrel_BmO_6R_L4D3MF temperature is None
Warning: Cooling loop sensor PixelBarrel_BmI_3M_L2D1MN temperature is None
Warning: Cooling loop sensor PixelBarrel_BmI_3I_L2D1MN temperature is None
Warning: Cooling loop sensor PixelBarrel_BmI_1R_L4D2MN temperature is None
Warning: Cooling loop sensor PixelBarrel_BmI_3R_L2D1MN temperature is None
Warning: Cooling loop sensor PixelBarrel_BpI_4R_L2D2PN temperature is None
Warning: Cooling loop sensor PixelBarrel_BpO_1I_L4D2PF temperature is None
Warning: Cooling loop sensor PixelBarrel_BpO_1M_L4D2PF temperature is None
Warning: Cooling loop sensor PixelBarrel_BpO_1R_L4D2PF temperature is None
Warning: Cooling loop sensor PixelBarrel_BpO_3I_L2D1PF temperature is None
Warning: Cooling loop sensor PixelBarrel_BpO_3M_L2D1PF temperature is None
Warning: Cooling loop sensor PixelBarrel_BpO_3R_L2D1PF temperature is None
Warning: Cooling loop sensor PixelBarrel_BmI_1I_L4D2MN temperature is None
Warning: Cooling loop sensor PixelBarrel_BmI_1M_L4D2MN temperature is None
Warning: Cooling loop sensor PixelBarrel_BpI_4M_L2D2PN temperature is None
Warning: Cooling loop sensor PixelBarrel_BpI_4I_L2D2PN temperature is None
Warning: Cooling loop sensor PixelBarrel_BpI_6R_L4D3PN temperature is None
Warning: Cooling loop sensor PixelBarrel_BpI_6I_L4D3PN temperature is None
Warning: Cooling loop sensor PixelBarrel_BpI_6M_L4D3PN temperature is None
Warning: Cooling loop sensor PixelBarrel_BpI_1R_L4D1PN temperature is None
Warning: Cooling loop sensor PixelBarrel_BmO_1R_L4D1MF temperature is None
Warning: Cooling loop sensor PixelBarrel_BpI_1R_L4D1PN temperature is None
Warning: Cooling loop sensor PixelBarrel_BpO_6R_L4D4PF temperature is None
Warning: Cooling loop sensor PixelBarrel_BpO_6R_L4D4PF temperature is None
Warning: Cooling loop sensor PixelBarrel_BpO_6R_L4D4PF temperature is None
Warning: Cooling loop sensor PixelBarrel_BmI_4R_L1D2MN temperature is None
Warning: Cooling loop sensor PixelBarrel_BmI_4R_L1D2MN temperature is None
Warning: Cooling loop sensor PixelBarrel_BmI_4R_L1D2MN temperature is None
Warning: Cooling loop sensor PixelBarrel_BmI_4M_L1D2MN temperature is None
Warning: Cooling loop sensor PixelBarrel_BmI_4M_L1D2MN temperature is None
Warning: Cooling loop sensor PixelBarrel_BmI_4M_L1D2MN temperature is None
Warning: Cooling loop sensor PixelBarrel_BmI_4I_L1D2MN temperature is None
Warning: Cooling loop sensor PixelBarrel_BmI_4I_L1D2MN temperature is None
Warning: Cooling loop sensor PixelBarrel_BmI_4I_L1D2MN temperature is None
Warning: Cooling loop sensor PixelBarrel_BmI_5R_L3D3MN temperature is None
Warning: Cooling loop sensor PixelBarrel_BmI_5R_L3D3MN temperature is None
Warning: Cooling loop sensor PixelBarrel_BmI_5R_L3D3MN temperature is None
Warning: Cooling loop sensor PixelBarrel_BmI_5M_L3D3MN temperature is None
Warning: Cooling loop sensor PixelBarrel_BmI_5M_L3D3MN temperature is None
Warning: Cooling loop sensor PixelBarrel_BmI_5M_L3D3MN temperature is None
Warning: Cooling loop sensor PixelBarrel_BmI_5I_L3D3MN temperature is None
Warning: Cooling loop sensor PixelBarrel_BmI_5I_L3D3MN temperature is None
Warning: Cooling loop sensor PixelBarrel_BmI_5I_L3D3MN temperature is None
Warning: Cooling loop sensor PixelBarrel_BmI_6R_L4D4MN temperature is None
Warning: Cooling loop sensor PixelBarrel_BmI_6R_L4D4MN temperature is None
Warning: Cooling loop sensor PixelBarrel_BmI_6R_L4D4MN temperature is None
Warning: Cooling loop sensor PixelBarrel_BmI_6M_L4D4MN temperature is None
Warning: Cooling loop sensor PixelBarrel_BmI_6M_L4D4MN temperature is None
Warning: Cooling loop sensor PixelBarrel_BmI_6M_L4D4MN temperature is None
Warning: Cooling loop sensor PixelBarrel_BmI_6I_L4D4MN temperature is None
Warning: Cooling loop sensor PixelBarrel_BmI_6I_L4D4MN temperature is None
Warning: Cooling loop sensor PixelBarrel_BmI_6I_L4D4MN temperature is None
Warning: Cooling loop sensor PixelBarrel_BmO_3I_L1D1MF temperature is None
Warning: Cooling loop sensor PixelBarrel_BmO_3I_L1D1MF temperature is None
Warning: Cooling loop sensor PixelBarrel_BmO_3I_L1D1MF temperature is None
Warning: Cooling loop sensor PixelBarrel_BmO_3M_L1D1MF temperature is None
Warning: Cooling loop sensor PixelBarrel_BmO_3M_L1D1MF temperature is None
Warning: Cooling loop sensor PixelBarrel_BmO_3M_L1D1MF temperature is None
Warning: Cooling loop sensor PixelBarrel_BmO_3R_L1D1MF temperature is None
Warning: Cooling loop sensor PixelBarrel_BmO_3R_L1D1MF temperature is None
Warning: Cooling loop sensor PixelBarrel_BmO_3R_L1D1MF temperature is None
Warning: Cooling loop sensor PixelBarrel_BmO_2R_L3D2MF temperature is None
Warning: Cooling loop sensor PixelBarrel_BmO_2R_L3D2MF temperature is None
Warning: Cooling loop sensor PixelBarrel_BmO_2R_L3D2MF temperature is None
Warning: Cooling loop sensor PixelBarrel_BmO_2M_L3D2MF temperature is None
Warning: Cooling loop sensor PixelBarrel_BmO_2M_L3D2MF temperature is None
Warning: Cooling loop sensor PixelBarrel_BmO_2M_L3D2MF temperature is None
Warning: Cooling loop sensor PixelBarrel_BmO_2I_L3D2MF temperature is None
Warning: Cooling loop sensor PixelBarrel_BmO_2I_L3D2MF temperature is None
Warning: Cooling loop sensor PixelBarrel_BmO_2I_L3D2MF temperature is None
Warning: Cooling loop sensor PixelBarrel_BmO_1I_L4D1MF temperature is None
Warning: Cooling loop sensor PixelBarrel_BmO_1I_L4D1MF temperature is None
Warning: Cooling loop sensor PixelBarrel_BmO_1I_L4D1MF temperature is None
Warning: Cooling loop sensor PixelBarrel_BmO_1M_L4D1MF temperature is None
Warning: Cooling loop sensor PixelBarrel_BmO_1M_L4D1MF temperature is None
Warning: Cooling loop sensor PixelBarrel_BmO_1M_L4D1MF temperature is None
Warning: Cooling loop sensor PixelBarrel_BmO_1R_L4D1MF temperature is None
Warning: Cooling loop sensor PixelBarrel_BmO_1R_L4D1MF temperature is None
Warning: Cooling loop sensor PixelBarrel_BpI_1R_L4D1PN temperature is None
Warning: Cooling loop sensor PixelBarrel_BpO_3R_L2D1PF temperature is None
Warning: Cooling loop sensor PixelBarrel_BpO_3R_L2D1PF temperature is None
Warning: Cooling loop sensor PixelBarrel_BpO_3R_L2D1PF temperature is None
Warning: Cooling loop sensor PixelBarrel_BmI_1R_L4D2MN temperature is None
Warning: Cooling loop sensor PixelBarrel_BmI_1R_L4D2MN temperature is None
Warning: Cooling loop sensor PixelBarrel_BmI_1R_L4D2MN temperature is None
Warning: Cooling loop sensor PixelBarrel_BmI_2I_L3D1MN temperature is None
Warning: Cooling loop sensor PixelBarrel_BmI_2I_L3D1MN temperature is None
Warning: Cooling loop sensor PixelBarrel_BmI_2I_L3D1MN temperature is None
Warning: Cooling loop sensor PixelBarrel_BmI_2R_L3D1MN temperature is None
Warning: Cooling loop sensor PixelBarrel_BmI_2R_L3D1MN temperature is None
Warning: Cooling loop sensor PixelBarrel_BmI_2R_L3D1MN temperature is None
Warning: Cooling loop sensor PixelBarrel_BmI_3I_L2D1MN temperature is None
Warning: Cooling loop sensor PixelBarrel_BmI_3I_L2D1MN temperature is None
Warning: Cooling loop sensor PixelBarrel_BmI_3I_L2D1MN temperature is None
Warning: Cooling loop sensor PixelBarrel_BmI_3M_L2D1MN temperature is None
Warning: Cooling loop sensor PixelBarrel_BmI_3M_L2D1MN temperature is None
Warning: Cooling loop sensor PixelBarrel_BmI_3M_L2D1MN temperature is None
Warning: Cooling loop sensor PixelBarrel_BmI_3R_L2D1MN temperature is None
Warning: Cooling loop sensor PixelBarrel_BmI_3R_L2D1MN temperature is None
Warning: Cooling loop sensor PixelBarrel_BmI_3R_L2D1MN temperature is None
Warning: Cooling loop sensor PixelBarrel_BmO_6I_L4D3MF temperature is None
Warning: Cooling loop sensor PixelBarrel_BmO_6I_L4D3MF temperature is None
Warning: Cooling loop sensor PixelBarrel_BmO_6I_L4D3MF temperature is None
Warning: Cooling loop sensor PixelBarrel_BmO_6M_L4D3MF temperature is None
Warning: Cooling loop sensor PixelBarrel_BmO_6M_L4D3MF temperature is None
Warning: Cooling loop sensor PixelBarrel_BmO_6M_L4D3MF temperature is None
Warning: Cooling loop sensor PixelBarrel_BmO_6R_L4D3MF temperature is None
Warning: Cooling loop sensor PixelBarrel_BmO_6R_L4D3MF temperature is None
Warning: Cooling loop sensor PixelBarrel_BmO_6R_L4D3MF temperature is None
Warning: Cooling loop sensor PixelBarrel_BmO_5I_L3D4MF temperature is None
Warning: Cooling loop sensor PixelBarrel_BmO_5I_L3D4MF temperature is None
Warning: Cooling loop sensor PixelBarrel_BmO_5I_L3D4MF temperature is None
Warning: Cooling loop sensor PixelBarrel_BmO_5M_L3D4MF temperature is None
Warning: Cooling loop sensor PixelBarrel_BmO_5M_L3D4MF temperature is None
Warning: Cooling loop sensor PixelBarrel_BmO_5M_L3D4MF temperature is None
Warning: Cooling loop sensor PixelBarrel_BmO_5R_L3D4MF temperature is None
Warning: Cooling loop sensor PixelBarrel_BmO_5R_L3D4MF temperature is None
Warning: Cooling loop sensor PixelBarrel_BmO_5R_L3D4MF temperature is None
Warning: Cooling loop sensor PixelBarrel_BmO_4I_L2D2MF temperature is None
Warning: Cooling loop sensor PixelBarrel_BmO_4I_L2D2MF temperature is None
Warning: Cooling loop sensor PixelBarrel_BmO_4I_L2D2MF temperature is None
Warning: Cooling loop sensor PixelBarrel_BmO_4M_L2D2MF temperature is None
Warning: Cooling loop sensor PixelBarrel_BmO_4M_L2D2MF temperature is None
Warning: Cooling loop sensor PixelBarrel_BmO_4M_L2D2MF temperature is None
Warning: Cooling loop sensor PixelBarrel_BmO_4R_L2D2MF temperature is None
Warning: Cooling loop sensor PixelBarrel_BmO_4R_L2D2MF temperature is None
Warning: Cooling loop sensor PixelBarrel_BmO_4R_L2D2MF temperature is None
Warning: Cooling loop sensor PixelBarrel_BpI_3I_L1D1PN temperature is None
Warning: Cooling loop sensor PixelBarrel_BpI_3I_L1D1PN temperature is None
Warning: Cooling loop sensor PixelBarrel_BpI_3I_L1D1PN temperature is None
Warning: Cooling loop sensor PixelBarrel_BpI_3R_L1D1PN temperature is None
Warning: Cooling loop sensor PixelBarrel_BpI_3R_L1D1PN temperature is None
Warning: Cooling loop sensor PixelBarrel_BpI_3R_L1D1PN temperature is None
Warning: Cooling loop sensor PixelBarrel_BpI_2I_L3D2PN temperature is None
Warning: Cooling loop sensor PixelBarrel_BpI_2I_L3D2PN temperature is None
Warning: Cooling loop sensor PixelBarrel_BpI_2I_L3D2PN temperature is None
Warning: Cooling loop sensor PixelBarrel_BpI_2M_L3D2PN temperature is None
Warning: Cooling loop sensor PixelBarrel_BpI_2M_L3D2PN temperature is None
Warning: Cooling loop sensor PixelBarrel_BpI_2M_L3D2PN temperature is None
Warning: Cooling loop sensor PixelBarrel_BpI_2R_L3D2PN temperature is None
Warning: Cooling loop sensor PixelBarrel_BpI_2R_L3D2PN temperature is None
Warning: Cooling loop sensor PixelBarrel_BpI_2R_L3D2PN temperature is None
Warning: Cooling loop sensor PixelBarrel_BpI_1I_L4D1PN temperature is None
Warning: Cooling loop sensor PixelBarrel_BpI_1I_L4D1PN temperature is None
Warning: Cooling loop sensor PixelBarrel_BpI_1I_L4D1PN temperature is None
Warning: Cooling loop sensor PixelBarrel_BpI_1M_L4D1PN temperature is None
Warning: Cooling loop sensor PixelBarrel_BpI_1M_L4D1PN temperature is None
Warning: Cooling loop sensor PixelBarrel_BpI_1M_L4D1PN temperature is None
Warning: Cooling loop sensor PixelBarrel_BpO_4I_L1D2PF temperature is None
Warning: Cooling loop sensor PixelBarrel_BpO_4I_L1D2PF temperature is None
Warning: Cooling loop sensor PixelBarrel_BpO_4I_L1D2PF temperature is None
Warning: Cooling loop sensor PixelBarrel_BpO_4R_L1D2PF temperature is None
Warning: Cooling loop sensor PixelBarrel_BpO_4R_L1D2PF temperature is None
Warning: Cooling loop sensor PixelBarrel_BpO_4R_L1D2PF temperature is None
Warning: Cooling loop sensor PixelBarrel_BpO_5I_L3D3PF temperature is None
Warning: Cooling loop sensor PixelBarrel_BpO_5I_L3D3PF temperature is None
Warning: Cooling loop sensor PixelBarrel_BpO_5I_L3D3PF temperature is None
Warning: Cooling loop sensor PixelBarrel_BpO_5M_L3D3PF temperature is None
Warning: Cooling loop sensor PixelBarrel_BpO_5M_L3D3PF temperature is None
Warning: Cooling loop sensor PixelBarrel_BpO_5M_L3D3PF temperature is None
Warning: Cooling loop sensor PixelBarrel_BpO_5R_L3D3PF temperature is None
Warning: Cooling loop sensor PixelBarrel_BpO_5R_L3D3PF temperature is None
Warning: Cooling loop sensor PixelBarrel_BpO_5R_L3D3PF temperature is None
Warning: Cooling loop sensor PixelBarrel_BpO_6I_L4D4PF temperature is None
Warning: Cooling loop sensor PixelBarrel_BpO_6I_L4D4PF temperature is None
Warning: Cooling loop sensor PixelBarrel_BpO_6I_L4D4PF temperature is None
Warning: Cooling loop sensor PixelBarrel_BpO_6M_L4D4PF temperature is None
Warning: Cooling loop sensor PixelBarrel_BpO_6M_L4D4PF temperature is None
Warning: Cooling loop sensor PixelBarrel_BpO_6M_L4D4PF temperature is None
Warning: Cooling loop sensor PixelBarrel_BpI_6I_L4D3PN temperature is None
Warning: Cooling loop sensor PixelBarrel_BmI_1M_L4D2MN temperature is None
Warning: Cooling loop sensor PixelBarrel_BpI_6I_L4D3PN temperature is None
Warning: Cooling loop sensor PixelBarrel_BpI_6M_L4D3PN temperature is None
Warning: Cooling loop sensor PixelBarrel_BpI_6M_L4D3PN temperature is None
Warning: Cooling loop sensor PixelBarrel_BpI_6M_L4D3PN temperature is None
Warning: Cooling loop sensor PixelBarrel_BpI_6R_L4D3PN temperature is None
Warning: Cooling loop sensor PixelBarrel_BpI_6R_L4D3PN temperature is None
Warning: Cooling loop sensor PixelBarrel_BpI_6R_L4D3PN temperature is None
Warning: Cooling loop sensor PixelBarrel_BpI_5I_L3D4PN temperature is None
Warning: Cooling loop sensor PixelBarrel_BpI_5I_L3D4PN temperature is None
Warning: Cooling loop sensor PixelBarrel_BpI_5I_L3D4PN temperature is None
Warning: Cooling loop sensor PixelBarrel_BpI_5M_L3D4PN temperature is None
Warning: Cooling loop sensor PixelBarrel_BpI_5M_L3D4PN temperature is None
Warning: Cooling loop sensor PixelBarrel_BpI_5M_L3D4PN temperature is None
Warning: Cooling loop sensor PixelBarrel_BpI_5R_L3D4PN temperature is None
Warning: Cooling loop sensor PixelBarrel_BpI_5R_L3D4PN temperature is None
Warning: Cooling loop sensor PixelBarrel_BpI_5R_L3D4PN temperature is None
Warning: Cooling loop sensor PixelBarrel_BpI_4I_L2D2PN temperature is None
Warning: Cooling loop sensor PixelBarrel_BpI_4I_L2D2PN temperature is None
Warning: Cooling loop sensor PixelBarrel_BpI_4I_L2D2PN temperature is None
Warning: Cooling loop sensor PixelBarrel_BpI_4M_L2D2PN temperature is None
Warning: Cooling loop sensor PixelBarrel_BpI_4M_L2D2PN temperature is None
Warning: Cooling loop sensor PixelBarrel_BpI_4M_L2D2PN temperature is None
Warning: Cooling loop sensor PixelBarrel_BpI_4R_L2D2PN temperature is None
Warning: Cooling loop sensor PixelBarrel_BpI_4R_L2D2PN temperature is None
Warning: Cooling loop sensor PixelBarrel_BpI_4R_L2D2PN temperature is None
Warning: Cooling loop sensor PixelBarrel_BpO_1I_L4D2PF temperature is None
Warning: Cooling loop sensor PixelBarrel_BpO_1I_L4D2PF temperature is None
Warning: Cooling loop sensor PixelBarrel_BpO_1I_L4D2PF temperature is None
Warning: Cooling loop sensor PixelBarrel_BpO_1M_L4D2PF temperature is None
Warning: Cooling loop sensor PixelBarrel_BpO_1M_L4D2PF temperature is None
Warning: Cooling loop sensor PixelBarrel_BpO_1M_L4D2PF temperature is None
Warning: Cooling loop sensor PixelBarrel_BpO_1R_L4D2PF temperature is None
Warning: Cooling loop sensor PixelBarrel_BpO_1R_L4D2PF temperature is None
Warning: Cooling loop sensor PixelBarrel_BpO_1R_L4D2PF temperature is None
Warning: Cooling loop sensor PixelBarrel_BpO_2I_L3D1PF temperature is None
Warning: Cooling loop sensor PixelBarrel_BpO_2I_L3D1PF temperature is None
Warning: Cooling loop sensor PixelBarrel_BpO_2I_L3D1PF temperature is None
Warning: Cooling loop sensor PixelBarrel_BpO_2M_L3D1PF temperature is None
Warning: Cooling loop sensor PixelBarrel_BpO_2M_L3D1PF temperature is None
Warning: Cooling loop sensor PixelBarrel_BpO_2M_L3D1PF temperature is None
Warning: Cooling loop sensor PixelBarrel_BpO_2R_L3D1PF temperature is None
Warning: Cooling loop sensor PixelBarrel_BpO_2R_L3D1PF temperature is None
Warning: Cooling loop sensor PixelBarrel_BpO_2R_L3D1PF temperature is None
Warning: Cooling loop sensor PixelBarrel_BpO_3I_L2D1PF temperature is None
Warning: Cooling loop sensor PixelBarrel_BpO_3I_L2D1PF temperature is None
Warning: Cooling loop sensor PixelBarrel_BpO_3I_L2D1PF temperature is None
Warning: Cooling loop sensor PixelBarrel_BpO_3M_L2D1PF temperature is None
Warning: Cooling loop sensor PixelBarrel_BpO_3M_L2D1PF temperature is None
Warning: Cooling loop sensor PixelBarrel_BpO_3M_L2D1PF temperature is None
Warning: Cooling loop sensor PixelBarrel_BmI_1I_L4D2MN temperature is None
Warning: Cooling loop sensor PixelBarrel_BmI_1I_L4D2MN temperature is None
Warning: Cooling loop sensor PixelBarrel_BmI_1I_L4D2MN temperature is None
Warning: Cooling loop sensor PixelBarrel_BmI_1M_L4D2MN temperature is None
Warning: Cooling loop sensor PixelBarrel_BmI_1M_L4D2MN temperature is None
Warning: Cooling loop sensor PixelBarrel_BpI_6I_L4D3PN temperature is None
Warning: Cooling loop sensor PixelBarrel_BmO_6I_L4D3MF temperature is None
Warning: Cooling loop sensor PixelBarrel_BmO_6M_L4D3MF temperature is None
Warning: Cooling loop sensor PixelBarrel_BmO_4R_L2D2MF temperature is None
Warning: Cooling loop sensor PixelBarrel_BmO_4I_L2D2MF temperature is None
Warning: Cooling loop sensor PixelBarrel_BmO_4M_L2D2MF temperature is None
Warning: Cooling loop sensor PixelBarrel_BmO_6R_L4D3MF temperature is None
Warning: Cooling loop sensor PixelBarrel_BmI_3M_L2D1MN temperature is None
Warning: Cooling loop sensor PixelBarrel_BmI_3I_L2D1MN temperature is None
Warning: Cooling loop sensor PixelBarrel_BmI_1R_L4D2MN temperature is None
Warning: Cooling loop sensor PixelBarrel_BmI_3R_L2D1MN temperature is None
Warning: Cooling loop sensor PixelBarrel_BpI_4R_L2D2PN temperature is None
Warning: Cooling loop sensor PixelBarrel_BpO_1I_L4D2PF temperature is None
Warning: Cooling loop sensor PixelBarrel_BpO_1M_L4D2PF temperature is None
Warning: Cooling loop sensor PixelBarrel_BpO_1R_L4D2PF temperature is None
Warning: Cooling loop sensor PixelBarrel_BpO_3I_L2D1PF temperature is None
Warning: Cooling loop sensor PixelBarrel_BpO_3M_L2D1PF temperature is None
Warning: Cooling loop sensor PixelBarrel_BpO_3R_L2D1PF temperature is None
Warning: Cooling loop sensor PixelBarrel_BmI_1I_L4D2MN temperature is None
Warning: Cooling loop sensor PixelBarrel_BmI_1M_L4D2MN temperature is None
Warning: Cooling loop sensor PixelBarrel_BpI_4M_L2D2PN temperature is None
Warning: Cooling loop sensor PixelBarrel_BpI_4I_L2D2PN temperature is None
Warning: Cooling loop sensor PixelBarrel_BpI_6R_L4D3PN temperature is None
Warning: Cooling loop sensor PixelBarrel_BpI_6I_L4D3PN temperature is None
Warning: Cooling loop sensor PixelBarrel_BpI_6M_L4D3PN temperature is None
Warning: Cooling loop sensor PixelBarrel_BmO_3M_L1D1MF temperature is None
Warning: Cooling loop sensor PixelBarrel_BmO_3M_L1D1MF temperature is None
Warning: Cooling loop sensor PixelBarrel_BmO_3R_L1D1MF temperature is None
Warning: Cooling loop sensor PixelBarrel_BmO_3R_L1D1MF temperature is None
Warning: Cooling loop sensor PixelBarrel_BmO_2R_L3D2MF temperature is None
Warning: Cooling loop sensor PixelBarrel_BmO_2R_L3D2MF temperature is None
Warning: Cooling loop sensor PixelBarrel_BmO_2R_L3D2MF temperature is None
Warning: Cooling loop sensor PixelBarrel_BmO_2M_L3D2MF temperature is None
Warning: Cooling loop sensor PixelBarrel_BmO_2M_L3D2MF temperature is None
Warning: Cooling loop sensor PixelBarrel_BmO_2M_L3D2MF temperature is None
Warning: Cooling loop sensor PixelBarrel_BmO_2I_L3D2MF temperature is None
Warning: Cooling loop sensor PixelBarrel_BmO_2I_L3D2MF temperature is None
Warning: Cooling loop sensor PixelBarrel_BmO_2I_L3D2MF temperature is None
Warning: Cooling loop sensor PixelBarrel_BmO_1I_L4D1MF temperature is None
Warning: Cooling loop sensor PixelBarrel_BmO_1I_L4D1MF temperature is None
Warning: Cooling loop sensor PixelBarrel_BmO_1I_L4D1MF temperature is None
Warning: Cooling loop sensor PixelBarrel_BmO_1M_L4D1MF temperature is None
Warning: Cooling loop sensor PixelBarrel_BmO_1M_L4D1MF temperature is None
Warning: Cooling loop sensor PixelBarrel_BmO_1M_L4D1MF temperature is None
Warning: Cooling loop sensor PixelBarrel_BmO_1R_L4D1MF temperature is None
Warning: Cooling loop sensor PixelBarrel_BmO_1R_L4D1MF temperature is None
Warning: Cooling loop sensor PixelBarrel_BmO_1R_L4D1MF temperature is None
Warning: Cooling loop sensor PixelBarrel_BpI_1R_L4D1PN temperature is None
Warning: Cooling loop sensor PixelBarrel_BpI_1R_L4D1PN temperature is None
Warning: Cooling loop sensor PixelBarrel_BpI_1R_L4D1PN temperature is None
Warning: Cooling loop sensor PixelBarrel_BpO_6R_L4D4PF temperature is None
Warning: Cooling loop sensor PixelBarrel_BpO_6R_L4D4PF temperature is None
Warning: Cooling loop sensor PixelBarrel_BpO_6R_L4D4PF temperature is None
Warning: Cooling loop sensor PixelBarrel_BmI_4R_L1D2MN temperature is None
Warning: Cooling loop sensor PixelBarrel_BmI_4R_L1D2MN temperature is None
Warning: Cooling loop sensor PixelBarrel_BmI_4R_L1D2MN temperature is None
Warning: Cooling loop sensor PixelBarrel_BmI_4M_L1D2MN temperature is None
Warning: Cooling loop sensor PixelBarrel_BmI_4M_L1D2MN temperature is None
Warning: Cooling loop sensor PixelBarrel_BmI_4M_L1D2MN temperature is None
Warning: Cooling loop sensor PixelBarrel_BmI_4I_L1D2MN temperature is None
Warning: Cooling loop sensor PixelBarrel_BmI_4I_L1D2MN temperature is None
Warning: Cooling loop sensor PixelBarrel_BmI_4I_L1D2MN temperature is None
Warning: Cooling loop sensor PixelBarrel_BmI_5R_L3D3MN temperature is None
Warning: Cooling loop sensor PixelBarrel_BmI_5R_L3D3MN temperature is None
Warning: Cooling loop sensor PixelBarrel_BmI_5R_L3D3MN temperature is None
Warning: Cooling loop sensor PixelBarrel_BmI_5M_L3D3MN temperature is None
Warning: Cooling loop sensor PixelBarrel_BmI_5M_L3D3MN temperature is None
Warning: Cooling loop sensor PixelBarrel_BmI_5M_L3D3MN temperature is None
Warning: Cooling loop sensor PixelBarrel_BmI_5I_L3D3MN temperature is None
Warning: Cooling loop sensor PixelBarrel_BmI_5I_L3D3MN temperature is None
Warning: Cooling loop sensor PixelBarrel_BmI_5I_L3D3MN temperature is None
Warning: Cooling loop sensor PixelBarrel_BmI_6R_L4D4MN temperature is None
Warning: Cooling loop sensor PixelBarrel_BmI_6R_L4D4MN temperature is None
Warning: Cooling loop sensor PixelBarrel_BmI_6R_L4D4MN temperature is None
Warning: Cooling loop sensor PixelBarrel_BmI_6M_L4D4MN temperature is None
Warning: Cooling loop sensor PixelBarrel_BmI_6M_L4D4MN temperature is None
Warning: Cooling loop sensor PixelBarrel_BmI_6M_L4D4MN temperature is None
Warning: Cooling loop sensor PixelBarrel_BmI_6I_L4D4MN temperature is None
Warning: Cooling loop sensor PixelBarrel_BmI_6I_L4D4MN temperature is None
Warning: Cooling loop sensor PixelBarrel_BmI_6I_L4D4MN temperature is None
Warning: Cooling loop sensor PixelBarrel_BmO_3I_L1D1MF temperature is None
Warning: Cooling loop sensor PixelBarrel_BmO_3I_L1D1MF temperature is None
Warning: Cooling loop sensor PixelBarrel_BmO_3I_L1D1MF temperature is None
Warning: Cooling loop sensor PixelBarrel_BmO_3M_L1D1MF temperature is None
Warning: Cooling loop sensor PixelBarrel_BmO_3R_L1D1MF temperature is None
Warning: Cooling loop sensor PixelBarrel_BpI_1I_L4D1PN temperature is None
Warning: Cooling loop sensor PixelBarrel_BpI_1I_L4D1PN temperature is None
Warning: Cooling loop sensor PixelBarrel_BpI_1M_L4D1PN temperature is None
Warning: Cooling loop sensor PixelBarrel_BpI_1M_L4D1PN temperature is None
Warning: Cooling loop sensor PixelBarrel_BpI_1M_L4D1PN temperature is None
Warning: Cooling loop sensor PixelBarrel_BpO_4I_L1D2PF temperature is None
Warning: Cooling loop sensor PixelBarrel_BpO_4I_L1D2PF temperature is None
Warning: Cooling loop sensor PixelBarrel_BpO_4I_L1D2PF temperature is None
Warning: Cooling loop sensor PixelBarrel_BpO_4R_L1D2PF temperature is None
Warning: Cooling loop sensor PixelBarrel_BpO_4R_L1D2PF temperature is None
Warning: Cooling loop sensor PixelBarrel_BpO_4R_L1D2PF temperature is None
Warning: Cooling loop sensor PixelBarrel_BpO_5I_L3D3PF temperature is None
Warning: Cooling loop sensor PixelBarrel_BpO_5I_L3D3PF temperature is None
Warning: Cooling loop sensor PixelBarrel_BpO_5I_L3D3PF temperature is None
Warning: Cooling loop sensor PixelBarrel_BpO_5M_L3D3PF temperature is None
Warning: Cooling loop sensor PixelBarrel_BpO_5M_L3D3PF temperature is None
Warning: Cooling loop sensor PixelBarrel_BpO_5M_L3D3PF temperature is None
Warning: Cooling loop sensor PixelBarrel_BpO_5R_L3D3PF temperature is None
Warning: Cooling loop sensor PixelBarrel_BpO_5R_L3D3PF temperature is None
Warning: Cooling loop sensor PixelBarrel_BpO_5R_L3D3PF temperature is None
Warning: Cooling loop sensor PixelBarrel_BpO_6I_L4D4PF temperature is None
Warning: Cooling loop sensor PixelBarrel_BpO_6I_L4D4PF temperature is None
Warning: Cooling loop sensor PixelBarrel_BpO_6I_L4D4PF temperature is None
Warning: Cooling loop sensor PixelBarrel_BpO_6M_L4D4PF temperature is None
Warning: Cooling loop sensor PixelBarrel_BpO_6M_L4D4PF temperature is None
Warning: Cooling loop sensor PixelBarrel_BpO_6M_L4D4PF temperature is None
Warning: Cooling loop sensor PixelBarrel_BpO_3R_L2D1PF temperature is None
Warning: Cooling loop sensor PixelBarrel_BpO_3R_L2D1PF temperature is None
Warning: Cooling loop sensor PixelBarrel_BpO_3R_L2D1PF temperature is None
Warning: Cooling loop sensor PixelBarrel_BmI_1R_L4D2MN temperature is None
Warning: Cooling loop sensor PixelBarrel_BmI_1R_L4D2MN temperature is None
Warning: Cooling loop sensor PixelBarrel_BmI_1R_L4D2MN temperature is None
Warning: Cooling loop sensor PixelBarrel_BmI_2I_L3D1MN temperature is None
Warning: Cooling loop sensor PixelBarrel_BmI_2I_L3D1MN temperature is None
Warning: Cooling loop sensor PixelBarrel_BmI_2I_L3D1MN temperature is None
Warning: Cooling loop sensor PixelBarrel_BmI_2R_L3D1MN temperature is None
Warning: Cooling loop sensor PixelBarrel_BmI_2R_L3D1MN temperature is None
Warning: Cooling loop sensor PixelBarrel_BmI_2R_L3D1MN temperature is None
Warning: Cooling loop sensor PixelBarrel_BmI_3I_L2D1MN temperature is None
Warning: Cooling loop sensor PixelBarrel_BmI_3I_L2D1MN temperature is None
Warning: Cooling loop sensor PixelBarrel_BmI_3I_L2D1MN temperature is None
Warning: Cooling loop sensor PixelBarrel_BmI_3M_L2D1MN temperature is None
Warning: Cooling loop sensor PixelBarrel_BmI_3M_L2D1MN temperature is None
Warning: Cooling loop sensor PixelBarrel_BmI_3M_L2D1MN temperature is None
Warning: Cooling loop sensor PixelBarrel_BmI_3R_L2D1MN temperature is None
Warning: Cooling loop sensor PixelBarrel_BmI_3R_L2D1MN temperature is None
Warning: Cooling loop sensor PixelBarrel_BmI_3R_L2D1MN temperature is None
Warning: Cooling loop sensor PixelBarrel_BmO_6I_L4D3MF temperature is None
Warning: Cooling loop sensor PixelBarrel_BmO_6I_L4D3MF temperature is None
Warning: Cooling loop sensor PixelBarrel_BmO_6I_L4D3MF temperature is None
Warning: Cooling loop sensor PixelBarrel_BmO_6M_L4D3MF temperature is None
Warning: Cooling loop sensor PixelBarrel_BmO_6M_L4D3MF temperature is None
Warning: Cooling loop sensor PixelBarrel_BmO_6M_L4D3MF temperature is None
Warning: Cooling loop sensor PixelBarrel_BmO_6R_L4D3MF temperature is None
Warning: Cooling loop sensor PixelBarrel_BmO_6R_L4D3MF temperature is None
Warning: Cooling loop sensor PixelBarrel_BmO_6R_L4D3MF temperature is None
Warning: Cooling loop sensor PixelBarrel_BmO_5I_L3D4MF temperature is None
Warning: Cooling loop sensor PixelBarrel_BmO_5I_L3D4MF temperature is None
Warning: Cooling loop sensor PixelBarrel_BmO_5I_L3D4MF temperature is None
Warning: Cooling loop sensor PixelBarrel_BmO_5M_L3D4MF temperature is None
Warning: Cooling loop sensor PixelBarrel_BmO_5M_L3D4MF temperature is None
Warning: Cooling loop sensor PixelBarrel_BmO_5M_L3D4MF temperature is None
Warning: Cooling loop sensor PixelBarrel_BmO_5R_L3D4MF temperature is None
Warning: Cooling loop sensor PixelBarrel_BmO_5R_L3D4MF temperature is None
Warning: Cooling loop sensor PixelBarrel_BmO_5R_L3D4MF temperature is None
Warning: Cooling loop sensor PixelBarrel_BmO_4I_L2D2MF temperature is None
Warning: Cooling loop sensor PixelBarrel_BmO_4I_L2D2MF temperature is None
Warning: Cooling loop sensor PixelBarrel_BmO_4I_L2D2MF temperature is None
Warning: Cooling loop sensor PixelBarrel_BmO_4M_L2D2MF temperature is None
Warning: Cooling loop sensor PixelBarrel_BmO_4M_L2D2MF temperature is None
Warning: Cooling loop sensor PixelBarrel_BmO_4M_L2D2MF temperature is None
Warning: Cooling loop sensor PixelBarrel_BmO_4R_L2D2MF temperature is None
Warning: Cooling loop sensor PixelBarrel_BmO_4R_L2D2MF temperature is None
Warning: Cooling loop sensor PixelBarrel_BmO_4R_L2D2MF temperature is None
Warning: Cooling loop sensor PixelBarrel_BpI_3I_L1D1PN temperature is None
Warning: Cooling loop sensor PixelBarrel_BpI_3I_L1D1PN temperature is None
Warning: Cooling loop sensor PixelBarrel_BpI_3I_L1D1PN temperature is None
Warning: Cooling loop sensor PixelBarrel_BpI_3R_L1D1PN temperature is None
Warning: Cooling loop sensor PixelBarrel_BpI_3R_L1D1PN temperature is None
Warning: Cooling loop sensor PixelBarrel_BpI_3R_L1D1PN temperature is None
Warning: Cooling loop sensor PixelBarrel_BpI_2I_L3D2PN temperature is None
Warning: Cooling loop sensor PixelBarrel_BpI_2I_L3D2PN temperature is None
Warning: Cooling loop sensor PixelBarrel_BpI_2I_L3D2PN temperature is None
Warning: Cooling loop sensor PixelBarrel_BpI_2M_L3D2PN temperature is None
Warning: Cooling loop sensor PixelBarrel_BpI_2M_L3D2PN temperature is None
Warning: Cooling loop sensor PixelBarrel_BpI_2M_L3D2PN temperature is None
Warning: Cooling loop sensor PixelBarrel_BpI_2R_L3D2PN temperature is None
Warning: Cooling loop sensor PixelBarrel_BpI_2R_L3D2PN temperature is None
Warning: Cooling loop sensor PixelBarrel_BpI_2R_L3D2PN temperature is None
Warning: Cooling loop sensor PixelBarrel_BpI_1I_L4D1PN temperature is None
Warning: Cooling loop sensor PixelBarrel_BpI_6I_L4D3PN temperature is None
Warning: Cooling loop sensor PixelBarrel_BpI_6I_L4D3PN temperature is None
Warning: Cooling loop sensor PixelBarrel_BpI_6I_L4D3PN temperature is None
Warning: Cooling loop sensor PixelBarrel_BpI_6M_L4D3PN temperature is None
Warning: Cooling loop sensor PixelBarrel_BpI_6M_L4D3PN temperature is None
Warning: Cooling loop sensor PixelBarrel_BpI_6M_L4D3PN temperature is None
Warning: Cooling loop sensor PixelBarrel_BpI_6R_L4D3PN temperature is None
Warning: Cooling loop sensor PixelBarrel_BpI_6R_L4D3PN temperature is None
Warning: Cooling loop sensor PixelBarrel_BpI_6R_L4D3PN temperature is None
Warning: Cooling loop sensor PixelBarrel_BpI_5I_L3D4PN temperature is None
Warning: Cooling loop sensor PixelBarrel_BpI_5I_L3D4PN temperature is None
Warning: Cooling loop sensor PixelBarrel_BpI_5I_L3D4PN temperature is None
Warning: Cooling loop sensor PixelBarrel_BpI_5M_L3D4PN temperature is None
Warning: Cooling loop sensor PixelBarrel_BpI_5M_L3D4PN temperature is None
Warning: Cooling loop sensor PixelBarrel_BpI_5M_L3D4PN temperature is None
Warning: Cooling loop sensor PixelBarrel_BpI_5R_L3D4PN temperature is None
Warning: Cooling loop sensor PixelBarrel_BpI_5R_L3D4PN temperature is None
Warning: Cooling loop sensor PixelBarrel_BpI_5R_L3D4PN temperature is None
Warning: Cooling loop sensor PixelBarrel_BpI_4I_L2D2PN temperature is None
Warning: Cooling loop sensor PixelBarrel_BpI_4I_L2D2PN temperature is None
Warning: Cooling loop sensor PixelBarrel_BpI_4I_L2D2PN temperature is None
Warning: Cooling loop sensor PixelBarrel_BpI_4M_L2D2PN temperature is None
Warning: Cooling loop sensor PixelBarrel_BpI_4M_L2D2PN temperature is None
Warning: Cooling loop sensor PixelBarrel_BpI_4M_L2D2PN temperature is None
Warning: Cooling loop sensor PixelBarrel_BpI_4R_L2D2PN temperature is None
Warning: Cooling loop sensor PixelBarrel_BpI_4R_L2D2PN temperature is None
Warning: Cooling loop sensor PixelBarrel_BpI_4R_L2D2PN temperature is None
Warning: Cooling loop sensor PixelBarrel_BpO_1I_L4D2PF temperature is None
Warning: Cooling loop sensor PixelBarrel_BpO_1I_L4D2PF temperature is None
Warning: Cooling loop sensor PixelBarrel_BpO_1I_L4D2PF temperature is None
Warning: Cooling loop sensor PixelBarrel_BpO_1M_L4D2PF temperature is None
Warning: Cooling loop sensor PixelBarrel_BpO_1M_L4D2PF temperature is None
Warning: Cooling loop sensor PixelBarrel_BpO_1M_L4D2PF temperature is None
Warning: Cooling loop sensor PixelBarrel_BpO_1R_L4D2PF temperature is None
Warning: Cooling loop sensor PixelBarrel_BpO_1R_L4D2PF temperature is None
Warning: Cooling loop sensor PixelBarrel_BpO_1R_L4D2PF temperature is None
Warning: Cooling loop sensor PixelBarrel_BpO_2I_L3D1PF temperature is None
Warning: Cooling loop sensor PixelBarrel_BpO_2I_L3D1PF temperature is None
Warning: Cooling loop sensor PixelBarrel_BpO_2I_L3D1PF temperature is None
Warning: Cooling loop sensor PixelBarrel_BpO_2M_L3D1PF temperature is None
Warning: Cooling loop sensor PixelBarrel_BpO_2M_L3D1PF temperature is None
Warning: Cooling loop sensor PixelBarrel_BpO_2M_L3D1PF temperature is None
Warning: Cooling loop sensor PixelBarrel_BpO_2R_L3D1PF temperature is None
Warning: Cooling loop sensor PixelBarrel_BpO_2R_L3D1PF temperature is None
Warning: Cooling loop sensor PixelBarrel_BpO_2R_L3D1PF temperature is None
Warning: Cooling loop sensor PixelBarrel_BpO_3I_L2D1PF temperature is None
Warning: Cooling loop sensor PixelBarrel_BpO_3I_L2D1PF temperature is None
Warning: Cooling loop sensor PixelBarrel_BpO_3I_L2D1PF temperature is None
Warning: Cooling loop sensor PixelBarrel_BpO_3M_L2D1PF temperature is None
Warning: Cooling loop sensor PixelBarrel_BpO_3M_L2D1PF temperature is None
Warning: Cooling loop sensor PixelBarrel_BpO_3M_L2D1PF temperature is None
Warning: Cooling loop sensor PixelBarrel_BmI_1I_L4D2MN temperature is None
Warning: Cooling loop sensor PixelBarrel_BmI_1I_L4D2MN temperature is None
Warning: Cooling loop sensor PixelBarrel_BmI_1I_L4D2MN temperature is None
Warning: Cooling loop sensor PixelBarrel_BmI_1M_L4D2MN temperature is None
Warning: Cooling loop sensor PixelBarrel_BmI_1M_L4D2MN temperature is None
Warning: Cooling loop sensor PixelBarrel_BmI_1M_L4D2MN temperature is None
Warning: Cooling loop sensor PixelBarrel_BmO_4R_L2D2MF temperature is None
Warning: Cooling loop sensor PixelBarrel_BmO_6I_L4D3MF temperature is None
Warning: Cooling loop sensor PixelBarrel_BmO_4M_L2D2MF temperature is None
Warning: Cooling loop sensor PixelBarrel_BmO_6R_L4D3MF temperature is None
Warning: Cooling loop sensor PixelBarrel_BmO_4I_L2D2MF temperature is None
Warning: Cooling loop sensor PixelBarrel_BmO_6M_L4D3MF temperature is None
Warning: Cooling loop sensor PixelBarrel_BmI_3I_L2D1MN temperature is None
Warning: Cooling loop sensor PixelBarrel_BmI_1R_L4D2MN temperature is None
Warning: Cooling loop sensor PixelBarrel_BmI_3R_L2D1MN temperature is None
Warning: Cooling loop sensor PixelBarrel_BmI_3M_L2D1MN temperature is None
Warning: Cooling loop sensor PixelBarrel_BpI_6M_L4D3PN temperature is None
Warning: Cooling loop sensor PixelBarrel_BpI_6R_L4D3PN temperature is None
Warning: Cooling loop sensor PixelBarrel_BpI_4I_L2D2PN temperature is None
Warning: Cooling loop sensor PixelBarrel_BpI_4M_L2D2PN temperature is None
Warning: Cooling loop sensor PixelBarrel_BpI_4R_L2D2PN temperature is None
Warning: Cooling loop sensor PixelBarrel_BpO_1I_L4D2PF temperature is None
Warning: Cooling loop sensor PixelBarrel_BpO_1M_L4D2PF temperature is None
Warning: Cooling loop sensor PixelBarrel_BpO_1R_L4D2PF temperature is None
Warning: Cooling loop sensor PixelBarrel_BpO_3I_L2D1PF temperature is None
Warning: Cooling loop sensor PixelBarrel_BpI_6I_L4D3PN temperature is None
Warning: Cooling loop sensor PixelBarrel_BmI_1M_L4D2MN temperature is None
Warning: Cooling loop sensor PixelBarrel_BpO_3M_L2D1PF temperature is None
Warning: Cooling loop sensor PixelBarrel_BpO_3R_L2D1PF temperature is None
Warning: Cooling loop sensor PixelBarrel_BmI_1I_L4D2MN temperature is None
Warning: Cooling loop sensor PixelBarrel_BmI_5I_L3D3MN temperature is None
Warning: Cooling loop sensor PixelBarrel_BmI_5M_L3D3MN temperature is None
Warning: Cooling loop sensor PixelBarrel_BmI_5I_L3D3MN temperature is None
Warning: Cooling loop sensor PixelBarrel_BmI_6R_L4D4MN temperature is None
Warning: Cooling loop sensor PixelBarrel_BmI_6R_L4D4MN temperature is None
Warning: Cooling loop sensor PixelBarrel_BmI_6R_L4D4MN temperature is None
Warning: Cooling loop sensor PixelBarrel_BmI_6M_L4D4MN temperature is None
Warning: Cooling loop sensor PixelBarrel_BmI_6M_L4D4MN temperature is None
Warning: Cooling loop sensor PixelBarrel_BmI_6M_L4D4MN temperature is None
Warning: Cooling loop sensor PixelBarrel_BmI_6I_L4D4MN temperature is None
Warning: Cooling loop sensor PixelBarrel_BmI_6I_L4D4MN temperature is None
Warning: Cooling loop sensor PixelBarrel_BmI_6I_L4D4MN temperature is None
Warning: Cooling loop sensor PixelBarrel_BmO_3I_L1D1MF temperature is None
Warning: Cooling loop sensor PixelBarrel_BmO_3I_L1D1MF temperature is None
Warning: Cooling loop sensor PixelBarrel_BmO_3I_L1D1MF temperature is None
Warning: Cooling loop sensor PixelBarrel_BmO_3M_L1D1MF temperature is None
Warning: Cooling loop sensor PixelBarrel_BmO_3M_L1D1MF temperature is None
Warning: Cooling loop sensor PixelBarrel_BmO_3M_L1D1MF temperature is None
Warning: Cooling loop sensor PixelBarrel_BmO_3R_L1D1MF temperature is None
Warning: Cooling loop sensor PixelBarrel_BmO_3R_L1D1MF temperature is None
Warning: Cooling loop sensor PixelBarrel_BmO_3R_L1D1MF temperature is None
Warning: Cooling loop sensor PixelBarrel_BmO_2R_L3D2MF temperature is None
Warning: Cooling loop sensor PixelBarrel_BmO_2R_L3D2MF temperature is None
Warning: Cooling loop sensor PixelBarrel_BmO_2R_L3D2MF temperature is None
Warning: Cooling loop sensor PixelBarrel_BmO_2M_L3D2MF temperature is None
Warning: Cooling loop sensor PixelBarrel_BmO_2M_L3D2MF temperature is None
Warning: Cooling loop sensor PixelBarrel_BmO_2M_L3D2MF temperature is None
Warning: Cooling loop sensor PixelBarrel_BmO_2I_L3D2MF temperature is None
Warning: Cooling loop sensor PixelBarrel_BmO_2I_L3D2MF temperature is None
Warning: Cooling loop sensor PixelBarrel_BmO_2I_L3D2MF temperature is None
Warning: Cooling loop sensor PixelBarrel_BmO_1I_L4D1MF temperature is None
Warning: Cooling loop sensor PixelBarrel_BmO_1I_L4D1MF temperature is None
Warning: Cooling loop sensor PixelBarrel_BmO_1I_L4D1MF temperature is None
Warning: Cooling loop sensor PixelBarrel_BmO_1M_L4D1MF temperature is None
Warning: Cooling loop sensor PixelBarrel_BmO_1M_L4D1MF temperature is None
Warning: Cooling loop sensor PixelBarrel_BmO_1M_L4D1MF temperature is None
Warning: Cooling loop sensor PixelBarrel_BmO_1R_L4D1MF temperature is None
Warning: Cooling loop sensor PixelBarrel_BmO_1R_L4D1MF temperature is None
Warning: Cooling loop sensor PixelBarrel_BmO_1R_L4D1MF temperature is None
Warning: Cooling loop sensor PixelBarrel_BpI_1R_L4D1PN temperature is None
Warning: Cooling loop sensor PixelBarrel_BpI_1R_L4D1PN temperature is None
Warning: Cooling loop sensor PixelBarrel_BpI_1R_L4D1PN temperature is None
Warning: Cooling loop sensor PixelBarrel_BpO_6R_L4D4PF temperature is None
Warning: Cooling loop sensor PixelBarrel_BpO_6R_L4D4PF temperature is None
Warning: Cooling loop sensor PixelBarrel_BpO_6R_L4D4PF temperature is None
Warning: Cooling loop sensor PixelBarrel_BmI_4R_L1D2MN temperature is None
Warning: Cooling loop sensor PixelBarrel_BmI_4R_L1D2MN temperature is None
Warning: Cooling loop sensor PixelBarrel_BmI_4R_L1D2MN temperature is None
Warning: Cooling loop sensor PixelBarrel_BmI_4M_L1D2MN temperature is None
Warning: Cooling loop sensor PixelBarrel_BmI_4M_L1D2MN temperature is None
Warning: Cooling loop sensor PixelBarrel_BmI_4M_L1D2MN temperature is None
Warning: Cooling loop sensor PixelBarrel_BmI_4I_L1D2MN temperature is None
Warning: Cooling loop sensor PixelBarrel_BmI_4I_L1D2MN temperature is None
Warning: Cooling loop sensor PixelBarrel_BmI_4I_L1D2MN temperature is None
Warning: Cooling loop sensor PixelBarrel_BmI_5R_L3D3MN temperature is None
Warning: Cooling loop sensor PixelBarrel_BmI_5R_L3D3MN temperature is None
Warning: Cooling loop sensor PixelBarrel_BmI_5R_L3D3MN temperature is None
Warning: Cooling loop sensor PixelBarrel_BmI_5M_L3D3MN temperature is None
Warning: Cooling loop sensor PixelBarrel_BmI_5M_L3D3MN temperature is None
Warning: Cooling loop sensor PixelBarrel_BmI_5I_L3D3MN temperature is None
Warning: Cooling loop sensor PixelBarrel_BpI_3I_L1D1PN temperature is None
Warning: Cooling loop sensor PixelBarrel_BpI_3I_L1D1PN temperature is None
Warning: Cooling loop sensor PixelBarrel_BpI_3I_L1D1PN temperature is None
Warning: Cooling loop sensor PixelBarrel_BpI_3R_L1D1PN temperature is None
Warning: Cooling loop sensor PixelBarrel_BpI_3R_L1D1PN temperature is None
Warning: Cooling loop sensor PixelBarrel_BpI_3R_L1D1PN temperature is None
Warning: Cooling loop sensor PixelBarrel_BpI_2I_L3D2PN temperature is None
Warning: Cooling loop sensor PixelBarrel_BpI_2I_L3D2PN temperature is None
Warning: Cooling loop sensor PixelBarrel_BpI_2I_L3D2PN temperature is None
Warning: Cooling loop sensor PixelBarrel_BpI_2M_L3D2PN temperature is None
Warning: Cooling loop sensor PixelBarrel_BpI_2M_L3D2PN temperature is None
Warning: Cooling loop sensor PixelBarrel_BpI_2M_L3D2PN temperature is None
Warning: Cooling loop sensor PixelBarrel_BpI_2R_L3D2PN temperature is None
Warning: Cooling loop sensor PixelBarrel_BpI_2R_L3D2PN temperature is None
Warning: Cooling loop sensor PixelBarrel_BpI_2R_L3D2PN temperature is None
Warning: Cooling loop sensor PixelBarrel_BpI_1I_L4D1PN temperature is None
Warning: Cooling loop sensor PixelBarrel_BpI_1I_L4D1PN temperature is None
Warning: Cooling loop sensor PixelBarrel_BpI_1I_L4D1PN temperature is None
Warning: Cooling loop sensor PixelBarrel_BpI_1M_L4D1PN temperature is None
Warning: Cooling loop sensor PixelBarrel_BpI_1M_L4D1PN temperature is None
Warning: Cooling loop sensor PixelBarrel_BpI_1M_L4D1PN temperature is None
Warning: Cooling loop sensor PixelBarrel_BpO_4I_L1D2PF temperature is None
Warning: Cooling loop sensor PixelBarrel_BpO_4I_L1D2PF temperature is None
Warning: Cooling loop sensor PixelBarrel_BpO_4I_L1D2PF temperature is None
Warning: Cooling loop sensor PixelBarrel_BpO_4R_L1D2PF temperature is None
Warning: Cooling loop sensor PixelBarrel_BpO_4R_L1D2PF temperature is None
Warning: Cooling loop sensor PixelBarrel_BpO_4R_L1D2PF temperature is None
Warning: Cooling loop sensor PixelBarrel_BpO_5I_L3D3PF temperature is None
Warning: Cooling loop sensor PixelBarrel_BpO_5I_L3D3PF temperature is None
Warning: Cooling loop sensor PixelBarrel_BpO_5I_L3D3PF temperature is None
Warning: Cooling loop sensor PixelBarrel_BpO_5M_L3D3PF temperature is None
Warning: Cooling loop sensor PixelBarrel_BpO_5M_L3D3PF temperature is None
Warning: Cooling loop sensor PixelBarrel_BpO_5M_L3D3PF temperature is None
Warning: Cooling loop sensor PixelBarrel_BpO_5R_L3D3PF temperature is None
Warning: Cooling loop sensor PixelBarrel_BpO_5R_L3D3PF temperature is None
Warning: Cooling loop sensor PixelBarrel_BpO_5R_L3D3PF temperature is None
Warning: Cooling loop sensor PixelBarrel_BpO_6I_L4D4PF temperature is None
Warning: Cooling loop sensor PixelBarrel_BpO_6I_L4D4PF temperature is None
Warning: Cooling loop sensor PixelBarrel_BpO_6I_L4D4PF temperature is None
Warning: Cooling loop sensor PixelBarrel_BpO_6M_L4D4PF temperature is None
Warning: Cooling loop sensor PixelBarrel_BpO_6M_L4D4PF temperature is None
Warning: Cooling loop sensor PixelBarrel_BpO_6M_L4D4PF temperature is None
Warning: Cooling loop sensor PixelBarrel_BpO_3R_L2D1PF temperature is None
Warning: Cooling loop sensor PixelBarrel_BmI_1R_L4D2MN temperature is None
Warning: Cooling loop sensor PixelBarrel_BmI_1R_L4D2MN temperature is None
Warning: Cooling loop sensor PixelBarrel_BmI_1R_L4D2MN temperature is None
Warning: Cooling loop sensor PixelBarrel_BmI_2I_L3D1MN temperature is None
Warning: Cooling loop sensor PixelBarrel_BmI_2I_L3D1MN temperature is None
Warning: Cooling loop sensor PixelBarrel_BmI_2I_L3D1MN temperature is None
Warning: Cooling loop sensor PixelBarrel_BmI_2R_L3D1MN temperature is None
Warning: Cooling loop sensor PixelBarrel_BmI_2R_L3D1MN temperature is None
Warning: Cooling loop sensor PixelBarrel_BmI_2R_L3D1MN temperature is None
Warning: Cooling loop sensor PixelBarrel_BmI_3I_L2D1MN temperature is None
Warning: Cooling loop sensor PixelBarrel_BmI_3I_L2D1MN temperature is None
Warning: Cooling loop sensor PixelBarrel_BmI_3I_L2D1MN temperature is None
Warning: Cooling loop sensor PixelBarrel_BmI_3M_L2D1MN temperature is None
Warning: Cooling loop sensor PixelBarrel_BmI_3M_L2D1MN temperature is None
Warning: Cooling loop sensor PixelBarrel_BmI_3M_L2D1MN temperature is None
Warning: Cooling loop sensor PixelBarrel_BmI_3R_L2D1MN temperature is None
Warning: Cooling loop sensor PixelBarrel_BmI_3R_L2D1MN temperature is None
Warning: Cooling loop sensor PixelBarrel_BmI_3R_L2D1MN temperature is None
Warning: Cooling loop sensor PixelBarrel_BmO_6I_L4D3MF temperature is None
Warning: Cooling loop sensor PixelBarrel_BmO_6I_L4D3MF temperature is None
Warning: Cooling loop sensor PixelBarrel_BmO_6I_L4D3MF temperature is None
Warning: Cooling loop sensor PixelBarrel_BmO_6M_L4D3MF temperature is None
Warning: Cooling loop sensor PixelBarrel_BmO_6M_L4D3MF temperature is None
Warning: Cooling loop sensor PixelBarrel_BmO_6M_L4D3MF temperature is None
Warning: Cooling loop sensor PixelBarrel_BmO_6R_L4D3MF temperature is None
Warning: Cooling loop sensor PixelBarrel_BmO_6R_L4D3MF temperature is None
Warning: Cooling loop sensor PixelBarrel_BmO_6R_L4D3MF temperature is None
Warning: Cooling loop sensor PixelBarrel_BmO_5I_L3D4MF temperature is None
Warning: Cooling loop sensor PixelBarrel_BmO_5I_L3D4MF temperature is None
Warning: Cooling loop sensor PixelBarrel_BmO_5I_L3D4MF temperature is None
Warning: Cooling loop sensor PixelBarrel_BmO_5M_L3D4MF temperature is None
Warning: Cooling loop sensor PixelBarrel_BmO_5M_L3D4MF temperature is None
Warning: Cooling loop sensor PixelBarrel_BmO_5M_L3D4MF temperature is None
Warning: Cooling loop sensor PixelBarrel_BmO_5R_L3D4MF temperature is None
Warning: Cooling loop sensor PixelBarrel_BmO_5R_L3D4MF temperature is None
Warning: Cooling loop sensor PixelBarrel_BmO_5R_L3D4MF temperature is None
Warning: Cooling loop sensor PixelBarrel_BmO_4I_L2D2MF temperature is None
Warning: Cooling loop sensor PixelBarrel_BmO_4I_L2D2MF temperature is None
Warning: Cooling loop sensor PixelBarrel_BmO_4I_L2D2MF temperature is None
Warning: Cooling loop sensor PixelBarrel_BmO_4M_L2D2MF temperature is None
Warning: Cooling loop sensor PixelBarrel_BmO_4M_L2D2MF temperature is None
Warning: Cooling loop sensor PixelBarrel_BmO_4M_L2D2MF temperature is None
Warning: Cooling loop sensor PixelBarrel_BmO_4R_L2D2MF temperature is None
Warning: Cooling loop sensor PixelBarrel_BmO_4R_L2D2MF temperature is None
Warning: Cooling loop sensor PixelBarrel_BmO_4R_L2D2MF temperature is None
Warning: Cooling loop sensor PixelBarrel_BpO_3R_L2D1PF temperature is None
Warning: Cooling loop sensor PixelBarrel_BpO_3R_L2D1PF temperature is None
Warning: Cooling loop sensor PixelBarrel_BmI_1I_L4D2MN temperature is None
Warning: Cooling loop sensor PixelBarrel_BpO_3M_L2D1PF temperature is None
Warning: Cooling loop sensor PixelBarrel_BmI_1I_L4D2MN temperature is None
Warning: Cooling loop sensor PixelBarrel_BmI_1M_L4D2MN temperature is None
Warning: Cooling loop sensor PixelBarrel_BmI_1M_L4D2MN temperature is None
Warning: Cooling loop sensor PixelBarrel_BmI_1M_L4D2MN temperature is None
Warning: Cooling loop sensor PixelBarrel_BpI_6I_L4D3PN temperature is None
Warning: Cooling loop sensor PixelBarrel_BpI_6I_L4D3PN temperature is None
Warning: Cooling loop sensor PixelBarrel_BpI_6I_L4D3PN temperature is None
Warning: Cooling loop sensor PixelBarrel_BpI_6M_L4D3PN temperature is None
Warning: Cooling loop sensor PixelBarrel_BpI_6M_L4D3PN temperature is None
Warning: Cooling loop sensor PixelBarrel_BpI_6M_L4D3PN temperature is None
Warning: Cooling loop sensor PixelBarrel_BpI_6R_L4D3PN temperature is None
Warning: Cooling loop sensor PixelBarrel_BpI_6R_L4D3PN temperature is None
Warning: Cooling loop sensor PixelBarrel_BpI_6R_L4D3PN temperature is None
Warning: Cooling loop sensor PixelBarrel_BpI_5I_L3D4PN temperature is None
Warning: Cooling loop sensor PixelBarrel_BpI_5I_L3D4PN temperature is None
Warning: Cooling loop sensor PixelBarrel_BpI_5I_L3D4PN temperature is None
Warning: Cooling loop sensor PixelBarrel_BpI_5M_L3D4PN temperature is None
Warning: Cooling loop sensor PixelBarrel_BpI_5M_L3D4PN temperature is None
Warning: Cooling loop sensor PixelBarrel_BpI_5M_L3D4PN temperature is None
Warning: Cooling loop sensor PixelBarrel_BpI_5R_L3D4PN temperature is None
Warning: Cooling loop sensor PixelBarrel_BpI_5R_L3D4PN temperature is None
Warning: Cooling loop sensor PixelBarrel_BpI_5R_L3D4PN temperature is None
Warning: Cooling loop sensor PixelBarrel_BpI_4I_L2D2PN temperature is None
Warning: Cooling loop sensor PixelBarrel_BpI_4I_L2D2PN temperature is None
Warning: Cooling loop sensor PixelBarrel_BpI_4I_L2D2PN temperature is None
Warning: Cooling loop sensor PixelBarrel_BpI_4M_L2D2PN temperature is None
Warning: Cooling loop sensor PixelBarrel_BpI_4M_L2D2PN temperature is None
Warning: Cooling loop sensor PixelBarrel_BpI_4M_L2D2PN temperature is None
Warning: Cooling loop sensor PixelBarrel_BpI_4R_L2D2PN temperature is None
Warning: Cooling loop sensor PixelBarrel_BpI_4R_L2D2PN temperature is None
Warning: Cooling loop sensor PixelBarrel_BpI_4R_L2D2PN temperature is None
Warning: Cooling loop sensor PixelBarrel_BpO_1I_L4D2PF temperature is None
Warning: Cooling loop sensor PixelBarrel_BpO_1I_L4D2PF temperature is None
Warning: Cooling loop sensor PixelBarrel_BpO_1I_L4D2PF temperature is None
Warning: Cooling loop sensor PixelBarrel_BpO_1M_L4D2PF temperature is None
Warning: Cooling loop sensor PixelBarrel_BpO_1M_L4D2PF temperature is None
Warning: Cooling loop sensor PixelBarrel_BpO_1M_L4D2PF temperature is None
Warning: Cooling loop sensor PixelBarrel_BpO_1R_L4D2PF temperature is None
Warning: Cooling loop sensor PixelBarrel_BpO_1R_L4D2PF temperature is None
Warning: Cooling loop sensor PixelBarrel_BpO_1R_L4D2PF temperature is None
Warning: Cooling loop sensor PixelBarrel_BpO_2I_L3D1PF temperature is None
Warning: Cooling loop sensor PixelBarrel_BpO_2I_L3D1PF temperature is None
Warning: Cooling loop sensor PixelBarrel_BpO_2I_L3D1PF temperature is None
Warning: Cooling loop sensor PixelBarrel_BpO_2M_L3D1PF temperature is None
Warning: Cooling loop sensor PixelBarrel_BpO_2M_L3D1PF temperature is None
Warning: Cooling loop sensor PixelBarrel_BpO_2M_L3D1PF temperature is None
Warning: Cooling loop sensor PixelBarrel_BpO_2R_L3D1PF temperature is None
Warning: Cooling loop sensor PixelBarrel_BpO_2R_L3D1PF temperature is None
Warning: Cooling loop sensor PixelBarrel_BpO_2R_L3D1PF temperature is None
Warning: Cooling loop sensor PixelBarrel_BpO_3I_L2D1PF temperature is None
Warning: Cooling loop sensor PixelBarrel_BpO_3I_L2D1PF temperature is None
Warning: Cooling loop sensor PixelBarrel_BpO_3I_L2D1PF temperature is None
Warning: Cooling loop sensor PixelBarrel_BpO_3M_L2D1PF temperature is None
Warning: Cooling loop sensor PixelBarrel_BpO_3M_L2D1PF temperature is None
Warning: Cooling loop sensor PixelBarrel_BmI_1I_L4D2MN temperature is None
6213	1505367821	3600		258.52		   4825697		-999.00
Warning: Cooling loop sensor PixelBarrel_BmO_6I_L4D3MF temperature is None
Warning: Cooling loop sensor PixelBarrel_BmO_6M_L4D3MF temperature is None
Warning: Cooling loop sensor PixelBarrel_BmO_4R_L2D2MF temperature is None
Warning: Cooling loop sensor PixelBarrel_BmO_4I_L2D2MF temperature is None
Warning: Cooling loop sensor PixelBarrel_BmO_4M_L2D2MF temperature is None
Warning: Cooling loop sensor PixelBarrel_BmO_6R_L4D3MF temperature is None
Warning: Cooling loop sensor PixelBarrel_BmI_3M_L2D1MN temperature is None
Warning: Cooling loop sensor PixelBarrel_BmI_3I_L2D1MN temperature is None
Warning: Cooling loop sensor PixelBarrel_BmI_1R_L4D2MN temperature is None
Warning: Cooling loop sensor PixelBarrel_BmI_3R_L2D1MN temperature is None
Warning: Cooling loop sensor PixelBarrel_BpI_4R_L2D2PN temperature is None
Warning: Cooling loop sensor PixelBarrel_BpO_1I_L4D2PF temperature is None
Warning: Cooling loop sensor PixelBarrel_BpO_1M_L4D2PF temperature is None
Warning: Cooling loop sensor PixelBarrel_BpO_1R_L4D2PF temperature is None
Warning: Cooling loop sensor PixelBarrel_BpO_3I_L2D1PF temperature is None
Warning: Cooling loop sensor PixelBarrel_BpO_3M_L2D1PF temperature is None
Warning: Cooling loop sensor PixelBarrel_BpO_3R_L2D1PF temperature is None
Warning: Cooling loop sensor PixelBarrel_BmI_1I_L4D2MN temperature is None
Warning: Cooling loop sensor PixelBarrel_BmI_1M_L4D2MN temperature is None
Warning: Cooling loop sensor PixelBarrel_BpI_4M_L2D2PN temperature is None
Warning: Cooling loop sensor PixelBarrel_BpI_4I_L2D2PN temperature is None
Warning: Cooling loop sensor PixelBarrel_BpI_6R_L4D3PN temperature is None
Warning: Cooling loop sensor PixelBarrel_BpI_6I_L4D3PN temperature is None
Warning: Cooling loop sensor PixelBarrel_BpI_6M_L4D3PN temperature is None
Warning: Cooling loop sensor PixelBarrel_BpI_1R_L4D1PN temperature is None
Warning: Cooling loop sensor PixelBarrel_BmO_1R_L4D1MF temperature is None
Warning: Cooling loop sensor PixelBarrel_BpI_1R_L4D1PN temperature is None
Warning: Cooling loop sensor PixelBarrel_BpO_6R_L4D4PF temperature is None
Warning: Cooling loop sensor PixelBarrel_BpO_6R_L4D4PF temperature is None
Warning: Cooling loop sensor PixelBarrel_BpO_6R_L4D4PF temperature is None
Warning: Cooling loop sensor PixelBarrel_BmI_4R_L1D2MN temperature is None
Warning: Cooling loop sensor PixelBarrel_BmI_4R_L1D2MN temperature is None
Warning: Cooling loop sensor PixelBarrel_BmI_4R_L1D2MN temperature is None
Warning: Cooling loop sensor PixelBarrel_BmI_4M_L1D2MN temperature is None
Warning: Cooling loop sensor PixelBarrel_BmI_4M_L1D2MN temperature is None
Warning: Cooling loop sensor PixelBarrel_BmI_4M_L1D2MN temperature is None
Warning: Cooling loop sensor PixelBarrel_BmI_4I_L1D2MN temperature is None
Warning: Cooling loop sensor PixelBarrel_BmI_4I_L1D2MN temperature is None
Warning: Cooling loop sensor PixelBarrel_BmI_4I_L1D2MN temperature is None
Warning: Cooling loop sensor PixelBarrel_BmI_5R_L3D3MN temperature is None
Warning: Cooling loop sensor PixelBarrel_BmI_5R_L3D3MN temperature is None
Warning: Cooling loop sensor PixelBarrel_BmI_5R_L3D3MN temperature is None
Warning: Cooling loop sensor PixelBarrel_BmI_5M_L3D3MN temperature is None
Warning: Cooling loop sensor PixelBarrel_BmI_5M_L3D3MN temperature is None
Warning: Cooling loop sensor PixelBarrel_BmI_5M_L3D3MN temperature is None
Warning: Cooling loop sensor PixelBarrel_BmI_5I_L3D3MN temperature is None
Warning: Cooling loop sensor PixelBarrel_BmI_5I_L3D3MN temperature is None
Warning: Cooling loop sensor PixelBarrel_BmI_5I_L3D3MN temperature is None
Warning: Cooling loop sensor PixelBarrel_BmI_6R_L4D4MN temperature is None
Warning: Cooling loop sensor PixelBarrel_BmI_6R_L4D4MN temperature is None
Warning: Cooling loop sensor PixelBarrel_BmI_6R_L4D4MN temperature is None
Warning: Cooling loop sensor PixelBarrel_BmI_6M_L4D4MN temperature is None
Warning: Cooling loop sensor PixelBarrel_BmI_6M_L4D4MN temperature is None
Warning: Cooling loop sensor PixelBarrel_BmI_6M_L4D4MN temperature is None
Warning: Cooling loop sensor PixelBarrel_BmI_6I_L4D4MN temperature is None
Warning: Cooling loop sensor PixelBarrel_BmI_6I_L4D4MN temperature is None
Warning: Cooling loop sensor PixelBarrel_BmI_6I_L4D4MN temperature is None
Warning: Cooling loop sensor PixelBarrel_BmO_3I_L1D1MF temperature is None
Warning: Cooling loop sensor PixelBarrel_BmO_3I_L1D1MF temperature is None
Warning: Cooling loop sensor PixelBarrel_BmO_3I_L1D1MF temperature is None
Warning: Cooling loop sensor PixelBarrel_BmO_3M_L1D1MF temperature is None
Warning: Cooling loop sensor PixelBarrel_BmO_3M_L1D1MF temperature is None
Warning: Cooling loop sensor PixelBarrel_BmO_3M_L1D1MF temperature is None
Warning: Cooling loop sensor PixelBarrel_BmO_3R_L1D1MF temperature is None
Warning: Cooling loop sensor PixelBarrel_BmO_3R_L1D1MF temperature is None
Warning: Cooling loop sensor PixelBarrel_BmO_3R_L1D1MF temperature is None
Warning: Cooling loop sensor PixelBarrel_BmO_2R_L3D2MF temperature is None
Warning: Cooling loop sensor PixelBarrel_BmO_2R_L3D2MF temperature is None
Warning: Cooling loop sensor PixelBarrel_BmO_2R_L3D2MF temperature is None
Warning: Cooling loop sensor PixelBarrel_BmO_2M_L3D2MF temperature is None
Warning: Cooling loop sensor PixelBarrel_BmO_2M_L3D2MF temperature is None
Warning: Cooling loop sensor PixelBarrel_BmO_2M_L3D2MF temperature is None
Warning: Cooling loop sensor PixelBarrel_BmO_2I_L3D2MF temperature is None
Warning: Cooling loop sensor PixelBarrel_BmO_2I_L3D2MF temperature is None
Warning: Cooling loop sensor PixelBarrel_BmO_2I_L3D2MF temperature is None
Warning: Cooling loop sensor PixelBarrel_BmO_1I_L4D1MF temperature is None
Warning: Cooling loop sensor PixelBarrel_BmO_1I_L4D1MF temperature is None
Warning: Cooling loop sensor PixelBarrel_BmO_1I_L4D1MF temperature is None
Warning: Cooling loop sensor PixelBarrel_BmO_1M_L4D1MF temperature is None
Warning: Cooling loop sensor PixelBarrel_BmO_1M_L4D1MF temperature is None
Warning: Cooling loop sensor PixelBarrel_BmO_1M_L4D1MF temperature is None
Warning: Cooling loop sensor PixelBarrel_BmO_1R_L4D1MF temperature is None
Warning: Cooling loop sensor PixelBarrel_BmO_1R_L4D1MF temperature is None
Warning: Cooling loop sensor PixelBarrel_BpI_1R_L4D1PN temperature is None
Warning: Cooling loop sensor PixelBarrel_BpO_3R_L2D1PF temperature is None
Warning: Cooling loop sensor PixelBarrel_BpO_3R_L2D1PF temperature is None
Warning: Cooling loop sensor PixelBarrel_BpO_3R_L2D1PF temperature is None
Warning: Cooling loop sensor PixelBarrel_BmI_1R_L4D2MN temperature is None
Warning: Cooling loop sensor PixelBarrel_BmI_1R_L4D2MN temperature is None
Warning: Cooling loop sensor PixelBarrel_BmI_1R_L4D2MN temperature is None
Warning: Cooling loop sensor PixelBarrel_BmI_2I_L3D1MN temperature is None
Warning: Cooling loop sensor PixelBarrel_BmI_2I_L3D1MN temperature is None
Warning: Cooling loop sensor PixelBarrel_BmI_2I_L3D1MN temperature is None
Warning: Cooling loop sensor PixelBarrel_BmI_2R_L3D1MN temperature is None
Warning: Cooling loop sensor PixelBarrel_BmI_2R_L3D1MN temperature is None
Warning: Cooling loop sensor PixelBarrel_BmI_2R_L3D1MN temperature is None
Warning: Cooling loop sensor PixelBarrel_BmI_3I_L2D1MN temperature is None
Warning: Cooling loop sensor PixelBarrel_BmI_3I_L2D1MN temperature is None
Warning: Cooling loop sensor PixelBarrel_BmI_3I_L2D1MN temperature is None
Warning: Cooling loop sensor PixelBarrel_BmI_3M_L2D1MN temperature is None
Warning: Cooling loop sensor PixelBarrel_BmI_3M_L2D1MN temperature is None
Warning: Cooling loop sensor PixelBarrel_BmI_3M_L2D1MN temperature is None
Warning: Cooling loop sensor PixelBarrel_BmI_3R_L2D1MN temperature is None
Warning: Cooling loop sensor PixelBarrel_BmI_3R_L2D1MN temperature is None
Warning: Cooling loop sensor PixelBarrel_BmI_3R_L2D1MN temperature is None
Warning: Cooling loop sensor PixelBarrel_BmO_6I_L4D3MF temperature is None
Warning: Cooling loop sensor PixelBarrel_BmO_6I_L4D3MF temperature is None
Warning: Cooling loop sensor PixelBarrel_BmO_6I_L4D3MF temperature is None
Warning: Cooling loop sensor PixelBarrel_BmO_6M_L4D3MF temperature is None
Warning: Cooling loop sensor PixelBarrel_BmO_6M_L4D3MF temperature is None
Warning: Cooling loop sensor PixelBarrel_BmO_6M_L4D3MF temperature is None
Warning: Cooling loop sensor PixelBarrel_BmO_6R_L4D3MF temperature is None
Warning: Cooling loop sensor PixelBarrel_BmO_6R_L4D3MF temperature is None
Warning: Cooling loop sensor PixelBarrel_BmO_6R_L4D3MF temperature is None
Warning: Cooling loop sensor PixelBarrel_BmO_5I_L3D4MF temperature is None
Warning: Cooling loop sensor PixelBarrel_BmO_5I_L3D4MF temperature is None
Warning: Cooling loop sensor PixelBarrel_BmO_5I_L3D4MF temperature is None
Warning: Cooling loop sensor PixelBarrel_BmO_5M_L3D4MF temperature is None
Warning: Cooling loop sensor PixelBarrel_BmO_5M_L3D4MF temperature is None
Warning: Cooling loop sensor PixelBarrel_BmO_5M_L3D4MF temperature is None
Warning: Cooling loop sensor PixelBarrel_BmO_5R_L3D4MF temperature is None
Warning: Cooling loop sensor PixelBarrel_BmO_5R_L3D4MF temperature is None
Warning: Cooling loop sensor PixelBarrel_BmO_5R_L3D4MF temperature is None
Warning: Cooling loop sensor PixelBarrel_BmO_4I_L2D2MF temperature is None
Warning: Cooling loop sensor PixelBarrel_BmO_4I_L2D2MF temperature is None
Warning: Cooling loop sensor PixelBarrel_BmO_4I_L2D2MF temperature is None
Warning: Cooling loop sensor PixelBarrel_BmO_4M_L2D2MF temperature is None
Warning: Cooling loop sensor PixelBarrel_BmO_4M_L2D2MF temperature is None
Warning: Cooling loop sensor PixelBarrel_BmO_4M_L2D2MF temperature is None
Warning: Cooling loop sensor PixelBarrel_BmO_4R_L2D2MF temperature is None
Warning: Cooling loop sensor PixelBarrel_BmO_4R_L2D2MF temperature is None
Warning: Cooling loop sensor PixelBarrel_BmO_4R_L2D2MF temperature is None
Warning: Cooling loop sensor PixelBarrel_BpI_3I_L1D1PN temperature is None
Warning: Cooling loop sensor PixelBarrel_BpI_3I_L1D1PN temperature is None
Warning: Cooling loop sensor PixelBarrel_BpI_3I_L1D1PN temperature is None
Warning: Cooling loop sensor PixelBarrel_BpI_3R_L1D1PN temperature is None
Warning: Cooling loop sensor PixelBarrel_BpI_3R_L1D1PN temperature is None
Warning: Cooling loop sensor PixelBarrel_BpI_3R_L1D1PN temperature is None
Warning: Cooling loop sensor PixelBarrel_BpI_2I_L3D2PN temperature is None
Warning: Cooling loop sensor PixelBarrel_BpI_2I_L3D2PN temperature is None
Warning: Cooling loop sensor PixelBarrel_BpI_2I_L3D2PN temperature is None
Warning: Cooling loop sensor PixelBarrel_BpI_2M_L3D2PN temperature is None
Warning: Cooling loop sensor PixelBarrel_BpI_2M_L3D2PN temperature is None
Warning: Cooling loop sensor PixelBarrel_BpI_2M_L3D2PN temperature is None
Warning: Cooling loop sensor PixelBarrel_BpI_2R_L3D2PN temperature is None
Warning: Cooling loop sensor PixelBarrel_BpI_2R_L3D2PN temperature is None
Warning: Cooling loop sensor PixelBarrel_BpI_2R_L3D2PN temperature is None
Warning: Cooling loop sensor PixelBarrel_BpI_1I_L4D1PN temperature is None
Warning: Cooling loop sensor PixelBarrel_BpI_1I_L4D1PN temperature is None
Warning: Cooling loop sensor PixelBarrel_BpI_1I_L4D1PN temperature is None
Warning: Cooling loop sensor PixelBarrel_BpI_1M_L4D1PN temperature is None
Warning: Cooling loop sensor PixelBarrel_BpI_1M_L4D1PN temperature is None
Warning: Cooling loop sensor PixelBarrel_BpI_1M_L4D1PN temperature is None
Warning: Cooling loop sensor PixelBarrel_BpO_4I_L1D2PF temperature is None
Warning: Cooling loop sensor PixelBarrel_BpO_4I_L1D2PF temperature is None
Warning: Cooling loop sensor PixelBarrel_BpO_4I_L1D2PF temperature is None
Warning: Cooling loop sensor PixelBarrel_BpO_4R_L1D2PF temperature is None
Warning: Cooling loop sensor PixelBarrel_BpO_4R_L1D2PF temperature is None
Warning: Cooling loop sensor PixelBarrel_BpO_4R_L1D2PF temperature is None
Warning: Cooling loop sensor PixelBarrel_BpO_5I_L3D3PF temperature is None
Warning: Cooling loop sensor PixelBarrel_BpO_5I_L3D3PF temperature is None
Warning: Cooling loop sensor PixelBarrel_BpO_5I_L3D3PF temperature is None
Warning: Cooling loop sensor PixelBarrel_BpO_5M_L3D3PF temperature is None
Warning: Cooling loop sensor PixelBarrel_BpO_5M_L3D3PF temperature is None
Warning: Cooling loop sensor PixelBarrel_BpO_5M_L3D3PF temperature is None
Warning: Cooling loop sensor PixelBarrel_BpO_5R_L3D3PF temperature is None
Warning: Cooling loop sensor PixelBarrel_BpO_5R_L3D3PF temperature is None
Warning: Cooling loop sensor PixelBarrel_BpO_5R_L3D3PF temperature is None
Warning: Cooling loop sensor PixelBarrel_BpO_6I_L4D4PF temperature is None
Warning: Cooling loop sensor PixelBarrel_BpO_6I_L4D4PF temperature is None
Warning: Cooling loop sensor PixelBarrel_BpO_6I_L4D4PF temperature is None
Warning: Cooling loop sensor PixelBarrel_BpO_6M_L4D4PF temperature is None
Warning: Cooling loop sensor PixelBarrel_BpO_6M_L4D4PF temperature is None
Warning: Cooling loop sensor PixelBarrel_BpO_6M_L4D4PF temperature is None
Warning: Cooling loop sensor PixelBarrel_BpI_6I_L4D3PN temperature is None
Warning: Cooling loop sensor PixelBarrel_BmI_1M_L4D2MN temperature is None
Warning: Cooling loop sensor PixelBarrel_BpI_6I_L4D3PN temperature is None
Warning: Cooling loop sensor PixelBarrel_BpI_6M_L4D3PN temperature is None
Warning: Cooling loop sensor PixelBarrel_BpI_6M_L4D3PN temperature is None
Warning: Cooling loop sensor PixelBarrel_BpI_6M_L4D3PN temperature is None
Warning: Cooling loop sensor PixelBarrel_BpI_6R_L4D3PN temperature is None
Warning: Cooling loop sensor PixelBarrel_BpI_6R_L4D3PN temperature is None
Warning: Cooling loop sensor PixelBarrel_BpI_6R_L4D3PN temperature is None
Warning: Cooling loop sensor PixelBarrel_BpI_5I_L3D4PN temperature is None
Warning: Cooling loop sensor PixelBarrel_BpI_5I_L3D4PN temperature is None
Warning: Cooling loop sensor PixelBarrel_BpI_5I_L3D4PN temperature is None
Warning: Cooling loop sensor PixelBarrel_BpI_5M_L3D4PN temperature is None
Warning: Cooling loop sensor PixelBarrel_BpI_5M_L3D4PN temperature is None
Warning: Cooling loop sensor PixelBarrel_BpI_5M_L3D4PN temperature is None
Warning: Cooling loop sensor PixelBarrel_BpI_5R_L3D4PN temperature is None
Warning: Cooling loop sensor PixelBarrel_BpI_5R_L3D4PN temperature is None
Warning: Cooling loop sensor PixelBarrel_BpI_5R_L3D4PN temperature is None
Warning: Cooling loop sensor PixelBarrel_BpI_4I_L2D2PN temperature is None
Warning: Cooling loop sensor PixelBarrel_BpI_4I_L2D2PN temperature is None
Warning: Cooling loop sensor PixelBarrel_BpI_4I_L2D2PN temperature is None
Warning: Cooling loop sensor PixelBarrel_BpI_4M_L2D2PN temperature is None
Warning: Cooling loop sensor PixelBarrel_BpI_4M_L2D2PN temperature is None
Warning: Cooling loop sensor PixelBarrel_BpI_4M_L2D2PN temperature is None
Warning: Cooling loop sensor PixelBarrel_BpI_4R_L2D2PN temperature is None
Warning: Cooling loop sensor PixelBarrel_BpI_4R_L2D2PN temperature is None
Warning: Cooling loop sensor PixelBarrel_BpI_4R_L2D2PN temperature is None
Warning: Cooling loop sensor PixelBarrel_BpO_1I_L4D2PF temperature is None
Warning: Cooling loop sensor PixelBarrel_BpO_1I_L4D2PF temperature is None
Warning: Cooling loop sensor PixelBarrel_BpO_1I_L4D2PF temperature is None
Warning: Cooling loop sensor PixelBarrel_BpO_1M_L4D2PF temperature is None
Warning: Cooling loop sensor PixelBarrel_BpO_1M_L4D2PF temperature is None
Warning: Cooling loop sensor PixelBarrel_BpO_1M_L4D2PF temperature is None
Warning: Cooling loop sensor PixelBarrel_BpO_1R_L4D2PF temperature is None
Warning: Cooling loop sensor PixelBarrel_BpO_1R_L4D2PF temperature is None
Warning: Cooling loop sensor PixelBarrel_BpO_1R_L4D2PF temperature is None
Warning: Cooling loop sensor PixelBarrel_BpO_2I_L3D1PF temperature is None
Warning: Cooling loop sensor PixelBarrel_BpO_2I_L3D1PF temperature is None
Warning: Cooling loop sensor PixelBarrel_BpO_2I_L3D1PF temperature is None
Warning: Cooling loop sensor PixelBarrel_BpO_2M_L3D1PF temperature is None
Warning: Cooling loop sensor PixelBarrel_BpO_2M_L3D1PF temperature is None
Warning: Cooling loop sensor PixelBarrel_BpO_2M_L3D1PF temperature is None
Warning: Cooling loop sensor PixelBarrel_BpO_2R_L3D1PF temperature is None
Warning: Cooling loop sensor PixelBarrel_BpO_2R_L3D1PF temperature is None
Warning: Cooling loop sensor PixelBarrel_BpO_2R_L3D1PF temperature is None
Warning: Cooling loop sensor PixelBarrel_BpO_3I_L2D1PF temperature is None
Warning: Cooling loop sensor PixelBarrel_BpO_3I_L2D1PF temperature is None
Warning: Cooling loop sensor PixelBarrel_BpO_3I_L2D1PF temperature is None
Warning: Cooling loop sensor PixelBarrel_BpO_3M_L2D1PF temperature is None
Warning: Cooling loop sensor PixelBarrel_BpO_3M_L2D1PF temperature is None
Warning: Cooling loop sensor PixelBarrel_BpO_3M_L2D1PF temperature is None
Warning: Cooling loop sensor PixelBarrel_BmI_1I_L4D2MN temperature is None
Warning: Cooling loop sensor PixelBarrel_BmI_1I_L4D2MN temperature is None
Warning: Cooling loop sensor PixelBarrel_BmI_1I_L4D2MN temperature is None
Warning: Cooling loop sensor PixelBarrel_BmI_1M_L4D2MN temperature is None
Warning: Cooling loop sensor PixelBarrel_BmI_1M_L4D2MN temperature is None
Warning: Cooling loop sensor PixelBarrel_BpI_6I_L4D3PN temperature is None
Warning: Cooling loop sensor PixelBarrel_BmO_6I_L4D3MF temperature is None
Warning: Cooling loop sensor PixelBarrel_BmO_6M_L4D3MF temperature is None
Warning: Cooling loop sensor PixelBarrel_BmO_4R_L2D2MF temperature is None
Warning: Cooling loop sensor PixelBarrel_BmO_4I_L2D2MF temperature is None
Warning: Cooling loop sensor PixelBarrel_BmO_4M_L2D2MF temperature is None
Warning: Cooling loop sensor PixelBarrel_BmO_6R_L4D3MF temperature is None
Warning: Cooling loop sensor PixelBarrel_BmI_3M_L2D1MN temperature is None
Warning: Cooling loop sensor PixelBarrel_BmI_3I_L2D1MN temperature is None
Warning: Cooling loop sensor PixelBarrel_BmI_1R_L4D2MN temperature is None
Warning: Cooling loop sensor PixelBarrel_BmI_3R_L2D1MN temperature is None
Warning: Cooling loop sensor PixelBarrel_BpI_4R_L2D2PN temperature is None
Warning: Cooling loop sensor PixelBarrel_BpO_1I_L4D2PF temperature is None
Warning: Cooling loop sensor PixelBarrel_BpO_1M_L4D2PF temperature is None
Warning: Cooling loop sensor PixelBarrel_BpO_1R_L4D2PF temperature is None
Warning: Cooling loop sensor PixelBarrel_BpO_3I_L2D1PF temperature is None
Warning: Cooling loop sensor PixelBarrel_BpO_3M_L2D1PF temperature is None
Warning: Cooling loop sensor PixelBarrel_BpO_3R_L2D1PF temperature is None
Warning: Cooling loop sensor PixelBarrel_BmI_1I_L4D2MN temperature is None
Warning: Cooling loop sensor PixelBarrel_BmI_1M_L4D2MN temperature is None
Warning: Cooling loop sensor PixelBarrel_BpI_4M_L2D2PN temperature is None
Warning: Cooling loop sensor PixelBarrel_BpI_4I_L2D2PN temperature is None
Warning: Cooling loop sensor PixelBarrel_BpI_6R_L4D3PN temperature is None
Warning: Cooling loop sensor PixelBarrel_BpI_6I_L4D3PN temperature is None
Warning: Cooling loop sensor PixelBarrel_BpI_6M_L4D3PN temperature is None
Warning: Cooling loop sensor PixelBarrel_BpI_1R_L4D1PN temperature is None
Warning: Cooling loop sensor PixelBarrel_BmO_1R_L4D1MF temperature is None
Warning: Cooling loop sensor PixelBarrel_BpI_1R_L4D1PN temperature is None
Warning: Cooling loop sensor PixelBarrel_BpO_6R_L4D4PF temperature is None
Warning: Cooling loop sensor PixelBarrel_BpO_6R_L4D4PF temperature is None
Warning: Cooling loop sensor PixelBarrel_BpO_6R_L4D4PF temperature is None
Warning: Cooling loop sensor PixelBarrel_BmI_4R_L1D2MN temperature is None
Warning: Cooling loop sensor PixelBarrel_BmI_4R_L1D2MN temperature is None
Warning: Cooling loop sensor PixelBarrel_BmI_4R_L1D2MN temperature is None
Warning: Cooling loop sensor PixelBarrel_BmI_4M_L1D2MN temperature is None
Warning: Cooling loop sensor PixelBarrel_BmI_4M_L1D2MN temperature is None
Warning: Cooling loop sensor PixelBarrel_BmI_4M_L1D2MN temperature is None
Warning: Cooling loop sensor PixelBarrel_BmI_4I_L1D2MN temperature is None
Warning: Cooling loop sensor PixelBarrel_BmI_4I_L1D2MN temperature is None
Warning: Cooling loop sensor PixelBarrel_BmI_4I_L1D2MN temperature is None
Warning: Cooling loop sensor PixelBarrel_BmI_5R_L3D3MN temperature is None
Warning: Cooling loop sensor PixelBarrel_BmI_5R_L3D3MN temperature is None
Warning: Cooling loop sensor PixelBarrel_BmI_5R_L3D3MN temperature is None
Warning: Cooling loop sensor PixelBarrel_BmI_5M_L3D3MN temperature is None
Warning: Cooling loop sensor PixelBarrel_BmI_5M_L3D3MN temperature is None
Warning: Cooling loop sensor PixelBarrel_BmI_5M_L3D3MN temperature is None
Warning: Cooling loop sensor PixelBarrel_BmI_5I_L3D3MN temperature is None
Warning: Cooling loop sensor PixelBarrel_BmI_5I_L3D3MN temperature is None
Warning: Cooling loop sensor PixelBarrel_BmI_5I_L3D3MN temperature is None
Warning: Cooling loop sensor PixelBarrel_BmI_6R_L4D4MN temperature is None
Warning: Cooling loop sensor PixelBarrel_BmI_6R_L4D4MN temperature is None
Warning: Cooling loop sensor PixelBarrel_BmI_6R_L4D4MN temperature is None
Warning: Cooling loop sensor PixelBarrel_BmI_6M_L4D4MN temperature is None
Warning: Cooling loop sensor PixelBarrel_BmI_6M_L4D4MN temperature is None
Warning: Cooling loop sensor PixelBarrel_BmI_6M_L4D4MN temperature is None
Warning: Cooling loop sensor PixelBarrel_BmI_6I_L4D4MN temperature is None
Warning: Cooling loop sensor PixelBarrel_BmI_6I_L4D4MN temperature is None
Warning: Cooling loop sensor PixelBarrel_BmI_6I_L4D4MN temperature is None
Warning: Cooling loop sensor PixelBarrel_BmO_3I_L1D1MF temperature is None
Warning: Cooling loop sensor PixelBarrel_BmO_3I_L1D1MF temperature is None
Warning: Cooling loop sensor PixelBarrel_BmO_3I_L1D1MF temperature is None
Warning: Cooling loop sensor PixelBarrel_BmO_3M_L1D1MF temperature is None
Warning: Cooling loop sensor PixelBarrel_BmO_3M_L1D1MF temperature is None
Warning: Cooling loop sensor PixelBarrel_BmO_3M_L1D1MF temperature is None
Warning: Cooling loop sensor PixelBarrel_BmO_3R_L1D1MF temperature is None
Warning: Cooling loop sensor PixelBarrel_BmO_3R_L1D1MF temperature is None
Warning: Cooling loop sensor PixelBarrel_BmO_3R_L1D1MF temperature is None
Warning: Cooling loop sensor PixelBarrel_BmO_2R_L3D2MF temperature is None
Warning: Cooling loop sensor PixelBarrel_BmO_2R_L3D2MF temperature is None
Warning: Cooling loop sensor PixelBarrel_BmO_2R_L3D2MF temperature is None
Warning: Cooling loop sensor PixelBarrel_BmO_2M_L3D2MF temperature is None
Warning: Cooling loop sensor PixelBarrel_BmO_2M_L3D2MF temperature is None
Warning: Cooling loop sensor PixelBarrel_BmO_2M_L3D2MF temperature is None
Warning: Cooling loop sensor PixelBarrel_BmO_2I_L3D2MF temperature is None
Warning: Cooling loop sensor PixelBarrel_BmO_2I_L3D2MF temperature is None
Warning: Cooling loop sensor PixelBarrel_BmO_2I_L3D2MF temperature is None
Warning: Cooling loop sensor PixelBarrel_BmO_1I_L4D1MF temperature is None
Warning: Cooling loop sensor PixelBarrel_BmO_1I_L4D1MF temperature is None
Warning: Cooling loop sensor PixelBarrel_BmO_1I_L4D1MF temperature is None
Warning: Cooling loop sensor PixelBarrel_BmO_1M_L4D1MF temperature is None
Warning: Cooling loop sensor PixelBarrel_BmO_1M_L4D1MF temperature is None
Warning: Cooling loop sensor PixelBarrel_BmO_1M_L4D1MF temperature is None
Warning: Cooling loop sensor PixelBarrel_BmO_1R_L4D1MF temperature is None
Warning: Cooling loop sensor PixelBarrel_BmO_1R_L4D1MF temperature is None
Warning: Cooling loop sensor PixelBarrel_BpI_1R_L4D1PN temperature is None
Warning: Cooling loop sensor PixelBarrel_BpO_3R_L2D1PF temperature is None
Warning: Cooling loop sensor PixelBarrel_BpO_3R_L2D1PF temperature is None
Warning: Cooling loop sensor PixelBarrel_BpO_3R_L2D1PF temperature is None
Warning: Cooling loop sensor PixelBarrel_BmI_1R_L4D2MN temperature is None
Warning: Cooling loop sensor PixelBarrel_BmI_1R_L4D2MN temperature is None
Warning: Cooling loop sensor PixelBarrel_BmI_1R_L4D2MN temperature is None
Warning: Cooling loop sensor PixelBarrel_BmI_2I_L3D1MN temperature is None
Warning: Cooling loop sensor PixelBarrel_BmI_2I_L3D1MN temperature is None
Warning: Cooling loop sensor PixelBarrel_BmI_2I_L3D1MN temperature is None
Warning: Cooling loop sensor PixelBarrel_BmI_2R_L3D1MN temperature is None
Warning: Cooling loop sensor PixelBarrel_BmI_2R_L3D1MN temperature is None
Warning: Cooling loop sensor PixelBarrel_BmI_2R_L3D1MN temperature is None
Warning: Cooling loop sensor PixelBarrel_BmI_3I_L2D1MN temperature is None
Warning: Cooling loop sensor PixelBarrel_BmI_3I_L2D1MN temperature is None
Warning: Cooling loop sensor PixelBarrel_BmI_3I_L2D1MN temperature is None
Warning: Cooling loop sensor PixelBarrel_BmI_3M_L2D1MN temperature is None
Warning: Cooling loop sensor PixelBarrel_BmI_3M_L2D1MN temperature is None
Warning: Cooling loop sensor PixelBarrel_BmI_3M_L2D1MN temperature is None
Warning: Cooling loop sensor PixelBarrel_BmI_3R_L2D1MN temperature is None
Warning: Cooling loop sensor PixelBarrel_BmI_3R_L2D1MN temperature is None
Warning: Cooling loop sensor PixelBarrel_BmI_3R_L2D1MN temperature is None
Warning: Cooling loop sensor PixelBarrel_BmO_6I_L4D3MF temperature is None
Warning: Cooling loop sensor PixelBarrel_BmO_6I_L4D3MF temperature is None
Warning: Cooling loop sensor PixelBarrel_BmO_6I_L4D3MF temperature is None
Warning: Cooling loop sensor PixelBarrel_BmO_6M_L4D3MF temperature is None
Warning: Cooling loop sensor PixelBarrel_BmO_6M_L4D3MF temperature is None
Warning: Cooling loop sensor PixelBarrel_BmO_6M_L4D3MF temperature is None
Warning: Cooling loop sensor PixelBarrel_BmO_6R_L4D3MF temperature is None
Warning: Cooling loop sensor PixelBarrel_BmO_6R_L4D3MF temperature is None
Warning: Cooling loop sensor PixelBarrel_BmO_6R_L4D3MF temperature is None
Warning: Cooling loop sensor PixelBarrel_BmO_5I_L3D4MF temperature is None
Warning: Cooling loop sensor PixelBarrel_BmO_5I_L3D4MF temperature is None
Warning: Cooling loop sensor PixelBarrel_BmO_5I_L3D4MF temperature is None
Warning: Cooling loop sensor PixelBarrel_BmO_5M_L3D4MF temperature is None
Warning: Cooling loop sensor PixelBarrel_BmO_5M_L3D4MF temperature is None
Warning: Cooling loop sensor PixelBarrel_BmO_5M_L3D4MF temperature is None
Warning: Cooling loop sensor PixelBarrel_BmO_5R_L3D4MF temperature is None
Warning: Cooling loop sensor PixelBarrel_BmO_5R_L3D4MF temperature is None
Warning: Cooling loop sensor PixelBarrel_BmO_5R_L3D4MF temperature is None
Warning: Cooling loop sensor PixelBarrel_BmO_4I_L2D2MF temperature is None
Warning: Cooling loop sensor PixelBarrel_BmO_4I_L2D2MF temperature is None
Warning: Cooling loop sensor PixelBarrel_BmO_4I_L2D2MF temperature is None
Warning: Cooling loop sensor PixelBarrel_BmO_4M_L2D2MF temperature is None
Warning: Cooling loop sensor PixelBarrel_BmO_4M_L2D2MF temperature is None
Warning: Cooling loop sensor PixelBarrel_BmO_4M_L2D2MF temperature is None
Warning: Cooling loop sensor PixelBarrel_BmO_4R_L2D2MF temperature is None
Warning: Cooling loop sensor PixelBarrel_BmO_4R_L2D2MF temperature is None
Warning: Cooling loop sensor PixelBarrel_BmO_4R_L2D2MF temperature is None
Warning: Cooling loop sensor PixelBarrel_BpI_3I_L1D1PN temperature is None
Warning: Cooling loop sensor PixelBarrel_BpI_3I_L1D1PN temperature is None
Warning: Cooling loop sensor PixelBarrel_BpI_3I_L1D1PN temperature is None
Warning: Cooling loop sensor PixelBarrel_BpI_3R_L1D1PN temperature is None
Warning: Cooling loop sensor PixelBarrel_BpI_3R_L1D1PN temperature is None
Warning: Cooling loop sensor PixelBarrel_BpI_3R_L1D1PN temperature is None
Warning: Cooling loop sensor PixelBarrel_BpI_2I_L3D2PN temperature is None
Warning: Cooling loop sensor PixelBarrel_BpI_2I_L3D2PN temperature is None
Warning: Cooling loop sensor PixelBarrel_BpI_2I_L3D2PN temperature is None
Warning: Cooling loop sensor PixelBarrel_BpI_2M_L3D2PN temperature is None
Warning: Cooling loop sensor PixelBarrel_BpI_2M_L3D2PN temperature is None
Warning: Cooling loop sensor PixelBarrel_BpI_2M_L3D2PN temperature is None
Warning: Cooling loop sensor PixelBarrel_BpI_2R_L3D2PN temperature is None
Warning: Cooling loop sensor PixelBarrel_BpI_2R_L3D2PN temperature is None
Warning: Cooling loop sensor PixelBarrel_BpI_2R_L3D2PN temperature is None
Warning: Cooling loop sensor PixelBarrel_BpI_1I_L4D1PN temperature is None
Warning: Cooling loop sensor PixelBarrel_BpI_1I_L4D1PN temperature is None
Warning: Cooling loop sensor PixelBarrel_BpI_1I_L4D1PN temperature is None
Warning: Cooling loop sensor PixelBarrel_BpI_1M_L4D1PN temperature is None
Warning: Cooling loop sensor PixelBarrel_BpI_1M_L4D1PN temperature is None
Warning: Cooling loop sensor PixelBarrel_BpI_1M_L4D1PN temperature is None
Warning: Cooling loop sensor PixelBarrel_BpO_4I_L1D2PF temperature is None
Warning: Cooling loop sensor PixelBarrel_BpO_4I_L1D2PF temperature is None
Warning: Cooling loop sensor PixelBarrel_BpO_4I_L1D2PF temperature is None
Warning: Cooling loop sensor PixelBarrel_BpO_4R_L1D2PF temperature is None
Warning: Cooling loop sensor PixelBarrel_BpO_4R_L1D2PF temperature is None
Warning: Cooling loop sensor PixelBarrel_BpO_4R_L1D2PF temperature is None
Warning: Cooling loop sensor PixelBarrel_BpO_5I_L3D3PF temperature is None
Warning: Cooling loop sensor PixelBarrel_BpO_5I_L3D3PF temperature is None
Warning: Cooling loop sensor PixelBarrel_BpO_5I_L3D3PF temperature is None
Warning: Cooling loop sensor PixelBarrel_BpO_5M_L3D3PF temperature is None
Warning: Cooling loop sensor PixelBarrel_BpO_5M_L3D3PF temperature is None
Warning: Cooling loop sensor PixelBarrel_BpO_5M_L3D3PF temperature is None
Warning: Cooling loop sensor PixelBarrel_BpO_5R_L3D3PF temperature is None
Warning: Cooling loop sensor PixelBarrel_BpO_5R_L3D3PF temperature is None
Warning: Cooling loop sensor PixelBarrel_BpO_5R_L3D3PF temperature is None
Warning: Cooling loop sensor PixelBarrel_BpO_6I_L4D4PF temperature is None
Warning: Cooling loop sensor PixelBarrel_BpO_6I_L4D4PF temperature is None
Warning: Cooling loop sensor PixelBarrel_BpO_6I_L4D4PF temperature is None
Warning: Cooling loop sensor PixelBarrel_BpO_6M_L4D4PF temperature is None
Warning: Cooling loop sensor PixelBarrel_BpO_6M_L4D4PF temperature is None
Warning: Cooling loop sensor PixelBarrel_BpO_6M_L4D4PF temperature is None
Warning: Cooling loop sensor PixelBarrel_BpI_6I_L4D3PN temperature is None
Warning: Cooling loop sensor PixelBarrel_BpI_6I_L4D3PN temperature is None
Warning: Cooling loop sensor PixelBarrel_BmI_1M_L4D2MN temperature is None
Warning: Cooling loop sensor PixelBarrel_BmI_1M_L4D2MN temperature is None
Warning: Cooling loop sensor PixelBarrel_BmI_1M_L4D2MN temperature is None
Warning: Cooling loop sensor PixelBarrel_BmI_1I_L4D2MN temperature is None
Warning: Cooling loop sensor PixelBarrel_BpI_6I_L4D3PN temperature is None
Warning: Cooling loop sensor PixelBarrel_BpI_6M_L4D3PN temperature is None
Warning: Cooling loop sensor PixelBarrel_BpI_6M_L4D3PN temperature is None
Warning: Cooling loop sensor PixelBarrel_BpI_6M_L4D3PN temperature is None
Warning: Cooling loop sensor PixelBarrel_BpI_6R_L4D3PN temperature is None
Warning: Cooling loop sensor PixelBarrel_BpI_6R_L4D3PN temperature is None
Warning: Cooling loop sensor PixelBarrel_BpI_6R_L4D3PN temperature is None
Warning: Cooling loop sensor PixelBarrel_BpI_5I_L3D4PN temperature is None
Warning: Cooling loop sensor PixelBarrel_BpI_5I_L3D4PN temperature is None
Warning: Cooling loop sensor PixelBarrel_BpI_5I_L3D4PN temperature is None
Warning: Cooling loop sensor PixelBarrel_BpI_5M_L3D4PN temperature is None
Warning: Cooling loop sensor PixelBarrel_BpI_5M_L3D4PN temperature is None
Warning: Cooling loop sensor PixelBarrel_BpI_5M_L3D4PN temperature is None
Warning: Cooling loop sensor PixelBarrel_BpI_5R_L3D4PN temperature is None
Warning: Cooling loop sensor PixelBarrel_BpI_5R_L3D4PN temperature is None
Warning: Cooling loop sensor PixelBarrel_BpI_5R_L3D4PN temperature is None
Warning: Cooling loop sensor PixelBarrel_BpI_4I_L2D2PN temperature is None
Warning: Cooling loop sensor PixelBarrel_BpI_4I_L2D2PN temperature is None
Warning: Cooling loop sensor PixelBarrel_BpI_4I_L2D2PN temperature is None
Warning: Cooling loop sensor PixelBarrel_BpI_4M_L2D2PN temperature is None
Warning: Cooling loop sensor PixelBarrel_BpI_4M_L2D2PN temperature is None
Warning: Cooling loop sensor PixelBarrel_BpI_4M_L2D2PN temperature is None
Warning: Cooling loop sensor PixelBarrel_BpI_4R_L2D2PN temperature is None
Warning: Cooling loop sensor PixelBarrel_BpI_4R_L2D2PN temperature is None
Warning: Cooling loop sensor PixelBarrel_BpI_4R_L2D2PN temperature is None
Warning: Cooling loop sensor PixelBarrel_BpO_1I_L4D2PF temperature is None
Warning: Cooling loop sensor PixelBarrel_BpO_1I_L4D2PF temperature is None
Warning: Cooling loop sensor PixelBarrel_BpO_1I_L4D2PF temperature is None
Warning: Cooling loop sensor PixelBarrel_BpO_1M_L4D2PF temperature is None
Warning: Cooling loop sensor PixelBarrel_BpO_1M_L4D2PF temperature is None
Warning: Cooling loop sensor PixelBarrel_BpO_1M_L4D2PF temperature is None
Warning: Cooling loop sensor PixelBarrel_BpO_1R_L4D2PF temperature is None
Warning: Cooling loop sensor PixelBarrel_BpO_1R_L4D2PF temperature is None
Warning: Cooling loop sensor PixelBarrel_BpO_1R_L4D2PF temperature is None
Warning: Cooling loop sensor PixelBarrel_BpO_2I_L3D1PF temperature is None
Warning: Cooling loop sensor PixelBarrel_BpO_2I_L3D1PF temperature is None
Warning: Cooling loop sensor PixelBarrel_BpO_2I_L3D1PF temperature is None
Warning: Cooling loop sensor PixelBarrel_BpO_2M_L3D1PF temperature is None
Warning: Cooling loop sensor PixelBarrel_BpO_2M_L3D1PF temperature is None
Warning: Cooling loop sensor PixelBarrel_BpO_2M_L3D1PF temperature is None
Warning: Cooling loop sensor PixelBarrel_BpO_2R_L3D1PF temperature is None
Warning: Cooling loop sensor PixelBarrel_BpO_2R_L3D1PF temperature is None
Warning: Cooling loop sensor PixelBarrel_BpO_2R_L3D1PF temperature is None
Warning: Cooling loop sensor PixelBarrel_BpO_3I_L2D1PF temperature is None
Warning: Cooling loop sensor PixelBarrel_BpO_3I_L2D1PF temperature is None
Warning: Cooling loop sensor PixelBarrel_BpO_3I_L2D1PF temperature is None
Warning: Cooling loop sensor PixelBarrel_BpO_3M_L2D1PF temperature is None
Warning: Cooling loop sensor PixelBarrel_BpO_3M_L2D1PF temperature is None
Warning: Cooling loop sensor PixelBarrel_BpO_3M_L2D1PF temperature is None
Warning: Cooling loop sensor PixelBarrel_BmI_1I_L4D2MN temperature is None
Warning: Cooling loop sensor PixelBarrel_BmI_1I_L4D2MN temperature is None
Warning: Cooling loop sensor PixelBarrel_BmO_4R_L2D2MF temperature is None
Warning: Cooling loop sensor PixelBarrel_BmO_6I_L4D3MF temperature is None
Warning: Cooling loop sensor PixelBarrel_BmO_4M_L2D2MF temperature is None
Warning: Cooling loop sensor PixelBarrel_BmO_6R_L4D3MF temperature is None
Warning: Cooling loop sensor PixelBarrel_BmO_4I_L2D2MF temperature is None
Warning: Cooling loop sensor PixelBarrel_BmO_6M_L4D3MF temperature is None
Warning: Cooling loop sensor PixelBarrel_BmI_3I_L2D1MN temperature is None
Warning: Cooling loop sensor PixelBarrel_BmI_1R_L4D2MN temperature is None
Warning: Cooling loop sensor PixelBarrel_BmI_3R_L2D1MN temperature is None
Warning: Cooling loop sensor PixelBarrel_BmI_3M_L2D1MN temperature is None
Warning: Cooling loop sensor PixelBarrel_BpI_6M_L4D3PN temperature is None
Warning: Cooling loop sensor PixelBarrel_BpI_6R_L4D3PN temperature is None
Warning: Cooling loop sensor PixelBarrel_BpI_4I_L2D2PN temperature is None
Warning: Cooling loop sensor PixelBarrel_BpI_4M_L2D2PN temperature is None
Warning: Cooling loop sensor PixelBarrel_BpI_4R_L2D2PN temperature is None
Warning: Cooling loop sensor PixelBarrel_BpO_1I_L4D2PF temperature is None
Warning: Cooling loop sensor PixelBarrel_BpO_1M_L4D2PF temperature is None
Warning: Cooling loop sensor PixelBarrel_BpO_1R_L4D2PF temperature is None
Warning: Cooling loop sensor PixelBarrel_BpO_3I_L2D1PF temperature is None
Warning: Cooling loop sensor PixelBarrel_BpI_6I_L4D3PN temperature is None
Warning: Cooling loop sensor PixelBarrel_BmI_1M_L4D2MN temperature is None
Warning: Cooling loop sensor PixelBarrel_BpO_3M_L2D1PF temperature is None
Warning: Cooling loop sensor PixelBarrel_BpO_3R_L2D1PF temperature is None
Warning: Cooling loop sensor PixelBarrel_BmI_1I_L4D2MN temperature is None
Warning: Cooling loop sensor PixelBarrel_BmI_5I_L3D3MN temperature is None
Warning: Cooling loop sensor PixelBarrel_BmI_5M_L3D3MN temperature is None
Warning: Cooling loop sensor PixelBarrel_BmI_5I_L3D3MN temperature is None
Warning: Cooling loop sensor PixelBarrel_BmI_6R_L4D4MN temperature is None
Warning: Cooling loop sensor PixelBarrel_BmI_6R_L4D4MN temperature is None
Warning: Cooling loop sensor PixelBarrel_BmI_6R_L4D4MN temperature is None
Warning: Cooling loop sensor PixelBarrel_BmI_6M_L4D4MN temperature is None
Warning: Cooling loop sensor PixelBarrel_BmI_6M_L4D4MN temperature is None
Warning: Cooling loop sensor PixelBarrel_BmI_6M_L4D4MN temperature is None
Warning: Cooling loop sensor PixelBarrel_BmI_6I_L4D4MN temperature is None
Warning: Cooling loop sensor PixelBarrel_BmI_6I_L4D4MN temperature is None
Warning: Cooling loop sensor PixelBarrel_BmI_6I_L4D4MN temperature is None
Warning: Cooling loop sensor PixelBarrel_BmO_3I_L1D1MF temperature is None
Warning: Cooling loop sensor PixelBarrel_BmO_3I_L1D1MF temperature is None
Warning: Cooling loop sensor PixelBarrel_BmO_3I_L1D1MF temperature is None
Warning: Cooling loop sensor PixelBarrel_BmO_3M_L1D1MF temperature is None
Warning: Cooling loop sensor PixelBarrel_BmO_3M_L1D1MF temperature is None
Warning: Cooling loop sensor PixelBarrel_BmO_3M_L1D1MF temperature is None
Warning: Cooling loop sensor PixelBarrel_BmO_3R_L1D1MF temperature is None
Warning: Cooling loop sensor PixelBarrel_BmO_3R_L1D1MF temperature is None
Warning: Cooling loop sensor PixelBarrel_BmO_3R_L1D1MF temperature is None
Warning: Cooling loop sensor PixelBarrel_BmO_2R_L3D2MF temperature is None
Warning: Cooling loop sensor PixelBarrel_BmO_2R_L3D2MF temperature is None
Warning: Cooling loop sensor PixelBarrel_BmO_2R_L3D2MF temperature is None
Warning: Cooling loop sensor PixelBarrel_BmO_2M_L3D2MF temperature is None
Warning: Cooling loop sensor PixelBarrel_BmO_2M_L3D2MF temperature is None
Warning: Cooling loop sensor PixelBarrel_BmO_2M_L3D2MF temperature is None
Warning: Cooling loop sensor PixelBarrel_BmO_2I_L3D2MF temperature is None
Warning: Cooling loop sensor PixelBarrel_BmO_2I_L3D2MF temperature is None
Warning: Cooling loop sensor PixelBarrel_BmO_2I_L3D2MF temperature is None
Warning: Cooling loop sensor PixelBarrel_BmO_1I_L4D1MF temperature is None
Warning: Cooling loop sensor PixelBarrel_BmO_1I_L4D1MF temperature is None
Warning: Cooling loop sensor PixelBarrel_BmO_1I_L4D1MF temperature is None
Warning: Cooling loop sensor PixelBarrel_BmO_1M_L4D1MF temperature is None
Warning: Cooling loop sensor PixelBarrel_BmO_1M_L4D1MF temperature is None
Warning: Cooling loop sensor PixelBarrel_BmO_1M_L4D1MF temperature is None
Warning: Cooling loop sensor PixelBarrel_BmO_1R_L4D1MF temperature is None
Warning: Cooling loop sensor PixelBarrel_BmO_1R_L4D1MF temperature is None
Warning: Cooling loop sensor PixelBarrel_BmO_1R_L4D1MF temperature is None
Warning: Cooling loop sensor PixelBarrel_BpI_1R_L4D1PN temperature is None
Warning: Cooling loop sensor PixelBarrel_BpI_1R_L4D1PN temperature is None
Warning: Cooling loop sensor PixelBarrel_BpI_1R_L4D1PN temperature is None
Warning: Cooling loop sensor PixelBarrel_BpO_6R_L4D4PF temperature is None
Warning: Cooling loop sensor PixelBarrel_BpO_6R_L4D4PF temperature is None
Warning: Cooling loop sensor PixelBarrel_BpO_6R_L4D4PF temperature is None
Warning: Cooling loop sensor PixelBarrel_BmI_4R_L1D2MN temperature is None
Warning: Cooling loop sensor PixelBarrel_BmI_4R_L1D2MN temperature is None
Warning: Cooling loop sensor PixelBarrel_BmI_4R_L1D2MN temperature is None
Warning: Cooling loop sensor PixelBarrel_BmI_4M_L1D2MN temperature is None
Warning: Cooling loop sensor PixelBarrel_BmI_4M_L1D2MN temperature is None
Warning: Cooling loop sensor PixelBarrel_BmI_4M_L1D2MN temperature is None
Warning: Cooling loop sensor PixelBarrel_BmI_4I_L1D2MN temperature is None
Warning: Cooling loop sensor PixelBarrel_BmI_4I_L1D2MN temperature is None
Warning: Cooling loop sensor PixelBarrel_BmI_4I_L1D2MN temperature is None
Warning: Cooling loop sensor PixelBarrel_BmI_5R_L3D3MN temperature is None
Warning: Cooling loop sensor PixelBarrel_BmI_5R_L3D3MN temperature is None
Warning: Cooling loop sensor PixelBarrel_BmI_5R_L3D3MN temperature is None
Warning: Cooling loop sensor PixelBarrel_BmI_5M_L3D3MN temperature is None
Warning: Cooling loop sensor PixelBarrel_BmI_5M_L3D3MN temperature is None
Warning: Cooling loop sensor PixelBarrel_BmI_5I_L3D3MN temperature is None
Warning: Cooling loop sensor PixelBarrel_BpI_3I_L1D1PN temperature is None
Warning: Cooling loop sensor PixelBarrel_BpI_3I_L1D1PN temperature is None
Warning: Cooling loop sensor PixelBarrel_BpI_3I_L1D1PN temperature is None
Warning: Cooling loop sensor PixelBarrel_BpI_3R_L1D1PN temperature is None
Warning: Cooling loop sensor PixelBarrel_BpI_3R_L1D1PN temperature is None
Warning: Cooling loop sensor PixelBarrel_BpI_3R_L1D1PN temperature is None
Warning: Cooling loop sensor PixelBarrel_BpI_2I_L3D2PN temperature is None
Warning: Cooling loop sensor PixelBarrel_BpI_2I_L3D2PN temperature is None
Warning: Cooling loop sensor PixelBarrel_BpI_2I_L3D2PN temperature is None
Warning: Cooling loop sensor PixelBarrel_BpI_2M_L3D2PN temperature is None
Warning: Cooling loop sensor PixelBarrel_BpI_2M_L3D2PN temperature is None
Warning: Cooling loop sensor PixelBarrel_BpI_2M_L3D2PN temperature is None
Warning: Cooling loop sensor PixelBarrel_BpI_2R_L3D2PN temperature is None
Warning: Cooling loop sensor PixelBarrel_BpI_2R_L3D2PN temperature is None
Warning: Cooling loop sensor PixelBarrel_BpI_2R_L3D2PN temperature is None
Warning: Cooling loop sensor PixelBarrel_BpI_1I_L4D1PN temperature is None
Warning: Cooling loop sensor PixelBarrel_BpI_1I_L4D1PN temperature is None
Warning: Cooling loop sensor PixelBarrel_BpI_1I_L4D1PN temperature is None
Warning: Cooling loop sensor PixelBarrel_BpI_1M_L4D1PN temperature is None
Warning: Cooling loop sensor PixelBarrel_BpI_1M_L4D1PN temperature is None
Warning: Cooling loop sensor PixelBarrel_BpI_1M_L4D1PN temperature is None
Warning: Cooling loop sensor PixelBarrel_BpO_4I_L1D2PF temperature is None
Warning: Cooling loop sensor PixelBarrel_BpO_4I_L1D2PF temperature is None
Warning: Cooling loop sensor PixelBarrel_BpO_4I_L1D2PF temperature is None
Warning: Cooling loop sensor PixelBarrel_BpO_4R_L1D2PF temperature is None
Warning: Cooling loop sensor PixelBarrel_BpO_4R_L1D2PF temperature is None
Warning: Cooling loop sensor PixelBarrel_BpO_4R_L1D2PF temperature is None
Warning: Cooling loop sensor PixelBarrel_BpO_5I_L3D3PF temperature is None
Warning: Cooling loop sensor PixelBarrel_BpO_5I_L3D3PF temperature is None
Warning: Cooling loop sensor PixelBarrel_BpO_5I_L3D3PF temperature is None
Warning: Cooling loop sensor PixelBarrel_BpO_5M_L3D3PF temperature is None
Warning: Cooling loop sensor PixelBarrel_BpO_5M_L3D3PF temperature is None
Warning: Cooling loop sensor PixelBarrel_BpO_5M_L3D3PF temperature is None
Warning: Cooling loop sensor PixelBarrel_BpO_5R_L3D3PF temperature is None
Warning: Cooling loop sensor PixelBarrel_BpO_5R_L3D3PF temperature is None
Warning: Cooling loop sensor PixelBarrel_BpO_5R_L3D3PF temperature is None
Warning: Cooling loop sensor PixelBarrel_BpO_6I_L4D4PF temperature is None
Warning: Cooling loop sensor PixelBarrel_BpO_6I_L4D4PF temperature is None
Warning: Cooling loop sensor PixelBarrel_BpO_6I_L4D4PF temperature is None
Warning: Cooling loop sensor PixelBarrel_BpO_6M_L4D4PF temperature is None
Warning: Cooling loop sensor PixelBarrel_BpO_6M_L4D4PF temperature is None
Warning: Cooling loop sensor PixelBarrel_BpO_6M_L4D4PF temperature is None
Warning: Cooling loop sensor PixelBarrel_BpO_3R_L2D1PF temperature is None
Warning: Cooling loop sensor PixelBarrel_BmI_1R_L4D2MN temperature is None
Warning: Cooling loop sensor PixelBarrel_BmI_1R_L4D2MN temperature is None
Warning: Cooling loop sensor PixelBarrel_BmI_1R_L4D2MN temperature is None
Warning: Cooling loop sensor PixelBarrel_BmI_2I_L3D1MN temperature is None
Warning: Cooling loop sensor PixelBarrel_BmI_2I_L3D1MN temperature is None
Warning: Cooling loop sensor PixelBarrel_BmI_2I_L3D1MN temperature is None
Warning: Cooling loop sensor PixelBarrel_BmI_2R_L3D1MN temperature is None
Warning: Cooling loop sensor PixelBarrel_BmI_2R_L3D1MN temperature is None
Warning: Cooling loop sensor PixelBarrel_BmI_2R_L3D1MN temperature is None
Warning: Cooling loop sensor PixelBarrel_BmI_3I_L2D1MN temperature is None
Warning: Cooling loop sensor PixelBarrel_BmI_3I_L2D1MN temperature is None
Warning: Cooling loop sensor PixelBarrel_BmI_3I_L2D1MN temperature is None
Warning: Cooling loop sensor PixelBarrel_BmI_3M_L2D1MN temperature is None
Warning: Cooling loop sensor PixelBarrel_BmI_3M_L2D1MN temperature is None
Warning: Cooling loop sensor PixelBarrel_BmI_3M_L2D1MN temperature is None
Warning: Cooling loop sensor PixelBarrel_BmI_3R_L2D1MN temperature is None
Warning: Cooling loop sensor PixelBarrel_BmI_3R_L2D1MN temperature is None
Warning: Cooling loop sensor PixelBarrel_BmI_3R_L2D1MN temperature is None
Warning: Cooling loop sensor PixelBarrel_BmO_6I_L4D3MF temperature is None
Warning: Cooling loop sensor PixelBarrel_BmO_6I_L4D3MF temperature is None
Warning: Cooling loop sensor PixelBarrel_BmO_6I_L4D3MF temperature is None
Warning: Cooling loop sensor PixelBarrel_BmO_6M_L4D3MF temperature is None
Warning: Cooling loop sensor PixelBarrel_BmO_6M_L4D3MF temperature is None
Warning: Cooling loop sensor PixelBarrel_BmO_6M_L4D3MF temperature is None
Warning: Cooling loop sensor PixelBarrel_BmO_6R_L4D3MF temperature is None
Warning: Cooling loop sensor PixelBarrel_BmO_6R_L4D3MF temperature is None
Warning: Cooling loop sensor PixelBarrel_BmO_6R_L4D3MF temperature is None
Warning: Cooling loop sensor PixelBarrel_BmO_5I_L3D4MF temperature is None
Warning: Cooling loop sensor PixelBarrel_BmO_5I_L3D4MF temperature is None
Warning: Cooling loop sensor PixelBarrel_BmO_5I_L3D4MF temperature is None
Warning: Cooling loop sensor PixelBarrel_BmO_5M_L3D4MF temperature is None
Warning: Cooling loop sensor PixelBarrel_BmO_5M_L3D4MF temperature is None
Warning: Cooling loop sensor PixelBarrel_BmO_5M_L3D4MF temperature is None
Warning: Cooling loop sensor PixelBarrel_BmO_5R_L3D4MF temperature is None
Warning: Cooling loop sensor PixelBarrel_BmO_5R_L3D4MF temperature is None
Warning: Cooling loop sensor PixelBarrel_BmO_5R_L3D4MF temperature is None
Warning: Cooling loop sensor PixelBarrel_BmO_4I_L2D2MF temperature is None
Warning: Cooling loop sensor PixelBarrel_BmO_4I_L2D2MF temperature is None
Warning: Cooling loop sensor PixelBarrel_BmO_4I_L2D2MF temperature is None
Warning: Cooling loop sensor PixelBarrel_BmO_4M_L2D2MF temperature is None
Warning: Cooling loop sensor PixelBarrel_BmO_4M_L2D2MF temperature is None
Warning: Cooling loop sensor PixelBarrel_BmO_4M_L2D2MF temperature is None
Warning: Cooling loop sensor PixelBarrel_BmO_4R_L2D2MF temperature is None
Warning: Cooling loop sensor PixelBarrel_BmO_4R_L2D2MF temperature is None
Warning: Cooling loop sensor PixelBarrel_BmO_4R_L2D2MF temperature is None
Warning: Cooling loop sensor PixelBarrel_BpO_3R_L2D1PF temperature is None
Warning: Cooling loop sensor PixelBarrel_BpO_3R_L2D1PF temperature is None
Warning: Cooling loop sensor PixelBarrel_BmI_1I_L4D2MN temperature is None
Warning: Cooling loop sensor PixelBarrel_BpO_3M_L2D1PF temperature is None
Warning: Cooling loop sensor PixelBarrel_BmI_1I_L4D2MN temperature is None
Warning: Cooling loop sensor PixelBarrel_BmI_1M_L4D2MN temperature is None
Warning: Cooling loop sensor PixelBarrel_BmI_1M_L4D2MN temperature is None
Warning: Cooling loop sensor PixelBarrel_BmI_1M_L4D2MN temperature is None
Warning: Cooling loop sensor PixelBarrel_BpI_6I_L4D3PN temperature is None
Warning: Cooling loop sensor PixelBarrel_BpI_6I_L4D3PN temperature is None
Warning: Cooling loop sensor PixelBarrel_BpI_6I_L4D3PN temperature is None
Warning: Cooling loop sensor PixelBarrel_BpI_6M_L4D3PN temperature is None
Warning: Cooling loop sensor PixelBarrel_BpI_6M_L4D3PN temperature is None
Warning: Cooling loop sensor PixelBarrel_BpI_6M_L4D3PN temperature is None
Warning: Cooling loop sensor PixelBarrel_BpI_6R_L4D3PN temperature is None
Warning: Cooling loop sensor PixelBarrel_BpI_6R_L4D3PN temperature is None
Warning: Cooling loop sensor PixelBarrel_BpI_6R_L4D3PN temperature is None
Warning: Cooling loop sensor PixelBarrel_BpI_5I_L3D4PN temperature is None
Warning: Cooling loop sensor PixelBarrel_BpI_5I_L3D4PN temperature is None
Warning: Cooling loop sensor PixelBarrel_BpI_5I_L3D4PN temperature is None
Warning: Cooling loop sensor PixelBarrel_BpI_5M_L3D4PN temperature is None
Warning: Cooling loop sensor PixelBarrel_BpI_5M_L3D4PN temperature is None
Warning: Cooling loop sensor PixelBarrel_BpI_5M_L3D4PN temperature is None
Warning: Cooling loop sensor PixelBarrel_BpI_5R_L3D4PN temperature is None
Warning: Cooling loop sensor PixelBarrel_BpI_5R_L3D4PN temperature is None
Warning: Cooling loop sensor PixelBarrel_BpI_5R_L3D4PN temperature is None
Warning: Cooling loop sensor PixelBarrel_BpI_4I_L2D2PN temperature is None
Warning: Cooling loop sensor PixelBarrel_BpI_4I_L2D2PN temperature is None
Warning: Cooling loop sensor PixelBarrel_BpI_4I_L2D2PN temperature is None
Warning: Cooling loop sensor PixelBarrel_BpI_4M_L2D2PN temperature is None
Warning: Cooling loop sensor PixelBarrel_BpI_4M_L2D2PN temperature is None
Warning: Cooling loop sensor PixelBarrel_BpI_4M_L2D2PN temperature is None
Warning: Cooling loop sensor PixelBarrel_BpI_4R_L2D2PN temperature is None
Warning: Cooling loop sensor PixelBarrel_BpI_4R_L2D2PN temperature is None
Warning: Cooling loop sensor PixelBarrel_BpI_4R_L2D2PN temperature is None
Warning: Cooling loop sensor PixelBarrel_BpO_1I_L4D2PF temperature is None
Warning: Cooling loop sensor PixelBarrel_BpO_1I_L4D2PF temperature is None
Warning: Cooling loop sensor PixelBarrel_BpO_1I_L4D2PF temperature is None
Warning: Cooling loop sensor PixelBarrel_BpO_1M_L4D2PF temperature is None
Warning: Cooling loop sensor PixelBarrel_BpO_1M_L4D2PF temperature is None
Warning: Cooling loop sensor PixelBarrel_BpO_1M_L4D2PF temperature is None
Warning: Cooling loop sensor PixelBarrel_BpO_1R_L4D2PF temperature is None
Warning: Cooling loop sensor PixelBarrel_BpO_1R_L4D2PF temperature is None
Warning: Cooling loop sensor PixelBarrel_BpO_1R_L4D2PF temperature is None
Warning: Cooling loop sensor PixelBarrel_BpO_2I_L3D1PF temperature is None
Warning: Cooling loop sensor PixelBarrel_BpO_2I_L3D1PF temperature is None
Warning: Cooling loop sensor PixelBarrel_BpO_2I_L3D1PF temperature is None
Warning: Cooling loop sensor PixelBarrel_BpO_2M_L3D1PF temperature is None
Warning: Cooling loop sensor PixelBarrel_BpO_2M_L3D1PF temperature is None
Warning: Cooling loop sensor PixelBarrel_BpO_2M_L3D1PF temperature is None
Warning: Cooling loop sensor PixelBarrel_BpO_2R_L3D1PF temperature is None
Warning: Cooling loop sensor PixelBarrel_BpO_2R_L3D1PF temperature is None
Warning: Cooling loop sensor PixelBarrel_BpO_2R_L3D1PF temperature is None
Warning: Cooling loop sensor PixelBarrel_BpO_3I_L2D1PF temperature is None
Warning: Cooling loop sensor PixelBarrel_BpO_3I_L2D1PF temperature is None
Warning: Cooling loop sensor PixelBarrel_BpO_3I_L2D1PF temperature is None
Warning: Cooling loop sensor PixelBarrel_BpO_3M_L2D1PF temperature is None
Warning: Cooling loop sensor PixelBarrel_BpO_3M_L2D1PF temperature is None
Warning: Cooling loop sensor PixelBarrel_BmI_1I_L4D2MN temperature is None
6214	1505371421	3600		258.52		   4825697		-999.00
Warning: Cooling loop sensor PixelBarrel_BmO_6I_L4D3MF temperature is None
Warning: Cooling loop sensor PixelBarrel_BmO_6M_L4D3MF temperature is None
Warning: Cooling loop sensor PixelBarrel_BmO_4R_L2D2MF temperature is None
Warning: Cooling loop sensor PixelBarrel_BmO_4I_L2D2MF temperature is None
Warning: Cooling loop sensor PixelBarrel_BmO_4M_L2D2MF temperature is None
Warning: Cooling loop sensor PixelBarrel_BmO_6R_L4D3MF temperature is None
Warning: Cooling loop sensor PixelBarrel_BmI_3M_L2D1MN temperature is None
Warning: Cooling loop sensor PixelBarrel_BmI_3I_L2D1MN temperature is None
Warning: Cooling loop sensor PixelBarrel_BmI_1R_L4D2MN temperature is None
Warning: Cooling loop sensor PixelBarrel_BmI_3R_L2D1MN temperature is None
Warning: Cooling loop sensor PixelBarrel_BpI_4R_L2D2PN temperature is None
Warning: Cooling loop sensor PixelBarrel_BpO_1I_L4D2PF temperature is None
Warning: Cooling loop sensor PixelBarrel_BpO_1M_L4D2PF temperature is None
Warning: Cooling loop sensor PixelBarrel_BpO_1R_L4D2PF temperature is None
Warning: Cooling loop sensor PixelBarrel_BpO_3I_L2D1PF temperature is None
Warning: Cooling loop sensor PixelBarrel_BpO_3M_L2D1PF temperature is None
Warning: Cooling loop sensor PixelBarrel_BpO_3R_L2D1PF temperature is None
Warning: Cooling loop sensor PixelBarrel_BmI_1I_L4D2MN temperature is None
Warning: Cooling loop sensor PixelBarrel_BmI_1M_L4D2MN temperature is None
Warning: Cooling loop sensor PixelBarrel_BpI_4M_L2D2PN temperature is None
Warning: Cooling loop sensor PixelBarrel_BpI_4I_L2D2PN temperature is None
Warning: Cooling loop sensor PixelBarrel_BpI_6R_L4D3PN temperature is None
Warning: Cooling loop sensor PixelBarrel_BpI_6I_L4D3PN temperature is None
Warning: Cooling loop sensor PixelBarrel_BpI_6M_L4D3PN temperature is None
Warning: Cooling loop sensor PixelBarrel_BpI_1R_L4D1PN temperature is None
Warning: Cooling loop sensor PixelBarrel_BmO_1R_L4D1MF temperature is None
Warning: Cooling loop sensor PixelBarrel_BpI_1R_L4D1PN temperature is None
Warning: Cooling loop sensor PixelBarrel_BpO_6R_L4D4PF temperature is None
Warning: Cooling loop sensor PixelBarrel_BpO_6R_L4D4PF temperature is None
Warning: Cooling loop sensor PixelBarrel_BpO_6R_L4D4PF temperature is None
Warning: Cooling loop sensor PixelBarrel_BmI_4R_L1D2MN temperature is None
Warning: Cooling loop sensor PixelBarrel_BmI_4R_L1D2MN temperature is None
Warning: Cooling loop sensor PixelBarrel_BmI_4R_L1D2MN temperature is None
Warning: Cooling loop sensor PixelBarrel_BmI_4M_L1D2MN temperature is None
Warning: Cooling loop sensor PixelBarrel_BmI_4M_L1D2MN temperature is None
Warning: Cooling loop sensor PixelBarrel_BmI_4M_L1D2MN temperature is None
Warning: Cooling loop sensor PixelBarrel_BmI_4I_L1D2MN temperature is None
Warning: Cooling loop sensor PixelBarrel_BmI_4I_L1D2MN temperature is None
Warning: Cooling loop sensor PixelBarrel_BmI_4I_L1D2MN temperature is None
Warning: Cooling loop sensor PixelBarrel_BmI_5R_L3D3MN temperature is None
Warning: Cooling loop sensor PixelBarrel_BmI_5R_L3D3MN temperature is None
Warning: Cooling loop sensor PixelBarrel_BmI_5R_L3D3MN temperature is None
Warning: Cooling loop sensor PixelBarrel_BmI_5M_L3D3MN temperature is None
Warning: Cooling loop sensor PixelBarrel_BmI_5M_L3D3MN temperature is None
Warning: Cooling loop sensor PixelBarrel_BmI_5M_L3D3MN temperature is None
Warning: Cooling loop sensor PixelBarrel_BmI_5I_L3D3MN temperature is None
Warning: Cooling loop sensor PixelBarrel_BmI_5I_L3D3MN temperature is None
Warning: Cooling loop sensor PixelBarrel_BmI_5I_L3D3MN temperature is None
Warning: Cooling loop sensor PixelBarrel_BmI_6R_L4D4MN temperature is None
Warning: Cooling loop sensor PixelBarrel_BmI_6R_L4D4MN temperature is None
Warning: Cooling loop sensor PixelBarrel_BmI_6R_L4D4MN temperature is None
Warning: Cooling loop sensor PixelBarrel_BmI_6M_L4D4MN temperature is None
Warning: Cooling loop sensor PixelBarrel_BmI_6M_L4D4MN temperature is None
Warning: Cooling loop sensor PixelBarrel_BmI_6M_L4D4MN temperature is None
Warning: Cooling loop sensor PixelBarrel_BmI_6I_L4D4MN temperature is None
Warning: Cooling loop sensor PixelBarrel_BmI_6I_L4D4MN temperature is None
Warning: Cooling loop sensor PixelBarrel_BmI_6I_L4D4MN temperature is None
Warning: Cooling loop sensor PixelBarrel_BmO_3I_L1D1MF temperature is None
Warning: Cooling loop sensor PixelBarrel_BmO_3I_L1D1MF temperature is None
Warning: Cooling loop sensor PixelBarrel_BmO_3I_L1D1MF temperature is None
Warning: Cooling loop sensor PixelBarrel_BmO_3M_L1D1MF temperature is None
Warning: Cooling loop sensor PixelBarrel_BmO_3M_L1D1MF temperature is None
Warning: Cooling loop sensor PixelBarrel_BmO_3M_L1D1MF temperature is None
Warning: Cooling loop sensor PixelBarrel_BmO_3R_L1D1MF temperature is None
Warning: Cooling loop sensor PixelBarrel_BmO_3R_L1D1MF temperature is None
Warning: Cooling loop sensor PixelBarrel_BmO_3R_L1D1MF temperature is None
Warning: Cooling loop sensor PixelBarrel_BmO_2R_L3D2MF temperature is None
Warning: Cooling loop sensor PixelBarrel_BmO_2R_L3D2MF temperature is None
Warning: Cooling loop sensor PixelBarrel_BmO_2R_L3D2MF temperature is None
Warning: Cooling loop sensor PixelBarrel_BmO_2M_L3D2MF temperature is None
Warning: Cooling loop sensor PixelBarrel_BmO_2M_L3D2MF temperature is None
Warning: Cooling loop sensor PixelBarrel_BmO_2M_L3D2MF temperature is None
Warning: Cooling loop sensor PixelBarrel_BmO_2I_L3D2MF temperature is None
Warning: Cooling loop sensor PixelBarrel_BmO_2I_L3D2MF temperature is None
Warning: Cooling loop sensor PixelBarrel_BmO_2I_L3D2MF temperature is None
Warning: Cooling loop sensor PixelBarrel_BmO_1I_L4D1MF temperature is None
Warning: Cooling loop sensor PixelBarrel_BmO_1I_L4D1MF temperature is None
Warning: Cooling loop sensor PixelBarrel_BmO_1I_L4D1MF temperature is None
Warning: Cooling loop sensor PixelBarrel_BmO_1M_L4D1MF temperature is None
Warning: Cooling loop sensor PixelBarrel_BmO_1M_L4D1MF temperature is None
Warning: Cooling loop sensor PixelBarrel_BmO_1M_L4D1MF temperature is None
Warning: Cooling loop sensor PixelBarrel_BmO_1R_L4D1MF temperature is None
Warning: Cooling loop sensor PixelBarrel_BmO_1R_L4D1MF temperature is None
Warning: Cooling loop sensor PixelBarrel_BpI_1R_L4D1PN temperature is None
Warning: Cooling loop sensor PixelBarrel_BpO_3R_L2D1PF temperature is None
Warning: Cooling loop sensor PixelBarrel_BpO_3R_L2D1PF temperature is None
Warning: Cooling loop sensor PixelBarrel_BpO_3R_L2D1PF temperature is None
Warning: Cooling loop sensor PixelBarrel_BmI_1R_L4D2MN temperature is None
Warning: Cooling loop sensor PixelBarrel_BmI_1R_L4D2MN temperature is None
Warning: Cooling loop sensor PixelBarrel_BmI_1R_L4D2MN temperature is None
Warning: Cooling loop sensor PixelBarrel_BmI_2I_L3D1MN temperature is None
Warning: Cooling loop sensor PixelBarrel_BmI_2I_L3D1MN temperature is None
Warning: Cooling loop sensor PixelBarrel_BmI_2I_L3D1MN temperature is None
Warning: Cooling loop sensor PixelBarrel_BmI_2R_L3D1MN temperature is None
Warning: Cooling loop sensor PixelBarrel_BmI_2R_L3D1MN temperature is None
Warning: Cooling loop sensor PixelBarrel_BmI_2R_L3D1MN temperature is None
Warning: Cooling loop sensor PixelBarrel_BmI_3I_L2D1MN temperature is None
Warning: Cooling loop sensor PixelBarrel_BmI_3I_L2D1MN temperature is None
Warning: Cooling loop sensor PixelBarrel_BmI_3I_L2D1MN temperature is None
Warning: Cooling loop sensor PixelBarrel_BmI_3M_L2D1MN temperature is None
Warning: Cooling loop sensor PixelBarrel_BmI_3M_L2D1MN temperature is None
Warning: Cooling loop sensor PixelBarrel_BmI_3M_L2D1MN temperature is None
Warning: Cooling loop sensor PixelBarrel_BmI_3R_L2D1MN temperature is None
Warning: Cooling loop sensor PixelBarrel_BmI_3R_L2D1MN temperature is None
Warning: Cooling loop sensor PixelBarrel_BmI_3R_L2D1MN temperature is None
Warning: Cooling loop sensor PixelBarrel_BmO_6I_L4D3MF temperature is None
Warning: Cooling loop sensor PixelBarrel_BmO_6I_L4D3MF temperature is None
Warning: Cooling loop sensor PixelBarrel_BmO_6I_L4D3MF temperature is None
Warning: Cooling loop sensor PixelBarrel_BmO_6M_L4D3MF temperature is None
Warning: Cooling loop sensor PixelBarrel_BmO_6M_L4D3MF temperature is None
Warning: Cooling loop sensor PixelBarrel_BmO_6M_L4D3MF temperature is None
Warning: Cooling loop sensor PixelBarrel_BmO_6R_L4D3MF temperature is None
Warning: Cooling loop sensor PixelBarrel_BmO_6R_L4D3MF temperature is None
Warning: Cooling loop sensor PixelBarrel_BmO_6R_L4D3MF temperature is None
Warning: Cooling loop sensor PixelBarrel_BmO_5I_L3D4MF temperature is None
Warning: Cooling loop sensor PixelBarrel_BmO_5I_L3D4MF temperature is None
Warning: Cooling loop sensor PixelBarrel_BmO_5I_L3D4MF temperature is None
Warning: Cooling loop sensor PixelBarrel_BmO_5M_L3D4MF temperature is None
Warning: Cooling loop sensor PixelBarrel_BmO_5M_L3D4MF temperature is None
Warning: Cooling loop sensor PixelBarrel_BmO_5M_L3D4MF temperature is None
Warning: Cooling loop sensor PixelBarrel_BmO_5R_L3D4MF temperature is None
Warning: Cooling loop sensor PixelBarrel_BmO_5R_L3D4MF temperature is None
Warning: Cooling loop sensor PixelBarrel_BmO_5R_L3D4MF temperature is None
Warning: Cooling loop sensor PixelBarrel_BmO_4I_L2D2MF temperature is None
Warning: Cooling loop sensor PixelBarrel_BmO_4I_L2D2MF temperature is None
Warning: Cooling loop sensor PixelBarrel_BmO_4I_L2D2MF temperature is None
Warning: Cooling loop sensor PixelBarrel_BmO_4M_L2D2MF temperature is None
Warning: Cooling loop sensor PixelBarrel_BmO_4M_L2D2MF temperature is None
Warning: Cooling loop sensor PixelBarrel_BmO_4M_L2D2MF temperature is None
Warning: Cooling loop sensor PixelBarrel_BmO_4R_L2D2MF temperature is None
Warning: Cooling loop sensor PixelBarrel_BmO_4R_L2D2MF temperature is None
Warning: Cooling loop sensor PixelBarrel_BmO_4R_L2D2MF temperature is None
Warning: Cooling loop sensor PixelBarrel_BpI_3I_L1D1PN temperature is None
Warning: Cooling loop sensor PixelBarrel_BpI_3I_L1D1PN temperature is None
Warning: Cooling loop sensor PixelBarrel_BpI_3I_L1D1PN temperature is None
Warning: Cooling loop sensor PixelBarrel_BpI_3R_L1D1PN temperature is None
Warning: Cooling loop sensor PixelBarrel_BpI_3R_L1D1PN temperature is None
Warning: Cooling loop sensor PixelBarrel_BpI_3R_L1D1PN temperature is None
Warning: Cooling loop sensor PixelBarrel_BpI_2I_L3D2PN temperature is None
Warning: Cooling loop sensor PixelBarrel_BpI_2I_L3D2PN temperature is None
Warning: Cooling loop sensor PixelBarrel_BpI_2I_L3D2PN temperature is None
Warning: Cooling loop sensor PixelBarrel_BpI_2M_L3D2PN temperature is None
Warning: Cooling loop sensor PixelBarrel_BpI_2M_L3D2PN temperature is None
Warning: Cooling loop sensor PixelBarrel_BpI_2M_L3D2PN temperature is None
Warning: Cooling loop sensor PixelBarrel_BpI_2R_L3D2PN temperature is None
Warning: Cooling loop sensor PixelBarrel_BpI_2R_L3D2PN temperature is None
Warning: Cooling loop sensor PixelBarrel_BpI_2R_L3D2PN temperature is None
Warning: Cooling loop sensor PixelBarrel_BpI_1I_L4D1PN temperature is None
Warning: Cooling loop sensor PixelBarrel_BpI_1I_L4D1PN temperature is None
Warning: Cooling loop sensor PixelBarrel_BpI_1I_L4D1PN temperature is None
Warning: Cooling loop sensor PixelBarrel_BpI_1M_L4D1PN temperature is None
Warning: Cooling loop sensor PixelBarrel_BpI_1M_L4D1PN temperature is None
Warning: Cooling loop sensor PixelBarrel_BpI_1M_L4D1PN temperature is None
Warning: Cooling loop sensor PixelBarrel_BpO_4I_L1D2PF temperature is None
Warning: Cooling loop sensor PixelBarrel_BpO_4I_L1D2PF temperature is None
Warning: Cooling loop sensor PixelBarrel_BpO_4I_L1D2PF temperature is None
Warning: Cooling loop sensor PixelBarrel_BpO_4R_L1D2PF temperature is None
Warning: Cooling loop sensor PixelBarrel_BpO_4R_L1D2PF temperature is None
Warning: Cooling loop sensor PixelBarrel_BpO_4R_L1D2PF temperature is None
Warning: Cooling loop sensor PixelBarrel_BpO_5I_L3D3PF temperature is None
Warning: Cooling loop sensor PixelBarrel_BpO_5I_L3D3PF temperature is None
Warning: Cooling loop sensor PixelBarrel_BpO_5I_L3D3PF temperature is None
Warning: Cooling loop sensor PixelBarrel_BpO_5M_L3D3PF temperature is None
Warning: Cooling loop sensor PixelBarrel_BpO_5M_L3D3PF temperature is None
Warning: Cooling loop sensor PixelBarrel_BpO_5M_L3D3PF temperature is None
Warning: Cooling loop sensor PixelBarrel_BpO_5R_L3D3PF temperature is None
Warning: Cooling loop sensor PixelBarrel_BpO_5R_L3D3PF temperature is None
Warning: Cooling loop sensor PixelBarrel_BpO_5R_L3D3PF temperature is None
Warning: Cooling loop sensor PixelBarrel_BpO_6I_L4D4PF temperature is None
Warning: Cooling loop sensor PixelBarrel_BpO_6I_L4D4PF temperature is None
Warning: Cooling loop sensor PixelBarrel_BpO_6I_L4D4PF temperature is None
Warning: Cooling loop sensor PixelBarrel_BpO_6M_L4D4PF temperature is None
Warning: Cooling loop sensor PixelBarrel_BpO_6M_L4D4PF temperature is None
Warning: Cooling loop sensor PixelBarrel_BpO_6M_L4D4PF temperature is None
Warning: Cooling loop sensor PixelBarrel_BpI_6I_L4D3PN temperature is None
Warning: Cooling loop sensor PixelBarrel_BmI_1M_L4D2MN temperature is None
Warning: Cooling loop sensor PixelBarrel_BpI_6I_L4D3PN temperature is None
Warning: Cooling loop sensor PixelBarrel_BpI_6M_L4D3PN temperature is None
Warning: Cooling loop sensor PixelBarrel_BpI_6M_L4D3PN temperature is None
Warning: Cooling loop sensor PixelBarrel_BpI_6M_L4D3PN temperature is None
Warning: Cooling loop sensor PixelBarrel_BpI_6R_L4D3PN temperature is None
Warning: Cooling loop sensor PixelBarrel_BpI_6R_L4D3PN temperature is None
Warning: Cooling loop sensor PixelBarrel_BpI_6R_L4D3PN temperature is None
Warning: Cooling loop sensor PixelBarrel_BpI_5I_L3D4PN temperature is None
Warning: Cooling loop sensor PixelBarrel_BpI_5I_L3D4PN temperature is None
Warning: Cooling loop sensor PixelBarrel_BpI_5I_L3D4PN temperature is None
Warning: Cooling loop sensor PixelBarrel_BpI_5M_L3D4PN temperature is None
Warning: Cooling loop sensor PixelBarrel_BpI_5M_L3D4PN temperature is None
Warning: Cooling loop sensor PixelBarrel_BpI_5M_L3D4PN temperature is None
Warning: Cooling loop sensor PixelBarrel_BpI_5R_L3D4PN temperature is None
Warning: Cooling loop sensor PixelBarrel_BpI_5R_L3D4PN temperature is None
Warning: Cooling loop sensor PixelBarrel_BpI_5R_L3D4PN temperature is None
Warning: Cooling loop sensor PixelBarrel_BpI_4I_L2D2PN temperature is None
Warning: Cooling loop sensor PixelBarrel_BpI_4I_L2D2PN temperature is None
Warning: Cooling loop sensor PixelBarrel_BpI_4I_L2D2PN temperature is None
Warning: Cooling loop sensor PixelBarrel_BpI_4M_L2D2PN temperature is None
Warning: Cooling loop sensor PixelBarrel_BpI_4M_L2D2PN temperature is None
Warning: Cooling loop sensor PixelBarrel_BpI_4M_L2D2PN temperature is None
Warning: Cooling loop sensor PixelBarrel_BpI_4R_L2D2PN temperature is None
Warning: Cooling loop sensor PixelBarrel_BpI_4R_L2D2PN temperature is None
Warning: Cooling loop sensor PixelBarrel_BpI_4R_L2D2PN temperature is None
Warning: Cooling loop sensor PixelBarrel_BpO_1I_L4D2PF temperature is None
Warning: Cooling loop sensor PixelBarrel_BpO_1I_L4D2PF temperature is None
Warning: Cooling loop sensor PixelBarrel_BpO_1I_L4D2PF temperature is None
Warning: Cooling loop sensor PixelBarrel_BpO_1M_L4D2PF temperature is None
Warning: Cooling loop sensor PixelBarrel_BpO_1M_L4D2PF temperature is None
Warning: Cooling loop sensor PixelBarrel_BpO_1M_L4D2PF temperature is None
Warning: Cooling loop sensor PixelBarrel_BpO_1R_L4D2PF temperature is None
Warning: Cooling loop sensor PixelBarrel_BpO_1R_L4D2PF temperature is None
Warning: Cooling loop sensor PixelBarrel_BpO_1R_L4D2PF temperature is None
Warning: Cooling loop sensor PixelBarrel_BpO_2I_L3D1PF temperature is None
Warning: Cooling loop sensor PixelBarrel_BpO_2I_L3D1PF temperature is None
Warning: Cooling loop sensor PixelBarrel_BpO_2I_L3D1PF temperature is None
Warning: Cooling loop sensor PixelBarrel_BpO_2M_L3D1PF temperature is None
Warning: Cooling loop sensor PixelBarrel_BpO_2M_L3D1PF temperature is None
Warning: Cooling loop sensor PixelBarrel_BpO_2M_L3D1PF temperature is None
Warning: Cooling loop sensor PixelBarrel_BpO_2R_L3D1PF temperature is None
Warning: Cooling loop sensor PixelBarrel_BpO_2R_L3D1PF temperature is None
Warning: Cooling loop sensor PixelBarrel_BpO_2R_L3D1PF temperature is None
Warning: Cooling loop sensor PixelBarrel_BpO_3I_L2D1PF temperature is None
Warning: Cooling loop sensor PixelBarrel_BpO_3I_L2D1PF temperature is None
Warning: Cooling loop sensor PixelBarrel_BpO_3I_L2D1PF temperature is None
Warning: Cooling loop sensor PixelBarrel_BpO_3M_L2D1PF temperature is None
Warning: Cooling loop sensor PixelBarrel_BpO_3M_L2D1PF temperature is None
Warning: Cooling loop sensor PixelBarrel_BpO_3M_L2D1PF temperature is None
Warning: Cooling loop sensor PixelBarrel_BmI_1I_L4D2MN temperature is None
Warning: Cooling loop sensor PixelBarrel_BmI_1I_L4D2MN temperature is None
Warning: Cooling loop sensor PixelBarrel_BmI_1I_L4D2MN temperature is None
Warning: Cooling loop sensor PixelBarrel_BmI_1M_L4D2MN temperature is None
Warning: Cooling loop sensor PixelBarrel_BmI_1M_L4D2MN temperature is None
Warning: Cooling loop sensor PixelBarrel_BpI_6I_L4D3PN temperature is None
Warning: Cooling loop sensor PixelBarrel_BmO_6I_L4D3MF temperature is None
Warning: Cooling loop sensor PixelBarrel_BmO_6M_L4D3MF temperature is None
Warning: Cooling loop sensor PixelBarrel_BmO_4R_L2D2MF temperature is None
Warning: Cooling loop sensor PixelBarrel_BmO_4I_L2D2MF temperature is None
Warning: Cooling loop sensor PixelBarrel_BmO_4M_L2D2MF temperature is None
Warning: Cooling loop sensor PixelBarrel_BmO_6R_L4D3MF temperature is None
Warning: Cooling loop sensor PixelBarrel_BmI_3M_L2D1MN temperature is None
Warning: Cooling loop sensor PixelBarrel_BmI_3I_L2D1MN temperature is None
Warning: Cooling loop sensor PixelBarrel_BmI_1R_L4D2MN temperature is None
Warning: Cooling loop sensor PixelBarrel_BmI_3R_L2D1MN temperature is None
Warning: Cooling loop sensor PixelBarrel_BpI_4R_L2D2PN temperature is None
Warning: Cooling loop sensor PixelBarrel_BpO_1I_L4D2PF temperature is None
Warning: Cooling loop sensor PixelBarrel_BpO_1M_L4D2PF temperature is None
Warning: Cooling loop sensor PixelBarrel_BpO_1R_L4D2PF temperature is None
Warning: Cooling loop sensor PixelBarrel_BpO_3I_L2D1PF temperature is None
Warning: Cooling loop sensor PixelBarrel_BpO_3M_L2D1PF temperature is None
Warning: Cooling loop sensor PixelBarrel_BpO_3R_L2D1PF temperature is None
Warning: Cooling loop sensor PixelBarrel_BmI_1I_L4D2MN temperature is None
Warning: Cooling loop sensor PixelBarrel_BmI_1M_L4D2MN temperature is None
Warning: Cooling loop sensor PixelBarrel_BpI_4M_L2D2PN temperature is None
Warning: Cooling loop sensor PixelBarrel_BpI_4I_L2D2PN temperature is None
Warning: Cooling loop sensor PixelBarrel_BpI_6R_L4D3PN temperature is None
Warning: Cooling loop sensor PixelBarrel_BpI_6I_L4D3PN temperature is None
Warning: Cooling loop sensor PixelBarrel_BpI_6M_L4D3PN temperature is None
Warning: Cooling loop sensor PixelBarrel_BpI_1R_L4D1PN temperature is None
Warning: Cooling loop sensor PixelBarrel_BmO_1R_L4D1MF temperature is None
Warning: Cooling loop sensor PixelBarrel_BpI_1R_L4D1PN temperature is None
Warning: Cooling loop sensor PixelBarrel_BpO_6R_L4D4PF temperature is None
Warning: Cooling loop sensor PixelBarrel_BpO_6R_L4D4PF temperature is None
Warning: Cooling loop sensor PixelBarrel_BpO_6R_L4D4PF temperature is None
Warning: Cooling loop sensor PixelBarrel_BmI_4R_L1D2MN temperature is None
Warning: Cooling loop sensor PixelBarrel_BmI_4R_L1D2MN temperature is None
Warning: Cooling loop sensor PixelBarrel_BmI_4R_L1D2MN temperature is None
Warning: Cooling loop sensor PixelBarrel_BmI_4M_L1D2MN temperature is None
Warning: Cooling loop sensor PixelBarrel_BmI_4M_L1D2MN temperature is None
Warning: Cooling loop sensor PixelBarrel_BmI_4M_L1D2MN temperature is None
Warning: Cooling loop sensor PixelBarrel_BmI_4I_L1D2MN temperature is None
Warning: Cooling loop sensor PixelBarrel_BmI_4I_L1D2MN temperature is None
Warning: Cooling loop sensor PixelBarrel_BmI_4I_L1D2MN temperature is None
Warning: Cooling loop sensor PixelBarrel_BmI_5R_L3D3MN temperature is None
Warning: Cooling loop sensor PixelBarrel_BmI_5R_L3D3MN temperature is None
Warning: Cooling loop sensor PixelBarrel_BmI_5R_L3D3MN temperature is None
Warning: Cooling loop sensor PixelBarrel_BmI_5M_L3D3MN temperature is None
Warning: Cooling loop sensor PixelBarrel_BmI_5M_L3D3MN temperature is None
Warning: Cooling loop sensor PixelBarrel_BmI_5M_L3D3MN temperature is None
Warning: Cooling loop sensor PixelBarrel_BmI_5I_L3D3MN temperature is None
Warning: Cooling loop sensor PixelBarrel_BmI_5I_L3D3MN temperature is None
Warning: Cooling loop sensor PixelBarrel_BmI_5I_L3D3MN temperature is None
Warning: Cooling loop sensor PixelBarrel_BmI_6R_L4D4MN temperature is None
Warning: Cooling loop sensor PixelBarrel_BmI_6R_L4D4MN temperature is None
Warning: Cooling loop sensor PixelBarrel_BmI_6R_L4D4MN temperature is None
Warning: Cooling loop sensor PixelBarrel_BmI_6M_L4D4MN temperature is None
Warning: Cooling loop sensor PixelBarrel_BmI_6M_L4D4MN temperature is None
Warning: Cooling loop sensor PixelBarrel_BmI_6M_L4D4MN temperature is None
Warning: Cooling loop sensor PixelBarrel_BmI_6I_L4D4MN temperature is None
Warning: Cooling loop sensor PixelBarrel_BmI_6I_L4D4MN temperature is None
Warning: Cooling loop sensor PixelBarrel_BmI_6I_L4D4MN temperature is None
Warning: Cooling loop sensor PixelBarrel_BmO_3I_L1D1MF temperature is None
Warning: Cooling loop sensor PixelBarrel_BmO_3I_L1D1MF temperature is None
Warning: Cooling loop sensor PixelBarrel_BmO_3I_L1D1MF temperature is None
Warning: Cooling loop sensor PixelBarrel_BmO_3M_L1D1MF temperature is None
Warning: Cooling loop sensor PixelBarrel_BmO_3M_L1D1MF temperature is None
Warning: Cooling loop sensor PixelBarrel_BmO_3M_L1D1MF temperature is None
Warning: Cooling loop sensor PixelBarrel_BmO_3R_L1D1MF temperature is None
Warning: Cooling loop sensor PixelBarrel_BmO_3R_L1D1MF temperature is None
Warning: Cooling loop sensor PixelBarrel_BmO_3R_L1D1MF temperature is None
Warning: Cooling loop sensor PixelBarrel_BmO_2R_L3D2MF temperature is None
Warning: Cooling loop sensor PixelBarrel_BmO_2R_L3D2MF temperature is None
Warning: Cooling loop sensor PixelBarrel_BmO_2R_L3D2MF temperature is None
Warning: Cooling loop sensor PixelBarrel_BmO_2M_L3D2MF temperature is None
Warning: Cooling loop sensor PixelBarrel_BmO_2M_L3D2MF temperature is None
Warning: Cooling loop sensor PixelBarrel_BmO_2M_L3D2MF temperature is None
Warning: Cooling loop sensor PixelBarrel_BmO_2I_L3D2MF temperature is None
Warning: Cooling loop sensor PixelBarrel_BmO_2I_L3D2MF temperature is None
Warning: Cooling loop sensor PixelBarrel_BmO_2I_L3D2MF temperature is None
Warning: Cooling loop sensor PixelBarrel_BmO_1I_L4D1MF temperature is None
Warning: Cooling loop sensor PixelBarrel_BmO_1I_L4D1MF temperature is None
Warning: Cooling loop sensor PixelBarrel_BmO_1I_L4D1MF temperature is None
Warning: Cooling loop sensor PixelBarrel_BmO_1M_L4D1MF temperature is None
Warning: Cooling loop sensor PixelBarrel_BmO_1M_L4D1MF temperature is None
Warning: Cooling loop sensor PixelBarrel_BmO_1M_L4D1MF temperature is None
Warning: Cooling loop sensor PixelBarrel_BmO_1R_L4D1MF temperature is None
Warning: Cooling loop sensor PixelBarrel_BmO_1R_L4D1MF temperature is None
Warning: Cooling loop sensor PixelBarrel_BpI_1R_L4D1PN temperature is None
Warning: Cooling loop sensor PixelBarrel_BpO_3R_L2D1PF temperature is None
Warning: Cooling loop sensor PixelBarrel_BpO_3R_L2D1PF temperature is None
Warning: Cooling loop sensor PixelBarrel_BpO_3R_L2D1PF temperature is None
Warning: Cooling loop sensor PixelBarrel_BmI_1R_L4D2MN temperature is None
Warning: Cooling loop sensor PixelBarrel_BmI_1R_L4D2MN temperature is None
Warning: Cooling loop sensor PixelBarrel_BmI_1R_L4D2MN temperature is None
Warning: Cooling loop sensor PixelBarrel_BmI_2I_L3D1MN temperature is None
Warning: Cooling loop sensor PixelBarrel_BmI_2I_L3D1MN temperature is None
Warning: Cooling loop sensor PixelBarrel_BmI_2I_L3D1MN temperature is None
Warning: Cooling loop sensor PixelBarrel_BmI_2R_L3D1MN temperature is None
Warning: Cooling loop sensor PixelBarrel_BmI_2R_L3D1MN temperature is None
Warning: Cooling loop sensor PixelBarrel_BmI_2R_L3D1MN temperature is None
Warning: Cooling loop sensor PixelBarrel_BmI_3I_L2D1MN temperature is None
Warning: Cooling loop sensor PixelBarrel_BmI_3I_L2D1MN temperature is None
Warning: Cooling loop sensor PixelBarrel_BmI_3I_L2D1MN temperature is None
Warning: Cooling loop sensor PixelBarrel_BmI_3M_L2D1MN temperature is None
Warning: Cooling loop sensor PixelBarrel_BmI_3M_L2D1MN temperature is None
Warning: Cooling loop sensor PixelBarrel_BmI_3M_L2D1MN temperature is None
Warning: Cooling loop sensor PixelBarrel_BmI_3R_L2D1MN temperature is None
Warning: Cooling loop sensor PixelBarrel_BmI_3R_L2D1MN temperature is None
Warning: Cooling loop sensor PixelBarrel_BmI_3R_L2D1MN temperature is None
Warning: Cooling loop sensor PixelBarrel_BmO_6I_L4D3MF temperature is None
Warning: Cooling loop sensor PixelBarrel_BmO_6I_L4D3MF temperature is None
Warning: Cooling loop sensor PixelBarrel_BmO_6I_L4D3MF temperature is None
Warning: Cooling loop sensor PixelBarrel_BmO_6M_L4D3MF temperature is None
Warning: Cooling loop sensor PixelBarrel_BmO_6M_L4D3MF temperature is None
Warning: Cooling loop sensor PixelBarrel_BmO_6M_L4D3MF temperature is None
Warning: Cooling loop sensor PixelBarrel_BmO_6R_L4D3MF temperature is None
Warning: Cooling loop sensor PixelBarrel_BmO_6R_L4D3MF temperature is None
Warning: Cooling loop sensor PixelBarrel_BmO_6R_L4D3MF temperature is None
Warning: Cooling loop sensor PixelBarrel_BmO_5I_L3D4MF temperature is None
Warning: Cooling loop sensor PixelBarrel_BmO_5I_L3D4MF temperature is None
Warning: Cooling loop sensor PixelBarrel_BmO_5I_L3D4MF temperature is None
Warning: Cooling loop sensor PixelBarrel_BmO_5M_L3D4MF temperature is None
Warning: Cooling loop sensor PixelBarrel_BmO_5M_L3D4MF temperature is None
Warning: Cooling loop sensor PixelBarrel_BmO_5M_L3D4MF temperature is None
Warning: Cooling loop sensor PixelBarrel_BmO_5R_L3D4MF temperature is None
Warning: Cooling loop sensor PixelBarrel_BmO_5R_L3D4MF temperature is None
Warning: Cooling loop sensor PixelBarrel_BmO_5R_L3D4MF temperature is None
Warning: Cooling loop sensor PixelBarrel_BmO_4I_L2D2MF temperature is None
Warning: Cooling loop sensor PixelBarrel_BmO_4I_L2D2MF temperature is None
Warning: Cooling loop sensor PixelBarrel_BmO_4I_L2D2MF temperature is None
Warning: Cooling loop sensor PixelBarrel_BmO_4M_L2D2MF temperature is None
Warning: Cooling loop sensor PixelBarrel_BmO_4M_L2D2MF temperature is None
Warning: Cooling loop sensor PixelBarrel_BmO_4M_L2D2MF temperature is None
Warning: Cooling loop sensor PixelBarrel_BmO_4R_L2D2MF temperature is None
Warning: Cooling loop sensor PixelBarrel_BmO_4R_L2D2MF temperature is None
Warning: Cooling loop sensor PixelBarrel_BmO_4R_L2D2MF temperature is None
Warning: Cooling loop sensor PixelBarrel_BpI_3I_L1D1PN temperature is None
Warning: Cooling loop sensor PixelBarrel_BpI_3I_L1D1PN temperature is None
Warning: Cooling loop sensor PixelBarrel_BpI_3I_L1D1PN temperature is None
Warning: Cooling loop sensor PixelBarrel_BpI_3R_L1D1PN temperature is None
Warning: Cooling loop sensor PixelBarrel_BpI_3R_L1D1PN temperature is None
Warning: Cooling loop sensor PixelBarrel_BpI_3R_L1D1PN temperature is None
Warning: Cooling loop sensor PixelBarrel_BpI_2I_L3D2PN temperature is None
Warning: Cooling loop sensor PixelBarrel_BpI_2I_L3D2PN temperature is None
Warning: Cooling loop sensor PixelBarrel_BpI_2I_L3D2PN temperature is None
Warning: Cooling loop sensor PixelBarrel_BpI_2M_L3D2PN temperature is None
Warning: Cooling loop sensor PixelBarrel_BpI_2M_L3D2PN temperature is None
Warning: Cooling loop sensor PixelBarrel_BpI_2M_L3D2PN temperature is None
Warning: Cooling loop sensor PixelBarrel_BpI_2R_L3D2PN temperature is None
Warning: Cooling loop sensor PixelBarrel_BpI_2R_L3D2PN temperature is None
Warning: Cooling loop sensor PixelBarrel_BpI_2R_L3D2PN temperature is None
Warning: Cooling loop sensor PixelBarrel_BpI_1I_L4D1PN temperature is None
Warning: Cooling loop sensor PixelBarrel_BpI_1I_L4D1PN temperature is None
Warning: Cooling loop sensor PixelBarrel_BpI_1I_L4D1PN temperature is None
Warning: Cooling loop sensor PixelBarrel_BpI_1M_L4D1PN temperature is None
Warning: Cooling loop sensor PixelBarrel_BpI_1M_L4D1PN temperature is None
Warning: Cooling loop sensor PixelBarrel_BpI_1M_L4D1PN temperature is None
Warning: Cooling loop sensor PixelBarrel_BpO_4I_L1D2PF temperature is None
Warning: Cooling loop sensor PixelBarrel_BpO_4I_L1D2PF temperature is None
Warning: Cooling loop sensor PixelBarrel_BpO_4I_L1D2PF temperature is None
Warning: Cooling loop sensor PixelBarrel_BpO_4R_L1D2PF temperature is None
Warning: Cooling loop sensor PixelBarrel_BpO_4R_L1D2PF temperature is None
Warning: Cooling loop sensor PixelBarrel_BpO_4R_L1D2PF temperature is None
Warning: Cooling loop sensor PixelBarrel_BpO_5I_L3D3PF temperature is None
Warning: Cooling loop sensor PixelBarrel_BpO_5I_L3D3PF temperature is None
Warning: Cooling loop sensor PixelBarrel_BpO_5I_L3D3PF temperature is None
Warning: Cooling loop sensor PixelBarrel_BpO_5M_L3D3PF temperature is None
Warning: Cooling loop sensor PixelBarrel_BpO_5M_L3D3PF temperature is None
Warning: Cooling loop sensor PixelBarrel_BpO_5M_L3D3PF temperature is None
Warning: Cooling loop sensor PixelBarrel_BpO_5R_L3D3PF temperature is None
Warning: Cooling loop sensor PixelBarrel_BpO_5R_L3D3PF temperature is None
Warning: Cooling loop sensor PixelBarrel_BpO_5R_L3D3PF temperature is None
Warning: Cooling loop sensor PixelBarrel_BpO_6I_L4D4PF temperature is None
Warning: Cooling loop sensor PixelBarrel_BpO_6I_L4D4PF temperature is None
Warning: Cooling loop sensor PixelBarrel_BpO_6I_L4D4PF temperature is None
Warning: Cooling loop sensor PixelBarrel_BpO_6M_L4D4PF temperature is None
Warning: Cooling loop sensor PixelBarrel_BpO_6M_L4D4PF temperature is None
Warning: Cooling loop sensor PixelBarrel_BpO_6M_L4D4PF temperature is None
Warning: Cooling loop sensor PixelBarrel_BpI_6I_L4D3PN temperature is None
Warning: Cooling loop sensor PixelBarrel_BmI_1M_L4D2MN temperature is None
Warning: Cooling loop sensor PixelBarrel_BpI_6I_L4D3PN temperature is None
Warning: Cooling loop sensor PixelBarrel_BpI_6M_L4D3PN temperature is None
Warning: Cooling loop sensor PixelBarrel_BpI_6M_L4D3PN temperature is None
Warning: Cooling loop sensor PixelBarrel_BpI_6M_L4D3PN temperature is None
Warning: Cooling loop sensor PixelBarrel_BpI_6R_L4D3PN temperature is None
Warning: Cooling loop sensor PixelBarrel_BpI_6R_L4D3PN temperature is None
Warning: Cooling loop sensor PixelBarrel_BpI_6R_L4D3PN temperature is None
Warning: Cooling loop sensor PixelBarrel_BpI_5I_L3D4PN temperature is None
Warning: Cooling loop sensor PixelBarrel_BpI_5I_L3D4PN temperature is None
Warning: Cooling loop sensor PixelBarrel_BpI_5I_L3D4PN temperature is None
Warning: Cooling loop sensor PixelBarrel_BpI_5M_L3D4PN temperature is None
Warning: Cooling loop sensor PixelBarrel_BpI_5M_L3D4PN temperature is None
Warning: Cooling loop sensor PixelBarrel_BpI_5M_L3D4PN temperature is None
Warning: Cooling loop sensor PixelBarrel_BpI_5R_L3D4PN temperature is None
Warning: Cooling loop sensor PixelBarrel_BpI_5R_L3D4PN temperature is None
Warning: Cooling loop sensor PixelBarrel_BpI_5R_L3D4PN temperature is None
Warning: Cooling loop sensor PixelBarrel_BpI_4I_L2D2PN temperature is None
Warning: Cooling loop sensor PixelBarrel_BpI_4I_L2D2PN temperature is None
Warning: Cooling loop sensor PixelBarrel_BpI_4I_L2D2PN temperature is None
Warning: Cooling loop sensor PixelBarrel_BpI_4M_L2D2PN temperature is None
Warning: Cooling loop sensor PixelBarrel_BpI_4M_L2D2PN temperature is None
Warning: Cooling loop sensor PixelBarrel_BpI_4M_L2D2PN temperature is None
Warning: Cooling loop sensor PixelBarrel_BpI_4R_L2D2PN temperature is None
Warning: Cooling loop sensor PixelBarrel_BpI_4R_L2D2PN temperature is None
Warning: Cooling loop sensor PixelBarrel_BpI_4R_L2D2PN temperature is None
Warning: Cooling loop sensor PixelBarrel_BpO_1I_L4D2PF temperature is None
Warning: Cooling loop sensor PixelBarrel_BpO_1I_L4D2PF temperature is None
Warning: Cooling loop sensor PixelBarrel_BpO_1I_L4D2PF temperature is None
Warning: Cooling loop sensor PixelBarrel_BpO_1M_L4D2PF temperature is None
Warning: Cooling loop sensor PixelBarrel_BpO_1M_L4D2PF temperature is None
Warning: Cooling loop sensor PixelBarrel_BpO_1M_L4D2PF temperature is None
Warning: Cooling loop sensor PixelBarrel_BpO_1R_L4D2PF temperature is None
Warning: Cooling loop sensor PixelBarrel_BpO_1R_L4D2PF temperature is None
Warning: Cooling loop sensor PixelBarrel_BpO_1R_L4D2PF temperature is None
Warning: Cooling loop sensor PixelBarrel_BpO_2I_L3D1PF temperature is None
Warning: Cooling loop sensor PixelBarrel_BpO_2I_L3D1PF temperature is None
Warning: Cooling loop sensor PixelBarrel_BpO_2I_L3D1PF temperature is None
Warning: Cooling loop sensor PixelBarrel_BpO_2M_L3D1PF temperature is None
Warning: Cooling loop sensor PixelBarrel_BpO_2M_L3D1PF temperature is None
Warning: Cooling loop sensor PixelBarrel_BpO_2M_L3D1PF temperature is None
Warning: Cooling loop sensor PixelBarrel_BpO_2R_L3D1PF temperature is None
Warning: Cooling loop sensor PixelBarrel_BpO_2R_L3D1PF temperature is None
Warning: Cooling loop sensor PixelBarrel_BpO_2R_L3D1PF temperature is None
Warning: Cooling loop sensor PixelBarrel_BpO_3I_L2D1PF temperature is None
Warning: Cooling loop sensor PixelBarrel_BpO_3I_L2D1PF temperature is None
Warning: Cooling loop sensor PixelBarrel_BpO_3I_L2D1PF temperature is None
Warning: Cooling loop sensor PixelBarrel_BpO_3M_L2D1PF temperature is None
Warning: Cooling loop sensor PixelBarrel_BpO_3M_L2D1PF temperature is None
Warning: Cooling loop sensor PixelBarrel_BpO_3M_L2D1PF temperature is None
Warning: Cooling loop sensor PixelBarrel_BmI_1I_L4D2MN temperature is None
Warning: Cooling loop sensor PixelBarrel_BmI_1I_L4D2MN temperature is None
Warning: Cooling loop sensor PixelBarrel_BmI_1I_L4D2MN temperature is None
Warning: Cooling loop sensor PixelBarrel_BmI_1M_L4D2MN temperature is None
Warning: Cooling loop sensor PixelBarrel_BmI_1M_L4D2MN temperature is None
Warning: Cooling loop sensor PixelBarrel_BpI_6I_L4D3PN temperature is None
Warning: Cooling loop sensor PixelBarrel_BmO_4R_L2D2MF temperature is None
Warning: Cooling loop sensor PixelBarrel_BmO_6I_L4D3MF temperature is None
Warning: Cooling loop sensor PixelBarrel_BmO_4M_L2D2MF temperature is None
Warning: Cooling loop sensor PixelBarrel_BmO_6R_L4D3MF temperature is None
Warning: Cooling loop sensor PixelBarrel_BmO_4I_L2D2MF temperature is None
Warning: Cooling loop sensor PixelBarrel_BmO_6M_L4D3MF temperature is None
Warning: Cooling loop sensor PixelBarrel_BmI_3I_L2D1MN temperature is None
Warning: Cooling loop sensor PixelBarrel_BmI_1R_L4D2MN temperature is None
Warning: Cooling loop sensor PixelBarrel_BmI_3R_L2D1MN temperature is None
Warning: Cooling loop sensor PixelBarrel_BmI_3M_L2D1MN temperature is None
Warning: Cooling loop sensor PixelBarrel_BpI_6M_L4D3PN temperature is None
Warning: Cooling loop sensor PixelBarrel_BpI_6R_L4D3PN temperature is None
Warning: Cooling loop sensor PixelBarrel_BpI_4I_L2D2PN temperature is None
Warning: Cooling loop sensor PixelBarrel_BpI_4M_L2D2PN temperature is None
Warning: Cooling loop sensor PixelBarrel_BpI_4R_L2D2PN temperature is None
Warning: Cooling loop sensor PixelBarrel_BpO_1I_L4D2PF temperature is None
Warning: Cooling loop sensor PixelBarrel_BpO_1M_L4D2PF temperature is None
Warning: Cooling loop sensor PixelBarrel_BpO_1R_L4D2PF temperature is None
Warning: Cooling loop sensor PixelBarrel_BpO_3I_L2D1PF temperature is None
Warning: Cooling loop sensor PixelBarrel_BpI_6I_L4D3PN temperature is None
Warning: Cooling loop sensor PixelBarrel_BmI_1M_L4D2MN temperature is None
Warning: Cooling loop sensor PixelBarrel_BpO_3M_L2D1PF temperature is None
Warning: Cooling loop sensor PixelBarrel_BpO_3R_L2D1PF temperature is None
Warning: Cooling loop sensor PixelBarrel_BmI_1I_L4D2MN temperature is None
Warning: Cooling loop sensor PixelBarrel_BmI_5I_L3D3MN temperature is None
Warning: Cooling loop sensor PixelBarrel_BmI_5M_L3D3MN temperature is None
Warning: Cooling loop sensor PixelBarrel_BmI_5I_L3D3MN temperature is None
Warning: Cooling loop sensor PixelBarrel_BmI_6R_L4D4MN temperature is None
Warning: Cooling loop sensor PixelBarrel_BmI_6R_L4D4MN temperature is None
Warning: Cooling loop sensor PixelBarrel_BmI_6R_L4D4MN temperature is None
Warning: Cooling loop sensor PixelBarrel_BmI_6M_L4D4MN temperature is None
Warning: Cooling loop sensor PixelBarrel_BmI_6M_L4D4MN temperature is None
Warning: Cooling loop sensor PixelBarrel_BmI_6M_L4D4MN temperature is None
Warning: Cooling loop sensor PixelBarrel_BmI_6I_L4D4MN temperature is None
Warning: Cooling loop sensor PixelBarrel_BmI_6I_L4D4MN temperature is None
Warning: Cooling loop sensor PixelBarrel_BmI_6I_L4D4MN temperature is None
Warning: Cooling loop sensor PixelBarrel_BmO_3I_L1D1MF temperature is None
Warning: Cooling loop sensor PixelBarrel_BmO_3I_L1D1MF temperature is None
Warning: Cooling loop sensor PixelBarrel_BmO_3I_L1D1MF temperature is None
Warning: Cooling loop sensor PixelBarrel_BmO_3M_L1D1MF temperature is None
Warning: Cooling loop sensor PixelBarrel_BmO_3M_L1D1MF temperature is None
Warning: Cooling loop sensor PixelBarrel_BmO_3M_L1D1MF temperature is None
Warning: Cooling loop sensor PixelBarrel_BmO_3R_L1D1MF temperature is None
Warning: Cooling loop sensor PixelBarrel_BmO_3R_L1D1MF temperature is None
Warning: Cooling loop sensor PixelBarrel_BmO_3R_L1D1MF temperature is None
Warning: Cooling loop sensor PixelBarrel_BmO_2R_L3D2MF temperature is None
Warning: Cooling loop sensor PixelBarrel_BmO_2R_L3D2MF temperature is None
Warning: Cooling loop sensor PixelBarrel_BmO_2R_L3D2MF temperature is None
Warning: Cooling loop sensor PixelBarrel_BmO_2M_L3D2MF temperature is None
Warning: Cooling loop sensor PixelBarrel_BmO_2M_L3D2MF temperature is None
Warning: Cooling loop sensor PixelBarrel_BmO_2M_L3D2MF temperature is None
Warning: Cooling loop sensor PixelBarrel_BmO_2I_L3D2MF temperature is None
Warning: Cooling loop sensor PixelBarrel_BmO_2I_L3D2MF temperature is None
Warning: Cooling loop sensor PixelBarrel_BmO_2I_L3D2MF temperature is None
Warning: Cooling loop sensor PixelBarrel_BmO_1I_L4D1MF temperature is None
Warning: Cooling loop sensor PixelBarrel_BmO_1I_L4D1MF temperature is None
Warning: Cooling loop sensor PixelBarrel_BmO_1I_L4D1MF temperature is None
Warning: Cooling loop sensor PixelBarrel_BmO_1M_L4D1MF temperature is None
Warning: Cooling loop sensor PixelBarrel_BmO_1M_L4D1MF temperature is None
Warning: Cooling loop sensor PixelBarrel_BmO_1M_L4D1MF temperature is None
Warning: Cooling loop sensor PixelBarrel_BmO_1R_L4D1MF temperature is None
Warning: Cooling loop sensor PixelBarrel_BmO_1R_L4D1MF temperature is None
Warning: Cooling loop sensor PixelBarrel_BmO_1R_L4D1MF temperature is None
Warning: Cooling loop sensor PixelBarrel_BpI_1R_L4D1PN temperature is None
Warning: Cooling loop sensor PixelBarrel_BpI_1R_L4D1PN temperature is None
Warning: Cooling loop sensor PixelBarrel_BpI_1R_L4D1PN temperature is None
Warning: Cooling loop sensor PixelBarrel_BpO_6R_L4D4PF temperature is None
Warning: Cooling loop sensor PixelBarrel_BpO_6R_L4D4PF temperature is None
Warning: Cooling loop sensor PixelBarrel_BpO_6R_L4D4PF temperature is None
Warning: Cooling loop sensor PixelBarrel_BmI_4R_L1D2MN temperature is None
Warning: Cooling loop sensor PixelBarrel_BmI_4R_L1D2MN temperature is None
Warning: Cooling loop sensor PixelBarrel_BmI_4R_L1D2MN temperature is None
Warning: Cooling loop sensor PixelBarrel_BmI_4M_L1D2MN temperature is None
Warning: Cooling loop sensor PixelBarrel_BmI_4M_L1D2MN temperature is None
Warning: Cooling loop sensor PixelBarrel_BmI_4M_L1D2MN temperature is None
Warning: Cooling loop sensor PixelBarrel_BmI_4I_L1D2MN temperature is None
Warning: Cooling loop sensor PixelBarrel_BmI_4I_L1D2MN temperature is None
Warning: Cooling loop sensor PixelBarrel_BmI_4I_L1D2MN temperature is None
Warning: Cooling loop sensor PixelBarrel_BmI_5R_L3D3MN temperature is None
Warning: Cooling loop sensor PixelBarrel_BmI_5R_L3D3MN temperature is None
Warning: Cooling loop sensor PixelBarrel_BmI_5R_L3D3MN temperature is None
Warning: Cooling loop sensor PixelBarrel_BmI_5M_L3D3MN temperature is None
Warning: Cooling loop sensor PixelBarrel_BmI_5M_L3D3MN temperature is None
Warning: Cooling loop sensor PixelBarrel_BmI_5I_L3D3MN temperature is None
Warning: Cooling loop sensor PixelBarrel_BpI_3I_L1D1PN temperature is None
Warning: Cooling loop sensor PixelBarrel_BpI_3I_L1D1PN temperature is None
Warning: Cooling loop sensor PixelBarrel_BpI_3I_L1D1PN temperature is None
Warning: Cooling loop sensor PixelBarrel_BpI_3R_L1D1PN temperature is None
Warning: Cooling loop sensor PixelBarrel_BpI_3R_L1D1PN temperature is None
Warning: Cooling loop sensor PixelBarrel_BpI_3R_L1D1PN temperature is None
Warning: Cooling loop sensor PixelBarrel_BpI_2I_L3D2PN temperature is None
Warning: Cooling loop sensor PixelBarrel_BpI_2I_L3D2PN temperature is None
Warning: Cooling loop sensor PixelBarrel_BpI_2I_L3D2PN temperature is None
Warning: Cooling loop sensor PixelBarrel_BpI_2M_L3D2PN temperature is None
Warning: Cooling loop sensor PixelBarrel_BpI_2M_L3D2PN temperature is None
Warning: Cooling loop sensor PixelBarrel_BpI_2M_L3D2PN temperature is None
Warning: Cooling loop sensor PixelBarrel_BpI_2R_L3D2PN temperature is None
Warning: Cooling loop sensor PixelBarrel_BpI_2R_L3D2PN temperature is None
Warning: Cooling loop sensor PixelBarrel_BpI_2R_L3D2PN temperature is None
Warning: Cooling loop sensor PixelBarrel_BpI_1I_L4D1PN temperature is None
Warning: Cooling loop sensor PixelBarrel_BpI_1I_L4D1PN temperature is None
Warning: Cooling loop sensor PixelBarrel_BpI_1I_L4D1PN temperature is None
Warning: Cooling loop sensor PixelBarrel_BpI_1M_L4D1PN temperature is None
Warning: Cooling loop sensor PixelBarrel_BpI_1M_L4D1PN temperature is None
Warning: Cooling loop sensor PixelBarrel_BpI_1M_L4D1PN temperature is None
Warning: Cooling loop sensor PixelBarrel_BpO_4I_L1D2PF temperature is None
Warning: Cooling loop sensor PixelBarrel_BpO_4I_L1D2PF temperature is None
Warning: Cooling loop sensor PixelBarrel_BpO_4I_L1D2PF temperature is None
Warning: Cooling loop sensor PixelBarrel_BpO_4R_L1D2PF temperature is None
Warning: Cooling loop sensor PixelBarrel_BpO_4R_L1D2PF temperature is None
Warning: Cooling loop sensor PixelBarrel_BpO_4R_L1D2PF temperature is None
Warning: Cooling loop sensor PixelBarrel_BpO_5I_L3D3PF temperature is None
Warning: Cooling loop sensor PixelBarrel_BpO_5I_L3D3PF temperature is None
Warning: Cooling loop sensor PixelBarrel_BpO_5I_L3D3PF temperature is None
Warning: Cooling loop sensor PixelBarrel_BpO_5M_L3D3PF temperature is None
Warning: Cooling loop sensor PixelBarrel_BpO_5M_L3D3PF temperature is None
Warning: Cooling loop sensor PixelBarrel_BpO_5M_L3D3PF temperature is None
Warning: Cooling loop sensor PixelBarrel_BpO_5R_L3D3PF temperature is None
Warning: Cooling loop sensor PixelBarrel_BpO_5R_L3D3PF temperature is None
Warning: Cooling loop sensor PixelBarrel_BpO_5R_L3D3PF temperature is None
Warning: Cooling loop sensor PixelBarrel_BpO_6I_L4D4PF temperature is None
Warning: Cooling loop sensor PixelBarrel_BpO_6I_L4D4PF temperature is None
Warning: Cooling loop sensor PixelBarrel_BpO_6I_L4D4PF temperature is None
Warning: Cooling loop sensor PixelBarrel_BpO_6M_L4D4PF temperature is None
Warning: Cooling loop sensor PixelBarrel_BpO_6M_L4D4PF temperature is None
Warning: Cooling loop sensor PixelBarrel_BpO_6M_L4D4PF temperature is None
Warning: Cooling loop sensor PixelBarrel_BpO_3R_L2D1PF temperature is None
Warning: Cooling loop sensor PixelBarrel_BmI_1R_L4D2MN temperature is None
Warning: Cooling loop sensor PixelBarrel_BmI_1R_L4D2MN temperature is None
Warning: Cooling loop sensor PixelBarrel_BmI_1R_L4D2MN temperature is None
Warning: Cooling loop sensor PixelBarrel_BmI_2I_L3D1MN temperature is None
Warning: Cooling loop sensor PixelBarrel_BmI_2I_L3D1MN temperature is None
Warning: Cooling loop sensor PixelBarrel_BmI_2I_L3D1MN temperature is None
Warning: Cooling loop sensor PixelBarrel_BmI_2R_L3D1MN temperature is None
Warning: Cooling loop sensor PixelBarrel_BmI_2R_L3D1MN temperature is None
Warning: Cooling loop sensor PixelBarrel_BmI_2R_L3D1MN temperature is None
Warning: Cooling loop sensor PixelBarrel_BmI_3I_L2D1MN temperature is None
Warning: Cooling loop sensor PixelBarrel_BmI_3I_L2D1MN temperature is None
Warning: Cooling loop sensor PixelBarrel_BmI_3I_L2D1MN temperature is None
Warning: Cooling loop sensor PixelBarrel_BmI_3M_L2D1MN temperature is None
Warning: Cooling loop sensor PixelBarrel_BmI_3M_L2D1MN temperature is None
Warning: Cooling loop sensor PixelBarrel_BmI_3M_L2D1MN temperature is None
Warning: Cooling loop sensor PixelBarrel_BmI_3R_L2D1MN temperature is None
Warning: Cooling loop sensor PixelBarrel_BmI_3R_L2D1MN temperature is None
Warning: Cooling loop sensor PixelBarrel_BmI_3R_L2D1MN temperature is None
Warning: Cooling loop sensor PixelBarrel_BmO_6I_L4D3MF temperature is None
Warning: Cooling loop sensor PixelBarrel_BmO_6I_L4D3MF temperature is None
Warning: Cooling loop sensor PixelBarrel_BmO_6I_L4D3MF temperature is None
Warning: Cooling loop sensor PixelBarrel_BmO_6M_L4D3MF temperature is None
Warning: Cooling loop sensor PixelBarrel_BmO_6M_L4D3MF temperature is None
Warning: Cooling loop sensor PixelBarrel_BmO_6M_L4D3MF temperature is None
Warning: Cooling loop sensor PixelBarrel_BmO_6R_L4D3MF temperature is None
Warning: Cooling loop sensor PixelBarrel_BmO_6R_L4D3MF temperature is None
Warning: Cooling loop sensor PixelBarrel_BmO_6R_L4D3MF temperature is None
Warning: Cooling loop sensor PixelBarrel_BmO_5I_L3D4MF temperature is None
Warning: Cooling loop sensor PixelBarrel_BmO_5I_L3D4MF temperature is None
Warning: Cooling loop sensor PixelBarrel_BmO_5I_L3D4MF temperature is None
Warning: Cooling loop sensor PixelBarrel_BmO_5M_L3D4MF temperature is None
Warning: Cooling loop sensor PixelBarrel_BmO_5M_L3D4MF temperature is None
Warning: Cooling loop sensor PixelBarrel_BmO_5M_L3D4MF temperature is None
Warning: Cooling loop sensor PixelBarrel_BmO_5R_L3D4MF temperature is None
Warning: Cooling loop sensor PixelBarrel_BmO_5R_L3D4MF temperature is None
Warning: Cooling loop sensor PixelBarrel_BmO_5R_L3D4MF temperature is None
Warning: Cooling loop sensor PixelBarrel_BmO_4I_L2D2MF temperature is None
Warning: Cooling loop sensor PixelBarrel_BmO_4I_L2D2MF temperature is None
Warning: Cooling loop sensor PixelBarrel_BmO_4I_L2D2MF temperature is None
Warning: Cooling loop sensor PixelBarrel_BmO_4M_L2D2MF temperature is None
Warning: Cooling loop sensor PixelBarrel_BmO_4M_L2D2MF temperature is None
Warning: Cooling loop sensor PixelBarrel_BmO_4M_L2D2MF temperature is None
Warning: Cooling loop sensor PixelBarrel_BmO_4R_L2D2MF temperature is None
Warning: Cooling loop sensor PixelBarrel_BmO_4R_L2D2MF temperature is None
Warning: Cooling loop sensor PixelBarrel_BmO_4R_L2D2MF temperature is None
Warning: Cooling loop sensor PixelBarrel_BpO_3R_L2D1PF temperature is None
Warning: Cooling loop sensor PixelBarrel_BpO_3R_L2D1PF temperature is None
Warning: Cooling loop sensor PixelBarrel_BmI_1I_L4D2MN temperature is None
Warning: Cooling loop sensor PixelBarrel_BpO_3M_L2D1PF temperature is None
Warning: Cooling loop sensor PixelBarrel_BmI_1I_L4D2MN temperature is None
Warning: Cooling loop sensor PixelBarrel_BmI_1M_L4D2MN temperature is None
Warning: Cooling loop sensor PixelBarrel_BmI_1M_L4D2MN temperature is None
Warning: Cooling loop sensor PixelBarrel_BmI_1M_L4D2MN temperature is None
Warning: Cooling loop sensor PixelBarrel_BpI_6I_L4D3PN temperature is None
Warning: Cooling loop sensor PixelBarrel_BpI_6I_L4D3PN temperature is None
Warning: Cooling loop sensor PixelBarrel_BpI_6I_L4D3PN temperature is None
Warning: Cooling loop sensor PixelBarrel_BpI_6M_L4D3PN temperature is None
Warning: Cooling loop sensor PixelBarrel_BpI_6M_L4D3PN temperature is None
Warning: Cooling loop sensor PixelBarrel_BpI_6M_L4D3PN temperature is None
Warning: Cooling loop sensor PixelBarrel_BpI_6R_L4D3PN temperature is None
Warning: Cooling loop sensor PixelBarrel_BpI_6R_L4D3PN temperature is None
Warning: Cooling loop sensor PixelBarrel_BpI_6R_L4D3PN temperature is None
Warning: Cooling loop sensor PixelBarrel_BpI_5I_L3D4PN temperature is None
Warning: Cooling loop sensor PixelBarrel_BpI_5I_L3D4PN temperature is None
Warning: Cooling loop sensor PixelBarrel_BpI_5I_L3D4PN temperature is None
Warning: Cooling loop sensor PixelBarrel_BpI_5M_L3D4PN temperature is None
Warning: Cooling loop sensor PixelBarrel_BpI_5M_L3D4PN temperature is None
Warning: Cooling loop sensor PixelBarrel_BpI_5M_L3D4PN temperature is None
Warning: Cooling loop sensor PixelBarrel_BpI_5R_L3D4PN temperature is None
Warning: Cooling loop sensor PixelBarrel_BpI_5R_L3D4PN temperature is None
Warning: Cooling loop sensor PixelBarrel_BpI_5R_L3D4PN temperature is None
Warning: Cooling loop sensor PixelBarrel_BpI_4I_L2D2PN temperature is None
Warning: Cooling loop sensor PixelBarrel_BpI_4I_L2D2PN temperature is None
Warning: Cooling loop sensor PixelBarrel_BpI_4I_L2D2PN temperature is None
Warning: Cooling loop sensor PixelBarrel_BpI_4M_L2D2PN temperature is None
Warning: Cooling loop sensor PixelBarrel_BpI_4M_L2D2PN temperature is None
Warning: Cooling loop sensor PixelBarrel_BpI_4M_L2D2PN temperature is None
Warning: Cooling loop sensor PixelBarrel_BpI_4R_L2D2PN temperature is None
Warning: Cooling loop sensor PixelBarrel_BpI_4R_L2D2PN temperature is None
Warning: Cooling loop sensor PixelBarrel_BpI_4R_L2D2PN temperature is None
Warning: Cooling loop sensor PixelBarrel_BpO_1I_L4D2PF temperature is None
Warning: Cooling loop sensor PixelBarrel_BpO_1I_L4D2PF temperature is None
Warning: Cooling loop sensor PixelBarrel_BpO_1I_L4D2PF temperature is None
Warning: Cooling loop sensor PixelBarrel_BpO_1M_L4D2PF temperature is None
Warning: Cooling loop sensor PixelBarrel_BpO_1M_L4D2PF temperature is None
Warning: Cooling loop sensor PixelBarrel_BpO_1M_L4D2PF temperature is None
Warning: Cooling loop sensor PixelBarrel_BpO_1R_L4D2PF temperature is None
Warning: Cooling loop sensor PixelBarrel_BpO_1R_L4D2PF temperature is None
Warning: Cooling loop sensor PixelBarrel_BpO_1R_L4D2PF temperature is None
Warning: Cooling loop sensor PixelBarrel_BpO_2I_L3D1PF temperature is None
Warning: Cooling loop sensor PixelBarrel_BpO_2I_L3D1PF temperature is None
Warning: Cooling loop sensor PixelBarrel_BpO_2I_L3D1PF temperature is None
Warning: Cooling loop sensor PixelBarrel_BpO_2M_L3D1PF temperature is None
Warning: Cooling loop sensor PixelBarrel_BpO_2M_L3D1PF temperature is None
Warning: Cooling loop sensor PixelBarrel_BpO_2M_L3D1PF temperature is None
Warning: Cooling loop sensor PixelBarrel_BpO_2R_L3D1PF temperature is None
Warning: Cooling loop sensor PixelBarrel_BpO_2R_L3D1PF temperature is None
Warning: Cooling loop sensor PixelBarrel_BpO_2R_L3D1PF temperature is None
Warning: Cooling loop sensor PixelBarrel_BpO_3I_L2D1PF temperature is None
Warning: Cooling loop sensor PixelBarrel_BpO_3I_L2D1PF temperature is None
Warning: Cooling loop sensor PixelBarrel_BpO_3I_L2D1PF temperature is None
Warning: Cooling loop sensor PixelBarrel_BpO_3M_L2D1PF temperature is None
Warning: Cooling loop sensor PixelBarrel_BpO_3M_L2D1PF temperature is None
Warning: Cooling loop sensor PixelBarrel_BmI_1I_L4D2MN temperature is None
6215	1505375021	3600		258.52		   4825697		-999.00
Warning: Cooling loop sensor PixelBarrel_BmO_6I_L4D3MF temperature is None
Warning: Cooling loop sensor PixelBarrel_BmO_6M_L4D3MF temperature is None
Warning: Cooling loop sensor PixelBarrel_BmO_4R_L2D2MF temperature is None
Warning: Cooling loop sensor PixelBarrel_BmO_4I_L2D2MF temperature is None
Warning: Cooling loop sensor PixelBarrel_BmO_4M_L2D2MF temperature is None
Warning: Cooling loop sensor PixelBarrel_BmO_6R_L4D3MF temperature is None
Warning: Cooling loop sensor PixelBarrel_BmI_3M_L2D1MN temperature is None
Warning: Cooling loop sensor PixelBarrel_BmI_3I_L2D1MN temperature is None
Warning: Cooling loop sensor PixelBarrel_BmI_1R_L4D2MN temperature is None
Warning: Cooling loop sensor PixelBarrel_BmI_3R_L2D1MN temperature is None
Warning: Cooling loop sensor PixelBarrel_BpI_4R_L2D2PN temperature is None
Warning: Cooling loop sensor PixelBarrel_BpO_1I_L4D2PF temperature is None
Warning: Cooling loop sensor PixelBarrel_BpO_1M_L4D2PF temperature is None
Warning: Cooling loop sensor PixelBarrel_BpO_1R_L4D2PF temperature is None
Warning: Cooling loop sensor PixelBarrel_BpO_3I_L2D1PF temperature is None
Warning: Cooling loop sensor PixelBarrel_BpO_3M_L2D1PF temperature is None
Warning: Cooling loop sensor PixelBarrel_BpO_3R_L2D1PF temperature is None
Warning: Cooling loop sensor PixelBarrel_BmI_1I_L4D2MN temperature is None
Warning: Cooling loop sensor PixelBarrel_BmI_1M_L4D2MN temperature is None
Warning: Cooling loop sensor PixelBarrel_BpI_4M_L2D2PN temperature is None
Warning: Cooling loop sensor PixelBarrel_BpI_4I_L2D2PN temperature is None
Warning: Cooling loop sensor PixelBarrel_BpI_6R_L4D3PN temperature is None
Warning: Cooling loop sensor PixelBarrel_BpI_6I_L4D3PN temperature is None
Warning: Cooling loop sensor PixelBarrel_BpI_6M_L4D3PN temperature is None
Warning: Cooling loop sensor PixelBarrel_BpI_1R_L4D1PN temperature is None
Warning: Cooling loop sensor PixelBarrel_BmO_1R_L4D1MF temperature is None
Warning: Cooling loop sensor PixelBarrel_BpI_1R_L4D1PN temperature is None
Warning: Cooling loop sensor PixelBarrel_BpO_6R_L4D4PF temperature is None
Warning: Cooling loop sensor PixelBarrel_BpO_6R_L4D4PF temperature is None
Warning: Cooling loop sensor PixelBarrel_BpO_6R_L4D4PF temperature is None
Warning: Cooling loop sensor PixelBarrel_BmI_4R_L1D2MN temperature is None
Warning: Cooling loop sensor PixelBarrel_BmI_4R_L1D2MN temperature is None
Warning: Cooling loop sensor PixelBarrel_BmI_4R_L1D2MN temperature is None
Warning: Cooling loop sensor PixelBarrel_BmI_4M_L1D2MN temperature is None
Warning: Cooling loop sensor PixelBarrel_BmI_4M_L1D2MN temperature is None
Warning: Cooling loop sensor PixelBarrel_BmI_4M_L1D2MN temperature is None
Warning: Cooling loop sensor PixelBarrel_BmI_4I_L1D2MN temperature is None
Warning: Cooling loop sensor PixelBarrel_BmI_4I_L1D2MN temperature is None
Warning: Cooling loop sensor PixelBarrel_BmI_4I_L1D2MN temperature is None
Warning: Cooling loop sensor PixelBarrel_BmI_5R_L3D3MN temperature is None
Warning: Cooling loop sensor PixelBarrel_BmI_5R_L3D3MN temperature is None
Warning: Cooling loop sensor PixelBarrel_BmI_5R_L3D3MN temperature is None
Warning: Cooling loop sensor PixelBarrel_BmI_5M_L3D3MN temperature is None
Warning: Cooling loop sensor PixelBarrel_BmI_5M_L3D3MN temperature is None
Warning: Cooling loop sensor PixelBarrel_BmI_5M_L3D3MN temperature is None
Warning: Cooling loop sensor PixelBarrel_BmI_5I_L3D3MN temperature is None
Warning: Cooling loop sensor PixelBarrel_BmI_5I_L3D3MN temperature is None
Warning: Cooling loop sensor PixelBarrel_BmI_5I_L3D3MN temperature is None
Warning: Cooling loop sensor PixelBarrel_BmI_6R_L4D4MN temperature is None
Warning: Cooling loop sensor PixelBarrel_BmI_6R_L4D4MN temperature is None
Warning: Cooling loop sensor PixelBarrel_BmI_6R_L4D4MN temperature is None
Warning: Cooling loop sensor PixelBarrel_BmI_6M_L4D4MN temperature is None
Warning: Cooling loop sensor PixelBarrel_BmI_6M_L4D4MN temperature is None
Warning: Cooling loop sensor PixelBarrel_BmI_6M_L4D4MN temperature is None
Warning: Cooling loop sensor PixelBarrel_BmI_6I_L4D4MN temperature is None
Warning: Cooling loop sensor PixelBarrel_BmI_6I_L4D4MN temperature is None
Warning: Cooling loop sensor PixelBarrel_BmI_6I_L4D4MN temperature is None
Warning: Cooling loop sensor PixelBarrel_BmO_3I_L1D1MF temperature is None
Warning: Cooling loop sensor PixelBarrel_BmO_3I_L1D1MF temperature is None
Warning: Cooling loop sensor PixelBarrel_BmO_3I_L1D1MF temperature is None
Warning: Cooling loop sensor PixelBarrel_BmO_3M_L1D1MF temperature is None
Warning: Cooling loop sensor PixelBarrel_BmO_3M_L1D1MF temperature is None
Warning: Cooling loop sensor PixelBarrel_BmO_3M_L1D1MF temperature is None
Warning: Cooling loop sensor PixelBarrel_BmO_3R_L1D1MF temperature is None
Warning: Cooling loop sensor PixelBarrel_BmO_3R_L1D1MF temperature is None
Warning: Cooling loop sensor PixelBarrel_BmO_3R_L1D1MF temperature is None
Warning: Cooling loop sensor PixelBarrel_BmO_2R_L3D2MF temperature is None
Warning: Cooling loop sensor PixelBarrel_BmO_2R_L3D2MF temperature is None
Warning: Cooling loop sensor PixelBarrel_BmO_2R_L3D2MF temperature is None
Warning: Cooling loop sensor PixelBarrel_BmO_2M_L3D2MF temperature is None
Warning: Cooling loop sensor PixelBarrel_BmO_2M_L3D2MF temperature is None
Warning: Cooling loop sensor PixelBarrel_BmO_2M_L3D2MF temperature is None
Warning: Cooling loop sensor PixelBarrel_BmO_2I_L3D2MF temperature is None
Warning: Cooling loop sensor PixelBarrel_BmO_2I_L3D2MF temperature is None
Warning: Cooling loop sensor PixelBarrel_BmO_2I_L3D2MF temperature is None
Warning: Cooling loop sensor PixelBarrel_BmO_1I_L4D1MF temperature is None
Warning: Cooling loop sensor PixelBarrel_BmO_1I_L4D1MF temperature is None
Warning: Cooling loop sensor PixelBarrel_BmO_1I_L4D1MF temperature is None
Warning: Cooling loop sensor PixelBarrel_BmO_1M_L4D1MF temperature is None
Warning: Cooling loop sensor PixelBarrel_BmO_1M_L4D1MF temperature is None
Warning: Cooling loop sensor PixelBarrel_BmO_1M_L4D1MF temperature is None
Warning: Cooling loop sensor PixelBarrel_BmO_1R_L4D1MF temperature is None
Warning: Cooling loop sensor PixelBarrel_BmO_1R_L4D1MF temperature is None
Warning: Cooling loop sensor PixelBarrel_BpI_1R_L4D1PN temperature is None
Warning: Cooling loop sensor PixelBarrel_BpO_3R_L2D1PF temperature is None
Warning: Cooling loop sensor PixelBarrel_BpO_3R_L2D1PF temperature is None
Warning: Cooling loop sensor PixelBarrel_BpO_3R_L2D1PF temperature is None
Warning: Cooling loop sensor PixelBarrel_BmI_1R_L4D2MN temperature is None
Warning: Cooling loop sensor PixelBarrel_BmI_1R_L4D2MN temperature is None
Warning: Cooling loop sensor PixelBarrel_BmI_1R_L4D2MN temperature is None
Warning: Cooling loop sensor PixelBarrel_BmI_2I_L3D1MN temperature is None
Warning: Cooling loop sensor PixelBarrel_BmI_2I_L3D1MN temperature is None
Warning: Cooling loop sensor PixelBarrel_BmI_2I_L3D1MN temperature is None
Warning: Cooling loop sensor PixelBarrel_BmI_2R_L3D1MN temperature is None
Warning: Cooling loop sensor PixelBarrel_BmI_2R_L3D1MN temperature is None
Warning: Cooling loop sensor PixelBarrel_BmI_2R_L3D1MN temperature is None
Warning: Cooling loop sensor PixelBarrel_BmI_3I_L2D1MN temperature is None
Warning: Cooling loop sensor PixelBarrel_BmI_3I_L2D1MN temperature is None
Warning: Cooling loop sensor PixelBarrel_BmI_3I_L2D1MN temperature is None
Warning: Cooling loop sensor PixelBarrel_BmI_3M_L2D1MN temperature is None
Warning: Cooling loop sensor PixelBarrel_BmI_3M_L2D1MN temperature is None
Warning: Cooling loop sensor PixelBarrel_BmI_3M_L2D1MN temperature is None
Warning: Cooling loop sensor PixelBarrel_BmI_3R_L2D1MN temperature is None
Warning: Cooling loop sensor PixelBarrel_BmI_3R_L2D1MN temperature is None
Warning: Cooling loop sensor PixelBarrel_BmI_3R_L2D1MN temperature is None
Warning: Cooling loop sensor PixelBarrel_BmO_6I_L4D3MF temperature is None
Warning: Cooling loop sensor PixelBarrel_BmO_6I_L4D3MF temperature is None
Warning: Cooling loop sensor PixelBarrel_BmO_6I_L4D3MF temperature is None
Warning: Cooling loop sensor PixelBarrel_BmO_6M_L4D3MF temperature is None
Warning: Cooling loop sensor PixelBarrel_BmO_6M_L4D3MF temperature is None
Warning: Cooling loop sensor PixelBarrel_BmO_6M_L4D3MF temperature is None
Warning: Cooling loop sensor PixelBarrel_BmO_6R_L4D3MF temperature is None
Warning: Cooling loop sensor PixelBarrel_BmO_6R_L4D3MF temperature is None
Warning: Cooling loop sensor PixelBarrel_BmO_6R_L4D3MF temperature is None
Warning: Cooling loop sensor PixelBarrel_BmO_5I_L3D4MF temperature is None
Warning: Cooling loop sensor PixelBarrel_BmO_5I_L3D4MF temperature is None
Warning: Cooling loop sensor PixelBarrel_BmO_5I_L3D4MF temperature is None
Warning: Cooling loop sensor PixelBarrel_BmO_5M_L3D4MF temperature is None
Warning: Cooling loop sensor PixelBarrel_BmO_5M_L3D4MF temperature is None
Warning: Cooling loop sensor PixelBarrel_BmO_5M_L3D4MF temperature is None
Warning: Cooling loop sensor PixelBarrel_BmO_5R_L3D4MF temperature is None
Warning: Cooling loop sensor PixelBarrel_BmO_5R_L3D4MF temperature is None
Warning: Cooling loop sensor PixelBarrel_BmO_5R_L3D4MF temperature is None
Warning: Cooling loop sensor PixelBarrel_BmO_4I_L2D2MF temperature is None
Warning: Cooling loop sensor PixelBarrel_BmO_4I_L2D2MF temperature is None
Warning: Cooling loop sensor PixelBarrel_BmO_4I_L2D2MF temperature is None
Warning: Cooling loop sensor PixelBarrel_BmO_4M_L2D2MF temperature is None
Warning: Cooling loop sensor PixelBarrel_BmO_4M_L2D2MF temperature is None
Warning: Cooling loop sensor PixelBarrel_BmO_4M_L2D2MF temperature is None
Warning: Cooling loop sensor PixelBarrel_BmO_4R_L2D2MF temperature is None
Warning: Cooling loop sensor PixelBarrel_BmO_4R_L2D2MF temperature is None
Warning: Cooling loop sensor PixelBarrel_BmO_4R_L2D2MF temperature is None
Warning: Cooling loop sensor PixelBarrel_BpI_3I_L1D1PN temperature is None
Warning: Cooling loop sensor PixelBarrel_BpI_3I_L1D1PN temperature is None
Warning: Cooling loop sensor PixelBarrel_BpI_3I_L1D1PN temperature is None
Warning: Cooling loop sensor PixelBarrel_BpI_3R_L1D1PN temperature is None
Warning: Cooling loop sensor PixelBarrel_BpI_3R_L1D1PN temperature is None
Warning: Cooling loop sensor PixelBarrel_BpI_3R_L1D1PN temperature is None
Warning: Cooling loop sensor PixelBarrel_BpI_2I_L3D2PN temperature is None
Warning: Cooling loop sensor PixelBarrel_BpI_2I_L3D2PN temperature is None
Warning: Cooling loop sensor PixelBarrel_BpI_2I_L3D2PN temperature is None
Warning: Cooling loop sensor PixelBarrel_BpI_2M_L3D2PN temperature is None
Warning: Cooling loop sensor PixelBarrel_BpI_2M_L3D2PN temperature is None
Warning: Cooling loop sensor PixelBarrel_BpI_2M_L3D2PN temperature is None
Warning: Cooling loop sensor PixelBarrel_BpI_2R_L3D2PN temperature is None
Warning: Cooling loop sensor PixelBarrel_BpI_2R_L3D2PN temperature is None
Warning: Cooling loop sensor PixelBarrel_BpI_2R_L3D2PN temperature is None
Warning: Cooling loop sensor PixelBarrel_BpI_1I_L4D1PN temperature is None
Warning: Cooling loop sensor PixelBarrel_BpI_1I_L4D1PN temperature is None
Warning: Cooling loop sensor PixelBarrel_BpI_1I_L4D1PN temperature is None
Warning: Cooling loop sensor PixelBarrel_BpI_1M_L4D1PN temperature is None
Warning: Cooling loop sensor PixelBarrel_BpI_1M_L4D1PN temperature is None
Warning: Cooling loop sensor PixelBarrel_BpI_1M_L4D1PN temperature is None
Warning: Cooling loop sensor PixelBarrel_BpO_4I_L1D2PF temperature is None
Warning: Cooling loop sensor PixelBarrel_BpO_4I_L1D2PF temperature is None
Warning: Cooling loop sensor PixelBarrel_BpO_4I_L1D2PF temperature is None
Warning: Cooling loop sensor PixelBarrel_BpO_4R_L1D2PF temperature is None
Warning: Cooling loop sensor PixelBarrel_BpO_4R_L1D2PF temperature is None
Warning: Cooling loop sensor PixelBarrel_BpO_4R_L1D2PF temperature is None
Warning: Cooling loop sensor PixelBarrel_BpO_5I_L3D3PF temperature is None
Warning: Cooling loop sensor PixelBarrel_BpO_5I_L3D3PF temperature is None
Warning: Cooling loop sensor PixelBarrel_BpO_5I_L3D3PF temperature is None
Warning: Cooling loop sensor PixelBarrel_BpO_5M_L3D3PF temperature is None
Warning: Cooling loop sensor PixelBarrel_BpO_5M_L3D3PF temperature is None
Warning: Cooling loop sensor PixelBarrel_BpO_5M_L3D3PF temperature is None
Warning: Cooling loop sensor PixelBarrel_BpO_5R_L3D3PF temperature is None
Warning: Cooling loop sensor PixelBarrel_BpO_5R_L3D3PF temperature is None
Warning: Cooling loop sensor PixelBarrel_BpO_5R_L3D3PF temperature is None
Warning: Cooling loop sensor PixelBarrel_BpO_6I_L4D4PF temperature is None
Warning: Cooling loop sensor PixelBarrel_BpO_6I_L4D4PF temperature is None
Warning: Cooling loop sensor PixelBarrel_BpO_6I_L4D4PF temperature is None
Warning: Cooling loop sensor PixelBarrel_BpO_6M_L4D4PF temperature is None
Warning: Cooling loop sensor PixelBarrel_BpO_6M_L4D4PF temperature is None
Warning: Cooling loop sensor PixelBarrel_BpO_6M_L4D4PF temperature is None
Warning: Cooling loop sensor PixelBarrel_BpI_6I_L4D3PN temperature is None
Warning: Cooling loop sensor PixelBarrel_BmI_1M_L4D2MN temperature is None
Warning: Cooling loop sensor PixelBarrel_BpI_6I_L4D3PN temperature is None
Warning: Cooling loop sensor PixelBarrel_BpI_6M_L4D3PN temperature is None
Warning: Cooling loop sensor PixelBarrel_BpI_6M_L4D3PN temperature is None
Warning: Cooling loop sensor PixelBarrel_BpI_6M_L4D3PN temperature is None
Warning: Cooling loop sensor PixelBarrel_BpI_6R_L4D3PN temperature is None
Warning: Cooling loop sensor PixelBarrel_BpI_6R_L4D3PN temperature is None
Warning: Cooling loop sensor PixelBarrel_BpI_6R_L4D3PN temperature is None
Warning: Cooling loop sensor PixelBarrel_BpI_5I_L3D4PN temperature is None
Warning: Cooling loop sensor PixelBarrel_BpI_5I_L3D4PN temperature is None
Warning: Cooling loop sensor PixelBarrel_BpI_5I_L3D4PN temperature is None
Warning: Cooling loop sensor PixelBarrel_BpI_5M_L3D4PN temperature is None
Warning: Cooling loop sensor PixelBarrel_BpI_5M_L3D4PN temperature is None
Warning: Cooling loop sensor PixelBarrel_BpI_5M_L3D4PN temperature is None
Warning: Cooling loop sensor PixelBarrel_BpI_5R_L3D4PN temperature is None
Warning: Cooling loop sensor PixelBarrel_BpI_5R_L3D4PN temperature is None
Warning: Cooling loop sensor PixelBarrel_BpI_5R_L3D4PN temperature is None
Warning: Cooling loop sensor PixelBarrel_BpI_4I_L2D2PN temperature is None
Warning: Cooling loop sensor PixelBarrel_BpI_4I_L2D2PN temperature is None
Warning: Cooling loop sensor PixelBarrel_BpI_4I_L2D2PN temperature is None
Warning: Cooling loop sensor PixelBarrel_BpI_4M_L2D2PN temperature is None
Warning: Cooling loop sensor PixelBarrel_BpI_4M_L2D2PN temperature is None
Warning: Cooling loop sensor PixelBarrel_BpI_4M_L2D2PN temperature is None
Warning: Cooling loop sensor PixelBarrel_BpI_4R_L2D2PN temperature is None
Warning: Cooling loop sensor PixelBarrel_BpI_4R_L2D2PN temperature is None
Warning: Cooling loop sensor PixelBarrel_BpI_4R_L2D2PN temperature is None
Warning: Cooling loop sensor PixelBarrel_BpO_1I_L4D2PF temperature is None
Warning: Cooling loop sensor PixelBarrel_BpO_1I_L4D2PF temperature is None
Warning: Cooling loop sensor PixelBarrel_BpO_1I_L4D2PF temperature is None
Warning: Cooling loop sensor PixelBarrel_BpO_1M_L4D2PF temperature is None
Warning: Cooling loop sensor PixelBarrel_BpO_1M_L4D2PF temperature is None
Warning: Cooling loop sensor PixelBarrel_BpO_1M_L4D2PF temperature is None
Warning: Cooling loop sensor PixelBarrel_BpO_1R_L4D2PF temperature is None
Warning: Cooling loop sensor PixelBarrel_BpO_1R_L4D2PF temperature is None
Warning: Cooling loop sensor PixelBarrel_BpO_1R_L4D2PF temperature is None
Warning: Cooling loop sensor PixelBarrel_BpO_2I_L3D1PF temperature is None
Warning: Cooling loop sensor PixelBarrel_BpO_2I_L3D1PF temperature is None
Warning: Cooling loop sensor PixelBarrel_BpO_2I_L3D1PF temperature is None
Warning: Cooling loop sensor PixelBarrel_BpO_2M_L3D1PF temperature is None
Warning: Cooling loop sensor PixelBarrel_BpO_2M_L3D1PF temperature is None
Warning: Cooling loop sensor PixelBarrel_BpO_2M_L3D1PF temperature is None
Warning: Cooling loop sensor PixelBarrel_BpO_2R_L3D1PF temperature is None
Warning: Cooling loop sensor PixelBarrel_BpO_2R_L3D1PF temperature is None
Warning: Cooling loop sensor PixelBarrel_BpO_2R_L3D1PF temperature is None
Warning: Cooling loop sensor PixelBarrel_BpO_3I_L2D1PF temperature is None
Warning: Cooling loop sensor PixelBarrel_BpO_3I_L2D1PF temperature is None
Warning: Cooling loop sensor PixelBarrel_BpO_3I_L2D1PF temperature is None
Warning: Cooling loop sensor PixelBarrel_BpO_3M_L2D1PF temperature is None
Warning: Cooling loop sensor PixelBarrel_BpO_3M_L2D1PF temperature is None
Warning: Cooling loop sensor PixelBarrel_BpO_3M_L2D1PF temperature is None
Warning: Cooling loop sensor PixelBarrel_BmI_1I_L4D2MN temperature is None
Warning: Cooling loop sensor PixelBarrel_BmI_1I_L4D2MN temperature is None
Warning: Cooling loop sensor PixelBarrel_BmI_1I_L4D2MN temperature is None
Warning: Cooling loop sensor PixelBarrel_BmI_1M_L4D2MN temperature is None
Warning: Cooling loop sensor PixelBarrel_BmI_1M_L4D2MN temperature is None
Warning: Cooling loop sensor PixelBarrel_BpI_6I_L4D3PN temperature is None
Warning: Cooling loop sensor PixelBarrel_BmO_6I_L4D3MF temperature is None
Warning: Cooling loop sensor PixelBarrel_BmO_6M_L4D3MF temperature is None
Warning: Cooling loop sensor PixelBarrel_BmO_4R_L2D2MF temperature is None
Warning: Cooling loop sensor PixelBarrel_BmO_4I_L2D2MF temperature is None
Warning: Cooling loop sensor PixelBarrel_BmO_4M_L2D2MF temperature is None
Warning: Cooling loop sensor PixelBarrel_BmO_6R_L4D3MF temperature is None
Warning: Cooling loop sensor PixelBarrel_BmI_3M_L2D1MN temperature is None
Warning: Cooling loop sensor PixelBarrel_BmI_3I_L2D1MN temperature is None
Warning: Cooling loop sensor PixelBarrel_BmI_1R_L4D2MN temperature is None
Warning: Cooling loop sensor PixelBarrel_BmI_3R_L2D1MN temperature is None
Warning: Cooling loop sensor PixelBarrel_BpI_4R_L2D2PN temperature is None
Warning: Cooling loop sensor PixelBarrel_BpO_1I_L4D2PF temperature is None
Warning: Cooling loop sensor PixelBarrel_BpO_1M_L4D2PF temperature is None
Warning: Cooling loop sensor PixelBarrel_BpO_1R_L4D2PF temperature is None
Warning: Cooling loop sensor PixelBarrel_BpO_3I_L2D1PF temperature is None
Warning: Cooling loop sensor PixelBarrel_BpO_3M_L2D1PF temperature is None
Warning: Cooling loop sensor PixelBarrel_BpO_3R_L2D1PF temperature is None
Warning: Cooling loop sensor PixelBarrel_BmI_1I_L4D2MN temperature is None
Warning: Cooling loop sensor PixelBarrel_BmI_1M_L4D2MN temperature is None
Warning: Cooling loop sensor PixelBarrel_BpI_4M_L2D2PN temperature is None
Warning: Cooling loop sensor PixelBarrel_BpI_4I_L2D2PN temperature is None
Warning: Cooling loop sensor PixelBarrel_BpI_6R_L4D3PN temperature is None
Warning: Cooling loop sensor PixelBarrel_BpI_6I_L4D3PN temperature is None
Warning: Cooling loop sensor PixelBarrel_BpI_6M_L4D3PN temperature is None
Warning: Cooling loop sensor PixelBarrel_BpI_1R_L4D1PN temperature is None
Warning: Cooling loop sensor PixelBarrel_BmO_1R_L4D1MF temperature is None
Warning: Cooling loop sensor PixelBarrel_BpI_1R_L4D1PN temperature is None
Warning: Cooling loop sensor PixelBarrel_BpO_6R_L4D4PF temperature is None
Warning: Cooling loop sensor PixelBarrel_BpO_6R_L4D4PF temperature is None
Warning: Cooling loop sensor PixelBarrel_BpO_6R_L4D4PF temperature is None
Warning: Cooling loop sensor PixelBarrel_BmI_4R_L1D2MN temperature is None
Warning: Cooling loop sensor PixelBarrel_BmI_4R_L1D2MN temperature is None
Warning: Cooling loop sensor PixelBarrel_BmI_4R_L1D2MN temperature is None
Warning: Cooling loop sensor PixelBarrel_BmI_4M_L1D2MN temperature is None
Warning: Cooling loop sensor PixelBarrel_BmI_4M_L1D2MN temperature is None
Warning: Cooling loop sensor PixelBarrel_BmI_4M_L1D2MN temperature is None
Warning: Cooling loop sensor PixelBarrel_BmI_4I_L1D2MN temperature is None
Warning: Cooling loop sensor PixelBarrel_BmI_4I_L1D2MN temperature is None
Warning: Cooling loop sensor PixelBarrel_BmI_4I_L1D2MN temperature is None
Warning: Cooling loop sensor PixelBarrel_BmI_5R_L3D3MN temperature is None
Warning: Cooling loop sensor PixelBarrel_BmI_5R_L3D3MN temperature is None
Warning: Cooling loop sensor PixelBarrel_BmI_5R_L3D3MN temperature is None
Warning: Cooling loop sensor PixelBarrel_BmI_5M_L3D3MN temperature is None
Warning: Cooling loop sensor PixelBarrel_BmI_5M_L3D3MN temperature is None
Warning: Cooling loop sensor PixelBarrel_BmI_5M_L3D3MN temperature is None
Warning: Cooling loop sensor PixelBarrel_BmI_5I_L3D3MN temperature is None
Warning: Cooling loop sensor PixelBarrel_BmI_5I_L3D3MN temperature is None
Warning: Cooling loop sensor PixelBarrel_BmI_5I_L3D3MN temperature is None
Warning: Cooling loop sensor PixelBarrel_BmI_6R_L4D4MN temperature is None
Warning: Cooling loop sensor PixelBarrel_BmI_6R_L4D4MN temperature is None
Warning: Cooling loop sensor PixelBarrel_BmI_6R_L4D4MN temperature is None
Warning: Cooling loop sensor PixelBarrel_BmI_6M_L4D4MN temperature is None
Warning: Cooling loop sensor PixelBarrel_BmI_6M_L4D4MN temperature is None
Warning: Cooling loop sensor PixelBarrel_BmI_6M_L4D4MN temperature is None
Warning: Cooling loop sensor PixelBarrel_BmI_6I_L4D4MN temperature is None
Warning: Cooling loop sensor PixelBarrel_BmI_6I_L4D4MN temperature is None
Warning: Cooling loop sensor PixelBarrel_BmI_6I_L4D4MN temperature is None
Warning: Cooling loop sensor PixelBarrel_BmO_3I_L1D1MF temperature is None
Warning: Cooling loop sensor PixelBarrel_BmO_3I_L1D1MF temperature is None
Warning: Cooling loop sensor PixelBarrel_BmO_3I_L1D1MF temperature is None
Warning: Cooling loop sensor PixelBarrel_BmO_3M_L1D1MF temperature is None
Warning: Cooling loop sensor PixelBarrel_BmO_3M_L1D1MF temperature is None
Warning: Cooling loop sensor PixelBarrel_BmO_3M_L1D1MF temperature is None
Warning: Cooling loop sensor PixelBarrel_BmO_3R_L1D1MF temperature is None
Warning: Cooling loop sensor PixelBarrel_BmO_3R_L1D1MF temperature is None
Warning: Cooling loop sensor PixelBarrel_BmO_3R_L1D1MF temperature is None
Warning: Cooling loop sensor PixelBarrel_BmO_2R_L3D2MF temperature is None
Warning: Cooling loop sensor PixelBarrel_BmO_2R_L3D2MF temperature is None
Warning: Cooling loop sensor PixelBarrel_BmO_2R_L3D2MF temperature is None
Warning: Cooling loop sensor PixelBarrel_BmO_2M_L3D2MF temperature is None
Warning: Cooling loop sensor PixelBarrel_BmO_2M_L3D2MF temperature is None
Warning: Cooling loop sensor PixelBarrel_BmO_2M_L3D2MF temperature is None
Warning: Cooling loop sensor PixelBarrel_BmO_2I_L3D2MF temperature is None
Warning: Cooling loop sensor PixelBarrel_BmO_2I_L3D2MF temperature is None
Warning: Cooling loop sensor PixelBarrel_BmO_2I_L3D2MF temperature is None
Warning: Cooling loop sensor PixelBarrel_BmO_1I_L4D1MF temperature is None
Warning: Cooling loop sensor PixelBarrel_BmO_1I_L4D1MF temperature is None
Warning: Cooling loop sensor PixelBarrel_BmO_1I_L4D1MF temperature is None
Warning: Cooling loop sensor PixelBarrel_BmO_1M_L4D1MF temperature is None
Warning: Cooling loop sensor PixelBarrel_BmO_1M_L4D1MF temperature is None
Warning: Cooling loop sensor PixelBarrel_BmO_1M_L4D1MF temperature is None
Warning: Cooling loop sensor PixelBarrel_BmO_1R_L4D1MF temperature is None
Warning: Cooling loop sensor PixelBarrel_BmO_1R_L4D1MF temperature is None
Warning: Cooling loop sensor PixelBarrel_BpI_1R_L4D1PN temperature is None
Warning: Cooling loop sensor PixelBarrel_BpO_3R_L2D1PF temperature is None
Warning: Cooling loop sensor PixelBarrel_BpO_3R_L2D1PF temperature is None
Warning: Cooling loop sensor PixelBarrel_BpO_3R_L2D1PF temperature is None
Warning: Cooling loop sensor PixelBarrel_BmI_1R_L4D2MN temperature is None
Warning: Cooling loop sensor PixelBarrel_BmI_1R_L4D2MN temperature is None
Warning: Cooling loop sensor PixelBarrel_BmI_1R_L4D2MN temperature is None
Warning: Cooling loop sensor PixelBarrel_BmI_2I_L3D1MN temperature is None
Warning: Cooling loop sensor PixelBarrel_BmI_2I_L3D1MN temperature is None
Warning: Cooling loop sensor PixelBarrel_BmI_2I_L3D1MN temperature is None
Warning: Cooling loop sensor PixelBarrel_BmI_2R_L3D1MN temperature is None
Warning: Cooling loop sensor PixelBarrel_BmI_2R_L3D1MN temperature is None
Warning: Cooling loop sensor PixelBarrel_BmI_2R_L3D1MN temperature is None
Warning: Cooling loop sensor PixelBarrel_BmI_3I_L2D1MN temperature is None
Warning: Cooling loop sensor PixelBarrel_BmI_3I_L2D1MN temperature is None
Warning: Cooling loop sensor PixelBarrel_BmI_3I_L2D1MN temperature is None
Warning: Cooling loop sensor PixelBarrel_BmI_3M_L2D1MN temperature is None
Warning: Cooling loop sensor PixelBarrel_BmI_3M_L2D1MN temperature is None
Warning: Cooling loop sensor PixelBarrel_BmI_3M_L2D1MN temperature is None
Warning: Cooling loop sensor PixelBarrel_BmI_3R_L2D1MN temperature is None
Warning: Cooling loop sensor PixelBarrel_BmI_3R_L2D1MN temperature is None
Warning: Cooling loop sensor PixelBarrel_BmI_3R_L2D1MN temperature is None
Warning: Cooling loop sensor PixelBarrel_BmO_6I_L4D3MF temperature is None
Warning: Cooling loop sensor PixelBarrel_BmO_6I_L4D3MF temperature is None
Warning: Cooling loop sensor PixelBarrel_BmO_6I_L4D3MF temperature is None
Warning: Cooling loop sensor PixelBarrel_BmO_6M_L4D3MF temperature is None
Warning: Cooling loop sensor PixelBarrel_BmO_6M_L4D3MF temperature is None
Warning: Cooling loop sensor PixelBarrel_BmO_6M_L4D3MF temperature is None
Warning: Cooling loop sensor PixelBarrel_BmO_6R_L4D3MF temperature is None
Warning: Cooling loop sensor PixelBarrel_BmO_6R_L4D3MF temperature is None
Warning: Cooling loop sensor PixelBarrel_BmO_6R_L4D3MF temperature is None
Warning: Cooling loop sensor PixelBarrel_BmO_5I_L3D4MF temperature is None
Warning: Cooling loop sensor PixelBarrel_BmO_5I_L3D4MF temperature is None
Warning: Cooling loop sensor PixelBarrel_BmO_5I_L3D4MF temperature is None
Warning: Cooling loop sensor PixelBarrel_BmO_5M_L3D4MF temperature is None
Warning: Cooling loop sensor PixelBarrel_BmO_5M_L3D4MF temperature is None
Warning: Cooling loop sensor PixelBarrel_BmO_5M_L3D4MF temperature is None
Warning: Cooling loop sensor PixelBarrel_BmO_5R_L3D4MF temperature is None
Warning: Cooling loop sensor PixelBarrel_BmO_5R_L3D4MF temperature is None
Warning: Cooling loop sensor PixelBarrel_BmO_5R_L3D4MF temperature is None
Warning: Cooling loop sensor PixelBarrel_BmO_4I_L2D2MF temperature is None
Warning: Cooling loop sensor PixelBarrel_BmO_4I_L2D2MF temperature is None
Warning: Cooling loop sensor PixelBarrel_BmO_4I_L2D2MF temperature is None
Warning: Cooling loop sensor PixelBarrel_BmO_4M_L2D2MF temperature is None
Warning: Cooling loop sensor PixelBarrel_BmO_4M_L2D2MF temperature is None
Warning: Cooling loop sensor PixelBarrel_BmO_4M_L2D2MF temperature is None
Warning: Cooling loop sensor PixelBarrel_BmO_4R_L2D2MF temperature is None
Warning: Cooling loop sensor PixelBarrel_BmO_4R_L2D2MF temperature is None
Warning: Cooling loop sensor PixelBarrel_BmO_4R_L2D2MF temperature is None
Warning: Cooling loop sensor PixelBarrel_BpI_3I_L1D1PN temperature is None
Warning: Cooling loop sensor PixelBarrel_BpI_3I_L1D1PN temperature is None
Warning: Cooling loop sensor PixelBarrel_BpI_3I_L1D1PN temperature is None
Warning: Cooling loop sensor PixelBarrel_BpI_3R_L1D1PN temperature is None
Warning: Cooling loop sensor PixelBarrel_BpI_3R_L1D1PN temperature is None
Warning: Cooling loop sensor PixelBarrel_BpI_3R_L1D1PN temperature is None
Warning: Cooling loop sensor PixelBarrel_BpI_2I_L3D2PN temperature is None
Warning: Cooling loop sensor PixelBarrel_BpI_2I_L3D2PN temperature is None
Warning: Cooling loop sensor PixelBarrel_BpI_2I_L3D2PN temperature is None
Warning: Cooling loop sensor PixelBarrel_BpI_2M_L3D2PN temperature is None
Warning: Cooling loop sensor PixelBarrel_BpI_2M_L3D2PN temperature is None
Warning: Cooling loop sensor PixelBarrel_BpI_2M_L3D2PN temperature is None
Warning: Cooling loop sensor PixelBarrel_BpI_2R_L3D2PN temperature is None
Warning: Cooling loop sensor PixelBarrel_BpI_2R_L3D2PN temperature is None
Warning: Cooling loop sensor PixelBarrel_BpI_2R_L3D2PN temperature is None
Warning: Cooling loop sensor PixelBarrel_BpI_1I_L4D1PN temperature is None
Warning: Cooling loop sensor PixelBarrel_BpI_1I_L4D1PN temperature is None
Warning: Cooling loop sensor PixelBarrel_BpI_1I_L4D1PN temperature is None
Warning: Cooling loop sensor PixelBarrel_BpI_1M_L4D1PN temperature is None
Warning: Cooling loop sensor PixelBarrel_BpI_1M_L4D1PN temperature is None
Warning: Cooling loop sensor PixelBarrel_BpI_1M_L4D1PN temperature is None
Warning: Cooling loop sensor PixelBarrel_BpO_4I_L1D2PF temperature is None
Warning: Cooling loop sensor PixelBarrel_BpO_4I_L1D2PF temperature is None
Warning: Cooling loop sensor PixelBarrel_BpO_4I_L1D2PF temperature is None
Warning: Cooling loop sensor PixelBarrel_BpO_4R_L1D2PF temperature is None
Warning: Cooling loop sensor PixelBarrel_BpO_4R_L1D2PF temperature is None
Warning: Cooling loop sensor PixelBarrel_BpO_4R_L1D2PF temperature is None
Warning: Cooling loop sensor PixelBarrel_BpO_5I_L3D3PF temperature is None
Warning: Cooling loop sensor PixelBarrel_BpO_5I_L3D3PF temperature is None
Warning: Cooling loop sensor PixelBarrel_BpO_5I_L3D3PF temperature is None
Warning: Cooling loop sensor PixelBarrel_BpO_5M_L3D3PF temperature is None
Warning: Cooling loop sensor PixelBarrel_BpO_5M_L3D3PF temperature is None
Warning: Cooling loop sensor PixelBarrel_BpO_5M_L3D3PF temperature is None
Warning: Cooling loop sensor PixelBarrel_BpO_5R_L3D3PF temperature is None
Warning: Cooling loop sensor PixelBarrel_BpO_5R_L3D3PF temperature is None
Warning: Cooling loop sensor PixelBarrel_BpO_5R_L3D3PF temperature is None
Warning: Cooling loop sensor PixelBarrel_BpO_6I_L4D4PF temperature is None
Warning: Cooling loop sensor PixelBarrel_BpO_6I_L4D4PF temperature is None
Warning: Cooling loop sensor PixelBarrel_BpO_6I_L4D4PF temperature is None
Warning: Cooling loop sensor PixelBarrel_BpO_6M_L4D4PF temperature is None
Warning: Cooling loop sensor PixelBarrel_BpO_6M_L4D4PF temperature is None
Warning: Cooling loop sensor PixelBarrel_BpO_6M_L4D4PF temperature is None
Warning: Cooling loop sensor PixelBarrel_BpI_6I_L4D3PN temperature is None
Warning: Cooling loop sensor PixelBarrel_BmI_1M_L4D2MN temperature is None
Warning: Cooling loop sensor PixelBarrel_BpI_6I_L4D3PN temperature is None
Warning: Cooling loop sensor PixelBarrel_BpI_6M_L4D3PN temperature is None
Warning: Cooling loop sensor PixelBarrel_BpI_6M_L4D3PN temperature is None
Warning: Cooling loop sensor PixelBarrel_BpI_6M_L4D3PN temperature is None
Warning: Cooling loop sensor PixelBarrel_BpI_6R_L4D3PN temperature is None
Warning: Cooling loop sensor PixelBarrel_BpI_6R_L4D3PN temperature is None
Warning: Cooling loop sensor PixelBarrel_BpI_6R_L4D3PN temperature is None
Warning: Cooling loop sensor PixelBarrel_BpI_5I_L3D4PN temperature is None
Warning: Cooling loop sensor PixelBarrel_BpI_5I_L3D4PN temperature is None
Warning: Cooling loop sensor PixelBarrel_BpI_5I_L3D4PN temperature is None
Warning: Cooling loop sensor PixelBarrel_BpI_5M_L3D4PN temperature is None
Warning: Cooling loop sensor PixelBarrel_BpI_5M_L3D4PN temperature is None
Warning: Cooling loop sensor PixelBarrel_BpI_5M_L3D4PN temperature is None
Warning: Cooling loop sensor PixelBarrel_BpI_5R_L3D4PN temperature is None
Warning: Cooling loop sensor PixelBarrel_BpI_5R_L3D4PN temperature is None
Warning: Cooling loop sensor PixelBarrel_BpI_5R_L3D4PN temperature is None
Warning: Cooling loop sensor PixelBarrel_BpI_4I_L2D2PN temperature is None
Warning: Cooling loop sensor PixelBarrel_BpI_4I_L2D2PN temperature is None
Warning: Cooling loop sensor PixelBarrel_BpI_4I_L2D2PN temperature is None
Warning: Cooling loop sensor PixelBarrel_BpI_4M_L2D2PN temperature is None
Warning: Cooling loop sensor PixelBarrel_BpI_4M_L2D2PN temperature is None
Warning: Cooling loop sensor PixelBarrel_BpI_4M_L2D2PN temperature is None
Warning: Cooling loop sensor PixelBarrel_BpI_4R_L2D2PN temperature is None
Warning: Cooling loop sensor PixelBarrel_BpI_4R_L2D2PN temperature is None
Warning: Cooling loop sensor PixelBarrel_BpI_4R_L2D2PN temperature is None
Warning: Cooling loop sensor PixelBarrel_BpO_1I_L4D2PF temperature is None
Warning: Cooling loop sensor PixelBarrel_BpO_1I_L4D2PF temperature is None
Warning: Cooling loop sensor PixelBarrel_BpO_1I_L4D2PF temperature is None
Warning: Cooling loop sensor PixelBarrel_BpO_1M_L4D2PF temperature is None
Warning: Cooling loop sensor PixelBarrel_BpO_1M_L4D2PF temperature is None
Warning: Cooling loop sensor PixelBarrel_BpO_1M_L4D2PF temperature is None
Warning: Cooling loop sensor PixelBarrel_BpO_1R_L4D2PF temperature is None
Warning: Cooling loop sensor PixelBarrel_BpO_1R_L4D2PF temperature is None
Warning: Cooling loop sensor PixelBarrel_BpO_1R_L4D2PF temperature is None
Warning: Cooling loop sensor PixelBarrel_BpO_2I_L3D1PF temperature is None
Warning: Cooling loop sensor PixelBarrel_BpO_2I_L3D1PF temperature is None
Warning: Cooling loop sensor PixelBarrel_BpO_2I_L3D1PF temperature is None
Warning: Cooling loop sensor PixelBarrel_BpO_2M_L3D1PF temperature is None
Warning: Cooling loop sensor PixelBarrel_BpO_2M_L3D1PF temperature is None
Warning: Cooling loop sensor PixelBarrel_BpO_2M_L3D1PF temperature is None
Warning: Cooling loop sensor PixelBarrel_BpO_2R_L3D1PF temperature is None
Warning: Cooling loop sensor PixelBarrel_BpO_2R_L3D1PF temperature is None
Warning: Cooling loop sensor PixelBarrel_BpO_2R_L3D1PF temperature is None
Warning: Cooling loop sensor PixelBarrel_BpO_3I_L2D1PF temperature is None
Warning: Cooling loop sensor PixelBarrel_BpO_3I_L2D1PF temperature is None
Warning: Cooling loop sensor PixelBarrel_BpO_3I_L2D1PF temperature is None
Warning: Cooling loop sensor PixelBarrel_BpO_3M_L2D1PF temperature is None
Warning: Cooling loop sensor PixelBarrel_BpO_3M_L2D1PF temperature is None
Warning: Cooling loop sensor PixelBarrel_BpO_3M_L2D1PF temperature is None
Warning: Cooling loop sensor PixelBarrel_BmI_1I_L4D2MN temperature is None
Warning: Cooling loop sensor PixelBarrel_BmI_1I_L4D2MN temperature is None
Warning: Cooling loop sensor PixelBarrel_BmI_1I_L4D2MN temperature is None
Warning: Cooling loop sensor PixelBarrel_BmI_1M_L4D2MN temperature is None
Warning: Cooling loop sensor PixelBarrel_BmI_1M_L4D2MN temperature is None
Warning: Cooling loop sensor PixelBarrel_BpI_6I_L4D3PN temperature is None
Warning: Cooling loop sensor PixelBarrel_BmO_4R_L2D2MF temperature is None
Warning: Cooling loop sensor PixelBarrel_BmO_6I_L4D3MF temperature is None
Warning: Cooling loop sensor PixelBarrel_BmO_4M_L2D2MF temperature is None
Warning: Cooling loop sensor PixelBarrel_BmO_6R_L4D3MF temperature is None
Warning: Cooling loop sensor PixelBarrel_BmO_4I_L2D2MF temperature is None
Warning: Cooling loop sensor PixelBarrel_BmO_6M_L4D3MF temperature is None
Warning: Cooling loop sensor PixelBarrel_BmI_3I_L2D1MN temperature is None
Warning: Cooling loop sensor PixelBarrel_BmI_1R_L4D2MN temperature is None
Warning: Cooling loop sensor PixelBarrel_BmI_3R_L2D1MN temperature is None
Warning: Cooling loop sensor PixelBarrel_BmI_3M_L2D1MN temperature is None
Warning: Cooling loop sensor PixelBarrel_BpI_6M_L4D3PN temperature is None
Warning: Cooling loop sensor PixelBarrel_BpI_6R_L4D3PN temperature is None
Warning: Cooling loop sensor PixelBarrel_BpI_4I_L2D2PN temperature is None
Warning: Cooling loop sensor PixelBarrel_BpI_4M_L2D2PN temperature is None
Warning: Cooling loop sensor PixelBarrel_BpI_4R_L2D2PN temperature is None
Warning: Cooling loop sensor PixelBarrel_BpO_1I_L4D2PF temperature is None
Warning: Cooling loop sensor PixelBarrel_BpO_1M_L4D2PF temperature is None
Warning: Cooling loop sensor PixelBarrel_BpO_1R_L4D2PF temperature is None
Warning: Cooling loop sensor PixelBarrel_BpO_3I_L2D1PF temperature is None
Warning: Cooling loop sensor PixelBarrel_BpI_6I_L4D3PN temperature is None
Warning: Cooling loop sensor PixelBarrel_BmI_1M_L4D2MN temperature is None
Warning: Cooling loop sensor PixelBarrel_BpO_3M_L2D1PF temperature is None
Warning: Cooling loop sensor PixelBarrel_BpO_3R_L2D1PF temperature is None
Warning: Cooling loop sensor PixelBarrel_BmI_1I_L4D2MN temperature is None
Warning: Cooling loop sensor PixelBarrel_BmI_5I_L3D3MN temperature is None
Warning: Cooling loop sensor PixelBarrel_BmI_5M_L3D3MN temperature is None
Warning: Cooling loop sensor PixelBarrel_BmI_5I_L3D3MN temperature is None
Warning: Cooling loop sensor PixelBarrel_BmI_6R_L4D4MN temperature is None
Warning: Cooling loop sensor PixelBarrel_BmI_6R_L4D4MN temperature is None
Warning: Cooling loop sensor PixelBarrel_BmI_6R_L4D4MN temperature is None
Warning: Cooling loop sensor PixelBarrel_BmI_6M_L4D4MN temperature is None
Warning: Cooling loop sensor PixelBarrel_BmI_6M_L4D4MN temperature is None
Warning: Cooling loop sensor PixelBarrel_BmI_6M_L4D4MN temperature is None
Warning: Cooling loop sensor PixelBarrel_BmI_6I_L4D4MN temperature is None
Warning: Cooling loop sensor PixelBarrel_BmI_6I_L4D4MN temperature is None
Warning: Cooling loop sensor PixelBarrel_BmI_6I_L4D4MN temperature is None
Warning: Cooling loop sensor PixelBarrel_BmO_3I_L1D1MF temperature is None
Warning: Cooling loop sensor PixelBarrel_BmO_3I_L1D1MF temperature is None
Warning: Cooling loop sensor PixelBarrel_BmO_3I_L1D1MF temperature is None
Warning: Cooling loop sensor PixelBarrel_BmO_3M_L1D1MF temperature is None
Warning: Cooling loop sensor PixelBarrel_BmO_3M_L1D1MF temperature is None
Warning: Cooling loop sensor PixelBarrel_BmO_3M_L1D1MF temperature is None
Warning: Cooling loop sensor PixelBarrel_BmO_3R_L1D1MF temperature is None
Warning: Cooling loop sensor PixelBarrel_BmO_3R_L1D1MF temperature is None
Warning: Cooling loop sensor PixelBarrel_BmO_3R_L1D1MF temperature is None
Warning: Cooling loop sensor PixelBarrel_BmO_2R_L3D2MF temperature is None
Warning: Cooling loop sensor PixelBarrel_BmO_2R_L3D2MF temperature is None
Warning: Cooling loop sensor PixelBarrel_BmO_2R_L3D2MF temperature is None
Warning: Cooling loop sensor PixelBarrel_BmO_2M_L3D2MF temperature is None
Warning: Cooling loop sensor PixelBarrel_BmO_2M_L3D2MF temperature is None
Warning: Cooling loop sensor PixelBarrel_BmO_2M_L3D2MF temperature is None
Warning: Cooling loop sensor PixelBarrel_BmO_2I_L3D2MF temperature is None
Warning: Cooling loop sensor PixelBarrel_BmO_2I_L3D2MF temperature is None
Warning: Cooling loop sensor PixelBarrel_BmO_2I_L3D2MF temperature is None
Warning: Cooling loop sensor PixelBarrel_BmO_1I_L4D1MF temperature is None
Warning: Cooling loop sensor PixelBarrel_BmO_1I_L4D1MF temperature is None
Warning: Cooling loop sensor PixelBarrel_BmO_1I_L4D1MF temperature is None
Warning: Cooling loop sensor PixelBarrel_BmO_1M_L4D1MF temperature is None
Warning: Cooling loop sensor PixelBarrel_BmO_1M_L4D1MF temperature is None
Warning: Cooling loop sensor PixelBarrel_BmO_1M_L4D1MF temperature is None
Warning: Cooling loop sensor PixelBarrel_BmO_1R_L4D1MF temperature is None
Warning: Cooling loop sensor PixelBarrel_BmO_1R_L4D1MF temperature is None
Warning: Cooling loop sensor PixelBarrel_BmO_1R_L4D1MF temperature is None
Warning: Cooling loop sensor PixelBarrel_BpI_1R_L4D1PN temperature is None
Warning: Cooling loop sensor PixelBarrel_BpI_1R_L4D1PN temperature is None
Warning: Cooling loop sensor PixelBarrel_BpI_1R_L4D1PN temperature is None
Warning: Cooling loop sensor PixelBarrel_BpO_6R_L4D4PF temperature is None
Warning: Cooling loop sensor PixelBarrel_BpO_6R_L4D4PF temperature is None
Warning: Cooling loop sensor PixelBarrel_BpO_6R_L4D4PF temperature is None
Warning: Cooling loop sensor PixelBarrel_BmI_4R_L1D2MN temperature is None
Warning: Cooling loop sensor PixelBarrel_BmI_4R_L1D2MN temperature is None
Warning: Cooling loop sensor PixelBarrel_BmI_4R_L1D2MN temperature is None
Warning: Cooling loop sensor PixelBarrel_BmI_4M_L1D2MN temperature is None
Warning: Cooling loop sensor PixelBarrel_BmI_4M_L1D2MN temperature is None
Warning: Cooling loop sensor PixelBarrel_BmI_4M_L1D2MN temperature is None
Warning: Cooling loop sensor PixelBarrel_BmI_4I_L1D2MN temperature is None
Warning: Cooling loop sensor PixelBarrel_BmI_4I_L1D2MN temperature is None
Warning: Cooling loop sensor PixelBarrel_BmI_4I_L1D2MN temperature is None
Warning: Cooling loop sensor PixelBarrel_BmI_5R_L3D3MN temperature is None
Warning: Cooling loop sensor PixelBarrel_BmI_5R_L3D3MN temperature is None
Warning: Cooling loop sensor PixelBarrel_BmI_5R_L3D3MN temperature is None
Warning: Cooling loop sensor PixelBarrel_BmI_5M_L3D3MN temperature is None
Warning: Cooling loop sensor PixelBarrel_BmI_5M_L3D3MN temperature is None
Warning: Cooling loop sensor PixelBarrel_BmI_5I_L3D3MN temperature is None
Warning: Cooling loop sensor PixelBarrel_BpI_3I_L1D1PN temperature is None
Warning: Cooling loop sensor PixelBarrel_BpI_3I_L1D1PN temperature is None
Warning: Cooling loop sensor PixelBarrel_BpI_3I_L1D1PN temperature is None
Warning: Cooling loop sensor PixelBarrel_BpI_3R_L1D1PN temperature is None
Warning: Cooling loop sensor PixelBarrel_BpI_3R_L1D1PN temperature is None
Warning: Cooling loop sensor PixelBarrel_BpI_3R_L1D1PN temperature is None
Warning: Cooling loop sensor PixelBarrel_BpI_2I_L3D2PN temperature is None
Warning: Cooling loop sensor PixelBarrel_BpI_2I_L3D2PN temperature is None
Warning: Cooling loop sensor PixelBarrel_BpI_2I_L3D2PN temperature is None
Warning: Cooling loop sensor PixelBarrel_BpI_2M_L3D2PN temperature is None
Warning: Cooling loop sensor PixelBarrel_BpI_2M_L3D2PN temperature is None
Warning: Cooling loop sensor PixelBarrel_BpI_2M_L3D2PN temperature is None
Warning: Cooling loop sensor PixelBarrel_BpI_2R_L3D2PN temperature is None
Warning: Cooling loop sensor PixelBarrel_BpI_2R_L3D2PN temperature is None
Warning: Cooling loop sensor PixelBarrel_BpI_2R_L3D2PN temperature is None
Warning: Cooling loop sensor PixelBarrel_BpI_1I_L4D1PN temperature is None
Warning: Cooling loop sensor PixelBarrel_BpI_1I_L4D1PN temperature is None
Warning: Cooling loop sensor PixelBarrel_BpI_1I_L4D1PN temperature is None
Warning: Cooling loop sensor PixelBarrel_BpI_1M_L4D1PN temperature is None
Warning: Cooling loop sensor PixelBarrel_BpI_1M_L4D1PN temperature is None
Warning: Cooling loop sensor PixelBarrel_BpI_1M_L4D1PN temperature is None
Warning: Cooling loop sensor PixelBarrel_BpO_4I_L1D2PF temperature is None
Warning: Cooling loop sensor PixelBarrel_BpO_4I_L1D2PF temperature is None
Warning: Cooling loop sensor PixelBarrel_BpO_4I_L1D2PF temperature is None
Warning: Cooling loop sensor PixelBarrel_BpO_4R_L1D2PF temperature is None
Warning: Cooling loop sensor PixelBarrel_BpO_4R_L1D2PF temperature is None
Warning: Cooling loop sensor PixelBarrel_BpO_4R_L1D2PF temperature is None
Warning: Cooling loop sensor PixelBarrel_BpO_5I_L3D3PF temperature is None
Warning: Cooling loop sensor PixelBarrel_BpO_5I_L3D3PF temperature is None
Warning: Cooling loop sensor PixelBarrel_BpO_5I_L3D3PF temperature is None
Warning: Cooling loop sensor PixelBarrel_BpO_5M_L3D3PF temperature is None
Warning: Cooling loop sensor PixelBarrel_BpO_5M_L3D3PF temperature is None
Warning: Cooling loop sensor PixelBarrel_BpO_5M_L3D3PF temperature is None
Warning: Cooling loop sensor PixelBarrel_BpO_5R_L3D3PF temperature is None
Warning: Cooling loop sensor PixelBarrel_BpO_5R_L3D3PF temperature is None
Warning: Cooling loop sensor PixelBarrel_BpO_5R_L3D3PF temperature is None
Warning: Cooling loop sensor PixelBarrel_BpO_6I_L4D4PF temperature is None
Warning: Cooling loop sensor PixelBarrel_BpO_6I_L4D4PF temperature is None
Warning: Cooling loop sensor PixelBarrel_BpO_6I_L4D4PF temperature is None
Warning: Cooling loop sensor PixelBarrel_BpO_6M_L4D4PF temperature is None
Warning: Cooling loop sensor PixelBarrel_BpO_6M_L4D4PF temperature is None
Warning: Cooling loop sensor PixelBarrel_BpO_6M_L4D4PF temperature is None
Warning: Cooling loop sensor PixelBarrel_BpO_3R_L2D1PF temperature is None
Warning: Cooling loop sensor PixelBarrel_BmI_1R_L4D2MN temperature is None
Warning: Cooling loop sensor PixelBarrel_BmI_1R_L4D2MN temperature is None
Warning: Cooling loop sensor PixelBarrel_BmI_1R_L4D2MN temperature is None
Warning: Cooling loop sensor PixelBarrel_BmI_2I_L3D1MN temperature is None
Warning: Cooling loop sensor PixelBarrel_BmI_2I_L3D1MN temperature is None
Warning: Cooling loop sensor PixelBarrel_BmI_2I_L3D1MN temperature is None
Warning: Cooling loop sensor PixelBarrel_BmI_2R_L3D1MN temperature is None
Warning: Cooling loop sensor PixelBarrel_BmI_2R_L3D1MN temperature is None
Warning: Cooling loop sensor PixelBarrel_BmI_2R_L3D1MN temperature is None
Warning: Cooling loop sensor PixelBarrel_BmI_3I_L2D1MN temperature is None
Warning: Cooling loop sensor PixelBarrel_BmI_3I_L2D1MN temperature is None
Warning: Cooling loop sensor PixelBarrel_BmI_3I_L2D1MN temperature is None
Warning: Cooling loop sensor PixelBarrel_BmI_3M_L2D1MN temperature is None
Warning: Cooling loop sensor PixelBarrel_BmI_3M_L2D1MN temperature is None
Warning: Cooling loop sensor PixelBarrel_BmI_3M_L2D1MN temperature is None
Warning: Cooling loop sensor PixelBarrel_BmI_3R_L2D1MN temperature is None
Warning: Cooling loop sensor PixelBarrel_BmI_3R_L2D1MN temperature is None
Warning: Cooling loop sensor PixelBarrel_BmI_3R_L2D1MN temperature is None
Warning: Cooling loop sensor PixelBarrel_BmO_6I_L4D3MF temperature is None
Warning: Cooling loop sensor PixelBarrel_BmO_6I_L4D3MF temperature is None
Warning: Cooling loop sensor PixelBarrel_BmO_6I_L4D3MF temperature is None
Warning: Cooling loop sensor PixelBarrel_BmO_6M_L4D3MF temperature is None
Warning: Cooling loop sensor PixelBarrel_BmO_6M_L4D3MF temperature is None
Warning: Cooling loop sensor PixelBarrel_BmO_6M_L4D3MF temperature is None
Warning: Cooling loop sensor PixelBarrel_BmO_6R_L4D3MF temperature is None
Warning: Cooling loop sensor PixelBarrel_BmO_6R_L4D3MF temperature is None
Warning: Cooling loop sensor PixelBarrel_BmO_6R_L4D3MF temperature is None
Warning: Cooling loop sensor PixelBarrel_BmO_5I_L3D4MF temperature is None
Warning: Cooling loop sensor PixelBarrel_BmO_5I_L3D4MF temperature is None
Warning: Cooling loop sensor PixelBarrel_BmO_5I_L3D4MF temperature is None
Warning: Cooling loop sensor PixelBarrel_BmO_5M_L3D4MF temperature is None
Warning: Cooling loop sensor PixelBarrel_BmO_5M_L3D4MF temperature is None
Warning: Cooling loop sensor PixelBarrel_BmO_5M_L3D4MF temperature is None
Warning: Cooling loop sensor PixelBarrel_BmO_5R_L3D4MF temperature is None
Warning: Cooling loop sensor PixelBarrel_BmO_5R_L3D4MF temperature is None
Warning: Cooling loop sensor PixelBarrel_BmO_5R_L3D4MF temperature is None
Warning: Cooling loop sensor PixelBarrel_BmO_4I_L2D2MF temperature is None
Warning: Cooling loop sensor PixelBarrel_BmO_4I_L2D2MF temperature is None
Warning: Cooling loop sensor PixelBarrel_BmO_4I_L2D2MF temperature is None
Warning: Cooling loop sensor PixelBarrel_BmO_4M_L2D2MF temperature is None
Warning: Cooling loop sensor PixelBarrel_BmO_4M_L2D2MF temperature is None
Warning: Cooling loop sensor PixelBarrel_BmO_4M_L2D2MF temperature is None
Warning: Cooling loop sensor PixelBarrel_BmO_4R_L2D2MF temperature is None
Warning: Cooling loop sensor PixelBarrel_BmO_4R_L2D2MF temperature is None
Warning: Cooling loop sensor PixelBarrel_BmO_4R_L2D2MF temperature is None
Warning: Cooling loop sensor PixelBarrel_BpO_3R_L2D1PF temperature is None
Warning: Cooling loop sensor PixelBarrel_BpO_3R_L2D1PF temperature is None
Warning: Cooling loop sensor PixelBarrel_BmI_1I_L4D2MN temperature is None
Warning: Cooling loop sensor PixelBarrel_BpO_3M_L2D1PF temperature is None
Warning: Cooling loop sensor PixelBarrel_BmI_1I_L4D2MN temperature is None
Warning: Cooling loop sensor PixelBarrel_BmI_1M_L4D2MN temperature is None
Warning: Cooling loop sensor PixelBarrel_BmI_1M_L4D2MN temperature is None
Warning: Cooling loop sensor PixelBarrel_BmI_1M_L4D2MN temperature is None
Warning: Cooling loop sensor PixelBarrel_BpI_6I_L4D3PN temperature is None
Warning: Cooling loop sensor PixelBarrel_BpI_6I_L4D3PN temperature is None
Warning: Cooling loop sensor PixelBarrel_BpI_6I_L4D3PN temperature is None
Warning: Cooling loop sensor PixelBarrel_BpI_6M_L4D3PN temperature is None
Warning: Cooling loop sensor PixelBarrel_BpI_6M_L4D3PN temperature is None
Warning: Cooling loop sensor PixelBarrel_BpI_6M_L4D3PN temperature is None
Warning: Cooling loop sensor PixelBarrel_BpI_6R_L4D3PN temperature is None
Warning: Cooling loop sensor PixelBarrel_BpI_6R_L4D3PN temperature is None
Warning: Cooling loop sensor PixelBarrel_BpI_6R_L4D3PN temperature is None
Warning: Cooling loop sensor PixelBarrel_BpI_5I_L3D4PN temperature is None
Warning: Cooling loop sensor PixelBarrel_BpI_5I_L3D4PN temperature is None
Warning: Cooling loop sensor PixelBarrel_BpI_5I_L3D4PN temperature is None
Warning: Cooling loop sensor PixelBarrel_BpI_5M_L3D4PN temperature is None
Warning: Cooling loop sensor PixelBarrel_BpI_5M_L3D4PN temperature is None
Warning: Cooling loop sensor PixelBarrel_BpI_5M_L3D4PN temperature is None
Warning: Cooling loop sensor PixelBarrel_BpI_5R_L3D4PN temperature is None
Warning: Cooling loop sensor PixelBarrel_BpI_5R_L3D4PN temperature is None
Warning: Cooling loop sensor PixelBarrel_BpI_5R_L3D4PN temperature is None
Warning: Cooling loop sensor PixelBarrel_BpI_4I_L2D2PN temperature is None
Warning: Cooling loop sensor PixelBarrel_BpI_4I_L2D2PN temperature is None
Warning: Cooling loop sensor PixelBarrel_BpI_4I_L2D2PN temperature is None
Warning: Cooling loop sensor PixelBarrel_BpI_4M_L2D2PN temperature is None
Warning: Cooling loop sensor PixelBarrel_BpI_4M_L2D2PN temperature is None
Warning: Cooling loop sensor PixelBarrel_BpI_4M_L2D2PN temperature is None
Warning: Cooling loop sensor PixelBarrel_BpI_4R_L2D2PN temperature is None
Warning: Cooling loop sensor PixelBarrel_BpI_4R_L2D2PN temperature is None
Warning: Cooling loop sensor PixelBarrel_BpI_4R_L2D2PN temperature is None
Warning: Cooling loop sensor PixelBarrel_BpO_1I_L4D2PF temperature is None
Warning: Cooling loop sensor PixelBarrel_BpO_1I_L4D2PF temperature is None
Warning: Cooling loop sensor PixelBarrel_BpO_1I_L4D2PF temperature is None
Warning: Cooling loop sensor PixelBarrel_BpO_1M_L4D2PF temperature is None
Warning: Cooling loop sensor PixelBarrel_BpO_1M_L4D2PF temperature is None
Warning: Cooling loop sensor PixelBarrel_BpO_1M_L4D2PF temperature is None
Warning: Cooling loop sensor PixelBarrel_BpO_1R_L4D2PF temperature is None
Warning: Cooling loop sensor PixelBarrel_BpO_1R_L4D2PF temperature is None
Warning: Cooling loop sensor PixelBarrel_BpO_1R_L4D2PF temperature is None
Warning: Cooling loop sensor PixelBarrel_BpO_2I_L3D1PF temperature is None
Warning: Cooling loop sensor PixelBarrel_BpO_2I_L3D1PF temperature is None
Warning: Cooling loop sensor PixelBarrel_BpO_2I_L3D1PF temperature is None
Warning: Cooling loop sensor PixelBarrel_BpO_2M_L3D1PF temperature is None
Warning: Cooling loop sensor PixelBarrel_BpO_2M_L3D1PF temperature is None
Warning: Cooling loop sensor PixelBarrel_BpO_2M_L3D1PF temperature is None
Warning: Cooling loop sensor PixelBarrel_BpO_2R_L3D1PF temperature is None
Warning: Cooling loop sensor PixelBarrel_BpO_2R_L3D1PF temperature is None
Warning: Cooling loop sensor PixelBarrel_BpO_2R_L3D1PF temperature is None
Warning: Cooling loop sensor PixelBarrel_BpO_3I_L2D1PF temperature is None
Warning: Cooling loop sensor PixelBarrel_BpO_3I_L2D1PF temperature is None
Warning: Cooling loop sensor PixelBarrel_BpO_3I_L2D1PF temperature is None
Warning: Cooling loop sensor PixelBarrel_BpO_3M_L2D1PF temperature is None
Warning: Cooling loop sensor PixelBarrel_BpO_3M_L2D1PF temperature is None
Warning: Cooling loop sensor PixelBarrel_BmI_1I_L4D2MN temperature is None
6216	1505378621	3600		258.52		   4825697		-999.00
Warning: Cooling loop sensor PixelBarrel_BmO_6I_L4D3MF temperature is None
Warning: Cooling loop sensor PixelBarrel_BmO_6M_L4D3MF temperature is None
Warning: Cooling loop sensor PixelBarrel_BmO_4R_L2D2MF temperature is None
Warning: Cooling loop sensor PixelBarrel_BmO_4I_L2D2MF temperature is None
Warning: Cooling loop sensor PixelBarrel_BmO_4M_L2D2MF temperature is None
Warning: Cooling loop sensor PixelBarrel_BmO_6R_L4D3MF temperature is None
Warning: Cooling loop sensor PixelBarrel_BmI_3M_L2D1MN temperature is None
Warning: Cooling loop sensor PixelBarrel_BmI_3I_L2D1MN temperature is None
Warning: Cooling loop sensor PixelBarrel_BmI_1R_L4D2MN temperature is None
Warning: Cooling loop sensor PixelBarrel_BmI_3R_L2D1MN temperature is None
Warning: Cooling loop sensor PixelBarrel_BpI_4R_L2D2PN temperature is None
Warning: Cooling loop sensor PixelBarrel_BpO_1I_L4D2PF temperature is None
Warning: Cooling loop sensor PixelBarrel_BpO_1M_L4D2PF temperature is None
Warning: Cooling loop sensor PixelBarrel_BpO_1R_L4D2PF temperature is None
Warning: Cooling loop sensor PixelBarrel_BpO_3I_L2D1PF temperature is None
Warning: Cooling loop sensor PixelBarrel_BpO_3M_L2D1PF temperature is None
Warning: Cooling loop sensor PixelBarrel_BpO_3R_L2D1PF temperature is None
Warning: Cooling loop sensor PixelBarrel_BmI_1I_L4D2MN temperature is None
Warning: Cooling loop sensor PixelBarrel_BmI_1M_L4D2MN temperature is None
Warning: Cooling loop sensor PixelBarrel_BpI_4M_L2D2PN temperature is None
Warning: Cooling loop sensor PixelBarrel_BpI_4I_L2D2PN temperature is None
Warning: Cooling loop sensor PixelBarrel_BpI_6R_L4D3PN temperature is None
Warning: Cooling loop sensor PixelBarrel_BpI_6I_L4D3PN temperature is None
Warning: Cooling loop sensor PixelBarrel_BpI_6M_L4D3PN temperature is None
Warning: Cooling loop sensor PixelBarrel_BpI_1R_L4D1PN temperature is None
Warning: Cooling loop sensor PixelBarrel_BmO_1R_L4D1MF temperature is None
Warning: Cooling loop sensor PixelBarrel_BpI_1R_L4D1PN temperature is None
Warning: Cooling loop sensor PixelBarrel_BpO_6R_L4D4PF temperature is None
Warning: Cooling loop sensor PixelBarrel_BpO_6R_L4D4PF temperature is None
Warning: Cooling loop sensor PixelBarrel_BpO_6R_L4D4PF temperature is None
Warning: Cooling loop sensor PixelBarrel_BmI_4R_L1D2MN temperature is None
Warning: Cooling loop sensor PixelBarrel_BmI_4R_L1D2MN temperature is None
Warning: Cooling loop sensor PixelBarrel_BmI_4R_L1D2MN temperature is None
Warning: Cooling loop sensor PixelBarrel_BmI_4M_L1D2MN temperature is None
Warning: Cooling loop sensor PixelBarrel_BmI_4M_L1D2MN temperature is None
Warning: Cooling loop sensor PixelBarrel_BmI_4M_L1D2MN temperature is None
Warning: Cooling loop sensor PixelBarrel_BmI_4I_L1D2MN temperature is None
Warning: Cooling loop sensor PixelBarrel_BmI_4I_L1D2MN temperature is None
Warning: Cooling loop sensor PixelBarrel_BmI_4I_L1D2MN temperature is None
Warning: Cooling loop sensor PixelBarrel_BmI_5R_L3D3MN temperature is None
Warning: Cooling loop sensor PixelBarrel_BmI_5R_L3D3MN temperature is None
Warning: Cooling loop sensor PixelBarrel_BmI_5R_L3D3MN temperature is None
Warning: Cooling loop sensor PixelBarrel_BmI_5M_L3D3MN temperature is None
Warning: Cooling loop sensor PixelBarrel_BmI_5M_L3D3MN temperature is None
Warning: Cooling loop sensor PixelBarrel_BmI_5M_L3D3MN temperature is None
Warning: Cooling loop sensor PixelBarrel_BmI_5I_L3D3MN temperature is None
Warning: Cooling loop sensor PixelBarrel_BmI_5I_L3D3MN temperature is None
Warning: Cooling loop sensor PixelBarrel_BmI_5I_L3D3MN temperature is None
Warning: Cooling loop sensor PixelBarrel_BmI_6R_L4D4MN temperature is None
Warning: Cooling loop sensor PixelBarrel_BmI_6R_L4D4MN temperature is None
Warning: Cooling loop sensor PixelBarrel_BmI_6R_L4D4MN temperature is None
Warning: Cooling loop sensor PixelBarrel_BmI_6M_L4D4MN temperature is None
Warning: Cooling loop sensor PixelBarrel_BmI_6M_L4D4MN temperature is None
Warning: Cooling loop sensor PixelBarrel_BmI_6M_L4D4MN temperature is None
Warning: Cooling loop sensor PixelBarrel_BmI_6I_L4D4MN temperature is None
Warning: Cooling loop sensor PixelBarrel_BmI_6I_L4D4MN temperature is None
Warning: Cooling loop sensor PixelBarrel_BmI_6I_L4D4MN temperature is None
Warning: Cooling loop sensor PixelBarrel_BmO_3I_L1D1MF temperature is None
Warning: Cooling loop sensor PixelBarrel_BmO_3I_L1D1MF temperature is None
Warning: Cooling loop sensor PixelBarrel_BmO_3I_L1D1MF temperature is None
Warning: Cooling loop sensor PixelBarrel_BmO_3M_L1D1MF temperature is None
Warning: Cooling loop sensor PixelBarrel_BmO_3M_L1D1MF temperature is None
Warning: Cooling loop sensor PixelBarrel_BmO_3M_L1D1MF temperature is None
Warning: Cooling loop sensor PixelBarrel_BmO_3R_L1D1MF temperature is None
Warning: Cooling loop sensor PixelBarrel_BmO_3R_L1D1MF temperature is None
Warning: Cooling loop sensor PixelBarrel_BmO_3R_L1D1MF temperature is None
Warning: Cooling loop sensor PixelBarrel_BmO_2R_L3D2MF temperature is None
Warning: Cooling loop sensor PixelBarrel_BmO_2R_L3D2MF temperature is None
Warning: Cooling loop sensor PixelBarrel_BmO_2R_L3D2MF temperature is None
Warning: Cooling loop sensor PixelBarrel_BmO_2M_L3D2MF temperature is None
Warning: Cooling loop sensor PixelBarrel_BmO_2M_L3D2MF temperature is None
Warning: Cooling loop sensor PixelBarrel_BmO_2M_L3D2MF temperature is None
Warning: Cooling loop sensor PixelBarrel_BmO_2I_L3D2MF temperature is None
Warning: Cooling loop sensor PixelBarrel_BmO_2I_L3D2MF temperature is None
Warning: Cooling loop sensor PixelBarrel_BmO_2I_L3D2MF temperature is None
Warning: Cooling loop sensor PixelBarrel_BmO_1I_L4D1MF temperature is None
Warning: Cooling loop sensor PixelBarrel_BmO_1I_L4D1MF temperature is None
Warning: Cooling loop sensor PixelBarrel_BmO_1I_L4D1MF temperature is None
Warning: Cooling loop sensor PixelBarrel_BmO_1M_L4D1MF temperature is None
Warning: Cooling loop sensor PixelBarrel_BmO_1M_L4D1MF temperature is None
Warning: Cooling loop sensor PixelBarrel_BmO_1M_L4D1MF temperature is None
Warning: Cooling loop sensor PixelBarrel_BmO_1R_L4D1MF temperature is None
Warning: Cooling loop sensor PixelBarrel_BmO_1R_L4D1MF temperature is None
Warning: Cooling loop sensor PixelBarrel_BpI_1R_L4D1PN temperature is None
Warning: Cooling loop sensor PixelBarrel_BpO_3R_L2D1PF temperature is None
Warning: Cooling loop sensor PixelBarrel_BpO_3R_L2D1PF temperature is None
Warning: Cooling loop sensor PixelBarrel_BpO_3R_L2D1PF temperature is None
Warning: Cooling loop sensor PixelBarrel_BmI_1R_L4D2MN temperature is None
Warning: Cooling loop sensor PixelBarrel_BmI_1R_L4D2MN temperature is None
Warning: Cooling loop sensor PixelBarrel_BmI_1R_L4D2MN temperature is None
Warning: Cooling loop sensor PixelBarrel_BmI_2I_L3D1MN temperature is None
Warning: Cooling loop sensor PixelBarrel_BmI_2I_L3D1MN temperature is None
Warning: Cooling loop sensor PixelBarrel_BmI_2I_L3D1MN temperature is None
Warning: Cooling loop sensor PixelBarrel_BmI_2R_L3D1MN temperature is None
Warning: Cooling loop sensor PixelBarrel_BmI_2R_L3D1MN temperature is None
Warning: Cooling loop sensor PixelBarrel_BmI_2R_L3D1MN temperature is None
Warning: Cooling loop sensor PixelBarrel_BmI_3I_L2D1MN temperature is None
Warning: Cooling loop sensor PixelBarrel_BmI_3I_L2D1MN temperature is None
Warning: Cooling loop sensor PixelBarrel_BmI_3I_L2D1MN temperature is None
Warning: Cooling loop sensor PixelBarrel_BmI_3M_L2D1MN temperature is None
Warning: Cooling loop sensor PixelBarrel_BmI_3M_L2D1MN temperature is None
Warning: Cooling loop sensor PixelBarrel_BmI_3M_L2D1MN temperature is None
Warning: Cooling loop sensor PixelBarrel_BmI_3R_L2D1MN temperature is None
Warning: Cooling loop sensor PixelBarrel_BmI_3R_L2D1MN temperature is None
Warning: Cooling loop sensor PixelBarrel_BmI_3R_L2D1MN temperature is None
Warning: Cooling loop sensor PixelBarrel_BmO_6I_L4D3MF temperature is None
Warning: Cooling loop sensor PixelBarrel_BmO_6I_L4D3MF temperature is None
Warning: Cooling loop sensor PixelBarrel_BmO_6I_L4D3MF temperature is None
Warning: Cooling loop sensor PixelBarrel_BmO_6M_L4D3MF temperature is None
Warning: Cooling loop sensor PixelBarrel_BmO_6M_L4D3MF temperature is None
Warning: Cooling loop sensor PixelBarrel_BmO_6M_L4D3MF temperature is None
Warning: Cooling loop sensor PixelBarrel_BmO_6R_L4D3MF temperature is None
Warning: Cooling loop sensor PixelBarrel_BmO_6R_L4D3MF temperature is None
Warning: Cooling loop sensor PixelBarrel_BmO_6R_L4D3MF temperature is None
Warning: Cooling loop sensor PixelBarrel_BmO_5I_L3D4MF temperature is None
Warning: Cooling loop sensor PixelBarrel_BmO_5I_L3D4MF temperature is None
Warning: Cooling loop sensor PixelBarrel_BmO_5I_L3D4MF temperature is None
Warning: Cooling loop sensor PixelBarrel_BmO_5M_L3D4MF temperature is None
Warning: Cooling loop sensor PixelBarrel_BmO_5M_L3D4MF temperature is None
Warning: Cooling loop sensor PixelBarrel_BmO_5M_L3D4MF temperature is None
Warning: Cooling loop sensor PixelBarrel_BmO_5R_L3D4MF temperature is None
Warning: Cooling loop sensor PixelBarrel_BmO_5R_L3D4MF temperature is None
Warning: Cooling loop sensor PixelBarrel_BmO_5R_L3D4MF temperature is None
Warning: Cooling loop sensor PixelBarrel_BmO_4I_L2D2MF temperature is None
Warning: Cooling loop sensor PixelBarrel_BmO_4I_L2D2MF temperature is None
Warning: Cooling loop sensor PixelBarrel_BmO_4I_L2D2MF temperature is None
Warning: Cooling loop sensor PixelBarrel_BmO_4M_L2D2MF temperature is None
Warning: Cooling loop sensor PixelBarrel_BmO_4M_L2D2MF temperature is None
Warning: Cooling loop sensor PixelBarrel_BmO_4M_L2D2MF temperature is None
Warning: Cooling loop sensor PixelBarrel_BmO_4R_L2D2MF temperature is None
Warning: Cooling loop sensor PixelBarrel_BmO_4R_L2D2MF temperature is None
Warning: Cooling loop sensor PixelBarrel_BmO_4R_L2D2MF temperature is None
Warning: Cooling loop sensor PixelBarrel_BpI_3I_L1D1PN temperature is None
Warning: Cooling loop sensor PixelBarrel_BpI_3I_L1D1PN temperature is None
Warning: Cooling loop sensor PixelBarrel_BpI_3I_L1D1PN temperature is None
Warning: Cooling loop sensor PixelBarrel_BpI_3R_L1D1PN temperature is None
Warning: Cooling loop sensor PixelBarrel_BpI_3R_L1D1PN temperature is None
Warning: Cooling loop sensor PixelBarrel_BpI_3R_L1D1PN temperature is None
Warning: Cooling loop sensor PixelBarrel_BpI_2I_L3D2PN temperature is None
Warning: Cooling loop sensor PixelBarrel_BpI_2I_L3D2PN temperature is None
Warning: Cooling loop sensor PixelBarrel_BpI_2I_L3D2PN temperature is None
Warning: Cooling loop sensor PixelBarrel_BpI_2M_L3D2PN temperature is None
Warning: Cooling loop sensor PixelBarrel_BpI_2M_L3D2PN temperature is None
Warning: Cooling loop sensor PixelBarrel_BpI_2M_L3D2PN temperature is None
Warning: Cooling loop sensor PixelBarrel_BpI_2R_L3D2PN temperature is None
Warning: Cooling loop sensor PixelBarrel_BpI_2R_L3D2PN temperature is None
Warning: Cooling loop sensor PixelBarrel_BpI_2R_L3D2PN temperature is None
Warning: Cooling loop sensor PixelBarrel_BpI_1I_L4D1PN temperature is None
Warning: Cooling loop sensor PixelBarrel_BpI_1I_L4D1PN temperature is None
Warning: Cooling loop sensor PixelBarrel_BpI_1I_L4D1PN temperature is None
Warning: Cooling loop sensor PixelBarrel_BpI_1M_L4D1PN temperature is None
Warning: Cooling loop sensor PixelBarrel_BpI_1M_L4D1PN temperature is None
Warning: Cooling loop sensor PixelBarrel_BpI_1M_L4D1PN temperature is None
Warning: Cooling loop sensor PixelBarrel_BpO_4I_L1D2PF temperature is None
Warning: Cooling loop sensor PixelBarrel_BpO_4I_L1D2PF temperature is None
Warning: Cooling loop sensor PixelBarrel_BpO_4I_L1D2PF temperature is None
Warning: Cooling loop sensor PixelBarrel_BpO_4R_L1D2PF temperature is None
Warning: Cooling loop sensor PixelBarrel_BpO_4R_L1D2PF temperature is None
Warning: Cooling loop sensor PixelBarrel_BpO_4R_L1D2PF temperature is None
Warning: Cooling loop sensor PixelBarrel_BpO_5I_L3D3PF temperature is None
Warning: Cooling loop sensor PixelBarrel_BpO_5I_L3D3PF temperature is None
Warning: Cooling loop sensor PixelBarrel_BpO_5I_L3D3PF temperature is None
Warning: Cooling loop sensor PixelBarrel_BpO_5M_L3D3PF temperature is None
Warning: Cooling loop sensor PixelBarrel_BpO_5M_L3D3PF temperature is None
Warning: Cooling loop sensor PixelBarrel_BpO_5M_L3D3PF temperature is None
Warning: Cooling loop sensor PixelBarrel_BpO_5R_L3D3PF temperature is None
Warning: Cooling loop sensor PixelBarrel_BpO_5R_L3D3PF temperature is None
Warning: Cooling loop sensor PixelBarrel_BpO_5R_L3D3PF temperature is None
Warning: Cooling loop sensor PixelBarrel_BpO_6I_L4D4PF temperature is None
Warning: Cooling loop sensor PixelBarrel_BpO_6I_L4D4PF temperature is None
Warning: Cooling loop sensor PixelBarrel_BpO_6I_L4D4PF temperature is None
Warning: Cooling loop sensor PixelBarrel_BpO_6M_L4D4PF temperature is None
Warning: Cooling loop sensor PixelBarrel_BpO_6M_L4D4PF temperature is None
Warning: Cooling loop sensor PixelBarrel_BpO_6M_L4D4PF temperature is None
Warning: Cooling loop sensor PixelBarrel_BpI_6I_L4D3PN temperature is None
Warning: Cooling loop sensor PixelBarrel_BmI_1M_L4D2MN temperature is None
Warning: Cooling loop sensor PixelBarrel_BpI_6I_L4D3PN temperature is None
Warning: Cooling loop sensor PixelBarrel_BpI_6M_L4D3PN temperature is None
Warning: Cooling loop sensor PixelBarrel_BpI_6M_L4D3PN temperature is None
Warning: Cooling loop sensor PixelBarrel_BpI_6M_L4D3PN temperature is None
Warning: Cooling loop sensor PixelBarrel_BpI_6R_L4D3PN temperature is None
Warning: Cooling loop sensor PixelBarrel_BpI_6R_L4D3PN temperature is None
Warning: Cooling loop sensor PixelBarrel_BpI_6R_L4D3PN temperature is None
Warning: Cooling loop sensor PixelBarrel_BpI_5I_L3D4PN temperature is None
Warning: Cooling loop sensor PixelBarrel_BpI_5I_L3D4PN temperature is None
Warning: Cooling loop sensor PixelBarrel_BpI_5I_L3D4PN temperature is None
Warning: Cooling loop sensor PixelBarrel_BpI_5M_L3D4PN temperature is None
Warning: Cooling loop sensor PixelBarrel_BpI_5M_L3D4PN temperature is None
Warning: Cooling loop sensor PixelBarrel_BpI_5M_L3D4PN temperature is None
Warning: Cooling loop sensor PixelBarrel_BpI_5R_L3D4PN temperature is None
Warning: Cooling loop sensor PixelBarrel_BpI_5R_L3D4PN temperature is None
Warning: Cooling loop sensor PixelBarrel_BpI_5R_L3D4PN temperature is None
Warning: Cooling loop sensor PixelBarrel_BpI_4I_L2D2PN temperature is None
Warning: Cooling loop sensor PixelBarrel_BpI_4I_L2D2PN temperature is None
Warning: Cooling loop sensor PixelBarrel_BpI_4I_L2D2PN temperature is None
Warning: Cooling loop sensor PixelBarrel_BpI_4M_L2D2PN temperature is None
Warning: Cooling loop sensor PixelBarrel_BpI_4M_L2D2PN temperature is None
Warning: Cooling loop sensor PixelBarrel_BpI_4M_L2D2PN temperature is None
Warning: Cooling loop sensor PixelBarrel_BpI_4R_L2D2PN temperature is None
Warning: Cooling loop sensor PixelBarrel_BpI_4R_L2D2PN temperature is None
Warning: Cooling loop sensor PixelBarrel_BpI_4R_L2D2PN temperature is None
Warning: Cooling loop sensor PixelBarrel_BpO_1I_L4D2PF temperature is None
Warning: Cooling loop sensor PixelBarrel_BpO_1I_L4D2PF temperature is None
Warning: Cooling loop sensor PixelBarrel_BpO_1I_L4D2PF temperature is None
Warning: Cooling loop sensor PixelBarrel_BpO_1M_L4D2PF temperature is None
Warning: Cooling loop sensor PixelBarrel_BpO_1M_L4D2PF temperature is None
Warning: Cooling loop sensor PixelBarrel_BpO_1M_L4D2PF temperature is None
Warning: Cooling loop sensor PixelBarrel_BpO_1R_L4D2PF temperature is None
Warning: Cooling loop sensor PixelBarrel_BpO_1R_L4D2PF temperature is None
Warning: Cooling loop sensor PixelBarrel_BpO_1R_L4D2PF temperature is None
Warning: Cooling loop sensor PixelBarrel_BpO_2I_L3D1PF temperature is None
Warning: Cooling loop sensor PixelBarrel_BpO_2I_L3D1PF temperature is None
Warning: Cooling loop sensor PixelBarrel_BpO_2I_L3D1PF temperature is None
Warning: Cooling loop sensor PixelBarrel_BpO_2M_L3D1PF temperature is None
Warning: Cooling loop sensor PixelBarrel_BpO_2M_L3D1PF temperature is None
Warning: Cooling loop sensor PixelBarrel_BpO_2M_L3D1PF temperature is None
Warning: Cooling loop sensor PixelBarrel_BpO_2R_L3D1PF temperature is None
Warning: Cooling loop sensor PixelBarrel_BpO_2R_L3D1PF temperature is None
Warning: Cooling loop sensor PixelBarrel_BpO_2R_L3D1PF temperature is None
Warning: Cooling loop sensor PixelBarrel_BpO_3I_L2D1PF temperature is None
Warning: Cooling loop sensor PixelBarrel_BpO_3I_L2D1PF temperature is None
Warning: Cooling loop sensor PixelBarrel_BpO_3I_L2D1PF temperature is None
Warning: Cooling loop sensor PixelBarrel_BpO_3M_L2D1PF temperature is None
Warning: Cooling loop sensor PixelBarrel_BpO_3M_L2D1PF temperature is None
Warning: Cooling loop sensor PixelBarrel_BpO_3M_L2D1PF temperature is None
Warning: Cooling loop sensor PixelBarrel_BmI_1I_L4D2MN temperature is None
Warning: Cooling loop sensor PixelBarrel_BmI_1I_L4D2MN temperature is None
Warning: Cooling loop sensor PixelBarrel_BmI_1I_L4D2MN temperature is None
Warning: Cooling loop sensor PixelBarrel_BmI_1M_L4D2MN temperature is None
Warning: Cooling loop sensor PixelBarrel_BmI_1M_L4D2MN temperature is None
Warning: Cooling loop sensor PixelBarrel_BpI_6I_L4D3PN temperature is None
Warning: Cooling loop sensor PixelBarrel_BmO_6I_L4D3MF temperature is None
Warning: Cooling loop sensor PixelBarrel_BmO_6M_L4D3MF temperature is None
Warning: Cooling loop sensor PixelBarrel_BmO_4R_L2D2MF temperature is None
Warning: Cooling loop sensor PixelBarrel_BmO_4I_L2D2MF temperature is None
Warning: Cooling loop sensor PixelBarrel_BmO_4M_L2D2MF temperature is None
Warning: Cooling loop sensor PixelBarrel_BmO_6R_L4D3MF temperature is None
Warning: Cooling loop sensor PixelBarrel_BmI_3M_L2D1MN temperature is None
Warning: Cooling loop sensor PixelBarrel_BmI_3I_L2D1MN temperature is None
Warning: Cooling loop sensor PixelBarrel_BmI_1R_L4D2MN temperature is None
Warning: Cooling loop sensor PixelBarrel_BmI_3R_L2D1MN temperature is None
Warning: Cooling loop sensor PixelBarrel_BpI_4R_L2D2PN temperature is None
Warning: Cooling loop sensor PixelBarrel_BpO_1I_L4D2PF temperature is None
Warning: Cooling loop sensor PixelBarrel_BpO_1M_L4D2PF temperature is None
Warning: Cooling loop sensor PixelBarrel_BpO_1R_L4D2PF temperature is None
Warning: Cooling loop sensor PixelBarrel_BpO_3I_L2D1PF temperature is None
Warning: Cooling loop sensor PixelBarrel_BpO_3M_L2D1PF temperature is None
Warning: Cooling loop sensor PixelBarrel_BpO_3R_L2D1PF temperature is None
Warning: Cooling loop sensor PixelBarrel_BmI_1I_L4D2MN temperature is None
Warning: Cooling loop sensor PixelBarrel_BmI_1M_L4D2MN temperature is None
Warning: Cooling loop sensor PixelBarrel_BpI_4M_L2D2PN temperature is None
Warning: Cooling loop sensor PixelBarrel_BpI_4I_L2D2PN temperature is None
Warning: Cooling loop sensor PixelBarrel_BpI_6R_L4D3PN temperature is None
Warning: Cooling loop sensor PixelBarrel_BpI_6I_L4D3PN temperature is None
Warning: Cooling loop sensor PixelBarrel_BpI_6M_L4D3PN temperature is None
Warning: Cooling loop sensor PixelBarrel_BpI_1R_L4D1PN temperature is None
Warning: Cooling loop sensor PixelBarrel_BmO_1R_L4D1MF temperature is None
Warning: Cooling loop sensor PixelBarrel_BpI_1R_L4D1PN temperature is None
Warning: Cooling loop sensor PixelBarrel_BpO_6R_L4D4PF temperature is None
Warning: Cooling loop sensor PixelBarrel_BpO_6R_L4D4PF temperature is None
Warning: Cooling loop sensor PixelBarrel_BpO_6R_L4D4PF temperature is None
Warning: Cooling loop sensor PixelBarrel_BmI_4R_L1D2MN temperature is None
Warning: Cooling loop sensor PixelBarrel_BmI_4R_L1D2MN temperature is None
Warning: Cooling loop sensor PixelBarrel_BmI_4R_L1D2MN temperature is None
Warning: Cooling loop sensor PixelBarrel_BmI_4M_L1D2MN temperature is None
Warning: Cooling loop sensor PixelBarrel_BmI_4M_L1D2MN temperature is None
Warning: Cooling loop sensor PixelBarrel_BmI_4M_L1D2MN temperature is None
Warning: Cooling loop sensor PixelBarrel_BmI_4I_L1D2MN temperature is None
Warning: Cooling loop sensor PixelBarrel_BmI_4I_L1D2MN temperature is None
Warning: Cooling loop sensor PixelBarrel_BmI_4I_L1D2MN temperature is None
Warning: Cooling loop sensor PixelBarrel_BmI_5R_L3D3MN temperature is None
Warning: Cooling loop sensor PixelBarrel_BmI_5R_L3D3MN temperature is None
Warning: Cooling loop sensor PixelBarrel_BmI_5R_L3D3MN temperature is None
Warning: Cooling loop sensor PixelBarrel_BmI_5M_L3D3MN temperature is None
Warning: Cooling loop sensor PixelBarrel_BmI_5M_L3D3MN temperature is None
Warning: Cooling loop sensor PixelBarrel_BmI_5M_L3D3MN temperature is None
Warning: Cooling loop sensor PixelBarrel_BmI_5I_L3D3MN temperature is None
Warning: Cooling loop sensor PixelBarrel_BmI_5I_L3D3MN temperature is None
Warning: Cooling loop sensor PixelBarrel_BmI_5I_L3D3MN temperature is None
Warning: Cooling loop sensor PixelBarrel_BmI_6R_L4D4MN temperature is None
Warning: Cooling loop sensor PixelBarrel_BmI_6R_L4D4MN temperature is None
Warning: Cooling loop sensor PixelBarrel_BmI_6R_L4D4MN temperature is None
Warning: Cooling loop sensor PixelBarrel_BmI_6M_L4D4MN temperature is None
Warning: Cooling loop sensor PixelBarrel_BmI_6M_L4D4MN temperature is None
Warning: Cooling loop sensor PixelBarrel_BmI_6M_L4D4MN temperature is None
Warning: Cooling loop sensor PixelBarrel_BmI_6I_L4D4MN temperature is None
Warning: Cooling loop sensor PixelBarrel_BmI_6I_L4D4MN temperature is None
Warning: Cooling loop sensor PixelBarrel_BmI_6I_L4D4MN temperature is None
Warning: Cooling loop sensor PixelBarrel_BmO_3I_L1D1MF temperature is None
Warning: Cooling loop sensor PixelBarrel_BmO_3I_L1D1MF temperature is None
Warning: Cooling loop sensor PixelBarrel_BmO_3I_L1D1MF temperature is None
Warning: Cooling loop sensor PixelBarrel_BmO_3M_L1D1MF temperature is None
Warning: Cooling loop sensor PixelBarrel_BmO_3M_L1D1MF temperature is None
Warning: Cooling loop sensor PixelBarrel_BmO_3M_L1D1MF temperature is None
Warning: Cooling loop sensor PixelBarrel_BmO_3R_L1D1MF temperature is None
Warning: Cooling loop sensor PixelBarrel_BmO_3R_L1D1MF temperature is None
Warning: Cooling loop sensor PixelBarrel_BmO_3R_L1D1MF temperature is None
Warning: Cooling loop sensor PixelBarrel_BmO_2R_L3D2MF temperature is None
Warning: Cooling loop sensor PixelBarrel_BmO_2R_L3D2MF temperature is None
Warning: Cooling loop sensor PixelBarrel_BmO_2R_L3D2MF temperature is None
Warning: Cooling loop sensor PixelBarrel_BmO_2M_L3D2MF temperature is None
Warning: Cooling loop sensor PixelBarrel_BmO_2M_L3D2MF temperature is None
Warning: Cooling loop sensor PixelBarrel_BmO_2M_L3D2MF temperature is None
Warning: Cooling loop sensor PixelBarrel_BmO_2I_L3D2MF temperature is None
Warning: Cooling loop sensor PixelBarrel_BmO_2I_L3D2MF temperature is None
Warning: Cooling loop sensor PixelBarrel_BmO_2I_L3D2MF temperature is None
Warning: Cooling loop sensor PixelBarrel_BmO_1I_L4D1MF temperature is None
Warning: Cooling loop sensor PixelBarrel_BmO_1I_L4D1MF temperature is None
Warning: Cooling loop sensor PixelBarrel_BmO_1I_L4D1MF temperature is None
Warning: Cooling loop sensor PixelBarrel_BmO_1M_L4D1MF temperature is None
Warning: Cooling loop sensor PixelBarrel_BmO_1M_L4D1MF temperature is None
Warning: Cooling loop sensor PixelBarrel_BmO_1M_L4D1MF temperature is None
Warning: Cooling loop sensor PixelBarrel_BmO_1R_L4D1MF temperature is None
Warning: Cooling loop sensor PixelBarrel_BmO_1R_L4D1MF temperature is None
Warning: Cooling loop sensor PixelBarrel_BpI_1R_L4D1PN temperature is None
Warning: Cooling loop sensor PixelBarrel_BpO_3R_L2D1PF temperature is None
Warning: Cooling loop sensor PixelBarrel_BpO_3R_L2D1PF temperature is None
Warning: Cooling loop sensor PixelBarrel_BpO_3R_L2D1PF temperature is None
Warning: Cooling loop sensor PixelBarrel_BmI_1R_L4D2MN temperature is None
Warning: Cooling loop sensor PixelBarrel_BmI_1R_L4D2MN temperature is None
Warning: Cooling loop sensor PixelBarrel_BmI_1R_L4D2MN temperature is None
Warning: Cooling loop sensor PixelBarrel_BmI_2I_L3D1MN temperature is None
Warning: Cooling loop sensor PixelBarrel_BmI_2I_L3D1MN temperature is None
Warning: Cooling loop sensor PixelBarrel_BmI_2I_L3D1MN temperature is None
Warning: Cooling loop sensor PixelBarrel_BmI_2R_L3D1MN temperature is None
Warning: Cooling loop sensor PixelBarrel_BmI_2R_L3D1MN temperature is None
Warning: Cooling loop sensor PixelBarrel_BmI_2R_L3D1MN temperature is None
Warning: Cooling loop sensor PixelBarrel_BmI_3I_L2D1MN temperature is None
Warning: Cooling loop sensor PixelBarrel_BmI_3I_L2D1MN temperature is None
Warning: Cooling loop sensor PixelBarrel_BmI_3I_L2D1MN temperature is None
Warning: Cooling loop sensor PixelBarrel_BmI_3M_L2D1MN temperature is None
Warning: Cooling loop sensor PixelBarrel_BmI_3M_L2D1MN temperature is None
Warning: Cooling loop sensor PixelBarrel_BmI_3M_L2D1MN temperature is None
Warning: Cooling loop sensor PixelBarrel_BmI_3R_L2D1MN temperature is None
Warning: Cooling loop sensor PixelBarrel_BmI_3R_L2D1MN temperature is None
Warning: Cooling loop sensor PixelBarrel_BmI_3R_L2D1MN temperature is None
Warning: Cooling loop sensor PixelBarrel_BmO_6I_L4D3MF temperature is None
Warning: Cooling loop sensor PixelBarrel_BmO_6I_L4D3MF temperature is None
Warning: Cooling loop sensor PixelBarrel_BmO_6I_L4D3MF temperature is None
Warning: Cooling loop sensor PixelBarrel_BmO_6M_L4D3MF temperature is None
Warning: Cooling loop sensor PixelBarrel_BmO_6M_L4D3MF temperature is None
Warning: Cooling loop sensor PixelBarrel_BmO_6M_L4D3MF temperature is None
Warning: Cooling loop sensor PixelBarrel_BmO_6R_L4D3MF temperature is None
Warning: Cooling loop sensor PixelBarrel_BmO_6R_L4D3MF temperature is None
Warning: Cooling loop sensor PixelBarrel_BmO_6R_L4D3MF temperature is None
Warning: Cooling loop sensor PixelBarrel_BmO_5I_L3D4MF temperature is None
Warning: Cooling loop sensor PixelBarrel_BmO_5I_L3D4MF temperature is None
Warning: Cooling loop sensor PixelBarrel_BmO_5I_L3D4MF temperature is None
Warning: Cooling loop sensor PixelBarrel_BmO_5M_L3D4MF temperature is None
Warning: Cooling loop sensor PixelBarrel_BmO_5M_L3D4MF temperature is None
Warning: Cooling loop sensor PixelBarrel_BmO_5M_L3D4MF temperature is None
Warning: Cooling loop sensor PixelBarrel_BmO_5R_L3D4MF temperature is None
Warning: Cooling loop sensor PixelBarrel_BmO_5R_L3D4MF temperature is None
Warning: Cooling loop sensor PixelBarrel_BmO_5R_L3D4MF temperature is None
Warning: Cooling loop sensor PixelBarrel_BmO_4I_L2D2MF temperature is None
Warning: Cooling loop sensor PixelBarrel_BmO_4I_L2D2MF temperature is None
Warning: Cooling loop sensor PixelBarrel_BmO_4I_L2D2MF temperature is None
Warning: Cooling loop sensor PixelBarrel_BmO_4M_L2D2MF temperature is None
Warning: Cooling loop sensor PixelBarrel_BmO_4M_L2D2MF temperature is None
Warning: Cooling loop sensor PixelBarrel_BmO_4M_L2D2MF temperature is None
Warning: Cooling loop sensor PixelBarrel_BmO_4R_L2D2MF temperature is None
Warning: Cooling loop sensor PixelBarrel_BmO_4R_L2D2MF temperature is None
Warning: Cooling loop sensor PixelBarrel_BmO_4R_L2D2MF temperature is None
Warning: Cooling loop sensor PixelBarrel_BpI_3I_L1D1PN temperature is None
Warning: Cooling loop sensor PixelBarrel_BpI_3I_L1D1PN temperature is None
Warning: Cooling loop sensor PixelBarrel_BpI_3I_L1D1PN temperature is None
Warning: Cooling loop sensor PixelBarrel_BpI_3R_L1D1PN temperature is None
Warning: Cooling loop sensor PixelBarrel_BpI_3R_L1D1PN temperature is None
Warning: Cooling loop sensor PixelBarrel_BpI_3R_L1D1PN temperature is None
Warning: Cooling loop sensor PixelBarrel_BpI_2I_L3D2PN temperature is None
Warning: Cooling loop sensor PixelBarrel_BpI_2I_L3D2PN temperature is None
Warning: Cooling loop sensor PixelBarrel_BpI_2I_L3D2PN temperature is None
Warning: Cooling loop sensor PixelBarrel_BpI_2M_L3D2PN temperature is None
Warning: Cooling loop sensor PixelBarrel_BpI_2M_L3D2PN temperature is None
Warning: Cooling loop sensor PixelBarrel_BpI_2M_L3D2PN temperature is None
Warning: Cooling loop sensor PixelBarrel_BpI_2R_L3D2PN temperature is None
Warning: Cooling loop sensor PixelBarrel_BpI_2R_L3D2PN temperature is None
Warning: Cooling loop sensor PixelBarrel_BpI_2R_L3D2PN temperature is None
Warning: Cooling loop sensor PixelBarrel_BpI_1I_L4D1PN temperature is None
Warning: Cooling loop sensor PixelBarrel_BpI_1I_L4D1PN temperature is None
Warning: Cooling loop sensor PixelBarrel_BpI_1I_L4D1PN temperature is None
Warning: Cooling loop sensor PixelBarrel_BpI_1M_L4D1PN temperature is None
Warning: Cooling loop sensor PixelBarrel_BpI_1M_L4D1PN temperature is None
Warning: Cooling loop sensor PixelBarrel_BpI_1M_L4D1PN temperature is None
Warning: Cooling loop sensor PixelBarrel_BpO_4I_L1D2PF temperature is None
Warning: Cooling loop sensor PixelBarrel_BpO_4I_L1D2PF temperature is None
Warning: Cooling loop sensor PixelBarrel_BpO_4I_L1D2PF temperature is None
Warning: Cooling loop sensor PixelBarrel_BpO_4R_L1D2PF temperature is None
Warning: Cooling loop sensor PixelBarrel_BpO_4R_L1D2PF temperature is None
Warning: Cooling loop sensor PixelBarrel_BpO_4R_L1D2PF temperature is None
Warning: Cooling loop sensor PixelBarrel_BpO_5I_L3D3PF temperature is None
Warning: Cooling loop sensor PixelBarrel_BpO_5I_L3D3PF temperature is None
Warning: Cooling loop sensor PixelBarrel_BpO_5I_L3D3PF temperature is None
Warning: Cooling loop sensor PixelBarrel_BpO_5M_L3D3PF temperature is None
Warning: Cooling loop sensor PixelBarrel_BpO_5M_L3D3PF temperature is None
Warning: Cooling loop sensor PixelBarrel_BpO_5M_L3D3PF temperature is None
Warning: Cooling loop sensor PixelBarrel_BpO_5R_L3D3PF temperature is None
Warning: Cooling loop sensor PixelBarrel_BpO_5R_L3D3PF temperature is None
Warning: Cooling loop sensor PixelBarrel_BpO_5R_L3D3PF temperature is None
Warning: Cooling loop sensor PixelBarrel_BpO_6I_L4D4PF temperature is None
Warning: Cooling loop sensor PixelBarrel_BpO_6I_L4D4PF temperature is None
Warning: Cooling loop sensor PixelBarrel_BpO_6I_L4D4PF temperature is None
Warning: Cooling loop sensor PixelBarrel_BpO_6M_L4D4PF temperature is None
Warning: Cooling loop sensor PixelBarrel_BpO_6M_L4D4PF temperature is None
Warning: Cooling loop sensor PixelBarrel_BpO_6M_L4D4PF temperature is None
Warning: Cooling loop sensor PixelBarrel_BpI_6I_L4D3PN temperature is None
Warning: Cooling loop sensor PixelBarrel_BmI_1M_L4D2MN temperature is None
Warning: Cooling loop sensor PixelBarrel_BpI_6I_L4D3PN temperature is None
Warning: Cooling loop sensor PixelBarrel_BpI_6M_L4D3PN temperature is None
Warning: Cooling loop sensor PixelBarrel_BpI_6M_L4D3PN temperature is None
Warning: Cooling loop sensor PixelBarrel_BpI_6M_L4D3PN temperature is None
Warning: Cooling loop sensor PixelBarrel_BpI_6R_L4D3PN temperature is None
Warning: Cooling loop sensor PixelBarrel_BpI_6R_L4D3PN temperature is None
Warning: Cooling loop sensor PixelBarrel_BpI_6R_L4D3PN temperature is None
Warning: Cooling loop sensor PixelBarrel_BpI_5I_L3D4PN temperature is None
Warning: Cooling loop sensor PixelBarrel_BpI_5I_L3D4PN temperature is None
Warning: Cooling loop sensor PixelBarrel_BpI_5I_L3D4PN temperature is None
Warning: Cooling loop sensor PixelBarrel_BpI_5M_L3D4PN temperature is None
Warning: Cooling loop sensor PixelBarrel_BpI_5M_L3D4PN temperature is None
Warning: Cooling loop sensor PixelBarrel_BpI_5M_L3D4PN temperature is None
Warning: Cooling loop sensor PixelBarrel_BpI_5R_L3D4PN temperature is None
Warning: Cooling loop sensor PixelBarrel_BpI_5R_L3D4PN temperature is None
Warning: Cooling loop sensor PixelBarrel_BpI_5R_L3D4PN temperature is None
Warning: Cooling loop sensor PixelBarrel_BpI_4I_L2D2PN temperature is None
Warning: Cooling loop sensor PixelBarrel_BpI_4I_L2D2PN temperature is None
Warning: Cooling loop sensor PixelBarrel_BpI_4I_L2D2PN temperature is None
Warning: Cooling loop sensor PixelBarrel_BpI_4M_L2D2PN temperature is None
Warning: Cooling loop sensor PixelBarrel_BpI_4M_L2D2PN temperature is None
Warning: Cooling loop sensor PixelBarrel_BpI_4M_L2D2PN temperature is None
Warning: Cooling loop sensor PixelBarrel_BpI_4R_L2D2PN temperature is None
Warning: Cooling loop sensor PixelBarrel_BpI_4R_L2D2PN temperature is None
Warning: Cooling loop sensor PixelBarrel_BpI_4R_L2D2PN temperature is None
Warning: Cooling loop sensor PixelBarrel_BpO_1I_L4D2PF temperature is None
Warning: Cooling loop sensor PixelBarrel_BpO_1I_L4D2PF temperature is None
Warning: Cooling loop sensor PixelBarrel_BpO_1I_L4D2PF temperature is None
Warning: Cooling loop sensor PixelBarrel_BpO_1M_L4D2PF temperature is None
Warning: Cooling loop sensor PixelBarrel_BpO_1M_L4D2PF temperature is None
Warning: Cooling loop sensor PixelBarrel_BpO_1M_L4D2PF temperature is None
Warning: Cooling loop sensor PixelBarrel_BpO_1R_L4D2PF temperature is None
Warning: Cooling loop sensor PixelBarrel_BpO_1R_L4D2PF temperature is None
Warning: Cooling loop sensor PixelBarrel_BpO_1R_L4D2PF temperature is None
Warning: Cooling loop sensor PixelBarrel_BpO_2I_L3D1PF temperature is None
Warning: Cooling loop sensor PixelBarrel_BpO_2I_L3D1PF temperature is None
Warning: Cooling loop sensor PixelBarrel_BpO_2I_L3D1PF temperature is None
Warning: Cooling loop sensor PixelBarrel_BpO_2M_L3D1PF temperature is None
Warning: Cooling loop sensor PixelBarrel_BpO_2M_L3D1PF temperature is None
Warning: Cooling loop sensor PixelBarrel_BpO_2M_L3D1PF temperature is None
Warning: Cooling loop sensor PixelBarrel_BpO_2R_L3D1PF temperature is None
Warning: Cooling loop sensor PixelBarrel_BpO_2R_L3D1PF temperature is None
Warning: Cooling loop sensor PixelBarrel_BpO_2R_L3D1PF temperature is None
Warning: Cooling loop sensor PixelBarrel_BpO_3I_L2D1PF temperature is None
Warning: Cooling loop sensor PixelBarrel_BpO_3I_L2D1PF temperature is None
Warning: Cooling loop sensor PixelBarrel_BpO_3I_L2D1PF temperature is None
Warning: Cooling loop sensor PixelBarrel_BpO_3M_L2D1PF temperature is None
Warning: Cooling loop sensor PixelBarrel_BpO_3M_L2D1PF temperature is None
Warning: Cooling loop sensor PixelBarrel_BpO_3M_L2D1PF temperature is None
Warning: Cooling loop sensor PixelBarrel_BmI_1I_L4D2MN temperature is None
Warning: Cooling loop sensor PixelBarrel_BmI_1I_L4D2MN temperature is None
Warning: Cooling loop sensor PixelBarrel_BmI_1I_L4D2MN temperature is None
Warning: Cooling loop sensor PixelBarrel_BmI_1M_L4D2MN temperature is None
Warning: Cooling loop sensor PixelBarrel_BmI_1M_L4D2MN temperature is None
Warning: Cooling loop sensor PixelBarrel_BpI_6I_L4D3PN temperature is None
Warning: Cooling loop sensor PixelBarrel_BmO_4R_L2D2MF temperature is None
Warning: Cooling loop sensor PixelBarrel_BmO_6I_L4D3MF temperature is None
Warning: Cooling loop sensor PixelBarrel_BmO_4M_L2D2MF temperature is None
Warning: Cooling loop sensor PixelBarrel_BmO_6R_L4D3MF temperature is None
Warning: Cooling loop sensor PixelBarrel_BmO_4I_L2D2MF temperature is None
Warning: Cooling loop sensor PixelBarrel_BmO_6M_L4D3MF temperature is None
Warning: Cooling loop sensor PixelBarrel_BmI_3I_L2D1MN temperature is None
Warning: Cooling loop sensor PixelBarrel_BmI_1R_L4D2MN temperature is None
Warning: Cooling loop sensor PixelBarrel_BmI_3R_L2D1MN temperature is None
Warning: Cooling loop sensor PixelBarrel_BmI_3M_L2D1MN temperature is None
Warning: Cooling loop sensor PixelBarrel_BpI_6M_L4D3PN temperature is None
Warning: Cooling loop sensor PixelBarrel_BpI_6R_L4D3PN temperature is None
Warning: Cooling loop sensor PixelBarrel_BpI_4I_L2D2PN temperature is None
Warning: Cooling loop sensor PixelBarrel_BpI_4M_L2D2PN temperature is None
Warning: Cooling loop sensor PixelBarrel_BpI_4R_L2D2PN temperature is None
Warning: Cooling loop sensor PixelBarrel_BpO_1I_L4D2PF temperature is None
Warning: Cooling loop sensor PixelBarrel_BpO_1M_L4D2PF temperature is None
Warning: Cooling loop sensor PixelBarrel_BpO_1R_L4D2PF temperature is None
Warning: Cooling loop sensor PixelBarrel_BpO_3I_L2D1PF temperature is None
Warning: Cooling loop sensor PixelBarrel_BpI_6I_L4D3PN temperature is None
Warning: Cooling loop sensor PixelBarrel_BmI_1M_L4D2MN temperature is None
Warning: Cooling loop sensor PixelBarrel_BpO_3M_L2D1PF temperature is None
Warning: Cooling loop sensor PixelBarrel_BpO_3R_L2D1PF temperature is None
Warning: Cooling loop sensor PixelBarrel_BmI_1I_L4D2MN temperature is None
Warning: Cooling loop sensor PixelBarrel_BmI_5I_L3D3MN temperature is None
Warning: Cooling loop sensor PixelBarrel_BmI_5M_L3D3MN temperature is None
Warning: Cooling loop sensor PixelBarrel_BmI_5I_L3D3MN temperature is None
Warning: Cooling loop sensor PixelBarrel_BmI_6R_L4D4MN temperature is None
Warning: Cooling loop sensor PixelBarrel_BmI_6R_L4D4MN temperature is None
Warning: Cooling loop sensor PixelBarrel_BmI_6R_L4D4MN temperature is None
Warning: Cooling loop sensor PixelBarrel_BmI_6M_L4D4MN temperature is None
Warning: Cooling loop sensor PixelBarrel_BmI_6M_L4D4MN temperature is None
Warning: Cooling loop sensor PixelBarrel_BmI_6M_L4D4MN temperature is None
Warning: Cooling loop sensor PixelBarrel_BmI_6I_L4D4MN temperature is None
Warning: Cooling loop sensor PixelBarrel_BmI_6I_L4D4MN temperature is None
Warning: Cooling loop sensor PixelBarrel_BmI_6I_L4D4MN temperature is None
Warning: Cooling loop sensor PixelBarrel_BmO_3I_L1D1MF temperature is None
Warning: Cooling loop sensor PixelBarrel_BmO_3I_L1D1MF temperature is None
Warning: Cooling loop sensor PixelBarrel_BmO_3I_L1D1MF temperature is None
Warning: Cooling loop sensor PixelBarrel_BmO_3M_L1D1MF temperature is None
Warning: Cooling loop sensor PixelBarrel_BmO_3M_L1D1MF temperature is None
Warning: Cooling loop sensor PixelBarrel_BmO_3M_L1D1MF temperature is None
Warning: Cooling loop sensor PixelBarrel_BmO_3R_L1D1MF temperature is None
Warning: Cooling loop sensor PixelBarrel_BmO_3R_L1D1MF temperature is None
Warning: Cooling loop sensor PixelBarrel_BmO_3R_L1D1MF temperature is None
Warning: Cooling loop sensor PixelBarrel_BmO_2R_L3D2MF temperature is None
Warning: Cooling loop sensor PixelBarrel_BmO_2R_L3D2MF temperature is None
Warning: Cooling loop sensor PixelBarrel_BmO_2R_L3D2MF temperature is None
Warning: Cooling loop sensor PixelBarrel_BmO_2M_L3D2MF temperature is None
Warning: Cooling loop sensor PixelBarrel_BmO_2M_L3D2MF temperature is None
Warning: Cooling loop sensor PixelBarrel_BmO_2M_L3D2MF temperature is None
Warning: Cooling loop sensor PixelBarrel_BmO_2I_L3D2MF temperature is None
Warning: Cooling loop sensor PixelBarrel_BmO_2I_L3D2MF temperature is None
Warning: Cooling loop sensor PixelBarrel_BmO_2I_L3D2MF temperature is None
Warning: Cooling loop sensor PixelBarrel_BmO_1I_L4D1MF temperature is None
Warning: Cooling loop sensor PixelBarrel_BmO_1I_L4D1MF temperature is None
Warning: Cooling loop sensor PixelBarrel_BmO_1I_L4D1MF temperature is None
Warning: Cooling loop sensor PixelBarrel_BmO_1M_L4D1MF temperature is None
Warning: Cooling loop sensor PixelBarrel_BmO_1M_L4D1MF temperature is None
Warning: Cooling loop sensor PixelBarrel_BmO_1M_L4D1MF temperature is None
Warning: Cooling loop sensor PixelBarrel_BmO_1R_L4D1MF temperature is None
Warning: Cooling loop sensor PixelBarrel_BmO_1R_L4D1MF temperature is None
Warning: Cooling loop sensor PixelBarrel_BmO_1R_L4D1MF temperature is None
Warning: Cooling loop sensor PixelBarrel_BpI_1R_L4D1PN temperature is None
Warning: Cooling loop sensor PixelBarrel_BpI_1R_L4D1PN temperature is None
Warning: Cooling loop sensor PixelBarrel_BpI_1R_L4D1PN temperature is None
Warning: Cooling loop sensor PixelBarrel_BpO_6R_L4D4PF temperature is None
Warning: Cooling loop sensor PixelBarrel_BpO_6R_L4D4PF temperature is None
Warning: Cooling loop sensor PixelBarrel_BpO_6R_L4D4PF temperature is None
Warning: Cooling loop sensor PixelBarrel_BmI_4R_L1D2MN temperature is None
Warning: Cooling loop sensor PixelBarrel_BmI_4R_L1D2MN temperature is None
Warning: Cooling loop sensor PixelBarrel_BmI_4R_L1D2MN temperature is None
Warning: Cooling loop sensor PixelBarrel_BmI_4M_L1D2MN temperature is None
Warning: Cooling loop sensor PixelBarrel_BmI_4M_L1D2MN temperature is None
Warning: Cooling loop sensor PixelBarrel_BmI_4M_L1D2MN temperature is None
Warning: Cooling loop sensor PixelBarrel_BmI_4I_L1D2MN temperature is None
Warning: Cooling loop sensor PixelBarrel_BmI_4I_L1D2MN temperature is None
Warning: Cooling loop sensor PixelBarrel_BmI_4I_L1D2MN temperature is None
Warning: Cooling loop sensor PixelBarrel_BmI_5R_L3D3MN temperature is None
Warning: Cooling loop sensor PixelBarrel_BmI_5R_L3D3MN temperature is None
Warning: Cooling loop sensor PixelBarrel_BmI_5R_L3D3MN temperature is None
Warning: Cooling loop sensor PixelBarrel_BmI_5M_L3D3MN temperature is None
Warning: Cooling loop sensor PixelBarrel_BmI_5M_L3D3MN temperature is None
Warning: Cooling loop sensor PixelBarrel_BmI_5I_L3D3MN temperature is None
Warning: Cooling loop sensor PixelBarrel_BpI_3I_L1D1PN temperature is None
Warning: Cooling loop sensor PixelBarrel_BpI_3I_L1D1PN temperature is None
Warning: Cooling loop sensor PixelBarrel_BpI_3I_L1D1PN temperature is None
Warning: Cooling loop sensor PixelBarrel_BpI_3R_L1D1PN temperature is None
Warning: Cooling loop sensor PixelBarrel_BpI_3R_L1D1PN temperature is None
Warning: Cooling loop sensor PixelBarrel_BpI_3R_L1D1PN temperature is None
Warning: Cooling loop sensor PixelBarrel_BpI_2I_L3D2PN temperature is None
Warning: Cooling loop sensor PixelBarrel_BpI_2I_L3D2PN temperature is None
Warning: Cooling loop sensor PixelBarrel_BpI_2I_L3D2PN temperature is None
Warning: Cooling loop sensor PixelBarrel_BpI_2M_L3D2PN temperature is None
Warning: Cooling loop sensor PixelBarrel_BpI_2M_L3D2PN temperature is None
Warning: Cooling loop sensor PixelBarrel_BpI_2M_L3D2PN temperature is None
Warning: Cooling loop sensor PixelBarrel_BpI_2R_L3D2PN temperature is None
Warning: Cooling loop sensor PixelBarrel_BpI_2R_L3D2PN temperature is None
Warning: Cooling loop sensor PixelBarrel_BpI_2R_L3D2PN temperature is None
Warning: Cooling loop sensor PixelBarrel_BpI_1I_L4D1PN temperature is None
Warning: Cooling loop sensor PixelBarrel_BpI_1I_L4D1PN temperature is None
Warning: Cooling loop sensor PixelBarrel_BpI_1I_L4D1PN temperature is None
Warning: Cooling loop sensor PixelBarrel_BpI_1M_L4D1PN temperature is None
Warning: Cooling loop sensor PixelBarrel_BpI_1M_L4D1PN temperature is None
Warning: Cooling loop sensor PixelBarrel_BpI_1M_L4D1PN temperature is None
Warning: Cooling loop sensor PixelBarrel_BpO_4I_L1D2PF temperature is None
Warning: Cooling loop sensor PixelBarrel_BpO_4I_L1D2PF temperature is None
Warning: Cooling loop sensor PixelBarrel_BpO_4I_L1D2PF temperature is None
Warning: Cooling loop sensor PixelBarrel_BpO_4R_L1D2PF temperature is None
Warning: Cooling loop sensor PixelBarrel_BpO_4R_L1D2PF temperature is None
Warning: Cooling loop sensor PixelBarrel_BpO_4R_L1D2PF temperature is None
Warning: Cooling loop sensor PixelBarrel_BpO_5I_L3D3PF temperature is None
Warning: Cooling loop sensor PixelBarrel_BpO_5I_L3D3PF temperature is None
Warning: Cooling loop sensor PixelBarrel_BpO_5I_L3D3PF temperature is None
Warning: Cooling loop sensor PixelBarrel_BpO_5M_L3D3PF temperature is None
Warning: Cooling loop sensor PixelBarrel_BpO_5M_L3D3PF temperature is None
Warning: Cooling loop sensor PixelBarrel_BpO_5M_L3D3PF temperature is None
Warning: Cooling loop sensor PixelBarrel_BpO_5R_L3D3PF temperature is None
Warning: Cooling loop sensor PixelBarrel_BpO_5R_L3D3PF temperature is None
Warning: Cooling loop sensor PixelBarrel_BpO_5R_L3D3PF temperature is None
Warning: Cooling loop sensor PixelBarrel_BpO_6I_L4D4PF temperature is None
Warning: Cooling loop sensor PixelBarrel_BpO_6I_L4D4PF temperature is None
Warning: Cooling loop sensor PixelBarrel_BpO_6I_L4D4PF temperature is None
Warning: Cooling loop sensor PixelBarrel_BpO_6M_L4D4PF temperature is None
Warning: Cooling loop sensor PixelBarrel_BpO_6M_L4D4PF temperature is None
Warning: Cooling loop sensor PixelBarrel_BpO_6M_L4D4PF temperature is None
Warning: Cooling loop sensor PixelBarrel_BpO_3R_L2D1PF temperature is None
Warning: Cooling loop sensor PixelBarrel_BmI_1R_L4D2MN temperature is None
Warning: Cooling loop sensor PixelBarrel_BmI_1R_L4D2MN temperature is None
Warning: Cooling loop sensor PixelBarrel_BmI_1R_L4D2MN temperature is None
Warning: Cooling loop sensor PixelBarrel_BmI_2I_L3D1MN temperature is None
Warning: Cooling loop sensor PixelBarrel_BmI_2I_L3D1MN temperature is None
Warning: Cooling loop sensor PixelBarrel_BmI_2I_L3D1MN temperature is None
Warning: Cooling loop sensor PixelBarrel_BmI_2R_L3D1MN temperature is None
Warning: Cooling loop sensor PixelBarrel_BmI_2R_L3D1MN temperature is None
Warning: Cooling loop sensor PixelBarrel_BmI_2R_L3D1MN temperature is None
Warning: Cooling loop sensor PixelBarrel_BmI_3I_L2D1MN temperature is None
Warning: Cooling loop sensor PixelBarrel_BmI_3I_L2D1MN temperature is None
Warning: Cooling loop sensor PixelBarrel_BmI_3I_L2D1MN temperature is None
Warning: Cooling loop sensor PixelBarrel_BmI_3M_L2D1MN temperature is None
Warning: Cooling loop sensor PixelBarrel_BmI_3M_L2D1MN temperature is None
Warning: Cooling loop sensor PixelBarrel_BmI_3M_L2D1MN temperature is None
Warning: Cooling loop sensor PixelBarrel_BmI_3R_L2D1MN temperature is None
Warning: Cooling loop sensor PixelBarrel_BmI_3R_L2D1MN temperature is None
Warning: Cooling loop sensor PixelBarrel_BmI_3R_L2D1MN temperature is None
Warning: Cooling loop sensor PixelBarrel_BmO_6I_L4D3MF temperature is None
Warning: Cooling loop sensor PixelBarrel_BmO_6I_L4D3MF temperature is None
Warning: Cooling loop sensor PixelBarrel_BmO_6I_L4D3MF temperature is None
Warning: Cooling loop sensor PixelBarrel_BmO_6M_L4D3MF temperature is None
Warning: Cooling loop sensor PixelBarrel_BmO_6M_L4D3MF temperature is None
Warning: Cooling loop sensor PixelBarrel_BmO_6M_L4D3MF temperature is None
Warning: Cooling loop sensor PixelBarrel_BmO_6R_L4D3MF temperature is None
Warning: Cooling loop sensor PixelBarrel_BmO_6R_L4D3MF temperature is None
Warning: Cooling loop sensor PixelBarrel_BmO_6R_L4D3MF temperature is None
Warning: Cooling loop sensor PixelBarrel_BmO_5I_L3D4MF temperature is None
Warning: Cooling loop sensor PixelBarrel_BmO_5I_L3D4MF temperature is None
Warning: Cooling loop sensor PixelBarrel_BmO_5I_L3D4MF temperature is None
Warning: Cooling loop sensor PixelBarrel_BmO_5M_L3D4MF temperature is None
Warning: Cooling loop sensor PixelBarrel_BmO_5M_L3D4MF temperature is None
Warning: Cooling loop sensor PixelBarrel_BmO_5M_L3D4MF temperature is None
Warning: Cooling loop sensor PixelBarrel_BmO_5R_L3D4MF temperature is None
Warning: Cooling loop sensor PixelBarrel_BmO_5R_L3D4MF temperature is None
Warning: Cooling loop sensor PixelBarrel_BmO_5R_L3D4MF temperature is None
Warning: Cooling loop sensor PixelBarrel_BmO_4I_L2D2MF temperature is None
Warning: Cooling loop sensor PixelBarrel_BmO_4I_L2D2MF temperature is None
Warning: Cooling loop sensor PixelBarrel_BmO_4I_L2D2MF temperature is None
Warning: Cooling loop sensor PixelBarrel_BmO_4M_L2D2MF temperature is None
Warning: Cooling loop sensor PixelBarrel_BmO_4M_L2D2MF temperature is None
Warning: Cooling loop sensor PixelBarrel_BmO_4M_L2D2MF temperature is None
Warning: Cooling loop sensor PixelBarrel_BmO_4R_L2D2MF temperature is None
Warning: Cooling loop sensor PixelBarrel_BmO_4R_L2D2MF temperature is None
Warning: Cooling loop sensor PixelBarrel_BmO_4R_L2D2MF temperature is None
Warning: Cooling loop sensor PixelBarrel_BpO_3R_L2D1PF temperature is None
Warning: Cooling loop sensor PixelBarrel_BpO_3R_L2D1PF temperature is None
Warning: Cooling loop sensor PixelBarrel_BmI_1I_L4D2MN temperature is None
Warning: Cooling loop sensor PixelBarrel_BpO_3M_L2D1PF temperature is None
Warning: Cooling loop sensor PixelBarrel_BmI_1I_L4D2MN temperature is None
Warning: Cooling loop sensor PixelBarrel_BmI_1M_L4D2MN temperature is None
Warning: Cooling loop sensor PixelBarrel_BmI_1M_L4D2MN temperature is None
Warning: Cooling loop sensor PixelBarrel_BmI_1M_L4D2MN temperature is None
Warning: Cooling loop sensor PixelBarrel_BpI_6I_L4D3PN temperature is None
Warning: Cooling loop sensor PixelBarrel_BpI_6I_L4D3PN temperature is None
Warning: Cooling loop sensor PixelBarrel_BpI_6I_L4D3PN temperature is None
Warning: Cooling loop sensor PixelBarrel_BpI_6M_L4D3PN temperature is None
Warning: Cooling loop sensor PixelBarrel_BpI_6M_L4D3PN temperature is None
Warning: Cooling loop sensor PixelBarrel_BpI_6M_L4D3PN temperature is None
Warning: Cooling loop sensor PixelBarrel_BpI_6R_L4D3PN temperature is None
Warning: Cooling loop sensor PixelBarrel_BpI_6R_L4D3PN temperature is None
Warning: Cooling loop sensor PixelBarrel_BpI_6R_L4D3PN temperature is None
Warning: Cooling loop sensor PixelBarrel_BpI_5I_L3D4PN temperature is None
Warning: Cooling loop sensor PixelBarrel_BpI_5I_L3D4PN temperature is None
Warning: Cooling loop sensor PixelBarrel_BpI_5I_L3D4PN temperature is None
Warning: Cooling loop sensor PixelBarrel_BpI_5M_L3D4PN temperature is None
Warning: Cooling loop sensor PixelBarrel_BpI_5M_L3D4PN temperature is None
Warning: Cooling loop sensor PixelBarrel_BpI_5M_L3D4PN temperature is None
Warning: Cooling loop sensor PixelBarrel_BpI_5R_L3D4PN temperature is None
Warning: Cooling loop sensor PixelBarrel_BpI_5R_L3D4PN temperature is None
Warning: Cooling loop sensor PixelBarrel_BpI_5R_L3D4PN temperature is None
Warning: Cooling loop sensor PixelBarrel_BpI_4I_L2D2PN temperature is None
Warning: Cooling loop sensor PixelBarrel_BpI_4I_L2D2PN temperature is None
Warning: Cooling loop sensor PixelBarrel_BpI_4I_L2D2PN temperature is None
Warning: Cooling loop sensor PixelBarrel_BpI_4M_L2D2PN temperature is None
Warning: Cooling loop sensor PixelBarrel_BpI_4M_L2D2PN temperature is None
Warning: Cooling loop sensor PixelBarrel_BpI_4M_L2D2PN temperature is None
Warning: Cooling loop sensor PixelBarrel_BpI_4R_L2D2PN temperature is None
Warning: Cooling loop sensor PixelBarrel_BpI_4R_L2D2PN temperature is None
Warning: Cooling loop sensor PixelBarrel_BpI_4R_L2D2PN temperature is None
Warning: Cooling loop sensor PixelBarrel_BpO_1I_L4D2PF temperature is None
Warning: Cooling loop sensor PixelBarrel_BpO_1I_L4D2PF temperature is None
Warning: Cooling loop sensor PixelBarrel_BpO_1I_L4D2PF temperature is None
Warning: Cooling loop sensor PixelBarrel_BpO_1M_L4D2PF temperature is None
Warning: Cooling loop sensor PixelBarrel_BpO_1M_L4D2PF temperature is None
Warning: Cooling loop sensor PixelBarrel_BpO_1M_L4D2PF temperature is None
Warning: Cooling loop sensor PixelBarrel_BpO_1R_L4D2PF temperature is None
Warning: Cooling loop sensor PixelBarrel_BpO_1R_L4D2PF temperature is None
Warning: Cooling loop sensor PixelBarrel_BpO_1R_L4D2PF temperature is None
Warning: Cooling loop sensor PixelBarrel_BpO_2I_L3D1PF temperature is None
Warning: Cooling loop sensor PixelBarrel_BpO_2I_L3D1PF temperature is None
Warning: Cooling loop sensor PixelBarrel_BpO_2I_L3D1PF temperature is None
Warning: Cooling loop sensor PixelBarrel_BpO_2M_L3D1PF temperature is None
Warning: Cooling loop sensor PixelBarrel_BpO_2M_L3D1PF temperature is None
Warning: Cooling loop sensor PixelBarrel_BpO_2M_L3D1PF temperature is None
Warning: Cooling loop sensor PixelBarrel_BpO_2R_L3D1PF temperature is None
Warning: Cooling loop sensor PixelBarrel_BpO_2R_L3D1PF temperature is None
Warning: Cooling loop sensor PixelBarrel_BpO_2R_L3D1PF temperature is None
Warning: Cooling loop sensor PixelBarrel_BpO_3I_L2D1PF temperature is None
Warning: Cooling loop sensor PixelBarrel_BpO_3I_L2D1PF temperature is None
Warning: Cooling loop sensor PixelBarrel_BpO_3I_L2D1PF temperature is None
Warning: Cooling loop sensor PixelBarrel_BpO_3M_L2D1PF temperature is None
Warning: Cooling loop sensor PixelBarrel_BpO_3M_L2D1PF temperature is None
Warning: Cooling loop sensor PixelBarrel_BmI_1I_L4D2MN temperature is None
6217	1505382221	3600		258.52		   4825697		-999.00
Warning: Cooling loop sensor PixelBarrel_BmO_6I_L4D3MF temperature is None
Warning: Cooling loop sensor PixelBarrel_BmO_6M_L4D3MF temperature is None
Warning: Cooling loop sensor PixelBarrel_BmO_4R_L2D2MF temperature is None
Warning: Cooling loop sensor PixelBarrel_BmO_4I_L2D2MF temperature is None
Warning: Cooling loop sensor PixelBarrel_BmO_4M_L2D2MF temperature is None
Warning: Cooling loop sensor PixelBarrel_BmO_6R_L4D3MF temperature is None
Warning: Cooling loop sensor PixelBarrel_BmI_3M_L2D1MN temperature is None
Warning: Cooling loop sensor PixelBarrel_BmI_3I_L2D1MN temperature is None
Warning: Cooling loop sensor PixelBarrel_BmI_1R_L4D2MN temperature is None
Warning: Cooling loop sensor PixelBarrel_BmI_3R_L2D1MN temperature is None
Warning: Cooling loop sensor PixelBarrel_BpI_4R_L2D2PN temperature is None
Warning: Cooling loop sensor PixelBarrel_BpO_1I_L4D2PF temperature is None
Warning: Cooling loop sensor PixelBarrel_BpO_1M_L4D2PF temperature is None
Warning: Cooling loop sensor PixelBarrel_BpO_1R_L4D2PF temperature is None
Warning: Cooling loop sensor PixelBarrel_BpO_3I_L2D1PF temperature is None
Warning: Cooling loop sensor PixelBarrel_BpO_3M_L2D1PF temperature is None
Warning: Cooling loop sensor PixelBarrel_BpO_3R_L2D1PF temperature is None
Warning: Cooling loop sensor PixelBarrel_BmI_1I_L4D2MN temperature is None
Warning: Cooling loop sensor PixelBarrel_BmI_1M_L4D2MN temperature is None
Warning: Cooling loop sensor PixelBarrel_BpI_4M_L2D2PN temperature is None
Warning: Cooling loop sensor PixelBarrel_BpI_4I_L2D2PN temperature is None
Warning: Cooling loop sensor PixelBarrel_BpI_6R_L4D3PN temperature is None
Warning: Cooling loop sensor PixelBarrel_BpI_6I_L4D3PN temperature is None
Warning: Cooling loop sensor PixelBarrel_BpI_6M_L4D3PN temperature is None
Warning: Cooling loop sensor PixelBarrel_BpI_1R_L4D1PN temperature is None
Warning: Cooling loop sensor PixelBarrel_BmO_1R_L4D1MF temperature is None
Warning: Cooling loop sensor PixelBarrel_BpI_1R_L4D1PN temperature is None
Warning: Cooling loop sensor PixelBarrel_BpO_6R_L4D4PF temperature is None
Warning: Cooling loop sensor PixelBarrel_BpO_6R_L4D4PF temperature is None
Warning: Cooling loop sensor PixelBarrel_BpO_6R_L4D4PF temperature is None
Warning: Cooling loop sensor PixelBarrel_BmI_4R_L1D2MN temperature is None
Warning: Cooling loop sensor PixelBarrel_BmI_4R_L1D2MN temperature is None
Warning: Cooling loop sensor PixelBarrel_BmI_4R_L1D2MN temperature is None
Warning: Cooling loop sensor PixelBarrel_BmI_4M_L1D2MN temperature is None
Warning: Cooling loop sensor PixelBarrel_BmI_4M_L1D2MN temperature is None
Warning: Cooling loop sensor PixelBarrel_BmI_4M_L1D2MN temperature is None
Warning: Cooling loop sensor PixelBarrel_BmI_4I_L1D2MN temperature is None
Warning: Cooling loop sensor PixelBarrel_BmI_4I_L1D2MN temperature is None
Warning: Cooling loop sensor PixelBarrel_BmI_4I_L1D2MN temperature is None
Warning: Cooling loop sensor PixelBarrel_BmI_5R_L3D3MN temperature is None
Warning: Cooling loop sensor PixelBarrel_BmI_5R_L3D3MN temperature is None
Warning: Cooling loop sensor PixelBarrel_BmI_5R_L3D3MN temperature is None
Warning: Cooling loop sensor PixelBarrel_BmI_5M_L3D3MN temperature is None
Warning: Cooling loop sensor PixelBarrel_BmI_5M_L3D3MN temperature is None
Warning: Cooling loop sensor PixelBarrel_BmI_5M_L3D3MN temperature is None
Warning: Cooling loop sensor PixelBarrel_BmI_5I_L3D3MN temperature is None
Warning: Cooling loop sensor PixelBarrel_BmI_5I_L3D3MN temperature is None
Warning: Cooling loop sensor PixelBarrel_BmI_5I_L3D3MN temperature is None
Warning: Cooling loop sensor PixelBarrel_BmI_6R_L4D4MN temperature is None
Warning: Cooling loop sensor PixelBarrel_BmI_6R_L4D4MN temperature is None
Warning: Cooling loop sensor PixelBarrel_BmI_6R_L4D4MN temperature is None
Warning: Cooling loop sensor PixelBarrel_BmI_6M_L4D4MN temperature is None
Warning: Cooling loop sensor PixelBarrel_BmI_6M_L4D4MN temperature is None
Warning: Cooling loop sensor PixelBarrel_BmI_6M_L4D4MN temperature is None
Warning: Cooling loop sensor PixelBarrel_BmI_6I_L4D4MN temperature is None
Warning: Cooling loop sensor PixelBarrel_BmI_6I_L4D4MN temperature is None
Warning: Cooling loop sensor PixelBarrel_BmI_6I_L4D4MN temperature is None
Warning: Cooling loop sensor PixelBarrel_BmO_3I_L1D1MF temperature is None
Warning: Cooling loop sensor PixelBarrel_BmO_3I_L1D1MF temperature is None
Warning: Cooling loop sensor PixelBarrel_BmO_3I_L1D1MF temperature is None
Warning: Cooling loop sensor PixelBarrel_BmO_3M_L1D1MF temperature is None
Warning: Cooling loop sensor PixelBarrel_BmO_3M_L1D1MF temperature is None
Warning: Cooling loop sensor PixelBarrel_BmO_3M_L1D1MF temperature is None
Warning: Cooling loop sensor PixelBarrel_BmO_3R_L1D1MF temperature is None
Warning: Cooling loop sensor PixelBarrel_BmO_3R_L1D1MF temperature is None
Warning: Cooling loop sensor PixelBarrel_BmO_3R_L1D1MF temperature is None
Warning: Cooling loop sensor PixelBarrel_BmO_2R_L3D2MF temperature is None
Warning: Cooling loop sensor PixelBarrel_BmO_2R_L3D2MF temperature is None
Warning: Cooling loop sensor PixelBarrel_BmO_2R_L3D2MF temperature is None
Warning: Cooling loop sensor PixelBarrel_BmO_2M_L3D2MF temperature is None
Warning: Cooling loop sensor PixelBarrel_BmO_2M_L3D2MF temperature is None
Warning: Cooling loop sensor PixelBarrel_BmO_2M_L3D2MF temperature is None
Warning: Cooling loop sensor PixelBarrel_BmO_2I_L3D2MF temperature is None
Warning: Cooling loop sensor PixelBarrel_BmO_2I_L3D2MF temperature is None
Warning: Cooling loop sensor PixelBarrel_BmO_2I_L3D2MF temperature is None
Warning: Cooling loop sensor PixelBarrel_BmO_1I_L4D1MF temperature is None
Warning: Cooling loop sensor PixelBarrel_BmO_1I_L4D1MF temperature is None
Warning: Cooling loop sensor PixelBarrel_BmO_1I_L4D1MF temperature is None
Warning: Cooling loop sensor PixelBarrel_BmO_1M_L4D1MF temperature is None
Warning: Cooling loop sensor PixelBarrel_BmO_1M_L4D1MF temperature is None
Warning: Cooling loop sensor PixelBarrel_BmO_1M_L4D1MF temperature is None
Warning: Cooling loop sensor PixelBarrel_BmO_1R_L4D1MF temperature is None
Warning: Cooling loop sensor PixelBarrel_BmO_1R_L4D1MF temperature is None
Warning: Cooling loop sensor PixelBarrel_BpI_1R_L4D1PN temperature is None
Warning: Cooling loop sensor PixelBarrel_BpO_3R_L2D1PF temperature is None
Warning: Cooling loop sensor PixelBarrel_BpO_3R_L2D1PF temperature is None
Warning: Cooling loop sensor PixelBarrel_BpO_3R_L2D1PF temperature is None
Warning: Cooling loop sensor PixelBarrel_BmI_1R_L4D2MN temperature is None
Warning: Cooling loop sensor PixelBarrel_BmI_1R_L4D2MN temperature is None
Warning: Cooling loop sensor PixelBarrel_BmI_1R_L4D2MN temperature is None
Warning: Cooling loop sensor PixelBarrel_BmI_2I_L3D1MN temperature is None
Warning: Cooling loop sensor PixelBarrel_BmI_2I_L3D1MN temperature is None
Warning: Cooling loop sensor PixelBarrel_BmI_2I_L3D1MN temperature is None
Warning: Cooling loop sensor PixelBarrel_BmI_2R_L3D1MN temperature is None
Warning: Cooling loop sensor PixelBarrel_BmI_2R_L3D1MN temperature is None
Warning: Cooling loop sensor PixelBarrel_BmI_2R_L3D1MN temperature is None
Warning: Cooling loop sensor PixelBarrel_BmI_3I_L2D1MN temperature is None
Warning: Cooling loop sensor PixelBarrel_BmI_3I_L2D1MN temperature is None
Warning: Cooling loop sensor PixelBarrel_BmI_3I_L2D1MN temperature is None
Warning: Cooling loop sensor PixelBarrel_BmI_3M_L2D1MN temperature is None
Warning: Cooling loop sensor PixelBarrel_BmI_3M_L2D1MN temperature is None
Warning: Cooling loop sensor PixelBarrel_BmI_3M_L2D1MN temperature is None
Warning: Cooling loop sensor PixelBarrel_BmI_3R_L2D1MN temperature is None
Warning: Cooling loop sensor PixelBarrel_BmI_3R_L2D1MN temperature is None
Warning: Cooling loop sensor PixelBarrel_BmI_3R_L2D1MN temperature is None
Warning: Cooling loop sensor PixelBarrel_BmO_6I_L4D3MF temperature is None
Warning: Cooling loop sensor PixelBarrel_BmO_6I_L4D3MF temperature is None
Warning: Cooling loop sensor PixelBarrel_BmO_6I_L4D3MF temperature is None
Warning: Cooling loop sensor PixelBarrel_BmO_6M_L4D3MF temperature is None
Warning: Cooling loop sensor PixelBarrel_BmO_6M_L4D3MF temperature is None
Warning: Cooling loop sensor PixelBarrel_BmO_6M_L4D3MF temperature is None
Warning: Cooling loop sensor PixelBarrel_BmO_6R_L4D3MF temperature is None
Warning: Cooling loop sensor PixelBarrel_BmO_6R_L4D3MF temperature is None
Warning: Cooling loop sensor PixelBarrel_BmO_6R_L4D3MF temperature is None
Warning: Cooling loop sensor PixelBarrel_BmO_5I_L3D4MF temperature is None
Warning: Cooling loop sensor PixelBarrel_BmO_5I_L3D4MF temperature is None
Warning: Cooling loop sensor PixelBarrel_BmO_5I_L3D4MF temperature is None
Warning: Cooling loop sensor PixelBarrel_BmO_5M_L3D4MF temperature is None
Warning: Cooling loop sensor PixelBarrel_BmO_5M_L3D4MF temperature is None
Warning: Cooling loop sensor PixelBarrel_BmO_5M_L3D4MF temperature is None
Warning: Cooling loop sensor PixelBarrel_BmO_5R_L3D4MF temperature is None
Warning: Cooling loop sensor PixelBarrel_BmO_5R_L3D4MF temperature is None
Warning: Cooling loop sensor PixelBarrel_BmO_5R_L3D4MF temperature is None
Warning: Cooling loop sensor PixelBarrel_BmO_4I_L2D2MF temperature is None
Warning: Cooling loop sensor PixelBarrel_BmO_4I_L2D2MF temperature is None
Warning: Cooling loop sensor PixelBarrel_BmO_4I_L2D2MF temperature is None
Warning: Cooling loop sensor PixelBarrel_BmO_4M_L2D2MF temperature is None
Warning: Cooling loop sensor PixelBarrel_BmO_4M_L2D2MF temperature is None
Warning: Cooling loop sensor PixelBarrel_BmO_4M_L2D2MF temperature is None
Warning: Cooling loop sensor PixelBarrel_BmO_4R_L2D2MF temperature is None
Warning: Cooling loop sensor PixelBarrel_BmO_4R_L2D2MF temperature is None
Warning: Cooling loop sensor PixelBarrel_BmO_4R_L2D2MF temperature is None
Warning: Cooling loop sensor PixelBarrel_BpI_3I_L1D1PN temperature is None
Warning: Cooling loop sensor PixelBarrel_BpI_3I_L1D1PN temperature is None
Warning: Cooling loop sensor PixelBarrel_BpI_3I_L1D1PN temperature is None
Warning: Cooling loop sensor PixelBarrel_BpI_3R_L1D1PN temperature is None
Warning: Cooling loop sensor PixelBarrel_BpI_3R_L1D1PN temperature is None
Warning: Cooling loop sensor PixelBarrel_BpI_3R_L1D1PN temperature is None
Warning: Cooling loop sensor PixelBarrel_BpI_2I_L3D2PN temperature is None
Warning: Cooling loop sensor PixelBarrel_BpI_2I_L3D2PN temperature is None
Warning: Cooling loop sensor PixelBarrel_BpI_2I_L3D2PN temperature is None
Warning: Cooling loop sensor PixelBarrel_BpI_2M_L3D2PN temperature is None
Warning: Cooling loop sensor PixelBarrel_BpI_2M_L3D2PN temperature is None
Warning: Cooling loop sensor PixelBarrel_BpI_2M_L3D2PN temperature is None
Warning: Cooling loop sensor PixelBarrel_BpI_2R_L3D2PN temperature is None
Warning: Cooling loop sensor PixelBarrel_BpI_2R_L3D2PN temperature is None
Warning: Cooling loop sensor PixelBarrel_BpI_2R_L3D2PN temperature is None
Warning: Cooling loop sensor PixelBarrel_BpI_1I_L4D1PN temperature is None
Warning: Cooling loop sensor PixelBarrel_BpI_1I_L4D1PN temperature is None
Warning: Cooling loop sensor PixelBarrel_BpI_1I_L4D1PN temperature is None
Warning: Cooling loop sensor PixelBarrel_BpI_1M_L4D1PN temperature is None
Warning: Cooling loop sensor PixelBarrel_BpI_1M_L4D1PN temperature is None
Warning: Cooling loop sensor PixelBarrel_BpI_1M_L4D1PN temperature is None
Warning: Cooling loop sensor PixelBarrel_BpO_4I_L1D2PF temperature is None
Warning: Cooling loop sensor PixelBarrel_BpO_4I_L1D2PF temperature is None
Warning: Cooling loop sensor PixelBarrel_BpO_4I_L1D2PF temperature is None
Warning: Cooling loop sensor PixelBarrel_BpO_4R_L1D2PF temperature is None
Warning: Cooling loop sensor PixelBarrel_BpO_4R_L1D2PF temperature is None
Warning: Cooling loop sensor PixelBarrel_BpO_4R_L1D2PF temperature is None
Warning: Cooling loop sensor PixelBarrel_BpO_5I_L3D3PF temperature is None
Warning: Cooling loop sensor PixelBarrel_BpO_5I_L3D3PF temperature is None
Warning: Cooling loop sensor PixelBarrel_BpO_5I_L3D3PF temperature is None
Warning: Cooling loop sensor PixelBarrel_BpO_5M_L3D3PF temperature is None
Warning: Cooling loop sensor PixelBarrel_BpO_5M_L3D3PF temperature is None
Warning: Cooling loop sensor PixelBarrel_BpO_5M_L3D3PF temperature is None
Warning: Cooling loop sensor PixelBarrel_BpO_5R_L3D3PF temperature is None
Warning: Cooling loop sensor PixelBarrel_BpO_5R_L3D3PF temperature is None
Warning: Cooling loop sensor PixelBarrel_BpO_5R_L3D3PF temperature is None
Warning: Cooling loop sensor PixelBarrel_BpO_6I_L4D4PF temperature is None
Warning: Cooling loop sensor PixelBarrel_BpO_6I_L4D4PF temperature is None
Warning: Cooling loop sensor PixelBarrel_BpO_6I_L4D4PF temperature is None
Warning: Cooling loop sensor PixelBarrel_BpO_6M_L4D4PF temperature is None
Warning: Cooling loop sensor PixelBarrel_BpO_6M_L4D4PF temperature is None
Warning: Cooling loop sensor PixelBarrel_BpO_6M_L4D4PF temperature is None
Warning: Cooling loop sensor PixelBarrel_BpI_6I_L4D3PN temperature is None
Warning: Cooling loop sensor PixelBarrel_BmI_1M_L4D2MN temperature is None
Warning: Cooling loop sensor PixelBarrel_BpI_6I_L4D3PN temperature is None
Warning: Cooling loop sensor PixelBarrel_BpI_6M_L4D3PN temperature is None
Warning: Cooling loop sensor PixelBarrel_BpI_6M_L4D3PN temperature is None
Warning: Cooling loop sensor PixelBarrel_BpI_6M_L4D3PN temperature is None
Warning: Cooling loop sensor PixelBarrel_BpI_6R_L4D3PN temperature is None
Warning: Cooling loop sensor PixelBarrel_BpI_6R_L4D3PN temperature is None
Warning: Cooling loop sensor PixelBarrel_BpI_6R_L4D3PN temperature is None
Warning: Cooling loop sensor PixelBarrel_BpI_5I_L3D4PN temperature is None
Warning: Cooling loop sensor PixelBarrel_BpI_5I_L3D4PN temperature is None
Warning: Cooling loop sensor PixelBarrel_BpI_5I_L3D4PN temperature is None
Warning: Cooling loop sensor PixelBarrel_BpI_5M_L3D4PN temperature is None
Warning: Cooling loop sensor PixelBarrel_BpI_5M_L3D4PN temperature is None
Warning: Cooling loop sensor PixelBarrel_BpI_5M_L3D4PN temperature is None
Warning: Cooling loop sensor PixelBarrel_BpI_5R_L3D4PN temperature is None
Warning: Cooling loop sensor PixelBarrel_BpI_5R_L3D4PN temperature is None
Warning: Cooling loop sensor PixelBarrel_BpI_5R_L3D4PN temperature is None
Warning: Cooling loop sensor PixelBarrel_BpI_4I_L2D2PN temperature is None
Warning: Cooling loop sensor PixelBarrel_BpI_4I_L2D2PN temperature is None
Warning: Cooling loop sensor PixelBarrel_BpI_4I_L2D2PN temperature is None
Warning: Cooling loop sensor PixelBarrel_BpI_4M_L2D2PN temperature is None
Warning: Cooling loop sensor PixelBarrel_BpI_4M_L2D2PN temperature is None
Warning: Cooling loop sensor PixelBarrel_BpI_4M_L2D2PN temperature is None
Warning: Cooling loop sensor PixelBarrel_BpI_4R_L2D2PN temperature is None
Warning: Cooling loop sensor PixelBarrel_BpI_4R_L2D2PN temperature is None
Warning: Cooling loop sensor PixelBarrel_BpI_4R_L2D2PN temperature is None
Warning: Cooling loop sensor PixelBarrel_BpO_1I_L4D2PF temperature is None
Warning: Cooling loop sensor PixelBarrel_BpO_1I_L4D2PF temperature is None
Warning: Cooling loop sensor PixelBarrel_BpO_1I_L4D2PF temperature is None
Warning: Cooling loop sensor PixelBarrel_BpO_1M_L4D2PF temperature is None
Warning: Cooling loop sensor PixelBarrel_BpO_1M_L4D2PF temperature is None
Warning: Cooling loop sensor PixelBarrel_BpO_1M_L4D2PF temperature is None
Warning: Cooling loop sensor PixelBarrel_BpO_1R_L4D2PF temperature is None
Warning: Cooling loop sensor PixelBarrel_BpO_1R_L4D2PF temperature is None
Warning: Cooling loop sensor PixelBarrel_BpO_1R_L4D2PF temperature is None
Warning: Cooling loop sensor PixelBarrel_BpO_2I_L3D1PF temperature is None
Warning: Cooling loop sensor PixelBarrel_BpO_2I_L3D1PF temperature is None
Warning: Cooling loop sensor PixelBarrel_BpO_2I_L3D1PF temperature is None
Warning: Cooling loop sensor PixelBarrel_BpO_2M_L3D1PF temperature is None
Warning: Cooling loop sensor PixelBarrel_BpO_2M_L3D1PF temperature is None
Warning: Cooling loop sensor PixelBarrel_BpO_2M_L3D1PF temperature is None
Warning: Cooling loop sensor PixelBarrel_BpO_2R_L3D1PF temperature is None
Warning: Cooling loop sensor PixelBarrel_BpO_2R_L3D1PF temperature is None
Warning: Cooling loop sensor PixelBarrel_BpO_2R_L3D1PF temperature is None
Warning: Cooling loop sensor PixelBarrel_BpO_3I_L2D1PF temperature is None
Warning: Cooling loop sensor PixelBarrel_BpO_3I_L2D1PF temperature is None
Warning: Cooling loop sensor PixelBarrel_BpO_3I_L2D1PF temperature is None
Warning: Cooling loop sensor PixelBarrel_BpO_3M_L2D1PF temperature is None
Warning: Cooling loop sensor PixelBarrel_BpO_3M_L2D1PF temperature is None
Warning: Cooling loop sensor PixelBarrel_BpO_3M_L2D1PF temperature is None
Warning: Cooling loop sensor PixelBarrel_BmI_1I_L4D2MN temperature is None
Warning: Cooling loop sensor PixelBarrel_BmI_1I_L4D2MN temperature is None
Warning: Cooling loop sensor PixelBarrel_BmI_1I_L4D2MN temperature is None
Warning: Cooling loop sensor PixelBarrel_BmI_1M_L4D2MN temperature is None
Warning: Cooling loop sensor PixelBarrel_BmI_1M_L4D2MN temperature is None
Warning: Cooling loop sensor PixelBarrel_BpI_6I_L4D3PN temperature is None
Warning: Cooling loop sensor PixelBarrel_BmO_6I_L4D3MF temperature is None
Warning: Cooling loop sensor PixelBarrel_BmO_6M_L4D3MF temperature is None
Warning: Cooling loop sensor PixelBarrel_BmO_4R_L2D2MF temperature is None
Warning: Cooling loop sensor PixelBarrel_BmO_4I_L2D2MF temperature is None
Warning: Cooling loop sensor PixelBarrel_BmO_4M_L2D2MF temperature is None
Warning: Cooling loop sensor PixelBarrel_BmO_6R_L4D3MF temperature is None
Warning: Cooling loop sensor PixelBarrel_BmI_3M_L2D1MN temperature is None
Warning: Cooling loop sensor PixelBarrel_BmI_3I_L2D1MN temperature is None
Warning: Cooling loop sensor PixelBarrel_BmI_1R_L4D2MN temperature is None
Warning: Cooling loop sensor PixelBarrel_BmI_3R_L2D1MN temperature is None
Warning: Cooling loop sensor PixelBarrel_BpI_4R_L2D2PN temperature is None
Warning: Cooling loop sensor PixelBarrel_BpO_1I_L4D2PF temperature is None
Warning: Cooling loop sensor PixelBarrel_BpO_1M_L4D2PF temperature is None
Warning: Cooling loop sensor PixelBarrel_BpO_1R_L4D2PF temperature is None
Warning: Cooling loop sensor PixelBarrel_BpO_3I_L2D1PF temperature is None
Warning: Cooling loop sensor PixelBarrel_BpO_3M_L2D1PF temperature is None
Warning: Cooling loop sensor PixelBarrel_BpO_3R_L2D1PF temperature is None
Warning: Cooling loop sensor PixelBarrel_BmI_1I_L4D2MN temperature is None
Warning: Cooling loop sensor PixelBarrel_BmI_1M_L4D2MN temperature is None
Warning: Cooling loop sensor PixelBarrel_BpI_4M_L2D2PN temperature is None
Warning: Cooling loop sensor PixelBarrel_BpI_4I_L2D2PN temperature is None
Warning: Cooling loop sensor PixelBarrel_BpI_6R_L4D3PN temperature is None
Warning: Cooling loop sensor PixelBarrel_BpI_6I_L4D3PN temperature is None
Warning: Cooling loop sensor PixelBarrel_BpI_6M_L4D3PN temperature is None
Warning: Cooling loop sensor PixelBarrel_BpI_1R_L4D1PN temperature is None
Warning: Cooling loop sensor PixelBarrel_BmO_1R_L4D1MF temperature is None
Warning: Cooling loop sensor PixelBarrel_BpI_1R_L4D1PN temperature is None
Warning: Cooling loop sensor PixelBarrel_BpO_6R_L4D4PF temperature is None
Warning: Cooling loop sensor PixelBarrel_BpO_6R_L4D4PF temperature is None
Warning: Cooling loop sensor PixelBarrel_BpO_6R_L4D4PF temperature is None
Warning: Cooling loop sensor PixelBarrel_BmI_4R_L1D2MN temperature is None
Warning: Cooling loop sensor PixelBarrel_BmI_4R_L1D2MN temperature is None
Warning: Cooling loop sensor PixelBarrel_BmI_4R_L1D2MN temperature is None
Warning: Cooling loop sensor PixelBarrel_BmI_4M_L1D2MN temperature is None
Warning: Cooling loop sensor PixelBarrel_BmI_4M_L1D2MN temperature is None
Warning: Cooling loop sensor PixelBarrel_BmI_4M_L1D2MN temperature is None
Warning: Cooling loop sensor PixelBarrel_BmI_4I_L1D2MN temperature is None
Warning: Cooling loop sensor PixelBarrel_BmI_4I_L1D2MN temperature is None
Warning: Cooling loop sensor PixelBarrel_BmI_4I_L1D2MN temperature is None
Warning: Cooling loop sensor PixelBarrel_BmI_5R_L3D3MN temperature is None
Warning: Cooling loop sensor PixelBarrel_BmI_5R_L3D3MN temperature is None
Warning: Cooling loop sensor PixelBarrel_BmI_5R_L3D3MN temperature is None
Warning: Cooling loop sensor PixelBarrel_BmI_5M_L3D3MN temperature is None
Warning: Cooling loop sensor PixelBarrel_BmI_5M_L3D3MN temperature is None
Warning: Cooling loop sensor PixelBarrel_BmI_5M_L3D3MN temperature is None
Warning: Cooling loop sensor PixelBarrel_BmI_5I_L3D3MN temperature is None
Warning: Cooling loop sensor PixelBarrel_BmI_5I_L3D3MN temperature is None
Warning: Cooling loop sensor PixelBarrel_BmI_5I_L3D3MN temperature is None
Warning: Cooling loop sensor PixelBarrel_BmI_6R_L4D4MN temperature is None
Warning: Cooling loop sensor PixelBarrel_BmI_6R_L4D4MN temperature is None
Warning: Cooling loop sensor PixelBarrel_BmI_6R_L4D4MN temperature is None
Warning: Cooling loop sensor PixelBarrel_BmI_6M_L4D4MN temperature is None
Warning: Cooling loop sensor PixelBarrel_BmI_6M_L4D4MN temperature is None
Warning: Cooling loop sensor PixelBarrel_BmI_6M_L4D4MN temperature is None
Warning: Cooling loop sensor PixelBarrel_BmI_6I_L4D4MN temperature is None
Warning: Cooling loop sensor PixelBarrel_BmI_6I_L4D4MN temperature is None
Warning: Cooling loop sensor PixelBarrel_BmI_6I_L4D4MN temperature is None
Warning: Cooling loop sensor PixelBarrel_BmO_3I_L1D1MF temperature is None
Warning: Cooling loop sensor PixelBarrel_BmO_3I_L1D1MF temperature is None
Warning: Cooling loop sensor PixelBarrel_BmO_3I_L1D1MF temperature is None
Warning: Cooling loop sensor PixelBarrel_BmO_3M_L1D1MF temperature is None
Warning: Cooling loop sensor PixelBarrel_BmO_3M_L1D1MF temperature is None
Warning: Cooling loop sensor PixelBarrel_BmO_3M_L1D1MF temperature is None
Warning: Cooling loop sensor PixelBarrel_BmO_3R_L1D1MF temperature is None
Warning: Cooling loop sensor PixelBarrel_BmO_3R_L1D1MF temperature is None
Warning: Cooling loop sensor PixelBarrel_BmO_3R_L1D1MF temperature is None
Warning: Cooling loop sensor PixelBarrel_BmO_2R_L3D2MF temperature is None
Warning: Cooling loop sensor PixelBarrel_BmO_2R_L3D2MF temperature is None
Warning: Cooling loop sensor PixelBarrel_BmO_2R_L3D2MF temperature is None
Warning: Cooling loop sensor PixelBarrel_BmO_2M_L3D2MF temperature is None
Warning: Cooling loop sensor PixelBarrel_BmO_2M_L3D2MF temperature is None
Warning: Cooling loop sensor PixelBarrel_BmO_2M_L3D2MF temperature is None
Warning: Cooling loop sensor PixelBarrel_BmO_2I_L3D2MF temperature is None
Warning: Cooling loop sensor PixelBarrel_BmO_2I_L3D2MF temperature is None
Warning: Cooling loop sensor PixelBarrel_BmO_2I_L3D2MF temperature is None
Warning: Cooling loop sensor PixelBarrel_BmO_1I_L4D1MF temperature is None
Warning: Cooling loop sensor PixelBarrel_BmO_1I_L4D1MF temperature is None
Warning: Cooling loop sensor PixelBarrel_BmO_1I_L4D1MF temperature is None
Warning: Cooling loop sensor PixelBarrel_BmO_1M_L4D1MF temperature is None
Warning: Cooling loop sensor PixelBarrel_BmO_1M_L4D1MF temperature is None
Warning: Cooling loop sensor PixelBarrel_BmO_1M_L4D1MF temperature is None
Warning: Cooling loop sensor PixelBarrel_BmO_1R_L4D1MF temperature is None
Warning: Cooling loop sensor PixelBarrel_BmO_1R_L4D1MF temperature is None
Warning: Cooling loop sensor PixelBarrel_BpI_1R_L4D1PN temperature is None
Warning: Cooling loop sensor PixelBarrel_BpO_3R_L2D1PF temperature is None
Warning: Cooling loop sensor PixelBarrel_BpO_3R_L2D1PF temperature is None
Warning: Cooling loop sensor PixelBarrel_BpO_3R_L2D1PF temperature is None
Warning: Cooling loop sensor PixelBarrel_BmI_1R_L4D2MN temperature is None
Warning: Cooling loop sensor PixelBarrel_BmI_1R_L4D2MN temperature is None
Warning: Cooling loop sensor PixelBarrel_BmI_1R_L4D2MN temperature is None
Warning: Cooling loop sensor PixelBarrel_BmI_2I_L3D1MN temperature is None
Warning: Cooling loop sensor PixelBarrel_BmI_2I_L3D1MN temperature is None
Warning: Cooling loop sensor PixelBarrel_BmI_2I_L3D1MN temperature is None
Warning: Cooling loop sensor PixelBarrel_BmI_2R_L3D1MN temperature is None
Warning: Cooling loop sensor PixelBarrel_BmI_2R_L3D1MN temperature is None
Warning: Cooling loop sensor PixelBarrel_BmI_2R_L3D1MN temperature is None
Warning: Cooling loop sensor PixelBarrel_BmI_3I_L2D1MN temperature is None
Warning: Cooling loop sensor PixelBarrel_BmI_3I_L2D1MN temperature is None
Warning: Cooling loop sensor PixelBarrel_BmI_3I_L2D1MN temperature is None
Warning: Cooling loop sensor PixelBarrel_BmI_3M_L2D1MN temperature is None
Warning: Cooling loop sensor PixelBarrel_BmI_3M_L2D1MN temperature is None
Warning: Cooling loop sensor PixelBarrel_BmI_3M_L2D1MN temperature is None
Warning: Cooling loop sensor PixelBarrel_BmI_3R_L2D1MN temperature is None
Warning: Cooling loop sensor PixelBarrel_BmI_3R_L2D1MN temperature is None
Warning: Cooling loop sensor PixelBarrel_BmI_3R_L2D1MN temperature is None
Warning: Cooling loop sensor PixelBarrel_BmO_6I_L4D3MF temperature is None
Warning: Cooling loop sensor PixelBarrel_BmO_6I_L4D3MF temperature is None
Warning: Cooling loop sensor PixelBarrel_BmO_6I_L4D3MF temperature is None
Warning: Cooling loop sensor PixelBarrel_BmO_6M_L4D3MF temperature is None
Warning: Cooling loop sensor PixelBarrel_BmO_6M_L4D3MF temperature is None
Warning: Cooling loop sensor PixelBarrel_BmO_6M_L4D3MF temperature is None
Warning: Cooling loop sensor PixelBarrel_BmO_6R_L4D3MF temperature is None
Warning: Cooling loop sensor PixelBarrel_BmO_6R_L4D3MF temperature is None
Warning: Cooling loop sensor PixelBarrel_BmO_6R_L4D3MF temperature is None
Warning: Cooling loop sensor PixelBarrel_BmO_5I_L3D4MF temperature is None
Warning: Cooling loop sensor PixelBarrel_BmO_5I_L3D4MF temperature is None
Warning: Cooling loop sensor PixelBarrel_BmO_5I_L3D4MF temperature is None
Warning: Cooling loop sensor PixelBarrel_BmO_5M_L3D4MF temperature is None
Warning: Cooling loop sensor PixelBarrel_BmO_5M_L3D4MF temperature is None
Warning: Cooling loop sensor PixelBarrel_BmO_5M_L3D4MF temperature is None
Warning: Cooling loop sensor PixelBarrel_BmO_5R_L3D4MF temperature is None
Warning: Cooling loop sensor PixelBarrel_BmO_5R_L3D4MF temperature is None
Warning: Cooling loop sensor PixelBarrel_BmO_5R_L3D4MF temperature is None
Warning: Cooling loop sensor PixelBarrel_BmO_4I_L2D2MF temperature is None
Warning: Cooling loop sensor PixelBarrel_BmO_4I_L2D2MF temperature is None
Warning: Cooling loop sensor PixelBarrel_BmO_4I_L2D2MF temperature is None
Warning: Cooling loop sensor PixelBarrel_BmO_4M_L2D2MF temperature is None
Warning: Cooling loop sensor PixelBarrel_BmO_4M_L2D2MF temperature is None
Warning: Cooling loop sensor PixelBarrel_BmO_4M_L2D2MF temperature is None
Warning: Cooling loop sensor PixelBarrel_BmO_4R_L2D2MF temperature is None
Warning: Cooling loop sensor PixelBarrel_BmO_4R_L2D2MF temperature is None
Warning: Cooling loop sensor PixelBarrel_BmO_4R_L2D2MF temperature is None
Warning: Cooling loop sensor PixelBarrel_BpI_3I_L1D1PN temperature is None
Warning: Cooling loop sensor PixelBarrel_BpI_3I_L1D1PN temperature is None
Warning: Cooling loop sensor PixelBarrel_BpI_3I_L1D1PN temperature is None
Warning: Cooling loop sensor PixelBarrel_BpI_3R_L1D1PN temperature is None
Warning: Cooling loop sensor PixelBarrel_BpI_3R_L1D1PN temperature is None
Warning: Cooling loop sensor PixelBarrel_BpI_3R_L1D1PN temperature is None
Warning: Cooling loop sensor PixelBarrel_BpI_2I_L3D2PN temperature is None
Warning: Cooling loop sensor PixelBarrel_BpI_2I_L3D2PN temperature is None
Warning: Cooling loop sensor PixelBarrel_BpI_2I_L3D2PN temperature is None
Warning: Cooling loop sensor PixelBarrel_BpI_2M_L3D2PN temperature is None
Warning: Cooling loop sensor PixelBarrel_BpI_2M_L3D2PN temperature is None
Warning: Cooling loop sensor PixelBarrel_BpI_2M_L3D2PN temperature is None
Warning: Cooling loop sensor PixelBarrel_BpI_2R_L3D2PN temperature is None
Warning: Cooling loop sensor PixelBarrel_BpI_2R_L3D2PN temperature is None
Warning: Cooling loop sensor PixelBarrel_BpI_2R_L3D2PN temperature is None
Warning: Cooling loop sensor PixelBarrel_BpI_1I_L4D1PN temperature is None
Warning: Cooling loop sensor PixelBarrel_BpI_1I_L4D1PN temperature is None
Warning: Cooling loop sensor PixelBarrel_BpI_1I_L4D1PN temperature is None
Warning: Cooling loop sensor PixelBarrel_BpI_1M_L4D1PN temperature is None
Warning: Cooling loop sensor PixelBarrel_BpI_1M_L4D1PN temperature is None
Warning: Cooling loop sensor PixelBarrel_BpI_1M_L4D1PN temperature is None
Warning: Cooling loop sensor PixelBarrel_BpO_4I_L1D2PF temperature is None
Warning: Cooling loop sensor PixelBarrel_BpO_4I_L1D2PF temperature is None
Warning: Cooling loop sensor PixelBarrel_BpO_4I_L1D2PF temperature is None
Warning: Cooling loop sensor PixelBarrel_BpO_4R_L1D2PF temperature is None
Warning: Cooling loop sensor PixelBarrel_BpO_4R_L1D2PF temperature is None
Warning: Cooling loop sensor PixelBarrel_BpO_4R_L1D2PF temperature is None
Warning: Cooling loop sensor PixelBarrel_BpO_5I_L3D3PF temperature is None
Warning: Cooling loop sensor PixelBarrel_BpO_5I_L3D3PF temperature is None
Warning: Cooling loop sensor PixelBarrel_BpO_5I_L3D3PF temperature is None
Warning: Cooling loop sensor PixelBarrel_BpO_5M_L3D3PF temperature is None
Warning: Cooling loop sensor PixelBarrel_BpO_5M_L3D3PF temperature is None
Warning: Cooling loop sensor PixelBarrel_BpO_5M_L3D3PF temperature is None
Warning: Cooling loop sensor PixelBarrel_BpO_5R_L3D3PF temperature is None
Warning: Cooling loop sensor PixelBarrel_BpO_5R_L3D3PF temperature is None
Warning: Cooling loop sensor PixelBarrel_BpO_5R_L3D3PF temperature is None
Warning: Cooling loop sensor PixelBarrel_BpO_6I_L4D4PF temperature is None
Warning: Cooling loop sensor PixelBarrel_BpO_6I_L4D4PF temperature is None
Warning: Cooling loop sensor PixelBarrel_BpO_6I_L4D4PF temperature is None
Warning: Cooling loop sensor PixelBarrel_BpO_6M_L4D4PF temperature is None
Warning: Cooling loop sensor PixelBarrel_BpO_6M_L4D4PF temperature is None
Warning: Cooling loop sensor PixelBarrel_BpO_6M_L4D4PF temperature is None
Warning: Cooling loop sensor PixelBarrel_BpI_6I_L4D3PN temperature is None
Warning: Cooling loop sensor PixelBarrel_BmI_1M_L4D2MN temperature is None
Warning: Cooling loop sensor PixelBarrel_BpI_6I_L4D3PN temperature is None
Warning: Cooling loop sensor PixelBarrel_BpI_6M_L4D3PN temperature is None
Warning: Cooling loop sensor PixelBarrel_BpI_6M_L4D3PN temperature is None
Warning: Cooling loop sensor PixelBarrel_BpI_6M_L4D3PN temperature is None
Warning: Cooling loop sensor PixelBarrel_BpI_6R_L4D3PN temperature is None
Warning: Cooling loop sensor PixelBarrel_BpI_6R_L4D3PN temperature is None
Warning: Cooling loop sensor PixelBarrel_BpI_6R_L4D3PN temperature is None
Warning: Cooling loop sensor PixelBarrel_BpI_5I_L3D4PN temperature is None
Warning: Cooling loop sensor PixelBarrel_BpI_5I_L3D4PN temperature is None
Warning: Cooling loop sensor PixelBarrel_BpI_5I_L3D4PN temperature is None
Warning: Cooling loop sensor PixelBarrel_BpI_5M_L3D4PN temperature is None
Warning: Cooling loop sensor PixelBarrel_BpI_5M_L3D4PN temperature is None
Warning: Cooling loop sensor PixelBarrel_BpI_5M_L3D4PN temperature is None
Warning: Cooling loop sensor PixelBarrel_BpI_5R_L3D4PN temperature is None
Warning: Cooling loop sensor PixelBarrel_BpI_5R_L3D4PN temperature is None
Warning: Cooling loop sensor PixelBarrel_BpI_5R_L3D4PN temperature is None
Warning: Cooling loop sensor PixelBarrel_BpI_4I_L2D2PN temperature is None
Warning: Cooling loop sensor PixelBarrel_BpI_4I_L2D2PN temperature is None
Warning: Cooling loop sensor PixelBarrel_BpI_4I_L2D2PN temperature is None
Warning: Cooling loop sensor PixelBarrel_BpI_4M_L2D2PN temperature is None
Warning: Cooling loop sensor PixelBarrel_BpI_4M_L2D2PN temperature is None
Warning: Cooling loop sensor PixelBarrel_BpI_4M_L2D2PN temperature is None
Warning: Cooling loop sensor PixelBarrel_BpI_4R_L2D2PN temperature is None
Warning: Cooling loop sensor PixelBarrel_BpI_4R_L2D2PN temperature is None
Warning: Cooling loop sensor PixelBarrel_BpI_4R_L2D2PN temperature is None
Warning: Cooling loop sensor PixelBarrel_BpO_1I_L4D2PF temperature is None
Warning: Cooling loop sensor PixelBarrel_BpO_1I_L4D2PF temperature is None
Warning: Cooling loop sensor PixelBarrel_BpO_1I_L4D2PF temperature is None
Warning: Cooling loop sensor PixelBarrel_BpO_1M_L4D2PF temperature is None
Warning: Cooling loop sensor PixelBarrel_BpO_1M_L4D2PF temperature is None
Warning: Cooling loop sensor PixelBarrel_BpO_1M_L4D2PF temperature is None
Warning: Cooling loop sensor PixelBarrel_BpO_1R_L4D2PF temperature is None
Warning: Cooling loop sensor PixelBarrel_BpO_1R_L4D2PF temperature is None
Warning: Cooling loop sensor PixelBarrel_BpO_1R_L4D2PF temperature is None
Warning: Cooling loop sensor PixelBarrel_BpO_2I_L3D1PF temperature is None
Warning: Cooling loop sensor PixelBarrel_BpO_2I_L3D1PF temperature is None
Warning: Cooling loop sensor PixelBarrel_BpO_2I_L3D1PF temperature is None
Warning: Cooling loop sensor PixelBarrel_BpO_2M_L3D1PF temperature is None
Warning: Cooling loop sensor PixelBarrel_BpO_2M_L3D1PF temperature is None
Warning: Cooling loop sensor PixelBarrel_BpO_2M_L3D1PF temperature is None
Warning: Cooling loop sensor PixelBarrel_BpO_2R_L3D1PF temperature is None
Warning: Cooling loop sensor PixelBarrel_BpO_2R_L3D1PF temperature is None
Warning: Cooling loop sensor PixelBarrel_BpO_2R_L3D1PF temperature is None
Warning: Cooling loop sensor PixelBarrel_BpO_3I_L2D1PF temperature is None
Warning: Cooling loop sensor PixelBarrel_BpO_3I_L2D1PF temperature is None
Warning: Cooling loop sensor PixelBarrel_BpO_3I_L2D1PF temperature is None
Warning: Cooling loop sensor PixelBarrel_BpO_3M_L2D1PF temperature is None
Warning: Cooling loop sensor PixelBarrel_BpO_3M_L2D1PF temperature is None
Warning: Cooling loop sensor PixelBarrel_BpO_3M_L2D1PF temperature is None
Warning: Cooling loop sensor PixelBarrel_BmI_1I_L4D2MN temperature is None
Warning: Cooling loop sensor PixelBarrel_BmI_1I_L4D2MN temperature is None
Warning: Cooling loop sensor PixelBarrel_BmI_1I_L4D2MN temperature is None
Warning: Cooling loop sensor PixelBarrel_BmI_1M_L4D2MN temperature is None
Warning: Cooling loop sensor PixelBarrel_BmI_1M_L4D2MN temperature is None
Warning: Cooling loop sensor PixelBarrel_BpI_6I_L4D3PN temperature is None
Warning: Cooling loop sensor PixelBarrel_BmO_4R_L2D2MF temperature is None
Warning: Cooling loop sensor PixelBarrel_BmO_6I_L4D3MF temperature is None
Warning: Cooling loop sensor PixelBarrel_BmO_4M_L2D2MF temperature is None
Warning: Cooling loop sensor PixelBarrel_BmO_6R_L4D3MF temperature is None
Warning: Cooling loop sensor PixelBarrel_BmO_4I_L2D2MF temperature is None
Warning: Cooling loop sensor PixelBarrel_BmO_6M_L4D3MF temperature is None
Warning: Cooling loop sensor PixelBarrel_BmI_3I_L2D1MN temperature is None
Warning: Cooling loop sensor PixelBarrel_BmI_1R_L4D2MN temperature is None
Warning: Cooling loop sensor PixelBarrel_BmI_3R_L2D1MN temperature is None
Warning: Cooling loop sensor PixelBarrel_BmI_3M_L2D1MN temperature is None
Warning: Cooling loop sensor PixelBarrel_BpI_6M_L4D3PN temperature is None
Warning: Cooling loop sensor PixelBarrel_BpI_6R_L4D3PN temperature is None
Warning: Cooling loop sensor PixelBarrel_BpI_4I_L2D2PN temperature is None
Warning: Cooling loop sensor PixelBarrel_BpI_4M_L2D2PN temperature is None
Warning: Cooling loop sensor PixelBarrel_BpI_4R_L2D2PN temperature is None
Warning: Cooling loop sensor PixelBarrel_BpO_1I_L4D2PF temperature is None
Warning: Cooling loop sensor PixelBarrel_BpO_1M_L4D2PF temperature is None
Warning: Cooling loop sensor PixelBarrel_BpO_1R_L4D2PF temperature is None
Warning: Cooling loop sensor PixelBarrel_BpO_3I_L2D1PF temperature is None
Warning: Cooling loop sensor PixelBarrel_BpI_6I_L4D3PN temperature is None
Warning: Cooling loop sensor PixelBarrel_BmI_1M_L4D2MN temperature is None
Warning: Cooling loop sensor PixelBarrel_BpO_3M_L2D1PF temperature is None
Warning: Cooling loop sensor PixelBarrel_BpO_3R_L2D1PF temperature is None
Warning: Cooling loop sensor PixelBarrel_BmI_1I_L4D2MN temperature is None
Warning: Cooling loop sensor PixelBarrel_BmI_5I_L3D3MN temperature is None
Warning: Cooling loop sensor PixelBarrel_BmI_5M_L3D3MN temperature is None
Warning: Cooling loop sensor PixelBarrel_BmI_5I_L3D3MN temperature is None
Warning: Cooling loop sensor PixelBarrel_BmI_6R_L4D4MN temperature is None
Warning: Cooling loop sensor PixelBarrel_BmI_6R_L4D4MN temperature is None
Warning: Cooling loop sensor PixelBarrel_BmI_6R_L4D4MN temperature is None
Warning: Cooling loop sensor PixelBarrel_BmI_6M_L4D4MN temperature is None
Warning: Cooling loop sensor PixelBarrel_BmI_6M_L4D4MN temperature is None
Warning: Cooling loop sensor PixelBarrel_BmI_6M_L4D4MN temperature is None
Warning: Cooling loop sensor PixelBarrel_BmI_6I_L4D4MN temperature is None
Warning: Cooling loop sensor PixelBarrel_BmI_6I_L4D4MN temperature is None
Warning: Cooling loop sensor PixelBarrel_BmI_6I_L4D4MN temperature is None
Warning: Cooling loop sensor PixelBarrel_BmO_3I_L1D1MF temperature is None
Warning: Cooling loop sensor PixelBarrel_BmO_3I_L1D1MF temperature is None
Warning: Cooling loop sensor PixelBarrel_BmO_3I_L1D1MF temperature is None
Warning: Cooling loop sensor PixelBarrel_BmO_3M_L1D1MF temperature is None
Warning: Cooling loop sensor PixelBarrel_BmO_3M_L1D1MF temperature is None
Warning: Cooling loop sensor PixelBarrel_BmO_3M_L1D1MF temperature is None
Warning: Cooling loop sensor PixelBarrel_BmO_3R_L1D1MF temperature is None
Warning: Cooling loop sensor PixelBarrel_BmO_3R_L1D1MF temperature is None
Warning: Cooling loop sensor PixelBarrel_BmO_3R_L1D1MF temperature is None
Warning: Cooling loop sensor PixelBarrel_BmO_2R_L3D2MF temperature is None
Warning: Cooling loop sensor PixelBarrel_BmO_2R_L3D2MF temperature is None
Warning: Cooling loop sensor PixelBarrel_BmO_2R_L3D2MF temperature is None
Warning: Cooling loop sensor PixelBarrel_BmO_2M_L3D2MF temperature is None
Warning: Cooling loop sensor PixelBarrel_BmO_2M_L3D2MF temperature is None
Warning: Cooling loop sensor PixelBarrel_BmO_2M_L3D2MF temperature is None
Warning: Cooling loop sensor PixelBarrel_BmO_2I_L3D2MF temperature is None
Warning: Cooling loop sensor PixelBarrel_BmO_2I_L3D2MF temperature is None
Warning: Cooling loop sensor PixelBarrel_BmO_2I_L3D2MF temperature is None
Warning: Cooling loop sensor PixelBarrel_BmO_1I_L4D1MF temperature is None
Warning: Cooling loop sensor PixelBarrel_BmO_1I_L4D1MF temperature is None
Warning: Cooling loop sensor PixelBarrel_BmO_1I_L4D1MF temperature is None
Warning: Cooling loop sensor PixelBarrel_BmO_1M_L4D1MF temperature is None
Warning: Cooling loop sensor PixelBarrel_BmO_1M_L4D1MF temperature is None
Warning: Cooling loop sensor PixelBarrel_BmO_1M_L4D1MF temperature is None
Warning: Cooling loop sensor PixelBarrel_BmO_1R_L4D1MF temperature is None
Warning: Cooling loop sensor PixelBarrel_BmO_1R_L4D1MF temperature is None
Warning: Cooling loop sensor PixelBarrel_BmO_1R_L4D1MF temperature is None
Warning: Cooling loop sensor PixelBarrel_BpI_1R_L4D1PN temperature is None
Warning: Cooling loop sensor PixelBarrel_BpI_1R_L4D1PN temperature is None
Warning: Cooling loop sensor PixelBarrel_BpI_1R_L4D1PN temperature is None
Warning: Cooling loop sensor PixelBarrel_BpO_6R_L4D4PF temperature is None
Warning: Cooling loop sensor PixelBarrel_BpO_6R_L4D4PF temperature is None
Warning: Cooling loop sensor PixelBarrel_BpO_6R_L4D4PF temperature is None
Warning: Cooling loop sensor PixelBarrel_BmI_4R_L1D2MN temperature is None
Warning: Cooling loop sensor PixelBarrel_BmI_4R_L1D2MN temperature is None
Warning: Cooling loop sensor PixelBarrel_BmI_4R_L1D2MN temperature is None
Warning: Cooling loop sensor PixelBarrel_BmI_4M_L1D2MN temperature is None
Warning: Cooling loop sensor PixelBarrel_BmI_4M_L1D2MN temperature is None
Warning: Cooling loop sensor PixelBarrel_BmI_4M_L1D2MN temperature is None
Warning: Cooling loop sensor PixelBarrel_BmI_4I_L1D2MN temperature is None
Warning: Cooling loop sensor PixelBarrel_BmI_4I_L1D2MN temperature is None
Warning: Cooling loop sensor PixelBarrel_BmI_4I_L1D2MN temperature is None
Warning: Cooling loop sensor PixelBarrel_BmI_5R_L3D3MN temperature is None
Warning: Cooling loop sensor PixelBarrel_BmI_5R_L3D3MN temperature is None
Warning: Cooling loop sensor PixelBarrel_BmI_5R_L3D3MN temperature is None
Warning: Cooling loop sensor PixelBarrel_BmI_5M_L3D3MN temperature is None
Warning: Cooling loop sensor PixelBarrel_BmI_5M_L3D3MN temperature is None
Warning: Cooling loop sensor PixelBarrel_BmI_5I_L3D3MN temperature is None
Warning: Cooling loop sensor PixelBarrel_BpI_3I_L1D1PN temperature is None
Warning: Cooling loop sensor PixelBarrel_BpI_3I_L1D1PN temperature is None
Warning: Cooling loop sensor PixelBarrel_BpI_3I_L1D1PN temperature is None
Warning: Cooling loop sensor PixelBarrel_BpI_3R_L1D1PN temperature is None
Warning: Cooling loop sensor PixelBarrel_BpI_3R_L1D1PN temperature is None
Warning: Cooling loop sensor PixelBarrel_BpI_3R_L1D1PN temperature is None
Warning: Cooling loop sensor PixelBarrel_BpI_2I_L3D2PN temperature is None
Warning: Cooling loop sensor PixelBarrel_BpI_2I_L3D2PN temperature is None
Warning: Cooling loop sensor PixelBarrel_BpI_2I_L3D2PN temperature is None
Warning: Cooling loop sensor PixelBarrel_BpI_2M_L3D2PN temperature is None
Warning: Cooling loop sensor PixelBarrel_BpI_2M_L3D2PN temperature is None
Warning: Cooling loop sensor PixelBarrel_BpI_2M_L3D2PN temperature is None
Warning: Cooling loop sensor PixelBarrel_BpI_2R_L3D2PN temperature is None
Warning: Cooling loop sensor PixelBarrel_BpI_2R_L3D2PN temperature is None
Warning: Cooling loop sensor PixelBarrel_BpI_2R_L3D2PN temperature is None
Warning: Cooling loop sensor PixelBarrel_BpI_1I_L4D1PN temperature is None
Warning: Cooling loop sensor PixelBarrel_BpI_1I_L4D1PN temperature is None
Warning: Cooling loop sensor PixelBarrel_BpI_1I_L4D1PN temperature is None
Warning: Cooling loop sensor PixelBarrel_BpI_1M_L4D1PN temperature is None
Warning: Cooling loop sensor PixelBarrel_BpI_1M_L4D1PN temperature is None
Warning: Cooling loop sensor PixelBarrel_BpI_1M_L4D1PN temperature is None
Warning: Cooling loop sensor PixelBarrel_BpO_4I_L1D2PF temperature is None
Warning: Cooling loop sensor PixelBarrel_BpO_4I_L1D2PF temperature is None
Warning: Cooling loop sensor PixelBarrel_BpO_4I_L1D2PF temperature is None
Warning: Cooling loop sensor PixelBarrel_BpO_4R_L1D2PF temperature is None
Warning: Cooling loop sensor PixelBarrel_BpO_4R_L1D2PF temperature is None
Warning: Cooling loop sensor PixelBarrel_BpO_4R_L1D2PF temperature is None
Warning: Cooling loop sensor PixelBarrel_BpO_5I_L3D3PF temperature is None
Warning: Cooling loop sensor PixelBarrel_BpO_5I_L3D3PF temperature is None
Warning: Cooling loop sensor PixelBarrel_BpO_5I_L3D3PF temperature is None
Warning: Cooling loop sensor PixelBarrel_BpO_5M_L3D3PF temperature is None
Warning: Cooling loop sensor PixelBarrel_BpO_5M_L3D3PF temperature is None
Warning: Cooling loop sensor PixelBarrel_BpO_5M_L3D3PF temperature is None
Warning: Cooling loop sensor PixelBarrel_BpO_5R_L3D3PF temperature is None
Warning: Cooling loop sensor PixelBarrel_BpO_5R_L3D3PF temperature is None
Warning: Cooling loop sensor PixelBarrel_BpO_5R_L3D3PF temperature is None
Warning: Cooling loop sensor PixelBarrel_BpO_6I_L4D4PF temperature is None
Warning: Cooling loop sensor PixelBarrel_BpO_6I_L4D4PF temperature is None
Warning: Cooling loop sensor PixelBarrel_BpO_6I_L4D4PF temperature is None
Warning: Cooling loop sensor PixelBarrel_BpO_6M_L4D4PF temperature is None
Warning: Cooling loop sensor PixelBarrel_BpO_6M_L4D4PF temperature is None
Warning: Cooling loop sensor PixelBarrel_BpO_6M_L4D4PF temperature is None
Warning: Cooling loop sensor PixelBarrel_BpO_3R_L2D1PF temperature is None
Warning: Cooling loop sensor PixelBarrel_BmI_1R_L4D2MN temperature is None
Warning: Cooling loop sensor PixelBarrel_BmI_1R_L4D2MN temperature is None
Warning: Cooling loop sensor PixelBarrel_BmI_1R_L4D2MN temperature is None
Warning: Cooling loop sensor PixelBarrel_BmI_2I_L3D1MN temperature is None
Warning: Cooling loop sensor PixelBarrel_BmI_2I_L3D1MN temperature is None
Warning: Cooling loop sensor PixelBarrel_BmI_2I_L3D1MN temperature is None
Warning: Cooling loop sensor PixelBarrel_BmI_2R_L3D1MN temperature is None
Warning: Cooling loop sensor PixelBarrel_BmI_2R_L3D1MN temperature is None
Warning: Cooling loop sensor PixelBarrel_BmI_2R_L3D1MN temperature is None
Warning: Cooling loop sensor PixelBarrel_BmI_3I_L2D1MN temperature is None
Warning: Cooling loop sensor PixelBarrel_BmI_3I_L2D1MN temperature is None
Warning: Cooling loop sensor PixelBarrel_BmI_3I_L2D1MN temperature is None
Warning: Cooling loop sensor PixelBarrel_BmI_3M_L2D1MN temperature is None
Warning: Cooling loop sensor PixelBarrel_BmI_3M_L2D1MN temperature is None
Warning: Cooling loop sensor PixelBarrel_BmI_3M_L2D1MN temperature is None
Warning: Cooling loop sensor PixelBarrel_BmI_3R_L2D1MN temperature is None
Warning: Cooling loop sensor PixelBarrel_BmI_3R_L2D1MN temperature is None
Warning: Cooling loop sensor PixelBarrel_BmI_3R_L2D1MN temperature is None
Warning: Cooling loop sensor PixelBarrel_BmO_6I_L4D3MF temperature is None
Warning: Cooling loop sensor PixelBarrel_BmO_6I_L4D3MF temperature is None
Warning: Cooling loop sensor PixelBarrel_BmO_6I_L4D3MF temperature is None
Warning: Cooling loop sensor PixelBarrel_BmO_6M_L4D3MF temperature is None
Warning: Cooling loop sensor PixelBarrel_BmO_6M_L4D3MF temperature is None
Warning: Cooling loop sensor PixelBarrel_BmO_6M_L4D3MF temperature is None
Warning: Cooling loop sensor PixelBarrel_BmO_6R_L4D3MF temperature is None
Warning: Cooling loop sensor PixelBarrel_BmO_6R_L4D3MF temperature is None
Warning: Cooling loop sensor PixelBarrel_BmO_6R_L4D3MF temperature is None
Warning: Cooling loop sensor PixelBarrel_BmO_5I_L3D4MF temperature is None
Warning: Cooling loop sensor PixelBarrel_BmO_5I_L3D4MF temperature is None
Warning: Cooling loop sensor PixelBarrel_BmO_5I_L3D4MF temperature is None
Warning: Cooling loop sensor PixelBarrel_BmO_5M_L3D4MF temperature is None
Warning: Cooling loop sensor PixelBarrel_BmO_5M_L3D4MF temperature is None
Warning: Cooling loop sensor PixelBarrel_BmO_5M_L3D4MF temperature is None
Warning: Cooling loop sensor PixelBarrel_BmO_5R_L3D4MF temperature is None
Warning: Cooling loop sensor PixelBarrel_BmO_5R_L3D4MF temperature is None
Warning: Cooling loop sensor PixelBarrel_BmO_5R_L3D4MF temperature is None
Warning: Cooling loop sensor PixelBarrel_BmO_4I_L2D2MF temperature is None
Warning: Cooling loop sensor PixelBarrel_BmO_4I_L2D2MF temperature is None
Warning: Cooling loop sensor PixelBarrel_BmO_4I_L2D2MF temperature is None
Warning: Cooling loop sensor PixelBarrel_BmO_4M_L2D2MF temperature is None
Warning: Cooling loop sensor PixelBarrel_BmO_4M_L2D2MF temperature is None
Warning: Cooling loop sensor PixelBarrel_BmO_4M_L2D2MF temperature is None
Warning: Cooling loop sensor PixelBarrel_BmO_4R_L2D2MF temperature is None
Warning: Cooling loop sensor PixelBarrel_BmO_4R_L2D2MF temperature is None
Warning: Cooling loop sensor PixelBarrel_BmO_4R_L2D2MF temperature is None
Warning: Cooling loop sensor PixelBarrel_BpO_3R_L2D1PF temperature is None
Warning: Cooling loop sensor PixelBarrel_BpO_3R_L2D1PF temperature is None
Warning: Cooling loop sensor PixelBarrel_BmI_1I_L4D2MN temperature is None
Warning: Cooling loop sensor PixelBarrel_BpO_3M_L2D1PF temperature is None
Warning: Cooling loop sensor PixelBarrel_BmI_1I_L4D2MN temperature is None
Warning: Cooling loop sensor PixelBarrel_BmI_1M_L4D2MN temperature is None
Warning: Cooling loop sensor PixelBarrel_BmI_1M_L4D2MN temperature is None
Warning: Cooling loop sensor PixelBarrel_BmI_1M_L4D2MN temperature is None
Warning: Cooling loop sensor PixelBarrel_BpI_6I_L4D3PN temperature is None
Warning: Cooling loop sensor PixelBarrel_BpI_6I_L4D3PN temperature is None
Warning: Cooling loop sensor PixelBarrel_BpI_6I_L4D3PN temperature is None
Warning: Cooling loop sensor PixelBarrel_BpI_6M_L4D3PN temperature is None
Warning: Cooling loop sensor PixelBarrel_BpI_6M_L4D3PN temperature is None
Warning: Cooling loop sensor PixelBarrel_BpI_6M_L4D3PN temperature is None
Warning: Cooling loop sensor PixelBarrel_BpI_6R_L4D3PN temperature is None
Warning: Cooling loop sensor PixelBarrel_BpI_6R_L4D3PN temperature is None
Warning: Cooling loop sensor PixelBarrel_BpI_6R_L4D3PN temperature is None
Warning: Cooling loop sensor PixelBarrel_BpI_5I_L3D4PN temperature is None
Warning: Cooling loop sensor PixelBarrel_BpI_5I_L3D4PN temperature is None
Warning: Cooling loop sensor PixelBarrel_BpI_5I_L3D4PN temperature is None
Warning: Cooling loop sensor PixelBarrel_BpI_5M_L3D4PN temperature is None
Warning: Cooling loop sensor PixelBarrel_BpI_5M_L3D4PN temperature is None
Warning: Cooling loop sensor PixelBarrel_BpI_5M_L3D4PN temperature is None
Warning: Cooling loop sensor PixelBarrel_BpI_5R_L3D4PN temperature is None
Warning: Cooling loop sensor PixelBarrel_BpI_5R_L3D4PN temperature is None
Warning: Cooling loop sensor PixelBarrel_BpI_5R_L3D4PN temperature is None
Warning: Cooling loop sensor PixelBarrel_BpI_4I_L2D2PN temperature is None
Warning: Cooling loop sensor PixelBarrel_BpI_4I_L2D2PN temperature is None
Warning: Cooling loop sensor PixelBarrel_BpI_4I_L2D2PN temperature is None
Warning: Cooling loop sensor PixelBarrel_BpI_4M_L2D2PN temperature is None
Warning: Cooling loop sensor PixelBarrel_BpI_4M_L2D2PN temperature is None
Warning: Cooling loop sensor PixelBarrel_BpI_4M_L2D2PN temperature is None
Warning: Cooling loop sensor PixelBarrel_BpI_4R_L2D2PN temperature is None
Warning: Cooling loop sensor PixelBarrel_BpI_4R_L2D2PN temperature is None
Warning: Cooling loop sensor PixelBarrel_BpI_4R_L2D2PN temperature is None
Warning: Cooling loop sensor PixelBarrel_BpO_1I_L4D2PF temperature is None
Warning: Cooling loop sensor PixelBarrel_BpO_1I_L4D2PF temperature is None
Warning: Cooling loop sensor PixelBarrel_BpO_1I_L4D2PF temperature is None
Warning: Cooling loop sensor PixelBarrel_BpO_1M_L4D2PF temperature is None
Warning: Cooling loop sensor PixelBarrel_BpO_1M_L4D2PF temperature is None
Warning: Cooling loop sensor PixelBarrel_BpO_1M_L4D2PF temperature is None
Warning: Cooling loop sensor PixelBarrel_BpO_1R_L4D2PF temperature is None
Warning: Cooling loop sensor PixelBarrel_BpO_1R_L4D2PF temperature is None
Warning: Cooling loop sensor PixelBarrel_BpO_1R_L4D2PF temperature is None
Warning: Cooling loop sensor PixelBarrel_BpO_2I_L3D1PF temperature is None
Warning: Cooling loop sensor PixelBarrel_BpO_2I_L3D1PF temperature is None
Warning: Cooling loop sensor PixelBarrel_BpO_2I_L3D1PF temperature is None
Warning: Cooling loop sensor PixelBarrel_BpO_2M_L3D1PF temperature is None
Warning: Cooling loop sensor PixelBarrel_BpO_2M_L3D1PF temperature is None
Warning: Cooling loop sensor PixelBarrel_BpO_2M_L3D1PF temperature is None
Warning: Cooling loop sensor PixelBarrel_BpO_2R_L3D1PF temperature is None
Warning: Cooling loop sensor PixelBarrel_BpO_2R_L3D1PF temperature is None
Warning: Cooling loop sensor PixelBarrel_BpO_2R_L3D1PF temperature is None
Warning: Cooling loop sensor PixelBarrel_BpO_3I_L2D1PF temperature is None
Warning: Cooling loop sensor PixelBarrel_BpO_3I_L2D1PF temperature is None
Warning: Cooling loop sensor PixelBarrel_BpO_3I_L2D1PF temperature is None
Warning: Cooling loop sensor PixelBarrel_BpO_3M_L2D1PF temperature is None
Warning: Cooling loop sensor PixelBarrel_BpO_3M_L2D1PF temperature is None
Warning: Cooling loop sensor PixelBarrel_BmI_1I_L4D2MN temperature is None
6218	1505385821	3600		258.52		   4825697		-999.00
Warning: Cooling loop sensor PixelBarrel_BmO_6I_L4D3MF temperature is None
Warning: Cooling loop sensor PixelBarrel_BmO_6M_L4D3MF temperature is None
Warning: Cooling loop sensor PixelBarrel_BmO_4R_L2D2MF temperature is None
Warning: Cooling loop sensor PixelBarrel_BmO_4I_L2D2MF temperature is None
Warning: Cooling loop sensor PixelBarrel_BmO_4M_L2D2MF temperature is None
Warning: Cooling loop sensor PixelBarrel_BmO_6R_L4D3MF temperature is None
Warning: Cooling loop sensor PixelBarrel_BmI_3M_L2D1MN temperature is None
Warning: Cooling loop sensor PixelBarrel_BmI_3I_L2D1MN temperature is None
Warning: Cooling loop sensor PixelBarrel_BmI_1R_L4D2MN temperature is None
Warning: Cooling loop sensor PixelBarrel_BmI_3R_L2D1MN temperature is None
Warning: Cooling loop sensor PixelBarrel_BpI_4R_L2D2PN temperature is None
Warning: Cooling loop sensor PixelBarrel_BpO_1I_L4D2PF temperature is None
Warning: Cooling loop sensor PixelBarrel_BpO_1M_L4D2PF temperature is None
Warning: Cooling loop sensor PixelBarrel_BpO_1R_L4D2PF temperature is None
Warning: Cooling loop sensor PixelBarrel_BpO_3I_L2D1PF temperature is None
Warning: Cooling loop sensor PixelBarrel_BpO_3M_L2D1PF temperature is None
Warning: Cooling loop sensor PixelBarrel_BpO_3R_L2D1PF temperature is None
Warning: Cooling loop sensor PixelBarrel_BmI_1I_L4D2MN temperature is None
Warning: Cooling loop sensor PixelBarrel_BmI_1M_L4D2MN temperature is None
Warning: Cooling loop sensor PixelBarrel_BpI_4M_L2D2PN temperature is None
Warning: Cooling loop sensor PixelBarrel_BpI_4I_L2D2PN temperature is None
Warning: Cooling loop sensor PixelBarrel_BpI_6R_L4D3PN temperature is None
Warning: Cooling loop sensor PixelBarrel_BpI_6I_L4D3PN temperature is None
Warning: Cooling loop sensor PixelBarrel_BpI_6M_L4D3PN temperature is None
Warning: Cooling loop sensor PixelBarrel_BpI_1R_L4D1PN temperature is None
Warning: Cooling loop sensor PixelBarrel_BmO_1R_L4D1MF temperature is None
Warning: Cooling loop sensor PixelBarrel_BpI_1R_L4D1PN temperature is None
Warning: Cooling loop sensor PixelBarrel_BpO_6R_L4D4PF temperature is None
Warning: Cooling loop sensor PixelBarrel_BpO_6R_L4D4PF temperature is None
Warning: Cooling loop sensor PixelBarrel_BpO_6R_L4D4PF temperature is None
Warning: Cooling loop sensor PixelBarrel_BmI_4R_L1D2MN temperature is None
Warning: Cooling loop sensor PixelBarrel_BmI_4R_L1D2MN temperature is None
Warning: Cooling loop sensor PixelBarrel_BmI_4R_L1D2MN temperature is None
Warning: Cooling loop sensor PixelBarrel_BmI_4M_L1D2MN temperature is None
Warning: Cooling loop sensor PixelBarrel_BmI_4M_L1D2MN temperature is None
Warning: Cooling loop sensor PixelBarrel_BmI_4M_L1D2MN temperature is None
Warning: Cooling loop sensor PixelBarrel_BmI_4I_L1D2MN temperature is None
Warning: Cooling loop sensor PixelBarrel_BmI_4I_L1D2MN temperature is None
Warning: Cooling loop sensor PixelBarrel_BmI_4I_L1D2MN temperature is None
Warning: Cooling loop sensor PixelBarrel_BmI_5R_L3D3MN temperature is None
Warning: Cooling loop sensor PixelBarrel_BmI_5R_L3D3MN temperature is None
Warning: Cooling loop sensor PixelBarrel_BmI_5R_L3D3MN temperature is None
Warning: Cooling loop sensor PixelBarrel_BmI_5M_L3D3MN temperature is None
Warning: Cooling loop sensor PixelBarrel_BmI_5M_L3D3MN temperature is None
Warning: Cooling loop sensor PixelBarrel_BmI_5M_L3D3MN temperature is None
Warning: Cooling loop sensor PixelBarrel_BmI_5I_L3D3MN temperature is None
Warning: Cooling loop sensor PixelBarrel_BmI_5I_L3D3MN temperature is None
Warning: Cooling loop sensor PixelBarrel_BmI_5I_L3D3MN temperature is None
Warning: Cooling loop sensor PixelBarrel_BmI_6R_L4D4MN temperature is None
Warning: Cooling loop sensor PixelBarrel_BmI_6R_L4D4MN temperature is None
Warning: Cooling loop sensor PixelBarrel_BmI_6R_L4D4MN temperature is None
Warning: Cooling loop sensor PixelBarrel_BmI_6M_L4D4MN temperature is None
Warning: Cooling loop sensor PixelBarrel_BmI_6M_L4D4MN temperature is None
Warning: Cooling loop sensor PixelBarrel_BmI_6M_L4D4MN temperature is None
Warning: Cooling loop sensor PixelBarrel_BmI_6I_L4D4MN temperature is None
Warning: Cooling loop sensor PixelBarrel_BmI_6I_L4D4MN temperature is None
Warning: Cooling loop sensor PixelBarrel_BmI_6I_L4D4MN temperature is None
Warning: Cooling loop sensor PixelBarrel_BmO_3I_L1D1MF temperature is None
Warning: Cooling loop sensor PixelBarrel_BmO_3I_L1D1MF temperature is None
Warning: Cooling loop sensor PixelBarrel_BmO_3I_L1D1MF temperature is None
Warning: Cooling loop sensor PixelBarrel_BmO_3M_L1D1MF temperature is None
Warning: Cooling loop sensor PixelBarrel_BmO_3M_L1D1MF temperature is None
Warning: Cooling loop sensor PixelBarrel_BmO_3M_L1D1MF temperature is None
Warning: Cooling loop sensor PixelBarrel_BmO_3R_L1D1MF temperature is None
Warning: Cooling loop sensor PixelBarrel_BmO_3R_L1D1MF temperature is None
Warning: Cooling loop sensor PixelBarrel_BmO_3R_L1D1MF temperature is None
Warning: Cooling loop sensor PixelBarrel_BmO_2R_L3D2MF temperature is None
Warning: Cooling loop sensor PixelBarrel_BmO_2R_L3D2MF temperature is None
Warning: Cooling loop sensor PixelBarrel_BmO_2R_L3D2MF temperature is None
Warning: Cooling loop sensor PixelBarrel_BmO_2M_L3D2MF temperature is None
Warning: Cooling loop sensor PixelBarrel_BmO_2M_L3D2MF temperature is None
Warning: Cooling loop sensor PixelBarrel_BmO_2M_L3D2MF temperature is None
Warning: Cooling loop sensor PixelBarrel_BmO_2I_L3D2MF temperature is None
Warning: Cooling loop sensor PixelBarrel_BmO_2I_L3D2MF temperature is None
Warning: Cooling loop sensor PixelBarrel_BmO_2I_L3D2MF temperature is None
Warning: Cooling loop sensor PixelBarrel_BmO_1I_L4D1MF temperature is None
Warning: Cooling loop sensor PixelBarrel_BmO_1I_L4D1MF temperature is None
Warning: Cooling loop sensor PixelBarrel_BmO_1I_L4D1MF temperature is None
Warning: Cooling loop sensor PixelBarrel_BmO_1M_L4D1MF temperature is None
Warning: Cooling loop sensor PixelBarrel_BmO_1M_L4D1MF temperature is None
Warning: Cooling loop sensor PixelBarrel_BmO_1M_L4D1MF temperature is None
Warning: Cooling loop sensor PixelBarrel_BmO_1R_L4D1MF temperature is None
Warning: Cooling loop sensor PixelBarrel_BmO_1R_L4D1MF temperature is None
Warning: Cooling loop sensor PixelBarrel_BpI_1R_L4D1PN temperature is None
Warning: Cooling loop sensor PixelBarrel_BpO_3R_L2D1PF temperature is None
Warning: Cooling loop sensor PixelBarrel_BpO_3R_L2D1PF temperature is None
Warning: Cooling loop sensor PixelBarrel_BpO_3R_L2D1PF temperature is None
Warning: Cooling loop sensor PixelBarrel_BmI_1R_L4D2MN temperature is None
Warning: Cooling loop sensor PixelBarrel_BmI_1R_L4D2MN temperature is None
Warning: Cooling loop sensor PixelBarrel_BmI_1R_L4D2MN temperature is None
Warning: Cooling loop sensor PixelBarrel_BmI_2I_L3D1MN temperature is None
Warning: Cooling loop sensor PixelBarrel_BmI_2I_L3D1MN temperature is None
Warning: Cooling loop sensor PixelBarrel_BmI_2I_L3D1MN temperature is None
Warning: Cooling loop sensor PixelBarrel_BmI_2R_L3D1MN temperature is None
Warning: Cooling loop sensor PixelBarrel_BmI_2R_L3D1MN temperature is None
Warning: Cooling loop sensor PixelBarrel_BmI_2R_L3D1MN temperature is None
Warning: Cooling loop sensor PixelBarrel_BmI_3I_L2D1MN temperature is None
Warning: Cooling loop sensor PixelBarrel_BmI_3I_L2D1MN temperature is None
Warning: Cooling loop sensor PixelBarrel_BmI_3I_L2D1MN temperature is None
Warning: Cooling loop sensor PixelBarrel_BmI_3M_L2D1MN temperature is None
Warning: Cooling loop sensor PixelBarrel_BmI_3M_L2D1MN temperature is None
Warning: Cooling loop sensor PixelBarrel_BmI_3M_L2D1MN temperature is None
Warning: Cooling loop sensor PixelBarrel_BmI_3R_L2D1MN temperature is None
Warning: Cooling loop sensor PixelBarrel_BmI_3R_L2D1MN temperature is None
Warning: Cooling loop sensor PixelBarrel_BmI_3R_L2D1MN temperature is None
Warning: Cooling loop sensor PixelBarrel_BmO_6I_L4D3MF temperature is None
Warning: Cooling loop sensor PixelBarrel_BmO_6I_L4D3MF temperature is None
Warning: Cooling loop sensor PixelBarrel_BmO_6I_L4D3MF temperature is None
Warning: Cooling loop sensor PixelBarrel_BmO_6M_L4D3MF temperature is None
Warning: Cooling loop sensor PixelBarrel_BmO_6M_L4D3MF temperature is None
Warning: Cooling loop sensor PixelBarrel_BmO_6M_L4D3MF temperature is None
Warning: Cooling loop sensor PixelBarrel_BmO_6R_L4D3MF temperature is None
Warning: Cooling loop sensor PixelBarrel_BmO_6R_L4D3MF temperature is None
Warning: Cooling loop sensor PixelBarrel_BmO_6R_L4D3MF temperature is None
Warning: Cooling loop sensor PixelBarrel_BmO_5I_L3D4MF temperature is None
Warning: Cooling loop sensor PixelBarrel_BmO_5I_L3D4MF temperature is None
Warning: Cooling loop sensor PixelBarrel_BmO_5I_L3D4MF temperature is None
Warning: Cooling loop sensor PixelBarrel_BmO_5M_L3D4MF temperature is None
Warning: Cooling loop sensor PixelBarrel_BmO_5M_L3D4MF temperature is None
Warning: Cooling loop sensor PixelBarrel_BmO_5M_L3D4MF temperature is None
Warning: Cooling loop sensor PixelBarrel_BmO_5R_L3D4MF temperature is None
Warning: Cooling loop sensor PixelBarrel_BmO_5R_L3D4MF temperature is None
Warning: Cooling loop sensor PixelBarrel_BmO_5R_L3D4MF temperature is None
Warning: Cooling loop sensor PixelBarrel_BmO_4I_L2D2MF temperature is None
Warning: Cooling loop sensor PixelBarrel_BmO_4I_L2D2MF temperature is None
Warning: Cooling loop sensor PixelBarrel_BmO_4I_L2D2MF temperature is None
Warning: Cooling loop sensor PixelBarrel_BmO_4M_L2D2MF temperature is None
Warning: Cooling loop sensor PixelBarrel_BmO_4M_L2D2MF temperature is None
Warning: Cooling loop sensor PixelBarrel_BmO_4M_L2D2MF temperature is None
Warning: Cooling loop sensor PixelBarrel_BmO_4R_L2D2MF temperature is None
Warning: Cooling loop sensor PixelBarrel_BmO_4R_L2D2MF temperature is None
Warning: Cooling loop sensor PixelBarrel_BmO_4R_L2D2MF temperature is None
Warning: Cooling loop sensor PixelBarrel_BpI_3I_L1D1PN temperature is None
Warning: Cooling loop sensor PixelBarrel_BpI_3I_L1D1PN temperature is None
Warning: Cooling loop sensor PixelBarrel_BpI_3I_L1D1PN temperature is None
Warning: Cooling loop sensor PixelBarrel_BpI_3R_L1D1PN temperature is None
Warning: Cooling loop sensor PixelBarrel_BpI_3R_L1D1PN temperature is None
Warning: Cooling loop sensor PixelBarrel_BpI_3R_L1D1PN temperature is None
Warning: Cooling loop sensor PixelBarrel_BpI_2I_L3D2PN temperature is None
Warning: Cooling loop sensor PixelBarrel_BpI_2I_L3D2PN temperature is None
Warning: Cooling loop sensor PixelBarrel_BpI_2I_L3D2PN temperature is None
Warning: Cooling loop sensor PixelBarrel_BpI_2M_L3D2PN temperature is None
Warning: Cooling loop sensor PixelBarrel_BpI_2M_L3D2PN temperature is None
Warning: Cooling loop sensor PixelBarrel_BpI_2M_L3D2PN temperature is None
Warning: Cooling loop sensor PixelBarrel_BpI_2R_L3D2PN temperature is None
Warning: Cooling loop sensor PixelBarrel_BpI_2R_L3D2PN temperature is None
Warning: Cooling loop sensor PixelBarrel_BpI_2R_L3D2PN temperature is None
Warning: Cooling loop sensor PixelBarrel_BpI_1I_L4D1PN temperature is None
Warning: Cooling loop sensor PixelBarrel_BpI_1I_L4D1PN temperature is None
Warning: Cooling loop sensor PixelBarrel_BpI_1I_L4D1PN temperature is None
Warning: Cooling loop sensor PixelBarrel_BpI_1M_L4D1PN temperature is None
Warning: Cooling loop sensor PixelBarrel_BpI_1M_L4D1PN temperature is None
Warning: Cooling loop sensor PixelBarrel_BpI_1M_L4D1PN temperature is None
Warning: Cooling loop sensor PixelBarrel_BpO_4I_L1D2PF temperature is None
Warning: Cooling loop sensor PixelBarrel_BpO_4I_L1D2PF temperature is None
Warning: Cooling loop sensor PixelBarrel_BpO_4I_L1D2PF temperature is None
Warning: Cooling loop sensor PixelBarrel_BpO_4R_L1D2PF temperature is None
Warning: Cooling loop sensor PixelBarrel_BpO_4R_L1D2PF temperature is None
Warning: Cooling loop sensor PixelBarrel_BpO_4R_L1D2PF temperature is None
Warning: Cooling loop sensor PixelBarrel_BpO_5I_L3D3PF temperature is None
Warning: Cooling loop sensor PixelBarrel_BpO_5I_L3D3PF temperature is None
Warning: Cooling loop sensor PixelBarrel_BpO_5I_L3D3PF temperature is None
Warning: Cooling loop sensor PixelBarrel_BpO_5M_L3D3PF temperature is None
Warning: Cooling loop sensor PixelBarrel_BpO_5M_L3D3PF temperature is None
Warning: Cooling loop sensor PixelBarrel_BpO_5M_L3D3PF temperature is None
Warning: Cooling loop sensor PixelBarrel_BpO_5R_L3D3PF temperature is None
Warning: Cooling loop sensor PixelBarrel_BpO_5R_L3D3PF temperature is None
Warning: Cooling loop sensor PixelBarrel_BpO_5R_L3D3PF temperature is None
Warning: Cooling loop sensor PixelBarrel_BpO_6I_L4D4PF temperature is None
Warning: Cooling loop sensor PixelBarrel_BpO_6I_L4D4PF temperature is None
Warning: Cooling loop sensor PixelBarrel_BpO_6I_L4D4PF temperature is None
Warning: Cooling loop sensor PixelBarrel_BpO_6M_L4D4PF temperature is None
Warning: Cooling loop sensor PixelBarrel_BpO_6M_L4D4PF temperature is None
Warning: Cooling loop sensor PixelBarrel_BpO_6M_L4D4PF temperature is None
Warning: Cooling loop sensor PixelBarrel_BpI_6I_L4D3PN temperature is None
Warning: Cooling loop sensor PixelBarrel_BmI_1M_L4D2MN temperature is None
Warning: Cooling loop sensor PixelBarrel_BpI_6I_L4D3PN temperature is None
Warning: Cooling loop sensor PixelBarrel_BpI_6M_L4D3PN temperature is None
Warning: Cooling loop sensor PixelBarrel_BpI_6M_L4D3PN temperature is None
Warning: Cooling loop sensor PixelBarrel_BpI_6M_L4D3PN temperature is None
Warning: Cooling loop sensor PixelBarrel_BpI_6R_L4D3PN temperature is None
Warning: Cooling loop sensor PixelBarrel_BpI_6R_L4D3PN temperature is None
Warning: Cooling loop sensor PixelBarrel_BpI_6R_L4D3PN temperature is None
Warning: Cooling loop sensor PixelBarrel_BpI_5I_L3D4PN temperature is None
Warning: Cooling loop sensor PixelBarrel_BpI_5I_L3D4PN temperature is None
Warning: Cooling loop sensor PixelBarrel_BpI_5I_L3D4PN temperature is None
Warning: Cooling loop sensor PixelBarrel_BpI_5M_L3D4PN temperature is None
Warning: Cooling loop sensor PixelBarrel_BpI_5M_L3D4PN temperature is None
Warning: Cooling loop sensor PixelBarrel_BpI_5M_L3D4PN temperature is None
Warning: Cooling loop sensor PixelBarrel_BpI_5R_L3D4PN temperature is None
Warning: Cooling loop sensor PixelBarrel_BpI_5R_L3D4PN temperature is None
Warning: Cooling loop sensor PixelBarrel_BpI_5R_L3D4PN temperature is None
Warning: Cooling loop sensor PixelBarrel_BpI_4I_L2D2PN temperature is None
Warning: Cooling loop sensor PixelBarrel_BpI_4I_L2D2PN temperature is None
Warning: Cooling loop sensor PixelBarrel_BpI_4I_L2D2PN temperature is None
Warning: Cooling loop sensor PixelBarrel_BpI_4M_L2D2PN temperature is None
Warning: Cooling loop sensor PixelBarrel_BpI_4M_L2D2PN temperature is None
Warning: Cooling loop sensor PixelBarrel_BpI_4M_L2D2PN temperature is None
Warning: Cooling loop sensor PixelBarrel_BpI_4R_L2D2PN temperature is None
Warning: Cooling loop sensor PixelBarrel_BpI_4R_L2D2PN temperature is None
Warning: Cooling loop sensor PixelBarrel_BpI_4R_L2D2PN temperature is None
Warning: Cooling loop sensor PixelBarrel_BpO_1I_L4D2PF temperature is None
Warning: Cooling loop sensor PixelBarrel_BpO_1I_L4D2PF temperature is None
Warning: Cooling loop sensor PixelBarrel_BpO_1I_L4D2PF temperature is None
Warning: Cooling loop sensor PixelBarrel_BpO_1M_L4D2PF temperature is None
Warning: Cooling loop sensor PixelBarrel_BpO_1M_L4D2PF temperature is None
Warning: Cooling loop sensor PixelBarrel_BpO_1M_L4D2PF temperature is None
Warning: Cooling loop sensor PixelBarrel_BpO_1R_L4D2PF temperature is None
Warning: Cooling loop sensor PixelBarrel_BpO_1R_L4D2PF temperature is None
Warning: Cooling loop sensor PixelBarrel_BpO_1R_L4D2PF temperature is None
Warning: Cooling loop sensor PixelBarrel_BpO_2I_L3D1PF temperature is None
Warning: Cooling loop sensor PixelBarrel_BpO_2I_L3D1PF temperature is None
Warning: Cooling loop sensor PixelBarrel_BpO_2I_L3D1PF temperature is None
Warning: Cooling loop sensor PixelBarrel_BpO_2M_L3D1PF temperature is None
Warning: Cooling loop sensor PixelBarrel_BpO_2M_L3D1PF temperature is None
Warning: Cooling loop sensor PixelBarrel_BpO_2M_L3D1PF temperature is None
Warning: Cooling loop sensor PixelBarrel_BpO_2R_L3D1PF temperature is None
Warning: Cooling loop sensor PixelBarrel_BpO_2R_L3D1PF temperature is None
Warning: Cooling loop sensor PixelBarrel_BpO_2R_L3D1PF temperature is None
Warning: Cooling loop sensor PixelBarrel_BpO_3I_L2D1PF temperature is None
Warning: Cooling loop sensor PixelBarrel_BpO_3I_L2D1PF temperature is None
Warning: Cooling loop sensor PixelBarrel_BpO_3I_L2D1PF temperature is None
Warning: Cooling loop sensor PixelBarrel_BpO_3M_L2D1PF temperature is None
Warning: Cooling loop sensor PixelBarrel_BpO_3M_L2D1PF temperature is None
Warning: Cooling loop sensor PixelBarrel_BpO_3M_L2D1PF temperature is None
Warning: Cooling loop sensor PixelBarrel_BmI_1I_L4D2MN temperature is None
Warning: Cooling loop sensor PixelBarrel_BmI_1I_L4D2MN temperature is None
Warning: Cooling loop sensor PixelBarrel_BmI_1I_L4D2MN temperature is None
Warning: Cooling loop sensor PixelBarrel_BmI_1M_L4D2MN temperature is None
Warning: Cooling loop sensor PixelBarrel_BmI_1M_L4D2MN temperature is None
Warning: Cooling loop sensor PixelBarrel_BpI_6I_L4D3PN temperature is None
Warning: Cooling loop sensor PixelBarrel_BmO_6I_L4D3MF temperature is None
Warning: Cooling loop sensor PixelBarrel_BmO_6M_L4D3MF temperature is None
Warning: Cooling loop sensor PixelBarrel_BmO_4R_L2D2MF temperature is None
Warning: Cooling loop sensor PixelBarrel_BmO_4I_L2D2MF temperature is None
Warning: Cooling loop sensor PixelBarrel_BmO_4M_L2D2MF temperature is None
Warning: Cooling loop sensor PixelBarrel_BmO_6R_L4D3MF temperature is None
Warning: Cooling loop sensor PixelBarrel_BmI_3M_L2D1MN temperature is None
Warning: Cooling loop sensor PixelBarrel_BmI_3I_L2D1MN temperature is None
Warning: Cooling loop sensor PixelBarrel_BmI_1R_L4D2MN temperature is None
Warning: Cooling loop sensor PixelBarrel_BmI_3R_L2D1MN temperature is None
Warning: Cooling loop sensor PixelBarrel_BpI_4R_L2D2PN temperature is None
Warning: Cooling loop sensor PixelBarrel_BpO_1I_L4D2PF temperature is None
Warning: Cooling loop sensor PixelBarrel_BpO_1M_L4D2PF temperature is None
Warning: Cooling loop sensor PixelBarrel_BpO_1R_L4D2PF temperature is None
Warning: Cooling loop sensor PixelBarrel_BpO_3I_L2D1PF temperature is None
Warning: Cooling loop sensor PixelBarrel_BpO_3M_L2D1PF temperature is None
Warning: Cooling loop sensor PixelBarrel_BpO_3R_L2D1PF temperature is None
Warning: Cooling loop sensor PixelBarrel_BmI_1I_L4D2MN temperature is None
Warning: Cooling loop sensor PixelBarrel_BmI_1M_L4D2MN temperature is None
Warning: Cooling loop sensor PixelBarrel_BpI_4M_L2D2PN temperature is None
Warning: Cooling loop sensor PixelBarrel_BpI_4I_L2D2PN temperature is None
Warning: Cooling loop sensor PixelBarrel_BpI_6R_L4D3PN temperature is None
Warning: Cooling loop sensor PixelBarrel_BpI_6I_L4D3PN temperature is None
Warning: Cooling loop sensor PixelBarrel_BpI_6M_L4D3PN temperature is None
Warning: Cooling loop sensor PixelBarrel_BpI_1R_L4D1PN temperature is None
Warning: Cooling loop sensor PixelBarrel_BmO_1R_L4D1MF temperature is None
Warning: Cooling loop sensor PixelBarrel_BpI_1R_L4D1PN temperature is None
Warning: Cooling loop sensor PixelBarrel_BpO_6R_L4D4PF temperature is None
Warning: Cooling loop sensor PixelBarrel_BpO_6R_L4D4PF temperature is None
Warning: Cooling loop sensor PixelBarrel_BpO_6R_L4D4PF temperature is None
Warning: Cooling loop sensor PixelBarrel_BmI_4R_L1D2MN temperature is None
Warning: Cooling loop sensor PixelBarrel_BmI_4R_L1D2MN temperature is None
Warning: Cooling loop sensor PixelBarrel_BmI_4R_L1D2MN temperature is None
Warning: Cooling loop sensor PixelBarrel_BmI_4M_L1D2MN temperature is None
Warning: Cooling loop sensor PixelBarrel_BmI_4M_L1D2MN temperature is None
Warning: Cooling loop sensor PixelBarrel_BmI_4M_L1D2MN temperature is None
Warning: Cooling loop sensor PixelBarrel_BmI_4I_L1D2MN temperature is None
Warning: Cooling loop sensor PixelBarrel_BmI_4I_L1D2MN temperature is None
Warning: Cooling loop sensor PixelBarrel_BmI_4I_L1D2MN temperature is None
Warning: Cooling loop sensor PixelBarrel_BmI_5R_L3D3MN temperature is None
Warning: Cooling loop sensor PixelBarrel_BmI_5R_L3D3MN temperature is None
Warning: Cooling loop sensor PixelBarrel_BmI_5R_L3D3MN temperature is None
Warning: Cooling loop sensor PixelBarrel_BmI_5M_L3D3MN temperature is None
Warning: Cooling loop sensor PixelBarrel_BmI_5M_L3D3MN temperature is None
Warning: Cooling loop sensor PixelBarrel_BmI_5M_L3D3MN temperature is None
Warning: Cooling loop sensor PixelBarrel_BmI_5I_L3D3MN temperature is None
Warning: Cooling loop sensor PixelBarrel_BmI_5I_L3D3MN temperature is None
Warning: Cooling loop sensor PixelBarrel_BmI_5I_L3D3MN temperature is None
Warning: Cooling loop sensor PixelBarrel_BmI_6R_L4D4MN temperature is None
Warning: Cooling loop sensor PixelBarrel_BmI_6R_L4D4MN temperature is None
Warning: Cooling loop sensor PixelBarrel_BmI_6R_L4D4MN temperature is None
Warning: Cooling loop sensor PixelBarrel_BmI_6M_L4D4MN temperature is None
Warning: Cooling loop sensor PixelBarrel_BmI_6M_L4D4MN temperature is None
Warning: Cooling loop sensor PixelBarrel_BmI_6M_L4D4MN temperature is None
Warning: Cooling loop sensor PixelBarrel_BmI_6I_L4D4MN temperature is None
Warning: Cooling loop sensor PixelBarrel_BmI_6I_L4D4MN temperature is None
Warning: Cooling loop sensor PixelBarrel_BmI_6I_L4D4MN temperature is None
Warning: Cooling loop sensor PixelBarrel_BmO_3I_L1D1MF temperature is None
Warning: Cooling loop sensor PixelBarrel_BmO_3I_L1D1MF temperature is None
Warning: Cooling loop sensor PixelBarrel_BmO_3I_L1D1MF temperature is None
Warning: Cooling loop sensor PixelBarrel_BmO_3M_L1D1MF temperature is None
Warning: Cooling loop sensor PixelBarrel_BmO_3M_L1D1MF temperature is None
Warning: Cooling loop sensor PixelBarrel_BmO_3M_L1D1MF temperature is None
Warning: Cooling loop sensor PixelBarrel_BmO_3R_L1D1MF temperature is None
Warning: Cooling loop sensor PixelBarrel_BmO_3R_L1D1MF temperature is None
Warning: Cooling loop sensor PixelBarrel_BmO_3R_L1D1MF temperature is None
Warning: Cooling loop sensor PixelBarrel_BmO_2R_L3D2MF temperature is None
Warning: Cooling loop sensor PixelBarrel_BmO_2R_L3D2MF temperature is None
Warning: Cooling loop sensor PixelBarrel_BmO_2R_L3D2MF temperature is None
Warning: Cooling loop sensor PixelBarrel_BmO_2M_L3D2MF temperature is None
Warning: Cooling loop sensor PixelBarrel_BmO_2M_L3D2MF temperature is None
Warning: Cooling loop sensor PixelBarrel_BmO_2M_L3D2MF temperature is None
Warning: Cooling loop sensor PixelBarrel_BmO_2I_L3D2MF temperature is None
Warning: Cooling loop sensor PixelBarrel_BmO_2I_L3D2MF temperature is None
Warning: Cooling loop sensor PixelBarrel_BmO_2I_L3D2MF temperature is None
Warning: Cooling loop sensor PixelBarrel_BmO_1I_L4D1MF temperature is None
Warning: Cooling loop sensor PixelBarrel_BmO_1I_L4D1MF temperature is None
Warning: Cooling loop sensor PixelBarrel_BmO_1I_L4D1MF temperature is None
Warning: Cooling loop sensor PixelBarrel_BmO_1M_L4D1MF temperature is None
Warning: Cooling loop sensor PixelBarrel_BmO_1M_L4D1MF temperature is None
Warning: Cooling loop sensor PixelBarrel_BmO_1M_L4D1MF temperature is None
Warning: Cooling loop sensor PixelBarrel_BmO_1R_L4D1MF temperature is None
Warning: Cooling loop sensor PixelBarrel_BmO_1R_L4D1MF temperature is None
Warning: Cooling loop sensor PixelBarrel_BpI_1R_L4D1PN temperature is None
Warning: Cooling loop sensor PixelBarrel_BpO_3R_L2D1PF temperature is None
Warning: Cooling loop sensor PixelBarrel_BpO_3R_L2D1PF temperature is None
Warning: Cooling loop sensor PixelBarrel_BpO_3R_L2D1PF temperature is None
Warning: Cooling loop sensor PixelBarrel_BmI_1R_L4D2MN temperature is None
Warning: Cooling loop sensor PixelBarrel_BmI_1R_L4D2MN temperature is None
Warning: Cooling loop sensor PixelBarrel_BmI_1R_L4D2MN temperature is None
Warning: Cooling loop sensor PixelBarrel_BmI_2I_L3D1MN temperature is None
Warning: Cooling loop sensor PixelBarrel_BmI_2I_L3D1MN temperature is None
Warning: Cooling loop sensor PixelBarrel_BmI_2I_L3D1MN temperature is None
Warning: Cooling loop sensor PixelBarrel_BmI_2R_L3D1MN temperature is None
Warning: Cooling loop sensor PixelBarrel_BmI_2R_L3D1MN temperature is None
Warning: Cooling loop sensor PixelBarrel_BmI_2R_L3D1MN temperature is None
Warning: Cooling loop sensor PixelBarrel_BmI_3I_L2D1MN temperature is None
Warning: Cooling loop sensor PixelBarrel_BmI_3I_L2D1MN temperature is None
Warning: Cooling loop sensor PixelBarrel_BmI_3I_L2D1MN temperature is None
Warning: Cooling loop sensor PixelBarrel_BmI_3M_L2D1MN temperature is None
Warning: Cooling loop sensor PixelBarrel_BmI_3M_L2D1MN temperature is None
Warning: Cooling loop sensor PixelBarrel_BmI_3M_L2D1MN temperature is None
Warning: Cooling loop sensor PixelBarrel_BmI_3R_L2D1MN temperature is None
Warning: Cooling loop sensor PixelBarrel_BmI_3R_L2D1MN temperature is None
Warning: Cooling loop sensor PixelBarrel_BmI_3R_L2D1MN temperature is None
Warning: Cooling loop sensor PixelBarrel_BmO_6I_L4D3MF temperature is None
Warning: Cooling loop sensor PixelBarrel_BmO_6I_L4D3MF temperature is None
Warning: Cooling loop sensor PixelBarrel_BmO_6I_L4D3MF temperature is None
Warning: Cooling loop sensor PixelBarrel_BmO_6M_L4D3MF temperature is None
Warning: Cooling loop sensor PixelBarrel_BmO_6M_L4D3MF temperature is None
Warning: Cooling loop sensor PixelBarrel_BmO_6M_L4D3MF temperature is None
Warning: Cooling loop sensor PixelBarrel_BmO_6R_L4D3MF temperature is None
Warning: Cooling loop sensor PixelBarrel_BmO_6R_L4D3MF temperature is None
Warning: Cooling loop sensor PixelBarrel_BmO_6R_L4D3MF temperature is None
Warning: Cooling loop sensor PixelBarrel_BmO_5I_L3D4MF temperature is None
Warning: Cooling loop sensor PixelBarrel_BmO_5I_L3D4MF temperature is None
Warning: Cooling loop sensor PixelBarrel_BmO_5I_L3D4MF temperature is None
Warning: Cooling loop sensor PixelBarrel_BmO_5M_L3D4MF temperature is None
Warning: Cooling loop sensor PixelBarrel_BmO_5M_L3D4MF temperature is None
Warning: Cooling loop sensor PixelBarrel_BmO_5M_L3D4MF temperature is None
Warning: Cooling loop sensor PixelBarrel_BmO_5R_L3D4MF temperature is None
Warning: Cooling loop sensor PixelBarrel_BmO_5R_L3D4MF temperature is None
Warning: Cooling loop sensor PixelBarrel_BmO_5R_L3D4MF temperature is None
Warning: Cooling loop sensor PixelBarrel_BmO_4I_L2D2MF temperature is None
Warning: Cooling loop sensor PixelBarrel_BmO_4I_L2D2MF temperature is None
Warning: Cooling loop sensor PixelBarrel_BmO_4I_L2D2MF temperature is None
Warning: Cooling loop sensor PixelBarrel_BmO_4M_L2D2MF temperature is None
Warning: Cooling loop sensor PixelBarrel_BmO_4M_L2D2MF temperature is None
Warning: Cooling loop sensor PixelBarrel_BmO_4M_L2D2MF temperature is None
Warning: Cooling loop sensor PixelBarrel_BmO_4R_L2D2MF temperature is None
Warning: Cooling loop sensor PixelBarrel_BmO_4R_L2D2MF temperature is None
Warning: Cooling loop sensor PixelBarrel_BmO_4R_L2D2MF temperature is None
Warning: Cooling loop sensor PixelBarrel_BpI_3I_L1D1PN temperature is None
Warning: Cooling loop sensor PixelBarrel_BpI_3I_L1D1PN temperature is None
Warning: Cooling loop sensor PixelBarrel_BpI_3I_L1D1PN temperature is None
Warning: Cooling loop sensor PixelBarrel_BpI_3R_L1D1PN temperature is None
Warning: Cooling loop sensor PixelBarrel_BpI_3R_L1D1PN temperature is None
Warning: Cooling loop sensor PixelBarrel_BpI_3R_L1D1PN temperature is None
Warning: Cooling loop sensor PixelBarrel_BpI_2I_L3D2PN temperature is None
Warning: Cooling loop sensor PixelBarrel_BpI_2I_L3D2PN temperature is None
Warning: Cooling loop sensor PixelBarrel_BpI_2I_L3D2PN temperature is None
Warning: Cooling loop sensor PixelBarrel_BpI_2M_L3D2PN temperature is None
Warning: Cooling loop sensor PixelBarrel_BpI_2M_L3D2PN temperature is None
Warning: Cooling loop sensor PixelBarrel_BpI_2M_L3D2PN temperature is None
Warning: Cooling loop sensor PixelBarrel_BpI_2R_L3D2PN temperature is None
Warning: Cooling loop sensor PixelBarrel_BpI_2R_L3D2PN temperature is None
Warning: Cooling loop sensor PixelBarrel_BpI_2R_L3D2PN temperature is None
Warning: Cooling loop sensor PixelBarrel_BpI_1I_L4D1PN temperature is None
Warning: Cooling loop sensor PixelBarrel_BpI_1I_L4D1PN temperature is None
Warning: Cooling loop sensor PixelBarrel_BpI_1I_L4D1PN temperature is None
Warning: Cooling loop sensor PixelBarrel_BpI_1M_L4D1PN temperature is None
Warning: Cooling loop sensor PixelBarrel_BpI_1M_L4D1PN temperature is None
Warning: Cooling loop sensor PixelBarrel_BpI_1M_L4D1PN temperature is None
Warning: Cooling loop sensor PixelBarrel_BpO_4I_L1D2PF temperature is None
Warning: Cooling loop sensor PixelBarrel_BpO_4I_L1D2PF temperature is None
Warning: Cooling loop sensor PixelBarrel_BpO_4I_L1D2PF temperature is None
Warning: Cooling loop sensor PixelBarrel_BpO_4R_L1D2PF temperature is None
Warning: Cooling loop sensor PixelBarrel_BpO_4R_L1D2PF temperature is None
Warning: Cooling loop sensor PixelBarrel_BpO_4R_L1D2PF temperature is None
Warning: Cooling loop sensor PixelBarrel_BpO_5I_L3D3PF temperature is None
Warning: Cooling loop sensor PixelBarrel_BpO_5I_L3D3PF temperature is None
Warning: Cooling loop sensor PixelBarrel_BpO_5I_L3D3PF temperature is None
Warning: Cooling loop sensor PixelBarrel_BpO_5M_L3D3PF temperature is None
Warning: Cooling loop sensor PixelBarrel_BpO_5M_L3D3PF temperature is None
Warning: Cooling loop sensor PixelBarrel_BpO_5M_L3D3PF temperature is None
Warning: Cooling loop sensor PixelBarrel_BpO_5R_L3D3PF temperature is None
Warning: Cooling loop sensor PixelBarrel_BpO_5R_L3D3PF temperature is None
Warning: Cooling loop sensor PixelBarrel_BpO_5R_L3D3PF temperature is None
Warning: Cooling loop sensor PixelBarrel_BpO_6I_L4D4PF temperature is None
Warning: Cooling loop sensor PixelBarrel_BpO_6I_L4D4PF temperature is None
Warning: Cooling loop sensor PixelBarrel_BpO_6I_L4D4PF temperature is None
Warning: Cooling loop sensor PixelBarrel_BpO_6M_L4D4PF temperature is None
Warning: Cooling loop sensor PixelBarrel_BpO_6M_L4D4PF temperature is None
Warning: Cooling loop sensor PixelBarrel_BpO_6M_L4D4PF temperature is None
Warning: Cooling loop sensor PixelBarrel_BpI_6I_L4D3PN temperature is None
Warning: Cooling loop sensor PixelBarrel_BmI_1M_L4D2MN temperature is None
Warning: Cooling loop sensor PixelBarrel_BpI_6I_L4D3PN temperature is None
Warning: Cooling loop sensor PixelBarrel_BpI_6M_L4D3PN temperature is None
Warning: Cooling loop sensor PixelBarrel_BpI_6M_L4D3PN temperature is None
Warning: Cooling loop sensor PixelBarrel_BpI_6M_L4D3PN temperature is None
Warning: Cooling loop sensor PixelBarrel_BpI_6R_L4D3PN temperature is None
Warning: Cooling loop sensor PixelBarrel_BpI_6R_L4D3PN temperature is None
Warning: Cooling loop sensor PixelBarrel_BpI_6R_L4D3PN temperature is None
Warning: Cooling loop sensor PixelBarrel_BpI_5I_L3D4PN temperature is None
Warning: Cooling loop sensor PixelBarrel_BpI_5I_L3D4PN temperature is None
Warning: Cooling loop sensor PixelBarrel_BpI_5I_L3D4PN temperature is None
Warning: Cooling loop sensor PixelBarrel_BpI_5M_L3D4PN temperature is None
Warning: Cooling loop sensor PixelBarrel_BpI_5M_L3D4PN temperature is None
Warning: Cooling loop sensor PixelBarrel_BpI_5M_L3D4PN temperature is None
Warning: Cooling loop sensor PixelBarrel_BpI_5R_L3D4PN temperature is None
Warning: Cooling loop sensor PixelBarrel_BpI_5R_L3D4PN temperature is None
Warning: Cooling loop sensor PixelBarrel_BpI_5R_L3D4PN temperature is None
Warning: Cooling loop sensor PixelBarrel_BpI_4I_L2D2PN temperature is None
Warning: Cooling loop sensor PixelBarrel_BpI_4I_L2D2PN temperature is None
Warning: Cooling loop sensor PixelBarrel_BpI_4I_L2D2PN temperature is None
Warning: Cooling loop sensor PixelBarrel_BpI_4M_L2D2PN temperature is None
Warning: Cooling loop sensor PixelBarrel_BpI_4M_L2D2PN temperature is None
Warning: Cooling loop sensor PixelBarrel_BpI_4M_L2D2PN temperature is None
Warning: Cooling loop sensor PixelBarrel_BpI_4R_L2D2PN temperature is None
Warning: Cooling loop sensor PixelBarrel_BpI_4R_L2D2PN temperature is None
Warning: Cooling loop sensor PixelBarrel_BpI_4R_L2D2PN temperature is None
Warning: Cooling loop sensor PixelBarrel_BpO_1I_L4D2PF temperature is None
Warning: Cooling loop sensor PixelBarrel_BpO_1I_L4D2PF temperature is None
Warning: Cooling loop sensor PixelBarrel_BpO_1I_L4D2PF temperature is None
Warning: Cooling loop sensor PixelBarrel_BpO_1M_L4D2PF temperature is None
Warning: Cooling loop sensor PixelBarrel_BpO_1M_L4D2PF temperature is None
Warning: Cooling loop sensor PixelBarrel_BpO_1M_L4D2PF temperature is None
Warning: Cooling loop sensor PixelBarrel_BpO_1R_L4D2PF temperature is None
Warning: Cooling loop sensor PixelBarrel_BpO_1R_L4D2PF temperature is None
Warning: Cooling loop sensor PixelBarrel_BpO_1R_L4D2PF temperature is None
Warning: Cooling loop sensor PixelBarrel_BpO_2I_L3D1PF temperature is None
Warning: Cooling loop sensor PixelBarrel_BpO_2I_L3D1PF temperature is None
Warning: Cooling loop sensor PixelBarrel_BpO_2I_L3D1PF temperature is None
Warning: Cooling loop sensor PixelBarrel_BpO_2M_L3D1PF temperature is None
Warning: Cooling loop sensor PixelBarrel_BpO_2M_L3D1PF temperature is None
Warning: Cooling loop sensor PixelBarrel_BpO_2M_L3D1PF temperature is None
Warning: Cooling loop sensor PixelBarrel_BpO_2R_L3D1PF temperature is None
Warning: Cooling loop sensor PixelBarrel_BpO_2R_L3D1PF temperature is None
Warning: Cooling loop sensor PixelBarrel_BpO_2R_L3D1PF temperature is None
Warning: Cooling loop sensor PixelBarrel_BpO_3I_L2D1PF temperature is None
Warning: Cooling loop sensor PixelBarrel_BpO_3I_L2D1PF temperature is None
Warning: Cooling loop sensor PixelBarrel_BpO_3I_L2D1PF temperature is None
Warning: Cooling loop sensor PixelBarrel_BpO_3M_L2D1PF temperature is None
Warning: Cooling loop sensor PixelBarrel_BpO_3M_L2D1PF temperature is None
Warning: Cooling loop sensor PixelBarrel_BpO_3M_L2D1PF temperature is None
Warning: Cooling loop sensor PixelBarrel_BmI_1I_L4D2MN temperature is None
Warning: Cooling loop sensor PixelBarrel_BmI_1I_L4D2MN temperature is None
Warning: Cooling loop sensor PixelBarrel_BmI_1I_L4D2MN temperature is None
Warning: Cooling loop sensor PixelBarrel_BmI_1M_L4D2MN temperature is None
Warning: Cooling loop sensor PixelBarrel_BmI_1M_L4D2MN temperature is None
Warning: Cooling loop sensor PixelBarrel_BpI_6I_L4D3PN temperature is None
Warning: Cooling loop sensor PixelBarrel_BmO_4R_L2D2MF temperature is None
Warning: Cooling loop sensor PixelBarrel_BmO_6I_L4D3MF temperature is None
Warning: Cooling loop sensor PixelBarrel_BmO_4M_L2D2MF temperature is None
Warning: Cooling loop sensor PixelBarrel_BmO_6R_L4D3MF temperature is None
Warning: Cooling loop sensor PixelBarrel_BmO_4I_L2D2MF temperature is None
Warning: Cooling loop sensor PixelBarrel_BmO_6M_L4D3MF temperature is None
Warning: Cooling loop sensor PixelBarrel_BmI_3I_L2D1MN temperature is None
Warning: Cooling loop sensor PixelBarrel_BmI_1R_L4D2MN temperature is None
Warning: Cooling loop sensor PixelBarrel_BmI_3R_L2D1MN temperature is None
Warning: Cooling loop sensor PixelBarrel_BmI_3M_L2D1MN temperature is None
Warning: Cooling loop sensor PixelBarrel_BpI_6M_L4D3PN temperature is None
Warning: Cooling loop sensor PixelBarrel_BpI_6R_L4D3PN temperature is None
Warning: Cooling loop sensor PixelBarrel_BpI_4I_L2D2PN temperature is None
Warning: Cooling loop sensor PixelBarrel_BpI_4M_L2D2PN temperature is None
Warning: Cooling loop sensor PixelBarrel_BpI_4R_L2D2PN temperature is None
Warning: Cooling loop sensor PixelBarrel_BpO_1I_L4D2PF temperature is None
Warning: Cooling loop sensor PixelBarrel_BpO_1M_L4D2PF temperature is None
Warning: Cooling loop sensor PixelBarrel_BpO_1R_L4D2PF temperature is None
Warning: Cooling loop sensor PixelBarrel_BpO_3I_L2D1PF temperature is None
Warning: Cooling loop sensor PixelBarrel_BpI_6I_L4D3PN temperature is None
Warning: Cooling loop sensor PixelBarrel_BmI_1M_L4D2MN temperature is None
Warning: Cooling loop sensor PixelBarrel_BpO_3M_L2D1PF temperature is None
Warning: Cooling loop sensor PixelBarrel_BpO_3R_L2D1PF temperature is None
Warning: Cooling loop sensor PixelBarrel_BmI_1I_L4D2MN temperature is None
Warning: Cooling loop sensor PixelBarrel_BmI_5I_L3D3MN temperature is None
Warning: Cooling loop sensor PixelBarrel_BmI_5M_L3D3MN temperature is None
Warning: Cooling loop sensor PixelBarrel_BmI_5I_L3D3MN temperature is None
Warning: Cooling loop sensor PixelBarrel_BmI_6R_L4D4MN temperature is None
Warning: Cooling loop sensor PixelBarrel_BmI_6R_L4D4MN temperature is None
Warning: Cooling loop sensor PixelBarrel_BmI_6R_L4D4MN temperature is None
Warning: Cooling loop sensor PixelBarrel_BmI_6M_L4D4MN temperature is None
Warning: Cooling loop sensor PixelBarrel_BmI_6M_L4D4MN temperature is None
Warning: Cooling loop sensor PixelBarrel_BmI_6M_L4D4MN temperature is None
Warning: Cooling loop sensor PixelBarrel_BmI_6I_L4D4MN temperature is None
Warning: Cooling loop sensor PixelBarrel_BmI_6I_L4D4MN temperature is None
Warning: Cooling loop sensor PixelBarrel_BmI_6I_L4D4MN temperature is None
Warning: Cooling loop sensor PixelBarrel_BmO_3I_L1D1MF temperature is None
Warning: Cooling loop sensor PixelBarrel_BmO_3I_L1D1MF temperature is None
Warning: Cooling loop sensor PixelBarrel_BmO_3I_L1D1MF temperature is None
Warning: Cooling loop sensor PixelBarrel_BmO_3M_L1D1MF temperature is None
Warning: Cooling loop sensor PixelBarrel_BmO_3M_L1D1MF temperature is None
Warning: Cooling loop sensor PixelBarrel_BmO_3M_L1D1MF temperature is None
Warning: Cooling loop sensor PixelBarrel_BmO_3R_L1D1MF temperature is None
Warning: Cooling loop sensor PixelBarrel_BmO_3R_L1D1MF temperature is None
Warning: Cooling loop sensor PixelBarrel_BmO_3R_L1D1MF temperature is None
Warning: Cooling loop sensor PixelBarrel_BmO_2R_L3D2MF temperature is None
Warning: Cooling loop sensor PixelBarrel_BmO_2R_L3D2MF temperature is None
Warning: Cooling loop sensor PixelBarrel_BmO_2R_L3D2MF temperature is None
Warning: Cooling loop sensor PixelBarrel_BmO_2M_L3D2MF temperature is None
Warning: Cooling loop sensor PixelBarrel_BmO_2M_L3D2MF temperature is None
Warning: Cooling loop sensor PixelBarrel_BmO_2M_L3D2MF temperature is None
Warning: Cooling loop sensor PixelBarrel_BmO_2I_L3D2MF temperature is None
Warning: Cooling loop sensor PixelBarrel_BmO_2I_L3D2MF temperature is None
Warning: Cooling loop sensor PixelBarrel_BmO_2I_L3D2MF temperature is None
Warning: Cooling loop sensor PixelBarrel_BmO_1I_L4D1MF temperature is None
Warning: Cooling loop sensor PixelBarrel_BmO_1I_L4D1MF temperature is None
Warning: Cooling loop sensor PixelBarrel_BmO_1I_L4D1MF temperature is None
Warning: Cooling loop sensor PixelBarrel_BmO_1M_L4D1MF temperature is None
Warning: Cooling loop sensor PixelBarrel_BmO_1M_L4D1MF temperature is None
Warning: Cooling loop sensor PixelBarrel_BmO_1M_L4D1MF temperature is None
Warning: Cooling loop sensor PixelBarrel_BmO_1R_L4D1MF temperature is None
Warning: Cooling loop sensor PixelBarrel_BmO_1R_L4D1MF temperature is None
Warning: Cooling loop sensor PixelBarrel_BmO_1R_L4D1MF temperature is None
Warning: Cooling loop sensor PixelBarrel_BpI_1R_L4D1PN temperature is None
Warning: Cooling loop sensor PixelBarrel_BpI_1R_L4D1PN temperature is None
Warning: Cooling loop sensor PixelBarrel_BpI_1R_L4D1PN temperature is None
Warning: Cooling loop sensor PixelBarrel_BpO_6R_L4D4PF temperature is None
Warning: Cooling loop sensor PixelBarrel_BpO_6R_L4D4PF temperature is None
Warning: Cooling loop sensor PixelBarrel_BpO_6R_L4D4PF temperature is None
Warning: Cooling loop sensor PixelBarrel_BmI_4R_L1D2MN temperature is None
Warning: Cooling loop sensor PixelBarrel_BmI_4R_L1D2MN temperature is None
Warning: Cooling loop sensor PixelBarrel_BmI_4R_L1D2MN temperature is None
Warning: Cooling loop sensor PixelBarrel_BmI_4M_L1D2MN temperature is None
Warning: Cooling loop sensor PixelBarrel_BmI_4M_L1D2MN temperature is None
Warning: Cooling loop sensor PixelBarrel_BmI_4M_L1D2MN temperature is None
Warning: Cooling loop sensor PixelBarrel_BmI_4I_L1D2MN temperature is None
Warning: Cooling loop sensor PixelBarrel_BmI_4I_L1D2MN temperature is None
Warning: Cooling loop sensor PixelBarrel_BmI_4I_L1D2MN temperature is None
Warning: Cooling loop sensor PixelBarrel_BmI_5R_L3D3MN temperature is None
Warning: Cooling loop sensor PixelBarrel_BmI_5R_L3D3MN temperature is None
Warning: Cooling loop sensor PixelBarrel_BmI_5R_L3D3MN temperature is None
Warning: Cooling loop sensor PixelBarrel_BmI_5M_L3D3MN temperature is None
Warning: Cooling loop sensor PixelBarrel_BmI_5M_L3D3MN temperature is None
Warning: Cooling loop sensor PixelBarrel_BmI_5I_L3D3MN temperature is None
Warning: Cooling loop sensor PixelBarrel_BpI_3I_L1D1PN temperature is None
Warning: Cooling loop sensor PixelBarrel_BpI_3I_L1D1PN temperature is None
Warning: Cooling loop sensor PixelBarrel_BpI_3I_L1D1PN temperature is None
Warning: Cooling loop sensor PixelBarrel_BpI_3R_L1D1PN temperature is None
Warning: Cooling loop sensor PixelBarrel_BpI_3R_L1D1PN temperature is None
Warning: Cooling loop sensor PixelBarrel_BpI_3R_L1D1PN temperature is None
Warning: Cooling loop sensor PixelBarrel_BpI_2I_L3D2PN temperature is None
Warning: Cooling loop sensor PixelBarrel_BpI_2I_L3D2PN temperature is None
Warning: Cooling loop sensor PixelBarrel_BpI_2I_L3D2PN temperature is None
Warning: Cooling loop sensor PixelBarrel_BpI_2M_L3D2PN temperature is None
Warning: Cooling loop sensor PixelBarrel_BpI_2M_L3D2PN temperature is None
Warning: Cooling loop sensor PixelBarrel_BpI_2M_L3D2PN temperature is None
Warning: Cooling loop sensor PixelBarrel_BpI_2R_L3D2PN temperature is None
Warning: Cooling loop sensor PixelBarrel_BpI_2R_L3D2PN temperature is None
Warning: Cooling loop sensor PixelBarrel_BpI_2R_L3D2PN temperature is None
Warning: Cooling loop sensor PixelBarrel_BpI_1I_L4D1PN temperature is None
Warning: Cooling loop sensor PixelBarrel_BpI_1I_L4D1PN temperature is None
Warning: Cooling loop sensor PixelBarrel_BpI_1I_L4D1PN temperature is None
Warning: Cooling loop sensor PixelBarrel_BpI_1M_L4D1PN temperature is None
Warning: Cooling loop sensor PixelBarrel_BpI_1M_L4D1PN temperature is None
Warning: Cooling loop sensor PixelBarrel_BpI_1M_L4D1PN temperature is None
Warning: Cooling loop sensor PixelBarrel_BpO_4I_L1D2PF temperature is None
Warning: Cooling loop sensor PixelBarrel_BpO_4I_L1D2PF temperature is None
Warning: Cooling loop sensor PixelBarrel_BpO_4I_L1D2PF temperature is None
Warning: Cooling loop sensor PixelBarrel_BpO_4R_L1D2PF temperature is None
Warning: Cooling loop sensor PixelBarrel_BpO_4R_L1D2PF temperature is None
Warning: Cooling loop sensor PixelBarrel_BpO_4R_L1D2PF temperature is None
Warning: Cooling loop sensor PixelBarrel_BpO_5I_L3D3PF temperature is None
Warning: Cooling loop sensor PixelBarrel_BpO_5I_L3D3PF temperature is None
Warning: Cooling loop sensor PixelBarrel_BpO_5I_L3D3PF temperature is None
Warning: Cooling loop sensor PixelBarrel_BpO_5M_L3D3PF temperature is None
Warning: Cooling loop sensor PixelBarrel_BpO_5M_L3D3PF temperature is None
Warning: Cooling loop sensor PixelBarrel_BpO_5M_L3D3PF temperature is None
Warning: Cooling loop sensor PixelBarrel_BpO_5R_L3D3PF temperature is None
Warning: Cooling loop sensor PixelBarrel_BpO_5R_L3D3PF temperature is None
Warning: Cooling loop sensor PixelBarrel_BpO_5R_L3D3PF temperature is None
Warning: Cooling loop sensor PixelBarrel_BpO_6I_L4D4PF temperature is None
Warning: Cooling loop sensor PixelBarrel_BpO_6I_L4D4PF temperature is None
Warning: Cooling loop sensor PixelBarrel_BpO_6I_L4D4PF temperature is None
Warning: Cooling loop sensor PixelBarrel_BpO_6M_L4D4PF temperature is None
Warning: Cooling loop sensor PixelBarrel_BpO_6M_L4D4PF temperature is None
Warning: Cooling loop sensor PixelBarrel_BpO_6M_L4D4PF temperature is None
Warning: Cooling loop sensor PixelBarrel_BpO_3R_L2D1PF temperature is None
Warning: Cooling loop sensor PixelBarrel_BmI_1R_L4D2MN temperature is None
Warning: Cooling loop sensor PixelBarrel_BmI_1R_L4D2MN temperature is None
Warning: Cooling loop sensor PixelBarrel_BmI_1R_L4D2MN temperature is None
Warning: Cooling loop sensor PixelBarrel_BmI_2I_L3D1MN temperature is None
Warning: Cooling loop sensor PixelBarrel_BmI_2I_L3D1MN temperature is None
Warning: Cooling loop sensor PixelBarrel_BmI_2I_L3D1MN temperature is None
Warning: Cooling loop sensor PixelBarrel_BmI_2R_L3D1MN temperature is None
Warning: Cooling loop sensor PixelBarrel_BmI_2R_L3D1MN temperature is None
Warning: Cooling loop sensor PixelBarrel_BmI_2R_L3D1MN temperature is None
Warning: Cooling loop sensor PixelBarrel_BmI_3I_L2D1MN temperature is None
Warning: Cooling loop sensor PixelBarrel_BmI_3I_L2D1MN temperature is None
Warning: Cooling loop sensor PixelBarrel_BmI_3I_L2D1MN temperature is None
Warning: Cooling loop sensor PixelBarrel_BmI_3M_L2D1MN temperature is None
Warning: Cooling loop sensor PixelBarrel_BmI_3M_L2D1MN temperature is None
Warning: Cooling loop sensor PixelBarrel_BmI_3M_L2D1MN temperature is None
Warning: Cooling loop sensor PixelBarrel_BmI_3R_L2D1MN temperature is None
Warning: Cooling loop sensor PixelBarrel_BmI_3R_L2D1MN temperature is None
Warning: Cooling loop sensor PixelBarrel_BmI_3R_L2D1MN temperature is None
Warning: Cooling loop sensor PixelBarrel_BmO_6I_L4D3MF temperature is None
Warning: Cooling loop sensor PixelBarrel_BmO_6I_L4D3MF temperature is None
Warning: Cooling loop sensor PixelBarrel_BmO_6I_L4D3MF temperature is None
Warning: Cooling loop sensor PixelBarrel_BmO_6M_L4D3MF temperature is None
Warning: Cooling loop sensor PixelBarrel_BmO_6M_L4D3MF temperature is None
Warning: Cooling loop sensor PixelBarrel_BmO_6M_L4D3MF temperature is None
Warning: Cooling loop sensor PixelBarrel_BmO_6R_L4D3MF temperature is None
Warning: Cooling loop sensor PixelBarrel_BmO_6R_L4D3MF temperature is None
Warning: Cooling loop sensor PixelBarrel_BmO_6R_L4D3MF temperature is None
Warning: Cooling loop sensor PixelBarrel_BmO_5I_L3D4MF temperature is None
Warning: Cooling loop sensor PixelBarrel_BmO_5I_L3D4MF temperature is None
Warning: Cooling loop sensor PixelBarrel_BmO_5I_L3D4MF temperature is None
Warning: Cooling loop sensor PixelBarrel_BmO_5M_L3D4MF temperature is None
Warning: Cooling loop sensor PixelBarrel_BmO_5M_L3D4MF temperature is None
Warning: Cooling loop sensor PixelBarrel_BmO_5M_L3D4MF temperature is None
Warning: Cooling loop sensor PixelBarrel_BmO_5R_L3D4MF temperature is None
Warning: Cooling loop sensor PixelBarrel_BmO_5R_L3D4MF temperature is None
Warning: Cooling loop sensor PixelBarrel_BmO_5R_L3D4MF temperature is None
Warning: Cooling loop sensor PixelBarrel_BmO_4I_L2D2MF temperature is None
Warning: Cooling loop sensor PixelBarrel_BmO_4I_L2D2MF temperature is None
Warning: Cooling loop sensor PixelBarrel_BmO_4I_L2D2MF temperature is None
Warning: Cooling loop sensor PixelBarrel_BmO_4M_L2D2MF temperature is None
Warning: Cooling loop sensor PixelBarrel_BmO_4M_L2D2MF temperature is None
Warning: Cooling loop sensor PixelBarrel_BmO_4M_L2D2MF temperature is None
Warning: Cooling loop sensor PixelBarrel_BmO_4R_L2D2MF temperature is None
Warning: Cooling loop sensor PixelBarrel_BmO_4R_L2D2MF temperature is None
Warning: Cooling loop sensor PixelBarrel_BmO_4R_L2D2MF temperature is None
Warning: Cooling loop sensor PixelBarrel_BpO_3R_L2D1PF temperature is None
Warning: Cooling loop sensor PixelBarrel_BpO_3R_L2D1PF temperature is None
Warning: Cooling loop sensor PixelBarrel_BmI_1I_L4D2MN temperature is None
Warning: Cooling loop sensor PixelBarrel_BpO_3M_L2D1PF temperature is None
Warning: Cooling loop sensor PixelBarrel_BmI_1I_L4D2MN temperature is None
Warning: Cooling loop sensor PixelBarrel_BmI_1M_L4D2MN temperature is None
Warning: Cooling loop sensor PixelBarrel_BmI_1M_L4D2MN temperature is None
Warning: Cooling loop sensor PixelBarrel_BmI_1M_L4D2MN temperature is None
Warning: Cooling loop sensor PixelBarrel_BpI_6I_L4D3PN temperature is None
Warning: Cooling loop sensor PixelBarrel_BpI_6I_L4D3PN temperature is None
Warning: Cooling loop sensor PixelBarrel_BpI_6I_L4D3PN temperature is None
Warning: Cooling loop sensor PixelBarrel_BpI_6M_L4D3PN temperature is None
Warning: Cooling loop sensor PixelBarrel_BpI_6M_L4D3PN temperature is None
Warning: Cooling loop sensor PixelBarrel_BpI_6M_L4D3PN temperature is None
Warning: Cooling loop sensor PixelBarrel_BpI_6R_L4D3PN temperature is None
Warning: Cooling loop sensor PixelBarrel_BpI_6R_L4D3PN temperature is None
Warning: Cooling loop sensor PixelBarrel_BpI_6R_L4D3PN temperature is None
Warning: Cooling loop sensor PixelBarrel_BpI_5I_L3D4PN temperature is None
Warning: Cooling loop sensor PixelBarrel_BpI_5I_L3D4PN temperature is None
Warning: Cooling loop sensor PixelBarrel_BpI_5I_L3D4PN temperature is None
Warning: Cooling loop sensor PixelBarrel_BpI_5M_L3D4PN temperature is None
Warning: Cooling loop sensor PixelBarrel_BpI_5M_L3D4PN temperature is None
Warning: Cooling loop sensor PixelBarrel_BpI_5M_L3D4PN temperature is None
Warning: Cooling loop sensor PixelBarrel_BpI_5R_L3D4PN temperature is None
Warning: Cooling loop sensor PixelBarrel_BpI_5R_L3D4PN temperature is None
Warning: Cooling loop sensor PixelBarrel_BpI_5R_L3D4PN temperature is None
Warning: Cooling loop sensor PixelBarrel_BpI_4I_L2D2PN temperature is None
Warning: Cooling loop sensor PixelBarrel_BpI_4I_L2D2PN temperature is None
Warning: Cooling loop sensor PixelBarrel_BpI_4I_L2D2PN temperature is None
Warning: Cooling loop sensor PixelBarrel_BpI_4M_L2D2PN temperature is None
Warning: Cooling loop sensor PixelBarrel_BpI_4M_L2D2PN temperature is None
Warning: Cooling loop sensor PixelBarrel_BpI_4M_L2D2PN temperature is None
Warning: Cooling loop sensor PixelBarrel_BpI_4R_L2D2PN temperature is None
Warning: Cooling loop sensor PixelBarrel_BpI_4R_L2D2PN temperature is None
Warning: Cooling loop sensor PixelBarrel_BpI_4R_L2D2PN temperature is None
Warning: Cooling loop sensor PixelBarrel_BpO_1I_L4D2PF temperature is None
Warning: Cooling loop sensor PixelBarrel_BpO_1I_L4D2PF temperature is None
Warning: Cooling loop sensor PixelBarrel_BpO_1I_L4D2PF temperature is None
Warning: Cooling loop sensor PixelBarrel_BpO_1M_L4D2PF temperature is None
Warning: Cooling loop sensor PixelBarrel_BpO_1M_L4D2PF temperature is None
Warning: Cooling loop sensor PixelBarrel_BpO_1M_L4D2PF temperature is None
Warning: Cooling loop sensor PixelBarrel_BpO_1R_L4D2PF temperature is None
Warning: Cooling loop sensor PixelBarrel_BpO_1R_L4D2PF temperature is None
Warning: Cooling loop sensor PixelBarrel_BpO_1R_L4D2PF temperature is None
Warning: Cooling loop sensor PixelBarrel_BpO_2I_L3D1PF temperature is None
Warning: Cooling loop sensor PixelBarrel_BpO_2I_L3D1PF temperature is None
Warning: Cooling loop sensor PixelBarrel_BpO_2I_L3D1PF temperature is None
Warning: Cooling loop sensor PixelBarrel_BpO_2M_L3D1PF temperature is None
Warning: Cooling loop sensor PixelBarrel_BpO_2M_L3D1PF temperature is None
Warning: Cooling loop sensor PixelBarrel_BpO_2M_L3D1PF temperature is None
Warning: Cooling loop sensor PixelBarrel_BpO_2R_L3D1PF temperature is None
Warning: Cooling loop sensor PixelBarrel_BpO_2R_L3D1PF temperature is None
Warning: Cooling loop sensor PixelBarrel_BpO_2R_L3D1PF temperature is None
Warning: Cooling loop sensor PixelBarrel_BpO_3I_L2D1PF temperature is None
Warning: Cooling loop sensor PixelBarrel_BpO_3I_L2D1PF temperature is None
Warning: Cooling loop sensor PixelBarrel_BpO_3I_L2D1PF temperature is None
Warning: Cooling loop sensor PixelBarrel_BpO_3M_L2D1PF temperature is None
Warning: Cooling loop sensor PixelBarrel_BpO_3M_L2D1PF temperature is None
Warning: Cooling loop sensor PixelBarrel_BmI_1I_L4D2MN temperature is None
6219	1505389421	3600		258.52		   4825697		-999.00
Warning: Cooling loop sensor PixelBarrel_BmO_6I_L4D3MF temperature is None
Warning: Cooling loop sensor PixelBarrel_BmO_6M_L4D3MF temperature is None
Warning: Cooling loop sensor PixelBarrel_BmO_4R_L2D2MF temperature is None
Warning: Cooling loop sensor PixelBarrel_BmO_4I_L2D2MF temperature is None
Warning: Cooling loop sensor PixelBarrel_BmO_4M_L2D2MF temperature is None
Warning: Cooling loop sensor PixelBarrel_BmO_6R_L4D3MF temperature is None
Warning: Cooling loop sensor PixelBarrel_BmI_3M_L2D1MN temperature is None
Warning: Cooling loop sensor PixelBarrel_BmI_3I_L2D1MN temperature is None
Warning: Cooling loop sensor PixelBarrel_BmI_1R_L4D2MN temperature is None
Warning: Cooling loop sensor PixelBarrel_BmI_3R_L2D1MN temperature is None
Warning: Cooling loop sensor PixelBarrel_BpI_4R_L2D2PN temperature is None
Warning: Cooling loop sensor PixelBarrel_BpO_1I_L4D2PF temperature is None
Warning: Cooling loop sensor PixelBarrel_BpO_1M_L4D2PF temperature is None
Warning: Cooling loop sensor PixelBarrel_BpO_1R_L4D2PF temperature is None
Warning: Cooling loop sensor PixelBarrel_BpO_3I_L2D1PF temperature is None
Warning: Cooling loop sensor PixelBarrel_BpO_3M_L2D1PF temperature is None
Warning: Cooling loop sensor PixelBarrel_BpO_3R_L2D1PF temperature is None
Warning: Cooling loop sensor PixelBarrel_BmI_1I_L4D2MN temperature is None
Warning: Cooling loop sensor PixelBarrel_BmI_1M_L4D2MN temperature is None
Warning: Cooling loop sensor PixelBarrel_BpI_4M_L2D2PN temperature is None
Warning: Cooling loop sensor PixelBarrel_BpI_4I_L2D2PN temperature is None
Warning: Cooling loop sensor PixelBarrel_BpI_6R_L4D3PN temperature is None
Warning: Cooling loop sensor PixelBarrel_BpI_6I_L4D3PN temperature is None
Warning: Cooling loop sensor PixelBarrel_BpI_6M_L4D3PN temperature is None
Warning: Cooling loop sensor PixelBarrel_BpI_1R_L4D1PN temperature is None
Warning: Cooling loop sensor PixelBarrel_BmO_1R_L4D1MF temperature is None
Warning: Cooling loop sensor PixelBarrel_BpI_1R_L4D1PN temperature is None
Warning: Cooling loop sensor PixelBarrel_BpO_6R_L4D4PF temperature is None
Warning: Cooling loop sensor PixelBarrel_BpO_6R_L4D4PF temperature is None
Warning: Cooling loop sensor PixelBarrel_BpO_6R_L4D4PF temperature is None
Warning: Cooling loop sensor PixelBarrel_BmI_4R_L1D2MN temperature is None
Warning: Cooling loop sensor PixelBarrel_BmI_4R_L1D2MN temperature is None
Warning: Cooling loop sensor PixelBarrel_BmI_4R_L1D2MN temperature is None
Warning: Cooling loop sensor PixelBarrel_BmI_4M_L1D2MN temperature is None
Warning: Cooling loop sensor PixelBarrel_BmI_4M_L1D2MN temperature is None
Warning: Cooling loop sensor PixelBarrel_BmI_4M_L1D2MN temperature is None
Warning: Cooling loop sensor PixelBarrel_BmI_4I_L1D2MN temperature is None
Warning: Cooling loop sensor PixelBarrel_BmI_4I_L1D2MN temperature is None
Warning: Cooling loop sensor PixelBarrel_BmI_4I_L1D2MN temperature is None
Warning: Cooling loop sensor PixelBarrel_BmI_5R_L3D3MN temperature is None
Warning: Cooling loop sensor PixelBarrel_BmI_5R_L3D3MN temperature is None
Warning: Cooling loop sensor PixelBarrel_BmI_5R_L3D3MN temperature is None
Warning: Cooling loop sensor PixelBarrel_BmI_5M_L3D3MN temperature is None
Warning: Cooling loop sensor PixelBarrel_BmI_5M_L3D3MN temperature is None
Warning: Cooling loop sensor PixelBarrel_BmI_5M_L3D3MN temperature is None
Warning: Cooling loop sensor PixelBarrel_BmI_5I_L3D3MN temperature is None
Warning: Cooling loop sensor PixelBarrel_BmI_5I_L3D3MN temperature is None
Warning: Cooling loop sensor PixelBarrel_BmI_5I_L3D3MN temperature is None
Warning: Cooling loop sensor PixelBarrel_BmI_6R_L4D4MN temperature is None
Warning: Cooling loop sensor PixelBarrel_BmI_6R_L4D4MN temperature is None
Warning: Cooling loop sensor PixelBarrel_BmI_6R_L4D4MN temperature is None
Warning: Cooling loop sensor PixelBarrel_BmI_6M_L4D4MN temperature is None
Warning: Cooling loop sensor PixelBarrel_BmI_6M_L4D4MN temperature is None
Warning: Cooling loop sensor PixelBarrel_BmI_6M_L4D4MN temperature is None
Warning: Cooling loop sensor PixelBarrel_BmI_6I_L4D4MN temperature is None
Warning: Cooling loop sensor PixelBarrel_BmI_6I_L4D4MN temperature is None
Warning: Cooling loop sensor PixelBarrel_BmI_6I_L4D4MN temperature is None
Warning: Cooling loop sensor PixelBarrel_BmO_3I_L1D1MF temperature is None
Warning: Cooling loop sensor PixelBarrel_BmO_3I_L1D1MF temperature is None
Warning: Cooling loop sensor PixelBarrel_BmO_3I_L1D1MF temperature is None
Warning: Cooling loop sensor PixelBarrel_BmO_3M_L1D1MF temperature is None
Warning: Cooling loop sensor PixelBarrel_BmO_3M_L1D1MF temperature is None
Warning: Cooling loop sensor PixelBarrel_BmO_3M_L1D1MF temperature is None
Warning: Cooling loop sensor PixelBarrel_BmO_3R_L1D1MF temperature is None
Warning: Cooling loop sensor PixelBarrel_BmO_3R_L1D1MF temperature is None
Warning: Cooling loop sensor PixelBarrel_BmO_3R_L1D1MF temperature is None
Warning: Cooling loop sensor PixelBarrel_BmO_2R_L3D2MF temperature is None
Warning: Cooling loop sensor PixelBarrel_BmO_2R_L3D2MF temperature is None
Warning: Cooling loop sensor PixelBarrel_BmO_2R_L3D2MF temperature is None
Warning: Cooling loop sensor PixelBarrel_BmO_2M_L3D2MF temperature is None
Warning: Cooling loop sensor PixelBarrel_BmO_2M_L3D2MF temperature is None
Warning: Cooling loop sensor PixelBarrel_BmO_2M_L3D2MF temperature is None
Warning: Cooling loop sensor PixelBarrel_BmO_2I_L3D2MF temperature is None
Warning: Cooling loop sensor PixelBarrel_BmO_2I_L3D2MF temperature is None
Warning: Cooling loop sensor PixelBarrel_BmO_2I_L3D2MF temperature is None
Warning: Cooling loop sensor PixelBarrel_BmO_1I_L4D1MF temperature is None
Warning: Cooling loop sensor PixelBarrel_BmO_1I_L4D1MF temperature is None
Warning: Cooling loop sensor PixelBarrel_BmO_1I_L4D1MF temperature is None
Warning: Cooling loop sensor PixelBarrel_BmO_1M_L4D1MF temperature is None
Warning: Cooling loop sensor PixelBarrel_BmO_1M_L4D1MF temperature is None
Warning: Cooling loop sensor PixelBarrel_BmO_1M_L4D1MF temperature is None
Warning: Cooling loop sensor PixelBarrel_BmO_1R_L4D1MF temperature is None
Warning: Cooling loop sensor PixelBarrel_BmO_1R_L4D1MF temperature is None
Warning: Cooling loop sensor PixelBarrel_BpI_1R_L4D1PN temperature is None
Warning: Cooling loop sensor PixelBarrel_BpO_3R_L2D1PF temperature is None
Warning: Cooling loop sensor PixelBarrel_BpO_3R_L2D1PF temperature is None
Warning: Cooling loop sensor PixelBarrel_BpO_3R_L2D1PF temperature is None
Warning: Cooling loop sensor PixelBarrel_BmI_1R_L4D2MN temperature is None
Warning: Cooling loop sensor PixelBarrel_BmI_1R_L4D2MN temperature is None
Warning: Cooling loop sensor PixelBarrel_BmI_1R_L4D2MN temperature is None
Warning: Cooling loop sensor PixelBarrel_BmI_2I_L3D1MN temperature is None
Warning: Cooling loop sensor PixelBarrel_BmI_2I_L3D1MN temperature is None
Warning: Cooling loop sensor PixelBarrel_BmI_2I_L3D1MN temperature is None
Warning: Cooling loop sensor PixelBarrel_BmI_2R_L3D1MN temperature is None
Warning: Cooling loop sensor PixelBarrel_BmI_2R_L3D1MN temperature is None
Warning: Cooling loop sensor PixelBarrel_BmI_2R_L3D1MN temperature is None
Warning: Cooling loop sensor PixelBarrel_BmI_3I_L2D1MN temperature is None
Warning: Cooling loop sensor PixelBarrel_BmI_3I_L2D1MN temperature is None
Warning: Cooling loop sensor PixelBarrel_BmI_3I_L2D1MN temperature is None
Warning: Cooling loop sensor PixelBarrel_BmI_3M_L2D1MN temperature is None
Warning: Cooling loop sensor PixelBarrel_BmI_3M_L2D1MN temperature is None
Warning: Cooling loop sensor PixelBarrel_BmI_3M_L2D1MN temperature is None
Warning: Cooling loop sensor PixelBarrel_BmI_3R_L2D1MN temperature is None
Warning: Cooling loop sensor PixelBarrel_BmI_3R_L2D1MN temperature is None
Warning: Cooling loop sensor PixelBarrel_BmI_3R_L2D1MN temperature is None
Warning: Cooling loop sensor PixelBarrel_BmO_6I_L4D3MF temperature is None
Warning: Cooling loop sensor PixelBarrel_BmO_6I_L4D3MF temperature is None
Warning: Cooling loop sensor PixelBarrel_BmO_6I_L4D3MF temperature is None
Warning: Cooling loop sensor PixelBarrel_BmO_6M_L4D3MF temperature is None
Warning: Cooling loop sensor PixelBarrel_BmO_6M_L4D3MF temperature is None
Warning: Cooling loop sensor PixelBarrel_BmO_6M_L4D3MF temperature is None
Warning: Cooling loop sensor PixelBarrel_BmO_6R_L4D3MF temperature is None
Warning: Cooling loop sensor PixelBarrel_BmO_6R_L4D3MF temperature is None
Warning: Cooling loop sensor PixelBarrel_BmO_6R_L4D3MF temperature is None
Warning: Cooling loop sensor PixelBarrel_BmO_5I_L3D4MF temperature is None
Warning: Cooling loop sensor PixelBarrel_BmO_5I_L3D4MF temperature is None
Warning: Cooling loop sensor PixelBarrel_BmO_5I_L3D4MF temperature is None
Warning: Cooling loop sensor PixelBarrel_BmO_5M_L3D4MF temperature is None
Warning: Cooling loop sensor PixelBarrel_BmO_5M_L3D4MF temperature is None
Warning: Cooling loop sensor PixelBarrel_BmO_5M_L3D4MF temperature is None
Warning: Cooling loop sensor PixelBarrel_BmO_5R_L3D4MF temperature is None
Warning: Cooling loop sensor PixelBarrel_BmO_5R_L3D4MF temperature is None
Warning: Cooling loop sensor PixelBarrel_BmO_5R_L3D4MF temperature is None
Warning: Cooling loop sensor PixelBarrel_BmO_4I_L2D2MF temperature is None
Warning: Cooling loop sensor PixelBarrel_BmO_4I_L2D2MF temperature is None
Warning: Cooling loop sensor PixelBarrel_BmO_4I_L2D2MF temperature is None
Warning: Cooling loop sensor PixelBarrel_BmO_4M_L2D2MF temperature is None
Warning: Cooling loop sensor PixelBarrel_BmO_4M_L2D2MF temperature is None
Warning: Cooling loop sensor PixelBarrel_BmO_4M_L2D2MF temperature is None
Warning: Cooling loop sensor PixelBarrel_BmO_4R_L2D2MF temperature is None
Warning: Cooling loop sensor PixelBarrel_BmO_4R_L2D2MF temperature is None
Warning: Cooling loop sensor PixelBarrel_BmO_4R_L2D2MF temperature is None
Warning: Cooling loop sensor PixelBarrel_BpI_3I_L1D1PN temperature is None
Warning: Cooling loop sensor PixelBarrel_BpI_3I_L1D1PN temperature is None
Warning: Cooling loop sensor PixelBarrel_BpI_3I_L1D1PN temperature is None
Warning: Cooling loop sensor PixelBarrel_BpI_3R_L1D1PN temperature is None
Warning: Cooling loop sensor PixelBarrel_BpI_3R_L1D1PN temperature is None
Warning: Cooling loop sensor PixelBarrel_BpI_3R_L1D1PN temperature is None
Warning: Cooling loop sensor PixelBarrel_BpI_2I_L3D2PN temperature is None
Warning: Cooling loop sensor PixelBarrel_BpI_2I_L3D2PN temperature is None
Warning: Cooling loop sensor PixelBarrel_BpI_2I_L3D2PN temperature is None
Warning: Cooling loop sensor PixelBarrel_BpI_2M_L3D2PN temperature is None
Warning: Cooling loop sensor PixelBarrel_BpI_2M_L3D2PN temperature is None
Warning: Cooling loop sensor PixelBarrel_BpI_2M_L3D2PN temperature is None
Warning: Cooling loop sensor PixelBarrel_BpI_2R_L3D2PN temperature is None
Warning: Cooling loop sensor PixelBarrel_BpI_2R_L3D2PN temperature is None
Warning: Cooling loop sensor PixelBarrel_BpI_2R_L3D2PN temperature is None
Warning: Cooling loop sensor PixelBarrel_BpI_1I_L4D1PN temperature is None
Warning: Cooling loop sensor PixelBarrel_BpI_1I_L4D1PN temperature is None
Warning: Cooling loop sensor PixelBarrel_BpI_1I_L4D1PN temperature is None
Warning: Cooling loop sensor PixelBarrel_BpI_1M_L4D1PN temperature is None
Warning: Cooling loop sensor PixelBarrel_BpI_1M_L4D1PN temperature is None
Warning: Cooling loop sensor PixelBarrel_BpI_1M_L4D1PN temperature is None
Warning: Cooling loop sensor PixelBarrel_BpO_4I_L1D2PF temperature is None
Warning: Cooling loop sensor PixelBarrel_BpO_4I_L1D2PF temperature is None
Warning: Cooling loop sensor PixelBarrel_BpO_4I_L1D2PF temperature is None
Warning: Cooling loop sensor PixelBarrel_BpO_4R_L1D2PF temperature is None
Warning: Cooling loop sensor PixelBarrel_BpO_4R_L1D2PF temperature is None
Warning: Cooling loop sensor PixelBarrel_BpO_4R_L1D2PF temperature is None
Warning: Cooling loop sensor PixelBarrel_BpO_5I_L3D3PF temperature is None
Warning: Cooling loop sensor PixelBarrel_BpO_5I_L3D3PF temperature is None
Warning: Cooling loop sensor PixelBarrel_BpO_5I_L3D3PF temperature is None
Warning: Cooling loop sensor PixelBarrel_BpO_5M_L3D3PF temperature is None
Warning: Cooling loop sensor PixelBarrel_BpO_5M_L3D3PF temperature is None
Warning: Cooling loop sensor PixelBarrel_BpO_5M_L3D3PF temperature is None
Warning: Cooling loop sensor PixelBarrel_BpO_5R_L3D3PF temperature is None
Warning: Cooling loop sensor PixelBarrel_BpO_5R_L3D3PF temperature is None
Warning: Cooling loop sensor PixelBarrel_BpO_5R_L3D3PF temperature is None
Warning: Cooling loop sensor PixelBarrel_BpO_6I_L4D4PF temperature is None
Warning: Cooling loop sensor PixelBarrel_BpO_6I_L4D4PF temperature is None
Warning: Cooling loop sensor PixelBarrel_BpO_6I_L4D4PF temperature is None
Warning: Cooling loop sensor PixelBarrel_BpO_6M_L4D4PF temperature is None
Warning: Cooling loop sensor PixelBarrel_BpO_6M_L4D4PF temperature is None
Warning: Cooling loop sensor PixelBarrel_BpO_6M_L4D4PF temperature is None
Warning: Cooling loop sensor PixelBarrel_BpI_6I_L4D3PN temperature is None
Warning: Cooling loop sensor PixelBarrel_BmI_1M_L4D2MN temperature is None
Warning: Cooling loop sensor PixelBarrel_BpI_6I_L4D3PN temperature is None
Warning: Cooling loop sensor PixelBarrel_BpI_6M_L4D3PN temperature is None
Warning: Cooling loop sensor PixelBarrel_BpI_6M_L4D3PN temperature is None
Warning: Cooling loop sensor PixelBarrel_BpI_6M_L4D3PN temperature is None
Warning: Cooling loop sensor PixelBarrel_BpI_6R_L4D3PN temperature is None
Warning: Cooling loop sensor PixelBarrel_BpI_6R_L4D3PN temperature is None
Warning: Cooling loop sensor PixelBarrel_BpI_6R_L4D3PN temperature is None
Warning: Cooling loop sensor PixelBarrel_BpI_5I_L3D4PN temperature is None
Warning: Cooling loop sensor PixelBarrel_BpI_5I_L3D4PN temperature is None
Warning: Cooling loop sensor PixelBarrel_BpI_5I_L3D4PN temperature is None
Warning: Cooling loop sensor PixelBarrel_BpI_5M_L3D4PN temperature is None
Warning: Cooling loop sensor PixelBarrel_BpI_5M_L3D4PN temperature is None
Warning: Cooling loop sensor PixelBarrel_BpI_5M_L3D4PN temperature is None
Warning: Cooling loop sensor PixelBarrel_BpI_5R_L3D4PN temperature is None
Warning: Cooling loop sensor PixelBarrel_BpI_5R_L3D4PN temperature is None
Warning: Cooling loop sensor PixelBarrel_BpI_5R_L3D4PN temperature is None
Warning: Cooling loop sensor PixelBarrel_BpI_4I_L2D2PN temperature is None
Warning: Cooling loop sensor PixelBarrel_BpI_4I_L2D2PN temperature is None
Warning: Cooling loop sensor PixelBarrel_BpI_4I_L2D2PN temperature is None
Warning: Cooling loop sensor PixelBarrel_BpI_4M_L2D2PN temperature is None
Warning: Cooling loop sensor PixelBarrel_BpI_4M_L2D2PN temperature is None
Warning: Cooling loop sensor PixelBarrel_BpI_4M_L2D2PN temperature is None
Warning: Cooling loop sensor PixelBarrel_BpI_4R_L2D2PN temperature is None
Warning: Cooling loop sensor PixelBarrel_BpI_4R_L2D2PN temperature is None
Warning: Cooling loop sensor PixelBarrel_BpI_4R_L2D2PN temperature is None
Warning: Cooling loop sensor PixelBarrel_BpO_1I_L4D2PF temperature is None
Warning: Cooling loop sensor PixelBarrel_BpO_1I_L4D2PF temperature is None
Warning: Cooling loop sensor PixelBarrel_BpO_1I_L4D2PF temperature is None
Warning: Cooling loop sensor PixelBarrel_BpO_1M_L4D2PF temperature is None
Warning: Cooling loop sensor PixelBarrel_BpO_1M_L4D2PF temperature is None
Warning: Cooling loop sensor PixelBarrel_BpO_1M_L4D2PF temperature is None
Warning: Cooling loop sensor PixelBarrel_BpO_1R_L4D2PF temperature is None
Warning: Cooling loop sensor PixelBarrel_BpO_1R_L4D2PF temperature is None
Warning: Cooling loop sensor PixelBarrel_BpO_1R_L4D2PF temperature is None
Warning: Cooling loop sensor PixelBarrel_BpO_2I_L3D1PF temperature is None
Warning: Cooling loop sensor PixelBarrel_BpO_2I_L3D1PF temperature is None
Warning: Cooling loop sensor PixelBarrel_BpO_2I_L3D1PF temperature is None
Warning: Cooling loop sensor PixelBarrel_BpO_2M_L3D1PF temperature is None
Warning: Cooling loop sensor PixelBarrel_BpO_2M_L3D1PF temperature is None
Warning: Cooling loop sensor PixelBarrel_BpO_2M_L3D1PF temperature is None
Warning: Cooling loop sensor PixelBarrel_BpO_2R_L3D1PF temperature is None
Warning: Cooling loop sensor PixelBarrel_BpO_2R_L3D1PF temperature is None
Warning: Cooling loop sensor PixelBarrel_BpO_2R_L3D1PF temperature is None
Warning: Cooling loop sensor PixelBarrel_BpO_3I_L2D1PF temperature is None
Warning: Cooling loop sensor PixelBarrel_BpO_3I_L2D1PF temperature is None
Warning: Cooling loop sensor PixelBarrel_BpO_3I_L2D1PF temperature is None
Warning: Cooling loop sensor PixelBarrel_BpO_3M_L2D1PF temperature is None
Warning: Cooling loop sensor PixelBarrel_BpO_3M_L2D1PF temperature is None
Warning: Cooling loop sensor PixelBarrel_BpO_3M_L2D1PF temperature is None
Warning: Cooling loop sensor PixelBarrel_BmI_1I_L4D2MN temperature is None
Warning: Cooling loop sensor PixelBarrel_BmI_1I_L4D2MN temperature is None
Warning: Cooling loop sensor PixelBarrel_BmI_1I_L4D2MN temperature is None
Warning: Cooling loop sensor PixelBarrel_BmI_1M_L4D2MN temperature is None
Warning: Cooling loop sensor PixelBarrel_BmI_1M_L4D2MN temperature is None
Warning: Cooling loop sensor PixelBarrel_BpI_6I_L4D3PN temperature is None
Warning: Cooling loop sensor PixelBarrel_BmO_6I_L4D3MF temperature is None
Warning: Cooling loop sensor PixelBarrel_BmO_6M_L4D3MF temperature is None
Warning: Cooling loop sensor PixelBarrel_BmO_4R_L2D2MF temperature is None
Warning: Cooling loop sensor PixelBarrel_BmO_4I_L2D2MF temperature is None
Warning: Cooling loop sensor PixelBarrel_BmO_4M_L2D2MF temperature is None
Warning: Cooling loop sensor PixelBarrel_BmO_6R_L4D3MF temperature is None
Warning: Cooling loop sensor PixelBarrel_BmI_3M_L2D1MN temperature is None
Warning: Cooling loop sensor PixelBarrel_BmI_3I_L2D1MN temperature is None
Warning: Cooling loop sensor PixelBarrel_BmI_1R_L4D2MN temperature is None
Warning: Cooling loop sensor PixelBarrel_BmI_3R_L2D1MN temperature is None
Warning: Cooling loop sensor PixelBarrel_BpI_4R_L2D2PN temperature is None
Warning: Cooling loop sensor PixelBarrel_BpO_1I_L4D2PF temperature is None
Warning: Cooling loop sensor PixelBarrel_BpO_1M_L4D2PF temperature is None
Warning: Cooling loop sensor PixelBarrel_BpO_1R_L4D2PF temperature is None
Warning: Cooling loop sensor PixelBarrel_BpO_3I_L2D1PF temperature is None
Warning: Cooling loop sensor PixelBarrel_BpO_3M_L2D1PF temperature is None
Warning: Cooling loop sensor PixelBarrel_BpO_3R_L2D1PF temperature is None
Warning: Cooling loop sensor PixelBarrel_BmI_1I_L4D2MN temperature is None
Warning: Cooling loop sensor PixelBarrel_BmI_1M_L4D2MN temperature is None
Warning: Cooling loop sensor PixelBarrel_BpI_4M_L2D2PN temperature is None
Warning: Cooling loop sensor PixelBarrel_BpI_4I_L2D2PN temperature is None
Warning: Cooling loop sensor PixelBarrel_BpI_6R_L4D3PN temperature is None
Warning: Cooling loop sensor PixelBarrel_BpI_6I_L4D3PN temperature is None
Warning: Cooling loop sensor PixelBarrel_BpI_6M_L4D3PN temperature is None
Warning: Cooling loop sensor PixelBarrel_BpI_1R_L4D1PN temperature is None
Warning: Cooling loop sensor PixelBarrel_BmO_1R_L4D1MF temperature is None
Warning: Cooling loop sensor PixelBarrel_BpI_1R_L4D1PN temperature is None
Warning: Cooling loop sensor PixelBarrel_BpO_6R_L4D4PF temperature is None
Warning: Cooling loop sensor PixelBarrel_BpO_6R_L4D4PF temperature is None
Warning: Cooling loop sensor PixelBarrel_BpO_6R_L4D4PF temperature is None
Warning: Cooling loop sensor PixelBarrel_BmI_4R_L1D2MN temperature is None
Warning: Cooling loop sensor PixelBarrel_BmI_4R_L1D2MN temperature is None
Warning: Cooling loop sensor PixelBarrel_BmI_4R_L1D2MN temperature is None
Warning: Cooling loop sensor PixelBarrel_BmI_4M_L1D2MN temperature is None
Warning: Cooling loop sensor PixelBarrel_BmI_4M_L1D2MN temperature is None
Warning: Cooling loop sensor PixelBarrel_BmI_4M_L1D2MN temperature is None
Warning: Cooling loop sensor PixelBarrel_BmI_4I_L1D2MN temperature is None
Warning: Cooling loop sensor PixelBarrel_BmI_4I_L1D2MN temperature is None
Warning: Cooling loop sensor PixelBarrel_BmI_4I_L1D2MN temperature is None
Warning: Cooling loop sensor PixelBarrel_BmI_5R_L3D3MN temperature is None
Warning: Cooling loop sensor PixelBarrel_BmI_5R_L3D3MN temperature is None
Warning: Cooling loop sensor PixelBarrel_BmI_5R_L3D3MN temperature is None
Warning: Cooling loop sensor PixelBarrel_BmI_5M_L3D3MN temperature is None
Warning: Cooling loop sensor PixelBarrel_BmI_5M_L3D3MN temperature is None
Warning: Cooling loop sensor PixelBarrel_BmI_5M_L3D3MN temperature is None
Warning: Cooling loop sensor PixelBarrel_BmI_5I_L3D3MN temperature is None
Warning: Cooling loop sensor PixelBarrel_BmI_5I_L3D3MN temperature is None
Warning: Cooling loop sensor PixelBarrel_BmI_5I_L3D3MN temperature is None
Warning: Cooling loop sensor PixelBarrel_BmI_6R_L4D4MN temperature is None
Warning: Cooling loop sensor PixelBarrel_BmI_6R_L4D4MN temperature is None
Warning: Cooling loop sensor PixelBarrel_BmI_6R_L4D4MN temperature is None
Warning: Cooling loop sensor PixelBarrel_BmI_6M_L4D4MN temperature is None
Warning: Cooling loop sensor PixelBarrel_BmI_6M_L4D4MN temperature is None
Warning: Cooling loop sensor PixelBarrel_BmI_6M_L4D4MN temperature is None
Warning: Cooling loop sensor PixelBarrel_BmI_6I_L4D4MN temperature is None
Warning: Cooling loop sensor PixelBarrel_BmI_6I_L4D4MN temperature is None
Warning: Cooling loop sensor PixelBarrel_BmI_6I_L4D4MN temperature is None
Warning: Cooling loop sensor PixelBarrel_BmO_3I_L1D1MF temperature is None
Warning: Cooling loop sensor PixelBarrel_BmO_3I_L1D1MF temperature is None
Warning: Cooling loop sensor PixelBarrel_BmO_3I_L1D1MF temperature is None
Warning: Cooling loop sensor PixelBarrel_BmO_3M_L1D1MF temperature is None
Warning: Cooling loop sensor PixelBarrel_BmO_3M_L1D1MF temperature is None
Warning: Cooling loop sensor PixelBarrel_BmO_3M_L1D1MF temperature is None
Warning: Cooling loop sensor PixelBarrel_BmO_3R_L1D1MF temperature is None
Warning: Cooling loop sensor PixelBarrel_BmO_3R_L1D1MF temperature is None
Warning: Cooling loop sensor PixelBarrel_BmO_3R_L1D1MF temperature is None
Warning: Cooling loop sensor PixelBarrel_BmO_2R_L3D2MF temperature is None
Warning: Cooling loop sensor PixelBarrel_BmO_2R_L3D2MF temperature is None
Warning: Cooling loop sensor PixelBarrel_BmO_2R_L3D2MF temperature is None
Warning: Cooling loop sensor PixelBarrel_BmO_2M_L3D2MF temperature is None
Warning: Cooling loop sensor PixelBarrel_BmO_2M_L3D2MF temperature is None
Warning: Cooling loop sensor PixelBarrel_BmO_2M_L3D2MF temperature is None
Warning: Cooling loop sensor PixelBarrel_BmO_2I_L3D2MF temperature is None
Warning: Cooling loop sensor PixelBarrel_BmO_2I_L3D2MF temperature is None
Warning: Cooling loop sensor PixelBarrel_BmO_2I_L3D2MF temperature is None
Warning: Cooling loop sensor PixelBarrel_BmO_1I_L4D1MF temperature is None
Warning: Cooling loop sensor PixelBarrel_BmO_1I_L4D1MF temperature is None
Warning: Cooling loop sensor PixelBarrel_BmO_1I_L4D1MF temperature is None
Warning: Cooling loop sensor PixelBarrel_BmO_1M_L4D1MF temperature is None
Warning: Cooling loop sensor PixelBarrel_BmO_1M_L4D1MF temperature is None
Warning: Cooling loop sensor PixelBarrel_BmO_1M_L4D1MF temperature is None
Warning: Cooling loop sensor PixelBarrel_BmO_1R_L4D1MF temperature is None
Warning: Cooling loop sensor PixelBarrel_BmO_1R_L4D1MF temperature is None
Warning: Cooling loop sensor PixelBarrel_BpI_1R_L4D1PN temperature is None
Warning: Cooling loop sensor PixelBarrel_BpO_3R_L2D1PF temperature is None
Warning: Cooling loop sensor PixelBarrel_BpO_3R_L2D1PF temperature is None
Warning: Cooling loop sensor PixelBarrel_BpO_3R_L2D1PF temperature is None
Warning: Cooling loop sensor PixelBarrel_BmI_1R_L4D2MN temperature is None
Warning: Cooling loop sensor PixelBarrel_BmI_1R_L4D2MN temperature is None
Warning: Cooling loop sensor PixelBarrel_BmI_1R_L4D2MN temperature is None
Warning: Cooling loop sensor PixelBarrel_BmI_2I_L3D1MN temperature is None
Warning: Cooling loop sensor PixelBarrel_BmI_2I_L3D1MN temperature is None
Warning: Cooling loop sensor PixelBarrel_BmI_2I_L3D1MN temperature is None
Warning: Cooling loop sensor PixelBarrel_BmI_2R_L3D1MN temperature is None
Warning: Cooling loop sensor PixelBarrel_BmI_2R_L3D1MN temperature is None
Warning: Cooling loop sensor PixelBarrel_BmI_2R_L3D1MN temperature is None
Warning: Cooling loop sensor PixelBarrel_BmI_3I_L2D1MN temperature is None
Warning: Cooling loop sensor PixelBarrel_BmI_3I_L2D1MN temperature is None
Warning: Cooling loop sensor PixelBarrel_BmI_3I_L2D1MN temperature is None
Warning: Cooling loop sensor PixelBarrel_BmI_3M_L2D1MN temperature is None
Warning: Cooling loop sensor PixelBarrel_BmI_3M_L2D1MN temperature is None
Warning: Cooling loop sensor PixelBarrel_BmI_3M_L2D1MN temperature is None
Warning: Cooling loop sensor PixelBarrel_BmI_3R_L2D1MN temperature is None
Warning: Cooling loop sensor PixelBarrel_BmI_3R_L2D1MN temperature is None
Warning: Cooling loop sensor PixelBarrel_BmI_3R_L2D1MN temperature is None
Warning: Cooling loop sensor PixelBarrel_BmO_6I_L4D3MF temperature is None
Warning: Cooling loop sensor PixelBarrel_BmO_6I_L4D3MF temperature is None
Warning: Cooling loop sensor PixelBarrel_BmO_6I_L4D3MF temperature is None
Warning: Cooling loop sensor PixelBarrel_BmO_6M_L4D3MF temperature is None
Warning: Cooling loop sensor PixelBarrel_BmO_6M_L4D3MF temperature is None
Warning: Cooling loop sensor PixelBarrel_BmO_6M_L4D3MF temperature is None
Warning: Cooling loop sensor PixelBarrel_BmO_6R_L4D3MF temperature is None
Warning: Cooling loop sensor PixelBarrel_BmO_6R_L4D3MF temperature is None
Warning: Cooling loop sensor PixelBarrel_BmO_6R_L4D3MF temperature is None
Warning: Cooling loop sensor PixelBarrel_BmO_5I_L3D4MF temperature is None
Warning: Cooling loop sensor PixelBarrel_BmO_5I_L3D4MF temperature is None
Warning: Cooling loop sensor PixelBarrel_BmO_5I_L3D4MF temperature is None
Warning: Cooling loop sensor PixelBarrel_BmO_5M_L3D4MF temperature is None
Warning: Cooling loop sensor PixelBarrel_BmO_5M_L3D4MF temperature is None
Warning: Cooling loop sensor PixelBarrel_BmO_5M_L3D4MF temperature is None
Warning: Cooling loop sensor PixelBarrel_BmO_5R_L3D4MF temperature is None
Warning: Cooling loop sensor PixelBarrel_BmO_5R_L3D4MF temperature is None
Warning: Cooling loop sensor PixelBarrel_BmO_5R_L3D4MF temperature is None
Warning: Cooling loop sensor PixelBarrel_BmO_4I_L2D2MF temperature is None
Warning: Cooling loop sensor PixelBarrel_BmO_4I_L2D2MF temperature is None
Warning: Cooling loop sensor PixelBarrel_BmO_4I_L2D2MF temperature is None
Warning: Cooling loop sensor PixelBarrel_BmO_4M_L2D2MF temperature is None
Warning: Cooling loop sensor PixelBarrel_BmO_4M_L2D2MF temperature is None
Warning: Cooling loop sensor PixelBarrel_BmO_4M_L2D2MF temperature is None
Warning: Cooling loop sensor PixelBarrel_BmO_4R_L2D2MF temperature is None
Warning: Cooling loop sensor PixelBarrel_BmO_4R_L2D2MF temperature is None
Warning: Cooling loop sensor PixelBarrel_BmO_4R_L2D2MF temperature is None
Warning: Cooling loop sensor PixelBarrel_BpI_3I_L1D1PN temperature is None
Warning: Cooling loop sensor PixelBarrel_BpI_3I_L1D1PN temperature is None
Warning: Cooling loop sensor PixelBarrel_BpI_3I_L1D1PN temperature is None
Warning: Cooling loop sensor PixelBarrel_BpI_3R_L1D1PN temperature is None
Warning: Cooling loop sensor PixelBarrel_BpI_3R_L1D1PN temperature is None
Warning: Cooling loop sensor PixelBarrel_BpI_3R_L1D1PN temperature is None
Warning: Cooling loop sensor PixelBarrel_BpI_2I_L3D2PN temperature is None
Warning: Cooling loop sensor PixelBarrel_BpI_2I_L3D2PN temperature is None
Warning: Cooling loop sensor PixelBarrel_BpI_2I_L3D2PN temperature is None
Warning: Cooling loop sensor PixelBarrel_BpI_2M_L3D2PN temperature is None
Warning: Cooling loop sensor PixelBarrel_BpI_2M_L3D2PN temperature is None
Warning: Cooling loop sensor PixelBarrel_BpI_2M_L3D2PN temperature is None
Warning: Cooling loop sensor PixelBarrel_BpI_2R_L3D2PN temperature is None
Warning: Cooling loop sensor PixelBarrel_BpI_2R_L3D2PN temperature is None
Warning: Cooling loop sensor PixelBarrel_BpI_2R_L3D2PN temperature is None
Warning: Cooling loop sensor PixelBarrel_BpI_1I_L4D1PN temperature is None
Warning: Cooling loop sensor PixelBarrel_BpI_1I_L4D1PN temperature is None
Warning: Cooling loop sensor PixelBarrel_BpI_1I_L4D1PN temperature is None
Warning: Cooling loop sensor PixelBarrel_BpI_1M_L4D1PN temperature is None
Warning: Cooling loop sensor PixelBarrel_BpI_1M_L4D1PN temperature is None
Warning: Cooling loop sensor PixelBarrel_BpI_1M_L4D1PN temperature is None
Warning: Cooling loop sensor PixelBarrel_BpO_4I_L1D2PF temperature is None
Warning: Cooling loop sensor PixelBarrel_BpO_4I_L1D2PF temperature is None
Warning: Cooling loop sensor PixelBarrel_BpO_4I_L1D2PF temperature is None
Warning: Cooling loop sensor PixelBarrel_BpO_4R_L1D2PF temperature is None
Warning: Cooling loop sensor PixelBarrel_BpO_4R_L1D2PF temperature is None
Warning: Cooling loop sensor PixelBarrel_BpO_4R_L1D2PF temperature is None
Warning: Cooling loop sensor PixelBarrel_BpO_5I_L3D3PF temperature is None
Warning: Cooling loop sensor PixelBarrel_BpO_5I_L3D3PF temperature is None
Warning: Cooling loop sensor PixelBarrel_BpO_5I_L3D3PF temperature is None
Warning: Cooling loop sensor PixelBarrel_BpO_5M_L3D3PF temperature is None
Warning: Cooling loop sensor PixelBarrel_BpO_5M_L3D3PF temperature is None
Warning: Cooling loop sensor PixelBarrel_BpO_5M_L3D3PF temperature is None
Warning: Cooling loop sensor PixelBarrel_BpO_5R_L3D3PF temperature is None
Warning: Cooling loop sensor PixelBarrel_BpO_5R_L3D3PF temperature is None
Warning: Cooling loop sensor PixelBarrel_BpO_5R_L3D3PF temperature is None
Warning: Cooling loop sensor PixelBarrel_BpO_6I_L4D4PF temperature is None
Warning: Cooling loop sensor PixelBarrel_BpO_6I_L4D4PF temperature is None
Warning: Cooling loop sensor PixelBarrel_BpO_6I_L4D4PF temperature is None
Warning: Cooling loop sensor PixelBarrel_BpO_6M_L4D4PF temperature is None
Warning: Cooling loop sensor PixelBarrel_BpO_6M_L4D4PF temperature is None
Warning: Cooling loop sensor PixelBarrel_BpO_6M_L4D4PF temperature is None
Warning: Cooling loop sensor PixelBarrel_BpI_6I_L4D3PN temperature is None
Warning: Cooling loop sensor PixelBarrel_BmI_1M_L4D2MN temperature is None
Warning: Cooling loop sensor PixelBarrel_BpI_6I_L4D3PN temperature is None
Warning: Cooling loop sensor PixelBarrel_BpI_6M_L4D3PN temperature is None
Warning: Cooling loop sensor PixelBarrel_BpI_6M_L4D3PN temperature is None
Warning: Cooling loop sensor PixelBarrel_BpI_6M_L4D3PN temperature is None
Warning: Cooling loop sensor PixelBarrel_BpI_6R_L4D3PN temperature is None
Warning: Cooling loop sensor PixelBarrel_BpI_6R_L4D3PN temperature is None
Warning: Cooling loop sensor PixelBarrel_BpI_6R_L4D3PN temperature is None
Warning: Cooling loop sensor PixelBarrel_BpI_5I_L3D4PN temperature is None
Warning: Cooling loop sensor PixelBarrel_BpI_5I_L3D4PN temperature is None
Warning: Cooling loop sensor PixelBarrel_BpI_5I_L3D4PN temperature is None
Warning: Cooling loop sensor PixelBarrel_BpI_5M_L3D4PN temperature is None
Warning: Cooling loop sensor PixelBarrel_BpI_5M_L3D4PN temperature is None
Warning: Cooling loop sensor PixelBarrel_BpI_5M_L3D4PN temperature is None
Warning: Cooling loop sensor PixelBarrel_BpI_5R_L3D4PN temperature is None
Warning: Cooling loop sensor PixelBarrel_BpI_5R_L3D4PN temperature is None
Warning: Cooling loop sensor PixelBarrel_BpI_5R_L3D4PN temperature is None
Warning: Cooling loop sensor PixelBarrel_BpI_4I_L2D2PN temperature is None
Warning: Cooling loop sensor PixelBarrel_BpI_4I_L2D2PN temperature is None
Warning: Cooling loop sensor PixelBarrel_BpI_4I_L2D2PN temperature is None
Warning: Cooling loop sensor PixelBarrel_BpI_4M_L2D2PN temperature is None
Warning: Cooling loop sensor PixelBarrel_BpI_4M_L2D2PN temperature is None
Warning: Cooling loop sensor PixelBarrel_BpI_4M_L2D2PN temperature is None
Warning: Cooling loop sensor PixelBarrel_BpI_4R_L2D2PN temperature is None
Warning: Cooling loop sensor PixelBarrel_BpI_4R_L2D2PN temperature is None
Warning: Cooling loop sensor PixelBarrel_BpI_4R_L2D2PN temperature is None
Warning: Cooling loop sensor PixelBarrel_BpO_1I_L4D2PF temperature is None
Warning: Cooling loop sensor PixelBarrel_BpO_1I_L4D2PF temperature is None
Warning: Cooling loop sensor PixelBarrel_BpO_1I_L4D2PF temperature is None
Warning: Cooling loop sensor PixelBarrel_BpO_1M_L4D2PF temperature is None
Warning: Cooling loop sensor PixelBarrel_BpO_1M_L4D2PF temperature is None
Warning: Cooling loop sensor PixelBarrel_BpO_1M_L4D2PF temperature is None
Warning: Cooling loop sensor PixelBarrel_BpO_1R_L4D2PF temperature is None
Warning: Cooling loop sensor PixelBarrel_BpO_1R_L4D2PF temperature is None
Warning: Cooling loop sensor PixelBarrel_BpO_1R_L4D2PF temperature is None
Warning: Cooling loop sensor PixelBarrel_BpO_2I_L3D1PF temperature is None
Warning: Cooling loop sensor PixelBarrel_BpO_2I_L3D1PF temperature is None
Warning: Cooling loop sensor PixelBarrel_BpO_2I_L3D1PF temperature is None
Warning: Cooling loop sensor PixelBarrel_BpO_2M_L3D1PF temperature is None
Warning: Cooling loop sensor PixelBarrel_BpO_2M_L3D1PF temperature is None
Warning: Cooling loop sensor PixelBarrel_BpO_2M_L3D1PF temperature is None
Warning: Cooling loop sensor PixelBarrel_BpO_2R_L3D1PF temperature is None
Warning: Cooling loop sensor PixelBarrel_BpO_2R_L3D1PF temperature is None
Warning: Cooling loop sensor PixelBarrel_BpO_2R_L3D1PF temperature is None
Warning: Cooling loop sensor PixelBarrel_BpO_3I_L2D1PF temperature is None
Warning: Cooling loop sensor PixelBarrel_BpO_3I_L2D1PF temperature is None
Warning: Cooling loop sensor PixelBarrel_BpO_3I_L2D1PF temperature is None
Warning: Cooling loop sensor PixelBarrel_BpO_3M_L2D1PF temperature is None
Warning: Cooling loop sensor PixelBarrel_BpO_3M_L2D1PF temperature is None
Warning: Cooling loop sensor PixelBarrel_BpO_3M_L2D1PF temperature is None
Warning: Cooling loop sensor PixelBarrel_BmI_1I_L4D2MN temperature is None
Warning: Cooling loop sensor PixelBarrel_BmI_1I_L4D2MN temperature is None
Warning: Cooling loop sensor PixelBarrel_BmI_1I_L4D2MN temperature is None
Warning: Cooling loop sensor PixelBarrel_BmI_1M_L4D2MN temperature is None
Warning: Cooling loop sensor PixelBarrel_BmI_1M_L4D2MN temperature is None
Warning: Cooling loop sensor PixelBarrel_BpI_6I_L4D3PN temperature is None
Warning: Cooling loop sensor PixelBarrel_BmO_4R_L2D2MF temperature is None
Warning: Cooling loop sensor PixelBarrel_BmO_6I_L4D3MF temperature is None
Warning: Cooling loop sensor PixelBarrel_BmO_4M_L2D2MF temperature is None
Warning: Cooling loop sensor PixelBarrel_BmO_6R_L4D3MF temperature is None
Warning: Cooling loop sensor PixelBarrel_BmO_4I_L2D2MF temperature is None
Warning: Cooling loop sensor PixelBarrel_BmO_6M_L4D3MF temperature is None
Warning: Cooling loop sensor PixelBarrel_BmI_3I_L2D1MN temperature is None
Warning: Cooling loop sensor PixelBarrel_BmI_1R_L4D2MN temperature is None
Warning: Cooling loop sensor PixelBarrel_BmI_3R_L2D1MN temperature is None
Warning: Cooling loop sensor PixelBarrel_BmI_3M_L2D1MN temperature is None
Warning: Cooling loop sensor PixelBarrel_BpI_6M_L4D3PN temperature is None
Warning: Cooling loop sensor PixelBarrel_BpI_6R_L4D3PN temperature is None
Warning: Cooling loop sensor PixelBarrel_BpI_4I_L2D2PN temperature is None
Warning: Cooling loop sensor PixelBarrel_BpI_4M_L2D2PN temperature is None
Warning: Cooling loop sensor PixelBarrel_BpI_4R_L2D2PN temperature is None
Warning: Cooling loop sensor PixelBarrel_BpO_1I_L4D2PF temperature is None
Warning: Cooling loop sensor PixelBarrel_BpO_1M_L4D2PF temperature is None
Warning: Cooling loop sensor PixelBarrel_BpO_1R_L4D2PF temperature is None
Warning: Cooling loop sensor PixelBarrel_BpO_3I_L2D1PF temperature is None
Warning: Cooling loop sensor PixelBarrel_BpI_6I_L4D3PN temperature is None
Warning: Cooling loop sensor PixelBarrel_BmI_1M_L4D2MN temperature is None
Warning: Cooling loop sensor PixelBarrel_BpO_3M_L2D1PF temperature is None
Warning: Cooling loop sensor PixelBarrel_BpO_3R_L2D1PF temperature is None
Warning: Cooling loop sensor PixelBarrel_BmI_1I_L4D2MN temperature is None
Warning: Cooling loop sensor PixelBarrel_BmI_5I_L3D3MN temperature is None
Warning: Cooling loop sensor PixelBarrel_BmI_5M_L3D3MN temperature is None
Warning: Cooling loop sensor PixelBarrel_BmI_5I_L3D3MN temperature is None
Warning: Cooling loop sensor PixelBarrel_BmI_6R_L4D4MN temperature is None
Warning: Cooling loop sensor PixelBarrel_BmI_6R_L4D4MN temperature is None
Warning: Cooling loop sensor PixelBarrel_BmI_6R_L4D4MN temperature is None
Warning: Cooling loop sensor PixelBarrel_BmI_6M_L4D4MN temperature is None
Warning: Cooling loop sensor PixelBarrel_BmI_6M_L4D4MN temperature is None
Warning: Cooling loop sensor PixelBarrel_BmI_6M_L4D4MN temperature is None
Warning: Cooling loop sensor PixelBarrel_BmI_6I_L4D4MN temperature is None
Warning: Cooling loop sensor PixelBarrel_BmI_6I_L4D4MN temperature is None
Warning: Cooling loop sensor PixelBarrel_BmI_6I_L4D4MN temperature is None
Warning: Cooling loop sensor PixelBarrel_BmO_3I_L1D1MF temperature is None
Warning: Cooling loop sensor PixelBarrel_BmO_3I_L1D1MF temperature is None
Warning: Cooling loop sensor PixelBarrel_BmO_3I_L1D1MF temperature is None
Warning: Cooling loop sensor PixelBarrel_BmO_3M_L1D1MF temperature is None
Warning: Cooling loop sensor PixelBarrel_BmO_3M_L1D1MF temperature is None
Warning: Cooling loop sensor PixelBarrel_BmO_3M_L1D1MF temperature is None
Warning: Cooling loop sensor PixelBarrel_BmO_3R_L1D1MF temperature is None
Warning: Cooling loop sensor PixelBarrel_BmO_3R_L1D1MF temperature is None
Warning: Cooling loop sensor PixelBarrel_BmO_3R_L1D1MF temperature is None
Warning: Cooling loop sensor PixelBarrel_BmO_2R_L3D2MF temperature is None
Warning: Cooling loop sensor PixelBarrel_BmO_2R_L3D2MF temperature is None
Warning: Cooling loop sensor PixelBarrel_BmO_2R_L3D2MF temperature is None
Warning: Cooling loop sensor PixelBarrel_BmO_2M_L3D2MF temperature is None
Warning: Cooling loop sensor PixelBarrel_BmO_2M_L3D2MF temperature is None
Warning: Cooling loop sensor PixelBarrel_BmO_2M_L3D2MF temperature is None
Warning: Cooling loop sensor PixelBarrel_BmO_2I_L3D2MF temperature is None
Warning: Cooling loop sensor PixelBarrel_BmO_2I_L3D2MF temperature is None
Warning: Cooling loop sensor PixelBarrel_BmO_2I_L3D2MF temperature is None
Warning: Cooling loop sensor PixelBarrel_BmO_1I_L4D1MF temperature is None
Warning: Cooling loop sensor PixelBarrel_BmO_1I_L4D1MF temperature is None
Warning: Cooling loop sensor PixelBarrel_BmO_1I_L4D1MF temperature is None
Warning: Cooling loop sensor PixelBarrel_BmO_1M_L4D1MF temperature is None
Warning: Cooling loop sensor PixelBarrel_BmO_1M_L4D1MF temperature is None
Warning: Cooling loop sensor PixelBarrel_BmO_1M_L4D1MF temperature is None
Warning: Cooling loop sensor PixelBarrel_BmO_1R_L4D1MF temperature is None
Warning: Cooling loop sensor PixelBarrel_BmO_1R_L4D1MF temperature is None
Warning: Cooling loop sensor PixelBarrel_BmO_1R_L4D1MF temperature is None
Warning: Cooling loop sensor PixelBarrel_BpI_1R_L4D1PN temperature is None
Warning: Cooling loop sensor PixelBarrel_BpI_1R_L4D1PN temperature is None
Warning: Cooling loop sensor PixelBarrel_BpI_1R_L4D1PN temperature is None
Warning: Cooling loop sensor PixelBarrel_BpO_6R_L4D4PF temperature is None
Warning: Cooling loop sensor PixelBarrel_BpO_6R_L4D4PF temperature is None
Warning: Cooling loop sensor PixelBarrel_BpO_6R_L4D4PF temperature is None
Warning: Cooling loop sensor PixelBarrel_BmI_4R_L1D2MN temperature is None
Warning: Cooling loop sensor PixelBarrel_BmI_4R_L1D2MN temperature is None
Warning: Cooling loop sensor PixelBarrel_BmI_4R_L1D2MN temperature is None
Warning: Cooling loop sensor PixelBarrel_BmI_4M_L1D2MN temperature is None
Warning: Cooling loop sensor PixelBarrel_BmI_4M_L1D2MN temperature is None
Warning: Cooling loop sensor PixelBarrel_BmI_4M_L1D2MN temperature is None
Warning: Cooling loop sensor PixelBarrel_BmI_4I_L1D2MN temperature is None
Warning: Cooling loop sensor PixelBarrel_BmI_4I_L1D2MN temperature is None
Warning: Cooling loop sensor PixelBarrel_BmI_4I_L1D2MN temperature is None
Warning: Cooling loop sensor PixelBarrel_BmI_5R_L3D3MN temperature is None
Warning: Cooling loop sensor PixelBarrel_BmI_5R_L3D3MN temperature is None
Warning: Cooling loop sensor PixelBarrel_BmI_5R_L3D3MN temperature is None
Warning: Cooling loop sensor PixelBarrel_BmI_5M_L3D3MN temperature is None
Warning: Cooling loop sensor PixelBarrel_BmI_5M_L3D3MN temperature is None
Warning: Cooling loop sensor PixelBarrel_BmI_5I_L3D3MN temperature is None
Warning: Cooling loop sensor PixelBarrel_BpI_3I_L1D1PN temperature is None
Warning: Cooling loop sensor PixelBarrel_BpI_3I_L1D1PN temperature is None
Warning: Cooling loop sensor PixelBarrel_BpI_3I_L1D1PN temperature is None
Warning: Cooling loop sensor PixelBarrel_BpI_3R_L1D1PN temperature is None
Warning: Cooling loop sensor PixelBarrel_BpI_3R_L1D1PN temperature is None
Warning: Cooling loop sensor PixelBarrel_BpI_3R_L1D1PN temperature is None
Warning: Cooling loop sensor PixelBarrel_BpI_2I_L3D2PN temperature is None
Warning: Cooling loop sensor PixelBarrel_BpI_2I_L3D2PN temperature is None
Warning: Cooling loop sensor PixelBarrel_BpI_2I_L3D2PN temperature is None
Warning: Cooling loop sensor PixelBarrel_BpI_2M_L3D2PN temperature is None
Warning: Cooling loop sensor PixelBarrel_BpI_2M_L3D2PN temperature is None
Warning: Cooling loop sensor PixelBarrel_BpI_2M_L3D2PN temperature is None
Warning: Cooling loop sensor PixelBarrel_BpI_2R_L3D2PN temperature is None
Warning: Cooling loop sensor PixelBarrel_BpI_2R_L3D2PN temperature is None
Warning: Cooling loop sensor PixelBarrel_BpI_2R_L3D2PN temperature is None
Warning: Cooling loop sensor PixelBarrel_BpI_1I_L4D1PN temperature is None
Warning: Cooling loop sensor PixelBarrel_BpI_1I_L4D1PN temperature is None
Warning: Cooling loop sensor PixelBarrel_BpI_1I_L4D1PN temperature is None
Warning: Cooling loop sensor PixelBarrel_BpI_1M_L4D1PN temperature is None
Warning: Cooling loop sensor PixelBarrel_BpI_1M_L4D1PN temperature is None
Warning: Cooling loop sensor PixelBarrel_BpI_1M_L4D1PN temperature is None
Warning: Cooling loop sensor PixelBarrel_BpO_4I_L1D2PF temperature is None
Warning: Cooling loop sensor PixelBarrel_BpO_4I_L1D2PF temperature is None
Warning: Cooling loop sensor PixelBarrel_BpO_4I_L1D2PF temperature is None
Warning: Cooling loop sensor PixelBarrel_BpO_4R_L1D2PF temperature is None
Warning: Cooling loop sensor PixelBarrel_BpO_4R_L1D2PF temperature is None
Warning: Cooling loop sensor PixelBarrel_BpO_4R_L1D2PF temperature is None
Warning: Cooling loop sensor PixelBarrel_BpO_5I_L3D3PF temperature is None
Warning: Cooling loop sensor PixelBarrel_BpO_5I_L3D3PF temperature is None
Warning: Cooling loop sensor PixelBarrel_BpO_5I_L3D3PF temperature is None
Warning: Cooling loop sensor PixelBarrel_BpO_5M_L3D3PF temperature is None
Warning: Cooling loop sensor PixelBarrel_BpO_5M_L3D3PF temperature is None
Warning: Cooling loop sensor PixelBarrel_BpO_5M_L3D3PF temperature is None
Warning: Cooling loop sensor PixelBarrel_BpO_5R_L3D3PF temperature is None
Warning: Cooling loop sensor PixelBarrel_BpO_5R_L3D3PF temperature is None
Warning: Cooling loop sensor PixelBarrel_BpO_5R_L3D3PF temperature is None
Warning: Cooling loop sensor PixelBarrel_BpO_6I_L4D4PF temperature is None
Warning: Cooling loop sensor PixelBarrel_BpO_6I_L4D4PF temperature is None
Warning: Cooling loop sensor PixelBarrel_BpO_6I_L4D4PF temperature is None
Warning: Cooling loop sensor PixelBarrel_BpO_6M_L4D4PF temperature is None
Warning: Cooling loop sensor PixelBarrel_BpO_6M_L4D4PF temperature is None
Warning: Cooling loop sensor PixelBarrel_BpO_6M_L4D4PF temperature is None
Warning: Cooling loop sensor PixelBarrel_BpO_3R_L2D1PF temperature is None
Warning: Cooling loop sensor PixelBarrel_BmI_1R_L4D2MN temperature is None
Warning: Cooling loop sensor PixelBarrel_BmI_1R_L4D2MN temperature is None
Warning: Cooling loop sensor PixelBarrel_BmI_1R_L4D2MN temperature is None
Warning: Cooling loop sensor PixelBarrel_BmI_2I_L3D1MN temperature is None
Warning: Cooling loop sensor PixelBarrel_BmI_2I_L3D1MN temperature is None
Warning: Cooling loop sensor PixelBarrel_BmI_2I_L3D1MN temperature is None
Warning: Cooling loop sensor PixelBarrel_BmI_2R_L3D1MN temperature is None
Warning: Cooling loop sensor PixelBarrel_BmI_2R_L3D1MN temperature is None
Warning: Cooling loop sensor PixelBarrel_BmI_2R_L3D1MN temperature is None
Warning: Cooling loop sensor PixelBarrel_BmI_3I_L2D1MN temperature is None
Warning: Cooling loop sensor PixelBarrel_BmI_3I_L2D1MN temperature is None
Warning: Cooling loop sensor PixelBarrel_BmI_3I_L2D1MN temperature is None
Warning: Cooling loop sensor PixelBarrel_BmI_3M_L2D1MN temperature is None
Warning: Cooling loop sensor PixelBarrel_BmI_3M_L2D1MN temperature is None
Warning: Cooling loop sensor PixelBarrel_BmI_3M_L2D1MN temperature is None
Warning: Cooling loop sensor PixelBarrel_BmI_3R_L2D1MN temperature is None
Warning: Cooling loop sensor PixelBarrel_BmI_3R_L2D1MN temperature is None
Warning: Cooling loop sensor PixelBarrel_BmI_3R_L2D1MN temperature is None
Warning: Cooling loop sensor PixelBarrel_BmO_6I_L4D3MF temperature is None
Warning: Cooling loop sensor PixelBarrel_BmO_6I_L4D3MF temperature is None
Warning: Cooling loop sensor PixelBarrel_BmO_6I_L4D3MF temperature is None
Warning: Cooling loop sensor PixelBarrel_BmO_6M_L4D3MF temperature is None
Warning: Cooling loop sensor PixelBarrel_BmO_6M_L4D3MF temperature is None
Warning: Cooling loop sensor PixelBarrel_BmO_6M_L4D3MF temperature is None
Warning: Cooling loop sensor PixelBarrel_BmO_6R_L4D3MF temperature is None
Warning: Cooling loop sensor PixelBarrel_BmO_6R_L4D3MF temperature is None
Warning: Cooling loop sensor PixelBarrel_BmO_6R_L4D3MF temperature is None
Warning: Cooling loop sensor PixelBarrel_BmO_5I_L3D4MF temperature is None
Warning: Cooling loop sensor PixelBarrel_BmO_5I_L3D4MF temperature is None
Warning: Cooling loop sensor PixelBarrel_BmO_5I_L3D4MF temperature is None
Warning: Cooling loop sensor PixelBarrel_BmO_5M_L3D4MF temperature is None
Warning: Cooling loop sensor PixelBarrel_BmO_5M_L3D4MF temperature is None
Warning: Cooling loop sensor PixelBarrel_BmO_5M_L3D4MF temperature is None
Warning: Cooling loop sensor PixelBarrel_BmO_5R_L3D4MF temperature is None
Warning: Cooling loop sensor PixelBarrel_BmO_5R_L3D4MF temperature is None
Warning: Cooling loop sensor PixelBarrel_BmO_5R_L3D4MF temperature is None
Warning: Cooling loop sensor PixelBarrel_BmO_4I_L2D2MF temperature is None
Warning: Cooling loop sensor PixelBarrel_BmO_4I_L2D2MF temperature is None
Warning: Cooling loop sensor PixelBarrel_BmO_4I_L2D2MF temperature is None
Warning: Cooling loop sensor PixelBarrel_BmO_4M_L2D2MF temperature is None
Warning: Cooling loop sensor PixelBarrel_BmO_4M_L2D2MF temperature is None
Warning: Cooling loop sensor PixelBarrel_BmO_4M_L2D2MF temperature is None
Warning: Cooling loop sensor PixelBarrel_BmO_4R_L2D2MF temperature is None
Warning: Cooling loop sensor PixelBarrel_BmO_4R_L2D2MF temperature is None
Warning: Cooling loop sensor PixelBarrel_BmO_4R_L2D2MF temperature is None
Warning: Cooling loop sensor PixelBarrel_BpO_3R_L2D1PF temperature is None
Warning: Cooling loop sensor PixelBarrel_BpO_3R_L2D1PF temperature is None
Warning: Cooling loop sensor PixelBarrel_BmI_1I_L4D2MN temperature is None
Warning: Cooling loop sensor PixelBarrel_BpO_3M_L2D1PF temperature is None
Warning: Cooling loop sensor PixelBarrel_BmI_1I_L4D2MN temperature is None
Warning: Cooling loop sensor PixelBarrel_BmI_1M_L4D2MN temperature is None
Warning: Cooling loop sensor PixelBarrel_BmI_1M_L4D2MN temperature is None
Warning: Cooling loop sensor PixelBarrel_BmI_1M_L4D2MN temperature is None
Warning: Cooling loop sensor PixelBarrel_BpI_6I_L4D3PN temperature is None
Warning: Cooling loop sensor PixelBarrel_BpI_6I_L4D3PN temperature is None
Warning: Cooling loop sensor PixelBarrel_BpI_6I_L4D3PN temperature is None
Warning: Cooling loop sensor PixelBarrel_BpI_6M_L4D3PN temperature is None
Warning: Cooling loop sensor PixelBarrel_BpI_6M_L4D3PN temperature is None
Warning: Cooling loop sensor PixelBarrel_BpI_6M_L4D3PN temperature is None
Warning: Cooling loop sensor PixelBarrel_BpI_6R_L4D3PN temperature is None
Warning: Cooling loop sensor PixelBarrel_BpI_6R_L4D3PN temperature is None
Warning: Cooling loop sensor PixelBarrel_BpI_6R_L4D3PN temperature is None
Warning: Cooling loop sensor PixelBarrel_BpI_5I_L3D4PN temperature is None
Warning: Cooling loop sensor PixelBarrel_BpI_5I_L3D4PN temperature is None
Warning: Cooling loop sensor PixelBarrel_BpI_5I_L3D4PN temperature is None
Warning: Cooling loop sensor PixelBarrel_BpI_5M_L3D4PN temperature is None
Warning: Cooling loop sensor PixelBarrel_BpI_5M_L3D4PN temperature is None
Warning: Cooling loop sensor PixelBarrel_BpI_5M_L3D4PN temperature is None
Warning: Cooling loop sensor PixelBarrel_BpI_5R_L3D4PN temperature is None
Warning: Cooling loop sensor PixelBarrel_BpI_5R_L3D4PN temperature is None
Warning: Cooling loop sensor PixelBarrel_BpI_5R_L3D4PN temperature is None
Warning: Cooling loop sensor PixelBarrel_BpI_4I_L2D2PN temperature is None
Warning: Cooling loop sensor PixelBarrel_BpI_4I_L2D2PN temperature is None
Warning: Cooling loop sensor PixelBarrel_BpI_4I_L2D2PN temperature is None
Warning: Cooling loop sensor PixelBarrel_BpI_4M_L2D2PN temperature is None
Warning: Cooling loop sensor PixelBarrel_BpI_4M_L2D2PN temperature is None
Warning: Cooling loop sensor PixelBarrel_BpI_4M_L2D2PN temperature is None
Warning: Cooling loop sensor PixelBarrel_BpI_4R_L2D2PN temperature is None
Warning: Cooling loop sensor PixelBarrel_BpI_4R_L2D2PN temperature is None
Warning: Cooling loop sensor PixelBarrel_BpI_4R_L2D2PN temperature is None
Warning: Cooling loop sensor PixelBarrel_BpO_1I_L4D2PF temperature is None
Warning: Cooling loop sensor PixelBarrel_BpO_1I_L4D2PF temperature is None
Warning: Cooling loop sensor PixelBarrel_BpO_1I_L4D2PF temperature is None
Warning: Cooling loop sensor PixelBarrel_BpO_1M_L4D2PF temperature is None
Warning: Cooling loop sensor PixelBarrel_BpO_1M_L4D2PF temperature is None
Warning: Cooling loop sensor PixelBarrel_BpO_1M_L4D2PF temperature is None
Warning: Cooling loop sensor PixelBarrel_BpO_1R_L4D2PF temperature is None
Warning: Cooling loop sensor PixelBarrel_BpO_1R_L4D2PF temperature is None
Warning: Cooling loop sensor PixelBarrel_BpO_1R_L4D2PF temperature is None
Warning: Cooling loop sensor PixelBarrel_BpO_2I_L3D1PF temperature is None
Warning: Cooling loop sensor PixelBarrel_BpO_2I_L3D1PF temperature is None
Warning: Cooling loop sensor PixelBarrel_BpO_2I_L3D1PF temperature is None
Warning: Cooling loop sensor PixelBarrel_BpO_2M_L3D1PF temperature is None
Warning: Cooling loop sensor PixelBarrel_BpO_2M_L3D1PF temperature is None
Warning: Cooling loop sensor PixelBarrel_BpO_2M_L3D1PF temperature is None
Warning: Cooling loop sensor PixelBarrel_BpO_2R_L3D1PF temperature is None
Warning: Cooling loop sensor PixelBarrel_BpO_2R_L3D1PF temperature is None
Warning: Cooling loop sensor PixelBarrel_BpO_2R_L3D1PF temperature is None
Warning: Cooling loop sensor PixelBarrel_BpO_3I_L2D1PF temperature is None
Warning: Cooling loop sensor PixelBarrel_BpO_3I_L2D1PF temperature is None
Warning: Cooling loop sensor PixelBarrel_BpO_3I_L2D1PF temperature is None
Warning: Cooling loop sensor PixelBarrel_BpO_3M_L2D1PF temperature is None
Warning: Cooling loop sensor PixelBarrel_BpO_3M_L2D1PF temperature is None
Warning: Cooling loop sensor PixelBarrel_BmI_1I_L4D2MN temperature is None
6220	1505393021	3600		258.52		   4825697		-999.00
Warning: Cooling loop sensor PixelBarrel_BmO_6I_L4D3MF temperature is None
Warning: Cooling loop sensor PixelBarrel_BmO_6M_L4D3MF temperature is None
Warning: Cooling loop sensor PixelBarrel_BmO_4R_L2D2MF temperature is None
Warning: Cooling loop sensor PixelBarrel_BmO_4I_L2D2MF temperature is None
Warning: Cooling loop sensor PixelBarrel_BmO_4M_L2D2MF temperature is None
Warning: Cooling loop sensor PixelBarrel_BmO_6R_L4D3MF temperature is None
Warning: Cooling loop sensor PixelBarrel_BmI_3M_L2D1MN temperature is None
Warning: Cooling loop sensor PixelBarrel_BmI_3I_L2D1MN temperature is None
Warning: Cooling loop sensor PixelBarrel_BmI_1R_L4D2MN temperature is None
Warning: Cooling loop sensor PixelBarrel_BmI_3R_L2D1MN temperature is None
Warning: Cooling loop sensor PixelBarrel_BpI_4R_L2D2PN temperature is None
Warning: Cooling loop sensor PixelBarrel_BpO_1I_L4D2PF temperature is None
Warning: Cooling loop sensor PixelBarrel_BpO_1M_L4D2PF temperature is None
Warning: Cooling loop sensor PixelBarrel_BpO_1R_L4D2PF temperature is None
Warning: Cooling loop sensor PixelBarrel_BpO_3I_L2D1PF temperature is None
Warning: Cooling loop sensor PixelBarrel_BpO_3M_L2D1PF temperature is None
Warning: Cooling loop sensor PixelBarrel_BpO_3R_L2D1PF temperature is None
Warning: Cooling loop sensor PixelBarrel_BmI_1I_L4D2MN temperature is None
Warning: Cooling loop sensor PixelBarrel_BmI_1M_L4D2MN temperature is None
Warning: Cooling loop sensor PixelBarrel_BpI_4M_L2D2PN temperature is None
Warning: Cooling loop sensor PixelBarrel_BpI_4I_L2D2PN temperature is None
Warning: Cooling loop sensor PixelBarrel_BpI_6R_L4D3PN temperature is None
Warning: Cooling loop sensor PixelBarrel_BpI_6I_L4D3PN temperature is None
Warning: Cooling loop sensor PixelBarrel_BpI_6M_L4D3PN temperature is None
Warning: Cooling loop sensor PixelBarrel_BpI_1R_L4D1PN temperature is None
Warning: Cooling loop sensor PixelBarrel_BmO_1R_L4D1MF temperature is None
Warning: Cooling loop sensor PixelBarrel_BpI_1R_L4D1PN temperature is None
Warning: Cooling loop sensor PixelBarrel_BpO_6R_L4D4PF temperature is None
Warning: Cooling loop sensor PixelBarrel_BpO_6R_L4D4PF temperature is None
Warning: Cooling loop sensor PixelBarrel_BpO_6R_L4D4PF temperature is None
Warning: Cooling loop sensor PixelBarrel_BmI_4R_L1D2MN temperature is None
Warning: Cooling loop sensor PixelBarrel_BmI_4R_L1D2MN temperature is None
Warning: Cooling loop sensor PixelBarrel_BmI_4R_L1D2MN temperature is None
Warning: Cooling loop sensor PixelBarrel_BmI_4M_L1D2MN temperature is None
Warning: Cooling loop sensor PixelBarrel_BmI_4M_L1D2MN temperature is None
Warning: Cooling loop sensor PixelBarrel_BmI_4M_L1D2MN temperature is None
Warning: Cooling loop sensor PixelBarrel_BmI_4I_L1D2MN temperature is None
Warning: Cooling loop sensor PixelBarrel_BmI_4I_L1D2MN temperature is None
Warning: Cooling loop sensor PixelBarrel_BmI_4I_L1D2MN temperature is None
Warning: Cooling loop sensor PixelBarrel_BmI_5R_L3D3MN temperature is None
Warning: Cooling loop sensor PixelBarrel_BmI_5R_L3D3MN temperature is None
Warning: Cooling loop sensor PixelBarrel_BmI_5R_L3D3MN temperature is None
Warning: Cooling loop sensor PixelBarrel_BmI_5M_L3D3MN temperature is None
Warning: Cooling loop sensor PixelBarrel_BmI_5M_L3D3MN temperature is None
Warning: Cooling loop sensor PixelBarrel_BmI_5M_L3D3MN temperature is None
Warning: Cooling loop sensor PixelBarrel_BmI_5I_L3D3MN temperature is None
Warning: Cooling loop sensor PixelBarrel_BmI_5I_L3D3MN temperature is None
Warning: Cooling loop sensor PixelBarrel_BmI_5I_L3D3MN temperature is None
Warning: Cooling loop sensor PixelBarrel_BmI_6R_L4D4MN temperature is None
Warning: Cooling loop sensor PixelBarrel_BmI_6R_L4D4MN temperature is None
Warning: Cooling loop sensor PixelBarrel_BmI_6R_L4D4MN temperature is None
Warning: Cooling loop sensor PixelBarrel_BmI_6M_L4D4MN temperature is None
Warning: Cooling loop sensor PixelBarrel_BmI_6M_L4D4MN temperature is None
Warning: Cooling loop sensor PixelBarrel_BmI_6M_L4D4MN temperature is None
Warning: Cooling loop sensor PixelBarrel_BmI_6I_L4D4MN temperature is None
Warning: Cooling loop sensor PixelBarrel_BmI_6I_L4D4MN temperature is None
Warning: Cooling loop sensor PixelBarrel_BmI_6I_L4D4MN temperature is None
Warning: Cooling loop sensor PixelBarrel_BmO_3I_L1D1MF temperature is None
Warning: Cooling loop sensor PixelBarrel_BmO_3I_L1D1MF temperature is None
Warning: Cooling loop sensor PixelBarrel_BmO_3I_L1D1MF temperature is None
Warning: Cooling loop sensor PixelBarrel_BmO_3M_L1D1MF temperature is None
Warning: Cooling loop sensor PixelBarrel_BmO_3M_L1D1MF temperature is None
Warning: Cooling loop sensor PixelBarrel_BmO_3M_L1D1MF temperature is None
Warning: Cooling loop sensor PixelBarrel_BmO_3R_L1D1MF temperature is None
Warning: Cooling loop sensor PixelBarrel_BmO_3R_L1D1MF temperature is None
Warning: Cooling loop sensor PixelBarrel_BmO_3R_L1D1MF temperature is None
Warning: Cooling loop sensor PixelBarrel_BmO_2R_L3D2MF temperature is None
Warning: Cooling loop sensor PixelBarrel_BmO_2R_L3D2MF temperature is None
Warning: Cooling loop sensor PixelBarrel_BmO_2R_L3D2MF temperature is None
Warning: Cooling loop sensor PixelBarrel_BmO_2M_L3D2MF temperature is None
Warning: Cooling loop sensor PixelBarrel_BmO_2M_L3D2MF temperature is None
Warning: Cooling loop sensor PixelBarrel_BmO_2M_L3D2MF temperature is None
Warning: Cooling loop sensor PixelBarrel_BmO_2I_L3D2MF temperature is None
Warning: Cooling loop sensor PixelBarrel_BmO_2I_L3D2MF temperature is None
Warning: Cooling loop sensor PixelBarrel_BmO_2I_L3D2MF temperature is None
Warning: Cooling loop sensor PixelBarrel_BmO_1I_L4D1MF temperature is None
Warning: Cooling loop sensor PixelBarrel_BmO_1I_L4D1MF temperature is None
Warning: Cooling loop sensor PixelBarrel_BmO_1I_L4D1MF temperature is None
Warning: Cooling loop sensor PixelBarrel_BmO_1M_L4D1MF temperature is None
Warning: Cooling loop sensor PixelBarrel_BmO_1M_L4D1MF temperature is None
Warning: Cooling loop sensor PixelBarrel_BmO_1M_L4D1MF temperature is None
Warning: Cooling loop sensor PixelBarrel_BmO_1R_L4D1MF temperature is None
Warning: Cooling loop sensor PixelBarrel_BmO_1R_L4D1MF temperature is None
Warning: Cooling loop sensor PixelBarrel_BpI_1R_L4D1PN temperature is None
Warning: Cooling loop sensor PixelBarrel_BpO_3R_L2D1PF temperature is None
Warning: Cooling loop sensor PixelBarrel_BpO_3R_L2D1PF temperature is None
Warning: Cooling loop sensor PixelBarrel_BpO_3R_L2D1PF temperature is None
Warning: Cooling loop sensor PixelBarrel_BmI_1R_L4D2MN temperature is None
Warning: Cooling loop sensor PixelBarrel_BmI_1R_L4D2MN temperature is None
Warning: Cooling loop sensor PixelBarrel_BmI_1R_L4D2MN temperature is None
Warning: Cooling loop sensor PixelBarrel_BmI_2I_L3D1MN temperature is None
Warning: Cooling loop sensor PixelBarrel_BmI_2I_L3D1MN temperature is None
Warning: Cooling loop sensor PixelBarrel_BmI_2I_L3D1MN temperature is None
Warning: Cooling loop sensor PixelBarrel_BmI_2R_L3D1MN temperature is None
Warning: Cooling loop sensor PixelBarrel_BmI_2R_L3D1MN temperature is None
Warning: Cooling loop sensor PixelBarrel_BmI_2R_L3D1MN temperature is None
Warning: Cooling loop sensor PixelBarrel_BmI_3I_L2D1MN temperature is None
Warning: Cooling loop sensor PixelBarrel_BmI_3I_L2D1MN temperature is None
Warning: Cooling loop sensor PixelBarrel_BmI_3I_L2D1MN temperature is None
Warning: Cooling loop sensor PixelBarrel_BmI_3M_L2D1MN temperature is None
Warning: Cooling loop sensor PixelBarrel_BmI_3M_L2D1MN temperature is None
Warning: Cooling loop sensor PixelBarrel_BmI_3M_L2D1MN temperature is None
Warning: Cooling loop sensor PixelBarrel_BmI_3R_L2D1MN temperature is None
Warning: Cooling loop sensor PixelBarrel_BmI_3R_L2D1MN temperature is None
Warning: Cooling loop sensor PixelBarrel_BmI_3R_L2D1MN temperature is None
Warning: Cooling loop sensor PixelBarrel_BmO_6I_L4D3MF temperature is None
Warning: Cooling loop sensor PixelBarrel_BmO_6I_L4D3MF temperature is None
Warning: Cooling loop sensor PixelBarrel_BmO_6I_L4D3MF temperature is None
Warning: Cooling loop sensor PixelBarrel_BmO_6M_L4D3MF temperature is None
Warning: Cooling loop sensor PixelBarrel_BmO_6M_L4D3MF temperature is None
Warning: Cooling loop sensor PixelBarrel_BmO_6M_L4D3MF temperature is None
Warning: Cooling loop sensor PixelBarrel_BmO_6R_L4D3MF temperature is None
Warning: Cooling loop sensor PixelBarrel_BmO_6R_L4D3MF temperature is None
Warning: Cooling loop sensor PixelBarrel_BmO_6R_L4D3MF temperature is None
Warning: Cooling loop sensor PixelBarrel_BmO_5I_L3D4MF temperature is None
Warning: Cooling loop sensor PixelBarrel_BmO_5I_L3D4MF temperature is None
Warning: Cooling loop sensor PixelBarrel_BmO_5I_L3D4MF temperature is None
Warning: Cooling loop sensor PixelBarrel_BmO_5M_L3D4MF temperature is None
Warning: Cooling loop sensor PixelBarrel_BmO_5M_L3D4MF temperature is None
Warning: Cooling loop sensor PixelBarrel_BmO_5M_L3D4MF temperature is None
Warning: Cooling loop sensor PixelBarrel_BmO_5R_L3D4MF temperature is None
Warning: Cooling loop sensor PixelBarrel_BmO_5R_L3D4MF temperature is None
Warning: Cooling loop sensor PixelBarrel_BmO_5R_L3D4MF temperature is None
Warning: Cooling loop sensor PixelBarrel_BmO_4I_L2D2MF temperature is None
Warning: Cooling loop sensor PixelBarrel_BmO_4I_L2D2MF temperature is None
Warning: Cooling loop sensor PixelBarrel_BmO_4I_L2D2MF temperature is None
Warning: Cooling loop sensor PixelBarrel_BmO_4M_L2D2MF temperature is None
Warning: Cooling loop sensor PixelBarrel_BmO_4M_L2D2MF temperature is None
Warning: Cooling loop sensor PixelBarrel_BmO_4M_L2D2MF temperature is None
Warning: Cooling loop sensor PixelBarrel_BmO_4R_L2D2MF temperature is None
Warning: Cooling loop sensor PixelBarrel_BmO_4R_L2D2MF temperature is None
Warning: Cooling loop sensor PixelBarrel_BmO_4R_L2D2MF temperature is None
Warning: Cooling loop sensor PixelBarrel_BpI_3I_L1D1PN temperature is None
Warning: Cooling loop sensor PixelBarrel_BpI_3I_L1D1PN temperature is None
Warning: Cooling loop sensor PixelBarrel_BpI_3I_L1D1PN temperature is None
Warning: Cooling loop sensor PixelBarrel_BpI_3R_L1D1PN temperature is None
Warning: Cooling loop sensor PixelBarrel_BpI_3R_L1D1PN temperature is None
Warning: Cooling loop sensor PixelBarrel_BpI_3R_L1D1PN temperature is None
Warning: Cooling loop sensor PixelBarrel_BpI_2I_L3D2PN temperature is None
Warning: Cooling loop sensor PixelBarrel_BpI_2I_L3D2PN temperature is None
Warning: Cooling loop sensor PixelBarrel_BpI_2I_L3D2PN temperature is None
Warning: Cooling loop sensor PixelBarrel_BpI_2M_L3D2PN temperature is None
Warning: Cooling loop sensor PixelBarrel_BpI_2M_L3D2PN temperature is None
Warning: Cooling loop sensor PixelBarrel_BpI_2M_L3D2PN temperature is None
Warning: Cooling loop sensor PixelBarrel_BpI_2R_L3D2PN temperature is None
Warning: Cooling loop sensor PixelBarrel_BpI_2R_L3D2PN temperature is None
Warning: Cooling loop sensor PixelBarrel_BpI_2R_L3D2PN temperature is None
Warning: Cooling loop sensor PixelBarrel_BpI_1I_L4D1PN temperature is None
Warning: Cooling loop sensor PixelBarrel_BpI_1I_L4D1PN temperature is None
Warning: Cooling loop sensor PixelBarrel_BpI_1I_L4D1PN temperature is None
Warning: Cooling loop sensor PixelBarrel_BpI_1M_L4D1PN temperature is None
Warning: Cooling loop sensor PixelBarrel_BpI_1M_L4D1PN temperature is None
Warning: Cooling loop sensor PixelBarrel_BpI_1M_L4D1PN temperature is None
Warning: Cooling loop sensor PixelBarrel_BpO_4I_L1D2PF temperature is None
Warning: Cooling loop sensor PixelBarrel_BpO_4I_L1D2PF temperature is None
Warning: Cooling loop sensor PixelBarrel_BpO_4I_L1D2PF temperature is None
Warning: Cooling loop sensor PixelBarrel_BpO_4R_L1D2PF temperature is None
Warning: Cooling loop sensor PixelBarrel_BpO_4R_L1D2PF temperature is None
Warning: Cooling loop sensor PixelBarrel_BpO_4R_L1D2PF temperature is None
Warning: Cooling loop sensor PixelBarrel_BpO_5I_L3D3PF temperature is None
Warning: Cooling loop sensor PixelBarrel_BpO_5I_L3D3PF temperature is None
Warning: Cooling loop sensor PixelBarrel_BpO_5I_L3D3PF temperature is None
Warning: Cooling loop sensor PixelBarrel_BpO_5M_L3D3PF temperature is None
Warning: Cooling loop sensor PixelBarrel_BpO_5M_L3D3PF temperature is None
Warning: Cooling loop sensor PixelBarrel_BpO_5M_L3D3PF temperature is None
Warning: Cooling loop sensor PixelBarrel_BpO_5R_L3D3PF temperature is None
Warning: Cooling loop sensor PixelBarrel_BpO_5R_L3D3PF temperature is None
Warning: Cooling loop sensor PixelBarrel_BpO_5R_L3D3PF temperature is None
Warning: Cooling loop sensor PixelBarrel_BpO_6I_L4D4PF temperature is None
Warning: Cooling loop sensor PixelBarrel_BpO_6I_L4D4PF temperature is None
Warning: Cooling loop sensor PixelBarrel_BpO_6I_L4D4PF temperature is None
Warning: Cooling loop sensor PixelBarrel_BpO_6M_L4D4PF temperature is None
Warning: Cooling loop sensor PixelBarrel_BpO_6M_L4D4PF temperature is None
Warning: Cooling loop sensor PixelBarrel_BpO_6M_L4D4PF temperature is None
Warning: Cooling loop sensor PixelBarrel_BpI_6I_L4D3PN temperature is None
Warning: Cooling loop sensor PixelBarrel_BmI_1M_L4D2MN temperature is None
Warning: Cooling loop sensor PixelBarrel_BpI_6I_L4D3PN temperature is None
Warning: Cooling loop sensor PixelBarrel_BpI_6M_L4D3PN temperature is None
Warning: Cooling loop sensor PixelBarrel_BpI_6M_L4D3PN temperature is None
Warning: Cooling loop sensor PixelBarrel_BpI_6M_L4D3PN temperature is None
Warning: Cooling loop sensor PixelBarrel_BpI_6R_L4D3PN temperature is None
Warning: Cooling loop sensor PixelBarrel_BpI_6R_L4D3PN temperature is None
Warning: Cooling loop sensor PixelBarrel_BpI_6R_L4D3PN temperature is None
Warning: Cooling loop sensor PixelBarrel_BpI_5I_L3D4PN temperature is None
Warning: Cooling loop sensor PixelBarrel_BpI_5I_L3D4PN temperature is None
Warning: Cooling loop sensor PixelBarrel_BpI_5I_L3D4PN temperature is None
Warning: Cooling loop sensor PixelBarrel_BpI_5M_L3D4PN temperature is None
Warning: Cooling loop sensor PixelBarrel_BpI_5M_L3D4PN temperature is None
Warning: Cooling loop sensor PixelBarrel_BpI_5M_L3D4PN temperature is None
Warning: Cooling loop sensor PixelBarrel_BpI_5R_L3D4PN temperature is None
Warning: Cooling loop sensor PixelBarrel_BpI_5R_L3D4PN temperature is None
Warning: Cooling loop sensor PixelBarrel_BpI_5R_L3D4PN temperature is None
Warning: Cooling loop sensor PixelBarrel_BpI_4I_L2D2PN temperature is None
Warning: Cooling loop sensor PixelBarrel_BpI_4I_L2D2PN temperature is None
Warning: Cooling loop sensor PixelBarrel_BpI_4I_L2D2PN temperature is None
Warning: Cooling loop sensor PixelBarrel_BpI_4M_L2D2PN temperature is None
Warning: Cooling loop sensor PixelBarrel_BpI_4M_L2D2PN temperature is None
Warning: Cooling loop sensor PixelBarrel_BpI_4M_L2D2PN temperature is None
Warning: Cooling loop sensor PixelBarrel_BpI_4R_L2D2PN temperature is None
Warning: Cooling loop sensor PixelBarrel_BpI_4R_L2D2PN temperature is None
Warning: Cooling loop sensor PixelBarrel_BpI_4R_L2D2PN temperature is None
Warning: Cooling loop sensor PixelBarrel_BpO_1I_L4D2PF temperature is None
Warning: Cooling loop sensor PixelBarrel_BpO_1I_L4D2PF temperature is None
Warning: Cooling loop sensor PixelBarrel_BpO_1I_L4D2PF temperature is None
Warning: Cooling loop sensor PixelBarrel_BpO_1M_L4D2PF temperature is None
Warning: Cooling loop sensor PixelBarrel_BpO_1M_L4D2PF temperature is None
Warning: Cooling loop sensor PixelBarrel_BpO_1M_L4D2PF temperature is None
Warning: Cooling loop sensor PixelBarrel_BpO_1R_L4D2PF temperature is None
Warning: Cooling loop sensor PixelBarrel_BpO_1R_L4D2PF temperature is None
Warning: Cooling loop sensor PixelBarrel_BpO_1R_L4D2PF temperature is None
Warning: Cooling loop sensor PixelBarrel_BpO_2I_L3D1PF temperature is None
Warning: Cooling loop sensor PixelBarrel_BpO_2I_L3D1PF temperature is None
Warning: Cooling loop sensor PixelBarrel_BpO_2I_L3D1PF temperature is None
Warning: Cooling loop sensor PixelBarrel_BpO_2M_L3D1PF temperature is None
Warning: Cooling loop sensor PixelBarrel_BpO_2M_L3D1PF temperature is None
Warning: Cooling loop sensor PixelBarrel_BpO_2M_L3D1PF temperature is None
Warning: Cooling loop sensor PixelBarrel_BpO_2R_L3D1PF temperature is None
Warning: Cooling loop sensor PixelBarrel_BpO_2R_L3D1PF temperature is None
Warning: Cooling loop sensor PixelBarrel_BpO_2R_L3D1PF temperature is None
Warning: Cooling loop sensor PixelBarrel_BpO_3I_L2D1PF temperature is None
Warning: Cooling loop sensor PixelBarrel_BpO_3I_L2D1PF temperature is None
Warning: Cooling loop sensor PixelBarrel_BpO_3I_L2D1PF temperature is None
Warning: Cooling loop sensor PixelBarrel_BpO_3M_L2D1PF temperature is None
Warning: Cooling loop sensor PixelBarrel_BpO_3M_L2D1PF temperature is None
Warning: Cooling loop sensor PixelBarrel_BpO_3M_L2D1PF temperature is None
Warning: Cooling loop sensor PixelBarrel_BmI_1I_L4D2MN temperature is None
Warning: Cooling loop sensor PixelBarrel_BmI_1I_L4D2MN temperature is None
Warning: Cooling loop sensor PixelBarrel_BmI_1I_L4D2MN temperature is None
Warning: Cooling loop sensor PixelBarrel_BmI_1M_L4D2MN temperature is None
Warning: Cooling loop sensor PixelBarrel_BmI_1M_L4D2MN temperature is None
Warning: Cooling loop sensor PixelBarrel_BpI_6I_L4D3PN temperature is None
Warning: Cooling loop sensor PixelBarrel_BmO_6I_L4D3MF temperature is None
Warning: Cooling loop sensor PixelBarrel_BmO_6M_L4D3MF temperature is None
Warning: Cooling loop sensor PixelBarrel_BmO_4R_L2D2MF temperature is None
Warning: Cooling loop sensor PixelBarrel_BmO_4I_L2D2MF temperature is None
Warning: Cooling loop sensor PixelBarrel_BmO_4M_L2D2MF temperature is None
Warning: Cooling loop sensor PixelBarrel_BmO_6R_L4D3MF temperature is None
Warning: Cooling loop sensor PixelBarrel_BmI_3M_L2D1MN temperature is None
Warning: Cooling loop sensor PixelBarrel_BmI_3I_L2D1MN temperature is None
Warning: Cooling loop sensor PixelBarrel_BmI_1R_L4D2MN temperature is None
Warning: Cooling loop sensor PixelBarrel_BmI_3R_L2D1MN temperature is None
Warning: Cooling loop sensor PixelBarrel_BpI_4R_L2D2PN temperature is None
Warning: Cooling loop sensor PixelBarrel_BpO_1I_L4D2PF temperature is None
Warning: Cooling loop sensor PixelBarrel_BpO_1M_L4D2PF temperature is None
Warning: Cooling loop sensor PixelBarrel_BpO_1R_L4D2PF temperature is None
Warning: Cooling loop sensor PixelBarrel_BpO_3I_L2D1PF temperature is None
Warning: Cooling loop sensor PixelBarrel_BpO_3M_L2D1PF temperature is None
Warning: Cooling loop sensor PixelBarrel_BpO_3R_L2D1PF temperature is None
Warning: Cooling loop sensor PixelBarrel_BmI_1I_L4D2MN temperature is None
Warning: Cooling loop sensor PixelBarrel_BmI_1M_L4D2MN temperature is None
Warning: Cooling loop sensor PixelBarrel_BpI_4M_L2D2PN temperature is None
Warning: Cooling loop sensor PixelBarrel_BpI_4I_L2D2PN temperature is None
Warning: Cooling loop sensor PixelBarrel_BpI_6R_L4D3PN temperature is None
Warning: Cooling loop sensor PixelBarrel_BpI_6I_L4D3PN temperature is None
Warning: Cooling loop sensor PixelBarrel_BpI_6M_L4D3PN temperature is None
Warning: Cooling loop sensor PixelBarrel_BpI_1R_L4D1PN temperature is None
Warning: Cooling loop sensor PixelBarrel_BmO_1R_L4D1MF temperature is None
Warning: Cooling loop sensor PixelBarrel_BpI_1R_L4D1PN temperature is None
Warning: Cooling loop sensor PixelBarrel_BpO_6R_L4D4PF temperature is None
Warning: Cooling loop sensor PixelBarrel_BpO_6R_L4D4PF temperature is None
Warning: Cooling loop sensor PixelBarrel_BpO_6R_L4D4PF temperature is None
Warning: Cooling loop sensor PixelBarrel_BmI_4R_L1D2MN temperature is None
Warning: Cooling loop sensor PixelBarrel_BmI_4R_L1D2MN temperature is None
Warning: Cooling loop sensor PixelBarrel_BmI_4R_L1D2MN temperature is None
Warning: Cooling loop sensor PixelBarrel_BmI_4M_L1D2MN temperature is None
Warning: Cooling loop sensor PixelBarrel_BmI_4M_L1D2MN temperature is None
Warning: Cooling loop sensor PixelBarrel_BmI_4M_L1D2MN temperature is None
Warning: Cooling loop sensor PixelBarrel_BmI_4I_L1D2MN temperature is None
Warning: Cooling loop sensor PixelBarrel_BmI_4I_L1D2MN temperature is None
Warning: Cooling loop sensor PixelBarrel_BmI_4I_L1D2MN temperature is None
Warning: Cooling loop sensor PixelBarrel_BmI_5R_L3D3MN temperature is None
Warning: Cooling loop sensor PixelBarrel_BmI_5R_L3D3MN temperature is None
Warning: Cooling loop sensor PixelBarrel_BmI_5R_L3D3MN temperature is None
Warning: Cooling loop sensor PixelBarrel_BmI_5M_L3D3MN temperature is None
Warning: Cooling loop sensor PixelBarrel_BmI_5M_L3D3MN temperature is None
Warning: Cooling loop sensor PixelBarrel_BmI_5M_L3D3MN temperature is None
Warning: Cooling loop sensor PixelBarrel_BmI_5I_L3D3MN temperature is None
Warning: Cooling loop sensor PixelBarrel_BmI_5I_L3D3MN temperature is None
Warning: Cooling loop sensor PixelBarrel_BmI_5I_L3D3MN temperature is None
Warning: Cooling loop sensor PixelBarrel_BmI_6R_L4D4MN temperature is None
Warning: Cooling loop sensor PixelBarrel_BmI_6R_L4D4MN temperature is None
Warning: Cooling loop sensor PixelBarrel_BmI_6R_L4D4MN temperature is None
Warning: Cooling loop sensor PixelBarrel_BmI_6M_L4D4MN temperature is None
Warning: Cooling loop sensor PixelBarrel_BmI_6M_L4D4MN temperature is None
Warning: Cooling loop sensor PixelBarrel_BmI_6M_L4D4MN temperature is None
Warning: Cooling loop sensor PixelBarrel_BmI_6I_L4D4MN temperature is None
Warning: Cooling loop sensor PixelBarrel_BmI_6I_L4D4MN temperature is None
Warning: Cooling loop sensor PixelBarrel_BmI_6I_L4D4MN temperature is None
Warning: Cooling loop sensor PixelBarrel_BmO_3I_L1D1MF temperature is None
Warning: Cooling loop sensor PixelBarrel_BmO_3I_L1D1MF temperature is None
Warning: Cooling loop sensor PixelBarrel_BmO_3I_L1D1MF temperature is None
Warning: Cooling loop sensor PixelBarrel_BmO_3M_L1D1MF temperature is None
Warning: Cooling loop sensor PixelBarrel_BmO_3M_L1D1MF temperature is None
Warning: Cooling loop sensor PixelBarrel_BmO_3M_L1D1MF temperature is None
Warning: Cooling loop sensor PixelBarrel_BmO_3R_L1D1MF temperature is None
Warning: Cooling loop sensor PixelBarrel_BmO_3R_L1D1MF temperature is None
Warning: Cooling loop sensor PixelBarrel_BmO_3R_L1D1MF temperature is None
Warning: Cooling loop sensor PixelBarrel_BmO_2R_L3D2MF temperature is None
Warning: Cooling loop sensor PixelBarrel_BmO_2R_L3D2MF temperature is None
Warning: Cooling loop sensor PixelBarrel_BmO_2R_L3D2MF temperature is None
Warning: Cooling loop sensor PixelBarrel_BmO_2M_L3D2MF temperature is None
Warning: Cooling loop sensor PixelBarrel_BmO_2M_L3D2MF temperature is None
Warning: Cooling loop sensor PixelBarrel_BmO_2M_L3D2MF temperature is None
Warning: Cooling loop sensor PixelBarrel_BmO_2I_L3D2MF temperature is None
Warning: Cooling loop sensor PixelBarrel_BmO_2I_L3D2MF temperature is None
Warning: Cooling loop sensor PixelBarrel_BmO_2I_L3D2MF temperature is None
Warning: Cooling loop sensor PixelBarrel_BmO_1I_L4D1MF temperature is None
Warning: Cooling loop sensor PixelBarrel_BmO_1I_L4D1MF temperature is None
Warning: Cooling loop sensor PixelBarrel_BmO_1I_L4D1MF temperature is None
Warning: Cooling loop sensor PixelBarrel_BmO_1M_L4D1MF temperature is None
Warning: Cooling loop sensor PixelBarrel_BmO_1M_L4D1MF temperature is None
Warning: Cooling loop sensor PixelBarrel_BmO_1M_L4D1MF temperature is None
Warning: Cooling loop sensor PixelBarrel_BmO_1R_L4D1MF temperature is None
Warning: Cooling loop sensor PixelBarrel_BmO_1R_L4D1MF temperature is None
Warning: Cooling loop sensor PixelBarrel_BpI_1R_L4D1PN temperature is None
Warning: Cooling loop sensor PixelBarrel_BpO_3R_L2D1PF temperature is None
Warning: Cooling loop sensor PixelBarrel_BpO_3R_L2D1PF temperature is None
Warning: Cooling loop sensor PixelBarrel_BpO_3R_L2D1PF temperature is None
Warning: Cooling loop sensor PixelBarrel_BmI_1R_L4D2MN temperature is None
Warning: Cooling loop sensor PixelBarrel_BmI_1R_L4D2MN temperature is None
Warning: Cooling loop sensor PixelBarrel_BmI_1R_L4D2MN temperature is None
Warning: Cooling loop sensor PixelBarrel_BmI_2I_L3D1MN temperature is None
Warning: Cooling loop sensor PixelBarrel_BmI_2I_L3D1MN temperature is None
Warning: Cooling loop sensor PixelBarrel_BmI_2I_L3D1MN temperature is None
Warning: Cooling loop sensor PixelBarrel_BmI_2R_L3D1MN temperature is None
Warning: Cooling loop sensor PixelBarrel_BmI_2R_L3D1MN temperature is None
Warning: Cooling loop sensor PixelBarrel_BmI_2R_L3D1MN temperature is None
Warning: Cooling loop sensor PixelBarrel_BmI_3I_L2D1MN temperature is None
Warning: Cooling loop sensor PixelBarrel_BmI_3I_L2D1MN temperature is None
Warning: Cooling loop sensor PixelBarrel_BmI_3I_L2D1MN temperature is None
Warning: Cooling loop sensor PixelBarrel_BmI_3M_L2D1MN temperature is None
Warning: Cooling loop sensor PixelBarrel_BmI_3M_L2D1MN temperature is None
Warning: Cooling loop sensor PixelBarrel_BmI_3M_L2D1MN temperature is None
Warning: Cooling loop sensor PixelBarrel_BmI_3R_L2D1MN temperature is None
Warning: Cooling loop sensor PixelBarrel_BmI_3R_L2D1MN temperature is None
Warning: Cooling loop sensor PixelBarrel_BmI_3R_L2D1MN temperature is None
Warning: Cooling loop sensor PixelBarrel_BmO_6I_L4D3MF temperature is None
Warning: Cooling loop sensor PixelBarrel_BmO_6I_L4D3MF temperature is None
Warning: Cooling loop sensor PixelBarrel_BmO_6I_L4D3MF temperature is None
Warning: Cooling loop sensor PixelBarrel_BmO_6M_L4D3MF temperature is None
Warning: Cooling loop sensor PixelBarrel_BmO_6M_L4D3MF temperature is None
Warning: Cooling loop sensor PixelBarrel_BmO_6M_L4D3MF temperature is None
Warning: Cooling loop sensor PixelBarrel_BmO_6R_L4D3MF temperature is None
Warning: Cooling loop sensor PixelBarrel_BmO_6R_L4D3MF temperature is None
Warning: Cooling loop sensor PixelBarrel_BmO_6R_L4D3MF temperature is None
Warning: Cooling loop sensor PixelBarrel_BmO_5I_L3D4MF temperature is None
Warning: Cooling loop sensor PixelBarrel_BmO_5I_L3D4MF temperature is None
Warning: Cooling loop sensor PixelBarrel_BmO_5I_L3D4MF temperature is None
Warning: Cooling loop sensor PixelBarrel_BmO_5M_L3D4MF temperature is None
Warning: Cooling loop sensor PixelBarrel_BmO_5M_L3D4MF temperature is None
Warning: Cooling loop sensor PixelBarrel_BmO_5M_L3D4MF temperature is None
Warning: Cooling loop sensor PixelBarrel_BmO_5R_L3D4MF temperature is None
Warning: Cooling loop sensor PixelBarrel_BmO_5R_L3D4MF temperature is None
Warning: Cooling loop sensor PixelBarrel_BmO_5R_L3D4MF temperature is None
Warning: Cooling loop sensor PixelBarrel_BmO_4I_L2D2MF temperature is None
Warning: Cooling loop sensor PixelBarrel_BmO_4I_L2D2MF temperature is None
Warning: Cooling loop sensor PixelBarrel_BmO_4I_L2D2MF temperature is None
Warning: Cooling loop sensor PixelBarrel_BmO_4M_L2D2MF temperature is None
Warning: Cooling loop sensor PixelBarrel_BmO_4M_L2D2MF temperature is None
Warning: Cooling loop sensor PixelBarrel_BmO_4M_L2D2MF temperature is None
Warning: Cooling loop sensor PixelBarrel_BmO_4R_L2D2MF temperature is None
Warning: Cooling loop sensor PixelBarrel_BmO_4R_L2D2MF temperature is None
Warning: Cooling loop sensor PixelBarrel_BmO_4R_L2D2MF temperature is None
Warning: Cooling loop sensor PixelBarrel_BpI_3I_L1D1PN temperature is None
Warning: Cooling loop sensor PixelBarrel_BpI_3I_L1D1PN temperature is None
Warning: Cooling loop sensor PixelBarrel_BpI_3I_L1D1PN temperature is None
Warning: Cooling loop sensor PixelBarrel_BpI_3R_L1D1PN temperature is None
Warning: Cooling loop sensor PixelBarrel_BpI_3R_L1D1PN temperature is None
Warning: Cooling loop sensor PixelBarrel_BpI_3R_L1D1PN temperature is None
Warning: Cooling loop sensor PixelBarrel_BpI_2I_L3D2PN temperature is None
Warning: Cooling loop sensor PixelBarrel_BpI_2I_L3D2PN temperature is None
Warning: Cooling loop sensor PixelBarrel_BpI_2I_L3D2PN temperature is None
Warning: Cooling loop sensor PixelBarrel_BpI_2M_L3D2PN temperature is None
Warning: Cooling loop sensor PixelBarrel_BpI_2M_L3D2PN temperature is None
Warning: Cooling loop sensor PixelBarrel_BpI_2M_L3D2PN temperature is None
Warning: Cooling loop sensor PixelBarrel_BpI_2R_L3D2PN temperature is None
Warning: Cooling loop sensor PixelBarrel_BpI_2R_L3D2PN temperature is None
Warning: Cooling loop sensor PixelBarrel_BpI_2R_L3D2PN temperature is None
Warning: Cooling loop sensor PixelBarrel_BpI_1I_L4D1PN temperature is None
Warning: Cooling loop sensor PixelBarrel_BpI_1I_L4D1PN temperature is None
Warning: Cooling loop sensor PixelBarrel_BpI_1I_L4D1PN temperature is None
Warning: Cooling loop sensor PixelBarrel_BpI_1M_L4D1PN temperature is None
Warning: Cooling loop sensor PixelBarrel_BpI_1M_L4D1PN temperature is None
Warning: Cooling loop sensor PixelBarrel_BpI_1M_L4D1PN temperature is None
Warning: Cooling loop sensor PixelBarrel_BpO_4I_L1D2PF temperature is None
Warning: Cooling loop sensor PixelBarrel_BpO_4I_L1D2PF temperature is None
Warning: Cooling loop sensor PixelBarrel_BpO_4I_L1D2PF temperature is None
Warning: Cooling loop sensor PixelBarrel_BpO_4R_L1D2PF temperature is None
Warning: Cooling loop sensor PixelBarrel_BpO_4R_L1D2PF temperature is None
Warning: Cooling loop sensor PixelBarrel_BpO_4R_L1D2PF temperature is None
Warning: Cooling loop sensor PixelBarrel_BpO_5I_L3D3PF temperature is None
Warning: Cooling loop sensor PixelBarrel_BpO_5I_L3D3PF temperature is None
Warning: Cooling loop sensor PixelBarrel_BpO_5I_L3D3PF temperature is None
Warning: Cooling loop sensor PixelBarrel_BpO_5M_L3D3PF temperature is None
Warning: Cooling loop sensor PixelBarrel_BpO_5M_L3D3PF temperature is None
Warning: Cooling loop sensor PixelBarrel_BpO_5M_L3D3PF temperature is None
Warning: Cooling loop sensor PixelBarrel_BpO_5R_L3D3PF temperature is None
Warning: Cooling loop sensor PixelBarrel_BpO_5R_L3D3PF temperature is None
Warning: Cooling loop sensor PixelBarrel_BpO_5R_L3D3PF temperature is None
Warning: Cooling loop sensor PixelBarrel_BpO_6I_L4D4PF temperature is None
Warning: Cooling loop sensor PixelBarrel_BpO_6I_L4D4PF temperature is None
Warning: Cooling loop sensor PixelBarrel_BpO_6I_L4D4PF temperature is None
Warning: Cooling loop sensor PixelBarrel_BpO_6M_L4D4PF temperature is None
Warning: Cooling loop sensor PixelBarrel_BpO_6M_L4D4PF temperature is None
Warning: Cooling loop sensor PixelBarrel_BpO_6M_L4D4PF temperature is None
Warning: Cooling loop sensor PixelBarrel_BpI_6I_L4D3PN temperature is None
Warning: Cooling loop sensor PixelBarrel_BmI_1M_L4D2MN temperature is None
Warning: Cooling loop sensor PixelBarrel_BpI_6I_L4D3PN temperature is None
Warning: Cooling loop sensor PixelBarrel_BpI_6M_L4D3PN temperature is None
Warning: Cooling loop sensor PixelBarrel_BpI_6M_L4D3PN temperature is None
Warning: Cooling loop sensor PixelBarrel_BpI_6M_L4D3PN temperature is None
Warning: Cooling loop sensor PixelBarrel_BpI_6R_L4D3PN temperature is None
Warning: Cooling loop sensor PixelBarrel_BpI_6R_L4D3PN temperature is None
Warning: Cooling loop sensor PixelBarrel_BpI_6R_L4D3PN temperature is None
Warning: Cooling loop sensor PixelBarrel_BpI_5I_L3D4PN temperature is None
Warning: Cooling loop sensor PixelBarrel_BpI_5I_L3D4PN temperature is None
Warning: Cooling loop sensor PixelBarrel_BpI_5I_L3D4PN temperature is None
Warning: Cooling loop sensor PixelBarrel_BpI_5M_L3D4PN temperature is None
Warning: Cooling loop sensor PixelBarrel_BpI_5M_L3D4PN temperature is None
Warning: Cooling loop sensor PixelBarrel_BpI_5M_L3D4PN temperature is None
Warning: Cooling loop sensor PixelBarrel_BpI_5R_L3D4PN temperature is None
Warning: Cooling loop sensor PixelBarrel_BpI_5R_L3D4PN temperature is None
Warning: Cooling loop sensor PixelBarrel_BpI_5R_L3D4PN temperature is None
Warning: Cooling loop sensor PixelBarrel_BpI_4I_L2D2PN temperature is None
Warning: Cooling loop sensor PixelBarrel_BpI_4I_L2D2PN temperature is None
Warning: Cooling loop sensor PixelBarrel_BpI_4I_L2D2PN temperature is None
Warning: Cooling loop sensor PixelBarrel_BpI_4M_L2D2PN temperature is None
Warning: Cooling loop sensor PixelBarrel_BpI_4M_L2D2PN temperature is None
Warning: Cooling loop sensor PixelBarrel_BpI_4M_L2D2PN temperature is None
Warning: Cooling loop sensor PixelBarrel_BpI_4R_L2D2PN temperature is None
Warning: Cooling loop sensor PixelBarrel_BpI_4R_L2D2PN temperature is None
Warning: Cooling loop sensor PixelBarrel_BpI_4R_L2D2PN temperature is None
Warning: Cooling loop sensor PixelBarrel_BpO_1I_L4D2PF temperature is None
Warning: Cooling loop sensor PixelBarrel_BpO_1I_L4D2PF temperature is None
Warning: Cooling loop sensor PixelBarrel_BpO_1I_L4D2PF temperature is None
Warning: Cooling loop sensor PixelBarrel_BpO_1M_L4D2PF temperature is None
Warning: Cooling loop sensor PixelBarrel_BpO_1M_L4D2PF temperature is None
Warning: Cooling loop sensor PixelBarrel_BpO_1M_L4D2PF temperature is None
Warning: Cooling loop sensor PixelBarrel_BpO_1R_L4D2PF temperature is None
Warning: Cooling loop sensor PixelBarrel_BpO_1R_L4D2PF temperature is None
Warning: Cooling loop sensor PixelBarrel_BpO_1R_L4D2PF temperature is None
Warning: Cooling loop sensor PixelBarrel_BpO_2I_L3D1PF temperature is None
Warning: Cooling loop sensor PixelBarrel_BpO_2I_L3D1PF temperature is None
Warning: Cooling loop sensor PixelBarrel_BpO_2I_L3D1PF temperature is None
Warning: Cooling loop sensor PixelBarrel_BpO_2M_L3D1PF temperature is None
Warning: Cooling loop sensor PixelBarrel_BpO_2M_L3D1PF temperature is None
Warning: Cooling loop sensor PixelBarrel_BpO_2M_L3D1PF temperature is None
Warning: Cooling loop sensor PixelBarrel_BpO_2R_L3D1PF temperature is None
Warning: Cooling loop sensor PixelBarrel_BpO_2R_L3D1PF temperature is None
Warning: Cooling loop sensor PixelBarrel_BpO_2R_L3D1PF temperature is None
Warning: Cooling loop sensor PixelBarrel_BpO_3I_L2D1PF temperature is None
Warning: Cooling loop sensor PixelBarrel_BpO_3I_L2D1PF temperature is None
Warning: Cooling loop sensor PixelBarrel_BpO_3I_L2D1PF temperature is None
Warning: Cooling loop sensor PixelBarrel_BpO_3M_L2D1PF temperature is None
Warning: Cooling loop sensor PixelBarrel_BpO_3M_L2D1PF temperature is None
Warning: Cooling loop sensor PixelBarrel_BpO_3M_L2D1PF temperature is None
Warning: Cooling loop sensor PixelBarrel_BmI_1I_L4D2MN temperature is None
Warning: Cooling loop sensor PixelBarrel_BmI_1I_L4D2MN temperature is None
Warning: Cooling loop sensor PixelBarrel_BmI_1I_L4D2MN temperature is None
Warning: Cooling loop sensor PixelBarrel_BmI_1M_L4D2MN temperature is None
Warning: Cooling loop sensor PixelBarrel_BmI_1M_L4D2MN temperature is None
Warning: Cooling loop sensor PixelBarrel_BpI_6I_L4D3PN temperature is None
Warning: Cooling loop sensor PixelBarrel_BmO_4R_L2D2MF temperature is None
Warning: Cooling loop sensor PixelBarrel_BmO_6I_L4D3MF temperature is None
Warning: Cooling loop sensor PixelBarrel_BmO_4M_L2D2MF temperature is None
Warning: Cooling loop sensor PixelBarrel_BmO_6R_L4D3MF temperature is None
Warning: Cooling loop sensor PixelBarrel_BmO_4I_L2D2MF temperature is None
Warning: Cooling loop sensor PixelBarrel_BmO_6M_L4D3MF temperature is None
Warning: Cooling loop sensor PixelBarrel_BmI_3I_L2D1MN temperature is None
Warning: Cooling loop sensor PixelBarrel_BmI_1R_L4D2MN temperature is None
Warning: Cooling loop sensor PixelBarrel_BmI_3R_L2D1MN temperature is None
Warning: Cooling loop sensor PixelBarrel_BmI_3M_L2D1MN temperature is None
Warning: Cooling loop sensor PixelBarrel_BpI_6M_L4D3PN temperature is None
Warning: Cooling loop sensor PixelBarrel_BpI_6R_L4D3PN temperature is None
Warning: Cooling loop sensor PixelBarrel_BpI_4I_L2D2PN temperature is None
Warning: Cooling loop sensor PixelBarrel_BpI_4M_L2D2PN temperature is None
Warning: Cooling loop sensor PixelBarrel_BpI_4R_L2D2PN temperature is None
Warning: Cooling loop sensor PixelBarrel_BpO_1I_L4D2PF temperature is None
Warning: Cooling loop sensor PixelBarrel_BpO_1M_L4D2PF temperature is None
Warning: Cooling loop sensor PixelBarrel_BpO_1R_L4D2PF temperature is None
Warning: Cooling loop sensor PixelBarrel_BpO_3I_L2D1PF temperature is None
Warning: Cooling loop sensor PixelBarrel_BpI_6I_L4D3PN temperature is None
Warning: Cooling loop sensor PixelBarrel_BmI_1M_L4D2MN temperature is None
Warning: Cooling loop sensor PixelBarrel_BpO_3M_L2D1PF temperature is None
Warning: Cooling loop sensor PixelBarrel_BpO_3R_L2D1PF temperature is None
Warning: Cooling loop sensor PixelBarrel_BmI_1I_L4D2MN temperature is None
Warning: Cooling loop sensor PixelBarrel_BmI_5I_L3D3MN temperature is None
Warning: Cooling loop sensor PixelBarrel_BmI_5M_L3D3MN temperature is None
Warning: Cooling loop sensor PixelBarrel_BmI_5I_L3D3MN temperature is None
Warning: Cooling loop sensor PixelBarrel_BmI_6R_L4D4MN temperature is None
Warning: Cooling loop sensor PixelBarrel_BmI_6R_L4D4MN temperature is None
Warning: Cooling loop sensor PixelBarrel_BmI_6R_L4D4MN temperature is None
Warning: Cooling loop sensor PixelBarrel_BmI_6M_L4D4MN temperature is None
Warning: Cooling loop sensor PixelBarrel_BmI_6M_L4D4MN temperature is None
Warning: Cooling loop sensor PixelBarrel_BmI_6M_L4D4MN temperature is None
Warning: Cooling loop sensor PixelBarrel_BmI_6I_L4D4MN temperature is None
Warning: Cooling loop sensor PixelBarrel_BmI_6I_L4D4MN temperature is None
Warning: Cooling loop sensor PixelBarrel_BmI_6I_L4D4MN temperature is None
Warning: Cooling loop sensor PixelBarrel_BmO_3I_L1D1MF temperature is None
Warning: Cooling loop sensor PixelBarrel_BmO_3I_L1D1MF temperature is None
Warning: Cooling loop sensor PixelBarrel_BmO_3I_L1D1MF temperature is None
Warning: Cooling loop sensor PixelBarrel_BmO_3M_L1D1MF temperature is None
Warning: Cooling loop sensor PixelBarrel_BmO_3M_L1D1MF temperature is None
Warning: Cooling loop sensor PixelBarrel_BmO_3M_L1D1MF temperature is None
Warning: Cooling loop sensor PixelBarrel_BmO_3R_L1D1MF temperature is None
Warning: Cooling loop sensor PixelBarrel_BmO_3R_L1D1MF temperature is None
Warning: Cooling loop sensor PixelBarrel_BmO_3R_L1D1MF temperature is None
Warning: Cooling loop sensor PixelBarrel_BmO_2R_L3D2MF temperature is None
Warning: Cooling loop sensor PixelBarrel_BmO_2R_L3D2MF temperature is None
Warning: Cooling loop sensor PixelBarrel_BmO_2R_L3D2MF temperature is None
Warning: Cooling loop sensor PixelBarrel_BmO_2M_L3D2MF temperature is None
Warning: Cooling loop sensor PixelBarrel_BmO_2M_L3D2MF temperature is None
Warning: Cooling loop sensor PixelBarrel_BmO_2M_L3D2MF temperature is None
Warning: Cooling loop sensor PixelBarrel_BmO_2I_L3D2MF temperature is None
Warning: Cooling loop sensor PixelBarrel_BmO_2I_L3D2MF temperature is None
Warning: Cooling loop sensor PixelBarrel_BmO_2I_L3D2MF temperature is None
Warning: Cooling loop sensor PixelBarrel_BmO_1I_L4D1MF temperature is None
Warning: Cooling loop sensor PixelBarrel_BmO_1I_L4D1MF temperature is None
Warning: Cooling loop sensor PixelBarrel_BmO_1I_L4D1MF temperature is None
Warning: Cooling loop sensor PixelBarrel_BmO_1M_L4D1MF temperature is None
Warning: Cooling loop sensor PixelBarrel_BmO_1M_L4D1MF temperature is None
Warning: Cooling loop sensor PixelBarrel_BmO_1M_L4D1MF temperature is None
Warning: Cooling loop sensor PixelBarrel_BmO_1R_L4D1MF temperature is None
Warning: Cooling loop sensor PixelBarrel_BmO_1R_L4D1MF temperature is None
Warning: Cooling loop sensor PixelBarrel_BmO_1R_L4D1MF temperature is None
Warning: Cooling loop sensor PixelBarrel_BpI_1R_L4D1PN temperature is None
Warning: Cooling loop sensor PixelBarrel_BpI_1R_L4D1PN temperature is None
Warning: Cooling loop sensor PixelBarrel_BpI_1R_L4D1PN temperature is None
Warning: Cooling loop sensor PixelBarrel_BpO_6R_L4D4PF temperature is None
Warning: Cooling loop sensor PixelBarrel_BpO_6R_L4D4PF temperature is None
Warning: Cooling loop sensor PixelBarrel_BpO_6R_L4D4PF temperature is None
Warning: Cooling loop sensor PixelBarrel_BmI_4R_L1D2MN temperature is None
Warning: Cooling loop sensor PixelBarrel_BmI_4R_L1D2MN temperature is None
Warning: Cooling loop sensor PixelBarrel_BmI_4R_L1D2MN temperature is None
Warning: Cooling loop sensor PixelBarrel_BmI_4M_L1D2MN temperature is None
Warning: Cooling loop sensor PixelBarrel_BmI_4M_L1D2MN temperature is None
Warning: Cooling loop sensor PixelBarrel_BmI_4M_L1D2MN temperature is None
Warning: Cooling loop sensor PixelBarrel_BmI_4I_L1D2MN temperature is None
Warning: Cooling loop sensor PixelBarrel_BmI_4I_L1D2MN temperature is None
Warning: Cooling loop sensor PixelBarrel_BmI_4I_L1D2MN temperature is None
Warning: Cooling loop sensor PixelBarrel_BmI_5R_L3D3MN temperature is None
Warning: Cooling loop sensor PixelBarrel_BmI_5R_L3D3MN temperature is None
Warning: Cooling loop sensor PixelBarrel_BmI_5R_L3D3MN temperature is None
Warning: Cooling loop sensor PixelBarrel_BmI_5M_L3D3MN temperature is None
Warning: Cooling loop sensor PixelBarrel_BmI_5M_L3D3MN temperature is None
Warning: Cooling loop sensor PixelBarrel_BmI_5I_L3D3MN temperature is None
Warning: Cooling loop sensor PixelBarrel_BpI_3I_L1D1PN temperature is None
Warning: Cooling loop sensor PixelBarrel_BpI_3I_L1D1PN temperature is None
Warning: Cooling loop sensor PixelBarrel_BpI_3I_L1D1PN temperature is None
Warning: Cooling loop sensor PixelBarrel_BpI_3R_L1D1PN temperature is None
Warning: Cooling loop sensor PixelBarrel_BpI_3R_L1D1PN temperature is None
Warning: Cooling loop sensor PixelBarrel_BpI_3R_L1D1PN temperature is None
Warning: Cooling loop sensor PixelBarrel_BpI_2I_L3D2PN temperature is None
Warning: Cooling loop sensor PixelBarrel_BpI_2I_L3D2PN temperature is None
Warning: Cooling loop sensor PixelBarrel_BpI_2I_L3D2PN temperature is None
Warning: Cooling loop sensor PixelBarrel_BpI_2M_L3D2PN temperature is None
Warning: Cooling loop sensor PixelBarrel_BpI_2M_L3D2PN temperature is None
Warning: Cooling loop sensor PixelBarrel_BpI_2M_L3D2PN temperature is None
Warning: Cooling loop sensor PixelBarrel_BpI_2R_L3D2PN temperature is None
Warning: Cooling loop sensor PixelBarrel_BpI_2R_L3D2PN temperature is None
Warning: Cooling loop sensor PixelBarrel_BpI_2R_L3D2PN temperature is None
Warning: Cooling loop sensor PixelBarrel_BpI_1I_L4D1PN temperature is None
Warning: Cooling loop sensor PixelBarrel_BpI_1I_L4D1PN temperature is None
Warning: Cooling loop sensor PixelBarrel_BpI_1I_L4D1PN temperature is None
Warning: Cooling loop sensor PixelBarrel_BpI_1M_L4D1PN temperature is None
Warning: Cooling loop sensor PixelBarrel_BpI_1M_L4D1PN temperature is None
Warning: Cooling loop sensor PixelBarrel_BpI_1M_L4D1PN temperature is None
Warning: Cooling loop sensor PixelBarrel_BpO_4I_L1D2PF temperature is None
Warning: Cooling loop sensor PixelBarrel_BpO_4I_L1D2PF temperature is None
Warning: Cooling loop sensor PixelBarrel_BpO_4I_L1D2PF temperature is None
Warning: Cooling loop sensor PixelBarrel_BpO_4R_L1D2PF temperature is None
Warning: Cooling loop sensor PixelBarrel_BpO_4R_L1D2PF temperature is None
Warning: Cooling loop sensor PixelBarrel_BpO_4R_L1D2PF temperature is None
Warning: Cooling loop sensor PixelBarrel_BpO_5I_L3D3PF temperature is None
Warning: Cooling loop sensor PixelBarrel_BpO_5I_L3D3PF temperature is None
Warning: Cooling loop sensor PixelBarrel_BpO_5I_L3D3PF temperature is None
Warning: Cooling loop sensor PixelBarrel_BpO_5M_L3D3PF temperature is None
Warning: Cooling loop sensor PixelBarrel_BpO_5M_L3D3PF temperature is None
Warning: Cooling loop sensor PixelBarrel_BpO_5M_L3D3PF temperature is None
Warning: Cooling loop sensor PixelBarrel_BpO_5R_L3D3PF temperature is None
Warning: Cooling loop sensor PixelBarrel_BpO_5R_L3D3PF temperature is None
Warning: Cooling loop sensor PixelBarrel_BpO_5R_L3D3PF temperature is None
Warning: Cooling loop sensor PixelBarrel_BpO_6I_L4D4PF temperature is None
Warning: Cooling loop sensor PixelBarrel_BpO_6I_L4D4PF temperature is None
Warning: Cooling loop sensor PixelBarrel_BpO_6I_L4D4PF temperature is None
Warning: Cooling loop sensor PixelBarrel_BpO_6M_L4D4PF temperature is None
Warning: Cooling loop sensor PixelBarrel_BpO_6M_L4D4PF temperature is None
Warning: Cooling loop sensor PixelBarrel_BpO_6M_L4D4PF temperature is None
Warning: Cooling loop sensor PixelBarrel_BpO_3R_L2D1PF temperature is None
Warning: Cooling loop sensor PixelBarrel_BmI_1R_L4D2MN temperature is None
Warning: Cooling loop sensor PixelBarrel_BmI_1R_L4D2MN temperature is None
Warning: Cooling loop sensor PixelBarrel_BmI_1R_L4D2MN temperature is None
Warning: Cooling loop sensor PixelBarrel_BmI_2I_L3D1MN temperature is None
Warning: Cooling loop sensor PixelBarrel_BmI_2I_L3D1MN temperature is None
Warning: Cooling loop sensor PixelBarrel_BmI_2I_L3D1MN temperature is None
Warning: Cooling loop sensor PixelBarrel_BmI_2R_L3D1MN temperature is None
Warning: Cooling loop sensor PixelBarrel_BmI_2R_L3D1MN temperature is None
Warning: Cooling loop sensor PixelBarrel_BmI_2R_L3D1MN temperature is None
Warning: Cooling loop sensor PixelBarrel_BmI_3I_L2D1MN temperature is None
Warning: Cooling loop sensor PixelBarrel_BmI_3I_L2D1MN temperature is None
Warning: Cooling loop sensor PixelBarrel_BmI_3I_L2D1MN temperature is None
Warning: Cooling loop sensor PixelBarrel_BmI_3M_L2D1MN temperature is None
Warning: Cooling loop sensor PixelBarrel_BmI_3M_L2D1MN temperature is None
Warning: Cooling loop sensor PixelBarrel_BmI_3M_L2D1MN temperature is None
Warning: Cooling loop sensor PixelBarrel_BmI_3R_L2D1MN temperature is None
Warning: Cooling loop sensor PixelBarrel_BmI_3R_L2D1MN temperature is None
Warning: Cooling loop sensor PixelBarrel_BmI_3R_L2D1MN temperature is None
Warning: Cooling loop sensor PixelBarrel_BmO_6I_L4D3MF temperature is None
Warning: Cooling loop sensor PixelBarrel_BmO_6I_L4D3MF temperature is None
Warning: Cooling loop sensor PixelBarrel_BmO_6I_L4D3MF temperature is None
Warning: Cooling loop sensor PixelBarrel_BmO_6M_L4D3MF temperature is None
Warning: Cooling loop sensor PixelBarrel_BmO_6M_L4D3MF temperature is None
Warning: Cooling loop sensor PixelBarrel_BmO_6M_L4D3MF temperature is None
Warning: Cooling loop sensor PixelBarrel_BmO_6R_L4D3MF temperature is None
Warning: Cooling loop sensor PixelBarrel_BmO_6R_L4D3MF temperature is None
Warning: Cooling loop sensor PixelBarrel_BmO_6R_L4D3MF temperature is None
Warning: Cooling loop sensor PixelBarrel_BmO_5I_L3D4MF temperature is None
Warning: Cooling loop sensor PixelBarrel_BmO_5I_L3D4MF temperature is None
Warning: Cooling loop sensor PixelBarrel_BmO_5I_L3D4MF temperature is None
Warning: Cooling loop sensor PixelBarrel_BmO_5M_L3D4MF temperature is None
Warning: Cooling loop sensor PixelBarrel_BmO_5M_L3D4MF temperature is None
Warning: Cooling loop sensor PixelBarrel_BmO_5M_L3D4MF temperature is None
Warning: Cooling loop sensor PixelBarrel_BmO_5R_L3D4MF temperature is None
Warning: Cooling loop sensor PixelBarrel_BmO_5R_L3D4MF temperature is None
Warning: Cooling loop sensor PixelBarrel_BmO_5R_L3D4MF temperature is None
Warning: Cooling loop sensor PixelBarrel_BmO_4I_L2D2MF temperature is None
Warning: Cooling loop sensor PixelBarrel_BmO_4I_L2D2MF temperature is None
Warning: Cooling loop sensor PixelBarrel_BmO_4I_L2D2MF temperature is None
Warning: Cooling loop sensor PixelBarrel_BmO_4M_L2D2MF temperature is None
Warning: Cooling loop sensor PixelBarrel_BmO_4M_L2D2MF temperature is None
Warning: Cooling loop sensor PixelBarrel_BmO_4M_L2D2MF temperature is None
Warning: Cooling loop sensor PixelBarrel_BmO_4R_L2D2MF temperature is None
Warning: Cooling loop sensor PixelBarrel_BmO_4R_L2D2MF temperature is None
Warning: Cooling loop sensor PixelBarrel_BmO_4R_L2D2MF temperature is None
Warning: Cooling loop sensor PixelBarrel_BpO_3R_L2D1PF temperature is None
Warning: Cooling loop sensor PixelBarrel_BpO_3R_L2D1PF temperature is None
Warning: Cooling loop sensor PixelBarrel_BmI_1I_L4D2MN temperature is None
Warning: Cooling loop sensor PixelBarrel_BpO_3M_L2D1PF temperature is None
Warning: Cooling loop sensor PixelBarrel_BmI_1I_L4D2MN temperature is None
Warning: Cooling loop sensor PixelBarrel_BmI_1M_L4D2MN temperature is None
Warning: Cooling loop sensor PixelBarrel_BmI_1M_L4D2MN temperature is None
Warning: Cooling loop sensor PixelBarrel_BmI_1M_L4D2MN temperature is None
Warning: Cooling loop sensor PixelBarrel_BpI_6I_L4D3PN temperature is None
Warning: Cooling loop sensor PixelBarrel_BpI_6I_L4D3PN temperature is None
Warning: Cooling loop sensor PixelBarrel_BpI_6I_L4D3PN temperature is None
Warning: Cooling loop sensor PixelBarrel_BpI_6M_L4D3PN temperature is None
Warning: Cooling loop sensor PixelBarrel_BpI_6M_L4D3PN temperature is None
Warning: Cooling loop sensor PixelBarrel_BpI_6M_L4D3PN temperature is None
Warning: Cooling loop sensor PixelBarrel_BpI_6R_L4D3PN temperature is None
Warning: Cooling loop sensor PixelBarrel_BpI_6R_L4D3PN temperature is None
Warning: Cooling loop sensor PixelBarrel_BpI_6R_L4D3PN temperature is None
Warning: Cooling loop sensor PixelBarrel_BpI_5I_L3D4PN temperature is None
Warning: Cooling loop sensor PixelBarrel_BpI_5I_L3D4PN temperature is None
Warning: Cooling loop sensor PixelBarrel_BpI_5I_L3D4PN temperature is None
Warning: Cooling loop sensor PixelBarrel_BpI_5M_L3D4PN temperature is None
Warning: Cooling loop sensor PixelBarrel_BpI_5M_L3D4PN temperature is None
Warning: Cooling loop sensor PixelBarrel_BpI_5M_L3D4PN temperature is None
Warning: Cooling loop sensor PixelBarrel_BpI_5R_L3D4PN temperature is None
Warning: Cooling loop sensor PixelBarrel_BpI_5R_L3D4PN temperature is None
Warning: Cooling loop sensor PixelBarrel_BpI_5R_L3D4PN temperature is None
Warning: Cooling loop sensor PixelBarrel_BpI_4I_L2D2PN temperature is None
Warning: Cooling loop sensor PixelBarrel_BpI_4I_L2D2PN temperature is None
Warning: Cooling loop sensor PixelBarrel_BpI_4I_L2D2PN temperature is None
Warning: Cooling loop sensor PixelBarrel_BpI_4M_L2D2PN temperature is None
Warning: Cooling loop sensor PixelBarrel_BpI_4M_L2D2PN temperature is None
Warning: Cooling loop sensor PixelBarrel_BpI_4M_L2D2PN temperature is None
Warning: Cooling loop sensor PixelBarrel_BpI_4R_L2D2PN temperature is None
Warning: Cooling loop sensor PixelBarrel_BpI_4R_L2D2PN temperature is None
Warning: Cooling loop sensor PixelBarrel_BpI_4R_L2D2PN temperature is None
Warning: Cooling loop sensor PixelBarrel_BpO_1I_L4D2PF temperature is None
Warning: Cooling loop sensor PixelBarrel_BpO_1I_L4D2PF temperature is None
Warning: Cooling loop sensor PixelBarrel_BpO_1I_L4D2PF temperature is None
Warning: Cooling loop sensor PixelBarrel_BpO_1M_L4D2PF temperature is None
Warning: Cooling loop sensor PixelBarrel_BpO_1M_L4D2PF temperature is None
Warning: Cooling loop sensor PixelBarrel_BpO_1M_L4D2PF temperature is None
Warning: Cooling loop sensor PixelBarrel_BpO_1R_L4D2PF temperature is None
Warning: Cooling loop sensor PixelBarrel_BpO_1R_L4D2PF temperature is None
Warning: Cooling loop sensor PixelBarrel_BpO_1R_L4D2PF temperature is None
Warning: Cooling loop sensor PixelBarrel_BpO_2I_L3D1PF temperature is None
Warning: Cooling loop sensor PixelBarrel_BpO_2I_L3D1PF temperature is None
Warning: Cooling loop sensor PixelBarrel_BpO_2I_L3D1PF temperature is None
Warning: Cooling loop sensor PixelBarrel_BpO_2M_L3D1PF temperature is None
Warning: Cooling loop sensor PixelBarrel_BpO_2M_L3D1PF temperature is None
Warning: Cooling loop sensor PixelBarrel_BpO_2M_L3D1PF temperature is None
Warning: Cooling loop sensor PixelBarrel_BpO_2R_L3D1PF temperature is None
Warning: Cooling loop sensor PixelBarrel_BpO_2R_L3D1PF temperature is None
Warning: Cooling loop sensor PixelBarrel_BpO_2R_L3D1PF temperature is None
Warning: Cooling loop sensor PixelBarrel_BpO_3I_L2D1PF temperature is None
Warning: Cooling loop sensor PixelBarrel_BpO_3I_L2D1PF temperature is None
Warning: Cooling loop sensor PixelBarrel_BpO_3I_L2D1PF temperature is None
Warning: Cooling loop sensor PixelBarrel_BpO_3M_L2D1PF temperature is None
Warning: Cooling loop sensor PixelBarrel_BpO_3M_L2D1PF temperature is None
Warning: Cooling loop sensor PixelBarrel_BmI_1I_L4D2MN temperature is None
6221	1505396621	3600		258.52		   4825697		-999.00
Warning: Cooling loop sensor PixelBarrel_BmO_6I_L4D3MF temperature is None
Warning: Cooling loop sensor PixelBarrel_BmO_6M_L4D3MF temperature is None
Warning: Cooling loop sensor PixelBarrel_BmO_4R_L2D2MF temperature is None
Warning: Cooling loop sensor PixelBarrel_BmO_4I_L2D2MF temperature is None
Warning: Cooling loop sensor PixelBarrel_BmO_4M_L2D2MF temperature is None
Warning: Cooling loop sensor PixelBarrel_BmO_6R_L4D3MF temperature is None
Warning: Cooling loop sensor PixelBarrel_BmI_3M_L2D1MN temperature is None
Warning: Cooling loop sensor PixelBarrel_BmI_3I_L2D1MN temperature is None
Warning: Cooling loop sensor PixelBarrel_BmI_1R_L4D2MN temperature is None
Warning: Cooling loop sensor PixelBarrel_BmI_3R_L2D1MN temperature is None
Warning: Cooling loop sensor PixelBarrel_BpI_4R_L2D2PN temperature is None
Warning: Cooling loop sensor PixelBarrel_BpO_1I_L4D2PF temperature is None
Warning: Cooling loop sensor PixelBarrel_BpO_1M_L4D2PF temperature is None
Warning: Cooling loop sensor PixelBarrel_BpO_1R_L4D2PF temperature is None
Warning: Cooling loop sensor PixelBarrel_BpO_3I_L2D1PF temperature is None
Warning: Cooling loop sensor PixelBarrel_BpO_3M_L2D1PF temperature is None
Warning: Cooling loop sensor PixelBarrel_BpO_3R_L2D1PF temperature is None
Warning: Cooling loop sensor PixelBarrel_BmI_1I_L4D2MN temperature is None
Warning: Cooling loop sensor PixelBarrel_BmI_1M_L4D2MN temperature is None
Warning: Cooling loop sensor PixelBarrel_BpI_4M_L2D2PN temperature is None
Warning: Cooling loop sensor PixelBarrel_BpI_4I_L2D2PN temperature is None
Warning: Cooling loop sensor PixelBarrel_BpI_6R_L4D3PN temperature is None
Warning: Cooling loop sensor PixelBarrel_BpI_6I_L4D3PN temperature is None
Warning: Cooling loop sensor PixelBarrel_BpI_6M_L4D3PN temperature is None
Warning: Cooling loop sensor PixelBarrel_BpI_1R_L4D1PN temperature is None
Warning: Cooling loop sensor PixelBarrel_BmO_1R_L4D1MF temperature is None
Warning: Cooling loop sensor PixelBarrel_BpI_1R_L4D1PN temperature is None
Warning: Cooling loop sensor PixelBarrel_BpO_6R_L4D4PF temperature is None
Warning: Cooling loop sensor PixelBarrel_BpO_6R_L4D4PF temperature is None
Warning: Cooling loop sensor PixelBarrel_BpO_6R_L4D4PF temperature is None
Warning: Cooling loop sensor PixelBarrel_BmI_4R_L1D2MN temperature is None
Warning: Cooling loop sensor PixelBarrel_BmI_4R_L1D2MN temperature is None
Warning: Cooling loop sensor PixelBarrel_BmI_4R_L1D2MN temperature is None
Warning: Cooling loop sensor PixelBarrel_BmI_4M_L1D2MN temperature is None
Warning: Cooling loop sensor PixelBarrel_BmI_4M_L1D2MN temperature is None
Warning: Cooling loop sensor PixelBarrel_BmI_4M_L1D2MN temperature is None
Warning: Cooling loop sensor PixelBarrel_BmI_4I_L1D2MN temperature is None
Warning: Cooling loop sensor PixelBarrel_BmI_4I_L1D2MN temperature is None
Warning: Cooling loop sensor PixelBarrel_BmI_4I_L1D2MN temperature is None
Warning: Cooling loop sensor PixelBarrel_BmI_5R_L3D3MN temperature is None
Warning: Cooling loop sensor PixelBarrel_BmI_5R_L3D3MN temperature is None
Warning: Cooling loop sensor PixelBarrel_BmI_5R_L3D3MN temperature is None
Warning: Cooling loop sensor PixelBarrel_BmI_5M_L3D3MN temperature is None
Warning: Cooling loop sensor PixelBarrel_BmI_5M_L3D3MN temperature is None
Warning: Cooling loop sensor PixelBarrel_BmI_5M_L3D3MN temperature is None
Warning: Cooling loop sensor PixelBarrel_BmI_5I_L3D3MN temperature is None
Warning: Cooling loop sensor PixelBarrel_BmI_5I_L3D3MN temperature is None
Warning: Cooling loop sensor PixelBarrel_BmI_5I_L3D3MN temperature is None
Warning: Cooling loop sensor PixelBarrel_BmI_6R_L4D4MN temperature is None
Warning: Cooling loop sensor PixelBarrel_BmI_6R_L4D4MN temperature is None
Warning: Cooling loop sensor PixelBarrel_BmI_6R_L4D4MN temperature is None
Warning: Cooling loop sensor PixelBarrel_BmI_6M_L4D4MN temperature is None
Warning: Cooling loop sensor PixelBarrel_BmI_6M_L4D4MN temperature is None
Warning: Cooling loop sensor PixelBarrel_BmI_6M_L4D4MN temperature is None
Warning: Cooling loop sensor PixelBarrel_BmI_6I_L4D4MN temperature is None
Warning: Cooling loop sensor PixelBarrel_BmI_6I_L4D4MN temperature is None
Warning: Cooling loop sensor PixelBarrel_BmI_6I_L4D4MN temperature is None
Warning: Cooling loop sensor PixelBarrel_BmO_3I_L1D1MF temperature is None
Warning: Cooling loop sensor PixelBarrel_BmO_3I_L1D1MF temperature is None
Warning: Cooling loop sensor PixelBarrel_BmO_3I_L1D1MF temperature is None
Warning: Cooling loop sensor PixelBarrel_BmO_3M_L1D1MF temperature is None
Warning: Cooling loop sensor PixelBarrel_BmO_3M_L1D1MF temperature is None
Warning: Cooling loop sensor PixelBarrel_BmO_3M_L1D1MF temperature is None
Warning: Cooling loop sensor PixelBarrel_BmO_3R_L1D1MF temperature is None
Warning: Cooling loop sensor PixelBarrel_BmO_3R_L1D1MF temperature is None
Warning: Cooling loop sensor PixelBarrel_BmO_3R_L1D1MF temperature is None
Warning: Cooling loop sensor PixelBarrel_BmO_2R_L3D2MF temperature is None
Warning: Cooling loop sensor PixelBarrel_BmO_2R_L3D2MF temperature is None
Warning: Cooling loop sensor PixelBarrel_BmO_2R_L3D2MF temperature is None
Warning: Cooling loop sensor PixelBarrel_BmO_2M_L3D2MF temperature is None
Warning: Cooling loop sensor PixelBarrel_BmO_2M_L3D2MF temperature is None
Warning: Cooling loop sensor PixelBarrel_BmO_2M_L3D2MF temperature is None
Warning: Cooling loop sensor PixelBarrel_BmO_2I_L3D2MF temperature is None
Warning: Cooling loop sensor PixelBarrel_BmO_2I_L3D2MF temperature is None
Warning: Cooling loop sensor PixelBarrel_BmO_2I_L3D2MF temperature is None
Warning: Cooling loop sensor PixelBarrel_BmO_1I_L4D1MF temperature is None
Warning: Cooling loop sensor PixelBarrel_BmO_1I_L4D1MF temperature is None
Warning: Cooling loop sensor PixelBarrel_BmO_1I_L4D1MF temperature is None
Warning: Cooling loop sensor PixelBarrel_BmO_1M_L4D1MF temperature is None
Warning: Cooling loop sensor PixelBarrel_BmO_1M_L4D1MF temperature is None
Warning: Cooling loop sensor PixelBarrel_BmO_1M_L4D1MF temperature is None
Warning: Cooling loop sensor PixelBarrel_BmO_1R_L4D1MF temperature is None
Warning: Cooling loop sensor PixelBarrel_BmO_1R_L4D1MF temperature is None
Warning: Cooling loop sensor PixelBarrel_BpI_1R_L4D1PN temperature is None
Warning: Cooling loop sensor PixelBarrel_BpO_3R_L2D1PF temperature is None
Warning: Cooling loop sensor PixelBarrel_BpO_3R_L2D1PF temperature is None
Warning: Cooling loop sensor PixelBarrel_BpO_3R_L2D1PF temperature is None
Warning: Cooling loop sensor PixelBarrel_BmI_1R_L4D2MN temperature is None
Warning: Cooling loop sensor PixelBarrel_BmI_1R_L4D2MN temperature is None
Warning: Cooling loop sensor PixelBarrel_BmI_1R_L4D2MN temperature is None
Warning: Cooling loop sensor PixelBarrel_BmI_2I_L3D1MN temperature is None
Warning: Cooling loop sensor PixelBarrel_BmI_2I_L3D1MN temperature is None
Warning: Cooling loop sensor PixelBarrel_BmI_2I_L3D1MN temperature is None
Warning: Cooling loop sensor PixelBarrel_BmI_2R_L3D1MN temperature is None
Warning: Cooling loop sensor PixelBarrel_BmI_2R_L3D1MN temperature is None
Warning: Cooling loop sensor PixelBarrel_BmI_2R_L3D1MN temperature is None
Warning: Cooling loop sensor PixelBarrel_BmI_3I_L2D1MN temperature is None
Warning: Cooling loop sensor PixelBarrel_BmI_3I_L2D1MN temperature is None
Warning: Cooling loop sensor PixelBarrel_BmI_3I_L2D1MN temperature is None
Warning: Cooling loop sensor PixelBarrel_BmI_3M_L2D1MN temperature is None
Warning: Cooling loop sensor PixelBarrel_BmI_3M_L2D1MN temperature is None
Warning: Cooling loop sensor PixelBarrel_BmI_3M_L2D1MN temperature is None
Warning: Cooling loop sensor PixelBarrel_BmI_3R_L2D1MN temperature is None
Warning: Cooling loop sensor PixelBarrel_BmI_3R_L2D1MN temperature is None
Warning: Cooling loop sensor PixelBarrel_BmI_3R_L2D1MN temperature is None
Warning: Cooling loop sensor PixelBarrel_BmO_6I_L4D3MF temperature is None
Warning: Cooling loop sensor PixelBarrel_BmO_6I_L4D3MF temperature is None
Warning: Cooling loop sensor PixelBarrel_BmO_6I_L4D3MF temperature is None
Warning: Cooling loop sensor PixelBarrel_BmO_6M_L4D3MF temperature is None
Warning: Cooling loop sensor PixelBarrel_BmO_6M_L4D3MF temperature is None
Warning: Cooling loop sensor PixelBarrel_BmO_6M_L4D3MF temperature is None
Warning: Cooling loop sensor PixelBarrel_BmO_6R_L4D3MF temperature is None
Warning: Cooling loop sensor PixelBarrel_BmO_6R_L4D3MF temperature is None
Warning: Cooling loop sensor PixelBarrel_BmO_6R_L4D3MF temperature is None
Warning: Cooling loop sensor PixelBarrel_BmO_5I_L3D4MF temperature is None
Warning: Cooling loop sensor PixelBarrel_BmO_5I_L3D4MF temperature is None
Warning: Cooling loop sensor PixelBarrel_BmO_5I_L3D4MF temperature is None
Warning: Cooling loop sensor PixelBarrel_BmO_5M_L3D4MF temperature is None
Warning: Cooling loop sensor PixelBarrel_BmO_5M_L3D4MF temperature is None
Warning: Cooling loop sensor PixelBarrel_BmO_5M_L3D4MF temperature is None
Warning: Cooling loop sensor PixelBarrel_BmO_5R_L3D4MF temperature is None
Warning: Cooling loop sensor PixelBarrel_BmO_5R_L3D4MF temperature is None
Warning: Cooling loop sensor PixelBarrel_BmO_5R_L3D4MF temperature is None
Warning: Cooling loop sensor PixelBarrel_BmO_4I_L2D2MF temperature is None
Warning: Cooling loop sensor PixelBarrel_BmO_4I_L2D2MF temperature is None
Warning: Cooling loop sensor PixelBarrel_BmO_4I_L2D2MF temperature is None
Warning: Cooling loop sensor PixelBarrel_BmO_4M_L2D2MF temperature is None
Warning: Cooling loop sensor PixelBarrel_BmO_4M_L2D2MF temperature is None
Warning: Cooling loop sensor PixelBarrel_BmO_4M_L2D2MF temperature is None
Warning: Cooling loop sensor PixelBarrel_BmO_4R_L2D2MF temperature is None
Warning: Cooling loop sensor PixelBarrel_BmO_4R_L2D2MF temperature is None
Warning: Cooling loop sensor PixelBarrel_BmO_4R_L2D2MF temperature is None
Warning: Cooling loop sensor PixelBarrel_BpI_3I_L1D1PN temperature is None
Warning: Cooling loop sensor PixelBarrel_BpI_3I_L1D1PN temperature is None
Warning: Cooling loop sensor PixelBarrel_BpI_3I_L1D1PN temperature is None
Warning: Cooling loop sensor PixelBarrel_BpI_3R_L1D1PN temperature is None
Warning: Cooling loop sensor PixelBarrel_BpI_3R_L1D1PN temperature is None
Warning: Cooling loop sensor PixelBarrel_BpI_3R_L1D1PN temperature is None
Warning: Cooling loop sensor PixelBarrel_BpI_2I_L3D2PN temperature is None
Warning: Cooling loop sensor PixelBarrel_BpI_2I_L3D2PN temperature is None
Warning: Cooling loop sensor PixelBarrel_BpI_2I_L3D2PN temperature is None
Warning: Cooling loop sensor PixelBarrel_BpI_2M_L3D2PN temperature is None
Warning: Cooling loop sensor PixelBarrel_BpI_2M_L3D2PN temperature is None
Warning: Cooling loop sensor PixelBarrel_BpI_2M_L3D2PN temperature is None
Warning: Cooling loop sensor PixelBarrel_BpI_2R_L3D2PN temperature is None
Warning: Cooling loop sensor PixelBarrel_BpI_2R_L3D2PN temperature is None
Warning: Cooling loop sensor PixelBarrel_BpI_2R_L3D2PN temperature is None
Warning: Cooling loop sensor PixelBarrel_BpI_1I_L4D1PN temperature is None
Warning: Cooling loop sensor PixelBarrel_BpI_1I_L4D1PN temperature is None
Warning: Cooling loop sensor PixelBarrel_BpI_1I_L4D1PN temperature is None
Warning: Cooling loop sensor PixelBarrel_BpI_1M_L4D1PN temperature is None
Warning: Cooling loop sensor PixelBarrel_BpI_1M_L4D1PN temperature is None
Warning: Cooling loop sensor PixelBarrel_BpI_1M_L4D1PN temperature is None
Warning: Cooling loop sensor PixelBarrel_BpO_4I_L1D2PF temperature is None
Warning: Cooling loop sensor PixelBarrel_BpO_4I_L1D2PF temperature is None
Warning: Cooling loop sensor PixelBarrel_BpO_4I_L1D2PF temperature is None
Warning: Cooling loop sensor PixelBarrel_BpO_4R_L1D2PF temperature is None
Warning: Cooling loop sensor PixelBarrel_BpO_4R_L1D2PF temperature is None
Warning: Cooling loop sensor PixelBarrel_BpO_4R_L1D2PF temperature is None
Warning: Cooling loop sensor PixelBarrel_BpO_5I_L3D3PF temperature is None
Warning: Cooling loop sensor PixelBarrel_BpO_5I_L3D3PF temperature is None
Warning: Cooling loop sensor PixelBarrel_BpO_5I_L3D3PF temperature is None
Warning: Cooling loop sensor PixelBarrel_BpO_5M_L3D3PF temperature is None
Warning: Cooling loop sensor PixelBarrel_BpO_5M_L3D3PF temperature is None
Warning: Cooling loop sensor PixelBarrel_BpO_5M_L3D3PF temperature is None
Warning: Cooling loop sensor PixelBarrel_BpO_5R_L3D3PF temperature is None
Warning: Cooling loop sensor PixelBarrel_BpO_5R_L3D3PF temperature is None
Warning: Cooling loop sensor PixelBarrel_BpO_5R_L3D3PF temperature is None
Warning: Cooling loop sensor PixelBarrel_BpO_6I_L4D4PF temperature is None
Warning: Cooling loop sensor PixelBarrel_BpO_6I_L4D4PF temperature is None
Warning: Cooling loop sensor PixelBarrel_BpO_6I_L4D4PF temperature is None
Warning: Cooling loop sensor PixelBarrel_BpO_6M_L4D4PF temperature is None
Warning: Cooling loop sensor PixelBarrel_BpO_6M_L4D4PF temperature is None
Warning: Cooling loop sensor PixelBarrel_BpO_6M_L4D4PF temperature is None
Warning: Cooling loop sensor PixelBarrel_BpI_6I_L4D3PN temperature is None
Warning: Cooling loop sensor PixelBarrel_BmI_1M_L4D2MN temperature is None
Warning: Cooling loop sensor PixelBarrel_BpI_6I_L4D3PN temperature is None
Warning: Cooling loop sensor PixelBarrel_BpI_6M_L4D3PN temperature is None
Warning: Cooling loop sensor PixelBarrel_BpI_6M_L4D3PN temperature is None
Warning: Cooling loop sensor PixelBarrel_BpI_6M_L4D3PN temperature is None
Warning: Cooling loop sensor PixelBarrel_BpI_6R_L4D3PN temperature is None
Warning: Cooling loop sensor PixelBarrel_BpI_6R_L4D3PN temperature is None
Warning: Cooling loop sensor PixelBarrel_BpI_6R_L4D3PN temperature is None
Warning: Cooling loop sensor PixelBarrel_BpI_5I_L3D4PN temperature is None
Warning: Cooling loop sensor PixelBarrel_BpI_5I_L3D4PN temperature is None
Warning: Cooling loop sensor PixelBarrel_BpI_5I_L3D4PN temperature is None
Warning: Cooling loop sensor PixelBarrel_BpI_5M_L3D4PN temperature is None
Warning: Cooling loop sensor PixelBarrel_BpI_5M_L3D4PN temperature is None
Warning: Cooling loop sensor PixelBarrel_BpI_5M_L3D4PN temperature is None
Warning: Cooling loop sensor PixelBarrel_BpI_5R_L3D4PN temperature is None
Warning: Cooling loop sensor PixelBarrel_BpI_5R_L3D4PN temperature is None
Warning: Cooling loop sensor PixelBarrel_BpI_5R_L3D4PN temperature is None
Warning: Cooling loop sensor PixelBarrel_BpI_4I_L2D2PN temperature is None
Warning: Cooling loop sensor PixelBarrel_BpI_4I_L2D2PN temperature is None
Warning: Cooling loop sensor PixelBarrel_BpI_4I_L2D2PN temperature is None
Warning: Cooling loop sensor PixelBarrel_BpI_4M_L2D2PN temperature is None
Warning: Cooling loop sensor PixelBarrel_BpI_4M_L2D2PN temperature is None
Warning: Cooling loop sensor PixelBarrel_BpI_4M_L2D2PN temperature is None
Warning: Cooling loop sensor PixelBarrel_BpI_4R_L2D2PN temperature is None
Warning: Cooling loop sensor PixelBarrel_BpI_4R_L2D2PN temperature is None
Warning: Cooling loop sensor PixelBarrel_BpI_4R_L2D2PN temperature is None
Warning: Cooling loop sensor PixelBarrel_BpO_1I_L4D2PF temperature is None
Warning: Cooling loop sensor PixelBarrel_BpO_1I_L4D2PF temperature is None
Warning: Cooling loop sensor PixelBarrel_BpO_1I_L4D2PF temperature is None
Warning: Cooling loop sensor PixelBarrel_BpO_1M_L4D2PF temperature is None
Warning: Cooling loop sensor PixelBarrel_BpO_1M_L4D2PF temperature is None
Warning: Cooling loop sensor PixelBarrel_BpO_1M_L4D2PF temperature is None
Warning: Cooling loop sensor PixelBarrel_BpO_1R_L4D2PF temperature is None
Warning: Cooling loop sensor PixelBarrel_BpO_1R_L4D2PF temperature is None
Warning: Cooling loop sensor PixelBarrel_BpO_1R_L4D2PF temperature is None
Warning: Cooling loop sensor PixelBarrel_BpO_2I_L3D1PF temperature is None
Warning: Cooling loop sensor PixelBarrel_BpO_2I_L3D1PF temperature is None
Warning: Cooling loop sensor PixelBarrel_BpO_2I_L3D1PF temperature is None
Warning: Cooling loop sensor PixelBarrel_BpO_2M_L3D1PF temperature is None
Warning: Cooling loop sensor PixelBarrel_BpO_2M_L3D1PF temperature is None
Warning: Cooling loop sensor PixelBarrel_BpO_2M_L3D1PF temperature is None
Warning: Cooling loop sensor PixelBarrel_BpO_2R_L3D1PF temperature is None
Warning: Cooling loop sensor PixelBarrel_BpO_2R_L3D1PF temperature is None
Warning: Cooling loop sensor PixelBarrel_BpO_2R_L3D1PF temperature is None
Warning: Cooling loop sensor PixelBarrel_BpO_3I_L2D1PF temperature is None
Warning: Cooling loop sensor PixelBarrel_BpO_3I_L2D1PF temperature is None
Warning: Cooling loop sensor PixelBarrel_BpO_3I_L2D1PF temperature is None
Warning: Cooling loop sensor PixelBarrel_BpO_3M_L2D1PF temperature is None
Warning: Cooling loop sensor PixelBarrel_BpO_3M_L2D1PF temperature is None
Warning: Cooling loop sensor PixelBarrel_BpO_3M_L2D1PF temperature is None
Warning: Cooling loop sensor PixelBarrel_BmI_1I_L4D2MN temperature is None
Warning: Cooling loop sensor PixelBarrel_BmI_1I_L4D2MN temperature is None
Warning: Cooling loop sensor PixelBarrel_BmI_1I_L4D2MN temperature is None
Warning: Cooling loop sensor PixelBarrel_BmI_1M_L4D2MN temperature is None
Warning: Cooling loop sensor PixelBarrel_BmI_1M_L4D2MN temperature is None
Warning: Cooling loop sensor PixelBarrel_BpI_6I_L4D3PN temperature is None
Warning: Cooling loop sensor PixelBarrel_BmO_6I_L4D3MF temperature is None
Warning: Cooling loop sensor PixelBarrel_BmO_6M_L4D3MF temperature is None
Warning: Cooling loop sensor PixelBarrel_BmO_4R_L2D2MF temperature is None
Warning: Cooling loop sensor PixelBarrel_BmO_4I_L2D2MF temperature is None
Warning: Cooling loop sensor PixelBarrel_BmO_4M_L2D2MF temperature is None
Warning: Cooling loop sensor PixelBarrel_BmO_6R_L4D3MF temperature is None
Warning: Cooling loop sensor PixelBarrel_BmI_3M_L2D1MN temperature is None
Warning: Cooling loop sensor PixelBarrel_BmI_3I_L2D1MN temperature is None
Warning: Cooling loop sensor PixelBarrel_BmI_1R_L4D2MN temperature is None
Warning: Cooling loop sensor PixelBarrel_BmI_3R_L2D1MN temperature is None
Warning: Cooling loop sensor PixelBarrel_BpI_4R_L2D2PN temperature is None
Warning: Cooling loop sensor PixelBarrel_BpO_1I_L4D2PF temperature is None
Warning: Cooling loop sensor PixelBarrel_BpO_1M_L4D2PF temperature is None
Warning: Cooling loop sensor PixelBarrel_BpO_1R_L4D2PF temperature is None
Warning: Cooling loop sensor PixelBarrel_BpO_3I_L2D1PF temperature is None
Warning: Cooling loop sensor PixelBarrel_BpO_3M_L2D1PF temperature is None
Warning: Cooling loop sensor PixelBarrel_BpO_3R_L2D1PF temperature is None
Warning: Cooling loop sensor PixelBarrel_BmI_1I_L4D2MN temperature is None
Warning: Cooling loop sensor PixelBarrel_BmI_1M_L4D2MN temperature is None
Warning: Cooling loop sensor PixelBarrel_BpI_4M_L2D2PN temperature is None
Warning: Cooling loop sensor PixelBarrel_BpI_4I_L2D2PN temperature is None
Warning: Cooling loop sensor PixelBarrel_BpI_6R_L4D3PN temperature is None
Warning: Cooling loop sensor PixelBarrel_BpI_6I_L4D3PN temperature is None
Warning: Cooling loop sensor PixelBarrel_BpI_6M_L4D3PN temperature is None
Warning: Cooling loop sensor PixelBarrel_BpI_1R_L4D1PN temperature is None
Warning: Cooling loop sensor PixelBarrel_BmO_1R_L4D1MF temperature is None
Warning: Cooling loop sensor PixelBarrel_BpI_1R_L4D1PN temperature is None
Warning: Cooling loop sensor PixelBarrel_BpO_6R_L4D4PF temperature is None
Warning: Cooling loop sensor PixelBarrel_BpO_6R_L4D4PF temperature is None
Warning: Cooling loop sensor PixelBarrel_BpO_6R_L4D4PF temperature is None
Warning: Cooling loop sensor PixelBarrel_BmI_4R_L1D2MN temperature is None
Warning: Cooling loop sensor PixelBarrel_BmI_4R_L1D2MN temperature is None
Warning: Cooling loop sensor PixelBarrel_BmI_4R_L1D2MN temperature is None
Warning: Cooling loop sensor PixelBarrel_BmI_4M_L1D2MN temperature is None
Warning: Cooling loop sensor PixelBarrel_BmI_4M_L1D2MN temperature is None
Warning: Cooling loop sensor PixelBarrel_BmI_4M_L1D2MN temperature is None
Warning: Cooling loop sensor PixelBarrel_BmI_4I_L1D2MN temperature is None
Warning: Cooling loop sensor PixelBarrel_BmI_4I_L1D2MN temperature is None
Warning: Cooling loop sensor PixelBarrel_BmI_4I_L1D2MN temperature is None
Warning: Cooling loop sensor PixelBarrel_BmI_5R_L3D3MN temperature is None
Warning: Cooling loop sensor PixelBarrel_BmI_5R_L3D3MN temperature is None
Warning: Cooling loop sensor PixelBarrel_BmI_5R_L3D3MN temperature is None
Warning: Cooling loop sensor PixelBarrel_BmI_5M_L3D3MN temperature is None
Warning: Cooling loop sensor PixelBarrel_BmI_5M_L3D3MN temperature is None
Warning: Cooling loop sensor PixelBarrel_BmI_5M_L3D3MN temperature is None
Warning: Cooling loop sensor PixelBarrel_BmI_5I_L3D3MN temperature is None
Warning: Cooling loop sensor PixelBarrel_BmI_5I_L3D3MN temperature is None
Warning: Cooling loop sensor PixelBarrel_BmI_5I_L3D3MN temperature is None
Warning: Cooling loop sensor PixelBarrel_BmI_6R_L4D4MN temperature is None
Warning: Cooling loop sensor PixelBarrel_BmI_6R_L4D4MN temperature is None
Warning: Cooling loop sensor PixelBarrel_BmI_6R_L4D4MN temperature is None
Warning: Cooling loop sensor PixelBarrel_BmI_6M_L4D4MN temperature is None
Warning: Cooling loop sensor PixelBarrel_BmI_6M_L4D4MN temperature is None
Warning: Cooling loop sensor PixelBarrel_BmI_6M_L4D4MN temperature is None
Warning: Cooling loop sensor PixelBarrel_BmI_6I_L4D4MN temperature is None
Warning: Cooling loop sensor PixelBarrel_BmI_6I_L4D4MN temperature is None
Warning: Cooling loop sensor PixelBarrel_BmI_6I_L4D4MN temperature is None
Warning: Cooling loop sensor PixelBarrel_BmO_3I_L1D1MF temperature is None
Warning: Cooling loop sensor PixelBarrel_BmO_3I_L1D1MF temperature is None
Warning: Cooling loop sensor PixelBarrel_BmO_3I_L1D1MF temperature is None
Warning: Cooling loop sensor PixelBarrel_BmO_3M_L1D1MF temperature is None
Warning: Cooling loop sensor PixelBarrel_BmO_3M_L1D1MF temperature is None
Warning: Cooling loop sensor PixelBarrel_BmO_3M_L1D1MF temperature is None
Warning: Cooling loop sensor PixelBarrel_BmO_3R_L1D1MF temperature is None
Warning: Cooling loop sensor PixelBarrel_BmO_3R_L1D1MF temperature is None
Warning: Cooling loop sensor PixelBarrel_BmO_3R_L1D1MF temperature is None
Warning: Cooling loop sensor PixelBarrel_BmO_2R_L3D2MF temperature is None
Warning: Cooling loop sensor PixelBarrel_BmO_2R_L3D2MF temperature is None
Warning: Cooling loop sensor PixelBarrel_BmO_2R_L3D2MF temperature is None
Warning: Cooling loop sensor PixelBarrel_BmO_2M_L3D2MF temperature is None
Warning: Cooling loop sensor PixelBarrel_BmO_2M_L3D2MF temperature is None
Warning: Cooling loop sensor PixelBarrel_BmO_2M_L3D2MF temperature is None
Warning: Cooling loop sensor PixelBarrel_BmO_2I_L3D2MF temperature is None
Warning: Cooling loop sensor PixelBarrel_BmO_2I_L3D2MF temperature is None
Warning: Cooling loop sensor PixelBarrel_BmO_2I_L3D2MF temperature is None
Warning: Cooling loop sensor PixelBarrel_BmO_1I_L4D1MF temperature is None
Warning: Cooling loop sensor PixelBarrel_BmO_1I_L4D1MF temperature is None
Warning: Cooling loop sensor PixelBarrel_BmO_1I_L4D1MF temperature is None
Warning: Cooling loop sensor PixelBarrel_BmO_1M_L4D1MF temperature is None
Warning: Cooling loop sensor PixelBarrel_BmO_1M_L4D1MF temperature is None
Warning: Cooling loop sensor PixelBarrel_BmO_1M_L4D1MF temperature is None
Warning: Cooling loop sensor PixelBarrel_BmO_1R_L4D1MF temperature is None
Warning: Cooling loop sensor PixelBarrel_BmO_1R_L4D1MF temperature is None
Warning: Cooling loop sensor PixelBarrel_BpI_1R_L4D1PN temperature is None
Warning: Cooling loop sensor PixelBarrel_BpO_3R_L2D1PF temperature is None
Warning: Cooling loop sensor PixelBarrel_BpO_3R_L2D1PF temperature is None
Warning: Cooling loop sensor PixelBarrel_BpO_3R_L2D1PF temperature is None
Warning: Cooling loop sensor PixelBarrel_BmI_1R_L4D2MN temperature is None
Warning: Cooling loop sensor PixelBarrel_BmI_1R_L4D2MN temperature is None
Warning: Cooling loop sensor PixelBarrel_BmI_1R_L4D2MN temperature is None
Warning: Cooling loop sensor PixelBarrel_BmI_2I_L3D1MN temperature is None
Warning: Cooling loop sensor PixelBarrel_BmI_2I_L3D1MN temperature is None
Warning: Cooling loop sensor PixelBarrel_BmI_2I_L3D1MN temperature is None
Warning: Cooling loop sensor PixelBarrel_BmI_2R_L3D1MN temperature is None
Warning: Cooling loop sensor PixelBarrel_BmI_2R_L3D1MN temperature is None
Warning: Cooling loop sensor PixelBarrel_BmI_2R_L3D1MN temperature is None
Warning: Cooling loop sensor PixelBarrel_BmI_3I_L2D1MN temperature is None
Warning: Cooling loop sensor PixelBarrel_BmI_3I_L2D1MN temperature is None
Warning: Cooling loop sensor PixelBarrel_BmI_3I_L2D1MN temperature is None
Warning: Cooling loop sensor PixelBarrel_BmI_3M_L2D1MN temperature is None
Warning: Cooling loop sensor PixelBarrel_BmI_3M_L2D1MN temperature is None
Warning: Cooling loop sensor PixelBarrel_BmI_3M_L2D1MN temperature is None
Warning: Cooling loop sensor PixelBarrel_BmI_3R_L2D1MN temperature is None
Warning: Cooling loop sensor PixelBarrel_BmI_3R_L2D1MN temperature is None
Warning: Cooling loop sensor PixelBarrel_BmI_3R_L2D1MN temperature is None
Warning: Cooling loop sensor PixelBarrel_BmO_6I_L4D3MF temperature is None
Warning: Cooling loop sensor PixelBarrel_BmO_6I_L4D3MF temperature is None
Warning: Cooling loop sensor PixelBarrel_BmO_6I_L4D3MF temperature is None
Warning: Cooling loop sensor PixelBarrel_BmO_6M_L4D3MF temperature is None
Warning: Cooling loop sensor PixelBarrel_BmO_6M_L4D3MF temperature is None
Warning: Cooling loop sensor PixelBarrel_BmO_6M_L4D3MF temperature is None
Warning: Cooling loop sensor PixelBarrel_BmO_6R_L4D3MF temperature is None
Warning: Cooling loop sensor PixelBarrel_BmO_6R_L4D3MF temperature is None
Warning: Cooling loop sensor PixelBarrel_BmO_6R_L4D3MF temperature is None
Warning: Cooling loop sensor PixelBarrel_BmO_5I_L3D4MF temperature is None
Warning: Cooling loop sensor PixelBarrel_BmO_5I_L3D4MF temperature is None
Warning: Cooling loop sensor PixelBarrel_BmO_5I_L3D4MF temperature is None
Warning: Cooling loop sensor PixelBarrel_BmO_5M_L3D4MF temperature is None
Warning: Cooling loop sensor PixelBarrel_BmO_5M_L3D4MF temperature is None
Warning: Cooling loop sensor PixelBarrel_BmO_5M_L3D4MF temperature is None
Warning: Cooling loop sensor PixelBarrel_BmO_5R_L3D4MF temperature is None
Warning: Cooling loop sensor PixelBarrel_BmO_5R_L3D4MF temperature is None
Warning: Cooling loop sensor PixelBarrel_BmO_5R_L3D4MF temperature is None
Warning: Cooling loop sensor PixelBarrel_BmO_4I_L2D2MF temperature is None
Warning: Cooling loop sensor PixelBarrel_BmO_4I_L2D2MF temperature is None
Warning: Cooling loop sensor PixelBarrel_BmO_4I_L2D2MF temperature is None
Warning: Cooling loop sensor PixelBarrel_BmO_4M_L2D2MF temperature is None
Warning: Cooling loop sensor PixelBarrel_BmO_4M_L2D2MF temperature is None
Warning: Cooling loop sensor PixelBarrel_BmO_4M_L2D2MF temperature is None
Warning: Cooling loop sensor PixelBarrel_BmO_4R_L2D2MF temperature is None
Warning: Cooling loop sensor PixelBarrel_BmO_4R_L2D2MF temperature is None
Warning: Cooling loop sensor PixelBarrel_BmO_4R_L2D2MF temperature is None
Warning: Cooling loop sensor PixelBarrel_BpI_3I_L1D1PN temperature is None
Warning: Cooling loop sensor PixelBarrel_BpI_3I_L1D1PN temperature is None
Warning: Cooling loop sensor PixelBarrel_BpI_3I_L1D1PN temperature is None
Warning: Cooling loop sensor PixelBarrel_BpI_3R_L1D1PN temperature is None
Warning: Cooling loop sensor PixelBarrel_BpI_3R_L1D1PN temperature is None
Warning: Cooling loop sensor PixelBarrel_BpI_3R_L1D1PN temperature is None
Warning: Cooling loop sensor PixelBarrel_BpI_2I_L3D2PN temperature is None
Warning: Cooling loop sensor PixelBarrel_BpI_2I_L3D2PN temperature is None
Warning: Cooling loop sensor PixelBarrel_BpI_2I_L3D2PN temperature is None
Warning: Cooling loop sensor PixelBarrel_BpI_2M_L3D2PN temperature is None
Warning: Cooling loop sensor PixelBarrel_BpI_2M_L3D2PN temperature is None
Warning: Cooling loop sensor PixelBarrel_BpI_2M_L3D2PN temperature is None
Warning: Cooling loop sensor PixelBarrel_BpI_2R_L3D2PN temperature is None
Warning: Cooling loop sensor PixelBarrel_BpI_2R_L3D2PN temperature is None
Warning: Cooling loop sensor PixelBarrel_BpI_2R_L3D2PN temperature is None
Warning: Cooling loop sensor PixelBarrel_BpI_1I_L4D1PN temperature is None
Warning: Cooling loop sensor PixelBarrel_BpI_1I_L4D1PN temperature is None
Warning: Cooling loop sensor PixelBarrel_BpI_1I_L4D1PN temperature is None
Warning: Cooling loop sensor PixelBarrel_BpI_1M_L4D1PN temperature is None
Warning: Cooling loop sensor PixelBarrel_BpI_1M_L4D1PN temperature is None
Warning: Cooling loop sensor PixelBarrel_BpI_1M_L4D1PN temperature is None
Warning: Cooling loop sensor PixelBarrel_BpO_4I_L1D2PF temperature is None
Warning: Cooling loop sensor PixelBarrel_BpO_4I_L1D2PF temperature is None
Warning: Cooling loop sensor PixelBarrel_BpO_4I_L1D2PF temperature is None
Warning: Cooling loop sensor PixelBarrel_BpO_4R_L1D2PF temperature is None
Warning: Cooling loop sensor PixelBarrel_BpO_4R_L1D2PF temperature is None
Warning: Cooling loop sensor PixelBarrel_BpO_4R_L1D2PF temperature is None
Warning: Cooling loop sensor PixelBarrel_BpO_5I_L3D3PF temperature is None
Warning: Cooling loop sensor PixelBarrel_BpO_5I_L3D3PF temperature is None
Warning: Cooling loop sensor PixelBarrel_BpO_5I_L3D3PF temperature is None
Warning: Cooling loop sensor PixelBarrel_BpO_5M_L3D3PF temperature is None
Warning: Cooling loop sensor PixelBarrel_BpO_5M_L3D3PF temperature is None
Warning: Cooling loop sensor PixelBarrel_BpO_5M_L3D3PF temperature is None
Warning: Cooling loop sensor PixelBarrel_BpO_5R_L3D3PF temperature is None
Warning: Cooling loop sensor PixelBarrel_BpO_5R_L3D3PF temperature is None
Warning: Cooling loop sensor PixelBarrel_BpO_5R_L3D3PF temperature is None
Warning: Cooling loop sensor PixelBarrel_BpO_6I_L4D4PF temperature is None
Warning: Cooling loop sensor PixelBarrel_BpO_6I_L4D4PF temperature is None
Warning: Cooling loop sensor PixelBarrel_BpO_6I_L4D4PF temperature is None
Warning: Cooling loop sensor PixelBarrel_BpO_6M_L4D4PF temperature is None
Warning: Cooling loop sensor PixelBarrel_BpO_6M_L4D4PF temperature is None
Warning: Cooling loop sensor PixelBarrel_BpO_6M_L4D4PF temperature is None
Warning: Cooling loop sensor PixelBarrel_BpI_6I_L4D3PN temperature is None
Warning: Cooling loop sensor PixelBarrel_BmI_1M_L4D2MN temperature is None
Warning: Cooling loop sensor PixelBarrel_BpI_6I_L4D3PN temperature is None
Warning: Cooling loop sensor PixelBarrel_BpI_6M_L4D3PN temperature is None
Warning: Cooling loop sensor PixelBarrel_BpI_6M_L4D3PN temperature is None
Warning: Cooling loop sensor PixelBarrel_BpI_6M_L4D3PN temperature is None
Warning: Cooling loop sensor PixelBarrel_BpI_6R_L4D3PN temperature is None
Warning: Cooling loop sensor PixelBarrel_BpI_6R_L4D3PN temperature is None
Warning: Cooling loop sensor PixelBarrel_BpI_6R_L4D3PN temperature is None
Warning: Cooling loop sensor PixelBarrel_BpI_5I_L3D4PN temperature is None
Warning: Cooling loop sensor PixelBarrel_BpI_5I_L3D4PN temperature is None
Warning: Cooling loop sensor PixelBarrel_BpI_5I_L3D4PN temperature is None
Warning: Cooling loop sensor PixelBarrel_BpI_5M_L3D4PN temperature is None
Warning: Cooling loop sensor PixelBarrel_BpI_5M_L3D4PN temperature is None
Warning: Cooling loop sensor PixelBarrel_BpI_5M_L3D4PN temperature is None
Warning: Cooling loop sensor PixelBarrel_BpI_5R_L3D4PN temperature is None
Warning: Cooling loop sensor PixelBarrel_BpI_5R_L3D4PN temperature is None
Warning: Cooling loop sensor PixelBarrel_BpI_5R_L3D4PN temperature is None
Warning: Cooling loop sensor PixelBarrel_BpI_4I_L2D2PN temperature is None
Warning: Cooling loop sensor PixelBarrel_BpI_4I_L2D2PN temperature is None
Warning: Cooling loop sensor PixelBarrel_BpI_4I_L2D2PN temperature is None
Warning: Cooling loop sensor PixelBarrel_BpI_4M_L2D2PN temperature is None
Warning: Cooling loop sensor PixelBarrel_BpI_4M_L2D2PN temperature is None
Warning: Cooling loop sensor PixelBarrel_BpI_4M_L2D2PN temperature is None
Warning: Cooling loop sensor PixelBarrel_BpI_4R_L2D2PN temperature is None
Warning: Cooling loop sensor PixelBarrel_BpI_4R_L2D2PN temperature is None
Warning: Cooling loop sensor PixelBarrel_BpI_4R_L2D2PN temperature is None
Warning: Cooling loop sensor PixelBarrel_BpO_1I_L4D2PF temperature is None
Warning: Cooling loop sensor PixelBarrel_BpO_1I_L4D2PF temperature is None
Warning: Cooling loop sensor PixelBarrel_BpO_1I_L4D2PF temperature is None
Warning: Cooling loop sensor PixelBarrel_BpO_1M_L4D2PF temperature is None
Warning: Cooling loop sensor PixelBarrel_BpO_1M_L4D2PF temperature is None
Warning: Cooling loop sensor PixelBarrel_BpO_1M_L4D2PF temperature is None
Warning: Cooling loop sensor PixelBarrel_BpO_1R_L4D2PF temperature is None
Warning: Cooling loop sensor PixelBarrel_BpO_1R_L4D2PF temperature is None
Warning: Cooling loop sensor PixelBarrel_BpO_1R_L4D2PF temperature is None
Warning: Cooling loop sensor PixelBarrel_BpO_2I_L3D1PF temperature is None
Warning: Cooling loop sensor PixelBarrel_BpO_2I_L3D1PF temperature is None
Warning: Cooling loop sensor PixelBarrel_BpO_2I_L3D1PF temperature is None
Warning: Cooling loop sensor PixelBarrel_BpO_2M_L3D1PF temperature is None
Warning: Cooling loop sensor PixelBarrel_BpO_2M_L3D1PF temperature is None
Warning: Cooling loop sensor PixelBarrel_BpO_2M_L3D1PF temperature is None
Warning: Cooling loop sensor PixelBarrel_BpO_2R_L3D1PF temperature is None
Warning: Cooling loop sensor PixelBarrel_BpO_2R_L3D1PF temperature is None
Warning: Cooling loop sensor PixelBarrel_BpO_2R_L3D1PF temperature is None
Warning: Cooling loop sensor PixelBarrel_BpO_3I_L2D1PF temperature is None
Warning: Cooling loop sensor PixelBarrel_BpO_3I_L2D1PF temperature is None
Warning: Cooling loop sensor PixelBarrel_BpO_3I_L2D1PF temperature is None
Warning: Cooling loop sensor PixelBarrel_BpO_3M_L2D1PF temperature is None
Warning: Cooling loop sensor PixelBarrel_BpO_3M_L2D1PF temperature is None
Warning: Cooling loop sensor PixelBarrel_BpO_3M_L2D1PF temperature is None
Warning: Cooling loop sensor PixelBarrel_BmI_1I_L4D2MN temperature is None
Warning: Cooling loop sensor PixelBarrel_BmI_1I_L4D2MN temperature is None
Warning: Cooling loop sensor PixelBarrel_BmI_1I_L4D2MN temperature is None
Warning: Cooling loop sensor PixelBarrel_BmI_1M_L4D2MN temperature is None
Warning: Cooling loop sensor PixelBarrel_BmI_1M_L4D2MN temperature is None
Warning: Cooling loop sensor PixelBarrel_BpI_6I_L4D3PN temperature is None
Warning: Cooling loop sensor PixelBarrel_BmO_4R_L2D2MF temperature is None
Warning: Cooling loop sensor PixelBarrel_BmO_6I_L4D3MF temperature is None
Warning: Cooling loop sensor PixelBarrel_BmO_4M_L2D2MF temperature is None
Warning: Cooling loop sensor PixelBarrel_BmO_6R_L4D3MF temperature is None
Warning: Cooling loop sensor PixelBarrel_BmO_4I_L2D2MF temperature is None
Warning: Cooling loop sensor PixelBarrel_BmO_6M_L4D3MF temperature is None
Warning: Cooling loop sensor PixelBarrel_BmI_3I_L2D1MN temperature is None
Warning: Cooling loop sensor PixelBarrel_BmI_1R_L4D2MN temperature is None
Warning: Cooling loop sensor PixelBarrel_BmI_3R_L2D1MN temperature is None
Warning: Cooling loop sensor PixelBarrel_BmI_3M_L2D1MN temperature is None
Warning: Cooling loop sensor PixelBarrel_BpI_6M_L4D3PN temperature is None
Warning: Cooling loop sensor PixelBarrel_BpI_6R_L4D3PN temperature is None
Warning: Cooling loop sensor PixelBarrel_BpI_4I_L2D2PN temperature is None
Warning: Cooling loop sensor PixelBarrel_BpI_4M_L2D2PN temperature is None
Warning: Cooling loop sensor PixelBarrel_BpI_4R_L2D2PN temperature is None
Warning: Cooling loop sensor PixelBarrel_BpO_1I_L4D2PF temperature is None
Warning: Cooling loop sensor PixelBarrel_BpO_1M_L4D2PF temperature is None
Warning: Cooling loop sensor PixelBarrel_BpO_1R_L4D2PF temperature is None
Warning: Cooling loop sensor PixelBarrel_BpO_3I_L2D1PF temperature is None
Warning: Cooling loop sensor PixelBarrel_BpI_6I_L4D3PN temperature is None
Warning: Cooling loop sensor PixelBarrel_BmI_1M_L4D2MN temperature is None
Warning: Cooling loop sensor PixelBarrel_BpO_3M_L2D1PF temperature is None
Warning: Cooling loop sensor PixelBarrel_BpO_3R_L2D1PF temperature is None
Warning: Cooling loop sensor PixelBarrel_BmI_1I_L4D2MN temperature is None
Warning: Cooling loop sensor PixelBarrel_BmI_5I_L3D3MN temperature is None
Warning: Cooling loop sensor PixelBarrel_BmI_5M_L3D3MN temperature is None
Warning: Cooling loop sensor PixelBarrel_BmI_5I_L3D3MN temperature is None
Warning: Cooling loop sensor PixelBarrel_BmI_6R_L4D4MN temperature is None
Warning: Cooling loop sensor PixelBarrel_BmI_6R_L4D4MN temperature is None
Warning: Cooling loop sensor PixelBarrel_BmI_6R_L4D4MN temperature is None
Warning: Cooling loop sensor PixelBarrel_BmI_6M_L4D4MN temperature is None
Warning: Cooling loop sensor PixelBarrel_BmI_6M_L4D4MN temperature is None
Warning: Cooling loop sensor PixelBarrel_BmI_6M_L4D4MN temperature is None
Warning: Cooling loop sensor PixelBarrel_BmI_6I_L4D4MN temperature is None
Warning: Cooling loop sensor PixelBarrel_BmI_6I_L4D4MN temperature is None
Warning: Cooling loop sensor PixelBarrel_BmI_6I_L4D4MN temperature is None
Warning: Cooling loop sensor PixelBarrel_BmO_3I_L1D1MF temperature is None
Warning: Cooling loop sensor PixelBarrel_BmO_3I_L1D1MF temperature is None
Warning: Cooling loop sensor PixelBarrel_BmO_3I_L1D1MF temperature is None
Warning: Cooling loop sensor PixelBarrel_BmO_3M_L1D1MF temperature is None
Warning: Cooling loop sensor PixelBarrel_BmO_3M_L1D1MF temperature is None
Warning: Cooling loop sensor PixelBarrel_BmO_3M_L1D1MF temperature is None
Warning: Cooling loop sensor PixelBarrel_BmO_3R_L1D1MF temperature is None
Warning: Cooling loop sensor PixelBarrel_BmO_3R_L1D1MF temperature is None
Warning: Cooling loop sensor PixelBarrel_BmO_3R_L1D1MF temperature is None
Warning: Cooling loop sensor PixelBarrel_BmO_2R_L3D2MF temperature is None
Warning: Cooling loop sensor PixelBarrel_BmO_2R_L3D2MF temperature is None
Warning: Cooling loop sensor PixelBarrel_BmO_2R_L3D2MF temperature is None
Warning: Cooling loop sensor PixelBarrel_BmO_2M_L3D2MF temperature is None
Warning: Cooling loop sensor PixelBarrel_BmO_2M_L3D2MF temperature is None
Warning: Cooling loop sensor PixelBarrel_BmO_2M_L3D2MF temperature is None
Warning: Cooling loop sensor PixelBarrel_BmO_2I_L3D2MF temperature is None
Warning: Cooling loop sensor PixelBarrel_BmO_2I_L3D2MF temperature is None
Warning: Cooling loop sensor PixelBarrel_BmO_2I_L3D2MF temperature is None
Warning: Cooling loop sensor PixelBarrel_BmO_1I_L4D1MF temperature is None
Warning: Cooling loop sensor PixelBarrel_BmO_1I_L4D1MF temperature is None
Warning: Cooling loop sensor PixelBarrel_BmO_1I_L4D1MF temperature is None
Warning: Cooling loop sensor PixelBarrel_BmO_1M_L4D1MF temperature is None
Warning: Cooling loop sensor PixelBarrel_BmO_1M_L4D1MF temperature is None
Warning: Cooling loop sensor PixelBarrel_BmO_1M_L4D1MF temperature is None
Warning: Cooling loop sensor PixelBarrel_BmO_1R_L4D1MF temperature is None
Warning: Cooling loop sensor PixelBarrel_BmO_1R_L4D1MF temperature is None
Warning: Cooling loop sensor PixelBarrel_BmO_1R_L4D1MF temperature is None
Warning: Cooling loop sensor PixelBarrel_BpI_1R_L4D1PN temperature is None
Warning: Cooling loop sensor PixelBarrel_BpI_1R_L4D1PN temperature is None
Warning: Cooling loop sensor PixelBarrel_BpI_1R_L4D1PN temperature is None
Warning: Cooling loop sensor PixelBarrel_BpO_6R_L4D4PF temperature is None
Warning: Cooling loop sensor PixelBarrel_BpO_6R_L4D4PF temperature is None
Warning: Cooling loop sensor PixelBarrel_BpO_6R_L4D4PF temperature is None
Warning: Cooling loop sensor PixelBarrel_BmI_4R_L1D2MN temperature is None
Warning: Cooling loop sensor PixelBarrel_BmI_4R_L1D2MN temperature is None
Warning: Cooling loop sensor PixelBarrel_BmI_4R_L1D2MN temperature is None
Warning: Cooling loop sensor PixelBarrel_BmI_4M_L1D2MN temperature is None
Warning: Cooling loop sensor PixelBarrel_BmI_4M_L1D2MN temperature is None
Warning: Cooling loop sensor PixelBarrel_BmI_4M_L1D2MN temperature is None
Warning: Cooling loop sensor PixelBarrel_BmI_4I_L1D2MN temperature is None
Warning: Cooling loop sensor PixelBarrel_BmI_4I_L1D2MN temperature is None
Warning: Cooling loop sensor PixelBarrel_BmI_4I_L1D2MN temperature is None
Warning: Cooling loop sensor PixelBarrel_BmI_5R_L3D3MN temperature is None
Warning: Cooling loop sensor PixelBarrel_BmI_5R_L3D3MN temperature is None
Warning: Cooling loop sensor PixelBarrel_BmI_5R_L3D3MN temperature is None
Warning: Cooling loop sensor PixelBarrel_BmI_5M_L3D3MN temperature is None
Warning: Cooling loop sensor PixelBarrel_BmI_5M_L3D3MN temperature is None
Warning: Cooling loop sensor PixelBarrel_BmI_5I_L3D3MN temperature is None
Warning: Cooling loop sensor PixelBarrel_BpI_3I_L1D1PN temperature is None
Warning: Cooling loop sensor PixelBarrel_BpI_3I_L1D1PN temperature is None
Warning: Cooling loop sensor PixelBarrel_BpI_3I_L1D1PN temperature is None
Warning: Cooling loop sensor PixelBarrel_BpI_3R_L1D1PN temperature is None
Warning: Cooling loop sensor PixelBarrel_BpI_3R_L1D1PN temperature is None
Warning: Cooling loop sensor PixelBarrel_BpI_3R_L1D1PN temperature is None
Warning: Cooling loop sensor PixelBarrel_BpI_2I_L3D2PN temperature is None
Warning: Cooling loop sensor PixelBarrel_BpI_2I_L3D2PN temperature is None
Warning: Cooling loop sensor PixelBarrel_BpI_2I_L3D2PN temperature is None
Warning: Cooling loop sensor PixelBarrel_BpI_2M_L3D2PN temperature is None
Warning: Cooling loop sensor PixelBarrel_BpI_2M_L3D2PN temperature is None
Warning: Cooling loop sensor PixelBarrel_BpI_2M_L3D2PN temperature is None
Warning: Cooling loop sensor PixelBarrel_BpI_2R_L3D2PN temperature is None
Warning: Cooling loop sensor PixelBarrel_BpI_2R_L3D2PN temperature is None
Warning: Cooling loop sensor PixelBarrel_BpI_2R_L3D2PN temperature is None
Warning: Cooling loop sensor PixelBarrel_BpI_1I_L4D1PN temperature is None
Warning: Cooling loop sensor PixelBarrel_BpI_1I_L4D1PN temperature is None
Warning: Cooling loop sensor PixelBarrel_BpI_1I_L4D1PN temperature is None
Warning: Cooling loop sensor PixelBarrel_BpI_1M_L4D1PN temperature is None
Warning: Cooling loop sensor PixelBarrel_BpI_1M_L4D1PN temperature is None
Warning: Cooling loop sensor PixelBarrel_BpI_1M_L4D1PN temperature is None
Warning: Cooling loop sensor PixelBarrel_BpO_4I_L1D2PF temperature is None
Warning: Cooling loop sensor PixelBarrel_BpO_4I_L1D2PF temperature is None
Warning: Cooling loop sensor PixelBarrel_BpO_4I_L1D2PF temperature is None
Warning: Cooling loop sensor PixelBarrel_BpO_4R_L1D2PF temperature is None
Warning: Cooling loop sensor PixelBarrel_BpO_4R_L1D2PF temperature is None
Warning: Cooling loop sensor PixelBarrel_BpO_4R_L1D2PF temperature is None
Warning: Cooling loop sensor PixelBarrel_BpO_5I_L3D3PF temperature is None
Warning: Cooling loop sensor PixelBarrel_BpO_5I_L3D3PF temperature is None
Warning: Cooling loop sensor PixelBarrel_BpO_5I_L3D3PF temperature is None
Warning: Cooling loop sensor PixelBarrel_BpO_5M_L3D3PF temperature is None
Warning: Cooling loop sensor PixelBarrel_BpO_5M_L3D3PF temperature is None
Warning: Cooling loop sensor PixelBarrel_BpO_5M_L3D3PF temperature is None
Warning: Cooling loop sensor PixelBarrel_BpO_5R_L3D3PF temperature is None
Warning: Cooling loop sensor PixelBarrel_BpO_5R_L3D3PF temperature is None
Warning: Cooling loop sensor PixelBarrel_BpO_5R_L3D3PF temperature is None
Warning: Cooling loop sensor PixelBarrel_BpO_6I_L4D4PF temperature is None
Warning: Cooling loop sensor PixelBarrel_BpO_6I_L4D4PF temperature is None
Warning: Cooling loop sensor PixelBarrel_BpO_6I_L4D4PF temperature is None
Warning: Cooling loop sensor PixelBarrel_BpO_6M_L4D4PF temperature is None
Warning: Cooling loop sensor PixelBarrel_BpO_6M_L4D4PF temperature is None
Warning: Cooling loop sensor PixelBarrel_BpO_6M_L4D4PF temperature is None
Warning: Cooling loop sensor PixelBarrel_BpO_3R_L2D1PF temperature is None
Warning: Cooling loop sensor PixelBarrel_BmI_1R_L4D2MN temperature is None
Warning: Cooling loop sensor PixelBarrel_BmI_1R_L4D2MN temperature is None
Warning: Cooling loop sensor PixelBarrel_BmI_1R_L4D2MN temperature is None
Warning: Cooling loop sensor PixelBarrel_BmI_2I_L3D1MN temperature is None
Warning: Cooling loop sensor PixelBarrel_BmI_2I_L3D1MN temperature is None
Warning: Cooling loop sensor PixelBarrel_BmI_2I_L3D1MN temperature is None
Warning: Cooling loop sensor PixelBarrel_BmI_2R_L3D1MN temperature is None
Warning: Cooling loop sensor PixelBarrel_BmI_2R_L3D1MN temperature is None
Warning: Cooling loop sensor PixelBarrel_BmI_2R_L3D1MN temperature is None
Warning: Cooling loop sensor PixelBarrel_BmI_3I_L2D1MN temperature is None
Warning: Cooling loop sensor PixelBarrel_BmI_3I_L2D1MN temperature is None
Warning: Cooling loop sensor PixelBarrel_BmI_3I_L2D1MN temperature is None
Warning: Cooling loop sensor PixelBarrel_BmI_3M_L2D1MN temperature is None
Warning: Cooling loop sensor PixelBarrel_BmI_3M_L2D1MN temperature is None
Warning: Cooling loop sensor PixelBarrel_BmI_3M_L2D1MN temperature is None
Warning: Cooling loop sensor PixelBarrel_BmI_3R_L2D1MN temperature is None
Warning: Cooling loop sensor PixelBarrel_BmI_3R_L2D1MN temperature is None
Warning: Cooling loop sensor PixelBarrel_BmI_3R_L2D1MN temperature is None
Warning: Cooling loop sensor PixelBarrel_BmO_6I_L4D3MF temperature is None
Warning: Cooling loop sensor PixelBarrel_BmO_6I_L4D3MF temperature is None
Warning: Cooling loop sensor PixelBarrel_BmO_6I_L4D3MF temperature is None
Warning: Cooling loop sensor PixelBarrel_BmO_6M_L4D3MF temperature is None
Warning: Cooling loop sensor PixelBarrel_BmO_6M_L4D3MF temperature is None
Warning: Cooling loop sensor PixelBarrel_BmO_6M_L4D3MF temperature is None
Warning: Cooling loop sensor PixelBarrel_BmO_6R_L4D3MF temperature is None
Warning: Cooling loop sensor PixelBarrel_BmO_6R_L4D3MF temperature is None
Warning: Cooling loop sensor PixelBarrel_BmO_6R_L4D3MF temperature is None
Warning: Cooling loop sensor PixelBarrel_BmO_5I_L3D4MF temperature is None
Warning: Cooling loop sensor PixelBarrel_BmO_5I_L3D4MF temperature is None
Warning: Cooling loop sensor PixelBarrel_BmO_5I_L3D4MF temperature is None
Warning: Cooling loop sensor PixelBarrel_BmO_5M_L3D4MF temperature is None
Warning: Cooling loop sensor PixelBarrel_BmO_5M_L3D4MF temperature is None
Warning: Cooling loop sensor PixelBarrel_BmO_5M_L3D4MF temperature is None
Warning: Cooling loop sensor PixelBarrel_BmO_5R_L3D4MF temperature is None
Warning: Cooling loop sensor PixelBarrel_BmO_5R_L3D4MF temperature is None
Warning: Cooling loop sensor PixelBarrel_BmO_5R_L3D4MF temperature is None
Warning: Cooling loop sensor PixelBarrel_BmO_4I_L2D2MF temperature is None
Warning: Cooling loop sensor PixelBarrel_BmO_4I_L2D2MF temperature is None
Warning: Cooling loop sensor PixelBarrel_BmO_4I_L2D2MF temperature is None
Warning: Cooling loop sensor PixelBarrel_BmO_4M_L2D2MF temperature is None
Warning: Cooling loop sensor PixelBarrel_BmO_4M_L2D2MF temperature is None
Warning: Cooling loop sensor PixelBarrel_BmO_4M_L2D2MF temperature is None
Warning: Cooling loop sensor PixelBarrel_BmO_4R_L2D2MF temperature is None
Warning: Cooling loop sensor PixelBarrel_BmO_4R_L2D2MF temperature is None
Warning: Cooling loop sensor PixelBarrel_BmO_4R_L2D2MF temperature is None
Warning: Cooling loop sensor PixelBarrel_BpO_3R_L2D1PF temperature is None
Warning: Cooling loop sensor PixelBarrel_BpO_3R_L2D1PF temperature is None
Warning: Cooling loop sensor PixelBarrel_BmI_1I_L4D2MN temperature is None
Warning: Cooling loop sensor PixelBarrel_BpO_3M_L2D1PF temperature is None
Warning: Cooling loop sensor PixelBarrel_BmI_1I_L4D2MN temperature is None
Warning: Cooling loop sensor PixelBarrel_BmI_1M_L4D2MN temperature is None
Warning: Cooling loop sensor PixelBarrel_BmI_1M_L4D2MN temperature is None
Warning: Cooling loop sensor PixelBarrel_BmI_1M_L4D2MN temperature is None
Warning: Cooling loop sensor PixelBarrel_BpI_6I_L4D3PN temperature is None
Warning: Cooling loop sensor PixelBarrel_BpI_6I_L4D3PN temperature is None
Warning: Cooling loop sensor PixelBarrel_BpI_6I_L4D3PN temperature is None
Warning: Cooling loop sensor PixelBarrel_BpI_6M_L4D3PN temperature is None
Warning: Cooling loop sensor PixelBarrel_BpI_6M_L4D3PN temperature is None
Warning: Cooling loop sensor PixelBarrel_BpI_6M_L4D3PN temperature is None
Warning: Cooling loop sensor PixelBarrel_BpI_6R_L4D3PN temperature is None
Warning: Cooling loop sensor PixelBarrel_BpI_6R_L4D3PN temperature is None
Warning: Cooling loop sensor PixelBarrel_BpI_6R_L4D3PN temperature is None
Warning: Cooling loop sensor PixelBarrel_BpI_5I_L3D4PN temperature is None
Warning: Cooling loop sensor PixelBarrel_BpI_5I_L3D4PN temperature is None
Warning: Cooling loop sensor PixelBarrel_BpI_5I_L3D4PN temperature is None
Warning: Cooling loop sensor PixelBarrel_BpI_5M_L3D4PN temperature is None
Warning: Cooling loop sensor PixelBarrel_BpI_5M_L3D4PN temperature is None
Warning: Cooling loop sensor PixelBarrel_BpI_5M_L3D4PN temperature is None
Warning: Cooling loop sensor PixelBarrel_BpI_5R_L3D4PN temperature is None
Warning: Cooling loop sensor PixelBarrel_BpI_5R_L3D4PN temperature is None
Warning: Cooling loop sensor PixelBarrel_BpI_5R_L3D4PN temperature is None
Warning: Cooling loop sensor PixelBarrel_BpI_4I_L2D2PN temperature is None
Warning: Cooling loop sensor PixelBarrel_BpI_4I_L2D2PN temperature is None
Warning: Cooling loop sensor PixelBarrel_BpI_4I_L2D2PN temperature is None
Warning: Cooling loop sensor PixelBarrel_BpI_4M_L2D2PN temperature is None
Warning: Cooling loop sensor PixelBarrel_BpI_4M_L2D2PN temperature is None
Warning: Cooling loop sensor PixelBarrel_BpI_4M_L2D2PN temperature is None
Warning: Cooling loop sensor PixelBarrel_BpI_4R_L2D2PN temperature is None
Warning: Cooling loop sensor PixelBarrel_BpI_4R_L2D2PN temperature is None
Warning: Cooling loop sensor PixelBarrel_BpI_4R_L2D2PN temperature is None
Warning: Cooling loop sensor PixelBarrel_BpO_1I_L4D2PF temperature is None
Warning: Cooling loop sensor PixelBarrel_BpO_1I_L4D2PF temperature is None
Warning: Cooling loop sensor PixelBarrel_BpO_1I_L4D2PF temperature is None
Warning: Cooling loop sensor PixelBarrel_BpO_1M_L4D2PF temperature is None
Warning: Cooling loop sensor PixelBarrel_BpO_1M_L4D2PF temperature is None
Warning: Cooling loop sensor PixelBarrel_BpO_1M_L4D2PF temperature is None
Warning: Cooling loop sensor PixelBarrel_BpO_1R_L4D2PF temperature is None
Warning: Cooling loop sensor PixelBarrel_BpO_1R_L4D2PF temperature is None
Warning: Cooling loop sensor PixelBarrel_BpO_1R_L4D2PF temperature is None
Warning: Cooling loop sensor PixelBarrel_BpO_2I_L3D1PF temperature is None
Warning: Cooling loop sensor PixelBarrel_BpO_2I_L3D1PF temperature is None
Warning: Cooling loop sensor PixelBarrel_BpO_2I_L3D1PF temperature is None
Warning: Cooling loop sensor PixelBarrel_BpO_2M_L3D1PF temperature is None
Warning: Cooling loop sensor PixelBarrel_BpO_2M_L3D1PF temperature is None
Warning: Cooling loop sensor PixelBarrel_BpO_2M_L3D1PF temperature is None
Warning: Cooling loop sensor PixelBarrel_BpO_2R_L3D1PF temperature is None
Warning: Cooling loop sensor PixelBarrel_BpO_2R_L3D1PF temperature is None
Warning: Cooling loop sensor PixelBarrel_BpO_2R_L3D1PF temperature is None
Warning: Cooling loop sensor PixelBarrel_BpO_3I_L2D1PF temperature is None
Warning: Cooling loop sensor PixelBarrel_BpO_3I_L2D1PF temperature is None
Warning: Cooling loop sensor PixelBarrel_BpO_3I_L2D1PF temperature is None
Warning: Cooling loop sensor PixelBarrel_BpO_3M_L2D1PF temperature is None
Warning: Cooling loop sensor PixelBarrel_BpO_3M_L2D1PF temperature is None
Warning: Cooling loop sensor PixelBarrel_BmI_1I_L4D2MN temperature is None
6222	1505400221	3600		258.52		   4825697		-999.00
Warning: Cooling loop sensor PixelBarrel_BmO_6I_L4D3MF temperature is None
Warning: Cooling loop sensor PixelBarrel_BmO_6M_L4D3MF temperature is None
Warning: Cooling loop sensor PixelBarrel_BmO_4R_L2D2MF temperature is None
Warning: Cooling loop sensor PixelBarrel_BmO_4I_L2D2MF temperature is None
Warning: Cooling loop sensor PixelBarrel_BmO_4M_L2D2MF temperature is None
Warning: Cooling loop sensor PixelBarrel_BmO_6R_L4D3MF temperature is None
Warning: Cooling loop sensor PixelBarrel_BmI_3M_L2D1MN temperature is None
Warning: Cooling loop sensor PixelBarrel_BmI_3I_L2D1MN temperature is None
Warning: Cooling loop sensor PixelBarrel_BmI_1R_L4D2MN temperature is None
Warning: Cooling loop sensor PixelBarrel_BmI_3R_L2D1MN temperature is None
Warning: Cooling loop sensor PixelBarrel_BpI_4R_L2D2PN temperature is None
Warning: Cooling loop sensor PixelBarrel_BpO_1I_L4D2PF temperature is None
Warning: Cooling loop sensor PixelBarrel_BpO_1M_L4D2PF temperature is None
Warning: Cooling loop sensor PixelBarrel_BpO_1R_L4D2PF temperature is None
Warning: Cooling loop sensor PixelBarrel_BpO_3I_L2D1PF temperature is None
Warning: Cooling loop sensor PixelBarrel_BpO_3M_L2D1PF temperature is None
Warning: Cooling loop sensor PixelBarrel_BpO_3R_L2D1PF temperature is None
Warning: Cooling loop sensor PixelBarrel_BmI_1I_L4D2MN temperature is None
Warning: Cooling loop sensor PixelBarrel_BmI_1M_L4D2MN temperature is None
Warning: Cooling loop sensor PixelBarrel_BpI_4M_L2D2PN temperature is None
Warning: Cooling loop sensor PixelBarrel_BpI_4I_L2D2PN temperature is None
Warning: Cooling loop sensor PixelBarrel_BpI_6R_L4D3PN temperature is None
Warning: Cooling loop sensor PixelBarrel_BpI_6I_L4D3PN temperature is None
Warning: Cooling loop sensor PixelBarrel_BpI_6M_L4D3PN temperature is None
Warning: Cooling loop sensor PixelBarrel_BpI_1R_L4D1PN temperature is None
Warning: Cooling loop sensor PixelBarrel_BmO_1R_L4D1MF temperature is None
Warning: Cooling loop sensor PixelBarrel_BpI_1R_L4D1PN temperature is None
Warning: Cooling loop sensor PixelBarrel_BpO_6R_L4D4PF temperature is None
Warning: Cooling loop sensor PixelBarrel_BpO_6R_L4D4PF temperature is None
Warning: Cooling loop sensor PixelBarrel_BpO_6R_L4D4PF temperature is None
Warning: Cooling loop sensor PixelBarrel_BmI_4R_L1D2MN temperature is None
Warning: Cooling loop sensor PixelBarrel_BmI_4R_L1D2MN temperature is None
Warning: Cooling loop sensor PixelBarrel_BmI_4R_L1D2MN temperature is None
Warning: Cooling loop sensor PixelBarrel_BmI_4M_L1D2MN temperature is None
Warning: Cooling loop sensor PixelBarrel_BmI_4M_L1D2MN temperature is None
Warning: Cooling loop sensor PixelBarrel_BmI_4M_L1D2MN temperature is None
Warning: Cooling loop sensor PixelBarrel_BmI_4I_L1D2MN temperature is None
Warning: Cooling loop sensor PixelBarrel_BmI_4I_L1D2MN temperature is None
Warning: Cooling loop sensor PixelBarrel_BmI_4I_L1D2MN temperature is None
Warning: Cooling loop sensor PixelBarrel_BmI_5R_L3D3MN temperature is None
Warning: Cooling loop sensor PixelBarrel_BmI_5R_L3D3MN temperature is None
Warning: Cooling loop sensor PixelBarrel_BmI_5R_L3D3MN temperature is None
Warning: Cooling loop sensor PixelBarrel_BmI_5M_L3D3MN temperature is None
Warning: Cooling loop sensor PixelBarrel_BmI_5M_L3D3MN temperature is None
Warning: Cooling loop sensor PixelBarrel_BmI_5M_L3D3MN temperature is None
Warning: Cooling loop sensor PixelBarrel_BmI_5I_L3D3MN temperature is None
Warning: Cooling loop sensor PixelBarrel_BmI_5I_L3D3MN temperature is None
Warning: Cooling loop sensor PixelBarrel_BmI_5I_L3D3MN temperature is None
Warning: Cooling loop sensor PixelBarrel_BmI_6R_L4D4MN temperature is None
Warning: Cooling loop sensor PixelBarrel_BmI_6R_L4D4MN temperature is None
Warning: Cooling loop sensor PixelBarrel_BmI_6R_L4D4MN temperature is None
Warning: Cooling loop sensor PixelBarrel_BmI_6M_L4D4MN temperature is None
Warning: Cooling loop sensor PixelBarrel_BmI_6M_L4D4MN temperature is None
Warning: Cooling loop sensor PixelBarrel_BmI_6M_L4D4MN temperature is None
Warning: Cooling loop sensor PixelBarrel_BmI_6I_L4D4MN temperature is None
Warning: Cooling loop sensor PixelBarrel_BmI_6I_L4D4MN temperature is None
Warning: Cooling loop sensor PixelBarrel_BmI_6I_L4D4MN temperature is None
Warning: Cooling loop sensor PixelBarrel_BmO_3I_L1D1MF temperature is None
Warning: Cooling loop sensor PixelBarrel_BmO_3I_L1D1MF temperature is None
Warning: Cooling loop sensor PixelBarrel_BmO_3I_L1D1MF temperature is None
Warning: Cooling loop sensor PixelBarrel_BmO_3M_L1D1MF temperature is None
Warning: Cooling loop sensor PixelBarrel_BmO_3M_L1D1MF temperature is None
Warning: Cooling loop sensor PixelBarrel_BmO_3M_L1D1MF temperature is None
Warning: Cooling loop sensor PixelBarrel_BmO_3R_L1D1MF temperature is None
Warning: Cooling loop sensor PixelBarrel_BmO_3R_L1D1MF temperature is None
Warning: Cooling loop sensor PixelBarrel_BmO_3R_L1D1MF temperature is None
Warning: Cooling loop sensor PixelBarrel_BmO_2R_L3D2MF temperature is None
Warning: Cooling loop sensor PixelBarrel_BmO_2R_L3D2MF temperature is None
Warning: Cooling loop sensor PixelBarrel_BmO_2R_L3D2MF temperature is None
Warning: Cooling loop sensor PixelBarrel_BmO_2M_L3D2MF temperature is None
Warning: Cooling loop sensor PixelBarrel_BmO_2M_L3D2MF temperature is None
Warning: Cooling loop sensor PixelBarrel_BmO_2M_L3D2MF temperature is None
Warning: Cooling loop sensor PixelBarrel_BmO_2I_L3D2MF temperature is None
Warning: Cooling loop sensor PixelBarrel_BmO_2I_L3D2MF temperature is None
Warning: Cooling loop sensor PixelBarrel_BmO_2I_L3D2MF temperature is None
Warning: Cooling loop sensor PixelBarrel_BmO_1I_L4D1MF temperature is None
Warning: Cooling loop sensor PixelBarrel_BmO_1I_L4D1MF temperature is None
Warning: Cooling loop sensor PixelBarrel_BmO_1I_L4D1MF temperature is None
Warning: Cooling loop sensor PixelBarrel_BmO_1M_L4D1MF temperature is None
Warning: Cooling loop sensor PixelBarrel_BmO_1M_L4D1MF temperature is None
Warning: Cooling loop sensor PixelBarrel_BmO_1M_L4D1MF temperature is None
Warning: Cooling loop sensor PixelBarrel_BmO_1R_L4D1MF temperature is None
Warning: Cooling loop sensor PixelBarrel_BmO_1R_L4D1MF temperature is None
Warning: Cooling loop sensor PixelBarrel_BpI_1R_L4D1PN temperature is None
Warning: Cooling loop sensor PixelBarrel_BpO_3R_L2D1PF temperature is None
Warning: Cooling loop sensor PixelBarrel_BpO_3R_L2D1PF temperature is None
Warning: Cooling loop sensor PixelBarrel_BpO_3R_L2D1PF temperature is None
Warning: Cooling loop sensor PixelBarrel_BmI_1R_L4D2MN temperature is None
Warning: Cooling loop sensor PixelBarrel_BmI_1R_L4D2MN temperature is None
Warning: Cooling loop sensor PixelBarrel_BmI_1R_L4D2MN temperature is None
Warning: Cooling loop sensor PixelBarrel_BmI_2I_L3D1MN temperature is None
Warning: Cooling loop sensor PixelBarrel_BmI_2I_L3D1MN temperature is None
Warning: Cooling loop sensor PixelBarrel_BmI_2I_L3D1MN temperature is None
Warning: Cooling loop sensor PixelBarrel_BmI_2R_L3D1MN temperature is None
Warning: Cooling loop sensor PixelBarrel_BmI_2R_L3D1MN temperature is None
Warning: Cooling loop sensor PixelBarrel_BmI_2R_L3D1MN temperature is None
Warning: Cooling loop sensor PixelBarrel_BmI_3I_L2D1MN temperature is None
Warning: Cooling loop sensor PixelBarrel_BmI_3I_L2D1MN temperature is None
Warning: Cooling loop sensor PixelBarrel_BmI_3I_L2D1MN temperature is None
Warning: Cooling loop sensor PixelBarrel_BmI_3M_L2D1MN temperature is None
Warning: Cooling loop sensor PixelBarrel_BmI_3M_L2D1MN temperature is None
Warning: Cooling loop sensor PixelBarrel_BmI_3M_L2D1MN temperature is None
Warning: Cooling loop sensor PixelBarrel_BmI_3R_L2D1MN temperature is None
Warning: Cooling loop sensor PixelBarrel_BmI_3R_L2D1MN temperature is None
Warning: Cooling loop sensor PixelBarrel_BmI_3R_L2D1MN temperature is None
Warning: Cooling loop sensor PixelBarrel_BmO_6I_L4D3MF temperature is None
Warning: Cooling loop sensor PixelBarrel_BmO_6I_L4D3MF temperature is None
Warning: Cooling loop sensor PixelBarrel_BmO_6I_L4D3MF temperature is None
Warning: Cooling loop sensor PixelBarrel_BmO_6M_L4D3MF temperature is None
Warning: Cooling loop sensor PixelBarrel_BmO_6M_L4D3MF temperature is None
Warning: Cooling loop sensor PixelBarrel_BmO_6M_L4D3MF temperature is None
Warning: Cooling loop sensor PixelBarrel_BmO_6R_L4D3MF temperature is None
Warning: Cooling loop sensor PixelBarrel_BmO_6R_L4D3MF temperature is None
Warning: Cooling loop sensor PixelBarrel_BmO_6R_L4D3MF temperature is None
Warning: Cooling loop sensor PixelBarrel_BmO_5I_L3D4MF temperature is None
Warning: Cooling loop sensor PixelBarrel_BmO_5I_L3D4MF temperature is None
Warning: Cooling loop sensor PixelBarrel_BmO_5I_L3D4MF temperature is None
Warning: Cooling loop sensor PixelBarrel_BmO_5M_L3D4MF temperature is None
Warning: Cooling loop sensor PixelBarrel_BmO_5M_L3D4MF temperature is None
Warning: Cooling loop sensor PixelBarrel_BmO_5M_L3D4MF temperature is None
Warning: Cooling loop sensor PixelBarrel_BmO_5R_L3D4MF temperature is None
Warning: Cooling loop sensor PixelBarrel_BmO_5R_L3D4MF temperature is None
Warning: Cooling loop sensor PixelBarrel_BmO_5R_L3D4MF temperature is None
Warning: Cooling loop sensor PixelBarrel_BmO_4I_L2D2MF temperature is None
Warning: Cooling loop sensor PixelBarrel_BmO_4I_L2D2MF temperature is None
Warning: Cooling loop sensor PixelBarrel_BmO_4I_L2D2MF temperature is None
Warning: Cooling loop sensor PixelBarrel_BmO_4M_L2D2MF temperature is None
Warning: Cooling loop sensor PixelBarrel_BmO_4M_L2D2MF temperature is None
Warning: Cooling loop sensor PixelBarrel_BmO_4M_L2D2MF temperature is None
Warning: Cooling loop sensor PixelBarrel_BmO_4R_L2D2MF temperature is None
Warning: Cooling loop sensor PixelBarrel_BmO_4R_L2D2MF temperature is None
Warning: Cooling loop sensor PixelBarrel_BmO_4R_L2D2MF temperature is None
Warning: Cooling loop sensor PixelBarrel_BpI_3I_L1D1PN temperature is None
Warning: Cooling loop sensor PixelBarrel_BpI_3I_L1D1PN temperature is None
Warning: Cooling loop sensor PixelBarrel_BpI_3I_L1D1PN temperature is None
Warning: Cooling loop sensor PixelBarrel_BpI_3R_L1D1PN temperature is None
Warning: Cooling loop sensor PixelBarrel_BpI_3R_L1D1PN temperature is None
Warning: Cooling loop sensor PixelBarrel_BpI_3R_L1D1PN temperature is None
Warning: Cooling loop sensor PixelBarrel_BpI_2I_L3D2PN temperature is None
Warning: Cooling loop sensor PixelBarrel_BpI_2I_L3D2PN temperature is None
Warning: Cooling loop sensor PixelBarrel_BpI_2I_L3D2PN temperature is None
Warning: Cooling loop sensor PixelBarrel_BpI_2M_L3D2PN temperature is None
Warning: Cooling loop sensor PixelBarrel_BpI_2M_L3D2PN temperature is None
Warning: Cooling loop sensor PixelBarrel_BpI_2M_L3D2PN temperature is None
Warning: Cooling loop sensor PixelBarrel_BpI_2R_L3D2PN temperature is None
Warning: Cooling loop sensor PixelBarrel_BpI_2R_L3D2PN temperature is None
Warning: Cooling loop sensor PixelBarrel_BpI_2R_L3D2PN temperature is None
Warning: Cooling loop sensor PixelBarrel_BpI_1I_L4D1PN temperature is None
Warning: Cooling loop sensor PixelBarrel_BpI_1I_L4D1PN temperature is None
Warning: Cooling loop sensor PixelBarrel_BpI_1I_L4D1PN temperature is None
Warning: Cooling loop sensor PixelBarrel_BpI_1M_L4D1PN temperature is None
Warning: Cooling loop sensor PixelBarrel_BpI_1M_L4D1PN temperature is None
Warning: Cooling loop sensor PixelBarrel_BpI_1M_L4D1PN temperature is None
Warning: Cooling loop sensor PixelBarrel_BpO_4I_L1D2PF temperature is None
Warning: Cooling loop sensor PixelBarrel_BpO_4I_L1D2PF temperature is None
Warning: Cooling loop sensor PixelBarrel_BpO_4I_L1D2PF temperature is None
Warning: Cooling loop sensor PixelBarrel_BpO_4R_L1D2PF temperature is None
Warning: Cooling loop sensor PixelBarrel_BpO_4R_L1D2PF temperature is None
Warning: Cooling loop sensor PixelBarrel_BpO_4R_L1D2PF temperature is None
Warning: Cooling loop sensor PixelBarrel_BpO_5I_L3D3PF temperature is None
Warning: Cooling loop sensor PixelBarrel_BpO_5I_L3D3PF temperature is None
Warning: Cooling loop sensor PixelBarrel_BpO_5I_L3D3PF temperature is None
Warning: Cooling loop sensor PixelBarrel_BpO_5M_L3D3PF temperature is None
Warning: Cooling loop sensor PixelBarrel_BpO_5M_L3D3PF temperature is None
Warning: Cooling loop sensor PixelBarrel_BpO_5M_L3D3PF temperature is None
Warning: Cooling loop sensor PixelBarrel_BpO_5R_L3D3PF temperature is None
Warning: Cooling loop sensor PixelBarrel_BpO_5R_L3D3PF temperature is None
Warning: Cooling loop sensor PixelBarrel_BpO_5R_L3D3PF temperature is None
Warning: Cooling loop sensor PixelBarrel_BpO_6I_L4D4PF temperature is None
Warning: Cooling loop sensor PixelBarrel_BpO_6I_L4D4PF temperature is None
Warning: Cooling loop sensor PixelBarrel_BpO_6I_L4D4PF temperature is None
Warning: Cooling loop sensor PixelBarrel_BpO_6M_L4D4PF temperature is None
Warning: Cooling loop sensor PixelBarrel_BpO_6M_L4D4PF temperature is None
Warning: Cooling loop sensor PixelBarrel_BpO_6M_L4D4PF temperature is None
Warning: Cooling loop sensor PixelBarrel_BpI_6I_L4D3PN temperature is None
Warning: Cooling loop sensor PixelBarrel_BmI_1M_L4D2MN temperature is None
Warning: Cooling loop sensor PixelBarrel_BpI_6I_L4D3PN temperature is None
Warning: Cooling loop sensor PixelBarrel_BpI_6M_L4D3PN temperature is None
Warning: Cooling loop sensor PixelBarrel_BpI_6M_L4D3PN temperature is None
Warning: Cooling loop sensor PixelBarrel_BpI_6M_L4D3PN temperature is None
Warning: Cooling loop sensor PixelBarrel_BpI_6R_L4D3PN temperature is None
Warning: Cooling loop sensor PixelBarrel_BpI_6R_L4D3PN temperature is None
Warning: Cooling loop sensor PixelBarrel_BpI_6R_L4D3PN temperature is None
Warning: Cooling loop sensor PixelBarrel_BpI_5I_L3D4PN temperature is None
Warning: Cooling loop sensor PixelBarrel_BpI_5I_L3D4PN temperature is None
Warning: Cooling loop sensor PixelBarrel_BpI_5I_L3D4PN temperature is None
Warning: Cooling loop sensor PixelBarrel_BpI_5M_L3D4PN temperature is None
Warning: Cooling loop sensor PixelBarrel_BpI_5M_L3D4PN temperature is None
Warning: Cooling loop sensor PixelBarrel_BpI_5M_L3D4PN temperature is None
Warning: Cooling loop sensor PixelBarrel_BpI_5R_L3D4PN temperature is None
Warning: Cooling loop sensor PixelBarrel_BpI_5R_L3D4PN temperature is None
Warning: Cooling loop sensor PixelBarrel_BpI_5R_L3D4PN temperature is None
Warning: Cooling loop sensor PixelBarrel_BpI_4I_L2D2PN temperature is None
Warning: Cooling loop sensor PixelBarrel_BpI_4I_L2D2PN temperature is None
Warning: Cooling loop sensor PixelBarrel_BpI_4I_L2D2PN temperature is None
Warning: Cooling loop sensor PixelBarrel_BpI_4M_L2D2PN temperature is None
Warning: Cooling loop sensor PixelBarrel_BpI_4M_L2D2PN temperature is None
Warning: Cooling loop sensor PixelBarrel_BpI_4M_L2D2PN temperature is None
Warning: Cooling loop sensor PixelBarrel_BpI_4R_L2D2PN temperature is None
Warning: Cooling loop sensor PixelBarrel_BpI_4R_L2D2PN temperature is None
Warning: Cooling loop sensor PixelBarrel_BpI_4R_L2D2PN temperature is None
Warning: Cooling loop sensor PixelBarrel_BpO_1I_L4D2PF temperature is None
Warning: Cooling loop sensor PixelBarrel_BpO_1I_L4D2PF temperature is None
Warning: Cooling loop sensor PixelBarrel_BpO_1I_L4D2PF temperature is None
Warning: Cooling loop sensor PixelBarrel_BpO_1M_L4D2PF temperature is None
Warning: Cooling loop sensor PixelBarrel_BpO_1M_L4D2PF temperature is None
Warning: Cooling loop sensor PixelBarrel_BpO_1M_L4D2PF temperature is None
Warning: Cooling loop sensor PixelBarrel_BpO_1R_L4D2PF temperature is None
Warning: Cooling loop sensor PixelBarrel_BpO_1R_L4D2PF temperature is None
Warning: Cooling loop sensor PixelBarrel_BpO_1R_L4D2PF temperature is None
Warning: Cooling loop sensor PixelBarrel_BpO_2I_L3D1PF temperature is None
Warning: Cooling loop sensor PixelBarrel_BpO_2I_L3D1PF temperature is None
Warning: Cooling loop sensor PixelBarrel_BpO_2I_L3D1PF temperature is None
Warning: Cooling loop sensor PixelBarrel_BpO_2M_L3D1PF temperature is None
Warning: Cooling loop sensor PixelBarrel_BpO_2M_L3D1PF temperature is None
Warning: Cooling loop sensor PixelBarrel_BpO_2M_L3D1PF temperature is None
Warning: Cooling loop sensor PixelBarrel_BpO_2R_L3D1PF temperature is None
Warning: Cooling loop sensor PixelBarrel_BpO_2R_L3D1PF temperature is None
Warning: Cooling loop sensor PixelBarrel_BpO_2R_L3D1PF temperature is None
Warning: Cooling loop sensor PixelBarrel_BpO_3I_L2D1PF temperature is None
Warning: Cooling loop sensor PixelBarrel_BpO_3I_L2D1PF temperature is None
Warning: Cooling loop sensor PixelBarrel_BpO_3I_L2D1PF temperature is None
Warning: Cooling loop sensor PixelBarrel_BpO_3M_L2D1PF temperature is None
Warning: Cooling loop sensor PixelBarrel_BpO_3M_L2D1PF temperature is None
Warning: Cooling loop sensor PixelBarrel_BpO_3M_L2D1PF temperature is None
Warning: Cooling loop sensor PixelBarrel_BmI_1I_L4D2MN temperature is None
Warning: Cooling loop sensor PixelBarrel_BmI_1I_L4D2MN temperature is None
Warning: Cooling loop sensor PixelBarrel_BmI_1I_L4D2MN temperature is None
Warning: Cooling loop sensor PixelBarrel_BmI_1M_L4D2MN temperature is None
Warning: Cooling loop sensor PixelBarrel_BmI_1M_L4D2MN temperature is None
Warning: Cooling loop sensor PixelBarrel_BpI_6I_L4D3PN temperature is None
Warning: Cooling loop sensor PixelBarrel_BmO_6I_L4D3MF temperature is None
Warning: Cooling loop sensor PixelBarrel_BmO_6M_L4D3MF temperature is None
Warning: Cooling loop sensor PixelBarrel_BmO_4R_L2D2MF temperature is None
Warning: Cooling loop sensor PixelBarrel_BmO_4I_L2D2MF temperature is None
Warning: Cooling loop sensor PixelBarrel_BmO_4M_L2D2MF temperature is None
Warning: Cooling loop sensor PixelBarrel_BmO_6R_L4D3MF temperature is None
Warning: Cooling loop sensor PixelBarrel_BmI_3M_L2D1MN temperature is None
Warning: Cooling loop sensor PixelBarrel_BmI_3I_L2D1MN temperature is None
Warning: Cooling loop sensor PixelBarrel_BmI_1R_L4D2MN temperature is None
Warning: Cooling loop sensor PixelBarrel_BmI_3R_L2D1MN temperature is None
Warning: Cooling loop sensor PixelBarrel_BpI_4R_L2D2PN temperature is None
Warning: Cooling loop sensor PixelBarrel_BpO_1I_L4D2PF temperature is None
Warning: Cooling loop sensor PixelBarrel_BpO_1M_L4D2PF temperature is None
Warning: Cooling loop sensor PixelBarrel_BpO_1R_L4D2PF temperature is None
Warning: Cooling loop sensor PixelBarrel_BpO_3I_L2D1PF temperature is None
Warning: Cooling loop sensor PixelBarrel_BpO_3M_L2D1PF temperature is None
Warning: Cooling loop sensor PixelBarrel_BpO_3R_L2D1PF temperature is None
Warning: Cooling loop sensor PixelBarrel_BmI_1I_L4D2MN temperature is None
Warning: Cooling loop sensor PixelBarrel_BmI_1M_L4D2MN temperature is None
Warning: Cooling loop sensor PixelBarrel_BpI_4M_L2D2PN temperature is None
Warning: Cooling loop sensor PixelBarrel_BpI_4I_L2D2PN temperature is None
Warning: Cooling loop sensor PixelBarrel_BpI_6R_L4D3PN temperature is None
Warning: Cooling loop sensor PixelBarrel_BpI_6I_L4D3PN temperature is None
Warning: Cooling loop sensor PixelBarrel_BpI_6M_L4D3PN temperature is None
Warning: Cooling loop sensor PixelBarrel_BpI_1R_L4D1PN temperature is None
Warning: Cooling loop sensor PixelBarrel_BmO_1R_L4D1MF temperature is None
Warning: Cooling loop sensor PixelBarrel_BpI_1R_L4D1PN temperature is None
Warning: Cooling loop sensor PixelBarrel_BpO_6R_L4D4PF temperature is None
Warning: Cooling loop sensor PixelBarrel_BpO_6R_L4D4PF temperature is None
Warning: Cooling loop sensor PixelBarrel_BpO_6R_L4D4PF temperature is None
Warning: Cooling loop sensor PixelBarrel_BmI_4R_L1D2MN temperature is None
Warning: Cooling loop sensor PixelBarrel_BmI_4R_L1D2MN temperature is None
Warning: Cooling loop sensor PixelBarrel_BmI_4R_L1D2MN temperature is None
Warning: Cooling loop sensor PixelBarrel_BmI_4M_L1D2MN temperature is None
Warning: Cooling loop sensor PixelBarrel_BmI_4M_L1D2MN temperature is None
Warning: Cooling loop sensor PixelBarrel_BmI_4M_L1D2MN temperature is None
Warning: Cooling loop sensor PixelBarrel_BmI_4I_L1D2MN temperature is None
Warning: Cooling loop sensor PixelBarrel_BmI_4I_L1D2MN temperature is None
Warning: Cooling loop sensor PixelBarrel_BmI_4I_L1D2MN temperature is None
Warning: Cooling loop sensor PixelBarrel_BmI_5R_L3D3MN temperature is None
Warning: Cooling loop sensor PixelBarrel_BmI_5R_L3D3MN temperature is None
Warning: Cooling loop sensor PixelBarrel_BmI_5R_L3D3MN temperature is None
Warning: Cooling loop sensor PixelBarrel_BmI_5M_L3D3MN temperature is None
Warning: Cooling loop sensor PixelBarrel_BmI_5M_L3D3MN temperature is None
Warning: Cooling loop sensor PixelBarrel_BmI_5M_L3D3MN temperature is None
Warning: Cooling loop sensor PixelBarrel_BmI_5I_L3D3MN temperature is None
Warning: Cooling loop sensor PixelBarrel_BmI_5I_L3D3MN temperature is None
Warning: Cooling loop sensor PixelBarrel_BmI_5I_L3D3MN temperature is None
Warning: Cooling loop sensor PixelBarrel_BmI_6R_L4D4MN temperature is None
Warning: Cooling loop sensor PixelBarrel_BmI_6R_L4D4MN temperature is None
Warning: Cooling loop sensor PixelBarrel_BmI_6R_L4D4MN temperature is None
Warning: Cooling loop sensor PixelBarrel_BmI_6M_L4D4MN temperature is None
Warning: Cooling loop sensor PixelBarrel_BmI_6M_L4D4MN temperature is None
Warning: Cooling loop sensor PixelBarrel_BmI_6M_L4D4MN temperature is None
Warning: Cooling loop sensor PixelBarrel_BmI_6I_L4D4MN temperature is None
Warning: Cooling loop sensor PixelBarrel_BmI_6I_L4D4MN temperature is None
Warning: Cooling loop sensor PixelBarrel_BmI_6I_L4D4MN temperature is None
Warning: Cooling loop sensor PixelBarrel_BmO_3I_L1D1MF temperature is None
Warning: Cooling loop sensor PixelBarrel_BmO_3I_L1D1MF temperature is None
Warning: Cooling loop sensor PixelBarrel_BmO_3I_L1D1MF temperature is None
Warning: Cooling loop sensor PixelBarrel_BmO_3M_L1D1MF temperature is None
Warning: Cooling loop sensor PixelBarrel_BmO_3M_L1D1MF temperature is None
Warning: Cooling loop sensor PixelBarrel_BmO_3M_L1D1MF temperature is None
Warning: Cooling loop sensor PixelBarrel_BmO_3R_L1D1MF temperature is None
Warning: Cooling loop sensor PixelBarrel_BmO_3R_L1D1MF temperature is None
Warning: Cooling loop sensor PixelBarrel_BmO_3R_L1D1MF temperature is None
Warning: Cooling loop sensor PixelBarrel_BmO_2R_L3D2MF temperature is None
Warning: Cooling loop sensor PixelBarrel_BmO_2R_L3D2MF temperature is None
Warning: Cooling loop sensor PixelBarrel_BmO_2R_L3D2MF temperature is None
Warning: Cooling loop sensor PixelBarrel_BmO_2M_L3D2MF temperature is None
Warning: Cooling loop sensor PixelBarrel_BmO_2M_L3D2MF temperature is None
Warning: Cooling loop sensor PixelBarrel_BmO_2M_L3D2MF temperature is None
Warning: Cooling loop sensor PixelBarrel_BmO_2I_L3D2MF temperature is None
Warning: Cooling loop sensor PixelBarrel_BmO_2I_L3D2MF temperature is None
Warning: Cooling loop sensor PixelBarrel_BmO_2I_L3D2MF temperature is None
Warning: Cooling loop sensor PixelBarrel_BmO_1I_L4D1MF temperature is None
Warning: Cooling loop sensor PixelBarrel_BmO_1I_L4D1MF temperature is None
Warning: Cooling loop sensor PixelBarrel_BmO_1I_L4D1MF temperature is None
Warning: Cooling loop sensor PixelBarrel_BmO_1M_L4D1MF temperature is None
Warning: Cooling loop sensor PixelBarrel_BmO_1M_L4D1MF temperature is None
Warning: Cooling loop sensor PixelBarrel_BmO_1M_L4D1MF temperature is None
Warning: Cooling loop sensor PixelBarrel_BmO_1R_L4D1MF temperature is None
Warning: Cooling loop sensor PixelBarrel_BmO_1R_L4D1MF temperature is None
Warning: Cooling loop sensor PixelBarrel_BpI_1R_L4D1PN temperature is None
Warning: Cooling loop sensor PixelBarrel_BpO_3R_L2D1PF temperature is None
Warning: Cooling loop sensor PixelBarrel_BpO_3R_L2D1PF temperature is None
Warning: Cooling loop sensor PixelBarrel_BpO_3R_L2D1PF temperature is None
Warning: Cooling loop sensor PixelBarrel_BmI_1R_L4D2MN temperature is None
Warning: Cooling loop sensor PixelBarrel_BmI_1R_L4D2MN temperature is None
Warning: Cooling loop sensor PixelBarrel_BmI_1R_L4D2MN temperature is None
Warning: Cooling loop sensor PixelBarrel_BmI_2I_L3D1MN temperature is None
Warning: Cooling loop sensor PixelBarrel_BmI_2I_L3D1MN temperature is None
Warning: Cooling loop sensor PixelBarrel_BmI_2I_L3D1MN temperature is None
Warning: Cooling loop sensor PixelBarrel_BmI_2R_L3D1MN temperature is None
Warning: Cooling loop sensor PixelBarrel_BmI_2R_L3D1MN temperature is None
Warning: Cooling loop sensor PixelBarrel_BmI_2R_L3D1MN temperature is None
Warning: Cooling loop sensor PixelBarrel_BmI_3I_L2D1MN temperature is None
Warning: Cooling loop sensor PixelBarrel_BmI_3I_L2D1MN temperature is None
Warning: Cooling loop sensor PixelBarrel_BmI_3I_L2D1MN temperature is None
Warning: Cooling loop sensor PixelBarrel_BmI_3M_L2D1MN temperature is None
Warning: Cooling loop sensor PixelBarrel_BmI_3M_L2D1MN temperature is None
Warning: Cooling loop sensor PixelBarrel_BmI_3M_L2D1MN temperature is None
Warning: Cooling loop sensor PixelBarrel_BmI_3R_L2D1MN temperature is None
Warning: Cooling loop sensor PixelBarrel_BmI_3R_L2D1MN temperature is None
Warning: Cooling loop sensor PixelBarrel_BmI_3R_L2D1MN temperature is None
Warning: Cooling loop sensor PixelBarrel_BmO_6I_L4D3MF temperature is None
Warning: Cooling loop sensor PixelBarrel_BmO_6I_L4D3MF temperature is None
Warning: Cooling loop sensor PixelBarrel_BmO_6I_L4D3MF temperature is None
Warning: Cooling loop sensor PixelBarrel_BmO_6M_L4D3MF temperature is None
Warning: Cooling loop sensor PixelBarrel_BmO_6M_L4D3MF temperature is None
Warning: Cooling loop sensor PixelBarrel_BmO_6M_L4D3MF temperature is None
Warning: Cooling loop sensor PixelBarrel_BmO_6R_L4D3MF temperature is None
Warning: Cooling loop sensor PixelBarrel_BmO_6R_L4D3MF temperature is None
Warning: Cooling loop sensor PixelBarrel_BmO_6R_L4D3MF temperature is None
Warning: Cooling loop sensor PixelBarrel_BmO_5I_L3D4MF temperature is None
Warning: Cooling loop sensor PixelBarrel_BmO_5I_L3D4MF temperature is None
Warning: Cooling loop sensor PixelBarrel_BmO_5I_L3D4MF temperature is None
Warning: Cooling loop sensor PixelBarrel_BmO_5M_L3D4MF temperature is None
Warning: Cooling loop sensor PixelBarrel_BmO_5M_L3D4MF temperature is None
Warning: Cooling loop sensor PixelBarrel_BmO_5M_L3D4MF temperature is None
Warning: Cooling loop sensor PixelBarrel_BmO_5R_L3D4MF temperature is None
Warning: Cooling loop sensor PixelBarrel_BmO_5R_L3D4MF temperature is None
Warning: Cooling loop sensor PixelBarrel_BmO_5R_L3D4MF temperature is None
Warning: Cooling loop sensor PixelBarrel_BmO_4I_L2D2MF temperature is None
Warning: Cooling loop sensor PixelBarrel_BmO_4I_L2D2MF temperature is None
Warning: Cooling loop sensor PixelBarrel_BmO_4I_L2D2MF temperature is None
Warning: Cooling loop sensor PixelBarrel_BmO_4M_L2D2MF temperature is None
Warning: Cooling loop sensor PixelBarrel_BmO_4M_L2D2MF temperature is None
Warning: Cooling loop sensor PixelBarrel_BmO_4M_L2D2MF temperature is None
Warning: Cooling loop sensor PixelBarrel_BmO_4R_L2D2MF temperature is None
Warning: Cooling loop sensor PixelBarrel_BmO_4R_L2D2MF temperature is None
Warning: Cooling loop sensor PixelBarrel_BmO_4R_L2D2MF temperature is None
Warning: Cooling loop sensor PixelBarrel_BpI_3I_L1D1PN temperature is None
Warning: Cooling loop sensor PixelBarrel_BpI_3I_L1D1PN temperature is None
Warning: Cooling loop sensor PixelBarrel_BpI_3I_L1D1PN temperature is None
Warning: Cooling loop sensor PixelBarrel_BpI_3R_L1D1PN temperature is None
Warning: Cooling loop sensor PixelBarrel_BpI_3R_L1D1PN temperature is None
Warning: Cooling loop sensor PixelBarrel_BpI_3R_L1D1PN temperature is None
Warning: Cooling loop sensor PixelBarrel_BpI_2I_L3D2PN temperature is None
Warning: Cooling loop sensor PixelBarrel_BpI_2I_L3D2PN temperature is None
Warning: Cooling loop sensor PixelBarrel_BpI_2I_L3D2PN temperature is None
Warning: Cooling loop sensor PixelBarrel_BpI_2M_L3D2PN temperature is None
Warning: Cooling loop sensor PixelBarrel_BpI_2M_L3D2PN temperature is None
Warning: Cooling loop sensor PixelBarrel_BpI_2M_L3D2PN temperature is None
Warning: Cooling loop sensor PixelBarrel_BpI_2R_L3D2PN temperature is None
Warning: Cooling loop sensor PixelBarrel_BpI_2R_L3D2PN temperature is None
Warning: Cooling loop sensor PixelBarrel_BpI_2R_L3D2PN temperature is None
Warning: Cooling loop sensor PixelBarrel_BpI_1I_L4D1PN temperature is None
Warning: Cooling loop sensor PixelBarrel_BpI_1I_L4D1PN temperature is None
Warning: Cooling loop sensor PixelBarrel_BpI_1I_L4D1PN temperature is None
Warning: Cooling loop sensor PixelBarrel_BpI_1M_L4D1PN temperature is None
Warning: Cooling loop sensor PixelBarrel_BpI_1M_L4D1PN temperature is None
Warning: Cooling loop sensor PixelBarrel_BpI_1M_L4D1PN temperature is None
Warning: Cooling loop sensor PixelBarrel_BpO_4I_L1D2PF temperature is None
Warning: Cooling loop sensor PixelBarrel_BpO_4I_L1D2PF temperature is None
Warning: Cooling loop sensor PixelBarrel_BpO_4I_L1D2PF temperature is None
Warning: Cooling loop sensor PixelBarrel_BpO_4R_L1D2PF temperature is None
Warning: Cooling loop sensor PixelBarrel_BpO_4R_L1D2PF temperature is None
Warning: Cooling loop sensor PixelBarrel_BpO_4R_L1D2PF temperature is None
Warning: Cooling loop sensor PixelBarrel_BpO_5I_L3D3PF temperature is None
Warning: Cooling loop sensor PixelBarrel_BpO_5I_L3D3PF temperature is None
Warning: Cooling loop sensor PixelBarrel_BpO_5I_L3D3PF temperature is None
Warning: Cooling loop sensor PixelBarrel_BpO_5M_L3D3PF temperature is None
Warning: Cooling loop sensor PixelBarrel_BpO_5M_L3D3PF temperature is None
Warning: Cooling loop sensor PixelBarrel_BpO_5M_L3D3PF temperature is None
Warning: Cooling loop sensor PixelBarrel_BpO_5R_L3D3PF temperature is None
Warning: Cooling loop sensor PixelBarrel_BpO_5R_L3D3PF temperature is None
Warning: Cooling loop sensor PixelBarrel_BpO_5R_L3D3PF temperature is None
Warning: Cooling loop sensor PixelBarrel_BpO_6I_L4D4PF temperature is None
Warning: Cooling loop sensor PixelBarrel_BpO_6I_L4D4PF temperature is None
Warning: Cooling loop sensor PixelBarrel_BpO_6I_L4D4PF temperature is None
Warning: Cooling loop sensor PixelBarrel_BpO_6M_L4D4PF temperature is None
Warning: Cooling loop sensor PixelBarrel_BpO_6M_L4D4PF temperature is None
Warning: Cooling loop sensor PixelBarrel_BpO_6M_L4D4PF temperature is None
Warning: Cooling loop sensor PixelBarrel_BpI_6I_L4D3PN temperature is None
Warning: Cooling loop sensor PixelBarrel_BmI_1M_L4D2MN temperature is None
Warning: Cooling loop sensor PixelBarrel_BpI_6I_L4D3PN temperature is None
Warning: Cooling loop sensor PixelBarrel_BpI_6M_L4D3PN temperature is None
Warning: Cooling loop sensor PixelBarrel_BpI_6M_L4D3PN temperature is None
Warning: Cooling loop sensor PixelBarrel_BpI_6M_L4D3PN temperature is None
Warning: Cooling loop sensor PixelBarrel_BpI_6R_L4D3PN temperature is None
Warning: Cooling loop sensor PixelBarrel_BpI_6R_L4D3PN temperature is None
Warning: Cooling loop sensor PixelBarrel_BpI_6R_L4D3PN temperature is None
Warning: Cooling loop sensor PixelBarrel_BpI_5I_L3D4PN temperature is None
Warning: Cooling loop sensor PixelBarrel_BpI_5I_L3D4PN temperature is None
Warning: Cooling loop sensor PixelBarrel_BpI_5I_L3D4PN temperature is None
Warning: Cooling loop sensor PixelBarrel_BpI_5M_L3D4PN temperature is None
Warning: Cooling loop sensor PixelBarrel_BpI_5M_L3D4PN temperature is None
Warning: Cooling loop sensor PixelBarrel_BpI_5M_L3D4PN temperature is None
Warning: Cooling loop sensor PixelBarrel_BpI_5R_L3D4PN temperature is None
Warning: Cooling loop sensor PixelBarrel_BpI_5R_L3D4PN temperature is None
Warning: Cooling loop sensor PixelBarrel_BpI_5R_L3D4PN temperature is None
Warning: Cooling loop sensor PixelBarrel_BpI_4I_L2D2PN temperature is None
Warning: Cooling loop sensor PixelBarrel_BpI_4I_L2D2PN temperature is None
Warning: Cooling loop sensor PixelBarrel_BpI_4I_L2D2PN temperature is None
Warning: Cooling loop sensor PixelBarrel_BpI_4M_L2D2PN temperature is None
Warning: Cooling loop sensor PixelBarrel_BpI_4M_L2D2PN temperature is None
Warning: Cooling loop sensor PixelBarrel_BpI_4M_L2D2PN temperature is None
Warning: Cooling loop sensor PixelBarrel_BpI_4R_L2D2PN temperature is None
Warning: Cooling loop sensor PixelBarrel_BpI_4R_L2D2PN temperature is None
Warning: Cooling loop sensor PixelBarrel_BpI_4R_L2D2PN temperature is None
Warning: Cooling loop sensor PixelBarrel_BpO_1I_L4D2PF temperature is None
Warning: Cooling loop sensor PixelBarrel_BpO_1I_L4D2PF temperature is None
Warning: Cooling loop sensor PixelBarrel_BpO_1I_L4D2PF temperature is None
Warning: Cooling loop sensor PixelBarrel_BpO_1M_L4D2PF temperature is None
Warning: Cooling loop sensor PixelBarrel_BpO_1M_L4D2PF temperature is None
Warning: Cooling loop sensor PixelBarrel_BpO_1M_L4D2PF temperature is None
Warning: Cooling loop sensor PixelBarrel_BpO_1R_L4D2PF temperature is None
Warning: Cooling loop sensor PixelBarrel_BpO_1R_L4D2PF temperature is None
Warning: Cooling loop sensor PixelBarrel_BpO_1R_L4D2PF temperature is None
Warning: Cooling loop sensor PixelBarrel_BpO_2I_L3D1PF temperature is None
Warning: Cooling loop sensor PixelBarrel_BpO_2I_L3D1PF temperature is None
Warning: Cooling loop sensor PixelBarrel_BpO_2I_L3D1PF temperature is None
Warning: Cooling loop sensor PixelBarrel_BpO_2M_L3D1PF temperature is None
Warning: Cooling loop sensor PixelBarrel_BpO_2M_L3D1PF temperature is None
Warning: Cooling loop sensor PixelBarrel_BpO_2M_L3D1PF temperature is None
Warning: Cooling loop sensor PixelBarrel_BpO_2R_L3D1PF temperature is None
Warning: Cooling loop sensor PixelBarrel_BpO_2R_L3D1PF temperature is None
Warning: Cooling loop sensor PixelBarrel_BpO_2R_L3D1PF temperature is None
Warning: Cooling loop sensor PixelBarrel_BpO_3I_L2D1PF temperature is None
Warning: Cooling loop sensor PixelBarrel_BpO_3I_L2D1PF temperature is None
Warning: Cooling loop sensor PixelBarrel_BpO_3I_L2D1PF temperature is None
Warning: Cooling loop sensor PixelBarrel_BpO_3M_L2D1PF temperature is None
Warning: Cooling loop sensor PixelBarrel_BpO_3M_L2D1PF temperature is None
Warning: Cooling loop sensor PixelBarrel_BpO_3M_L2D1PF temperature is None
Warning: Cooling loop sensor PixelBarrel_BmI_1I_L4D2MN temperature is None
Warning: Cooling loop sensor PixelBarrel_BmI_1I_L4D2MN temperature is None
Warning: Cooling loop sensor PixelBarrel_BmI_1I_L4D2MN temperature is None
Warning: Cooling loop sensor PixelBarrel_BmI_1M_L4D2MN temperature is None
Warning: Cooling loop sensor PixelBarrel_BmI_1M_L4D2MN temperature is None
Warning: Cooling loop sensor PixelBarrel_BpI_6I_L4D3PN temperature is None
Warning: Cooling loop sensor PixelBarrel_BmO_6I_L4D3MF temperature is None
Warning: Cooling loop sensor PixelBarrel_BmO_6M_L4D3MF temperature is None
Warning: Cooling loop sensor PixelBarrel_BmO_4R_L2D2MF temperature is None
Warning: Cooling loop sensor PixelBarrel_BmO_4I_L2D2MF temperature is None
Warning: Cooling loop sensor PixelBarrel_BmO_4M_L2D2MF temperature is None
Warning: Cooling loop sensor PixelBarrel_BmO_6R_L4D3MF temperature is None
Warning: Cooling loop sensor PixelBarrel_BmI_3M_L2D1MN temperature is None
Warning: Cooling loop sensor PixelBarrel_BmI_3I_L2D1MN temperature is None
Warning: Cooling loop sensor PixelBarrel_BmI_1R_L4D2MN temperature is None
Warning: Cooling loop sensor PixelBarrel_BmI_3R_L2D1MN temperature is None
Warning: Cooling loop sensor PixelBarrel_BpI_4R_L2D2PN temperature is None
Warning: Cooling loop sensor PixelBarrel_BpO_1I_L4D2PF temperature is None
Warning: Cooling loop sensor PixelBarrel_BpO_1M_L4D2PF temperature is None
Warning: Cooling loop sensor PixelBarrel_BpO_1R_L4D2PF temperature is None
Warning: Cooling loop sensor PixelBarrel_BpO_3I_L2D1PF temperature is None
Warning: Cooling loop sensor PixelBarrel_BpO_3M_L2D1PF temperature is None
Warning: Cooling loop sensor PixelBarrel_BpO_3R_L2D1PF temperature is None
Warning: Cooling loop sensor PixelBarrel_BmI_1I_L4D2MN temperature is None
Warning: Cooling loop sensor PixelBarrel_BmI_1M_L4D2MN temperature is None
Warning: Cooling loop sensor PixelBarrel_BpI_4M_L2D2PN temperature is None
Warning: Cooling loop sensor PixelBarrel_BpI_4I_L2D2PN temperature is None
Warning: Cooling loop sensor PixelBarrel_BpI_6R_L4D3PN temperature is None
Warning: Cooling loop sensor PixelBarrel_BpI_6I_L4D3PN temperature is None
Warning: Cooling loop sensor PixelBarrel_BpI_6M_L4D3PN temperature is None
Warning: Cooling loop sensor PixelBarrel_BmO_3M_L1D1MF temperature is None
Warning: Cooling loop sensor PixelBarrel_BmO_3M_L1D1MF temperature is None
Warning: Cooling loop sensor PixelBarrel_BmO_3R_L1D1MF temperature is None
Warning: Cooling loop sensor PixelBarrel_BmO_3R_L1D1MF temperature is None
Warning: Cooling loop sensor PixelBarrel_BmO_2R_L3D2MF temperature is None
Warning: Cooling loop sensor PixelBarrel_BmO_2R_L3D2MF temperature is None
Warning: Cooling loop sensor PixelBarrel_BmO_2R_L3D2MF temperature is None
Warning: Cooling loop sensor PixelBarrel_BmO_2M_L3D2MF temperature is None
Warning: Cooling loop sensor PixelBarrel_BmO_2M_L3D2MF temperature is None
Warning: Cooling loop sensor PixelBarrel_BmO_2M_L3D2MF temperature is None
Warning: Cooling loop sensor PixelBarrel_BmO_2I_L3D2MF temperature is None
Warning: Cooling loop sensor PixelBarrel_BmO_2I_L3D2MF temperature is None
Warning: Cooling loop sensor PixelBarrel_BmO_2I_L3D2MF temperature is None
Warning: Cooling loop sensor PixelBarrel_BmO_1I_L4D1MF temperature is None
Warning: Cooling loop sensor PixelBarrel_BmO_1I_L4D1MF temperature is None
Warning: Cooling loop sensor PixelBarrel_BmO_1I_L4D1MF temperature is None
Warning: Cooling loop sensor PixelBarrel_BmO_1M_L4D1MF temperature is None
Warning: Cooling loop sensor PixelBarrel_BmO_1M_L4D1MF temperature is None
Warning: Cooling loop sensor PixelBarrel_BmO_1M_L4D1MF temperature is None
Warning: Cooling loop sensor PixelBarrel_BmO_1R_L4D1MF temperature is None
Warning: Cooling loop sensor PixelBarrel_BmO_1R_L4D1MF temperature is None
Warning: Cooling loop sensor PixelBarrel_BmO_1R_L4D1MF temperature is None
Warning: Cooling loop sensor PixelBarrel_BpI_1R_L4D1PN temperature is None
Warning: Cooling loop sensor PixelBarrel_BpI_1R_L4D1PN temperature is None
Warning: Cooling loop sensor PixelBarrel_BpI_1R_L4D1PN temperature is None
Warning: Cooling loop sensor PixelBarrel_BpO_6R_L4D4PF temperature is None
Warning: Cooling loop sensor PixelBarrel_BpO_6R_L4D4PF temperature is None
Warning: Cooling loop sensor PixelBarrel_BpO_6R_L4D4PF temperature is None
Warning: Cooling loop sensor PixelBarrel_BmI_4R_L1D2MN temperature is None
Warning: Cooling loop sensor PixelBarrel_BmI_4R_L1D2MN temperature is None
Warning: Cooling loop sensor PixelBarrel_BmI_4R_L1D2MN temperature is None
Warning: Cooling loop sensor PixelBarrel_BmI_4M_L1D2MN temperature is None
Warning: Cooling loop sensor PixelBarrel_BmI_4M_L1D2MN temperature is None
Warning: Cooling loop sensor PixelBarrel_BmI_4M_L1D2MN temperature is None
Warning: Cooling loop sensor PixelBarrel_BmI_4I_L1D2MN temperature is None
Warning: Cooling loop sensor PixelBarrel_BmI_4I_L1D2MN temperature is None
Warning: Cooling loop sensor PixelBarrel_BmI_4I_L1D2MN temperature is None
Warning: Cooling loop sensor PixelBarrel_BmI_5R_L3D3MN temperature is None
Warning: Cooling loop sensor PixelBarrel_BmI_5R_L3D3MN temperature is None
Warning: Cooling loop sensor PixelBarrel_BmI_5R_L3D3MN temperature is None
Warning: Cooling loop sensor PixelBarrel_BmI_5M_L3D3MN temperature is None
Warning: Cooling loop sensor PixelBarrel_BmI_5M_L3D3MN temperature is None
Warning: Cooling loop sensor PixelBarrel_BmI_5M_L3D3MN temperature is None
Warning: Cooling loop sensor PixelBarrel_BmI_5I_L3D3MN temperature is None
Warning: Cooling loop sensor PixelBarrel_BmI_5I_L3D3MN temperature is None
Warning: Cooling loop sensor PixelBarrel_BmI_5I_L3D3MN temperature is None
Warning: Cooling loop sensor PixelBarrel_BmI_6R_L4D4MN temperature is None
Warning: Cooling loop sensor PixelBarrel_BmI_6R_L4D4MN temperature is None
Warning: Cooling loop sensor PixelBarrel_BmI_6R_L4D4MN temperature is None
Warning: Cooling loop sensor PixelBarrel_BmI_6M_L4D4MN temperature is None
Warning: Cooling loop sensor PixelBarrel_BmI_6M_L4D4MN temperature is None
Warning: Cooling loop sensor PixelBarrel_BmI_6M_L4D4MN temperature is None
Warning: Cooling loop sensor PixelBarrel_BmI_6I_L4D4MN temperature is None
Warning: Cooling loop sensor PixelBarrel_BmI_6I_L4D4MN temperature is None
Warning: Cooling loop sensor PixelBarrel_BmI_6I_L4D4MN temperature is None
Warning: Cooling loop sensor PixelBarrel_BmO_3I_L1D1MF temperature is None
Warning: Cooling loop sensor PixelBarrel_BmO_3I_L1D1MF temperature is None
Warning: Cooling loop sensor PixelBarrel_BmO_3I_L1D1MF temperature is None
Warning: Cooling loop sensor PixelBarrel_BmO_3M_L1D1MF temperature is None
Warning: Cooling loop sensor PixelBarrel_BmO_3R_L1D1MF temperature is None
Warning: Cooling loop sensor PixelBarrel_BpI_1I_L4D1PN temperature is None
Warning: Cooling loop sensor PixelBarrel_BpI_1I_L4D1PN temperature is None
Warning: Cooling loop sensor PixelBarrel_BpI_1M_L4D1PN temperature is None
Warning: Cooling loop sensor PixelBarrel_BpI_1M_L4D1PN temperature is None
Warning: Cooling loop sensor PixelBarrel_BpI_1M_L4D1PN temperature is None
Warning: Cooling loop sensor PixelBarrel_BpO_4I_L1D2PF temperature is None
Warning: Cooling loop sensor PixelBarrel_BpO_4I_L1D2PF temperature is None
Warning: Cooling loop sensor PixelBarrel_BpO_4I_L1D2PF temperature is None
Warning: Cooling loop sensor PixelBarrel_BpO_4R_L1D2PF temperature is None
Warning: Cooling loop sensor PixelBarrel_BpO_4R_L1D2PF temperature is None
Warning: Cooling loop sensor PixelBarrel_BpO_4R_L1D2PF temperature is None
Warning: Cooling loop sensor PixelBarrel_BpO_5I_L3D3PF temperature is None
Warning: Cooling loop sensor PixelBarrel_BpO_5I_L3D3PF temperature is None
Warning: Cooling loop sensor PixelBarrel_BpO_5I_L3D3PF temperature is None
Warning: Cooling loop sensor PixelBarrel_BpO_5M_L3D3PF temperature is None
Warning: Cooling loop sensor PixelBarrel_BpO_5M_L3D3PF temperature is None
Warning: Cooling loop sensor PixelBarrel_BpO_5M_L3D3PF temperature is None
Warning: Cooling loop sensor PixelBarrel_BpO_5R_L3D3PF temperature is None
Warning: Cooling loop sensor PixelBarrel_BpO_5R_L3D3PF temperature is None
Warning: Cooling loop sensor PixelBarrel_BpO_5R_L3D3PF temperature is None
Warning: Cooling loop sensor PixelBarrel_BpO_6I_L4D4PF temperature is None
Warning: Cooling loop sensor PixelBarrel_BpO_6I_L4D4PF temperature is None
Warning: Cooling loop sensor PixelBarrel_BpO_6I_L4D4PF temperature is None
Warning: Cooling loop sensor PixelBarrel_BpO_6M_L4D4PF temperature is None
Warning: Cooling loop sensor PixelBarrel_BpO_6M_L4D4PF temperature is None
Warning: Cooling loop sensor PixelBarrel_BpO_6M_L4D4PF temperature is None
Warning: Cooling loop sensor PixelBarrel_BpO_3R_L2D1PF temperature is None
Warning: Cooling loop sensor PixelBarrel_BpO_3R_L2D1PF temperature is None
Warning: Cooling loop sensor PixelBarrel_BpO_3R_L2D1PF temperature is None
Warning: Cooling loop sensor PixelBarrel_BmI_1R_L4D2MN temperature is None
Warning: Cooling loop sensor PixelBarrel_BmI_1R_L4D2MN temperature is None
Warning: Cooling loop sensor PixelBarrel_BmI_1R_L4D2MN temperature is None
Warning: Cooling loop sensor PixelBarrel_BmI_2I_L3D1MN temperature is None
Warning: Cooling loop sensor PixelBarrel_BmI_2I_L3D1MN temperature is None
Warning: Cooling loop sensor PixelBarrel_BmI_2I_L3D1MN temperature is None
Warning: Cooling loop sensor PixelBarrel_BmI_2R_L3D1MN temperature is None
Warning: Cooling loop sensor PixelBarrel_BmI_2R_L3D1MN temperature is None
Warning: Cooling loop sensor PixelBarrel_BmI_2R_L3D1MN temperature is None
Warning: Cooling loop sensor PixelBarrel_BmI_3I_L2D1MN temperature is None
Warning: Cooling loop sensor PixelBarrel_BmI_3I_L2D1MN temperature is None
Warning: Cooling loop sensor PixelBarrel_BmI_3I_L2D1MN temperature is None
Warning: Cooling loop sensor PixelBarrel_BmI_3M_L2D1MN temperature is None
Warning: Cooling loop sensor PixelBarrel_BmI_3M_L2D1MN temperature is None
Warning: Cooling loop sensor PixelBarrel_BmI_3M_L2D1MN temperature is None
Warning: Cooling loop sensor PixelBarrel_BmI_3R_L2D1MN temperature is None
Warning: Cooling loop sensor PixelBarrel_BmI_3R_L2D1MN temperature is None
Warning: Cooling loop sensor PixelBarrel_BmI_3R_L2D1MN temperature is None
Warning: Cooling loop sensor PixelBarrel_BmO_6I_L4D3MF temperature is None
Warning: Cooling loop sensor PixelBarrel_BmO_6I_L4D3MF temperature is None
Warning: Cooling loop sensor PixelBarrel_BmO_6I_L4D3MF temperature is None
Warning: Cooling loop sensor PixelBarrel_BmO_6M_L4D3MF temperature is None
Warning: Cooling loop sensor PixelBarrel_BmO_6M_L4D3MF temperature is None
Warning: Cooling loop sensor PixelBarrel_BmO_6M_L4D3MF temperature is None
Warning: Cooling loop sensor PixelBarrel_BmO_6R_L4D3MF temperature is None
Warning: Cooling loop sensor PixelBarrel_BmO_6R_L4D3MF temperature is None
Warning: Cooling loop sensor PixelBarrel_BmO_6R_L4D3MF temperature is None
Warning: Cooling loop sensor PixelBarrel_BmO_5I_L3D4MF temperature is None
Warning: Cooling loop sensor PixelBarrel_BmO_5I_L3D4MF temperature is None
Warning: Cooling loop sensor PixelBarrel_BmO_5I_L3D4MF temperature is None
Warning: Cooling loop sensor PixelBarrel_BmO_5M_L3D4MF temperature is None
Warning: Cooling loop sensor PixelBarrel_BmO_5M_L3D4MF temperature is None
Warning: Cooling loop sensor PixelBarrel_BmO_5M_L3D4MF temperature is None
Warning: Cooling loop sensor PixelBarrel_BmO_5R_L3D4MF temperature is None
Warning: Cooling loop sensor PixelBarrel_BmO_5R_L3D4MF temperature is None
Warning: Cooling loop sensor PixelBarrel_BmO_5R_L3D4MF temperature is None
Warning: Cooling loop sensor PixelBarrel_BmO_4I_L2D2MF temperature is None
Warning: Cooling loop sensor PixelBarrel_BmO_4I_L2D2MF temperature is None
Warning: Cooling loop sensor PixelBarrel_BmO_4I_L2D2MF temperature is None
Warning: Cooling loop sensor PixelBarrel_BmO_4M_L2D2MF temperature is None
Warning: Cooling loop sensor PixelBarrel_BmO_4M_L2D2MF temperature is None
Warning: Cooling loop sensor PixelBarrel_BmO_4M_L2D2MF temperature is None
Warning: Cooling loop sensor PixelBarrel_BmO_4R_L2D2MF temperature is None
Warning: Cooling loop sensor PixelBarrel_BmO_4R_L2D2MF temperature is None
Warning: Cooling loop sensor PixelBarrel_BmO_4R_L2D2MF temperature is None
Warning: Cooling loop sensor PixelBarrel_BpI_3I_L1D1PN temperature is None
Warning: Cooling loop sensor PixelBarrel_BpI_3I_L1D1PN temperature is None
Warning: Cooling loop sensor PixelBarrel_BpI_3I_L1D1PN temperature is None
Warning: Cooling loop sensor PixelBarrel_BpI_3R_L1D1PN temperature is None
Warning: Cooling loop sensor PixelBarrel_BpI_3R_L1D1PN temperature is None
Warning: Cooling loop sensor PixelBarrel_BpI_3R_L1D1PN temperature is None
Warning: Cooling loop sensor PixelBarrel_BpI_2I_L3D2PN temperature is None
Warning: Cooling loop sensor PixelBarrel_BpI_2I_L3D2PN temperature is None
Warning: Cooling loop sensor PixelBarrel_BpI_2I_L3D2PN temperature is None
Warning: Cooling loop sensor PixelBarrel_BpI_2M_L3D2PN temperature is None
Warning: Cooling loop sensor PixelBarrel_BpI_2M_L3D2PN temperature is None
Warning: Cooling loop sensor PixelBarrel_BpI_2M_L3D2PN temperature is None
Warning: Cooling loop sensor PixelBarrel_BpI_2R_L3D2PN temperature is None
Warning: Cooling loop sensor PixelBarrel_BpI_2R_L3D2PN temperature is None
Warning: Cooling loop sensor PixelBarrel_BpI_2R_L3D2PN temperature is None
Warning: Cooling loop sensor PixelBarrel_BpI_1I_L4D1PN temperature is None
Warning: Cooling loop sensor PixelBarrel_BpI_6I_L4D3PN temperature is None
Warning: Cooling loop sensor PixelBarrel_BpI_6I_L4D3PN temperature is None
Warning: Cooling loop sensor PixelBarrel_BpI_6I_L4D3PN temperature is None
Warning: Cooling loop sensor PixelBarrel_BpI_6M_L4D3PN temperature is None
Warning: Cooling loop sensor PixelBarrel_BpI_6M_L4D3PN temperature is None
Warning: Cooling loop sensor PixelBarrel_BpI_6M_L4D3PN temperature is None
Warning: Cooling loop sensor PixelBarrel_BpI_6R_L4D3PN temperature is None
Warning: Cooling loop sensor PixelBarrel_BpI_6R_L4D3PN temperature is None
Warning: Cooling loop sensor PixelBarrel_BpI_6R_L4D3PN temperature is None
Warning: Cooling loop sensor PixelBarrel_BpI_5I_L3D4PN temperature is None
Warning: Cooling loop sensor PixelBarrel_BpI_5I_L3D4PN temperature is None
Warning: Cooling loop sensor PixelBarrel_BpI_5I_L3D4PN temperature is None
Warning: Cooling loop sensor PixelBarrel_BpI_5M_L3D4PN temperature is None
Warning: Cooling loop sensor PixelBarrel_BpI_5M_L3D4PN temperature is None
Warning: Cooling loop sensor PixelBarrel_BpI_5M_L3D4PN temperature is None
Warning: Cooling loop sensor PixelBarrel_BpI_5R_L3D4PN temperature is None
Warning: Cooling loop sensor PixelBarrel_BpI_5R_L3D4PN temperature is None
Warning: Cooling loop sensor PixelBarrel_BpI_5R_L3D4PN temperature is None
Warning: Cooling loop sensor PixelBarrel_BpI_4I_L2D2PN temperature is None
Warning: Cooling loop sensor PixelBarrel_BpI_4I_L2D2PN temperature is None
Warning: Cooling loop sensor PixelBarrel_BpI_4I_L2D2PN temperature is None
Warning: Cooling loop sensor PixelBarrel_BpI_4M_L2D2PN temperature is None
Warning: Cooling loop sensor PixelBarrel_BpI_4M_L2D2PN temperature is None
Warning: Cooling loop sensor PixelBarrel_BpI_4M_L2D2PN temperature is None
Warning: Cooling loop sensor PixelBarrel_BpI_4R_L2D2PN temperature is None
Warning: Cooling loop sensor PixelBarrel_BpI_4R_L2D2PN temperature is None
Warning: Cooling loop sensor PixelBarrel_BpI_4R_L2D2PN temperature is None
Warning: Cooling loop sensor PixelBarrel_BpO_1I_L4D2PF temperature is None
Warning: Cooling loop sensor PixelBarrel_BpO_1I_L4D2PF temperature is None
Warning: Cooling loop sensor PixelBarrel_BpO_1I_L4D2PF temperature is None
Warning: Cooling loop sensor PixelBarrel_BpO_1M_L4D2PF temperature is None
Warning: Cooling loop sensor PixelBarrel_BpO_1M_L4D2PF temperature is None
Warning: Cooling loop sensor PixelBarrel_BpO_1M_L4D2PF temperature is None
Warning: Cooling loop sensor PixelBarrel_BpO_1R_L4D2PF temperature is None
Warning: Cooling loop sensor PixelBarrel_BpO_1R_L4D2PF temperature is None
Warning: Cooling loop sensor PixelBarrel_BpO_1R_L4D2PF temperature is None
Warning: Cooling loop sensor PixelBarrel_BpO_2I_L3D1PF temperature is None
Warning: Cooling loop sensor PixelBarrel_BpO_2I_L3D1PF temperature is None
Warning: Cooling loop sensor PixelBarrel_BpO_2I_L3D1PF temperature is None
Warning: Cooling loop sensor PixelBarrel_BpO_2M_L3D1PF temperature is None
Warning: Cooling loop sensor PixelBarrel_BpO_2M_L3D1PF temperature is None
Warning: Cooling loop sensor PixelBarrel_BpO_2M_L3D1PF temperature is None
Warning: Cooling loop sensor PixelBarrel_BpO_2R_L3D1PF temperature is None
Warning: Cooling loop sensor PixelBarrel_BpO_2R_L3D1PF temperature is None
Warning: Cooling loop sensor PixelBarrel_BpO_2R_L3D1PF temperature is None
Warning: Cooling loop sensor PixelBarrel_BpO_3I_L2D1PF temperature is None
Warning: Cooling loop sensor PixelBarrel_BpO_3I_L2D1PF temperature is None
Warning: Cooling loop sensor PixelBarrel_BpO_3I_L2D1PF temperature is None
Warning: Cooling loop sensor PixelBarrel_BpO_3M_L2D1PF temperature is None
Warning: Cooling loop sensor PixelBarrel_BpO_3M_L2D1PF temperature is None
Warning: Cooling loop sensor PixelBarrel_BpO_3M_L2D1PF temperature is None
Warning: Cooling loop sensor PixelBarrel_BmI_1I_L4D2MN temperature is None
Warning: Cooling loop sensor PixelBarrel_BmI_1I_L4D2MN temperature is None
Warning: Cooling loop sensor PixelBarrel_BmI_1I_L4D2MN temperature is None
Warning: Cooling loop sensor PixelBarrel_BmI_1M_L4D2MN temperature is None
Warning: Cooling loop sensor PixelBarrel_BmI_1M_L4D2MN temperature is None
Warning: Cooling loop sensor PixelBarrel_BmI_1M_L4D2MN temperature is None
Warning: Cooling loop sensor PixelBarrel_BmO_4R_L2D2MF temperature is None
Warning: Cooling loop sensor PixelBarrel_BmO_6I_L4D3MF temperature is None
Warning: Cooling loop sensor PixelBarrel_BmO_4M_L2D2MF temperature is None
Warning: Cooling loop sensor PixelBarrel_BmO_6R_L4D3MF temperature is None
Warning: Cooling loop sensor PixelBarrel_BmO_4I_L2D2MF temperature is None
Warning: Cooling loop sensor PixelBarrel_BmO_6M_L4D3MF temperature is None
Warning: Cooling loop sensor PixelBarrel_BmI_3I_L2D1MN temperature is None
Warning: Cooling loop sensor PixelBarrel_BmI_1R_L4D2MN temperature is None
Warning: Cooling loop sensor PixelBarrel_BmI_3R_L2D1MN temperature is None
Warning: Cooling loop sensor PixelBarrel_BmI_3M_L2D1MN temperature is None
Warning: Cooling loop sensor PixelBarrel_BpI_6M_L4D3PN temperature is None
Warning: Cooling loop sensor PixelBarrel_BpI_6R_L4D3PN temperature is None
Warning: Cooling loop sensor PixelBarrel_BpI_4I_L2D2PN temperature is None
Warning: Cooling loop sensor PixelBarrel_BpI_4M_L2D2PN temperature is None
Warning: Cooling loop sensor PixelBarrel_BpI_4R_L2D2PN temperature is None
Warning: Cooling loop sensor PixelBarrel_BpO_1I_L4D2PF temperature is None
Warning: Cooling loop sensor PixelBarrel_BpO_1M_L4D2PF temperature is None
Warning: Cooling loop sensor PixelBarrel_BpO_1R_L4D2PF temperature is None
Warning: Cooling loop sensor PixelBarrel_BpO_3I_L2D1PF temperature is None
Warning: Cooling loop sensor PixelBarrel_BpI_6I_L4D3PN temperature is None
Warning: Cooling loop sensor PixelBarrel_BmI_1M_L4D2MN temperature is None
Warning: Cooling loop sensor PixelBarrel_BpO_3M_L2D1PF temperature is None
Warning: Cooling loop sensor PixelBarrel_BpO_3R_L2D1PF temperature is None
Warning: Cooling loop sensor PixelBarrel_BmI_1I_L4D2MN temperature is None
Warning: Cooling loop sensor PixelBarrel_BmI_5I_L3D3MN temperature is None
Warning: Cooling loop sensor PixelBarrel_BmI_5M_L3D3MN temperature is None
Warning: Cooling loop sensor PixelBarrel_BmI_5I_L3D3MN temperature is None
Warning: Cooling loop sensor PixelBarrel_BmI_6R_L4D4MN temperature is None
Warning: Cooling loop sensor PixelBarrel_BmI_6R_L4D4MN temperature is None
Warning: Cooling loop sensor PixelBarrel_BmI_6R_L4D4MN temperature is None
Warning: Cooling loop sensor PixelBarrel_BmI_6M_L4D4MN temperature is None
Warning: Cooling loop sensor PixelBarrel_BmI_6M_L4D4MN temperature is None
Warning: Cooling loop sensor PixelBarrel_BmI_6M_L4D4MN temperature is None
Warning: Cooling loop sensor PixelBarrel_BmI_6I_L4D4MN temperature is None
Warning: Cooling loop sensor PixelBarrel_BmI_6I_L4D4MN temperature is None
Warning: Cooling loop sensor PixelBarrel_BmI_6I_L4D4MN temperature is None
Warning: Cooling loop sensor PixelBarrel_BmO_3I_L1D1MF temperature is None
Warning: Cooling loop sensor PixelBarrel_BmO_3I_L1D1MF temperature is None
Warning: Cooling loop sensor PixelBarrel_BmO_3I_L1D1MF temperature is None
Warning: Cooling loop sensor PixelBarrel_BmO_3M_L1D1MF temperature is None
Warning: Cooling loop sensor PixelBarrel_BmO_3M_L1D1MF temperature is None
Warning: Cooling loop sensor PixelBarrel_BmO_3M_L1D1MF temperature is None
Warning: Cooling loop sensor PixelBarrel_BmO_3R_L1D1MF temperature is None
Warning: Cooling loop sensor PixelBarrel_BmO_3R_L1D1MF temperature is None
Warning: Cooling loop sensor PixelBarrel_BmO_3R_L1D1MF temperature is None
Warning: Cooling loop sensor PixelBarrel_BmO_2R_L3D2MF temperature is None
Warning: Cooling loop sensor PixelBarrel_BmO_2R_L3D2MF temperature is None
Warning: Cooling loop sensor PixelBarrel_BmO_2R_L3D2MF temperature is None
Warning: Cooling loop sensor PixelBarrel_BmO_2M_L3D2MF temperature is None
Warning: Cooling loop sensor PixelBarrel_BmO_2M_L3D2MF temperature is None
Warning: Cooling loop sensor PixelBarrel_BmO_2M_L3D2MF temperature is None
Warning: Cooling loop sensor PixelBarrel_BmO_2I_L3D2MF temperature is None
Warning: Cooling loop sensor PixelBarrel_BmO_2I_L3D2MF temperature is None
Warning: Cooling loop sensor PixelBarrel_BmO_2I_L3D2MF temperature is None
Warning: Cooling loop sensor PixelBarrel_BmO_1I_L4D1MF temperature is None
Warning: Cooling loop sensor PixelBarrel_BmO_1I_L4D1MF temperature is None
Warning: Cooling loop sensor PixelBarrel_BmO_1I_L4D1MF temperature is None
Warning: Cooling loop sensor PixelBarrel_BmO_1M_L4D1MF temperature is None
Warning: Cooling loop sensor PixelBarrel_BmO_1M_L4D1MF temperature is None
Warning: Cooling loop sensor PixelBarrel_BmO_1M_L4D1MF temperature is None
Warning: Cooling loop sensor PixelBarrel_BmO_1R_L4D1MF temperature is None
Warning: Cooling loop sensor PixelBarrel_BmO_1R_L4D1MF temperature is None
Warning: Cooling loop sensor PixelBarrel_BmO_1R_L4D1MF temperature is None
Warning: Cooling loop sensor PixelBarrel_BpI_1R_L4D1PN temperature is None
Warning: Cooling loop sensor PixelBarrel_BpI_1R_L4D1PN temperature is None
Warning: Cooling loop sensor PixelBarrel_BpI_1R_L4D1PN temperature is None
Warning: Cooling loop sensor PixelBarrel_BpO_6R_L4D4PF temperature is None
Warning: Cooling loop sensor PixelBarrel_BpO_6R_L4D4PF temperature is None
Warning: Cooling loop sensor PixelBarrel_BpO_6R_L4D4PF temperature is None
Warning: Cooling loop sensor PixelBarrel_BmI_4R_L1D2MN temperature is None
Warning: Cooling loop sensor PixelBarrel_BmI_4R_L1D2MN temperature is None
Warning: Cooling loop sensor PixelBarrel_BmI_4R_L1D2MN temperature is None
Warning: Cooling loop sensor PixelBarrel_BmI_4M_L1D2MN temperature is None
Warning: Cooling loop sensor PixelBarrel_BmI_4M_L1D2MN temperature is None
Warning: Cooling loop sensor PixelBarrel_BmI_4M_L1D2MN temperature is None
Warning: Cooling loop sensor PixelBarrel_BmI_4I_L1D2MN temperature is None
Warning: Cooling loop sensor PixelBarrel_BmI_4I_L1D2MN temperature is None
Warning: Cooling loop sensor PixelBarrel_BmI_4I_L1D2MN temperature is None
Warning: Cooling loop sensor PixelBarrel_BmI_5R_L3D3MN temperature is None
Warning: Cooling loop sensor PixelBarrel_BmI_5R_L3D3MN temperature is None
Warning: Cooling loop sensor PixelBarrel_BmI_5R_L3D3MN temperature is None
Warning: Cooling loop sensor PixelBarrel_BmI_5M_L3D3MN temperature is None
Warning: Cooling loop sensor PixelBarrel_BmI_5M_L3D3MN temperature is None
Warning: Cooling loop sensor PixelBarrel_BmI_5I_L3D3MN temperature is None
Warning: Cooling loop sensor PixelBarrel_BpI_3I_L1D1PN temperature is None
Warning: Cooling loop sensor PixelBarrel_BpI_3I_L1D1PN temperature is None
Warning: Cooling loop sensor PixelBarrel_BpI_3I_L1D1PN temperature is None
Warning: Cooling loop sensor PixelBarrel_BpI_3R_L1D1PN temperature is None
Warning: Cooling loop sensor PixelBarrel_BpI_3R_L1D1PN temperature is None
Warning: Cooling loop sensor PixelBarrel_BpI_3R_L1D1PN temperature is None
Warning: Cooling loop sensor PixelBarrel_BpI_2I_L3D2PN temperature is None
Warning: Cooling loop sensor PixelBarrel_BpI_2I_L3D2PN temperature is None
Warning: Cooling loop sensor PixelBarrel_BpI_2I_L3D2PN temperature is None
Warning: Cooling loop sensor PixelBarrel_BpI_2M_L3D2PN temperature is None
Warning: Cooling loop sensor PixelBarrel_BpI_2M_L3D2PN temperature is None
Warning: Cooling loop sensor PixelBarrel_BpI_2M_L3D2PN temperature is None
Warning: Cooling loop sensor PixelBarrel_BpI_2R_L3D2PN temperature is None
Warning: Cooling loop sensor PixelBarrel_BpI_2R_L3D2PN temperature is None
Warning: Cooling loop sensor PixelBarrel_BpI_2R_L3D2PN temperature is None
Warning: Cooling loop sensor PixelBarrel_BpI_1I_L4D1PN temperature is None
Warning: Cooling loop sensor PixelBarrel_BpI_1I_L4D1PN temperature is None
Warning: Cooling loop sensor PixelBarrel_BpI_1I_L4D1PN temperature is None
Warning: Cooling loop sensor PixelBarrel_BpI_1M_L4D1PN temperature is None
Warning: Cooling loop sensor PixelBarrel_BpI_1M_L4D1PN temperature is None
Warning: Cooling loop sensor PixelBarrel_BpI_1M_L4D1PN temperature is None
Warning: Cooling loop sensor PixelBarrel_BpO_4I_L1D2PF temperature is None
Warning: Cooling loop sensor PixelBarrel_BpO_4I_L1D2PF temperature is None
Warning: Cooling loop sensor PixelBarrel_BpO_4I_L1D2PF temperature is None
Warning: Cooling loop sensor PixelBarrel_BpO_4R_L1D2PF temperature is None
Warning: Cooling loop sensor PixelBarrel_BpO_4R_L1D2PF temperature is None
Warning: Cooling loop sensor PixelBarrel_BpO_4R_L1D2PF temperature is None
Warning: Cooling loop sensor PixelBarrel_BpO_5I_L3D3PF temperature is None
Warning: Cooling loop sensor PixelBarrel_BpO_5I_L3D3PF temperature is None
Warning: Cooling loop sensor PixelBarrel_BpO_5I_L3D3PF temperature is None
Warning: Cooling loop sensor PixelBarrel_BpO_5M_L3D3PF temperature is None
Warning: Cooling loop sensor PixelBarrel_BpO_5M_L3D3PF temperature is None
Warning: Cooling loop sensor PixelBarrel_BpO_5M_L3D3PF temperature is None
Warning: Cooling loop sensor PixelBarrel_BpO_5R_L3D3PF temperature is None
Warning: Cooling loop sensor PixelBarrel_BpO_5R_L3D3PF temperature is None
Warning: Cooling loop sensor PixelBarrel_BpO_5R_L3D3PF temperature is None
Warning: Cooling loop sensor PixelBarrel_BpO_6I_L4D4PF temperature is None
Warning: Cooling loop sensor PixelBarrel_BpO_6I_L4D4PF temperature is None
Warning: Cooling loop sensor PixelBarrel_BpO_6I_L4D4PF temperature is None
Warning: Cooling loop sensor PixelBarrel_BpO_6M_L4D4PF temperature is None
Warning: Cooling loop sensor PixelBarrel_BpO_6M_L4D4PF temperature is None
Warning: Cooling loop sensor PixelBarrel_BpO_6M_L4D4PF temperature is None
Warning: Cooling loop sensor PixelBarrel_BpO_3R_L2D1PF temperature is None
Warning: Cooling loop sensor PixelBarrel_BmI_1R_L4D2MN temperature is None
Warning: Cooling loop sensor PixelBarrel_BmI_1R_L4D2MN temperature is None
Warning: Cooling loop sensor PixelBarrel_BmI_1R_L4D2MN temperature is None
Warning: Cooling loop sensor PixelBarrel_BmI_2I_L3D1MN temperature is None
Warning: Cooling loop sensor PixelBarrel_BmI_2I_L3D1MN temperature is None
Warning: Cooling loop sensor PixelBarrel_BmI_2I_L3D1MN temperature is None
Warning: Cooling loop sensor PixelBarrel_BmI_2R_L3D1MN temperature is None
Warning: Cooling loop sensor PixelBarrel_BmI_2R_L3D1MN temperature is None
Warning: Cooling loop sensor PixelBarrel_BmI_2R_L3D1MN temperature is None
Warning: Cooling loop sensor PixelBarrel_BmI_3I_L2D1MN temperature is None
Warning: Cooling loop sensor PixelBarrel_BmI_3I_L2D1MN temperature is None
Warning: Cooling loop sensor PixelBarrel_BmI_3I_L2D1MN temperature is None
Warning: Cooling loop sensor PixelBarrel_BmI_3M_L2D1MN temperature is None
Warning: Cooling loop sensor PixelBarrel_BmI_3M_L2D1MN temperature is None
Warning: Cooling loop sensor PixelBarrel_BmI_3M_L2D1MN temperature is None
Warning: Cooling loop sensor PixelBarrel_BmI_3R_L2D1MN temperature is None
Warning: Cooling loop sensor PixelBarrel_BmI_3R_L2D1MN temperature is None
Warning: Cooling loop sensor PixelBarrel_BmI_3R_L2D1MN temperature is None
Warning: Cooling loop sensor PixelBarrel_BmO_6I_L4D3MF temperature is None
Warning: Cooling loop sensor PixelBarrel_BmO_6I_L4D3MF temperature is None
Warning: Cooling loop sensor PixelBarrel_BmO_6I_L4D3MF temperature is None
Warning: Cooling loop sensor PixelBarrel_BmO_6M_L4D3MF temperature is None
Warning: Cooling loop sensor PixelBarrel_BmO_6M_L4D3MF temperature is None
Warning: Cooling loop sensor PixelBarrel_BmO_6M_L4D3MF temperature is None
Warning: Cooling loop sensor PixelBarrel_BmO_6R_L4D3MF temperature is None
Warning: Cooling loop sensor PixelBarrel_BmO_6R_L4D3MF temperature is None
Warning: Cooling loop sensor PixelBarrel_BmO_6R_L4D3MF temperature is None
Warning: Cooling loop sensor PixelBarrel_BmO_5I_L3D4MF temperature is None
Warning: Cooling loop sensor PixelBarrel_BmO_5I_L3D4MF temperature is None
Warning: Cooling loop sensor PixelBarrel_BmO_5I_L3D4MF temperature is None
Warning: Cooling loop sensor PixelBarrel_BmO_5M_L3D4MF temperature is None
Warning: Cooling loop sensor PixelBarrel_BmO_5M_L3D4MF temperature is None
Warning: Cooling loop sensor PixelBarrel_BmO_5M_L3D4MF temperature is None
Warning: Cooling loop sensor PixelBarrel_BmO_5R_L3D4MF temperature is None
Warning: Cooling loop sensor PixelBarrel_BmO_5R_L3D4MF temperature is None
Warning: Cooling loop sensor PixelBarrel_BmO_5R_L3D4MF temperature is None
Warning: Cooling loop sensor PixelBarrel_BmO_4I_L2D2MF temperature is None
Warning: Cooling loop sensor PixelBarrel_BmO_4I_L2D2MF temperature is None
Warning: Cooling loop sensor PixelBarrel_BmO_4I_L2D2MF temperature is None
Warning: Cooling loop sensor PixelBarrel_BmO_4M_L2D2MF temperature is None
Warning: Cooling loop sensor PixelBarrel_BmO_4M_L2D2MF temperature is None
Warning: Cooling loop sensor PixelBarrel_BmO_4M_L2D2MF temperature is None
Warning: Cooling loop sensor PixelBarrel_BmO_4R_L2D2MF temperature is None
Warning: Cooling loop sensor PixelBarrel_BmO_4R_L2D2MF temperature is None
Warning: Cooling loop sensor PixelBarrel_BmO_4R_L2D2MF temperature is None
Warning: Cooling loop sensor PixelBarrel_BpO_3R_L2D1PF temperature is None
Warning: Cooling loop sensor PixelBarrel_BpO_3R_L2D1PF temperature is None
Warning: Cooling loop sensor PixelBarrel_BmI_1I_L4D2MN temperature is None
Warning: Cooling loop sensor PixelBarrel_BpO_3M_L2D1PF temperature is None
Warning: Cooling loop sensor PixelBarrel_BmI_1I_L4D2MN temperature is None
Warning: Cooling loop sensor PixelBarrel_BmI_1M_L4D2MN temperature is None
Warning: Cooling loop sensor PixelBarrel_BmI_1M_L4D2MN temperature is None
Warning: Cooling loop sensor PixelBarrel_BmI_1M_L4D2MN temperature is None
Warning: Cooling loop sensor PixelBarrel_BpI_6I_L4D3PN temperature is None
Warning: Cooling loop sensor PixelBarrel_BpI_6I_L4D3PN temperature is None
Warning: Cooling loop sensor PixelBarrel_BpI_6I_L4D3PN temperature is None
Warning: Cooling loop sensor PixelBarrel_BpI_6M_L4D3PN temperature is None
Warning: Cooling loop sensor PixelBarrel_BpI_6M_L4D3PN temperature is None
Warning: Cooling loop sensor PixelBarrel_BpI_6M_L4D3PN temperature is None
Warning: Cooling loop sensor PixelBarrel_BpI_6R_L4D3PN temperature is None
Warning: Cooling loop sensor PixelBarrel_BpI_6R_L4D3PN temperature is None
Warning: Cooling loop sensor PixelBarrel_BpI_6R_L4D3PN temperature is None
Warning: Cooling loop sensor PixelBarrel_BpI_5I_L3D4PN temperature is None
Warning: Cooling loop sensor PixelBarrel_BpI_5I_L3D4PN temperature is None
Warning: Cooling loop sensor PixelBarrel_BpI_5I_L3D4PN temperature is None
Warning: Cooling loop sensor PixelBarrel_BpI_5M_L3D4PN temperature is None
Warning: Cooling loop sensor PixelBarrel_BpI_5M_L3D4PN temperature is None
Warning: Cooling loop sensor PixelBarrel_BpI_5M_L3D4PN temperature is None
Warning: Cooling loop sensor PixelBarrel_BpI_5R_L3D4PN temperature is None
Warning: Cooling loop sensor PixelBarrel_BpI_5R_L3D4PN temperature is None
Warning: Cooling loop sensor PixelBarrel_BpI_5R_L3D4PN temperature is None
Warning: Cooling loop sensor PixelBarrel_BpI_4I_L2D2PN temperature is None
Warning: Cooling loop sensor PixelBarrel_BpI_4I_L2D2PN temperature is None
Warning: Cooling loop sensor PixelBarrel_BpI_4I_L2D2PN temperature is None
Warning: Cooling loop sensor PixelBarrel_BpI_4M_L2D2PN temperature is None
Warning: Cooling loop sensor PixelBarrel_BpI_4M_L2D2PN temperature is None
Warning: Cooling loop sensor PixelBarrel_BpI_4M_L2D2PN temperature is None
Warning: Cooling loop sensor PixelBarrel_BpI_4R_L2D2PN temperature is None
Warning: Cooling loop sensor PixelBarrel_BpI_4R_L2D2PN temperature is None
Warning: Cooling loop sensor PixelBarrel_BpI_4R_L2D2PN temperature is None
Warning: Cooling loop sensor PixelBarrel_BpO_1I_L4D2PF temperature is None
Warning: Cooling loop sensor PixelBarrel_BpO_1I_L4D2PF temperature is None
Warning: Cooling loop sensor PixelBarrel_BpO_1I_L4D2PF temperature is None
Warning: Cooling loop sensor PixelBarrel_BpO_1M_L4D2PF temperature is None
Warning: Cooling loop sensor PixelBarrel_BpO_1M_L4D2PF temperature is None
Warning: Cooling loop sensor PixelBarrel_BpO_1M_L4D2PF temperature is None
Warning: Cooling loop sensor PixelBarrel_BpO_1R_L4D2PF temperature is None
Warning: Cooling loop sensor PixelBarrel_BpO_1R_L4D2PF temperature is None
Warning: Cooling loop sensor PixelBarrel_BpO_1R_L4D2PF temperature is None
Warning: Cooling loop sensor PixelBarrel_BpO_2I_L3D1PF temperature is None
Warning: Cooling loop sensor PixelBarrel_BpO_2I_L3D1PF temperature is None
Warning: Cooling loop sensor PixelBarrel_BpO_2I_L3D1PF temperature is None
Warning: Cooling loop sensor PixelBarrel_BpO_2M_L3D1PF temperature is None
Warning: Cooling loop sensor PixelBarrel_BpO_2M_L3D1PF temperature is None
Warning: Cooling loop sensor PixelBarrel_BpO_2M_L3D1PF temperature is None
Warning: Cooling loop sensor PixelBarrel_BpO_2R_L3D1PF temperature is None
Warning: Cooling loop sensor PixelBarrel_BpO_2R_L3D1PF temperature is None
Warning: Cooling loop sensor PixelBarrel_BpO_2R_L3D1PF temperature is None
Warning: Cooling loop sensor PixelBarrel_BpO_3I_L2D1PF temperature is None
Warning: Cooling loop sensor PixelBarrel_BpO_3I_L2D1PF temperature is None
Warning: Cooling loop sensor PixelBarrel_BpO_3I_L2D1PF temperature is None
Warning: Cooling loop sensor PixelBarrel_BpO_3M_L2D1PF temperature is None
Warning: Cooling loop sensor PixelBarrel_BpO_3M_L2D1PF temperature is None
Warning: Cooling loop sensor PixelBarrel_BmI_1I_L4D2MN temperature is None
6223	1505403821	3600		258.52		   4825697		-999.00
6224	1505407421	3600		258.48		   4825697		-999.00
6225	1505411021	3600		258.48		   4825697		-999.00
6226	1505414621	3600		258.48		   4825697		-999.00
6227	1505418221	3600		258.48		   4825697		-999.00
6228	1505421821	3600		258.48		   4825697		-999.00
6229	1505425421	3600		258.48		   4825697		-999.00
6230	1505429021	3600		258.48		   4825697		-999.00
6231	1505432621	3600		258.48		   4825697		-999.00
6232	1505436221	3600		258.48		   4825697		-999.00
6233	1505439821	3600		258.48		   4825697		-999.00
6234	1505443421	3600		258.48		   4825697		-999.00
6235	1505447021	3600		258.48		   4825697		-999.00
6236	1505450621	3600		258.48		   4825697		-999.00
6237	1505454221	3600		258.48		   4825697		-999.00
6238	1505457821	3600		258.48		   4825697		-999.00
6239	1505461421	3600		258.48		   4825697		-999.00
6240	1505465021	3600		258.48		   4825697		-999.00
6241	1505468621	3600		258.57		   4825697		-999.00
6242	1505472221	3600		258.57		   4825697		-999.00
6243	1505475821	3600		258.55		   4825697		-999.00
6244	1505479421	3600		258.55		   4825697		-999.00
6245	1505483021	3600		258.55		   4825697		-999.00
6246	1505486621	3600		258.55		   4825697		-999.00
6247	1505490221	3600		258.55		   4825697		-999.00
6248	1505493821	3600		258.55		   4825697		-999.00
6249	1505497421	3600		258.55		   4825697		-999.00
6250	1505501021	3600		258.55		   4825697		-999.00
6251	1505504621	3600		258.55		   4825697		-999.00
6252	1505508221	3600		258.55		   4825697		-999.00
6253	1505511821	3600		258.55		   4825697		-999.00
6254	1505515421	3600		258.55		   4825697		-999.00
6255	1505519021	3600		258.55		   4825697		-999.00
6256	1505522621	3600		258.55		   4825697		-999.00
6257	1505526221	3600		258.55		   4825697		-999.00
6258	1505529821	3600		258.55		   4825697		-999.00
6259	1505533421	3600		258.55		   4825697		-999.00
6260	1505537021	3600		258.55		   4825697		-999.00
6261	1505540621	3600		258.55		   4825697		-999.00
6262	1505544221	3600		258.55		   4825697		-999.00
6263	1505547821	3600		258.55		   4825697		-999.00
6264	1505551421	3600		258.55		   4825697		-999.00
6265	1505555021	3600		258.55		   4825697		-999.00
6266	1505558621	3600		258.55		   4825697		-999.00
6267	1505562221	3600		258.55		   4825697		-999.00
6268	1505565821	3600		258.55		   4825697		-999.00
6269	1505569421	3600		258.55		   4825697		-999.00
6270	1505573021	3600		258.55		   4825697		-999.00
6271	1505576621	3600		258.55		   4825697		-999.00
6272	1505580221	3600		258.55		   4825697		-999.00
6273	1505583821	3600		258.55		   4825697		-999.00
6274	1505587421	3600		258.55		   4825697		-999.00
6275	1505591021	3600		258.55		   4825697		-999.00
6276	1505594621	3600		258.55		   4825697		-999.00
6277	1505598221	3600		258.55		   4825697		-999.00
6278	1505601821	3600		258.55		   4825697		-999.00
6279	1505605421	3600		258.55		   4825697		-999.00
6280	1505609021	3600		258.55		   4825697		-999.00
6281	1505612621	3600		258.55		   4825697		-999.00
6282	1505616221	3600		258.55		   4825697		-999.00
6283	1505619821	3600		258.55		   4825697		-999.00
6284	1505623421	3600		258.55		   4825697		-999.00
6285	1505627021	3600		258.55		   4825697		-999.00
6286	1505630621	3600		258.55		   4825697		-999.00
6287	1505634221	3600		258.55		   4825697		-999.00
6288	1505637821	3600		258.55		   4825697		-999.00
6289	1505641421	3600		258.55		   4825697		-999.00
6290	1505645021	3600		258.55		   4825697		-999.00
6291	1505648621	3600		258.55		   4825697		-999.00
6292	1505652221	3600		258.55		   4825697		-999.00
6293	1505655821	3600		258.55		   4825697		-999.00
6294	1505659421	3600		258.55		   4825697		-999.00
6295	1505663021	3600		258.55		   4825697		-999.00
6296	1505666621	3600		258.55		   4825697		-999.00
6297	1505670221	3600		258.55		   4825697		-999.00
6298	1505673821	3600		258.55		   4825697		-999.00
6299	1505677421	3600		258.55		   4825697		-999.00
6300	1505681021	3600		258.55		   4825697		-999.00
6301	1505684621	3600		258.55		   4825697		-999.00
6302	1505688221	3600		258.55		   4825697		-999.00
6303	1505691821	3600		258.55		   4825697		-999.00
6304	1505695421	3600		258.55		   4825697		-999.00
6305	1505699021	3600		258.55		   4825697		-999.00
6306	1505702621	3600		258.55		   4825697		-999.00
6307	1505706221	3600		258.55		   4825697		-999.00
6308	1505709821	3600		258.55		   4825697		-999.00
6309	1505713421	3600		258.55		   4825697		-999.00
6310	1505717021	3600		259.56		   4825697		-999.00
6311	1505720621	3600		258.54		   4825697		-999.00
6312	1505724221	3600		260.79		   4825697		-999.00
6313	1505727821	3600		261.07		   4825697		-999.00
6314	1505731421	3600		262.25		   4825697		-999.00
6315	1505735021	3600		262.25		   4825697		-999.00
6316	1505738621	3600		262.25		   4825697		-999.00
6317	1505742221	3600		262.25		   4825697		-999.00
6318	1505745821	3600		262.25		   4825697		-999.00
6319	1505749421	3600		262.25		   4825697		-999.00
6320	1505753021	3600		262.25		   4825697		-999.00
6321	1505756621	3600		262.25		   4825697		-999.00
6322	1505760221	3600		262.52		   4825697		-999.00
6323	1505763821	3600		262.52		   4825697		-999.00
6324	1505767421	3600		262.52		   4825697		-999.00
6325	1505771021	3600		262.52		   4825697		-999.00
6326	1505774621	3600		262.52		   4825697		-999.00
6327	1505778221	3600		262.52		   4825697		-999.00
6328	1505781821	3600		262.52		   4825697		-999.00
6329	1505785421	3600		262.52		   4825697		-999.00
6330	1505789021	3600		262.52		   4825697		-999.00
6331	1505792621	3600		262.52		   4825697		-999.00
6332	1505796221	3600		262.52		   4825697		-999.00
6333	1505799821	3600		262.52		   4825697		-999.00
6334	1505803421	3600		262.52		   4825697		-999.00
6335	1505807021	3600		262.53		   4825697		-999.00
6336	1505810621	3600		262.53		   4825697		-999.00
6337	1505814221	3600		262.53		   4825697		-999.00
6338	1505817821	3600		262.53		   4825697		-999.00
6339	1505821421	3600		262.53		   4825697		-999.00
6340	1505825021	3600		262.53		   4825697		-999.00
6341	1505828621	3600		262.53		   4825697		-999.00
6342	1505832221	3600		262.53		   4825697		-999.00
6343	1505835821	3600		262.53		   4825697		-999.00
6344	1505839421	3600		262.53		   4825697		-999.00
6345	1505843021	3600		262.53		   4825697		-999.00
6346	1505846621	3600		262.53		   4825697		-999.00
6347	1505850221	3600		262.53		   4825697		-999.00
6348	1505853821	3600		262.53		   4825697		-999.00
6349	1505857421	3600		262.53		   4825697		-999.00
6350	1505861021	3600		262.53		   4825697		-999.00
6351	1505864621	3600		262.53		   4825697		-999.00
6352	1505868221	3600		262.53		   4825697		-999.00
6353	1505871821	3600		262.53		   4825697		-999.00
6354	1505875421	3600		262.53		   4825697		-999.00
6355	1505879021	3600		262.53		   4825697		-999.00
6356	1505882621	3600		262.53		   4825697		-999.00
6357	1505886221	3600		262.78		   4825697		-999.00
6358	1505889821	3600		262.53		   4825697		-999.00
6359	1505893421	3600		262.53		   4825697		-999.00
6360	1505897021	3600		262.27		   4825697		-999.00
6361	1505900621	3600		262.53		   4825697		-999.00
6362	1505904221	3600		262.53		   4825697		-999.00
6363	1505907821	3600		262.53		   4825697		-999.00
6364	1505911421	3600		255.89		   4825697		-999.00
6365	1505915021	3600		255.89		   4825697		-999.00
6366	1505918621	3600		255.89		   4825697		-999.00
6367	1505922221	3600		255.89		   4825697		-999.00
6368	1505925821	3600		255.89		   4825697		-999.00
6369	1505929421	3600		255.89		   4825697		-999.00
6370	1505933021	3600		258.20		   4825697		-999.00
6371	1505936621	3600		262.28		   4825697		-999.00
6372	1505940221	3600		262.81		   4825697		-999.00
6373	1505943821	3600		259.30		   4825697		-999.00
6374	1505947421	3600		259.30		   4825697		-999.00
6375	1505951021	3600		259.30		   4825697		-999.00
6376	1505954621	3600		259.30		   4825697		-999.00
6377	1505958221	3600		259.30		   4825697		-999.00
6378	1505961821	3600		259.30		   4825697		-999.00
6379	1505965421	3600		259.30		   4825697		-999.00
6380	1505969021	3600		262.30		   4825697		-999.00
6381	1505972621	3600		262.30		   4825697		-999.00
6382	1505976221	3600		262.55		   4825697		-999.00
6383	1505979821	3600		262.29		   4825697		-999.00
6384	1505983421	3600		262.29		   4825697		-999.00
6385	1505987021	3600		262.54		   4825697		-999.00
6386	1505990621	3600		259.54		   4825697		-999.00
6387	1505994221	3600		259.29		   4825697		-999.00
6388	1505997821	3600		259.29		   4825697		-999.00
6389	1506001421	3600		259.29		   4825697		-999.00
6390	1506005021	3600		259.29		   4825697		-999.00
6391	1506008621	3600		259.29		   4825697		-999.00
6392	1506012221	3600		259.29		   4825697		-999.00
6393	1506015821	3600		259.29		   4825697		-999.00
6394	1506019421	3600		259.29		   4825697		-999.00
6395	1506023021	3600		259.29		   4825697		-999.00
6396	1506026621	3600		259.29		   4825697		-999.00
6397	1506030221	3600		259.29		   4825697		-999.00
6398	1506033821	3600		259.29		   4825697		-999.00
6399	1506037421	3600		259.29		   4825697		-999.00
6400	1506041021	3600		259.29		   4825697		-999.00
6401	1506044621	3600		259.29		   4825697		-999.00
6402	1506048221	3600		259.29		   4825697		-999.00
6403	1506051821	3600		259.29		   4825697		-999.00
6404	1506055421	3600		259.29		   4825697		-999.00
6405	1506059021	3600		259.29		   4825697		-999.00
6406	1506062621	3600		259.29		   4825697		-999.00
6407	1506066221	3600		259.29		   4825697		-999.00
6408	1506069821	3600		259.29		   4825697		-999.00
6409	1506073421	3600		259.81		   4825697		-999.00
6410	1506077021	3600		262.30		   4825697		-999.00
6411	1506080621	3600		259.30		   4825697		-999.00
6412	1506084221	3600		259.30		   4825697		-999.00
6413	1506087821	3600		259.30		   4825697		-999.00
6414	1506091421	3600		259.30		   4825697		-999.00
6415	1506095021	3600		255.71		   4825697		-999.00
2017-09-13 13:23:41 2017-09-22 17:43:41 0:00:00 2017-09-22 18:02:33
6416	1505301821	-793200		255.52		   4825697		-999.00
6230	1506097353	1200		255.44		     42969		 10.00
6230	1506100953	3600		255.44		     39414		 10.00
2017-09-22 20:02:41 2017-09-22 19:22:33 0:05:00 2017-09-22 20:07:41
6230	1506103661	2708		255.44		     33732		 10.00
6231
6232
6233
6234
6235
6236
6231	1506104861	1200		255.44		     33732		-999.00
6232	1506108461	3600		255.44		     33732		-999.00
6233	1506112061	3600		255.44		     33732		-999.00
6234	1506115661	3600		255.44		     33732		-999.00
6235	1506119261	3600		255.44		     33732		-999.00
6236	1506122861	3600		255.44		     33732		-999.00
6237	1506126461	3600		255.44		     33732		-999.00
6238	1506130061	3600		255.44		     33732		-999.00
6239	1506133661	3600		255.44		     33732		-999.00
6240	1506137261	3600		255.44		     33732		-999.00
6241	1506140861	3600		255.44		     33732		-999.00
6242	1506144461	3600		255.44		     33732		-999.00
6243	1506148061	3600		255.44		     33732		-999.00
6244	1506151661	3600		255.44		     33732		-999.00
6245	1506155261	3600		255.44		     33732		-999.00
6246	1506158861	3600		259.19		     33732		-999.00
2017-09-22 20:07:41 2017-09-23 11:27:41 0:00:00 2017-09-23 12:21:00
6247	1506103661	-55200		255.44		     33732		-999.00
6236	1506163260	1200		262.51		   1806503		279.50
6236	1506166860	3600		262.51		   1878231		279.00
6236	1506170460	3600		262.51		   1757916		278.50
6236	1506174060	3600		262.50		   1641251		277.50
2017-09-23 15:42:32 2017-09-23 15:41:00 0:05:00 2017-09-23 15:47:32
6236	1506174452	392		262.50		   1612404		277.50
6237
6238
6237	1506175652	1200		259.19		   1612404		-999.00
6238	1506179252	3600		259.45		   1612404		-999.00
6239	1506182852	3600		259.45		   1612404		-999.00
2017-09-23 15:47:32 2017-09-23 18:07:32 0:00:00 2017-09-23 18:51:58
6240	1506174452	-8400		259.45		   1612404		-999.00
6238	1506186718	1200		263.18		  24147855		288.50
6238	1506190318	3600		263.00		  18174018		270.50
6238	1506193918	3600		262.47		    375749		278.00
6238	1506197518	3600		262.47		    378246		277.00
6238	1506201118	3600		262.47		    382760		277.00
6238	1506204718	3600		262.47		    374266		277.00
2017-09-24 00:33:08 2017-09-24 00:11:58 0:05:00 2017-09-24 00:38:08
6238	1506206288	1570		262.47		    382835		277.00
6239
6239	1506207488	1200		259.19		    382835		-999.00
6240	1506211088	3600		259.19		    382835		-999.00
2017-09-24 00:38:08 2017-09-24 01:58:08 0:00:00 2017-09-24 02:55:48
6241	1506206288	-4800		259.45		    382835		-999.00
6239	1506215748	1200		264.22		  50433078		295.50
6239	1506219348	3600		264.29		  52798287		291.00
6239	1506222948	3600		264.18		  49027022		297.50
6239	1506226548	3600		264.04		  44253730		295.50
6239	1506230148	3600		263.94		  41067182		294.50
6239	1506233748	3600		263.86		  38427617		294.50
2017-09-24 08:45:06 2017-09-24 08:15:48 0:05:00 2017-09-24 08:50:06
6239	1506235806	2058		263.73		  33905924		293.50
6240
6240	1506237006	1200		262.44		  33905924		-999.00
6241	1506240606	3600		259.44		  33905924		-999.00
6242	1506244206	3600		259.44		  33905924		-999.00
2017-09-24 08:50:06 2017-09-24 11:10:06 0:00:00 2017-09-24 11:11:06
6243	1506235806	-8400		259.71		  33905924		-999.00
6240	1506245466	1200		264.45		  66527222		308.50
6240	1506249066	3600		264.75		  67919440		307.50
6240	1506252666	3600		264.63		  63861244		307.50
6240	1506256266	3600		264.53		  60738353		305.50
6240	1506259866	3600		264.40		  56377751		306.00
6240	1506263466	3600		264.33		  53959998		305.00
6240	1506267066	3600		264.21		  49962844		304.00
6240	1506270666	3600		264.10		  46210507		303.00
6240	1506274266	3600		263.98		  42483795		303.00
6240	1506277866	3600		263.93		  40731968		303.00
6240	1506281466	3600		263.86		  38273854		301.00
6240	1506285066	3600		263.78		  35738512		301.00
2017-09-24 23:12:27 2017-09-24 22:31:06 0:05:00 2017-09-24 23:17:27
6240	1506287847	2781		263.69		  32806795		299.00
6241
6241	1506289047	1200		262.44		  32806795		-999.00
6242	1506292647	3600		259.44		  32806795		-999.00
6243	1506296247	3600		259.44		  32806795		-999.00
2017-09-24 23:17:27 2017-09-25 01:37:27 0:00:00 2017-09-25 01:47:19
6244	1506287847	-8400		259.71		  32806795		-999.00
6241	1506298039	1200		265.09		  79246667		321.00
6241	1506301639	3600		265.13		  80741314		319.50
6241	1506305239	3600		264.97		  75308002		318.00
6241	1506308839	3600		264.83		  70711055		317.00
6241	1506312439	3600		264.66		  64952611		317.50
6241	1506316039	3600		264.57		  62157499		315.00
6241	1506319639	3600		264.43		  57265500		314.50
6241	1506323239	3600		264.32		  53788988		312.50
6241	1506326839	3600		264.21		  50058468		312.50
6241	1506330439	3600		264.10		  46385479		311.50
6241	1506334039	3600		264.01		  43187741		310.50
6241	1506337639	3600		263.92		  40426440		309.50
6241	1506341239	3600		263.84		  37537388		308.50
2017-09-25 14:39:09 2017-09-25 14:07:19 0:05:00 2017-09-25 14:44:09
6241	1506343449	2210		263.72		  33653363		307.00
6242
6243
6242	1506344649	1200		262.45		  33653363		-999.00
6243	1506348249	3600		259.19		  33653363		-999.00
6244	1506351849	3600		259.19		  33653363		-999.00
6245	1506355449	3600		259.19		  33653363		-999.00
6246	1506359049	3600		259.19		  33653363		-999.00
2017-09-25 14:44:09 2017-09-25 19:04:09 0:00:00 2017-09-25 19:08:12
6247	1506343449	-15600		259.71		  33653363		-999.00
6243	1506360492	1200		265.06		  78065190		327.50
6243	1506364092	3600		265.19		  82481814		325.00
6243	1506367692	3600		265.04		  77225521		325.50
6243	1506371292	3600		264.90		  72686368		323.00
6243	1506374892	3600		264.75		  67753297		323.50
6243	1506378492	3600		264.64		  63853578		321.50
6243	1506382092	3600		264.51		  59749379		321.50
6243	1506385692	3600		264.38		  55415434		319.50
6243	1506389292	3600		264.29		  52283865		320.50
6243	1506392892	3600		264.21		  49769554		318.50
6243	1506396492	3600		264.08		  45454119		317.50
6243	1506400092	3600		263.98		  42092130		316.50
6243	1506403692	3600		263.91		  39707916		316.50
2017-09-26 08:00:39 2017-09-26 07:28:12 0:05:00 2017-09-26 08:05:39
6243	1506405939	2247		263.80		  36076305		315.00
6244
6245
6244	1506407139	1200		262.45		  36076305		-999.00
6245	1506410739	3600		262.45		  36076305		-999.00
6246	1506414339	3600		262.45		  36076305		-999.00
6247	1506417939	3600		259.45		  36076305		-999.00
6248	1506421539	3600		259.45		  36076305		-999.00
2017-09-26 08:05:39 2017-09-26 12:25:39 0:00:00 2017-09-26 12:46:26
6249	1506405939	-15600		259.72		  36076305		-999.00
6245	1506423986	1200		265.19		  82617944		335.50
6245	1506427586	3600		265.22		  83662896		333.50
6245	1506431186	3600		265.05		  78097108		332.00
6245	1506434786	3600		264.92		  73698355		330.00
6245	1506438386	3600		264.76		  68183798		331.00
6245	1506441986	3600		264.66		  65071061		329.00
6245	1506445586	3600		264.51		  59882216		328.00
6245	1506449186	3600		264.40		  56287892		327.50
6245	1506452786	3600		264.28		  52301707		326.00
6245	1506456386	3600		264.17		  48715477		324.50
6245	1506459986	3600		264.06		  45099370		323.00
6245	1506463586	3600		263.98		  42370282		319.50
2017-09-27 00:57:24 2017-09-27 00:06:26 0:05:00 2017-09-27 01:02:24
6245	1506466944	3358		263.91		  40055099		321.50
6246
6247
6246	1506468144	1200		259.19		  40055099		-999.00
6247	1506471744	3600		259.45		  40055099		-999.00
6248	1506475344	3600		259.19		  40055099		-999.00
6249	1506478944	3600		259.19		  40055099		-999.00
6250	1506482544	3600		259.19		  40055099		-999.00
6251	1506486144	3600		259.19		  40055099		-999.00
2017-09-27 01:02:24 2017-09-27 06:22:24 0:00:00 2017-09-27 07:03:42
6252	1506466944	-19200		259.71		  40055099		-999.00
6247	1506489822	1200		265.31		  86661244		338.00
6247	1506493422	3600		265.30		  86487370		339.00
6247	1506497022	3600		265.10		  79721664		335.00
6247	1506500622	3600		264.95		  74502714		336.50
6247	1506504222	3600		264.78		  69090719		337.00
6247	1506507822	3600		264.67		  65243236		335.00
6247	1506511422	3600		264.48		  58884604		333.00
2017-09-27 14:00:11 2017-09-27 13:23:42 0:05:00 2017-09-27 14:05:11
6247	1506513911	2489		264.35		  54779665		333.00
6248
6249
6250
