Fill	Timestamp [s]	Duration [s]	Temperature [K]	Fluence [n_eq/cm2/s]	Leakage_current [mA/cm2]
5698	1495543942	1200		264.09		    102093		  4.50
5698	1495547542	3600		264.09		    104231		  4.50
5698	1495551142	3600		264.09		     94423		  4.50
5698	1495554742	3600		264.09		     85137		  4.50
5698	1495558342	3600		264.09		     72616		  4.50
5698	1495561942	3600		264.09		     45765		  4.50
5698	1495565542	3600		264.09		     42806		  4.50
5698	1495569142	3600		261.09		     41674		  4.50
5698	1495572742	3600		261.09		     41013		  4.50
5698	1495573934	1192		257.92		     34830		  0.00
5699	1495575134	1200		257.41		     34830		-999.00
5700	1495578734	3600		260.68		     34830		-999.00
5701	1495573934	-4800		257.92		     34830		-999.00
5699	1495581879	1200		264.20		     61559		  5.50
5699	1495585479	3600		264.20		     65371		  5.50
5699	1495589079	3600		264.20		     60969		  5.50
5699	1495592679	3600		264.20		     57658		  5.50
5699	1495595130	2451		264.20		     54496		  5.50
5700	1495596330	1200		264.20		     54496		-999.00
5701	1495599930	3600		260.49		     54496		-999.00
5702	1495603530	3600		260.23		     54496		-999.00
5703	1495607130	3600		260.23		     54496		-999.00
5704	1495610730	3600		260.23		     54496		-999.00
5705	1495614330	3600		262.73		     54496		-999.00
5706	1495617930	3600		264.05		     54496		-999.00
5707	1495621530	3600		263.79		     54496		-999.00
5708	1495625130	3600		263.54		     54496		-999.00
5709	1495628730	3600		263.79		     54496		-999.00
5710	1495632330	3600		263.79		     54496		-999.00
5711	1495635930	3600		264.05		     54496		-999.00
5712	1495639530	3600		264.05		     54496		-999.00
5713	1495643130	3600		264.05		     54496		-999.00
5714	1495646730	3600		264.05		     54496		-999.00
5715	1495650330	3600		264.05		     54496		-999.00
5716	1495653930	3600		264.05		     54496		-999.00
5717	1495657530	3600		264.05		     54496		-999.00
5718	1495661130	3600		264.05		     54496		-999.00
5719	1495664730	3600		264.05		     54496		-999.00
5720	1495595130	-69600		264.20		     54496		-999.00
5704	1495668562	1200		264.06		    252226		  5.00
5704	1495672162	3600		264.06		    264957		  5.00
5704	1495675762	3600		264.06		    247112		  5.00
5704	1495679362	3600		264.06		    231572		  5.00
5704	1495682962	3600		264.06		    220093		  5.00
5704	1495686562	3600		264.06		    207819		  5.00
5704	1495690162	3600		264.06		    196863		  5.00
5704	1495693762	3600		261.05		    188165		  5.00
5704	1495693931	169		261.05		    171850		  5.00
5705	1495695131	1200		260.67		    171850		-999.00
5706	1495698731	3600		260.40		    171850		-999.00
5707	1495702331	3600		260.40		    171850		-999.00
5708	1495705931	3600		260.40		    171850		-999.00
5709	1495709531	3600		260.40		    171850		-999.00
5710	1495713131	3600		260.40		    171850		-999.00
5711	1495716731	3600		260.40		    171850		-999.00
5712	1495720331	3600		260.40		    171850		-999.00
5713	1495723931	3600		260.40		    171850		-999.00
5714	1495727531	3600		260.40		    171850		-999.00
5715	1495731131	3600		260.40		    171850		-999.00
5716	1495734731	3600		260.40		    171850		-999.00
5717	1495738331	3600		260.40		    171850		-999.00
5718	1495741931	3600		260.40		    171850		-999.00
5719	1495745531	3600		260.72		    171850		-999.00
5720	1495749131	3600		260.72		    171850		-999.00
5721	1495752731	3600		260.72		    171850		-999.00
5722	1495693931	-58800		261.05		    171850		-999.00
5710	1495754614	1200		263.99		    191968		  5.00
5710	1495758214	3600		263.99		    198762		  5.00
5710	1495761814	3600		263.99		    188712		  5.00
5710	1495765414	3600		263.99		    179258		  5.00
5710	1495769014	3600		263.99		    168472		  5.00
5710	1495772614	3600		263.98		    161551		  5.00
5710	1495775424	2810		260.81		    155178		  0.00
5711	1495776624	1200		260.29		    155178		-999.00
5712	1495780224	3600		260.29		    155178		-999.00
5713	1495783824	3600		260.29		    155178		-999.00
5714	1495787424	3600		260.29		    155178		-999.00
5715	1495791024	3600		260.29		    155178		-999.00
5716	1495794624	3600		260.29		    155178		-999.00
5717	1495798224	3600		260.29		    155178		-999.00
5718	1495801824	3600		260.29		    155178		-999.00
5719	1495805424	3600		260.29		    155178		-999.00
5720	1495809024	3600		260.29		    155178		-999.00
5721	1495812624	3600		260.29		    155178		-999.00
5722	1495816224	3600		260.29		    155178		-999.00
5723	1495819824	3600		260.29		    155178		-999.00
5724	1495823424	3600		260.29		    155178		-999.00
5725	1495827024	3600		263.94		    155178		-999.00
5726	1495830624	3600		264.20		    155178		-999.00
5727	1495834224	3600		264.20		    155178		-999.00
5728	1495837824	3600		264.20		    155178		-999.00
5729	1495841424	3600		264.20		    155178		-999.00
5730	1495845024	3600		260.69		    155178		-999.00
5731	1495848624	3600		260.94		    155178		-999.00
5732	1495852224	3600		261.20		    155178		-999.00
5733	1495775424	-76800		257.55		    155178		-999.00
5717	1495854712	1200		264.26		   1904603		  5.00
5717	1495858312	3600		264.25		   1803846		  5.00
5717	1495861912	3600		264.25		   1808989		  5.00
5717	1495865512	3600		264.25		   1786830		  5.00
5717	1495869112	3600		264.25		   1726962		  5.00
5717	1495872712	3600		264.25		   1676132		  5.00
5717	1495876312	3600		264.25		   1606301		  5.00
5717	1495879912	3600		264.25		   1559698		  5.00
5717	1495883512	3600		264.25		   1534707		  5.00
5717	1495887112	3600		261.20		   1479120		  5.00
5717	1495887832	720		261.20		   1438685		  5.00
5718	1495889032	1200		264.20		   1438685		-999.00
5719	1495892632	3600		264.20		   1438685		-999.00
5720	1495896232	3600		263.69		   1438685		-999.00
5721	1495899832	3600		263.69		   1438685		-999.00
5722	1495887832	-12000		264.20		   1438685		-999.00
5718	1495901776	1200		264.25		   1744135		  5.00
5718	1495905376	3600		264.25		   1662864		  5.00
5718	1495908976	3600		264.24		   1361533		  5.00
5718	1495912576	3600		264.25		   1615591		  5.00
5718	1495916176	3600		264.25		   1565751		  5.00
5718	1495919776	3600		264.25		   1517724		  5.00
5718	1495923376	3600		264.24		   1481053		  5.00
5718	1495926976	3600		264.24		   1427980		  5.00
5718	1495930417	3441		264.24		   1337675		  5.00
5719	1495931617	1200		261.20		   1337675		-999.00
5720	1495935217	3600		261.20		   1337675		-999.00
5721	1495938817	3600		264.20		   1337675		-999.00
5722	1495942417	3600		260.69		   1337675		-999.00
5723	1495946017	3600		261.20		   1337675		-999.00
5724	1495930417	-15600		261.20		   1337675		-999.00
5719	1495948490	1200		264.24		   1420046		  5.00
5719	1495952090	3600		264.25		   1721493		  5.00
5719	1495955690	3600		264.25		   1666396		  5.00
5719	1495959290	3600		264.25		   1622629		  5.00
5719	1495962646	3356		264.25		   1560682		  5.00
5720	1495963846	1200		260.69		   1560682		-999.00
5721	1495967446	3600		260.69		   1560682		-999.00
5722	1495971046	3600		260.94		   1560682		-999.00
5723	1495974646	3600		260.69		   1560682		-999.00
5724	1495978246	3600		264.20		   1560682		-999.00
5725	1495981846	3600		264.20		   1560682		-999.00
5726	1495985446	3600		264.20		   1560682		-999.00
5727	1495989046	3600		264.20		   1560682		-999.00
5728	1495992646	3600		264.20		   1560682		-999.00
5729	1495962646	-30000		264.20		   1560682		-999.00
5722	1495997092	1200		264.48		   9213270		  5.00
5722	1496000692	3600		264.50		   9850569		  5.00
5722	1496004292	3600		264.49		   9531488		  5.00
5722	1496007892	3600		264.48		   9391262		  5.00
5722	1496011492	3600		264.47		   9081982		  5.00
5722	1496015092	3600		264.46		   8729186		  5.00
5722	1496018692	3600		264.45		   8480996		  5.00
5722	1496022292	3600		264.45		   8189358		  5.00
5722	1496025892	3600		264.44		   8012790		  5.00
5722	1496029492	3600		264.43		   7742484		  5.00
5722	1496033092	3600		264.43		   7576105		  5.00
5722	1496035085	1993		264.42		   7431547		  5.00
5723	1496036285	1200		260.61		   7431547		-999.00
5724	1496039885	3600		260.35		   7431547		-999.00
5725	1496043485	3600		260.35		   7431547		-999.00
5726	1496047085	3600		260.35		   7431547		-999.00
5727	1496050685	3600		260.35		   7431547		-999.00
5728	1496054285	3600		260.35		   7431547		-999.00
5729	1496057885	3600		260.63		   7431547		-999.00
5730	1496061485	3600		260.88		   7431547		-999.00
5731	1496065085	3600		261.15		   7431547		-999.00
5732	1496068685	3600		264.15		   7431547		-999.00
5733	1496072285	3600		264.15		   7431547		-999.00
5734	1496075885	3600		260.40		   7431547		-999.00
5735	1496079485	3600		260.40		   7431547		-999.00
5736	1496083085	3600		260.40		   7431547		-999.00
5737	1496086685	3600		260.40		   7431547		-999.00
5738	1496090285	3600		260.40		   7431547		-999.00
5739	1496093885	3600		260.40		   7431547		-999.00
5740	1496097485	3600		260.40		   7431547		-999.00
5741	1496101085	3600		260.40		   7431547		-999.00
5742	1496104685	3600		260.40		   7431547		-999.00
5743	1496108285	3600		260.40		   7431547		-999.00
5744	1496111885	3600		260.40		   7431547		-999.00
5745	1496115485	3600		260.40		   7431547		-999.00
5746	1496119085	3600		259.57		   7431547		-999.00
5747	1496122685	3600		257.67		   7431547		-999.00
5748	1496126285	3600		261.00		   7431547		-999.00
5749	1496035085	-91200		261.20		   7431547		-999.00
5730	1496127791	1200		264.30		   9918966		  7.50
5730	1496131391	3600		264.32		  10508490		  8.00
5730	1496134991	3600		264.30		   9840589		  8.00
5730	1496138591	3600		264.28		   9291371		  7.50
5730	1496142191	3600		264.27		   8836068		  7.50
5730	1496145791	3600		264.25		   8315745		  8.00
5730	1496149391	3600		264.24		   7896044		  7.50
5730	1496152991	3600		264.18		   5971048		  7.50
5730	1496156591	3600		264.22		   7179811		  8.00
5730	1496160191	3600		261.00		   4633353		  5.00
5730	1496163791	3600		264.21		   6677583		  7.50
5730	1496167391	3600		264.20		   6368678		  8.00
5730	1496170991	3600		264.19		   6055218		  7.50
5730	1496174591	3600		264.18		   5929434		  8.00
5730	1496178191	3600		264.17		   5619945		  8.00
5730	1496181791	3600		264.17		   5439650		  8.00
5730	1496183059	1268		264.17		   5397695		  8.00
5731	1496184259	1200		264.00		   5397695		-999.00
5732	1496187859	3600		264.00		   5397695		-999.00
5733	1496191459	3600		264.00		   5397695		-999.00
5734	1496195059	3600		264.00		   5397695		-999.00
5735	1496198659	3600		264.00		   5397695		-999.00
5736	1496202259	3600		264.00		   5397695		-999.00
5737	1496205859	3600		264.00		   5397695		-999.00
5738	1496209459	3600		264.00		   5397695		-999.00
5739	1496213059	3600		264.00		   5397695		-999.00
5740	1496216659	3600		264.00		   5397695		-999.00
5741	1496220259	3600		264.00		   5397695		-999.00
5742	1496223859	3600		264.00		   5397695		-999.00
5743	1496227459	3600		264.07		   5397695		-999.00
5744	1496231059	3600		264.07		   5397695		-999.00
5745	1496234659	3600		264.07		   5397695		-999.00
5746	1496238259	3600		264.07		   5397695		-999.00
5747	1496241859	3600		264.06		   5397695		-999.00
5748	1496245459	3600		264.06		   5397695		-999.00
5749	1496249059	3600		264.06		   5397695		-999.00
5750	1496252659	3600		264.06		   5397695		-999.00
5751	1496256259	3600		264.06		   5397695		-999.00
5752	1496259859	3600		264.06		   5397695		-999.00
5753	1496263459	3600		264.06		   5397695		-999.00
5754	1496267059	3600		264.00		   5397695		-999.00
5755	1496270659	3600		264.00		   5397695		-999.00
5756	1496274259	3600		264.00		   5397695		-999.00
5757	1496277859	3600		264.00		   5397695		-999.00
5758	1496281459	3600		264.00		   5397695		-999.00
5759	1496285059	3600		264.00		   5397695		-999.00
5760	1496288659	3600		264.00		   5397695		-999.00
5761	1496292259	3600		264.00		   5397695		-999.00
5762	1496295859	3600		264.00		   5397695		-999.00
5763	1496299459	3600		264.00		   5397695		-999.00
5764	1496303059	3600		264.00		   5397695		-999.00
5765	1496306659	3600		264.00		   5397695		-999.00
5766	1496310259	3600		264.00		   5397695		-999.00
5767	1496313859	3600		264.00		   5397695		-999.00
5768	1496317459	3600		264.00		   5397695		-999.00
5769	1496321059	3600		264.00		   5397695		-999.00
5770	1496324659	3600		261.00		   5397695		-999.00
5771	1496328259	3600		260.62		   5397695		-999.00
5772	1496331859	3600		260.37		   5397695		-999.00
5773	1496335459	3600		260.37		   5397695		-999.00
5774	1496339059	3600		260.37		   5397695		-999.00
5775	1496342659	3600		260.37		   5397695		-999.00
5776	1496346259	3600		260.37		   5397695		-999.00
5777	1496349859	3600		260.37		   5397695		-999.00
5778	1496353459	3600		260.37		   5397695		-999.00
5779	1496357059	3600		260.37		   5397695		-999.00
5780	1496360659	3600		260.37		   5397695		-999.00
5781	1496364259	3600		260.37		   5397695		-999.00
5782	1496367859	3600		260.37		   5397695		-999.00
5783	1496371459	3600		260.37		   5397695		-999.00
5784	1496375059	3600		260.37		   5397695		-999.00
5785	1496378659	3600		263.45		   5397695		-999.00
5786	1496382259	3600		263.96		   5397695		-999.00
5787	1496385859	3600		259.13		   5397695		-999.00
5788	1496389459	3600		264.08		   5397695		-999.00
5789	1496393059	3600		264.08		   5397695		-999.00
5790	1496396659	3600		264.08		   5397695		-999.00
5791	1496400259	3600		264.08		   5397695		-999.00
5792	1496403859	3600		264.08		   5397695		-999.00
5793	1496407459	3600		264.08		   5397695		-999.00
5794	1496411059	3600		257.79		   5397695		-999.00
5795	1496414659	3600		260.52		   5397695		-999.00
5796	1496418259	3600		260.52		   5397695		-999.00
5797	1496421859	3600		260.52		   5397695		-999.00
5798	1496425459	3600		260.52		   5397695		-999.00
5799	1496429059	3600		260.52		   5397695		-999.00
5800	1496432659	3600		260.52		   5397695		-999.00
5801	1496436259	3600		260.52		   5397695		-999.00
5802	1496439859	3600		260.52		   5397695		-999.00
5803	1496443459	3600		260.52		   5397695		-999.00
5804	1496447059	3600		260.52		   5397695		-999.00
5805	1496450659	3600		260.52		   5397695		-999.00
5806	1496454259	3600		260.93		   5397695		-999.00
5807	1496457859	3600		260.93		   5397695		-999.00
5808	1496183059	-274800		261.00		   5397695		-999.00
5737	1496460061	1200		264.24		  10372021		  8.50
5737	1496463661	3600		264.10		   5560094		  8.50
5737	1496467261	3600		263.94		    188558		  8.50
5737	1496470861	3600		263.94		    188006		  8.50
5737	1496474461	3600		263.94		    184846		  8.50
5737	1496478061	3600		263.94		    185966		  8.50
5737	1496481661	3600		260.76		    195593		  1.00
5737	1496485261	3600		260.25		    223736		  1.00
5737	1496487110	1849		260.25		    243506		  1.00
5738	1496488310	1200		260.25		    243506		-999.00
5739	1496491910	3600		260.25		    243506		-999.00
5740	1496495510	3600		260.25		    243506		-999.00
5741	1496499110	3600		260.25		    243506		-999.00
5742	1496502710	3600		260.25		    243506		-999.00
5743	1496506310	3600		260.25		    243506		-999.00
5744	1496509910	3600		260.25		    243506		-999.00
5745	1496513510	3600		260.25		    243506		-999.00
5746	1496517110	3600		260.25		    243506		-999.00
5747	1496520710	3600		260.25		    243506		-999.00
5748	1496524310	3600		260.25		    243506		-999.00
5749	1496527910	3600		260.25		    243506		-999.00
5750	1496531510	3600		260.07		    243506		-999.00
5751	1496535110	3600		261.11		    243506		-999.00
5752	1496538710	3600		261.11		    243506		-999.00
5753	1496542310	3600		260.86		    243506		-999.00
5754	1496545910	3600		261.11		    243506		-999.00
5755	1496549510	3600		260.86		    243506		-999.00
5756	1496553110	3600		260.86		    243506		-999.00
5757	1496556710	3600		260.86		    243506		-999.00
5758	1496560310	3600		260.86		    243506		-999.00
5759	1496563910	3600		260.86		    243506		-999.00
5760	1496567510	3600		260.86		    243506		-999.00
5761	1496571110	3600		260.86		    243506		-999.00
5762	1496574710	3600		260.86		    243506		-999.00
5763	1496578310	3600		260.86		    243506		-999.00
5764	1496581910	3600		261.11		    243506		-999.00
5765	1496585510	3600		260.86		    243506		-999.00
5766	1496589110	3600		260.86		    243506		-999.00
5767	1496592710	3600		260.86		    243506		-999.00
5768	1496596310	3600		261.11		    243506		-999.00
5769	1496599910	3600		261.11		    243506		-999.00
5770	1496603510	3600		260.86		    243506		-999.00
5771	1496607110	3600		260.86		    243506		-999.00
5772	1496610710	3600		261.11		    243506		-999.00
5773	1496487110	-123600		257.25		    243506		-999.00
5746	1496614138	1200		264.65		  17871843		 10.00
5746	1496617738	3600		264.61		  16347306		 10.00
5746	1496621338	3600		264.54		  14039274		 10.00
5746	1496624938	3600		264.62		  16732827		 10.00
5746	1496628538	3600		264.58		  15605046		 10.00
5746	1496632138	3600		264.56		  14871648		 10.00
5746	1496635738	3600		264.54		  14300179		 10.00
5746	1496639338	3600		264.52		  13375745		 10.00
5746	1496642938	3600		264.50		  12736685		 10.00
5746	1496646538	3600		264.48		  12257505		 10.00
5746	1496650138	3600		264.45		  11117598		 10.00
5746	1496651353	1215		264.46		  11361962		 10.00
5747	1496652553	1200		261.11		  11361962		-999.00
5748	1496656153	3600		261.11		  11361962		-999.00
5749	1496659753	3600		261.11		  11361962		-999.00
5750	1496663353	3600		261.11		  11361962		-999.00
5751	1496666953	3600		261.11		  11361962		-999.00
5752	1496670553	3600		261.11		  11361962		-999.00
5753	1496674153	3600		261.11		  11361962		-999.00
5754	1496677753	3600		261.11		  11361962		-999.00
5755	1496681353	3600		261.11		  11361962		-999.00
5756	1496684953	3600		261.11		  11361962		-999.00
5757	1496688553	3600		261.11		  11361962		-999.00
5758	1496651353	-37200		261.11		  11361962		-999.00
5759	1496692113	1200		264.11		  11361962		-999.00
5760	1496695713	3600		261.11		  11361962		-999.00
5761	1496699313	3600		261.11		  11361962		-999.00
5762	1496702913	3600		261.11		  11361962		-999.00
5763	1496690913	-12000		261.11		  11361962		-999.00
5750	1496704583	1200		264.59		  15963619		 11.00
5750	1496708183	3600		264.63		  17150997		 11.00
5750	1496711783	3600		264.60		  16085641		 11.00
5750	1496715383	3600		264.57		  15305731		 11.00
5750	1496718983	3600		264.56		  14669845		 11.00
5750	1496722583	3600		264.53		  13889728		 11.00
5750	1496724041	1458		264.52		  13627246		 11.00
5751	1496725241	1200		264.11		  13627246		-999.00
5752	1496728841	3600		264.11		  13627246		-999.00
5753	1496732441	3600		264.11		  13627246		-999.00
5754	1496736041	3600		264.11		  13627246		-999.00
5755	1496739641	3600		261.11		  13627246		-999.00
5756	1496743241	3600		260.52		  13627246		-999.00
5757	1496746841	3600		260.52		  13627246		-999.00
5758	1496750441	3600		260.52		  13627246		-999.00
5759	1496754041	3600		260.52		  13627246		-999.00
5760	1496757641	3600		260.52		  13627246		-999.00
5761	1496761241	3600		260.52		  13627246		-999.00
5762	1496764841	3600		260.52		  13627246		-999.00
5763	1496768441	3600		260.52		  13627246		-999.00
5764	1496772041	3600		260.52		  13627246		-999.00
5765	1496775641	3600		260.52		  13627246		-999.00
5766	1496779241	3600		260.52		  13627246		-999.00
5767	1496782841	3600		260.52		  13627246		-999.00
5768	1496786441	3600		260.52		  13627246		-999.00
5769	1496790041	3600		260.27		  13627246		-999.00
5770	1496793641	3600		260.27		  13627246		-999.00
5771	1496797241	3600		260.27		  13627246		-999.00
5772	1496800841	3600		260.27		  13627246		-999.00
5773	1496804441	3600		260.52		  13627246		-999.00
5774	1496808041	3600		260.52		  13627246		-999.00
5775	1496811641	3600		260.52		  13627246		-999.00
5776	1496815241	3600		260.52		  13627246		-999.00
5777	1496818841	3600		260.52		  13627246		-999.00
5778	1496822441	3600		260.52		  13627246		-999.00
5779	1496826041	3600		260.52		  13627246		-999.00
5780	1496829641	3600		260.52		  13627246		-999.00
5781	1496833241	3600		260.52		  13627246		-999.00
5782	1496836841	3600		260.52		  13627246		-999.00
5783	1496840441	3600		260.52		  13627246		-999.00
5784	1496844041	3600		260.52		  13627246		-999.00
5785	1496847641	3600		260.52		  13627246		-999.00
5786	1496851241	3600		260.52		  13627246		-999.00
5787	1496854841	3600		260.52		  13627246		-999.00
5788	1496858441	3600		260.52		  13627246		-999.00
5789	1496862041	3600		260.52		  13627246		-999.00
5790	1496865641	3600		260.52		  13627246		-999.00
5791	1496869241	3600		260.52		  13627246		-999.00
5792	1496872841	3600		260.52		  13627246		-999.00
5793	1496876441	3600		260.52		  13627246		-999.00
5794	1496880041	3600		260.52		  13627246		-999.00
5795	1496883641	3600		260.52		  13627246		-999.00
5796	1496887241	3600		260.52		  13627246		-999.00
5797	1496890841	3600		260.52		  13627246		-999.00
5798	1496894441	3600		260.52		  13627246		-999.00
5799	1496898041	3600		260.52		  13627246		-999.00
5800	1496901641	3600		260.52		  13627246		-999.00
5801	1496905241	3600		260.52		  13627246		-999.00
5802	1496908841	3600		260.52		  13627246		-999.00
5803	1496912441	3600		260.52		  13627246		-999.00
5804	1496916041	3600		260.27		  13627246		-999.00
5805	1496919641	3600		260.27		  13627246		-999.00
5806	1496923241	3600		260.27		  13627246		-999.00
5807	1496926841	3600		260.27		  13627246		-999.00
5808	1496930441	3600		260.27		  13627246		-999.00
5809	1496934041	3600		260.52		  13627246		-999.00
5810	1496937641	3600		260.52		  13627246		-999.00
5811	1496941241	3600		260.52		  13627246		-999.00
5812	1496944841	3600		260.52		  13627246		-999.00
5813	1496948441	3600		260.52		  13627246		-999.00
5814	1496952041	3600		260.52		  13627246		-999.00
5815	1496955641	3600		260.52		  13627246		-999.00
5816	1496959241	3600		260.52		  13627246		-999.00
5817	1496962841	3600		260.52		  13627246		-999.00
5818	1496966441	3600		260.52		  13627246		-999.00
5819	1496970041	3600		260.52		  13627246		-999.00
5820	1496973641	3600		260.52		  13627246		-999.00
5821	1496977241	3600		260.52		  13627246		-999.00
5822	1496980841	3600		260.52		  13627246		-999.00
5823	1496984441	3600		260.52		  13627246		-999.00
5824	1496988041	3600		260.52		  13627246		-999.00
5825	1496991641	3600		260.11		  13627246		-999.00
5826	1496995241	3600		263.88		  13627246		-999.00
5827	1496998841	3600		263.88		  13627246		-999.00
5828	1497002441	3600		263.88		  13627246		-999.00
5829	1497006041	3600		263.88		  13627246		-999.00
5830	1497009641	3600		263.88		  13627246		-999.00
5831	1497013241	3600		263.88		  13627246		-999.00
5832	1497016841	3600		257.46		  13627246		-999.00
5833	1497020441	3600		260.46		  13627246		-999.00
5834	1497024041	3600		260.46		  13627246		-999.00
5835	1497027641	3600		260.46		  13627246		-999.00
5836	1497031241	3600		260.46		  13627246		-999.00
5837	1497034841	3600		260.46		  13627246		-999.00
5838	1497038441	3600		260.46		  13627246		-999.00
5839	1497042041	3600		260.46		  13627246		-999.00
5840	1497045641	3600		260.46		  13627246		-999.00
5841	1497049241	3600		260.46		  13627246		-999.00
5842	1497052841	3600		260.46		  13627246		-999.00
5843	1497056441	3600		260.46		  13627246		-999.00
5844	1497060041	3600		260.46		  13627246		-999.00
5845	1497063641	3600		260.46		  13627246		-999.00
5846	1497067241	3600		260.46		  13627246		-999.00
5847	1497070841	3600		260.46		  13627246		-999.00
5848	1497074441	3600		260.46		  13627246		-999.00
5849	1497078041	3600		260.46		  13627246		-999.00
5850	1497081641	3600		260.46		  13627246		-999.00
5851	1497085241	3600		260.46		  13627246		-999.00
5852	1497088841	3600		260.46		  13627246		-999.00
5853	1497092441	3600		260.46		  13627246		-999.00
5854	1497096041	3600		260.46		  13627246		-999.00
5855	1497099641	3600		260.46		  13627246		-999.00
5856	1497103241	3600		260.46		  13627246		-999.00
5857	1497106841	3600		260.46		  13627246		-999.00
5858	1497110441	3600		260.46		  13627246		-999.00
5859	1497114041	3600		260.46		  13627246		-999.00
5860	1497117641	3600		260.46		  13627246		-999.00
5861	1497121241	3600		260.46		  13627246		-999.00
5862	1497124841	3600		260.46		  13627246		-999.00
5863	1497128441	3600		260.46		  13627246		-999.00
5864	1497132041	3600		260.46		  13627246		-999.00
5865	1497135641	3600		260.46		  13627246		-999.00
5866	1497139241	3600		260.46		  13627246		-999.00
5867	1497142841	3600		260.46		  13627246		-999.00
5868	1497146441	3600		260.46		  13627246		-999.00
5869	1497150041	3600		260.46		  13627246		-999.00
5870	1497153641	3600		260.46		  13627246		-999.00
5871	1497157241	3600		260.46		  13627246		-999.00
5872	1497160841	3600		260.46		  13627246		-999.00
5873	1497164441	3600		260.46		  13627246		-999.00
5874	1497168041	3600		260.21		  13627246		-999.00
5875	1497171641	3600		260.21		  13627246		-999.00
5876	1497175241	3600		260.21		  13627246		-999.00
5877	1497178841	3600		260.21		  13627246		-999.00
5878	1497182441	3600		260.21		  13627246		-999.00
5879	1497186041	3600		260.21		  13627246		-999.00
5880	1497189641	3600		260.21		  13627246		-999.00
5881	1497193241	3600		260.21		  13627246		-999.00
5882	1497196841	3600		260.21		  13627246		-999.00
5883	1497200441	3600		260.21		  13627246		-999.00
5884	1497204041	3600		260.21		  13627246		-999.00
5885	1497207641	3600		260.21		  13627246		-999.00
5886	1497211241	3600		260.46		  13627246		-999.00
5887	1497214841	3600		260.46		  13627246		-999.00
5888	1497218441	3600		260.46		  13627246		-999.00
5889	1497222041	3600		260.46		  13627246		-999.00
5890	1497225641	3600		260.46		  13627246		-999.00
5891	1497229241	3600		260.46		  13627246		-999.00
5892	1497232841	3600		260.46		  13627246		-999.00
5893	1497236441	3600		260.46		  13627246		-999.00
5894	1497240041	3600		260.46		  13627246		-999.00
5895	1497243641	3600		260.46		  13627246		-999.00
5896	1497247241	3600		260.59		  13627246		-999.00
5897	1497250841	3600		260.85		  13627246		-999.00
5898	1496724041	-526800		261.11		  13627246		-999.00
5822	1497254345	1200		263.85		    140680		  9.00
5822	1497257945	3600		261.11		    147256		  5.00
5822	1497261545	3600		261.11		    146084		  5.00
5822	1497261701	156		261.11		    188420		  5.00
5823	1497262901	1200		260.60		    188420		-999.00
5824	1497266501	3600		260.86		    188420		-999.00
5825	1497270101	3600		260.86		    188420		-999.00
5826	1497273701	3600		260.86		    188420		-999.00
5827	1497277301	3600		260.86		    188420		-999.00
5828	1497261701	-15600		261.11		    188420		-999.00
5824	1497281954	1200		264.89		  25872813		 13.00
5824	1497285554	3600		264.84		  24103278		 13.00
5824	1497289154	3600		261.11		  23360057		  5.50
5824	1497292754	3600		261.11		  21955010		  5.50
5824	1497293422	668		261.11		  14894560		  5.50
5825	1497294622	1200		260.86		  14894560		-999.00
5826	1497298222	3600		261.11		  14894560		-999.00
5827	1497301822	3600		261.11		  14894560		-999.00
5828	1497293422	-8400		261.11		  14894560		-999.00
5825	1497304989	1200		265.30		  39423560		 12.00
5825	1497305984	995		265.38		  42323921		 15.00
5826	1497307184	1200		264.11		  42323921		-999.00
5827	1497310784	3600		260.86		  42323921		-999.00
5828	1497314384	3600		261.11		  42323921		-999.00
5829	1497317984	3600		261.11		  42323921		-999.00
5830	1497321584	3600		261.11		  42323921		-999.00
5831	1497325184	3600		261.11		  42323921		-999.00
5832	1497328784	3600		264.11		  42323921		-999.00
5833	1497332384	3600		263.86		  42323921		-999.00
5834	1497335984	3600		263.86		  42323921		-999.00
5835	1497339584	3600		263.86		  42323921		-999.00
5836	1497343184	3600		263.86		  42323921		-999.00
5837	1497346784	3600		263.86		  42323921		-999.00
5838	1497350384	3600		263.86		  42323921		-999.00
5839	1497353984	3600		264.11		  42323921		-999.00
5840	1497357584	3600		264.11		  42323921		-999.00
5841	1497361184	3600		264.11		  42323921		-999.00
5842	1497364784	3600		264.11		  42323921		-999.00
5843	1497368384	3600		264.11		  42323921		-999.00
5844	1497371984	3600		263.86		  42323921		-999.00
5845	1497375584	3600		263.86		  42323921		-999.00
5846	1497379184	3600		263.86		  42323921		-999.00
5847	1497382784	3600		263.86		  42323921		-999.00
5848	1497386384	3600		263.86		  42323921		-999.00
5849	1497389984	3600		263.86		  42323921		-999.00
5850	1497393584	3600		260.86		  42323921		-999.00
5851	1497397184	3600		261.11		  42323921		-999.00
5852	1497400784	3600		261.11		  42323921		-999.00
5853	1497404384	3600		261.11		  42323921		-999.00
5854	1497407984	3600		260.86		  42323921		-999.00
5855	1497411584	3600		260.86		  42323921		-999.00
5856	1497305984	-105600		261.11		  42323921		-999.00
5830	1497415818	1200		265.21		  36639484		 16.00
5830	1497419418	3600		265.24		  37598612		 16.00
5830	1497423018	3600		265.14		  34002590		 16.00
5830	1497426618	3600		265.03		  30348076		 16.00
5830	1497430218	3600		265.05		  31231728		 16.00
5830	1497433818	3600		264.93		  27021756		 16.00
5830	1497437418	3600		264.96		  28045244		 16.00
5830	1497441018	3600		264.85		  24510146		 14.50
5830	1497443221	2203		264.90		  26200415		 14.50
5831	1497444421	1200		264.11		  26200415		-999.00
5832	1497448021	3600		263.86		  26200415		-999.00
5833	1497451621	3600		263.86		  26200415		-999.00
5834	1497455221	3600		260.86		  26200415		-999.00
5835	1497458821	3600		261.11		  26200415		-999.00
5836	1497462421	3600		260.86		  26200415		-999.00
5837	1497443221	-19200		261.11		  26200415		-999.00
5833	1497464685	1200		265.13		  33719167		 17.50
5833	1497468285	3600		265.19		  35881292		 17.50
5833	1497471885	3600		265.12		  33529023		 17.50
5833	1497475485	3600		265.05		  31296050		 17.50
5833	1497477032	1547		265.02		  30251012		 17.50
5834	1497478232	1200		264.11		  30251012		-999.00
5835	1497481832	3600		264.11		  30251012		-999.00
5836	1497485432	3600		264.11		  30251012		-999.00
5837	1497489032	3600		260.86		  30251012		-999.00
5838	1497492632	3600		260.86		  30251012		-999.00
5839	1497477032	-15600		261.11		  30251012		-999.00
5834	1497494478	1200		265.12		  33335124		 19.00
5834	1497498078	3600		265.18		  35579030		 19.00
5834	1497501678	3600		265.10		  32744003		 19.00
5834	1497505278	3600		265.03		  30598592		 19.00
5834	1497508878	3600		264.98		  28788450		 19.00
5834	1497512478	3600		264.92		  26912911		 19.00
5834	1497516078	3600		264.87		  25326064		 19.00
5834	1497519678	3600		261.11		  23230318		  6.00
5834	1497522631	2953		261.11		  21609203		  6.00
5835	1497523831	1200		261.11		  21609203		-999.00
5836	1497527431	3600		261.11		  21609203		-999.00
5837	1497531031	3600		261.11		  21609203		-999.00
5838	1497534631	3600		261.11		  21609203		-999.00
5839	1497538231	3600		261.11		  21609203		-999.00
5840	1497541831	3600		261.11		  21609203		-999.00
5841	1497545431	3600		260.86		  21609203		-999.00
5842	1497549031	3600		260.86		  21609203		-999.00
5843	1497552631	3600		260.86		  21609203		-999.00
5844	1497556231	3600		260.86		  21609203		-999.00
5845	1497559831	3600		261.11		  21609203		-999.00
5846	1497522631	-37200		261.11		  21609203		-999.00
5837	1497561154	1200		265.35		  41327187		 22.50
5837	1497564754	3600		265.44		  44053712		 22.50
5837	1497568354	3600		265.33		  40429286		 22.50
5837	1497571954	3600		265.23		  37332837		 22.50
5837	1497575554	3600		265.16		  34696682		 22.50
5837	1497579154	3600		265.10		  32714678		 22.50
5837	1497582754	3600		265.04		  30887439		 22.50
5837	1497586354	3600		264.98		  28748050		 22.50
5837	1497589954	3600		264.91		  26636718		 19.50
5837	1497593554	3600		264.84		  24141184		 22.00
5837	1497597154	3600		264.83		  23790457		 22.00
5837	1497600754	3600		264.83		  23864365		 22.00
5837	1497601904	1150		264.82		  23357498		 22.00
5838	1497603104	1200		264.11		  23357498		-999.00
5839	1497606704	3600		261.11		  23357498		-999.00
5840	1497610304	3600		261.11		  23357498		-999.00
5841	1497601904	-8400		261.11		  23357498		-999.00
5838	1497611661	1200		265.49		  45765482		 25.00
5838	1497615261	3600		265.37		  41774869		 25.00
5838	1497618861	3600		265.27		  38607674		 25.00
5838	1497621644	2783		265.26		  38316628		 25.00
5839	1497622844	1200		263.86		  38316628		-999.00
5840	1497626444	3600		263.86		  38316628		-999.00
5841	1497630044	3600		260.86		  38316628		-999.00
5842	1497633644	3600		260.86		  38316628		-999.00
5843	1497621644	-12000		261.11		  38316628		-999.00
5839	1497635310	1200		265.38		  42157167		 27.00
5839	1497638910	3600		265.46		  44832918		 27.00
5839	1497642510	3600		265.37		  41904627		 27.00
5839	1497646110	3600		265.30		  39595158		 27.00
5839	1497649710	3600		265.19		  35700534		 26.50
5839	1497653310	3600		265.18		  35496744		 26.50
5839	1497656910	3600		265.10		  32724165		 26.50
5839	1497657191	281		265.08		  32205639		 26.50
5840	1497658391	1200		264.11		  32205639		-999.00
5841	1497661991	3600		260.86		  32205639		-999.00
5842	1497665591	3600		260.86		  32205639		-999.00
5843	1497657191	-8400		261.11		  32205639		-999.00
5840	1497669586	1200		265.38		  42163597		 28.50
5840	1497673186	3600		265.47		  45091723		 28.50
5840	1497676786	3600		265.36		  41366104		 28.50
5840	1497680386	3600		265.21		  36426995		 29.00
5840	1497683986	3600		265.25		  37893517		 29.00
5840	1497687586	3600		265.17		  35264184		 29.00
5840	1497691186	3600		265.06		  31555227		 29.00
5840	1497694363	3177		265.03		  30651504		 29.00
5841	1497695563	1200		261.11		  30651504		-999.00
5842	1497699163	3600		260.86		  30651504		-999.00
5843	1497702763	3600		261.11		  30651504		-999.00
5844	1497706363	3600		261.11		  30651504		-999.00
5845	1497709963	3600		261.00		  30651504		-999.00
5846	1497713563	3600		261.00		  30651504		-999.00
5847	1497717163	3600		261.00		  30651504		-999.00
5848	1497694363	-22800		261.11		  30651504		-999.00
5842	1497721255	1200		265.86		  53241923		 33.50
5842	1497724855	3600		265.97		  57115561		 33.50
5842	1497728455	3600		265.85		  53056285		 33.50
5842	1497732055	3600		265.76		  49912294		 33.50
5842	1497735655	3600		265.65		  46464397		 33.50
5842	1497739255	3600		265.56		  43295024		 33.00
5842	1497742855	3600		265.52		  42048949		 33.00
5842	1497746455	3600		265.46		  39947368		 33.00
5842	1497750055	3600		265.36		  36578895		 33.00
5842	1497753655	3600		265.34		  36147408		 33.00
5842	1497756016	2361		265.31		  34900912		 33.00
5843	1497757216	1200		264.26		  34900912		-999.00
5844	1497760816	3600		264.26		  34900912		-999.00
5845	1497764416	3600		264.26		  34900912		-999.00
5846	1497768016	3600		264.26		  34900912		-999.00
5847	1497771616	3600		264.26		  34900912		-999.00
5848	1497775216	3600		261.00		  34900912		-999.00
5849	1497778816	3600		261.00		  34900912		-999.00
5850	1497782416	3600		261.00		  34900912		-999.00
5851	1497756016	-26400		261.26		  34900912		-999.00
5845	1497783619	1200		266.08		  60708018		 37.50
5845	1497787219	3600		266.14		  62543222		 37.50
5845	1497790819	3600		266.02		  58746859		 37.50
5845	1497792233	1414		265.96		  56611378		 37.50
5846	1497793433	1200		264.26		  56611378		-999.00
5847	1497797033	3600		264.00		  56611378		-999.00
5848	1497800633	3600		264.05		  56611378		-999.00
5849	1497804233	3600		259.99		  56611378		-999.00
5850	1497807833	3600		260.80		  56611378		-999.00
5851	1497811433	3600		260.80		  56611378		-999.00
5852	1497815033	3600		264.31		  56611378		-999.00
5853	1497818633	3600		264.31		  56611378		-999.00
5854	1497822233	3600		264.31		  56611378		-999.00
5855	1497825833	3600		264.31		  56611378		-999.00
5856	1497829433	3600		264.31		  56611378		-999.00
5857	1497833033	3600		264.31		  56611378		-999.00
5858	1497836633	3600		264.31		  56611378		-999.00
5859	1497840233	3600		264.31		  56611378		-999.00
5860	1497843833	3600		264.31		  56611378		-999.00
5861	1497847433	3600		264.31		  56611378		-999.00
5862	1497851033	3600		264.31		  56611378		-999.00
5863	1497854633	3600		264.05		  56611378		-999.00
5864	1497858233	3600		264.05		  56611378		-999.00
5865	1497861833	3600		264.05		  56611378		-999.00
5866	1497865433	3600		264.05		  56611378		-999.00
5867	1497869033	3600		264.05		  56611378		-999.00
5868	1497872633	3600		261.05		  56611378		-999.00
5869	1497876233	3600		261.05		  56611378		-999.00
5870	1497879833	3600		261.05		  56611378		-999.00
5871	1497883433	3600		261.05		  56611378		-999.00
5872	1497887033	3600		261.05		  56611378		-999.00
5873	1497792233	-94800		261.26		  56611378		-999.00
5848	1497888823	1200		265.89		  61298138		 38.00
5848	1497892423	3600		266.23		  64039469		 38.00
5848	1497896023	3600		265.80		  58238645		 38.00
5848	1497899623	3600		265.72		  55512846		 38.00
5848	1497903223	3600		265.65		  53265756		 38.00
5848	1497906823	3600		265.55		  49799040		 38.00
5848	1497910423	3600		265.45		  46410350		 38.00
5848	1497914023	3600		265.39		  44381695		 38.00
5848	1497917623	3600		265.31		  41862015		 38.00
5848	1497921223	3600		265.20		  38280980		 37.50
5848	1497924823	3600		265.18		  37465678		 37.50
5848	1497928423	3600		265.13		  35686185		 37.50
5848	1497932023	3600		265.07		  33887834		 37.50
5848	1497935623	3600		265.02		  32013194		 37.50
5848	1497939223	3600		264.96		  30239940		 37.50
5848	1497942823	3600		261.05		  27719929		  6.00
5848	1497945795	2972		261.05		  26200099		  6.00
5849	1497946995	1200		261.05		  26200099		-999.00
5850	1497950595	3600		261.05		  26200099		-999.00
5851	1497954195	3600		260.80		  26200099		-999.00
5852	1497957795	3600		261.05		  26200099		-999.00
5853	1497945795	-12000		261.05		  26200099		-999.00
5849	1497959301	1200		266.34		  67729688		 46.50
5849	1497962901	3600		266.48		  72258747		 46.50
5849	1497966501	3600		266.33		  67272567		 46.50
5849	1497970101	3600		266.24		  64402087		 46.50
5849	1497973701	3600		266.11		  59909526		 46.50
5849	1497977301	3600		266.00		  56375949		 46.50
5849	1497980901	3600		265.93		  53978966		 46.50
5849	1497984501	3600		265.83		  50627587		 46.50
5849	1497988101	3600		265.73		  47227139		 47.00
5849	1497991701	3600		265.65		  44601717		 46.50
5849	1497995301	3600		265.60		  43054344		 46.50
5849	1497998901	3600		265.52		  40312607		 46.50
5849	1498002501	3600		265.45		  38025886		 46.50
5849	1498006101	3600		265.39		  36153718		 46.50
5849	1498009701	3600		265.33		  33917050		 46.50
5849	1498013301	3600		265.28		  32418397		 46.50
5849	1498016901	3600		265.23		  30539025		 46.50
5849	1498020501	3600		265.19		  29204730		 46.50
5849	1498024101	3600		265.14		  27596343		 46.50
5849	1498027701	3600		265.10		  26424775		 46.50
5849	1498031301	3600		265.07		  25340109		 46.50
5849	1498034901	3600		261.05		  23059189		  6.00
5849	1498037462	2561		261.05		  23069365		  6.00
5850	1498038662	1200		261.05		  23069365		-999.00
5851	1498042262	3600		261.05		  23069365		-999.00
5852	1498045862	3600		261.05		  23069365		-999.00
5853	1498049462	3600		261.05		  23069365		-999.00
5854	1498053062	3600		261.05		  23069365		-999.00
5855	1498056662	3600		261.05		  23069365		-999.00
5856	1498060262	3600		261.05		  23069365		-999.00
5857	1498063862	3600		261.05		  23069365		-999.00
5858	1498067462	3600		261.05		  23069365		-999.00
5859	1498071062	3600		261.05		  23069365		-999.00
5860	1498074662	3600		261.05		  23069365		-999.00
5861	1498078262	3600		261.05		  23069365		-999.00
5862	1498081862	3600		261.05		  23069365		-999.00
5863	1498037462	-44400		261.05		  23069365		-999.00
5856	1498085200	1200		266.62		  85404855		 54.50
5856	1498088800	3600		266.75		  81408941		 56.00
5856	1498092400	3600		266.39		  77991444		 56.00
5856	1498096000	3600		266.50		  72916103		 56.00
5856	1498099600	3600		266.37		  68691592		 56.00
5856	1498103200	3600		266.25		  64827039		 56.00
5856	1498106800	3600		266.15		  61352587		 56.00
5856	1498110400	3600		265.81		  58462089		 56.00
5856	1498114000	3600		265.70		  54775884		 56.00
5856	1498117600	3600		265.88		  52225583		 56.00
5856	1498121200	3600		265.80		  49702309		 56.00
5856	1498124800	3600		265.73		  47195725		 56.00
5856	1498128400	3600		261.01		  43131706		  6.50
5856	1498129704	1304		261.01		  42759365		  6.50
5857	1498130904	1200		261.01		  42759365		-999.00
5858	1498134504	3600		261.01		  42759365		-999.00
5859	1498138104	3600		261.01		  42759365		-999.00
5860	1498141704	3600		261.01		  42759365		-999.00
5861	1498145304	3600		261.01		  42759365		-999.00
5862	1498148904	3600		261.01		  42759365		-999.00
5863	1498152504	3600		261.00		  42759365		-999.00
5864	1498156104	3600		261.00		  42759365		-999.00
5865	1498159704	3600		261.00		  42759365		-999.00
5866	1498163304	3600		261.00		  42759365		-999.00
5867	1498166904	3600		261.00		  42759365		-999.00
5868	1498170504	3600		261.00		  42759365		-999.00
5869	1498174104	3600		261.00		  42759365		-999.00
5870	1498177704	3600		261.00		  42759365		-999.00
5871	1498129704	-48000		261.01		  42759365		-999.00
5862	1498182174	1200		266.54		  76117140		 63.00
5862	1498184488	2314		266.70		  81201522		 63.00
5863	1498185688	1200		264.00		  81201522		-999.00
5864	1498189288	3600		264.00		  81201522		-999.00
5865	1498192888	3600		264.00		  81201522		-999.00
5866	1498196488	3600		264.00		  81201522		-999.00
5867	1498200088	3600		264.00		  81201522		-999.00
5868	1498203688	3600		264.00		  81201522		-999.00
5869	1498207288	3600		261.00		  81201522		-999.00
5870	1498210888	3600		261.00		  81201522		-999.00
5871	1498214488	3600		261.00		  81201522		-999.00
5872	1498184488	-30000		261.26		  81201522		-999.00
5864	1498218856	1200		266.24		  65842977		 60.50
5864	1498222456	3600		266.36		  70133260		 60.50
5864	1498226056	3600		266.26		  66507966		 60.50
5864	1498229656	3600		266.12		  62045101		 60.50
5864	1498233256	3600		266.06		  59964616		 60.50
5864	1498236856	3600		265.94		  56085232		 60.50
5864	1498239467	2611		265.87		  53518335		 60.50
5865	1498240667	1200		264.00		  53518335		-999.00
5866	1498244267	3600		261.00		  53518335		-999.00
5867	1498247867	3600		261.00		  53518335		-999.00
5868	1498251467	3600		261.00		  53518335		-999.00
5869	1498255067	3600		261.00		  53518335		-999.00
5870	1498239467	-15600		261.26		  53518335		-999.00
5865	1498258876	1200		267.01		  83260942		 67.00
5865	1498262476	3600		266.53		  75678419		 66.50
5865	1498266076	3600		266.45		  73030467		 66.50
5865	1498269676	3600		265.60		  69249176		 64.00
5865	1498273276	3600		266.00		  65246110		 66.50
5865	1498276876	3600		265.92		  62829475		 66.50
5865	1498280476	3600		265.80		  58743177		 66.50
5865	1498284076	3600		265.74		  56790001		 66.50
5865	1498287676	3600		265.64		  53343537		 66.50
5865	1498291276	3600		265.56		  50549705		 66.50
5865	1498292546	1270		265.49		  48474179		 66.50
5866	1498293746	1200		264.04		  48474179		-999.00
5867	1498297346	3600		264.04		  48474179		-999.00
5868	1498300946	3600		264.04		  48474179		-999.00
5869	1498304546	3600		264.04		  48474179		-999.00
5870	1498308146	3600		264.04		  48474179		-999.00
5871	1498311746	3600		261.04		  48474179		-999.00
5872	1498315346	3600		261.04		  48474179		-999.00
5873	1498318946	3600		261.04		  48474179		-999.00
5874	1498322546	3600		261.04		  48474179		-999.00
5875	1498292546	-30000		261.04		  48474179		-999.00
5868	1498327102	1200		266.92		  78984211		 74.00
5868	1498330702	3600		266.93		  87983739		 71.50
5868	1498332556	1854		266.85		  85065765		 74.00
5869	1498333756	1200		264.04		  85065765		-999.00
5870	1498337356	3600		261.04		  85065765		-999.00
5871	1498340956	3600		261.04		  85065765		-999.00
5872	1498332556	-8400		261.29		  85065765		-999.00
5873	1498346315	1200		264.04		  85065765		-999.00
5874	1498349915	3600		261.04		  85065765		-999.00
5875	1498353515	3600		261.04		  85065765		-999.00
5876	1498357115	3600		261.04		  85065765		-999.00
5877	1498360715	3600		261.04		  85065765		-999.00
5878	1498345115	-15600		261.55		  85065765		-999.00
5872	1498362935	1200		266.37		  77570615		 71.50
5872	1498366535	3600		266.46		  80768543		 74.00
5872	1498370135	3600		266.32		  75852375		 74.00
5872	1498373735	3600		266.45		  71863273		 74.00
5872	1498377335	3600		266.33		  67846745		 74.00
5872	1498380935	3600		266.21		  63983660		 74.00
5872	1498384535	3600		265.85		  60186308		 74.00
5872	1498388135	3600		265.78		  57955134		 74.00
5872	1498391735	3600		265.67		  54356570		 74.00
5872	1498395335	3600		265.59		  51729422		 74.00
5872	1498398935	3600		265.53		  49728885		 74.00
5872	1498402535	3600		265.40		  45196285		 74.00
5872	1498406135	3600		265.38		  44660299		 74.00
5872	1498409735	3600		265.30		  41991208		 74.00
5872	1498413335	3600		265.24		  40124113		 74.00
5872	1498416935	3600		265.18		  38138765		 74.00
5872	1498420535	3600		265.09		  34881703		 71.50
5872	1498421031	496		265.17		  37612479		 71.50
5873	1498422231	1200		261.04		  37612479		-999.00
5874	1498425831	3600		261.04		  37612479		-999.00
5875	1498421031	-4800		261.04		  37612479		-999.00
5873	1498430191	1200		266.96		  80466788		 85.00
5873	1498433791	3600		266.62		  85952162		 81.00
5873	1498437391	3600		266.67		  79060608		 83.50
5873	1498440991	3600		266.51		  73854552		 83.50
5873	1498444591	3600		266.38		  69370275		 83.50
5873	1498448191	3600		266.29		  66346933		 83.50
5873	1498451791	3600		266.18		  62743930		 83.50
5873	1498455391	3600		265.83		  59750764		 83.50
5873	1498458991	3600		265.73		  56179005		 83.50
5873	1498462591	3600		265.65		  53561844		 83.50
5873	1498466191	3600		265.55		  50490485		 83.50
5873	1498466372	181		265.17		  37609052		 83.50
5874	1498467572	1200		264.04		  37609052		-999.00
5875	1498471172	3600		261.04		  37609052		-999.00
5876	1498474772	3600		261.04		  37609052		-999.00
5877	1498478372	3600		261.04		  37609052		-999.00
5878	1498481972	3600		261.04		  37609052		-999.00
5879	1498485572	3600		261.04		  37609052		-999.00
5880	1498489172	3600		261.04		  37609052		-999.00
5881	1498492772	3600		261.04		  37609052		-999.00
5882	1498496372	3600		261.04		  37609052		-999.00
5883	1498499972	3600		261.04		  37609052		-999.00
5884	1498503572	3600		261.04		  37609052		-999.00
5885	1498507172	3600		261.04		  37609052		-999.00
5886	1498510772	3600		261.04		  37609052		-999.00
5887	1498466372	-44400		261.04		  37609052		-999.00
5876	1498513169	1200		266.96		  80379238		 90.00
5876	1498516769	3600		267.10		  84888582		 87.50
5876	1498520369	3600		266.94		  79547433		 87.50
5876	1498523969	3600		266.77		  73878557		 87.50
5876	1498527569	3600		266.16		  70581804		 85.00
5876	1498531169	3600		266.03		  66380720		 85.00
5876	1498534769	3600		265.89		  61633287		 82.50
5876	1498538369	3600		265.81		  58958527		 87.50
5876	1498541969	3600		265.70		  55220914		 87.50
5876	1498545569	3600		265.60		  51897666		 87.50
5876	1498549169	3600		265.52		  49467166		 87.50
5876	1498550756	1587		265.50		  48703322		 87.50
5877	1498551956	1200		264.04		  48703322		-999.00
5878	1498555556	3600		264.04		  48703322		-999.00
5879	1498559156	3600		264.04		  48703322		-999.00
5880	1498562756	3600		261.04		  48703322		-999.00
5881	1498566356	3600		261.04		  48703322		-999.00
5882	1498550756	-15600		261.04		  48703322		-999.00
5878	1498569513	1200		267.12		  85718893		 93.50
5878	1498573113	3600		266.32		  75885092		 95.00
5878	1498576713	3600		266.30		  75419205		 95.00
5878	1498580313	3600		266.45		  71924103		 92.50
5878	1498583913	3600		266.32		  67441448		 95.00
5878	1498587513	3600		266.24		  64854279		 95.00
5878	1498591113	3600		265.87		  60951722		 95.00
5878	1498594713	3600		265.75		  57133198		 95.00
5878	1498598313	3600		265.68		  54517372		 95.00
5878	1498601913	3600		265.61		  52431603		 92.50
5878	1498605513	3600		265.53		  49584853		 92.50
5878	1498609113	3600		265.44		  46591647		 95.00
5878	1498612713	3600		265.37		  44467104		 92.50
5878	1498614006	1293		265.31		  42199123		 92.50
5879	1498615206	1200		264.04		  42199123		-999.00
5880	1498618806	3600		264.04		  42199123		-999.00
5881	1498622406	3600		261.04		  42199123		-999.00
5882	1498626006	3600		261.04		  42199123		-999.00
5883	1498629606	3600		261.04		  42199123		-999.00
5884	1498633206	3600		261.04		  42199123		-999.00
5885	1498636806	3600		261.04		  42199123		-999.00
5886	1498614006	-22800		261.04		  42199123		-999.00
5880	1498638507	1200		266.71		  80574477		101.00
5880	1498642107	3600		266.83		  84351540		101.00
5880	1498644055	1948		266.71		  80429295		101.00
5881	1498645255	1200		264.04		  80429295		-999.00
5882	1498648855	3600		264.04		  80429295		-999.00
5883	1498652455	3600		264.04		  80429295		-999.00
5884	1498656055	3600		261.11		  80429295		-999.00
5885	1498659655	3600		261.11		  80429295		-999.00
5886	1498663255	3600		261.11		  80429295		-999.00
5887	1498644055	-19200		261.29		  80429295		-999.00
5882	1498664876	1200		267.13		  83614585		105.00
5882	1498668476	3600		267.28		  88563746		105.00
5882	1498672076	3600		267.15		  84004105		105.00
5882	1498675676	3600		266.53		  80359317		105.50
5882	1498679276	3600		266.29		  72442890		104.50
5882	1498682876	3600		265.77		  55181425		103.00
5882	1498686476	3600		265.85		  57904974		104.00
5882	1498690076	3600		266.01		  63097885		101.00
5882	1498693676	3600		265.92		  60297162		103.50
5882	1498697276	3600		265.85		  57725570		103.50
5882	1498699786	2510		265.77		  55090281		103.50
5883	1498700986	1200		264.11		  55090281		-999.00
5884	1498704586	3600		261.11		  55090281		-999.00
5885	1498708186	3600		261.11		  55090281		-999.00
5886	1498699786	-8400		261.11		  55090281		-999.00
5883	1498710319	1200		266.82		  73221161		111.50
5883	1498713919	3600		266.71		  86835168		112.00
5883	1498717519	3600		266.59		  82762948		109.50
5883	1498721119	3600		266.47		  78810500		112.50
5883	1498724719	3600		266.30		  73139678		110.00
5883	1498728319	3600		266.23		  70836716		110.00
5883	1498729901	1582		266.13		  67523425		105.00
5884	1498731101	1200		264.10		  67523425		-999.00
5885	1498734701	3600		261.10		  67523425		-999.00
5886	1498738301	3600		261.10		  67523425		-999.00
5887	1498741901	3600		261.10		  67523425		-999.00
5888	1498729901	-12000		261.10		  67523425		-999.00
5889	1498746389	1200		264.10		  67523425		-999.00
5890	1498749989	3600		264.10		  67523425		-999.00
5891	1498753589	3600		264.10		  67523425		-999.00
5892	1498757189	3600		261.10		  67523425		-999.00
5893	1498760789	3600		261.10		  67523425		-999.00
5894	1498745189	-15600		261.10		  67523425		-999.00
5887	1498762146	1200		266.65		  84956298		115.00
5887	1498765746	3600		266.76		  88609121		115.00
5887	1498769346	3600		266.65		  84688136		109.50
5887	1498772946	3600		266.78		  80479920		113.00
5887	1498775337	2391		266.65		  76065585		115.50
5888	1498776537	1200		264.11		  76065585		-999.00
5889	1498780137	3600		264.11		  76065585		-999.00
5890	1498783737	3600		264.11		  76065585		-999.00
5891	1498787337	3600		257.55		  76065585		-999.00
5892	1498790937	3600		257.55		  76065585		-999.00
5893	1498794537	3600		257.55		  76065585		-999.00
5894	1498798137	3600		257.55		  76065585		-999.00
5895	1498801737	3600		260.26		  76065585		-999.00
5896	1498805337	3600		260.26		  76065585		-999.00
5897	1498808937	3600		260.26		  76065585		-999.00
5898	1498812537	3600		260.26		  76065585		-999.00
5899	1498816137	3600		260.26		  76065585		-999.00
5900	1498819737	3600		260.26		  76065585		-999.00
5901	1498823337	3600		260.26		  76065585		-999.00
5902	1498826937	3600		260.26		  76065585		-999.00
5903	1498830537	3600		260.26		  76065585		-999.00
5904	1498834137	3600		260.26		  76065585		-999.00
5905	1498837737	3600		260.26		  76065585		-999.00
5906	1498841337	3600		260.26		  76065585		-999.00
5907	1498844937	3600		260.26		  76065585		-999.00
5908	1498848537	3600		260.26		  76065585		-999.00
5909	1498852137	3600		260.26		  76065585		-999.00
5910	1498855737	3600		260.26		  76065585		-999.00
5911	1498859337	3600		260.26		  76065585		-999.00
5912	1498862937	3600		260.26		  76065585		-999.00
5913	1498866537	3600		260.26		  76065585		-999.00
5914	1498870137	3600		260.26		  76065585		-999.00
5915	1498873737	3600		260.26		  76065585		-999.00
5916	1498877337	3600		260.26		  76065585		-999.00
5917	1498880937	3600		260.26		  76065585		-999.00
5918	1498884537	3600		260.26		  76065585		-999.00
5919	1498888137	3600		260.26		  76065585		-999.00
5920	1498891737	3600		260.26		  76065585		-999.00
5921	1498895337	3600		260.26		  76065585		-999.00
5922	1498898937	3600		260.26		  76065585		-999.00
5923	1498902537	3600		260.26		  76065585		-999.00
5924	1498906137	3600		260.26		  76065585		-999.00
5925	1498909737	3600		260.26		  76065585		-999.00
5926	1498913337	3600		260.26		  76065585		-999.00
5927	1498916937	3600		260.26		  76065585		-999.00
5928	1498920537	3600		260.26		  76065585		-999.00
5929	1498924137	3600		260.26		  76065585		-999.00
5930	1498927737	3600		260.26		  76065585		-999.00
5931	1498931337	3600		260.26		  76065585		-999.00
5932	1498934937	3600		260.26		  76065585		-999.00
5933	1498938537	3600		260.26		  76065585		-999.00
5934	1498942137	3600		260.26		  76065585		-999.00
5935	1498945737	3600		260.26		  76065585		-999.00
5936	1498949337	3600		260.26		  76065585		-999.00
5937	1498952937	3600		260.26		  76065585		-999.00
5938	1498956537	3600		260.26		  76065585		-999.00
5939	1498960137	3600		260.26		  76065585		-999.00
5940	1498963737	3600		260.26		  76065585		-999.00
5941	1498967337	3600		260.26		  76065585		-999.00
5942	1498970937	3600		260.26		  76065585		-999.00
5943	1498974537	3600		260.26		  76065585		-999.00
5944	1498978137	3600		260.26		  76065585		-999.00
5945	1498981737	3600		260.26		  76065585		-999.00
5946	1498985337	3600		260.26		  76065585		-999.00
5947	1498988937	3600		260.26		  76065585		-999.00
5948	1498992537	3600		260.26		  76065585		-999.00
5949	1498996137	3600		260.26		  76065585		-999.00
5950	1498999737	3600		260.26		  76065585		-999.00
5951	1499003337	3600		260.26		  76065585		-999.00
5952	1499006937	3600		260.26		  76065585		-999.00
5953	1499010537	3600		260.26		  76065585		-999.00
5954	1499014137	3600		260.26		  76065585		-999.00
5955	1499017737	3600		260.26		  76065585		-999.00
5956	1499021337	3600		260.26		  76065585		-999.00
5957	1499024937	3600		260.26		  76065585		-999.00
5958	1499028537	3600		260.26		  76065585		-999.00
5959	1499032137	3600		260.26		  76065585		-999.00
5960	1499035737	3600		260.26		  76065585		-999.00
5961	1499039337	3600		260.26		  76065585		-999.00
5962	1499042937	3600		260.26		  76065585		-999.00
5963	1499046537	3600		260.26		  76065585		-999.00
5964	1499050137	3600		260.26		  76065585		-999.00
5965	1499053737	3600		260.26		  76065585		-999.00
5966	1499057337	3600		263.86		  76065585		-999.00
5967	1499060937	3600		263.86		  76065585		-999.00
5968	1499064537	3600		262.75		  76065585		-999.00
5969	1499068137	3600		263.92		  76065585		-999.00
5970	1499071737	3600		263.92		  76065585		-999.00
5971	1499075337	3600		263.92		  76065585		-999.00
5972	1499078937	3600		263.96		  76065585		-999.00
5973	1499082537	3600		263.96		  76065585		-999.00
5974	1499086137	3600		263.96		  76065585		-999.00
5975	1499089737	3600		263.96		  76065585		-999.00
5976	1499093337	3600		263.96		  76065585		-999.00
5977	1499096937	3600		263.96		  76065585		-999.00
5978	1499100537	3600		263.96		  76065585		-999.00
5979	1499104137	3600		263.96		  76065585		-999.00
5980	1499107737	3600		263.96		  76065585		-999.00
5981	1499111337	3600		263.96		  76065585		-999.00
5982	1499114937	3600		263.96		  76065585		-999.00
5983	1499118537	3600		263.96		  76065585		-999.00
5984	1499122137	3600		263.96		  76065585		-999.00
5985	1499125737	3600		263.96		  76065585		-999.00
5986	1499129337	3600		263.96		  76065585		-999.00
5987	1499132937	3600		263.96		  76065585		-999.00
5988	1499136537	3600		263.96		  76065585		-999.00
5989	1499140137	3600		263.96		  76065585		-999.00
5990	1499143737	3600		262.38		  76065585		-999.00
5991	1499147337	3600		262.38		  76065585		-999.00
5992	1499150937	3600		262.38		  76065585		-999.00
5993	1499154537	3600		262.38		  76065585		-999.00
5994	1499158137	3600		262.38		  76065585		-999.00
5995	1499161737	3600		262.38		  76065585		-999.00
5996	1499165337	3600		262.38		  76065585		-999.00
5997	1499168937	3600		262.38		  76065585		-999.00
5998	1499172537	3600		262.38		  76065585		-999.00
5999	1499176137	3600		262.38		  76065585		-999.00
6000	1499179737	3600		262.38		  76065585		-999.00
6001	1499183337	3600		262.38		  76065585		-999.00
6002	1499186937	3600		262.38		  76065585		-999.00
6003	1499190537	3600		262.38		  76065585		-999.00
6004	1499194137	3600		262.38		  76065585		-999.00
6005	1499197737	3600		262.38		  76065585		-999.00
6006	1499201337	3600		262.38		  76065585		-999.00
6007	1499204937	3600		262.38		  76065585		-999.00
6008	1499208537	3600		262.38		  76065585		-999.00
6009	1499212137	3600		262.38		  76065585		-999.00
6010	1499215737	3600		262.38		  76065585		-999.00
6011	1499219337	3600		262.38		  76065585		-999.00
6012	1499222937	3600		262.38		  76065585		-999.00
6013	1499226537	3600		262.38		  76065585		-999.00
6014	1499230137	3600		262.38		  76065585		-999.00
6015	1499233737	3600		262.36		  76065585		-999.00
6016	1499237337	3600		262.36		  76065585		-999.00
6017	1499240937	3600		262.36		  76065585		-999.00
6018	1499244537	3600		262.36		  76065585		-999.00
6019	1499248137	3600		262.36		  76065585		-999.00
6020	1499251737	3600		262.36		  76065585		-999.00
6021	1499255337	3600		262.36		  76065585		-999.00
6022	1499258937	3600		262.36		  76065585		-999.00
6023	1499262537	3600		262.36		  76065585		-999.00
6024	1499266137	3600		262.36		  76065585		-999.00
6025	1499269737	3600		262.36		  76065585		-999.00
6026	1499273337	3600		262.36		  76065585		-999.00
6027	1499276937	3600		262.36		  76065585		-999.00
6028	1499280537	3600		262.36		  76065585		-999.00
6029	1499284137	3600		262.36		  76065585		-999.00
6030	1499287737	3600		262.36		  76065585		-999.00
6031	1499291337	3600		262.36		  76065585		-999.00
6032	1499294937	3600		262.36		  76065585		-999.00
6033	1499298537	3600		262.36		  76065585		-999.00
6034	1499302137	3600		262.36		  76065585		-999.00
6035	1499305737	3600		262.36		  76065585		-999.00
6036	1499309337	3600		262.36		  76065585		-999.00
6037	1499312937	3600		262.36		  76065585		-999.00
6038	1499316537	3600		262.36		  76065585		-999.00
6039	1499320137	3600		262.36		  76065585		-999.00
6040	1499323737	3600		262.36		  76065585		-999.00
6041	1499327337	3600		262.36		  76065585		-999.00
6042	1499330937	3600		262.36		  76065585		-999.00
6043	1499334537	3600		262.36		  76065585		-999.00
6044	1499338137	3600		262.36		  76065585		-999.00
6045	1499341737	3600		262.36		  76065585		-999.00
6046	1499345337	3600		262.36		  76065585		-999.00
6047	1499348937	3600		262.36		  76065585		-999.00
6048	1499352537	3600		262.36		  76065585		-999.00
6049	1499356137	3600		262.36		  76065585		-999.00
6050	1499359737	3600		262.36		  76065585		-999.00
6051	1499363337	3600		262.36		  76065585		-999.00
6052	1499366937	3600		262.36		  76065585		-999.00
6053	1499370537	3600		262.36		  76065585		-999.00
6054	1499374137	3600		262.36		  76065585		-999.00
6055	1499377737	3600		262.36		  76065585		-999.00
6056	1499381337	3600		262.36		  76065585		-999.00
6057	1499384937	3600		262.36		  76065585		-999.00
6058	1499388537	3600		262.36		  76065585		-999.00
6059	1499392137	3600		262.36		  76065585		-999.00
6060	1499395737	3600		262.36		  76065585		-999.00
6061	1499399337	3600		262.36		  76065585		-999.00
6062	1499402937	3600		262.36		  76065585		-999.00
6063	1499406537	3600		262.36		  76065585		-999.00
6064	1499410137	3600		262.36		  76065585		-999.00
6065	1499413737	3600		262.36		  76065585		-999.00
6066	1499417337	3600		262.36		  76065585		-999.00
6067	1499420937	3600		259.36		  76065585		-999.00
6068	1499424537	3600		258.48		  76065585		-999.00
6069	1499428137	3600		259.54		  76065585		-999.00
6070	1499431737	3600		259.54		  76065585		-999.00
6071	1499435337	3600		259.54		  76065585		-999.00
6072	1499438937	3600		262.22		  76065585		-999.00
6073	1499442537	3600		262.22		  76065585		-999.00
6074	1499446137	3600		262.22		  76065585		-999.00
6075	1499449737	3600		255.45		  76065585		-999.00
6076	1499453337	3600		255.45		  76065585		-999.00
6077	1499456937	3600		255.45		  76065585		-999.00
6078	1499460537	3600		255.45		  76065585		-999.00
6079	1499464137	3600		255.45		  76065585		-999.00
6080	1499467737	3600		255.45		  76065585		-999.00
6081	1499471337	3600		255.45		  76065585		-999.00
6082	1499474937	3600		255.45		  76065585		-999.00
6083	1499478537	3600		255.45		  76065585		-999.00
6084	1499482137	3600		255.45		  76065585		-999.00
6085	1499485737	3600		255.45		  76065585		-999.00
6086	1499489337	3600		255.45		  76065585		-999.00
6087	1499492937	3600		255.45		  76065585		-999.00
6088	1499496537	3600		255.45		  76065585		-999.00
6089	1499500137	3600		255.45		  76065585		-999.00
6090	1499503737	3600		255.45		  76065585		-999.00
6091	1499507337	3600		255.45		  76065585		-999.00
6092	1499510937	3600		255.45		  76065585		-999.00
6093	1499514537	3600		255.45		  76065585		-999.00
6094	1499518137	3600		255.45		  76065585		-999.00
6095	1499521737	3600		255.45		  76065585		-999.00
6096	1499525337	3600		255.45		  76065585		-999.00
6097	1499528937	3600		255.45		  76065585		-999.00
6098	1499532537	3600		255.45		  76065585		-999.00
6099	1499536137	3600		255.45		  76065585		-999.00
6100	1499539737	3600		255.45		  76065585		-999.00
6101	1499543337	3600		255.45		  76065585		-999.00
6102	1499546937	3600		255.45		  76065585		-999.00
6103	1499550537	3600		255.45		  76065585		-999.00
6104	1499554137	3600		255.45		  76065585		-999.00
6105	1499557737	3600		255.45		  76065585		-999.00
6106	1499561337	3600		255.45		  76065585		-999.00
6107	1499564937	3600		255.45		  76065585		-999.00
6108	1499568537	3600		255.45		  76065585		-999.00
6109	1499572137	3600		255.45		  76065585		-999.00
6110	1499575737	3600		255.45		  76065585		-999.00
6111	1499579337	3600		255.45		  76065585		-999.00
6112	1499582937	3600		255.45		  76065585		-999.00
6113	1499586537	3600		255.45		  76065585		-999.00
6114	1499590137	3600		255.45		  76065585		-999.00
6115	1499593737	3600		255.45		  76065585		-999.00
6116	1499597337	3600		255.45		  76065585		-999.00
6117	1499600937	3600		255.45		  76065585		-999.00
6118	1499604537	3600		255.45		  76065585		-999.00
6119	1499608137	3600		255.45		  76065585		-999.00
6120	1499611737	3600		260.73		  76065585		-999.00
6121	1499615337	3600		259.24		  76065585		-999.00
6122	1499618937	3600		259.24		  76065585		-999.00
6123	1498775337	-843600		261.37		  76065585		-999.00
6124	1499621135	1200		262.24		  76065585		-999.00
6125	1499624735	3600		262.24		  76065585		-999.00
6126	1499628335	3600		262.24		  76065585		-999.00
6127	1499631935	3600		259.24		  76065585		-999.00
6128	1499635535	3600		255.89		  76065585		-999.00
6129	1499619935	-15600		259.24		  76065585		-999.00
5920	1499637720	1200		257.43		      7237		  3.00
5920	1499641320	3600		262.32		      6921		 78.00
5920	1499644920	3600		255.83		      6782		  8.00
5920	1499647414	2494		255.83		      6467		  8.00
5921	1499648614	1200		255.83		      6467		-999.00
5922	1499652214	3600		255.32		      6467		-999.00
5923	1499655814	3600		255.32		      6467		-999.00
5924	1499659414	3600		255.32		      6467		-999.00
5925	1499663014	3600		255.32		      6467		-999.00
5926	1499666614	3600		255.32		      6467		-999.00
5927	1499670214	3600		255.61		      6467		-999.00
5928	1499673814	3600		255.63		      6467		-999.00
5929	1499677414	3600		255.63		      6467		-999.00
5930	1499681014	3600		255.45		      6467		-999.00
5931	1499684614	3600		255.54		      6467		-999.00
5932	1499688214	3600		255.54		      6467		-999.00
5933	1499691814	3600		255.59		      6467		-999.00
5934	1499695414	3600		255.60		      6467		-999.00
5935	1499699014	3600		255.59		      6467		-999.00
5936	1499702614	3600		255.51		      6467		-999.00
5937	1499706214	3600		255.43		      6467		-999.00
5938	1499709814	3600		255.56		      6467		-999.00
5939	1499713414	3600		255.53		      6467		-999.00
5940	1499717014	3600		255.60		      6467		-999.00
5941	1499720614	3600		255.62		      6467		-999.00
5942	1499724214	3600		255.48		      6467		-999.00
5943	1499727814	3600		255.53		      6467		-999.00
5944	1499731414	3600		255.55		      6467		-999.00
5945	1499735014	3600		255.56		      6467		-999.00
5946	1499738614	3600		255.56		      6467		-999.00
5947	1499742214	3600		255.45		      6467		-999.00
5948	1499745814	3600		255.57		      6467		-999.00
5949	1499749414	3600		257.56		      6467		-999.00
5950	1499753014	3600		259.47		      6467		-999.00
5951	1499647414	-105600		255.83		      6467		-999.00
5930	1499757287	1200		262.44		   1876975		 74.50
5930	1499760887	3600		262.31		   1770903		 74.50
5930	1499764487	3600		262.45		   1717811		 74.50
5930	1499765786	1299		262.44		   1487607		 74.50
5931	1499766986	1200		259.39		   1487607		-999.00
5932	1499770586	3600		259.20		   1487607		-999.00
5933	1499774186	3600		259.46		   1487607		-999.00
5934	1499777786	3600		259.52		   1487607		-999.00
5935	1499781386	3600		259.48		   1487607		-999.00
5936	1499784986	3600		259.47		   1487607		-999.00
5937	1499788586	3600		259.47		   1487607		-999.00
5938	1499792186	3600		259.60		   1487607		-999.00
5939	1499795786	3600		259.53		   1487607		-999.00
5940	1499799386	3600		259.53		   1487607		-999.00
5941	1499802986	3600		259.47		   1487607		-999.00
5942	1499806586	3600		259.25		   1487607		-999.00
5943	1499810186	3600		259.47		   1487607		-999.00
5944	1499813786	3600		259.52		   1487607		-999.00
5945	1499817386	3600		259.18		   1487607		-999.00
5946	1499820986	3600		259.44		   1487607		-999.00
5947	1499765786	-55200		259.39		   1487607		-999.00
5934	1499823554	1200		263.17		  20018396		 80.50
5934	1499827154	3600		263.12		  21023722		 80.50
5934	1499830754	3600		263.03		  17840237		 78.00
5934	1499834354	3600		262.24		    718880		 75.50
5934	1499837954	3600		262.42		    353728		 78.00
5934	1499839139	1185		262.45		    374631		 78.00
5935	1499840339	1200		259.44		    374631		-999.00
5936	1499843939	3600		262.24		    374631		-999.00
5937	1499847539	3600		262.49		    374631		-999.00
5938	1499851139	3600		262.54		    374631		-999.00
5939	1499854739	3600		262.51		    374631		-999.00
5940	1499858339	3600		262.54		    374631		-999.00
5941	1499861939	3600		262.54		    374631		-999.00
5942	1499865539	3600		262.44		    374631		-999.00
5943	1499869139	3600		262.46		    374631		-999.00
5944	1499872739	3600		258.77		    374631		-999.00
5945	1499876339	3600		258.77		    374631		-999.00
5946	1499879939	3600		267.23		    374631		-999.00
5947	1499883539	3600		267.23		    374631		-999.00
5948	1499887139	3600		267.23		    374631		-999.00
5949	1499890739	3600		267.23		    374631		-999.00
5950	1499894339	3600		270.23		    374631		-999.00
5951	1499897939	3600		270.23		    374631		-999.00
5952	1499901539	3600		270.23		    374631		-999.00
5953	1499905139	3600		270.23		    374631		-999.00
5954	1499908739	3600		270.23		    374631		-999.00
5955	1499912339	3600		270.23		    374631		-999.00
5956	1499915939	3600		270.23		    374631		-999.00
5957	1499919539	3600		270.23		    374631		-999.00
5958	1499923139	3600		270.23		    374631		-999.00
5959	1499926739	3600		270.23		    374631		-999.00
5960	1499930339	3600		270.23		    374631		-999.00
5961	1499933939	3600		270.23		    374631		-999.00
5962	1499937539	3600		270.23		    374631		-999.00
5963	1499941139	3600		270.23		    374631		-999.00
5964	1499944739	3600		270.23		    374631		-999.00
5965	1499948339	3600		270.23		    374631		-999.00
5966	1499951939	3600		270.23		    374631		-999.00
5967	1499955539	3600		267.23		    374631		-999.00
5968	1499959139	3600		267.23		    374631		-999.00
5969	1499962739	3600		270.23		    374631		-999.00
5970	1499966339	3600		270.23		    374631		-999.00
5971	1499969939	3600		267.23		    374631		-999.00
5972	1499973539	3600		267.23		    374631		-999.00
5973	1499977139	3600		267.23		    374631		-999.00
5974	1499980739	3600		267.23		    374631		-999.00
5975	1499984339	3600		270.23		    374631		-999.00
5976	1499987939	3600		270.23		    374631		-999.00
5977	1499991539	3600		267.23		    374631		-999.00
5978	1499995139	3600		267.23		    374631		-999.00
5979	1499998739	3600		270.23		    374631		-999.00
5980	1500002339	3600		267.23		    374631		-999.00
5981	1500005939	3600		267.23		    374631		-999.00
5982	1500009539	3600		267.23		    374631		-999.00
5983	1499839139	-170400		259.44		    374631		-999.00
5942	1500011712	1200		263.76		  41160978		 82.00
5942	1500015312	3600		263.70		  44193411		 84.50
5942	1500018741	3429		263.79		  40127558		 83.00
5943	1500019941	1200		259.34		  40127558		-999.00
5944	1500023541	3600		258.77		  40127558		-999.00
5945	1500027141	3600		258.77		  40127558		-999.00
5946	1500030741	3600		259.28		  40127558		-999.00
5947	1500034341	3600		259.28		  40127558		-999.00
5948	1500037941	3600		259.46		  40127558		-999.00
5949	1500041541	3600		262.46		  40127558		-999.00
5950	1500045141	3600		262.48		  40127558		-999.00
5951	1500048741	3600		262.48		  40127558		-999.00
5952	1500052341	3600		259.48		  40127558		-999.00
5953	1500018741	-33600		259.59		  40127558		-999.00
5954	1500057659	1200		262.32		  40127558		-999.00
5955	1500061259	3600		259.32		  40127558		-999.00
5956	1500064859	3600		259.32		  40127558		-999.00
5957	1500068459	3600		259.32		  40127558		-999.00
5958	1500072059	3600		259.50		  40127558		-999.00
5959	1500056459	-15600		259.55		  40127558		-999.00
5950	1500074368	1200		264.83		  67254700		 90.00
5950	1500077968	3600		264.96		  71672032		 90.00
5950	1500081568	3600		264.85		  67977243		 90.00
5950	1500085168	3600		264.75		  64537660		 90.00
5950	1500088768	3600		264.48		  60991979		 90.00
5950	1500092368	3600		264.57		  58515268		 90.00
5950	1500095968	3600		264.45		  54637137		 90.00
5950	1500099568	3600		263.44		  51904802		 91.00
5950	1500103168	3600		263.36		  49383620		 91.00
5950	1500106768	3600		263.27		  46177305		 91.00
5950	1500110002	3234		263.12		  41459599		 88.50
5951	1500111202	1200		258.88		  41459599		-999.00
5952	1500114802	3600		259.07		  41459599		-999.00
5953	1500118402	3600		259.07		  41459599		-999.00
5954	1500122002	3600		259.07		  41459599		-999.00
5955	1500110002	-12000		258.88		  41459599		-999.00
5952	1500124010	1200		264.33		  75308117		 94.00
5952	1500127483	3473		265.15		  78119327		 96.50
5953	1500128683	1200		262.30		  78119327		-999.00
5954	1500132283	3600		262.30		  78119327		-999.00
5955	1500135883	3600		262.30		  78119327		-999.00
5956	1500139483	3600		262.30		  78119327		-999.00
5957	1500143083	3600		262.62		  78119327		-999.00
5958	1500146683	3600		262.62		  78119327		-999.00
5959	1500150283	3600		262.62		  78119327		-999.00
5960	1500153883	3600		259.61		  78119327		-999.00
5961	1500157483	3600		259.61		  78119327		-999.00
5962	1500161083	3600		259.61		  78119327		-999.00
5963	1500127483	-33600		259.81		  78119327		-999.00
5954	1500163174	1200		265.06		  74915913		 99.50
5954	1500166774	3600		265.20		  79743492		 99.50
5954	1500170374	3600		265.04		  74249007		 99.00
5954	1500172351	1977		265.01		  73418668		 99.00
5955	1500173551	1200		262.30		  73418668		-999.00
5956	1500177151	3600		262.30		  73418668		-999.00
5957	1500180751	3600		259.30		  73418668		-999.00
5958	1500184351	3600		259.13		  73418668		-999.00
5959	1500187951	3600		259.13		  73418668		-999.00
5960	1500191551	3600		259.13		  73418668		-999.00
5961	1500195151	3600		259.23		  73418668		-999.00
5962	1500198751	3600		259.23		  73418668		-999.00
5963	1500172351	-26400		259.81		  73418668		-999.00
5958	1500201824	1200		265.01		  73265668		100.00
5958	1500205424	3600		265.13		  77293129		100.50
5958	1500209024	3600		264.97		  71958388		100.50
5958	1500212624	3600		264.88		  69049506		100.50
5958	1500216224	3600		264.75		  64615357		100.50
5958	1500219824	3600		264.68		  62336145		 98.00
5958	1500221575	1751		264.60		  59716191		 98.00
5959	1500222775	1200		262.81		  59716191		-999.00
5960	1500226375	3600		262.81		  59716191		-999.00
5961	1500229975	3600		262.81		  59716191		-999.00
5962	1500233575	3600		262.81		  59716191		-999.00
5963	1500237175	3600		262.81		  59716191		-999.00
5964	1500240775	3600		262.81		  59716191		-999.00
5965	1500244375	3600		262.81		  59716191		-999.00
5966	1500247975	3600		262.81		  59716191		-999.00
5967	1500251575	3600		259.81		  59716191		-999.00
5968	1500255175	3600		259.81		  59716191		-999.00
5969	1500258775	3600		259.81		  59716191		-999.00
5970	1500262375	3600		259.81		  59716191		-999.00
5971	1500265975	3600		259.81		  59716191		-999.00
5972	1500269575	3600		259.81		  59716191		-999.00
5973	1500273175	3600		259.40		  59716191		-999.00
5974	1500276775	3600		259.40		  59716191		-999.00
5975	1500280375	3600		259.40		  59716191		-999.00
5976	1500283975	3600		259.40		  59716191		-999.00
5977	1500287575	3600		259.38		  59716191		-999.00
5978	1500291175	3600		259.38		  59716191		-999.00
5979	1500294775	3600		259.38		  59716191		-999.00
5980	1500298375	3600		255.80		  59716191		-999.00
5981	1500301975	3600		255.80		  59716191		-999.00
5982	1500305575	3600		255.48		  59716191		-999.00
5983	1500309175	3600		262.29		  59716191		-999.00
5984	1500312775	3600		262.29		  59716191		-999.00
5985	1500316375	3600		262.61		  59716191		-999.00
5986	1500319975	3600		262.73		  59716191		-999.00
5987	1500323575	3600		262.61		  59716191		-999.00
5988	1500327175	3600		262.61		  59716191		-999.00
5989	1500330775	3600		262.61		  59716191		-999.00
5990	1500334375	3600		262.61		  59716191		-999.00
5991	1500337975	3600		262.61		  59716191		-999.00
5992	1500341575	3600		259.47		  59716191		-999.00
5993	1500345175	3600		259.47		  59716191		-999.00
5994	1500221575	-123600		259.81		  59716191		-999.00
5960	1500347506	1200		264.75		  71355769		101.00
5960	1500351106	3600		264.63		  77821363		100.00
5960	1500354706	3600		264.98		  72286447		102.50
5960	1500358306	3600		264.62		  69229666		102.50
5960	1500361906	3600		264.51		  65485480		102.50
5960	1500363130	1224		264.43		  62771290		102.50
5961	1500364330	1200		262.41		  62771290		-999.00
5962	1500367930	3600		262.41		  62771290		-999.00
5963	1500371530	3600		262.70		  62771290		-999.00
5964	1500375130	3600		262.70		  62771290		-999.00
5965	1500378730	3600		262.55		  62771290		-999.00
5966	1500382330	3600		259.30		  62771290		-999.00
5967	1500385930	3600		259.30		  62771290		-999.00
5968	1500363130	-22800		259.54		  62771290		-999.00
5962	1500388072	1200		264.71		  80320581		105.00
5962	1500391672	3600		265.42		  87039959		107.50
5962	1500395272	3600		265.18		  81517011		107.50
5962	1500398872	3600		264.61		  77122138		 93.00
5962	1500402472	3600		264.73		  72555985		107.00
5962	1500406072	3600		264.60		  68235634		107.00
5962	1500409672	3600		264.57		  63052683		107.00
5962	1500413272	3600		264.46		  59879683		107.00
5962	1500416008	2736		264.36		  56564696		107.00
5963	1500417208	1200		262.47		  56564696		-999.00
5964	1500420808	3600		259.30		  56564696		-999.00
5965	1500416008	-4800		259.66		  56564696		-999.00
5963	1500425597	1200		265.27		  82120278		114.00
5963	1500429197	3600		264.94		  88093862		106.00
5963	1500430703	1506		265.45		  83938441		113.50
5964	1500431903	1200		262.30		  83938441		-999.00
5965	1500435503	3600		262.30		  83938441		-999.00
5966	1500439103	3600		259.30		  83938441		-999.00
5967	1500430703	-8400		259.93		  83938441		-999.00
5965	1500443005	1200		265.42		  87100878		112.00
5965	1500446605	3600		265.41		  86703634		114.50
5965	1500449205	2600		265.26		  83596838		114.00
5966	1500450405	1200		262.30		  83596838		-999.00
5967	1500454005	3600		259.30		  83596838		-999.00
5968	1500457605	3600		259.39		  83596838		-999.00
5969	1500449205	-8400		259.75		  83596838		-999.00
5966	1500459746	1200		265.49		  89457460		115.00
5966	1500459797	51		264.81		  66830796		115.00
5967	1500460997	1200		262.30		  66830796		-999.00
5968	1500464597	3600		259.30		  66830796		-999.00
5969	1500468197	3600		259.55		  66830796		-999.00
5970	1500471797	3600		259.54		  66830796		-999.00
5971	1500475397	3600		259.54		  66830796		-999.00
5972	1500478997	3600		259.59		  66830796		-999.00
5973	1500482597	3600		259.59		  66830796		-999.00
5974	1500486197	3600		259.54		  66830796		-999.00
5975	1500489797	3600		259.44		  66830796		-999.00
5976	1500493397	3600		259.44		  66830796		-999.00
5977	1500496997	3600		259.44		  66830796		-999.00
5978	1500500597	3600		259.44		  66830796		-999.00
5979	1500459797	-40800		259.81		  66830796		-999.00
5971	1500502325	1200		265.53		  93403799		117.00
5971	1500504042	1717		265.75		 100775471		117.00
5972	1500505242	1200		262.30		 100775471		-999.00
5973	1500508842	3600		259.30		 100775471		-999.00
5974	1500512442	3600		259.30		 100775471		-999.00
5975	1500516042	3600		259.30		 100775471		-999.00
5976	1500504042	-12000		259.72		 100775471		-999.00
5974	1500519366	1200		265.21		  79548219		115.00
5974	1500519389	23		263.02		   6672243		115.00
5975	1500520589	1200		262.59		   6672243		-999.00
5976	1500524189	3600		262.59		   6672243		-999.00
5977	1500527789	3600		262.58		   6672243		-999.00
5978	1500531389	3600		262.62		   6672243		-999.00
5979	1500534989	3600		262.62		   6672243		-999.00
5980	1500538589	3600		259.43		   6672243		-999.00
5981	1500542189	3600		259.43		   6672243		-999.00
5982	1500545789	3600		259.58		   6672243		-999.00
5983	1500519389	-26400		259.82		   6672243		-999.00
5976	1500548479	1200		265.53		  90641666		111.00
5976	1500552079	3600		265.07		  84666764		114.50
5976	1500555679	3600		265.20		  78698485		116.00
5976	1500559279	3600		265.13		  77281876		116.00
5976	1500562879	3600		265.00		  73125615		116.00
5976	1500566479	3600		264.91		  69991477		116.00
5976	1500570079	3600		264.76		  65084320		116.00
5976	1500573679	3600		264.64		  60909912		114.50
5976	1500577279	3600		264.49		  55835136		114.50
5976	1500580879	3600		264.43		  53979571		114.50
5976	1500584479	3600		264.30		  49769486		114.50
5976	1500588079	3600		264.22		  47004682		112.00
5976	1500591679	3600		264.13		  43982387		112.00
5976	1500595279	3600		264.07		  42002293		112.00
5976	1500598879	3600		263.98		  38888984		112.00
5976	1500602479	3600		263.92		  36844943		112.00
5976	1500602624	145		264.83		  67310481		112.00
5977	1500603824	1200		259.81		  67310481		-999.00
5978	1500607424	3600		262.81		  67310481		-999.00
5979	1500611024	3600		262.81		  67310481		-999.00
5980	1500614624	3600		262.81		  67310481		-999.00
5981	1500618224	3600		262.81		  67310481		-999.00
5982	1500621824	3600		262.81		  67310481		-999.00
5983	1500625424	3600		262.81		  67310481		-999.00
5984	1500629024	3600		259.81		  67310481		-999.00
5985	1500632624	3600		259.81		  67310481		-999.00
5986	1500636224	3600		259.81		  67310481		-999.00
5987	1500639824	3600		259.81		  67310481		-999.00
5988	1500643424	3600		259.81		  67310481		-999.00
5989	1500647024	3600		259.81		  67310481		-999.00
5990	1500602624	-44400		259.81		  67310481		-999.00
5979	1500650619	1200		265.62		  93814519		121.00
5979	1500654219	3600		265.10		  76408235		115.00
5979	1500657819	3600		264.42		  53592104		122.50
5979	1500661419	3600		265.18		  79049422		122.50
5979	1500665019	3600		265.05		  74735484		122.50
5979	1500668619	3600		264.93		  70560611		122.50
5979	1500672219	3600		264.78		  65731440		122.50
5979	1500675819	3600		264.67		  62149514		122.50
5979	1500679419	3600		264.49		  56014265		120.00
5979	1500683019	3600		264.44		  54342907		119.00
5979	1500686619	3600		264.34		  51096997		121.50
5979	1500690219	3600		264.26		  48182238		121.50
5979	1500693819	3600		264.13		  43959726		121.50
5979	1500697419	3600		259.81		  41629906		  7.00
5979	1500701019	3600		259.81		  39391838		  7.00
5979	1500704619	3600		259.58		  37129650		  7.00
5979	1500704995	376		259.58		  44365916		  7.00
5980	1500706195	1200		259.58		  44365916		-999.00
5981	1500709795	3600		259.69		  44365916		-999.00
5982	1500713395	3600		259.69		  44365916		-999.00
5983	1500704995	-8400		259.58		  44365916		-999.00
5980	1500717582	1200		263.92		  44672810		121.50
5980	1500721182	3600		263.99		  46937604		121.50
5980	1500724782	3600		263.92		  44598007		121.50
5980	1500728382	3600		263.88		  42528389		119.00
5980	1500731982	3600		263.78		  39492697		119.00
5980	1500735582	3600		263.70		  36779559		119.00
5980	1500739182	3600		263.58		  34265354		119.50
5980	1500740301	1119		263.28		  32574235		117.00
5981	1500741501	1200		262.30		  32574235		-999.00
5982	1500745101	3600		259.34		  32574235		-999.00
5983	1500748701	3600		262.56		  32574235		-999.00
5984	1500752301	3600		262.66		  32574235		-999.00
5985	1500755901	3600		262.66		  32574235		-999.00
5986	1500759501	3600		262.66		  32574235		-999.00
5987	1500763101	3600		262.66		  32574235		-999.00
5988	1500766701	3600		262.66		  32574235		-999.00
5989	1500770301	3600		262.66		  32574235		-999.00
5990	1500773901	3600		262.66		  32574235		-999.00
5991	1500777501	3600		262.66		  32574235		-999.00
5992	1500781101	3600		262.69		  32574235		-999.00
5993	1500784701	3600		262.63		  32574235		-999.00
5994	1500788301	3600		262.33		  32574235		-999.00
5995	1500791901	3600		262.59		  32574235		-999.00
5996	1500795501	3600		262.59		  32574235		-999.00
5997	1500799101	3600		262.66		  32574235		-999.00
5998	1500802701	3600		262.66		  32574235		-999.00
5999	1500806301	3600		262.61		  32574235		-999.00
6000	1500809901	3600		262.61		  32574235		-999.00
6001	1500813501	3600		262.61		  32574235		-999.00
6002	1500817101	3600		262.62		  32574235		-999.00
6003	1500820701	3600		259.47		  32574235		-999.00
6004	1500824301	3600		259.47		  32574235		-999.00
6005	1500827901	3600		262.47		  32574235		-999.00
6006	1500831501	3600		262.47		  32574235		-999.00
6007	1500835101	3600		262.61		  32574235		-999.00
6008	1500838701	3600		262.61		  32574235		-999.00
6009	1500842301	3600		262.61		  32574235		-999.00
6010	1500845901	3600		259.61		  32574235		-999.00
6011	1500849501	3600		259.61		  32574235		-999.00
6012	1500853101	3600		259.50		  32574235		-999.00
6013	1500740301	-112800		259.30		  32574235		-999.00
5984	1500855199	1200		265.56		  91584730		132.50
5984	1500858799	3600		265.83		  99415795		132.50
5984	1500862122	3323		259.30		  92663195		  7.00
5985	1500863322	1200		259.44		  92663195		-999.00
5986	1500866922	3600		255.71		  92663195		-999.00
5987	1500870522	3600		255.37		  92663195		-999.00
5988	1500874122	3600		255.37		  92663195		-999.00
5989	1500877722	3600		255.37		  92663195		-999.00
5990	1500881322	3600		255.37		  92663195		-999.00
5991	1500884922	3600		255.37		  92663195		-999.00
5992	1500888522	3600		258.58		  92663195		-999.00
5993	1500892122	3600		258.58		  92663195		-999.00
5994	1500895722	3600		258.58		  92663195		-999.00
5995	1500899322	3600		258.58		  92663195		-999.00
5996	1500902922	3600		258.58		  92663195		-999.00
5997	1500906522	3600		258.44		  92663195		-999.00
5998	1500910122	3600		258.44		  92663195		-999.00
5999	1500913722	3600		258.54		  92663195		-999.00
6000	1500917322	3600		258.54		  92663195		-999.00
6001	1500920922	3600		258.54		  92663195		-999.00
6002	1500924522	3600		258.48		  92663195		-999.00
6003	1500928122	3600		258.48		  92663195		-999.00
6004	1500931722	3600		258.48		  92663195		-999.00
6005	1500935322	3600		258.48		  92663195		-999.00
6006	1500938922	3600		258.48		  92663195		-999.00
6007	1500942522	3600		258.37		  92663195		-999.00
6008	1500946122	3600		258.25		  92663195		-999.00
6009	1500949722	3600		258.25		  92663195		-999.00
6010	1500953322	3600		258.25		  92663195		-999.00
6011	1500956922	3600		258.25		  92663195		-999.00
6012	1500960522	3600		258.57		  92663195		-999.00
6013	1500964122	3600		258.57		  92663195		-999.00
6014	1500967722	3600		258.55		  92663195		-999.00
6015	1500971322	3600		258.55		  92663195		-999.00
6016	1500974922	3600		258.55		  92663195		-999.00
6017	1500978522	3600		258.59		  92663195		-999.00
6018	1500982122	3600		258.59		  92663195		-999.00
6019	1500985722	3600		258.59		  92663195		-999.00
6020	1500989322	3600		258.59		  92663195		-999.00
6021	1500992922	3600		258.59		  92663195		-999.00
6022	1500996522	3600		258.59		  92663195		-999.00
6023	1501000122	3600		258.59		  92663195		-999.00
6024	1501003722	3600		258.59		  92663195		-999.00
6025	1501007322	3600		258.59		  92663195		-999.00
6026	1501010922	3600		258.59		  92663195		-999.00
6027	1501014522	3600		258.59		  92663195		-999.00
6028	1501018122	3600		258.59		  92663195		-999.00
6029	1501021722	3600		258.59		  92663195		-999.00
6030	1501025322	3600		258.59		  92663195		-999.00
6031	1501028922	3600		258.59		  92663195		-999.00
6032	1501032522	3600		258.59		  92663195		-999.00
6033	1501036122	3600		258.59		  92663195		-999.00
6034	1501039722	3600		258.59		  92663195		-999.00
6035	1501043322	3600		258.59		  92663195		-999.00
6036	1501046922	3600		258.59		  92663195		-999.00
6037	1501050522	3600		255.59		  92663195		-999.00
6038	1501054122	3600		259.63		  92663195		-999.00
6039	1501057722	3600		259.60		  92663195		-999.00
6040	1501061322	3600		259.58		  92663195		-999.00
6041	1501064922	3600		259.56		  92663195		-999.00
6042	1501068522	3600		259.59		  92663195		-999.00
6043	1501072122	3600		259.28		  92663195		-999.00
6044	1501075722	3600		259.56		  92663195		-999.00
6045	1501079322	3600		259.50		  92663195		-999.00
6046	1501082922	3600		259.62		  92663195		-999.00
6047	1501086522	3600		259.19		  92663195		-999.00
6048	1501090122	3600		259.58		  92663195		-999.00
6049	1501093722	3600		259.65		  92663195		-999.00
6050	1501097322	3600		259.65		  92663195		-999.00
6051	1501100922	3600		259.65		  92663195		-999.00
6052	1501104522	3600		259.65		  92663195		-999.00
6053	1501108122	3600		259.65		  92663195		-999.00
6054	1501111722	3600		259.65		  92663195		-999.00
6055	1501115322	3600		259.65		  92663195		-999.00
6056	1501118922	3600		259.65		  92663195		-999.00
6057	1501122522	3600		259.65		  92663195		-999.00
6058	1501126122	3600		262.65		  92663195		-999.00
6059	1501129722	3600		262.59		  92663195		-999.00
6060	1501133322	3600		262.58		  92663195		-999.00
6061	1501136922	3600		262.39		  92663195		-999.00
6062	1501140522	3600		262.58		  92663195		-999.00
6063	1501144122	3600		259.18		  92663195		-999.00
6064	1501147722	3600		259.60		  92663195		-999.00
6065	1500862122	-285600		259.44		  92663195		-999.00
6012	1501151852	1200		262.46		     10932		109.50
6012	1501155452	3600		262.50		     12802		109.50
6012	1501159052	3600		262.49		     12533		109.50
6012	1501162652	3600		262.51		     12153		109.50
6012	1501166252	3600		262.52		     12022		109.50
6012	1501169852	3600		262.51		     11742		109.50
6012	1501173452	3600		262.52		     11497		109.50
6012	1501177052	3600		262.49		     11404		109.50
6012	1501179889	2837		262.49		     11226		109.50
6013	1501181089	1200		262.58		     11226		-999.00
6014	1501184689	3600		262.58		     11226		-999.00
6015	1501188289	3600		259.55		     11226		-999.00
6016	1501191889	3600		262.62		     11226		-999.00
6017	1501195489	3600		259.61		     11226		-999.00
6018	1501179889	-15600		259.66		     11226		-999.00
6019	1501199509	1200		262.58		     11226		-999.00
6020	1501203109	3600		259.59		     11226		-999.00
6021	1501206709	3600		259.31		     11226		-999.00
6022	1501198309	-8400		259.61		     11226		-999.00
6016	1501207978	1200		262.47		     14926		109.50
6016	1501211578	3600		262.46		     17372		109.50
6016	1501215178	3600		262.47		     17293		109.50
6016	1501218778	3600		262.50		     17232		109.50
6016	1501222378	3600		262.59		     14886		112.50
6016	1501225978	3600		262.59		      6333		109.00
6016	1501229578	3600		262.51		     11341		112.00
6016	1501233178	3600		262.63		      7809		112.00
6016	1501236778	3600		262.43		     15169		107.00
6016	1501240378	3600		262.59		     11272		110.50
6016	1501243978	3600		262.50		      4847		109.50
6016	1501247578	3600		262.47		     17599		107.00
6016	1501251178	3600		262.50		     17598		107.00
6016	1501254778	3600		262.56		     15719		110.00
6016	1501258378	3600		262.47		     12675		107.50
6016	1501261978	3600		262.52		     13910		107.50
6016	1501265274	3296		262.50		      8005		107.50
6017	1501266474	1200		262.61		      8005		-999.00
6018	1501270074	3600		259.60		      8005		-999.00
6019	1501273674	3600		259.51		      8005		-999.00
6020	1501277274	3600		259.65		      8005		-999.00
6021	1501265274	-12000		259.50		      8005		-999.00
6022	1501280637	1200		262.50		      8005		-999.00
6023	1501284237	3600		262.50		      8005		-999.00
6024	1501287837	3600		262.51		      8005		-999.00
6025	1501291437	3600		259.39		      8005		-999.00
6026	1501295037	3600		259.58		      8005		-999.00
6027	1501298637	3600		259.60		      8005		-999.00
6028	1501279437	-19200		259.60		      8005		-999.00
6019	1501303329	1200		263.22		  21222242		112.00
6019	1501306929	3600		263.01		  18247633		109.00
6019	1501310529	3600		262.48		    347507		106.50
6019	1501314129	3600		262.47		    363662		106.50
6019	1501314368	239		259.47		    364342		  6.50
6020	1501315568	1200		258.89		    364342		-999.00
6021	1501319168	3600		259.29		    364342		-999.00
6022	1501322768	3600		259.53		    364342		-999.00
6023	1501314368	-8400		259.60		    364342		-999.00
6020	1501324283	1200		265.17		  86708889		127.50
6020	1501326979	2696		265.52		  92123671		130.00
6021	1501328179	1200		262.65		  92123671		-999.00
6022	1501331779	3600		262.66		  92123671		-999.00
6023	1501335379	3600		259.41		  92123671		-999.00
6024	1501338979	3600		259.54		  92123671		-999.00
6025	1501326979	-12000		259.83		  92123671		-999.00
6026	1501341526	1200		262.63		  92123671		-999.00
6027	1501345126	3600		259.62		  92123671		-999.00
6028	1501348726	3600		259.60		  92123671		-999.00
6029	1501352326	3600		259.61		  92123671		-999.00
6030	1501355926	3600		259.55		  92123671		-999.00
6031	1501340326	-15600		259.54		  92123671		-999.00
6024	1501358491	1200		265.16		  84659806		130.50
6024	1501362091	3600		265.37		  87019049		128.00
6024	1501365691	3600		265.22		  81693187		130.50
6024	1501369291	3600		265.12		  78930829		130.50
6024	1501372891	3600		265.00		  73701455		130.50
6024	1501376491	3600		264.84		  70515504		129.50
6024	1501380091	3600		264.67		  65113262		129.50
6024	1501383691	3600		264.52		  59954545		129.50
6024	1501387291	3600		264.48		  56601790		129.00
6024	1501390891	3600		264.33		  53712791		126.50
6024	1501394491	3600		264.20		  50398312		126.50
6024	1501398091	3600		264.09		  47346057		126.50
6024	1501401691	3600		263.87		  43736383		126.50
6024	1501405291	3600		263.83		  40688448		126.50
6024	1501408891	3600		263.77		  38506175		126.50
6024	1501412491	3600		263.70		  36125102		126.50
6024	1501415152	2661		263.65		  34498695		126.50
6025	1501416352	1200		259.39		  34498695		-999.00
6026	1501419952	3600		259.58		  34498695		-999.00
6027	1501423552	3600		259.54		  34498695		-999.00
6028	1501427152	3600		259.58		  34498695		-999.00
6029	1501430752	3600		259.59		  34498695		-999.00
6030	1501415152	-15600		259.55		  34498695		-999.00
6026	1501434493	1200		265.10		  81028608		137.00
6026	1501438093	3600		265.35		  86065003		139.50
6026	1501441693	3600		265.24		  81277026		139.50
6026	1501445293	3600		265.08		  77584891		137.00
6026	1501448893	3600		264.89		  72406062		137.00
6026	1501452493	3600		264.81		  68861246		137.00
6026	1501456093	3600		264.67		  64742717		137.00
6026	1501459693	3600		264.48		  58566584		137.00
6026	1501463293	3600		263.57		  55938370		116.00
6026	1501466893	3600		264.28		  53329525		137.00
6026	1501470493	3600		264.17		  50131168		137.00
6026	1501474093	3600		264.08		  46860786		137.00
6026	1501477693	3600		264.01		  44257056		134.50
6026	1501481293	3600		263.90		  42328805		134.50
6026	1501484893	3600		263.85		  39855953		134.50
6026	1501488493	3600		263.75		  38047921		134.50
6026	1501489502	1009		263.40		  29976595		132.50
6027	1501490702	1200		259.38		  29976595		-999.00
6028	1501494302	3600		259.01		  29976595		-999.00
6029	1501497902	3600		262.53		  29976595		-999.00
6030	1501501502	3600		262.53		  29976595		-999.00
6031	1501505102	3600		262.53		  29976595		-999.00
6032	1501508702	3600		258.97		  29976595		-999.00
6033	1501512302	3600		259.48		  29976595		-999.00
6034	1501489502	-22800		259.47		  29976595		-999.00
6030	1501514516	1200		265.20		  90355078		146.00
6030	1501518116	3600		265.28		  93190365		147.50
6030	1501521716	3600		265.13		  88310649		147.50
6030	1501522858	1142		265.00		  83697989		147.50
6055	1502183052	1200		265.09		  84176641		200.50
6055	1502185328	2276		265.52		  89914550		205.50
6056	1502186528	1200		262.31		  89914550		-999.00
6057	1502190128	3600		262.31		  89914550		-999.00
6058	1502193728	3600		262.31		  89914550		-999.00
6059	1502197328	3600		259.56		  89914550		-999.00
6060	1502200928	3600		259.31		  89914550		-999.00
6061	1502185328	-15600		259.82		  89914550		-999.00
6057	1502205563	1200		265.45		  87673168		208.00
6057	1502209163	3600		265.64		  93941086		208.00
6057	1502211662	2499		265.45		  87784407		205.50
6058	1502212862	1200		262.31		  87784407		-999.00
6059	1502216462	3600		262.56		  87784407		-999.00
6060	1502220062	3600		262.56		  87784407		-999.00
6061	1502223662	3600		262.56		  87784407		-999.00
6062	1502227262	3600		262.56		  87784407		-999.00
6063	1502230862	3600		259.56		  87784407		-999.00
6064	1502234462	3600		259.31		  87784407		-999.00
6065	1502238062	3600		262.56		  87784407		-999.00
6066	1502241662	3600		262.56		  87784407		-999.00
6067	1502245262	3600		259.31		  87784407		-999.00
6068	1502211662	-33600		259.82		  87784407		-999.00
6060	1502247988	1200		265.26		  81298847		206.50
6060	1502251588	3600		265.45		  87824013		206.00
6060	1502255188	3600		265.27		  81504093		203.50
6060	1502258788	3600		265.15		  77758790		202.00
6060	1502262388	3600		264.98		  72099984		202.00
6060	1502265988	3600		264.89		  68969755		204.50
6060	1502269588	3600		264.52		  65201724		203.00
6060	1502273188	3600		264.34		  59325015		200.50
6060	1502276788	3600		264.25		  56259741		200.50
6060	1502280388	3600		264.16		  53191887		200.50
6060	1502283988	3600		264.08		  50444970		200.50
6060	1502287588	3600		263.98		  47259342		198.00
6060	1502291188	3600		263.91		  44787995		198.00
6060	1502294788	3600		263.82		  41753341		198.00
6060	1502298367	3579		263.70		  37731587		194.50
6061	1502299567	1200		259.31		  37731587		-999.00
6062	1502303167	3600		259.31		  37731587		-999.00
6063	1502306767	3600		259.31		  37731587		-999.00
6064	1502298367	-8400		259.56		  37731587		-999.00
6061	1502309110	1200		265.65		  94384872		218.00
6061	1502312710	3600		265.87		 101671223		217.50
6061	1502316310	3600		265.69		  95722868		217.00
6061	1502319910	3600		265.49		  88984513		217.00
6061	1502323510	3600		265.34		  83839383		214.50
6061	1502327110	3600		265.19		  79062193		215.00
6061	1502330710	3600		265.05		  74312052		211.00
6061	1502334310	3600		264.89		  68860218		213.50
6061	1502337910	3600		264.74		  63960661		211.00
6061	1502341510	3600		264.54		  57393467		206.50
6061	1502341770	260		259.82		  57771329		  8.50
6062	1502342970	1200		262.81		  57771329		-999.00
6063	1502346570	3600		263.33		  57771329		-999.00
6064	1502350170	3600		262.77		  57771329		-999.00
6065	1502353770	3600		262.52		  57771329		-999.00
6066	1502357370	3600		262.26		  57771329		-999.00
6067	1502360970	3600		262.26		  57771329		-999.00
6068	1502364570	3600		262.52		  57771329		-999.00
6069	1502368170	3600		262.26		  57771329		-999.00
6070	1502371770	3600		262.77		  57771329		-999.00
6071	1502375370	3600		262.51		  57771329		-999.00
6072	1502378970	3600		262.51		  57771329		-999.00
6073	1502382570	3600		259.51		  57771329		-999.00
6074	1502386170	3600		259.25		  57771329		-999.00
6075	1502389770	3600		259.51		  57771329		-999.00
6076	1502393370	3600		259.25		  57771329		-999.00
6077	1502396970	3600		259.25		  57771329		-999.00
6078	1502400570	3600		259.51		  57771329		-999.00
6079	1502404170	3600		259.51		  57771329		-999.00
6080	1502407770	3600		259.51		  57771329		-999.00
6081	1502411370	3600		259.25		  57771329		-999.00
6082	1502414970	3600		259.25		  57771329		-999.00
6083	1502418570	3600		259.25		  57771329		-999.00
6084	1502422170	3600		259.25		  57771329		-999.00
6085	1502425770	3600		259.25		  57771329		-999.00
6086	1502429370	3600		259.51		  57771329		-999.00
6087	1502432970	3600		259.51		  57771329		-999.00
6088	1502436570	3600		259.51		  57771329		-999.00
6089	1502440170	3600		255.66		  57771329		-999.00
6090	1502443770	3600		255.66		  57771329		-999.00
6091	1502447370	3600		262.25		  57771329		-999.00
6092	1502450970	3600		262.54		  57771329		-999.00
6093	1502454570	3600		262.54		  57771329		-999.00
6094	1502458170	3600		259.54		  57771329		-999.00
6095	1502461770	3600		255.75		  57771329		-999.00
6096	1502465370	3600		255.75		  57771329		-999.00
6097	1502468970	3600		255.50		  57771329		-999.00
6098	1502472570	3600		255.50		  57771329		-999.00
6099	1502476170	3600		255.50		  57771329		-999.00
6100	1502479770	3600		255.50		  57771329		-999.00
6101	1502483370	3600		255.50		  57771329		-999.00
6102	1502486970	3600		257.86		  57771329		-999.00
6103	1502490570	3600		259.48		  57771329		-999.00
6104	1502494170	3600		259.48		  57771329		-999.00
6105	1502341770	-152400		259.82		  57771329		-999.00
6072	1502495493	1200		263.09		  20197538		190.50
6072	1502496145	652		263.07		  19482348		190.50
6073	1502497345	1200		262.48		  19482348		-999.00
6074	1502500945	3600		259.23		  19482348		-999.00
6075	1502504545	3600		259.23		  19482348		-999.00
6076	1502508145	3600		259.23		  19482348		-999.00
6077	1502511745	3600		259.23		  19482348		-999.00
6078	1502515345	3600		259.23		  19482348		-999.00
6079	1502518945	3600		259.23		  19482348		-999.00
6080	1502522545	3600		259.23		  19482348		-999.00
6081	1502526145	3600		259.23		  19482348		-999.00
6082	1502529745	3600		262.48		  19482348		-999.00
6083	1502533345	3600		262.48		  19482348		-999.00
6084	1502536945	3600		262.48		  19482348		-999.00
6085	1502540545	3600		262.48		  19482348		-999.00
6086	1502544145	3600		262.48		  19482348		-999.00
6087	1502547745	3600		262.48		  19482348		-999.00
6088	1502551345	3600		262.48		  19482348		-999.00
6089	1502554945	3600		262.48		  19482348		-999.00
6090	1502558545	3600		262.48		  19482348		-999.00
6091	1502562145	3600		262.48		  19482348		-999.00
6092	1502565745	3600		262.48		  19482348		-999.00
6093	1502569345	3600		262.48		  19482348		-999.00
6094	1502572945	3600		262.48		  19482348		-999.00
6095	1502576545	3600		262.48		  19482348		-999.00
6096	1502580145	3600		262.48		  19482348		-999.00
6097	1502583745	3600		262.48		  19482348		-999.00
6098	1502587345	3600		262.48		  19482348		-999.00
6099	1502590945	3600		262.48		  19482348		-999.00
6100	1502594545	3600		262.48		  19482348		-999.00
6101	1502598145	3600		262.48		  19482348		-999.00
6102	1502601745	3600		262.48		  19482348		-999.00
6103	1502605345	3600		259.48		  19482348		-999.00
6104	1502608945	3600		259.23		  19482348		-999.00
6105	1502612545	3600		259.48		  19482348		-999.00
6106	1502616145	3600		259.23		  19482348		-999.00
6107	1502619745	3600		259.23		  19482348		-999.00
6108	1502623345	3600		259.23		  19482348		-999.00
6109	1502626945	3600		259.23		  19482348		-999.00
6110	1502630545	3600		259.23		  19482348		-999.00
6111	1502634145	3600		259.23		  19482348		-999.00
6112	1502637745	3600		259.23		  19482348		-999.00
6113	1502641345	3600		259.23		  19482348		-999.00
6114	1502644945	3600		259.23		  19482348		-999.00
6115	1502648545	3600		259.23		  19482348		-999.00
6116	1502652145	3600		259.23		  19482348		-999.00
6117	1502655745	3600		259.23		  19482348		-999.00
6118	1502659345	3600		259.23		  19482348		-999.00
6119	1502662945	3600		259.23		  19482348		-999.00
6120	1502666545	3600		259.48		  19482348		-999.00
6121	1502496145	-170400		259.48		  19482348		-999.00
6079	1502668363	1200		263.07		  19492498		188.50
6079	1502671963	3600		263.10		  20343743		188.50
6079	1502675563	3600		259.48		  18881653		  8.00
6079	1502677876	2313		259.48		  17418596		  8.00
6080	1502679076	1200		259.23		  17418596		-999.00
6081	1502682676	3600		259.23		  17418596		-999.00
6082	1502686276	3600		259.48		  17418596		-999.00
6083	1502689876	3600		259.48		  17418596		-999.00
6084	1502693476	3600		259.48		  17418596		-999.00
6085	1502697076	3600		259.48		  17418596		-999.00
6086	1502700676	3600		259.48		  17418596		-999.00
6087	1502704276	3600		259.48		  17418596		-999.00
6088	1502677876	-26400		259.48		  17418596		-999.00
6082	1502706560	1200		263.51		  34259887		196.00
6082	1502710160	3600		263.56		  35820238		193.50
6082	1502713760	3600		263.48		  33033928		193.50
6082	1502717360	3600		263.40		  30422173		193.50
6082	1502720960	3600		263.36		  29059844		193.50
6082	1502724560	3600		263.30		  27035675		191.00
6082	1502727074	2514		263.22		  24345966		188.50
6083	1502728274	1200		259.23		  24345966		-999.00
6084	1502731874	3600		259.48		  24345966		-999.00
6085	1502735474	3600		259.48		  24345966		-999.00
6086	1502739074	3600		259.23		  24345966		-999.00
6087	1502727074	-12000		259.48		  24345966		-999.00
6084	1502740616	1200		263.68		  39961310		198.00
6084	1502744216	3600		263.73		  41499252		195.50
6084	1502747816	3600		263.65		  38780732		195.50
6084	1502751416	3600		263.58		  36345117		195.50
6084	1502755016	3600		263.51		  34303969		195.50
6084	1502758616	3600		263.45		  32145404		195.50
6084	1502761052	2436		263.35		  28933349		194.00
6085	1502762252	1200		259.23		  28933349		-999.00
6086	1502765852	3600		259.23		  28933349		-999.00
6087	1502769452	3600		259.23		  28933349		-999.00
6088	1502773052	3600		259.48		  28933349		-999.00
6089	1502761052	-12000		259.48		  28933349		-999.00
6086	1502777812	1200		263.87		  46142187		200.00
6086	1502781412	3600		263.91		  47623996		200.00
6086	1502785012	3600		263.80		  43753659		200.00
6086	1502786673	1661		263.77		  42895286		200.00
6087	1502787873	1200		262.48		  42895286		-999.00
6088	1502791473	3600		262.48		  42895286		-999.00
6089	1502795073	3600		262.48		  42895286		-999.00
6090	1502798673	3600		262.48		  42895286		-999.00
6091	1502802273	3600		259.48		  42895286		-999.00
6092	1502805873	3600		259.23		  42895286		-999.00
6093	1502809473	3600		259.48		  42895286		-999.00
6094	1502813073	3600		259.48		  42895286		-999.00
6095	1502816673	3600		259.23		  42895286		-999.00
6096	1502820273	3600		259.23		  42895286		-999.00
6097	1502823873	3600		259.23		  42895286		-999.00
6098	1502827473	3600		259.23		  42895286		-999.00
6099	1502831073	3600		259.48		  42895286		-999.00
6100	1502786673	-44400		259.48		  42895286		-999.00
6089	1502832382	1200		263.81		  44270844		203.50
6089	1502835982	3600		263.88		  46518677		201.00
6089	1502839582	3600		263.79		  43408631		201.00
6089	1502843182	3600		263.71		  40669236		198.50
6089	1502846782	3600		263.64		  38433728		198.50
6089	1502850382	3600		263.57		  36000277		198.50
6089	1502853982	3600		263.50		  33801477		198.50
6089	1502855100	1118		263.31		  27371217		196.50
6090	1502856300	1200		259.48		  27371217		-999.00
6091	1502859900	3600		259.23		  27371217		-999.00
6092	1502863500	3600		259.23		  27371217		-999.00
6093	1502867100	3600		259.23		  27371217		-999.00
6094	1502855100	-12000		259.48		  27371217		-999.00
6090	1502868595	1200		264.09		  53454959		205.00
6090	1502872195	3600		264.18		  56358944		205.00
6090	1502875795	3600		264.04		  51754686		205.00
6090	1502879395	3600		263.97		  49351019		205.00
6090	1502882995	3600		263.85		  45504214		205.00
6090	1502886595	3600		263.79		  43501629		205.00
6090	1502888937	2342		263.71		  40966528		205.00
6091	1502890137	1200		262.48		  40966528		-999.00
6092	1502893737	3600		259.48		  40966528		-999.00
6093	1502897337	3600		259.48		  40966528		-999.00
6094	1502888937	-8400		259.48		  40966528		-999.00
6091	1502901605	1200		264.28		  59868764		209.50
6091	1502905205	3600		264.18		  56608494		209.50
6091	1502908805	3600		264.10		  53870315		209.50
6091	1502912405	3600		264.02		  51307786		207.00
6091	1502916005	3600		263.91		  47422948		207.00
6091	1502919605	3600		263.84		  45313703		207.00
6091	1502922925	3320		263.70		  40483294		204.50
6092	1502924125	1200		259.48		  40483294		-999.00
6093	1502927725	3600		259.23		  40483294		-999.00
6094	1502931325	3600		259.48		  40483294		-999.00
6095	1502934925	3600		259.48		  40483294		-999.00
6096	1502938525	3600		259.48		  40483294		-999.00
6097	1502922925	-15600		259.48		  40483294		-999.00
6093	1502941808	1200		264.18		  56617068		212.50
6093	1502945408	3600		264.23		  58154097		212.50
6093	1502948442	3034		264.13		  54872838		210.00
6094	1502949642	1200		262.48		  54872838		-999.00
6095	1502953242	3600		262.48		  54872838		-999.00
6096	1502956842	3600		259.48		  54872838		-999.00
6097	1502960442	3600		259.23		  54872838		-999.00
6098	1502948442	-12000		259.48		  54872838		-999.00
6094	1502961961	1200		264.17		  56309265		215.00
6094	1502965561	3600		264.29		  60094327		212.50
6094	1502967522	1961		264.19		  56766581		212.50
6095	1502968722	1200		262.23		  56766581		-999.00
6096	1502972322	3600		259.23		  56766581		-999.00
6097	1502975922	3600		259.48		  56766581		-999.00
6098	1502967522	-8400		259.48		  56766581		-999.00
6096	1502978179	1200		264.18		  56435072		214.00
6096	1502981779	3600		264.26		  59316161		214.00
6096	1502985379	3600		264.15		  55618888		213.50
6096	1502988529	3150		264.07		  52990699		211.00
6097	1502989729	1200		262.48		  52990699		-999.00
6098	1502993329	3600		259.23		  52990699		-999.00
6099	1502996929	3600		259.23		  52990699		-999.00
6100	1502988529	-8400		259.48		  52990699		-999.00
6097	1503000146	1200		264.12		  54505764		214.50
6097	1503003746	3600		264.23		  58092112		209.50
6097	1503007346	3600		264.10		  53975124		214.50
6097	1503010946	3600		264.03		  51410888		212.00
6097	1503014546	3600		263.92		  47929794		212.00
6097	1503018146	3600		263.87		  46037590		209.50
6097	1503021746	3600		263.79		  43348511		212.00
6097	1503025346	3600		263.69		  40205231		212.00
6097	1503028946	3600		263.63		  38207312		209.50
6097	1503032546	3600		263.58		  36402227		212.00
6097	1503036146	3600		263.52		  34609524		209.50
6097	1503039746	3600		263.47		  32671626		209.50
6097	1503043346	3600		259.48		  29751297		  8.50
6097	1503044345	999		259.48		  29903924		  8.50
6098	1503045545	1200		259.23		  29903924		-999.00
6099	1503049145	3600		259.48		  29903924		-999.00
6100	1503052745	3600		259.48		  29903924		-999.00
6101	1503044345	-8400		259.48		  29903924		-999.00
6098	1503054017	1200		264.28		  59824362		220.00
6098	1503057617	3600		264.34		  61881397		220.00
6098	1503060648	3031		264.23		  58244924		220.00
6099	1503061848	1200		262.48		  58244924		-999.00
6100	1503065448	3600		259.23		  58244924		-999.00
6101	1503069048	3600		259.23		  58244924		-999.00
6102	1503072648	3600		259.23		  58244924		-999.00
6103	1503076248	3600		259.23		  58244924		-999.00
6104	1503079848	3600		262.50		  58244924		-999.00
6105	1503083448	3600		262.50		  58244924		-999.00
6106	1503087048	3600		259.24		  58244924		-999.00
6107	1503090648	3600		259.24		  58244924		-999.00
6108	1503094248	3600		259.24		  58244924		-999.00
6109	1503097848	3600		259.24		  58244924		-999.00
6110	1503101448	3600		259.24		  58244924		-999.00
6111	1503105048	3600		259.50		  58244924		-999.00
6112	1503108648	3600		259.24		  58244924		-999.00
6113	1503112248	3600		259.24		  58244924		-999.00
6114	1503115848	3600		259.24		  58244924		-999.00
6115	1503119448	3600		259.24		  58244924		-999.00
6116	1503123048	3600		259.24		  58244924		-999.00
6117	1503126648	3600		259.24		  58244924		-999.00
6118	1503130248	3600		259.24		  58244924		-999.00
6119	1503133848	3600		259.50		  58244924		-999.00
6120	1503060648	-73200		259.48		  58244924		-999.00
6104	1503135070	1200		263.98		  49661829		216.50
6104	1503138670	3600		264.04		  51390326		216.50
6104	1503142270	3600		263.93		  47928424		214.00
6104	1503145870	3600		263.87		  45698426		214.00
6104	1503149470	3600		263.77		  42551521		214.00
6104	1503153070	3600		263.71		  40661897		211.50
6104	1503156670	3600		263.64		  38001444		213.00
6104	1503160270	3600		263.56		  35385646		213.00
6104	1503163870	3600		263.51		  33808687		213.00
6104	1503167470	3600		259.50		  30913211		  8.50
6104	1503168259	789		259.50		  31037668		  8.50
6105	1503169459	1200		259.24		  31037668		-999.00
6106	1503173059	3600		259.24		  31037668		-999.00
6107	1503168259	-4800		259.50		  31037668		-999.00
6105	1503177567	1200		264.11		  53791313		222.50
6105	1503181167	3600		264.15		  55296244		219.50
6105	1503184767	3600		264.07		  52534920		219.50
6105	1503188367	3600		263.97		  49192044		219.50
6105	1503189370	1003		263.90		  46776612		219.50
6106	1503190570	1200		262.50		  46776612		-999.00
6107	1503194170	3600		262.50		  46776612		-999.00
6108	1503197770	3600		262.50		  46776612		-999.00
6109	1503201370	3600		262.50		  46776612		-999.00
6110	1503204970	3600		262.50		  46776612		-999.00
6111	1503208570	3600		262.50		  46776612		-999.00
6112	1503212170	3600		262.50		  46776612		-999.00
6113	1503215770	3600		262.50		  46776612		-999.00
6114	1503219370	3600		262.50		  46776612		-999.00
6115	1503222970	3600		259.50		  46776612		-999.00
6116	1503226570	3600		259.24		  46776612		-999.00
6117	1503230170	3600		259.24		  46776612		-999.00
6118	1503189370	-40800		259.50		  46776612		-999.00
6106	1503232246	1200		264.03		  51107646		220.50
6106	1503235846	3600		264.14		  54837407		220.00
6106	1503239446	3600		264.03		  51156817		220.00
6106	1503243046	3600		263.97		  49019449		220.00
6106	1503246646	3600		263.87		  45783680		220.00
6106	1503250246	3600		263.81		  43932995		212.50
6106	1503253846	3600		263.73		  41197005		217.50
6106	1503257446	3600		263.66		  38788409		217.50
6106	1503261046	3600		263.59		  36551391		217.50
6106	1503264646	3600		263.55		  35291915		217.50
6106	1503268246	3600		263.49		  33068625		217.50
6106	1503271846	3600		263.44		  31509123		215.00
6106	1503275446	3600		263.39		  29890882		217.50
6106	1503277270	1824		259.50		  26247637		  8.50
6107	1503278470	1200		259.24		  26247637		-999.00
6108	1503282070	3600		259.24		  26247637		-999.00
6109	1503285670	3600		259.24		  26247637		-999.00
6110	1503289270	3600		259.24		  26247637		-999.00
6111	1503292870	3600		259.24		  26247637		-999.00
6112	1503296470	3600		259.50		  26247637		-999.00
6113	1503300070	3600		259.50		  26247637		-999.00
6114	1503303670	3600		259.50		  26247637		-999.00
6115	1503307270	3600		259.50		  26247637		-999.00
6116	1503310870	3600		259.24		  26247637		-999.00
6117	1503277270	-33600		259.50		  26247637		-999.00
6110	1503315145	1200		263.93		  47690077		222.50
6110	1503318745	3600		264.02		  50899251		222.50
6110	1503322345	3600		263.91		  47000640		220.00
6110	1503325945	3600		263.82		  44220357		215.00
6110	1503329545	3600		263.75		  41827508		220.00
6110	1503333145	3600		263.68		  39443053		215.00
6110	1503336745	3600		263.59		  36535535		220.00
6110	1503340345	3600		263.53		  34465154		220.00
6110	1503343945	3600		263.60		  32382137		217.50
6110	1503347545	3600		263.55		  30836004		217.50
6110	1503351145	3600		263.49		  28941443		217.50
6110	1503354745	3600		263.45		  27373898		217.50
6110	1503357979	3234		259.62		  24781206		  8.50
6111	1503359179	1200		259.37		  24781206		-999.00
6112	1503362779	3600		259.37		  24781206		-999.00
6113	1503366379	3600		259.62		  24781206		-999.00
6114	1503369979	3600		259.37		  24781206		-999.00
6115	1503373579	3600		259.62		  24781206		-999.00
6116	1503377179	3600		259.37		  24781206		-999.00
6117	1503380779	3600		259.62		  24781206		-999.00
6118	1503357979	-22800		259.62		  24781206		-999.00
6114	1503385533	1200		264.31		  56126209		224.50
6114	1503389133	3600		264.15		  50867716		227.00
6114	1503392733	3600		264.10		  49158338		224.50
6114	1503392777	44		263.44		  27130439		224.50
6115	1503393977	1200		256.34		  27130439		-999.00
6116	1503397577	3600		262.17		  27130439		-999.00
6117	1503401177	3600		262.69		  27130439		-999.00
6118	1503404777	3600		259.69		  27130439		-999.00
6119	1503408377	3600		259.69		  27130439		-999.00
6120	1503411977	3600		259.44		  27130439		-999.00
6121	1503415577	3600		262.69		  27130439		-999.00
6122	1503419177	3600		262.69		  27130439		-999.00
6123	1503422777	3600		259.18		  27130439		-999.00
6124	1503426377	3600		259.18		  27130439		-999.00
6125	1503429977	3600		259.18		  27130439		-999.00
6126	1503433577	3600		259.18		  27130439		-999.00
6127	1503392777	-40800		259.62		  27130439		-999.00
6116	1503438045	1200		263.96		  42336461		220.00
6116	1503441645	3600		264.24		  51642818		222.50
6116	1503445245	3600		264.04		  44919949		222.50
6116	1503448845	3600		263.89		  40019753		222.50
6116	1503452445	3600		263.81		  37375985		222.50
6116	1503456045	3600		263.77		  36009838		220.00
6116	1503457583	1538		263.73		  34774199		220.00
6117	1503458783	1200		262.69		  34774199		-999.00
6118	1503462383	3600		262.69		  34774199		-999.00
6119	1503465983	3600		262.18		  34774199		-999.00
6120	1503469583	3600		259.69		  34774199		-999.00
6121	1503473183	3600		262.69		  34774199		-999.00
6122	1503476783	3600		259.69		  34774199		-999.00
6123	1503480383	3600		259.18		  34774199		-999.00
6124	1503457583	-22800		259.69		  34774199		-999.00
6119	1503484978	1200		264.11		  47053309		228.00
6119	1503488578	3600		264.24		  51464758		225.50
6119	1503492178	3600		264.12		  47243331		225.50
6119	1503495778	3600		264.06		  45286444		225.50
6119	1503499378	3600		263.96		  41904811		223.00
6119	1503502978	3600		263.91		  40297722		225.50
6119	1503505045	2067		263.85		  38270000		225.50
6120	1503506245	1200		262.70		  38270000		-999.00
6121	1503509845	3600		259.18		  38270000		-999.00
6122	1503513445	3600		259.18		  38270000		-999.00
6123	1503517045	3600		262.18		  38270000		-999.00
6124	1503520645	3600		259.18		  38270000		-999.00
6125	1503524245	3600		259.18		  38270000		-999.00
6126	1503527845	3600		262.69		  38270000		-999.00
6127	1503531445	3600		259.18		  38270000		-999.00
6128	1503535045	3600		259.18		  38270000		-999.00
6129	1503538645	3600		259.18		  38270000		-999.00
6130	1503505045	-33600		259.70		  38270000		-999.00
6123	1503542533	1200		265.06		  79094912		239.50
6123	1503542966	433		265.39		  89998431		239.50
6124	1503544166	1200		262.69		  89998431		-999.00
6125	1503547766	3600		262.69		  89998431		-999.00
6126	1503551366	3600		262.69		  89998431		-999.00
6127	1503554966	3600		262.69		  89998431		-999.00
6128	1503558566	3600		262.69		  89998431		-999.00
6129	1503562166	3600		262.69		  89998431		-999.00
6130	1503565766	3600		259.69		  89998431		-999.00
6131	1503569366	3600		259.18		  89998431		-999.00
6132	1503572966	3600		259.18		  89998431		-999.00
6133	1503576566	3600		259.44		  89998431		-999.00
6134	1503580166	3600		259.18		  89998431		-999.00
6135	1503583766	3600		262.18		  89998431		-999.00
6136	1503587366	3600		262.18		  89998431		-999.00
6137	1503590966	3600		262.18		  89998431		-999.00
6138	1503594566	3600		262.69		  89998431		-999.00
6139	1503598166	3600		262.69		  89998431		-999.00
6140	1503601766	3600		262.69		  89998431		-999.00
6141	1503605366	3600		262.69		  89998431		-999.00
6142	1503608966	3600		262.69		  89998431		-999.00
6143	1503612566	3600		262.69		  89998431		-999.00
6144	1503616166	3600		262.69		  89998431		-999.00
6145	1503619766	3600		262.69		  89998431		-999.00
6146	1503623366	3600		262.69		  89998431		-999.00
6147	1503626966	3600		262.69		  89998431		-999.00
6148	1503630566	3600		262.69		  89998431		-999.00
6149	1503634166	3600		262.69		  89998431		-999.00
6150	1503637766	3600		262.18		  89998431		-999.00
6151	1503641366	3600		262.18		  89998431		-999.00
6152	1503644966	3600		262.18		  89998431		-999.00
6153	1503648566	3600		262.18		  89998431		-999.00
6154	1503652166	3600		262.18		  89998431		-999.00
6155	1503655766	3600		262.18		  89998431		-999.00
6156	1503659366	3600		262.18		  89998431		-999.00
6157	1503662966	3600		262.18		  89998431		-999.00
6158	1503666566	3600		262.18		  89998431		-999.00
6159	1503670166	3600		262.18		  89998431		-999.00
6160	1503673766	3600		262.18		  89998431		-999.00
6161	1503677366	3600		262.18		  89998431		-999.00
6162	1503680966	3600		262.18		  89998431		-999.00
6163	1503684566	3600		262.18		  89998431		-999.00
6164	1503688166	3600		262.18		  89998431		-999.00
6165	1503691766	3600		262.18		  89998431		-999.00
6166	1503695366	3600		262.69		  89998431		-999.00
6167	1503698966	3600		259.18		  89998431		-999.00
6168	1503702566	3600		259.18		  89998431		-999.00
6169	1503706166	3600		259.18		  89998431		-999.00
6170	1503709766	3600		259.69		  89998431		-999.00
6171	1503713366	3600		259.44		  89998431		-999.00
6172	1503716966	3600		259.18		  89998431		-999.00
6173	1503720566	3600		259.18		  89998431		-999.00
6174	1503724166	3600		259.18		  89998431		-999.00
6175	1503727766	3600		259.18		  89998431		-999.00
6176	1503731366	3600		259.18		  89998431		-999.00
6177	1503734966	3600		259.18		  89998431		-999.00
6178	1503738566	3600		259.18		  89998431		-999.00
6179	1503742166	3600		259.18		  89998431		-999.00
6180	1503745766	3600		259.69		  89998431		-999.00
6181	1503542966	-202800		259.69		  89998431		-999.00
6136	1503749744	1200		263.70		  33558138		231.50
6136	1503753344	3600		263.74		  35026156		218.00
6136	1503756944	3600		263.67		  32551147		218.00
6136	1503760544	3600		263.62		  30902060		218.00
6136	1503764144	3600		263.55		  28805918		218.00
6136	1503767181	3037		263.51		  27432950		218.00
6137	1503768381	1200		262.69		  27432950		-999.00
6138	1503771981	3600		262.69		  27432950		-999.00
6139	1503775581	3600		262.69		  27432950		-999.00
6140	1503779181	3600		262.18		  27432950		-999.00
6141	1503782781	3600		262.18		  27432950		-999.00
6142	1503786381	3600		262.18		  27432950		-999.00
6143	1503789981	3600		262.18		  27432950		-999.00
6144	1503793581	3600		262.18		  27432950		-999.00
6145	1503797181	3600		262.69		  27432950		-999.00
6146	1503800781	3600		262.69		  27432950		-999.00
6147	1503804381	3600		262.69		  27432950		-999.00
6148	1503807981	3600		262.69		  27432950		-999.00
6149	1503811581	3600		262.69		  27432950		-999.00
6150	1503815181	3600		259.18		  27432950		-999.00
6151	1503818781	3600		259.18		  27432950		-999.00
6152	1503767181	-51600		259.69		  27432950		-999.00
6138	1503820254	1200		263.88		  39789133		224.50
6138	1503823854	3600		263.96		  42419973		222.00
6138	1503827454	3600		263.86		  39066801		222.00
6138	1503831054	3600		263.80		  36911892		222.00
6138	1503831666	612		263.79		  36642929		222.00
6139	1503832866	1200		262.69		  36642929		-999.00
6140	1503836466	3600		259.18		  36642929		-999.00
6141	1503840066	3600		259.69		  36642929		-999.00
6142	1503843666	3600		262.70		  36642929		-999.00
6143	1503847266	3600		259.18		  36642929		-999.00
6144	1503850866	3600		259.18		  36642929		-999.00
6145	1503831666	-19200		259.69		  36642929		-999.00
6140	1503852135	1200		264.33		  54700231		229.50
6140	1503855735	3600		264.39		  56558541		229.50
6140	1503859335	3600		264.28		  52841962		227.00
6140	1503862935	3600		264.17		  49338410		227.00
6140	1503866535	3600		264.06		  45529253		227.00
6140	1503870135	3600		263.98		  42859926		227.00
6140	1503873735	3600		263.89		  40150553		227.00
6140	1503877335	3600		263.81		  37330141		224.50
6140	1503880935	3600		263.75		  35295015		224.50
6140	1503884535	3600		263.71		  33926963		224.50
6140	1503888135	3600		263.64		  31678110		224.50
6140	1503891735	3600		263.59		  30151239		224.50
6140	1503895335	3600		263.54		  28448930		224.50
6140	1503898935	3600		263.50		  27134614		222.00
6140	1503899521	586		259.69		  25989047		  8.00
6141	1503900721	1200		259.69		  25989047		-999.00
6142	1503904321	3600		259.18		  25989047		-999.00
6143	1503907921	3600		259.18		  25989047		-999.00
6144	1503899521	-8400		259.69		  25989047		-999.00
6141	1503909698	1200		264.23		  51191543		230.50
6141	1503912502	2804		264.30		  53519683		233.00
6142	1503913702	1200		262.69		  53519683		-999.00
6143	1503917302	3600		259.69		  53519683		-999.00
6144	1503920902	3600		259.18		  53519683		-999.00
6145	1503912502	-8400		259.69		  53519683		-999.00
6142	1503923523	1200		264.30		  53541233		235.00
6142	1503927123	3600		264.36		  55700409		232.50
6142	1503930723	3600		264.23		  51324379		232.00
6142	1503934323	3600		264.14		  48465326		232.00
6142	1503937923	3600		264.04		  44945491		229.00
6142	1503941523	3600		263.98		  42993083		231.50
6142	1503945123	3600		263.88		  39553222		229.00
6142	1503948723	3600		263.81		  37187975		229.00
6142	1503952323	3600		263.74		  35099150		229.00
6142	1503955923	3600		263.69		  33187659		229.00
6142	1503959523	3600		263.63		  31224492		229.00
6142	1503963123	3600		263.58		  29588592		229.00
6142	1503966723	3600		263.52		  27778497		226.50
6142	1503970323	3600		263.49		  26524210		226.50
6142	1503973432	3109		263.41		  24022116		226.50
6143	1503974632	1200		259.18		  24022116		-999.00
6144	1503978232	3600		259.18		  24022116		-999.00
6145	1503981832	3600		259.18		  24022116		-999.00
6146	1503973432	-8400		259.69		  24022116		-999.00
6143	1503983640	1200		264.24		  51662983		239.00
6143	1503987240	3600		264.30		  53754723		236.50
6143	1503990840	3600		264.17		  49463637		236.50
6143	1503994440	3600		264.12		  47760905		236.50
6143	1503998040	3600		264.01		  43888236		236.50
6143	1504001640	3600		263.95		  42078709		234.00
6143	1504005240	3600		263.87		  39320385		234.00
6143	1504008840	3600		263.80		  36899277		234.00
6143	1504012440	3600		263.74		  34917360		234.00
6143	1504016040	3600		263.69		  33365142		234.00
6143	1504019640	3600		263.64		  31570943		231.50
6143	1504023240	3600		263.58		  29827885		231.50
6143	1504026840	3600		263.54		  28418641		231.50
6143	1504030440	3600		263.47		  25869471		228.00
6143	1504032055	1615		259.69		  25731922		  8.00
6144	1504033255	1200		259.18		  25731922		-999.00
6145	1504036855	3600		259.18		  25731922		-999.00
6146	1504040455	3600		259.18		  25731922		-999.00
6147	1504044055	3600		259.17		  25731922		-999.00
6148	1504047655	3600		259.18		  25731922		-999.00
6149	1504051255	3600		259.69		  25731922		-999.00
6150	1504054855	3600		259.18		  25731922		-999.00
6151	1504032055	-22800		259.69		  25731922		-999.00
6146	1504058391	1200		264.20		  50474767		241.00
6146	1504058494	103		264.32		  54319717		241.00
6147	1504059694	1200		262.69		  54319717		-999.00
6148	1504063294	3600		259.18		  54319717		-999.00
6149	1504066894	3600		259.18		  54319717		-999.00
6150	1504058494	-8400		259.69		  54319717		-999.00
6147	1504069663	1200		264.25		  51934361		232.50
6147	1504073263	3600		264.37		  55855822		232.00
6147	1504076863	3600		264.23		  51388506		241.50
6147	1504080463	3600		264.14		  48306400		239.00
6147	1504084063	3600		264.05		  45291797		239.00
6147	1504087663	3600		263.97		  42779328		239.00
6147	1504091263	3600		263.89		  40162811		236.50
6147	1504094863	3600		263.84		  38220860		236.50
6147	1504098463	3600		263.77		  35923840		236.50
6147	1504102063	3600		263.71		  34025836		236.50
6147	1504105663	3600		263.64		  31659334		236.50
6147	1504109263	3600		263.59		  30083218		236.50
6147	1504112863	3600		263.54		  28407628		236.50
6147	1504116463	3600		263.50		  27029606		234.00
6147	1504120063	3600		259.69		  24623844		  8.50
6147	1504120694	631		259.69		  26214022		  8.50
6148	1504121894	1200		259.18		  26214022		-999.00
6149	1504125494	3600		262.69		  26214022		-999.00
6150	1504129094	3600		262.69		  26214022		-999.00
6151	1504132694	3600		259.18		  26214022		-999.00
6152	1504136294	3600		259.18		  26214022		-999.00
6153	1504139894	3600		259.18		  26214022		-999.00
6154	1504143494	3600		259.18		  26214022		-999.00
6155	1504147094	3600		259.18		  26214022		-999.00
6156	1504150694	3600		259.18		  26214022		-999.00
6157	1504154294	3600		262.69		  26214022		-999.00
6158	1504157894	3600		262.69		  26214022		-999.00
6159	1504161494	3600		262.69		  26214022		-999.00
6160	1504165094	3600		262.69		  26214022		-999.00
6161	1504168694	3600		259.69		  26214022		-999.00
6162	1504172294	3600		259.69		  26214022		-999.00
6163	1504120694	-51600		259.69		  26214022		-999.00
6152	1504175837	1200		263.88		  39745676		251.50
6152	1504179437	3600		263.93		  41339930		251.50
6152	1504183037	3600		263.85		  38558249		249.00
6152	1504186637	3600		263.77		  36145118		249.00
6152	1504190237	3600		263.71		  34014994		249.00
6152	1504193837	3600		263.65		  32064764		249.00
6152	1504197079	3242		259.69		  29124734		  8.00
6153	1504198279	1200		259.18		  29124734		-999.00
6154	1504201879	3600		259.18		  29124734		-999.00
6155	1504205479	3600		259.69		  29124734		-999.00
6156	1504209079	3600		259.18		  29124734		-999.00
6157	1504212679	3600		259.69		  29124734		-999.00
6158	1504216279	3600		259.18		  29124734		-999.00
6159	1504197079	-19200		259.69		  29124734		-999.00
6155	1504220201	1200		263.93		  41183315		255.00
6155	1504221588	1387		264.05		  45416830		252.50
6156	1504222788	1200		259.69		  45416830		-999.00
6157	1504226388	3600		259.18		  45416830		-999.00
6158	1504221588	-4800		259.69		  45416830		-999.00
6156	1504230731	1200		263.92		  40960386		253.50
6156	1504234331	3600		263.96		  42198195		251.00
6156	1504237931	3600		263.87		  39415684		251.00
6156	1504241531	3600		263.80		  37028907		251.00
6156	1504245131	3600		263.73		  34528017		251.00
6156	1504248731	3600		263.67		  32774969		251.00
6156	1504252331	3600		263.61		  30701139		251.00
6156	1504255931	3600		263.55		  28673936		248.50
6156	1504259531	3600		263.48		  26362637		241.00
6156	1504260509	978		263.44		  25038003		249.00
6157	1504261709	1200		259.69		  25038003		-999.00
6158	1504265309	3600		262.17		  25038003		-999.00
6159	1504268909	3600		262.69		  25038003		-999.00
6160	1504272509	3600		262.69		  25038003		-999.00
6161	1504276109	3600		262.69		  25038003		-999.00
6162	1504279709	3600		259.18		  25038003		-999.00
6163	1504283309	3600		259.18		  25038003		-999.00
6164	1504260509	-22800		259.69		  25038003		-999.00
6158	1504285084	1200		264.07		  45877606		256.00
6158	1504288684	3600		263.96		  42407749		253.50
6158	1504292284	3600		263.84		  38203215		251.50
6158	1504295884	3600		263.82		  37656688		254.00
6158	1504299484	3600		263.72		  34489930		251.00
6158	1504303084	3600		263.68		  33147458		251.00
6158	1504304550	1466		263.53		  28093249		249.00
6159	1504305750	1200		262.44		  28093249		-999.00
6160	1504309350	3600		259.18		  28093249		-999.00
6161	1504312950	3600		259.44		  28093249		-999.00
6162	1504304550	-8400		259.69		  28093249		-999.00
6159	1504316880	1200		264.03		  44535231		247.50
6159	1504320480	3600		264.09		  46797624		257.00
6159	1504324080	3600		264.04		  44850515		257.00
6159	1504327680	3600		263.95		  42046006		257.00
6159	1504331280	3600		263.87		  39490226		257.00
6159	1504332187	907		263.84		  38281061		257.00
6160	1504333387	1200		262.69		  38281061		-999.00
6161	1504336987	3600		259.69		  38281061		-999.00
6162	1504340587	3600		259.44		  38281061		-999.00
6163	1504332187	-8400		259.69		  38281061		-999.00
6160	1504343175	1200		264.08		  46291139		259.00
6160	1504346775	3600		264.10		  47097891		259.00
6160	1504350375	3600		264.00		  43576784		259.00
6160	1504353975	3600		263.94		  41565601		259.00
6160	1504357575	3600		263.84		  38451759		256.50
6160	1504361175	3600		263.80		  36912094		256.50
6160	1504364775	3600		263.68		  33000831		255.50
6160	1504364957	182		263.81		  37404014		184.00
6161	1504366157	1200		262.44		  37404014		-999.00
6162	1504369757	3600		262.69		  37404014		-999.00
6163	1504373357	3600		262.69		  37404014		-999.00
6164	1504376957	3600		262.69		  37404014		-999.00
6165	1504380557	3600		262.69		  37404014		-999.00
6166	1504384157	3600		262.69		  37404014		-999.00
6167	1504387757	3600		262.69		  37404014		-999.00
6168	1504391357	3600		262.69		  37404014		-999.00
6169	1504394957	3600		259.18		  37404014		-999.00
6170	1504398557	3600		259.18		  37404014		-999.00
6171	1504402157	3600		259.18		  37404014		-999.00
6172	1504364957	-37200		259.69		  37404014		-999.00
6161	1504403438	1200		264.18		  49688685		264.50
6161	1504407038	3600		264.29		  53263406		262.00
6161	1504410638	3600		264.17		  49223388		262.00
6161	1504414238	3600		264.10		  46895909		262.00
6161	1504417838	3600		264.00		  43662344		259.50
6161	1504421438	3600		263.93		  41219619		262.00
6161	1504425038	3600		263.86		  38995577		259.50
6161	1504428638	3600		263.78		  36345412		259.50
6161	1504432238	3600		263.73		  34639199		259.50
6161	1504435838	3600		263.68		  32937920		259.50
6161	1504439438	3600		263.62		  31014498		259.50
6161	1504441810	2372		263.53		  28006359		257.50
6162	1504443010	1200		259.18		  28006359		-999.00
6163	1504446610	3600		259.18		  28006359		-999.00
6164	1504450210	3600		259.18		  28006359		-999.00
6165	1504453810	3600		259.18		  28006359		-999.00
6166	1504457410	3600		259.18		  28006359		-999.00
6167	1504461010	3600		259.18		  28006359		-999.00
6168	1504464610	3600		259.18		  28006359		-999.00
6169	1504468210	3600		259.18		  28006359		-999.00
6170	1504441810	-26400		259.69		  28006359		-999.00
6165	1504472633	1200		263.89		  39855789		260.50
6165	1504476233	3600		263.96		  42480754		260.50
6165	1504479833	3600		263.86		  39150436		260.50
6165	1504483433	3600		263.75		  35341090		257.50
6165	1504487033	3600		263.73		  34623061		257.50
6165	1504490633	3600		263.67		  32582995		257.50
6165	1504494233	3600		263.51		  30519566		257.50
6165	1504497833	3600		263.44		  28340092		257.50
6165	1504501433	3600		263.39		  26613717		257.50
6165	1504505033	3600		263.35		  25292492		257.50
6165	1504508633	3600		263.29		  23281692		256.50
6165	1504508906	273		259.59		  24949956		  7.50
6166	1504510106	1200		259.59		  24949956		-999.00
6167	1504513706	3600		262.18		  24949956		-999.00
6168	1504517306	3600		262.18		  24949956		-999.00
6169	1504520906	3600		259.18		  24949956		-999.00
6170	1504524506	3600		259.18		  24949956		-999.00
6171	1504528106	3600		259.18		  24949956		-999.00
6172	1504531706	3600		259.18		  24949956		-999.00
6173	1504535306	3600		259.18		  24949956		-999.00
6174	1504538906	3600		259.69		  24949956		-999.00
6175	1504508906	-30000		259.59		  24949956		-999.00
6167	1504540924	1200		263.72		  34444182		263.50
6167	1504544524	3600		263.80		  36956961		261.00
6167	1504548124	3600		263.71		  33916204		261.00
6167	1504551724	3600		263.68		  33046090		261.00
6167	1504555324	3600		263.62		  30854360		258.50
6167	1504558924	3600		263.56		  28950052		257.00
6167	1504559549	625		263.56		  28980784		259.50
6168	1504560749	1200		259.44		  28980784		-999.00
6169	1504564349	3600		259.18		  28980784		-999.00
6170	1504567949	3600		259.69		  28980784		-999.00
6171	1504559549	-8400		259.69		  28980784		-999.00
6168	1504570084	1200		263.90		  40370750		267.00
6168	1504573684	3600		263.98		  42965279		264.50
6168	1504577284	3600		263.89		  39981704		264.50
6168	1504580884	3600		263.84		  38305893		264.50
6168	1504584484	3600		263.73		  34600187		263.00
6168	1504585317	833		259.69		  34932234		  8.50
6169	1504586517	1200		262.18		  34932234		-999.00
6170	1504590117	3600		259.18		  34932234		-999.00
6171	1504593717	3600		259.18		  34932234		-999.00
6172	1504585317	-8400		259.69		  34932234		-999.00
6169	1504596944	1200		264.08		  46399846		270.00
6169	1504600544	3600		264.15		  48793090		268.50
6169	1504604144	3600		264.07		  45842185		261.50
6169	1504607744	3600		263.97		  42815998		269.00
6169	1504611344	3600		263.90		  40167780		266.50
6169	1504614944	3600		263.84		  38260336		266.50
6169	1504618544	3600		263.78		  36439646		266.50
6169	1504619996	1452		263.62		  30852781		264.00
6170	1504621196	1200		262.18		  30852781		-999.00
6171	1504624796	3600		262.69		  30852781		-999.00
6172	1504628396	3600		262.69		  30852781		-999.00
6173	1504619996	-8400		262.69		  30852781		-999.00
6170	1504631146	1200		264.36		  55624988		274.50
6170	1504634746	3600		264.43		  57851523		274.00
6170	1504638346	3600		264.32		  54383007		273.00
6170	1504641946	3600		264.24		  51771751		273.00
6170	1504645546	3600		264.13		  48031972		264.00
6170	1504646249	703		263.89		  40065420		269.00
6171	1504647449	1200		262.44		  40065420		-999.00
6172	1504651049	3600		259.18		  40065420		-999.00
6173	1504654649	3600		259.69		  40065420		-999.00
6174	1504646249	-8400		259.69		  40065420		-999.00
6171	1504656979	1200		264.53		  61395623		279.50
6171	1504660579	3600		264.60		  63823917		279.50
6171	1504664179	3600		264.48		  59646134		274.00
6171	1504667779	3600		264.42		  57797973		277.50
6171	1504671379	3600		264.29		  53482916		277.50
6171	1504674979	3600		264.23		  51452122		277.50
6171	1504678579	3600		264.15		  48731216		275.00
6171	1504682179	3600		264.06		  45829071		275.00
6171	1504685155	2976		263.95		  41895300		274.00
6172	1504686355	1200		259.18		  41895300		-999.00
6173	1504689955	3600		262.69		  41895300		-999.00
6174	1504693555	3600		262.69		  41895300		-999.00
6175	1504697155	3600		262.70		  41895300		-999.00
6176	1504700755	3600		262.69		  41895300		-999.00
6177	1504704355	3600		262.69		  41895300		-999.00
6178	1504707955	3600		262.69		  41895300		-999.00
6179	1504711555	3600		259.18		  41895300		-999.00
6180	1504715155	3600		259.69		  41895300		-999.00
6181	1504718755	3600		259.18		  41895300		-999.00
6182	1504722355	3600		259.18		  41895300		-999.00
6183	1504685155	-37200		259.69		  41895300		-999.00
6174	1504724865	1200		264.39		  56799002		276.50
6174	1504728465	3600		264.52		  61134292		279.00
6174	1504732065	3600		264.39		  56550395		278.50
6174	1504735665	3600		264.32		  54424687		278.50
6174	1504739265	3600		264.22		  50914696		278.50
6174	1504742865	3600		264.15		  48765077		278.50
6174	1504746465	3600		264.06		  45519405		276.00
6174	1504750065	3600		263.98		  43153930		276.00
6174	1504753665	3600		263.92		  41030301		276.00
6174	1504757265	3600		263.86		  39113854		276.00
6174	1504760865	3600		263.81		  37474084		276.00
6174	1504764465	3600		263.76		  35640465		276.00
6174	1504768065	3600		263.68		  33087775		273.00
6174	1504768259	194		263.63		  31350924		273.00
6175	1504769459	1200		259.18		  31350924		-999.00
6176	1504773059	3600		259.18		  31350924		-999.00
6177	1504768259	-4800		259.69		  31350924		-999.00
6175	1504777554	1200		264.47		  59391750		285.50
6175	1504781154	3600		264.60		  63546364		285.50
6175	1504784754	3600		264.45		  58664028		285.50
6175	1504788354	3600		264.38		  56353942		285.50
6175	1504791954	3600		264.28		  53109888		283.00
6175	1504795554	3600		264.22		  50847973		283.00
6175	1504799154	3600		264.11		  47456883		283.00
6175	1504802754	3600		264.04		  45139308		283.00
6175	1504806354	3600		263.96		  42453806		283.00
6175	1504809954	3600		263.93		  41291931		280.50
6175	1504813554	3600		263.86		  39126000		280.50
6175	1504817154	3600		263.80		  36881689		280.50
6175	1504818322	1168		263.61		  30614482		276.50
6176	1504819522	1200		262.69		  30614482		-999.00
6177	1504823122	3600		262.18		  30614482		-999.00
6178	1504818322	-4800		262.69		  30614482		-999.00
6176	1504827506	1200		264.56		  62346943		286.00
6176	1504831106	3600		264.67		  65907945		291.00
6176	1504833646	2540		264.56		  62430971		291.00
6177	1504834846	1200		262.69		  62430971		-999.00
6178	1504838446	3600		262.18		  62430971		-999.00
6179	1504842046	3600		262.18		  62430971		-999.00
6180	1504833646	-8400		262.69		  62430971		-999.00
6177	1504844616	1200		264.55		  62148555		293.00
6177	1504848216	3600		264.64		  64914206		288.00
6177	1504851816	3600		264.51		  60673601		290.50
6177	1504855416	3600		264.41		  57456030		290.50
6177	1504859016	3600		264.33		  54581799		290.50
6177	1504862616	3600		264.23		  51396412		290.50
6177	1504866216	3600		264.16		  48959093		288.00
6177	1504869816	3600		264.08		  46348848		283.00
6177	1504873416	3600		264.03		  44532495		288.00
6177	1504877016	3600		263.95		  42133724		288.00
6177	1504880616	3600		263.90		  40196762		288.00
6177	1504884216	3600		263.83		  37999131		288.00
6177	1504887330	3114		263.74		  35048241		287.50
6178	1504888530	1200		259.18		  35048241		-999.00
6179	1504892130	3600		259.18		  35048241		-999.00
6180	1504895730	3600		259.18		  35048241		-999.00
6181	1504899330	3600		259.18		  35048241		-999.00
6182	1504902930	3600		259.44		  35048241		-999.00
6183	1504887330	-15600		259.69		  35048241		-999.00
6179	1504905365	1200		264.62		  64281982		298.00
6179	1504905606	241		265.18		  83039244		298.00
6180	1504906806	1200		262.18		  83039244		-999.00
6181	1504910406	3600		259.18		  83039244		-999.00
6182	1504914006	3600		259.44		  83039244		-999.00
6183	1504905606	-8400		259.69		  83039244		-999.00
6180	1504917462	1200		264.76		  68838998		300.50
6180	1504917553	91		264.48		  59524989		300.50
6181	1504918753	1200		262.69		  59524989		-999.00
6182	1504922353	3600		259.18		  59524989		-999.00
6183	1504925953	3600		259.69		  59524989		-999.00
6184	1504929553	3600		259.18		  59524989		-999.00
6185	1504933153	3600		259.18		  59524989		-999.00
6186	1504917553	-15600		259.69		  59524989		-999.00
6182	1504935640	1200		264.47		  59475463		293.00
6182	1504939240	3600		264.57		  62642085		293.50
6182	1504942840	3600		264.43		  58080912		293.50
6182	1504946440	3600		264.34		  54877936		293.50
6182	1504950040	3600		264.24		  51823186		291.00
6182	1504953640	3600		264.17		  49340975		290.00
6182	1504957240	3600		264.09		  46618085		291.00
6182	1504960840	3600		264.00		  43645198		291.00
6182	1504964440	3600		263.95		  41999730		291.00
6182	1504968040	3600		263.90		  40271908		291.00
6182	1504968426	386		263.97		  42599687		291.00
6183	1504969626	1200		262.69		  42599687		-999.00
6184	1504973226	3600		259.18		  42599687		-999.00
6185	1504976826	3600		259.18		  42599687		-999.00
6186	1504980426	3600		262.69		  42599687		-999.00
6187	1504984026	3600		259.18		  42599687		-999.00
6188	1504987626	3600		259.18		  42599687		-999.00
6189	1504991226	3600		259.18		  42599687		-999.00
6190	1504994826	3600		259.18		  42599687		-999.00
6191	1504998426	3600		259.18		  42599687		-999.00
6192	1504968426	-30000		259.69		  42599687		-999.00
6185	1505002681	1200		264.42		  57536047		296.50
6185	1505006281	3600		264.51		  60749007		294.50
6185	1505009881	3600		264.38		  56489437		292.00
6185	1505010590	709		264.29		  53469323		290.50
6186	1505011790	1200		262.69		  53469323		-999.00
6187	1505015390	3600		259.18		  53469323		-999.00
6188	1505018990	3600		259.18		  53469323		-999.00
6189	1505010590	-8400		259.69		  53469323		-999.00
6186	1505021470	1200		264.44		  58256224		297.00
6186	1505025070	3600		264.52		  60878670		288.50
6186	1505028670	3600		264.40		  56973507		296.00
6186	1505032270	3600		264.31		  54081048		296.00
6186	1505035870	3600		264.22		  51055479		296.00
6186	1505039470	3600		264.15		  48745228		296.00
6186	1505043070	3600		264.08		  46222004		296.00
6186	1505046670	3600		263.99		  43282053		293.50
6186	1505050270	3600		263.94		  41601963		293.50
6186	1505053870	3600		263.88		  39773958		293.50
6186	1505057470	3600		263.83		  37997659		293.50
6186	1505061070	3600		263.77		  35915990		293.50
6186	1505063162	2092		263.66		  32420350		293.00
6187	1505064362	1200		262.69		  32420350		-999.00
6188	1505067962	3600		262.69		  32420350		-999.00
6189	1505071562	3600		262.69		  32420350		-999.00
6190	1505075162	3600		262.69		  32420350		-999.00
6191	1505078762	3600		262.69		  32420350		-999.00
6192	1505082362	3600		262.69		  32420350		-999.00
6193	1505085962	3600		259.18		  32420350		-999.00
6194	1505089562	3600		259.18		  32420350		-999.00
6195	1505093162	3600		259.18		  32420350		-999.00
6196	1505063162	-30000		259.69		  32420350		-999.00
6189	1505094461	1200		264.39		  56824798		301.50
6189	1505098061	3600		264.51		  60590221		301.50
6189	1505101661	3600		264.38		  56408722		299.00
6189	1505105261	3600		264.32		  54456334		299.00
6189	1505108861	3600		264.22		  51075280		299.00
6189	1505112461	3600		264.16		  48895502		299.00
6189	1505116061	3600		264.09		  46598183		298.50
6189	1505119661	3600		263.95		  43486868		299.00
6189	1505123261	3600		263.90		  41527182		296.50
6189	1505126861	3600		263.85		  39925602		296.50
6189	1505130461	3600		263.78		  37822879		296.50
6189	1505134061	3600		263.74		  36228978		296.50
6189	1505137661	3600		263.68		  34319279		296.50
6189	1505140369	2708		259.65		  31663893		  7.50
6190	1505141569	1200		259.13		  31663893		-999.00
6191	1505145169	3600		259.13		  31663893		-999.00
6192	1505148769	3600		259.13		  31663893		-999.00
6193	1505152369	3600		259.64		  31663893		-999.00
6194	1505155969	3600		259.13		  31663893		-999.00
6195	1505159569	3600		259.13		  31663893		-999.00
6196	1505163169	3600		259.13		  31663893		-999.00
6197	1505166769	3600		259.64		  31663893		-999.00
6198	1505170369	3600		259.64		  31663893		-999.00
6199	1505140369	-30000		259.65		  31663893		-999.00
6191	1505173250	1200		264.42		  59392564		307.00
6191	1505176850	3600		264.54		  63392953		306.50
6191	1505180450	3600		264.40		  58726688		304.00
6191	1505184050	3600		264.30		  55474691		304.00
6191	1505187650	3600		264.20		  52135550		303.50
6191	1505191250	3600		264.14		  49978094		303.50
6191	1505194850	3600		264.03		  46494270		301.00
6191	1505198450	3600		263.96		  44149219		301.00
6191	1505202050	3600		263.89		  41761674		301.00
6191	1505205650	3600		263.84		  39926710		301.00
6191	1505209250	3600		263.78		  37895046		301.00
6191	1505212850	3600		263.71		  35589628		301.00
6191	1505216450	3600		259.64		  32943725		  7.50
6191	1505216537	87		259.64		  25779490		  7.50
6192	1505217737	1200		259.13		  25779490		-999.00
6193	1505221337	3600		259.13		  25779490		-999.00
6194	1505224937	3600		259.13		  25779490		-999.00
6195	1505216537	-8400		259.64		  25779490		-999.00
6192	1505227327	1200		264.52		  62566015		313.50
6192	1505230927	3600		264.51		  62205458		307.50
6192	1505234527	3600		264.39		  58278813		312.50
6192	1505238074	3547		264.31		  55717649		312.50
6193	1505239274	1200		262.64		  55717649		-999.00
6194	1505242874	3600		259.13		  55717649		-999.00
6195	1505246474	3600		259.13		  55717649		-999.00
6196	1505238074	-8400		259.64		  55717649		-999.00
6193	1505248769	1200		264.41		  59164364		289.00
6193	1505252369	3600		264.47		  60972724		309.50
6193	1505255969	3600		264.36		  57198335		312.00
6193	1505259569	3600		264.28		  54702220		309.50
6193	1505263169	3600		264.16		  50713005		309.50
6193	1505266613	3444		264.06		  47246271		309.50
6194	1505267813	1200		259.64		  47246271		-999.00
6195	1505271413	3600		259.13		  47246271		-999.00
6196	1505275013	3600		259.29		  47246271		-999.00
6197	1505278613	3600		259.61		  47246271		-999.00
6198	1505266613	-12000		259.64		  47246271		-999.00
6194	1505280510	1200		262.90		   9604602		291.00
6194	1505284110	3600		262.92		  10179455		293.50
6194	1505287710	3600		262.86		   8016791		291.00
6194	1505291310	3600		255.78		   6444823		 11.00
6194	1505294910	3600		255.52		   8255900		 11.00
6194	1505298510	3600		255.52		   6494486		 11.00
6194	1505301821	3311		255.52		   4825697		 11.00
6195	1505303021	1200		258.52		   4825697		-999.00
6196	1505306621	3600		258.52		   4825697		-999.00
6197	1505310221	3600		258.52		   4825697		-999.00
6198	1505313821	3600		258.52		   4825697		-999.00
6199	1505317421	3600		258.52		   4825697		-999.00
6200	1505321021	3600		258.52		   4825697		-999.00
6201	1505324621	3600		258.52		   4825697		-999.00
6202	1505328221	3600		258.52		   4825697		-999.00
6203	1505331821	3600		258.52		   4825697		-999.00
6204	1505335421	3600		258.52		   4825697		-999.00
6205	1505339021	3600		258.52		   4825697		-999.00
6206	1505342621	3600		258.52		   4825697		-999.00
6207	1505346221	3600		258.52		   4825697		-999.00
6208	1505349821	3600		258.52		   4825697		-999.00
6209	1505353421	3600		258.52		   4825697		-999.00
6210	1505357021	3600		258.52		   4825697		-999.00
6211	1505360621	3600		258.52		   4825697		-999.00
6212	1505364221	3600		258.52		   4825697		-999.00
6213	1505367821	3600		258.52		   4825697		-999.00
6214	1505371421	3600		258.52		   4825697		-999.00
6215	1505375021	3600		258.52		   4825697		-999.00
6216	1505378621	3600		258.52		   4825697		-999.00
6217	1505382221	3600		258.52		   4825697		-999.00
6218	1505385821	3600		258.52		   4825697		-999.00
6219	1505389421	3600		258.52		   4825697		-999.00
6220	1505393021	3600		258.52		   4825697		-999.00
6221	1505396621	3600		258.52		   4825697		-999.00
6222	1505400221	3600		258.52		   4825697		-999.00
6223	1505403821	3600		258.52		   4825697		-999.00
6224	1505407421	3600		258.48		   4825697		-999.00
6225	1505411021	3600		258.48		   4825697		-999.00
6226	1505414621	3600		258.48		   4825697		-999.00
6227	1505418221	3600		258.48		   4825697		-999.00
6228	1505421821	3600		258.48		   4825697		-999.00
6229	1505425421	3600		258.48		   4825697		-999.00
6230	1505429021	3600		258.48		   4825697		-999.00
6231	1505432621	3600		258.48		   4825697		-999.00
6232	1505436221	3600		258.48		   4825697		-999.00
6233	1505439821	3600		258.48		   4825697		-999.00
6234	1505443421	3600		258.48		   4825697		-999.00
6235	1505447021	3600		258.48		   4825697		-999.00
6236	1505450621	3600		258.48		   4825697		-999.00
6237	1505454221	3600		258.48		   4825697		-999.00
6238	1505457821	3600		258.48		   4825697		-999.00
6239	1505461421	3600		258.48		   4825697		-999.00
6240	1505465021	3600		258.48		   4825697		-999.00
6241	1505468621	3600		258.57		   4825697		-999.00
6242	1505472221	3600		258.57		   4825697		-999.00
6243	1505475821	3600		258.55		   4825697		-999.00
6244	1505479421	3600		258.55		   4825697		-999.00
6245	1505483021	3600		258.55		   4825697		-999.00
6246	1505486621	3600		258.55		   4825697		-999.00
6247	1505490221	3600		258.55		   4825697		-999.00
6248	1505493821	3600		258.55		   4825697		-999.00
6249	1505497421	3600		258.55		   4825697		-999.00
6250	1505501021	3600		258.55		   4825697		-999.00
6251	1505504621	3600		258.55		   4825697		-999.00
6252	1505508221	3600		258.55		   4825697		-999.00
6253	1505511821	3600		258.55		   4825697		-999.00
6254	1505515421	3600		258.55		   4825697		-999.00
6255	1505519021	3600		258.55		   4825697		-999.00
6256	1505522621	3600		258.55		   4825697		-999.00
6257	1505526221	3600		258.55		   4825697		-999.00
6258	1505529821	3600		258.55		   4825697		-999.00
6259	1505533421	3600		258.55		   4825697		-999.00
6260	1505537021	3600		258.55		   4825697		-999.00
6261	1505540621	3600		258.55		   4825697		-999.00
6262	1505544221	3600		258.55		   4825697		-999.00
6263	1505547821	3600		258.55		   4825697		-999.00
6264	1505551421	3600		258.55		   4825697		-999.00
6265	1505555021	3600		258.55		   4825697		-999.00
6266	1505558621	3600		258.55		   4825697		-999.00
6267	1505562221	3600		258.55		   4825697		-999.00
6268	1505565821	3600		258.55		   4825697		-999.00
6269	1505569421	3600		258.55		   4825697		-999.00
6270	1505573021	3600		258.55		   4825697		-999.00
6271	1505576621	3600		258.55		   4825697		-999.00
6272	1505580221	3600		258.55		   4825697		-999.00
6273	1505583821	3600		258.55		   4825697		-999.00
6274	1505587421	3600		258.55		   4825697		-999.00
6275	1505591021	3600		258.55		   4825697		-999.00
6276	1505594621	3600		258.55		   4825697		-999.00
6277	1505598221	3600		258.55		   4825697		-999.00
6278	1505601821	3600		258.55		   4825697		-999.00
6279	1505605421	3600		258.55		   4825697		-999.00
6280	1505609021	3600		258.55		   4825697		-999.00
6281	1505612621	3600		258.55		   4825697		-999.00
6282	1505616221	3600		258.55		   4825697		-999.00
6283	1505619821	3600		258.55		   4825697		-999.00
6284	1505623421	3600		258.55		   4825697		-999.00
6285	1505627021	3600		258.55		   4825697		-999.00
6286	1505630621	3600		258.55		   4825697		-999.00
6287	1505634221	3600		258.55		   4825697		-999.00
6288	1505637821	3600		258.55		   4825697		-999.00
6289	1505641421	3600		258.55		   4825697		-999.00
6290	1505645021	3600		258.55		   4825697		-999.00
6291	1505648621	3600		258.55		   4825697		-999.00
6292	1505652221	3600		258.55		   4825697		-999.00
6293	1505655821	3600		258.55		   4825697		-999.00
6294	1505659421	3600		258.55		   4825697		-999.00
6295	1505663021	3600		258.55		   4825697		-999.00
6296	1505666621	3600		258.55		   4825697		-999.00
6297	1505670221	3600		258.55		   4825697		-999.00
6298	1505673821	3600		258.55		   4825697		-999.00
6299	1505677421	3600		258.55		   4825697		-999.00
6300	1505681021	3600		258.55		   4825697		-999.00
6301	1505684621	3600		258.55		   4825697		-999.00
6302	1505688221	3600		258.55		   4825697		-999.00
6303	1505691821	3600		258.55		   4825697		-999.00
6304	1505695421	3600		258.55		   4825697		-999.00
6305	1505699021	3600		258.55		   4825697		-999.00
6306	1505702621	3600		258.55		   4825697		-999.00
6307	1505706221	3600		258.55		   4825697		-999.00
6308	1505709821	3600		258.55		   4825697		-999.00
6309	1505713421	3600		258.55		   4825697		-999.00
6310	1505717021	3600		259.56		   4825697		-999.00
6311	1505720621	3600		258.54		   4825697		-999.00
6312	1505724221	3600		260.79		   4825697		-999.00
6313	1505727821	3600		261.07		   4825697		-999.00
6314	1505731421	3600		262.25		   4825697		-999.00
6315	1505735021	3600		262.25		   4825697		-999.00
6316	1505738621	3600		262.25		   4825697		-999.00
6317	1505742221	3600		262.25		   4825697		-999.00
6318	1505745821	3600		262.25		   4825697		-999.00
6319	1505749421	3600		262.25		   4825697		-999.00
6320	1505753021	3600		262.25		   4825697		-999.00
6321	1505756621	3600		262.25		   4825697		-999.00
6322	1505760221	3600		262.52		   4825697		-999.00
6323	1505763821	3600		262.52		   4825697		-999.00
6324	1505767421	3600		262.52		   4825697		-999.00
6325	1505771021	3600		262.52		   4825697		-999.00
6326	1505774621	3600		262.52		   4825697		-999.00
6327	1505778221	3600		262.52		   4825697		-999.00
6328	1505781821	3600		262.52		   4825697		-999.00
6329	1505785421	3600		262.52		   4825697		-999.00
6330	1505789021	3600		262.52		   4825697		-999.00
6331	1505792621	3600		262.52		   4825697		-999.00
6332	1505796221	3600		262.52		   4825697		-999.00
6333	1505799821	3600		262.52		   4825697		-999.00
6334	1505803421	3600		262.52		   4825697		-999.00
6335	1505807021	3600		262.53		   4825697		-999.00
6336	1505810621	3600		262.53		   4825697		-999.00
6337	1505814221	3600		262.53		   4825697		-999.00
6338	1505817821	3600		262.53		   4825697		-999.00
6339	1505821421	3600		262.53		   4825697		-999.00
6340	1505825021	3600		262.53		   4825697		-999.00
6341	1505828621	3600		262.53		   4825697		-999.00
6342	1505832221	3600		262.53		   4825697		-999.00
6343	1505835821	3600		262.53		   4825697		-999.00
6344	1505839421	3600		262.53		   4825697		-999.00
6345	1505843021	3600		262.53		   4825697		-999.00
6346	1505846621	3600		262.53		   4825697		-999.00
6347	1505850221	3600		262.53		   4825697		-999.00
6348	1505853821	3600		262.53		   4825697		-999.00
6349	1505857421	3600		262.53		   4825697		-999.00
6350	1505861021	3600		262.53		   4825697		-999.00
6351	1505864621	3600		262.53		   4825697		-999.00
6352	1505868221	3600		262.53		   4825697		-999.00
6353	1505871821	3600		262.53		   4825697		-999.00
6354	1505875421	3600		262.53		   4825697		-999.00
6355	1505879021	3600		262.53		   4825697		-999.00
6356	1505882621	3600		262.53		   4825697		-999.00
6357	1505886221	3600		262.78		   4825697		-999.00
6358	1505889821	3600		262.53		   4825697		-999.00
6359	1505893421	3600		262.53		   4825697		-999.00
6360	1505897021	3600		262.27		   4825697		-999.00
6361	1505900621	3600		262.53		   4825697		-999.00
6362	1505904221	3600		262.53		   4825697		-999.00
6363	1505907821	3600		262.53		   4825697		-999.00
6364	1505911421	3600		255.89		   4825697		-999.00
6365	1505915021	3600		255.89		   4825697		-999.00
6366	1505918621	3600		255.89		   4825697		-999.00
6367	1505922221	3600		255.89		   4825697		-999.00
6368	1505925821	3600		255.89		   4825697		-999.00
6369	1505929421	3600		255.89		   4825697		-999.00
6370	1505933021	3600		258.20		   4825697		-999.00
6371	1505936621	3600		262.28		   4825697		-999.00
6372	1505940221	3600		262.81		   4825697		-999.00
6373	1505943821	3600		259.30		   4825697		-999.00
6374	1505947421	3600		259.30		   4825697		-999.00
6375	1505951021	3600		259.30		   4825697		-999.00
6376	1505954621	3600		259.30		   4825697		-999.00
6377	1505958221	3600		259.30		   4825697		-999.00
6378	1505961821	3600		259.30		   4825697		-999.00
6379	1505965421	3600		259.30		   4825697		-999.00
6380	1505969021	3600		262.30		   4825697		-999.00
6381	1505972621	3600		262.30		   4825697		-999.00
6382	1505976221	3600		262.55		   4825697		-999.00
6383	1505979821	3600		262.29		   4825697		-999.00
6384	1505983421	3600		262.29		   4825697		-999.00
6385	1505987021	3600		262.54		   4825697		-999.00
6386	1505990621	3600		259.54		   4825697		-999.00
6387	1505994221	3600		259.29		   4825697		-999.00
6388	1505997821	3600		259.29		   4825697		-999.00
6389	1506001421	3600		259.29		   4825697		-999.00
6390	1506005021	3600		259.29		   4825697		-999.00
6391	1506008621	3600		259.29		   4825697		-999.00
6392	1506012221	3600		259.29		   4825697		-999.00
6393	1506015821	3600		259.29		   4825697		-999.00
6394	1506019421	3600		259.29		   4825697		-999.00
6395	1506023021	3600		259.29		   4825697		-999.00
6396	1506026621	3600		259.29		   4825697		-999.00
6397	1506030221	3600		259.29		   4825697		-999.00
6398	1506033821	3600		259.29		   4825697		-999.00
6399	1506037421	3600		259.29		   4825697		-999.00
6400	1506041021	3600		259.29		   4825697		-999.00
6401	1506044621	3600		259.29		   4825697		-999.00
6402	1506048221	3600		259.29		   4825697		-999.00
6403	1506051821	3600		259.29		   4825697		-999.00
6404	1506055421	3600		259.29		   4825697		-999.00
6405	1506059021	3600		259.29		   4825697		-999.00
6406	1506062621	3600		259.29		   4825697		-999.00
6407	1506066221	3600		259.29		   4825697		-999.00
6408	1506069821	3600		259.29		   4825697		-999.00
6409	1506073421	3600		259.81		   4825697		-999.00
6410	1506077021	3600		262.30		   4825697		-999.00
6411	1506080621	3600		259.30		   4825697		-999.00
6412	1506084221	3600		259.30		   4825697		-999.00
6413	1506087821	3600		259.30		   4825697		-999.00
6414	1506091421	3600		259.30		   4825697		-999.00
6415	1506095021	3600		255.71		   4825697		-999.00
6416	1505301821	-793200		255.52		   4825697		-999.00
6230	1506097353	1200		255.44		     42969		 10.00
6230	1506100953	3600		255.44		     39414		 10.00
6230	1506103661	2708		255.44		     33732		 10.00
6231	1506104861	1200		255.44		     33732		-999.00
6232	1506108461	3600		255.44		     33732		-999.00
6233	1506112061	3600		255.44		     33732		-999.00
6234	1506115661	3600		255.44		     33732		-999.00
6235	1506119261	3600		255.44		     33732		-999.00
6236	1506122861	3600		255.44		     33732		-999.00
6237	1506126461	3600		255.44		     33732		-999.00
6238	1506130061	3600		255.44		     33732		-999.00
6239	1506133661	3600		255.44		     33732		-999.00
6240	1506137261	3600		255.44		     33732		-999.00
6241	1506140861	3600		255.44		     33732		-999.00
6242	1506144461	3600		255.44		     33732		-999.00
6243	1506148061	3600		255.44		     33732		-999.00
6244	1506151661	3600		255.44		     33732		-999.00
6245	1506155261	3600		255.44		     33732		-999.00
6246	1506158861	3600		259.19		     33732		-999.00
6247	1506103661	-55200		255.44		     33732		-999.00
6236	1506163260	1200		262.51		   1806503		279.50
6236	1506166860	3600		262.51		   1878231		279.00
6236	1506170460	3600		262.51		   1757916		278.50
6236	1506174060	3600		262.50		   1641251		277.50
6236	1506174452	392		262.50		   1612404		277.50
6237	1506175652	1200		259.19		   1612404		-999.00
6238	1506179252	3600		259.45		   1612404		-999.00
6239	1506182852	3600		259.45		   1612404		-999.00
6240	1506174452	-8400		259.45		   1612404		-999.00
6238	1506186718	1200		263.18		  24147855		288.50
6238	1506190318	3600		263.00		  18174018		270.50
6238	1506193918	3600		262.47		    375749		278.00
6238	1506197518	3600		262.47		    378246		277.00
6238	1506201118	3600		262.47		    382760		277.00
6238	1506204718	3600		262.47		    374266		277.00
6238	1506206288	1570		262.47		    382835		277.00
6239	1506207488	1200		259.19		    382835		-999.00
6240	1506211088	3600		259.19		    382835		-999.00
6241	1506206288	-4800		259.45		    382835		-999.00
6239	1506215748	1200		264.22		  50433078		295.50
6239	1506219348	3600		264.29		  52798287		291.00
6239	1506222948	3600		264.18		  49027022		297.50
6239	1506226548	3600		264.04		  44253730		295.50
6239	1506230148	3600		263.94		  41067182		294.50
6239	1506233748	3600		263.86		  38427617		294.50
6239	1506235806	2058		263.73		  33905924		293.50
6240	1506237006	1200		262.44		  33905924		-999.00
6241	1506240606	3600		259.44		  33905924		-999.00
6242	1506244206	3600		259.44		  33905924		-999.00
6243	1506235806	-8400		259.71		  33905924		-999.00
6240	1506245466	1200		264.45		  66527222		308.50
6240	1506249066	3600		264.75		  67919440		307.50
6240	1506252666	3600		264.63		  63861244		307.50
6240	1506256266	3600		264.53		  60738353		305.50
6240	1506259866	3600		264.40		  56377751		306.00
6240	1506263466	3600		264.33		  53959998		305.00
6240	1506267066	3600		264.21		  49962844		304.00
6240	1506270666	3600		264.10		  46210507		303.00
6240	1506274266	3600		263.98		  42483795		303.00
6240	1506277866	3600		263.93		  40731968		303.00
6240	1506281466	3600		263.86		  38273854		301.00
6240	1506285066	3600		263.78		  35738512		301.00
6240	1506287847	2781		263.69		  32806795		299.00
6241	1506289047	1200		262.44		  32806795		-999.00
6242	1506292647	3600		259.44		  32806795		-999.00
6243	1506296247	3600		259.44		  32806795		-999.00
6244	1506287847	-8400		259.71		  32806795		-999.00
6241	1506298039	1200		265.09		  79246667		321.00
6241	1506301639	3600		265.13		  80741314		319.50
6241	1506305239	3600		264.97		  75308002		318.00
6241	1506308839	3600		264.83		  70711055		317.00
6241	1506312439	3600		264.66		  64952611		317.50
6241	1506316039	3600		264.57		  62157499		315.00
6241	1506319639	3600		264.43		  57265500		314.50
6241	1506323239	3600		264.32		  53788988		312.50
6241	1506326839	3600		264.21		  50058468		312.50
6241	1506330439	3600		264.10		  46385479		311.50
6241	1506334039	3600		264.01		  43187741		310.50
6241	1506337639	3600		263.92		  40426440		309.50
6241	1506341239	3600		263.84		  37537388		308.50
6241	1506343449	2210		263.72		  33653363		307.00
6242	1506344649	1200		262.45		  33653363		-999.00
6243	1506348249	3600		259.19		  33653363		-999.00
6244	1506351849	3600		259.19		  33653363		-999.00
6245	1506355449	3600		259.19		  33653363		-999.00
6246	1506359049	3600		259.19		  33653363		-999.00
6247	1506343449	-15600		259.71		  33653363		-999.00
6243	1506360492	1200		265.06		  78065190		327.50
6243	1506364092	3600		265.19		  82481814		325.00
6243	1506367692	3600		265.04		  77225521		325.50
6243	1506371292	3600		264.90		  72686368		323.00
6243	1506374892	3600		264.75		  67753297		323.50
6243	1506378492	3600		264.64		  63853578		321.50
6243	1506382092	3600		264.51		  59749379		321.50
6243	1506385692	3600		264.38		  55415434		319.50
6243	1506389292	3600		264.29		  52283865		320.50
6243	1506392892	3600		264.21		  49769554		318.50
6243	1506396492	3600		264.08		  45454119		317.50
6243	1506400092	3600		263.98		  42092130		316.50
6243	1506403692	3600		263.91		  39707916		316.50
6243	1506405939	2247		263.80		  36076305		315.00
6244	1506407139	1200		262.45		  36076305		-999.00
6245	1506410739	3600		262.45		  36076305		-999.00
6246	1506414339	3600		262.45		  36076305		-999.00
6247	1506417939	3600		259.45		  36076305		-999.00
6248	1506421539	3600		259.45		  36076305		-999.00
6249	1506405939	-15600		259.72		  36076305		-999.00
6245	1506423986	1200		265.19		  82617944		335.50
6245	1506427586	3600		265.22		  83662896		333.50
6245	1506431186	3600		265.05		  78097108		332.00
6245	1506434786	3600		264.92		  73698355		330.00
6245	1506438386	3600		264.76		  68183798		331.00
6245	1506441986	3600		264.66		  65071061		329.00
6245	1506445586	3600		264.51		  59882216		328.00
6245	1506449186	3600		264.40		  56287892		327.50
6245	1506452786	3600		264.28		  52301707		326.00
6245	1506456386	3600		264.17		  48715477		324.50
6245	1506459986	3600		264.06		  45099370		323.00
6245	1506463586	3600		263.98		  42370282		319.50
6245	1506466944	3358		263.91		  40055099		321.50
6246	1506468144	1200		259.19		  40055099		-999.00
6247	1506471744	3600		259.45		  40055099		-999.00
6248	1506475344	3600		259.19		  40055099		-999.00
6249	1506478944	3600		259.19		  40055099		-999.00
6250	1506482544	3600		259.19		  40055099		-999.00
6251	1506486144	3600		259.19		  40055099		-999.00
6252	1506466944	-19200		259.71		  40055099		-999.00
6247	1506489822	1200		265.31		  86661244		338.00
6247	1506493422	3600		265.30		  86487370		339.00
6247	1506497022	3600		265.10		  79721664		335.00
6247	1506500622	3600		264.95		  74502714		336.50
6247	1506504222	3600		264.78		  69090719		337.00
6247	1506507822	3600		264.67		  65243236		335.00
6247	1506511422	3600		264.48		  58884604		333.00
6247	1506513911	2489		264.35		  54779665		333.00
6248	1506515111	1200		262.45		  54779665		-999.00
6249	1506518711	3600		262.45		  54779665		-999.00
6250	1506522311	3600		262.45		  54779665		-999.00
6251	1506525911	3600		262.45		  54779665		-999.00
6252	1506529511	3600		262.19		  54779665		-999.00
6253	1506533111	3600		262.19		  54779665		-999.00
6254	1506536711	3600		262.45		  54779665		-999.00
6255	1506513911	-22800		262.71		  54779665		-999.00
6252	1506538570	1200		264.64		  64176461		341.50
6252	1506542170	3600		264.99		  76051721		340.50
6252	1506545770	3600		264.85		  71381805		339.50
6252	1506549370	3600		264.73		  67367957		337.50
6252	1506552970	3600		264.59		  62713401		338.50
6252	1506556570	3600		264.52		  60341970		336.50
6252	1506560170	3600		264.39		  55869089		335.50
6252	1506563770	3600		264.28		  52200614		334.00
6252	1506567370	3600		264.18		  48899589		334.00
6252	1506570970	3600		264.11		  46607156		333.00
6252	1506574570	3600		264.00		  43111484		332.00
6252	1506578170	3600		263.93		  40684942		331.00
6252	1506581770	3600		263.86		  38481260		330.00
6252	1506583296	1526		263.72		  33633830		327.00
6253	1506584496	1200		259.45		  33633830		-999.00
6254	1506588096	3600		259.19		  33633830		-999.00
6255	1506591696	3600		259.19		  33633830		-999.00
6256	1506583296	-8400		259.71		  33633830		-999.00
6253	1506595663	1200		265.43		  90777418		350.00
6253	1506599263	3600		265.25		  84779986		350.50
6253	1506602863	3600		265.13		  80720252		348.50
6253	1506606463	3600		264.97		  75374546		348.00
6253	1506610063	3600		264.80		  69693274		345.50
6253	1506613663	3600		264.64		  64289234		345.50
6253	1506617263	3600		264.52		  60421260		344.50
6253	1506620863	3600		264.43		  57196984		343.50
6253	1506624463	3600		264.26		  51532908		340.50
6253	1506628063	3600		264.16		  48216101		340.00
6253	1506631663	3600		264.06		  45156736		340.00
6253	1506635263	3600		264.01		  43399238		339.00
6253	1506638863	3600		263.90		  39665589		338.50
6253	1506642463	3600		263.84		  37708401		336.50
6253	1506643848	1385		263.66		  31669353		336.00
6254	1506645048	1200		262.44		  31669353		-999.00
6255	1506648648	3600		262.44		  31669353		-999.00
6256	1506652248	3600		262.19		  31669353		-999.00
6257	1506643848	-8400		262.71		  31669353		-999.00
6255	1506656806	1200		265.26		  85069083		357.00
6255	1506660406	3600		265.42		  90492021		360.50
6255	1506664006	3600		265.38		  89008984		359.00
6255	1506667606	3600		265.18		  82215683		356.00
6255	1506671206	3600		265.06		  78367398		357.00
6255	1506674806	3600		264.87		  71880238		355.00
6255	1506678406	3600		264.72		  66958795		354.50
6255	1506682006	3600		264.62		  63538217		352.50
6255	1506685606	3600		264.47		  58680274		349.50
6255	1506689206	3600		264.31		  53380192		349.00
6255	1506692806	3600		264.20		  49620751		348.00
6255	1506696406	3600		264.10		  46467403		347.00
6255	1506700006	3600		264.02		  43729527		347.00
6255	1506703606	3600		263.97		  42047978		345.50
6255	1506707206	3600		263.86		  38351530		344.50
6255	1506710806	3600		263.77		  35385910		343.00
6255	1506714406	3600		263.71		  33474652		342.00
6255	1506718006	3600		259.45		  30106177		  8.00
6255	1506718725	719		259.45		  30256412		  8.00
6256	1506719925	1200		259.45		  30256412		-999.00
6257	1506723525	3600		259.45		  30256412		-999.00
6258	1506727125	3600		259.19		  30256412		-999.00
6259	1506730725	3600		259.19		  30256412		-999.00
6260	1506734325	3600		259.19		  30256412		-999.00
6261	1506737925	3600		259.19		  30256412		-999.00
6262	1506741525	3600		259.19		  30256412		-999.00
6263	1506718725	-22800		259.45		  30256412		-999.00
6258	1506744173	1200		259.45		   1771968		  7.50
6258	1506747773	3600		264.55		  61246736		359.00
6258	1506751373	3600		264.94		  74246003		358.00
6258	1506754973	3600		264.81		  69965915		357.50
6258	1506758573	3600		264.66		  65057033		355.50
6258	1506762173	3600		264.55		  61347055		355.50
6258	1506765773	3600		264.44		  57824982		354.00
6258	1506769373	3600		264.31		  53399097		353.50
6258	1506772973	3600		264.21		  50043121		352.00
6258	1506776573	3600		264.13		  47494026		351.50
6258	1506780173	3600		264.06		  44972472		351.50
6258	1506783773	3600		263.97		  41928583		350.00
6258	1506787373	3600		263.90		  39751283		349.00
6258	1506790973	3600		259.71		  36094941		  8.00
6258	1506793166	2193		259.45		  34615487		  8.00
6259	1506794366	1200		259.45		  34615487		-999.00
6260	1506797966	3600		262.19		  34615487		-999.00
6261	1506801566	3600		262.19		  34615487		-999.00
6262	1506793166	-8400		262.45		  34615487		-999.00
6259	1506803444	1200		264.90		  72520104		368.50
6259	1506807044	3600		265.08		  78425604		364.50
6259	1506810644	3600		264.90		  72607626		364.50
6259	1506814244	3600		264.76		  67969392		363.00
6259	1506817844	3600		264.59		  62116249		361.50
6259	1506821444	3600		264.45		  57395832		359.50
6259	1506825044	3600		264.34		  53708484		359.00
6259	1506828644	3600		264.26		  51123773		357.50
6259	1506832244	3600		264.14		  47263402		357.50
6259	1506835844	3600		264.05		  44282082		355.50
6259	1506839444	3600		263.95		  40988621		354.50
6259	1506843044	3600		263.91		  39624455		354.50
6259	1506846644	3600		263.83		  36894686		354.50
6259	1506850244	3600		263.77		  34882842		352.50
6259	1506853844	3600		263.69		  32030416		351.50
6259	1506856365	2521		263.58		  28428226		351.50
6260	1506857565	1200		262.47		  28428226		-999.00
6261	1506861165	3600		259.47		  28428226		-999.00
6262	1506864765	3600		262.47		  28428226		-999.00
6263	1506868365	3600		259.21		  28428226		-999.00
6264	1506871965	3600		259.21		  28428226		-999.00
6265	1506856365	-15600		259.72		  28428226		-999.00
6261	1506873937	1200		264.84		  78811604		369.50
6261	1506877537	3600		265.37		  87997441		377.50
6261	1506881137	3600		265.16		  80798817		374.00
6261	1506884455	3318		264.99		  75314589		372.50
6262	1506885655	1200		262.48		  75314589		-999.00
6263	1506889255	3600		259.22		  75314589		-999.00
6264	1506892855	3600		259.48		  75314589		-999.00
6265	1506884455	-8400		259.73		  75314589		-999.00
6262	1506895215	1200		265.16		  80674602		380.00
6262	1506898815	3600		265.36		  87600342		375.00
6262	1506902415	3600		265.14		  80066357		374.00
6262	1506906015	3600		264.97		  74426892		374.00
6262	1506906984	969		264.89		  71743648		373.00
6263	1506908184	1200		262.48		  71743648		-999.00
6264	1506911784	3600		259.48		  71743648		-999.00
6265	1506906984	-4800		259.73		  71743648		-999.00
6263	1506916355	1200		265.28		  84925185		384.00
6263	1506919955	3600		265.41		  89282878		381.00
6263	1506923555	3600		265.20		  82172862		380.00
6263	1506925167	1612		265.09		  78524640		379.00
6264	1506926367	1200		262.48		  78524640		-999.00
6265	1506929967	3600		262.48		  78524640		-999.00
6266	1506933567	3600		259.48		  78524640		-999.00
6267	1506937167	3600		259.22		  78524640		-999.00
6268	1506940767	3600		259.22		  78524640		-999.00
6269	1506944367	3600		259.22		  78524640		-999.00
6270	1506947967	3600		262.48		  78524640		-999.00
6271	1506951567	3600		262.48		  78524640		-999.00
6272	1506955167	3600		259.22		  78524640		-999.00
6273	1506925167	-30000		259.73		  78524640		-999.00
6266	1506959949	1200		265.26		  84156056		380.00
6266	1506963549	3600		265.29		  85224131		378.50
6266	1506967149	3600		265.03		  76458498		374.50
6266	1506970749	3600		264.84		  70124024		374.50
6266	1506974349	3600		264.66		  64020448		373.00
6266	1506977949	3600		264.52		  59456448		371.50
6266	1506981549	3600		264.35		  53904835		369.00
6266	1506985149	3600		264.28		  51425645		369.00
6266	1506988749	3600		264.16		  47606386		367.50
6266	1506992349	3600		264.07		  44455127		366.50
6266	1506995949	3600		263.97		  41166240		366.50
6266	1506999549	3600		263.91		  39267521		365.00
6266	1507001729	2180		263.86		  37400329		365.00
6267	1507002929	1200		262.48		  37400329		-999.00
6268	1507006529	3600		262.48		  37400329		-999.00
6269	1507010129	3600		262.48		  37400329		-999.00
6270	1507013729	3600		262.48		  37400329		-999.00
6271	1507017329	3600		259.22		  37400329		-999.00
6272	1507020929	3600		259.48		  37400329		-999.00
6273	1507001729	-19200		259.73		  37400329		-999.00
6268	1507025299	1200		265.37		  87875261		385.50
6268	1507028899	3600		265.43		  89933550		389.00
6268	1507032499	3600		265.19		  81964114		387.00
6268	1507036099	3600		265.07		  77944340		383.00
6268	1507039699	3600		264.91		  72478923		382.00
6268	1507043299	3600		264.71		  65842384		380.00
6268	1507046899	3600		264.55		  60589774		378.50
6268	1507050499	3600		264.46		  57389096		377.00
6268	1507054099	3600		264.31		  52493278		376.00
6268	1507057699	3600		264.20		  48692886		373.50
6268	1507061211	3512		264.00		  42288746		371.50
6269	1507062411	1200		259.47		  42288746		-999.00
6270	1507066011	3600		262.47		  42288746		-999.00
6271	1507069611	3600		262.47		  42288746		-999.00
6272	1507073211	3600		259.47		  42288746		-999.00
6273	1507076811	3600		259.21		  42288746		-999.00
6274	1507061211	-15600		259.73		  42288746		-999.00
6269	1507081001	1200		265.51		  92821348		389.00
6269	1507084601	3600		265.46		  91079521		394.50
6269	1507084876	275		265.57		  94904607		394.50
6270	1507086076	1200		262.47		  94904607		-999.00
6271	1507089676	3600		262.47		  94904607		-999.00
6272	1507093276	3600		262.47		  94904607		-999.00
6273	1507096876	3600		259.21		  94904607		-999.00
6274	1507100476	3600		259.21		  94904607		-999.00
6275	1507084876	-15600		259.72		  94904607		-999.00
6271	1507102752	1200		265.55		  94259444		393.00
6271	1507106352	3600		265.52		  93268853		396.00
6271	1507109952	3600		265.30		  85829773		394.00
6271	1507113552	3600		265.22		  83032461		391.00
6271	1507117152	3600		265.00		  75728103		389.00
6271	1507120752	3600		264.77		  68126617		386.50
6271	1507124352	3600		264.62		  63193229		387.00
6271	1507127952	3600		264.49		  58708456		383.50
6271	1507131552	3600		264.34		  53863389		381.50
6271	1507135152	3600		264.23		  50247315		381.00
6271	1507138752	3600		264.11		  46255946		379.50
6271	1507142352	3600		264.02		  43187466		376.50
6271	1507144397	2045		263.77		  34948242		373.00
6272	1507145597	1200		259.21		  34948242		-999.00
6273	1507149197	3600		259.47		  34948242		-999.00
6274	1507152797	3600		259.21		  34948242		-999.00
6275	1507156397	3600		259.72		  34948242		-999.00
6276	1507144397	-12000		259.72		  34948242		-999.00
6272	1507158351	1200		265.62		  96657704		394.00
6272	1507161951	3600		265.57		  94827944		400.00
6272	1507165551	3600		265.25		  84175185		401.50
6272	1507169151	3600		265.19		  82078155		397.50
6272	1507172751	3600		264.93		  73585490		396.00
6272	1507176351	3600		264.73		  66716975		393.00
6272	1507179951	3600		264.56		  61193750		394.00
6272	1507183551	3600		264.47		  58014396		390.00
6272	1507187151	3600		264.33		  53548056		390.00
6272	1507190751	3600		264.20		  49121404		387.50
6272	1507194351	3600		264.08		  45149976		384.50
6272	1507197951	3600		263.92		  39931516		376.00
6272	1507200417	2466		263.95		  40830159		380.50
6273	1507201617	1200		259.72		  40830159		-999.00
6274	1507205217	3600		259.21		  40830159		-999.00
6275	1507208817	3600		259.47		  40830159		-999.00
6276	1507212417	3600		259.21		  40830159		-999.00
6277	1507216017	3600		259.21		  40830159		-999.00
6278	1507219617	3600		259.47		  40830159		-999.00
6279	1507200417	-19200		259.72		  40830159		-999.00
6275	1507223530	1200		265.55		  94276255		407.50
6275	1507227130	3600		265.58		  95054329		410.50
6275	1507230730	3600		265.34		  87292152		410.00
6275	1507234330	3600		265.29		  85373277		406.00
6275	1507237930	3600		265.03		  76993223		396.50
6275	1507241530	3600		264.80		  69203665		400.00
6275	1507245130	3600		264.64		  63741675		398.50
6275	1507248730	3600		264.52		  59954612		394.50
6275	1507252330	3600		264.36		  54561129		393.00
6275	1507255930	3600		264.24		  50512133		392.50
6275	1507259530	3600		264.12		  46427677		391.00
6275	1507263130	3600		264.02		  43125618		388.50
6275	1507266730	3600		263.90		  39221771		387.50
6275	1507268645	1915		263.74		  33949954		386.50
6276	1507269845	1200		259.47		  33949954		-999.00
6277	1507273445	3600		262.47		  33949954		-999.00
6278	1507277045	3600		259.72		  33949954		-999.00
6279	1507280645	3600		259.21		  33949954		-999.00
6280	1507284245	3600		259.47		  33949954		-999.00
6281	1507268645	-15600		259.72		  33949954		-999.00
6276	1507286966	1200		265.59		  95201159		405.50
6276	1507290566	3600		265.41		  89127278		416.50
6276	1507294166	3600		265.36		  87556200		414.00
6276	1507297766	3600		265.13		  79827797		408.00
6276	1507301366	3600		264.92		  72776775		407.50
6276	1507304419	3053		264.74		  66733972		405.50
6277	1507305619	1200		262.48		  66733972		-999.00
6278	1507309219	3600		262.48		  66733972		-999.00
6279	1507312819	3600		262.48		  66733972		-999.00
6280	1507316419	3600		259.22		  66733972		-999.00
6281	1507320019	3600		259.22		  66733972		-999.00
6282	1507304419	-15600		259.73		  66733972		-999.00
6278	1507322050	1200		265.63		  96015137		419.00
6278	1507325650	3600		265.42		  89129034		420.50
6278	1507329250	3600		265.35		  86942197		417.50
6278	1507332850	3600		265.14		  79843228		413.50
6278	1507336450	3600		264.90		  71682040		410.00
6278	1507340050	3600		264.72		  65785193		407.50
6278	1507343112	3062		264.56		  60490447		407.50
6279	1507344312	1200		262.75		  60490447		-999.00
6280	1507347912	3600		259.22		  60490447		-999.00
6281	1507351512	3600		259.22		  60490447		-999.00
6282	1507343112	-8400		259.75		  60490447		-999.00
6279	1507355687	1200		265.57		  94640873		421.00
6279	1507359287	3600		265.57		  94346562		423.50
6279	1507362887	3600		265.36		  87401146		423.50
6279	1507365727	2840		265.37		  87908649		400.50
6280	1507366927	1200		259.48		  87908649		-999.00
6281	1507370527	3600		262.73		  87908649		-999.00
6282	1507374127	3600		262.48		  87908649		-999.00
6283	1507377727	3600		262.48		  87908649		-999.00
6284	1507381327	3600		262.73		  87908649		-999.00
6285	1507384927	3600		262.73		  87908649		-999.00
6286	1507388527	3600		262.73		  87908649		-999.00
6287	1507392127	3600		262.73		  87908649		-999.00
6288	1507395727	3600		262.73		  87908649		-999.00
6289	1507399327	3600		262.73		  87908649		-999.00
6290	1507402927	3600		262.73		  87908649		-999.00
6291	1507406527	3600		262.73		  87908649		-999.00
6292	1507410127	3600		262.73		  87908649		-999.00
6293	1507413727	3600		259.22		  87908649		-999.00
6294	1507417327	3600		259.22		  87908649		-999.00
6295	1507365727	-51600		259.73		  87908649		-999.00
6283	1507419857	1200		265.52		  92824166		419.00
6283	1507423457	3600		265.54		  93546857		422.50
6283	1507427057	3600		265.33		  86421325		422.50
6283	1507430657	3600		265.28		  84819369		417.00
6283	1507434257	3600		265.04		  76672722		408.00
6283	1507437857	3600		264.82		  69374248		409.50
6283	1507441457	3600		264.66		  64112123		410.00
6283	1507445057	3600		264.55		  60334141		409.50
6283	1507448657	3600		264.41		  55781152		406.00
6283	1507452257	3600		264.26		  50750308		406.00
6283	1507455857	3600		264.15		  47180744		403.00
6283	1507459457	3600		264.03		  43064855		402.50
6283	1507462000	2543		263.87		  37991103		397.50
6284	1507463200	1200		259.22		  37991103		-999.00
6285	1507466800	3600		259.48		  37991103		-999.00
6286	1507470400	3600		259.48		  37991103		-999.00
6287	1507462000	-8400		259.73		  37991103		-999.00
6284	1507471720	1200		265.58		  94374591		428.50
6284	1507475320	3600		265.52		  92455264		392.50
6284	1507478920	3600		265.36		  87563022		427.50
6284	1507482520	3600		265.26		  84194514		423.00
6284	1507486120	3600		265.02		  76311999		420.00
6284	1507489720	3600		264.81		  69317057		419.00
6284	1507493320	3600		264.66		  64036480		418.00
6284	1507494556	1236		264.60		  62154372		419.00
6285	1507495756	1200		262.48		  62154372		-999.00
6286	1507499356	3600		259.22		  62154372		-999.00
6287	1507494556	-4800		259.73		  62154372		-999.00
6285	1507503721	1200		265.56		  94188490		431.00
6285	1507507321	3600		265.54		  93565589		433.00
6285	1507510921	3600		265.38		  88313261		433.50
6285	1507514521	3600		265.29		  85170349		428.00
6285	1507518121	3600		265.03		  76407894		426.50
6285	1507521721	3600		264.83		  69906068		423.50
6285	1507525321	3600		264.65		  63933523		423.00
6285	1507528921	3600		264.55		  60617608		419.50
6285	1507530896	1975		264.44		  56986242		419.50
6286	1507532096	1200		259.47		  56986242		-999.00
6287	1507535696	3600		262.47		  56986242		-999.00
6288	1507539296	3600		262.47		  56986242		-999.00
6289	1507542896	3600		262.47		  56986242		-999.00
6290	1507546496	3600		262.47		  56986242		-999.00
6291	1507550096	3600		262.47		  56986242		-999.00
6292	1507553696	3600		262.47		  56986242		-999.00
6293	1507557296	3600		262.47		  56986242		-999.00
6294	1507560896	3600		262.72		  56986242		-999.00
6295	1507564496	3600		259.47		  56986242		-999.00
6296	1507568096	3600		259.47		  56986242		-999.00
6297	1507530896	-37200		259.73		  56986242		-999.00
6287	1507572726	1200		265.47		  91583030		436.50
6287	1507576326	3600		265.54		  93865046		437.50
6287	1507579926	3600		265.38		  88401210		434.00
6287	1507583526	3600		265.69		  90356496		437.00
6287	1507587126	3600		265.43		  81606660		434.00
6287	1507590726	3600		265.18		  73371577		432.00
6287	1507594326	3600		265.02		  68101423		428.00
6287	1507597926	3600		264.88		  63484257		427.00
6287	1507601526	3600		264.74		  58675634		426.00
6287	1507605126	3600		264.60		  53865520		423.00
6287	1507608726	3600		264.46		  49264378		420.00
6287	1507612326	3600		264.35		  45688076		419.00
6287	1507615926	3600		264.26		  42599587		421.00
6287	1507619526	3600		263.88		  38620889		412.50
6287	1507619736	210		263.93		  40186487		413.50
6288	1507620936	1200		262.47		  40186487		-999.00
6289	1507624536	3600		259.47		  40186487		-999.00
6290	1507628136	3600		259.72		  40186487		-999.00
6291	1507619736	-8400		259.72		  40186487		-999.00
6288	1507631237	1200		265.49		  92161959		411.50
6288	1507634837	3600		265.79		  93730237		448.00
6288	1507638437	3600		265.36		  87983796		443.50
6288	1507642037	3600		265.38		  88489598		440.50
6288	1507645637	3600		265.12		  79694389		439.00
6288	1507649237	3600		264.88		  71911155		436.00
6288	1507652837	3600		264.71		  66296628		432.50
6288	1507656437	3600		264.59		  62008876		431.00
6288	1507660037	3600		264.45		  57657928		429.50
6288	1507663637	3600		264.29		  52117791		426.50
6288	1507667237	3600		264.14		  47203969		424.50
6288	1507670837	3600		264.05		  44209965		423.50
6288	1507673622	2785		263.90		  39035345		418.00
6289	1507674822	1200		259.21		  39035345		-999.00
6290	1507678422	3600		259.21		  39035345		-999.00
6291	1507682022	3600		259.21		  39035345		-999.00
6292	1507685622	3600		259.21		  39035345		-999.00
6293	1507689222	3600		259.72		  39035345		-999.00
6294	1507692822	3600		259.20		  39035345		-999.00
6295	1507696422	3600		259.47		  39035345		-999.00
6296	1507673622	-22800		259.72		  39035345		-999.00
6291	1507699392	1200		265.57		  94981227		445.00
6291	1507702992	3600		265.54		  93836475		452.50
6291	1507706592	3600		265.38		  88502706		453.00
6291	1507710192	3600		265.34		  87020940		445.00
6291	1507713792	3600		265.05		  77577886		442.00
6291	1507717392	3600		264.86		  71307602		440.00
6291	1507720992	3600		264.67		  64906788		439.00
6291	1507724592	3600		264.57		  61454061		435.00
6291	1507728192	3600		264.40		  55929966		434.00
6291	1507731792	3600		264.28		  51701789		433.00
6291	1507735392	3600		264.18		  48476582		430.50
6291	1507738992	3600		264.05		  44194357		429.50
6291	1507742592	3600		263.97		  41467657		428.00
6291	1507746192	3600		263.90		  39115287		427.00
6291	1507749792	3600		263.82		  36549516		426.00
6291	1507753392	3600		263.73		  33627747		423.00
6291	1507756992	3600		263.65		  30890973		422.50
6291	1507760592	3600		263.60		  29275668		422.00
6291	1507764192	3600		263.54		  27239006		420.50
6291	1507766508	2316		263.44		  23992972		419.00
6292	1507767708	1200		262.47		  23992972		-999.00
6293	1507771308	3600		262.21		  23992972		-999.00
6294	1507774908	3600		262.21		  23992972		-999.00
6295	1507778508	3600		262.21		  23992972		-999.00
6296	1507782108	3600		262.47		  23992972		-999.00
6297	1507785708	3600		261.94		  23992972		-999.00
6298	1507789308	3600		262.48		  23992972		-999.00
6299	1507792908	3600		259.01		  23992972		-999.00
6300	1507796508	3600		258.76		  23992972		-999.00
6301	1507800108	3600		258.76		  23992972		-999.00
6302	1507803708	3600		258.76		  23992972		-999.00
6303	1507807308	3600		258.76		  23992972		-999.00
6304	1507810908	3600		258.76		  23992972		-999.00
6305	1507814508	3600		258.76		  23992972		-999.00
6306	1507818108	3600		258.76		  23992972		-999.00
6307	1507821708	3600		262.17		  23992972		-999.00
6308	1507825308	3600		262.42		  23992972		-999.00
6309	1507828908	3600		262.17		  23992972		-999.00
6310	1507766508	-62400		262.72		  23992972		-999.00
6295	1507833686	1200		262.42		         0		404.00
6295	1507837286	3600		262.43		         1		407.00
6295	1507840886	3600		262.43		         1		408.00
6295	1507844486	3600		262.43		         1		408.50
6295	1507848086	3600		262.42		         0		409.50
6295	1507851686	3600		262.42		         0		410.50
6295	1507855286	3600		255.79		         0		 11.00
6295	1507855861	575		255.79		         0		 11.00
6296	1507857061	1200		255.54		         0		-999.00
6297	1507860661	3600		255.54		         0		-999.00
6298	1507864261	3600		255.54		         0		-999.00
6299	1507867861	3600		255.54		         0		-999.00
6300	1507871461	3600		255.54		         0		-999.00
6301	1507875061	3600		255.54		         0		-999.00
6302	1507878661	3600		255.54		         0		-999.00
6303	1507882261	3600		255.54		         0		-999.00
6304	1507885861	3600		255.54		         0		-999.00
6305	1507889461	3600		255.54		         0		-999.00
6306	1507893061	3600		255.54		         0		-999.00
6307	1507896661	3600		255.54		         0		-999.00
6308	1507900261	3600		255.54		         0		-999.00
6309	1507903861	3600		255.54		         0		-999.00
6310	1507907461	3600		255.54		         0		-999.00
6311	1507911061	3600		259.17		         0		-999.00
6312	1507914661	3600		259.69		         0		-999.00
6313	1507855861	-58800		255.79		         0		-999.00
6297	1507918159	1200		265.43		  91255870		447.50
6297	1507921759	3600		265.53		  94606327		449.00
6297	1507925359	3600		265.35		  88750319		454.00
6297	1507928959	3600		265.28		  86455870		420.00
6297	1507932559	3600		265.05		  78521128		443.00
6297	1507936159	3600		264.83		  71305670		441.00
6297	1507939759	3600		264.65		  65468203		442.50
6297	1507943359	3600		264.61		  63894348		439.50
6297	1507946959	3600		264.44		  58373757		438.00
6297	1507950559	3600		264.31		  54085325		435.50
6297	1507954159	3600		264.18		  49720570		433.50
6297	1507957759	3600		264.07		  46138410		431.50
6297	1507961359	3600		263.95		  42069780		432.50
6297	1507964959	3600		263.85		  38652337		414.50
6297	1507965973	1014		259.69		  35918177		  8.00
6298	1507967173	1200		259.44		  35918177		-999.00
6299	1507970773	3600		259.18		  35918177		-999.00
6300	1507965973	-4800		259.69		  35918177		-999.00
6298	1507975427	1200		265.51		  94127780		458.50
6298	1507979027	3600		265.48		  93101318		460.00
6298	1507982627	3600		265.47		  92829521		461.00
6298	1507986227	3600		265.33		  87871741		447.00
6298	1507989827	3600		265.37		  89260888		455.50
6298	1507993427	3600		265.05		  78691589		455.00
6298	1507997027	3600		264.86		  72452110		452.50
6298	1508000627	3600		264.69		  66824535		448.50
6298	1508004227	3600		264.53		  61253039		447.00
6298	1508007827	3600		264.36		  55826868		445.00
6298	1508011427	3600		264.25		  51928436		443.50
6298	1508015027	3600		264.12		  47658110		441.00
6298	1508018627	3600		264.02		  44388359		441.00
6298	1508022227	3600		263.93		  41338760		438.00
6298	1508025827	3600		263.82		  37761658		437.00
6298	1508029427	3600		263.75		  35335551		435.50
6298	1508033027	3600		263.67		  32813949		434.50
6298	1508035883	2856		263.58		  29550156		430.00
6299	1508037083	1200		259.44		  29550156		-999.00
6300	1508040683	3600		259.14		  29550156		-999.00
6301	1508044283	3600		259.15		  29550156		-999.00
6302	1508047883	3600		259.15		  29550156		-999.00
6303	1508035883	-12000		259.69		  29550156		-999.00
6300	1508052242	1200		265.50		  94349791		469.50
6300	1508055842	3600		265.47		  93638345		468.00
6300	1508059442	3600		265.48		  93688351		468.50
6300	1508063042	3600		265.32		  88599031		474.00
6300	1508066642	3600		265.35		  89652184		467.50
6300	1508070242	3600		265.06		  79948351		463.00
6300	1508073842	3600		264.87		  73542863		462.50
6300	1508075760	1918		264.77		  70006097		458.50
6301	1508076960	1200		262.66		  70006097		-999.00
6302	1508080560	3600		262.66		  70006097		-999.00
6303	1508084160	3600		262.66		  70006097		-999.00
6304	1508087760	3600		259.66		  70006097		-999.00
6305	1508091360	3600		259.15		  70006097		-999.00
6306	1508094960	3600		259.15		  70006097		-999.00
6307	1508098560	3600		259.15		  70006097		-999.00
6308	1508075760	-22800		259.66		  70006097		-999.00
6303	1508102748	1200		265.50		  94496917		467.50
6303	1508106348	3600		265.45		  92851668		470.50
6303	1508109948	3600		265.46		  93067327		472.00
6303	1508113548	3600		265.32		  88469985		475.50
6303	1508117148	3600		265.32		  88466407		469.00
6303	1508120748	3600		265.04		  79011953		465.00
6303	1508124348	3600		264.81		  71660566		463.00
6303	1508127948	3600		264.68		  67246834		461.00
6303	1508131548	3600		264.51		  61621170		460.00
6303	1508135148	3600		264.37		  56938573		457.50
6303	1508138748	3600		264.24		  52526781		456.00
6303	1508142348	3600		264.12		  48634010		454.00
6303	1508145948	3600		264.02		  45200626		452.50
6303	1508149548	3600		263.88		  40437801		451.00
6303	1508150038	490		264.01		  44690273		451.00
6304	1508151238	1200		259.41		  44690273		-999.00
6305	1508154838	3600		259.41		  44690273		-999.00
6306	1508158438	3600		259.41		  44690273		-999.00
6307	1508162038	3600		259.15		  44690273		-999.00
6308	1508165638	3600		259.41		  44690273		-999.00
6309	1508150038	-15600		259.66		  44690273		-999.00
6304	1508168326	1200		265.39		  90771361		477.50
6304	1508171926	3600		265.57		  96920526		478.00
6304	1508175526	3600		265.46		  93298136		479.50
6304	1508179126	3600		265.34		  89020838		476.50
6304	1508182726	3600		265.27		  86883181		476.00
6304	1508186326	3600		265.00		  77871755		472.00
6304	1508189926	3600		264.83		  72092734		470.00
6304	1508193526	3600		264.65		  66085513		467.00
6304	1508197126	3600		264.49		  60980926		465.00
6304	1508200726	3600		264.33		  55575420		463.00
6304	1508204326	3600		264.21		  51416220		462.00
6304	1508207926	3600		264.09		  47528337		459.00
6304	1508211515	3589		263.95		  42877870		453.50
6305	1508212715	1200		262.66		  42877870		-999.00
6306	1508216315	3600		259.41		  42877870		-999.00
6307	1508219915	3600		259.15		  42877870		-999.00
6308	1508211515	-8400		259.66		  42877870		-999.00
6305	1508222237	1200		265.49		  94052926		481.00
6305	1508225837	3600		265.48		  93888456		486.00
6305	1508229437	3600		265.49		  94068789		487.00
6305	1508233037	3600		265.30		  87965085		480.00
6305	1508236637	3600		265.37		  90271350		461.50
6305	1508240237	3600		265.10		  81207083		479.50
6305	1508243837	3600		264.90		  74613991		480.50
6305	1508247437	3600		264.76		  69731906		475.50
6305	1508251037	3600		264.57		  63358577		473.00
6305	1508254637	3600		264.39		  57547316		471.50
6305	1508258237	3600		264.26		  53262654		468.50
6305	1508261837	3600		264.13		  48961182		468.50
6305	1508265437	3600		264.04		  45763143		466.50
6305	1508268001	2564		263.87		  40140394		459.50
6306	1508269201	1200		259.15		  40140394		-999.00
6307	1508272801	3600		259.15		  40140394		-999.00
6308	1508268001	-4800		259.66		  40140394		-999.00
6306	1508277190	1200		265.52		  95300571		495.50
6306	1508280790	3600		265.49		  94181051		495.00
6306	1508284390	3600		265.48		  93975635		494.50
6306	1508287990	3600		265.33		  88745247		479.00
6306	1508291590	3600		265.40		  91233580		493.00
6306	1508295190	3600		265.14		  82615481		490.00
6306	1508298790	3600		264.92		  75041693		488.00
6306	1508302390	3600		264.77		  70008027		485.00
6306	1508305990	3600		264.56		  63290759		481.00
6306	1508308822	2832		264.44		  59057073		479.50
6307	1508310022	1200		262.66		  59057073		-999.00
6308	1508313622	3600		262.15		  59057073		-999.00
6309	1508308822	-4800		262.66		  59057073		-999.00
6307	1508318336	1200		265.52		  95089408		468.00
6307	1508321936	3600		265.50		  94406461		492.00
6307	1508325536	3600		265.48		  93974360		502.00
6307	1508329136	3600		265.47		  93613019		501.50
6307	1508332736	3600		265.34		  89059306		500.50
6307	1508336336	3600		265.19		  84116038		496.50
6307	1508339936	3600		264.96		  76478446		493.50
6307	1508343536	3600		264.80		  71032315		491.00
6307	1508346486	2950		264.66		  66371963		488.50
6308	1508347686	1200		259.41		  66371963		-999.00
6309	1508351286	3600		259.15		  66371963		-999.00
6310	1508354886	3600		259.15		  66371963		-999.00
6311	1508358486	3600		259.66		  66371963		-999.00
6312	1508362086	3600		259.15		  66371963		-999.00
6313	1508346486	-15600		259.66		  66371963		-999.00
6308	1508365058	1200		265.52		  95324499		497.00
6308	1508368658	3600		265.49		  94037034		506.00
6308	1508372258	3600		265.49		  94091403		505.00
6308	1508375858	3600		265.33		  88870460		495.00
6308	1508379458	3600		265.44		  92342925		503.50
6308	1508383058	3600		265.13		  82200586		500.00
6308	1508386658	3600		264.89		  74208771		495.50
6308	1508390258	3600		264.76		  69958427		494.00
6308	1508393858	3600		264.57		  63344549		491.50
6308	1508397458	3600		264.42		  58640306		487.50
6308	1508401058	3600		264.26		  53294682		486.50
6308	1508404658	3600		264.16		  49792532		483.50
6308	1508408258	3600		264.01		  44677847		482.00
6308	1508409840	1582		263.82		  38586467		477.50
6309	1508411040	1200		259.41		  38586467		-999.00
6310	1508414640	3600		259.41		  38586467		-999.00
6311	1508418240	3600		259.15		  38586467		-999.00
6312	1508409840	-8400		259.66		  38586467		-999.00
6309	1508420823	1200		265.53		  95533557		506.50
6309	1508422917	2094		265.48		  93912607		514.50
6310	1508424117	1200		259.66		  93912607		-999.00
6311	1508427717	3600		259.66		  93912607		-999.00
6312	1508431317	3600		259.66		  93912607		-999.00
6313	1508434917	3600		259.15		  93912607		-999.00
6314	1508422917	-12000		259.66		  93912607		-999.00
6311	1508438805	1200		265.79		  95417686		506.50
6311	1508442405	3600		265.74		  93698678		513.50
6311	1508446005	3600		265.76		  94304292		514.00
6311	1508449605	3600		265.34		  88819765		511.50
6311	1508453205	3600		265.43		  91714611		511.50
6311	1508456805	3600		265.14		  82284533		507.50
6311	1508460405	3600		264.92		  74747803		507.50
6311	1508464005	3600		264.76		  69620664		503.50
6311	1508467605	3600		264.57		  63109393		501.00
6311	1508471205	3600		264.41		  57985442		501.50
6311	1508474805	3600		264.30		  54134302		500.00
6311	1508478405	3600		264.16		  49606667		496.50
6311	1508482005	3600		264.00		  44174244		484.50
6311	1508484113	2108		259.67		  43722392		  7.50
6312	1508485313	1200		259.67		  43722392		-999.00
6313	1508488913	3600		259.41		  43722392		-999.00
6314	1508492513	3600		259.34		  43722392		-999.00
6315	1508484113	-8400		259.67		  43722392		-999.00
6312	1508495418	1200		265.70		  94247651		515.00
6312	1508499018	3600		265.66		  92843676		513.50
6312	1508502618	3600		265.66		  92974038		517.50
6312	1508506218	3600		265.55		  88802825		521.00
6312	1508509818	3600		265.53		  88082876		513.50
6312	1508513418	3600		265.28		  79738904		506.00
6312	1508517018	3600		265.09		  73202976		508.50
6312	1508520618	3600		264.91		  67318068		505.00
6312	1508524218	3600		264.74		  61555235		503.00
6312	1508527818	3600		264.55		  55419897		499.50
6312	1508531418	3600		264.42		  50851609		496.00
6312	1508535018	3600		259.89		  45259342		  8.00
6312	1508535189	171		259.89		  41294738		  8.00
6313	1508536389	1200		262.37		  41294738		-999.00
6314	1508539989	3600		259.37		  41294738		-999.00
6315	1508543589	3600		259.37		  41294738		-999.00
6316	1508535189	-8400		259.89		  41294738		-999.00
6313	1508545207	1200		265.68		  93231129		522.00
6313	1508548713	3506		265.46		  94503748		485.00
6314	1508549913	1200		262.37		  94503748		-999.00
6315	1508553513	3600		259.37		  94503748		-999.00
6316	1508557113	3600		259.37		  94503748		-999.00
6317	1508548713	-8400		259.62		  94503748		-999.00
6314	1508558535	1200		265.65		  92242980		522.00
6314	1508562135	3600		265.70		  93874513		522.50
6314	1508565735	3600		265.67		  93152879		523.50
6314	1508569335	3600		265.26		  87757350		508.50
6314	1508572935	3600		265.48		  86820623		517.50
6314	1508576535	3600		265.24		  78692078		515.00
6314	1508580135	3600		265.04		  72149106		516.50
6314	1508583735	3600		264.90		  67277099		512.50
6314	1508587335	3600		264.79		  63819209		511.50
6314	1508590935	3600		264.61		  57687305		504.50
6314	1508594535	3600		264.45		  52321789		506.00
6314	1508598135	3600		264.32		  48166164		502.00
6314	1508601735	3600		264.23		  44972323		500.50
6314	1508605335	3600		264.08		  40063557		500.00
6314	1508608935	3600		259.88		  38860002		  8.00
6314	1508612535	3600		259.37		   5430366		  7.00
6314	1508615073	2538		259.37		         0		  7.00
6315	1508616273	1200		259.37		         0		-999.00
6316	1508619873	3600		259.37		         0		-999.00
6317	1508623473	3600		259.37		         0		-999.00
6318	1508615073	-8400		259.37		         0		-999.00
6315	1508625002	1200		265.67		  93163029		527.00
6315	1508628602	3600		265.71		  94390306		530.50
6315	1508632202	3600		265.69		  93645241		531.00
6315	1508635802	3600		265.60		  90719442		484.00
6315	1508639402	3600		265.61		  90964863		531.00
6315	1508643002	3600		265.35		  82351234		526.50
6315	1508646602	3600		265.13		  75110541		525.00
6315	1508650202	3600		264.93		  68479515		520.50
6315	1508653802	3600		264.77		  63048599		518.00
6315	1508657402	3600		264.61		  57703638		516.50
6315	1508661002	3600		264.49		  53563498		513.50
6315	1508662786	1784		264.41		  50919219		514.00
6316	1508663986	1200		262.62		  50919219		-999.00
6317	1508667586	3600		262.37		  50919219		-999.00
6318	1508671186	3600		262.37		  50919219		-999.00
6319	1508674786	3600		259.37		  50919219		-999.00
6320	1508678386	3600		259.37		  50919219		-999.00
6321	1508681986	3600		262.62		  50919219		-999.00
6322	1508685586	3600		259.37		  50919219		-999.00
6323	1508662786	-22800		259.88		  50919219		-999.00
6317	1508690090	1200		265.68		  93440974		528.00
6317	1508693690	3600		265.72		  94803046		537.50
6317	1508697290	3600		265.69		  93760192		538.00
6317	1508700890	3600		265.53		  88392564		536.00
6317	1508704490	3600		265.57		  89657517		536.50
6317	1508708090	3600		265.28		  80037247		530.00
6317	1508711690	3600		265.07		  72897332		528.00
6317	1508715290	3600		264.86		  66164262		525.50
6317	1508718890	3600		264.75		  62324712		522.50
6317	1508722490	3600		264.61		  57550925		521.00
6317	1508726090	3600		264.42		  51300251		518.00
6317	1508729690	3600		264.25		  45605639		516.00
6317	1508733290	3600		264.20		  44041861		514.00
6317	1508736021	2731		264.14		  41962712		513.00
6318	1508737221	1200		259.37		  41962712		-999.00
6319	1508740821	3600		259.37		  41962712		-999.00
6320	1508744421	3600		259.37		  41962712		-999.00
6321	1508748021	3600		259.62		  41962712		-999.00
6322	1508736021	-12000		259.88		  41962712		-999.00
6318	1508749759	1200		265.73		  94889824		531.50
6318	1508753359	3600		265.68		  93403025		543.50
6318	1508756959	3600		265.64		  92034961		496.00
6318	1508757812	853		264.33		  56884217		532.50
6319	1508759012	1200		259.37		  56884217		-999.00
6320	1508762612	3600		259.37		  56884217		-999.00
6321	1508766212	3600		259.37		  56884217		-999.00
6322	1508769812	3600		259.37		  56884217		-999.00
6323	1508773412	3600		259.37		  56884217		-999.00
6324	1508777012	3600		259.37		  56884217		-999.00
6325	1508780612	3600		259.37		  56884217		-999.00
6326	1508784212	3600		259.37		  56884217		-999.00
6327	1508787812	3600		259.37		  56884217		-999.00
6328	1508791412	3600		259.37		  56884217		-999.00
6329	1508757812	-33600		259.88		  56884217		-999.00
6323	1508796103	1200		265.64		  92054444		532.50
6323	1508799703	3600		265.62		  91403453		544.00
6323	1508803303	3600		265.61		  91079273		545.50
6323	1508806903	3600		265.46		  85952283		539.00
6323	1508810503	3600		265.56		  89327243		539.50
6323	1508814103	3600		265.27		  79748316		540.50
6323	1508817703	3600		265.08		  73400412		536.00
6323	1508821303	3600		264.92		  68125111		531.00
6323	1508824903	3600		264.75		  62406622		528.50
6323	1508828503	3600		264.59		  56849317		527.00
6323	1508832103	3600		264.45		  52435566		525.50
6323	1508835703	3600		264.35		  48908732		524.00
6323	1508839303	3600		264.16		  42741588		512.50
6323	1508839887	584		264.15		  42388790		514.50
6324	1508841087	1200		259.36		  42388790		-999.00
6325	1508844687	3600		259.36		  42388790		-999.00
6326	1508848287	3600		259.36		  42388790		-999.00
6327	1508851887	3600		259.36		  42388790		-999.00
6328	1508855487	3600		259.36		  42388790		-999.00
6329	1508859087	3600		259.36		  42388790		-999.00
6330	1508839887	-19200		259.88		  42388790		-999.00
6324	1508861149	1200		265.57		  90014608		544.50
6324	1508864749	3600		265.70		  94354018		547.50
6324	1508868349	3600		265.69		  94130641		547.50
6324	1508871949	3600		265.50		  87794711		544.00
6324	1508875549	3600		265.62		  91796510		548.00
6324	1508879149	3600		265.32		  81576436		540.50
6324	1508882749	3600		265.10		  74220378		538.50
6324	1508886349	3600		264.96		  69633453		536.00
6324	1508889949	3600		264.76		  63140420		532.50
6324	1508893549	3600		264.62		  58419151		530.50
6324	1508897149	3600		264.48		  53826004		527.00
6324	1508900749	3600		264.32		  48480800		525.50
6324	1508904349	3600		264.21		  44787431		524.00
6324	1508907949	3600		264.12		  41524990		521.50
6324	1508911549	3600		264.04		  38919063		520.00
6324	1508915149	3600		263.96		  36264154		520.00
6324	1508918170	3021		263.87		  33237943		517.00
6325	1508919370	1200		259.36		  33237943		-999.00
6326	1508922970	3600		259.36		  33237943		-999.00
6327	1508926570	3600		259.36		  33237943		-999.00
6328	1508930170	3600		259.36		  33237943		-999.00
6329	1508918170	-12000		259.87		  33237943		-999.00
6325	1508932018	1200		265.72		  95144486		553.50
6325	1508935618	3600		265.69		  93847231		556.00
6325	1508939218	3600		265.68		  93752508		557.50
6325	1508942818	3600		265.47		  86805070		556.00
6325	1508946418	3600		265.42		  84957415		550.00
6325	1508950018	3600		265.19		  77403134		547.00
6325	1508953618	3600		264.98		  70412128		546.00
6325	1508957218	3600		264.85		  65919535		541.00
6325	1508960818	3600		264.67		  60021973		537.50
6325	1508964418	3600		264.53		  55410915		538.00
6325	1508968018	3600		264.39		  50717615		534.50
6325	1508971618	3600		264.28		  47105871		533.00
6325	1508975218	3600		264.19		  43926985		530.00
6325	1508978818	3600		264.08		  40374950		529.50
6325	1508982418	3600		264.01		  38097179		526.00
6325	1508985380	2962		263.89		  33873737		523.50
6326	1508986580	1200		259.36		  33873737		-999.00
6327	1508990180	3600		262.36		  33873737		-999.00
6328	1508993780	3600		259.36		  33873737		-999.00
6329	1508997380	3600		259.36		  33873737		-999.00
6330	1509000980	3600		259.36		  33873737		-999.00
6331	1509004580	3600		259.36		  33873737		-999.00
6332	1509008180	3600		259.36		  33873737		-999.00
6333	1509011780	3600		259.36		  33873737		-999.00
6334	1509015380	3600		259.36		  33873737		-999.00
6335	1509018980	3600		259.36		  33873737		-999.00
6336	1509022580	3600		259.36		  33873737		-999.00
6337	1509026180	3600		255.84		  33873737		-999.00
6338	1509029780	3600		255.59		  33873737		-999.00
6339	1509033380	3600		257.67		  33873737		-999.00
6340	1509036980	3600		259.17		  33873737		-999.00
6341	1509040580	3600		259.69		  33873737		-999.00
6342	1508985380	-55200		259.87		  33873737		-999.00
6336	1509043424	1200		262.90		   7126571		512.00
6336	1509047024	3600		262.90		   6918858		503.00
6336	1509050624	3600		262.89		   6721849		500.00
6336	1509054224	3600		262.88		   6239928		500.00
6336	1509056801	2577		262.84		   5127697		495.50
6337	1509058001	1200		262.69		   5127697		-999.00
6338	1509061601	3600		259.18		   5127697		-999.00
6339	1509065201	3600		259.18		   5127697		-999.00
6340	1509068801	3600		259.18		   5127697		-999.00
6341	1509056801	-12000		259.69		   5127697		-999.00
6337	1509072995	1200		265.50		  93519864		558.50
6337	1509076595	3600		265.53		  94532351		556.00
6337	1509080195	3600		265.49		  93281285		557.50
6337	1509083795	3600		265.36		  88896285		562.50
6337	1509087395	3600		265.34		  88439941		553.50
6337	1509090995	3600		265.07		  79212727		548.50
6337	1509091839	844		264.35		  55423484		539.50
6338	1509093039	1200		259.69		  55423484		-999.00
6339	1509096639	3600		259.69		  55423484		-999.00
6340	1509100239	3600		259.69		  55423484		-999.00
6341	1509103839	3600		259.69		  55423484		-999.00
6342	1509107439	3600		259.69		  55423484		-999.00
6343	1509111039	3600		262.18		  55423484		-999.00
6344	1509114639	3600		262.69		  55423484		-999.00
6345	1509118239	3600		257.56		  55423484		-999.00
6346	1509121839	3600		262.33		  55423484		-999.00
6347	1509125439	3600		259.33		  55423484		-999.00
6348	1509129039	3600		259.33		  55423484		-999.00
6349	1509132639	3600		259.33		  55423484		-999.00
6350	1509136239	3600		259.33		  55423484		-999.00
6351	1509091839	-44400		259.69		  55423484		-999.00
6341	1509140377	1200		265.61		  91835041		559.50
6341	1509142561	2184		265.64		  92990488		559.00
6342	1509143761	1200		262.59		  92990488		-999.00
6343	1509147361	3600		262.59		  92990488		-999.00
6344	1509150961	3600		262.59		  92990488		-999.00
6345	1509154561	3600		259.33		  92990488		-999.00
6346	1509158161	3600		259.33		  92990488		-999.00
6347	1509161761	3600		259.33		  92990488		-999.00
6348	1509142561	-19200		259.85		  92990488		-999.00
6343	1509165362	1200		265.64		  93284831		557.00
6343	1509168962	3600		265.68		  94474611		561.50
6343	1509172562	3600		265.64		  93123283		563.00
6343	1509176162	3600		265.46		  87177492		562.00
6343	1509179762	3600		265.35		  83423432		554.00
6343	1509183362	3600		265.08		  74664107		552.00
6343	1509186962	3600		264.89		  68029441		548.50
6343	1509190562	3600		264.74		  63038095		545.50
6343	1509194162	3600		264.60		  58362425		542.50
6343	1509197762	3600		264.45		  53594840		544.00
6343	1509201362	3600		264.33		  49616844		538.50
6343	1509204962	3600		264.23		  46292500		538.50
6343	1509206860	1898		264.14		  43224409		537.50
6344	1509208060	1200		262.84		  43224409		-999.00
6345	1509211660	3600		259.33		  43224409		-999.00
6346	1509215260	3600		259.59		  43224409		-999.00
6347	1509206860	-8400		259.84		  43224409		-999.00
6344	1509216496	1200		265.61		  92166588		568.00
6344	1509220096	3600		265.65		  93505348		569.50
6344	1509223696	3600		265.62		  92540919		570.00
6344	1509227296	3600		265.47		  87451878		563.00
6344	1509230896	3600		265.47		  87574348		566.50
6344	1509233361	2465		265.28		  81303639		564.00
6345	1509234561	1200		262.59		  81303639		-999.00
6346	1509238161	3600		259.33		  81303639		-999.00
6347	1509245361	3600		259.33		  81303639		-999.00
6348	1509248961	3600		259.33		  81303639		-999.00
6349	1509252561	3600		259.33		  81303639		-999.00
6350	1509256161	3600		259.33		  81303639		-999.00
6351	1509259761	3600		259.33		  81303639		-999.00
6352	1509263361	3600		259.33		  81303639		-999.00
6353	1509266961	3600		259.33		  81303639		-999.00
6354	1509270561	3600		259.59		  81303639		-999.00
6355	1509233361	-33600		259.84		  81303639		-999.00
6346	1509273715	1200		265.69		  94777764		569.50
6346	1509277315	3600		265.66		  93807327		570.50
6346	1509280915	3600		265.65		  93582588		534.00
6346	1509284515	3600		265.52		  89321193		566.50
6346	1509288115	3600		265.48		  87703441		554.50
6346	1509291715	3600		265.23		  79475890		564.50
6346	1509295315	3600		265.03		  72700243		561.00
6346	1509298915	3600		264.87		  67494638		559.00
6346	1509302515	3600		264.71		  62278062		555.50
6346	1509306115	3600		264.55		  56978477		554.50
6346	1509309715	3600		264.43		  52893873		552.00
6346	1509313315	3600		264.31		  48774070		550.50
6346	1509316915	3600		264.21		  45547063		549.50
6346	1509320515	3600		264.12		  42435682		548.00
6346	1509324115	3600		264.03		  39348715		546.50
6346	1509327715	3600		263.95		  36721220		541.00
6346	1509331315	3600		263.86		  33782882		542.50
6346	1509334915	3600		263.75		  30137267		537.50
6346	1509335058	143		259.84		  30864125		  8.50
6347	1509336258	1200		259.33		  30864125		-999.00
6348	1509339858	3600		259.33		  30864125		-999.00
6349	1509343458	3600		262.59		  30864125		-999.00
6350	1509347058	3600		262.59		  30864125		-999.00
6351	1509350658	3600		259.59		  30864125		-999.00
6352	1509354258	3600		259.33		  30864125		-999.00
6353	1509357858	3600		259.84		  30864125		-999.00
6354	1509335058	-22800		259.84		  30864125		-999.00
6347	1509360447	1200		265.69		  94955304		578.00
6347	1509364047	3600		265.65		  93632790		580.00
6347	1509367647	3600		265.67		  94023103		579.50
6347	1509371247	3600		265.57		  90977284		561.50
6347	1509373889	2642		265.41		  85511420		578.00
6348	1509375089	1200		262.59		  85511420		-999.00
6349	1509378689	3600		262.06		  85511420		-999.00
6350	1509382289	3600		259.59		  85511420		-999.00
6351	1509385889	3600		259.33		  85511420		-999.00
6352	1509389489	3600		259.33		  85511420		-999.00
6353	1509373889	-15600		259.84		  85511420		-999.00
6348	1509392461	1200		265.69		  94828716		584.00
6348	1509396061	3600		265.66		  93734746		583.50
6348	1509399661	3600		265.67		  94017760		585.50
6348	1509403261	3600		265.53		  89579332		535.00
6348	1509406861	3600		265.54		  89974667		580.00
6348	1509407899	1038		265.32		  82511814		581.00
6349	1509409099	1200		262.59		  82511814		-999.00
6350	1509412699	3600		262.59		  82511814		-999.00
6351	1509416299	3600		262.33		  82511814		-999.00
6352	1509419899	3600		262.33		  82511814		-999.00
6353	1509407899	-12000		262.84		  82511814		-999.00
6349	1509421547	1200		265.68		  94389533		586.00
6349	1509425147	3600		265.64		  93204744		588.50
6349	1509428747	3600		265.62		  92364766		586.50
6349	1509431369	2622		265.62		  92472798		587.00
6350	1509432569	1200		262.59		  92472798		-999.00
6351	1509436169	3600		262.59		  92472798		-999.00
6352	1509439769	3600		259.59		  92472798		-999.00
6353	1509443369	3600		259.59		  92472798		-999.00
6354	1509446969	3600		259.59		  92472798		-999.00
6355	1509450569	3600		259.59		  92472798		-999.00
6356	1509454169	3600		259.84		  92472798		-999.00
6357	1509457769	3600		259.33		  92472798		-999.00
6358	1509431369	-26400		259.84		  92472798		-999.00
6351	1509460899	1200		257.79		  93212764		  6.00
6351	1509463247	2348		265.64		  96403487		579.00
6352	1509464447	1200		262.48		  96403487		-999.00
6353	1509468047	3600		262.48		  96403487		-999.00
6354	1509471647	3600		262.48		  96403487		-999.00
6355	1509475247	3600		262.48		  96403487		-999.00
6356	1509478847	3600		262.48		  96403487		-999.00
6357	1509482447	3600		262.48		  96403487		-999.00
6358	1509486047	3600		262.48		  96403487		-999.00
6359	1509489647	3600		262.48		  96403487		-999.00
6360	1509493247	3600		262.48		  96403487		-999.00
6361	1509496847	3600		262.73		  96403487		-999.00
6362	1509500447	3600		262.73		  96403487		-999.00
6363	1509504047	3600		262.73		  96403487		-999.00
6364	1509507647	3600		262.73		  96403487		-999.00
6365	1509511247	3600		262.73		  96403487		-999.00
6366	1509514847	3600		262.73		  96403487		-999.00
6367	1509518447	3600		262.73		  96403487		-999.00
6368	1509522047	3600		262.22		  96403487		-999.00
6369	1509525647	3600		262.48		  96403487		-999.00
6370	1509529247	3600		259.48		  96403487		-999.00
6371	1509532847	3600		259.48		  96403487		-999.00
6372	1509536447	3600		262.73		  96403487		-999.00
6373	1509540047	3600		262.73		  96403487		-999.00
6374	1509543647	3600		262.48		  96403487		-999.00
6375	1509547247	3600		262.48		  96403487		-999.00
6376	1509550847	3600		262.48		  96403487		-999.00
6377	1509554447	3600		262.48		  96403487		-999.00
6378	1509463247	-91200		262.75		  96403487		-999.00
6355	1509558458	1200		265.58		  94889782		570.50
6355	1509560666	2208		265.56		  94240620		581.00
6356	1509561866	1200		262.48		  94240620		-999.00
6357	1509565466	3600		259.48		  94240620		-999.00
6358	1509569066	3600		259.22		  94240620		-999.00
6359	1509560666	-8400		259.73		  94240620		-999.00
6356	1509573756	1200		265.58		  94845616		581.00
6356	1509577356	3600		265.58		  94909356		551.00
6356	1509580956	3600		265.54		  93593099		582.50
6356	1509584556	3600		265.37		  87874337		584.00
6356	1509588156	3600		265.33		  86399955		578.00
6356	1509591756	3600		265.05		  77077610		572.00
6356	1509595356	3600		264.87		  71016369		574.50
6356	1509598956	3600		264.73		  66369808		570.00
6356	1509602556	3600		264.55		  60635652		565.50
6356	1509606156	3600		264.41		  55898828		550.00
6356	1509609756	3600		264.28		  51372446		561.00
6356	1509613356	3600		264.17		  47918613		559.50
6356	1509616034	2678		259.73		  41400685		  8.00
6357	1509617234	1200		259.72		  41400685		-999.00
6358	1509620834	3600		259.47		  41400685		-999.00
6359	1509624434	3600		259.47		  41400685		-999.00
6360	1509628034	3600		259.21		  41400685		-999.00
6361	1509631634	3600		259.21		  41400685		-999.00
6362	1509635234	3600		259.21		  41400685		-999.00
6363	1509616034	-19200		259.73		  41400685		-999.00
6358	1509636992	1200		266.71		 124378904		592.50
6358	1509640592	3600		266.21		 107793041		601.50
6358	1509644192	3600		266.10		 103976092		593.50
6358	1509647792	3600		265.69		  90436044		596.50
6358	1509651392	3600		265.57		  86400565		584.50
6358	1509654992	3600		265.31		  77710706		584.50
6358	1509658592	3600		265.10		  70598419		580.00
6358	1509662192	3600		264.90		  64111907		577.00
6358	1509665792	3600		264.79		  60352706		575.50
6358	1509669392	3600		264.65		  55550236		573.00
6358	1509672992	3600		264.27		  51658076		553.50
6358	1509676592	3600		264.15		  47568686		566.50
6358	1509680192	3600		264.06		  44453874		563.00
6358	1509683792	3600		263.96		  41189388		563.50
6358	1509686642	2850		263.90		  39227164		563.00
6359	1509687842	1200		262.72		  39227164		-999.00
6360	1509691442	3600		259.72		  39227164		-999.00
6361	1509695042	3600		259.47		  39227164		-999.00
6362	1509698642	3600		262.72		  39227164		-999.00
6363	1509702242	3600		259.47		  39227164		-999.00
6364	1509705842	3600		259.47		  39227164		-999.00
6365	1509709442	3600		259.47		  39227164		-999.00
6366	1509686642	-22800		259.72		  39227164		-999.00
6360	1509712486	1200		265.57		  94864663		594.00
6360	1509716086	3600		265.54		  93801951		598.50
6360	1509719686	3600		265.79		  93784790		597.50
6360	1509723286	3600		265.42		  89849253		604.50
6360	1509726886	3600		265.40		  89282790		593.50
6360	1509730486	3600		265.15		  80713576		589.50
6360	1509734086	3600		264.91		  72831224		585.50
6360	1509737686	3600		264.76		  67882155		582.00
6360	1509741286	3600		264.59		  62268387		582.00
6360	1509744886	3600		264.45		  57429247		577.00
6360	1509748486	3600		264.31		  52898386		576.50
6360	1509752086	3600		264.18		  48645277		572.00
6360	1509755686	3600		264.09		  45438118		571.00
6360	1509759286	3600		263.99		  42064164		570.00
6360	1509762886	3600		263.91		  39412967		567.50
6360	1509766486	3600		263.82		  36570821		566.00
6360	1509770086	3600		263.74		  33859315		548.50
6360	1509773686	3600		263.68		  31945611		566.00
6360	1509777286	3600		263.65		  30753050		564.00
6360	1509780886	3600		263.60		  29163900		560.00
6360	1509784486	3600		263.55		  27442536		557.00
6360	1509788086	3600		263.51		  26111838		558.50
6360	1509791686	3600		262.80		  10866078		533.50
6360	1509795286	3600		262.99		  17332694		553.00
6360	1509798558	3272		263.12		  21769145		552.50
6361	1509799758	1200		259.47		  21769145		-999.00
6362	1509803358	3600		262.47		  21769145		-999.00
6363	1509806958	3600		262.47		  21769145		-999.00
6364	1509810558	3600		259.21		  21769145		-999.00
6365	1509798558	-12000		259.47		  21769145		-999.00
6362	1509814717	1200		265.59		  95087419		600.50
6362	1509818317	3600		265.57		  94564516		602.00
6362	1509821917	3600		265.54		  93393671		603.50
6362	1509825517	3600		265.54		  93544346		603.50
6362	1509829117	3600		265.38		  88107582		601.50
6362	1509832717	3600		265.26		  84323974		597.50
6362	1509836317	3600		265.01		  75832076		595.50
6362	1509839917	3600		264.88		  71377115		590.50
6362	1509843517	3600		264.69		  65247428		589.00
6362	1509847117	3600		264.47		  57821906		582.50
6362	1509850717	3600		264.32		  52909489		579.00
6362	1509854317	3600		264.19		  48472014		577.50
6362	1509857917	3600		264.10		  45506144		575.00
6362	1509861517	3600		264.00		  42068001		574.50
6362	1509865117	3600		263.92		  39553600		573.50
6362	1509868717	3600		263.84		  36849719		573.00
6362	1509872317	3600		263.77		  34569054		565.00
6362	1509875917	3600		263.68		  31337954		571.50
6362	1509879517	3600		263.61		  29331339		569.00
6362	1509883117	3600		263.55		  27307429		568.00
6362	1509886717	3600		263.50		  25390258		565.50
6362	1509890317	3600		263.46		  24288107		567.00
6362	1509893917	3600		263.42		  22998924		566.50
6362	1509897517	3600		263.40		  22266258		565.00
6362	1509899516	1999		263.33		  19745818		561.50
6363	1509900716	1200		259.48		  19745818		-999.00
6364	1509904316	3600		262.48		  19745818		-999.00
6365	1509907916	3600		259.48		  19745818		-999.00
6366	1509911516	3600		262.73		  19745818		-999.00
6367	1509915116	3600		262.73		  19745818		-999.00
6368	1509918716	3600		262.73		  19745818		-999.00
6369	1509922316	3600		262.73		  19745818		-999.00
6370	1509925916	3600		259.48		  19745818		-999.00
6371	1509929516	3600		259.22		  19745818		-999.00
6372	1509899516	-30000		259.73		  19745818		-999.00
6364	1509933299	1200		265.59		  94876204		612.50
6364	1509936899	3600		265.58		  94607193		611.50
6364	1509940499	3600		265.56		  93993895		612.50
6364	1509944099	3600		265.39		  88098282		607.00
6364	1509947699	3600		265.44		  89849891		609.00
6364	1509951299	3600		265.17		  80950423		605.50
6364	1509954899	3600		264.97		  74041755		603.00
6364	1509958499	3600		264.80		  68465489		599.00
6364	1509962099	3600		264.64		  63103168		597.50
6364	1509965699	3600		264.49		  58280181		594.50
6364	1509969299	3600		264.35		  53398831		591.50
6364	1509972899	3600		264.24		  49777157		591.50
6364	1509976499	3600		264.07		  44101475		577.00
6364	1509980099	3600		264.04		  43203845		586.00
6364	1509983699	3600		263.95		  40092713		583.50
6364	1509987299	3600		263.87		  37564680		582.00
6364	1509990899	3600		263.81		  35369243		581.50
6364	1509994499	3600		263.74		  33137197		581.50
6364	1509998099	3600		263.40		  21705308		562.50
6364	1510001699	3600		263.25		  16945744		583.50
6364	1510005299	3600		263.58		  27856332		576.50
6364	1510008899	3600		263.53		  26323955		576.00
6364	1510012499	3600		263.48		  24656012		575.00
6364	1510016099	3600		263.45		  23578495		573.50
6364	1510019699	3600		263.41		  22326790		574.50
6364	1510023299	3600		263.37		  20982878		573.00
6364	1510026899	3600		263.34		  19820730		572.00
6364	1510030499	3600		263.29		  18052607		568.00
6364	1510030750	251		263.33		  19557118		280.50
6365	1510031950	1200		259.75		  19557118		-999.00
6366	1510035550	3600		259.22		  19557118		-999.00
6367	1510039150	3600		259.48		  19557118		-999.00
6368	1510042750	3600		259.48		  19557118		-999.00
6369	1510046350	3600		258.88		  19557118		-999.00
6370	1510049950	3600		259.40		  19557118		-999.00
6371	1510053550	3600		259.40		  19557118		-999.00
6372	1510057150	3600		262.66		  19557118		-999.00
6373	1510060750	3600		262.66		  19557118		-999.00
6374	1510064350	3600		262.66		  19557118		-999.00
6375	1510067950	3600		262.66		  19557118		-999.00
6376	1510071550	3600		262.66		  19557118		-999.00
6377	1510075150	3600		262.66		  19557118		-999.00
6378	1510078750	3600		262.66		  19557118		-999.00
6379	1510082350	3600		262.66		  19557118		-999.00
6380	1510085950	3600		262.66		  19557118		-999.00
6381	1510089550	3600		262.66		  19557118		-999.00
6382	1510093150	3600		262.66		  19557118		-999.00
6383	1510096750	3600		262.66		  19557118		-999.00
6384	1510100350	3600		262.66		  19557118		-999.00
6385	1510103950	3600		262.66		  19557118		-999.00
6386	1510107550	3600		262.66		  19557118		-999.00
6387	1510111150	3600		262.66		  19557118		-999.00
6388	1510114750	3600		262.66		  19557118		-999.00
6389	1510118350	3600		262.66		  19557118		-999.00
6390	1510121950	3600		262.66		  19557118		-999.00
6391	1510125550	3600		262.66		  19557118		-999.00
6392	1510129150	3600		262.40		  19557118		-999.00
6393	1510132750	3600		259.40		  19557118		-999.00
6394	1510136350	3600		259.40		  19557118		-999.00
6395	1510139950	3600		259.40		  19557118		-999.00
6396	1510143550	3600		259.66		  19557118		-999.00
6397	1510147150	3600		259.39		  19557118		-999.00
6398	1510150750	3600		259.39		  19557118		-999.00
6399	1510154350	3600		259.39		  19557118		-999.00
6400	1510157950	3600		259.39		  19557118		-999.00
6401	1510161550	3600		259.39		  19557118		-999.00
6402	1510165150	3600		259.39		  19557118		-999.00
6403	1510168750	3600		259.39		  19557118		-999.00
6404	1510172350	3600		259.39		  19557118		-999.00
6405	1510175950	3600		259.39		  19557118		-999.00
6406	1510179550	3600		262.66		  19557118		-999.00
6407	1510183150	3600		259.40		  19557118		-999.00
6408	1510186750	3600		259.40		  19557118		-999.00
6409	1510030750	-156000		259.75		  19557118		-999.00
6370	1510188441	1200		265.77		  95160930		615.50
6370	1510192041	3600		265.76		  94848559		610.00
6370	1510195641	3600		265.70		  92799566		619.00
6370	1510199241	3600		265.52		  86844990		612.50
6370	1510202841	3600		265.42		  83465887		610.00
6370	1510206441	3600		265.19		  75783097		606.50
6370	1510210041	3600		265.01		  69922891		605.00
6370	1510213641	3600		264.87		  65248386		598.00
6370	1510217241	3600		263.94		  51207941		561.00
6370	1510220841	3600		262.58		   5913230		558.50
6370	1510221340	499		262.43		    703814		557.50
6371	1510222540	1200		262.66		    703814		-999.00
6372	1510226140	3600		259.39		    703814		-999.00
6373	1510229740	3600		259.39		    703814		-999.00
6374	1510233340	3600		259.65		    703814		-999.00
6375	1510221340	-12000		259.40		    703814		-999.00
6371	1510234657	1200		265.72		  93922328		614.00
6371	1510238257	3600		265.73		  94086351		623.50
6371	1510241857	3600		265.72		  93720146		624.50
6371	1510245457	3600		265.53		  87374573		626.00
6371	1510249057	3600		265.43		  84128869		616.00
6371	1510252657	3600		265.21		  76972161		612.50
6371	1510256257	3600		265.01		  70167049		612.50
6371	1510259857	3600		264.87		  65584559		623.50
6371	1510263457	3600		264.72		  60472844		604.50
6371	1510267057	3600		264.56		  55289325		602.50
6371	1510270657	3600		264.45		  51477096		600.00
6371	1510274257	3600		264.33		  47409543		600.50
6371	1510277857	3600		264.23		  44271857		598.00
6371	1510281457	3600		264.14		  41026002		595.50
6371	1510285057	3600		264.06		  38398392		592.50
6371	1510288657	3600		264.00		  36343045		592.00
6371	1510292257	3600		263.92		  33944451		591.50
6371	1510295857	3600		263.83		  30955330		590.00
6371	1510299457	3600		263.82		  30381102		587.00
6371	1510303057	3600		263.77		  28889381		588.50
6371	1510306657	3600		263.72		  27181011		586.50
6371	1510310257	3600		263.68		  25928000		585.50
6371	1510313857	3600		263.64		  24571385		586.00
6371	1510317457	3600		262.78		  12850093		558.00
6371	1510319386	1929		262.48		   2787560		564.50
6372	1510320586	1200		259.65		   2787560		-999.00
6373	1510324186	3600		259.65		   2787560		-999.00
6374	1510327786	3600		259.39		   2787560		-999.00
6375	1510331386	3600		259.39		   2787560		-999.00
6376	1510334986	3600		259.65		   2787560		-999.00
6377	1510338586	3600		259.39		   2787560		-999.00
6378	1510342186	3600		259.39		   2787560		-999.00
6379	1510345786	3600		258.29		   2787560		-999.00
6380	1510349386	3600		259.31		   2787560		-999.00
6381	1510352986	3600		259.31		   2787560		-999.00
6382	1510356586	3600		259.31		   2787560		-999.00
6383	1510360186	3600		259.32		   2787560		-999.00
6384	1510363786	3600		259.32		   2787560		-999.00
6385	1510367386	3600		259.32		   2787560		-999.00
6386	1510370986	3600		259.32		   2787560		-999.00
6387	1510374586	3600		259.32		   2787560		-999.00
6388	1510378186	3600		259.32		   2787560		-999.00
6389	1510381786	3600		259.32		   2787560		-999.00
6390	1510385386	3600		259.32		   2787560		-999.00
6391	1510388986	3600		259.32		   2787560		-999.00
6392	1510392586	3600		259.32		   2787560		-999.00
6393	1510396186	3600		259.32		   2787560		-999.00
6394	1510399786	3600		259.32		   2787560		-999.00
6395	1510403386	3600		259.32		   2787560		-999.00
6396	1510406986	3600		259.32		   2787560		-999.00
6397	1510410586	3600		259.32		   2787560		-999.00
6398	1510414186	3600		259.31		   2787560		-999.00
6399	1510417786	3600		259.31		   2787560		-999.00
6400	1510421386	3600		259.32		   2787560		-999.00
6401	1510424986	3600		259.32		   2787560		-999.00
6402	1510319386	-105600		259.39		   2787560		-999.00
6380	1510426207	1200		262.33		     29186		580.50
6380	1510429807	3600		262.84		     13171		584.50
6380	1510433407	3600		262.84		     11340		566.00
6380	1510437007	3600		262.84		     20586		565.50
6380	1510440607	3600		262.84		     21333		563.00
6380	1510444207	3600		262.84		     19408		561.50
6380	1510447807	3600		262.84		     19984		561.00
6380	1510451407	3600		262.84		     18702		567.50
6380	1510455007	3600		262.84		     19013		559.00
6380	1510458607	3600		262.84		     18677		560.00
6380	1510461234	2627		262.84		     17021		559.00
6381	1510462434	1200		262.32		     17021		-999.00
6382	1510466034	3600		262.32		     17021		-999.00
6383	1510461234	-4800		262.32		     17021		-999.00
6381	1510468600	1200		262.39		   2026640		558.00
6381	1510472200	3600		262.38		   1833739		554.50
6381	1510475800	3600		262.37		   1604284		553.50
6381	1510479400	3600		262.36		   1294557		553.00
6381	1510483000	3600		262.36		   1063926		554.00
6381	1510486600	3600		259.32		   1277170		  7.00
6381	1510489140	2540		259.32		   1214554		  7.00
6382	1510490340	1200		262.83		   1214554		-999.00
6383	1510493940	3600		259.32		   1214554		-999.00
6384	1510489140	-4800		259.32		   1214554		-999.00
6382	1510497351	1200		262.46		   4531293		560.00
6382	1510499523	2172		262.48		   5134142		556.00
6383	1510500723	1200		262.83		   5134142		-999.00
6384	1510504323	3600		262.83		   5134142		-999.00
6385	1510507923	3600		259.32		   5134142		-999.00
6386	1510499523	-8400		259.32		   5134142		-999.00
6384	1510510034	1200		262.97		   4633134		559.00
6384	1510513634	3600		262.99		   5161974		556.50
6384	1510517234	3600		262.97		   4656084		555.50
6384	1510520834	3600		262.96		   4306496		558.50
6384	1510524434	3600		262.95		   3971270		555.50
6384	1510528034	3600		262.95		   3732940		554.50
6384	1510531634	3600		262.94		   3485230		555.50
6384	1510535234	3600		262.93		   3300442		555.50
6384	1510538834	3600		262.93		   3092656		553.50
6384	1510542434	3600		262.92		   2933257		553.50
6384	1510546034	3600		262.92		   2797936		556.50
6384	1510547156	1122		262.92		   2679794		554.50
6385	1510548356	1200		262.83		   2679794		-999.00
6386	1510551956	3600		259.58		   2679794		-999.00
6387	1510555556	3600		259.32		   2679794		-999.00
6388	1510547156	-8400		259.83		   2679794		-999.00
6385	1510557400	1200		263.03		   6424958		548.00
6385	1510561000	3600		262.80		   7322026		558.00
6385	1510564600	3600		262.77		   6461577		557.00
6385	1510568200	3600		262.76		   6059925		556.50
6385	1510571800	3600		262.75		   5605046		557.50
6385	1510575400	3600		262.74		   5247356		554.50
6385	1510579000	3600		262.73		   4975388		555.00
6385	1510582600	3600		262.72		   4671649		556.00
6385	1510586200	3600		262.71		   4469756		554.00
6385	1510589800	3600		262.71		   4219828		553.50
6385	1510593400	3600		262.70		   4053818		568.50
6385	1510597000	3600		262.70		   3893942		554.50
6385	1510600600	3600		262.69		   3694374		551.00
6385	1510604200	3600		262.69		   3512575		554.00
6385	1510607800	3600		262.68		   3386309		556.00
6385	1510611400	3600		262.68		   3232309		553.50
6385	1510615000	3600		262.67		   3103574		554.50
6385	1510618600	3600		262.67		   3012352		552.50
6385	1510622200	3600		262.67		   2881213		553.50
6385	1510625800	3600		262.66		   2790549		554.50
6385	1510629400	3600		262.66		   2673651		553.50
6385	1510633000	3600		262.66		   2596278		553.00
6385	1510636600	3600		262.65		   2488525		552.50
6385	1510640200	3600		262.65		   2404395		553.50
6385	1510643800	3600		262.65		   2341133		553.50
6385	1510647400	3600		262.65		   2248342		552.00
6385	1510648816	1416		262.64		   1855177		553.00
6386	1510650016	1200		259.32		   1855177		-999.00
6387	1510653616	3600		259.83		   1855177		-999.00
6388	1510648816	-4800		259.58		   1855177		-999.00
6386	1510657518	1200		262.77		   6784290		560.00
6386	1510661118	3600		262.81		   7869195		556.00
6386	1510664718	3600		262.78		   7051361		555.00
6386	1510668318	3600		262.77		   6517839		556.50
6386	1510671918	3600		262.75		   6014565		554.50
6386	1510675518	3600		262.74		   5664524		554.50
6386	1510679118	3600		262.73		   5324257		554.50
6386	1510682718	3600		262.72		   4992993		553.50
6386	1510686318	3600		262.71		   4757235		554.50
6386	1510689918	3600		262.70		   4490080		553.50
6386	1510693518	3600		262.70		   4277317		553.00
6386	1510697118	3600		262.69		   4100397		553.50
6386	1510697835	717		262.69		   4005102		553.50
6387	1510699035	1200		262.83		   4005102		-999.00
6388	1510702635	3600		259.32		   4005102		-999.00
6389	1510697835	-4800		259.57		   4005102		-999.00
6390	1510704714	1200		262.83		   4005102		-999.00
6391	1510708314	3600		259.32		   4005102		-999.00
6392	1510703514	-4800		259.32		   4005102		-999.00
6393	1510712452	1200		262.83		   4005102		-999.00
6394	1510716052	3600		259.32		   4005102		-999.00
6395	1510711252	-4800		259.83		   4005102		-999.00
6389	1510718119	1200		263.08		   8175932		558.50
6389	1510721719	3600		263.06		   7338893		555.50
6389	1510725319	3600		263.04		   6688250		554.50
6389	1510728919	3600		263.02		   6149330		555.50
6389	1510732519	3600		263.01		   5742793		554.50
6389	1510736119	3600		263.00		   5339679		554.00
6389	1510739719	3600		262.99		   5069690		554.00
6389	1510742286	2567		262.98		   4817962		554.50
6390	1510743486	1200		262.83		   4817962		-999.00
6391	1510747086	3600		262.32		   4817962		-999.00
6392	1510750686	3600		259.32		   4817962		-999.00
6393	1510754286	3600		259.83		   4817962		-999.00
6394	1510742286	-12000		259.83		   4817962		-999.00
6390	1510756364	1200		262.57		   8038642		552.50
6390	1510759964	3600		262.55		   7335441		555.50
6390	1510763564	3600		262.53		   6704307		556.00
6390	1510767164	3600		262.51		   6150698		554.00
6390	1510770764	3600		262.50		   5742213		552.50
6390	1510774364	3600		262.49		   5428088		555.50
6390	1510777964	3600		262.48		   5084898		553.50
6390	1510781564	3600		262.47		   4863646		554.50
6390	1510783750	2186		262.47		   4674062		555.50
6391	1510784950	1200		262.83		   4674062		-999.00
6392	1510788550	3600		262.83		   4674062		-999.00
6393	1510792150	3600		262.83		   4674062		-999.00
6394	1510795750	3600		262.83		   4674062		-999.00
6395	1510799350	3600		259.83		   4674062		-999.00
6396	1510802950	3600		259.32		   4674062		-999.00
6397	1510783750	-19200		259.32		   4674062		-999.00
6392	1510805469	1200		263.07		   7689623		556.50
6392	1510809069	3600		263.04		   6981378		555.50
6392	1510812669	3600		263.03		   6659968		555.00
6392	1510816269	3600		263.02		   6100055		555.00
6392	1510819869	3600		263.01		   5703798		554.00
6392	1510823469	3600		263.00		   5392514		554.00
6392	1510827069	3600		262.99		   5051831		553.50
6392	1510830669	3600		262.98		   4809837		552.50
6392	1510834269	3600		262.97		   4532075		550.50
6392	1510836884	2615		262.97		   4395625		553.50
6393	1510838084	1200		259.83		   4395625		-999.00
6394	1510841684	3600		259.58		   4395625		-999.00
6395	1510845284	3600		259.83		   4395625		-999.00
6396	1510848884	3600		262.32		   4395625		-999.00
6397	1510852484	3600		259.32		   4395625		-999.00
6398	1510856084	3600		259.32		   4395625		-999.00
6399	1510859684	3600		262.83		   4395625		-999.00
6400	1510863284	3600		259.32		   4395625		-999.00
6401	1510836884	-26400		259.83		   4395625		-999.00
6396	1510866432	1200		262.47		   4864782		548.50
6396	1510870032	3600		262.46		   4416750		554.00
6396	1510873632	3600		262.44		   3912163		552.50
6396	1510877232	3600		262.43		   3592943		552.00
6396	1510880832	3600		262.42		   3310653		551.50
6396	1510884432	3600		262.42		   3107588		551.00
6396	1510888032	3600		262.41		   2895013		553.00
6396	1510891632	3600		262.41		   2750381		551.00
6396	1510895232	3600		262.40		   2586514		552.50
6396	1510898832	3600		262.40		   2449063		551.50
6396	1510902432	3600		262.40		   2344807		551.50
6396	1510906032	3600		262.39		   2226870		550.00
6396	1510909632	3600		262.39		   2144091		551.00
6396	1510913232	3600		262.39		   2051370		546.50
6396	1510916832	3600		262.38		   1951953		550.00
6396	1510920432	3600		262.38		   1884776		549.50
6396	1510924032	3600		262.38		   1810097		548.50
6396	1510927632	3600		262.38		   1728610		549.50
6396	1510931232	3600		262.38		   1691509		549.50
6396	1510934832	3600		262.37		   1619286		548.00
6396	1510938432	3600		262.37		   1572560		548.50
6396	1510942032	3600		262.37		   1508455		549.50
6396	1510945632	3600		262.37		   1466791		547.50
6396	1510949232	3600		262.37		   1409247		549.00
6396	1510952832	3600		262.37		   1371711		546.50
6396	1510956432	3600		262.36		   1327829		550.00
6396	1510960032	3600		262.36		   1285970		549.50
6396	1510963632	3600		262.36		   1237731		549.50
6396	1510967232	3600		262.36		   1208513		548.00
6396	1510970832	3600		262.36		   1165432		547.00
6396	1510974432	3600		262.36		   1139270		547.50
6396	1510978032	3600		262.36		   1099164		549.00
6396	1510981632	3600		262.36		   1074374		548.50
6396	1510985232	3600		262.36		   1036602		545.00
6396	1510988832	3600		262.36		   1008042		548.50
6396	1510992432	3600		262.35		    984375		547.50
6396	1510996032	3600		262.35		    905000		547.50
6396	1510999057	3025		262.35		    936284		547.50
6397	1511000257	1200		259.83		    936284		-999.00
6398	1511003857	3600		259.32		    936284		-999.00
6399	1510999057	-4800		259.32		    936284		-999.00
6397	1511006405	1200		262.51		   6003756		554.00
6397	1511010005	3600		262.48		   5097454		550.00
6397	1511013605	3600		262.73		   4955852		551.00
6397	1511017205	3600		262.72		   4528392		551.00
6397	1511020805	3600		262.71		   4237404		550.00
6397	1511024405	3600		262.70		   3943002		549.50
6397	1511028005	3600		262.69		   3737516		548.00
6397	1511031605	3600		262.69		   3511450		548.50
6397	1511035205	3600		262.68		   3330808		549.00
6397	1511038805	3600		262.68		   3197905		549.50
6397	1511042405	3600		262.67		   3029305		548.50
6397	1511046005	3600		262.67		   2911376		548.00
6397	1511049605	3600		262.66		   2765404		548.50
6397	1511053205	3600		262.66		   2667857		549.50
6397	1511056805	3600		262.66		   2545111		548.50
6397	1511060405	3600		262.65		   2462732		549.00
6397	1511064005	3600		262.65		   2369848		549.00
6397	1511067605	3600		262.65		   2266370		549.00
6397	1511071205	3600		262.65		   2196198		548.00
6397	1511074805	3600		262.64		   2103006		548.00
6397	1511078405	3600		262.64		   2043395		548.50
6397	1511082005	3600		262.64		   1962051		547.50
6397	1511085605	3600		262.64		   1907596		549.50
6397	1511089205	3600		262.64		   1843475		549.00
6397	1511092805	3600		262.63		   1783182		548.00
6397	1511096405	3600		262.63		   1717057		546.50
6397	1511100005	3600		262.63		   1674483		548.00
6397	1511103605	3600		262.63		   1612787		548.00
6397	1511107205	3600		262.63		   1574320		547.50
6397	1511110805	3600		262.63		   1517714		547.00
6397	1511114396	3591		262.62		   1401159		547.50
6398	1511115596	1200		259.83		   1401159		-999.00
6399	1511119196	3600		259.32		   1401159		-999.00
6400	1511114396	-4800		259.58		   1401159		-999.00
6398	1511121946	1200		263.01		   5837893		548.50
6398	1511125546	3600		262.98		   4951434		550.50
6398	1511129146	3600		262.98		   4795769		550.00
6398	1511132746	3600		262.97		   4383681		549.50
6398	1511136346	3600		262.96		   4073138		547.50
6398	1511139946	3600		262.95		   3845663		547.50
6398	1511143546	3600		262.94		   3591437		548.50
6398	1511147146	3600		262.94		   3419605		548.00
6398	1511150746	3600		262.93		   3207514		549.00
6398	1511154346	3600		262.93		   3067918		549.00
6398	1511157946	3600		262.92		   2927850		547.00
6398	1511161546	3600		262.92		   2795535		548.00
6398	1511165146	3600		270.43		   2708960		1194.00
6398	1511167533	2387		267.62		   2569626		  8.00
6399	1511168733	1200		266.82		   2569626		-999.00
6400	1511172333	3600		267.39		   2569626		-999.00
6401	1511175933	3600		276.29		   2569626		-999.00
6402	1511167533	-8400		267.62		   2569626		-999.00
6399	1511177151	1200		276.29		   5603454		  7.00
6399	1511180751	3600		275.75		   5100638		  0.00
6399	1511184351	3600		280.99		   4275721		 14.00
6399	1511187951	3600		282.55		   4206912		 14.50
6399	1511191551	3600		284.85		   3900872		  0.00
6399	1511195151	3600		275.21		   3624700		  4.50
6399	1511198751	3600		267.44		   3447382		  7.50
6399	1511202351	3600		261.98		   3246137		506.00
6399	1511205951	3600		261.98		   3027912		495.00
6399	1511209551	3600		261.95		   2127870		502.50
6399	1511213151	3600		261.93		   1602606		503.00
6399	1511216751	3600		261.93		   1596982		499.00
6399	1511220351	3600		261.93		   1612103		500.00
6399	1511223951	3600		261.93		   1595815		501.50
6399	1511227551	3600		261.93		   1601677		502.00
6399	1511231151	3600		261.93		   1596408		500.50
6399	1511234751	3600		261.93		   1603792		501.50
6399	1511238351	3600		261.93		   1594742		501.50
6399	1511240507	2156		261.93		   1602365		500.50
6400	1511241707	1200		258.63		   1602365		-999.00
6401	1511245307	3600		258.88		   1602365		-999.00
6402	1511248907	3600		258.63		   1602365		-999.00
6403	1511252507	3600		259.14		   1602365		-999.00
6404	1511256107	3600		259.14		   1602365		-999.00
6405	1511259707	3600		259.67		   1602365		-999.00
6406	1511263307	3600		259.42		   1602365		-999.00
6407	1511240507	-22800		258.88		   1602365		-999.00
6402	1511266689	1200		262.68		     86253		545.50
6402	1511266841	152		262.68		    125766		545.50
6403	1511268041	1200		262.42		    125766		-999.00
6404	1511271641	3600		262.67		    125766		-999.00
6405	1511275241	3600		259.67		    125766		-999.00
6406	1511278841	3600		259.67		    125766		-999.00
6407	1511266841	-12000		259.67		    125766		-999.00
6404	1511281528	1200		263.53		  28495845		551.50
6404	1511285128	3600		262.92		   8260799		545.50
6404	1511288075	2947		262.84		   5501369		567.50
6405	1511289275	1200		262.67		   5501369		-999.00
6406	1511292875	3600		259.42		   5501369		-999.00
6407	1511296475	3600		259.42		   5501369		-999.00
6408	1511288075	-8400		259.67		   5501369		-999.00
6405	1511297765	1200		265.16		  82827018		600.00
6405	1511301365	3600		262.85		   5872820		548.50
6405	1511304965	3600		262.83		   5076397		546.50
6405	1511308565	3600		262.83		   5037048		546.50
6405	1511312165	3600		262.83		   5073309		548.50
6405	1511315765	3600		262.83		   5030050		546.50
6405	1511319365	3600		262.83		   5045076		547.00
6405	1511322965	3600		262.83		   5047970		546.00
6405	1511326565	3600		262.83		   5018583		546.00
6405	1511330165	3600		262.83		   5065643		546.00
6405	1511333765	3600		262.85		   5696644		550.50
6405	1511334092	327		262.81		   4380038		550.50
6406	1511335292	1200		259.67		   4380038		-999.00
6407	1511338892	3600		259.67		   4380038		-999.00
6408	1511342492	3600		259.67		   4380038		-999.00
6409	1511346092	3600		259.67		   4380038		-999.00
6410	1511349692	3600		259.67		   4380038		-999.00
6411	1511353292	3600		259.67		   4380038		-999.00
6412	1511356892	3600		259.67		   4380038		-999.00
6413	1511360492	3600		259.67		   4380038		-999.00
6414	1511364092	3600		259.67		   4380038		-999.00
6415	1511367692	3600		259.67		   4380038		-999.00
6416	1511371292	3600		259.67		   4380038		-999.00
6417	1511374892	3600		259.67		   4380038		-999.00
6418	1511378492	3600		259.67		   4380038		-999.00
6419	1511382092	3600		259.67		   4380038		-999.00
6420	1511334092	-48000		259.67		   4380038		-999.00
6411	1511384750	1200		263.35		  22380547		533.00
6411	1511388350	3600		262.84		   5393630		548.00
6411	1511391950	3600		262.83		   5062249		546.50
6411	1511395550	3600		262.83		   5038393		546.50
6411	1511399150	3600		262.83		   5052637		546.50
6411	1511402750	3600		262.83		   5008496		546.00
6411	1511406350	3600		262.83		   5050473		545.00
6411	1511409950	3600		262.83		   5019693		546.00
6411	1511413550	3600		262.83		   5057363		546.00
6411	1511417150	3600		262.83		   5026430		545.00
6411	1511420750	3600		262.83		   5052601		546.50
6411	1511424350	3600		262.83		   5038188		545.50
6411	1511427950	3600		262.83		   5049513		545.50
6411	1511431550	3600		262.83		   5014607		545.50
6411	1511435150	3600		262.83		   5060615		546.50
6411	1511438750	3600		262.83		   5012469		546.50
6411	1511442350	3600		262.83		   5035875		547.50
6411	1511445233	2883		262.82		   4997014		547.50
6412	1511446433	1200		259.67		   4997014		-999.00
6413	1511450033	3600		259.67		   4997014		-999.00
6414	1511453633	3600		259.67		   4997014		-999.00
6415	1511457233	3600		259.67		   4997014		-999.00
6416	1511460833	3600		259.67		   4997014		-999.00
6417	1511445233	-15600		259.67		   4997014		-999.00
6413	1511463430	1200		263.14		  15402130		541.50
6413	1511467030	3600		262.83		   5059396		548.50
6413	1511470630	3600		262.83		   5057363		546.50
6413	1511474230	3600		262.83		   5056180		555.50
6413	1511477830	3600		262.83		   5058510		549.50
6413	1511481430	3600		262.83		   5095292		546.50
6413	1511485030	3600		262.83		   5050475		546.50
6413	1511488630	3600		262.83		   5068057		542.50
6413	1511492230	3600		262.83		   5056941		547.00
6413	1511495830	3600		262.83		   5028069		546.50
6413	1511499430	3600		262.83		   5054229		546.50
6413	1511503030	3600		262.83		   5068603		545.50
6413	1511506630	3600		262.83		   5058475		546.50
6413	1511510230	3600		262.83		   5047982		545.50
6413	1511513830	3600		262.83		   5028940		545.50
6413	1511517430	3600		262.83		   5049334		546.50
6413	1511521030	3600		262.83		   5064877		546.00
6413	1511524630	3600		262.83		   5056259		546.00
6413	1511528230	3600		262.83		   5035854		547.00
6413	1511531830	3600		262.83		   5045501		546.00
6413	1511535430	3600		262.83		   5020840		546.50
6413	1511539030	3600		262.82		   4990677		546.50
6413	1511542630	3600		262.83		   5024798		546.00
6413	1511546230	3600		262.83		   5061824		546.00
6413	1511549830	3600		262.83		   5023375		545.50
6413	1511553430	3600		262.83		   5078525		546.50
6413	1511557030	3600		262.83		   5041615		546.50
6413	1511560630	3600		262.83		   5030415		547.50
6413	1511564230	3600		262.82		   4990714		547.50
6413	1511565273	1043		262.82		   4990884		548.00
6414	1511566473	1200		262.42		   4990884		-999.00
6415	1511570073	3600		262.67		   4990884		-999.00
6416	1511573673	3600		262.67		   4990884		-999.00
6417	1511577273	3600		259.42		   4990884		-999.00
6418	1511565273	-12000		259.67		   4990884		-999.00
6415	1511581573	1200		262.96		   9551446		532.00
6415	1511585173	3600		262.83		   5014764		545.00
6415	1511588773	3600		262.83		   5059095		546.00
6415	1511592373	3600		262.83		   5020900		546.00
6415	1511595973	3600		262.83		   5061289		546.00
6415	1511599573	3600		262.83		   5019084		546.00
6415	1511603173	3600		262.83		   5058944		545.50
6415	1511606773	3600		262.83		   5066450		546.50
6415	1511610373	3600		262.83		   5064418		545.50
6415	1511613973	3600		262.83		   5034133		546.00
6415	1511617573	3600		262.83		   5031405		546.00
6415	1511621173	3600		262.83		   5062202		546.00
6415	1511624773	3600		262.83		   5024749		546.00
6415	1511628373	3600		262.83		   5061509		545.00
6415	1511631973	3600		262.83		   5025835		545.00
6415	1511635573	3600		262.83		   5057700		546.00
6415	1511639173	3600		262.83		   5005565		545.00
6415	1511642623	3450		262.83		   5015519		546.00
6416	1511643823	1200		262.67		   5015519		-999.00
6417	1511647423	3600		259.67		   5015519		-999.00
6418	1511651023	3600		259.42		   5015519		-999.00
6419	1511654623	3600		259.42		   5015519		-999.00
6420	1511642623	-12000		259.67		   5015519		-999.00
6417	1511659070	1200		262.84		   5412971		551.00
6417	1511662670	3600		262.83		   5061565		548.00
6417	1511666270	3600		262.83		   5013039		547.00
6417	1511669870	3600		262.83		   5068440		546.00
6417	1511673470	3600		262.83		   5020786		546.00
6417	1511677070	3600		262.83		   5014757		546.00
6417	1511680670	3600		262.83		   5062620		546.00
6417	1511684270	3600		262.83		   5023496		546.00
6417	1511687870	3600		262.82		   4877485		548.00
6417	1511688687	817		263.02		  11507821		546.50
