Fill	Timestamp [s]	Duration [s]	Temperature [K]	Fluence [n_eq/cm2/s]	Leakage_current [mA/cm2]
6570	1523956453	1200		259.27		     86983		  9.00
6570	1523960053	3600		259.53		     93085		299.50
6570	1523963653	3600		259.53		     80275		310.50
6570	1523967253	3600		259.53		     72254		306.00
6570	1523970853	3600		259.53		     65466		311.50
6570	1523974453	3600		259.53		     60284		291.00
6570	1523978053	3600		259.53		     54397		  9.50
6570	1523981653	3600		259.27		     39820		  8.50
6570	1523981975	322		259.27		     18321		  8.50
-999	1523983175	1200		259.53		         0		-999.00
-999	1523986775	3600		259.27		         0		-999.00
-999	1523990375	3600		259.27		         0		-999.00
-999	1523993975	3600		259.53		         0		-999.00
-999	1523996969	2994		259.27		         0		-999.00
6573	1523998169	1200		262.53		     48249		305.00
6573	1524001769	3600		262.53		     45068		292.00
6573	1524005369	3600		262.53		     40927		301.00
6573	1524008969	3600		262.53		     39699		297.50
6573	1524012569	3600		262.53		     37173		293.50
6573	1524016169	3600		262.53		     34891		297.50
6573	1524019769	3600		259.27		     32103		  8.50
6573	1524021023	1254		259.27		     33735		  8.50
-999	1524022223	1200		262.53		         0		-999.00
-999	1524025823	3600		262.53		         0		-999.00
-999	1524029423	3600		262.53		         0		-999.00
-999	1524033023	3600		262.53		         0		-999.00
-999	1524036623	3600		262.53		         0		-999.00
-999	1524040223	3600		262.53		         0		-999.00
-999	1524043823	3600		262.53		         0		-999.00
-999	1524047423	3600		262.53		         0		-999.00
-999	1524051023	3600		262.53		         0		-999.00
-999	1524054623	3600		259.53		         0		-999.00
-999	1524058223	3600		259.53		         0		-999.00
-999	1524061823	3600		259.53		         0		-999.00
-999	1524065423	3600		259.53		         0		-999.00
-999	1524069023	3600		259.53		         0		-999.00
-999	1524072623	3600		259.27		         0		-999.00
-999	1524076085	3462		259.27		         0		-999.00
6574	1524077285	1200		262.28		    314074		296.50
6574	1524080885	3600		262.28		    323138		296.50
6574	1524084485	3600		262.28		    303429		296.50
6574	1524088085	3600		262.28		    275829		296.50
6574	1524091685	3600		262.28		    254145		296.50
6574	1524095285	3600		262.54		    233223		306.00
6574	1524098885	3600		262.54		    222276		297.00
6574	1524102485	3600		262.54		    201783		285.50
6574	1524106085	3600		262.54		    186485		297.50
6574	1524109685	3600		262.54		    176718		300.00
6574	1524113285	3600		262.28		    179645		289.00
6574	1524116885	3600		262.28		    178536		298.00
6574	1524117698	813		262.53		    156853		298.50
-999	1524118898	1200		259.27		         0		-999.00
-999	1524122498	3600		259.53		         0		-999.00
-999	1524126098	3600		259.27		         0		-999.00
-999	1524129698	3600		259.53		         0		-999.00
-999	1524133298	3600		259.27		         0		-999.00
-999	1524136898	3600		259.27		         0		-999.00
-999	1524140498	3600		259.27		         0		-999.00
-999	1524144098	3600		259.53		         0		-999.00
-999	1524147698	3600		259.27		         0		-999.00
-999	1524151298	3600		259.27		         0		-999.00
-999	1524154898	3600		259.53		         0		-999.00
-999	1524158498	3600		259.53		         0		-999.00
-999	1524162098	3600		259.27		         0		-999.00
-999	1524165698	3600		259.27		         0		-999.00
-999	1524169298	3600		259.53		         0		-999.00
-999	1524169357	59		259.53		         0		-999.00
6579	1524170557	1200		262.61		   2822553		305.00
6579	1524174157	3600		262.88		   3009012		296.50
6579	1524177757	3600		262.61		   2661573		301.50
6579	1524181357	3600		262.60		   2436896		301.50
6579	1524184957	3600		262.60		   2247348		298.00
6579	1524188557	3600		262.85		   2056405		300.50
6579	1524192157	3600		262.59		   1903273		294.00
6579	1524195757	3600		262.58		   1759074		298.00
6579	1524199357	3600		262.58		   1644927		299.00
6579	1524202957	3600		262.58		   1592398		298.00
6579	1524206557	3600		262.57		   1496071		300.00
6579	1524210157	3600		262.57		   1360835		298.00
6579	1524212278	2121		262.57		   1484130		298.00
-999	1524213478	1200		262.53		         0		-999.00
-999	1524217078	3600		262.53		         0		-999.00
-999	1524220678	3600		262.53		         0		-999.00
-999	1524224278	3600		262.53		         0		-999.00
-999	1524227878	3600		259.53		         0		-999.00
-999	1524231478	3600		259.27		         0		-999.00
-999	1524235078	3600		259.53		         0		-999.00
-999	1524238678	3600		259.27		         0		-999.00
-999	1524239302	624		259.27		         0		-999.00
6583	1524240502	1200		262.58		   1823393		300.50
6583	1524244102	3600		262.59		   1981129		299.00
6583	1524247702	3600		262.59		   1858671		299.00
6583	1524251302	3600		262.58		   1778768		298.00
6583	1524254902	3600		262.58		   1676948		297.00
6583	1524258502	3600		262.58		   1550188		297.00
6583	1524260400	1898		262.57		   1474887		297.00
-999	1524261600	1200		259.53		         0		-999.00
-999	1524265200	3600		259.27		         0		-999.00
-999	1524268800	3600		259.27		         0		-999.00
-999	1524269059	259		259.27		         0		-999.00
6584	1524270259	1200		262.37		   3015225		298.50
6584	1524273859	3600		262.36		   2791620		299.50
6584	1524277459	3600		262.35		   2661604		298.50
6584	1524281059	3600		262.35		   2438547		298.50
6584	1524284659	3600		262.34		   2213798		299.50
6584	1524288259	3600		262.34		   2099556		298.50
6584	1524291859	3600		262.34		   2038290		299.50
6584	1524293708	1849		262.34		   2258629		298.50
-999	1524294908	1200		259.78		         0		-999.00
-999	1524298508	3600		259.53		         0		-999.00
-999	1524302108	3600		259.27		         0		-999.00
-999	1524305708	3600		259.27		         0		-999.00
-999	1524309308	3600		259.27		         0		-999.00
-999	1524312908	3600		259.27		         0		-999.00
-999	1524316508	3600		259.53		         0		-999.00
-999	1524320108	3600		259.53		         0		-999.00
-999	1524323708	3600		259.27		         0		-999.00
-999	1524327308	3600		259.27		         0		-999.00
-999	1524330908	3600		259.27		         0		-999.00
-999	1524334508	3600		259.27		         0		-999.00
-999	1524338108	3600		259.27		         0		-999.00
-999	1524338145	37		259.27		         0		-999.00
6592	1524339345	1200		262.28		    240023		298.00
6592	1524342945	3600		262.54		    191778		298.00
6592	1524346545	3600		262.54		    213517		296.00
6592	1524348606	2061		262.54		    245443		297.00
-999	1524349806	1200		259.53		         0		-999.00
-999	1524353406	3600		259.27		         0		-999.00
-999	1524357006	3600		259.27		         0		-999.00
-999	1524360606	3600		262.53		         0		-999.00
-999	1524364206	3600		262.53		         0		-999.00
-999	1524367806	3600		262.53		         0		-999.00
-999	1524371406	3600		259.27		         0		-999.00
-999	1524374961	3555		259.27		         0		-999.00
6594	1524376161	1200		262.72		  14794250		305.00
6594	1524379761	3600		263.01		  15859734		312.50
6594	1524383361	3600		262.96		  14441639		299.50
6594	1524386961	3600		262.94		  13550854		301.50
6594	1524390561	3600		262.90		  12453774		300.50
6594	1524394161	3600		262.88		  11721498		300.00
6594	1524397761	3600		262.60		  10790719		302.00
6594	1524401361	3600		262.58		  10070156		302.00
6594	1524404961	3600		262.56		   9612584		302.00
6594	1524408224	3263		262.53		   8658784		304.00
-999	1524409424	1200		259.27		         0		-999.00
-999	1524413024	3600		262.53		         0		-999.00
-999	1524416624	3600		262.27		         0		-999.00
-999	1524420224	3600		262.27		         0		-999.00
-999	1524420891	667		262.27		         0		-999.00
6595	1524422091	1200		262.96		  14259765		305.00
6595	1524425691	3600		262.97		  14818267		306.00
6595	1524429291	3600		262.94		  13674879		306.00
6595	1524432891	3600		262.58		   1727268		296.00
6595	1524436491	3600		262.54		    184015		299.00
6595	1524440091	3600		262.54		    186980		298.00
6595	1524443691	3600		262.72		   6440896		304.50
6595	1524447291	3600		262.86		  11140998		303.50
6595	1524450891	3600		262.84		  10312835		303.50
6595	1524453560	2669		262.84		  10357352		305.00
-999	1524454760	1200		255.84		         0		-999.00
-999	1524458360	3600		255.59		         0		-999.00
-999	1524461960	3600		255.59		         0		-999.00
-999	1524465560	3600		255.59		         0		-999.00
-999	1524469160	3600		255.59		         0		-999.00
-999	1524472760	3600		255.59		         0		-999.00
-999	1524476360	3600		255.59		         0		-999.00
-999	1524479960	3600		255.59		         0		-999.00
-999	1524483560	3600		255.59		         0		-999.00
-999	1524487160	3600		255.59		         0		-999.00
-999	1524490760	3600		255.59		         0		-999.00
-999	1524494360	3600		255.59		         0		-999.00
-999	1524497960	3600		255.59		         0		-999.00
-999	1524501560	3600		255.59		         0		-999.00
-999	1524505160	3600		255.33		         0		-999.00
-999	1524508760	3600		255.33		         0		-999.00
-999	1524512360	3600		255.33		         0		-999.00
-999	1524515960	3600		255.33		         0		-999.00
-999	1524519560	3600		255.33		         0		-999.00
-999	1524523160	3600		255.33		         0		-999.00
-999	1524526760	3600		255.33		         0		-999.00
-999	1524530360	3600		255.33		         0		-999.00
-999	1524533960	3600		255.33		         0		-999.00
-999	1524537560	3600		255.33		         0		-999.00
-999	1524541160	3600		255.33		         0		-999.00
-999	1524544760	3600		255.33		         0		-999.00
-999	1524548360	3600		255.33		         0		-999.00
-999	1524551960	3600		255.33		         0		-999.00
-999	1524555560	3600		255.33		         0		-999.00
-999	1524559160	3600		255.33		         0		-999.00
-999	1524562760	3600		255.33		         0		-999.00
-999	1524566360	3600		255.33		         0		-999.00
-999	1524569960	3600		259.22		         0		-999.00
-999	1524573560	3600		258.96		         0		-999.00
-999	1524577160	3600		259.22		         0		-999.00
-999	1524580760	3600		259.22		         0		-999.00
-999	1524584360	3600		259.50		         0		-999.00
-999	1524587960	3600		259.25		         0		-999.00
-999	1524591560	3600		259.25		         0		-999.00
-999	1524594926	3366		259.25		         0		-999.00
6611	1524596126	1200		262.94		  14585754		306.00
6611	1524599726	3600		262.96		  15245830		306.00
6611	1524603326	3600		262.93		  14129536		301.00
6611	1524606926	3600		262.90		  13243012		305.00
6611	1524610526	3600		262.87		  12216959		305.00
6611	1524614126	3600		262.85		  11596707		318.50
6611	1524617726	3600		262.83		  10814355		305.50
6611	1524621326	3600		262.81		  10047360		305.50
6611	1524624926	3600		262.78		   9003714		316.00
6611	1524628526	3600		262.77		   8996633		303.00
6611	1524632126	3600		259.50		   8518116		  9.50
6611	1524632893	767		259.50		   8844973		  9.50
-999	1524634093	1200		259.50		         0		-999.00
-999	1524637693	3600		259.50		         0		-999.00
-999	1524641293	3600		259.24		         0		-999.00
-999	1524644893	3600		259.24		         0		-999.00
-999	1524648493	3600		259.24		         0		-999.00
-999	1524651418	2925		258.97		         0		-999.00
6612	1524652618	1200		263.33		  28123013		314.00
6612	1524656218	3600		263.40		  30521549		312.00
6612	1524659818	3600		263.32		  27920217		312.00
6612	1524663418	3600		263.27		  26200789		308.50
6612	1524667018	3600		263.20		  23828351		315.00
6612	1524670618	3600		263.17		  22833065		311.00
6612	1524674218	3600		263.11		  20936551		308.00
6612	1524677818	3600		263.06		  19250240		309.50
6612	1524681418	3600		263.01		  17526040		307.00
6612	1524682360	942		263.04		  18566288		310.00
-999	1524683560	1200		262.23		         0		-999.00
-999	1524687160	3600		259.48		         0		-999.00
-999	1524690760	3600		259.48		         0		-999.00
-999	1524691431	671		259.23		         0		-999.00
6613	1524692631	1200		263.35		  28870099		318.00
6613	1524693036	405		263.31		  27459672		317.00
-999	1524694236	1200		262.48		         0		-999.00
-999	1524697836	3600		259.23		         0		-999.00
-999	1524699992	2156		259.23		         0		-999.00
6614	1524701192	1200		263.37		  29585468		316.50
6614	1524704792	3600		263.41		  30865352		316.00
6614	1524708392	3600		263.35		  28922366		316.50
6614	1524711992	3600		263.30		  27116612		315.50
6614	1524715592	3600		263.22		  24514189		314.50
6614	1524719192	3600		263.16		  22651652		314.50
6614	1524719201	9		262.48		         0		314.50
-999	1524720401	1200		262.48		         0		-999.00
-999	1524724001	3600		259.23		         0		-999.00
-999	1524727601	3600		262.48		         0		-999.00
-999	1524731201	3600		259.48		         0		-999.00
-999	1524734801	3600		255.72		         0		-999.00
-999	1524738401	3600		255.72		         0		-999.00
-999	1524742001	3600		255.72		         0		-999.00
-999	1524745601	3600		255.72		         0		-999.00
-999	1524749201	3600		259.28		         0		-999.00
-999	1524752801	3600		259.29		         0		-999.00
-999	1524756401	3600		259.54		         0		-999.00
-999	1524758045	1644		259.54		         0		-999.00
6615	1524759245	1200		259.54		  28745017		 11.00
6615	1524762845	3600		259.54		  30583113		 11.00
6615	1524766445	3600		263.40		  28498994		326.50
6615	1524770045	3600		263.34		  26489559		317.50
6615	1524773645	3600		263.27		  24241495		314.50
6615	1524776692	3047		263.19		  21613944		313.50
-999	1524777892	1200		262.54		         0		-999.00
-999	1524781492	3600		259.29		         0		-999.00
-999	1524785092	3600		259.29		         0		-999.00
-999	1524788692	3600		259.29		         0		-999.00
-999	1524789854	1162		259.30		         0		-999.00
6616	1524791054	1200		263.95		  46363127		330.00
6616	1524794654	3600		264.01		  48603597		326.50
6616	1524798254	3600		263.92		  45402498		326.50
6616	1524801854	3600		263.82		  42274969		323.00
6616	1524805454	3600		263.74		  39425547		323.00
6616	1524809054	3600		263.66		  36772330		323.00
6616	1524812654	3600		263.59		  34464648		323.00
6616	1524816254	3600		263.51		  31780447		323.00
6616	1524819854	3600		259.55		  29343045		 10.00
6616	1524820718	864		259.55		  33556401		 10.00
-999	1524821918	1200		259.55		         0		-999.00
-999	1524825518	3600		259.30		         0		-999.00
-999	1524829118	3600		259.30		         0		-999.00
-999	1524832718	3600		259.30		         0		-999.00
-999	1524832839	121		259.30		         0		-999.00
6617	1524834039	1200		263.90		  44759268		332.00
6617	1524837639	3600		263.97		  47112771		331.00
6617	1524841239	3600		263.85		  43213900		327.50
6617	1524844839	3600		263.75		  39853502		327.50
6617	1524848439	3600		263.65		  36665063		327.50
6617	1524852039	3600		263.60		  34889714		327.50
6617	1524855639	3600		263.55		  33125731		324.00
6617	1524859239	3600		263.48		  30926119		324.00
6617	1524862839	3600		263.42		  28770493		324.00
6617	1524864081	1242		263.28		  24244928		322.50
-999	1524865281	1200		259.30		         0		-999.00
-999	1524868881	3600		259.30		         0		-999.00
-999	1524872481	3600		259.55		         0		-999.00
-999	1524876081	3600		259.30		         0		-999.00
-999	1524877512	1431		259.30		         0		-999.00
6618	1524878712	1200		263.85		  43294116		333.00
6618	1524882312	3600		263.92		  45334782		333.00
6618	1524885912	3600		263.81		  41871772		329.50
6618	1524889512	3600		263.74		  39546172		329.50
6618	1524892123	2611		263.60		  34786682		327.00
-999	1524893323	1200		259.30		         0		-999.00
-999	1524896923	3600		259.30		         0		-999.00
-999	1524900523	3600		259.30		         0		-999.00
-999	1524904123	3600		259.30		         0		-999.00
-999	1524907723	3600		259.30		         0		-999.00
-999	1524911323	3600		259.30		         0		-999.00
-999	1524914923	3600		259.30		         0		-999.00
-999	1524918523	3600		259.30		         0		-999.00
-999	1524922123	3600		259.30		         0		-999.00
-999	1524925723	3600		259.30		         0		-999.00
-999	1524929323	3600		259.55		         0		-999.00
-999	1524932923	3600		259.30		         0		-999.00
-999	1524936523	3600		259.30		         0		-999.00
-999	1524936687	164		259.30		         0		-999.00
6620	1524937887	1200		264.27		  57249690		341.00
6620	1524941487	3600		264.36		  60286308		337.50
6620	1524945087	3600		264.18		  54212067		337.00
6620	1524948687	3600		264.16		  53466805		337.00
6620	1524952287	3600		264.01		  48647035		337.00
6620	1524955131	2844		263.95		  46507320		333.50
-999	1524956331	1200		262.30		         0		-999.00
-999	1524959931	3600		259.30		         0		-999.00
-999	1524963531	3600		259.30		         0		-999.00
-999	1524964619	1088		259.30		         0		-999.00
6621	1524965819	1200		264.03		  57649210		333.50
6621	1524969419	3600		264.18		  62501261		340.50
6621	1524973019	3600		264.00		  56713063		340.50
6621	1524976619	3600		263.87		  52167429		337.00
6621	1524980219	3600		263.72		  47413793		337.00
6621	1524983819	3600		263.64		  44690889		337.00
6621	1524987419	3600		263.57		  42279079		337.00
6621	1524991019	3600		263.47		  39115269		337.00
6621	1524994619	3600		263.38		  35944538		333.50
6621	1524998219	3600		263.31		  33765002		333.50
6621	1525001774	3555		263.22		  30815195		329.00
-999	1525002974	1200		259.30		         0		-999.00
-999	1525006574	3600		259.55		         0		-999.00
-999	1525010174	3600		259.30		         0		-999.00
-999	1525013774	3600		259.55		         0		-999.00
-999	1525017374	3600		259.30		         0		-999.00
-999	1525020974	3600		262.55		         0		-999.00
-999	1525024574	3600		259.30		         0		-999.00
-999	1525028174	3600		259.30		         0		-999.00
-999	1525031774	3600		259.30		         0		-999.00
-999	1525035374	3600		259.30		         0		-999.00
-999	1525038774	3400		259.30		         0		-999.00
6624	1525039974	1200		264.17		  53959543		344.00
6624	1525043574	3600		264.24		  56296993		344.00
6624	1525047174	3600		264.12		  52315472		340.50
6624	1525050774	3600		264.02		  48890815		340.50
6624	1525054374	3600		263.92		  45394914		340.50
6624	1525057974	3600		263.83		  42368961		340.50
6624	1525061574	3600		263.72		  38671180		340.50
6624	1525065174	3600		263.63		  35803020		340.50
6624	1525068774	3600		263.55		  33063160		338.00
6624	1525072374	3600		263.50		  31444825		338.00
6624	1525075974	3600		263.43		  29151057		338.00
6624	1525079089	3115		263.41		  28611273		336.00
-999	1525080289	1200		259.55		         0		-999.00
-999	1525083889	3600		259.30		         0		-999.00
-999	1525087489	3600		259.55		         0		-999.00
-999	1525091089	3600		259.30		         0		-999.00
-999	1525094689	3600		259.30		         0		-999.00
-999	1525098289	3600		259.30		         0		-999.00
-999	1525101889	3600		259.30		         0		-999.00
-999	1525105489	3600		259.30		         0		-999.00
-999	1525108047	2558		259.30		         0		-999.00
6628	1525109247	1200		264.45		  71571897		357.50
6628	1525112847	3600		265.01		  73384814		356.50
6628	1525116447	3600		264.87		  68751189		356.50
6628	1525120047	3600		264.73		  63862308		356.50
6628	1525123647	3600		264.56		  58333028		353.00
6628	1525127247	3600		264.44		  54400157		353.00
6628	1525130847	3600		264.32		  50497470		349.50
6628	1525134447	3600		264.21		  46685528		349.50
6628	1525138047	3600		264.11		  43328451		349.50
6628	1525141647	3600		264.02		  40222399		346.00
6628	1525145247	3600		263.94		  37827108		346.00
6628	1525148847	3600		263.90		  36245493		346.00
6628	1525151330	2483		259.81		  34368773		 11.50
-999	1525152530	1200		262.30		         0		-999.00
-999	1525156130	3600		259.30		         0		-999.00
-999	1525159730	3600		259.30		         0		-999.00
-999	1525162052	2322		259.55		         0		-999.00
6629	1525163252	1200		265.36		  85101256		373.00
6629	1525166852	3600		265.48		  88840750		372.50
6629	1525170452	3600		265.34		  84418153		369.00
6629	1525174052	3600		265.15		  78160889		361.00
6629	1525177652	3600		264.96		  71574907		364.50
6629	1525181252	3600		264.76		  65065728		364.50
6629	1525184852	3600		264.62		  60353983		361.00
6629	1525188452	3600		264.47		  55395720		361.00
6629	1525192052	3600		264.35		  51220985		357.50
6629	1525195652	3600		264.25		  48104917		357.50
6629	1525199252	3600		264.16		  44961475		357.50
6629	1525200188	936		264.08		  42345727		357.50
-999	1525201388	1200		262.81		         0		-999.00
-999	1525204988	3600		262.81		         0		-999.00
-999	1525208588	3600		262.30		         0		-999.00
-999	1525212188	3600		262.30		         0		-999.00
-999	1525215788	3600		262.55		         0		-999.00
-999	1525219388	3600		259.30		         0		-999.00
-999	1525222988	3600		259.30		         0		-999.00
-999	1525226588	3600		259.30		         0		-999.00
-999	1525226930	342		259.30		         0		-999.00
6633	1525228130	1200		265.26		  81609169		380.00
6633	1525229721	1591		265.51		  89859147		376.50
-999	1525230921	1200		262.30		         0		-999.00
-999	1525234521	3600		265.94		         0		-999.00
-999	1525238121	3600		258.48		         0		-999.00
-999	1525241721	3600		259.53		         0		-999.00
-999	1525245321	3600		259.27		         0		-999.00
-999	1525246903	1582		259.53		         0		-999.00
6636	1525248103	1200		264.97		  81189112		380.50
6636	1525251703	3600		265.21		  89313580		377.00
6636	1525255303	3600		264.93		  80077289		373.00
6636	1525256334	1031		264.89		  78702421		373.00
-999	1525257534	1200		262.53		         0		-999.00
-999	1525261134	3600		262.53		         0		-999.00
-999	1525264734	3600		259.53		         0		-999.00
-999	1525268334	3600		262.53		         0		-999.00
-999	1525271934	3600		262.53		         0		-999.00
-999	1525275534	3600		262.53		         0		-999.00
-999	1525279134	3600		259.01		         0		-999.00
-999	1525282734	3600		259.53		         0		-999.00
-999	1525286334	3600		259.27		         0		-999.00
-999	1525289432	3098		259.27		         0		-999.00
6638	1525290632	1200		265.31		  92806988		369.00
6638	1525294232	3600		265.68		  96632090		380.00
6638	1525297832	3600		265.56		  92573454		383.50
6638	1525301432	3600		265.07		  84697466		380.00
6638	1525305032	3600		264.84		  77129360		376.50
6638	1525308632	3600		264.66		  71084349		376.50
6638	1525312232	3600		264.48		  64841340		373.00
6638	1525315832	3600		264.34		  60376310		373.00
6638	1525319432	3600		264.20		  55628970		369.50
6638	1525323032	3600		264.06		  51030969		365.50
6638	1525326632	3600		263.95		  47277778		365.50
6638	1525330232	3600		263.83		  43211564		365.50
6638	1525333832	3600		263.84		  43723554		365.50
6638	1525337432	3600		263.70		  39144617		364.50
6638	1525341032	3600		259.53		  36324268		 11.50
6638	1525341071	39		259.53		  32385112		 11.50
-999	1525342271	1200		259.53		         0		-999.00
-999	1525345871	3600		259.53		         0		-999.00
-999	1525349471	3600		259.53		         0		-999.00
-999	1525352253	2782		259.27		         0		-999.00
6639	1525353453	1200		265.55		  92199134		399.00
6639	1525357053	3600		265.73		  98032994		393.00
6639	1525360653	3600		265.56		  92616994		389.00
6639	1525364253	3600		265.33		  84726388		389.00
6639	1525367853	3600		265.12		  77969097		385.50
6639	1525371453	3600		264.92		  71186902		381.50
6639	1525375053	3600		264.77		  66124758		381.50
6639	1525378653	3600		264.62		  61079468		381.50
6639	1525382253	3600		264.47		  56010448		378.00
6639	1525385853	3600		264.35		  52085014		378.00
6639	1525389453	3600		264.22		  47716546		378.00
6639	1525393053	3600		263.82		  42885248		377.00
6639	1525394989	1936		263.90		  45765313		377.00
-999	1525396189	1200		262.53		         0		-999.00
-999	1525399789	3600		259.53		         0		-999.00
-999	1525403389	3600		259.27		         0		-999.00
-999	1525406989	3600		259.27		         0		-999.00
-999	1525410589	3600		259.27		         0		-999.00
-999	1525414040	3451		259.27		         0		-999.00
6640	1525415240	1200		265.02		  82852562		399.00
6640	1525418840	3600		265.16		  87614009		394.50
6640	1525422440	3600		265.00		  82423906		391.00
6640	1525426040	3600		264.75		  73855726		387.50
6640	1525429640	3600		264.56		  67803468		383.50
6640	1525433240	3600		264.36		  61119670		383.50
6640	1525436840	3600		264.19		  55332861		380.00
6640	1525440440	3600		264.01		  49373764		380.00
6640	1525444040	3600		263.88		  45079004		380.00
6640	1525446994	2954		263.70		  39155914		373.50
-999	1525448194	1200		262.53		         0		-999.00
-999	1525451794	3600		259.54		         0		-999.00
-999	1525455250	3456		259.03		         0		-999.00
6641	1525456450	1200		265.79		 108257877		414.50
6641	1525460050	3600		266.08		 109445767		407.50
6641	1525463650	3600		265.86		 101915075		409.00
6641	1525467250	3600		265.62		  93848225		405.00
6641	1525470850	3600		265.49		  89704345		405.00
6641	1525474450	3600		265.27		  82169183		401.50
6641	1525478050	3600		265.04		  74608618		398.00
6641	1525480726	2676		264.91		  70253496		398.00
-999	1525481926	1200		262.54		         0		-999.00
-999	1525485526	3600		259.48		         0		-999.00
-999	1525489126	3600		259.48		         0		-999.00
-999	1525489628	502		259.48		         0		-999.00
6642	1525490828	1200		265.98		 107805520		421.00
6642	1525494428	3600		266.11		 112095119		414.00
6642	1525498028	3600		265.65		  96765923		410.50
6642	1525501628	3600		265.37		  87446792		407.00
6642	1525503557	1929		265.19		  81576905		403.50
-999	1525504757	1200		262.48		         0		-999.00
-999	1525508357	3600		259.48		         0		-999.00
-999	1525511957	3600		259.48		         0		-999.00
-999	1525514208	2251		259.48		         0		-999.00
6643	1525515408	1200		266.39		 112850735		426.00
6643	1525515661	253		266.21		 107067084		426.00
-999	1525516861	1200		262.48		         0		-999.00
-999	1525520461	3600		262.48		         0		-999.00
-999	1525524061	3600		262.48		         0		-999.00
-999	1525527661	3600		261.97		         0		-999.00
-999	1525528039	378		261.97		         0		-999.00
6645	1525529239	1200		266.32		 110006742		425.00
6645	1525532839	3600		266.56		 118221694		423.50
6645	1525534478	1639		266.39		 112603717		420.00
-999	1525535678	1200		262.50		         0		-999.00
-999	1525539278	3600		262.50		         0		-999.00
-999	1525542878	3600		262.50		         0		-999.00
-999	1525546478	3600		262.50		         0		-999.00
-999	1525550078	3600		262.50		         0		-999.00
-999	1525553678	3600		262.50		         0		-999.00
-999	1525557278	3600		262.50		         0		-999.00
-999	1525560878	3600		259.50		         0		-999.00
-999	1525564478	3600		259.50		         0		-999.00
-999	1525565957	1479		259.25		         0		-999.00
6646	1525567157	1200		266.25		 107777436		426.00
6646	1525570757	3600		266.51		 116553570		425.50
6646	1525572881	2124		266.32		 110135749		422.00
-999	1525574081	1200		262.50		         0		-999.00
-999	1525577681	3600		262.50		         0		-999.00
-999	1525581281	3600		262.50		         0		-999.00
-999	1525584881	3600		262.50		         0		-999.00
-999	1525588481	3600		259.50		         0		-999.00
-999	1525592081	3600		259.50		         0		-999.00
-999	1525595681	3600		259.50		         0		-999.00
-999	1525597558	1877		259.50		         0		-999.00
6648	1525598758	1200		265.80		 101429173		424.00
6648	1525602358	3600		265.85		 111606028		422.00
6648	1525605958	3600		265.72		  98789005		415.00
6648	1525609558	3600		265.17		  88886876		400.50
6648	1525613158	3600		264.92		  80530596		410.50
6648	1525616758	3600		264.82		  77272345		407.00
6648	1525620358	3600		264.63		  70893855		407.00
6648	1525623958	3600		264.46		  65081838		405.50
6648	1525627558	3600		264.30		  59743945		402.00
6648	1525631158	3600		264.13		  54100553		402.00
6648	1525634758	3600		264.00		  49771769		398.50
6648	1525638358	3600		263.86		  45282941		398.50
6648	1525641958	3600		263.84		  44544161		398.50
6648	1525644792	2834		263.76		  41825072		393.50
-999	1525645992	1200		262.50		         0		-999.00
-999	1525649592	3600		259.44		         0		-999.00
-999	1525653192	3600		262.44		         0		-999.00
-999	1525656792	3600		262.44		         0		-999.00
-999	1525660392	3600		262.44		         0		-999.00
-999	1525663992	3600		259.18		         0		-999.00
-999	1525667592	3600		259.18		         0		-999.00
-999	1525668846	1254		259.18		         0		-999.00
6650	1525670046	1200		265.75		 101741495		433.00
6650	1525673646	3600		265.82		 104138142		426.50
6650	1525677246	3600		265.65		  98238162		422.50
6650	1525680846	3600		265.36		  88746829		422.50
6650	1525684446	3600		265.23		  84295976		420.50
6650	1525688046	3600		265.06		  78628689		417.00
6650	1525691462	3416		264.88		  72791212		417.00
-999	1525692662	1200		262.44		         0		-999.00
-999	1525696262	3600		262.44		         0		-999.00
-999	1525699862	3600		259.44		         0		-999.00
-999	1525703462	3600		259.44		         0		-999.00
-999	1525707062	3600		259.44		         0		-999.00
-999	1525710662	3600		259.44		         0		-999.00
-999	1525714262	3600		259.44		         0		-999.00
-999	1525717862	3600		259.44		         0		-999.00
-999	1525720697	2835		259.19		         0		-999.00
6654	1525721897	1200		265.60		  96802515		435.50
6654	1525725497	3600		265.91		 106968538		432.00
6654	1525729097	3600		265.69		  99816883		428.50
6654	1525732697	3600		265.40		  89913814		425.00
6654	1525736297	3600		265.17		  82492854		420.50
6654	1525739897	3600		265.00		  76810698		420.50
6654	1525743497	3600		264.80		  69885575		420.50
6654	1525747097	3600		259.44		  61628159		 10.00
6654	1525747107	10		259.44		 125672751		 10.00
-999	1525748307	1200		259.44		         0		-999.00
-999	1525751907	3600		259.44		         0		-999.00
-999	1525755507	3600		259.44		         0		-999.00
-999	1525759107	3600		259.44		         0		-999.00
-999	1525762707	3600		259.44		         0		-999.00
-999	1525766307	3600		259.44		         0		-999.00
-999	1525769907	3600		259.44		         0		-999.00
-999	1525773507	3600		259.44		         0		-999.00
-999	1525777107	3600		259.44		         0		-999.00
-999	1525780707	3600		259.70		         0		-999.00
-999	1525784307	3600		259.70		         0		-999.00
-999	1525787907	3600		259.44		         0		-999.00
-999	1525791507	3600		259.44		         0		-999.00
-999	1525795107	3600		259.44		         0		-999.00
-999	1525798707	3600		259.44		         0		-999.00
-999	1525802307	3600		259.44		         0		-999.00
-999	1525805907	3600		259.44		         0		-999.00
-999	1525809507	3600		259.44		         0		-999.00
-999	1525813107	3600		259.44		         0		-999.00
-999	1525815134	2027		259.44		         0		-999.00
6659	1525816334	1200		265.65		  98232067		437.50
6659	1525819934	3600		265.81		 103516011		434.00
6659	1525823534	3600		265.50		  93413695		430.00
6659	1525827134	3600		265.27		  85648877		430.00
6659	1525830734	3600		265.10		  79931609		426.50
6659	1525834334	3600		264.93		  74187234		426.50
6659	1525837670	3336		264.82		  70746235		422.50
-999	1525838870	1200		259.44		         0		-999.00
-999	1525842470	3600		257.95		         0		-999.00
-999	1525846070	3600		257.69		         0		-999.00
-999	1525849670	3600		257.94		         0		-999.00
-999	1525853270	3600		259.14		         0		-999.00
-999	1525856870	3600		262.66		         0		-999.00
-999	1525860470	3600		262.66		         0		-999.00
-999	1525864070	3600		262.66		         0		-999.00
-999	1525867670	3600		259.66		         0		-999.00
-999	1525871270	3600		262.66		         0		-999.00
-999	1525874870	3600		262.66		         0		-999.00
-999	1525878470	3600		259.15		         0		-999.00
-999	1525882070	3600		259.15		         0		-999.00
-999	1525885670	3600		259.15		         0		-999.00
-999	1525889270	3600		259.41		         0		-999.00
-999	1525891581	2311		259.41		         0		-999.00
6662	1525892781	1200		265.70		 101025391		438.50
6662	1525896381	3600		265.91		 108034870		439.50
6662	1525899981	3600		265.59		  97425180		436.00
6662	1525903581	3600		265.38		  90375429		435.50
6662	1525907181	3600		265.17		  83591695		432.00
6662	1525910781	3600		265.02		  78421437		432.00
6662	1525914381	3600		264.84		  72540152		425.00
6662	1525917981	3600		264.66		  66650448		425.00
6662	1525921581	3600		264.51		  61357463		425.00
6662	1525925181	3600		264.38		  57024202		421.50
6662	1525928781	3600		264.25		  52713384		421.50
6662	1525932381	3600		264.12		  48504628		418.00
6662	1525935981	3600		263.97		  43644424		413.00
6662	1525939581	3600		259.66		  43083746		 11.50
6662	1525941185	1604		259.66		  45317339		 10.50
-999	1525942385	1200		259.66		         0		-999.00
-999	1525945985	3600		259.41		         0		-999.00
-999	1525949090	3105		259.15		         0		-999.00
6663	1525950290	1200		265.67		 100249166		454.00
6663	1525953890	3600		265.87		 106953362		450.50
6663	1525957490	3600		265.65		  99473921		446.00
6663	1525957821	331		264.88		  73677199		446.00
-999	1525959021	1200		262.66		         0		-999.00
-999	1525962621	3600		262.41		         0		-999.00
-999	1525966221	3600		262.41		         0		-999.00
-999	1525969821	3600		262.41		         0		-999.00
-999	1525973421	3600		259.66		         0		-999.00
-999	1525977021	3600		259.41		         0		-999.00
-999	1525979595	2574		259.15		         0		-999.00
6666	1525980795	1200		265.60		  97847951		451.50
6666	1525984395	3600		265.84		 105798605		450.50
6666	1525987995	3600		265.51		  94768834		446.50
6666	1525991595	3600		265.34		  89197021		446.00
6666	1525995195	3600		265.13		  82315394		442.50
6666	1525998795	3600		264.94		  75969157		439.00
6666	1526002395	3600		264.74		  69139750		435.50
6666	1526005995	3600		264.60		  64388260		435.50
6666	1526009595	3600		264.43		  58958527		432.00
6666	1526013195	3600		264.29		  54002819		432.00
6666	1526016795	3600		264.16		  49889669		428.50
6666	1526020395	3600		264.04		  45689577		428.50
6666	1526023995	3600		263.94		  42560666		425.00
6666	1526026958	2963		259.66		  39148062		  9.00
-999	1526028158	1200		259.66		         0		-999.00
-999	1526031758	3600		259.41		         0		-999.00
-999	1526035358	3600		259.41		         0		-999.00
-999	1526038958	3600		259.66		         0		-999.00
-999	1526042558	3600		259.41		         0		-999.00
-999	1526046158	3600		258.83		         0		-999.00
-999	1526049758	3600		259.44		         0		-999.00
-999	1526050466	708		259.44		         0		-999.00
6672	1526051666	1200		265.65		  98269767		460.50
6672	1526055266	3600		265.82		 103842948		455.50
6672	1526058866	3600		265.53		  94438603		456.00
6672	1526062466	3600		265.31		  87039836		445.00
6672	1526066066	3600		265.07		  78929125		448.50
6672	1526068963	2897		264.89		  72853069		445.00
-999	1526070163	1200		262.44		         0		-999.00
-999	1526073763	3600		262.44		         0		-999.00
-999	1526077363	3600		262.44		         0		-999.00
-999	1526080963	3600		259.44		         0		-999.00
-999	1526084563	3600		259.44		         0		-999.00
-999	1526086746	2183		259.44		         0		-999.00
6674	1526087946	1200		265.79		 102638467		458.00
6674	1526091546	3600		265.86		 105108679		460.50
6674	1526095146	3600		265.69		  99498664		457.00
6674	1526098746	3600		265.51		  93446873		457.00
6674	1526102346	3600		265.31		  86710237		457.00
6674	1526105946	3600		265.08		  78896551		453.50
6674	1526109546	3600		264.90		  72964114		450.00
6674	1526113146	3600		264.72		  67139354		446.50
6674	1526116746	3600		264.55		  61409848		446.50
6674	1526120346	3600		264.41		  56614108		443.00
6674	1526123946	3600		264.26		  51527964		439.50
6674	1526127546	3600		264.15		  47944973		439.50
6674	1526131146	3600		264.07		  45272633		439.50
6674	1526134746	3600		264.12		  47078432		439.50
6674	1526136871	2125		263.95		  41242405		433.50
-999	1526138071	1200		259.71		         0		-999.00
-999	1526141671	3600		259.52		         0		-999.00
-999	1526144057	2386		259.26		         0		-999.00
6675	1526145257	1200		266.13		 111042835		484.00
6675	1526148857	3600		266.27		 115999109		475.00
6675	1526152457	3600		266.05		 108607437		471.50
6675	1526156057	3600		265.78		  99359420		470.00
6675	1526159657	3600		265.56		  92091386		466.50
6675	1526163257	3600		265.36		  85413869		466.50
6675	1526166857	3600		265.14		  78264260		459.50
6675	1526170457	3600		264.99		  73191129		459.50
6675	1526174057	3600		264.83		  67708223		458.50
6675	1526177657	3600		264.67		  62501511		455.00
6675	1526181257	3600		264.54		  58006291		455.00
6675	1526184857	3600		264.42		  54122810		451.50
6675	1526188457	3600		263.99		  48240109		444.00
6675	1526192057	3600		264.07		  51008253		451.00
6675	1526193215	1158		264.03		  49695222		451.00
-999	1526194415	1200		262.54		         0		-999.00
-999	1526198015	3600		259.54		         0		-999.00
-999	1526201615	3600		259.54		         0		-999.00
-999	1526205215	3600		259.54		         0		-999.00
-999	1526205397	182		259.54		         0		-999.00
6677	1526206597	1200		265.94		 104799202		486.50
6677	1526210197	3600		266.35		 109960090		479.50
6677	1526213797	3600		266.20		 105017121		482.50
6677	1526217397	3600		265.77		  99000836		484.00
6677	1526220997	3600		265.54		  91631870		477.00
6677	1526224597	3600		265.07		  84426175		474.00
6677	1526228197	3600		264.85		  77145660		470.50
6677	1526231797	3600		264.69		  71788899		470.50
6677	1526235397	3600		264.52		  65847897		463.50
6677	1526238997	3600		264.37		  61056215		463.50
6677	1526242597	3600		264.21		  55608608		460.00
6677	1526246197	3600		264.08		  51248842		456.50
6677	1526249797	3600		263.93		  46395481		449.50
6677	1526253397	3600		263.95		  46929868		458.50
6677	1526253988	591		264.04		  49852525		458.50
-999	1526255188	1200		259.54		         0		-999.00
-999	1526258788	3600		259.53		         0		-999.00
-999	1526262388	3600		259.53		         0		-999.00
-999	1526265988	3600		259.53		         0		-999.00
-999	1526269588	3600		259.53		         0		-999.00
-999	1526269876	288		259.53		         0		-999.00
6681	1526271076	1200		265.58		 101559703		489.50
6681	1526274676	3600		265.87		 102774055		489.00
6681	1526278276	3600		265.74		  98336220		485.50
6681	1526281876	3600		265.54		  91780905		484.50
6681	1526285476	3600		265.06		  84370201		480.50
6681	1526289076	3600		264.81		  76129077		477.00
6681	1526292676	3600		264.64		  70393522		473.50
6681	1526296276	3600		264.47		  64596701		473.50
6681	1526299876	3600		264.32		  59785199		473.50
6681	1526303476	3600		264.25		  57342668		473.50
6681	1526307076	3600		264.15		  53847852		470.00
6681	1526310676	3600		264.12		  52993933		466.50
6681	1526314276	3600		263.97		  48016405		466.50
6681	1526317876	3600		263.86		  44226664		460.00
6681	1526320377	2501		263.81		  42694074		463.50
-999	1526321577	1200		259.53		         0		-999.00
-999	1526325177	3600		262.53		         0		-999.00
-999	1526328777	3600		259.53		         0		-999.00
-999	1526332377	3600		259.51		         0		-999.00
-999	1526335977	3600		259.51		         0		-999.00
-999	1526336568	591		259.25		         0		-999.00
6683	1526337768	1200		266.00		 107154865		503.50
6683	1526338662	894		266.23		 114786651		470.50
-999	1526339862	1200		262.53		         0		-999.00
-999	1526343462	3600		259.26		         0		-999.00
-999	1526347062	3600		259.26		         0		-999.00
-999	1526350662	3600		259.52		         0		-999.00
-999	1526354262	3600		262.52		         0		-999.00
-999	1526357862	3600		259.52		         0		-999.00
-999	1526361462	3600		259.52		         0		-999.00
-999	1526365062	3600		259.52		         0		-999.00
-999	1526368662	3600		262.52		         0		-999.00
-999	1526372262	3600		259.52		         0		-999.00
-999	1526375862	3600		259.52		         0		-999.00
-999	1526379462	3600		259.52		         0		-999.00
-999	1526383062	3600		259.26		         0		-999.00
-999	1526386662	3600		259.01		         0		-999.00
-999	1526390262	3600		259.53		         0		-999.00
-999	1526393862	3600		259.27		         0		-999.00
-999	1526397212	3350		259.53		         0		-999.00
6688	1526398412	1200		263.67		  37973502		457.00
6688	1526402012	3600		263.74		  40496071		457.00
6688	1526405612	3600		263.62		  36405277		452.50
6688	1526409212	3600		263.57		  34665917		452.50
6688	1526412812	3600		263.50		  32229535		449.00
6688	1526413919	1107		263.29		  25371849		442.50
-999	1526415119	1200		259.53		         0		-999.00
-999	1526418719	3600		259.53		         0		-999.00
-999	1526422319	3600		259.52		         0		-999.00
-999	1526425919	3600		259.26		         0		-999.00
-999	1526428498	2579		259.52		         0		-999.00
6690	1526429698	1200		264.05		  50950244		464.00
6690	1526433298	3600		264.13		  53793140		463.50
6690	1526436898	3600		263.98		  48500560		461.00
6690	1526440498	3600		263.85		  44432900		461.00
6690	1526444098	3600		263.74		  40798076		457.50
6690	1526447698	3600		263.66		  37874745		457.50
6690	1526451298	3600		263.57		  34937063		457.50
6690	1526454898	3600		263.50		  32821567		454.00
6690	1526458498	3600		263.48		  31934254		457.50
6690	1526460261	1763		263.49		  32403979		451.00
-999	1526461461	1200		262.52		         0		-999.00
-999	1526465061	3600		259.52		         0		-999.00
-999	1526468661	3600		259.26		         0		-999.00
-999	1526472261	3600		259.26		         0		-999.00
-999	1526475861	3600		259.26		         0		-999.00
-999	1526479461	3600		259.53		         0		-999.00
-999	1526482078	2617		259.53		         0		-999.00
-999	1526483842	1200		262.53		         0		-999.00
-999	1526487442	3600		259.53		         0		-999.00
-999	1526490917	3475		259.53		         0		-999.00
6693	1526492117	1200		264.79		  75351538		460.00
6693	1526495717	3600		265.00		  82464857		481.50
6693	1526499317	3600		264.78		  74971030		478.00
6693	1526502917	3600		264.65		  70780843		476.50
6693	1526506517	3600		264.45		  64097765		473.00
6693	1526510117	3600		264.29		  58723218		473.00
6693	1526513717	3600		264.17		  54618886		468.50
6693	1526517317	3600		264.04		  50463735		468.50
6693	1526520917	3600		264.04		  50259033		468.50
6693	1526524517	3600		263.91		  45850291		468.50
6693	1526526352	1835		263.87		  44642562		465.00
-999	1526527552	1200		262.53		         0		-999.00
-999	1526531152	3600		259.53		         0		-999.00
-999	1526534752	3600		259.53		         0		-999.00
-999	1526536049	1297		259.53		         0		-999.00
6694	1526537249	1200		265.33		  93172361		502.50
6694	1526540849	3600		265.77		  99381659		495.50
6694	1526544449	3600		265.55		  92037461		495.50
6694	1526548049	3600		265.34		  85175334		492.00
6694	1526551649	3600		265.09		  76899893		483.50
6694	1526555249	3600		264.90		  70467602		483.50
6694	1526558849	3600		264.75		  65352938		480.00
6694	1526562449	3600		264.58		  59737939		476.50
6694	1526566049	3600		264.44		  55071451		476.50
6694	1526569649	3600		264.36		  52663223		480.00
6694	1526570269	620		259.53		  49366936		  9.50
-999	1526571469	1200		262.53		         0		-999.00
-999	1526575069	3600		259.53		         0		-999.00
-999	1526578669	3600		262.53		         0		-999.00
-999	1526582269	3600		262.53		         0		-999.00
-999	1526585869	3600		262.53		         0		-999.00
-999	1526589469	3600		259.53		         0		-999.00
-999	1526593069	3600		259.53		         0		-999.00
-999	1526595789	2720		259.53		         0		-999.00
6696	1526596989	1200		265.77		  99577055		511.00
6696	1526600589	3600		265.95		 105533644		504.50
6696	1526604189	3600		265.71		  97455999		501.00
6696	1526607789	3600		265.54		  91799129		501.50
6696	1526611389	3600		265.32		  84481564		498.00
6696	1526614989	3600		265.09		  76724221		494.50
6696	1526618589	3600		264.96		  72411657		490.50
6696	1526622189	3600		264.79		  66709749		490.50
6696	1526625789	3600		264.64		  61723807		487.00
6696	1526626810	1021		263.92		  46276776		476.00
-999	1526628010	1200		262.53		         0		-999.00
-999	1526631610	3600		262.53		         0		-999.00
-999	1526635210	3600		259.53		         0		-999.00
-999	1526638810	3600		259.53		         0		-999.00
-999	1526642410	3600		259.53		         0		-999.00
-999	1526646010	3600		259.52		         0		-999.00
-999	1526649610	3600		259.26		         0		-999.00
-999	1526653210	3600		259.52		         0		-999.00
-999	1526656810	3600		259.52		         0		-999.00
-999	1526660410	3600		259.52		         0		-999.00
-999	1526664010	3600		259.52		         0		-999.00
-999	1526667610	3600		259.52		         0		-999.00
-999	1526668468	858		259.52		         0		-999.00
6699	1526669668	1200		262.53		    396024		446.00
6699	1526673268	3600		262.53		    352813		469.00
6699	1526676868	3600		262.53		    298549		446.00
6699	1526679748	2880		259.52		    424441		 11.00
-999	1526680948	1200		262.52		         0		-999.00
-999	1526684548	3600		259.52		         0		-999.00
-999	1526688148	3600		259.52		         0		-999.00
-999	1526688844	696		259.52		         0		-999.00
6700	1526690044	1200		265.59		  93588036		506.00
6700	1526693644	3600		265.85		 102330183		506.00
6700	1526697244	3600		265.54		  91695678		502.50
6700	1526700844	3600		265.28		  83087920		495.50
6700	1526704444	3600		265.11		  77664276		498.50
6700	1526708044	3600		265.04		  75211583		498.50
6700	1526711644	3600		264.87		  69649722		495.00
6700	1526715244	3600		264.70		  63926453		491.50
6700	1526718844	3600		264.55		  58892397		488.00
6700	1526722444	3600		264.44		  55050814		488.00
6700	1526726044	3600		264.38		  53009614		488.00
6700	1526729644	3600		264.26		  49332033		484.50
6700	1526733244	3600		263.85		  44063513		461.50
6700	1526733931	687		263.86		  44299050		479.00
-999	1526735131	1200		259.53		         0		-999.00
-999	1526738731	3600		259.01		         0		-999.00
-999	1526742331	3600		262.48		         0		-999.00
-999	1526745931	3600		262.48		         0		-999.00
-999	1526749531	3600		262.48		         0		-999.00
-999	1526753131	3600		259.48		         0		-999.00
-999	1526756067	2936		259.48		         0		-999.00
6702	1526757267	1200		265.78		 101159422		526.00
6702	1526760867	3600		266.07		 110752085		515.50
6702	1526764467	3600		265.71		  98809322		512.00
6702	1526768030	3563		265.44		  89706037		508.50
-999	1526769230	1200		262.50		         0		-999.00
-999	1526772830	3600		262.50		         0		-999.00
-999	1526776430	3600		262.50		         0		-999.00
-999	1526780030	3600		259.50		         0		-999.00
-999	1526783630	3600		259.50		         0		-999.00
-999	1526787230	3600		259.50		         0		-999.00
-999	1526790830	3600		259.50		         0		-999.00
-999	1526794430	3600		259.50		         0		-999.00
-999	1526795464	1034		259.50		         0		-999.00
6706	1526796664	1200		263.77		  42536402		488.50
6706	1526800264	3600		263.84		  44934029		474.50
6706	1526803864	3600		263.76		  42056223		482.00
6706	1526807464	3600		263.65		  38383336		482.00
6706	1526808387	923		263.34		  28019630		472.00
-999	1526809587	1200		259.50		         0		-999.00
-999	1526813187	3600		259.48		         0		-999.00
-999	1526816787	3600		259.48		         0		-999.00
-999	1526820387	3600		262.48		         0		-999.00
-999	1526823987	3600		262.48		         0		-999.00
-999	1526827587	3600		262.48		         0		-999.00
-999	1526831187	3600		262.48		         0		-999.00
-999	1526834787	3600		259.48		         0		-999.00
-999	1526838387	3600		259.48		         0		-999.00
-999	1526839146	759		259.48		         0		-999.00
6709	1526840346	1200		265.76		 100349318		525.00
6709	1526843946	3600		266.05		 110145989		522.00
6709	1526847546	3600		265.73		  99470847		515.50
6709	1526851146	3600		265.45		  89903576		512.00
6709	1526854746	3600		265.18		  80932221		508.50
6709	1526858346	3600		265.08		  77613633		508.50
6709	1526861946	3600		264.94		  73102372		505.00
6709	1526865546	3600		264.78		  67766891		501.50
6709	1526869146	3600		264.36		  62045982		489.50
6709	1526872746	3600		264.22		  57379142		496.00
6709	1526873547	801		264.22		  57537351		499.50
-999	1526874747	1200		262.50		         0		-999.00
-999	1526878347	3600		262.50		         0		-999.00
-999	1526881947	3600		262.50		         0		-999.00
-999	1526885547	3600		259.24		         0		-999.00
-999	1526889147	3600		259.23		         0		-999.00
-999	1526892747	3600		259.48		         0		-999.00
-999	1526895864	3117		259.48		         0		-999.00
6710	1526897064	1200		265.63		  95920360		528.50
6710	1526900664	3600		265.92		 105824349		526.50
6710	1526904264	3600		265.71		  98507985		519.50
6710	1526907864	3600		265.47		  90604711		515.00
6710	1526911464	3600		265.23		  82557183		515.00
6710	1526915064	3600		265.05		  76570674		511.50
6710	1526918664	3600		264.85		  69924092		511.50
6710	1526922264	3600		264.71		  65337525		508.00
6710	1526925140	2876		264.67		  63864727		508.00
-999	1526926340	1200		262.48		         0		-999.00
-999	1526929940	3600		262.48		         0		-999.00
-999	1526933540	3600		262.48		         0		-999.00
-999	1526937140	3600		259.23		         0		-999.00
-999	1526940740	3600		259.48		         0		-999.00
-999	1526944181	3441		259.48		         0		-999.00
6711	1526945381	1200		265.56		  93520357		503.50
6711	1526948981	3600		265.77		 100766613		530.00
6711	1526952581	3600		265.56		  93679133		523.00
6711	1526956181	3600		265.32		  85509431		520.00
6711	1526959781	3600		265.11		  78659893		516.50
6711	1526963381	3600		264.91		  72132713		513.00
6711	1526966981	3600		264.73		  65968209		511.50
6711	1526970581	3600		264.33		  61048420		494.50
6711	1526974181	3600		264.17		  55777914		506.50
6711	1526977781	3600		264.02		  50751705		503.00
6711	1526981381	3600		263.98		  49643197		506.50
6711	1526984981	3600		263.91		  47298650		503.00
6711	1526988581	3600		263.75		  41882309		496.00
6711	1526991910	3329		259.50		  39452999		 10.50
-999	1526993110	1200		262.50		         0		-999.00
-999	1526996710	3600		259.24		         0		-999.00
-999	1527000111	3401		259.50		         0		-999.00
6712	1527001311	1200		265.77		 100775521		546.50
6712	1527004911	3600		265.94		 106287552		541.00
6712	1527008511	3600		265.73		  99445757		534.50
6712	1527012111	3600		265.50		  91641491		531.00
6712	1527015711	3600		265.28		  84410305		531.00
6712	1527019311	3600		265.05		  76602316		523.50
6712	1527022911	3600		264.89		  71475340		523.50
6712	1527026511	3600		264.71		  65235960		520.00
6712	1527030111	3600		264.54		  59740309		516.50
6712	1527033711	3600		264.40		  54971226		513.00
6712	1527037311	3600		264.04		  51366709		504.00
6712	1527037656	345		264.09		  53094830		507.50
-999	1527038856	1200		259.50		         0		-999.00
-999	1527042456	3600		259.42		         0		-999.00
-999	1527046056	3600		259.44		         0		-999.00
-999	1527047343	1287		259.69		         0		-999.00
6714	1527048543	1200		265.26		  94030904		538.00
6714	1527052143	3600		265.90		 106841751		549.50
6714	1527055743	3600		265.73		 101397887		542.50
6714	1527059343	3600		265.48		  92876572		542.00
6714	1527062943	3600		265.24		  85032771		538.50
6714	1527066543	3600		265.05		  78699071		531.50
6714	1527070143	3600		264.85		  72155487		531.00
6714	1527073743	3600		264.70		  66999445		527.50
6714	1527077343	3600		264.53		  61377860		524.00
6714	1527080943	3600		264.39		  56586074		524.00
6714	1527084543	3600		264.31		  53907567		524.00
6714	1527088143	3600		264.20		  50207439		520.00
6714	1527091743	3600		264.17		  49304797		520.00
6714	1527095343	3600		264.03		  44633394		516.50
6714	1527097678	2335		263.95		  42024244		516.50
-999	1527098878	1200		262.44		         0		-999.00
-999	1527102478	3600		262.44		         0		-999.00
-999	1527106078	3600		259.20		         0		-999.00
-999	1527109678	3600		259.46		         0		-999.00
-999	1527113278	3600		259.46		         0		-999.00
-999	1527116878	3600		259.46		         0		-999.00
-999	1527120478	3600		259.46		         0		-999.00
-999	1527124078	3600		259.46		         0		-999.00
-999	1527127678	3600		262.46		         0		-999.00
-999	1527131278	3600		262.46		         0		-999.00
-999	1527134878	3600		262.46		         0		-999.00
-999	1527138478	3600		262.46		         0		-999.00
-999	1527142078	3600		262.46		         0		-999.00
-999	1527145678	3600		262.47		         0		-999.00
-999	1527149278	3600		262.47		         0		-999.00
-999	1527152878	3600		262.47		         0		-999.00
-999	1527156478	3600		262.72		         0		-999.00
-999	1527160078	3600		262.72		         0		-999.00
-999	1527163678	3600		262.72		         0		-999.00
-999	1527167278	3600		262.47		         0		-999.00
-999	1527170878	3600		262.47		         0		-999.00
-999	1527174478	3600		262.72		         0		-999.00
-999	1527178078	3600		262.72		         0		-999.00
-999	1527181678	3600		262.72		         0		-999.00
-999	1527185278	3600		259.47		         0		-999.00
-999	1527188878	3600		259.47		         0		-999.00
-999	1527192478	3600		259.47		         0		-999.00
-999	1527196078	3600		259.47		         0		-999.00
-999	1527196563	485		259.47		         0		-999.00
6719	1527197763	1200		265.64		 105194156		493.00
6719	1527201363	3600		266.38		 112871498		553.50
6719	1527204963	3600		266.11		 104048909		550.00
6719	1527208563	3600		265.81		  93857800		543.50
6719	1527212163	3600		265.33		  86598110		540.00
6719	1527215763	3600		265.11		  79036596		536.50
6719	1527219363	3600		264.91		  72438676		533.00
6719	1527222963	3600		264.48		  66772043		531.50
6719	1527225511	2548		259.48		  62228712		  9.00
-999	1527226711	1200		262.48		         0		-999.00
-999	1527230311	3600		262.48		         0		-999.00
-999	1527233911	3600		262.48		         0		-999.00
-999	1527237511	3600		262.48		         0		-999.00
-999	1527241111	3600		259.48		         0		-999.00
-999	1527244711	3600		259.48		         0		-999.00
-999	1527248311	3600		259.46		         0		-999.00
-999	1527251911	3600		259.48		         0		-999.00
-999	1527255511	3600		259.48		         0		-999.00
-999	1527259111	3600		259.48		         0		-999.00
-999	1527262145	3034		259.48		         0		-999.00
6724	1527263345	1200		265.39		  87986807		546.00
6724	1527265712	2367		265.01		  75413505		543.00
-999	1527266912	1200		262.48		         0		-999.00
-999	1527270512	3600		262.48		         0		-999.00
-999	1527274112	3600		262.48		         0		-999.00
-999	1527277712	3600		262.48		         0		-999.00
-999	1527281312	3600		262.48		         0		-999.00
-999	1527284912	3600		262.48		         0		-999.00
-999	1527288512	3600		262.48		         0		-999.00
-999	1527292112	3600		262.48		         0		-999.00
-999	1527295712	3600		262.48		         0		-999.00
-999	1527299312	3600		262.48		         0		-999.00
-999	1527302912	3600		262.48		         0		-999.00
-999	1527306512	3600		262.48		         0		-999.00
-999	1527310112	3600		262.48		         0		-999.00
-999	1527313712	3600		262.48		         0		-999.00
-999	1527317312	3600		262.48		         0		-999.00
-999	1527320912	3600		262.48		         0		-999.00
-999	1527324512	3600		259.48		         0		-999.00
-999	1527328112	3600		259.48		         0		-999.00
-999	1527331712	3600		259.48		         0		-999.00
-999	1527335312	3600		259.48		         0		-999.00
-999	1527337470	2158		259.48		         0		-999.00
6729	1527338670	1200		265.70		  98406018		558.50
6729	1527342270	3600		265.88		 104295329		551.50
6729	1527345870	3600		265.69		  97967113		548.50
6729	1527349470	3600		265.46		  90251731		545.00
6729	1527353070	3600		265.26		  83580970		545.00
6729	1527356670	3600		265.06		  77155293		541.50
6729	1527360270	3600		264.91		  71948852		538.00
6729	1527363870	3600		264.75		  66820237		534.50
6729	1527367470	3600		264.59		  61440134		534.50
6729	1527371070	3600		264.48		  57587792		531.00
6729	1527374670	3600		264.35		  53468502		531.00
6729	1527378270	3600		264.37		  53834853		531.00
6729	1527379580	1310		263.79		  43098900		523.00
-999	1527380780	1200		262.50		         0		-999.00
-999	1527384380	3600		262.50		         0		-999.00
-999	1527387980	3600		262.50		         0		-999.00
-999	1527391580	3600		262.50		         0		-999.00
-999	1527395180	3600		262.50		         0		-999.00
-999	1527398780	3600		262.50		         0		-999.00
-999	1527402380	3600		262.50		         0		-999.00
-999	1527405980	3600		262.50		         0		-999.00
-999	1527409580	3600		262.50		         0		-999.00
-999	1527413180	3600		262.50		         0		-999.00
-999	1527416780	3600		262.50		         0		-999.00
-999	1527420380	3600		262.50		         0		-999.00
-999	1527423980	3600		262.50		         0		-999.00
-999	1527427580	3600		262.50		         0		-999.00
-999	1527431180	3600		262.50		         0		-999.00
-999	1527434780	3600		262.50		         0		-999.00
-999	1527438380	3600		259.50		         0		-999.00
-999	1527441980	3600		259.50		         0		-999.00
-999	1527444196	2216		259.50		         0		-999.00
6731	1527445396	1200		265.46		  98887824		555.00
6731	1527448996	3600		265.91		 105292736		558.50
6731	1527452596	3600		265.68		  97617268		552.00
6731	1527455247	2651		265.47		  90507440		552.00
-999	1527456447	1200		262.50		         0		-999.00
-999	1527460047	3600		259.24		         0		-999.00
-999	1527463647	3600		262.50		         0		-999.00
-999	1527467247	3600		259.50		         0		-999.00
-999	1527470847	3600		259.50		         0		-999.00
-999	1527471111	264		259.50		         0		-999.00
6733	1527472311	1200		265.50		  91617092		566.00
6733	1527475911	3600		265.78		 100926422		556.00
6733	1527479511	3600		265.25		  91742192		552.50
6733	1527483111	3600		265.06		  85389299		550.00
6733	1527486711	3600		264.84		  78072230		546.50
6733	1527490311	3600		264.67		  72505918		546.00
6733	1527491331	1020		264.51		  67012125		542.50
-999	1527492531	1200		262.50		         0		-999.00
-999	1527496131	3600		262.50		         0		-999.00
-999	1527499731	3600		262.50		         0		-999.00
-999	1527503331	3600		262.50		         0		-999.00
-999	1527506931	3600		262.50		         0		-999.00
-999	1527510531	3600		262.50		         0		-999.00
-999	1527514131	3600		262.50		         0		-999.00
-999	1527517731	3600		262.50		         0		-999.00
-999	1527521331	3600		259.50		         0		-999.00
-999	1527524931	3600		259.50		         0		-999.00
-999	1527528531	3600		259.50		         0		-999.00
-999	1527532131	3600		259.50		         0		-999.00
-999	1527532773	642		259.50		         0		-999.00
-999	1527534651	1200		262.50		         0		-999.00
-999	1527538251	3600		259.50		         0		-999.00
-999	1527541851	3600		259.50		         0		-999.00
-999	1527541997	146		259.50		         0		-999.00
6738	1527543197	1200		265.73		  99022059		567.00
6738	1527546797	3600		265.92		 105458240		564.50
6738	1527550397	3600		265.54		  92772299		565.00
6738	1527553997	3600		265.46		  89875016		558.00
6738	1527557597	3600		265.22		  82000014		554.50
6738	1527561197	3600		265.05		  76340943		538.50
6738	1527564797	3600		264.62		  70476467		550.00
6738	1527568397	3600		264.45		  64672713		546.50
6738	1527571997	3600		264.32		  60365948		543.00
6738	1527575597	3600		264.17		  55635118		543.00
6738	1527579197	3600		264.06		  51959134		539.50
6738	1527582797	3600		264.05		  51509601		539.50
6738	1527585526	2729		263.92		  47292588		535.50
-999	1527586726	1200		259.50		         0		-999.00
-999	1527590326	3600		257.81		         0		-999.00
-999	1527593926	3600		258.33		         0		-999.00
-999	1527597526	3600		259.41		         0		-999.00
-999	1527601126	3600		259.41		         0		-999.00
-999	1527604726	3600		259.41		         0		-999.00
-999	1527608326	3600		259.41		         0		-999.00
-999	1527611926	3600		259.41		         0		-999.00
-999	1527615526	3600		259.41		         0		-999.00
-999	1527619126	3600		259.41		         0		-999.00
-999	1527622726	3600		259.41		         0		-999.00
-999	1527626326	3600		259.41		         0		-999.00
-999	1527629926	3600		259.41		         0		-999.00
-999	1527633526	3600		259.41		         0		-999.00
-999	1527637126	3600		259.41		         0		-999.00
-999	1527640726	3600		259.41		         0		-999.00
-999	1527644326	3600		259.41		         0		-999.00
-999	1527647926	3600		259.41		         0		-999.00
-999	1527651526	3600		259.41		         0		-999.00
-999	1527655126	3600		262.41		         0		-999.00
-999	1527658726	3600		259.41		         0		-999.00
-999	1527662326	3600		259.41		         0		-999.00
-999	1527664472	2146		259.41		         0		-999.00
6741	1527665672	1200		265.61		  98023639		558.00
6741	1527669272	3600		265.81		 104856188		568.00
6741	1527672872	3600		265.58		  97038123		565.00
6741	1527676472	3600		265.34		  89330648		561.50
6741	1527680072	3600		265.13		  82130991		558.00
6741	1527683672	3600		264.98		  77066035		555.50
6741	1527687272	3600		264.80		  71046400		552.00
6741	1527690872	3600		264.65		  66259515		552.00
6741	1527694472	3600		264.50		  61085266		548.50
6741	1527696790	2318		264.23		  52131951		543.50
-999	1527697990	1200		259.66		         0		-999.00
-999	1527701590	3600		262.41		         0		-999.00
-999	1527705190	3600		259.14		         0		-999.00
-999	1527708790	3600		262.66		         0		-999.00
-999	1527712390	3600		262.66		         0		-999.00
-999	1527715990	3600		262.66		         0		-999.00
-999	1527719590	3600		262.66		         0		-999.00
-999	1527723190	3600		259.41		         0		-999.00
-999	1527726790	3600		259.66		         0		-999.00
-999	1527727278	488		259.66		         0		-999.00
6744	1527728478	1200		265.50		  94366009		573.50
6744	1527732078	3600		265.74		 102409222		569.50
6744	1527735678	3600		265.41		  91386584		564.00
6744	1527739278	3600		265.29		  87468949		565.00
6744	1527739555	277		265.27		  86866191		565.00
-999	1527740755	1200		262.41		         0		-999.00
-999	1527744355	3600		262.41		         0		-999.00
-999	1527747955	3600		259.41		         0		-999.00
-999	1527751555	3600		259.15		         0		-999.00
-999	1527755155	3600		262.66		         0		-999.00
-999	1527758755	3600		262.66		         0		-999.00
-999	1527762355	3600		262.66		         0		-999.00
-999	1527765955	3600		259.40		         0		-999.00
-999	1527769555	3600		259.14		         0		-999.00
-999	1527773155	3600		259.41		         0		-999.00
-999	1527776755	3600		259.40		         0		-999.00
-999	1527779405	2650		259.40		         0		-999.00
6747	1527780605	1200		263.61		  40117489		540.50
6747	1527784205	3600		263.69		  42760939		537.00
6747	1527787805	3600		263.55		  38050199		533.50
6747	1527790438	2633		263.39		  32762763		531.00
-999	1527791638	1200		259.40		         0		-999.00
-999	1527795238	3600		259.40		         0		-999.00
-999	1527798838	3600		259.40		         0		-999.00
-999	1527802438	3600		259.40		         0		-999.00
-999	1527806038	3600		262.66		         0		-999.00
-999	1527809638	3600		259.40		         0		-999.00
-999	1527813238	3600		259.40		         0		-999.00
-999	1527814336	1098		259.40		         0		-999.00
6749	1527815536	1200		265.99		 102494365		587.00
6749	1527819136	3600		266.16		 108026427		576.50
6749	1527822736	3600		265.87		  98597073		573.00
6749	1527826336	3600		265.64		  90944994		569.50
6749	1527829936	3600		265.46		  84859973		566.00
6749	1527833536	3600		265.24		  77469728		556.50
6749	1527837136	3600		265.07		  71976926		560.00
6749	1527840736	3600		264.89		  65908496		556.50
6749	1527844336	3600		264.49		  61123881		554.50
6749	1527847936	3600		264.31		  55119123		552.50
6749	1527851536	3600		264.24		  52626863		553.00
6749	1527855136	3600		264.14		  49482273		549.50
6749	1527858736	3600		264.06		  46593218		546.00
6749	1527862336	3600		263.86		  40038415		543.00
6749	1527863535	1199		263.85		  39714191		543.00
-999	1527864735	1200		259.40		         0		-999.00
-999	1527868335	3600		259.14		         0		-999.00
-999	1527871935	3600		259.40		         0		-999.00
-999	1527874885	2950		259.40		         0		-999.00
6751	1527876085	1200		265.89		  99185245		590.00
6751	1527879685	3600		266.18		 108692335		582.50
6751	1527883285	3600		265.87		  98578759		578.00
6751	1527886885	3600		265.64		  90869041		578.00
6751	1527890485	3600		265.42		  83464860		575.00
6751	1527894085	3600		265.23		  77283228		571.50
6751	1527897685	3600		265.03		  70604563		568.00
6751	1527901285	3600		264.89		  65745324		564.00
6751	1527904885	3600		264.73		  60340084		564.00
6751	1527908485	3600		264.59		  55677681		557.00
6751	1527912085	3600		264.44		  50775849		557.00
6751	1527915685	3600		264.37		  48481984		553.50
6751	1527919285	3600		264.30		  46028743		553.50
6751	1527921017	1732		263.81		  38219668		545.00
-999	1527922217	1200		262.40		         0		-999.00
-999	1527925817	3600		259.40		         0		-999.00
-999	1527929234	3417		259.66		         0		-999.00
6752	1527930434	1200		266.02		 103425467		597.50
6752	1527934034	3600		266.18		 108921576		598.00
6752	1527937634	3600		265.95		 101321432		592.50
6752	1527941234	3600		265.66		  91633265		588.50
6752	1527944428	3194		265.47		  85054369		585.00
-999	1527945628	1200		262.39		         0		-999.00
-999	1527949228	3600		262.39		         0		-999.00
-999	1527952828	3600		262.39		         0		-999.00
-999	1527956428	3600		262.39		         0		-999.00
-999	1527960028	3600		262.39		         0		-999.00
-999	1527963628	3600		262.39		         0		-999.00
-999	1527967228	3600		262.39		         0		-999.00
-999	1527970828	3600		262.39		         0		-999.00
-999	1527974428	3600		262.39		         0		-999.00
-999	1527978028	3600		262.39		         0		-999.00
-999	1527981628	3600		262.65		         0		-999.00
-999	1527985228	3600		262.65		         0		-999.00
-999	1527988828	3600		262.65		         0		-999.00
-999	1527992428	3600		262.65		         0		-999.00
-999	1527996028	3600		262.65		         0		-999.00
-999	1527999628	3600		262.65		         0		-999.00
-999	1528003228	3600		262.65		         0		-999.00
-999	1528006828	3600		262.39		         0		-999.00
-999	1528010428	3600		262.65		         0		-999.00
-999	1528014028	3600		262.65		         0		-999.00
-999	1528017628	3600		262.65		         0		-999.00
-999	1528021228	3600		262.65		         0		-999.00
-999	1528024828	3600		259.38		         0		-999.00
-999	1528028428	3600		259.38		         0		-999.00
-999	1528032028	3600		259.38		         0		-999.00
-999	1528035628	3600		259.38		         0		-999.00
-999	1528036390	762		259.38		         0		-999.00
6755	1528037590	1200		265.62		  99285969		594.00
6755	1528039694	2104		266.22		 110721006		592.00
-999	1528040894	1200		262.38		         0		-999.00
-999	1528044494	3600		262.38		         0		-999.00
-999	1528048094	3600		262.38		         0		-999.00
-999	1528051694	3600		262.64		         0		-999.00
-999	1528055294	3600		262.64		         0		-999.00
-999	1528058894	3600		262.64		         0		-999.00
-999	1528062494	3600		262.64		         0		-999.00
-999	1528066094	3600		262.64		         0		-999.00
-999	1528069694	3600		259.38		         0		-999.00
-999	1528073294	3600		259.38		         0		-999.00
-999	1528075258	1964		259.38		         0		-999.00
6757	1528076458	1200		265.81		  97312925		599.50
6757	1528080058	3600		266.05		 105229809		592.50
6757	1528083658	3600		265.80		  96682216		587.50
6757	1528087258	3600		265.55		  88512165		584.00
6757	1528090858	3600		265.32		  80708138		581.50
6757	1528094458	3600		265.15		  75027984		578.00
6757	1528098058	3600		264.95		  68368179		571.00
6757	1528101658	3600		264.79		  63242729		571.00
6757	1528105258	3600		264.63		  57820118		571.00
6757	1528108858	3600		264.49		  53230966		567.50
6757	1528112458	3600		264.40		  50032699		564.00
6757	1528116058	3600		264.30		  46676898		564.00
6757	1528119658	3600		264.12		  40984321		558.00
6757	1528121351	1693		259.38		  39832606		 11.50
-999	1528122551	1200		259.38		         0		-999.00
-999	1528126151	3600		259.38		         0		-999.00
-999	1528129751	3600		259.38		         0		-999.00
-999	1528133351	3600		262.64		         0		-999.00
-999	1528136951	3600		262.64		         0		-999.00
-999	1528140551	3600		259.38		         0		-999.00
-999	1528144151	3600		259.64		         0		-999.00
-999	1528145255	1104		259.64		         0		-999.00
6759	1528146455	1200		265.76		  95470680		607.50
6759	1528150055	3600		266.01		 103998765		600.50
6759	1528153655	3600		265.77		  95727186		595.50
6759	1528157255	3600		265.55		  88387884		592.00
6759	1528160855	3600		265.31		  80348062		588.50
6759	1528164455	3600		265.12		  74328894		585.00
6759	1528168055	3600		264.93		  67838424		581.50
6759	1528171655	3600		264.77		  62588632		580.00
6759	1528175255	3600		264.64		  58240921		576.50
6759	1528178855	3600		264.54		  54719290		576.00
6759	1528182455	3600		264.48		  52773642		572.50
6759	1528186055	3600		264.33		  47927658		572.50
6759	1528189655	3600		264.18		  42799964		561.00
6759	1528191198	1543		259.38		  36399960		 10.50
-999	1528192398	1200		259.38		         0		-999.00
-999	1528195998	3600		259.38		         0		-999.00
-999	1528199598	3600		259.36		         0		-999.00
-999	1528203198	3600		259.38		         0		-999.00
-999	1528206798	3600		259.63		         0		-999.00
-999	1528210398	3600		259.38		         0		-999.00
-999	1528213998	3600		259.38		         0		-999.00
-999	1528215170	1172		259.38		         0		-999.00
6761	1528216370	1200		266.08		 106219490		613.00
6761	1528219970	3600		265.78		  96120841		614.50
6761	1528223570	3600		265.69		  93038521		615.00
6761	1528227170	3600		265.46		  85489945		609.50
6761	1528230770	3600		265.26		  78694454		606.00
6761	1528234370	3600		264.82		  72828696		579.50
6761	1528237970	3600		264.64		  66768200		586.50
6761	1528241570	3600		264.50		  62017079		583.00
6761	1528245170	3600		264.36		  57188443		583.00
6761	1528248770	3600		264.25		  53735065		579.50
6761	1528252370	3600		264.18		  51375772		579.50
6761	1528253825	1455		263.91		  42295298		567.00
-999	1528255025	1200		259.38		         0		-999.00
-999	1528258625	3600		259.12		         0		-999.00
-999	1528262225	3600		259.12		         0		-999.00
-999	1528265825	3600		259.38		         0		-999.00
-999	1528269425	3600		259.38		         0		-999.00
-999	1528273025	3600		259.38		         0		-999.00
-999	1528273399	374		259.38		         0		-999.00
6762	1528274599	1200		266.08		 105979162		607.00
6762	1528278199	3600		265.86		  98634941		614.50
6762	1528281799	3600		265.73		  94162002		591.00
6762	1528285399	3600		265.44		  84549638		597.50
6762	1528288999	3600		265.27		  78927746		597.50
6762	1528292599	3600		265.08		  72483947		593.00
6762	1528296199	3600		264.90		  66611569		589.50
6762	1528299799	3600		264.79		  62928092		589.50
6762	1528301921	2122		264.71		  60192285		589.50
-999	1528303121	1200		259.39		         0		-999.00
-999	1528306721	3600		259.38		         0		-999.00
-999	1528310321	3600		262.38		         0		-999.00
-999	1528313921	3600		259.38		         0		-999.00
-999	1528317521	3600		259.38		         0		-999.00
-999	1528318263	742		259.38		         0		-999.00
6763	1528319463	1200		266.11		 106999951		611.00
6763	1528323063	3600		265.86		  98665571		622.00
6763	1528326663	3600		265.86		  98446811		613.00
6763	1528330263	3600		265.67		  92182732		613.00
6763	1528333863	3600		265.53		  87604535		609.50
6763	1528337463	3600		265.39		  82690790		609.00
6763	1528341063	3600		265.27		  78933668		605.50
6763	1528344663	3600		265.12		  73938374		602.00
6763	1528348263	3600		265.00		  69745732		602.00
6763	1528351863	3600		264.86		  65196239		598.50
6763	1528352082	219		264.69		  59488851		598.50
-999	1528353282	1200		259.38		         0		-999.00
-999	1528356882	3600		259.38		         0		-999.00
-999	1528360482	3600		259.38		         0		-999.00
-999	1528364082	3600		259.38		         0		-999.00
-999	1528367682	3600		258.87		         0		-999.00
-999	1528371282	3600		259.40		         0		-999.00
-999	1528374882	3600		259.40		         0		-999.00
-999	1528378482	3600		258.89		         0		-999.00
-999	1528382082	3600		258.89		         0		-999.00
-999	1528385682	3600		262.40		         0		-999.00
-999	1528389282	3600		262.40		         0		-999.00
-999	1528392882	3600		262.40		         0		-999.00
-999	1528396482	3600		262.40		         0		-999.00
-999	1528400082	3600		262.40		         0		-999.00
-999	1528403682	3600		262.40		         0		-999.00
-999	1528407282	3600		262.40		         0		-999.00
-999	1528410882	3600		262.40		         0		-999.00
-999	1528414482	3600		262.40		         0		-999.00
-999	1528418082	3600		262.40		         0		-999.00
-999	1528421682	3600		259.40		         0		-999.00
-999	1528425282	3600		259.40		         0		-999.00
-999	1528428882	3600		259.40		         0		-999.00
-999	1528432482	3600		259.40		         0		-999.00
-999	1528434403	1921		259.40		         0		-999.00
6768	1528435603	1200		266.35		 114143989		610.00
6768	1528439203	3600		265.95		 100536299		620.00
6768	1528441298	2095		265.95		 100625046		620.00
-999	1528442498	1200		262.42		         0		-999.00
-999	1528446098	3600		262.42		         0		-999.00
-999	1528449698	3600		262.42		         0		-999.00
-999	1528453298	3600		262.42		         0		-999.00
-999	1528456898	3600		262.42		         0		-999.00
-999	1528460498	3600		262.42		         0		-999.00
-999	1528464098	3600		262.42		         0		-999.00
-999	1528467698	3600		262.42		         0		-999.00
-999	1528471298	3600		262.42		         0		-999.00
-999	1528474898	3600		259.42		         0		-999.00
-999	1528478498	3600		259.22		         0		-999.00
-999	1528482098	3600		259.48		         0		-999.00
-999	1528483455	1357		259.48		         0		-999.00
6770	1528484655	1200		266.49		 116273306		616.00
6770	1528488255	3600		265.91		 105344532		619.00
6770	1528491855	3600		265.76		 100405377		612.00
6770	1528495455	3600		265.51		  92054500		615.50
6770	1528499055	3600		265.28		  84485747		608.50
6770	1528502655	3600		265.09		  78302238		608.50
6770	1528506255	3600		264.89		  71520474		605.00
6770	1528509855	3600		264.71		  65397711		598.00
6770	1528513455	3600		264.51		  58976031		598.00
6770	1528517055	3600		264.38		  54570028		594.50
6770	1528520655	3600		264.31		  52130814		594.50
6770	1528524255	3600		264.19		  48067837		587.00
6770	1528527855	3600		264.09		  44824874		590.50
6770	1528530522	2667		263.90		  38347365		580.50
-999	1528531722	1200		262.49		         0		-999.00
-999	1528535322	3600		262.49		         0		-999.00
-999	1528538922	3600		259.49		         0		-999.00
-999	1528542522	3600		259.23		         0		-999.00
-999	1528544802	2280		259.49		         0		-999.00
6772	1528546002	1200		265.96		 107105687		627.00
6772	1528549602	3600		265.71		  98687407		630.00
6772	1528553202	3600		265.57		  94238518		623.00
6772	1528556802	3600		265.32		  85725813		616.00
6772	1528560402	3600		265.13		  79561596		616.00
6772	1528564002	3600		264.96		  73754839		601.50
6772	1528567602	3600		264.81		  68901476		608.50
6772	1528571202	3600		264.64		  63052415		605.00
6772	1528574802	3600		264.47		  57630187		601.50
6772	1528578402	3600		264.32		  52589231		601.50
6772	1528582002	3600		264.26		  50460173		597.50
6772	1528585602	3600		264.19		  48153663		597.50
6772	1528589202	3600		264.08		  44453153		594.00
6772	1528592802	3600		263.96		  40479654		594.00
6772	1528596254	3452		263.80		  35299913		589.50
-999	1528597454	1200		259.49		         0		-999.00
-999	1528601054	3600		259.10		         0		-999.00
-999	1528604654	3600		259.62		         0		-999.00
-999	1528604817	163		259.62		         0		-999.00
6773	1528606017	1200		265.72		 103229820		634.00
6773	1528609617	3600		265.45		  94167256		633.50
6773	1528613217	3600		265.35		  90900838		630.00
6773	1528616817	3600		265.13		  83345443		623.00
6773	1528620417	3600		264.94		  77219788		622.50
6773	1528624017	3600		264.76		  71325699		618.50
6773	1528627617	3600		264.57		  64937139		611.50
6773	1528631217	3600		264.40		  59258923		611.50
6773	1528634817	3600		264.28		  55135749		608.00
6773	1528638417	3600		264.19		  52252157		608.00
6773	1528642017	3600		264.11		  49575713		604.00
6773	1528645617	3600		264.01		  46219004		604.00
6773	1528649217	3600		263.90		  42582944		600.50
6773	1528652363	3146		263.75		  37421758		598.00
-999	1528653563	1200		259.37		         0		-999.00
-999	1528657163	3600		259.11		         0		-999.00
-999	1528660536	3373		259.62		         0		-999.00
6774	1528661736	1200		265.92		 109887816		665.00
6774	1528665336	3600		265.67		 101604940		663.00
6774	1528668936	3600		265.53		  96718929		654.00
6774	1528672536	3600		265.31		  89442974		650.50
6774	1528676136	3600		265.08		  81877484		643.50
6774	1528679736	3600		264.92		  76427263		643.50
6774	1528683336	3600		264.73		  70166063		640.00
6774	1528686936	3600		264.54		  63739932		636.00
6774	1528690536	3600		264.40		  59305640		636.00
6774	1528694136	3600		264.28		  55101922		631.50
6774	1528697736	3600		264.17		  51610266		632.00
6774	1528701336	3600		264.12		  49883584		628.50
6774	1528704936	3600		264.05		  47373533		628.50
6774	1528708536	3600		263.91		  42900703		621.50
6774	1528711358	2822		263.73		  36977648		617.00
-999	1528712558	1200		259.37		         0		-999.00
-999	1528716158	3600		259.37		         0		-999.00
-999	1528719758	3600		259.62		         0		-999.00
-999	1528723358	3600		259.62		         0		-999.00
-999	1528726634	3276		259.62		         0		-999.00
6776	1528727834	1200		265.94		 110482176		647.50
6776	1528731434	3600		265.58		  98515177		647.00
6776	1528734189	2755		265.50		  95710410		640.00
-999	1528735389	1200		262.37		         0		-999.00
-999	1528738989	3600		262.62		         0		-999.00
-999	1528742589	3600		262.62		         0		-999.00
-999	1528746189	3600		262.62		         0		-999.00
-999	1528749789	3600		259.37		         0		-999.00
-999	1528753389	3600		259.37		         0		-999.00
-999	1528754376	987		259.62		         0		-999.00
6778	1528755576	1200		266.08		 115332157		660.50
6778	1528759176	3600		265.65		 100691929		645.50
6778	1528762776	3600		265.63		 100184405		646.50
6778	1528766376	3600		265.39		  92205871		646.50
6778	1528769691	3315		265.07		  81491692		630.00
-999	1528770891	1200		259.62		         0		-999.00
-999	1528774491	3600		255.49		         0		-999.00
-999	1528778091	3600		255.49		         0		-999.00
-999	1528781691	3600		255.49		         0		-999.00
-999	1528785291	3600		255.49		         0		-999.00
-999	1528788891	3600		255.49		         0		-999.00
-999	1528792491	3600		255.49		         0		-999.00
-999	1528796091	3600		255.49		         0		-999.00
-999	1528799691	3600		255.49		         0		-999.00
-999	1528803291	3600		255.49		         0		-999.00
-999	1528806891	3600		255.49		         0		-999.00
-999	1528810491	3600		255.49		         0		-999.00
-999	1528814091	3600		255.49		         0		-999.00
-999	1528817691	3600		255.49		         0		-999.00
-999	1528821291	3600		255.49		         0		-999.00
-999	1528824891	3600		255.49		         0		-999.00
-999	1528828491	3600		255.49		         0		-999.00
-999	1528832091	3600		255.49		         0		-999.00
-999	1528835691	3600		255.49		         0		-999.00
-999	1528839291	3600		255.49		         0		-999.00
-999	1528842891	3600		255.49		         0		-999.00
-999	1528846491	3600		255.49		         0		-999.00
-999	1528850091	3600		255.49		         0		-999.00
-999	1528853691	3600		255.49		         0		-999.00
-999	1528857291	3600		255.49		         0		-999.00
-999	1528860891	3600		255.49		         0		-999.00
-999	1528864491	3600		255.49		         0		-999.00
-999	1528868091	3600		255.49		         0		-999.00
-999	1528871691	3600		255.49		         0		-999.00
-999	1528875291	3600		255.49		         0		-999.00
-999	1528878891	3600		255.49		         0		-999.00
-999	1528882491	3600		255.49		         0		-999.00
-999	1528886091	3600		255.49		         0		-999.00
-999	1528889691	3600		255.49		         0		-999.00
-999	1528893291	3600		255.49		         0		-999.00
-999	1528896891	3600		255.49		         0		-999.00
-999	1528900491	3600		255.49		         0		-999.00
-999	1528904091	3600		255.49		         0		-999.00
-999	1528907691	3600		255.49		         0		-999.00
-999	1528911291	3600		255.49		         0		-999.00
-999	1528914891	3600		255.49		         0		-999.00
-999	1528918491	3600		255.49		         0		-999.00
-999	1528922091	3600		255.49		         0		-999.00
-999	1528925691	3600		255.49		         0		-999.00
-999	1528929291	3600		255.49		         0		-999.00
-999	1528932891	3600		255.49		         0		-999.00
-999	1528936491	3600		255.49		         0		-999.00
-999	1528940091	3600		255.49		         0		-999.00
-999	1528943691	3600		255.49		         0		-999.00
-999	1528947291	3600		255.49		         0		-999.00
-999	1528950891	3600		255.49		         0		-999.00
-999	1528954491	3600		255.49		         0		-999.00
-999	1528958091	3600		255.49		         0		-999.00
-999	1528961691	3600		255.49		         0		-999.00
-999	1528965291	3600		255.49		         0		-999.00
-999	1528968891	3600		255.49		         0		-999.00
-999	1528972491	3600		255.49		         0		-999.00
-999	1528976091	3600		255.49		         0		-999.00
-999	1528979691	3600		255.49		         0		-999.00
-999	1528983291	3600		255.49		         0		-999.00
-999	1528986891	3600		255.49		         0		-999.00
-999	1528990491	3600		255.49		         0		-999.00
-999	1528994091	3600		255.49		         0		-999.00
-999	1528997691	3600		255.49		         0		-999.00
-999	1529001291	3600		255.49		         0		-999.00
-999	1529004891	3600		255.49		         0		-999.00
-999	1529008491	3600		255.49		         0		-999.00
-999	1529012091	3600		255.49		         0		-999.00
-999	1529015691	3600		255.49		         0		-999.00
-999	1529019291	3600		255.49		         0		-999.00
-999	1529022891	3600		255.49		         0		-999.00
-999	1529026491	3600		255.49		         0		-999.00
-999	1529030091	3600		255.49		         0		-999.00
-999	1529033691	3600		255.49		         0		-999.00
-999	1529037291	3600		255.49		         0		-999.00
-999	1529040891	3600		255.49		         0		-999.00
-999	1529044491	3600		255.49		         0		-999.00
-999	1529048091	3600		255.49		         0		-999.00
-999	1529051691	3600		255.49		         0		-999.00
-999	1529055291	3600		255.49		         0		-999.00
-999	1529058891	3600		255.49		         0		-999.00
-999	1529062491	3600		255.49		         0		-999.00
-999	1529066091	3600		255.49		         0		-999.00
-999	1529069691	3600		255.49		         0		-999.00
-999	1529073291	3600		255.49		         0		-999.00
-999	1529076891	3600		255.49		         0		-999.00
-999	1529080491	3600		255.49		         0		-999.00
-999	1529084091	3600		255.49		         0		-999.00
-999	1529087691	3600		255.49		         0		-999.00
-999	1529091291	3600		255.49		         0		-999.00
-999	1529094891	3600		255.49		         0		-999.00
-999	1529098491	3600		255.49		         0		-999.00
-999	1529102091	3600		255.49		         0		-999.00
-999	1529105691	3600		255.49		         0		-999.00
-999	1529109291	3600		255.49		         0		-999.00
-999	1529112891	3600		255.49		         0		-999.00
-999	1529116491	3600		255.49		         0		-999.00
-999	1529120091	3600		255.49		         0		-999.00
-999	1529123691	3600		255.49		         0		-999.00
-999	1529127291	3600		255.49		         0		-999.00
-999	1529130891	3600		255.49		         0		-999.00
-999	1529134491	3600		255.49		         0		-999.00
-999	1529138091	3600		255.49		         0		-999.00
-999	1529141691	3600		255.49		         0		-999.00
-999	1529145291	3600		255.49		         0		-999.00
-999	1529148891	3600		255.49		         0		-999.00
-999	1529152491	3600		255.49		         0		-999.00
-999	1529156091	3600		255.49		         0		-999.00
-999	1529159691	3600		255.49		         0		-999.00
-999	1529163291	3600		255.49		         0		-999.00
-999	1529166891	3600		255.49		         0		-999.00
-999	1529170491	3600		255.49		         0		-999.00
-999	1529174091	3600		255.49		         0		-999.00
-999	1529177691	3600		255.49		         0		-999.00
-999	1529181291	3600		255.49		         0		-999.00
-999	1529184891	3600		255.49		         0		-999.00
-999	1529188491	3600		255.49		         0		-999.00
-999	1529192091	3600		255.49		         0		-999.00
-999	1529195691	3600		255.49		         0		-999.00
-999	1529199291	3600		255.49		         0		-999.00
-999	1529202891	3600		255.49		         0		-999.00
-999	1529206491	3600		255.49		         0		-999.00
-999	1529210091	3600		255.49		         0		-999.00
-999	1529213691	3600		255.49		         0		-999.00
-999	1529217291	3600		255.49		         0		-999.00
-999	1529220891	3600		255.49		         0		-999.00
-999	1529224491	3600		255.49		         0		-999.00
-999	1529228091	3600		255.49		         0		-999.00
-999	1529231691	3600		255.49		         0		-999.00
-999	1529235291	3600		255.49		         0		-999.00
-999	1529238891	3600		255.49		         0		-999.00
-999	1529242491	3600		255.49		         0		-999.00
-999	1529246091	3600		255.49		         0		-999.00
-999	1529249691	3600		255.49		         0		-999.00
-999	1529253291	3600		255.49		         0		-999.00
-999	1529256891	3600		255.49		         0		-999.00
-999	1529260491	3600		255.49		         0		-999.00
-999	1529264091	3600		255.49		         0		-999.00
-999	1529267691	3600		255.49		         0		-999.00
-999	1529271291	3600		255.49		         0		-999.00
-999	1529274891	3600		255.49		         0		-999.00
-999	1529278491	3600		255.49		         0		-999.00
-999	1529282091	3600		255.49		         0		-999.00
-999	1529285691	3600		255.49		         0		-999.00
-999	1529289291	3600		255.49		         0		-999.00
-999	1529292891	3600		255.49		         0		-999.00
-999	1529296491	3600		255.49		         0		-999.00
-999	1529300091	3600		255.49		         0		-999.00
-999	1529303691	3600		255.49		         0		-999.00
-999	1529307291	3600		255.49		         0		-999.00
-999	1529310891	3600		258.49		         0		-999.00
-999	1529314491	3600		255.49		         0		-999.00
-999	1529318091	3600		255.49		         0		-999.00
-999	1529321691	3600		255.49		         0		-999.00
-999	1529325291	3600		255.49		         0		-999.00
-999	1529328891	3600		255.49		         0		-999.00
-999	1529332491	3600		255.49		         0		-999.00
-999	1529336091	3600		255.74		         0		-999.00
-999	1529339691	3600		262.30		         0		-999.00
-999	1529343291	3600		262.55		         0		-999.00
-999	1529346891	3600		262.55		         0		-999.00
-999	1529350491	3600		255.63		         0		-999.00
-999	1529354091	3600		255.63		         0		-999.00
-999	1529357691	3600		255.63		         0		-999.00
-999	1529361291	3600		255.63		         0		-999.00
-999	1529364891	3600		255.63		         0		-999.00
-999	1529368491	3600		255.63		         0		-999.00
-999	1529372091	3600		255.63		         0		-999.00
-999	1529375691	3600		255.63		         0		-999.00
-999	1529379291	3600		255.63		         0		-999.00
-999	1529382891	3600		262.40		         0		-999.00
-999	1529386491	3600		262.40		         0		-999.00
-999	1529390091	3600		262.41		         0		-999.00
-999	1529393691	3600		262.41		         0		-999.00
-999	1529397291	3600		262.41		         0		-999.00
-999	1529400891	3600		262.41		         0		-999.00
-999	1529404491	3600		262.41		         0		-999.00
-999	1529408091	3600		262.41		         0		-999.00
-999	1529411691	3600		262.41		         0		-999.00
-999	1529415291	3600		262.41		         0		-999.00
-999	1529418891	3600		262.41		         0		-999.00
-999	1529422491	3600		262.41		         0		-999.00
-999	1529426091	3600		262.41		         0		-999.00
-999	1529429691	3600		262.41		         0		-999.00
-999	1529433291	3600		262.41		         0		-999.00
-999	1529436891	3600		262.41		         0		-999.00
-999	1529440491	3600		262.41		         0		-999.00
-999	1529444091	3600		262.41		         0		-999.00
-999	1529447691	3600		262.41		         0		-999.00
-999	1529451291	3600		262.41		         0		-999.00
-999	1529454891	3600		262.41		         0		-999.00
-999	1529458491	3600		262.41		         0		-999.00
-999	1529462091	3600		262.41		         0		-999.00
-999	1529465691	3600		262.41		         0		-999.00
-999	1529469291	3600		262.41		         0		-999.00
-999	1529472891	3600		262.41		         0		-999.00
-999	1529476491	3600		262.41		         0		-999.00
-999	1529480091	3600		262.41		         0		-999.00
-999	1529483691	3600		262.41		         0		-999.00
-999	1529487291	3600		262.41		         0		-999.00
-999	1529490891	3600		262.41		         0		-999.00
-999	1529494491	3600		259.15		         0		-999.00
-999	1529498091	3600		259.15		         0		-999.00
-999	1529501691	3600		258.89		         0		-999.00
-999	1529505291	3600		258.89		         0		-999.00
-999	1529508891	3600		258.89		         0		-999.00
-999	1529512491	3600		258.89		         0		-999.00
-999	1529516091	3600		258.89		         0		-999.00
-999	1529519691	3600		262.40		         0		-999.00
-999	1529523291	3600		262.40		         0		-999.00
-999	1529526891	3600		262.40		         0		-999.00
-999	1529530491	3600		262.40		         0		-999.00
-999	1529534091	3600		262.40		         0		-999.00
-999	1529537691	3600		262.40		         0		-999.00
-999	1529541291	3600		262.40		         0		-999.00
-999	1529544891	3600		262.40		         0		-999.00
-999	1529548491	3600		262.40		         0		-999.00
-999	1529552091	3600		262.40		         0		-999.00
-999	1529555691	3600		261.89		         0		-999.00
-999	1529559291	3600		261.89		         0		-999.00
-999	1529562891	3600		258.89		         0		-999.00
-999	1529566491	3600		258.89		         0		-999.00
-999	1529570091	3600		255.68		         0		-999.00
-999	1529573691	3600		255.68		         0		-999.00
-999	1529577291	3600		255.68		         0		-999.00
-999	1529580891	3600		255.68		         0		-999.00
-999	1529584491	3600		255.68		         0		-999.00
-999	1529588091	3600		262.36		         0		-999.00
-999	1529591691	3600		262.36		         0		-999.00
-999	1529595291	3600		262.36		         0		-999.00
-999	1529598891	3600		262.63		         0		-999.00
-999	1529602491	3600		259.63		         0		-999.00
-999	1529606091	3600		259.38		         0		-999.00
-999	1529609691	3600		259.38		         0		-999.00
-999	1529613291	3600		259.38		         0		-999.00
-999	1529616891	3600		259.38		         0		-999.00
-999	1529620491	3600		259.38		         0		-999.00
-999	1529624091	3600		262.63		         0		-999.00
-999	1529627691	3600		262.38		         0		-999.00
-999	1529631291	3600		262.38		         0		-999.00
-999	1529634891	3600		262.38		         0		-999.00
-999	1529638491	3600		259.38		         0		-999.00
-999	1529642091	3600		259.38		         0		-999.00
-999	1529645691	3600		262.63		         0		-999.00
-999	1529649291	3600		262.63		         0		-999.00
-999	1529652891	3600		259.38		         0		-999.00
-999	1529656491	3600		259.38		         0		-999.00
-999	1529660091	3600		259.38		         0		-999.00
-999	1529663691	3600		259.38		         0		-999.00
-999	1529667291	3600		259.38		         0		-999.00
-999	1529670891	3600		259.38		         0		-999.00
-999	1529674491	3600		259.38		         0		-999.00
-999	1529678091	3600		259.38		         0		-999.00
-999	1529681691	3600		259.38		         0		-999.00
-999	1529685291	3600		259.38		         0		-999.00
-999	1529688891	3600		259.38		         0		-999.00
-999	1529692491	3600		259.38		         0		-999.00
-999	1529696091	3600		259.38		         0		-999.00
-999	1529699691	3600		259.38		         0		-999.00
-999	1529703291	3600		259.38		         0		-999.00
-999	1529706891	3600		259.38		         0		-999.00
-999	1529710491	3600		262.63		         0		-999.00
-999	1529714091	3600		262.63		         0		-999.00
-999	1529717691	3600		262.63		         0		-999.00
-999	1529721291	3600		262.38		         0		-999.00
-999	1529724891	3600		262.38		         0		-999.00
-999	1529728491	3600		262.38		         0		-999.00
-999	1529732091	3600		262.38		         0		-999.00
-999	1529735691	3600		262.38		         0		-999.00
-999	1529739291	3600		262.38		         0		-999.00
-999	1529742891	3600		262.38		         0		-999.00
-999	1529746491	3600		262.38		         0		-999.00
-999	1529750091	3600		262.38		         0		-999.00
-999	1529753691	3600		262.38		         0		-999.00
-999	1529757291	3600		262.38		         0		-999.00
-999	1529760891	3600		262.38		         0		-999.00
-999	1529764491	3600		262.38		         0		-999.00
-999	1529768091	3600		259.38		         0		-999.00
-999	1529771691	3600		259.63		         0		-999.00
-999	1529775291	3600		259.63		         0		-999.00
-999	1529778891	3600		259.38		         0		-999.00
-999	1529782491	3600		259.38		         0		-999.00
-999	1529786091	3600		259.38		         0		-999.00
-999	1529789691	3600		259.38		         0		-999.00
-999	1529793291	3600		262.63		         0		-999.00
-999	1529796891	3600		262.63		         0		-999.00
-999	1529800491	3600		259.38		         0		-999.00
-999	1529804091	3600		259.38		         0		-999.00
-999	1529807691	3600		259.63		         0		-999.00
-999	1529811291	3600		259.63		         0		-999.00
-999	1529814891	3600		259.38		         0		-999.00
-999	1529818491	3600		259.38		         0		-999.00
-999	1529822091	3600		259.38		         0		-999.00
-999	1529825691	3600		259.38		         0		-999.00
-999	1529829291	3600		259.38		         0		-999.00
-999	1529832891	3600		259.38		         0		-999.00
-999	1529836491	3600		259.38		         0		-999.00
-999	1529840091	3600		262.63		         0		-999.00
-999	1529843691	3600		262.63		         0		-999.00
-999	1529847291	3600		262.63		         0		-999.00
-999	1529850891	3600		262.38		         0		-999.00
-999	1529854491	3600		262.38		         0		-999.00
-999	1529858091	3600		262.38		         0		-999.00
-999	1529861691	3600		259.38		         0		-999.00
-999	1529865291	3600		259.38		         0		-999.00
-999	1529868891	3600		259.38		         0		-999.00
-999	1529872491	3600		259.38		         0		-999.00
-999	1529876091	3600		259.38		         0		-999.00
-999	1529879691	3600		259.38		         0		-999.00
-999	1529883291	3600		259.38		         0		-999.00
-999	1529886891	3600		259.38		         0		-999.00
-999	1529890491	3600		259.38		         0		-999.00
-999	1529894091	3600		259.38		         0		-999.00
-999	1529897691	3600		259.38		         0		-999.00
-999	1529901291	3600		259.38		         0		-999.00
-999	1529904891	3600		259.38		         0		-999.00
-999	1529908491	3600		259.63		         0		-999.00
-999	1529912091	3600		259.38		         0		-999.00
-999	1529915691	3600		259.38		         0		-999.00
-999	1529919291	3600		259.38		         0		-999.00
-999	1529922891	3600		259.38		         0		-999.00
-999	1529926491	3600		259.38		         0		-999.00
-999	1529930091	3600		259.38		         0		-999.00
-999	1529933691	3600		259.38		         0		-999.00
-999	1529937291	3600		259.38		         0		-999.00
-999	1529940891	3600		259.38		         0		-999.00
-999	1529944491	3600		259.38		         0		-999.00
-999	1529947542	3051		259.38		         0		-999.00
6843	1529948742	1200		262.38		     92488		572.50
6843	1529952342	3600		262.38		     98883		576.00
6843	1529952918	576		259.38		    104992		 11.50
-999	1529954118	1200		259.38		         0		-999.00
-999	1529957718	3600		259.38		         0		-999.00
-999	1529961318	3600		259.38		         0		-999.00
-999	1529964918	3600		259.38		         0		-999.00
-999	1529968518	3600		259.38		         0		-999.00
-999	1529972118	3600		262.63		         0		-999.00
-999	1529975718	3600		262.63		         0		-999.00
-999	1529979318	3600		259.38		         0		-999.00
-999	1529982918	3600		259.38		         0		-999.00
-999	1529986518	3600		259.38		         0		-999.00
-999	1529988949	2431		259.38		         0		-999.00
6847	1529990149	1200		262.60		   7655093		578.50
6847	1529993749	3600		262.59		   7114676		574.00
6847	1529997349	3600		262.58		   6678749		580.00
6847	1530000949	3600		262.56		   6279337		580.00
6847	1530004549	3600		262.52		   4667857		593.00
6847	1530006799	2250		262.46		   2815502		558.50
-999	1530007999	1200		259.38		         0		-999.00
-999	1530011599	3600		259.12		         0		-999.00
-999	1530015199	3600		259.38		         0		-999.00
-999	1530018799	3600		259.38		         0		-999.00
-999	1530022399	3600		259.38		         0		-999.00
-999	1530025999	3600		259.38		         0		-999.00
-999	1530029599	3600		259.38		         0		-999.00
-999	1530033199	3600		259.38		         0		-999.00
-999	1530033217	18		259.38		         0		-999.00
6850	1530034417	1200		262.69		  10444214		560.00
6850	1530038017	3600		262.87		  16662348		592.50
6850	1530041617	3600		263.13		  25038452		592.50
6850	1530045217	3600		263.10		  24225139		587.00
6850	1530047066	1849		263.08		  23501481		595.00
-999	1530048266	1200		262.63		         0		-999.00
-999	1530051866	3600		262.38		         0		-999.00
-999	1530055466	3600		262.63		         0		-999.00
-999	1530059066	3600		259.38		         0		-999.00
-999	1530062666	3600		262.64		         0		-999.00
-999	1530066266	3600		262.64		         0		-999.00
-999	1530069866	3600		262.64		         0		-999.00
-999	1530073466	3600		262.64		         0		-999.00
-999	1530077066	3600		262.64		         0		-999.00
-999	1530080666	3600		262.64		         0		-999.00
-999	1530084266	3600		262.64		         0		-999.00
-999	1530087866	3600		262.64		         0		-999.00
-999	1530091466	3600		262.64		         0		-999.00
-999	1530095066	3600		262.64		         0		-999.00
-999	1530098666	3600		262.64		         0		-999.00
-999	1530102266	3600		259.38		         0		-999.00
-999	1530105866	3600		259.38		         0		-999.00
-999	1530109466	3600		259.38		         0		-999.00
-999	1530113066	3600		259.38		         0		-999.00
-999	1530116666	3600		259.38		         0		-999.00
-999	1530120266	3600		259.38		         0		-999.00
-999	1530123866	3600		259.38		         0		-999.00
-999	1530125808	1942		259.38		         0		-999.00
6854	1530127008	1200		264.19		  51796153		613.50
6854	1530130608	3600		264.11		  48929824		607.50
6854	1530134208	3600		263.21		  27642914		607.50
6854	1530137677	3469		263.91		  42262972		601.50
-999	1530138877	1200		262.64		         0		-999.00
-999	1530142477	3600		259.12		         0		-999.00
-999	1530146077	3600		259.38		         0		-999.00
-999	1530149677	3600		259.38		         0		-999.00
-999	1530153277	3600		259.38		         0		-999.00
-999	1530156877	3600		259.38		         0		-999.00
-999	1530160158	3281		259.38		         0		-999.00
6858	1530161358	1200		264.10		  49108559		620.00
6858	1530161874	516		264.26		  54387784		623.50
-999	1530163074	1200		262.38		         0		-999.00
-999	1530166674	3600		262.63		         0		-999.00
-999	1530170274	3600		262.63		         0		-999.00
-999	1530173874	3600		262.63		         0		-999.00
-999	1530177474	3600		259.12		         0		-999.00
-999	1530181074	3600		259.38		         0		-999.00
-999	1530184674	3600		259.38		         0		-999.00
-999	1530188274	3600		259.38		         0		-999.00
-999	1530191874	3600		259.38		         0		-999.00
-999	1530193780	1906		259.38		         0		-999.00
6860	1530194980	1200		265.04		  88366310		630.00
6860	1530198580	3600		265.67		  92472753		638.00
6860	1530202180	3600		265.51		  87291477		640.00
6860	1530205780	3600		265.42		  84103067		640.00
6860	1530209380	3600		265.32		  80721617		639.00
6860	1530212980	3600		265.21		  77076907		634.50
6860	1530216580	3600		265.08		  72719871		634.50
6860	1530220180	3600		264.99		  69920650		634.50
6860	1530223780	3600		264.87		  65744837		631.00
6860	1530226251	2471		264.43		  59826060		626.50
-999	1530227451	1200		259.64		         0		-999.00
-999	1530231051	3600		259.12		         0		-999.00
-999	1530234651	3600		259.38		         0		-999.00
-999	1530238251	3600		259.38		         0		-999.00
-999	1530241851	3600		259.38		         0		-999.00
-999	1530245451	3600		259.38		         0		-999.00
-999	1530249051	3600		259.38		         0		-999.00
-999	1530252651	3600		259.38		         0		-999.00
-999	1530256251	3600		259.38		         0		-999.00
-999	1530259851	3600		259.38		         0		-999.00
-999	1530263451	3600		259.38		         0		-999.00
-999	1530267051	3600		259.38		         0		-999.00
-999	1530270651	3600		259.38		         0		-999.00
-999	1530274251	3600		259.38		         0		-999.00
-999	1530277851	3600		259.38		         0		-999.00
-999	1530281451	3600		259.38		         0		-999.00
-999	1530284852	3401		259.38		         0		-999.00
6864	1530286052	1200		262.38		     28656		569.00
6864	1530289652	3600		262.38		     29074		585.00
6864	1530293252	3600		262.38		     28854		573.50
6864	1530296852	3600		262.38		     28453		584.00
6864	1530300452	3600		262.38		     28532		584.00
6864	1530304052	3600		262.38		     28282		584.00
6864	1530307652	3600		262.38		     28413		580.50
6864	1530311252	3600		262.38		     28327		580.50
6864	1530314852	3600		262.38		     28441		580.50
6864	1530318452	3600		262.38		     28317		580.50
6864	1530320411	1959		262.38		     28298		580.50
-999	1530321611	1200		259.38		         0		-999.00
-999	1530325211	3600		259.38		         0		-999.00
-999	1530328811	3600		259.38		         0		-999.00
-999	1530332411	3600		259.38		         0		-999.00
-999	1530336011	3600		259.38		         0		-999.00
-999	1530339611	3600		259.38		         0		-999.00
-999	1530343211	3600		259.38		         0		-999.00
-999	1530345165	1954		259.38		         0		-999.00
6868	1530346365	1200		262.38		     37432		579.50
6868	1530349965	3600		262.63		     45800		579.00
6868	1530353565	3600		262.63		     27635		583.00
6868	1530357165	3600		262.38		     15133		600.50
6868	1530360765	3600		262.63		     23341		579.50
6868	1530364365	3600		255.54		     38174		  1.00
6868	1530367965	3600		255.54		     48963		  1.00
6868	1530371565	3600		262.40		     48462		569.50
6868	1530375165	3600		262.40		     49160		538.50
6868	1530378765	3600		255.51		     49285		  0.00
6868	1530382365	3600		255.51		     48251		  0.00
6868	1530385965	3600		255.51		     48345		  0.00
6868	1530389565	3600		262.43		     49141		579.50
6868	1530393165	3600		262.69		     23019		607.50
6868	1530396765	3600		262.69		     25100		611.50
6868	1530400365	3600		262.44		     11742		603.00
6868	1530403965	3600		262.69		     21650		610.00
6868	1530407565	3600		262.44		     26273		565.50
6868	1530411165	3600		262.44		     34739		579.50
6868	1530414765	3600		262.44		     41085		579.50
6868	1530418365	3600		262.69		     32132		598.00
6868	1530421965	3600		262.69		     22708		604.50
6868	1530423984	2019		262.44		     44303		563.00
-999	1530425184	1200		259.44		         0		-999.00
-999	1530428784	3600		259.44		         0		-999.00
-999	1530432384	3600		259.44		         0		-999.00
-999	1530435984	3600		259.44		         0		-999.00
-999	1530439584	3600		259.44		         0		-999.00
-999	1530443184	3600		259.18		         0		-999.00
-999	1530446784	3600		259.44		         0		-999.00
-999	1530450384	3600		259.44		         0		-999.00
-999	1530453984	3600		259.44		         0		-999.00
-999	1530457584	3600		259.44		         0		-999.00
-999	1530461184	3600		259.44		         0		-999.00
-999	1530464784	3600		259.18		         0		-999.00
-999	1530468384	3600		259.44		         0		-999.00
-999	1530471984	3600		259.44		         0		-999.00
-999	1530475584	3600		259.44		         0		-999.00
-999	1530479184	3600		259.44		         0		-999.00
-999	1530480394	1210		259.44		         0		-999.00
-999	1530482621	1200		262.70		         0		-999.00
-999	1530486221	3600		259.44		         0		-999.00
-999	1530489821	3600		259.44		         0		-999.00
-999	1530493421	3600		259.44		         0		-999.00
-999	1530497021	3600		259.44		         0		-999.00
-999	1530500621	3600		259.44		         0		-999.00
-999	1530504221	3600		259.18		         0		-999.00
-999	1530507821	3600		259.44		         0		-999.00
-999	1530511421	3600		259.69		         0		-999.00
-999	1530511830	409		259.69		         0		-999.00
6877	1530513030	1200		262.44		     22809		544.50
6877	1530516630	3600		262.69		     19024		589.00
6877	1530520230	3600		262.44		     19492		581.00
6877	1530520583	353		262.44		     16517		581.00
-999	1530521783	1200		259.44		         0		-999.00
-999	1530525383	3600		259.44		         0		-999.00
-999	1530528983	3600		259.44		         0		-999.00
-999	1530532583	3600		259.44		         0		-999.00
-999	1530535650	3067		259.44		         0		-999.00
6879	1530536850	1200		262.69		     41379		575.50
6879	1530540450	3600		262.44		     57460		572.50
6879	1530544050	3600		262.44		     52558		579.50
6879	1530545455	1405		259.44		     50938		  9.50
-999	1530546655	1200		259.44		         0		-999.00
-999	1530550255	3600		259.44		         0		-999.00
-999	1530553855	3600		262.44		         0		-999.00
-999	1530557455	3600		262.69		         0		-999.00
-999	1530561055	3600		262.69		         0		-999.00
-999	1530564655	3600		259.18		         0		-999.00
-999	1530568255	3600		259.44		         0		-999.00
-999	1530571855	3600		259.44		         0		-999.00
-999	1530575455	3600		259.44		         0		-999.00
-999	1530579055	3600		259.44		         0		-999.00
-999	1530582655	3600		259.44		         0		-999.00
-999	1530586255	3600		259.44		         0		-999.00
-999	1530587294	1039		259.44		         0		-999.00
6881	1530588494	1200		262.69		     99096		577.00
6881	1530592094	3600		262.69		    130570		580.50
6881	1530595694	3600		262.69		    118988		580.50
6881	1530599294	3600		262.69		    112139		575.50
6881	1530602894	3600		262.69		    102294		579.00
6881	1530606494	3600		262.69		     97842		579.00
6881	1530610094	3600		262.69		     92359		575.50
6881	1530610131	37		262.69		    104856		575.50
-999	1530611331	1200		262.69		         0		-999.00
-999	1530614931	3600		259.17		         0		-999.00
-999	1530618531	3600		259.42		         0		-999.00
-999	1530622131	3600		259.42		         0		-999.00
-999	1530625731	3600		259.42		         0		-999.00
-999	1530626054	323		259.42		         0		-999.00
6882	1530627254	1200		262.69		     93890		576.50
6882	1530630854	3600		262.44		    125012		579.00
6882	1530634454	3600		262.44		    114630		577.50
6882	1530638054	3600		262.44		    106712		577.50
6882	1530641654	3600		262.44		    102205		574.00
6882	1530645254	3600		262.44		     96262		577.50
6882	1530648854	3600		262.44		     92536		577.50
6882	1530652454	3600		262.44		     88078		577.50
6882	1530656054	3600		262.44		     85616		577.50
6882	1530659654	3600		262.44		     82885		577.50
6882	1530663254	3600		262.44		     79897		577.50
6882	1530666854	3600		262.44		     78200		577.50
6882	1530670454	3600		262.44		     75959		577.50
6882	1530674054	3600		262.44		     74801		574.00
6882	1530677654	3600		262.44		     72730		577.50
6882	1530680056	2402		262.44		     61882		578.00
-999	1530681256	1200		259.44		         0		-999.00
-999	1530684856	3600		259.18		         0		-999.00
-999	1530688456	3600		259.44		         0		-999.00
-999	1530692056	3600		259.44		         0		-999.00
-999	1530692443	387		259.44		         0		-999.00
6884	1530693643	1200		262.45		     61045		580.00
6884	1530697243	3600		262.45		     82651		576.50
6884	1530700498	3255		262.45		     78694		576.50
-999	1530701698	1200		259.44		         0		-999.00
-999	1530705298	3600		259.44		         0		-999.00
-999	1530708898	3600		259.44		         0		-999.00
-999	1530712498	3600		259.44		         0		-999.00
-999	1530716098	3600		259.44		         0		-999.00
-999	1530719698	3600		259.44		         0		-999.00
-999	1530723298	3600		259.44		         0		-999.00
-999	1530726898	3600		259.44		         0		-999.00
-999	1530728000	1102		259.44		         0		-999.00
6885	1530729200	1200		262.45		    151198		578.50
6885	1530732800	3600		262.45		    150176		570.50
6885	1530735623	2823		262.45		    154356		577.50
-999	1530736823	1200		262.70		         0		-999.00
-999	1530740423	3600		262.70		         0		-999.00
-999	1530744023	3600		262.70		         0		-999.00
-999	1530747623	3600		262.70		         0		-999.00
-999	1530751223	3600		262.70		         0		-999.00
-999	1530754823	3600		259.44		         0		-999.00
-999	1530758423	3600		259.44		         0		-999.00
-999	1530762023	3600		259.44		         0		-999.00
-999	1530765623	3600		262.69		         0		-999.00
-999	1530769223	3600		262.69		         0		-999.00
-999	1530772823	3600		262.69		         0		-999.00
-999	1530776423	3600		259.44		         0		-999.00
-999	1530780023	3600		259.44		         0		-999.00
-999	1530783623	3600		259.44		         0		-999.00
-999	1530785343	1720		259.44		         0		-999.00
6890	1530786543	1200		262.44		    169494		578.50
6890	1530790143	3600		262.44		    210219		577.50
6890	1530793743	3600		262.44		    203517		573.50
6890	1530797343	3600		262.44		    197232		577.00
6890	1530800943	3600		262.44		    194432		570.00
6890	1530804543	3600		262.44		    189830		573.50
6890	1530808143	3600		262.44		    187203		573.50
6890	1530811743	3600		262.44		    192642		575.00
6890	1530815343	3600		262.44		    184349		574.50
6890	1530818943	3600		262.44		    182937		574.50
6890	1530822543	3600		262.44		    181658		571.00
6890	1530826143	3600		262.44		    179307		574.50
6890	1530829743	3600		262.44		    179473		574.50
6890	1530833343	3600		262.44		    178607		533.50
6890	1530836943	3600		262.44		    177895		575.00
6890	1530840543	3600		262.44		    176113		575.00
6890	1530844143	3600		262.44		    176693		565.50
6890	1530847743	3600		262.44		    175038		572.50
6890	1530851343	3600		262.44		    175659		576.50
6890	1530854943	3600		262.44		    175056		573.00
6890	1530858543	3600		262.44		    173396		573.00
6890	1530862143	3600		262.44		    173983		576.00
6890	1530865743	3600		262.44		    172313		550.50
6890	1530867678	1935		262.44		    176953		572.00
-999	1530868878	1200		259.44		         0		-999.00
-999	1530872478	3600		259.44		         0		-999.00
-999	1530876078	3600		259.44		         0		-999.00
-999	1530879678	3600		259.44		         0		-999.00
-999	1530879802	124		259.44		         0		-999.00
6891	1530881002	1200		262.44		    252961		579.00
6891	1530884602	3600		262.45		    353454		575.50
6891	1530888202	3600		262.44		    195102		575.50
6891	1530891802	3600		262.44		    182589		575.50
6891	1530895402	3600		262.44		    176504		572.00
6891	1530899002	3600		262.44		    172696		572.00
6891	1530902602	3600		262.44		    168889		572.00
6891	1530906202	3600		262.44		    164379		572.00
6891	1530906619	417		262.44		    161976		572.00
-999	1530907819	1200		262.44		         0		-999.00
-999	1530911419	3600		259.44		         0		-999.00
-999	1530915019	3600		259.44		         0		-999.00
-999	1530916923	1904		259.44		         0		-999.00
6892	1530918123	1200		262.44		    213314		575.50
6892	1530921723	3600		262.44		    205189		575.50
6892	1530925323	3600		262.44		    216781		575.50
6892	1530928923	3600		262.44		    226001		575.50
6892	1530932523	3600		262.44		    216822		575.50
6892	1530936123	3600		262.44		    211281		572.00
6892	1530939723	3600		262.44		    205742		572.00
6892	1530943323	3600		262.44		    197903		572.00
6892	1530946923	3600		262.44		    191851		572.00
6892	1530950523	3600		262.44		    187402		572.00
6892	1530954123	3600		262.44		    185420		572.00
6892	1530957723	3600		259.44		    179325		  9.50
6892	1530957741	18		259.44		    190345		  9.50
-999	1530958941	1200		259.44		         0		-999.00
-999	1530962541	3600		259.44		         0		-999.00
-999	1530966141	3600		259.44		         0		-999.00
-999	1530969741	3600		259.44		         0		-999.00
-999	1530973341	3600		259.44		         0		-999.00
-999	1530976941	3600		259.44		         0		-999.00
-999	1530980541	3600		262.69		         0		-999.00
-999	1530984141	3600		262.69		         0		-999.00
-999	1530987741	3600		262.69		         0		-999.00
-999	1530991341	3600		262.69		         0		-999.00
-999	1530994941	3600		259.44		         0		-999.00
-999	1530998541	3600		259.44		         0		-999.00
-999	1531002141	3600		259.44		         0		-999.00
-999	1531005741	3600		259.44		         0		-999.00
-999	1531008288	2547		259.44		         0		-999.00
6901	1531009488	1200		263.93		  41361281		593.50
6901	1531013088	3600		263.94		  41591037		602.50
6901	1531016688	3600		263.85		  38773811		602.00
6901	1531020288	3600		263.77		  36119530		602.00
6901	1531023888	3600		263.69		  33227026		598.50
6901	1531027488	3600		263.61		  30814105		598.50
6901	1531031088	3600		263.55		  28724514		598.50
6901	1531034688	3600		263.49		  26761884		595.00
6901	1531038288	3600		263.46		  25571630		595.00
6901	1531041888	3600		263.40		  23832541		595.00
6901	1531045488	3600		263.37		  22598258		595.00
6901	1531049088	3600		263.33		  21230481		591.50
6901	1531052688	3600		263.32		  20875106		591.50
6901	1531056288	3600		263.31		  20515932		591.50
6901	1531059613	3325		263.27		  19249920		588.00
-999	1531060813	1200		259.44		         0		-999.00
-999	1531064413	3600		259.44		         0		-999.00
-999	1531068013	3600		259.44		         0		-999.00
-999	1531071613	3600		259.44		         0		-999.00
-999	1531072329	716		259.44		         0		-999.00
6904	1531073529	1200		265.93		 108101225		650.00
6904	1531077129	3600		265.56		  95576857		639.00
6904	1531080729	3600		265.60		  97155054		647.00
6904	1531084329	3600		265.36		  89061579		640.00
6904	1531087929	3600		265.14		  81530442		634.00
6904	1531091529	3600		264.95		  75436382		634.00
6904	1531092073	544		264.96		  75512750		634.00
-999	1531093273	1200		262.44		         0		-999.00
-999	1531096873	3600		262.44		         0		-999.00
-999	1531100473	3600		262.44		         0		-999.00
-999	1531104073	3600		262.69		         0		-999.00
-999	1531107673	3600		262.69		         0		-999.00
-999	1531111273	3600		262.18		         0		-999.00
-999	1531114873	3600		262.44		         0		-999.00
-999	1531118473	3600		262.44		         0		-999.00
-999	1531122073	3600		262.44		         0		-999.00
-999	1531125673	3600		262.44		         0		-999.00
-999	1531129273	3600		262.44		         0		-999.00
-999	1531132873	3600		262.44		         0		-999.00
-999	1531136473	3600		262.18		         0		-999.00
-999	1531140073	3600		262.69		         0		-999.00
-999	1531143673	3600		262.69		         0		-999.00
-999	1531147273	3600		262.69		         0		-999.00
-999	1531150873	3600		262.69		         0		-999.00
-999	1531154473	3600		259.44		         0		-999.00
-999	1531158073	3600		259.44		         0		-999.00
-999	1531161673	3600		259.44		         0		-999.00
-999	1531162717	1044		259.44		         0		-999.00
6909	1531163917	1200		265.65		  98657809		661.50
6909	1531167517	3600		265.72		 100952163		651.00
6909	1531171117	3600		265.62		  97551982		659.50
6909	1531174717	3600		265.67		  99268084		654.00
6909	1531178317	3600		265.50		  93813949		654.00
6909	1531181917	3600		265.40		  90384522		650.00
6909	1531185517	3600		265.24		  84890388		649.50
6909	1531189117	3600		265.12		  81105668		649.50
6909	1531192717	3600		265.02		  77762400		646.00
6909	1531196317	3600		264.68		  74704280		634.00
6909	1531199917	3600		264.80		  70474805		644.50
6909	1531203517	3600		264.72		  67680702		641.00
6909	1531207117	3600		263.79		  45566475		604.00
6909	1531210717	3600		262.49		   2289044		595.50
6909	1531214317	3600		262.49		   2274495		597.50
6909	1531217917	3600		262.49		   2281757		597.50
6909	1531221517	3600		262.49		   2256972		595.50
6909	1531225117	3600		262.49		   2266080		595.50
6909	1531228717	3600		262.49		   2273552		595.50
6909	1531232317	3600		262.49		   2256725		595.50
6909	1531235917	3600		262.49		   2290961		595.50
6909	1531239517	3600		262.49		   2272816		595.50
6909	1531243117	3600		262.49		   2285512		595.50
6909	1531246717	3600		262.49		   2257861		595.50
6909	1531250317	3600		262.49		   2272331		595.50
6909	1531253917	3600		262.49		   2260170		595.50
6909	1531257517	3600		262.49		   2288645		595.50
6909	1531261117	3600		262.49		   2273304		555.50
6909	1531264717	3600		262.49		   2277137		594.00
6909	1531268317	3600		262.49		   2261211		593.50
6909	1531270951	2634		262.49		   2258763		593.50
-999	1531272151	1200		262.42		         0		-999.00
-999	1531275751	3600		259.44		         0		-999.00
-999	1531279351	3600		259.44		         0		-999.00
-999	1531282951	3600		259.44		         0		-999.00
-999	1531286551	3600		259.44		         0		-999.00
-999	1531290151	3600		259.44		         0		-999.00
-999	1531292973	2822		259.44		         0		-999.00
6911	1531294173	1200		265.33		  87848331		663.00
6911	1531297773	3600		262.72		   9462795		596.00
6911	1531301373	3600		262.50		   2154149		592.50
6911	1531304973	3600		262.50		   2143841		592.50
6911	1531308573	3600		262.50		   2133024		592.50
6911	1531312173	3600		262.50		   2137062		592.50
6911	1531315773	3600		262.50		   2155996		592.50
6911	1531319373	3600		262.50		   2145858		592.50
6911	1531322973	3600		264.62		  64306459		599.50
6911	1531326573	3600		265.12		  80846943		648.50
6911	1531330173	3600		264.99		  76664582		648.50
6911	1531330446	273		265.08		  79552062		648.50
-999	1531331646	1200		262.44		         0		-999.00
-999	1531335246	3600		259.44		         0		-999.00
-999	1531338846	3600		259.44		         0		-999.00
-999	1531340789	1943		259.44		         0		-999.00
6912	1531341989	1200		265.24		  93576316		656.00
6912	1531345589	3600		266.05		 103102712		668.50
6912	1531349189	3600		265.85		  96501646		666.50
6912	1531352789	3600		265.80		  94991400		663.00
6912	1531356389	3600		265.65		  89723945		663.00
6912	1531359989	3600		265.54		  86225570		659.50
6912	1531363589	3600		265.42		  82253645		658.50
6912	1531367189	3600		265.31		  78389694		658.50
6912	1531370789	3600		265.22		  75480712		655.00
6912	1531374389	3600		255.93		  71651476		  8.50
6912	1531377989	3600		264.67		  68888946		647.00
6912	1531381589	3600		264.60		  66592313		650.50
6912	1531385189	3600		264.52		  63786220		650.00
6912	1531388789	3600		264.43		  60701855		646.50
6912	1531389121	332		265.21		  86878363		646.50
-999	1531390321	1200		262.35		         0		-999.00
-999	1531393921	3600		259.35		         0		-999.00
-999	1531397521	3600		259.35		         0		-999.00
-999	1531401121	3600		259.35		         0		-999.00
-999	1531404721	3600		259.35		         0		-999.00
-999	1531406363	1642		259.35		         0		-999.00
6913	1531407563	1200		262.35		         0		578.00
6913	1531411163	3600		262.60		         0		601.00
6913	1531414763	3600		259.35		    142055		  9.50
6913	1531414793	30		259.35		    360466		  9.50
-999	1531415993	1200		259.35		         0		-999.00
-999	1531419593	3600		259.36		         0		-999.00
-999	1531423193	3600		259.36		         0		-999.00
-999	1531426793	3600		259.36		         0		-999.00
-999	1531430393	3600		259.36		         0		-999.00
-999	1531433993	3600		259.36		         0		-999.00
-999	1531437593	3600		259.36		         0		-999.00
-999	1531441193	3600		259.36		         0		-999.00
-999	1531444793	3600		259.36		         0		-999.00
-999	1531448393	3600		259.36		         0		-999.00
-999	1531449741	1348		259.36		         0		-999.00
6919	1531450941	1200		265.69		  93896516		684.50
6919	1531454541	3600		265.95		 102678641		679.00
6919	1531458141	3600		265.81		  97903284		675.50
6919	1531461741	3600		265.64		  92228260		672.00
6919	1531465341	3600		265.48		  87052587		674.00
6919	1531468941	3600		265.42		  84887158		670.50
6919	1531472541	3600		265.28		  80444253		670.50
6919	1531476141	3600		265.18		  77077801		667.00
6919	1531479741	3600		265.06		  73099789		667.00
6919	1531483341	3600		264.97		  70040566		663.50
6919	1531486941	3600		264.89		  67421558		663.50
6919	1531490541	3600		264.79		  64003495		660.00
6919	1531494141	3600		264.72		  61559302		660.00
6919	1531497741	3600		264.63		  58639034		660.00
6919	1531501341	3600		264.56		  56424087		656.50
6919	1531504941	3600		264.48		  53516637		656.50
6919	1531508541	3600		264.41		  51375156		656.00
6919	1531512141	3600		264.35		  49204208		656.00
6919	1531515741	3600		264.27		  46646527		652.50
6919	1531519341	3600		264.22		  44982864		652.50
6919	1531522823	3482		263.84		  40752072		638.00
-999	1531524023	1200		259.36		         0		-999.00
-999	1531527623	3600		259.36		         0		-999.00
-999	1531531223	3600		262.61		         0		-999.00
-999	1531534823	3600		262.61		         0		-999.00
-999	1531538423	3600		262.61		         0		-999.00
-999	1531542023	3600		262.61		         0		-999.00
-999	1531545623	3600		262.61		         0		-999.00
-999	1531549223	3600		262.61		         0		-999.00
-999	1531552823	3600		262.61		         0		-999.00
-999	1531556423	3600		262.61		         0		-999.00
-999	1531560023	3600		262.61		         0		-999.00
-999	1531563623	3600		259.61		         0		-999.00
-999	1531567223	3600		259.36		         0		-999.00
-999	1531569876	2653		259.36		         0		-999.00
6921	1531571076	1200		265.69		  93985462		687.50
6921	1531574400	3324		265.89		 100652459		686.00
-999	1531575600	1200		262.36		         0		-999.00
-999	1531579200	3600		259.36		         0		-999.00
-999	1531582800	3600		259.36		         0		-999.00
-999	1531586400	3600		259.36		         0		-999.00
-999	1531587067	667		259.36		         0		-999.00
6923	1531588267	1200		265.62		  91728339		683.00
6923	1531591867	3600		265.88		 100480434		686.50
6923	1531595467	3600		265.62		  91758067		682.00
6923	1531599067	3600		265.40		  84428629		678.50
6923	1531602667	3600		265.21		  77844183		671.50
6923	1531606267	3600		265.02		  71541163		671.00
6923	1531609867	3600		264.86		  66320355		667.50
6923	1531613467	3600		264.70		  61062480		667.50
6923	1531617067	3600		264.58		  56882171		664.00
6923	1531620667	3600		264.52		  55029908		664.00
6923	1531621613	946		264.49		  53910700		664.00
-999	1531622813	1200		262.36		         0		-999.00
-999	1531626413	3600		259.36		         0		-999.00
-999	1531630013	3600		259.36		         0		-999.00
-999	1531632178	2165		259.36		         0		-999.00
6924	1531633378	1200		265.47		  86808186		697.00
6924	1531636978	3600		265.73		  95465720		693.50
6924	1531640578	3600		265.48		  87076739		686.50
6924	1531644178	3600		265.27		  80035909		683.50
6924	1531647778	3600		265.05		  72741027		680.00
6924	1531650256	2478		264.91		  68073074		676.00
-999	1531651456	1200		262.36		         0		-999.00
-999	1531655056	3600		259.36		         0		-999.00
-999	1531658656	3600		259.36		         0		-999.00
-999	1531660744	2088		259.36		         0		-999.00
6925	1531661944	1200		265.74		  95253245		705.50
6925	1531665544	3600		265.92		 101227285		698.50
6925	1531666868	1324		265.72		  94722404		697.00
-999	1531668068	1200		262.36		         0		-999.00
-999	1531671668	3600		262.36		         0		-999.00
-999	1531675268	3600		262.36		         0		-999.00
-999	1531678868	3600		262.61		         0		-999.00
-999	1531682468	3600		259.36		         0		-999.00
-999	1531686068	3600		259.36		         0		-999.00
-999	1531686405	337		259.36		         0		-999.00
-999	1531688756	1200		262.61		         0		-999.00
-999	1531692356	3600		259.36		         0		-999.00
-999	1531695956	3600		259.36		         0		-999.00
-999	1531699556	3600		259.36		         0		-999.00
-999	1531700179	623		259.36		         0		-999.00
6929	1531701379	1200		263.77		  38344371		646.00
6929	1531704979	3600		263.83		  40618632		656.50
6929	1531708579	3600		263.69		  35983841		654.50
6929	1531712179	3600		263.67		  35156191		654.00
6929	1531715779	3600		263.57		  31978386		650.50
6929	1531718198	2419		263.46		  28059894		643.50
-999	1531719398	1200		259.61		         0		-999.00
-999	1531722998	3600		259.36		         0		-999.00
-999	1531726598	3600		262.61		         0		-999.00
-999	1531730198	3600		262.61		         0		-999.00
-999	1531733798	3600		259.35		         0		-999.00
-999	1531737398	3600		259.35		         0		-999.00
-999	1531740998	3600		259.35		         0		-999.00
-999	1531744598	3600		259.35		         0		-999.00
-999	1531748198	3600		259.35		         0		-999.00
-999	1531748282	84		259.35		         0		-999.00
6931	1531749482	1200		265.67		  93292489		702.00
6931	1531753082	3600		265.93		 102114551		701.50
6931	1531756682	3600		265.67		  93460409		694.50
6931	1531760282	3600		265.44		  85534948		691.00
6931	1531763882	3600		265.22		  78344524		684.00
6931	1531767482	3600		265.02		  71827174		684.00
6931	1531771082	3600		264.88		  66930985		680.50
6931	1531774682	3600		264.71		  61284479		673.50
6931	1531778282	3600		264.58		  56943285		673.50
6931	1531781882	3600		264.51		  54797263		673.50
6931	1531785482	3600		264.44		  52286045		670.00
6931	1531789082	3600		264.31		  47891729		666.50
6931	1531792682	3600		264.12		  41581236		637.00
6931	1531793312	630		263.87		  41692447		657.50
-999	1531794512	1200		259.36		         0		-999.00
-999	1531798112	3600		259.36		         0		-999.00
-999	1531801712	3600		259.36		         0		-999.00
-999	1531805312	3600		259.28		         0		-999.00
-999	1531808912	3600		259.54		         0		-999.00
-999	1531812512	3600		259.54		         0		-999.00
-999	1531816112	3600		259.29		         0		-999.00
-999	1531819712	3600		259.29		         0		-999.00
-999	1531823312	3600		259.54		         0		-999.00
-999	1531826912	3600		259.54		         0		-999.00
-999	1531830512	3600		259.29		         0		-999.00
-999	1531834112	3600		259.54		         0		-999.00
-999	1531837712	3600		259.54		         0		-999.00
-999	1531841312	3600		262.81		         0		-999.00
-999	1531844912	3600		262.81		         0		-999.00
-999	1531848512	3600		259.54		         0		-999.00
-999	1531852112	3600		262.29		         0		-999.00
-999	1531855712	3600		262.55		         0		-999.00
-999	1531859215	3503		262.30		         0		-999.00
6939	1531860415	1200		263.94		  37643367		654.00
6939	1531864015	3600		264.03		  40823860		660.00
6939	1531867615	3600		263.94		  37507062		651.00
6939	1531871215	3600		263.79		  32660183		645.00
6939	1531871540	325		263.74		  30876480		645.00
-999	1531872740	1200		259.30		         0		-999.00
-999	1531876340	3600		259.30		         0		-999.00
-999	1531879280	2940		259.55		         0		-999.00
6940	1531880480	1200		265.78		  98895208		714.00
6940	1531884080	3600		265.97		 105265320		709.50
6940	1531887680	3600		265.70		  96301687		702.50
6940	1531891280	3600		265.46		  88490617		694.00
6940	1531894880	3600		265.23		  80720311		697.00
6940	1531898480	3600		265.04		  74484171		690.00
6940	1531902080	3600		264.87		  68755923		687.50
6940	1531905306	3226		264.37		  60661352		673.00
-999	1531906506	1200		259.55		         0		-999.00
-999	1531910106	3600		255.94		         0		-999.00
-999	1531913706	3600		255.68		         0		-999.00
-999	1531917306	3600		259.02		         0		-999.00
-999	1531920906	3600		262.29		         0		-999.00
-999	1531924506	3600		262.29		         0		-999.00
-999	1531928106	3600		262.29		         0		-999.00
-999	1531931706	3600		262.55		         0		-999.00
-999	1531935306	3600		259.55		         0		-999.00
-999	1531938906	3600		262.56		         0		-999.00
-999	1531942506	3600		255.98		         0		-999.00
-999	1531946106	3600		262.39		         0		-999.00
-999	1531949706	3600		262.65		         0		-999.00
-999	1531953306	3600		259.40		         0		-999.00
-999	1531956906	3600		259.40		         0		-999.00
-999	1531960506	3600		259.40		         0		-999.00
-999	1531960698	192		259.40		         0		-999.00
6942	1531961898	1200		265.85		  97720150		713.50
6942	1531965498	3600		266.07		 105316307		711.00
6942	1531969098	3600		265.81		  96363533		709.00
6942	1531972698	3600		265.55		  87954888		702.00
6942	1531976298	3600		265.35		  81116135		699.50
6942	1531979898	3600		265.14		  74225489		692.50
6942	1531983498	3600		264.98		  68982011		692.50
6942	1531987098	3600		264.81		  63220916		655.50
6942	1531990698	3600		264.69		  59213665		686.00
6942	1531994298	3600		264.61		  56399942		686.00
6942	1531997898	3600		264.55		  54562647		682.50
6942	1531999158	1260		264.47		  51942487		682.50
-999	1532000358	1200		262.40		         0		-999.00
-999	1532003958	3600		259.05		         0		-999.00
-999	1532007558	3600		262.57		         0		-999.00
-999	1532011158	3600		262.57		         0		-999.00
-999	1532014758	3600		262.57		         0		-999.00
-999	1532018358	3600		259.31		         0		-999.00
-999	1532021958	3600		259.57		         0		-999.00
-999	1532023119	1161		259.57		         0		-999.00
6944	1532024319	1200		265.72		  96339919		719.00
6944	1532027919	3600		265.90		 102351828		719.00
6944	1532030477	2558		265.73		  96765923		711.50
-999	1532031677	1200		262.57		         0		-999.00
-999	1532035277	3600		262.57		         0		-999.00
-999	1532038877	3600		262.57		         0		-999.00
-999	1532042477	3600		259.59		         0		-999.00
-999	1532046077	3600		259.33		         0		-999.00
-999	1532047477	1400		259.59		         0		-999.00
6946	1532048677	1200		265.89		 101375040		730.00
6946	1532051447	2770		266.07		 107558310		719.00
-999	1532052647	1200		262.59		         0		-999.00
-999	1532056247	3600		259.59		         0		-999.00
-999	1532059847	3600		259.58		         0		-999.00
-999	1532063447	3600		259.58		         0		-999.00
-999	1532067047	3600		259.58		         0		-999.00
-999	1532070647	3600		259.58		         0		-999.00
-999	1532074247	3600		259.58		         0		-999.00
-999	1532077847	3600		259.58		         0		-999.00
-999	1532081447	3600		259.06		         0		-999.00
-999	1532085047	3600		259.57		         0		-999.00
-999	1532088647	3600		259.57		         0		-999.00
-999	1532092247	3600		259.57		         0		-999.00
-999	1532094468	2221		259.57		         0		-999.00
6953	1532095668	1200		265.78		  98241304		732.50
6953	1532099268	3600		266.05		 107193560		722.50
6953	1532102868	3600		265.89		  97652469		715.50
6953	1532106468	3600		265.64		  89135068		713.00
6953	1532110068	3600		265.42		  81906942		710.00
6953	1532113668	3600		265.23		  75400743		706.00
6953	1532117268	3600		265.07		  70330386		700.00
6953	1532120868	3600		264.89		  64069880		689.50
6953	1532124468	3600		264.73		  58883161		693.00
6953	1532128068	3600		264.66		  56449598		693.00
6953	1532131668	3600		264.55		  52851055		689.50
6953	1532135268	3600		264.47		  50230555		689.50
6953	1532138868	3600		264.34		  45750732		686.00
6953	1532142468	3600		264.15		  39633136		685.00
6953	1532142902	434		264.20		  41172466		685.00
-999	1532144102	1200		259.38		         0		-999.00
-999	1532147702	3600		259.38		         0		-999.00
-999	1532151302	3600		259.38		         0		-999.00
-999	1532153802	2500		259.38		         0		-999.00
6956	1532155002	1200		265.11		  81870712		726.00
6956	1532158602	3600		266.04		 104301323		671.50
6956	1532162202	3600		265.80		  96330048		715.50
6956	1532165802	3600		265.53		  87302529		718.00
6956	1532169402	3600		265.33		  80612766		714.50
6956	1532173002	3600		265.13		  73885952		673.50
6956	1532176602	3600		264.95		  67897780		703.00
6956	1532180202	3600		264.77		  61934608		703.00
6956	1532183802	3600		264.63		  57130628		667.00
6956	1532187402	3600		264.60		  56032255		700.50
6956	1532191002	3600		264.48		  52165815		664.50
6956	1532193430	2428		264.40		  49422901		696.00
-999	1532194630	1200		259.31		         0		-999.00
-999	1532198230	3600		259.29		         0		-999.00
-999	1532201515	3285		259.25		         0		-999.00
6957	1532202715	1200		265.62		  91698748		738.50
6957	1532206315	3600		265.87		 100183046		732.50
6957	1532209915	3600		265.66		  93149572		729.00
6957	1532213515	3600		265.38		  83977340		722.00
6957	1532217115	3600		265.19		  77571286		718.50
6957	1532220715	3600		265.04		  72346297		702.50
6957	1532224315	3600		264.83		  65653986		712.50
6957	1532225351	1036		264.77		  63618827		712.50
-999	1532226551	1200		262.27		         0		-999.00
-999	1532230151	3600		259.27		         0		-999.00
-999	1532233751	3600		259.27		         0		-999.00
-999	1532236066	2315		259.82		         0		-999.00
6960	1532237266	1200		265.79		  98875421		753.50
6960	1532240866	3600		265.99		 105609406		743.50
6960	1532244466	3600		265.74		  97224553		736.50
6960	1532248066	3600		265.49		  89081079		732.00
6960	1532251666	3600		265.27		  81671729		679.00
6960	1532255266	3600		265.04		  74086077		722.50
6960	1532258866	3600		264.90		  69314334		719.00
6960	1532262466	3600		264.72		  63258306		715.50
6960	1532266066	3600		264.58		  58646106		712.00
6960	1532268937	2871		264.44		  54129714		712.00
-999	1532270137	1200		262.26		         0		-999.00
-999	1532273737	3600		259.22		         0		-999.00
-999	1532277087	3350		259.25		         0		-999.00
6961	1532278287	1200		265.72		  97424487		743.00
6961	1532281887	3600		265.95		 105306276		738.50
6961	1532285487	3600		265.73		  97913452		726.00
6961	1532289087	3600		265.46		  88803703		740.00
6961	1532292687	3600		265.26		  82146006		734.00
6961	1532296287	3600		265.07		  75830160		726.50
6961	1532299887	3600		264.88		  69614851		726.50
6961	1532303487	3600		264.73		  64613564		723.00
6961	1532307087	3600		264.58		  59384407		719.50
6961	1532310687	3600		264.47		  55735133		716.00
6961	1532311766	1079		264.06		  42132829		708.50
-999	1532312966	1200		262.25		         0		-999.00
-999	1532316566	3600		263.82		         0		-999.00
-999	1532320166	3600		267.88		         0		-999.00
-999	1532323766	3600		271.26		         0		-999.00
-999	1532327366	3600		272.13		         0		-999.00
-999	1532330966	3600		272.42		         0		-999.00
-999	1532334566	3600		272.42		         0		-999.00
-999	1532338166	3600		272.42		         0		-999.00
-999	1532341766	3600		272.42		         0		-999.00
-999	1532345366	3600		272.42		         0		-999.00
-999	1532348966	3600		272.60		         0		-999.00
-999	1532352566	3600		273.96		         0		-999.00
-999	1532356166	3600		275.10		         0		-999.00
-999	1532359766	3600		276.22		         0		-999.00
-999	1532363366	3600		276.80		         0		-999.00
-999	1532366966	3600		276.80		         0		-999.00
-999	1532370566	3600		276.80		         0		-999.00
-999	1532374166	3600		277.38		         0		-999.00
-999	1532377766	3600		277.38		         0		-999.00
-999	1532378245	479		277.38		         0		-999.00
6966	1532379445	1200		277.38		         0		 10.50
6966	1532383045	3600		277.38		         0		 10.50
6966	1532384487	1442		277.38		         0		 10.50
-999	1532385687	1200		277.38		         0		-999.00
-999	1532389287	3600		277.38		         0		-999.00
-999	1532392887	3600		277.38		         0		-999.00
-999	1532396487	3600		277.38		         0		-999.00
-999	1532400087	3600		277.38		         0		-999.00
-999	1532403687	3600		277.38		         0		-999.00
-999	1532407287	3600		277.38		         0		-999.00
-999	1532410887	3600		277.38		         0		-999.00
-999	1532414487	3600		277.97		         0		-999.00
-999	1532418087	3600		279.14		         0		-999.00
-999	1532421687	3600		279.96		         0		-999.00
-999	1532425287	3600		280.26		         0		-999.00
-999	1532428887	3600		280.26		         0		-999.00
-999	1532432487	3600		281.45		         0		-999.00
-999	1532436087	3600		282.04		         0		-999.00
-999	1532439687	3600		282.65		         0		-999.00
-999	1532443287	3600		283.23		         0		-999.00
-999	1532446887	3600		283.82		         0		-999.00
-999	1532450487	3600		284.11		         0		-999.00
-999	1532454087	3600		284.40		         0		-999.00
-999	1532457687	3600		284.69		         0		-999.00
-999	1532461287	3600		284.99		         0		-999.00
-999	1532464887	3600		284.99		         0		-999.00
-999	1532468487	3600		284.99		         0		-999.00
-999	1532472087	3600		284.99		         0		-999.00
-999	1532475687	3600		284.99		         0		-999.00
-999	1532479287	3600		284.99		         0		-999.00
-999	1532482887	3600		284.99		         0		-999.00
-999	1532486487	3600		284.99		         0		-999.00
-999	1532490087	3600		284.99		         0		-999.00
-999	1532493687	3600		284.99		         0		-999.00
-999	1532497287	3600		284.99		         0		-999.00
-999	1532500887	3600		284.99		         0		-999.00
-999	1532504487	3600		284.99		         0		-999.00
-999	1532508087	3600		284.99		         0		-999.00
-999	1532511687	3600		284.99		         0		-999.00
-999	1532515287	3600		284.99		         0		-999.00
-999	1532518887	3600		284.99		         0		-999.00
-999	1532522487	3600		284.99		         0		-999.00
-999	1532526087	3600		284.99		         0		-999.00
-999	1532529687	3600		284.99		         0		-999.00
-999	1532533287	3600		284.99		         0		-999.00
-999	1532536887	3600		284.99		         0		-999.00
-999	1532540487	3600		284.99		         0		-999.00
-999	1532544087	3600		284.99		         0		-999.00
-999	1532547687	3600		284.99		         0		-999.00
-999	1532551287	3600		284.99		         0		-999.00
-999	1532554887	3600		284.99		         0		-999.00
-999	1532558487	3600		284.99		         0		-999.00
-999	1532562087	3600		284.99		         0		-999.00
-999	1532565687	3600		284.99		         0		-999.00
-999	1532569287	3600		284.99		         0		-999.00
-999	1532572887	3600		284.99		         0		-999.00
-999	1532576487	3600		284.99		         0		-999.00
-999	1532580087	3600		284.99		         0		-999.00
-999	1532583687	3600		284.99		         0		-999.00
-999	1532587287	3600		284.99		         0		-999.00
-999	1532590887	3600		284.99		         0		-999.00
-999	1532594487	3600		284.99		         0		-999.00
-999	1532598087	3600		284.99		         0		-999.00
-999	1532601687	3600		284.99		         0		-999.00
-999	1532605287	3600		284.99		         0		-999.00
-999	1532608887	3600		284.99		         0		-999.00
-999	1532612487	3600		284.99		         0		-999.00
-999	1532616087	3600		284.99		         0		-999.00
-999	1532619687	3600		284.99		         0		-999.00
-999	1532623287	3600		284.99		         0		-999.00
-999	1532626887	3600		284.99		         0		-999.00
-999	1532630487	3600		284.99		         0		-999.00
-999	1532634087	3600		284.99		         0		-999.00
-999	1532637687	3600		284.99		         0		-999.00
-999	1532641287	3600		284.99		         0		-999.00
-999	1532644887	3600		284.99		         0		-999.00
-999	1532648487	3600		284.99		         0		-999.00
-999	1532652087	3600		284.99		         0		-999.00
-999	1532655687	3600		284.99		         0		-999.00
-999	1532659287	3600		284.99		         0		-999.00
-999	1532662887	3600		284.99		         0		-999.00
-999	1532666487	3600		284.99		         0		-999.00
-999	1532670087	3600		284.99		         0		-999.00
-999	1532673687	3600		284.99		         0		-999.00
-999	1532677287	3600		284.99		         0		-999.00
-999	1532680887	3600		284.99		         0		-999.00
-999	1532684487	3600		284.99		         0		-999.00
-999	1532688087	3600		284.99		         0		-999.00
-999	1532691687	3600		284.99		         0		-999.00
-999	1532695287	3600		284.99		         0		-999.00
-999	1532698887	3600		284.99		         0		-999.00
-999	1532702487	3600		284.99		         0		-999.00
-999	1532706087	3600		284.99		         0		-999.00
-999	1532709687	3600		284.99		         0		-999.00
-999	1532713287	3600		284.99		         0		-999.00
-999	1532716887	3600		284.99		         0		-999.00
-999	1532720487	3600		284.99		         0		-999.00
-999	1532724087	3600		284.99		         0		-999.00
-999	1532727687	3600		284.99		         0		-999.00
-999	1532731287	3600		284.99		         0		-999.00
-999	1532734887	3600		284.99		         0		-999.00
-999	1532738487	3600		284.99		         0		-999.00
-999	1532742087	3600		272.77		         0		-999.00
-999	1532745687	3600		255.87		         0		-999.00
-999	1532749287	3600		262.54		         0		-999.00
-999	1532752887	3600		262.54		         0		-999.00
-999	1532756487	3600		262.54		         0		-999.00
-999	1532760087	3600		262.54		         0		-999.00
-999	1532763687	3600		262.54		         0		-999.00
-999	1532767287	3600		262.54		         0		-999.00
-999	1532770887	3600		262.54		         0		-999.00
-999	1532774487	3600		262.54		         0		-999.00
-999	1532778087	3600		262.54		         0		-999.00
-999	1532781687	3600		262.54		         0		-999.00
-999	1532785287	3600		262.54		         0		-999.00
-999	1532788887	3600		262.54		         0		-999.00
-999	1532792487	3600		262.54		         0		-999.00
-999	1532796087	3600		262.54		         0		-999.00
-999	1532799687	3600		262.54		         0		-999.00
-999	1532803287	3600		262.54		         0		-999.00
-999	1532806887	3600		262.54		         0		-999.00
-999	1532810487	3600		262.54		         0		-999.00
-999	1532814087	3600		262.54		         0		-999.00
-999	1532817687	3600		262.54		         0		-999.00
-999	1532821287	3600		262.54		         0		-999.00
-999	1532824887	3600		262.54		         0		-999.00
-999	1532828487	3600		262.54		         0		-999.00
-999	1532832087	3600		262.54		         0		-999.00
-999	1532835687	3600		262.54		         0		-999.00
-999	1532839287	3600		262.54		         0		-999.00
-999	1532842887	3600		262.54		         0		-999.00
-999	1532846487	3600		262.54		         0		-999.00
-999	1532850087	3600		262.54		         0		-999.00
-999	1532853687	3600		262.54		         0		-999.00
-999	1532857287	3600		262.54		         0		-999.00
-999	1532860887	3600		262.54		         0		-999.00
-999	1532864487	3600		262.54		         0		-999.00
-999	1532868087	3600		262.54		         0		-999.00
-999	1532871687	3600		262.54		         0		-999.00
-999	1532875287	3600		262.54		         0		-999.00
-999	1532878887	3600		262.54		         0		-999.00
-999	1532882487	3600		262.54		         0		-999.00
-999	1532886087	3600		262.54		         0		-999.00
-999	1532889687	3600		262.54		         0		-999.00
-999	1532893287	3600		262.54		         0		-999.00
-999	1532896887	3600		262.54		         0		-999.00
-999	1532900487	3600		262.54		         0		-999.00
-999	1532904087	3600		262.54		         0		-999.00
-999	1532907687	3600		262.54		         0		-999.00
-999	1532911287	3600		259.52		         0		-999.00
-999	1532914887	3600		258.96		         0		-999.00
-999	1532918487	3600		262.56		         0		-999.00
-999	1532922087	3600		262.56		         0		-999.00
-999	1532925687	3600		259.59		         0		-999.00
-999	1532929287	3600		259.59		         0		-999.00
-999	1532932070	2783		259.59		         0		-999.00
6998	1532933270	1200		262.59		     24011		595.00
6998	1532936870	3600		262.59		     26504		605.50
6998	1532940470	3600		259.59		     28126		  9.00
6998	1532940528	58		259.59		         0		  9.00
-999	1532941728	1200		258.94		         0		-999.00
-999	1532945328	3600		259.52		         0		-999.00
-999	1532948928	3600		262.52		         0		-999.00
-999	1532952528	3600		262.52		         0		-999.00
-999	1532956128	3600		262.52		         0		-999.00
-999	1532959728	3600		259.52		         0		-999.00
-999	1532963328	3600		259.52		         0		-999.00
-999	1532966928	3600		259.52		         0		-999.00
-999	1532970528	3600		259.52		         0		-999.00
-999	1532974128	3600		259.52		         0		-999.00
-999	1532977728	3600		259.52		         0		-999.00
-999	1532981328	3600		259.52		         0		-999.00
-999	1532984928	3600		259.52		         0		-999.00
-999	1532988528	3600		259.52		         0		-999.00
-999	1532992128	3600		259.52		         0		-999.00
-999	1532995728	3600		259.52		         0		-999.00
-999	1532996491	763		259.52		         0		-999.00
7003	1532997691	1200		262.52		     60431		594.00
7003	1533001291	3600		262.52		     67091		611.50
7003	1533004891	3600		262.52		     62257		560.50
7003	1533008491	3600		262.52		     57813		609.00
7003	1533012091	3600		262.52		     54335		609.00
7003	1533013801	1710		262.52		     52641		609.50
-999	1533015001	1200		262.52		         0		-999.00
-999	1533018601	3600		262.52		         0		-999.00
-999	1533022201	3600		262.52		         0		-999.00
-999	1533025801	3600		262.52		         0		-999.00
-999	1533029401	3600		262.52		         0		-999.00
-999	1533033001	3600		262.52		         0		-999.00
-999	1533036601	3600		262.52		         0		-999.00
-999	1533040201	3600		262.52		         0		-999.00
-999	1533043801	3600		262.82		         0		-999.00
-999	1533047401	3600		262.70		         0		-999.00
-999	1533051001	3600		262.82		         0		-999.00
-999	1533054601	3600		262.82		         0		-999.00
-999	1533058201	3600		262.82		         0		-999.00
-999	1533061801	3600		262.70		         0		-999.00
-999	1533065401	3600		262.48		         0		-999.00
-999	1533069001	3600		259.48		         0		-999.00
-999	1533072601	3600		259.44		         0		-999.00
-999	1533076201	3600		259.32		         0		-999.00
-999	1533079801	3600		259.55		         0		-999.00
-999	1533083401	3600		259.64		         0		-999.00
-999	1533083517	116		259.64		         0		-999.00
7005	1533084717	1200		263.31		  20747202		630.00
7005	1533088317	3600		263.38		  23018214		626.50
7005	1533091917	3600		263.28		  21347744		623.00
7005	1533095517	3600		263.24		  19889282		623.00
7005	1533099117	3600		263.20		  18629365		623.00
7005	1533102717	3600		263.16		  17324578		623.00
7005	1533106317	3600		263.13		  16344360		621.00
7005	1533109917	3600		263.10		  15247694		621.00
7005	1533113517	3600		263.07		  14469826		621.00
7005	1533117117	3600		263.09		  14917331		621.00
7005	1533118503	1386		259.46		  13232564		 10.00
-999	1533119703	1200		259.44		         0		-999.00
-999	1533123303	3600		259.28		         0		-999.00
-999	1533126903	3600		259.60		         0		-999.00
-999	1533129789	2886		259.70		         0		-999.00
7006	1533130989	1200		265.05		  70360467		673.00
7006	1533134589	3600		265.15		  77760239		671.00
7006	1533138189	3600		264.97		  71810220		663.50
7006	1533141789	3600		264.81		  66304935		660.00
7006	1533143817	2028		264.69		  62274418		660.00
-999	1533145017	1200		262.70		         0		-999.00
-999	1533148617	3600		262.72		         0		-999.00
-999	1533152217	3600		262.61		         0		-999.00
-999	1533155817	3600		262.84		         0		-999.00
-999	1533159417	3600		259.62		         0		-999.00
-999	1533163017	3600		259.62		         0		-999.00
-999	1533166617	3600		259.62		         0		-999.00
-999	1533170217	3600		259.70		         0		-999.00
-999	1533170637	420		259.70		         0		-999.00
7008	1533171837	1200		265.47		  84262984		693.00
7008	1533175437	3600		265.75		  93634769		681.50
7008	1533175459	22		264.60		  55417741		681.50
-999	1533176659	1200		262.75		         0		-999.00
-999	1533180259	3600		262.75		         0		-999.00
-999	1533183859	3600		262.81		         0		-999.00
-999	1533187459	3600		262.81		         0		-999.00
-999	1533191059	3600		262.64		         0		-999.00
-999	1533194659	3600		259.57		         0		-999.00
-999	1533198259	3600		259.66		         0		-999.00
-999	1533201859	3600		259.66		         0		-999.00
-999	1533205459	3600		262.84		         0		-999.00
-999	1533209059	3600		259.51		         0		-999.00
-999	1533212659	3600		259.56		         0		-999.00
-999	1533213404	745		259.67		         0		-999.00
7013	1533214604	1200		265.72		  89043375		700.00
7013	1533218204	3600		265.89		  98298390		688.00
7013	1533221236	3032		265.71		  92424930		683.00
-999	1533222436	1200		262.70		         0		-999.00
-999	1533226036	3600		262.76		         0		-999.00
-999	1533229636	3600		262.80		         0		-999.00
-999	1533233236	3600		262.80		         0		-999.00
-999	1533236836	3600		262.80		         0		-999.00
-999	1533240436	3600		262.80		         0		-999.00
-999	1533244036	3600		262.80		         0		-999.00
-999	1533247636	3600		262.80		         0		-999.00
-999	1533251236	3600		262.80		         0		-999.00
-999	1533254836	3600		262.80		         0		-999.00
-999	1533258436	3600		262.80		         0		-999.00
-999	1533262036	3600		259.47		         0		-999.00
-999	1533265636	3600		259.60		         0		-999.00
-999	1533269236	3600		259.61		         0		-999.00
-999	1533272836	3600		259.20		         0		-999.00
-999	1533274014	1178		259.56		         0		-999.00
7017	1533275214	1200		265.47		  84205749		689.00
7017	1533278814	3600		265.69		  91741625		685.00
7017	1533282414	3600		265.40		  82029927		678.00
7017	1533286014	3600		265.10		  75953148		676.50
7017	1533289614	3600		264.89		  69159515		670.50
7017	1533293214	3600		264.72		  63386254		667.00
7017	1533296814	3600		264.54		  57201640		660.00
7017	1533300414	3600		264.48		  55355090		663.50
7017	1533304014	3600		264.02		  49950508		648.50
7017	1533307614	3600		264.20		  46364991		659.00
7017	1533311214	3600		264.02		  42474779		655.50
7017	1533314814	3600		263.89		  38127551		652.00
7017	1533318414	3600		263.80		  34955432		652.00
7017	1533321179	2765		259.29		  30196295		 10.00
-999	1533322379	1200		259.34		         0		-999.00
-999	1533325979	3600		262.58		         0		-999.00
-999	1533329579	3600		262.64		         0		-999.00
-999	1533333179	3600		262.76		         0		-999.00
-999	1533333399	220		262.58		         0		-999.00
7018	1533334599	1200		265.47		  83855176		693.00
7018	1533338199	3600		265.64		  91701367		692.50
7018	1533341799	3600		265.42		  84427886		689.00
7018	1533345399	3600		265.12		  76400457		685.00
7018	1533348999	3600		264.93		  69997787		680.50
7018	1533352599	3600		264.70		  63965594		677.00
7018	1533356199	3600		264.52		  58082180		673.50
7018	1533359799	3600		264.47		  56450222		671.00
7018	1533363399	3600		264.31		  51133043		671.00
7018	1533366999	3600		264.20		  47429493		667.50
7018	1533370599	3600		264.08		  43362799		667.00
7018	1533374199	3600		263.96		  39333367		663.50
7018	1533377799	3600		263.79		  35572557		660.00
7018	1533381399	3600		263.70		  32753807		656.50
7018	1533383326	1927		263.37		  27555196		651.00
-999	1533384526	1200		259.79		         0		-999.00
-999	1533388126	3600		259.56		         0		-999.00
-999	1533391726	3600		259.62		         0		-999.00
-999	1533395326	3600		259.76		         0		-999.00
-999	1533396613	1287		259.35		         0		-999.00
7020	1533397813	1200		265.66		  88763211		713.50
7020	1533401413	3600		265.87		  95729575		712.00
7020	1533405013	3600		265.66		  92553043		705.50
7020	1533408613	3600		265.39		  83566038		702.00
7020	1533412213	3600		265.20		  77171453		694.50
7020	1533415813	3600		264.95		  71136487		690.50
7020	1533419150	3337		264.76		  64644943		687.00
-999	1533420350	1200		262.41		         0		-999.00
-999	1533423950	3600		262.65		         0		-999.00
-999	1533427550	3600		262.71		         0		-999.00
-999	1533431150	3600		262.77		         0		-999.00
-999	1533434750	3600		259.06		         0		-999.00
-999	1533438350	3600		259.70		         0		-999.00
-999	1533441950	3600		259.67		         0		-999.00
-999	1533444430	2480		259.69		         0		-999.00
7024	1533445630	1200		265.79		  93388053		720.50
7024	1533449230	3600		265.94		 100082425		716.50
7024	1533452830	3600		265.60		  92216388		702.50
7024	1533456430	3600		265.33		  83820597		700.50
7024	1533460030	3600		265.14		  75450236		699.50
7024	1533463630	3600		264.92		  69898320		692.50
7024	1533467230	3600		264.72		  63297437		692.50
7024	1533470830	3600		264.52		  57574690		688.50
7024	1533474430	3600		264.47		  55823299		688.00
7024	1533478030	3600		264.35		  51819680		684.50
7024	1533481630	3600		264.13		  46596418		680.50
7024	1533485230	3600		263.81		  41562799		649.50
7024	1533485867	637		263.36		  26611388		666.00
-999	1533487067	1200		259.70		         0		-999.00
-999	1533490667	3600		259.70		         0		-999.00
-999	1533494267	3600		259.31		         0		-999.00
-999	1533497867	3600		259.14		         0		-999.00
-999	1533501461	3594		259.64		         0		-999.00
7026	1533502661	1200		266.01		  98603282		734.00
7026	1533506261	3600		266.13		 104634646		729.50
7026	1533509861	3600		265.89		  98402517		720.50
7026	1533510947	1086		264.99		  73167281		709.00
-999	1533512147	1200		259.25		         0		-999.00
-999	1533515747	3600		262.67		         0		-999.00
-999	1533519347	3600		262.67		         0		-999.00
-999	1533522947	3600		259.24		         0		-999.00
-999	1533526547	3600		259.29		         0		-999.00
-999	1533530147	3600		259.70		         0		-999.00
-999	1533533747	3600		259.60		         0		-999.00
-999	1533537347	3600		259.70		         0		-999.00
-999	1533539492	2145		259.18		         0		-999.00
7031	1533540692	1200		265.53		  92632570		716.00
7031	1533544292	3600		265.99		 100281374		725.50
7031	1533547892	3600		265.67		  91392826		718.00
7031	1533551492	3600		265.41		  84728054		714.50
7031	1533555092	3600		265.18		  77220712		711.00
7031	1533558692	3600		265.00		  71318388		706.00
7031	1533562292	3600		264.71		  65165971		699.00
7031	1533565892	3600		264.56		  60180209		698.50
7031	1533569492	3600		264.41		  55109253		695.00
7031	1533573092	3600		264.36		  53544040		695.00
7031	1533576692	3600		264.24		  49511139		691.50
7031	1533580292	3600		264.14		  46250953		691.50
7031	1533583892	3600		264.04		  42717125		688.00
7031	1533587492	3600		263.91		  38561692		685.00
7031	1533589647	2155		263.58		  33456994		675.50
-999	1533590847	1200		262.45		         0		-999.00
-999	1533594447	3600		259.32		         0		-999.00
-999	1533598047	3600		259.70		         0		-999.00
-999	1533601647	3600		259.70		         0		-999.00
-999	1533605247	3600		259.59		         0		-999.00
-999	1533605306	59		259.59		         0		-999.00
7033	1533606506	1200		265.04		  76705627		712.00
7033	1533610106	3600		265.44		  84057026		721.50
7033	1533613706	3600		265.27		  78389335		718.00
7033	1533617306	3600		265.10		  72979421		714.50
7033	1533620906	3600		264.86		  66828855		711.00
7033	1533624506	3600		264.73		  62562262		707.50
7033	1533628106	3600		264.54		  58244987		704.00
7033	1533631706	3600		264.44		  54668796		703.50
7033	1533635306	3600		264.36		  52123811		700.00
7033	1533638906	3600		264.20		  51301506		694.00
7033	1533640690	1784		264.02		  43274779		696.50
-999	1533641890	1200		259.19		         0		-999.00
-999	1533645490	3600		259.56		         0		-999.00
-999	1533649090	3600		259.46		         0		-999.00
-999	1533649889	799		259.70		         0		-999.00
7035	1533651089	1200		266.03		  99326377		755.00
7035	1533652277	1188		266.27		 109426370		747.50
-999	1533653477	1200		262.75		         0		-999.00
-999	1533657077	3600		262.36		         0		-999.00
-999	1533660677	3600		262.53		         0		-999.00
-999	1533662881	2204		262.77		         0		-999.00
7036	1533664081	1200		263.91		  37997672		701.00
7036	1533667681	3600		263.89		  41407566		686.00
7036	1533671281	3600		263.89		  37286449		689.50
7036	1533674881	3600		263.80		  34240842		689.50
7036	1533676330	1449		263.48		  27684870		681.00
-999	1533677530	1200		259.71		         0		-999.00
-999	1533681130	3600		259.75		         0		-999.00
-999	1533684730	3600		259.15		         0		-999.00
-999	1533685600	870		259.77		         0		-999.00
7037	1533686800	1200		265.52		  84737484		737.00
7037	1533690400	3600		265.67		  90018543		741.50
7037	1533694000	3600		265.59		  87407567		732.00
7037	1533697600	3600		265.25		  79278329		724.50
7037	1533701200	3600		265.05		  72563319		721.00
7037	1533704800	3600		264.86		  66395384		717.50
7037	1533708400	3600		264.61		  60011602		714.00
7037	1533712000	3600		264.56		  58385651		713.50
7037	1533715600	3600		264.32		  52920297		707.00
7037	1533719200	3600		264.16		  47560070		703.00
7037	1533722800	3600		264.06		  44203880		703.00
7037	1533726400	3600		263.98		  41399469		700.50
7037	1533730000	3600		263.58		  35757951		683.00
7037	1533733600	3600		259.50		  33587844		 11.00
7037	1533734206	606		263.62		  31584869		695.50
-999	1533735406	1200		262.31		         0		-999.00
-999	1533739006	3600		259.03		         0		-999.00
-999	1533742606	3600		259.48		         0		-999.00
-999	1533746206	3600		262.78		         0		-999.00
-999	1533749806	3600		262.78		         0		-999.00
-999	1533753406	3600		262.78		         0		-999.00
-999	1533757006	3600		262.78		         0		-999.00
-999	1533760606	3600		262.78		         0		-999.00
-999	1533764206	3600		262.78		         0		-999.00
-999	1533767806	3600		262.78		         0		-999.00
-999	1533771406	3600		259.60		         0		-999.00
-999	1533775006	3600		259.65		         0		-999.00
-999	1533777409	2403		259.72		         0		-999.00
7039	1533778609	1200		265.96		 106616092		728.00
7039	1533782209	3600		265.76		  97848296		735.50
7039	1533785809	3600		265.77		  94237404		735.50
7039	1533789409	3600		265.45		  85726892		730.50
7039	1533793009	3600		265.20		  79167119		727.00
7039	1533796609	3600		264.97		  71705544		723.50
7039	1533800209	3600		264.79		  65763536		720.00
7039	1533803809	3600		264.31		  61045832		700.00
7039	1533807409	3600		264.55		  57766458		715.00
7039	1533811009	3600		264.40		  52780754		711.50
7039	1533814609	3600		264.29		  49006725		708.00
7039	1533818209	3600		264.02		  43859668		704.50
7039	1533821543	3334		263.85		  38410718		702.00
-999	1533822743	1200		259.20		         0		-999.00
-999	1533826343	3600		258.90		         0		-999.00
-999	1533829943	3600		259.40		         0		-999.00
-999	1533831641	1698		259.72		         0		-999.00
7040	1533832841	1200		265.37		  83129714		746.00
7040	1533836441	3600		265.74		  93239101		746.00
7040	1533840041	3600		265.45		  85545142		737.00
7040	1533843641	3600		265.22		  77917269		730.00
7040	1533847241	3600		264.94		  70804958		729.50
7040	1533850841	3600		264.73		  65232828		722.50
7040	1533854441	3600		264.55		  59270347		719.00
7040	1533858041	3600		264.50		  57824819		719.00
7040	1533861641	3600		264.32		  51663191		715.50
7040	1533865241	3600		264.23		  48599227		715.50
7040	1533868841	3600		264.08		  43830009		708.50
7040	1533869763	922		264.03		  41947004		708.50
-999	1533870963	1200		262.41		         0		-999.00
-999	1533874563	3600		262.48		         0		-999.00
-999	1533878163	3600		262.77		         0		-999.00
-999	1533881763	3600		262.42		         0		-999.00
-999	1533885363	3600		259.56		         0		-999.00
-999	1533888963	3600		259.54		         0		-999.00
-999	1533892563	3600		259.69		         0		-999.00
-999	1533896163	3600		262.84		         0		-999.00
-999	1533899763	3600		262.79		         0		-999.00
-999	1533903363	3600		259.61		         0		-999.00
-999	1533906703	3340		259.73		         0		-999.00
7042	1533907903	1200		265.76		  96209095		748.00
7042	1533911503	3600		265.92		 104158438		747.00
7042	1533915103	3600		265.83		  97238185		751.00
7042	1533918703	3600		265.56		  88328167		746.50
7042	1533922303	3600		265.26		  82182456		733.50
7042	1533925903	3600		265.03		  74432389		732.50
7042	1533929503	3600		264.85		  68504106		732.50
7042	1533933103	3600		264.70		  63459381		729.00
7042	1533936703	3600		264.59		  59730354		729.00
7042	1533940303	3600		264.51		  57065259		725.00
7042	1533943903	3600		264.37		  52456159		723.50
7042	1533947503	3600		264.27		  49215443		720.00
7042	1533951103	3600		264.06		  44205012		716.50
7042	1533953849	2746		263.72		  38495148		704.50
-999	1533955049	1200		259.70		         0		-999.00
-999	1533958649	3600		259.35		         0		-999.00
-999	1533962249	3600		259.70		         0		-999.00
-999	1533965849	3600		259.70		         0		-999.00
-999	1533969449	3600		259.60		         0		-999.00
-999	1533969520	71		259.48		         0		-999.00
7043	1533970720	1200		264.84		  65386768		743.00
7043	1533974320	3600		264.78		  69203429		729.00
7043	1533977920	3600		264.67		  61579150		729.00
7043	1533981520	3600		264.52		  56797188		725.50
7043	1533985120	3600		264.43		  53549209		725.50
7043	1533988720	3600		264.37		  51542563		725.50
7043	1533992320	3600		264.19		  48126020		726.50
7043	1533995920	3600		264.10		  45145020		719.50
7043	1533999520	3600		264.03		  42501965		719.50
7043	1534003120	3600		263.90		  40178104		719.50
7043	1534006720	3600		263.85		  38805353		716.00
7043	1534008923	2203		263.81		  37332375		716.00
-999	1534010123	1200		262.69		         0		-999.00
-999	1534013723	3600		259.58		         0		-999.00
-999	1534017323	3600		259.13		         0		-999.00
-999	1534019096	1773		259.78		         0		-999.00
7045	1534020296	1200		265.78		  95521763		773.50
7045	1534023896	3600		265.94		 104900506		761.50
7045	1534027496	3600		265.82		  96882002		760.50
7045	1534031096	3600		265.58		  88867612		753.50
7045	1534034696	3600		265.27		  80426856		752.00
7045	1534038296	3600		265.02		  74134900		745.00
7045	1534041896	3600		264.81		  67095244		741.50
7045	1534045496	3600		264.65		  61761481		738.00
7045	1534049096	3600		264.50		  56872883		734.50
7045	1534052696	3600		264.45		  55091954		734.50
7045	1534056296	3600		264.30		  50183884		731.00
7045	1534058999	2703		264.12		  46140791		731.00
-999	1534060199	1200		262.62		         0		-999.00
-999	1534063799	3600		262.67		         0		-999.00
-999	1534067399	3600		262.73		         0		-999.00
-999	1534070999	3600		262.79		         0		-999.00
-999	1534074599	3600		259.69		         0		-999.00
-999	1534077152	2553		259.61		         0		-999.00
7047	1534078352	1200		266.04		 102666027		784.50
7047	1534081952	3600		266.34		 113428700		782.00
7047	1534085552	3600		266.05		 103678014		771.50
7047	1534089152	3600		265.72		  94595449		766.50
7047	1534092752	3600		265.45		  87642860		759.50
7047	1534096352	3600		265.21		  79678348		756.00
7047	1534099952	3600		265.04		  73889131		756.00
7047	1534103382	3430		264.86		  67930394		752.50
-999	1534104582	1200		262.48		         0		-999.00
-999	1534108182	3600		262.65		         0		-999.00
-999	1534111782	3600		262.70		         0		-999.00
-999	1534115382	3600		262.70		         0		-999.00
-999	1534118982	3600		262.70		         0		-999.00
-999	1534122582	3600		259.73		         0		-999.00
-999	1534124348	1766		259.73		         0		-999.00
7048	1534125548	1200		266.14		 103822521		790.50
7048	1534129148	3600		266.30		 110978160		782.50
7048	1534132748	3600		265.97		 101920883		776.00
7048	1534136348	3600		265.55		  89989340		769.00
7048	1534137972	1624		265.44		  88192128		762.50
-999	1534139172	1200		262.48		         0		-999.00
-999	1534142772	3600		262.76		         0		-999.00
-999	1534146372	3600		259.12		         0		-999.00
-999	1534149972	3600		259.72		         0		-999.00
-999	1534153572	3600		259.19		         0		-999.00
-999	1534155160	1588		259.70		         0		-999.00
7052	1534156360	1200		265.95		  99496071		792.00
7052	1534159960	3600		266.11		 104939912		784.50
7052	1534163560	3600		265.86		  98380234		777.50
7052	1534167160	3600		265.63		  90672901		773.50
7052	1534170760	3600		265.35		  83505749		768.00
7052	1534174360	3600		265.14		  76353737		764.50
7052	1534177960	3600		264.92		  70161134		761.50
7052	1534181560	3600		264.74		  63923540		754.50
7052	1534185160	3600		264.61		  59752764		758.00
7052	1534188760	3600		264.45		  56496600		747.50
7052	1534192360	3600		264.29		  51015867		747.50
7052	1534195960	3600		264.19		  47795779		744.00
7052	1534199337	3377		264.01		  43723002		739.50
-999	1534200537	1200		262.70		         0		-999.00
-999	1534204137	3600		262.65		         0		-999.00
-999	1534207737	3600		262.30		         0		-999.00
-999	1534210358	2621		262.78		         0		-999.00
7053	1534211558	1200		266.16		 102842738		806.00
7053	1534215158	3600		266.36		 115219142		794.50
7053	1534218758	3600		266.10		 104521121		791.00
7053	1534222358	3600		265.76		  95499065		784.00
7053	1534225958	3600		265.55		  88275465		779.00
7053	1534229558	3600		265.31		  80447444		775.50
7053	1534231837	2279		265.10		  75494590		772.00
-999	1534233037	1200		262.25		         0		-999.00
-999	1534236637	3600		259.70		         0		-999.00
-999	1534240237	3600		259.65		         0		-999.00
-999	1534243220	2983		259.73		         0		-999.00
-999	1534245116	1200		262.69		         0		-999.00
-999	1534248716	3600		259.57		         0		-999.00
-999	1534251884	3168		259.69		         0		-999.00
7055	1534253084	1200		266.25		 106255069		810.50
7055	1534256684	3600		266.44		 114610212		803.00
7055	1534260284	3600		265.66		 106091168		732.00
7055	1534263884	3600		265.73		  97084153		784.50
7055	1534267484	3600		265.53		  88493725		781.50
7055	1534271084	3600		265.33		  81764180		778.00
7055	1534274684	3600		265.06		  74574211		771.00
7055	1534278284	3600		264.83		  68516447		767.50
7055	1534281720	3436		264.65		  62748585		765.50
-999	1534282920	1200		262.71		         0		-999.00
-999	1534286520	3600		259.24		         0		-999.00
-999	1534290120	3600		259.67		         0		-999.00
-999	1534291280	1160		259.53		         0		-999.00
7056	1534292480	1200		266.16		 103126445		817.00
7056	1534296080	3600		266.44		 114220263		806.00
7056	1534299680	3600		266.01		 103530124		798.50
7056	1534303280	3600		265.79		  96384863		791.50
7056	1534306880	3600		265.54		  87852715		791.50
7056	1534310480	3600		265.27		  81163228		783.50
7056	1534314080	3600		265.10		  75198291		780.00
7056	1534317680	3600		264.90		  68649305		775.50
7056	1534321280	3600		264.67		  62953780		772.00
7056	1534324880	3600		264.54		  58739456		775.50
7056	1534328480	3600		264.48		  56824775		768.50
7056	1534332080	3600		264.30		  50683442		765.00
7056	1534335680	3600		264.20		  47443049		761.50
7056	1534339280	3600		264.07		  42949166		758.00
7056	1534342880	3600		263.88		  38817185		758.00
7056	1534346480	3600		263.79		  35798770		754.50
7056	1534350080	3600		263.71		  32897092		754.50
7056	1534353680	3600		263.17		  30805006		694.50
7056	1534357280	3600		263.54		  27893462		746.00
7056	1534360880	3600		263.46		  25182024		752.00
7056	1534364480	3600		263.44		  24528587		748.50
7056	1534368080	3600		263.39		  23014424		745.00
7056	1534371680	3600		263.36		  22006206		745.00
7056	1534375280	3600		263.32		  20776884		745.00
7056	1534378880	3600		263.29		  19650806		744.00
7056	1534382480	3600		263.26		  18573390		744.00
7056	1534386080	3600		263.18		  17693760		740.50
7056	1534387045	965		263.18		  17549815		740.50
-999	1534388245	1200		259.45		         0		-999.00
-999	1534391845	3600		259.16		         0		-999.00
-999	1534395445	3600		259.67		         0		-999.00
-999	1534399045	3600		262.78		         0		-999.00
-999	1534402645	3600		262.49		         0		-999.00
-999	1534406245	3600		262.67		         0		-999.00
-999	1534409845	3600		262.78		         0		-999.00
-999	1534413445	3600		262.78		         0		-999.00
-999	1534417045	3600		262.78		         0		-999.00
-999	1534420645	3600		262.78		         0		-999.00
-999	1534424245	3600		262.84		         0		-999.00
-999	1534427845	3600		262.78		         0		-999.00
-999	1534431445	3600		262.78		         0		-999.00
-999	1534435045	3600		262.88		         0		-999.00
-999	1534438645	3600		262.88		         0		-999.00
-999	1534442245	3600		262.88		         0		-999.00
-999	1534445845	3600		262.77		         0		-999.00
-999	1534449445	3600		262.61		         0		-999.00
-999	1534453045	3600		262.82		         0		-999.00
-999	1534456645	3600		259.39		         0		-999.00
-999	1534460245	3600		259.65		         0		-999.00
-999	1534463845	3600		259.65		         0		-999.00
-999	1534467445	3600		259.65		         0		-999.00
-999	1534471045	3600		259.65		         0		-999.00
-999	1534474645	3600		259.36		         0		-999.00
-999	1534475239	594		259.18		         0		-999.00
7058	1534476439	1200		265.77		  98155114		771.00
7058	1534480039	3600		266.18		 104482879		814.50
7058	1534483639	3600		265.96		 100516522		801.50
7058	1534487239	3600		265.70		  91945600		797.00
7058	1534490839	3600		265.44		  83487950		793.00
7058	1534494439	3600		265.20		  77233723		786.00
7058	1534498039	3600		264.93		  70274425		782.50
7058	1534501639	3600		264.75		  64248570		778.50
7058	1534505239	3600		264.61		  59607027		775.00
7058	1534508839	3600		264.48		  55396768		775.00
7058	1534512439	3600		264.33		  50217736		768.00
7058	1534516039	3600		264.05		  45007707		769.50
7058	1534519639	3600		264.11		  42902783		766.00
7058	1534523239	3600		263.72		  37252486		753.50
7058	1534523411	172		263.65		  33189988		757.00
-999	1534524611	1200		259.26		         0		-999.00
-999	1534528211	3600		259.81		         0		-999.00
-999	1534531811	3600		259.69		         0		-999.00
-999	1534533194	1383		259.72		         0		-999.00
7061	1534534394	1200		266.18		 105295032		828.00
7061	1534537994	3600		266.41		 112781383		819.50
7061	1534541594	3600		266.03		 103906521		814.00
7061	1534545194	3600		265.79		  95982568		807.00
7061	1534548794	3600		265.53		  87310151		802.00
7061	1534552394	3600		265.32		  80227979		795.00
7061	1534555994	3600		265.07		  73843156		794.50
7061	1534559594	3600		264.86		  68960810		791.00
7061	1534563194	3600		264.62		  62897810		782.00
7061	1534566794	3600		264.55		  58556798		785.50
7061	1534570394	3600		264.43		  54611353		782.00
7061	1534573994	3600		264.31		  50349218		778.50
7061	1534577594	3600		264.17		  45793862		775.00
7061	1534581194	3600		263.80		  39220933		764.50
7061	1534584283	3089		259.50		  37547237		 10.00
-999	1534585483	1200		259.21		         0		-999.00
-999	1534589083	3600		259.62		         0		-999.00
-999	1534592683	3600		259.62		         0		-999.00
-999	1534593033	350		259.67		         0		-999.00
7063	1534594233	1200		265.91		 101070833		827.00
7063	1534597833	3600		266.25		 108422429		827.00
7063	1534601433	3600		265.80		 100879877		808.50
7063	1534605033	3600		265.67		  91061909		812.00
7063	1534608633	3600		265.39		  83639895		809.00
7063	1534612233	3600		265.19		  76950723		802.00
7063	1534615833	3600		264.98		  70019626		798.00
7063	1534619433	3600		264.76		  64673269		796.50
7063	1534623033	3600		264.60		  59284908		793.00
7063	1534626633	3600		264.41		  54744000		789.50
7063	1534630233	3600		264.29		  50576044		786.00
7063	1534633006	2773		264.18		  47108972		782.50
-999	1534634206	1200		262.35		         0		-999.00
-999	1534637806	3600		259.59		         0		-999.00
-999	1534641406	3600		259.60		         0		-999.00
-999	1534645006	3600		262.73		         0		-999.00
-999	1534648606	3600		262.73		         0		-999.00
-999	1534652206	3600		259.41		         0		-999.00
-999	1534655806	3600		259.14		         0		-999.00
-999	1534657022	1216		259.77		         0		-999.00
7065	1534658222	1200		265.87		 101516298		820.50
7065	1534661822	3600		266.41		 111942141		834.00
7065	1534665422	3600		266.04		 103326159		826.00
7065	1534669022	3600		265.76		  93893923		822.50
7065	1534672622	3600		265.53		  86361098		815.00
7065	1534676222	3600		265.24		  78635458		811.00
7065	1534679822	3600		265.06		  72632933		807.00
7065	1534683422	3600		264.82		  66618564		803.50
7065	1534687022	3600		264.66		  61226448		799.50
7065	1534690622	3600		264.55		  57658398		796.00
7065	1534694222	3600		264.38		  52152611		792.50
7065	1534697822	3600		264.25		  47759873		792.50
7065	1534701422	3600		264.09		  44874040		786.50
7065	1534703871	2449		263.83		  38310241		779.00
-999	1534705071	1200		259.82		         0		-999.00
-999	1534708671	3600		259.47		         0		-999.00
-999	1534712271	3600		259.71		         0		-999.00
-999	1534715871	3600		259.71		         0		-999.00
-999	1534719471	3600		259.17		         0		-999.00
-999	1534721378	1907		259.62		         0		-999.00
7069	1534722578	1200		265.82		  94686492		840.00
7069	1534726178	3600		266.07		 103278471		834.00
7069	1534729778	3600		265.78		  95531071		826.00
7069	1534733378	3600		265.55		  87668289		822.50
7069	1534736978	3600		265.33		  80509824		818.50
7069	1534740578	3600		265.05		  73294806		811.50
7069	1534744178	3600		264.87		  67331314		807.00
7069	1534747778	3600		264.70		  61362208		807.00
7069	1534751378	3600		264.59		  57772913		803.50
7069	1534754978	3600		264.42		  54092974		796.50
7069	1534758578	3600		264.27		  49153600		796.50
7069	1534762178	3600		264.08		  44759623		793.00
7069	1534765778	3600		263.91		  39223103		789.50
7069	1534769062	3284		263.63		  34100706		776.00
-999	1534770262	1200		259.19		         0		-999.00
-999	1534773862	3600		262.62		         0		-999.00
-999	1534777462	3600		262.38		         0		-999.00
-999	1534781062	3600		262.50		         0		-999.00
-999	1534784662	3600		259.08		         0		-999.00
-999	1534788262	3600		259.57		         0		-999.00
-999	1534791862	3600		262.86		         0		-999.00
-999	1534795462	3600		262.80		         0		-999.00
-999	1534799062	3600		262.75		         0		-999.00
-999	1534802662	3600		262.80		         0		-999.00
-999	1534806262	3600		262.80		         0		-999.00
-999	1534809862	3600		262.80		         0		-999.00
-999	1534813462	3600		262.80		         0		-999.00
-999	1534817062	3600		262.80		         0		-999.00
-999	1534820662	3600		262.86		         0		-999.00
-999	1534824262	3600		262.86		         0		-999.00
-999	1534827862	3600		262.90		         0		-999.00
-999	1534831462	3600		262.67		         0		-999.00
-999	1534835062	3600		262.27		         0		-999.00
-999	1534838662	3600		262.69		         0		-999.00
-999	1534842262	3600		262.69		         0		-999.00
-999	1534845862	3600		262.52		         0		-999.00
-999	1534849462	3600		262.69		         0		-999.00
-999	1534853062	3600		262.54		         0		-999.00
-999	1534856662	3600		262.53		         0		-999.00
-999	1534860262	3600		262.78		         0		-999.00
-999	1534863862	3600		262.90		         0		-999.00
-999	1534867462	3600		262.78		         0		-999.00
-999	1534871062	3600		262.78		         0		-999.00
-999	1534874662	3600		262.78		         0		-999.00
-999	1534878262	3600		262.78		         0		-999.00
-999	1534881862	3600		262.44		         0		-999.00
-999	1534885462	3600		262.90		         0		-999.00
-999	1534889062	3600		262.90		         0		-999.00
-999	1534892662	3600		262.90		         0		-999.00
-999	1534896262	3600		262.90		         0		-999.00
-999	1534899862	3600		262.90		         0		-999.00
-999	1534903462	3600		262.90		         0		-999.00
-999	1534907062	3600		262.90		         0		-999.00
-999	1534910662	3600		262.90		         0		-999.00
-999	1534914262	3600		262.78		         0		-999.00
-999	1534917862	3600		262.90		         0		-999.00
-999	1534921462	3600		262.78		         0		-999.00
-999	1534925062	3600		262.66		         0		-999.00
-999	1534928662	3600		262.44		         0		-999.00
-999	1534932262	3600		262.55		         0		-999.00
-999	1534935862	3600		262.91		         0		-999.00
-999	1534939462	3600		262.79		         0		-999.00
-999	1534943062	3600		262.84		         0		-999.00
-999	1534946662	3600		262.62		         0		-999.00
-999	1534950262	3600		259.59		         0		-999.00
-999	1534953862	3600		259.65		         0		-999.00
-999	1534957462	3600		259.66		         0		-999.00
-999	1534961062	3600		259.61		         0		-999.00
-999	1534964662	3600		259.33		         0		-999.00
-999	1534968262	3600		259.44		         0		-999.00
-999	1534971862	3600		259.70		         0		-999.00
-999	1534975462	3600		259.60		         0		-999.00
-999	1534979062	3600		259.60		         0		-999.00
-999	1534982662	3600		259.60		         0		-999.00
-999	1534986262	3600		259.60		         0		-999.00
-999	1534989862	3600		259.70		         0		-999.00
-999	1534993462	3600		259.70		         0		-999.00
-999	1534997062	3600		259.70		         0		-999.00
-999	1535000662	3600		259.60		         0		-999.00
-999	1535004262	3600		259.48		         0		-999.00
-999	1535007862	3600		259.62		         0		-999.00
-999	1535011462	3600		259.35		         0		-999.00
-999	1535015062	3600		259.59		         0		-999.00
-999	1535018662	3600		259.59		         0		-999.00
-999	1535022262	3600		259.60		         0		-999.00
-999	1535023071	809		259.72		         0		-999.00
7078	1535024271	1200		265.84		  93659153		832.50
7078	1535027871	3600		265.99		 101069750		829.50
7078	1535030682	2811		265.78		  93996222		822.50
-999	1535031882	1200		262.31		         0		-999.00
-999	1535035482	3600		262.82		         0		-999.00
-999	1535039082	3600		262.94		         0		-999.00
-999	1535042682	3600		262.88		         0		-999.00
-999	1535046282	3600		259.34		         0		-999.00
-999	1535049882	3600		259.70		         0		-999.00
-999	1535051403	1521		259.47		         0		-999.00
7080	1535052603	1200		266.17		 104014516		846.50
7080	1535056203	3600		266.38		 110997222		839.50
7080	1535059803	3600		266.01		 102355621		829.50
7080	1535063403	3600		265.75		  93638420		826.00
7080	1535067003	3600		265.50		  85213910		822.00
7080	1535070603	3600		265.28		  79843202		815.00
7080	1535074203	3600		265.07		  72865742		811.50
7080	1535077803	3600		264.85		  67670216		807.00
7080	1535081403	3600		264.68		  61932111		803.50
7080	1535085003	3600		264.51		  56465511		799.50
7080	1535088603	3600		264.48		  55278571		799.50
7080	1535092203	3600		264.35		  50909066		796.00
7080	1535095803	3600		264.09		  46328799		792.50
7080	1535095826	23		264.00		  43447080		792.50
-999	1535097026	1200		262.36		         0		-999.00
-999	1535100626	3600		262.65		         0		-999.00
-999	1535104226	3600		259.34		         0		-999.00
-999	1535107826	3600		259.66		         0		-999.00
-999	1535111280	3454		259.67		         0		-999.00
7083	1535112480	1200		265.80		  94128772		840.50
7083	1535116080	3600		265.97		  99811449		837.50
7083	1535119680	3600		265.63		  92620554		829.50
7083	1535123280	3600		265.39		  84589002		826.00
7083	1535126880	3600		265.19		  77969899		821.50
7083	1535130480	3600		264.98		  71174936		814.00
7083	1535134080	3600		264.81		  65519565		816.00
7083	1535137680	3600		264.59		  59677891		809.00
7083	1535141280	3600		264.42		  54164005		808.50
7083	1535144880	3600		264.31		  50384878		801.00
7083	1535148480	3600		264.12		  46076249		797.50
7083	1535152080	3600		264.00		  42224248		794.00
7083	1535152634	554		263.94		  40289721		794.00
-999	1535153834	1200		262.62		         0		-999.00
-999	1535157434	3600		262.73		         0		-999.00
-999	1535161034	3600		262.73		         0		-999.00
-999	1535164634	3600		262.78		         0		-999.00
-999	1535168234	3600		262.84		         0		-999.00
-999	1535171834	3600		262.84		         0		-999.00
-999	1535175434	3600		262.73		         0		-999.00
-999	1535179034	3600		262.84		         0		-999.00
-999	1535182634	3600		262.30		         0		-999.00
-999	1535186234	3600		262.70		         0		-999.00
-999	1535189834	3600		262.70		         0		-999.00
-999	1535191851	2017		262.20		         0		-999.00
7087	1535193051	1200		266.07		 100360334		860.00
7087	1535196651	3600		266.22		 109281591		848.00
7087	1535200251	3600		265.99		 101558563		845.00
7087	1535203851	3600		265.73		  92896209		837.50
7087	1535207451	3600		265.36		  84745535		831.50
7087	1535211051	3600		265.14		  77258265		828.50
7087	1535214651	3600		264.95		  71088296		821.00
7087	1535218251	3600		264.76		  64625235		817.00
7087	1535221851	3600		264.57		  58355048		813.50
7087	1535225451	3600		264.50		  55986678		811.50
7087	1535229051	3600		264.35		  50986995		808.00
7087	1535232651	3600		264.17		  46910664		804.50
7087	1535236251	3600		263.95		  41633548		801.00
7087	1535238176	1925		263.66		  35470451		792.00
-999	1535239376	1200		259.50		         0		-999.00
-999	1535242976	3600		259.76		         0		-999.00
-999	1535246576	3600		259.79		         0		-999.00
-999	1535246754	178		259.62		         0		-999.00
7088	1535247954	1200		266.04		  97850644		867.00
7088	1535251462	3508		266.15		 111229699		841.00
-999	1535252662	1200		262.29		         0		-999.00
-999	1535256262	3600		259.63		         0		-999.00
-999	1535259862	3600		259.67		         0		-999.00
-999	1535263462	3600		259.67		         0		-999.00
-999	1535267062	3600		259.31		         0		-999.00
-999	1535267678	616		259.67		         0		-999.00
7090	1535268878	1200		266.07		 102816013		868.00
7090	1535272478	3600		266.30		 110337466		862.50
7090	1535276078	3600		266.00		 100602781		857.50
7090	1535279678	3600		265.80		  93682149		856.50
7090	1535283278	3600		265.55		  85531615		842.50
7090	1535286878	3600		265.27		  78051084		841.50
7090	1535290478	3600		265.02		  71870075		834.50
7090	1535294078	3600		264.86		  66464062		831.50
7090	1535297678	3600		264.67		  60286145		826.50
7090	1535301278	3600		264.55		  56240979		826.50
7090	1535304878	3600		264.46		  53132593		823.00
7090	1535308478	3600		264.12		  49396689		806.50
7090	1535312078	3600		264.01		  41932749		814.00
7090	1535313102	1024		264.03		  42456448		814.00
-999	1535314302	1200		259.51		         0		-999.00
-999	1535317902	3600		259.35		         0		-999.00
-999	1535321348	3446		259.70		         0		-999.00
7091	1535322548	1200		266.10		 100380893		877.00
7091	1535326148	3600		266.27		 108257952		869.50
7091	1535329748	3600		265.98		 100309025		861.50
7091	1535333348	3600		265.72		  91606811		854.50
7091	1535336948	3600		265.45		  84498371		851.50
7091	1535340548	3600		265.25		  77788562		849.00
7091	1535344148	3600		265.06		  71433770		842.00
7091	1535347748	3600		264.83		  65786283		838.00
7091	1535351348	3600		264.46		  59344174		817.00
7091	1535354948	3600		264.53		  55916593		831.00
7091	1535358548	3600		264.38		  52771196		827.50
7091	1535362148	3600		264.26		  47410145		826.50
7091	1535365748	3600		264.12		  44827003		822.50
7091	1535368639	2891		263.92		  38166139		817.00
-999	1535369839	1200		259.52		         0		-999.00
-999	1535373439	3600		262.56		         0		-999.00
-999	1535377039	3600		259.62		         0		-999.00
-999	1535380639	3600		259.67		         0		-999.00
-999	1535384239	3600		259.36		         0		-999.00
-999	1535385389	1150		259.79		         0		-999.00
7092	1535386589	1200		265.90		  97363075		873.00
7092	1535390189	3600		266.08		 103553081		867.50
7092	1535393789	3600		265.77		  95374536		862.50
7092	1535395985	2196		265.61		  90057700		859.00
-999	1535397185	1200		262.24		         0		-999.00
-999	1535400785	3600		262.65		         0		-999.00
-999	1535404385	3600		259.27		         0		-999.00
-999	1535407985	3600		259.62		         0		-999.00
-999	1535410972	2987		259.64		         0		-999.00
7095	1535412172	1200		265.89		  98490597		870.00
7095	1535415772	3600		266.08		 104572621		871.00
7095	1535419372	3600		265.84		  96723168		865.50
7095	1535422972	3600		265.52		  88123844		859.00
7095	1535426572	3600		265.33		  81764507		855.50
7095	1535430172	3600		265.12		  74658230		847.50
7095	1535431917	1745		265.01		  70845042		847.50
-999	1535433117	1200		262.62		         0		-999.00
-999	1535436717	3600		262.27		         0		-999.00
-999	1535440317	3600		262.62		         0		-999.00
-999	1535443917	3600		259.01		         0		-999.00
-999	1535447517	3600		259.56		         0		-999.00
-999	1535451117	3600		259.67		         0		-999.00
-999	1535454717	3600		259.61		         0		-999.00
-999	1535456340	1623		259.78		         0		-999.00
7097	1535457540	1200		266.02		 100276432		888.50
7097	1535461140	3600		266.12		 105691389		877.50
7097	1535464740	3600		265.90		  98366958		870.50
7097	1535468340	3600		265.64		  89987004		865.50
7097	1535471940	3600		265.34		  81972050		857.00
7097	1535475540	3600		265.15		  75505523		853.50
7097	1535479140	3600		264.88		  68604880		846.00
7097	1535482740	3600		264.67		  63197261		843.50
7097	1535486340	3600		264.49		  57496522		836.00
7097	1535489940	3600		264.43		  55428690		836.00
7097	1535493540	3600		264.25		  49409495		828.50
7097	1535497140	3600		264.17		  46733254		828.50
7097	1535500740	3600		264.03		  41909960		828.50
7097	1535504340	3600		263.91		  37950923		825.00
7097	1535505368	1028		263.55		  29863672		816.00
-999	1535506568	1200		259.15		         0		-999.00
-999	1535510168	3600		259.80		         0		-999.00
-999	1535512996	2828		259.14		         0		-999.00
7098	1535514196	1200		265.98		 100512861		887.00
7098	1535517796	3600		266.23		 108966544		884.00
7098	1535521396	3600		265.98		 100568124		874.50
7098	1535524996	3600		265.72		  91907843		871.00
7098	1535528596	3600		265.43		  84314237		867.50
7098	1535532089	3493		265.16		  77186502		857.50
-999	1535533289	1200		262.15		         0		-999.00
-999	1535536889	3600		262.32		         0		-999.00
-999	1535540489	3600		262.76		         0		-999.00
-999	1535544089	3600		262.79		         0		-999.00
-999	1535544488	399		262.79		         0		-999.00
7099	1535545688	1200		265.84		  97400239		883.00
7099	1535549288	3600		266.09		 105367569		883.50
7099	1535551174	1886		265.87		  98081970		883.00
-999	1535552374	1200		262.67		         0		-999.00
-999	1535555974	3600		262.56		         0		-999.00
-999	1535559574	3600		262.79		         0		-999.00
-999	1535563174	3600		262.79		         0		-999.00
-999	1535566774	3600		259.72		         0		-999.00
-999	1535570374	3600		259.45		         0		-999.00
-999	1535570740	366		259.50		         0		-999.00
7101	1535571940	1200		266.30		 106099767		905.00
7101	1535575540	3600		266.39		 112898017		894.00
7101	1535579140	3600		266.02		 102636285		883.00
7101	1535580041	901		265.90		  98810757		883.00
-999	1535581241	1200		262.48		         0		-999.00
-999	1535584841	3600		262.76		         0		-999.00
-999	1535588441	3600		262.82		         0		-999.00
-999	1535592041	3600		262.82		         0		-999.00
-999	1535595641	3600		262.82		         0		-999.00
-999	1535599241	3600		262.76		         0		-999.00
-999	1535602841	3600		262.82		         0		-999.00
-999	1535606441	3600		262.82		         0		-999.00
-999	1535610041	3600		262.64		         0		-999.00
-999	1535613641	3600		262.64		         0		-999.00
-999	1535614998	1357		262.66		         0		-999.00
7105	1535616198	1200		266.08		 102583243		898.50
7105	1535619798	3600		266.27		 109034938		888.50
7105	1535623398	3600		265.95		 100382523		883.50
7105	1535626998	3600		265.68		  91347582		876.00
7105	1535630598	3600		265.42		  84606000		870.00
7105	1535634198	3600		265.20		  77373158		866.00
7105	1535637798	3600		264.95		  71147222		861.00
7105	1535641398	3600		264.80		  66065984		856.50
7105	1535644998	3600		264.54		  58945252		853.50
7105	1535648598	3600		264.43		  55223575		853.50
7105	1535652198	3600		264.33		  51996820		846.50
7105	1535655798	3600		264.18		  46975187		843.00
7105	1535659398	3600		264.09		  44117936		842.50
7105	1535662998	3600		263.82		  38922226		827.50
7105	1535663769	771		263.79		  38018086		834.50
-999	1535664969	1200		259.77		         0		-999.00
-999	1535668569	3600		259.75		         0		-999.00
-999	1535672169	3600		262.76		         0		-999.00
-999	1535675769	3600		259.35		         0		-999.00
-999	1535679369	3600		259.28		         0		-999.00
-999	1535680532	1163		259.69		         0		-999.00
7108	1535681732	1200		266.16		 104271844		907.00
7108	1535685332	3600		266.24		 110590116		894.00
7108	1535688932	3600		265.97		 101643751		890.50
7108	1535692532	3600		265.73		  93565592		884.00
7108	1535696132	3600		265.48		  85160272		880.50
7108	1535699732	3600		265.29		  78704038		873.00
7108	1535703332	3600		264.97		  72039103		866.00
7108	1535706932	3600		264.81		  66773102		866.00
7108	1535710532	3600		264.64		  61081405		862.50
7108	1535714132	3600		264.36		  55837750		825.00
7108	1535717732	3600		264.40		  53135413		855.00
7108	1535721332	3600		264.32		  50344521		852.50
7108	1535724932	3600		263.93		  43229726		839.00
7108	1535725313	381		263.79		  36987615		842.50
-999	1535726513	1200		259.21		         0		-999.00
-999	1535730113	3600		259.77		         0		-999.00
-999	1535733713	3600		259.50		         0		-999.00
-999	1535733821	108		259.38		         0		-999.00
-999	1535735942	1200		262.73		         0		-999.00
-999	1535739542	3600		259.53		         0		-999.00
-999	1535742103	2561		259.81		         0		-999.00
7110	1535743303	1200		265.92		  99984359		902.00
7110	1535746903	3600		266.11		 106225683		898.00
7110	1535750503	3600		265.84		  97237660		896.00
7110	1535754103	3600		265.64		  90584496		889.00
7110	1535757703	3600		265.44		  83735105		885.50
7110	1535761303	3600		265.22		  76591289		880.00
7110	1535764903	3600		264.93		  70854209		873.00
7110	1535768503	3600		264.77		  65520933		869.50
7110	1535772103	3600		264.60		  59781277		866.00
7110	1535775703	3600		264.47		  55629341		865.50
7110	1535779303	3600		264.40		  53298045		861.50
7110	1535782903	3600		264.04		  48875110		845.00
7110	1535783443	540		264.08		  46361054		848.50
-999	1535784643	1200		259.09		         0		-999.00
-999	1535788243	3600		259.70		         0		-999.00
-999	1535791843	3600		259.24		         0		-999.00
-999	1535792877	1034		259.82		         0		-999.00
-999	1535795063	1200		262.73		         0		-999.00
-999	1535798663	3600		262.73		         0		-999.00
-999	1535802263	3600		262.73		         0		-999.00
-999	1535805863	3600		262.73		         0		-999.00
-999	1535809463	3600		262.78		         0		-999.00
-999	1535813063	3600		262.73		         0		-999.00
-999	1535816663	3600		262.73		         0		-999.00
-999	1535820263	3600		262.73		         0		-999.00
-999	1535823863	3600		259.50		         0		-999.00
-999	1535826450	2587		259.53		         0		-999.00
-999	1535828222	1200		262.44		         0		-999.00
-999	1535831822	3600		262.79		         0		-999.00
-999	1535835422	3600		262.79		         0		-999.00
-999	1535839022	3600		262.79		         0		-999.00
-999	1535842622	3600		259.77		         0		-999.00
-999	1535846222	3600		259.61		         0		-999.00
-999	1535848779	2557		259.75		         0		-999.00
7117	1535849979	1200		266.21		 105720038		920.50
7117	1535853579	3600		266.39		 111723139		909.50
7117	1535857179	3600		266.02		 103293585		901.50
7117	1535860779	3600		265.76		  94479970		897.00
7117	1535864379	3600		265.50		  85955859		890.00
7117	1535864581	202		265.69		  92169349		886.50
-999	1535865781	1200		262.66		         0		-999.00
-999	1535869381	3600		262.72		         0		-999.00
-999	1535872981	3600		262.72		         0		-999.00
-999	1535876581	3600		259.02		         0		-999.00
-999	1535880181	3600		259.60		         0		-999.00
-999	1535880182	1		259.60		         0		-999.00
7118	1535881382	1200		266.30		 108335507		929.50
7118	1535884982	3600		266.53		 118017767		916.50
7118	1535888582	3600		266.22		 107564161		910.50
7118	1535892182	3600		265.78		  98675188		888.50
7118	1535895782	3600		265.51		  89601970		891.00
7118	1535899382	3600		265.36		  82631389		887.50
7118	1535902982	3600		265.14		  75375870		884.50
7118	1535904414	1432		264.47		  62493214		863.50
-999	1535905614	1200		259.77		         0		-999.00
-999	1535909214	3600		262.71		         0		-999.00
-999	1535912814	3600		259.18		         0		-999.00
-999	1535916414	3600		259.70		         0		-999.00
-999	1535917171	757		259.82		         0		-999.00
7120	1535918371	1200		266.25		 108391929		928.00
7120	1535921971	3600		266.46		 115211701		921.50
7120	1535925571	3600		266.13		 105910480		911.00
7120	1535929171	3600		265.75		  95454420		905.00
7120	1535932771	3600		265.55		  88572679		901.50
7120	1535936371	3600		265.00		  77036653		879.00
7120	1535936549	178		265.47		  92644692		879.00
-999	1535937749	1200		259.78		         0		-999.00
-999	1535941349	3600		259.72		         0		-999.00
-999	1535944949	3600		259.17		         0		-999.00
-999	1535948549	3600		259.69		         0		-999.00
-999	1535949364	815		259.69		         0		-999.00
7122	1535950564	1200		266.09		 101016794		937.00
7122	1535954164	3600		266.41		 113872882		922.50
7122	1535957764	3600		266.02		 102692974		913.00
7122	1535961364	3600		265.77		  94398947		909.50
7122	1535964964	3600		265.49		  85060169		901.50
7122	1535968564	3600		265.20		  77293353		894.00
7122	1535972164	3600		265.02		  71173949		890.50
7122	1535972423	259		264.91		  67822722		890.50
-999	1535973623	1200		262.50		         0		-999.00
-999	1535977223	3600		262.56		         0		-999.00
-999	1535980823	3600		259.01		         0		-999.00
-999	1535984423	3600		259.70		         0		-999.00
-999	1535985541	1118		259.69		         0		-999.00
7123	1535986741	1200		266.19		 104791822		931.50
7123	1535990341	3600		266.32		 111059123		925.50
7123	1535993941	3600		266.03		 103151642		918.50
7123	1535997541	3600		265.75		  93787647		915.00
7123	1536001141	3600		265.54		  86783917		907.00
7123	1536004741	3600		265.32		  79483858		903.50
7123	1536008341	3600		265.07		  73028987		896.50
7123	1536011941	3600		264.85		  67807374		892.50
7123	1536015541	3600		264.69		  62277742		889.00
7123	1536019141	3600		264.55		  57653325		882.00
7123	1536022741	3600		264.39		  52338700		877.50
7123	1536026309	3568		264.02		  47434015		864.00
-999	1536027509	1200		262.62		         0		-999.00
-999	1536031109	3600		259.38		         0		-999.00
-999	1536033290	2181		259.77		         0		-999.00
7124	1536034490	1200		266.38		 107714611		951.00
7124	1536038090	3600		266.42		 113308944		937.50
7124	1536041690	3600		266.16		 104646789		929.00
7124	1536045290	3600		265.76		  94792110		922.00
7124	1536048890	3600		265.53		  87048624		912.50
7124	1536052490	3600		265.29		  79258987		909.00
7124	1536056090	3600		265.11		  73017008		902.00
7124	1536059690	3600		264.79		  66566579		891.50
7124	1536063290	3600		264.63		  61089379		895.00
7124	1536066890	3600		264.56		  58950321		896.50
7124	1536070490	3600		264.43		  54547775		889.50
7124	1536074090	3600		264.33		  51166546		882.50
7124	1536077690	3600		263.95		  42451511		871.00
7124	1536078019	329		263.69		  33816482		871.00
-999	1536079219	1200		259.32		         0		-999.00
-999	1536082819	3600		259.61		         0		-999.00
-999	1536085704	2885		259.70		         0		-999.00
7125	1536086904	1200		266.04		 101036560		947.50
7125	1536090504	3600		266.21		 106628876		933.50
7125	1536094104	3600		265.90		  97835547		927.00
7125	1536097704	3600		265.64		  91173191		920.00
7125	1536101304	3600		265.40		  83373232		916.00
7125	1536104904	3600		265.22		  77275163		912.50
7125	1536108504	3600		265.02		  70748381		908.00
7125	1536112104	3600		264.81		  65811365		904.50
7125	1536115704	3600		264.65		  60338535		900.00
7125	1536119304	3600		264.46		  55984373		900.00
7125	1536121786	2482		264.41		  54486005		893.00
-999	1536122986	1200		259.18		         0		-999.00
-999	1536126586	3600		262.72		         0		-999.00
-999	1536130186	3600		262.33		         0		-999.00
-999	1536133786	3600		262.82		         0		-999.00
-999	1536137386	3600		262.78		         0		-999.00
-999	1536140986	3600		262.57		         0		-999.00
-999	1536141634	648		262.75		         0		-999.00
7127	1536142834	1200		266.16		 103607154		952.00
7127	1536146434	3600		266.33		 109223212		948.50
7127	1536150034	3600		266.00		 102412103		932.50
7127	1536153634	3600		265.72		  93016752		927.00
7127	1536157234	3600		265.50		  85884990		923.50
7127	1536160834	3600		265.27		  78097126		918.50
7127	1536164434	3600		265.09		  72131492		911.50
7127	1536168034	3600		264.84		  65720799		910.00
7127	1536171634	3600		264.62		  60596766		902.00
7127	1536175234	3600		264.30		  57360128		879.50
7127	1536178834	3600		264.34		  51574550		896.50
7127	1536182434	3600		264.12		  48219082		886.00
7127	1536185562	3128		263.82		  41910272		876.00
-999	1536186762	1200		262.67		         0		-999.00
-999	1536190362	3600		259.50		         0		-999.00
-999	1536192661	2299		259.76		         0		-999.00
7128	1536193861	1200		266.11		 102362223		954.00
7128	1536197461	3600		266.30		 108742447		948.50
7128	1536201061	3600		265.89		  98847799		940.00
7128	1536204661	3600		265.66		  91270470		933.00
7128	1536208261	3600		265.40		  82449395		926.50
7128	1536211861	3600		265.22		  76633794		923.00
7128	1536215461	3600		265.01		  69631261		916.00
7128	1536216485	1024		264.85		  66179802		915.50
-999	1536217685	1200		262.44		         0		-999.00
-999	1536221285	3600		259.65		         0		-999.00
-999	1536224885	3600		259.52		         0		-999.00
-999	1536228485	3600		259.69		         0		-999.00
-999	1536232085	3600		259.11		         0		-999.00
-999	1536234138	2053		259.55		         0		-999.00
7131	1536235338	1200		266.24		 104405617		968.50
7131	1536238938	3600		266.30		 110455069		957.50
7131	1536242538	3600		266.03		 101345749		945.00
7131	1536246138	3600		265.72		  93319027		937.00
7131	1536249738	3600		265.47		  84975361		933.00
7131	1536253338	3600		265.21		  78279635		926.00
7131	1536256938	3600		265.01		  71522921		922.00
7131	1536260538	3600		264.86		  66356743		918.50
7131	1536264138	3600		264.57		  58790677		911.50
7131	1536267738	3600		264.52		  55085041		908.50
7131	1536268413	675		264.43		  53944503		908.50
-999	1536269613	1200		262.73		         0		-999.00
-999	1536273213	3600		262.76		         0		-999.00
-999	1536275070	1857		262.82		         0		-999.00
7132	1536276270	1200		265.86		  92783112		963.00
7132	1536279870	3600		266.04		 102945568		953.50
7132	1536283470	3600		265.81		  95129570		947.50
7132	1536287070	3600		265.56		  86985745		940.50
7132	1536290670	3600		265.25		  80353850		933.00
7132	1536294270	3600		265.03		  73278000		927.50
7132	1536295684	1414		264.93		  69891302		927.50
-999	1536296884	1200		262.48		         0		-999.00
-999	1536300484	3600		262.31		         0		-999.00
-999	1536304084	3600		262.71		         0		-999.00
-999	1536307684	3600		259.62		         0		-999.00
-999	1536311284	3600		259.58		         0		-999.00
-999	1536311348	64		259.58		         0		-999.00
7133	1536312548	1200		265.87		  96244097		955.00
7133	1536316148	3600		266.13		 104903440		954.00
7133	1536319748	3600		265.85		  95358521		949.50
7133	1536323348	3600		265.54		  87309953		942.50
7133	1536323858	510		265.40		  82372269		942.50
-999	1536325058	1200		262.50		         0		-999.00
-999	1536328658	3600		259.73		         0		-999.00
-999	1536332258	3600		259.76		         0		-999.00
-999	1536335160	2902		259.73		         0		-999.00
7135	1536336360	1200		265.92		  94262672		970.00
7135	1536339960	3600		265.93		  98403392		949.00
7135	1536343560	3600		265.73		  91960949		950.00
7135	1536347160	3600		265.51		  86382461		943.00
7135	1536347926	766		264.28		  55548246		916.00
-999	1536349126	1200		259.30		         0		-999.00
-999	1536352726	3600		262.67		         0		-999.00
-999	1536356326	3600		262.79		         0		-999.00
-999	1536359926	3600		259.50		         0		-999.00
-999	1536362297	2371		259.69		         0		-999.00
7137	1536363497	1200		265.87		  94931854		973.00
7137	1536367097	3600		266.12		 103184082		956.50
7137	1536370697	3600		265.83		  95256785		953.50
7137	1536374297	3600		265.56		  88019663		948.50
7137	1536377897	3600		265.33		  80554597		938.00
7137	1536381497	3600		265.15		  74654589		940.00
7137	1536385097	3600		264.92		  68699292		929.50
7137	1536388697	3600		264.75		  63162415		926.00
7137	1536392297	3600		264.53		  57878425		921.50
7137	1536395897	3600		264.49		  56570309		922.00
7137	1536399497	3600		264.35		  51737046		913.50
7137	1536403097	3600		264.20		  46764609		913.50
7137	1536406697	3600		263.77		  40198099		894.00
7137	1536409379	2682		259.39		  38450993		 10.50
-999	1536410579	1200		259.45		         0		-999.00
-999	1536414179	3600		259.40		         0		-999.00
-999	1536417779	3600		259.38		         0		-999.00
-999	1536420728	2949		259.77		         0		-999.00
7139	1536421928	1200		265.70		  89656824		970.00
7139	1536425528	3600		265.91		  98521383		961.50
7139	1536429128	3600		265.22		  91248594		877.50
7139	1536432728	3600		264.98		  85176521		871.50
7139	1536436328	3600		265.23		  77889665		946.50
7139	1536439928	3600		265.04		  71637392		939.50
7139	1536443528	3600		264.82		  66487339		935.00
7139	1536447128	3600		264.68		  61604915		928.00
7139	1536450728	3600		264.55		  57433329		928.00
7139	1536454328	3600		264.44		  55494847		924.50
7139	1536457928	3600		264.30		  50767832		924.00
7139	1536461528	3600		264.23		  48305934		920.50
7139	1536465128	3600		264.00		  43123606		908.00
7139	1536465786	658		259.39		  31705509		 12.00
-999	1536466986	1200		259.81		         0		-999.00
-999	1536470586	3600		259.63		         0		-999.00
-999	1536474186	3600		259.50		         0		-999.00
-999	1536474695	509		259.67		         0		-999.00
-999	1536476173	1200		262.79		         0		-999.00
-999	1536479773	3600		262.73		         0		-999.00
-999	1536483373	3600		262.79		         0		-999.00
-999	1536486973	3600		259.45		         0		-999.00
-999	1536490573	3600		259.67		         0		-999.00
-999	1536494173	3600		259.67		         0		-999.00
-999	1536497773	3600		259.67		         0		-999.00
-999	1536501373	3600		259.60		         0		-999.00
-999	1536501467	94		259.60		         0		-999.00
7144	1536502667	1200		266.15		 103268071		1002.00
7144	1536506267	3600		266.30		 112148938		973.00
7144	1536509867	3600		265.93		 103533868		962.50
7144	1536513467	3600		265.74		  93295298		964.00
7144	1536517067	3600		265.07		  86423995		882.00
7144	1536520667	3600		265.21		  79094090		949.50
7144	1536524267	3600		265.00		  72126781		941.00
7144	1536527867	3600		264.84		  66659637		937.50
7144	1536531467	3600		264.64		  60144513		933.50
7144	1536534383	2916		264.53		  56407093		933.50
-999	1536535583	1200		262.54		         0		-999.00
-999	1536539183	3600		259.04		         0		-999.00
-999	1536542783	3600		259.70		         0		-999.00
-999	1536543057	274		259.60		         0		-999.00
7145	1536544257	1200		265.97		  98317943		1001.00
7145	1536547857	3600		266.23		 106748004		976.00
7145	1536551457	3600		265.87		  98406502		972.00
7145	1536555057	3600		265.62		  90131781		959.50
7145	1536558657	3600		265.42		  83367761		959.50
7145	1536562257	3600		265.21		  76346221		952.50
7145	1536565857	3600		265.02		  70129502		948.50
7145	1536569457	3600		264.62		  64834865		893.50
7145	1536573057	3600		264.57		  59323758		940.00
7145	1536575398	2341		264.47		  55955198		936.50
-999	1536576598	1200		259.25		         0		-999.00
-999	1536580198	3600		262.42		         0		-999.00
-999	1536583798	3600		262.76		         0		-999.00
-999	1536587398	3600		262.36		         0		-999.00
-999	1536590998	3600		262.65		         0		-999.00
-999	1536594598	3600		262.82		         0		-999.00
-999	1536598198	3600		262.82		         0		-999.00
-999	1536601798	3600		262.82		         0		-999.00
-999	1536605398	3600		262.82		         0		-999.00
-999	1536608998	3600		262.82		         0		-999.00
-999	1536612598	3600		262.82		         0		-999.00
-999	1536616198	3600		262.82		         0		-999.00
-999	1536619798	3600		262.82		         0		-999.00
-999	1536623398	3600		262.82		         0		-999.00
-999	1536626998	3600		262.82		         0		-999.00
-999	1536630598	3600		262.82		         0		-999.00
-999	1536634198	3600		262.82		         0		-999.00
-999	1536637798	3600		262.82		         0		-999.00
-999	1536641398	3600		262.82		         0		-999.00
-999	1536644998	3600		262.82		         0		-999.00
-999	1536648598	3600		262.70		         0		-999.00
-999	1536652198	3600		262.47		         0		-999.00
-999	1536655798	3600		262.88		         0		-999.00
-999	1536659398	3600		262.45		         0		-999.00
-999	1536662998	3600		262.39		         0		-999.00
-999	1536666598	3600		262.38		         0		-999.00
-999	1536670198	3600		262.14		         0		-999.00
-999	1536673798	3600		262.63		         0		-999.00
-999	1536677398	3600		262.63		         0		-999.00
-999	1536680998	3600		262.63		         0		-999.00
-999	1536684598	3600		262.63		         0		-999.00
-999	1536688198	3600		262.65		         0		-999.00
-999	1536691798	3600		262.65		         0		-999.00
-999	1536695398	3600		262.65		         0		-999.00
-999	1536698998	3600		262.65		         0		-999.00
-999	1536702598	3600		262.65		         0		-999.00
-999	1536706198	3600		262.65		         0		-999.00
-999	1536709798	3600		262.65		         0		-999.00
-999	1536713398	3600		262.65		         0		-999.00
-999	1536716998	3600		262.65		         0		-999.00
-999	1536720598	3600		262.65		         0		-999.00
-999	1536724198	3600		258.45		         0		-999.00
-999	1536727798	3600		258.28		         0		-999.00
-999	1536731398	3600		258.34		         0		-999.00
-999	1536734998	3600		258.50		         0		-999.00
-999	1536738598	3600		258.66		         0		-999.00
-999	1536742198	3600		258.66		         0		-999.00
-999	1536745798	3600		258.50		         0		-999.00
-999	1536749398	3600		258.54		         0		-999.00
-999	1536752998	3600		258.60		         0		-999.00
-999	1536756598	3600		258.60		         0		-999.00
-999	1536760198	3600		258.44		         0		-999.00
-999	1536763798	3600		258.44		         0		-999.00
-999	1536767398	3600		258.66		         0		-999.00
-999	1536770998	3600		258.66		         0		-999.00
-999	1536774598	3600		258.66		         0		-999.00
-999	1536778198	3600		258.54		         0		-999.00
-999	1536781798	3600		258.60		         0		-999.00
-999	1536785398	3600		258.60		         0		-999.00
-999	1536788998	3600		258.54		         0		-999.00
-999	1536792598	3600		258.54		         0		-999.00
-999	1536796198	3600		258.60		         0		-999.00
-999	1536799798	3600		258.60		         0		-999.00
-999	1536803398	3600		258.54		         0		-999.00
-999	1536806998	3600		258.54		         0		-999.00
-999	1536810598	3600		258.54		         0		-999.00
-999	1536814198	3600		258.66		         0		-999.00
-999	1536817798	3600		258.62		         0		-999.00
-999	1536821398	3600		258.49		         0		-999.00
-999	1536824998	3600		258.64		         0		-999.00
-999	1536828598	3600		258.64		         0		-999.00
-999	1536832198	3600		258.59		         0		-999.00
-999	1536835798	3600		258.53		         0		-999.00
-999	1536839398	3600		258.64		         0		-999.00
-999	1536842998	3600		258.64		         0		-999.00
-999	1536846598	3600		258.64		         0		-999.00
-999	1536850198	3600		258.53		         0		-999.00
-999	1536853798	3600		258.43		         0		-999.00
-999	1536857398	3600		258.64		         0		-999.00
-999	1536860998	3600		258.64		         0		-999.00
-999	1536864598	3600		258.64		         0		-999.00
-999	1536868198	3600		258.64		         0		-999.00
-999	1536871798	3600		258.64		         0		-999.00
-999	1536875398	3600		258.43		         0		-999.00
-999	1536878998	3600		258.53		         0		-999.00
-999	1536882598	3600		258.64		         0		-999.00
-999	1536886198	3600		258.64		         0		-999.00
-999	1536889798	3600		258.58		         0		-999.00
-999	1536893398	3600		258.64		         0		-999.00
-999	1536896998	3600		258.64		         0		-999.00
-999	1536900598	3600		258.43		         0		-999.00
-999	1536904198	3600		258.64		         0		-999.00
-999	1536907798	3600		258.64		         0		-999.00
-999	1536911398	3600		258.53		         0		-999.00
-999	1536914998	3600		258.64		         0		-999.00
-999	1536918598	3600		258.64		         0		-999.00
-999	1536922198	3600		258.64		         0		-999.00
-999	1536925798	3600		258.53		         0		-999.00
-999	1536929398	3600		258.64		         0		-999.00
-999	1536932998	3600		258.64		         0		-999.00
-999	1536936598	3600		258.64		         0		-999.00
-999	1536940198	3600		258.53		         0		-999.00
-999	1536943798	3600		258.59		         0		-999.00
-999	1536947398	3600		258.58		         0		-999.00
-999	1536950998	3600		258.53		         0		-999.00
-999	1536954598	3600		258.53		         0		-999.00
-999	1536958198	3600		258.64		         0		-999.00
-999	1536961798	3600		258.53		         0		-999.00
-999	1536965398	3600		258.64		         0		-999.00
-999	1536968998	3600		258.53		         0		-999.00
-999	1536972598	3600		258.43		         0		-999.00
-999	1536976198	3600		258.58		         0		-999.00
-999	1536979798	3600		258.64		         0		-999.00
-999	1536983398	3600		258.53		         0		-999.00
-999	1536986998	3600		258.58		         0		-999.00
-999	1536990598	3600		258.53		         0		-999.00
-999	1536994198	3600		258.53		         0		-999.00
-999	1536997798	3600		258.53		         0		-999.00
-999	1537001398	3600		258.53		         0		-999.00
-999	1537004998	3600		258.53		         0		-999.00
-999	1537008598	3600		258.43		         0		-999.00
-999	1537012198	3600		258.64		         0		-999.00
-999	1537015798	3600		258.64		         0		-999.00
-999	1537019398	3600		258.53		         0		-999.00
-999	1537022998	3600		258.43		         0		-999.00
-999	1537026598	3600		258.64		         0		-999.00
-999	1537030198	3600		258.53		         0		-999.00
-999	1537033798	3600		258.64		         0		-999.00
-999	1537037398	3600		258.53		         0		-999.00
-999	1537040998	3600		258.53		         0		-999.00
-999	1537044598	3600		258.32		         0		-999.00
-999	1537048198	3600		258.64		         0		-999.00
-999	1537051798	3600		258.53		         0		-999.00
-999	1537055398	3600		258.53		         0		-999.00
-999	1537058998	3600		258.43		         0		-999.00
-999	1537062598	3600		258.58		         0		-999.00
-999	1537066198	3600		258.58		         0		-999.00
-999	1537069798	3600		258.53		         0		-999.00
-999	1537073398	3600		258.43		         0		-999.00
-999	1537076998	3600		258.64		         0		-999.00
-999	1537080042	3044		258.53		         0		-999.00
7188	1537081242	1200		258.53		         0		 12.00
7188	1537084842	3600		258.48		         0		 12.00
7188	1537088442	3600		258.64		         0		 12.00
7188	1537092042	3600		258.53		         0		 12.00
7188	1537095642	3600		258.43		         0		 12.00
7188	1537096150	508		258.43		         0		 12.00
-999	1537097350	1200		258.53		         0		-999.00
-999	1537100950	3600		258.64		         0		-999.00
-999	1537104550	3600		258.53		         0		-999.00
-999	1537108150	3600		258.53		         0		-999.00
-999	1537111750	3600		258.43		         0		-999.00
-999	1537115350	3600		258.53		         0		-999.00
-999	1537118950	3600		258.58		         0		-999.00
-999	1537122550	3600		258.53		         0		-999.00
-999	1537126150	3600		258.53		         0		-999.00
-999	1537129750	3600		258.43		         0		-999.00
-999	1537133350	3600		258.58		         0		-999.00
-999	1537136950	3600		258.58		         0		-999.00
-999	1537140550	3600		258.53		         0		-999.00
-999	1537144150	3600		258.53		         0		-999.00
-999	1537147750	3600		258.53		         0		-999.00
-999	1537151350	3600		258.64		         0		-999.00
-999	1537154950	3600		258.53		         0		-999.00
-999	1537158550	3600		258.43		         0		-999.00
-999	1537162150	3600		258.43		         0		-999.00
-999	1537165750	3600		258.54		         0		-999.00
-999	1537169350	3600		258.86		         0		-999.00
-999	1537172950	3600		258.92		         0		-999.00
-999	1537176550	3600		262.38		         0		-999.00
-999	1537180150	3600		259.53		         0		-999.00
-999	1537183750	3600		262.50		         0		-999.00
-999	1537187350	3600		262.63		         0		-999.00
-999	1537190950	3600		262.51		         0		-999.00
-999	1537194550	3600		262.51		         0		-999.00
-999	1537198150	3600		262.63		         0		-999.00
-999	1537201750	3600		262.81		         0		-999.00
-999	1537205350	3600		262.81		         0		-999.00
-999	1537208950	3600		262.81		         0		-999.00
-999	1537212550	3600		262.79		         0		-999.00
-999	1537216150	3600		262.61		         0		-999.00
-999	1537219750	3600		262.78		         0		-999.00
-999	1537223350	3600		262.78		         0		-999.00
-999	1537226950	3600		262.78		         0		-999.00
-999	1537230550	3600		262.78		         0		-999.00
-999	1537234150	3600		262.78		         0		-999.00
-999	1537237750	3600		262.76		         0		-999.00
-999	1537241350	3600		262.82		         0		-999.00
-999	1537244950	3600		262.65		         0		-999.00
-999	1537248550	3600		262.82		         0		-999.00
-999	1537252150	3600		262.36		         0		-999.00
-999	1537255750	3600		262.60		         0		-999.00
-999	1537259350	3600		262.70		         0		-999.00
-999	1537262950	3600		262.69		         0		-999.00
-999	1537266550	3600		262.80		         0		-999.00
-999	1537270150	3600		262.73		         0		-999.00
-999	1537273750	3600		262.85		         0		-999.00
-999	1537277350	3600		262.73		         0		-999.00
-999	1537280950	3600		262.63		         0		-999.00
-999	1537284550	3600		262.37		         0		-999.00
-999	1537288150	3600		262.61		         0		-999.00
-999	1537291750	3600		262.61		         0		-999.00
-999	1537295350	3600		262.72		         0		-999.00
-999	1537298950	3600		262.72		         0		-999.00
-999	1537302550	3600		262.72		         0		-999.00
-999	1537306150	3600		262.72		         0		-999.00
-999	1537309750	3600		262.72		         0		-999.00
-999	1537313350	3600		262.72		         0		-999.00
-999	1537316950	3600		262.72		         0		-999.00
-999	1537320550	3600		262.72		         0		-999.00
-999	1537324150	3600		262.72		         0		-999.00
-999	1537327750	3600		262.72		         0		-999.00
-999	1537331350	3600		262.37		         0		-999.00
-999	1537334950	3600		262.49		         0		-999.00
-999	1537338550	3600		262.49		         0		-999.00
-999	1537342150	3600		262.49		         0		-999.00
-999	1537345750	3600		262.49		         0		-999.00
-999	1537349350	3600		262.55		         0		-999.00
-999	1537352950	3600		262.49		         0		-999.00
-999	1537356550	3600		262.49		         0		-999.00
-999	1537360150	3600		261.85		         0		-999.00
-999	1537363750	3600		262.14		         0		-999.00
-999	1537367350	3600		261.95		         0		-999.00
-999	1537370950	3600		262.12		         0		-999.00
-999	1537374550	3600		262.02		         0		-999.00
-999	1537378150	3600		262.13		         0		-999.00
-999	1537381750	3600		262.13		         0		-999.00
-999	1537385350	3600		262.31		         0		-999.00
-999	1537388950	3600		262.16		         0		-999.00
-999	1537392550	3600		262.11		         0		-999.00
-999	1537396150	3600		262.11		         0		-999.00
-999	1537399750	3600		262.11		         0		-999.00
-999	1537403350	3600		262.11		         0		-999.00
-999	1537406950	3600		262.25		         0		-999.00
-999	1537410550	3600		262.38		         0		-999.00
-999	1537414150	3600		262.38		         0		-999.00
-999	1537417750	3600		262.07		         0		-999.00
-999	1537421350	3600		262.07		         0		-999.00
-999	1537424950	3600		264.03		         0		-999.00
-999	1537428550	3600		264.95		         0		-999.00
-999	1537432150	3600		255.51		         0		-999.00
-999	1537435750	3600		258.99		         0		-999.00
-999	1537439350	3600		258.88		         0		-999.00
-999	1537442950	3600		262.17		         0		-999.00
-999	1537446550	3600		262.03		         0		-999.00
-999	1537450150	3600		262.14		         0		-999.00
-999	1537453750	3600		262.14		         0		-999.00
-999	1537457350	3600		262.04		         0		-999.00
-999	1537460950	3600		262.30		         0		-999.00
-999	1537464550	3600		262.32		         0		-999.00
-999	1537468150	3600		262.04		         0		-999.00
-999	1537471750	3600		262.16		         0		-999.00
-999	1537475350	3600		262.16		         0		-999.00
-999	1537478950	3600		262.16		         0		-999.00
-999	1537482550	3600		262.16		         0		-999.00
-999	1537486150	3600		262.35		         0		-999.00
-999	1537489750	3600		262.35		         0		-999.00
-999	1537493350	3600		262.35		         0		-999.00
-999	1537496950	3600		262.35		         0		-999.00
-999	1537500550	3600		262.28		         0		-999.00
-999	1537504150	3600		262.35		         0		-999.00
-999	1537507750	3600		262.03		         0		-999.00
-999	1537511350	3600		262.02		         0		-999.00
-999	1537514950	3600		262.14		         0		-999.00
-999	1537518550	3600		255.39		         0		-999.00
-999	1537522150	3600		255.28		         0		-999.00
-999	1537525750	3600		255.39		         0		-999.00
-999	1537529350	3600		255.56		         0		-999.00
-999	1537532950	3600		255.51		         0		-999.00
-999	1537536550	3600		262.36		         0		-999.00
-999	1537540150	3600		262.11		         0		-999.00
-999	1537543750	3600		262.46		         0		-999.00
-999	1537547350	3600		262.15		         0		-999.00
-999	1537550950	3600		258.89		         0		-999.00
-999	1537554550	3600		259.14		         0		-999.00
-999	1537558150	3600		259.19		         0		-999.00
-999	1537561750	3600		259.19		         0		-999.00
-999	1537565350	3600		258.80		         0		-999.00
-999	1537568950	3600		259.19		         0		-999.00
-999	1537572550	3600		259.19		         0		-999.00
-999	1537576150	3600		258.80		         0		-999.00
-999	1537579750	3600		259.30		         0		-999.00
-999	1537583350	3600		259.25		         0		-999.00
-999	1537586950	3600		259.28		         0		-999.00
-999	1537590550	3600		259.18		         0		-999.00
-999	1537594150	3600		259.28		         0		-999.00
-999	1537597750	3600		259.28		         0		-999.00
-999	1537601350	3600		258.94		         0		-999.00
-999	1537604950	3600		259.23		         0		-999.00
-999	1537608550	3600		259.18		         0		-999.00
-999	1537612150	3600		259.18		         0		-999.00
-999	1537615750	3600		259.18		         0		-999.00
-999	1537619350	3600		259.18		         0		-999.00
-999	1537622950	3600		259.18		         0		-999.00
-999	1537626550	3600		259.18		         0		-999.00
-999	1537630150	3600		259.18		         0		-999.00
-999	1537633750	3600		259.18		         0		-999.00
-999	1537637350	3600		259.18		         0		-999.00
-999	1537640950	3600		259.06		         0		-999.00
-999	1537644550	3600		259.06		         0		-999.00
-999	1537648150	3600		258.77		         0		-999.00
-999	1537651750	3600		259.28		         0		-999.00
-999	1537655350	3600		259.34		         0		-999.00
-999	1537658950	3600		259.34		         0		-999.00
-999	1537662550	3600		259.28		         0		-999.00
-999	1537666150	3600		259.19		         0		-999.00
-999	1537669750	3600		259.40		         0		-999.00
-999	1537673350	3600		259.25		         0		-999.00
-999	1537676950	3600		259.00		         0		-999.00
-999	1537680550	3600		259.42		         0		-999.00
-999	1537684150	3600		258.90		         0		-999.00
-999	1537687750	3600		259.12		         0		-999.00
-999	1537691350	3600		259.19		         0		-999.00
-999	1537694950	3600		258.99		         0		-999.00
-999	1537696196	1246		258.75		         0		-999.00
7211	1537697396	1200		261.93		   2064807		796.50
7211	1537700996	3600		262.29		   2237161		826.00
7211	1537704596	3600		262.28		   2027265		824.50
7211	1537708196	3600		262.06		   1903563		805.00
7211	1537710680	2484		262.11		   1894084		 11.00
-999	1537711880	1200		262.25		         0		-999.00
-999	1537715480	3600		261.69		         0		-999.00
-999	1537719080	3600		262.01		         0		-999.00
-999	1537719764	684		262.12		         0		-999.00
7212	1537720964	1200		262.71		  23260976		799.00
7212	1537724564	3600		263.13		  25613480		843.00
7212	1537728164	3600		262.92		  23327322		835.50
7212	1537731764	3600		262.66		  22428406		814.50
7212	1537735364	3600		262.65		  21510605		810.50
7212	1537738964	3600		262.82		  20078835		821.00
7212	1537739545	581		262.76		  17900543		835.00
-999	1537740745	1200		258.85		         0		-999.00
-999	1537744345	3600		259.04		         0		-999.00
-999	1537746460	2115		259.28		         0		-999.00
7213	1537747660	1200		263.96		  54076306		834.50
7213	1537751260	3600		264.05		  57104359		865.00
7213	1537754860	3600		264.00		  53179028		866.00
7213	1537758460	3600		263.90		  50145209		864.00
7213	1537762060	3600		263.33		  46473883		794.00
7213	1537763357	1297		262.98		  38350256		795.00
-999	1537764557	1200		259.05		         0		-999.00
-999	1537768157	3600		259.05		         0		-999.00
-999	1537771757	3600		259.05		         0		-999.00
-999	1537775357	3600		262.23		         0		-999.00
-999	1537778957	3600		262.40		         0		-999.00
-999	1537782557	3600		259.01		         0		-999.00
-999	1537786157	3600		259.25		         0		-999.00
-999	1537789599	3442		259.30		         0		-999.00
7217	1537790799	1200		265.62		 100410059		921.50
7217	1537794399	3600		265.78		 105904607		914.00
7217	1537797999	3600		265.47		  98076068		911.00
7217	1537801599	3600		265.23		  90062938		905.00
7217	1537805199	3600		264.96		  81862605		904.00
7217	1537808799	3600		264.78		  75845311		890.00
7217	1537812399	3600		264.54		  69408387		889.00
7217	1537815999	3600		264.36		  63478353		887.50
7217	1537819599	3600		264.11		  58804658		879.00
7217	1537821176	1577		263.88		  51297509		878.00
-999	1537822376	1200		259.38		         0		-999.00
-999	1537825976	3600		258.96		         0		-999.00
-999	1537829576	3600		262.38		         0		-999.00
-999	1537833176	3600		262.42		         0		-999.00
-999	1537836776	3600		258.94		         0		-999.00
-999	1537838838	2062		259.33		         0		-999.00
7218	1537840038	1200		265.41		  95518688		924.00
7218	1537843638	3600		265.66		 104080103		924.00
7218	1537847238	3600		265.41		  95640206		918.00
7218	1537850838	3600		265.12		  88421578		908.50
7218	1537854438	3600		264.94		  80435193		904.50
7218	1537858038	3600		264.77		  74829553		900.00
7218	1537861638	3600		264.52		  68400053		896.50
7218	1537865238	3600		264.35		  62742758		893.00
7218	1537868838	3600		264.00		  59157958		874.00
7218	1537872438	3600		264.10		  56273894		885.50
7218	1537876038	3600		263.95		  51387210		885.50
7218	1537877431	1393		263.51		  42713654		870.00
-999	1537878631	1200		259.40		         0		-999.00
-999	1537882231	3600		258.83		         0		-999.00
-999	1537885831	3600		259.29		         0		-999.00
-999	1537889431	3600		259.36		         0		-999.00
-999	1537892405	2974		259.18		         0		-999.00
7220	1537893605	1200		262.19		    258902		837.50
7220	1537897205	3600		259.18		    187983		 11.00
7220	1537898111	906		259.12		    268857		 11.00
-999	1537899311	1200		258.63		         0		-999.00
-999	1537902911	3600		259.24		         0		-999.00
-999	1537906511	3600		259.28		         0		-999.00
-999	1537906841	330		259.28		         0		-999.00
7221	1537908041	1200		265.43		  94772248		933.50
7221	1537911641	3600		265.49		 100485411		923.50
7221	1537915241	3600		265.32		  92603492		922.50
7221	1537918841	3600		265.13		  86333843		917.00
7221	1537922441	3600		264.92		  79439874		912.50
7221	1537926041	3600		264.75		  73707834		906.00
7221	1537929641	3600		264.45		  67802691		902.50
7221	1537933241	3600		264.31		  62920181		899.00
7221	1537936841	3600		264.15		  57768798		902.50
7221	1537940441	3600		264.07		  55023209		889.50
7221	1537944041	3600		263.96		  51414647		889.50
7221	1537947641	3600		263.78		  47447990		883.50
7221	1537951241	3600		263.69		  42351022		880.00
7221	1537954841	3600		263.52		  38707720		880.00
7221	1537958441	3600		258.83		  33736065		 10.50
7221	1537960388	1947		258.94		  33225892		 10.50
-999	1537961588	1200		259.11		         0		-999.00
-999	1537965188	3600		259.32		         0		-999.00
-999	1537968788	3600		262.20		         0		-999.00
-999	1537972388	3600		262.48		         0		-999.00
-999	1537975988	3600		262.42		         0		-999.00
-999	1537979588	3600		262.36		         0		-999.00
-999	1537983188	3600		262.42		         0		-999.00
-999	1537986788	3600		262.36		         0		-999.00
-999	1537990388	3600		262.42		         0		-999.00
-999	1537993988	3600		262.30		         0		-999.00
-999	1537997588	3600		262.42		         0		-999.00
-999	1538001188	3600		262.42		         0		-999.00
-999	1538004788	3600		262.42		         0		-999.00
-999	1538008388	3600		262.42		         0		-999.00
-999	1538011988	3600		262.42		         0		-999.00
-999	1538015588	3600		262.42		         0		-999.00
-999	1538019188	3600		262.42		         0		-999.00
-999	1538022788	3600		262.42		         0		-999.00
-999	1538026388	3600		262.42		         0		-999.00
-999	1538029988	3600		261.99		         0		-999.00
-999	1538033588	3600		262.34		         0		-999.00
-999	1538037188	3600		262.07		         0		-999.00
-999	1538040788	3600		262.31		         0		-999.00
-999	1538044388	3600		262.31		         0		-999.00
-999	1538047988	3600		262.31		         0		-999.00
-999	1538051588	3600		258.95		         0		-999.00
-999	1538055188	3600		258.90		         0		-999.00
-999	1538058788	3600		259.28		         0		-999.00
-999	1538062388	3600		258.94		         0		-999.00
-999	1538065988	3600		262.41		         0		-999.00
-999	1538069588	3600		262.41		         0		-999.00
-999	1538073188	3600		262.41		         0		-999.00
-999	1538076788	3600		262.41		         0		-999.00
-999	1538080388	3600		262.41		         0		-999.00
-999	1538083988	3600		262.41		         0		-999.00
-999	1538087588	3600		262.41		         0		-999.00
-999	1538091188	3600		262.41		         0		-999.00
-999	1538094788	3600		262.41		         0		-999.00
-999	1538098388	3600		262.41		         0		-999.00
-999	1538101988	3600		262.41		         0		-999.00
-999	1538105588	3600		262.18		         0		-999.00
-999	1538109188	3600		262.18		         0		-999.00
-999	1538112788	3600		262.18		         0		-999.00
-999	1538116388	3600		262.18		         0		-999.00
-999	1538119988	3600		262.18		         0		-999.00
-999	1538123588	3600		262.40		         0		-999.00
-999	1538127188	3600		262.40		         0		-999.00
-999	1538130788	3600		262.40		         0		-999.00
-999	1538134388	3600		262.06		         0		-999.00
-999	1538137988	3600		262.52		         0		-999.00
-999	1538141588	3600		258.55		         0		-999.00
-999	1538145188	3600		262.48		         0		-999.00
-999	1538148788	3600		262.38		         0		-999.00
-999	1538152388	3600		262.30		         0		-999.00
-999	1538155988	3600		262.42		         0		-999.00
-999	1538159588	3600		262.42		         0		-999.00
-999	1538163188	3600		262.42		         0		-999.00
-999	1538166788	3600		262.42		         0		-999.00
-999	1538170388	3600		262.42		         0		-999.00
-999	1538173988	3600		259.20		         0		-999.00
-999	1538177588	3600		259.03		         0		-999.00
-999	1538178386	798		259.33		         0		-999.00
7234	1538179586	1200		265.41		  96192342		930.00
7234	1538183186	3600		265.69		 105445466		925.50
7234	1538186786	3600		265.37		  96580151		922.00
7234	1538190386	3600		264.76		  90213388		845.50
7234	1538193986	3600		264.91		  81750508		907.00
7234	1538197586	3600		264.55		  75744293		896.50
7234	1538201186	3600		264.47		  69121360		896.00
7234	1538204786	3600		264.22		  64739496		888.50
7234	1538208386	3600		264.17		  58837233		892.00
7234	1538211986	3600		264.02		  56057361		885.00
7234	1538215586	3600		263.91		  50185603		885.00
7234	1538219186	3600		263.82		  47310504		882.00
7234	1538222786	3600		263.49		  40457437		873.50
7234	1538223189	403		263.37		  36211208		873.50
-999	1538224389	1200		259.16		         0		-999.00
-999	1538227989	3600		259.38		         0		-999.00
-999	1538231589	3600		262.20		         0		-999.00
-999	1538235189	3600		259.22		         0		-999.00
-999	1538238789	3600		259.07		         0		-999.00
-999	1538239060	271		259.13		         0		-999.00
7236	1538240260	1200		265.57		  98757341		948.50
7236	1538243860	3600		265.79		 107991185		937.00
7236	1538247460	3600		265.40		  99150325		921.50
7236	1538251060	3600		265.22		  91249313		925.50
7236	1538254660	3600		264.98		  83328690		915.00
7236	1538258260	3600		264.75		  75639962		911.50
7236	1538261860	3600		264.55		  70819839		908.50
7236	1538265460	3600		264.38		  65054558		905.00
7236	1538269060	3600		264.22		  59878922		901.50
7236	1538271393	2333		264.16		  57992017		900.00
-999	1538272593	1200		261.83		         0		-999.00
-999	1538276193	3600		262.20		         0		-999.00
-999	1538279793	3600		262.38		         0		-999.00
-999	1538283393	3600		262.44		         0		-999.00
-999	1538286993	3600		262.44		         0		-999.00
-999	1538290593	3600		259.22		         0		-999.00
-999	1538294193	3600		259.22		         0		-999.00
-999	1538297793	3600		259.20		         0		-999.00
-999	1538298993	1200		259.25		         0		-999.00
7239	1538300193	1200		265.69		 101882071		958.00
7239	1538303793	3600		265.84		 108811472		941.50
7239	1538307393	3600		265.45		  99570075		927.50
7239	1538310993	3600		265.27		  91661337		933.00
7239	1538314593	3600		265.05		  84495185		926.00
7239	1538318193	3600		264.77		  76939326		918.50
7239	1538320938	2745		264.61		  71819839		915.00
-999	1538322138	1200		262.14		         0		-999.00
-999	1538325738	3600		259.36		         0		-999.00
-999	1538329338	3600		259.33		         0		-999.00
-999	1538329691	353		259.33		         0		-999.00
7240	1538330891	1200		265.48		  96093014		951.50
7240	1538334491	3600		265.75		 105785314		946.00
7240	1538338091	3600		265.50		  97320835		938.50
7240	1538341691	3600		265.12		  88738435		931.50
7240	1538345291	3600		264.93		  82474178		929.50
7240	1538348891	3600		264.73		  75575827		925.00
7240	1538352491	3600		264.56		  69966391		917.50
7240	1538354676	2185		264.43		  65645405		914.00
-999	1538355876	1200		261.88		         0		-999.00
-999	1538359476	3600		262.06		         0		-999.00
-999	1538363076	3600		262.30		         0		-999.00
-999	1538366676	3600		259.40		         0		-999.00
-999	1538370276	3600		258.83		         0		-999.00
-999	1538372031	1755		259.42		         0		-999.00
7242	1538373231	1200		265.62		  97808724		963.00
7242	1538376831	3600		265.52		 102561481		932.50
7242	1538380431	3600		265.48		  97118903		947.00
7242	1538384031	3600		265.22		  88608622		939.50
7242	1538387631	3600		265.02		  81984762		936.00
7242	1538391231	3600		264.69		  74818438		930.00
7242	1538394831	3600		264.58		  69357334		928.00
7242	1538394958	127		262.50		         0		928.00
-999	1538396158	1200		261.97		         0		-999.00
-999	1538399758	3600		262.20		         0		-999.00
-999	1538403358	3600		262.04		         0		-999.00
-999	1538406958	3600		262.22		         0		-999.00
-999	1538410558	3600		262.42		         0		-999.00
-999	1538414158	3600		262.42		         0		-999.00
-999	1538417758	3600		262.42		         0		-999.00
-999	1538421358	3600		259.05		         0		-999.00
-999	1538424958	3600		259.23		         0		-999.00
-999	1538428558	3600		259.11		         0		-999.00
-999	1538429446	888		259.40		         0		-999.00
7245	1538430646	1200		265.57		  96044891		962.50
7245	1538434246	3600		265.65		 102864154		955.00
7245	1538437846	3600		265.39		  94024971		950.50
7245	1538441446	3600		265.04		  86342018		939.00
7245	1538445046	3600		264.93		  78852612		935.50
7245	1538448646	3600		264.62		  70514310		931.00
7245	1538449005	359		264.17		  55593877		931.00
-999	1538450205	1200		262.05		         0		-999.00
-999	1538453805	3600		258.70		         0		-999.00
-999	1538457405	3600		259.30		         0		-999.00
-999	1538461005	3600		259.30		         0		-999.00
-999	1538464605	3600		259.30		         0		-999.00
-999	1538468205	3600		259.30		         0		-999.00
-999	1538471805	3600		258.95		         0		-999.00
-999	1538475405	3600		259.18		         0		-999.00
-999	1538479005	3600		259.18		         0		-999.00
-999	1538482605	3600		259.18		         0		-999.00
-999	1538486205	3600		259.18		         0		-999.00
-999	1538489805	3600		259.18		         0		-999.00
-999	1538493405	3600		259.18		         0		-999.00
-999	1538497005	3600		259.18		         0		-999.00
-999	1538500605	3600		258.80		         0		-999.00
-999	1538504205	3600		259.28		         0		-999.00
-999	1538507805	3600		259.28		         0		-999.00
-999	1538511405	3600		262.52		         0		-999.00
-999	1538515005	3600		259.36		         0		-999.00
-999	1538518605	3600		259.30		         0		-999.00
-999	1538521910	3305		259.40		         0		-999.00
7252	1538523110	1200		265.81		 105319007		972.00
7252	1538526710	3600		265.96		 112177384		966.50
7252	1538530310	3600		265.68		 102899023		959.00
7252	1538533910	3600		265.38		  95081936		951.50
7252	1538537510	3600		265.15		  87278174		944.00
7252	1538541110	3600		264.91		  79346492		940.50
7252	1538544710	3600		264.68		  71500181		934.00
7252	1538548310	3600		264.51		  66019209		930.50
7252	1538551910	3600		264.30		  60846442		927.00
7252	1538555510	3600		264.16		  56303238		923.50
7252	1538559110	3600		264.11		  57078494		925.00
7252	1538559404	294		264.16		  58507943		925.00
-999	1538560604	1200		261.94		         0		-999.00
-999	1538564204	3600		259.38		         0		-999.00
-999	1538567804	3600		259.31		         0		-999.00
-999	1538568022	218		259.25		         0		-999.00
7253	1538569222	1200		265.67		 100717111		975.00
7253	1538572822	3600		265.73		 106369628		967.50
7253	1538576422	3600		265.33		  96968262		942.50
7253	1538580022	3600		265.18		  88095736		952.00
7253	1538583622	3600		265.01		  82369478		943.50
7253	1538587222	3600		264.67		  74955758		940.00
7253	1538590822	3600		264.49		  69105905		932.50
7253	1538592255	1433		264.40		  66084145		929.00
-999	1538593455	1200		261.94		         0		-999.00
-999	1538597055	3600		262.26		         0		-999.00
-999	1538600655	3600		262.26		         0		-999.00
-999	1538604255	3600		259.25		         0		-999.00
-999	1538607855	3600		259.25		         0		-999.00
-999	1538610453	2598		259.40		         0		-999.00
7256	1538611653	1200		265.53		 100164513		969.00
7256	1538615253	3600		265.87		 109379684		970.00
7256	1538618853	3600		265.53		 100133276		960.00
7256	1538622453	3600		265.29		  91908840		953.50
7256	1538626053	3600		265.08		  84953104		952.00
7256	1538629653	3600		264.80		  77794158		946.50
7256	1538633253	3600		264.66		  70901052		941.50
7256	1538636853	3600		264.44		  65694945		934.50
7256	1538640453	3600		264.12		  57382333		930.50
7256	1538642668	2215		258.91		  56194540		 11.50
-999	1538643868	1200		258.83		         0		-999.00
-999	1538647468	3600		258.78		         0		-999.00
-999	1538651068	3600		262.01		         0		-999.00
-999	1538654668	3600		262.14		         0		-999.00
-999	1538658268	3600		262.25		         0		-999.00
-999	1538661868	3600		262.00		         0		-999.00
-999	1538665468	3600		262.22		         0		-999.00
-999	1538669068	3600		262.28		         0		-999.00
-999	1538672668	3600		262.40		         0		-999.00
-999	1538676268	3600		262.40		         0		-999.00
-999	1538679868	3600		259.18		         0		-999.00
-999	1538683468	3600		259.30		         0		-999.00
-999	1538684393	925		259.31		         0		-999.00
7259	1538685593	1200		265.67		 101710671		976.00
7259	1538689193	3600		265.96		 111373516		973.00
7259	1538692793	3600		265.55		 101928620		968.00
7259	1538696393	3600		265.34		  94733141		960.50
7259	1538699993	3600		265.11		  87187753		953.50
7259	1538703593	3600		264.47		  79857262		883.50
7259	1538707193	3600		264.61		  74502677		937.50
7259	1538710793	3600		264.44		  68941480		938.50
7259	1538714393	3600		264.28		  63433711		931.50
7259	1538717993	3600		264.20		  59117378		939.50
7259	1538720121	2128		264.15		  59140149		932.50
-999	1538721321	1200		258.80		         0		-999.00
-999	1538724921	3600		259.00		         0		-999.00
-999	1538728521	3600		259.11		         0		-999.00
-999	1538732121	3600		258.80		         0		-999.00
-999	1538735721	3600		259.04		         0		-999.00
-999	1538739321	3600		262.31		         0		-999.00
-999	1538742921	3600		262.02		         0		-999.00
-999	1538746521	3600		262.19		         0		-999.00
-999	1538750121	3600		262.19		         0		-999.00
-999	1538753721	3600		262.25		         0		-999.00
-999	1538757321	3600		262.19		         0		-999.00
-999	1538760921	3600		262.52		         0		-999.00
-999	1538764521	3600		262.58		         0		-999.00
-999	1538768121	3600		262.52		         0		-999.00
-999	1538771721	3600		262.46		         0		-999.00
-999	1538775321	3600		262.52		         0		-999.00
-999	1538778921	3600		262.52		         0		-999.00
-999	1538782521	3600		262.52		         0		-999.00
-999	1538786121	3600		262.52		         0		-999.00
-999	1538789721	3600		262.52		         0		-999.00
-999	1538793321	3600		262.52		         0		-999.00
-999	1538796921	3600		262.52		         0		-999.00
-999	1538800521	3600		262.52		         0		-999.00
-999	1538804121	3600		262.52		         0		-999.00
-999	1538807721	3600		262.52		         0		-999.00
-999	1538811321	3600		262.30		         0		-999.00
-999	1538814921	3600		262.35		         0		-999.00
-999	1538818521	3600		262.36		         0		-999.00
-999	1538822121	3600		262.47		         0		-999.00
-999	1538825721	3600		262.47		         0		-999.00
-999	1538829321	3600		259.34		         0		-999.00
-999	1538832921	3600		259.22		         0		-999.00
-999	1538836521	3600		259.22		         0		-999.00
-999	1538840121	3600		258.84		         0		-999.00
-999	1538843721	3600		259.20		         0		-999.00
-999	1538847321	3600		259.11		         0		-999.00
-999	1538850921	3600		262.35		         0		-999.00
-999	1538854521	3600		262.52		         0		-999.00
-999	1538858121	3600		259.00		         0		-999.00
-999	1538861721	3600		259.19		         0		-999.00
-999	1538863030	1309		259.25		         0		-999.00
7264	1538864230	1200		265.35		  97035889		962.00
7264	1538867830	3600		265.58		 100722351		969.00
7264	1538871430	3600		265.35		  95230056		958.50
7264	1538875030	3600		265.08		  86008276		951.00
7264	1538878630	3600		264.82		  79336059		946.00
7264	1538882230	3600		264.59		  71877259		939.00
7264	1538885830	3600		264.41		  65718679		935.00
7264	1538889430	3600		264.17		  59677214		932.00
7264	1538893030	3600		264.00		  54322457		928.50
7264	1538896630	3600		263.86		  49717400		926.50
7264	1538900230	3600		263.73		  45389953		919.50
7264	1538903830	3600		263.54		  41265041		915.50
7264	1538907430	3600		263.45		  38185356		910.00
7264	1538911030	3600		263.30		  35378765		910.50
7264	1538914630	3600		258.89		  31018466		  9.50
7264	1538918230	3600		259.12		   6823073		  9.50
7264	1538921830	3600		259.18		  14018399		  9.50
7264	1538922448	618		259.18		  29875625		  9.50
-999	1538923648	1200		262.24		         0		-999.00
-999	1538927248	3600		262.30		         0		-999.00
-999	1538930848	3600		262.42		         0		-999.00
-999	1538934448	3600		259.18		         0		-999.00
-999	1538938048	3600		258.94		         0		-999.00
-999	1538940544	2496		259.34		         0		-999.00
7265	1538941744	1200		265.66		 101832210		986.00
7265	1538945344	3600		265.74		 106023287		977.00
7265	1538945357	13		267.87		 177227088		977.00
-999	1538946557	1200		262.02		         0		-999.00
-999	1538950157	3600		259.08		         0		-999.00
-999	1538953757	3600		259.19		         0		-999.00
-999	1538955000	1243		259.19		         0		-999.00
7266	1538956200	1200		265.39		  93578804		981.50
7266	1538959800	3600		265.44		 101260256		969.00
7266	1538963400	3600		265.20		  91428931		961.00
7266	1538967000	3600		264.92		  83920168		953.50
7266	1538970600	3600		264.85		  77537911		956.50
7266	1538974200	3600		264.60		  71241935		949.50
7266	1538977800	3600		264.39		  66307907		943.50
7266	1538981400	3600		264.24		  61329648		941.50
7266	1538985000	3600		264.13		  57635494		937.50
7266	1538988600	3600		264.01		  53659052		938.00
7266	1538992200	3600		263.94		  51190976		937.50
7266	1538993758	1558		263.52		  45616792		886.00
-999	1538994958	1200		262.14		         0		-999.00
-999	1538998558	3600		259.34		         0		-999.00
-999	1539002158	3600		259.18		         0		-999.00
-999	1539005758	3600		259.28		         0		-999.00
-999	1539009358	3600		259.28		         0		-999.00
-999	1539012958	3600		259.28		         0		-999.00
-999	1539016558	3600		259.03		         0		-999.00
-999	1539020158	3600		262.38		         0		-999.00
-999	1539023758	3600		262.38		         0		-999.00
-999	1539027358	3600		259.28		         0		-999.00
-999	1539030958	3600		259.11		         0		-999.00
-999	1539032817	1859		259.30		         0		-999.00
7270	1539034017	1200		265.35		  97730112		973.50
7270	1539037617	3600		265.62		 102588745		981.50
7270	1539041217	3600		265.41		  95513485		971.00
7270	1539044817	3600		265.18		  88154804		969.00
7270	1539048417	3600		264.90		  80709482		962.00
7270	1539052017	3600		264.64		  74059217		955.00
7270	1539055617	3600		264.43		  67008698		947.00
7270	1539059217	3600		264.26		  61461735		943.50
7270	1539062817	3600		264.17		  58350796		943.00
7270	1539066417	3600		264.06		  54617282		943.00
7270	1539070017	3600		263.92		  50077665		936.00
7270	1539073617	3600		263.65		  44960035		929.00
7270	1539077217	3600		263.53		  40911786		929.00
7270	1539080817	3600		263.41		  37132273		925.50
7270	1539084417	3600		263.33		  34292982		922.00
7270	1539086714	2297		263.07		  29448345		910.50
-999	1539087914	1200		262.06		         0		-999.00
-999	1539091514	3600		261.80		         0		-999.00
-999	1539094678	3164		262.19		         0		-999.00
7271	1539095878	1200		265.33		  94609760		986.50
7271	1539099478	3600		265.59		 101247409		988.00
7271	1539103078	3600		265.15		  92382390		966.50
7271	1539106678	3600		265.02		  84491835		967.50
7271	1539108273	1595		264.86		  79097604		971.00
-999	1539109473	1200		258.80		         0		-999.00
-999	1539113073	3600		262.16		         0		-999.00
-999	1539116673	3600		262.28		         0		-999.00
-999	1539120273	3600		262.35		         0		-999.00
-999	1539123873	3600		262.35		         0		-999.00
-999	1539127473	3600		262.35		         0		-999.00
-999	1539131073	3600		262.41		         0		-999.00
-999	1539134673	3600		262.41		         0		-999.00
-999	1539138273	3600		262.41		         0		-999.00
-999	1539141873	3600		262.41		         0		-999.00
-999	1539145473	3600		262.41		         0		-999.00
-999	1539149073	3600		262.41		         0		-999.00
-999	1539152673	3600		262.16		         0		-999.00
-999	1539156273	3600		259.19		         0		-999.00
-999	1539159873	3600		259.18		         0		-999.00
-999	1539163473	3600		262.08		         0		-999.00
-999	1539167073	3600		262.18		         0		-999.00
-999	1539170673	3600		262.16		         0		-999.00
-999	1539174273	3600		262.09		         0		-999.00
-999	1539177873	3600		262.20		         0		-999.00
-999	1539181473	3600		262.09		         0		-999.00
-999	1539185073	3600		262.42		         0		-999.00
-999	1539188673	3600		262.42		         0		-999.00
-999	1539192273	3600		262.40		         0		-999.00
-999	1539195873	3600		262.46		         0		-999.00
-999	1539199473	3600		259.28		         0		-999.00
-999	1539203073	3600		259.14		         0		-999.00
-999	1539206673	3600		258.73		         0		-999.00
-999	1539207241	568		258.79		         0		-999.00
7274	1539208441	1200		265.56		  98339603		980.50
7274	1539212041	3600		265.23		  87634796		992.50
7274	1539215641	3600		265.56		 100064167		983.50
7274	1539219241	3600		265.31		  91917731		977.00
7274	1539222841	3600		265.04		  84934951		970.50
7274	1539225050	2209		264.37		  72227228		944.00
-999	1539226250	1200		261.94		         0		-999.00
-999	1539229850	3600		262.35		         0		-999.00
-999	1539233450	3600		262.34		         0		-999.00
-999	1539237050	3600		262.28		         0		-999.00
-999	1539240650	3600		261.99		         0		-999.00
-999	1539244250	3600		262.28		         0		-999.00
-999	1539247850	3600		262.28		         0		-999.00
-999	1539251450	3600		262.28		         0		-999.00
-999	1539255050	3600		261.93		         0		-999.00
-999	1539258650	3600		261.78		         0		-999.00
-999	1539262250	3600		262.07		         0		-999.00
-999	1539265850	3600		262.07		         0		-999.00
-999	1539269450	3600		262.07		         0		-999.00
-999	1539273050	3600		262.07		         0		-999.00
-999	1539276650	3600		262.07		         0		-999.00
-999	1539280250	3600		262.07		         0		-999.00
-999	1539283850	3600		262.07		         0		-999.00
-999	1539287450	3600		262.07		         0		-999.00
-999	1539291050	3600		262.07		         0		-999.00
-999	1539294650	3600		262.01		         0		-999.00
-999	1539298250	3600		262.01		         0		-999.00
-999	1539301850	3600		262.01		         0		-999.00
-999	1539305450	3600		262.01		         0		-999.00
-999	1539309050	3600		262.01		         0		-999.00
-999	1539312650	3600		262.01		         0		-999.00
-999	1539316250	3600		262.07		         0		-999.00
-999	1539319850	3600		262.07		         0		-999.00
-999	1539323450	3600		262.07		         0		-999.00
-999	1539327050	3600		262.07		         0		-999.00
-999	1539330650	3600		262.19		         0		-999.00
-999	1539334250	3600		262.18		         0		-999.00
-999	1539337850	3600		262.28		         0		-999.00
-999	1539341450	3600		262.26		         0		-999.00
-999	1539345050	3600		262.26		         0		-999.00
-999	1539348650	3600		262.26		         0		-999.00
-999	1539352250	3600		262.26		         0		-999.00
-999	1539355850	3600		262.26		         0		-999.00
-999	1539359450	3600		262.26		         0		-999.00
-999	1539363050	3600		262.26		         0		-999.00
-999	1539366650	3600		262.26		         0		-999.00
-999	1539370250	3600		262.26		         0		-999.00
-999	1539373850	3600		262.26		         0		-999.00
-999	1539377450	3600		262.26		         0		-999.00
-999	1539381050	3600		262.26		         0		-999.00
-999	1539384650	3600		262.26		         0		-999.00
-999	1539388250	3600		262.26		         0		-999.00
-999	1539391850	3600		262.26		         0		-999.00
-999	1539395450	3600		262.26		         0		-999.00
-999	1539399050	3600		262.26		         0		-999.00
-999	1539402650	3600		262.26		         0		-999.00
-999	1539406250	3600		262.26		         0		-999.00
-999	1539409850	3600		262.26		         0		-999.00
-999	1539413450	3600		262.26		         0		-999.00
-999	1539417050	3600		262.26		         0		-999.00
-999	1539420650	3600		262.26		         0		-999.00
-999	1539424250	3600		262.15		         0		-999.00
-999	1539427850	3600		262.26		         0		-999.00
-999	1539431450	3600		262.26		         0		-999.00
-999	1539435050	3600		262.26		         0		-999.00
-999	1539438650	3600		262.26		         0		-999.00
-999	1539442250	3600		262.19		         0		-999.00
-999	1539445850	3600		262.02		         0		-999.00
-999	1539449450	3600		258.82		         0		-999.00
-999	1539453050	3600		259.08		         0		-999.00
-999	1539456650	3600		259.19		         0		-999.00
-999	1539460250	3600		259.19		         0		-999.00
-999	1539463850	3600		259.14		         0		-999.00
-999	1539467450	3600		259.19		         0		-999.00
-999	1539471050	3600		259.34		         0		-999.00
-999	1539471160	110		259.40		         0		-999.00
7299	1539472360	1200		262.18		      7998		893.00
7299	1539475960	3600		262.23		      7276		903.50
7299	1539479560	3600		262.28		      6144		910.50
7299	1539483160	3600		262.28		      5271		911.50
7299	1539486760	3600		262.28		      4525		915.00
7299	1539489333	2573		262.28		      4095		915.00
-999	1539490533	1200		258.83		         0		-999.00
-999	1539494133	3600		259.19		         0		-999.00
-999	1539495803	1670		259.19		         0		-999.00
7300	1539497003	1200		262.25		      8686		904.50
7300	1539500603	3600		262.25		      7823		904.50
7300	1539504203	3600		262.25		      6520		904.50
7300	1539507803	3600		262.25		      5542		908.00
7300	1539508416	613		259.30		      5332		 12.00
-999	1539509616	1200		259.28		         0		-999.00
-999	1539513216	3600		259.05		         0		-999.00
-999	1539516816	3600		259.05		         0		-999.00
-999	1539520416	3600		259.05		         0		-999.00
-999	1539524016	3600		259.05		         0		-999.00
-999	1539527616	3600		259.05		         0		-999.00
-999	1539531216	3600		259.05		         0		-999.00
-999	1539534816	3600		259.05		         0		-999.00
-999	1539538416	3600		259.05		         0		-999.00
-999	1539542016	3600		258.94		         0		-999.00
-999	1539545616	3600		259.14		         0		-999.00
-999	1539549216	3600		259.05		         0		-999.00
-999	1539552816	3600		258.71		         0		-999.00
-999	1539556416	3600		259.08		         0		-999.00
-999	1539558801	2385		259.11		         0		-999.00
-999	1539560753	1200		259.22		         0		-999.00
-999	1539564353	3600		259.22		         0		-999.00
-999	1539567953	3600		259.22		         0		-999.00
-999	1539571553	3600		259.22		         0		-999.00
-999	1539575153	3600		259.22		         0		-999.00
-999	1539578753	3600		262.34		         0		-999.00
-999	1539582353	3600		262.48		         0		-999.00
-999	1539585953	3600		262.18		         0		-999.00
-999	1539589553	3600		262.06		         0		-999.00
-999	1539593153	3600		262.23		         0		-999.00
-999	1539596753	3600		262.41		         0		-999.00
-999	1539600353	3600		262.42		         0		-999.00
-999	1539603953	3600		262.42		         0		-999.00
-999	1539607553	3600		259.05		         0		-999.00
-999	1539611153	3600		259.18		         0		-999.00
-999	1539614753	3600		259.19		         0		-999.00
-999	1539618353	3600		262.20		         0		-999.00
-999	1539621953	3600		262.48		         0		-999.00
-999	1539625553	3600		262.02		         0		-999.00
-999	1539629153	3600		262.47		         0		-999.00
-999	1539632753	3600		262.47		         0		-999.00
-999	1539636353	3600		262.53		         0		-999.00
-999	1539639953	3600		262.47		         0		-999.00
-999	1539643553	3600		262.47		         0		-999.00
-999	1539647153	3600		262.47		         0		-999.00
-999	1539650753	3600		262.47		         0		-999.00
-999	1539654353	3600		262.47		         0		-999.00
-999	1539657953	3600		262.47		         0		-999.00
-999	1539661553	3600		262.47		         0		-999.00
-999	1539665153	3600		258.88		         0		-999.00
-999	1539668753	3600		258.81		         0		-999.00
-999	1539671013	2260		259.25		         0		-999.00
7308	1539672213	1200		262.93		  24009368		881.50
7308	1539675813	3600		263.03		  24293030		908.00
7308	1539679413	3600		262.89		  21487151		 10.50
7308	1539679704	291		262.75		  20089225		 10.50
-999	1539680904	1200		262.25		         0		-999.00
-999	1539684504	3600		258.80		         0		-999.00
-999	1539687326	2822		259.20		         0		-999.00
7309	1539688526	1200		265.48		  93855058		990.50
7309	1539692126	3600		265.69		 103024763		982.50
7309	1539695726	3600		265.36		  94109916		975.00
7309	1539699326	3600		265.07		  86472933		958.50
7309	1539702926	3600		264.89		  78322819		962.00
7309	1539706526	3600		264.71		  72261907		955.00
7309	1539710126	3600		264.39		  65742138		947.50
7309	1539713726	3600		264.24		  60683281		948.00
7309	1539717326	3600		264.18		  59071946		946.50
7309	1539720926	3600		264.06		  55163321		940.50
7309	1539724526	3600		263.92		  50188273		937.00
7309	1539728126	3600		263.77		  45551522		934.00
7309	1539731726	3600		263.63		  40894330		930.50
7309	1539735326	3600		263.16		  37629329		870.50
7309	1539738926	3600		263.42		  34445036		924.50
7309	1539741251	2325		263.17		  30228669		922.00
-999	1539742451	1200		258.90		         0		-999.00
-999	1539746051	3600		259.14		         0		-999.00
-999	1539749651	3600		259.25		         0		-999.00
-999	1539749719	68		259.20		         0		-999.00
7310	1539750919	1200		265.36		  90163975		1001.00
7310	1539754519	3600		265.59		  99832450		987.50
7310	1539758119	3600		265.30		  92065292		983.00
7310	1539761719	3600		265.05		  83797159		976.00
7310	1539765319	3600		264.84		  76832922		971.00
7310	1539768919	3600		264.65		  70228871		966.50
7310	1539772519	3600		264.48		  64523727		963.00
7310	1539776119	3600		264.31		  59123337		964.00
7310	1539779719	3600		264.20		  57266084		953.50
7310	1539783319	3600		264.01		  53071637		953.00
7310	1539786919	3600		263.86		  47918974		946.00
7310	1539790519	3600		263.71		  42976035		945.50
7310	1539791993	1474		263.34		  35137849		931.00
-999	1539793193	1200		259.15		         0		-999.00
-999	1539796793	3600		259.15		         0		-999.00
-999	1539800393	3600		259.02		         0		-999.00
-999	1539803993	3600		259.13		         0		-999.00
-999	1539807593	3600		259.38		         0		-999.00
-999	1539808150	557		259.38		         0		-999.00
7314	1539809350	1200		265.57		  96607455		1011.00
7314	1539812950	3600		265.69		 104822909		992.00
7314	1539816550	3600		265.35		  97523379		984.00
7314	1539820150	3600		265.18		  88159570		986.50
7314	1539823750	3600		264.96		  80543978		981.50
7314	1539827350	3600		264.77		  74225671		971.00
7314	1539830950	3600		264.53		  68344909		967.50
7314	1539834550	3600		264.37		  62858244		967.50
7314	1539838150	3600		264.20		  59388998		964.00
7314	1539841750	3600		264.09		  55514240		960.00
7314	1539845350	3600		263.91		  49773690		956.50
7314	1539848950	3600		263.85		  47710456		949.50
7314	1539852550	3600		263.70		  43119269		947.00
7314	1539856150	3600		263.53		  39421140		940.00
7314	1539859750	3600		263.43		  35845524		940.00
7314	1539862157	2407		263.11		  31548045		925.50
-999	1539863357	1200		262.25		         0		-999.00
-999	1539866957	3600		258.76		         0		-999.00
-999	1539870557	3600		259.11		         0		-999.00
-999	1539871567	1010		259.12		         0		-999.00
7315	1539872767	1200		264.79		  77251428		1001.00
7315	1539876367	3600		265.35		  93854719		1002.00
7315	1539879967	3600		265.14		  86907837		991.00
7315	1539883567	3600		264.87		  79923026		978.00
7315	1539887167	3600		264.67		  73481314		979.00
7315	1539890767	3600		264.50		  67750439		975.50
7315	1539894367	3600		264.31		  61201418		972.00
7315	1539897967	3600		264.17		  56599321		968.50
7315	1539901567	3600		264.04		  54411970		961.50
7315	1539905167	3600		263.90		  49729618		958.00
7315	1539908767	3600		263.88		  48944025		955.50
7315	1539912311	3544		263.63		  44932838		947.00
-999	1539913511	1200		262.05		         0		-999.00
-999	1539917111	3600		258.71		         0		-999.00
-999	1539920711	3600		259.05		         0		-999.00
-999	1539924007	3296		259.40		         0		-999.00
7317	1539925207	1200		265.58		  99874393		1023.00
7317	1539927350	2143		265.74		 107071826		1016.00
-999	1539928550	1200		262.05		         0		-999.00
-999	1539932150	3600		259.11		         0		-999.00
-999	1539935750	3600		262.28		         0		-999.00
-999	1539939350	3600		262.25		         0		-999.00
-999	1539942950	3600		259.18		         0		-999.00
-999	1539946550	3600		259.14		         0		-999.00
-999	1539950150	3600		259.25		         0		-999.00
-999	1539953346	3196		259.19		         0		-999.00
7320	1539954546	1200		265.55		  98021561		1032.00
7320	1539958146	3600		265.13		  84757862		1021.00
7320	1539961746	3600		265.44		  97137572		1013.00
7320	1539965346	3600		265.15		  89238958		1005.00
7320	1539968946	3600		264.94		  82361694		992.50
7320	1539972546	3600		264.67		  75283332		980.50
7320	1539976146	3600		264.48		  68932328		977.00
7320	1539979746	3600		264.31		  63360638		974.50
7320	1539983346	3600		264.18		  58900612		970.50
7320	1539986946	3600		264.10		  56414540		970.50
7320	1539990546	3600		263.97		  52130139		966.00
7320	1539994146	3600		263.88		  49090888		959.00
7320	1539997746	3600		263.66		  43693704		955.50
7320	1540001346	3600		263.55		  39903034		952.00
7320	1540004946	3600		263.44		  36270854		948.50
7320	1540007845	2899		263.24		  32090170		943.00
-999	1540009045	1200		262.14		         0		-999.00
-999	1540012645	3600		259.33		         0		-999.00
-999	1540016118	3473		259.28		         0		-999.00
7321	1540017318	1200		265.54		  97531105		1038.00
7321	1540020918	3600		265.76		 106705614		1023.00
7321	1540024518	3600		265.40		  96722978		1017.00
7321	1540028118	3600		265.15		  88461409		1010.00
7321	1540031718	3600		264.94		  81447846		1005.00
7321	1540035318	3600		264.71		  73983023		987.50
7321	1540038918	3600		264.54		  68220709		983.50
7321	1540042518	3600		264.30		  62459677		980.00
7321	1540046118	3600		264.21		  59466308		979.00
7321	1540049718	3600		264.04		  55426118		972.00
7321	1540053318	3600		263.88		  50238618		968.00
7321	1540056918	3600		263.78		  46781467		971.50
7321	1540060518	3600		263.69		  43881145		964.50
7321	1540064118	3600		263.58		  40235977		961.00
7321	1540067718	3600		263.42		  36760804		957.50
7321	1540069996	2278		263.16		  32129379		945.50
-999	1540071196	1200		259.02		         0		-999.00
-999	1540074796	3600		258.78		         0		-999.00
-999	1540078396	3600		259.31		         0		-999.00
-999	1540081996	3600		259.33		         0		-999.00
-999	1540085596	3600		259.33		         0		-999.00
-999	1540089035	3439		259.19		         0		-999.00
7324	1540090235	1200		265.42		  93888880		1043.00
7324	1540093835	3600		265.65		 101464725		1034.00
7324	1540097435	3600		265.33		  92706420		1024.00
7324	1540101035	3600		264.94		  85585097		1001.00
7324	1540104635	3600		264.90		  78531545		1007.00
7324	1540108235	3600		264.62		  71216364		1006.00
7324	1540111835	3600		264.44		  65708343		993.00
7324	1540115435	3600		264.22		  60153050		983.50
7324	1540119035	3600		264.11		  58334106		983.50
7324	1540122635	3600		264.00		  54747800		979.50
7324	1540124572	1937		263.57		  46536421		961.00
-999	1540125772	1200		262.34		         0		-999.00
-999	1540129372	3600		262.28		         0		-999.00
-999	1540132972	3600		258.87		         0		-999.00
-999	1540136572	3600		259.11		         0		-999.00
-999	1540140172	3600		259.05		         0		-999.00
-999	1540143772	3600		259.23		         0		-999.00
-999	1540147372	3600		259.25		         0		-999.00
-999	1540148981	1609		259.30		         0		-999.00
7328	1540150181	1200		265.75		 101776403		1053.00
7328	1540153781	3600		265.82		 108010878		1039.00
7328	1540157381	3600		265.57		  99668356		1038.00
7328	1540160981	3600		265.28		  92047199		1029.00
7328	1540164581	3600		265.11		  84438537		1023.00
7328	1540168181	3600		264.80		  77990340		1017.00
7328	1540171781	3600		264.60		  71499205		1012.00
7328	1540175381	3600		264.44		  66063949		1007.00
7328	1540178981	3600		264.27		  60482624		1004.00
7328	1540182581	3600		264.21		  58202722		1001.00
7328	1540185337	2756		263.85		  51837561		977.50
-999	1540186537	1200		262.36		         0		-999.00
-999	1540190137	3600		261.95		         0		-999.00
-999	1540193737	3600		262.18		         0		-999.00
-999	1540197337	3600		259.01		         0		-999.00
-999	1540200937	3600		259.11		         0		-999.00
-999	1540204537	3600		259.07		         0		-999.00
-999	1540208137	3600		259.11		         0		-999.00
-999	1540209983	1846		258.99		         0		-999.00
7331	1540211183	1200		265.41		  97941684		1037.00
7331	1540214783	3600		265.55		 104609768		1015.00
7331	1540218033	3250		265.34		  97623201		1017.00
-999	1540219233	1200		262.02		         0		-999.00
-999	1540222833	3600		261.96		         0		-999.00
-999	1540226433	3600		262.13		         0		-999.00
-999	1540230033	3600		259.14		         0		-999.00
-999	1540233633	3600		259.18		         0		-999.00
-999	1540235879	2246		259.25		         0		-999.00
7333	1540237079	1200		265.56		 103197043		1030.00
7333	1540240679	3600		265.67		 110709296		1023.00
7333	1540244279	3600		265.43		 101073844		1021.00
7333	1540247879	3600		265.14		  93275933		1012.00
7333	1540251479	3600		264.90		  85361735		1007.00
7333	1540255079	3600		264.66		  77480663		1002.00
7333	1540258679	3600		264.46		  72745184		987.00
7333	1540262279	3600		264.28		  66667658		980.00
7333	1540265879	3600		263.96		  61637678		931.50
7333	1540269479	3600		263.92		  60445276		962.50
7333	1540273079	3600		263.45		  56107886		900.50
7333	1540276679	3600		263.77		  51569431		966.00
7333	1540280279	3600		263.61		  46268436		965.50
7333	1540283879	3600		263.43		  42383081		956.50
7333	1540286140	2261		258.65		  36289260		 11.50
-999	1540287340	1200		262.22		         0		-999.00
-999	1540290940	3600		258.54		         0		-999.00
-999	1540294540	3600		259.19		         0		-999.00
-999	1540298140	3600		259.11		         0		-999.00
-999	1540298215	75		259.06		         0		-999.00
7334	1540299415	1200		264.77		  79101699		1016.00
7334	1540303015	3600		264.98		  87610958		1013.00
7334	1540306615	3600		264.81		  82160463		1008.00
7334	1540310215	3600		264.62		  75810590		1004.00
7334	1540313815	3600		264.44		  69630488		991.50
7334	1540317415	3600		264.23		  64704396		987.00
7334	1540321015	3600		264.07		  59310202		983.50
7334	1540324615	3600		263.97		  56113715		982.50
7334	1540328215	3600		263.84		  53625104		975.00
7334	1540331815	3600		263.72		  49746172		974.50
7334	1540335415	3600		263.62		  46671172		971.50
7334	1540339015	3600		263.47		  41601177		964.50
7334	1540342615	3600		263.32		  38594413		960.50
7334	1540346215	3600		258.88		  34123591		 10.50
7334	1540346492	277		258.77		  35402827		 10.50
-999	1540347692	1200		262.10		         0		-999.00
-999	1540351292	3600		255.46		         0		-999.00
-999	1540354892	3600		255.52		         0		-999.00
-999	1540358492	3600		255.55		         0		-999.00
-999	1540362092	3600		255.45		         0		-999.00
-999	1540365692	3600		255.45		         0		-999.00
-999	1540369292	3600		255.64		         0		-999.00
-999	1540372892	3600		255.38		         0		-999.00
-999	1540376492	3600		255.43		         0		-999.00
-999	1540380092	3600		255.48		         0		-999.00
-999	1540383692	3600		255.53		         0		-999.00
-999	1540387292	3600		255.58		         0		-999.00
-999	1540390892	3600		255.53		         0		-999.00
-999	1540394492	3600		255.47		         0		-999.00
-999	1540398092	3600		255.37		         0		-999.00
-999	1540401692	3600		255.58		         0		-999.00
-999	1540405292	3600		255.53		         0		-999.00
-999	1540408892	3600		255.38		         0		-999.00
-999	1540412492	3600		255.38		         0		-999.00
-999	1540416092	3600		255.43		         0		-999.00
-999	1540419692	3600		255.45		         0		-999.00
-999	1540423292	3600		255.55		         0		-999.00
-999	1540426892	3600		255.44		         0		-999.00
-999	1540430492	3600		255.34		         0		-999.00
-999	1540434092	3600		255.55		         0		-999.00
-999	1540437692	3600		255.44		         0		-999.00
-999	1540441292	3600		255.55		         0		-999.00
-999	1540444892	3600		255.44		         0		-999.00
-999	1540448492	3600		255.44		         0		-999.00
-999	1540452092	3600		255.34		         0		-999.00
-999	1540455692	3600		255.45		         0		-999.00
-999	1540459292	3600		255.49		         0		-999.00
-999	1540462892	3600		255.44		         0		-999.00
-999	1540466492	3600		255.55		         0		-999.00
-999	1540470092	3600		255.55		         0		-999.00
-999	1540473692	3600		255.44		         0		-999.00
-999	1540477292	3600		255.34		         0		-999.00
-999	1540480892	3600		255.55		         0		-999.00
-999	1540484492	3600		255.45		         0		-999.00
-999	1540488092	3600		255.55		         0		-999.00
-999	1540491692	3600		255.44		         0		-999.00
-999	1540495292	3600		255.34		         0		-999.00
-999	1540498892	3600		255.50		         0		-999.00
-999	1540502492	3600		255.55		         0		-999.00
-999	1540506092	3600		255.45		         0		-999.00
-999	1540509692	3600		255.50		         0		-999.00
-999	1540513292	3600		255.55		         0		-999.00
-999	1540516892	3600		255.45		         0		-999.00
-999	1540520492	3600		258.91		         0		-999.00
-999	1540524092	3600		259.08		         0		-999.00
-999	1540527084	2992		259.19		         0		-999.00
7358	1540528284	1200		262.04		   2392492		925.00
7358	1540531884	3600		262.07		   3640433		923.00
7358	1540534973	3089		262.15		   2132707		930.00
-999	1540536173	1200		255.48		         0		-999.00
-999	1540539773	3600		255.53		         0		-999.00
-999	1540543373	3600		255.48		         0		-999.00
-999	1540546973	3600		255.49		         0		-999.00
-999	1540550573	3600		255.60		         0		-999.00
-999	1540554173	3600		255.53		         0		-999.00
-999	1540557773	3600		255.36		         0		-999.00
-999	1540561373	3600		255.45		         0		-999.00
-999	1540564973	3600		255.45		         0		-999.00
-999	1540568573	3600		255.55		         0		-999.00
-999	1540572173	3600		255.40		         0		-999.00
-999	1540575773	3600		255.53		         0		-999.00
-999	1540579373	3600		255.58		         0		-999.00
-999	1540582973	3600		255.59		         0		-999.00
-999	1540586573	3600		255.55		         0		-999.00
-999	1540590173	3600		255.64		         0		-999.00
-999	1540593773	3600		255.52		         0		-999.00
-999	1540597373	3600		255.55		         0		-999.00
-999	1540600973	3600		255.55		         0		-999.00
-999	1540604573	3600		255.55		         0		-999.00
-999	1540608173	3600		255.55		         0		-999.00
-999	1540611773	3600		255.52		         0		-999.00
-999	1540615373	3600		255.52		         0		-999.00
-999	1540618973	3600		255.45		         0		-999.00
-999	1540622573	3600		255.45		         0		-999.00
-999	1540626173	3600		255.67		         0		-999.00
-999	1540629773	3600		255.44		         0		-999.00
-999	1540633373	3600		255.45		         0		-999.00
-999	1540636973	3600		255.34		         0		-999.00
-999	1540640573	3600		255.51		         0		-999.00
-999	1540644173	3600		255.55		         0		-999.00
-999	1540647773	3600		255.55		         0		-999.00
-999	1540651373	3600		255.43		         0		-999.00
-999	1540654973	3600		255.67		         0		-999.00
-999	1540658573	3600		255.34		         0		-999.00
-999	1540662173	3600		255.67		         0		-999.00
-999	1540665773	3600		255.58		         0		-999.00
-999	1540669373	3600		255.65		         0		-999.00
-999	1540672973	3600		255.55		         0		-999.00
-999	1540676573	3600		255.34		         0		-999.00
-999	1540680173	3600		255.55		         0		-999.00
-999	1540683773	3600		255.55		         0		-999.00
-999	1540687373	3600		255.42		         0		-999.00
-999	1540694573	3600		255.53		         0		-999.00
-999	1540698173	3600		255.65		         0		-999.00
-999	1540701773	3600		255.55		         0		-999.00
-999	1540705373	3600		255.40		         0		-999.00
-999	1540708973	3600		255.55		         0		-999.00
-999	1540712573	3600		255.45		         0		-999.00
-999	1540716173	3600		255.55		         0		-999.00
-999	1540719773	3600		255.33		         0		-999.00
-999	1540723373	3600		255.55		         0		-999.00
-999	1540726973	3600		255.55		         0		-999.00
-999	1540730573	3600		255.40		         0		-999.00
-999	1540734173	3600		255.44		         0		-999.00
-999	1540737773	3600		255.53		         0		-999.00
-999	1540741373	3600		255.53		         0		-999.00
-999	1540744973	3600		255.53		         0		-999.00
-999	1540748573	3600		255.47		         0		-999.00
-999	1540752173	3600		255.53		         0		-999.00
-999	1540755773	3600		255.47		         0		-999.00
-999	1540759373	3600		255.45		         0		-999.00
-999	1540762973	3600		255.34		         0		-999.00
-999	1540766573	3600		255.45		         0		-999.00
-999	1540770173	3600		255.55		         0		-999.00
-999	1540773773	3600		255.51		         0		-999.00
-999	1540777373	3600		255.60		         0		-999.00
-999	1540780973	3600		255.52		         0		-999.00
-999	1540784573	3600		255.52		         0		-999.00
-999	1540788173	3600		255.47		         0		-999.00
-999	1540791773	3600		255.58		         0		-999.00
-999	1540795373	3600		255.34		         0		-999.00
-999	1540798973	3600		255.40		         0		-999.00
-999	1540802573	3600		255.67		         0		-999.00
-999	1540806173	3600		255.55		         0		-999.00
-999	1540809773	3600		255.47		         0		-999.00
-999	1540813373	3600		255.45		         0		-999.00
-999	1540816973	3600		255.40		         0		-999.00
-999	1540820573	3600		255.40		         0		-999.00
-999	1540824173	3600		255.49		         0		-999.00
-999	1540827773	3600		255.43		         0		-999.00
-999	1540831373	3600		255.50		         0		-999.00
-999	1540834973	3600		255.55		         0		-999.00
-999	1540838573	3600		255.44		         0		-999.00
-999	1540842173	3600		255.50		         0		-999.00
-999	1540845773	3600		255.45		         0		-999.00
-999	1540849373	3600		255.50		         0		-999.00
-999	1540852973	3600		255.40		         0		-999.00
-999	1540856573	3600		255.43		         0		-999.00
-999	1540860173	3600		255.45		         0		-999.00
-999	1540863773	3600		255.55		         0		-999.00
-999	1540867373	3600		255.55		         0		-999.00
-999	1540870973	3600		255.43		         0		-999.00
-999	1540874573	3600		255.55		         0		-999.00
-999	1540878173	3600		255.52		         0		-999.00
-999	1540881773	3600		255.43		         0		-999.00
-999	1540885373	3600		255.59		         0		-999.00
-999	1540888973	3600		255.53		         0		-999.00
-999	1540892573	3600		255.61		         0		-999.00
-999	1540896173	3600		255.39		         0		-999.00
-999	1540899773	3600		255.45		         0		-999.00
-999	1540903373	3600		255.45		         0		-999.00
-999	1540906973	3600		255.55		         0		-999.00
-999	1540910573	3600		255.44		         0		-999.00
-999	1540914173	3600		255.45		         0		-999.00
-999	1540917773	3600		255.55		         0		-999.00
-999	1540921373	3600		255.50		         0		-999.00
-999	1540924973	3600		255.55		         0		-999.00
-999	1540928573	3600		255.55		         0		-999.00
-999	1540932173	3600		255.55		         0		-999.00
-999	1540935773	3600		255.45		         0		-999.00
-999	1540939373	3600		255.45		         0		-999.00
-999	1540942973	3600		255.55		         0		-999.00
-999	1540946573	3600		255.45		         0		-999.00
-999	1540950173	3600		255.67		         0		-999.00
-999	1540953773	3600		255.55		         0		-999.00
-999	1540957373	3600		255.55		         0		-999.00
-999	1540960973	3600		255.39		         0		-999.00
-999	1540964573	3600		255.50		         0		-999.00
-999	1540968173	3600		255.71		         0		-999.00
-999	1540971773	3600		255.87		         0		-999.00
-999	1540975373	3600		255.48		         0		-999.00
-999	1540978973	3600		257.41		         0		-999.00
-999	1540982573	3600		262.14		         0		-999.00
-999	1540986173	3600		262.10		         0		-999.00
-999	1540989773	3600		261.60		         0		-999.00
-999	1540993373	3600		261.66		         0		-999.00
-999	1540996973	3600		261.66		         0		-999.00
-999	1541000573	3600		262.13		         0		-999.00
-999	1541004173	3600		261.83		         0		-999.00
-999	1541007773	3600		262.11		         0		-999.00
-999	1541011373	3600		262.05		         0		-999.00
-999	1541014973	3600		262.11		         0		-999.00
-999	1541018573	3600		262.05		         0		-999.00
-999	1541022173	3600		262.12		         0		-999.00
-999	1541025773	3600		261.89		         0		-999.00
-999	1541029373	3600		262.23		         0		-999.00
-999	1541032973	3600		262.34		         0		-999.00
-999	1541036573	3600		261.97		         0		-999.00
-999	1541040173	3600		262.33		         0		-999.00
-999	1541043773	3600		262.33		         0		-999.00
-999	1541047373	3600		262.33		         0		-999.00
-999	1541050973	3600		262.33		         0		-999.00
-999	1541054573	3600		261.86		         0		-999.00
-999	1541058173	3600		262.33		         0		-999.00
-999	1541061773	3600		261.86		         0		-999.00
-999	1541065373	3600		262.12		         0		-999.00
-999	1541068973	3600		262.12		         0		-999.00
-999	1541072573	3600		262.12		         0		-999.00
-999	1541076173	3600		262.12		         0		-999.00
-999	1541079773	3600		262.06		         0		-999.00
-999	1541083373	3600		262.10		         0		-999.00
-999	1541086973	3600		262.21		         0		-999.00
-999	1541090573	3600		262.09		         0		-999.00
-999	1541094173	3600		262.09		         0		-999.00
-999	1541097773	3600		262.33		         0		-999.00
-999	1541101373	3600		262.33		         0		-999.00
-999	1541104973	3600		262.33		         0		-999.00
-999	1541108573	3600		262.33		         0		-999.00
-999	1541112173	3600		262.30		         0		-999.00
-999	1541115773	3600		262.30		         0		-999.00
-999	1541119373	3600		262.30		         0		-999.00
-999	1541122973	3600		262.30		         0		-999.00
-999	1541126573	3600		262.30		         0		-999.00
-999	1541130173	3600		262.30		         0		-999.00
-999	1541133773	3600		262.30		         0		-999.00
-999	1541137373	3600		262.30		         0		-999.00
-999	1541140973	3600		262.13		         0		-999.00
-999	1541144573	3600		262.30		         0		-999.00
-999	1541148173	3600		258.72		         0		-999.00
-999	1541151773	3600		258.89		         0		-999.00
-999	1541155373	3600		258.95		         0		-999.00
-999	1541158973	3600		258.95		         0		-999.00
-999	1541162573	3600		258.87		         0		-999.00
-999	1541166173	3600		258.97		         0		-999.00
-999	1541169773	3600		258.93		         0		-999.00
-999	1541173373	3600		258.90		         0		-999.00
-999	1541176973	3600		258.88		         0		-999.00
-999	1541180573	3600		262.23		         0		-999.00
-999	1541184173	3600		262.09		         0		-999.00
-999	1541187773	3600		262.08		         0		-999.00
-999	1541191373	3600		258.82		         0		-999.00
-999	1541194973	3600		259.13		         0		-999.00
-999	1541198573	3600		259.16		         0		-999.00
-999	1541202173	3600		259.13		         0		-999.00
-999	1541205773	3600		259.11		         0		-999.00
-999	1541209373	3600		259.11		         0		-999.00
-999	1541212973	3600		259.11		         0		-999.00
-999	1541216573	3600		259.11		         0		-999.00
-999	1541220173	3600		259.06		         0		-999.00
-999	1541223773	3600		259.06		         0		-999.00
-999	1541227373	3600		259.06		         0		-999.00
-999	1541230973	3600		259.12		         0		-999.00
-999	1541234573	3600		262.29		         0		-999.00
-999	1541238173	3600		262.28		         0		-999.00
-999	1541241773	3600		262.28		         0		-999.00
-999	1541245373	3600		262.16		         0		-999.00
-999	1541248973	3600		262.28		         0		-999.00
-999	1541252573	3600		262.28		         0		-999.00
-999	1541256173	3600		262.28		         0		-999.00
-999	1541259773	3600		258.77		         0		-999.00
-999	1541263373	3600		259.11		         0		-999.00
-999	1541266973	3600		258.99		         0		-999.00
-999	1541270573	3600		259.11		         0		-999.00
-999	1541274173	3600		259.11		         0		-999.00
-999	1541277773	3600		259.11		         0		-999.00
-999	1541281373	3600		259.11		         0		-999.00
-999	1541284973	3600		259.11		         0		-999.00
-999	1541288573	3600		259.11		         0		-999.00
-999	1541292173	3600		259.11		         0		-999.00
-999	1541295773	3600		258.94		         0		-999.00
-999	1541299373	3600		259.19		         0		-999.00
-999	1541302973	3600		262.31		         0		-999.00
-999	1541306573	3600		259.08		         0		-999.00
-999	1541310173	3600		258.99		         0		-999.00
-999	1541313773	3600		259.13		         0		-999.00
-999	1541317373	3600		259.08		         0		-999.00
-999	1541320973	3600		258.85		         0		-999.00
-999	1541324573	3600		259.18		         0		-999.00
-999	1541328173	3600		259.11		         0		-999.00
-999	1541331773	3600		258.89		         0		-999.00
-999	1541335373	3600		259.11		         0		-999.00
-999	1541338973	3600		259.11		         0		-999.00
-999	1541342573	3600		259.11		         0		-999.00
-999	1541346173	3600		259.11		         0		-999.00
-999	1541349773	3600		259.11		         0		-999.00
-999	1541353373	3600		259.19		         0		-999.00
-999	1541356973	3600		259.07		         0		-999.00
-999	1541360573	3600		259.16		         0		-999.00
-999	1541364173	3600		259.16		         0		-999.00
-999	1541367773	3600		259.16		         0		-999.00
-999	1541371373	3600		259.19		         0		-999.00
-999	1541374973	3600		259.14		         0		-999.00
-999	1541378573	3600		259.14		         0		-999.00
-999	1541379670	1097		258.90		         0		-999.00
7406	1541380870	1200		262.15		      5080		941.00
7406	1541384470	3600		262.21		      4560		949.50
7406	1541385214	744		262.21		      4198		953.00
-999	1541386414	1200		259.08		         0		-999.00
-999	1541388838	2424		259.03		         0		-999.00
7407	1541390038	1200		262.15		      5180		944.00
7407	1541393638	3600		262.15		      4639		947.50
7407	1541395651	2013		262.21		      4209		951.00
-999	1541396851	1200		258.65		         0		-999.00
-999	1541400451	3600		262.29		         0		-999.00
-999	1541404051	3600		262.28		         0		-999.00
-999	1541407651	3600		261.88		         0		-999.00
-999	1541411251	3600		261.91		         0		-999.00
-999	1541414851	3600		262.19		         0		-999.00
-999	1541418451	3600		261.67		         0		-999.00
-999	1541422051	3600		261.82		         0		-999.00
-999	1541425651	3600		261.84		         0		-999.00
-999	1541429251	3600		261.89		         0		-999.00
-999	1541432851	3600		261.72		         0		-999.00
-999	1541436451	3600		262.05		         0		-999.00
-999	1541440051	3600		262.00		         0		-999.00
-999	1541443651	3600		262.11		         0		-999.00
-999	1541447251	3600		262.06		         0		-999.00
-999	1541450851	3600		261.79		         0		-999.00
-999	1541454451	3600		261.79		         0		-999.00
-999	1541458051	3600		262.13		         0		-999.00
-999	1541461651	3600		261.65		         0		-999.00
-999	1541465251	3600		261.93		         0		-999.00
-999	1541468851	3600		261.72		         0		-999.00
-999	1541472451	3600		262.11		         0		-999.00
-999	1541476051	3600		261.94		         0		-999.00
-999	1541479651	3600		262.08		         0		-999.00
-999	1541483251	3600		262.08		         0		-999.00
-999	1541486851	3600		262.07		         0		-999.00
-999	1541490451	3600		262.11		         0		-999.00
-999	1541494051	3600		261.76		         0		-999.00
-999	1541497651	3600		261.94		         0		-999.00
-999	1541501251	3600		261.94		         0		-999.00
-999	1541504851	3600		261.94		         0		-999.00
-999	1541508451	3600		261.91		         0		-999.00
-999	1541512051	3600		261.77		         0		-999.00
-999	1541515651	3600		262.01		         0		-999.00
-999	1541519251	3600		261.85		         0		-999.00
-999	1541522851	3600		261.60		         0		-999.00
-999	1541526451	3600		262.08		         0		-999.00
-999	1541530051	3600		261.82		         0		-999.00
-999	1541533651	3600		262.02		         0		-999.00
-999	1541537251	3600		262.08		         0		-999.00
-999	1541540851	3600		262.08		         0		-999.00
-999	1541544451	3600		262.08		         0		-999.00
-999	1541548051	3600		262.08		         0		-999.00
-999	1541551651	3600		262.08		         0		-999.00
-999	1541555251	3600		262.08		         0		-999.00
-999	1541558851	3600		262.08		         0		-999.00
-999	1541562451	3600		261.65		         0		-999.00
-999	1541566051	3600		261.99		         0		-999.00
-999	1541569651	3600		262.17		         0		-999.00
-999	1541573251	3600		262.08		         0		-999.00
-999	1541576851	3600		261.73		         0		-999.00
-999	1541580451	3600		261.91		         0		-999.00
-999	1541584051	3600		262.10		         0		-999.00
-999	1541587651	3600		262.17		         0		-999.00
-999	1541591251	3600		262.16		         0		-999.00
-999	1541594851	3600		261.65		         0		-999.00
-999	1541598451	3600		262.16		         0		-999.00
-999	1541602051	3600		261.87		         0		-999.00
-999	1541605651	3600		261.94		         0		-999.00
-999	1541609251	3600		262.16		         0		-999.00
-999	1541612851	3600		262.11		         0		-999.00
-999	1541616451	3600		262.16		         0		-999.00
-999	1541620051	3600		262.06		         0		-999.00
-999	1541623651	3600		262.05		         0		-999.00
-999	1541627251	3600		262.05		         0		-999.00
-999	1541630851	3600		261.96		         0		-999.00
-999	1541634451	3600		262.08		         0		-999.00
-999	1541638051	3600		262.11		         0		-999.00
-999	1541641651	3600		262.05		         0		-999.00
-999	1541645251	3600		262.08		         0		-999.00
-999	1541648851	3600		262.08		         0		-999.00
-999	1541652451	3600		262.08		         0		-999.00
-999	1541656051	3600		262.08		         0		-999.00
-999	1541659651	3600		262.36		         0		-999.00
-999	1541663251	3600		262.08		         0		-999.00
-999	1541666851	3600		261.82		         0		-999.00
-999	1541670451	3600		262.23		         0		-999.00
-999	1541674051	3600		258.99		         0		-999.00
-999	1541677651	3600		259.08		         0		-999.00
-999	1541681251	3600		258.96		         0		-999.00
-999	1541684851	3600		258.79		         0		-999.00
-999	1541688451	3600		258.84		         0		-999.00
-999	1541692051	3600		258.73		         0		-999.00
-999	1541695651	3600		258.82		         0		-999.00
-999	1541699251	3600		259.04		         0		-999.00
-999	1541702851	3600		259.04		         0		-999.00
-999	1541704762	1911		259.19		         0		-999.00
7427	1541705962	1200		262.08		         0		934.50
7427	1541709562	3600		262.20		         0		941.00
7427	1541713162	3600		261.84		         0		912.00
7427	1541716762	3600		262.20		         0		953.00
7427	1541720362	3600		262.25		         0		953.50
7427	1541723962	3600		258.79		         0		  9.50
7427	1541727562	3600		259.07		         0		  9.50
7427	1541730071	2509		259.13		         0		  9.50
-999	1541731271	1200		262.16		         0		-999.00
-999	1541734871	3600		259.06		         0		-999.00
-999	1541737501	2630		259.16		         0		-999.00
7428	1541738701	1200		262.16		         0		939.50
7428	1541742301	3600		262.22		         0		950.50
7428	1541745901	3600		262.22		         0		954.50
7428	1541748853	2952		258.88		         0		 11.50
-999	1541750053	1200		262.36		         0		-999.00
-999	1541753653	3600		259.06		         0		-999.00
-999	1541757253	3600		258.67		         0		-999.00
-999	1541760853	3600		258.88		         0		-999.00
-999	1541764453	3600		259.10		         0		-999.00
-999	1541768053	3600		258.77		         0		-999.00
-999	1541771653	3600		259.16		         0		-999.00
-999	1541775253	3600		262.30		         0		-999.00
-999	1541778853	3600		258.96		         0		-999.00
-999	1541782453	3600		259.08		         0		-999.00
-999	1541786053	3600		259.01		         0		-999.00
-999	1541789653	3600		259.08		         0		-999.00
-999	1541793253	3600		258.76		         0		-999.00
-999	1541796853	3600		259.11		         0		-999.00
-999	1541800453	3600		258.58		         0		-999.00
-999	1541801729	1276		259.24		         0		-999.00
7433	1541802929	1200		261.83		         0		884.50
7433	1541806529	3600		261.89		         3		861.00
7433	1541810129	3600		262.11		         3		908.50
7433	1541813729	3600		262.11		         3		907.00
7433	1541816982	3253		262.11		         2		907.50
-999	1541818182	1200		262.23		         0		-999.00
-999	1541821782	3600		262.06		         0		-999.00
-999	1541825382	3600		262.12		         0		-999.00
-999	1541828982	3600		262.12		         0		-999.00
-999	1541832582	3600		262.23		         0		-999.00
-999	1541836182	3600		262.34		         0		-999.00
-999	1541839782	3600		262.34		         0		-999.00
-999	1541843382	3600		262.34		         0		-999.00
-999	1541846982	3600		262.34		         0		-999.00
-999	1541850582	3600		262.34		         0		-999.00
-999	1541854182	3600		259.08		         0		-999.00
-999	1541857782	3600		259.08		         0		-999.00
-999	1541861176	3394		259.05		         0		-999.00
7435	1541862376	1200		261.70		         5		874.50
7435	1541865976	3600		262.05		         5		899.50
7435	1541869576	3600		262.05		         3		899.50
7435	1541873176	3600		262.05		         3		902.00
7435	1541876776	3600		262.05		         1		899.50
7435	1541880376	3600		259.18		         1		 10.00
7435	1541881359	983		259.18		         0		 10.00
-999	1541882559	1200		262.30		         0		-999.00
-999	1541886159	3600		258.80		         0		-999.00
-999	1541889759	3600		259.07		         0		-999.00
-999	1541893359	3600		259.28		         0		-999.00
-999	1541893540	181		259.28		         0		-999.00
7436	1541894740	1200		261.85		        15		886.50
7436	1541898340	3600		262.03		        12		899.50
7436	1541901940	3600		261.85		         8		882.50
7436	1541905540	3600		262.02		         6		898.50
7436	1541909140	3600		262.02		         5		899.50
7436	1541912740	3600		262.02		         5		896.00
7436	1541913797	1057		259.19		         0		 11.50
-999	1541914997	1200		262.31		         0		-999.00
-999	1541918597	3600		259.06		         0		-999.00
-999	1541922197	3600		259.06		         0		-999.00
-999	1541925797	3600		259.05		         0		-999.00
-999	1541929397	3600		258.87		         0		-999.00
-999	1541930043	646		259.05		         0		-999.00
7437	1541931243	1200		262.06		        15		903.00
7437	1541934843	3600		262.06		        12		901.50
7437	1541938443	3600		262.06		         8		898.50
7437	1541942043	3600		259.08		         6		 11.50
7437	1541944030	1987		259.08		         3		 11.50
-999	1541945230	1200		262.19		         0		-999.00
-999	1541948830	3600		258.69		         0		-999.00
-999	1541952430	3600		259.07		         0		-999.00
-999	1541956030	3600		259.07		         0		-999.00
-999	1541959110	3080		259.05		         0		-999.00
7438	1541960310	1200		261.99		        10		898.00
7438	1541963910	3600		261.99		        10		900.50
7438	1541967510	3600		261.99		         8		899.50
7438	1541971110	3600		261.99		         6		896.00
7438	1541974710	3600		261.89		         5		877.50
7438	1541978310	3600		261.99		         5		894.00
7438	1541981910	3600		261.99		         3		897.50
7438	1541983104	1194		262.05		         0		896.00
-999	1541984304	1200		262.25		         0		-999.00
-999	1541987904	3600		259.06		         0		-999.00
-999	1541991504	3600		259.00		         0		-999.00
-999	1541995104	3600		259.06		         0		-999.00
-999	1541998704	3600		259.06		         0		-999.00
-999	1542001295	2591		259.16		         0		-999.00
7439	1542002495	1200		261.94		        10		890.00
7439	1542006095	3600		262.06		        15		900.50
7439	1542009695	3600		262.05		        12		899.50
7439	1542013295	3600		262.05		         8		896.00
7439	1542016895	3600		261.82		         6		851.00
7439	1542020495	3600		261.99		         6		897.00
7439	1542024095	3600		261.99		         5		897.00
7439	1542026471	2376		262.04		         3		889.50
-999	1542027671	1200		259.16		         0		-999.00
-999	1542031271	3600		259.16		         0		-999.00
-999	1542034871	3600		259.13		         0		-999.00
-999	1542038471	3600		259.02		         0		-999.00
-999	1542042071	3600		259.13		         0		-999.00
-999	1542045671	3600		259.31		         0		-999.00
-999	1542045735	64		259.31		         0		-999.00
7440	1542046935	1200		261.77		        15		876.50
7440	1542050535	3600		262.05		        17		898.00
7440	1542054135	3600		262.05		        13		898.00
7440	1542057735	3600		261.87		        10		858.50
7440	1542061335	3600		261.99		         8		895.50
7440	1542064935	3600		262.11		         3		902.50
7440	1542068535	3600		262.06		         0		902.50
7440	1542072135	3600		262.06		         0		906.50
7440	1542073432	1297		262.06		         0		906.50
-999	1542074632	1200		259.13		         0		-999.00
-999	1542078232	3600		259.01		         0		-999.00
-999	1542081832	3600		259.01		         0		-999.00
-999	1542085432	3600		258.55		         0		-999.00
-999	1542086935	1503		259.22		         0		-999.00
7441	1542088135	1200		261.77		        10		876.50
7441	1542091735	3600		262.11		         0		906.50
7441	1542095335	3600		262.06		         0		907.50
7441	1542098935	3600		262.06		         0		907.50
7441	1542102535	3600		262.16		         0		920.00
7441	1542106135	3600		262.11		         0		913.00
7441	1542109735	3600		262.00		         0		901.50
7441	1542113335	3600		261.92		         1		878.00
7441	1542113689	354		261.91		         0		878.00
-999	1542114889	1200		262.13		         0		-999.00
-999	1542118489	3600		262.31		         0		-999.00
-999	1542122089	3600		261.91		         0		-999.00
-999	1542125689	3600		258.89		         0		-999.00
-999	1542129289	3600		259.01		         0		-999.00
-999	1542131775	2486		258.99		         0		-999.00
7442	1542132975	1200		261.88		        10		884.00
7442	1542136575	3600		262.24		         8		951.50
7442	1542140175	3600		261.88		         3		881.50
7442	1542143775	3600		262.06		         1		893.00
7442	1542145549	1774		262.00		         4		889.00
-999	1542146749	1200		262.28		         0		-999.00
-999	1542150349	3600		262.12		         0		-999.00
-999	1542153949	3600		261.86		         0		-999.00
-999	1542157549	3600		262.07		         0		-999.00
-999	1542161149	3600		262.01		         0		-999.00
-999	1542164749	3600		262.01		         0		-999.00
-999	1542168349	3600		262.11		         0		-999.00
-999	1542171949	3600		262.06		         0		-999.00
-999	1542175549	3600		262.22		         0		-999.00
-999	1542179149	3600		259.08		         0		-999.00
-999	1542182749	3600		262.34		         0		-999.00
-999	1542186349	3600		262.12		         0		-999.00
-999	1542189949	3600		262.12		         0		-999.00
-999	1542193549	3600		262.30		         0		-999.00
-999	1542197149	3600		262.25		         0		-999.00
-999	1542200749	3600		258.99		         0		-999.00
-999	1542204349	3600		259.05		         0		-999.00
-999	1542207949	3600		259.08		         0		-999.00
-999	1542208537	588		259.08		         0		-999.00
7443	1542209737	1200		262.20		        10		910.50
7443	1542213337	3600		262.00		         6		893.00
7443	1542216937	3600		262.10		         3		935.50
7443	1542220537	3600		261.83		         3		876.50
7443	1542224137	3600		262.05		         1		900.50
7443	1542227737	3600		262.34		         3		950.50
7443	1542230151	2414		261.87		         5		879.00
-999	1542231351	1200		258.96		         0		-999.00
-999	1542234951	3600		259.08		         0		-999.00
-999	1542238551	3600		259.08		         0		-999.00
-999	1542242151	3600		258.62		         0		-999.00
-999	1542243419	1268		259.26		         0		-999.00
7444	1542244619	1200		261.75		        15		878.50
7444	1542248219	3600		262.03		        13		896.00
7444	1542251819	3600		262.03		        13		892.50
7444	1542255419	3600		262.03		        12		896.00
7444	1542259019	3600		262.03		        10		892.50
7444	1542262619	3600		261.97		         8		892.50
7444	1542266219	3600		261.97		         6		892.50
7444	1542269819	3600		259.13		         5		 11.50
7444	1542269906	87		259.25		         0		 11.50
-999	1542271106	1200		261.95		         0		-999.00
-999	1542274706	3600		262.07		         0		-999.00
-999	1542278306	3600		262.19		         0		-999.00
-999	1542281906	3600		262.22		         0		-999.00
-999	1542285506	3600		262.22		         0		-999.00
-999	1542289106	3600		262.22		         0		-999.00
-999	1542292706	3600		259.01		         0		-999.00
-999	1542296306	3600		259.06		         0		-999.00
-999	1542299906	3600		258.54		         0		-999.00
-999	1542303506	3600		258.88		         0		-999.00
-999	1542305639	2133		259.31		         0		-999.00
7446	1542306839	1200		261.80		        15		874.50
7446	1542310439	3600		262.02		        13		896.00
7446	1542314039	3600		262.02		        13		896.00
7446	1542317639	3600		262.02		        13		892.50
7446	1542321239	3600		262.02		        10		892.50
7446	1542324839	3600		262.02		         8		892.50
7446	1542328439	3600		262.02		         6		892.50
7446	1542332039	3600		259.19		         5		 10.00
7446	1542332137	98		259.25		         0		 10.00
-999	1542333337	1200		258.82		         0		-999.00
-999	1542336937	3600		259.13		         0		-999.00
-999	1542340537	3600		259.26		         0		-999.00
-999	1542344137	3600		259.05		         0		-999.00
-999	1542347737	3600		258.94		         0		-999.00
-999	1542349926	2189		259.17		         0		-999.00
7448	1542351126	1200		261.77		        10		875.50
7448	1542354726	3600		262.05		        13		900.00
7448	1542358326	3600		262.05		        13		900.00
7448	1542361926	3600		262.05		        13		899.50
7448	1542365526	3600		262.05		        12		896.00
7448	1542369126	3600		262.05		         8		896.00
7448	1542372726	3600		262.05		         6		896.00
7448	1542376326	3600		262.17		         6		 10.00
7448	1542376477	151		262.17		         0		 10.00
-999	1542377677	1200		262.34		         0		-999.00
-999	1542381277	3600		258.99		         0		-999.00
-999	1542384877	3600		258.67		         0		-999.00
-999	1542385871	994		258.93		         0		-999.00
7449	1542387071	1200		262.04		        10		894.00
7449	1542390671	3600		262.04		        13		898.00
7449	1542394271	3600		262.04		        13		898.00
7449	1542397871	3600		262.04		        13		898.00
7449	1542401471	3600		262.04		        12		898.00
7449	1542405071	3600		262.04		         8		894.50
7449	1542408671	3600		262.04		         6		894.50
7449	1542412271	3600		259.13		         5		 53.00
7449	1542412457	186		259.19		         0		 10.50
-999	1542413657	1200		262.29		         0		-999.00
-999	1542417257	3600		259.08		         0		-999.00
-999	1542420857	3600		258.81		         0		-999.00
-999	1542421820	963		259.34		         0		-999.00
7450	1542423020	1200		261.82		        15		880.50
7450	1542426620	3600		262.05		        13		898.50
7450	1542430220	3600		262.05		        13		895.00
7450	1542433820	3600		262.06		        12		895.00
7450	1542437420	3600		262.06		        10		895.00
7450	1542441020	3600		262.06		         8		895.00
7450	1542444620	3600		262.06		         6		895.00
7450	1542448220	3600		259.18		         5		  9.50
7450	1542448221	1		259.18		         0		  9.50
-999	1542449421	1200		262.29		         0		-999.00
-999	1542453021	3600		261.92		         0		-999.00
-999	1542456621	3600		262.02		         0		-999.00
-999	1542460221	3600		262.31		         0		-999.00
-999	1542463821	3600		258.72		         0		-999.00
-999	1542467421	3600		258.67		         0		-999.00
-999	1542471021	3600		262.06		         0		-999.00
-999	1542474621	3600		262.12		         0		-999.00
-999	1542478221	3600		262.24		         0		-999.00
-999	1542481821	3600		262.24		         0		-999.00
-999	1542485421	3600		262.24		         0		-999.00
-999	1542489021	3600		262.24		         0		-999.00
-999	1542492621	3600		262.24		         0		-999.00
-999	1542496221	3600		262.24		         0		-999.00
-999	1542499821	3600		262.24		         0		-999.00
-999	1542503421	3600		262.24		         0		-999.00
-999	1542507021	3600		262.24		         0		-999.00
-999	1542510621	3600		262.24		         0		-999.00
-999	1542514221	3600		259.16		         0		-999.00
-999	1542517821	3600		258.65		         0		-999.00
-999	1542519376	1555		259.28		         0		-999.00
7453	1542520576	1200		261.77		        15		872.50
7453	1542524176	3600		261.77		        13		842.00
7453	1542527776	3600		262.05		        13		894.00
7453	1542531376	3600		262.05		        13		894.00
7453	1542534976	3600		262.05		        12		894.00
7453	1542538576	3600		262.05		         8		896.50
7453	1542542176	3600		262.05		         6		893.50
7453	1542545776	3600		262.05		         6		893.50
7453	1542549376	3600		262.05		         5		893.50
7453	1542552976	3600		262.11		         5		895.00
7453	1542556576	3600		259.29		         3		 11.50
7453	1542560176	3600		261.87		         3		880.50
7453	1542563776	3600		262.05		         3		894.50
7453	1542564598	822		262.05		         0		894.50
-999	1542565798	1200		262.29		         0		-999.00
-999	1542569398	3600		262.16		         0		-999.00
-999	1542572998	3600		259.06		         0		-999.00
-999	1542576598	3600		259.16		         0		-999.00
-999	1542580198	3600		259.28		         0		-999.00
-999	1542580523	325		259.28		         0		-999.00
7454	1542581723	1200		261.82		        15		875.00
7454	1542585323	3600		262.05		        13		896.00
7454	1542588923	3600		261.93		        13		882.00
7454	1542592523	3600		262.05		        12		893.50
7454	1542596123	3600		262.05		        10		893.50
7454	1542599723	3600		262.06		         6		890.00
7454	1542603323	3600		262.06		         6		893.50
7454	1542606923	3600		262.06		         5		890.00
7454	1542610523	3600		262.15		         3		908.50
7454	1542614123	3600		262.14		         0		908.50
7454	1542617723	3600		262.14		         0		909.00
7454	1542621323	3600		259.14		         0		 10.00
7454	1542624923	3600		259.14		         0		 10.00
7454	1542628523	3600		259.14		         0		 10.00
7454	1542632123	3600		259.19		         0		 10.00
7454	1542635723	3600		259.19		         3		 10.00
7454	1542638917	3194		262.08		         0		924.00
-999	1542640117	1200		262.29		         0		-999.00
-999	1542643717	3600		258.93		         0		-999.00
-999	1542647317	3600		259.04		         0		-999.00
-999	1542650917	3600		258.67		         0		-999.00
-999	1542654517	3600		258.90		         0		-999.00
-999	1542658117	3600		259.19		         0		-999.00
-999	1542658869	752		259.19		         0		-999.00
7456	1542660069	1200		261.85		        15		881.50
7456	1542663669	3600		262.02		        13		896.00
7456	1542667269	3600		262.02		        13		892.50
7456	1542670869	3600		262.02		        12		890.00
7456	1542674469	3600		262.02		        10		890.00
7456	1542678069	3600		262.02		         8		890.00
7456	1542681669	3600		262.02		         6		886.50
7456	1542683471	1802		262.02		         4		893.50
-999	1542684671	1200		262.30		         0		-999.00
-999	1542688271	3600		261.93		         0		-999.00
-999	1542691871	3600		262.05		         0		-999.00
-999	1542695471	3600		261.65		         0		-999.00
-999	1542699071	3600		261.65		         0		-999.00
-999	1542702671	3600		261.62		         0		-999.00
-999	1542704636	1965		262.11		         0		-999.00
7457	1542705836	1200		261.99		        15		892.00
7457	1542709436	3600		262.05		        13		895.50
7457	1542713036	3600		262.05		        13		891.50
7457	1542716636	3600		262.05		        13		891.50
7457	1542720236	3600		262.05		        10		891.50
7457	1542723836	3600		262.05		         8		891.50
7457	1542727436	3600		262.05		         6		891.50
7457	1542730798	3362		261.99		         6		898.50
-999	1542731998	1200		258.65		         0		-999.00
-999	1542735598	3600		259.11		         0		-999.00
-999	1542739198	3600		258.82		         0		-999.00
-999	1542742798	3600		259.09		         0		-999.00
-999	1542746398	3600		258.60		         0		-999.00
-999	1542749998	3600		258.96		         0		-999.00
-999	1542751786	1788		259.25		         0		-999.00
-999	1542753479	1200		262.30		         0		-999.00
-999	1542757079	3600		259.11		         0		-999.00
-999	1542760679	3600		259.08		         0		-999.00
-999	1542760888	209		259.26		         0		-999.00
7460	1542762088	1200		261.75		        15		873.50
7460	1542765688	3600		262.09		        17		894.50
7460	1542769288	3600		262.09		        13		891.00
7460	1542772888	3600		262.09		        10		891.00
7460	1542776488	3600		262.09		         8		891.00
7460	1542778386	1898		259.19		         7		 10.50
-999	1542779586	1200		262.20		         0		-999.00
-999	1542783186	3600		262.25		         0		-999.00
-999	1542786786	3600		259.08		         0		-999.00
-999	1542790386	3600		258.83		         0		-999.00
-999	1542793986	3600		259.08		         0		-999.00
-999	1542797586	3600		259.08		         0		-999.00
-999	1542801186	3600		258.78		         0		-999.00
-999	1542804786	3600		258.65		         0		-999.00
-999	1542808386	3600		258.77		         0		-999.00
-999	1542811986	3600		258.96		         0		-999.00
-999	1542815586	3600		258.85		         0		-999.00
-999	1542819186	3600		259.08		         0		-999.00
-999	1542822786	3600		259.08		         0		-999.00
-999	1542826386	3600		259.08		         0		-999.00
-999	1542829986	3600		259.08		         0		-999.00
-999	1542833586	3600		258.72		         0		-999.00
-999	1542837186	3600		259.02		         0		-999.00
-999	1542840786	3600		259.05		         0		-999.00
-999	1542844386	3600		259.07		         0		-999.00
-999	1542847986	3600		259.07		         0		-999.00
-999	1542851586	3600		259.25		         0		-999.00
-999	1542851892	306		259.25		         0		-999.00
7464	1542853092	1200		261.83		        15		876.50
7464	1542856692	3600		262.08		        17		893.50
7464	1542860292	3600		262.08		        13		893.50
7464	1542863892	3600		262.08		        10		893.50
7464	1542867492	3600		262.08		         8		889.50
7464	1542871092	3600		262.08		         6		893.00
7464	1542874692	3600		262.08		         5		893.00
7464	1542875361	669		262.07		         0		893.00
-999	1542876561	1200		261.77		         0		-999.00
-999	1542880161	3600		261.84		         0		-999.00
-999	1542883761	3600		261.99		         0		-999.00
-999	1542887361	3600		261.96		         0		-999.00
-999	1542890961	3600		262.21		         0		-999.00
-999	1542894561	3600		261.56		         0		-999.00
-999	1542898161	3600		262.11		         0		-999.00
-999	1542901761	3600		261.96		         0		-999.00
-999	1542905361	3600		261.69		         0		-999.00
-999	1542906538	1177		261.88		         0		-999.00
7466	1542907738	1200		262.00		        20		890.50
7466	1542911338	3600		262.11		        20		894.00
7466	1542914938	3600		262.11		        19		894.00
7466	1542918538	3600		262.11		        13		894.00
7466	1542922138	3600		262.11		        10		893.50
7466	1542925738	3600		262.11		         8		893.50
7466	1542929338	3600		262.11		         6		893.50
7466	1542932938	3600		262.11		         5		893.50
7466	1542936538	3600		262.11		         5		889.50
7466	1542937594	1056		262.11		         0		889.50
-999	1542938794	1200		259.07		         0		-999.00
-999	1542942394	3600		262.20		         0		-999.00
-999	1542945994	3600		262.19		         0		-999.00
-999	1542949594	3600		259.12		         0		-999.00
-999	1542953194	3600		259.09		         0		-999.00
-999	1542956794	3600		258.62		         0		-999.00
-999	1542959938	3144		259.11		         0		-999.00
7467	1542961138	1200		262.05		        26		892.50
7467	1542964738	3600		262.11		        24		896.00
7467	1542968338	3600		262.05		        22		894.50
7467	1542971938	3600		262.11		        17		891.00
7467	1542975538	3600		262.11		        12		891.00
7467	1542979138	3600		262.05		        10		887.50
7467	1542982738	3600		262.11		         8		891.00
7467	1542986338	3600		262.11		         6		888.00
7467	1542988659	2321		262.11		         6		891.50
-999	1542989859	1200		262.25		         0		-999.00
-999	1542993459	3600		258.72		         0		-999.00
-999	1542997059	3600		258.90		         0		-999.00
-999	1542998590	1531		259.13		         0		-999.00
7468	1542999790	1200		261.92		        31		881.00
7468	1543003390	3600		262.09		        29		891.50
7468	1543006990	3600		262.08		        22		893.50
7468	1543010590	3600		262.08		        17		890.00
7468	1543014190	3600		262.08		        13		890.00
7468	1543017790	3600		262.08		        10		890.00
7468	1543021390	3600		262.08		         8		890.00
7468	1543024990	3600		262.08		         6		890.00
7468	1543028590	3600		262.08		         5		890.00
7468	1543032190	3600		262.08		         5		886.50
7468	1543033992	1802		262.08		         4		890.00
-999	1543035192	1200		258.73		         0		-999.00
-999	1543038792	3600		258.89		         0		-999.00
-999	1543042392	3600		258.71		         0		-999.00
-999	1543045992	3600		258.91		         0		-999.00
-999	1543049592	3600		258.85		         0		-999.00
-999	1543053192	3600		258.92		         0		-999.00
-999	1543056792	3600		258.65		         0		-999.00
-999	1543060392	3600		258.89		         0		-999.00
-999	1543062922	2530		258.88		         0		-999.00
7471	1543064122	1200		262.06		        26		889.00
7471	1543067722	3600		262.06		        27		896.00
7471	1543071322	3600		262.06		        20		896.00
7471	1543074922	3600		262.06		        15		892.50
7471	1543078522	3600		262.06		        12		892.50
7471	1543082122	3600		262.06		        10		892.50
7471	1543085722	3600		262.06		         8		889.00
7471	1543089322	3600		262.06		         6		889.00
7471	1543092184	2862		262.06		         4		885.50
-999	1543093384	1200		262.23		         0		-999.00
-999	1543096984	3600		258.84		         0		-999.00
-999	1543100584	3600		258.84		         0		-999.00
-999	1543101900	1316		259.19		         0		-999.00
7472	1543103100	1200		261.94		        31		881.00
7472	1543106700	3600		262.11		        27		891.50
7472	1543110300	3600		262.11		        20		891.50
7472	1543113900	3600		262.11		        15		891.50
7472	1543117500	3600		262.11		        12		891.50
7472	1543121100	3600		262.11		        10		891.50
7472	1543124700	3600		262.11		         8		888.50
7472	1543128300	3600		262.11		         6		891.00
7472	1543130105	1805		261.98		         4		882.50
-999	1543131305	1200		259.19		         0		-999.00
-999	1543134905	3600		258.85		         0		-999.00
-999	1543138505	3600		258.85		         0		-999.00
-999	1543139344	839		258.91		         0		-999.00
7473	1543140544	1200		262.03		        36		889.00
7473	1543144144	3600		262.09		        31		892.50
7473	1543147744	3600		262.09		        22		892.50
7473	1543151344	3600		262.09		        17		892.50
7473	1543154944	3600		262.09		        12		889.00
7473	1543158544	3600		262.09		        10		889.00
7473	1543162144	3600		262.09		         8		889.00
7473	1543165744	3600		262.09		         6		889.00
7473	1543169344	3600		262.09		         5		888.00
7473	1543172944	3600		262.09		         5		888.00
7473	1543174617	1673		262.08		         0		891.50
-999	1543175817	1200		262.26		         0		-999.00
-999	1543179417	3600		262.26		         0		-999.00
-999	1543183017	3600		261.96		         0		-999.00
-999	1543186617	3600		258.87		         0		-999.00
-999	1543190217	3600		258.91		         0		-999.00
-999	1543191204	987		258.96		         0		-999.00
7474	1543192404	1200		262.09		        31		891.00
7474	1543196004	3600		262.09		        27		891.00
7474	1543199604	3600		262.09		        20		891.00
7474	1543203204	3600		262.09		        15		888.00
7474	1543206804	3600		262.09		        12		888.00
7474	1543210404	3600		262.09		        10		888.00
7474	1543212421	2017		262.09		         7		888.00
-999	1543213621	1200		262.23		         0		-999.00
-999	1543217221	3600		262.28		         0		-999.00
-999	1543220821	3600		262.30		         0		-999.00
-999	1543224421	3600		262.08		         0		-999.00
-999	1543228021	3600		262.30		         0		-999.00
-999	1543231621	3600		262.30		         0		-999.00
-999	1543235221	3600		261.85		         0		-999.00
-999	1543238821	3600		258.62		         0		-999.00
-999	1543242421	3600		258.96		         0		-999.00
-999	1543246021	3600		258.96		         0		-999.00
-999	1543248391	2370		258.96		         0		-999.00
7475	1543249591	1200		258.90		         0		 10.50
7475	1543250194	603		259.25		        20		 10.50
-999	1543251394	1200		262.02		         0		-999.00
-999	1543254994	3600		262.30		         0		-999.00
-999	1543258594	3600		262.30		         0		-999.00
-999	1543262194	3600		258.75		         0		-999.00
-999	1543265794	3600		258.99		         0		-999.00
-999	1543267648	1854		258.91		         0		-999.00
7477	1543268848	1200		261.97		        31		882.00
7477	1543272448	3600		262.09		        27		892.50
7477	1543276048	3600		262.09		        20		892.50
7477	1543279648	3600		262.09		        15		889.00
7477	1543283248	3600		262.09		        12		889.00
7477	1543286848	3600		262.09		        10		889.00
7477	1543290448	3600		262.09		         8		889.00
7477	1543294048	3600		262.09		         6		889.00
7477	1543297648	3600		262.09		         5		889.50
7477	1543299439	1791		262.36		         0		946.00
-999	1543300639	1200		262.11		         0		-999.00
-999	1543304239	3600		255.38		         0		-999.00
-999	1543307839	3600		255.52		         0		-999.00
-999	1543311439	3600		255.49		         0		-999.00
-999	1543315039	3600		255.61		         0		-999.00
-999	1543318639	3600		255.61		         0		-999.00
-999	1543322239	3600		255.61		         0		-999.00
-999	1543325839	3600		255.55		         0		-999.00
-999	1543329439	3600		255.58		         0		-999.00
-999	1543333039	3600		255.58		         0		-999.00
-999	1543336639	3600		255.48		         0		-999.00
-999	1543340239	3600		255.70		         0		-999.00
-999	1543343839	3600		255.73		         0		-999.00
-999	1543347439	3600		258.97		         0		-999.00
-999	1543351039	3600		259.08		         0		-999.00
-999	1543354639	3600		259.08		         0		-999.00
-999	1543356617	1978		259.06		         0		-999.00
7480	1543357817	1200		262.07		        36		897.50
7480	1543361417	3600		262.07		        31		894.00
7480	1543365017	3600		262.07		        22		894.00
7480	1543368617	3600		262.07		        17		890.50
7480	1543372217	3600		262.08		        13		892.50
7480	1543375817	3600		262.08		        10		892.50
7480	1543379417	3600		262.08		         8		890.00
7480	1543383017	3600		262.08		         6		890.00
7480	1543385005	1988		262.08		         7		890.00
-999	1543386205	1200		258.79		         0		-999.00
-999	1543389805	3600		258.78		         0		-999.00
-999	1543393405	3600		258.96		         0		-999.00
-999	1543395641	2236		258.99		         0		-999.00
7481	1543396841	1200		262.11		        36		881.00
7481	1543400441	3600		262.11		        31		893.00
7481	1543404041	3600		262.11		        22		889.50
7481	1543407641	3600		262.11		        17		893.50
7481	1543411241	3600		262.11		        13		890.00
7481	1543414841	3600		262.11		        10		890.00
7481	1543418441	3600		262.11		         8		890.00
7481	1543422041	3600		262.11		         6		890.00
7481	1543425641	3600		259.23		         6		 12.50
7481	1543425864	223		259.34		         0		 12.50
-999	1543427064	1200		258.80		         0		-999.00
-999	1543430664	3600		259.17		         0		-999.00
-999	1543434264	3600		258.96		         0		-999.00
-999	1543437864	3600		258.96		         0		-999.00
-999	1543439404	1540		258.96		         0		-999.00
7482	1543440604	1200		262.09		        31		897.50
7482	1543441115	511		262.09		        29		897.50
-999	1543442315	1200		262.40		         0		-999.00
-999	1543445915	3600		258.99		         0		-999.00
-999	1543449515	3600		259.05		         0		-999.00
-999	1543451591	2076		258.97		         0		-999.00
7483	1543452791	1200		262.10		        20		896.50
7483	1543456391	3600		262.10		        19		893.00
7483	1543459991	3600		262.10		        13		893.00
7483	1543463591	3600		262.12		         8		876.00
7483	1543467191	3600		262.12		         8		892.50
7483	1543470791	3600		262.12		         6		892.50
7483	1543474391	3600		262.12		         5		889.00
7483	1543477991	3600		262.12		         3		892.50
7483	1543481591	3600		262.12		         0		842.00
7483	1543485191	3600		262.12		         0		898.00
7483	1543488791	3600		262.12		         0		898.00
7483	1543492391	3600		262.23		         0		255.00
7483	1543495991	3600		262.18		         0		912.00
7483	1543498469	2478		262.18		         0		908.50
-999	1543499669	1200		258.75		         0		-999.00
-999	1543503269	3600		262.08		         0		-999.00
-999	1543506869	3600		262.23		         0		-999.00
-999	1543510469	3600		258.83		         0		-999.00
-999	1543514069	3600		258.95		         0		-999.00
-999	1543517669	3600		258.95		         0		-999.00
-999	1543519747	2078		258.91		         0		-999.00
7485	1543520947	1200		262.09		        26		890.00
7485	1543524547	3600		262.09		        22		893.50
7485	1543528147	3600		261.97		        17		882.00
7485	1543531747	3600		262.09		        13		889.50
7485	1543535347	3600		262.09		        10		889.50
7485	1543538947	3600		262.09		         8		889.50
7485	1543542547	3600		262.09		         6		889.50
7485	1543546147	3600		262.09		         6		889.50
7485	1543548014	1867		262.09		         4		890.00
-999	1543549214	1200		258.64		         0		-999.00
-999	1543552814	3600		258.96		         0		-999.00
-999	1543556414	3600		258.96		         0		-999.00
-999	1543560014	3600		258.96		         0		-999.00
-999	1543563533	3519		258.76		         0		-999.00
7486	1543564733	1200		262.06		        26		889.50
7486	1543568333	3600		262.12		        22		893.00
7486	1543571933	3600		262.12		        17		889.50
7486	1543575533	3600		262.12		        13		889.50
7486	1543579133	3600		262.12		        10		889.50
7486	1543582733	3600		262.12		         8		889.50
7486	1543586333	3600		262.12		         6		889.50
7486	1543589933	3600		262.06		         5		889.50
7486	1543590875	942		262.12		         0		889.50
-999	1543592075	1200		261.72		         0		-999.00
-999	1543595675	3600		258.97		         0		-999.00
-999	1543599275	3600		258.87		         0		-999.00
-999	1543601096	1821		258.95		         0		-999.00
7487	1543602296	1200		261.98		        31		881.50
7487	1543605896	3600		262.04		        26		889.00
7487	1543609496	3600		262.10		        19		889.00
7487	1543613096	3600		262.10		        15		889.00
7487	1543616696	3600		262.10		        12		889.00
7487	1543620296	3600		262.10		        10		889.00
7487	1543623896	3600		262.10		         8		889.00
7487	1543627496	3600		262.10		         6		889.00
7487	1543631096	3600		262.21		         5		897.00
7487	1543631664	568		262.19		         0		895.00
-999	1543632864	1200		258.76		         0		-999.00
-999	1543636464	3600		258.95		         0		-999.00
-999	1543640064	3600		258.95		         0		-999.00
-999	1543642841	2777		258.89		         0		-999.00
7488	1543644041	1200		262.04		        31		885.00
7488	1543647641	3600		262.10		        27		892.50
7488	1543651241	3600		262.10		        20		889.00
7488	1543654841	3600		262.10		        15		889.00
7488	1543658441	3600		262.10		        12		889.00
7488	1543662041	3600		262.10		        10		889.00
7488	1543665641	3600		262.04		         8		884.50
7488	1543669241	3600		262.10		         6		888.00
7488	1543671975	2734		262.10		         5		888.50
-999	1543673175	1200		258.57		         0		-999.00
-999	1543676775	3600		258.67		         0		-999.00
-999	1543680375	3600		258.93		         0		-999.00
-999	1543681637	1262		258.92		         0		-999.00
7489	1543682837	1200		262.11		        31		894.00
7489	1543684236	1399		262.11		        28		894.00
-999	1543685436	1200		261.75		         0		-999.00
-999	1543689036	3600		258.82		         0		-999.00
-999	1543692636	3600		258.89		         0		-999.00
-999	1543693067	431		258.89		         0		-999.00
7490	1543694267	1200		262.12		        31		889.00
7490	1543697867	3600		262.06		        27		889.00
7490	1543701467	3600		262.06		        20		889.00
7490	1543705067	3600		262.12		        15		885.50
7490	1543708667	3600		262.06		        12		885.50
7490	1543712267	3600		262.06		        10		885.50
7490	1543715867	3600		262.06		         8		885.50
7490	1543719467	3600		262.06		         6		885.50
7490	1543723067	3600		262.24		         5		936.00
7490	1543723749	682		262.18		         0		891.00
-999	1543724949	1200		258.76		         0		-999.00
-999	1543728549	3600		258.91		         0		-999.00
-999	1543732149	3600		258.85		         0		-999.00
-999	1543733320	1171		258.96		         0		-999.00
7491	1543734520	1200		262.09		        31		887.00
7491	1543738120	3600		262.09		        27		890.50
7491	1543741720	3600		262.09		        19		887.50
7491	1543745320	3600		262.09		        15		887.50
7491	1543748920	3600		262.09		        12		887.50
7491	1543750678	1758		262.09		         8		887.50
-999	1543751878	1200		261.75		         0		-999.00
-999	1543755478	3600		258.78		         0		-999.00
-999	1543758768	3290		258.88		         0		-999.00
7492	1543759968	1200		262.12		        10		889.50
7492	1543763407	3439		262.12		        10		889.50
