Fill	Timestamp [s]	Duration [s]	Temperature [K]	Fluence [n_eq/cm2/s]	Leakage_current [mA/cm2]
7916	1656973970	1200		265.32		        63		746.00
7916	1656977570	3600		265.36		        52		747.50
7916	1656980921	3351		265.36		        44		744.50
7917	1656982121	1200		261.03		        44		-999.00
7918	1656985721	3600		261.15		        44		-999.00
7919	1656989321	3600		261.23		        44		-999.00
7920	1656992921	3600		261.28		        44		-999.00
7921	1656996521	3600		265.12		        44		-999.00
7922	1657000121	3600		265.35		        44		-999.00
7923	1657003721	3600		265.24		        44		-999.00
7924	1657007321	3600		265.19		        44		-999.00
7925	1657010921	3600		264.91		        44		-999.00
7926	1657014521	3600		265.34		        44		-999.00
7927	1657018121	3600		265.21		        44		-999.00
7928	1657021721	3600		265.17		        44		-999.00
7929	1656980921	-40800		265.28		        44		-999.00
7920	1657026428	1200		265.12		     35638		735.00
7920	1657030028	3600		265.38		     34923		749.00
7920	1657033628	3600		265.27		     33503		741.00
7920	1657037228	3600		265.36		     37458		748.00
7920	1657040828	3600		265.24		     38437		739.00
7920	1657044428	3600		265.06		     39314		704.00
7920	1657048028	3600		265.32		     38860		744.00
7920	1657051628	3600		265.25		     39408		738.00
7920	1657055228	3600		265.33		     39122		740.50
7920	1657058612	3384		265.45		     36976		745.50
7921	1657059812	1200		261.08		     36976		-999.00
7922	1657063412	3600		261.21		     36976		-999.00
7923	1657067012	3600		261.64		     36976		-999.00
7924	1657058612	-8400		261.38		     36976		-999.00
7921	1657068844	1200		265.17		     77441		729.00
7921	1657072444	3600		265.33		     80893		740.00
7921	1657076044	3600		265.26		     76662		736.00
7921	1657079644	3600		265.37		     83577		736.50
7921	1657083244	3600		265.37		     83743		736.50
7921	1657086844	3600		265.29		     84511		205.00
7921	1657090444	3600		265.29		     82960		755.50
7921	1657094044	3600		265.26		     78422		734.00
7921	1657097644	3600		265.26		     73325		734.00
7921	1657101244	3600		265.41		     64885		737.50
7921	1657102777	1533		261.28		     56275		 13.50
7922	1657103977	1200		260.78		     56275		-999.00
7923	1657107577	3600		261.02		     56275		-999.00
7924	1657111177	3600		261.22		     56275		-999.00
7925	1657114777	3600		261.18		     56275		-999.00
7926	1657118377	3600		265.18		     56275		-999.00
7927	1657121977	3600		265.27		     56275		-999.00
7928	1657125577	3600		265.16		     56275		-999.00
7929	1657129177	3600		265.28		     56275		-999.00
7930	1657132777	3600		265.31		     56275		-999.00
7931	1657136377	3600		264.90		     56275		-999.00
7932	1657139977	3600		261.02		     56275		-999.00
7933	1657143577	3600		261.23		     56275		-999.00
7934	1657102777	-40800		261.24		     56275		-999.00
7923	1657147263	1200		265.15		    308625		725.50
7923	1657150863	3600		265.27		    312427		732.50
7923	1657154463	3600		265.22		    295532		733.50
7923	1657158063	3600		265.26		    275154		733.50
7923	1657161663	3600		265.26		    289677		734.00
7923	1657165263	3600		265.26		    278839		734.00
7923	1657168863	3600		265.26		    277324		731.00
7923	1657172463	3600		265.26		    275792		734.00
7923	1657176063	3600		265.26		    317605		730.50
7923	1657179663	3600		265.26		    297898		730.00
7923	1657183263	3600		265.27		    264728		731.00
7923	1657183449	186		261.26		    292450		 14.00
7924	1657184649	1200		261.26		    292450		-999.00
7925	1657188249	3600		260.94		    292450		-999.00
7926	1657191849	3600		261.06		    292450		-999.00
7927	1657195449	3600		261.17		    292450		-999.00
7928	1657199049	3600		261.21		    292450		-999.00
7929	1657202649	3600		261.17		    292450		-999.00
7930	1657206249	3600		260.95		    292450		-999.00
7931	1657209849	3600		261.19		    292450		-999.00
7932	1657213449	3600		261.20		    292450		-999.00
7933	1657217049	3600		261.28		    292450		-999.00
7934	1657220649	3600		261.20		    292450		-999.00
7935	1657224249	3600		261.28		    292450		-999.00
7936	1657227849	3600		261.20		    292450		-999.00
7937	1657231449	3600		261.28		    292450		-999.00
7938	1657235049	3600		261.24		    292450		-999.00
7939	1657238649	3600		261.20		    292450		-999.00
7940	1657242249	3600		261.28		    292450		-999.00
7941	1657245849	3600		261.20		    292450		-999.00
7942	1657249449	3600		261.28		    292450		-999.00
7943	1657253049	3600		261.20		    292450		-999.00
7944	1657256649	3600		261.24		    292450		-999.00
7945	1657260249	3600		261.08		    292450		-999.00
7946	1657263849	3600		261.21		    292450		-999.00
7947	1657267449	3600		260.97		    292450		-999.00
7948	1657271049	3600		261.18		    292450		-999.00
7949	1657274649	3600		261.26		    292450		-999.00
7950	1657278249	3600		261.30		    292450		-999.00
7951	1657281849	3600		261.26		    292450		-999.00
7952	1657285449	3600		261.26		    292450		-999.00
7953	1657289049	3600		261.30		    292450		-999.00
7954	1657292649	3600		261.30		    292450		-999.00
7955	1657296249	3600		261.33		    292450		-999.00
7956	1657299849	3600		260.91		    292450		-999.00
7957	1657303449	3600		261.10		    292450		-999.00
7958	1657307049	3600		261.12		    292450		-999.00
7959	1657310649	3600		261.29		    292450		-999.00
7960	1657314249	3600		261.29		    292450		-999.00
7961	1657317849	3600		261.25		    292450		-999.00
7962	1657321449	3600		261.29		    292450		-999.00
7963	1657325049	3600		261.36		    292450		-999.00
7964	1657328649	3600		261.29		    292450		-999.00
7965	1657332249	3600		261.29		    292450		-999.00
7966	1657335849	3600		261.29		    292450		-999.00
7967	1657339449	3600		261.29		    292450		-999.00
7968	1657343049	3600		261.29		    292450		-999.00
7969	1657346649	3600		261.25		    292450		-999.00
7970	1657350249	3600		260.95		    292450		-999.00
7971	1657353849	3600		260.83		    292450		-999.00
7972	1657357449	3600		261.06		    292450		-999.00
7973	1657361049	3600		261.07		    292450		-999.00
7974	1657364649	3600		261.31		    292450		-999.00
7975	1657368249	3600		261.31		    292450		-999.00
7976	1657371849	3600		261.31		    292450		-999.00
7977	1657375449	3600		261.31		    292450		-999.00
7978	1657379049	3600		261.26		    292450		-999.00
7979	1657382649	3600		261.06		    292450		-999.00
7980	1657386249	3600		261.30		    292450		-999.00
7981	1657389849	3600		261.27		    292450		-999.00
7982	1657393449	3600		261.27		    292450		-999.00
7983	1657397049	3600		261.27		    292450		-999.00
7984	1657400649	3600		261.27		    292450		-999.00
7985	1657404249	3600		261.31		    292450		-999.00
7986	1657407849	3600		261.31		    292450		-999.00
7987	1657411449	3600		261.31		    292450		-999.00
7988	1657415049	3600		261.31		    292450		-999.00
7989	1657418649	3600		261.27		    292450		-999.00
7990	1657422249	3600		261.31		    292450		-999.00
7991	1657425849	3600		261.23		    292450		-999.00
7992	1657429449	3600		261.27		    292450		-999.00
7993	1657433049	3600		261.21		    292450		-999.00
7994	1657436649	3600		261.28		    292450		-999.00
7995	1657440249	3600		260.92		    292450		-999.00
7996	1657443849	3600		261.25		    292450		-999.00
7997	1657447449	3600		261.12		    292450		-999.00
7998	1657183449	-264000		261.29		    292450		-999.00
7960	1657449293	1200		265.16		   2527705		722.00
7960	1657452893	3600		265.44		   2443458		741.50
7960	1657456493	3600		265.39		   2591915		740.50
7960	1657460093	3600		265.36		   2659091		740.50
7960	1657463693	3600		265.40		   2658095		734.00
7960	1657467293	3600		265.32		   2470115		738.00
7960	1657470893	3600		265.32		   2327432		735.00
7960	1657474493	3600		265.31		   2173089		737.50
7960	1657478093	3600		265.32		   1894246		735.00
7960	1657479562	1469		265.33		   1966399		735.00
7961	1657480762	1200		261.20		   1966399		-999.00
7962	1657484362	3600		261.19		   1966399		-999.00
7963	1657487962	3600		260.84		   1966399		-999.00
7964	1657491562	3600		260.87		   1966399		-999.00
7965	1657495162	3600		261.17		   1966399		-999.00
7966	1657498762	3600		261.32		   1966399		-999.00
7967	1657479562	-19200		261.27		   1966399		-999.00
7963	1657500446	1200		265.47		   2141274		747.50
7963	1657504046	3600		265.41		   2277801		743.00
7963	1657507646	3600		265.41		   2225536		740.50
7963	1657511246	3600		265.43		   2827298		741.50
7963	1657514846	3600		265.43		   2745355		741.50
7963	1657518446	3600		265.42		   2549794		741.50
7963	1657522046	3600		265.42		   2359384		738.00
7963	1657525646	3600		265.32		   2252355		734.50
7963	1657529246	3600		265.18		   2127256		723.50
7963	1657532846	3600		265.40		   1834030		739.50
7963	1657534325	1479		261.04		   1625454		 13.50
7964	1657535525	1200		260.74		   1625454		-999.00
7965	1657539125	3600		261.24		   1625454		-999.00
7966	1657542725	3600		261.16		   1625454		-999.00
7967	1657534325	-8400		260.92		   1625454		-999.00
7965	1657544407	1200		265.39		   2612539		742.50
7965	1657544771	364		265.40		   2975454		742.50
7966	1657545971	1200		265.33		   2975454		-999.00
7967	1657549571	3600		261.02		   2975454		-999.00
7968	1657544771	-4800		261.44		   2975454		-999.00
7966	1657553938	1200		265.24		   2671073		713.50
7966	1657557538	3600		265.36		   2892932		740.00
7966	1657561138	3600		265.39		   2844731		740.00
7966	1657564738	3600		265.40		   2851880		738.00
7966	1657568338	3600		265.43		   2682006		739.50
7966	1657571857	3519		265.18		   1813487		724.50
7967	1657573057	1200		261.30		   1813487		-999.00
7968	1657576657	3600		261.25		   1813487		-999.00
7969	1657580257	3600		260.98		   1813487		-999.00
7970	1657571857	-8400		261.13		   1813487		-999.00
7967	1657583609	1200		265.38		   2263699		742.00
7967	1657587209	3600		265.34		   2201764		740.50
7967	1657590809	3600		265.34		   2124308		737.00
7967	1657594409	3600		265.34		   2089200		737.00
7967	1657598009	3600		265.43		   1912432		749.00
7967	1657601609	3600		265.33		       347		746.00
7967	1657605209	3600		265.40		       320		748.00
7967	1657607002	1793		265.36		       288		741.00
7968	1657608202	1200		265.02		       288		-999.00
7969	1657611802	3600		265.14		       288		-999.00
7970	1657615402	3600		265.26		       288		-999.00
7971	1657619002	3600		265.29		       288		-999.00
7972	1657622602	3600		265.24		       288		-999.00
7973	1657626202	3600		265.20		       288		-999.00
7974	1657629802	3600		264.91		       288		-999.00
7975	1657633402	3600		265.15		       288		-999.00
7976	1657637002	3600		265.23		       288		-999.00
7977	1657640602	3600		265.44		       288		-999.00
7978	1657644202	3600		265.44		       288		-999.00
7979	1657647802	3600		265.37		       288		-999.00
7980	1657651402	3600		265.41		       288		-999.00
7981	1657655002	3600		261.28		       288		-999.00
7982	1657658602	3600		261.28		       288		-999.00
7983	1657662202	3600		261.28		       288		-999.00
7984	1657607002	-55200		261.32		       288		-999.00
7969	1657666665	1200		265.57		  14380244		736.00
7969	1657670265	3600		265.79		  14193252		747.00
7969	1657673865	3600		265.79		  14336541		744.00
7969	1657677465	3600		263.01		  14650118		 13.00
7969	1657679362	1897		266.59		  12229366		 13.00
7970	1657680562	1200		266.70		  12229366		-999.00
7971	1657684162	3600		267.09		  12229366		-999.00
7972	1657687762	3600		267.74		  12229366		-999.00
7973	1657691362	3600		275.43		  12229366		-999.00
7974	1657694962	3600		275.14		  12229366		-999.00
7975	1657698562	3600		256.16		  12229366		-999.00
7976	1657702162	3600		256.16		  12229366		-999.00
7977	1657705762	3600		266.56		  12229366		-999.00
7978	1657709362	3600		266.87		  12229366		-999.00
7979	1657712962	3600		256.12		  12229366		-999.00
7980	1657716562	3600		260.35		  12229366		-999.00
7981	1657720162	3600		261.28		  12229366		-999.00
7982	1657723762	3600		261.28		  12229366		-999.00
7983	1657727362	3600		261.33		  12229366		-999.00
7984	1657730962	3600		261.33		  12229366		-999.00
7985	1657734562	3600		261.33		  12229366		-999.00
7986	1657738162	3600		261.33		  12229366		-999.00
7987	1657741762	3600		261.33		  12229366		-999.00
7988	1657745362	3600		261.33		  12229366		-999.00
7989	1657748962	3600		261.09		  12229366		-999.00
7990	1657752562	3600		261.19		  12229366		-999.00
7991	1657756162	3600		261.27		  12229366		-999.00
7992	1657759762	3600		261.26		  12229366		-999.00
7993	1657763362	3600		261.20		  12229366		-999.00
7994	1657766962	3600		264.85		  12229366		-999.00
7995	1657770562	3600		260.81		  12229366		-999.00
7996	1657774162	3600		261.31		  12229366		-999.00
7997	1657777762	3600		260.89		  12229366		-999.00
7998	1657781362	3600		264.77		  12229366		-999.00
7999	1657784962	3600		265.19		  12229366		-999.00
8000	1657788562	3600		261.21		  12229366		-999.00
8001	1657792162	3600		261.19		  12229366		-999.00
8002	1657795762	3600		261.19		  12229366		-999.00
8003	1657799362	3600		261.27		  12229366		-999.00
8004	1657802962	3600		261.05		  12229366		-999.00
8005	1657806562	3600		261.27		  12229366		-999.00
8006	1657810162	3600		261.16		  12229366		-999.00
8007	1657679362	-130800		266.63		  12229366		-999.00
7978	1657811793	1200		265.47		   5041138		751.00
7978	1657815393	3600		265.68		   9111586		752.50
7978	1657818993	3600		265.70		   9837747		749.00
7978	1657822593	3600		265.70		  10014381		749.00
7978	1657826193	3600		265.71		  10062198		745.50
7978	1657829793	3600		265.59		  10147840		745.50
7978	1657833393	3600		265.64		  10408967		745.50
7978	1657836993	3600		265.59		  10370760		742.00
7978	1657840593	3600		265.59		  10120232		742.50
7978	1657844193	3600		265.61		   9554448		742.50
7978	1657847793	3600		265.60		   9125973		742.50
7978	1657850961	3168		265.52		   7863426		736.50
7979	1657852161	1200		261.26		   7863426		-999.00
7980	1657855761	3600		261.36		   7863426		-999.00
7981	1657859361	3600		261.36		   7863426		-999.00
7982	1657862961	3600		261.06		   7863426		-999.00
7983	1657866561	3600		260.83		   7863426		-999.00
7984	1657870161	3600		261.28		   7863426		-999.00
7985	1657873761	3600		261.03		   7863426		-999.00
7986	1657877361	3600		265.22		   7863426		-999.00
7987	1657880961	3600		265.30		   7863426		-999.00
7988	1657884561	3600		265.06		   7863426		-999.00
7989	1657888161	3600		265.18		   7863426		-999.00
7990	1657891761	3600		265.22		   7863426		-999.00
7991	1657895361	3600		265.44		   7863426		-999.00
7992	1657898961	3600		265.36		   7863426		-999.00
7993	1657902561	3600		265.40		   7863426		-999.00
7994	1657906161	3600		265.36		   7863426		-999.00
7995	1657909761	3600		265.44		   7863426		-999.00
7996	1657913361	3600		261.37		   7863426		-999.00
7997	1657916961	3600		261.33		   7863426		-999.00
7998	1657920561	3600		261.33		   7863426		-999.00
7999	1657924161	3600		261.33		   7863426		-999.00
8000	1657927761	3600		261.29		   7863426		-999.00
8001	1657931361	3600		261.29		   7863426		-999.00
8002	1657934961	3600		261.29		   7863426		-999.00
8003	1657938561	3600		261.29		   7863426		-999.00
8004	1657942161	3600		261.25		   7863426		-999.00
8005	1657945761	3600		261.25		   7863426		-999.00
8006	1657949361	3600		261.25		   7863426		-999.00
8007	1657952961	3600		261.25		   7863426		-999.00
8008	1657956561	3600		261.25		   7863426		-999.00
8009	1657960161	3600		261.25		   7863426		-999.00
8010	1657963761	3600		261.25		   7863426		-999.00
8011	1657967361	3600		261.13		   7863426		-999.00
8012	1657970961	3600		261.25		   7863426		-999.00
8013	1657974561	3600		261.25		   7863426		-999.00
8014	1657978161	3600		261.13		   7863426		-999.00
8015	1657981761	3600		261.25		   7863426		-999.00
8016	1657985361	3600		261.25		   7863426		-999.00
8017	1657988961	3600		261.23		   7863426		-999.00
8018	1657992561	3600		261.27		   7863426		-999.00
8019	1657996161	3600		261.20		   7863426		-999.00
8020	1657999761	3600		261.32		   7863426		-999.00
8021	1658003361	3600		261.32		   7863426		-999.00
8022	1658006961	3600		261.30		   7863426		-999.00
8023	1658010561	3600		261.30		   7863426		-999.00
8024	1658014161	3600		261.30		   7863426		-999.00
8025	1658017761	3600		261.30		   7863426		-999.00
8026	1658021361	3600		261.30		   7863426		-999.00
8027	1658024961	3600		261.30		   7863426		-999.00
8028	1658028561	3600		261.30		   7863426		-999.00
8029	1658032161	3600		261.30		   7863426		-999.00
8030	1658035761	3600		261.30		   7863426		-999.00
8031	1658039361	3600		261.30		   7863426		-999.00
8032	1658042961	3600		261.30		   7863426		-999.00
8033	1658046561	3600		261.30		   7863426		-999.00
8034	1658050161	3600		261.30		   7863426		-999.00
8035	1658053761	3600		261.31		   7863426		-999.00
8036	1658057361	3600		261.31		   7863426		-999.00
8037	1658060961	3600		261.27		   7863426		-999.00
8038	1658064561	3600		261.27		   7863426		-999.00
8039	1658068161	3600		261.27		   7863426		-999.00
8040	1658071761	3600		261.30		   7863426		-999.00
8041	1658075361	3600		261.33		   7863426		-999.00
8042	1658078961	3600		261.30		   7863426		-999.00
8043	1658082561	3600		261.30		   7863426		-999.00
8044	1658086161	3600		261.26		   7863426		-999.00
8045	1658089761	3600		261.26		   7863426		-999.00
8046	1658093361	3600		260.99		   7863426		-999.00
8047	1658096961	3600		261.42		   7863426		-999.00
8048	1658100561	3600		260.93		   7863426		-999.00
8049	1658104161	3600		261.29		   7863426		-999.00
8050	1657850961	-253200		261.28		   7863426		-999.00
8007	1658107997	1200		265.57		   9470056		740.50
8007	1658111597	3600		265.64		  10647990		748.50
8007	1658115197	3600		265.58		   9876332		745.00
8007	1658118797	3600		265.68		  10862123		747.00
8007	1658121712	2915		265.72		  10634309		750.00
8008	1658122912	1200		265.05		  10634309		-999.00
8009	1658126512	3600		261.25		  10634309		-999.00
8010	1658130112	3600		261.24		  10634309		-999.00
8011	1658133712	3600		261.24		  10634309		-999.00
8012	1658137312	3600		261.26		  10634309		-999.00
8013	1658140912	3600		260.77		  10634309		-999.00
8014	1658144512	3600		261.14		  10634309		-999.00
8015	1658148112	3600		261.18		  10634309		-999.00
8016	1658151712	3600		261.24		  10634309		-999.00
8017	1658155312	3600		261.24		  10634309		-999.00
8018	1658158912	3600		261.28		  10634309		-999.00
8019	1658162512	3600		261.28		  10634309		-999.00
8020	1658166112	3600		260.90		  10634309		-999.00
8021	1658169712	3600		261.49		  10634309		-999.00
8022	1658173312	3600		261.26		  10634309		-999.00
8023	1658176912	3600		261.26		  10634309		-999.00
8024	1658180512	3600		261.30		  10634309		-999.00
8025	1658184112	3600		261.30		  10634309		-999.00
8026	1658187712	3600		261.03		  10634309		-999.00
8027	1658191312	3600		261.30		  10634309		-999.00
8028	1658194912	3600		261.30		  10634309		-999.00
8029	1658198512	3600		261.20		  10634309		-999.00
8030	1658202112	3600		261.32		  10634309		-999.00
8031	1658205712	3600		261.22		  10634309		-999.00
8032	1658209312	3600		261.26		  10634309		-999.00
8033	1658212912	3600		260.84		  10634309		-999.00
8034	1658216512	3600		261.21		  10634309		-999.00
8035	1658220112	3600		261.09		  10634309		-999.00
8036	1658223712	3600		261.30		  10634309		-999.00
8037	1658227312	3600		261.27		  10634309		-999.00
8038	1658230912	3600		261.03		  10634309		-999.00
8039	1658234512	3600		260.80		  10634309		-999.00
8040	1658238112	3600		261.24		  10634309		-999.00
8041	1658241712	3600		261.26		  10634309		-999.00
8042	1658245312	3600		261.24		  10634309		-999.00
8043	1658121712	-123600		261.64		  10634309		-999.00
8016	1658248079	1200		265.75		  20020764		717.00
8016	1658251679	3600		265.87		  17625647		750.50
8016	1658255279	3600		266.20		  17012095		787.50
8016	1658255595	316		265.69		         0		787.50
8017	1658256795	1200		265.47		         0		-999.00
8018	1658260395	3600		261.26		         0		-999.00
8019	1658263995	3600		261.34		         0		-999.00
8020	1658255595	-8400		261.58		         0		-999.00
8017	1658265574	1200		265.65		  16458037		740.00
8017	1658269174	3600		265.97		  20993952		750.00
8017	1658272774	3600		266.00		  21905718		750.00
8017	1658276374	3600		266.01		  22218630		749.50
8017	1658279974	3600		266.01		  22220578		749.50
8017	1658283574	3600		265.98		  21328887		746.00
8017	1658287174	3600		265.98		  21274938		749.50
8017	1658290774	3600		265.97		  21009983		749.50
8017	1658294374	3600		266.13		  19557784		781.50
8017	1658294511	137		265.54		         0		781.50
8018	1658295711	1200		265.64		         0		-999.00
8019	1658299311	3600		261.09		         0		-999.00
8020	1658302911	3600		260.85		         0		-999.00
8021	1658294511	-8400		261.58		         0		-999.00
8018	1658306621	1200		265.88		  20626110		748.00
8018	1658309828	3207		265.97		  20282236		748.00
8019	1658311028	1200		265.06		  20282236		-999.00
8020	1658314628	3600		261.16		  20282236		-999.00
8021	1658318228	3600		261.29		  20282236		-999.00
8022	1658309828	-8400		261.52		  20282236		-999.00
8019	1658320634	1200		265.99		  21607653		752.50
8019	1658324234	3600		265.90		  20422668		748.50
8019	1658325849	1615		265.93		  19955664		748.50
8020	1658327049	1200		265.59		  19955664		-999.00
8021	1658330649	3600		261.12		  19955664		-999.00
8022	1658334249	3600		261.28		  19955664		-999.00
8023	1658325849	-8400		261.52		  19955664		-999.00
8020	1658336909	1200		265.94		  20898085		753.00
8020	1658340509	3600		265.93		  20328026		749.50
8020	1658344109	3600		265.91		  19720830		749.50
8020	1658345317	1208		265.90		  19527756		749.50
8021	1658346517	1200		265.61		  19527756		-999.00
8022	1658350117	3600		261.22		  19527756		-999.00
8023	1658353717	3600		261.07		  19527756		-999.00
8024	1658357317	3600		261.04		  19527756		-999.00
8025	1658360917	3600		261.35		  19527756		-999.00
8026	1658345317	-15600		261.34		  19527756		-999.00
8022	1658362484	1200		265.57		  11066624		738.00
8022	1658366084	3600		265.30		    628708		741.50
8022	1658369684	3600		265.30		    632374		741.50
8022	1658370850	1166		265.30		    629857		741.50
8023	1658372050	1200		265.33		    629857		-999.00
8024	1658375650	3600		261.28		    629857		-999.00
8025	1658370850	-4800		261.51		    629857		-999.00
8023	1658379906	1200		265.45		   8972202		731.00
8023	1658383415	3509		265.23		    620896		738.00
8024	1658384615	1200		261.07		    620896		-999.00
8025	1658388215	3600		265.03		    620896		-999.00
8026	1658391815	3600		265.38		    620896		-999.00
8027	1658395415	3600		265.22		    620896		-999.00
8028	1658399015	3600		261.12		    620896		-999.00
8029	1658402615	3600		261.24		    620896		-999.00
8030	1658406215	3600		261.17		    620896		-999.00
8031	1658409815	3600		261.02		    620896		-999.00
8032	1658413415	3600		260.98		    620896		-999.00
8033	1658417015	3600		261.17		    620896		-999.00
8034	1658420615	3600		260.91		    620896		-999.00
8035	1658424215	3600		261.23		    620896		-999.00
8036	1658427815	3600		261.27		    620896		-999.00
8037	1658431415	3600		261.32		    620896		-999.00
8038	1658435015	3600		261.28		    620896		-999.00
8039	1658383415	-51600		261.50		    620896		-999.00
8027	1658438529	1200		266.03		  25549630		731.50
8027	1658442129	3600		266.27		  31594478		757.00
8027	1658445729	3600		266.31		  31588150		759.00
8027	1658449329	3600		266.20		  29107682		756.00
8027	1658452929	3600		266.20		  26206807		756.00
8027	1658456529	3600		266.04		  25195816		750.00
8027	1658460129	3600		265.94		  22055516		748.50
8027	1658460721	592		265.94		  21929226		752.00
8028	1658461921	1200		261.27		  21929226		-999.00
8029	1658465521	3600		261.28		  21929226		-999.00
8030	1658469121	3600		261.32		  21929226		-999.00
8031	1658472721	3600		260.89		  21929226		-999.00
8032	1658476321	3600		261.19		  21929226		-999.00
8033	1658479921	3600		261.23		  21929226		-999.00
8034	1658483521	3600		261.31		  21929226		-999.00
8035	1658487121	3600		261.27		  21929226		-999.00
8036	1658490721	3600		261.27		  21929226		-999.00
8037	1658494321	3600		261.27		  21929226		-999.00
8038	1658497921	3600		261.26		  21929226		-999.00
8039	1658501521	3600		261.18		  21929226		-999.00
8040	1658505121	3600		261.30		  21929226		-999.00
8041	1658460721	-44400		261.32		  21929226		-999.00
8030	1658506336	1200		266.27		  29269493		769.00
8030	1658509936	3600		266.35		  39698778		751.00
8030	1658510500	564		266.35		  42927969		742.00
8031	1658511700	1200		265.61		  42927969		-999.00
8032	1658515300	3600		265.50		  42927969		-999.00
8033	1658518900	3600		265.53		  42927969		-999.00
8034	1658522500	3600		265.49		  42927969		-999.00
8035	1658526100	3600		261.19		  42927969		-999.00
8036	1658529700	3600		261.30		  42927969		-999.00
8037	1658533300	3600		261.30		  42927969		-999.00
8038	1658536900	3600		261.30		  42927969		-999.00
8039	1658540500	3600		261.30		  42927969		-999.00
8040	1658544100	3600		261.30		  42927969		-999.00
8041	1658547700	3600		261.30		  42927969		-999.00
8042	1658551300	3600		264.90		  42927969		-999.00
8043	1658554900	3600		265.41		  42927969		-999.00
8044	1658558500	3600		261.11		  42927969		-999.00
8045	1658562100	3600		261.27		  42927969		-999.00
8046	1658565700	3600		261.14		  42927969		-999.00
8047	1658569300	3600		261.30		  42927969		-999.00
8048	1658510500	-58800		261.44		  42927969		-999.00
8033	1658574094	1200		266.61		  38465154		768.00
8033	1658577694	3600		266.51		  37489521		766.50
8033	1658581294	3600		266.57		  39432716		767.00
8033	1658584894	3600		266.44		  39743373		754.00
8033	1658588494	3600		266.55		  40235418		761.50
8033	1658592094	3600		266.47		  40520604		754.00
8033	1658595694	3600		266.52		  37378559		760.50
8033	1658599294	3600		266.53		  37568056		763.00
8033	1658602894	3600		266.27		  33808536		753.50
8033	1658603069	175		261.29		  30448625		 13.50
8034	1658604269	1200		261.37		  30448625		-999.00
8035	1658607869	3600		265.49		  30448625		-999.00
8036	1658611469	3600		265.57		  30448625		-999.00
8037	1658615069	3600		265.53		  30448625		-999.00
8038	1658618669	3600		265.53		  30448625		-999.00
8039	1658622269	3600		265.53		  30448625		-999.00
8040	1658625869	3600		265.49		  30448625		-999.00
8041	1658629469	3600		265.49		  30448625		-999.00
8042	1658633069	3600		265.49		  30448625		-999.00
8043	1658636669	3600		265.49		  30448625		-999.00
8044	1658640269	3600		265.49		  30448625		-999.00
8045	1658643869	3600		265.06		  30448625		-999.00
8046	1658647469	3600		265.06		  30448625		-999.00
8047	1658651069	3600		265.43		  30448625		-999.00
8048	1658654669	3600		265.51		  30448625		-999.00
8049	1658658269	3600		265.47		  30448625		-999.00
8050	1658661869	3600		265.47		  30448625		-999.00
8051	1658665469	3600		265.44		  30448625		-999.00
8052	1658669069	3600		265.44		  30448625		-999.00
8053	1658672669	3600		265.47		  30448625		-999.00
8054	1658676269	3600		265.47		  30448625		-999.00
8055	1658679869	3600		265.44		  30448625		-999.00
8056	1658683469	3600		261.24		  30448625		-999.00
8057	1658687069	3600		261.28		  30448625		-999.00
8058	1658690669	3600		261.09		  30448625		-999.00
8059	1658694269	3600		261.26		  30448625		-999.00
8060	1658697869	3600		261.26		  30448625		-999.00
8061	1658701469	3600		261.26		  30448625		-999.00
8062	1658705069	3600		261.26		  30448625		-999.00
8063	1658708669	3600		261.26		  30448625		-999.00
8064	1658712269	3600		261.26		  30448625		-999.00
8065	1658715869	3600		261.26		  30448625		-999.00
8066	1658719469	3600		261.26		  30448625		-999.00
8067	1658723069	3600		261.26		  30448625		-999.00
8068	1658726669	3600		261.26		  30448625		-999.00
8069	1658730269	3600		261.06		  30448625		-999.00
8070	1658733869	3600		261.22		  30448625		-999.00
8071	1658737469	3600		261.11		  30448625		-999.00
8072	1658603069	-134400		261.29		  30448625		-999.00
8073	1658742177	1200		265.60		  30448625		-999.00
8074	1658745777	3600		265.30		  30448625		-999.00
8075	1658749377	3600		265.34		  30448625		-999.00
8076	1658752977	3600		265.13		  30448625		-999.00
8077	1658756577	3600		264.80		  30448625		-999.00
8078	1658760177	3600		265.32		  30448625		-999.00
8079	1658763777	3600		264.90		  30448625		-999.00
8080	1658740977	-22800		265.53		  30448625		-999.00
8046	1658765029	1200		266.41		  37883145		761.50
8046	1658768629	3600		266.57		  45728942		759.50
8046	1658771734	3105		266.42		  49284893		711.00
8047	1658772934	1200		265.62		  49284893		-999.00
8048	1658776534	3600		261.36		  49284893		-999.00
8049	1658780134	3600		261.27		  49284893		-999.00
8050	1658783734	3600		261.28		  49284893		-999.00
8051	1658787334	3600		261.28		  49284893		-999.00
8052	1658790934	3600		261.27		  49284893		-999.00
8053	1658794534	3600		261.35		  49284893		-999.00
8054	1658798134	3600		261.28		  49284893		-999.00
8055	1658801734	3600		261.28		  49284893		-999.00
8056	1658805334	3600		265.40		  49284893		-999.00
8057	1658808934	3600		265.40		  49284893		-999.00
8058	1658812534	3600		265.21		  49284893		-999.00
8059	1658816134	3600		264.94		  49284893		-999.00
8060	1658819734	3600		265.06		  49284893		-999.00
8061	1658823334	3600		265.21		  49284893		-999.00
8062	1658826934	3600		265.29		  49284893		-999.00
8063	1658830534	3600		265.29		  49284893		-999.00
8064	1658834134	3600		265.00		  49284893		-999.00
8065	1658837734	3600		265.44		  49284893		-999.00
8066	1658841334	3600		265.36		  49284893		-999.00
8067	1658844934	3600		265.28		  49284893		-999.00
8068	1658848534	3600		265.40		  49284893		-999.00
8069	1658852134	3600		265.03		  49284893		-999.00
8070	1658855734	3600		265.40		  49284893		-999.00
8071	1658859334	3600		265.36		  49284893		-999.00
8072	1658862934	3600		261.22		  49284893		-999.00
8073	1658866534	3600		261.27		  49284893		-999.00
8074	1658870134	3600		261.02		  49284893		-999.00
8075	1658873734	3600		261.27		  49284893		-999.00
8076	1658877334	3600		261.26		  49284893		-999.00
8077	1658880934	3600		261.26		  49284893		-999.00
8078	1658884534	3600		261.26		  49284893		-999.00
8079	1658888134	3600		261.26		  49284893		-999.00
8080	1658891734	3600		261.28		  49284893		-999.00
8081	1658895334	3600		265.29		  49284893		-999.00
8082	1658898934	3600		265.37		  49284893		-999.00
8083	1658902534	3600		265.36		  49284893		-999.00
8084	1658906134	3600		265.38		  49284893		-999.00
8085	1658909734	3600		265.42		  49284893		-999.00
8086	1658913334	3600		265.36		  49284893		-999.00
8087	1658916934	3600		265.03		  49284893		-999.00
8088	1658920534	3600		260.97		  49284893		-999.00
8089	1658924134	3600		261.25		  49284893		-999.00
8090	1658927734	3600		261.25		  49284893		-999.00
8091	1658931334	3600		261.14		  49284893		-999.00
8092	1658934934	3600		261.28		  49284893		-999.00
8093	1658771734	-163200		261.43		  49284893		-999.00
8057	1658938498	1200		266.44		  35412039		766.00
8057	1658940388	1890		266.11		  28043269		758.00
8058	1658941588	1200		265.23		  28043269		-999.00
8059	1658945188	3600		261.30		  28043269		-999.00
8060	1658948788	3600		261.18		  28043269		-999.00
8061	1658940388	-8400		261.50		  28043269		-999.00
8058	1658951946	1200		265.94		  21208395		758.50
8058	1658955104	3158		265.71		  21572319		 13.50
8059	1658956304	1200		265.30		  21572319		-999.00
8060	1658959904	3600		265.19		  21572319		-999.00
8061	1658955104	-4800		265.10		  21572319		-999.00
8059	1658963940	1200		266.55		  37843134		767.50
8059	1658967540	3600		266.56		  38797255		765.50
8059	1658971140	3600		266.54		  38144252		766.50
8059	1658974740	3600		266.56		  38741717		766.50
8059	1658978340	3600		266.55		  38573357		766.00
8059	1658980880	2540		266.57		  39074314		766.00
8060	1658982080	1200		265.69		  39074314		-999.00
8061	1658985680	3600		265.54		  39074314		-999.00
8062	1658989280	3600		265.54		  39074314		-999.00
8063	1658992880	3600		265.02		  39074314		-999.00
8064	1658996480	3600		261.02		  39074314		-999.00
8065	1659000080	3600		261.19		  39074314		-999.00
8066	1659003680	3600		261.11		  39074314		-999.00
8067	1659007280	3600		260.80		  39074314		-999.00
8068	1659010880	3600		261.16		  39074314		-999.00
8069	1659014480	3600		261.29		  39074314		-999.00
8070	1659018080	3600		261.40		  39074314		-999.00
8071	1658980880	-37200		261.43		  39074314		-999.00
8072	1659021637	1200		265.57		  39074314		-999.00
8073	1659025237	3600		261.33		  39074314		-999.00
8074	1659020437	-4800		261.41		  39074314		-999.00
8063	1659029019	1200		266.64		  39750388		776.50
8063	1659032619	3600		266.95		  48419367		777.50
8063	1659036219	3600		266.85		  47679232		775.50
8063	1659039819	3600		266.87		  47775323		773.00
8063	1659043419	3600		266.75		  43853909		775.50
8063	1659047019	3600		266.69		  41613585		774.00
8063	1659050619	3600		266.60		  38941916		771.00
8063	1659054219	3600		266.53		  36483627		770.50
8063	1659057819	3600		266.48		  34678527		770.50
8063	1659061419	3600		266.41		  32609550		766.50
8063	1659065019	3600		266.37		  31101744		767.50
8063	1659068619	3600		265.87		  29513500		718.50
8063	1659072219	3600		266.14		  25300409		763.00
8063	1659072807	588		266.15		  25605172		763.00
8064	1659074007	1200		265.62		  25605172		-999.00
8065	1659077607	3600		265.17		  25605172		-999.00
8066	1659081207	3600		265.20		  25605172		-999.00
8067	1659084807	3600		265.26		  25605172		-999.00
8068	1659088407	3600		265.26		  25605172		-999.00
8069	1659092007	3600		265.26		  25605172		-999.00
8070	1659072807	-19200		265.38		  25605172		-999.00
8067	1659096564	1200		266.57		  48426357		730.50
8067	1659100164	3600		266.89		  50324648		774.50
8067	1659103764	3600		267.11		  55106367		780.50
8067	1659107364	3600		267.11		  55187241		782.50
8067	1659110964	3600		267.11		  55702818		778.50
8067	1659114564	3600		266.99		  51932350		778.50
8067	1659116576	2012		266.87		  50781997		773.50
8068	1659117776	1200		264.90		  50781997		-999.00
8069	1659121376	3600		261.15		  50781997		-999.00
8070	1659124976	3600		261.38		  50781997		-999.00
8071	1659116576	-8400		261.50		  50781997		-999.00
8068	1659126285	1200		266.88		  48394046		786.50
8068	1659129885	3600		266.85		  51304896		775.50
8068	1659133485	3600		267.02		  51920441		786.00
8068	1659137085	3600		266.97		  50373090		783.00
8068	1659139547	2462		267.08		  54055193		784.00
8069	1659140747	1200		265.58		  54055193		-999.00
8070	1659144347	3600		261.32		  54055193		-999.00
8071	1659147947	3600		261.32		  54055193		-999.00
8072	1659151547	3600		261.14		  54055193		-999.00
8073	1659155147	3600		261.32		  54055193		-999.00
8074	1659158747	3600		261.28		  54055193		-999.00
8075	1659162347	3600		261.30		  54055193		-999.00
8076	1659165947	3600		261.45		  54055193		-999.00
8077	1659139547	-26400		261.38		  54055193		-999.00
8072	1659168944	1200		266.50		  34246586		790.50
8072	1659172544	3600		267.06		  52875629		790.50
8072	1659176144	3600		267.03		  52048161		786.00
8072	1659179744	3600		267.02		  51599579		786.00
8072	1659183344	3600		266.54		  51626970		726.00
8072	1659186944	3600		266.96		  47945898		791.00
8072	1659190544	3600		266.66		  49978523		765.00
8072	1659194144	3600		266.84		  46583171		785.50
8072	1659197744	3600		266.76		  43761407		781.50
8072	1659201344	3600		266.67		  40798249		781.50
8072	1659204944	3600		266.59		  38286438		781.50
8072	1659208544	3600		266.54		  36909512		779.50
8072	1659212144	3600		266.19		  31649429		756.00
8072	1659212876	732		266.28		  32149917		769.00
8073	1659214076	1200		261.41		  32149917		-999.00
8074	1659217676	3600		261.40		  32149917		-999.00
8075	1659212876	-4800		261.36		  32149917		-999.00
8073	1659222440	1200		266.74		  43309940		793.00
8073	1659226040	3600		266.98		  51271272		793.00
8073	1659229640	3600		267.04		  51248710		789.50
8073	1659233240	3600		266.99		  51061041		796.50
8073	1659236840	3600		267.00		  51217681		793.00
8073	1659238263	1423		266.86		  46785715		790.00
8074	1659239463	1200		265.62		  46785715		-999.00
8075	1659243063	3600		265.61		  46785715		-999.00
8076	1659246663	3600		265.66		  46785715		-999.00
8077	1659250263	3600		261.00		  46785715		-999.00
8078	1659253863	3600		261.11		  46785715		-999.00
8079	1659257463	3600		265.36		  46785715		-999.00
8080	1659261063	3600		265.57		  46785715		-999.00
8081	1659264663	3600		265.61		  46785715		-999.00
8082	1659268263	3600		265.57		  46785715		-999.00
8083	1659271863	3600		261.33		  46785715		-999.00
8084	1659275463	3600		260.90		  46785715		-999.00
8085	1659279063	3600		265.60		  46785715		-999.00
8086	1659282663	3600		261.30		  46785715		-999.00
8087	1659238263	-44400		261.39		  46785715		-999.00
8076	1659287453	1200		266.55		  41565896		784.50
8076	1659291053	3600		267.37		  63582264		802.00
8076	1659294653	3600		267.37		  64850196		799.50
8076	1659298253	3600		267.39		  64267465		801.50
8076	1659301853	3600		267.45		  65052520		802.00
8076	1659305453	3600		267.19		  58742773		798.00
8076	1659309053	3600		266.99		  60430108		774.00
8076	1659312653	3600		266.82		  56653511		774.00
8076	1659314151	1498		267.02		  54607687		786.50
8077	1659315351	1200		265.61		  54607687		-999.00
8078	1659318951	3600		265.61		  54607687		-999.00
8079	1659322551	3600		265.65		  54607687		-999.00
8080	1659326151	3600		265.65		  54607687		-999.00
8081	1659329751	3600		265.65		  54607687		-999.00
8082	1659333351	3600		265.61		  54607687		-999.00
8083	1659336951	3600		265.00		  54607687		-999.00
8084	1659340551	3600		261.12		  54607687		-999.00
8085	1659344151	3600		265.04		  54607687		-999.00
8086	1659347751	3600		265.04		  54607687		-999.00
8087	1659351351	3600		265.38		  54607687		-999.00
8088	1659354951	3600		261.31		  54607687		-999.00
8089	1659314151	-40800		261.23		  54607687		-999.00
8078	1659359310	1200		266.45		  41064515		777.00
8078	1659362910	3600		267.41		  62580237		806.50
8078	1659365364	2454		267.41		  63790099		803.50
8079	1659366564	1200		265.63		  63790099		-999.00
8080	1659370164	3600		261.30		  63790099		-999.00
8081	1659365364	-4800		261.45		  63790099		-999.00
8079	1659373903	1200		266.55		  41537106		789.50
8079	1659377503	3600		267.37		  62524858		802.00
8079	1659381103	3600		267.41		  66383798		798.00
8079	1659382172	1069		267.43		  65874259		801.00
8080	1659383372	1200		265.63		  65874259		-999.00
8081	1659386972	3600		265.63		  65874259		-999.00
8082	1659390572	3600		265.63		  65874259		-999.00
8083	1659394172	3600		265.60		  65874259		-999.00
8084	1659397772	3600		265.60		  65874259		-999.00
8085	1659401372	3600		265.60		  65874259		-999.00
8086	1659404972	3600		261.30		  65874259		-999.00
8087	1659408572	3600		261.24		  65874259		-999.00
8088	1659382172	-26400		261.26		  65874259		-999.00
8081	1659411023	1200		266.46		  38024195		792.00
8081	1659414623	3600		267.11		  54594739		802.00
8081	1659418223	3600		267.39		  64275668		801.50
8081	1659421823	3600		267.42		  63773088		804.50
8081	1659425423	3600		267.31		  58768233		807.50
8081	1659429023	3600		267.32		  60601543		805.50
8081	1659432623	3600		267.16		  56696273		803.00
8081	1659436223	3600		267.12		  53731972		804.50
8081	1659439823	3600		267.03		  50871234		805.50
8081	1659441839	2016		266.86		  49017121		795.00
8082	1659443039	1200		261.50		  49017121		-999.00
8083	1659446639	3600		260.85		  49017121		-999.00
8084	1659450239	3600		261.36		  49017121		-999.00
8085	1659453839	3600		261.36		  49017121		-999.00
8086	1659441839	-12000		261.39		  49017121		-999.00
8083	1659457805	1200		266.47		  39274239		795.00
8083	1659461405	3600		267.42		  63782088		815.00
8083	1659465005	3600		267.45		  64505937		810.50
8083	1659468605	3600		267.45		  64709200		814.50
8083	1659472205	3600		267.29		  63041904		788.50
8083	1659475805	3600		267.29		  60365212		808.50
8083	1659479405	3600		267.30		  59690603		807.50
8083	1659483005	3600		267.19		  55944365		806.00
8083	1659486605	3600		267.06		  52779538		805.50
8083	1659490205	3600		266.51		  50556242		745.50
8083	1659493805	3600		266.90		  47527042		806.00
8083	1659494947	1142		266.02		  23079597		801.00
8084	1659496147	1200		265.53		  23079597		-999.00
8085	1659499747	3600		265.10		  23079597		-999.00
8086	1659503347	3600		265.65		  23079597		-999.00
8087	1659506947	3600		264.85		  23079597		-999.00
8088	1659510547	3600		264.91		  23079597		-999.00
8089	1659514147	3600		265.08		  23079597		-999.00
8090	1659517747	3600		260.68		  23079597		-999.00
8091	1659521347	3600		260.91		  23079597		-999.00
8092	1659524947	3600		265.66		  23079597		-999.00
8093	1659528547	3600		260.74		  23079597		-999.00
8094	1659532147	3600		265.57		  23079597		-999.00
8095	1659535747	3600		265.57		  23079597		-999.00
8096	1659539347	3600		264.95		  23079597		-999.00
8097	1659542947	3600		265.60		  23079597		-999.00
8098	1659546547	3600		261.38		  23079597		-999.00
8099	1659550147	3600		261.31		  23079597		-999.00
8100	1659553747	3600		261.34		  23079597		-999.00
8101	1659494947	-58800		261.32		  23079597		-999.00
8087	1659558222	1200		267.02		  51558231		818.50
8087	1659559988	1766		267.82		  78087202		816.00
8088	1659561188	1200		265.50		  78087202		-999.00
8089	1659564788	3600		261.24		  78087202		-999.00
8090	1659559988	-4800		261.40		  78087202		-999.00
8088	1659569099	1200		266.96		  50575478		815.50
8088	1659572699	3600		267.95		  79751505		824.00
8088	1659576299	3600		267.97		  80295055		826.00
8088	1659579899	3600		267.88		  80023182		825.00
8088	1659583499	3600		267.90		  79578957		824.50
8088	1659587099	3600		267.95		  79614224		826.00
8088	1659590699	3600		267.71		  73516945		822.50
8088	1659594299	3600		267.76		  74798778		825.00
8088	1659597899	3600		267.61		  69768711		821.50
8088	1659601499	3600		267.50		  66104752		818.00
8088	1659605099	3600		267.15		  57002136		819.00
8088	1659605836	737		267.18		  60423569		 13.50
8089	1659607036	1200		264.89		  60423569		-999.00
8090	1659610636	3600		264.76		  60423569		-999.00
8091	1659614236	3600		265.18		  60423569		-999.00
8092	1659617836	3600		265.26		  60423569		-999.00
8093	1659621436	3600		265.63		  60423569		-999.00
8094	1659625036	3600		265.66		  60423569		-999.00
8095	1659628636	3600		261.01		  60423569		-999.00
8096	1659632236	3600		261.09		  60423569		-999.00
8097	1659605836	-26400		261.31		  60423569		-999.00
8091	1659635703	1200		267.56		  70329374		826.00
8091	1659639303	3600		268.42		  97971634		822.00
8091	1659640464	1161		267.68		  68432758		847.00
8092	1659641664	1200		265.27		  68432758		-999.00
8093	1659645264	3600		261.07		  68432758		-999.00
8094	1659648864	3600		261.08		  68432758		-999.00
8095	1659652464	3600		261.10		  68432758		-999.00
8096	1659656064	3600		261.10		  68432758		-999.00
8097	1659640464	-15600		261.48		  68432758		-999.00
8094	1659659948	1200		266.86		  49983068		819.00
8094	1659663548	3600		268.38		  93868513		844.00
8094	1659667148	3600		268.38		  93640734		841.50
8094	1659670748	3600		268.18		  87572223		834.00
8094	1659674348	3600		267.99		  81284205		834.00
8094	1659677948	3600		267.83		  77171702		833.50
8094	1659681548	3600		267.67		  72126104		829.50
8094	1659685148	3600		267.51		  68150466		829.50
8094	1659688748	3600		267.28		  64471210		814.00
8094	1659690634	1886		266.86		  52074731		779.50
8095	1659691834	1200		260.99		  52074731		-999.00
8096	1659695434	3600		260.88		  52074731		-999.00
8097	1659699034	3600		260.95		  52074731		-999.00
8098	1659702634	3600		265.62		  52074731		-999.00
8099	1659706234	3600		265.67		  52074731		-999.00
8100	1659709834	3600		265.60		  52074731		-999.00
8101	1659713434	3600		265.64		  52074731		-999.00
8102	1659717034	3600		265.61		  52074731		-999.00
8103	1659720634	3600		265.67		  52074731		-999.00
8104	1659724234	3600		265.63		  52074731		-999.00
8105	1659727834	3600		265.65		  52074731		-999.00
8106	1659731434	3600		261.13		  52074731		-999.00
8107	1659735034	3600		261.08		  52074731		-999.00
8108	1659738634	3600		261.08		  52074731		-999.00
8109	1659690634	-48000		260.95		  52074731		-999.00
8098	1659742363	1200		268.08		  83942439		842.00
8098	1659742952	589		268.73		 103978588		851.50
8099	1659744152	1200		265.55		 103978588		-999.00
8100	1659747752	3600		261.05		 103978588		-999.00
8101	1659742952	-4800		261.21		 103978588		-999.00
8099	1659752145	1200		268.04		  83641622		846.00
8099	1659753308	1163		267.72		  80817718		811.00
8100	1659754508	1200		265.67		  80817718		-999.00
8101	1659758108	3600		265.62		  80817718		-999.00
8102	1659761708	3600		265.62		  80817718		-999.00
8103	1659765308	3600		265.62		  80817718		-999.00
8104	1659768908	3600		265.36		  80817718		-999.00
8105	1659772508	3600		265.19		  80817718		-999.00
8106	1659776108	3600		264.83		  80817718		-999.00
8107	1659779708	3600		265.08		  80817718		-999.00
8108	1659783308	3600		265.08		  80817718		-999.00
8109	1659786908	3600		264.99		  80817718		-999.00
8110	1659753308	-33600		265.33		  80817718		-999.00
8100	1659788492	1200		267.66		  72896719		826.50
8100	1659790213	1721		268.17		  84793959		850.50
8101	1659791413	1200		265.01		  84793959		-999.00
8102	1659795013	3600		261.03		  84793959		-999.00
8103	1659798613	3600		260.94		  84793959		-999.00
8104	1659790213	-8400		261.42		  84793959		-999.00
8102	1659800735	1200		267.87		  79846763		838.50
8102	1659804335	3600		268.48		 105521862		828.00
8102	1659807935	3600		268.51		  98721168		847.00
8102	1659811535	3600		268.02		  99155745		771.00
8102	1659815135	3600		268.27		  91911509		844.00
8102	1659818735	3600		268.15		  86516712		848.00
8102	1659822335	3600		267.88		  80814699		838.00
8102	1659825935	3600		267.83		  76430528		839.00
8102	1659829535	3600		267.70		  72152912		840.00
8102	1659833135	3600		267.53		  68114847		837.50
8102	1659836735	3600		267.42		  64588124		838.00
8102	1659840335	3600		267.31		  60734335		836.50
8102	1659843935	3600		267.24		  58196917		835.00
8102	1659847535	3600		267.10		  54823694		833.50
8102	1659851135	3600		266.78		  48374881		826.00
8102	1659852431	1296		266.95		  49851908		837.00
8103	1659853631	1200		260.89		  49851908		-999.00
8104	1659857231	3600		260.86		  49851908		-999.00
8105	1659860831	3600		261.09		  49851908		-999.00
8106	1659852431	-8400		261.40		  49851908		-999.00
8103	1659863957	1200		267.65		  73499614		841.50
8103	1659867557	3600		268.40		  96663108		856.50
8103	1659871157	3600		268.55		  98781487		863.00
8103	1659874757	3600		268.37		  94394888		857.00
8103	1659878357	3600		268.20		  87893750		857.00
8103	1659881957	3600		267.39		  69889798		824.00
8103	1659882517	560		265.40		         0		836.00
8104	1659883717	1200		260.88		         0		-999.00
8105	1659887317	3600		265.58		         0		-999.00
8106	1659890917	3600		265.62		         0		-999.00
8107	1659894517	3600		265.62		         0		-999.00
8108	1659898117	3600		265.66		         0		-999.00
8109	1659901717	3600		265.66		         0		-999.00
8110	1659905317	3600		265.60		         0		-999.00
8111	1659908917	3600		265.65		         0		-999.00
8112	1659912517	3600		265.65		         0		-999.00
8113	1659916117	3600		265.65		         0		-999.00
8114	1659919717	3600		265.65		         0		-999.00
8115	1659923317	3600		265.65		         0		-999.00
8116	1659926917	3600		261.15		         0		-999.00
8117	1659882517	-44400		261.52		         0		-999.00
8106	1659931499	1200		267.88		  83053749		844.00
8106	1659935099	3600		268.82		 104333507		871.00
8106	1659938699	3600		268.26		  89511130		857.00
8106	1659942299	3600		260.97		  54645240		 13.00
8106	1659942652	353		260.97		         0		 13.00
8107	1659943852	1200		261.44		         0		-999.00
8108	1659947452	3600		265.17		         0		-999.00
8109	1659951052	3600		261.10		         0		-999.00
8110	1659954652	3600		261.09		         0		-999.00
8111	1659958252	3600		261.04		         0		-999.00
8112	1659961852	3600		261.08		         0		-999.00
8113	1659965452	3600		261.02		         0		-999.00
8114	1659969052	3600		260.98		         0		-999.00
8115	1659942652	-26400		261.01		         0		-999.00
8116	1659971480	1200		265.69		         0		-999.00
8117	1659975080	3600		261.07		         0		-999.00
8118	1659978680	3600		260.99		         0		-999.00
8119	1659982280	3600		261.12		         0		-999.00
8120	1659985880	3600		261.12		         0		-999.00
8121	1659989480	3600		261.03		         0		-999.00
8122	1659993080	3600		261.11		         0		-999.00
8123	1659996680	3600		261.11		         0		-999.00
8124	1659970280	-26400		261.49		         0		-999.00
8125	1660001045	1200		265.65		         0		-999.00
8126	1660004645	3600		260.95		         0		-999.00
8127	1659999845	-4800		261.58		         0		-999.00
8112	1660007684	1200		268.03		  84298052		858.00
8112	1660011284	3600		269.23		 119247332		882.00
8112	1660014884	3600		269.13		 114442360		882.00
8112	1660018484	3600		269.10		 114905277		881.00
8112	1660022084	3600		268.79		 105906988		875.50
8112	1660025684	3600		268.60		  99499007		871.50
8112	1660029284	3600		268.23		  92236044		858.00
8112	1660032884	3600		268.17		  86455505		865.00
8112	1660036484	3600		268.01		  81203343		862.50
8112	1660040084	3600		267.87		  76674684		862.00
8112	1660043684	3600		267.69		  71736643		859.00
8112	1660047035	3351		267.54		  68139223		859.00
8113	1660048235	1200		261.09		  68139223		-999.00
8114	1660051835	3600		261.15		  68139223		-999.00
8115	1660055435	3600		261.04		  68139223		-999.00
8116	1660047035	-8400		261.27		  68139223		-999.00
8113	1660058051	1200		268.04		  83566126		868.00
8113	1660061651	3600		268.96		 111938198		887.00
8113	1660065251	3600		268.87		 109749170		877.50
8113	1660068851	3600		268.90		 109081657		880.50
8113	1660072451	3600		268.72		 100738276		884.50
8113	1660076051	3600		268.47		  93436427		883.50
8113	1660079651	3600		268.21		  87484082		877.00
8113	1660083251	3600		268.04		  81710743		877.00
8113	1660084406	1155		267.47		  69316232		839.50
8114	1660085606	1200		265.35		  69316232		-999.00
8115	1660089206	3600		265.26		  69316232		-999.00
8116	1660092806	3600		265.66		  69316232		-999.00
8117	1660096406	3600		265.66		  69316232		-999.00
8118	1660100006	3600		265.69		  69316232		-999.00
8119	1660103606	3600		265.69		  69316232		-999.00
8120	1660107206	3600		265.52		  69316232		-999.00
8121	1660110806	3600		264.73		  69316232		-999.00
8122	1660114406	3600		260.97		  69316232		-999.00
8123	1660118006	3600		261.15		  69316232		-999.00
8124	1660121606	3600		265.16		  69316232		-999.00
8125	1660125206	3600		265.24		  69316232		-999.00
8126	1660128806	3600		265.06		  69316232		-999.00
8127	1660132406	3600		265.47		  69316232		-999.00
8128	1660136006	3600		265.14		  69316232		-999.00
8129	1660139606	3600		264.98		  69316232		-999.00
8130	1660143206	3600		265.54		  69316232		-999.00
8131	1660146806	3600		260.86		  69316232		-999.00
8132	1660150406	3600		261.05		  69316232		-999.00
8133	1660084406	-66000		261.28		  69316232		-999.00
8115	1660153979	1200		268.25		  93119334		873.00
8115	1660157579	3600		269.30		 121059059		894.00
8115	1660161179	3600		269.11		 116249626		889.00
8115	1660164779	3600		268.68		 103134221		887.00
8115	1660168379	3600		268.74		 102622985		888.50
8115	1660171979	3600		268.51		  95233399		887.00
8115	1660175579	3600		268.32		  88712146		882.50
8115	1660179179	3600		268.09		  83645217		883.50
8115	1660182779	3600		267.96		  79229745		880.00
8115	1660186379	3600		267.78		  74439161		875.50
8115	1660189979	3600		267.67		  70722881		880.00
8115	1660191963	1984		267.58		  67557202		874.00
8116	1660193163	1200		265.29		  67557202		-999.00
8117	1660196763	3600		260.94		  67557202		-999.00
8118	1660200363	3600		261.39		  67557202		-999.00
8119	1660203963	3600		261.38		  67557202		-999.00
8120	1660207563	3600		260.86		  67557202		-999.00
8121	1660211163	3600		261.24		  67557202		-999.00
8122	1660214763	3600		261.16		  67557202		-999.00
8123	1660218363	3600		261.20		  67557202		-999.00
8124	1660221963	3600		260.97		  67557202		-999.00
8125	1660225563	3600		261.07		  67557202		-999.00
8126	1660229163	3600		261.24		  67557202		-999.00
8127	1660232763	3600		261.08		  67557202		-999.00
8128	1660236363	3600		261.10		  67557202		-999.00
8129	1660191963	-44400		261.44		  67557202		-999.00
8118	1660241096	1200		268.26		  91596950		892.00
8118	1660244696	3600		269.20		 116241492		912.50
8118	1660248296	3600		269.13		 114462247		907.00
8118	1660251896	3600		268.99		 112681224		900.50
8118	1660255496	3600		268.76		 104732271		901.00
8118	1660259096	3600		268.58		  96676827		900.00
8118	1660262696	3600		268.24		  90265067		892.50
8118	1660266296	3600		268.04		  83657982		892.00
8118	1660269896	3600		267.91		  79359607		889.50
8118	1660273496	3600		267.82		  75168831		884.50
8118	1660277096	3600		261.44		  65316454		 12.50
8118	1660277127	31		261.44		         0		 12.50
8119	1660278327	1200		260.90		         0		-999.00
8120	1660281927	3600		261.12		         0		-999.00
8121	1660285527	3600		261.08		         0		-999.00
8122	1660289127	3600		265.11		         0		-999.00
8123	1660292727	3600		265.19		         0		-999.00
8124	1660296327	3600		265.23		         0		-999.00
8125	1660299927	3600		265.23		         0		-999.00
8126	1660303527	3600		265.23		         0		-999.00
8127	1660307127	3600		265.23		         0		-999.00
8128	1660310727	3600		265.23		         0		-999.00
8129	1660314327	3600		261.27		         0		-999.00
8130	1660317927	3600		261.04		         0		-999.00
8131	1660321527	3600		261.12		         0		-999.00
8132	1660277127	-44400		261.44		         0		-999.00
8120	1660324593	1200		267.79		  77764785		885.00
8120	1660328193	3600		268.31		  93232676		894.00
8120	1660331793	3600		268.45		  94095810		896.50
8120	1660335393	3600		268.13		  87032001		892.00
8120	1660337985	2592		268.09		  82051185		892.00
8121	1660339185	1200		265.57		  82051185		-999.00
8122	1660342785	3600		261.05		  82051185		-999.00
8123	1660346385	3600		261.09		  82051185		-999.00
8124	1660349985	3600		261.09		  82051185		-999.00
8125	1660337985	-12000		261.32		  82051185		-999.00
8121	1660352795	1200		267.57		  74131990		872.00
8121	1660355215	2420		267.76		  82836655		862.50
8122	1660356415	1200		265.59		  82836655		-999.00
8123	1660360015	3600		265.67		  82836655		-999.00
8124	1660363615	3600		265.67		  82836655		-999.00
8125	1660367215	3600		265.18		  82836655		-999.00
8126	1660370815	3600		261.03		  82836655		-999.00
8127	1660374415	3600		265.66		  82836655		-999.00
8128	1660378015	3600		265.66		  82836655		-999.00
8129	1660381615	3600		265.36		  82836655		-999.00
8130	1660385215	3600		265.43		  82836655		-999.00
8131	1660388815	3600		265.73		  82836655		-999.00
8132	1660392415	3600		261.18		  82836655		-999.00
8133	1660355215	-37200		261.37		  82836655		-999.00
8124	1660395388	1200		268.21		  91546097		893.00
8124	1660398988	3600		268.58		 116528115		824.50
8124	1660402588	3600		269.23		 117820106		916.50
8124	1660406188	3600		268.96		 108519628		911.50
8124	1660409788	3600		268.66		 102194200		901.50
8124	1660413388	3600		268.51		  95640654		906.50
8124	1660416988	3600		268.31		  89005218		900.50
8124	1660420588	3600		268.15		  83523279		900.00
8124	1660424188	3600		267.90		  77474160		897.00
8124	1660427788	3600		267.90		  76440359		898.50
8124	1660431388	3600		267.73		  71748508		898.50
8124	1660434988	3600		267.63		  68568874		899.00
8124	1660438588	3600		267.52		  64830590		895.00
8124	1660442188	3600		267.18		  57404768		884.50
8124	1660442594	406		261.32		  50093696		 13.00
8125	1660443794	1200		261.56		  50093696		-999.00
8126	1660447394	3600		261.01		  50093696		-999.00
8127	1660450994	3600		261.12		  50093696		-999.00
8128	1660442594	-8400		261.33		  50093696		-999.00
8129	1660454059	1200		256.14		  50093696		-999.00
8130	1660457659	3600		265.67		  50093696		-999.00
8131	1660461259	3600		265.72		  50093696		-999.00
8132	1660464859	3600		265.68		  50093696		-999.00
8133	1660468459	3600		265.63		  50093696		-999.00
8134	1660472059	3600		265.64		  50093696		-999.00
8135	1660475659	3600		265.64		  50093696		-999.00
8136	1660479259	3600		265.02		  50093696		-999.00
8137	1660482859	3600		265.14		  50093696		-999.00
8138	1660486459	3600		265.08		  50093696		-999.00
8139	1660490059	3600		265.08		  50093696		-999.00
8140	1660493659	3600		265.11		  50093696		-999.00
8141	1660452859	-40800		265.25		  50093696		-999.00
8142	1660497206	1200		265.61		  50093696		-999.00
8143	1660500806	3600		265.65		  50093696		-999.00
8144	1660504406	3600		265.02		  50093696		-999.00
8145	1660508006	3600		265.62		  50093696		-999.00
8146	1660511606	3600		265.67		  50093696		-999.00
8147	1660515206	3600		265.64		  50093696		-999.00
8148	1660518806	3600		265.64		  50093696		-999.00
8149	1660522406	3600		261.27		  50093696		-999.00
8150	1660526006	3600		260.98		  50093696		-999.00
8151	1660529606	3600		265.65		  50093696		-999.00
8152	1660533206	3600		265.69		  50093696		-999.00
8153	1660536806	3600		265.69		  50093696		-999.00
8154	1660540406	3600		265.65		  50093696		-999.00
8155	1660544006	3600		265.61		  50093696		-999.00
8156	1660547606	3600		265.61		  50093696		-999.00
8157	1660551206	3600		265.57		  50093696		-999.00
8158	1660554806	3600		265.53		  50093696		-999.00
8159	1660558406	3600		265.53		  50093696		-999.00
8160	1660562006	3600		260.96		  50093696		-999.00
8161	1660565606	3600		261.11		  50093696		-999.00
8162	1660569206	3600		265.16		  50093696		-999.00
8163	1660572806	3600		265.28		  50093696		-999.00
8164	1660576406	3600		265.68		  50093696		-999.00
8165	1660580006	3600		265.71		  50093696		-999.00
8166	1660583606	3600		261.04		  50093696		-999.00
8167	1660587206	3600		261.12		  50093696		-999.00
8168	1660496006	-91200		261.25		  50093696		-999.00
8132	1660589788	1200		267.71		  88511115		836.00
8132	1660593388	3600		269.28		 116782506		947.50
8132	1660596721	3333		269.35		 121965874		934.50
8133	1660597921	1200		265.59		 121965874		-999.00
8134	1660601521	3600		265.58		 121965874		-999.00
8135	1660605121	3600		265.66		 121965874		-999.00
8136	1660608721	3600		265.66		 121965874		-999.00
8137	1660612321	3600		265.66		 121965874		-999.00
8138	1660615921	3600		261.20		 121965874		-999.00
8139	1660619521	3600		261.11		 121965874		-999.00
8140	1660623121	3600		261.11		 121965874		-999.00
8141	1660626721	3600		261.11		 121965874		-999.00
8142	1660630321	3600		261.13		 121965874		-999.00
8143	1660633921	3600		261.13		 121965874		-999.00
8144	1660637521	3600		260.98		 121965874		-999.00
8145	1660641121	3600		261.07		 121965874		-999.00
8146	1660644721	3600		261.07		 121965874		-999.00
8147	1660648321	3600		261.07		 121965874		-999.00
8148	1660651921	3600		264.93		 121965874		-999.00
8149	1660655521	3600		265.61		 121965874		-999.00
8150	1660659121	3600		265.04		 121965874		-999.00
8151	1660662721	3600		265.63		 121965874		-999.00
8152	1660666321	3600		265.22		 121965874		-999.00
8153	1660669921	3600		265.57		 121965874		-999.00
8154	1660673521	3600		265.60		 121965874		-999.00
8155	1660677121	3600		265.57		 121965874		-999.00
8156	1660680721	3600		265.60		 121965874		-999.00
8157	1660684321	3600		265.64		 121965874		-999.00
8158	1660687921	3600		265.57		 121965874		-999.00
8159	1660691521	3600		265.60		 121965874		-999.00
8160	1660695121	3600		261.20		 121965874		-999.00
8161	1660698721	3600		260.95		 121965874		-999.00
8162	1660702321	3600		261.04		 121965874		-999.00
8163	1660705921	3600		261.06		 121965874		-999.00
8164	1660596721	-109200		261.56		 121965874		-999.00
8136	1660708422	1200		267.46		  68690671		886.00
8136	1660712022	3600		268.24		  88487866		913.50
8136	1660715622	3600		268.51		  96094965		915.50
8136	1660719222	3600		268.28		  89737393		915.00
8136	1660722822	3600		268.04		  83642207		907.50
8136	1660726422	3600		267.86		  77570464		910.00
8136	1660730022	3600		267.75		  74005128		906.00
8136	1660733622	3600		267.62		  69695012		903.50
8136	1660737222	3600		267.52		  66146258		901.00
8136	1660740822	3600		267.36		  62499239		899.00
8136	1660744422	3600		267.28		  58823359		902.00
8136	1660745228	806		267.09		  54946165		881.50
8137	1660746428	1200		265.65		  54946165		-999.00
8138	1660750028	3600		265.53		  54946165		-999.00
8139	1660753628	3600		265.58		  54946165		-999.00
8140	1660757228	3600		265.66		  54946165		-999.00
8141	1660760828	3600		265.66		  54946165		-999.00
8142	1660764428	3600		265.66		  54946165		-999.00
8143	1660768028	3600		265.66		  54946165		-999.00
8144	1660771628	3600		265.66		  54946165		-999.00
8145	1660775228	3600		265.67		  54946165		-999.00
8146	1660778828	3600		265.64		  54946165		-999.00
8147	1660782428	3600		265.65		  54946165		-999.00
8148	1660786028	3600		265.65		  54946165		-999.00
8149	1660789628	3600		265.65		  54946165		-999.00
8150	1660793228	3600		265.65		  54946165		-999.00
8151	1660796828	3600		265.61		  54946165		-999.00
8152	1660800428	3600		265.66		  54946165		-999.00
8153	1660804028	3600		265.62		  54946165		-999.00
8154	1660807628	3600		265.68		  54946165		-999.00
8155	1660811228	3600		265.62		  54946165		-999.00
8156	1660814828	3600		265.34		  54946165		-999.00
8157	1660818428	3600		265.34		  54946165		-999.00
8158	1660822028	3600		265.34		  54946165		-999.00
8159	1660825628	3600		265.34		  54946165		-999.00
8160	1660829228	3600		265.59		  54946165		-999.00
8161	1660832828	3600		265.22		  54946165		-999.00
8162	1660836428	3600		260.92		  54946165		-999.00
8163	1660840028	3600		261.09		  54946165		-999.00
8164	1660843628	3600		260.93		  54946165		-999.00
8165	1660847228	3600		265.60		  54946165		-999.00
8166	1660850828	3600		265.60		  54946165		-999.00
8167	1660854428	3600		265.60		  54946165		-999.00
8168	1660858028	3600		260.92		  54946165		-999.00
8169	1660861628	3600		261.16		  54946165		-999.00
8170	1660745228	-116400		261.03		  54946165		-999.00
8142	1660864259	1200		267.77		  87644898		846.00
8142	1660867859	3600		269.40		 126666844		930.50
8142	1660871459	3600		268.94		 114767294		921.50
8142	1660873767	2308		269.07		 115343187		927.00
8143	1660874967	1200		265.58		 115343187		-999.00
8144	1660878567	3600		260.92		 115343187		-999.00
8145	1660882167	3600		261.12		 115343187		-999.00
8146	1660873767	-8400		261.21		 115343187		-999.00
8143	1660885961	1200		268.27		  93105592		924.00
8143	1660889561	3600		269.38		 125132219		936.00
8143	1660893161	3600		269.37		 124463217		935.50
8143	1660896761	3600		269.14		 116980025		941.00
8143	1660900361	3600		268.86		 107983844		934.50
8143	1660903961	3600		268.67		 100341565		932.50
8143	1660907561	3600		268.42		  94705415		930.50
8143	1660911161	3600		268.23		  88365223		924.50
8143	1660914761	3600		268.09		  83454382		927.00
8143	1660918361	3600		267.94		  79713784		923.00
8143	1660921961	3600		267.75		  73428000		922.50
8143	1660925561	3600		267.05		  70155864		839.50
8143	1660929161	3600		267.64		  68108711		919.50
8143	1660932761	3600		267.21		  64467013		899.50
8143	1660936361	3600		267.26		  55754518		919.00
8143	1660936774	413		261.40		  57719549		 13.00
8144	1660937974	1200		260.95		  57719549		-999.00
8145	1660941574	3600		261.18		  57719549		-999.00
8146	1660936774	-4800		261.32		  57719549		-999.00
8144	1660945287	1200		268.57		  98359327		944.50
8144	1660946104	817		268.56		 102043794		896.50
8145	1660947304	1200		265.65		 102043794		-999.00
8146	1660950904	3600		265.68		 102043794		-999.00
8147	1660954504	3600		265.68		 102043794		-999.00
8148	1660958104	3600		265.68		 102043794		-999.00
8149	1660961704	3600		265.68		 102043794		-999.00
8150	1660965304	3600		265.68		 102043794		-999.00
8151	1660968904	3600		265.70		 102043794		-999.00
8152	1660972504	3600		265.70		 102043794		-999.00
8153	1660976104	3600		265.57		 102043794		-999.00
8154	1660979704	3600		261.10		 102043794		-999.00
8155	1660946104	-33600		261.22		 102043794		-999.00
8146	1660983654	1200		268.74		 104674985		947.50
8146	1660987254	3600		269.67		 133131673		950.50
8146	1660990854	3600		269.57		 128667016		957.00
8146	1660994454	3600		269.31		 121174499		956.00
8146	1660998054	3600		269.10		 114100831		951.50
8146	1661001654	3600		268.86		 106367057		948.50
8146	1661005254	3600		268.67		  99983522		947.00
8146	1661008854	3600		268.35		  93077013		939.00
8146	1661012454	3600		268.19		  87845272		937.00
8146	1661016054	3600		268.04		  82763368		938.00
8146	1661019654	3600		267.75		  77013011		904.00
8146	1661019702	48		265.44		         0		900.50
8147	1661020902	1200		265.04		         0		-999.00
8148	1661024502	3600		260.97		         0		-999.00
8149	1661028102	3600		261.09		         0		-999.00
8150	1661019702	-8400		261.44		         0		-999.00
8147	1661029914	1200		268.32		  94586564		938.00
8147	1661033514	3600		269.31		 125243575		957.50
8147	1661037114	3600		269.34		 122658317		963.50
8147	1661040714	3600		269.14		 116017447		961.00
8147	1661044314	3600		268.31		 107716835		868.00
8147	1661046507	2193		268.17		 103093687		868.50
8148	1661047707	1200		265.49		 103093687		-999.00
8149	1661051307	3600		265.60		 103093687		-999.00
8150	1661054907	3600		261.19		 103093687		-999.00
8151	1661058507	3600		261.11		 103093687		-999.00
8152	1661046507	-12000		261.16		 103093687		-999.00
8148	1661060805	1200		268.86		 105311144		972.50
8148	1661064405	3600		269.75		 133543867		979.00
8148	1661068005	3600		269.50		 132379076		960.50
8148	1661071605	3600		269.15		 121809412		949.50
8148	1661075205	3600		269.06		 112316603		966.50
8148	1661078805	3600		268.80		 105168566		961.50
8148	1661082405	3600		268.60		  98350181		961.50
8148	1661086005	3600		268.41		  91292723		964.50
8148	1661089605	3600		268.11		  85896104		947.50
8148	1661093205	3600		267.99		  80453744		953.00
8148	1661096805	3600		267.71		  76930078		935.50
8148	1661097130	325		267.57		  69322849		944.00
8149	1661098330	1200		265.53		  69322849		-999.00
8150	1661101930	3600		261.05		  69322849		-999.00
8151	1661105530	3600		261.09		  69322849		-999.00
8152	1661097130	-8400		261.45		  69322849		-999.00
8149	1661109518	1200		268.45		  96489139		966.50
8149	1661113118	3600		269.37		 120490964		987.00
8149	1661116718	3600		268.96		 118396372		952.50
8149	1661120318	3600		269.03		 109099971		979.50
8149	1661123918	3600		268.97		 110325626		972.50
8149	1661127518	3600		268.75		 103439350		975.00
8149	1661131118	3600		268.58		  97451734		968.00
8149	1661134718	3600		268.33		  91664410		965.00
8149	1661138318	3600		268.17		  85870325		964.00
8149	1661141918	3600		268.01		  81355625		962.00
8149	1661145518	3600		267.88		  77094472		959.00
8149	1661149118	3600		267.75		  72723362		961.00
8149	1661152718	3600		267.65		  69482139		958.50
8149	1661156318	3600		267.54		  65752008		953.00
8149	1661159918	3600		267.40		  62390031		954.00
8149	1661163180	3262		267.29		  60147668		950.00
8150	1661164380	1200		261.07		  60147668		-999.00
8151	1661167980	3600		261.50		  60147668		-999.00
8152	1661171580	3600		265.61		  60147668		-999.00
8153	1661175180	3600		265.09		  60147668		-999.00
8154	1661178780	3600		265.31		  60147668		-999.00
8155	1661182380	3600		265.27		  60147668		-999.00
8156	1661185980	3600		265.71		  60147668		-999.00
8157	1661189580	3600		265.68		  60147668		-999.00
8158	1661193180	3600		261.06		  60147668		-999.00
8159	1661196780	3600		261.11		  60147668		-999.00
8160	1661200380	3600		261.13		  60147668		-999.00
8161	1661203980	3600		261.01		  60147668		-999.00
8162	1661163180	-40800		261.34		  60147668		-999.00
8151	1661205634	1200		267.59		  75005177		937.00
8151	1661209234	3600		268.96		 110786950		985.50
8151	1661212834	3600		268.91		 120009810		946.50
8151	1661216434	3600		269.28		 118542430		991.00
8151	1661220034	3600		269.18		 116098805		986.50
8151	1661223634	3600		268.99		 109979474		986.00
8151	1661227234	3600		268.75		 103212240		980.00
8151	1661230834	3600		268.52		  95600829		980.50
8151	1661234434	3600		268.35		  89912480		978.00
8151	1661238034	3600		268.14		  84480510		979.00
8151	1661241634	3600		267.93		  78704797		972.00
8151	1661245234	3600		267.79		  73827288		973.50
8151	1661248834	3600		267.29		  64535950		 13.00
8151	1661249130	296		267.31		  70479784		 13.00
8152	1661250330	1200		264.91		  70479784		-999.00
8153	1661253930	3600		265.54		  70479784		-999.00
8154	1661257530	3600		265.54		  70479784		-999.00
8155	1661261130	3600		265.29		  70479784		-999.00
8156	1661264730	3600		261.41		  70479784		-999.00
8157	1661268330	3600		261.16		  70479784		-999.00
8158	1661271930	3600		265.58		  70479784		-999.00
8159	1661275530	3600		265.74		  70479784		-999.00
8160	1661279130	3600		265.67		  70479784		-999.00
8161	1661282730	3600		265.71		  70479784		-999.00
8162	1661286330	3600		265.67		  70479784		-999.00
8163	1661289930	3600		265.67		  70479784		-999.00
8164	1661293530	3600		265.62		  70479784		-999.00
8165	1661297130	3600		265.74		  70479784		-999.00
8166	1661300730	3600		265.74		  70479784		-999.00
8167	1661304330	3600		265.74		  70479784		-999.00
8168	1661307930	3600		265.74		  70479784		-999.00
8169	1661311530	3600		265.74		  70479784		-999.00
8170	1661315130	3600		265.67		  70479784		-999.00
8171	1661318730	3600		265.28		  70479784		-999.00
8172	1661322330	3600		265.32		  70479784		-999.00
8173	1661325930	3600		265.32		  70479784		-999.00
8174	1661329530	3600		265.32		  70479784		-999.00
8175	1661333130	3600		265.32		  70479784		-999.00
8176	1661336730	3600		265.32		  70479784		-999.00
8177	1661340330	3600		265.32		  70479784		-999.00
8178	1661343930	3600		265.32		  70479784		-999.00
8179	1661347530	3600		265.56		  70479784		-999.00
8180	1661351130	3600		265.64		  70479784		-999.00
8181	1661354730	3600		265.64		  70479784		-999.00
8182	1661358330	3600		265.56		  70479784		-999.00
8183	1661361930	3600		265.63		  70479784		-999.00
8184	1661365530	3600		265.41		  70479784		-999.00
8185	1661369130	3600		265.69		  70479784		-999.00
8186	1661372730	3600		265.65		  70479784		-999.00
8187	1661376330	3600		265.65		  70479784		-999.00
8188	1661379930	3600		265.65		  70479784		-999.00
8189	1661383530	3600		265.65		  70479784		-999.00
8190	1661387130	3600		265.32		  70479784		-999.00
8191	1661390730	3600		265.60		  70479784		-999.00
8192	1661394330	3600		265.60		  70479784		-999.00
8193	1661397930	3600		265.07		  70479784		-999.00
8194	1661401530	3600		265.66		  70479784		-999.00
8195	1661405130	3600		265.66		  70479784		-999.00
8196	1661408730	3600		265.57		  70479784		-999.00
8197	1661412330	3600		265.62		  70479784		-999.00
8198	1661415930	3600		265.66		  70479784		-999.00
8199	1661419530	3600		265.32		  70479784		-999.00
8200	1661423130	3600		265.41		  70479784		-999.00
8201	1661426730	3600		265.52		  70479784		-999.00
8202	1661430330	3600		265.49		  70479784		-999.00
8203	1661433930	3600		265.64		  70479784		-999.00
8204	1661437530	3600		265.33		  70479784		-999.00
8205	1661441130	3600		265.61		  70479784		-999.00
8206	1661444730	3600		265.54		  70479784		-999.00
8207	1661448330	3600		265.65		  70479784		-999.00
8208	1661451930	3600		265.58		  70479784		-999.00
8209	1661455530	3600		265.65		  70479784		-999.00
8210	1661459130	3600		265.58		  70479784		-999.00
8211	1661462730	3600		265.54		  70479784		-999.00
8212	1661466330	3600		265.58		  70479784		-999.00
8213	1661469930	3600		265.59		  70479784		-999.00
8214	1661473530	3600		265.62		  70479784		-999.00
8215	1661477130	3600		265.55		  70479784		-999.00
8216	1661480730	3600		265.55		  70479784		-999.00
8217	1661484330	3600		265.55		  70479784		-999.00
8218	1661487930	3600		265.55		  70479784		-999.00
8219	1661491530	3600		265.62		  70479784		-999.00
8220	1661495130	3600		264.98		  70479784		-999.00
8221	1661498730	3600		265.67		  70479784		-999.00
8222	1661502330	3600		265.53		  70479784		-999.00
8223	1661505930	3600		265.53		  70479784		-999.00
8224	1661509530	3600		265.55		  70479784		-999.00
8225	1661513130	3600		265.61		  70479784		-999.00
8226	1661516730	3600		265.57		  70479784		-999.00
8227	1661520330	3600		265.25		  70479784		-999.00
8228	1661523930	3600		265.13		  70479784		-999.00
8229	1661527530	3600		265.44		  70479784		-999.00
8230	1661531130	3600		265.56		  70479784		-999.00
8231	1661534730	3600		265.56		  70479784		-999.00
8232	1661538330	3600		265.57		  70479784		-999.00
8233	1661541930	3600		265.57		  70479784		-999.00
8234	1661545530	3600		265.57		  70479784		-999.00
8235	1661549130	3600		265.57		  70479784		-999.00
8236	1661552730	3600		265.57		  70479784		-999.00
8237	1661556330	3600		265.57		  70479784		-999.00
8238	1661559930	3600		265.57		  70479784		-999.00
8239	1661563530	3600		265.57		  70479784		-999.00
8240	1661567130	3600		265.57		  70479784		-999.00
8241	1661570730	3600		265.57		  70479784		-999.00
8242	1661574330	3600		265.57		  70479784		-999.00
8243	1661577930	3600		265.57		  70479784		-999.00
8244	1661581530	3600		265.57		  70479784		-999.00
8245	1661585130	3600		265.57		  70479784		-999.00
8246	1661588730	3600		265.57		  70479784		-999.00
8247	1661592330	3600		265.57		  70479784		-999.00
8248	1661595930	3600		265.57		  70479784		-999.00
8249	1661599530	3600		265.57		  70479784		-999.00
8250	1661603130	3600		265.57		  70479784		-999.00
8251	1661606730	3600		265.57		  70479784		-999.00
8252	1661610330	3600		265.57		  70479784		-999.00
8253	1661613930	3600		265.56		  70479784		-999.00
8254	1661617530	3600		265.56		  70479784		-999.00
8255	1661621130	3600		265.56		  70479784		-999.00
8256	1661624730	3600		265.56		  70479784		-999.00
8257	1661628330	3600		265.56		  70479784		-999.00
8258	1661631930	3600		265.56		  70479784		-999.00
8259	1661635530	3600		265.56		  70479784		-999.00
8260	1661639130	3600		265.56		  70479784		-999.00
8261	1661642730	3600		265.56		  70479784		-999.00
8262	1661646330	3600		265.56		  70479784		-999.00
8263	1661649930	3600		265.56		  70479784		-999.00
8264	1661653530	3600		265.56		  70479784		-999.00
8265	1661657130	3600		265.56		  70479784		-999.00
8266	1661660730	3600		265.56		  70479784		-999.00
8267	1661664330	3600		265.56		  70479784		-999.00
8268	1661667930	3600		265.56		  70479784		-999.00
8269	1661671530	3600		265.51		  70479784		-999.00
8270	1661675130	3600		265.55		  70479784		-999.00
8271	1661678730	3600		265.51		  70479784		-999.00
8272	1661682330	3600		265.47		  70479784		-999.00
8273	1661685930	3600		265.51		  70479784		-999.00
8274	1661689530	3600		265.49		  70479784		-999.00
8275	1661693130	3600		265.31		  70479784		-999.00
8276	1661696730	3600		265.48		  70479784		-999.00
8277	1661700330	3600		265.52		  70479784		-999.00
8278	1661703930	3600		265.48		  70479784		-999.00
8279	1661707530	3600		265.52		  70479784		-999.00
8280	1661711130	3600		265.48		  70479784		-999.00
8281	1661714730	3600		265.48		  70479784		-999.00
8282	1661718330	3600		265.48		  70479784		-999.00
8283	1661721930	3600		265.48		  70479784		-999.00
8284	1661725530	3600		265.48		  70479784		-999.00
8285	1661729130	3600		265.48		  70479784		-999.00
8286	1661732730	3600		265.48		  70479784		-999.00
8287	1661736330	3600		265.48		  70479784		-999.00
8288	1661739930	3600		265.52		  70479784		-999.00
8289	1661743530	3600		265.56		  70479784		-999.00
8290	1661747130	3600		265.48		  70479784		-999.00
8291	1661750730	3600		265.32		  70479784		-999.00
8292	1661754330	3600		265.52		  70479784		-999.00
8293	1661757930	3600		265.14		  70479784		-999.00
8294	1661761530	3600		265.16		  70479784		-999.00
8295	1661765130	3600		265.52		  70479784		-999.00
8296	1661768730	3600		265.53		  70479784		-999.00
8297	1661772330	3600		265.47		  70479784		-999.00
8298	1661775930	3600		265.21		  70479784		-999.00
8299	1661779530	3600		265.56		  70479784		-999.00
8300	1661783130	3600		265.51		  70479784		-999.00
8301	1661786730	3600		265.49		  70479784		-999.00
8302	1661790330	3600		264.99		  70479784		-999.00
8303	1661793930	3600		265.41		  70479784		-999.00
8304	1661797530	3600		265.48		  70479784		-999.00
8305	1661801130	3600		265.44		  70479784		-999.00
8306	1661804730	3600		265.48		  70479784		-999.00
8307	1661808330	3600		265.48		  70479784		-999.00
8308	1661811930	3600		265.48		  70479784		-999.00
8309	1661815530	3600		265.41		  70479784		-999.00
8310	1661819130	3600		265.48		  70479784		-999.00
8311	1661822730	3600		265.48		  70479784		-999.00
8312	1661826330	3600		265.41		  70479784		-999.00
8313	1661829930	3600		265.52		  70479784		-999.00
8314	1661833530	3600		265.43		  70479784		-999.00
8315	1661837130	3600		265.42		  70479784		-999.00
8316	1661840730	3600		260.95		  70479784		-999.00
8317	1661844330	3600		260.19		  70479784		-999.00
8318	1661847930	3600		260.34		  70479784		-999.00
8319	1661851530	3600		261.32		  70479784		-999.00
8320	1661855130	3600		261.40		  70479784		-999.00
8321	1661858730	3600		265.18		  70479784		-999.00
8322	1661862330	3600		265.32		  70479784		-999.00
8323	1661865930	3600		265.33		  70479784		-999.00
8324	1661869530	3600		255.67		  70479784		-999.00
8325	1661873130	3600		255.69		  70479784		-999.00
8326	1661876730	3600		255.83		  70479784		-999.00
8327	1661880330	3600		255.81		  70479784		-999.00
8328	1661883930	3600		255.76		  70479784		-999.00
8329	1661887530	3600		255.75		  70479784		-999.00
8330	1661891130	3600		255.98		  70479784		-999.00
8331	1661894730	3600		255.92		  70479784		-999.00
8332	1661898330	3600		256.02		  70479784		-999.00
8333	1661901930	3600		255.87		  70479784		-999.00
8334	1661905530	3600		255.98		  70479784		-999.00
8335	1661909130	3600		255.97		  70479784		-999.00
8336	1661912730	3600		256.08		  70479784		-999.00
8337	1661916330	3600		266.10		  70479784		-999.00
8338	1661919930	3600		277.68		  70479784		-999.00
8339	1661923530	3600		283.53		  70479784		-999.00
8340	1661927130	3600		284.79		  70479784		-999.00
8341	1661930730	3600		285.76		  70479784		-999.00
8342	1661934330	3600		286.39		  70479784		-999.00
8343	1661937930	3600		286.21		  70479784		-999.00
8344	1661941530	3600		286.09		  70479784		-999.00
8345	1661945130	3600		286.09		  70479784		-999.00
8346	1661948730	3600		286.09		  70479784		-999.00
8347	1661952330	3600		286.09		  70479784		-999.00
8348	1661955930	3600		286.09		  70479784		-999.00
8349	1661959530	3600		286.05		  70479784		-999.00
8350	1661963130	3600		286.05		  70479784		-999.00
8351	1661966730	3600		286.05		  70479784		-999.00
8352	1661970330	3600		286.05		  70479784		-999.00
8353	1661973930	3600		286.05		  70479784		-999.00
8354	1661977530	3600		286.05		  70479784		-999.00
8355	1661981130	3600		286.05		  70479784		-999.00
8356	1661984730	3600		286.05		  70479784		-999.00
8357	1661988330	3600		286.05		  70479784		-999.00
8358	1661991930	3600		286.05		  70479784		-999.00
8359	1661995530	3600		286.05		  70479784		-999.00
8360	1661999130	3600		286.05		  70479784		-999.00
8361	1662002730	3600		286.05		  70479784		-999.00
8362	1662006330	3600		286.05		  70479784		-999.00
8363	1662009930	3600		286.05		  70479784		-999.00
8364	1662013530	3600		286.05		  70479784		-999.00
8365	1662017130	3600		286.05		  70479784		-999.00
8366	1662020730	3600		286.09		  70479784		-999.00
8367	1662024330	3600		286.09		  70479784		-999.00
8368	1662027930	3600		286.21		  70479784		-999.00
8369	1662031530	3600		286.21		  70479784		-999.00
8370	1662035130	3600		286.21		  70479784		-999.00
8371	1662038730	3600		286.17		  70479784		-999.00
8372	1662042330	3600		286.09		  70479784		-999.00
8373	1662045930	3600		286.09		  70479784		-999.00
8374	1662049530	3600		286.09		  70479784		-999.00
8375	1662053130	3600		286.09		  70479784		-999.00
8376	1662056730	3600		286.05		  70479784		-999.00
8377	1662060330	3600		286.05		  70479784		-999.00
8378	1662063930	3600		286.05		  70479784		-999.00
8379	1662067530	3600		286.05		  70479784		-999.00
8380	1662071130	3600		286.05		  70479784		-999.00
8381	1662074730	3600		286.05		  70479784		-999.00
8382	1662078330	3600		286.05		  70479784		-999.00
8383	1662081930	3600		286.05		  70479784		-999.00
8384	1662085530	3600		286.02		  70479784		-999.00
8385	1662089130	3600		286.02		  70479784		-999.00
8386	1662092730	3600		286.02		  70479784		-999.00
8387	1662096330	3600		286.02		  70479784		-999.00
8388	1662099930	3600		285.99		  70479784		-999.00
8389	1662103530	3600		285.99		  70479784		-999.00
8390	1662107130	3600		285.99		  70479784		-999.00
8391	1662110730	3600		285.99		  70479784		-999.00
8392	1662114330	3600		285.99		  70479784		-999.00
8393	1662117930	3600		285.99		  70479784		-999.00
8394	1662121530	3600		285.99		  70479784		-999.00
8395	1662125130	3600		285.99		  70479784		-999.00
8396	1662128730	3600		285.99		  70479784		-999.00
8397	1662132330	3600		285.99		  70479784		-999.00
8398	1662135930	3600		285.99		  70479784		-999.00
8399	1662139530	3600		285.99		  70479784		-999.00
8400	1662143130	3600		285.99		  70479784		-999.00
8401	1662146730	3600		285.99		  70479784		-999.00
8402	1662150330	3600		285.99		  70479784		-999.00
8403	1662153930	3600		285.99		  70479784		-999.00
8404	1662157530	3600		285.99		  70479784		-999.00
8405	1662161130	3600		285.99		  70479784		-999.00
8406	1662164730	3600		285.99		  70479784		-999.00
8407	1662168330	3600		285.99		  70479784		-999.00
8408	1662171930	3600		285.99		  70479784		-999.00
8409	1662175530	3600		285.99		  70479784		-999.00
8410	1662179130	3600		285.99		  70479784		-999.00
8411	1662182730	3600		285.99		  70479784		-999.00
8412	1662186330	3600		285.99		  70479784		-999.00
8413	1662189930	3600		285.99		  70479784		-999.00
8414	1662193530	3600		285.99		  70479784		-999.00
8415	1662197130	3600		285.99		  70479784		-999.00
8416	1662200730	3600		285.99		  70479784		-999.00
8417	1662204330	3600		285.99		  70479784		-999.00
8418	1662207930	3600		285.99		  70479784		-999.00
8419	1662211530	3600		285.99		  70479784		-999.00
8420	1662215130	3600		285.99		  70479784		-999.00
8421	1662218730	3600		285.99		  70479784		-999.00
8422	1662222330	3600		285.99		  70479784		-999.00
8423	1662225930	3600		285.99		  70479784		-999.00
8424	1662229530	3600		285.99		  70479784		-999.00
8425	1662233130	3600		285.99		  70479784		-999.00
8426	1662236730	3600		285.99		  70479784		-999.00
8427	1662240330	3600		285.99		  70479784		-999.00
8428	1662243930	3600		285.99		  70479784		-999.00
8429	1662247530	3600		285.99		  70479784		-999.00
8430	1662251130	3600		285.99		  70479784		-999.00
8431	1662254730	3600		285.99		  70479784		-999.00
8432	1662258330	3600		285.99		  70479784		-999.00
8433	1662261930	3600		285.99		  70479784		-999.00
8434	1662265530	3600		285.99		  70479784		-999.00
8435	1662269130	3600		285.99		  70479784		-999.00
8436	1662272730	3600		285.99		  70479784		-999.00
8437	1662276330	3600		285.99		  70479784		-999.00
8438	1662279930	3600		285.99		  70479784		-999.00
8439	1662283530	3600		285.99		  70479784		-999.00
8440	1662287130	3600		285.99		  70479784		-999.00
8441	1662290730	3600		285.99		  70479784		-999.00
8442	1662294330	3600		285.99		  70479784		-999.00
8443	1662297930	3600		285.99		  70479784		-999.00
8444	1662301530	3600		285.99		  70479784		-999.00
8445	1662305130	3600		285.99		  70479784		-999.00
8446	1662308730	3600		285.99		  70479784		-999.00
8447	1662312330	3600		285.99		  70479784		-999.00
8448	1662315930	3600		285.99		  70479784		-999.00
8449	1662319530	3600		285.99		  70479784		-999.00
8450	1662323130	3600		285.99		  70479784		-999.00
8451	1662326730	3600		285.99		  70479784		-999.00
8452	1662330330	3600		285.99		  70479784		-999.00
8453	1662333930	3600		285.99		  70479784		-999.00
8454	1662337530	3600		285.99		  70479784		-999.00
8455	1662341130	3600		285.99		  70479784		-999.00
8456	1662344730	3600		285.99		  70479784		-999.00
8457	1662348330	3600		285.99		  70479784		-999.00
8458	1662351930	3600		285.99		  70479784		-999.00
8459	1662355530	3600		285.99		  70479784		-999.00
8460	1662359130	3600		285.99		  70479784		-999.00
8461	1662362730	3600		285.99		  70479784		-999.00
8462	1662366330	3600		285.99		  70479784		-999.00
8463	1662369930	3600		285.99		  70479784		-999.00
8464	1662373530	3600		285.99		  70479784		-999.00
8465	1662377130	3600		285.99		  70479784		-999.00
8466	1662380730	3600		285.99		  70479784		-999.00
8467	1662384330	3600		285.99		  70479784		-999.00
8468	1662387930	3600		285.99		  70479784		-999.00
8469	1662391530	3600		285.99		  70479784		-999.00
8470	1662395130	3600		285.99		  70479784		-999.00
8471	1662398730	3600		285.99		  70479784		-999.00
8472	1662402330	3600		285.99		  70479784		-999.00
8473	1662405930	3600		285.99		  70479784		-999.00
8474	1662409530	3600		285.99		  70479784		-999.00
8475	1662413130	3600		285.99		  70479784		-999.00
8476	1662416730	3600		285.99		  70479784		-999.00
8477	1662420330	3600		285.99		  70479784		-999.00
8478	1662423930	3600		285.99		  70479784		-999.00
8479	1662427530	3600		285.99		  70479784		-999.00
8480	1662431130	3600		285.99		  70479784		-999.00
8481	1662434730	3600		285.99		  70479784		-999.00
8482	1662438330	3600		285.99		  70479784		-999.00
8483	1662441930	3600		285.99		  70479784		-999.00
8484	1662445530	3600		285.99		  70479784		-999.00
8485	1662449130	3600		285.99		  70479784		-999.00
8486	1662452730	3600		285.99		  70479784		-999.00
8487	1662456330	3600		285.99		  70479784		-999.00
8488	1662459930	3600		285.99		  70479784		-999.00
8489	1662463530	3600		285.99		  70479784		-999.00
8490	1662467130	3600		285.99		  70479784		-999.00
8491	1662470730	3600		285.99		  70479784		-999.00
8492	1662474330	3600		285.99		  70479784		-999.00
8493	1662477930	3600		285.99		  70479784		-999.00
8494	1662481530	3600		285.99		  70479784		-999.00
8495	1662485130	3600		285.99		  70479784		-999.00
8496	1662488730	3600		285.99		  70479784		-999.00
8497	1662492330	3600		286.02		  70479784		-999.00
8498	1662495930	3600		286.02		  70479784		-999.00
8499	1662499530	3600		286.02		  70479784		-999.00
8500	1662503130	3600		285.99		  70479784		-999.00
8501	1662506730	3600		285.99		  70479784		-999.00
8502	1662510330	3600		285.99		  70479784		-999.00
8503	1662513930	3600		285.99		  70479784		-999.00
8504	1662517530	3600		285.99		  70479784		-999.00
8505	1662521130	3600		285.99		  70479784		-999.00
8506	1662524730	3600		285.99		  70479784		-999.00
8507	1662528330	3600		285.99		  70479784		-999.00
8508	1662531930	3600		286.77		  70479784		-999.00
8509	1662535530	3600		287.14		  70479784		-999.00
8510	1662539130	3600		287.38		  70479784		-999.00
8511	1662542730	3600		287.60		  70479784		-999.00
8512	1662546330	3600		287.68		  70479784		-999.00
8513	1662549930	3600		287.72		  70479784		-999.00
8514	1662553530	3600		287.76		  70479784		-999.00
8515	1662557130	3600		287.84		  70479784		-999.00
8516	1662560730	3600		287.84		  70479784		-999.00
8517	1662564330	3600		287.84		  70479784		-999.00
8518	1662567930	3600		287.84		  70479784		-999.00
8519	1662571530	3600		287.84		  70479784		-999.00
8520	1662575130	3600		287.84		  70479784		-999.00
8521	1662578730	3600		287.84		  70479784		-999.00
8522	1662582330	3600		287.84		  70479784		-999.00
8523	1662585930	3600		287.84		  70479784		-999.00
8524	1662589530	3600		287.84		  70479784		-999.00
8525	1662593130	3600		287.84		  70479784		-999.00
8526	1662596730	3600		287.84		  70479784		-999.00
8527	1662600330	3600		287.84		  70479784		-999.00
8528	1662603930	3600		287.84		  70479784		-999.00
8529	1662607530	3600		287.88		  70479784		-999.00
8530	1662611130	3600		287.96		  70479784		-999.00
8531	1662614730	3600		287.96		  70479784		-999.00
8532	1662618330	3600		287.96		  70479784		-999.00
8533	1662621930	3600		287.96		  70479784		-999.00
8534	1662625530	3600		287.72		  70479784		-999.00
8535	1662629130	3600		286.80		  70479784		-999.00
8536	1662632730	3600		286.09		  70479784		-999.00
8537	1662636330	3600		285.74		  70479784		-999.00
8538	1662639930	3600		285.50		  70479784		-999.00
8539	1662643530	3600		285.38		  70479784		-999.00
8540	1662647130	3600		285.30		  70479784		-999.00
8541	1662650730	3600		285.26		  70479784		-999.00
8542	1662654330	3600		285.22		  70479784		-999.00
8543	1662657930	3600		285.22		  70479784		-999.00
8544	1662661530	3600		285.19		  70479784		-999.00
8545	1662665130	3600		285.19		  70479784		-999.00
8546	1662668730	3600		285.16		  70479784		-999.00
8547	1662672330	3600		285.16		  70479784		-999.00
8548	1662675930	3600		285.16		  70479784		-999.00
8549	1662679530	3600		285.16		  70479784		-999.00
8550	1662683130	3600		285.16		  70479784		-999.00
8551	1662686730	3600		285.16		  70479784		-999.00
8552	1662690330	3600		285.16		  70479784		-999.00
8553	1662693930	3600		285.16		  70479784		-999.00
8554	1662697530	3600		285.16		  70479784		-999.00
8555	1662701130	3600		285.16		  70479784		-999.00
8556	1662704730	3600		272.23		  70479784		-999.00
8557	1662708330	3600		271.86		  70479784		-999.00
8558	1662711930	3600		271.98		  70479784		-999.00
8559	1662715530	3600		271.98		  70479784		-999.00
8560	1662719130	3600		271.97		  70479784		-999.00
8561	1662722730	3600		272.05		  70479784		-999.00
8562	1662726330	3600		272.05		  70479784		-999.00
8563	1662729930	3600		272.02		  70479784		-999.00
8564	1662733530	3600		272.15		  70479784		-999.00
8565	1662737130	3600		272.12		  70479784		-999.00
8566	1662740730	3600		272.11		  70479784		-999.00
8567	1662744330	3600		271.83		  70479784		-999.00
8568	1662747930	3600		271.99		  70479784		-999.00
8569	1662751530	3600		272.04		  70479784		-999.00
8570	1662755130	3600		272.05		  70479784		-999.00
8571	1662758730	3600		272.01		  70479784		-999.00
8572	1662762330	3600		272.08		  70479784		-999.00
8573	1662765930	3600		272.04		  70479784		-999.00
8574	1662769530	3600		272.07		  70479784		-999.00
8575	1662773130	3600		272.01		  70479784		-999.00
8576	1662776730	3600		272.01		  70479784		-999.00
8577	1662780330	3600		272.02		  70479784		-999.00
8578	1662783930	3600		272.03		  70479784		-999.00
8579	1662787530	3600		272.02		  70479784		-999.00
8580	1662791130	3600		272.00		  70479784		-999.00
8581	1662794730	3600		272.10		  70479784		-999.00
8582	1662798330	3600		272.07		  70479784		-999.00
8583	1662801930	3600		271.90		  70479784		-999.00
8584	1662805530	3600		272.01		  70479784		-999.00
8585	1662809130	3600		272.00		  70479784		-999.00
8586	1662812730	3600		272.11		  70479784		-999.00
8587	1662816330	3600		272.12		  70479784		-999.00
8588	1662819930	3600		272.16		  70479784		-999.00
8589	1662823530	3600		272.17		  70479784		-999.00
8590	1662827130	3600		272.08		  70479784		-999.00
8591	1662830730	3600		272.17		  70479784		-999.00
8592	1662834330	3600		272.02		  70479784		-999.00
8593	1662837930	3600		272.09		  70479784		-999.00
8594	1662841530	3600		272.12		  70479784		-999.00
8595	1662845130	3600		272.12		  70479784		-999.00
8596	1662848730	3600		272.18		  70479784		-999.00
8597	1662852330	3600		272.18		  70479784		-999.00
8598	1662855930	3600		272.18		  70479784		-999.00
8599	1662859530	3600		272.19		  70479784		-999.00
8600	1662863130	3600		271.96		  70479784		-999.00
8601	1662866730	3600		272.15		  70479784		-999.00
8602	1662870330	3600		272.16		  70479784		-999.00
8603	1662873930	3600		272.19		  70479784		-999.00
8604	1662877530	3600		272.22		  70479784		-999.00
8605	1662881130	3600		272.22		  70479784		-999.00
8606	1662884730	3600		272.24		  70479784		-999.00
8607	1662888330	3600		272.27		  70479784		-999.00
8608	1662891930	3600		272.16		  70479784		-999.00
8609	1662895530	3600		272.15		  70479784		-999.00
8610	1662899130	3600		272.15		  70479784		-999.00
8611	1662902730	3600		272.20		  70479784		-999.00
8612	1662906330	3600		272.23		  70479784		-999.00
8613	1662909930	3600		272.23		  70479784		-999.00
8614	1662913530	3600		272.28		  70479784		-999.00
8615	1662917130	3600		272.28		  70479784		-999.00
8616	1662920730	3600		272.32		  70479784		-999.00
8617	1662924330	3600		272.13		  70479784		-999.00
8618	1662927930	3600		272.17		  70479784		-999.00
8619	1662931530	3600		272.19		  70479784		-999.00
8620	1662935130	3600		272.26		  70479784		-999.00
8621	1662938730	3600		272.23		  70479784		-999.00
8622	1662942330	3600		272.28		  70479784		-999.00
8623	1662945930	3600		272.27		  70479784		-999.00
8624	1662949530	3600		272.07		  70479784		-999.00
8625	1662953130	3600		272.11		  70479784		-999.00
8626	1662956730	3600		272.19		  70479784		-999.00
8627	1662960330	3600		272.16		  70479784		-999.00
8628	1662963930	3600		272.19		  70479784		-999.00
8629	1662967530	3600		272.20		  70479784		-999.00
8630	1662971130	3600		272.23		  70479784		-999.00
8631	1662974730	3600		272.26		  70479784		-999.00
8632	1662978330	3600		272.23		  70479784		-999.00
8633	1662981930	3600		272.28		  70479784		-999.00
8634	1662985530	3600		272.06		  70479784		-999.00
8635	1662989130	3600		272.13		  70479784		-999.00
8636	1662992730	3600		272.14		  70479784		-999.00
8637	1662996330	3600		272.15		  70479784		-999.00
8638	1662999930	3600		272.20		  70479784		-999.00
8639	1663003530	3600		272.27		  70479784		-999.00
8640	1663007130	3600		272.24		  70479784		-999.00
8641	1663010730	3600		272.24		  70479784		-999.00
8642	1663014330	3600		272.06		  70479784		-999.00
8643	1663017930	3600		272.14		  70479784		-999.00
8644	1663021530	3600		272.20		  70479784		-999.00
8645	1663025130	3600		272.23		  70479784		-999.00
8646	1663028730	3600		272.26		  70479784		-999.00
8647	1663032330	3600		272.28		  70479784		-999.00
8648	1663035930	3600		272.24		  70479784		-999.00
8649	1663039530	3600		272.25		  70479784		-999.00
8650	1663043130	3600		272.14		  70479784		-999.00
8651	1663046730	3600		272.14		  70479784		-999.00
8652	1663050330	3600		272.18		  70479784		-999.00
8653	1663053930	3600		272.20		  70479784		-999.00
8654	1663057530	3600		272.20		  70479784		-999.00
8655	1663061130	3600		272.23		  70479784		-999.00
8656	1663064730	3600		272.21		  70479784		-999.00
8657	1663068330	3600		272.25		  70479784		-999.00
8658	1663071930	3600		272.25		  70479784		-999.00
8659	1663075530	3600		272.07		  70479784		-999.00
8660	1663079130	3600		272.15		  70479784		-999.00
8661	1663082730	3600		272.16		  70479784		-999.00
8662	1663086330	3600		272.26		  70479784		-999.00
8663	1663089930	3600		272.24		  70479784		-999.00
8664	1663093530	3600		272.23		  70479784		-999.00
8665	1663097130	3600		272.27		  70479784		-999.00
8666	1663100730	3600		272.30		  70479784		-999.00
8667	1663104330	3600		272.11		  70479784		-999.00
8668	1663107930	3600		272.17		  70479784		-999.00
8669	1663111530	3600		272.16		  70479784		-999.00
8670	1663115130	3600		272.20		  70479784		-999.00
8671	1663118730	3600		272.22		  70479784		-999.00
8672	1663122330	3600		272.25		  70479784		-999.00
8673	1663125930	3600		272.11		  70479784		-999.00
8674	1663129530	3600		272.15		  70479784		-999.00
8675	1663133130	3600		272.11		  70479784		-999.00
8676	1663136730	3600		272.18		  70479784		-999.00
8677	1663140330	3600		272.23		  70479784		-999.00
8678	1663143930	3600		269.18		  70479784		-999.00
8679	1663147530	3600		255.68		  70479784		-999.00
8680	1663151130	3600		255.80		  70479784		-999.00
8681	1663154730	3600		255.96		  70479784		-999.00
8682	1663158330	3600		255.79		  70479784		-999.00
8683	1663161930	3600		260.64		  70479784		-999.00
8684	1663165530	3600		265.25		  70479784		-999.00
8685	1663169130	3600		265.18		  70479784		-999.00
8686	1663172730	3600		264.73		  70479784		-999.00
8687	1663176330	3600		265.16		  70479784		-999.00
8688	1663179930	3600		265.24		  70479784		-999.00
8689	1663183530	3600		265.28		  70479784		-999.00
8690	1663187130	3600		265.24		  70479784		-999.00
8691	1663190730	3600		265.20		  70479784		-999.00
8692	1663194330	3600		265.20		  70479784		-999.00
8693	1663197930	3600		265.20		  70479784		-999.00
8694	1663201530	3600		265.20		  70479784		-999.00
8695	1663205130	3600		265.20		  70479784		-999.00
8696	1663208730	3600		265.20		  70479784		-999.00
8697	1663212330	3600		265.27		  70479784		-999.00
8698	1663215930	3600		265.10		  70479784		-999.00
8699	1663219530	3600		265.18		  70479784		-999.00
8700	1663223130	3600		265.24		  70479784		-999.00
8701	1663226730	3600		265.24		  70479784		-999.00
8702	1663230330	3600		264.95		  70479784		-999.00
8703	1663233930	3600		265.19		  70479784		-999.00
8704	1663237530	3600		265.20		  70479784		-999.00
8705	1663241130	3600		265.25		  70479784		-999.00
8706	1663244730	3600		265.10		  70479784		-999.00
8707	1663248330	3600		265.25		  70479784		-999.00
8708	1663251930	3600		264.94		  70479784		-999.00
8709	1663255530	3600		265.14		  70479784		-999.00
8710	1663259130	3600		265.23		  70479784		-999.00
8711	1663262730	3600		265.35		  70479784		-999.00
8712	1663266330	3600		265.43		  70479784		-999.00
8713	1663269930	3600		265.43		  70479784		-999.00
8714	1663273530	3600		265.43		  70479784		-999.00
8715	1663277130	3600		265.43		  70479784		-999.00
8716	1663280730	3600		265.43		  70479784		-999.00
8717	1663284330	3600		265.43		  70479784		-999.00
8718	1663287930	3600		265.43		  70479784		-999.00
8719	1663291530	3600		265.43		  70479784		-999.00
8720	1663295130	3600		265.43		  70479784		-999.00
8721	1663298730	3600		265.43		  70479784		-999.00
8722	1663302330	3600		265.12		  70479784		-999.00
8723	1663305930	3600		264.88		  70479784		-999.00
8724	1663309530	3600		264.71		  70479784		-999.00
8725	1663313130	3600		265.08		  70479784		-999.00
8726	1663316730	3600		265.17		  70479784		-999.00
8727	1663320330	3600		265.23		  70479784		-999.00
8728	1663323930	3600		265.32		  70479784		-999.00
8729	1663327530	3600		265.08		  70479784		-999.00
8730	1663331130	3600		265.30		  70479784		-999.00
8731	1663334730	3600		265.10		  70479784		-999.00
8732	1663338330	3600		260.95		  70479784		-999.00
8733	1663341930	3600		261.06		  70479784		-999.00
8734	1663345530	3600		261.10		  70479784		-999.00
8735	1663349130	3600		261.06		  70479784		-999.00
8736	1663352730	3600		261.10		  70479784		-999.00
8737	1663356330	3600		261.10		  70479784		-999.00
8738	1663359930	3600		261.10		  70479784		-999.00
8739	1663363530	3600		261.14		  70479784		-999.00
8740	1663367130	3600		261.10		  70479784		-999.00
8741	1663370730	3600		261.10		  70479784		-999.00
8742	1663374330	3600		261.14		  70479784		-999.00
8743	1663377930	3600		261.14		  70479784		-999.00
8744	1663381530	3600		261.14		  70479784		-999.00
8745	1663385130	3600		261.18		  70479784		-999.00
8746	1663388730	3600		260.84		  70479784		-999.00
8747	1663392330	3600		261.31		  70479784		-999.00
8748	1663395930	3600		261.32		  70479784		-999.00
8749	1663399530	3600		261.36		  70479784		-999.00
8750	1663403130	3600		261.25		  70479784		-999.00
8751	1663406730	3600		261.25		  70479784		-999.00
8752	1663410330	3600		261.25		  70479784		-999.00
8753	1663413930	3600		260.94		  70479784		-999.00
8754	1663417530	3600		261.17		  70479784		-999.00
8755	1663421130	3600		261.17		  70479784		-999.00
8756	1663424730	3600		261.17		  70479784		-999.00
8757	1663428330	3600		261.17		  70479784		-999.00
8758	1663431930	3600		261.17		  70479784		-999.00
8759	1663435530	3600		261.17		  70479784		-999.00
8760	1663439130	3600		261.17		  70479784		-999.00
8761	1663442730	3600		261.17		  70479784		-999.00
8762	1663446330	3600		261.17		  70479784		-999.00
8763	1663449930	3600		261.17		  70479784		-999.00
8764	1663453530	3600		261.17		  70479784		-999.00
8765	1663457130	3600		261.17		  70479784		-999.00
8766	1663460730	3600		261.17		  70479784		-999.00
8767	1663464330	3600		261.17		  70479784		-999.00
8768	1663467930	3600		261.17		  70479784		-999.00
8769	1663471530	3600		261.17		  70479784		-999.00
8770	1663475130	3600		261.17		  70479784		-999.00
8771	1663478730	3600		261.17		  70479784		-999.00
8772	1663482330	3600		261.17		  70479784		-999.00
8773	1663485930	3600		261.17		  70479784		-999.00
8774	1663489530	3600		261.17		  70479784		-999.00
8775	1663493130	3600		261.17		  70479784		-999.00
8776	1663496730	3600		261.17		  70479784		-999.00
8777	1663500330	3600		261.17		  70479784		-999.00
8778	1663503930	3600		261.17		  70479784		-999.00
8779	1663507530	3600		261.17		  70479784		-999.00
8780	1663511130	3600		261.13		  70479784		-999.00
8781	1663514730	3600		261.13		  70479784		-999.00
8782	1663518330	3600		261.13		  70479784		-999.00
8783	1663521930	3600		261.13		  70479784		-999.00
8784	1663525530	3600		261.17		  70479784		-999.00
8785	1663529130	3600		265.45		  70479784		-999.00
8786	1663532730	3600		265.49		  70479784		-999.00
8787	1663536330	3600		265.49		  70479784		-999.00
8788	1663539930	3600		265.49		  70479784		-999.00
8789	1663543530	3600		265.49		  70479784		-999.00
8790	1663547130	3600		265.49		  70479784		-999.00
8791	1663550730	3600		265.49		  70479784		-999.00
8792	1663554330	3600		265.49		  70479784		-999.00
8793	1663557930	3600		265.49		  70479784		-999.00
8794	1663561530	3600		265.49		  70479784		-999.00
8795	1663565130	3600		265.49		  70479784		-999.00
8796	1663568730	3600		265.27		  70479784		-999.00
8797	1663572330	3600		265.27		  70479784		-999.00
8798	1663575930	3600		265.34		  70479784		-999.00
8799	1663579530	3600		265.43		  70479784		-999.00
8800	1663583130	3600		264.97		  70479784		-999.00
8801	1663586730	3600		265.16		  70479784		-999.00
8802	1663590330	3600		265.18		  70479784		-999.00
8803	1663593930	3600		265.46		  70479784		-999.00
8804	1663597530	3600		265.09		  70479784		-999.00
8805	1663601130	3600		265.32		  70479784		-999.00
8806	1663604730	3600		265.40		  70479784		-999.00
8807	1663608330	3600		265.51		  70479784		-999.00
8808	1663611930	3600		265.51		  70479784		-999.00
8809	1663615530	3600		265.51		  70479784		-999.00
8810	1663619130	3600		265.51		  70479784		-999.00
8811	1663622730	3600		265.51		  70479784		-999.00
8812	1663626330	3600		261.07		  70479784		-999.00
8813	1663629930	3600		261.16		  70479784		-999.00
8814	1663633530	3600		261.16		  70479784		-999.00
8815	1663637130	3600		261.16		  70479784		-999.00
8816	1663640730	3600		261.13		  70479784		-999.00
8817	1663644330	3600		261.21		  70479784		-999.00
8818	1663647930	3600		261.21		  70479784		-999.00
8819	1663651530	3600		261.16		  70479784		-999.00
8820	1663655130	3600		261.20		  70479784		-999.00
8821	1663658730	3600		261.16		  70479784		-999.00
8822	1663662330	3600		261.16		  70479784		-999.00
8823	1663665930	3600		261.16		  70479784		-999.00
8824	1663669530	3600		261.13		  70479784		-999.00
8825	1663673130	3600		261.21		  70479784		-999.00
8826	1663676730	3600		261.21		  70479784		-999.00
8827	1663680330	3600		261.15		  70479784		-999.00
8828	1663683930	3600		265.57		  70479784		-999.00
8829	1663687530	3600		265.53		  70479784		-999.00
8830	1663691130	3600		265.44		  70479784		-999.00
8831	1663694730	3600		265.52		  70479784		-999.00
8832	1663698330	3600		264.97		  70479784		-999.00
8833	1663701930	3600		265.51		  70479784		-999.00
8834	1663705530	3600		265.51		  70479784		-999.00
8835	1663709130	3600		265.51		  70479784		-999.00
8836	1663712730	3600		265.05		  70479784		-999.00
8837	1663716330	3600		265.07		  70479784		-999.00
8838	1663719930	3600		265.11		  70479784		-999.00
8839	1663723530	3600		265.13		  70479784		-999.00
8840	1663727130	3600		265.15		  70479784		-999.00
8841	1663730730	3600		265.19		  70479784		-999.00
8842	1663734330	3600		265.19		  70479784		-999.00
8843	1663737930	3600		265.21		  70479784		-999.00
8844	1663741530	3600		265.21		  70479784		-999.00
8845	1663745130	3600		265.36		  70479784		-999.00
8846	1663748730	3600		265.21		  70479784		-999.00
8847	1663752330	3600		265.17		  70479784		-999.00
8848	1663755930	3600		265.28		  70479784		-999.00
8849	1663759530	3600		265.40		  70479784		-999.00
8850	1663763130	3600		265.40		  70479784		-999.00
8851	1663766730	3600		265.45		  70479784		-999.00
8852	1663770330	3600		265.49		  70479784		-999.00
8853	1663773930	3600		261.01		  70479784		-999.00
8854	1663777530	3600		261.19		  70479784		-999.00
8855	1663781130	3600		261.19		  70479784		-999.00
8856	1663784730	3600		261.19		  70479784		-999.00
8857	1663788330	3600		261.19		  70479784		-999.00
8858	1663791930	3600		261.19		  70479784		-999.00
8859	1663795530	3600		261.16		  70479784		-999.00
8860	1663799130	3600		261.08		  70479784		-999.00
8861	1663802730	3600		261.20		  70479784		-999.00
8862	1663806330	3600		261.21		  70479784		-999.00
8863	1663809930	3600		261.12		  70479784		-999.00
8864	1663813530	3600		261.19		  70479784		-999.00
8865	1663817130	3600		261.19		  70479784		-999.00
8866	1663820730	3600		261.20		  70479784		-999.00
8867	1663824330	3600		261.18		  70479784		-999.00
8868	1663827930	3600		261.22		  70479784		-999.00
8869	1663831530	3600		261.06		  70479784		-999.00
8870	1663835130	3600		261.16		  70479784		-999.00
8871	1663838730	3600		261.19		  70479784		-999.00
8872	1663842330	3600		261.18		  70479784		-999.00
8873	1663845930	3600		261.18		  70479784		-999.00
8874	1663849530	3600		261.09		  70479784		-999.00
8875	1663853130	3600		265.27		  70479784		-999.00
8876	1663856730	3600		265.43		  70479784		-999.00
8877	1663860330	3600		265.49		  70479784		-999.00
8878	1663863930	3600		265.49		  70479784		-999.00
8879	1663867530	3600		265.49		  70479784		-999.00
8880	1663871130	3600		265.49		  70479784		-999.00
8881	1663874730	3600		265.49		  70479784		-999.00
8882	1663878330	3600		265.49		  70479784		-999.00
8883	1663881930	3600		265.53		  70479784		-999.00
8884	1663885530	3600		261.33		  70479784		-999.00
8885	1663889130	3600		261.16		  70479784		-999.00
8886	1663892730	3600		261.16		  70479784		-999.00
8887	1663896330	3600		261.16		  70479784		-999.00
8888	1663899930	3600		261.16		  70479784		-999.00
8889	1663903530	3600		261.08		  70479784		-999.00
8890	1663907130	3600		261.20		  70479784		-999.00
8891	1663910730	3600		261.20		  70479784		-999.00
8892	1663914330	3600		261.20		  70479784		-999.00
8893	1663917930	3600		261.17		  70479784		-999.00
8894	1663921530	3600		261.13		  70479784		-999.00
8895	1663925130	3600		261.15		  70479784		-999.00
8896	1663928730	3600		261.15		  70479784		-999.00
8897	1663932330	3600		261.19		  70479784		-999.00
8898	1663935930	3600		261.19		  70479784		-999.00
8899	1663939530	3600		261.19		  70479784		-999.00
8900	1663943130	3600		261.19		  70479784		-999.00
8901	1661249130	-2694000		260.99		  70479784		-999.00
8177	1663945426	1200		265.32		     31286		868.00
8177	1663949026	3600		265.40		     43808		875.00
8177	1663952626	3600		265.34		     43761		866.00
8177	1663956226	3600		261.33		     38100		 21.50
8177	1663956279	53		261.33		         0		 21.50
8178	1663957479	1200		260.93		         0		-999.00
8179	1663961079	3600		261.12		         0		-999.00
8180	1663956279	-4800		261.33		         0		-999.00
8178	1663965675	1200		265.24		     94460		854.50
8178	1663969275	3600		265.63		    125162		898.50
8178	1663972875	3600		265.56		     57688		886.00
8178	1663976475	3600		265.64		     56255		912.00
8178	1663980075	3600		265.34		     60445		875.00
8178	1663983675	3600		265.20		     96990		855.00
8178	1663987275	3600		265.32		     72103		873.00
8178	1663990875	3600		265.26		     64712		853.00
8178	1663994475	3600		265.17		     63172		841.50
8178	1663998075	3600		265.48		     64731		876.50
8178	1664001675	3600		265.32		     70522		879.00
8178	1664005275	3600		265.61		     39218		909.00
8178	1664008875	3600		265.30		     50882		859.50
8178	1664012475	3600		265.32		     34953		849.50
8178	1664016075	3600		265.17		    111196		843.50
8178	1664019675	3600		265.36		    141381		855.00
8178	1664023275	3600		265.44		    124709		868.00
8178	1664026875	3600		265.46		     51540		888.50
8178	1664030475	3600		265.21		     90696		845.00
8178	1664034075	3600		265.33		     62316		850.50
8178	1664037675	3600		265.37		    120622		858.50
8178	1664041275	3600		265.37		    119235		854.00
8178	1664044875	3600		265.11		    108691		835.50
8178	1664048475	3600		265.38		    139407		853.50
8178	1664052075	3600		265.34		    139698		854.00
8178	1664055675	3600		265.34		    139288		854.00
8178	1664059275	3600		265.34		    140651		851.00
8178	1664062875	3600		265.34		    140361		854.50
8178	1664066475	3600		265.34		    141940		851.50
8178	1664070075	3600		265.34		    141650		851.50
8178	1664073675	3600		265.34		    142198		851.50
8178	1664077275	3600		265.34		    143546		851.50
8178	1664080875	3600		265.31		    143783		850.00
8178	1664084475	3600		265.35		    142644		850.00
8178	1664088075	3600		265.31		     94592		847.50
8178	1664091675	3600		265.09		     82231		836.50
8178	1664095275	3600		265.36		     94193		852.50
8178	1664098875	3600		265.36		     89604		850.00
8178	1664102475	3600		265.36		    108354		852.00
8178	1664106075	3600		265.36		    108002		856.50
8178	1664109675	3600		265.21		     62013		839.50
8178	1664113275	3600		265.67		     61714		910.00
8178	1664116875	3600		265.16		     99709		839.50
8178	1664120475	3600		265.28		    119294		849.00
8178	1664124075	3600		265.34		    133975		852.50
8178	1664127675	3600		265.34		    133666		852.50
8178	1664131275	3600		265.34		    132207		849.00
8178	1664134875	3600		265.34		    131848		852.00
8178	1664138475	3600		265.34		    132885		852.00
8178	1664142075	3600		265.34		    132121		852.00
8178	1664145675	3600		265.34		    133433		852.00
8178	1664149275	3600		265.34		    132932		849.00
8178	1664152875	3600		265.34		    134035		853.00
8178	1664156475	3600		265.34		    132941		849.50
8178	1664160075	3600		265.34		    132680		849.50
8178	1664163675	3600		265.34		    132399		849.50
8178	1664167275	3600		265.34		    127609		849.50
8178	1664170875	3600		265.50		    117231		869.50
8178	1664171028	153		265.50		         0		869.50
8179	1664172228	1200		265.33		         0		-999.00
8180	1664175828	3600		265.34		         0		-999.00
8181	1664179428	3600		265.43		         0		-999.00
8182	1664183028	3600		265.48		         0		-999.00
8183	1664186628	3600		261.16		         0		-999.00
8184	1664190228	3600		261.15		         0		-999.00
8185	1664193828	3600		261.15		         0		-999.00
8186	1664197428	3600		261.15		         0		-999.00
8187	1664171028	-26400		261.50		         0		-999.00
8181	1664201624	1200		265.38		    139610		863.00
8181	1664205224	3600		265.38		    136854		861.50
8181	1664208824	3600		265.36		    137822		862.00
8181	1664212424	3600		265.36		    136879		859.00
8181	1664213459	1035		265.36		    138661		859.00
8182	1664214659	1200		260.94		    138661		-999.00
8183	1664218259	3600		261.20		    138661		-999.00
8184	1664221859	3600		261.11		    138661		-999.00
8185	1664225459	3600		261.06		    138661		-999.00
8186	1664229059	3600		261.09		    138661		-999.00
8187	1664213459	-15600		261.23		    138661		-999.00
8182	1664214659	1200		260.94		    138661		-999.00
8183	1664218259	3600		261.20		    138661		-999.00
8184	1664221859	3600		261.11		    138661		-999.00
8185	1664225459	3600		261.06		    138661		-999.00
8186	1664229059	3600		261.09		    138661		-999.00
8187	1664213459	-15600		261.23		    138661		-999.00
8188	1664233288	1200		261.12		    138661		-999.00
8189	1664236888	3600		261.16		    138661		-999.00
8190	1664240488	3600		261.16		    138661		-999.00
8191	1664244088	3600		261.12		    138661		-999.00
8192	1664247688	3600		261.19		    138661		-999.00
8193	1664251288	3600		261.16		    138661		-999.00
8194	1664254888	3600		261.12		    138661		-999.00
8195	1664258488	3600		260.92		    138661		-999.00
8196	1664262088	3600		261.16		    138661		-999.00
8197	1664265688	3600		261.09		    138661		-999.00
8198	1664269288	3600		261.13		    138661		-999.00
8199	1664272888	3600		261.13		    138661		-999.00
8200	1664276488	3600		261.11		    138661		-999.00
8201	1664280088	3600		261.15		    138661		-999.00
8202	1664283688	3600		261.11		    138661		-999.00
8203	1664287288	3600		261.15		    138661		-999.00
8204	1664290888	3600		261.05		    138661		-999.00
8205	1664294488	3600		261.07		    138661		-999.00
8206	1664298088	3600		261.14		    138661		-999.00
8207	1664301688	3600		261.07		    138661		-999.00
8208	1664305288	3600		261.11		    138661		-999.00
8209	1664308888	3600		261.09		    138661		-999.00
8210	1664312488	3600		261.08		    138661		-999.00
8211	1664316088	3600		261.18		    138661		-999.00
8212	1664319688	3600		261.17		    138661		-999.00
8213	1664323288	3600		261.08		    138661		-999.00
8214	1664326888	3600		261.16		    138661		-999.00
8215	1664330488	3600		261.16		    138661		-999.00
8216	1664334088	3600		261.18		    138661		-999.00
8217	1664337688	3600		265.42		    138661		-999.00
8218	1664341288	3600		265.44		    138661		-999.00
8219	1664344888	3600		265.41		    138661		-999.00
8220	1664348488	3600		265.31		    138661		-999.00
8221	1664352088	3600		265.38		    138661		-999.00
8222	1664355688	3600		265.39		    138661		-999.00
8223	1664359288	3600		265.43		    138661		-999.00
8224	1664362888	3600		265.43		    138661		-999.00
8225	1664366488	3600		265.39		    138661		-999.00
8226	1664370088	3600		265.43		    138661		-999.00
8227	1664373688	3600		265.09		    138661		-999.00
8228	1664377288	3600		261.06		    138661		-999.00
8229	1664380888	3600		261.09		    138661		-999.00
8230	1664384488	3600		261.12		    138661		-999.00
8231	1664388088	3600		261.12		    138661		-999.00
8232	1664391688	3600		261.12		    138661		-999.00
8233	1664395288	3600		261.10		    138661		-999.00
8234	1664398888	3600		261.08		    138661		-999.00
8235	1664402488	3600		261.08		    138661		-999.00
8236	1664406088	3600		261.12		    138661		-999.00
8237	1664409688	3600		261.12		    138661		-999.00
8238	1664413288	3600		261.12		    138661		-999.00
8239	1664416888	3600		261.08		    138661		-999.00
8240	1664420488	3600		261.12		    138661		-999.00
8241	1664424088	3600		261.12		    138661		-999.00
8242	1664427688	3600		261.12		    138661		-999.00
8243	1664431288	3600		261.12		    138661		-999.00
8244	1664434888	3600		261.13		    138661		-999.00
8245	1664438488	3600		261.13		    138661		-999.00
8246	1664442088	3600		261.15		    138661		-999.00
8247	1664445688	3600		261.15		    138661		-999.00
8248	1664449288	3600		261.15		    138661		-999.00
8249	1664452888	3600		261.08		    138661		-999.00
8250	1664232088	-220800		261.45		    138661		-999.00
8210	1664455324	1200		265.45		   5463055		857.50
8210	1664458924	3600		265.55		   5313139		868.00
8210	1664462524	3600		265.38		   5240825		853.50
8210	1664466124	3600		265.33		   5155355		840.00
8210	1664469724	3600		265.61		   6227192		870.50
8210	1664473324	3600		265.33		   8314752		822.00
8210	1664476924	3600		265.54		   3329871		867.50
8210	1664478684	1760		265.60		   6728692		866.50
8211	1664479884	1200		265.36		   6728692		-999.00
8212	1664483484	3600		265.53		   6728692		-999.00
8213	1664487084	3600		260.96		   6728692		-999.00
8214	1664490684	3600		261.10		   6728692		-999.00
8215	1664478684	-12000		261.34		   6728692		-999.00
8211	1664493171	1200		265.56		   6029370		865.00
8211	1664496771	3600		265.66		   8048702		869.50
8211	1664500371	3600		265.64		   7457405		867.50
8211	1664501041	670		265.65		   7635131		864.00
8212	1664502241	1200		260.94		   7635131		-999.00
8213	1664505841	3600		261.12		   7635131		-999.00
8214	1664501041	-4800		261.28		   7635131		-999.00
8212	1664509042	1200		266.01		  19245109		869.50
8212	1664512642	3600		266.47		  31296863		884.00
8212	1664516242	3600		265.82		  11554079		879.50
8212	1664519842	3600		266.09		  27414374		839.50
8212	1664520159	317		266.34		  35881798		836.00
8213	1664521359	1200		260.98		  35881798		-999.00
8214	1664524959	3600		261.26		  35881798		-999.00
8215	1664528559	3600		261.16		  35881798		-999.00
8216	1664532159	3600		261.15		  35881798		-999.00
8217	1664535759	3600		261.08		  35881798		-999.00
8218	1664539359	3600		261.20		  35881798		-999.00
8219	1664520159	-19200		261.42		  35881798		-999.00
8214	1664543644	1200		266.49		  36868567		875.50
8214	1664547244	3600		265.33		   8365010		835.00
8214	1664550844	3600		265.27		         0		847.00
8214	1664551919	1075		265.44		         0		885.00
8215	1664553119	1200		265.78		         0		-999.00
8216	1664556719	3600		265.69		         0		-999.00
8217	1664560319	3600		261.16		         0		-999.00
8218	1664551919	-8400		261.44		         0		-999.00
8216	1664564824	1200		266.74		  44079898		888.50
8216	1664568424	3600		266.99		  56145170		880.50
8216	1664572024	3600		266.58		  51667031		823.00
8216	1664575624	3600		266.92		  47603022		893.00
8216	1664579224	3600		266.81		  43859631		893.50
8216	1664582824	3600		266.73		  41375106		890.50
8216	1664586424	3600		266.65		  38456321		888.00
8216	1664590024	3600		266.59		  36434918		888.50
8216	1664593624	3600		266.52		  34167208		889.00
8216	1664594071	447		266.44		  31609042		889.00
8217	1664595271	1200		265.57		  31609042		-999.00
8218	1664598871	3600		261.15		  31609042		-999.00
8219	1664602471	3600		261.15		  31609042		-999.00
8220	1664606071	3600		261.15		  31609042		-999.00
8221	1664609671	3600		261.15		  31609042		-999.00
8222	1664613271	3600		261.15		  31609042		-999.00
8223	1664594071	-19200		261.49		  31609042		-999.00
8220	1664615149	1200		268.21		  85985067		928.00
8220	1664618749	3600		268.25		 107177646		840.00
8220	1664622349	3600		268.64		  99300841		927.50
8220	1664625949	3600		268.44		  92471489		930.00
8220	1664629549	3600		268.33		  89027332		925.00
8220	1664633149	3600		268.14		  83998805		920.50
8220	1664636749	3600		267.84		  78885804		909.00
8220	1664640349	3600		267.79		  74457467		916.00
8220	1664643949	3600		267.68		  70697095		913.50
8220	1664647549	3600		267.57		  66997241		911.00
8220	1664651149	3600		267.47		  63873113		912.00
8220	1664654749	3600		267.34		  60799356		907.50
8220	1664658349	3600		266.95		  54104725		889.00
8220	1664658943	594		266.97		  53401526		896.00
8221	1664660143	1200		261.11		  53401526		-999.00
8222	1664663743	3600		261.00		  53401526		-999.00
8223	1664667343	3600		261.11		  53401526		-999.00
8224	1664670943	3600		261.03		  53401526		-999.00
8225	1664658943	-12000		261.07		  53401526		-999.00
8221	1664672327	1200		268.19		  85866764		942.00
8221	1664675927	3600		268.72		 103618580		938.00
8221	1664679527	3600		268.44		  94338652		933.50
8221	1664683127	3600		268.25		  87828814		931.50
8221	1664686727	3600		268.05		  81350582		930.00
8221	1664690327	3600		267.85		  75853577		926.50
8221	1664693927	3600		267.75		  72458127		923.50
8221	1664697527	3600		267.59		  68260553		919.50
8221	1664701127	3600		267.47		  65518050		920.50
8221	1664704727	3600		267.34		  61268182		917.00
8221	1664708327	3600		267.25		  58321270		919.00
8221	1664711927	3600		267.17		  55814138		915.50
8221	1664715527	3600		260.94		  53514051		 22.00
8221	1664717030	1503		260.94		  52223859		 22.00
8222	1664718230	1200		261.13		  52223859		-999.00
8223	1664721830	3600		261.07		  52223859		-999.00
8224	1664725430	3600		261.11		  52223859		-999.00
8225	1664717030	-8400		261.02		  52223859		-999.00
8222	1664729864	1200		268.47		  99181892		936.50
8222	1664733464	3600		269.58		 128586890		967.00
8222	1664737064	3600		269.58		 126184756		971.50
8222	1664740664	3600		269.15		 115445830		961.50
8222	1664744264	3600		268.88		 107703867		956.50
8222	1664745477	1213		268.71		 102094314		952.50
8223	1664746677	1200		261.05		 102094314		-999.00
8224	1664750277	3600		261.13		 102094314		-999.00
8225	1664753877	3600		261.13		 102094314		-999.00
8226	1664757477	3600		265.61		 102094314		-999.00
8227	1664761077	3600		265.54		 102094314		-999.00
8228	1664764677	3600		265.61		 102094314		-999.00
8229	1664768277	3600		265.67		 102094314		-999.00
8230	1664771877	3600		265.42		 102094314		-999.00
8231	1664775477	3600		265.09		 102094314		-999.00
8232	1664779077	3600		260.90		 102094314		-999.00
8233	1664782677	3600		261.11		 102094314		-999.00
8234	1664786277	3600		261.11		 102094314		-999.00
8235	1664745477	-40800		261.18		 102094314		-999.00
8223	1664791054	1200		268.70		 103464203		955.50
8223	1664794654	3600		269.63		 130536254		972.50
8223	1664798254	3600		269.49		 125826803		967.50
8223	1664801854	3600		269.15		 115327218		965.50
8223	1664805454	3600		268.86		 107230319		959.50
8223	1664809054	3600		268.64		  99758616		958.00
8223	1664812654	3600		268.46		  93844912		956.00
8223	1664816254	3600		268.25		  87751609		951.00
8223	1664817946	1692		268.14		  84262816		952.00
8224	1664819146	1200		264.97		  84262816		-999.00
8225	1664822746	3600		261.07		  84262816		-999.00
8226	1664826346	3600		261.11		  84262816		-999.00
8227	1664829946	3600		261.17		  84262816		-999.00
8228	1664817946	-12000		261.61		  84262816		-999.00
8225	1664832855	1200		268.37		  93840691		957.50
8225	1664836455	3600		269.55		 128165739		979.50
8225	1664840055	3600		269.23		 117566172		975.50
8225	1664843655	3600		268.89		 106057765		973.50
8225	1664847255	3600		268.69		  99475058		967.00
8225	1664850855	3600		268.35		  93361278		953.00
8225	1664854455	3600		268.20		  87057264		960.50
8225	1664858055	3600		268.02		  81105873		958.00
8225	1664861655	3600		267.92		  77558962		955.50
8225	1664865255	3600		267.88		  76488934		954.00
8225	1664868855	3600		267.79		  73284248		954.00
8225	1664872455	3600		267.28		  65216211		931.50
8225	1664874559	2104		267.22		  58250144		946.00
8226	1664875759	1200		260.85		  58250144		-999.00
8227	1664879359	3600		261.17		  58250144		-999.00
8228	1664882959	3600		261.14		  58250144		-999.00
8229	1664874559	-8400		261.12		  58250144		-999.00
8226	1664884497	1200		265.35		    224342		912.50
8226	1664888097	3600		265.35		    214905		913.00
8226	1664891142	3045		265.35		    207716		910.50
8227	1664892342	1200		260.90		    207716		-999.00
8228	1664895942	3600		261.08		    207716		-999.00
8229	1664899542	3600		261.12		    207716		-999.00
8230	1664903142	3600		261.10		    207716		-999.00
8231	1664906742	3600		261.09		    207716		-999.00
8232	1664910342	3600		261.09		    207716		-999.00
8233	1664913942	3600		261.10		    207716		-999.00
8234	1664891142	-22800		261.21		    207716		-999.00
8228	1664917286	1200		268.70		 103927449		983.00
8228	1664920886	3600		269.85		 136909698		1001.00
8228	1664924486	3600		269.70		 131823155		992.50
8228	1664928086	3600		269.28		 123458170		974.50
8228	1664931686	3600		269.06		 113478619		988.50
8228	1664935286	3600		268.82		 107509228		978.50
8228	1664938886	3600		268.58		 100747984		976.50
8228	1664942486	3600		268.46		  94372646		977.50
8228	1664946086	3600		268.23		  88942338		976.50
8228	1664946665	579		268.14		  86150841		976.00
8229	1664947865	1200		265.50		  86150841		-999.00
8230	1664951465	3600		265.15		  86150841		-999.00
8231	1664955065	3600		265.29		  86150841		-999.00
8232	1664958665	3600		265.47		  86150841		-999.00
8233	1664962265	3600		265.66		  86150841		-999.00
8234	1664965865	3600		260.93		  86150841		-999.00
8235	1664969465	3600		261.09		  86150841		-999.00
8236	1664973065	3600		265.55		  86150841		-999.00
8237	1664976665	3600		260.92		  86150841		-999.00
8238	1664980265	3600		261.16		  86150841		-999.00
8239	1664983865	3600		261.08		  86150841		-999.00
8240	1664987465	3600		261.04		  86150841		-999.00
8241	1664946665	-40800		261.60		  86150841		-999.00
8230	1664990014	1200		268.79		 124329211		902.00
8230	1664993614	3600		270.19		 145290761		1021.00
8230	1664995346	1732		270.32		 149810148		1015.00
8231	1664996546	1200		264.97		 149810148		-999.00
8232	1665000146	3600		265.59		 149810148		-999.00
8233	1665003746	3600		265.69		 149810148		-999.00
8234	1665007346	3600		265.69		 149810148		-999.00
8235	1665010946	3600		265.69		 149810148		-999.00
8236	1665014546	3600		265.69		 149810148		-999.00
8237	1665018146	3600		261.19		 149810148		-999.00
8238	1665021746	3600		261.11		 149810148		-999.00
8239	1665025346	3600		261.10		 149810148		-999.00
8240	1664995346	-30000		261.83		 149810148		-999.00
8232	1665026848	1200		265.32		    236996		920.50
8232	1665030448	3600		265.32		    228171		923.50
8232	1665034048	3600		265.32		    218082		923.50
8232	1665036859	2811		265.32		    205276		920.00
8233	1665038059	1200		260.90		    205276		-999.00
8234	1665041659	3600		261.06		    205276		-999.00
8235	1665036859	-4800		261.18		    205276		-999.00
8233	1665045872	1200		265.61		   9557527		925.50
8233	1665049472	3600		265.69		   9673581		928.50
8233	1665053072	3600		265.54		   8956160		916.50
8233	1665054040	968		261.08		   8246755		 22.00
8234	1665055240	1200		260.89		   8246755		-999.00
8235	1665058840	3600		261.12		   8246755		-999.00
8236	1665062440	3600		261.12		   8246755		-999.00
8237	1665066040	3600		261.13		   8246755		-999.00
8238	1665069640	3600		261.11		   8246755		-999.00
8239	1665073240	3600		261.08		   8246755		-999.00
8240	1665076840	3600		265.27		   8246755		-999.00
8241	1665080440	3600		265.64		   8246755		-999.00
8242	1665084040	3600		265.64		   8246755		-999.00
8243	1665087640	3600		265.64		   8246755		-999.00
8244	1665091240	3600		265.64		   8246755		-999.00
8245	1665094840	3600		265.64		   8246755		-999.00
8246	1665098440	3600		265.64		   8246755		-999.00
8247	1665102040	3600		265.64		   8246755		-999.00
8248	1665105640	3600		265.64		   8246755		-999.00
8249	1665109240	3600		265.64		   8246755		-999.00
8250	1665112840	3600		265.64		   8246755		-999.00
8251	1665116440	3600		265.64		   8246755		-999.00
8252	1665120040	3600		265.64		   8246755		-999.00
8253	1665123640	3600		265.32		   8246755		-999.00
8254	1665127240	3600		265.65		   8246755		-999.00
8255	1665130840	3600		261.12		   8246755		-999.00
8256	1665134440	3600		261.12		   8246755		-999.00
8257	1665138040	3600		261.05		   8246755		-999.00
8258	1665141640	3600		261.01		   8246755		-999.00
8259	1665145240	3600		261.05		   8246755		-999.00
8260	1665148840	3600		261.06		   8246755		-999.00
8261	1665054040	-94800		260.97		   8246755		-999.00
8236	1665153442	1200		267.47		  61874650		975.50
8236	1665157042	3600		269.34		 117510742		1015.00
8236	1665160642	3600		270.01		 142292400		1002.00
8236	1665164242	3600		269.59		 129405250		999.50
8236	1665167842	3600		269.33		 120619722		998.50
8236	1665171442	3600		268.99		 111122494		995.00
8236	1665175042	3600		268.80		 104694932		990.50
8236	1665178642	3600		268.59		  97415159		987.00
8236	1665182242	3600		268.39		  91890517		980.00
8236	1665185842	3600		268.21		  86320479		983.00
8236	1665189442	3600		268.03		  81441321		979.00
8236	1665193042	3600		267.92		  77549310		979.50
8236	1665196448	3406		267.79		  73466893		973.50
8237	1665197648	1200		265.52		  73466893		-999.00
8238	1665201248	3600		265.64		  73466893		-999.00
8239	1665204848	3600		265.65		  73466893		-999.00
8240	1665208448	3600		265.69		  73466893		-999.00
8241	1665212048	3600		261.18		  73466893		-999.00
8242	1665215648	3600		261.10		  73466893		-999.00
8243	1665219248	3600		261.10		  73466893		-999.00
8244	1665196448	-22800		261.59		  73466893		-999.00
8238	1665222056	1200		267.88		  89394345		919.00
8238	1665225656	3600		269.43		 122795414		1015.00
8238	1665229256	3600		269.70		 132124032		1014.00
8238	1665232856	3600		269.38		 121614312		1003.00
8238	1665236456	3600		269.10		 113530003		1006.00
8238	1665240056	3600		268.77		 105225237		1000.50
8238	1665243656	3600		268.57		  98529983		995.00
8238	1665247256	3600		268.41		  93332385		992.50
8238	1665250856	3600		268.23		  87262778		992.50
8238	1665254456	3600		268.10		  82844745		989.00
8238	1665257519	3063		267.96		  78416488		989.00
8239	1665258719	1200		265.23		  78416488		-999.00
8240	1665262319	3600		265.51		  78416488		-999.00
8241	1665265919	3600		265.62		  78416488		-999.00
8242	1665269519	3600		265.66		  78416488		-999.00
8243	1665273119	3600		265.57		  78416488		-999.00
8244	1665276719	3600		265.69		  78416488		-999.00
8245	1665280319	3600		265.69		  78416488		-999.00
8246	1665283919	3600		265.71		  78416488		-999.00
8247	1665287519	3600		265.70		  78416488		-999.00
8248	1665291119	3600		265.62		  78416488		-999.00
8249	1665294719	3600		265.75		  78416488		-999.00
8250	1665298319	3600		265.79		  78416488		-999.00
8251	1665301919	3600		265.33		  78416488		-999.00
8252	1665305519	3600		265.57		  78416488		-999.00
8253	1665309119	3600		265.74		  78416488		-999.00
8254	1665312719	3600		265.74		  78416488		-999.00
8255	1665316319	3600		265.70		  78416488		-999.00
8256	1665319919	3600		261.02		  78416488		-999.00
8257	1665323519	3600		261.14		  78416488		-999.00
8258	1665327119	3600		261.18		  78416488		-999.00
8259	1665330719	3600		261.18		  78416488		-999.00
8260	1665334319	3600		261.18		  78416488		-999.00
8261	1665337919	3600		261.18		  78416488		-999.00
8262	1665257519	-80400		261.61		  78416488		-999.00
8245	1665342036	1200		268.55		  94087685		1019.00
8245	1665345636	3600		269.92		 139190154		1022.00
8245	1665349236	3600		269.98		 140120567		1030.00
8245	1665352836	3600		269.88		 137915890		1027.00
8245	1665356436	3600		269.57		 127713360		1020.00
8245	1665360036	3600		268.67		 118725734		922.00
8245	1665363636	3600		268.91		 109983047		1007.00
8245	1665367236	3600		268.76		 103610530		1010.00
8245	1665370836	3600		268.46		  96410102		1000.00
8245	1665374436	3600		268.39		  91639230		1007.00
8245	1665378036	3600		268.16		  85199504		1004.00
8245	1665381636	3600		268.05		  81432712		1002.00
8245	1665385236	3600		267.93		  77362887		1003.00
8245	1665387078	1842		267.24		  63459457		975.50
8246	1665388278	1200		261.02		  63459457		-999.00
8247	1665391878	3600		261.10		  63459457		-999.00
8248	1665395478	3600		261.16		  63459457		-999.00
8249	1665399078	3600		261.11		  63459457		-999.00
8250	1665402678	3600		261.09		  63459457		-999.00
8251	1665387078	-15600		261.02		  63459457		-999.00
8247	1665403955	1200		268.70		 102375046		1019.00
8247	1665407555	3600		269.47		 122905599		1042.00
8247	1665411155	3600		269.95		 138789017		1049.00
8247	1665414755	3600		269.95		 139297027		1041.00
8247	1665418355	3600		269.63		 128715456		1035.00
8247	1665421955	3600		269.32		 119075616		1030.00
8247	1665425555	3600		269.06		 111935464		1029.00
8247	1665429155	3600		268.86		 105286372		1025.00
8247	1665432755	3600		268.46		  97605776		1009.00
8247	1665436355	3600		268.43		  92994605		1024.00
8247	1665439955	3600		268.20		  87892961		1011.00
8247	1665443555	3600		268.06		  83174318		1012.00
8247	1665447155	3600		267.91		  78108800		1012.00
8247	1665450755	3600		267.81		  74823109		1009.00
8247	1665451369	614		267.84		  75705431		1009.00
8248	1665452569	1200		265.52		  75705431		-999.00
8249	1665456169	3600		261.11		  75705431		-999.00
8250	1665451369	-4800		261.57		  75705431		-999.00
8248	1665460253	1200		268.41		  89494591		1039.00
8248	1665463853	3600		269.74		 133587334		1048.00
8248	1665467453	3600		269.79		 135022081		1056.00
8248	1665471053	3600		269.86		 135065573		1059.00
8248	1665474653	3600		269.70		 131976971		1059.00
8248	1665476587	1934		269.46		 124028431		1054.00
8249	1665477787	1200		265.02		 124028431		-999.00
8250	1665481387	3600		260.90		 124028431		-999.00
8251	1665484987	3600		261.39		 124028431		-999.00
8252	1665488587	3600		261.20		 124028431		-999.00
8253	1665492187	3600		261.14		 124028431		-999.00
8254	1665495787	3600		261.12		 124028431		-999.00
8255	1665499387	3600		261.14		 124028431		-999.00
8256	1665502987	3600		261.21		 124028431		-999.00
8257	1665506587	3600		261.12		 124028431		-999.00
8258	1665510187	3600		265.16		 124028431		-999.00
8259	1665513787	3600		260.73		 124028431		-999.00
8260	1665517387	3600		261.14		 124028431		-999.00
8261	1665520987	3600		261.11		 124028431		-999.00
8262	1665524587	3600		261.15		 124028431		-999.00
8263	1665528187	3600		261.15		 124028431		-999.00
8264	1665476587	-51600		261.71		 124028431		-999.00
8253	1665530881	1200		268.53		  94007198		1050.00
8253	1665534481	3600		269.77		 132893911		1061.00
8253	1665538081	3600		269.87		 136820893		1067.00
8253	1665541681	3600		269.92		 138213579		1061.00
8253	1665543776	2095		269.28		 120562324		1054.00
8254	1665544976	1200		260.96		 120562324		-999.00
8255	1665548576	3600		261.08		 120562324		-999.00
8256	1665552176	3600		261.02		 120562324		-999.00
8257	1665555776	3600		261.10		 120562324		-999.00
8258	1665559376	3600		265.57		 120562324		-999.00
8259	1665562976	3600		265.27		 120562324		-999.00
8260	1665566576	3600		265.26		 120562324		-999.00
8261	1665570176	3600		265.26		 120562324		-999.00
8262	1665573776	3600		265.62		 120562324		-999.00
8263	1665577376	3600		265.68		 120562324		-999.00
8264	1665580976	3600		260.88		 120562324		-999.00
8265	1665584576	3600		261.12		 120562324		-999.00
8266	1665588176	3600		261.10		 120562324		-999.00
8267	1665591776	3600		261.10		 120562324		-999.00
8268	1665595376	3600		261.12		 120562324		-999.00
8269	1665598976	3600		261.14		 120562324		-999.00
8270	1665602576	3600		261.10		 120562324		-999.00
8271	1665606176	3600		261.07		 120562324		-999.00
8272	1665609776	3600		261.11		 120562324		-999.00
8273	1665613376	3600		261.13		 120562324		-999.00
8274	1665616976	3600		261.12		 120562324		-999.00
8275	1665620576	3600		261.12		 120562324		-999.00
8276	1665543776	-76800		261.44		 120562324		-999.00
8260	1665623048	1200		268.62		  96496109		1052.00
8260	1665626648	3600		269.76		 133302207		1066.00
8260	1665630248	3600		269.80		 134770875		1061.00
8260	1665633848	3600		269.80		 134531856		1071.00
8260	1665637448	3600		269.76		 133442543		1063.00
8260	1665641048	3600		269.56		 127627476		1055.00
8260	1665644648	3600		269.22		 118780282		1055.00
8260	1665648248	3600		269.01		 111790821		1053.00
8260	1665651848	3600		268.77		 104034540		1045.00
8260	1665655448	3600		268.60		  98176248		1044.00
8260	1665659048	3600		268.33		  91732073		1028.00
8260	1665662648	3600		268.17		  86611036		1033.00
8260	1665666248	3600		268.04		  82293070		1037.00
8260	1665667919	1671		267.57		  66517815		1035.00
8261	1665669119	1200		261.05		  66517815		-999.00
8262	1665672719	3600		261.08		  66517815		-999.00
8263	1665676319	3600		261.12		  66517815		-999.00
8264	1665679919	3600		261.06		  66517815		-999.00
8265	1665683519	3600		261.15		  66517815		-999.00
8266	1665687119	3600		261.18		  66517815		-999.00
8267	1665690719	3600		261.14		  66517815		-999.00
8268	1665694319	3600		261.14		  66517815		-999.00
8269	1665697919	3600		261.07		  66517815		-999.00
8270	1665667919	-30000		261.30		  66517815		-999.00
8263	1665701121	1200		268.19		  86856295		1044.00
8263	1665704721	3600		269.76		 131524075		1077.00
8263	1665708176	3455		269.79		 133841435		1073.00
8264	1665709376	1200		265.56		 133841435		-999.00
8265	1665712976	3600		265.63		 133841435		-999.00
8266	1665716576	3600		265.00		 133841435		-999.00
8267	1665720176	3600		265.06		 133841435		-999.00
8268	1665723776	3600		265.66		 133841435		-999.00
8269	1665727376	3600		265.71		 133841435		-999.00
8270	1665730976	3600		265.46		 133841435		-999.00
8271	1665734576	3600		265.69		 133841435		-999.00
8272	1665738176	3600		265.65		 133841435		-999.00
8273	1665741776	3600		265.65		 133841435		-999.00
8274	1665745376	3600		265.75		 133841435		-999.00
8275	1665748976	3600		265.69		 133841435		-999.00
8276	1665752576	3600		265.71		 133841435		-999.00
8277	1665756176	3600		265.71		 133841435		-999.00
8278	1665759776	3600		265.71		 133841435		-999.00
8279	1665763376	3600		260.89		 133841435		-999.00
8280	1665766976	3600		261.15		 133841435		-999.00
8281	1665770576	3600		261.07		 133841435		-999.00
8282	1665708176	-62400		261.74		 133841435		-999.00
8267	1665773313	1200		269.25		 116629185		1066.00
8267	1665776913	3600		269.84		 137220412		1073.00
8267	1665779072	2159		269.79		 133940267		1072.00
8268	1665780272	1200		265.30		 133940267		-999.00
8269	1665783872	3600		265.65		 133940267		-999.00
8270	1665787472	3600		260.94		 133940267		-999.00
8271	1665791072	3600		261.14		 133940267		-999.00
8272	1665794672	3600		261.08		 133940267		-999.00
8273	1665779072	-15600		261.74		 133940267		-999.00
8269	1665796010	1200		268.33		  89267279		1056.00
8269	1665796701	691		269.38		 121714306		1065.00
8270	1665797901	1200		265.71		 121714306		-999.00
8271	1665801501	3600		265.72		 121714306		-999.00
8272	1665805101	3600		261.36		 121714306		-999.00
8273	1665808701	3600		261.01		 121714306		-999.00
8274	1665812301	3600		261.10		 121714306		-999.00
8275	1665815901	3600		261.15		 121714306		-999.00
8276	1665796701	-19200		261.73		 121714306		-999.00
8272	1665820178	1200		269.41		 128658413		1053.00
8272	1665821279	1101		269.81		 138326021		1067.00
8273	1665822479	1200		265.55		 138326021		-999.00
8274	1665826079	3600		261.20		 138326021		-999.00
8275	1665829679	3600		261.12		 138326021		-999.00
8276	1665821279	-8400		261.66		 138326021		-999.00
8273	1665832920	1200		269.23		 122095787		1059.00
8273	1665836520	3600		269.86		 136795329		1072.00
8273	1665840120	3600		269.76		 135749647		1068.00
8273	1665843720	3600		269.85		 136423956		1083.00
8273	1665847320	3600		269.65		 132009066		1069.00
8273	1665848467	1147		268.80		 124476439		957.50
8274	1665849667	1200		265.28		 124476439		-999.00
8275	1665853267	3600		260.90		 124476439		-999.00
8276	1665856867	3600		261.11		 124476439		-999.00
8277	1665848467	-8400		261.39		 124476439		-999.00
8274	1665859419	1200		268.32		  88868974		1061.00
8274	1665863019	3600		269.63		 131031768		1075.00
8274	1665866619	3600		269.82		 135118662		1082.00
8274	1665870219	3600		269.82		 134905090		1080.00
8274	1665873819	3600		269.71		 131413832		1084.00
8274	1665877419	3600		269.35		 120428652		1077.00
8274	1665881019	3600		269.10		 113110949		1070.00
8274	1665884619	3600		268.80		 104550318		1069.00
8274	1665888219	3600		268.62		  98703190		1066.00
8274	1665891819	3600		268.43		  92089184		1062.00
8274	1665895419	3600		268.25		  87407232		1060.00
8274	1665899019	3600		268.09		  82209083		1057.00
8274	1665902619	3600		267.94		  77328277		1056.00
8274	1665906219	3600		267.83		  73544131		1051.00
8274	1665909819	3600		267.70		  69361182		1051.00
8274	1665913419	3600		267.59		  65555131		1048.00
8274	1665917019	3600		267.43		  62659293		1046.00
8274	1665919777	2758		267.15		  53271267		1043.00
8275	1665920977	1200		260.97		  53271267		-999.00
8276	1665924577	3600		261.17		  53271267		-999.00
8277	1665928177	3600		261.11		  53271267		-999.00
8278	1665931777	3600		261.01		  53271267		-999.00
8279	1665919777	-12000		261.37		  53271267		-999.00
8276	1665933647	1200		269.38		 122467107		1089.00
8276	1665937247	3600		269.76		 132814455		1097.00
8276	1665940847	3600		269.78		 133347707		1100.00
8276	1665944447	3600		269.55		 130573961		1088.00
8276	1665948047	3600		269.52		 125810183		1095.00
8276	1665951647	3600		269.24		 116195777		1088.00
8276	1665955247	3600		268.90		 106197284		1080.00
8276	1665958847	3600		268.64		  99125893		1082.00
8276	1665962447	3600		268.49		  95194645		1079.00
8276	1665966047	3600		268.32		  89679990		1074.00
8276	1665969647	3600		268.15		  84028267		1072.00
8276	1665973247	3600		268.01		  79828321		1072.00
8276	1665975303	2056		267.50		  67306881		1053.00
8277	1665976503	1200		261.09		  67306881		-999.00
8278	1665980103	3600		255.55		  67306881		-999.00
8279	1665983703	3600		255.40		  67306881		-999.00
8280	1665987303	3600		255.65		  67306881		-999.00
8281	1665990903	3600		255.65		  67306881		-999.00
8282	1665994503	3600		255.93		  67306881		-999.00
8283	1665998103	3600		255.72		  67306881		-999.00
8284	1666001703	3600		255.66		  67306881		-999.00
8285	1666005303	3600		255.70		  67306881		-999.00
8286	1666008903	3600		255.71		  67306881		-999.00
8287	1666012503	3600		255.89		  67306881		-999.00
8288	1666016103	3600		255.67		  67306881		-999.00
8289	1666019703	3600		255.64		  67306881		-999.00
8290	1666023303	3600		255.80		  67306881		-999.00
8291	1666026903	3600		255.84		  67306881		-999.00
8292	1666030503	3600		255.68		  67306881		-999.00
8293	1666034103	3600		255.67		  67306881		-999.00
8294	1666037703	3600		255.72		  67306881		-999.00
8295	1666041303	3600		255.60		  67306881		-999.00
8296	1666044903	3600		255.76		  67306881		-999.00
8297	1666048503	3600		255.75		  67306881		-999.00
8298	1666052103	3600		255.74		  67306881		-999.00
8299	1666055703	3600		255.70		  67306881		-999.00
8300	1666059303	3600		255.78		  67306881		-999.00
8301	1666062903	3600		255.65		  67306881		-999.00
8302	1666066503	3600		255.85		  67306881		-999.00
8303	1666070103	3600		255.72		  67306881		-999.00
8304	1666073703	3600		255.74		  67306881		-999.00
8305	1666077303	3600		255.62		  67306881		-999.00
8306	1666080903	3600		255.81		  67306881		-999.00
8307	1666084503	3600		255.68		  67306881		-999.00
8308	1666088103	3600		255.76		  67306881		-999.00
8309	1666091703	3600		255.64		  67306881		-999.00
8310	1666095303	3600		255.70		  67306881		-999.00
8311	1666098903	3600		255.81		  67306881		-999.00
8312	1666102503	3600		255.57		  67306881		-999.00
8313	1666106103	3600		255.72		  67306881		-999.00
8314	1666109703	3600		255.74		  67306881		-999.00
8315	1666113303	3600		255.84		  67306881		-999.00
8316	1666116903	3600		255.67		  67306881		-999.00
8317	1666120503	3600		255.67		  67306881		-999.00
8318	1666124103	3600		255.71		  67306881		-999.00
8319	1666127703	3600		255.82		  67306881		-999.00
8320	1666131303	3600		255.67		  67306881		-999.00
8321	1666134903	3600		255.66		  67306881		-999.00
8322	1666138503	3600		255.88		  67306881		-999.00
8323	1666142103	3600		255.70		  67306881		-999.00
8324	1666145703	3600		255.58		  67306881		-999.00
8325	1666149303	3600		255.82		  67306881		-999.00
8326	1666152903	3600		255.79		  67306881		-999.00
8327	1666156503	3600		261.28		  67306881		-999.00
8328	1666160103	3600		261.34		  67306881		-999.00
8329	1666163703	3600		261.34		  67306881		-999.00
8330	1666167303	3600		261.18		  67306881		-999.00
8331	1665975303	-192000		261.32		  67306881		-999.00
8332	1666170176	1200		265.40		  67306881		-999.00
8333	1666173776	3600		261.00		  67306881		-999.00
8334	1666177376	3600		261.14		  67306881		-999.00
8335	1666180976	3600		261.16		  67306881		-999.00
8336	1666168976	-12000		261.48		  67306881		-999.00
8293	1666185728	1200		265.88		  18621233		1019.00
8293	1666188217	2489		266.02		  19584144		1033.00
8294	1666189417	1200		264.96		  19584144		-999.00
8295	1666193017	3600		261.17		  19584144		-999.00
8296	1666196617	3600		260.94		  19584144		-999.00
8297	1666200217	3600		261.14		  19584144		-999.00
8298	1666203817	3600		261.18		  19584144		-999.00
8299	1666207417	3600		265.07		  19584144		-999.00
8300	1666211017	3600		260.97		  19584144		-999.00
8301	1666214617	3600		261.17		  19584144		-999.00
8302	1666188217	-26400		261.44		  19584144		-999.00
8295	1666217798	1200		268.65		  96033747		1104.00
8295	1666221398	3600		269.74		 130982037		1118.00
8295	1666224998	3600		269.71		 129873633		1111.00
8295	1666228598	3600		269.63		 127249745		1118.00
8295	1666232198	3600		269.78		 132225292		1112.00
8295	1666235798	3600		269.75		 131695844		1112.00
8295	1666239398	3600		269.36		 120823977		1101.00
8295	1666242998	3600		269.04		 113718948		1093.00
8295	1666246598	3600		268.84		 105529536		1096.00
8295	1666250198	3600		268.66		  99591355		1090.00
8295	1666253798	3600		268.31		  91889742		1080.00
8295	1666255729	1931		267.62		  80640573		1001.00
8296	1666256929	1200		260.97		  80640573		-999.00
8297	1666260529	3600		261.16		  80640573		-999.00
8298	1666264129	3600		261.16		  80640573		-999.00
8299	1666255729	-8400		261.20		  80640573		-999.00
8297	1666267485	1200		268.53		  93968538		1106.00
8297	1666271085	3600		269.91		 136022184		1127.00
8297	1666274685	3600		270.10		 142352657		1125.00
8297	1666278285	3600		270.12		 143105694		1128.00
8297	1666281885	3600		270.05		 141901643		1119.00
8297	1666285485	3600		269.72		 132493997		1121.00
8297	1666289085	3600		268.70		 123964200		991.00
8297	1666292685	3600		269.08		 116209575		1093.00
8297	1666296285	3600		268.95		 107929786		1106.00
8297	1666299885	3600		268.65		 102048633		1092.00
8297	1666301187	1302		268.52		  97879491		1100.00
8298	1666302387	1200		264.98		  97879491		-999.00
8299	1666305987	3600		265.62		  97879491		-999.00
8300	1666309587	3600		265.62		  97879491		-999.00
8301	1666313187	3600		265.66		  97879491		-999.00
8302	1666316787	3600		265.65		  97879491		-999.00
8303	1666320387	3600		265.65		  97879491		-999.00
8304	1666323987	3600		265.65		  97879491		-999.00
8305	1666327587	3600		265.39		  97879491		-999.00
8306	1666331187	3600		265.31		  97879491		-999.00
8307	1666334787	3600		265.36		  97879491		-999.00
8308	1666338387	3600		261.08		  97879491		-999.00
8309	1666341987	3600		261.20		  97879491		-999.00
8310	1666301187	-40800		261.58		  97879491		-999.00
8299	1666344733	1200		265.92		  17792972		1044.00
8299	1666344889	156		266.21		  27310647		1044.00
8300	1666346089	1200		265.35		  27310647		-999.00
8301	1666349689	3600		261.19		  27310647		-999.00
8302	1666353289	3600		261.11		  27310647		-999.00
8303	1666356889	3600		261.09		  27310647		-999.00
8304	1666360489	3600		261.14		  27310647		-999.00
8305	1666344889	-15600		261.39		  27310647		-999.00
8301	1666365198	1200		265.91		  19296858		1035.00
8301	1666368798	3600		266.08		  21194672		1047.00
8301	1666372398	3600		266.07		  20805394		1047.00
8301	1666375893	3495		265.49		  17874538		973.00
8302	1666377093	1200		265.71		  17874538		-999.00
8303	1666380693	3600		261.13		  17874538		-999.00
8304	1666384293	3600		261.08		  17874538		-999.00
8305	1666375893	-8400		260.95		  17874538		-999.00
8302	1666385803	1200		268.57		  95381919		1115.00
8302	1666389403	3600		270.13		 145477939		1131.00
8302	1666393003	3600		270.18		 145828726		1136.00
8302	1666396603	3600		270.13		 145536861		1126.00
8302	1666400203	3600		269.86		 136554183		1126.00
8302	1666403803	3600		269.58		 127452184		1120.00
8302	1666407403	3600		269.32		 118667537		1121.00
8302	1666411003	3600		269.02		 111484802		1119.00
8302	1666414603	3600		268.82		 104709888		1115.00
8302	1666418203	3600		268.66		  98712685		1108.00
8302	1666421803	3600		268.45		  93166669		1105.00
8302	1666425403	3600		268.19		  85889273		1103.00
8302	1666429003	3600		268.04		  80798282		1102.00
8302	1666432603	3600		267.65		  75595416		1071.00
8302	1666433336	733		267.42		  66369053		1082.00
8303	1666434536	1200		261.06		  66369053		-999.00
8304	1666438136	3600		261.06		  66369053		-999.00
8305	1666441736	3600		265.57		  66369053		-999.00
8306	1666445336	3600		261.16		  66369053		-999.00
8307	1666433336	-12000		261.06		  66369053		-999.00
8304	1666448469	1200		268.57		  96327926		1124.00
8304	1666452069	3600		270.13		 144358488		1142.00
8304	1666455669	3600		270.07		 142207512		1156.00
8304	1666459269	3600		270.15		 145021644		1151.00
8304	1666462869	3600		270.04		 142492592		1148.00
8304	1666466469	3600		269.89		 134804997		1151.00
8304	1666470069	3600		269.42		 124911365		1134.00
8304	1666471337	1268		269.35		 121266625		1130.00
8305	1666472537	1200		265.51		 121266625		-999.00
8306	1666476137	3600		261.15		 121266625		-999.00
8307	1666479737	3600		261.18		 121266625		-999.00
8308	1666471337	-8400		261.71		 121266625		-999.00
8305	1666481174	1200		268.83		 101819036		1145.00
8305	1666484774	3600		270.17		 145067767		1152.00
8305	1666488374	3600		270.19		 144608213		1160.00
8305	1666491974	3600		270.20		 146264005		1154.00
8305	1666495574	3600		270.07		 141866350		1151.00
8305	1666499174	3600		269.79		 134958652		1153.00
8305	1666502774	3600		269.49		 124773632		1146.00
8305	1666506374	3600		269.26		 117310247		1138.00
8305	1666509974	3600		268.98		 108896391		1141.00
8305	1666513574	3600		268.74		 102421457		1134.00
8305	1666517174	3600		268.62		  97075096		1132.00
8305	1666520774	3600		268.36		  91134205		1126.00
8305	1666524320	3546		267.89		  81338051		1107.00
8306	1666525520	1200		265.57		  81338051		-999.00
8307	1666529120	3600		261.18		  81338051		-999.00
8308	1666524320	-4800		261.10		  81338051		-999.00
8306	1666533319	1200		268.61		  97234979		1147.00
8306	1666536919	3600		270.09		 142056961		1172.00
8306	1666540519	3600		270.11		 142786085		1166.00
8306	1666544119	3600		269.95		 140418738		1159.00
8306	1666547719	3600		269.95		 141367775		1152.00
8306	1666551319	3600		269.82		 135786444		1161.00
8306	1666554919	3600		268.90		 125790584		1043.00
8306	1666558519	3600		269.11		 119299713		1139.00
8306	1666562119	3600		268.97		 110186587		1151.00
8306	1666565719	3600		268.77		 103705889		1152.00
8306	1666569319	3600		268.60		  98018139		1143.00
8306	1666572919	3600		268.42		  91869894		1141.00
8306	1666576519	3600		268.27		  87767801		1139.00
8306	1666579928	3409		267.65		  77405697		1084.00
8307	1666581128	1200		261.17		  77405697		-999.00
8308	1666584728	3600		261.17		  77405697		-999.00
8309	1666588328	3600		261.39		  77405697		-999.00
8310	1666591928	3600		260.99		  77405697		-999.00
8311	1666595528	3600		261.18		  77405697		-999.00
8312	1666599128	3600		261.04		  77405697		-999.00
8313	1666579928	-19200		261.08		  77405697		-999.00
8307	1666600994	1200		266.44		  33125823		1101.00
8307	1666604594	3600		266.74		  40671395		1106.00
8307	1666607820	3226		266.59		  37030230		1102.00
8308	1666609020	1200		265.00		  37030230		-999.00
8309	1666612620	3600		265.36		  37030230		-999.00
8310	1666616220	3600		265.71		  37030230		-999.00
8311	1666619820	3600		260.91		  37030230		-999.00
8312	1666623420	3600		261.06		  37030230		-999.00
8313	1666607820	-15600		261.48		  37030230		-999.00
8309	1666625078	1200		266.02		  23780687		1081.00
8309	1666628678	3600		266.11		  21659242		1097.00
8309	1666632278	3600		266.08		  21802309		1093.00
8309	1666633670	1392		261.20		  21805817		 22.00
8310	1666634870	1200		264.96		  21805817		-999.00
8311	1666638470	3600		261.03		  21805817		-999.00
8312	1666642070	3600		261.09		  21805817		-999.00
8313	1666645670	3600		261.11		  21805817		-999.00
8314	1666633670	-12000		261.01		  21805817		-999.00
8311	1666650175	1200		268.84		 103435266		1176.00
8311	1666653775	3600		270.01		 142347852		1168.00
8311	1666657375	3600		270.11		 141930649		1180.00
8311	1666660975	3600		270.01		 141427185		1175.00
8311	1666664575	3600		270.10		 141517422		1187.00
8311	1666668175	3600		269.90		 137560800		1175.00
8311	1666671775	3600		269.54		 126687904		1168.00
8311	1666675375	3600		268.61		 118770643		1046.00
8311	1666678975	3600		268.96		 110932880		1149.00
8311	1666682575	3600		268.74		 102162805		1159.00
8311	1666686175	3600		268.50		  94083638		1150.00
8311	1666689775	3600		268.15		  89897040		1140.00
8311	1666692480	2705		268.05		  85363489		1138.00
8312	1666693680	1200		260.99		  85363489		-999.00
8313	1666697280	3600		260.83		  85363489		-999.00
8314	1666692480	-4800		261.09		  85363489		-999.00
8312	1666701848	1200		266.88		  45601181		1121.00
8312	1666701972	124		265.51		         0		1121.00
8313	1666703172	1200		265.61		         0		-999.00
8314	1666706772	3600		261.11		         0		-999.00
8315	1666701972	-4800		261.51		         0		-999.00
8313	1666709975	1200		266.73		  45710920		1107.00
8313	1666713575	3600		266.82		  43609524		1120.00
8313	1666717175	3600		266.81		  43374772		1114.00
8313	1666718222	1047		261.11		  42829838		 22.50
8314	1666719422	1200		261.03		  42829838		-999.00
8315	1666723022	3600		261.14		  42829838		-999.00
8316	1666726622	3600		261.07		  42829838		-999.00
8317	1666730222	3600		261.17		  42829838		-999.00
8318	1666718222	-12000		260.99		  42829838		-999.00
8314	1666734892	1200		268.18		  85255273		1160.00
8314	1666738492	3600		269.53		 124107358		1180.00
8314	1666742092	3600		269.44		 123218144		1175.00
8314	1666745692	3600		269.43		 122360065		1178.00
8314	1666749292	3600		269.43		 123323944		1170.00
8314	1666752892	3600		268.78		 113684881		1107.00
8314	1666753347	455		268.56		 102084827		1153.00
8315	1666754547	1200		261.05		 102084827		-999.00
8316	1666758147	3600		261.33		 102084827		-999.00
8317	1666761747	3600		265.45		 102084827		-999.00
8318	1666765347	3600		265.00		 102084827		-999.00
8319	1666768947	3600		265.15		 102084827		-999.00
8320	1666772547	3600		265.15		 102084827		-999.00
8321	1666776147	3600		265.15		 102084827		-999.00
8322	1666779747	3600		265.15		 102084827		-999.00
8323	1666783347	3600		265.15		 102084827		-999.00
8324	1666786947	3600		264.93		 102084827		-999.00
8325	1666790547	3600		265.73		 102084827		-999.00
8326	1666794147	3600		265.33		 102084827		-999.00
8327	1666797747	3600		260.92		 102084827		-999.00
8328	1666801347	3600		261.07		 102084827		-999.00
8329	1666753347	-48000		261.48		 102084827		-999.00
8315	1666803053	1200		269.87		 142647925		1165.00
8315	1666806653	3600		270.02		 142466505		1180.00
8315	1666810253	3600		270.10		 142946137		1197.00
8315	1666813853	3600		270.09		 142651324		1197.00
8315	1666817453	3600		269.98		 139039982		1202.00
8315	1666821053	3600		270.05		 141383586		1197.00
8315	1666824653	3600		269.93		 139446469		1189.00
8315	1666828253	3600		269.53		 126233992		1189.00
8315	1666831853	3600		269.10		 112554472		1182.00
8315	1666835453	3600		269.06		 111433124		1174.00
8315	1666839053	3600		268.84		 105141453		1169.00
8315	1666842653	3600		268.59		  96801953		1168.00
8315	1666846253	3600		268.36		  90372564		1167.00
8315	1666849853	3600		268.23		  85973300		1158.00
8315	1666853453	3600		267.99		  79564696		1161.00
8315	1666857053	3600		267.88		  75847420		1156.00
8315	1666860081	3028		267.14		  65741212		1077.00
8316	1666861281	1200		261.57		  65741212		-999.00
8317	1666864881	3600		261.20		  65741212		-999.00
8318	1666868481	3600		261.15		  65741212		-999.00
8319	1666860081	-8400		261.22		  65741212		-999.00
8316	1666870866	1200		268.96		 107136336		1198.00
8316	1666874466	3600		270.00		 139925787		1205.00
8316	1666878066	3600		270.10		 143323682		1212.00
8316	1666881666	3600		270.08		 141569416		1219.00
8316	1666885266	3600		270.10		 143180940		1216.00
8316	1666885914	648		270.07		 142362349		1215.00
8317	1666887114	1200		265.06		 142362349		-999.00
8318	1666890714	3600		260.95		 142362349		-999.00
8319	1666894314	3600		261.19		 142362349		-999.00
8320	1666885914	-8400		261.80		 142362349		-999.00
8317	1666896545	1200		268.78		 105970121		1184.00
8317	1666900145	3600		270.01		 140706690		1213.00
8317	1666903745	3600		270.11		 142903865		1217.00
8317	1666907345	3600		270.07		 141537347		1209.00
8317	1666910945	3600		270.08		 141761226		1220.00
8317	1666914545	3600		270.06		 141223278		1218.00
8317	1666918145	3600		269.78		 133154098		1206.00
8317	1666921745	3600		269.43		 123913443		1201.00
8317	1666925345	3600		269.12		 113542324		1196.00
8317	1666928945	3600		268.89		 105940873		1194.00
8317	1666932545	3600		268.64		  98255118		1196.00
8317	1666936145	3600		268.46		  93116330		1188.00
8317	1666939745	3600		268.25		  86304294		1181.00
8317	1666943345	3600		267.68		  76720684		1151.00
8317	1666944112	767		267.88		  78251743		1175.00
8318	1666945312	1200		265.02		  78251743		-999.00
8319	1666948912	3600		261.13		  78251743		-999.00
8320	1666952512	3600		261.14		  78251743		-999.00
8321	1666944112	-8400		261.02		  78251743		-999.00
8319	1666955618	1200		269.15		 112728095		1222.00
8319	1666959218	3600		270.02		 140202138		1222.00
8319	1666962818	3600		270.06		 141740196		1228.00
8319	1666966418	3600		269.99		 141512805		1228.00
8319	1666966532	114		270.15		 146615527		1229.00
8320	1666967732	1200		265.22		 146615527		-999.00
8321	1666971332	3600		260.97		 146615527		-999.00
8322	1666974932	3600		261.21		 146615527		-999.00
8323	1666978532	3600		261.16		 146615527		-999.00
8324	1666966532	-12000		261.75		 146615527		-999.00
8320	1666981707	1200		268.71		 106627626		1192.00
8320	1666985307	3600		269.96		 140301847		1230.00
8320	1666988907	3600		270.12		 144587383		1227.00
8320	1666992507	3600		270.06		 142649839		1237.00
8320	1666996107	3600		270.14		 143840555		1241.00
8320	1666999707	3600		269.95		 138849482		1229.00
8320	1667002321	2614		269.67		 129697847		1231.00
8321	1667003521	1200		265.45		 129697847		-999.00
8322	1667007121	3600		265.54		 129697847		-999.00
8323	1667010721	3600		261.07		 129697847		-999.00
8324	1667014321	3600		261.19		 129697847		-999.00
8325	1667002321	-12000		261.78		 129697847		-999.00
8321	1667017362	1200		268.97		 107682694		1227.00
8321	1667020962	3600		269.96		 139293993		1242.00
8321	1667024562	3600		270.03		 141443607		1246.00
8321	1667028162	3600		270.12		 141965363		1247.00
8321	1667031762	3600		270.00		 140498912		1239.00
8321	1667035362	3600		270.02		 141301276		1240.00
8321	1667038962	3600		269.89		 137032289		1240.00
8321	1667042562	3600		269.63		 128240017		1234.00
8321	1667046162	3600		269.30		 118194565		1229.00
8321	1667049762	3600		269.02		 109057055		1222.00
8321	1667053362	3600		268.83		 102721854		1221.00
8321	1667056962	3600		268.52		  95029782		1212.00
8321	1667060562	3600		268.31		  89301996		1214.00
8321	1667064162	3600		268.13		  83300054		1210.00
8321	1667067762	3600		267.68		  74912046		1158.00
8321	1667068580	818		267.36		  64156228		1189.00
8322	1667069780	1200		261.56		  64156228		-999.00
8323	1667073380	3600		260.93		  64156228		-999.00
8324	1667076980	3600		261.20		  64156228		-999.00
8325	1667068580	-8400		261.16		  64156228		-999.00
8322	1667079796	1200		269.59		 133868605		1225.00
8322	1667083396	3600		269.97		 138733266		1255.00
8322	1667086996	3600		270.03		 139309658		1263.00
8322	1667090596	3600		270.08		 142327991		1263.00
8322	1667097796	3600		269.85		 144499764		1227.00
8322	1667101396	3600		269.69		 131579969		1250.00
8322	1667104996	3600		269.78		 133513475		1253.00
8322	1667106692	1696		269.47		 123182399		1249.00
8323	1667107892	1200		261.67		 123182399		-999.00
8324	1667111492	3600		261.05		 123182399		-999.00
8325	1667115092	3600		261.20		 123182399		-999.00
8326	1667118692	3600		261.17		 123182399		-999.00
8327	1667106692	-12000		261.77		 123182399		-999.00
8324	1667121922	1200		268.93		 105643580		1251.00
8324	1667125522	3600		270.03		 139792993		1259.00
8324	1667127843	2321		270.11		 141093460		1265.00
8325	1667129043	1200		265.22		 141093460		-999.00
8326	1667132643	3600		265.40		 141093460		-999.00
8327	1667136243	3600		265.63		 141093460		-999.00
8328	1667139843	3600		265.65		 141093460		-999.00
8329	1667143443	3600		265.70		 141093460		-999.00
8330	1667147043	3600		265.70		 141093460		-999.00
8331	1667150643	3600		265.70		 141093460		-999.00
8332	1667154243	3600		265.70		 141093460		-999.00
8333	1667157843	3600		265.70		 141093460		-999.00
8334	1667161443	3600		265.70		 141093460		-999.00
8335	1667165043	3600		261.22		 141093460		-999.00
8336	1667168643	3600		261.21		 141093460		-999.00
8337	1667172243	3600		261.22		 141093460		-999.00
8338	1667175843	3600		261.19		 141093460		-999.00
8339	1667179443	3600		261.19		 141093460		-999.00
8340	1667127843	-51600		261.84		 141093460		-999.00
8327	1667181293	1200		268.94		 128186891		1116.00
8327	1667184893	3600		269.54		 126842980		1252.00
8327	1667188493	3600		269.87		 140255846		1244.00
8327	1667192093	3600		270.10		 141746773		1267.00
8327	1667195693	3600		270.02		 140249772		1261.00
8327	1667199293	3600		269.90		 140373823		1240.00
8327	1667202893	3600		269.39		 123482723		1243.00
8327	1667203298	405		269.04		 111870556		1247.00
8328	1667204498	1200		261.11		 111870556		-999.00
8329	1667208098	3600		261.56		 111870556		-999.00
8330	1667211698	3600		261.13		 111870556		-999.00
8331	1667215298	3600		261.17		 111870556		-999.00
8332	1667218898	3600		261.17		 111870556		-999.00
8333	1667222498	3600		261.13		 111870556		-999.00
8334	1667226098	3600		260.84		 111870556		-999.00
8335	1667229698	3600		261.21		 111870556		-999.00
8336	1667203298	-26400		261.09		 111870556		-999.00
8330	1667234368	1200		268.87		 103270258		1258.00
8330	1667237968	3600		270.05		 140027632		1275.00
8330	1667241568	3600		269.99		 140800775		1261.00
8330	1667243878	2310		270.02		 140386172		1270.00
8331	1667245078	1200		265.36		 140386172		-999.00
8332	1667248678	3600		265.26		 140386172		-999.00
8333	1667252278	3600		265.53		 140386172		-999.00
8334	1667255878	3600		265.67		 140386172		-999.00
8335	1667259478	3600		260.98		 140386172		-999.00
8336	1667263078	3600		261.20		 140386172		-999.00
8337	1667266678	3600		261.15		 140386172		-999.00
8338	1667270278	3600		261.20		 140386172		-999.00
8339	1667243878	-26400		261.81		 140386172		-999.00
8331	1667274232	1200		268.84		 112140357		1200.00
8331	1667277832	3600		269.98		 138292847		1279.00
8331	1667281432	3600		270.00		 140163086		1268.00
8331	1667285032	3600		270.06		 140837548		1275.00
8331	1667288632	3600		269.89		 135217786		1270.00
8331	1667292232	3600		270.17		 144437348		1274.00
8331	1667295832	3600		269.89		 136315124		1265.00
8331	1667299432	3600		269.54		 125922403		1259.00
8331	1667303032	3600		269.15		 113855055		1246.00
8331	1667306632	3600		269.03		 109579991		1247.00
8331	1667310232	3600		268.74		 100611499		1248.00
8331	1667310913	681		268.54		  94989325		1251.00
8332	1667312113	1200		265.06		  94989325		-999.00
8333	1667315713	3600		260.96		  94989325		-999.00
8334	1667319313	3600		261.19		  94989325		-999.00
8335	1667310913	-8400		261.69		  94989325		-999.00
8333	1667323837	1200		269.16		 112871438		1275.00
8333	1667327437	3600		270.06		 141675703		1281.00
8333	1667331037	3600		270.12		 143545821		1284.00
8333	1667334637	3600		270.21		 143912854		1285.00
8333	1667338237	3600		270.05		 142484378		1275.00
8333	1667341837	3600		270.14		 143097706		1286.00
8333	1667345437	3600		269.91		 137773781		1281.00
8333	1667349037	3600		269.63		 128492300		1267.00
8333	1667352637	3600		269.31		 117706414		1269.00
8333	1667356237	3600		269.04		 110028848		1263.00
8333	1667359837	3600		268.67		 101519273		1252.00
8333	1667363437	3600		268.51		  94024987		1251.00
8333	1667367037	3600		268.34		  88168002		1253.00
8333	1667370637	3600		268.09		  81620545		1242.00
8333	1667374237	3600		267.85		  76042466		1225.00
8333	1667375845	1608		267.56		  63878669		1244.00
8334	1667377045	1200		261.16		  63878669		-999.00
8335	1667380645	3600		261.02		  63878669		-999.00
8336	1667384245	3600		261.17		  63878669		-999.00
8337	1667375845	-8400		261.23		  63878669		-999.00
8334	1667386462	1200		269.90		 142906741		1264.00
8334	1667390062	3600		269.75		 130181188		1300.00
8334	1667393662	3600		270.15		 142094934		1302.00
8334	1667397262	3600		270.13		 141329083		1296.00
8334	1667400862	3600		270.18		 143260045		1310.00
8334	1667404462	3600		270.17		 142587742		1305.00
8334	1667408062	3600		270.22		 144268915		1309.00
8334	1667411662	3600		269.99		 136979812		1302.00
8334	1667415262	3600		269.66		 127793536		1292.00
8334	1667418862	3600		269.39		 118873458		1285.00
8334	1667422462	3600		269.06		 109920436		1278.00
8334	1667426062	3600		268.83		 101881017		1278.00
8334	1667429164	3102		268.64		  95884541		1272.00
8335	1667430364	1200		261.04		  95884541		-999.00
8336	1667433964	3600		261.20		  95884541		-999.00
8337	1667437564	3600		261.16		  95884541		-999.00
8338	1667429164	-8400		261.76		  95884541		-999.00
8335	1667439420	1200		269.09		 107901960		1303.00
8335	1667443020	3600		270.11		 141769959		1312.00
8335	1667446620	3600		270.25		 145005062		1318.00
8335	1667450220	3600		270.22		 142613532		1321.00
8335	1667453820	3600		270.21		 143866467		1316.00
8335	1667457420	3600		270.03		 140821022		1312.00
8335	1667461020	3600		269.74		 129713361		1304.00
8335	1667464620	3600		269.45		 121337408		1299.00
8335	1667467115	2495		269.28		 115770578		1292.00
8336	1667468315	1200		261.06		 115770578		-999.00
8337	1667471915	3600		261.20		 115770578		-999.00
8338	1667475515	3600		261.51		 115770578		-999.00
8339	1667479115	3600		261.04		 115770578		-999.00
8340	1667482715	3600		261.24		 115770578		-999.00
8341	1667486315	3600		261.17		 115770578		-999.00
8342	1667489915	3600		261.15		 115770578		-999.00
8343	1667493515	3600		261.23		 115770578		-999.00
8344	1667497115	3600		261.20		 115770578		-999.00
8345	1667500715	3600		261.21		 115770578		-999.00
8346	1667504315	3600		261.19		 115770578		-999.00
8347	1667467115	-37200		261.37		 115770578		-999.00
8342	1667505704	1200		268.88		 104745476		1298.00
8342	1667509304	3600		270.07		 140530275		1315.00
8342	1667512904	3600		270.23		 145837245		1325.00
8342	1667516504	3600		270.20		 143540517		1327.00
8342	1667520104	3600		270.24		 144908810		1325.00
8342	1667523704	3600		270.14		 142916344		1317.00
8342	1667527304	3600		269.72		 131419369		1319.00
8342	1667530904	3600		269.46		 122912616		1304.00
8342	1667534504	3600		269.18		 113606377		1306.00
8342	1667538104	3600		268.93		 104944766		1295.00
8342	1667540588	2484		268.40		  87701902		1303.00
8343	1667541788	1200		265.49		  87701902		-999.00
8344	1667545388	3600		265.06		  87701902		-999.00
8345	1667548988	3600		261.20		  87701902		-999.00
8346	1667552588	3600		265.43		  87701902		-999.00
8347	1667556188	3600		261.56		  87701902		-999.00
8348	1667559788	3600		265.44		  87701902		-999.00
8349	1667563388	3600		265.68		  87701902		-999.00
8350	1667566988	3600		261.53		  87701902		-999.00
8351	1667570588	3600		261.19		  87701902		-999.00
8352	1667574188	3600		261.23		  87701902		-999.00
8353	1667577788	3600		261.21		  87701902		-999.00
8354	1667581388	3600		261.21		  87701902		-999.00
8355	1667584988	3600		261.20		  87701902		-999.00
8356	1667588588	3600		261.11		  87701902		-999.00
8357	1667592188	3600		261.25		  87701902		-999.00
8358	1667540588	-51600		261.35		  87701902		-999.00
8345	1667596617	1200		268.71		 101095783		1302.00
8345	1667600217	3600		270.16		 141471158		1335.00
8345	1667603817	3600		270.14		 142182518		1325.00
8345	1667607417	3600		270.20		 142975748		1338.00
8345	1667611017	3600		270.03		 140703899		1311.00
8345	1667614617	3600		270.04		 137067160		1331.00
8345	1667616422	1805		269.93		 134817704		1329.00
8346	1667617622	1200		265.40		 134817704		-999.00
8347	1667621222	3600		265.68		 134817704		-999.00
8348	1667624822	3600		265.72		 134817704		-999.00
8349	1667628422	3600		261.07		 134817704		-999.00
8350	1667632022	3600		261.22		 134817704		-999.00
8351	1667616422	-15600		261.89		 134817704		-999.00
8347	1667634638	1200		268.72		  96500519		1318.00
8347	1667638238	3600		270.08		 138973266		1337.00
8347	1667641838	3600		270.18		 142276987		1338.00
8347	1667645438	3600		270.09		 140587444		1330.00
8347	1667649038	3600		270.16		 141638415		1336.00
8347	1667652638	3600		270.03		 138467074		1334.00
8347	1667656238	3600		269.67		 128230919		1316.00
8347	1667659838	3600		269.36		 117714523		1322.00
8347	1667663438	3600		268.60		 104172167		1248.00
8347	1667663961	523		268.40		  93573833		1289.00
8348	1667665161	1200		257.23		  93573833		-999.00
8349	1667668761	3600		255.68		  93573833		-999.00
8350	1667672361	3600		255.59		  93573833		-999.00
8351	1667675961	3600		255.72		  93573833		-999.00
8352	1667679561	3600		255.75		  93573833		-999.00
8353	1667683161	3600		255.84		  93573833		-999.00
8354	1667686761	3600		255.78		  93573833		-999.00
8355	1667690361	3600		255.84		  93573833		-999.00
8356	1667693961	3600		255.83		  93573833		-999.00
8357	1667697561	3600		255.77		  93573833		-999.00
8358	1667701161	3600		255.82		  93573833		-999.00
8359	1667704761	3600		255.89		  93573833		-999.00
8360	1667708361	3600		255.83		  93573833		-999.00
8361	1667711961	3600		255.78		  93573833		-999.00
8362	1667715561	3600		255.80		  93573833		-999.00
8363	1667719161	3600		255.89		  93573833		-999.00
8364	1667722761	3600		255.88		  93573833		-999.00
8365	1667726361	3600		255.82		  93573833		-999.00
8366	1667729961	3600		255.96		  93573833		-999.00
8367	1667733561	3600		255.85		  93573833		-999.00
8368	1667737161	3600		255.70		  93573833		-999.00
8369	1667740761	3600		255.85		  93573833		-999.00
8370	1667744361	3600		256.02		  93573833		-999.00
8371	1667747961	3600		255.75		  93573833		-999.00
8372	1667751561	3600		255.72		  93573833		-999.00
8373	1667755161	3600		255.96		  93573833		-999.00
8374	1667758761	3600		255.83		  93573833		-999.00
8375	1667762361	3600		255.64		  93573833		-999.00
8376	1667765961	3600		255.88		  93573833		-999.00
8377	1667769561	3600		255.81		  93573833		-999.00
8378	1667773161	3600		255.70		  93573833		-999.00
8379	1667776761	3600		255.84		  93573833		-999.00
8380	1667780361	3600		255.79		  93573833		-999.00
8381	1667783961	3600		255.77		  93573833		-999.00
8382	1667787561	3600		255.69		  93573833		-999.00
8383	1667791161	3600		255.99		  93573833		-999.00
8384	1667794761	3600		255.83		  93573833		-999.00
8385	1667798361	3600		255.78		  93573833		-999.00
8386	1667801961	3600		255.87		  93573833		-999.00
8387	1667805561	3600		255.83		  93573833		-999.00
8388	1667809161	3600		255.81		  93573833		-999.00
8389	1667812761	3600		255.67		  93573833		-999.00
8390	1667816361	3600		255.89		  93573833		-999.00
8391	1667819961	3600		255.77		  93573833		-999.00
8392	1667823561	3600		255.85		  93573833		-999.00
8393	1667827161	3600		255.82		  93573833		-999.00
8394	1667830761	3600		255.65		  93573833		-999.00
8395	1667834361	3600		255.77		  93573833		-999.00
8396	1667837961	3600		255.88		  93573833		-999.00
8397	1667841561	3600		255.70		  93573833		-999.00
8398	1667845161	3600		255.68		  93573833		-999.00
8399	1667848761	3600		255.97		  93573833		-999.00
8400	1667852361	3600		255.67		  93573833		-999.00
8401	1667855961	3600		255.68		  93573833		-999.00
8402	1667859561	3600		255.98		  93573833		-999.00
8403	1667863161	3600		255.81		  93573833		-999.00
8404	1667866761	3600		255.70		  93573833		-999.00
8405	1667870361	3600		255.89		  93573833		-999.00
8406	1667873961	3600		255.87		  93573833		-999.00
8407	1667877561	3600		255.73		  93573833		-999.00
8408	1667881161	3600		255.95		  93573833		-999.00
8409	1667884761	3600		255.75		  93573833		-999.00
8410	1667888361	3600		255.72		  93573833		-999.00
8411	1667891961	3600		255.94		  93573833		-999.00
8412	1667895561	3600		255.64		  93573833		-999.00
8413	1667899161	3600		255.78		  93573833		-999.00
8414	1667902761	3600		255.73		  93573833		-999.00
8415	1667906361	3600		255.68		  93573833		-999.00
8416	1667909961	3600		255.76		  93573833		-999.00
8417	1667913561	3600		255.87		  93573833		-999.00
8418	1667917161	3600		255.79		  93573833		-999.00
8419	1667920761	3600		255.97		  93573833		-999.00
8420	1667924361	3600		255.81		  93573833		-999.00
8421	1667927961	3600		255.86		  93573833		-999.00
8422	1667931561	3600		255.85		  93573833		-999.00
8423	1667935161	3600		255.75		  93573833		-999.00
8424	1667938761	3600		255.79		  93573833		-999.00
8425	1667942361	3600		255.86		  93573833		-999.00
8426	1667945961	3600		255.68		  93573833		-999.00
8427	1667949561	3600		255.88		  93573833		-999.00
8428	1667953161	3600		255.87		  93573833		-999.00
8429	1667956761	3600		255.70		  93573833		-999.00
8430	1667960361	3600		255.97		  93573833		-999.00
8431	1667963961	3600		255.71		  93573833		-999.00
8432	1667967561	3600		255.70		  93573833		-999.00
8433	1667971161	3600		255.83		  93573833		-999.00
8434	1667974761	3600		255.72		  93573833		-999.00
8435	1667978361	3600		261.42		  93573833		-999.00
8436	1667981961	3600		261.23		  93573833		-999.00
8437	1667985561	3600		261.29		  93573833		-999.00
8438	1667989161	3600		261.20		  93573833		-999.00
8439	1667992761	3600		261.27		  93573833		-999.00
8440	1667996361	3600		261.32		  93573833		-999.00
8441	1667999961	3600		261.31		  93573833		-999.00
8442	1668003561	3600		261.32		  93573833		-999.00
8443	1668007161	3600		261.28		  93573833		-999.00
8444	1668010761	3600		261.31		  93573833		-999.00
8445	1668014361	3600		261.31		  93573833		-999.00
8446	1668017961	3600		261.32		  93573833		-999.00
8447	1668021561	3600		261.31		  93573833		-999.00
8448	1668025161	3600		261.31		  93573833		-999.00
8449	1668028761	3600		261.22		  93573833		-999.00
8450	1668032361	3600		261.30		  93573833		-999.00
8451	1667663961	-368400		261.39		  93573833		-999.00
8379	1668036350	1200		265.30		     45994		1212.00
8379	1668039950	3600		265.46		     44842		1235.00
8379	1668043550	3600		265.46		     44977		1223.00
8379	1668047150	3600		265.46		     45433		1224.00
8379	1668050750	3600		265.41		     37584		1220.00
8379	1668054350	3600		265.45		     37872		1231.00
8379	1668057950	3600		265.45		     37230		1222.00
8379	1668061550	3600		265.29		     37347		1195.00
8379	1668065150	3600		265.44		     46846		1219.00
8379	1668068750	3600		265.44		     46920		1216.00
8379	1668072350	3600		265.28		     47848		1204.00
8379	1668075950	3600		265.44		     47441		1213.00
8379	1668079550	3600		265.47		     48314		1212.00
8379	1668083150	3600		265.28		     48166		1196.00
8379	1668086750	3600		265.44		     48745		1215.00
8379	1668090350	3600		265.44		     48789		1217.00
8379	1668093950	3600		265.47		     49521		1210.00
8379	1668095276	1326		265.47		     49677		1212.00
8380	1668096476	1200		261.11		     49677		-999.00
8381	1668100076	3600		261.29		     49677		-999.00
8382	1668103676	3600		261.15		     49677		-999.00
8383	1668095276	-8400		261.70		     49677		-999.00
8381	1668106308	1200		265.32		    133971		1197.00
8381	1668109908	3600		265.42		    134217		1176.00
8381	1668113508	3600		265.42		    133043		1221.00
8381	1668117108	3600		265.49		    133980		1223.00
8381	1668120708	3600		265.40		     87200		1209.00
8381	1668124308	3600		265.60		     55945		1269.00
8381	1668127908	3600		265.47		     55634		1219.00
8381	1668131508	3600		265.34		    120967		1211.00
8381	1668135108	3600		265.46		    138496		1220.00
8381	1668138708	3600		265.46		    140150		1217.00
8381	1668142308	3600		265.46		    140941		1220.00
8381	1668145908	3600		265.46		    141087		1185.00
8381	1668149508	3600		265.76		     77270		1267.00
8381	1668153108	3600		265.45		     78437		1202.00
8381	1668156708	3600		265.12		     63812		1150.00
8381	1668160308	3600		265.79		     50968		1288.00
8381	1668163908	3600		265.85		     66306		1287.00
8381	1668167508	3600		265.43		     88309		1209.00
8381	1668171108	3600		265.28		    140638		1176.00
8381	1668174708	3600		265.47		    140986		1206.00
8381	1668178308	3600		265.56		    142531		1217.00
8381	1668181908	3600		265.33		    141276		1196.00
8381	1668185508	3600		265.45		    141153		1208.00
8381	1668189108	3600		265.46		    140094		1201.00
8381	1668189727	619		265.46		    142587		1208.00
8382	1668190927	1200		261.42		    142587		-999.00
8383	1668194527	3600		261.30		    142587		-999.00
8384	1668198127	3600		261.30		    142587		-999.00
8385	1668189727	-8400		261.59		    142587		-999.00
8383	1668202010	1200		266.32		  28147929		1226.00
8383	1668205610	3600		266.32		  27958005		1228.00
8383	1668209060	3450		266.36		  28114506		1228.00
8384	1668210260	1200		265.75		  28114506		-999.00
8385	1668213860	3600		261.21		  28114506		-999.00
8386	1668217460	3600		261.19		  28114506		-999.00
8387	1668209060	-8400		261.40		  28114506		-999.00
8385	1668219996	1200		268.59		  99822096		1273.00
8385	1668223596	3600		268.62		  95381443		1281.00
8385	1668227196	3600		267.75		  80830394		1199.00
8385	1668230796	3600		266.09		  13258279		1286.00
8385	1668234396	3600		268.85		 104905850		1289.00
8385	1668237996	3600		269.04		 108964231		1295.00
8385	1668241596	3600		269.01		 107854186		1305.00
8385	1668245196	3600		268.92		 104875246		1291.00
8385	1668248796	3600		268.69		  97425210		1290.00
8385	1668252396	3600		268.46		  90672035		1291.00
8385	1668255996	3600		268.20		  84526955		1283.00
8385	1668259596	3600		268.03		  78856432		1278.00
8385	1668262158	2562		267.60		  68235321		1263.00
8386	1668263358	1200		260.81		  68235321		-999.00
8387	1668266958	3600		261.19		  68235321		-999.00
8388	1668270558	3600		261.19		  68235321		-999.00
8389	1668262158	-8400		261.17		  68235321		-999.00
8387	1668273044	1200		269.08		 108326694		1324.00
8387	1668276644	3600		270.15		 141290658		1334.00
8387	1668280244	3600		270.23		 142972870		1340.00
8387	1668283844	3600		270.21		 143405258		1339.00
8387	1668287444	3600		270.16		 143265055		1336.00
8387	1668291044	3600		270.31		 145756909		1348.00
8387	1668294644	3600		270.02		 139894381		1332.00
8387	1668298244	3600		269.73		 130080141		1330.00
8387	1668301844	3600		269.35		 118895703		1325.00
8387	1668305444	3600		269.13		 111361232		1313.00
8387	1668309044	3600		268.87		 102724830		1311.00
8387	1668312644	3600		268.42		  88976744		1306.00
8387	1668316244	3600		268.28		  84461942		1306.00
8387	1668319844	3600		268.08		  78740233		1301.00
8387	1668323444	3600		267.91		  74445022		1299.00
8387	1668326876	3432		267.68		  69762446		1293.00
8388	1668328076	1200		261.06		  69762446		-999.00
8389	1668331676	3600		261.24		  69762446		-999.00
8390	1668335276	3600		261.56		  69762446		-999.00
8391	1668338876	3600		261.09		  69762446		-999.00
8392	1668342476	3600		261.22		  69762446		-999.00
8393	1668326876	-15600		261.09		  69762446		-999.00
8389	1668346545	1200		269.02		 107833685		1339.00
8389	1668350145	3600		270.08		 141326247		1349.00
8389	1668353745	3600		269.88		 143776324		1253.00
8389	1668356676	2931		270.16		 144072419		1354.00
8390	1668357876	1200		265.31		 144072419		-999.00
8391	1668361476	3600		265.54		 144072419		-999.00
8392	1668365076	3600		265.68		 144072419		-999.00
8393	1668368676	3600		265.72		 144072419		-999.00
8394	1668372276	3600		265.72		 144072419		-999.00
8395	1668375876	3600		265.73		 144072419		-999.00
8396	1668379476	3600		265.74		 144072419		-999.00
8397	1668383076	3600		265.74		 144072419		-999.00
8398	1668386676	3600		265.74		 144072419		-999.00
8399	1668390276	3600		265.74		 144072419		-999.00
8400	1668393876	3600		265.74		 144072419		-999.00
8401	1668397476	3600		265.74		 144072419		-999.00
8402	1668401076	3600		265.74		 144072419		-999.00
8403	1668404676	3600		261.22		 144072419		-999.00
8404	1668408276	3600		261.31		 144072419		-999.00
8405	1668356676	-51600		261.84		 144072419		-999.00
8406	1668412935	1200		265.81		 144072419		-999.00
8407	1668416535	3600		265.28		 144072419		-999.00
8408	1668420135	3600		265.85		 144072419		-999.00
8409	1668423735	3600		265.10		 144072419		-999.00
8410	1668427335	3600		265.75		 144072419		-999.00
8411	1668430935	3600		261.22		 144072419		-999.00
8412	1668434535	3600		261.23		 144072419		-999.00
8413	1668411735	-22800		261.57		 144072419		-999.00
8395	1668439196	1200		268.76		  98276817		1338.00
8395	1668442796	3600		270.17		 142001557		1351.00
8395	1668446396	3600		270.26		 143091589		1359.00
8395	1668449996	3600		270.15		 141851840		1354.00
8395	1668453596	3600		269.66		 143362788		1220.00
8395	1668457196	3600		270.17		 141890493		1356.00
8395	1668460796	3600		269.75		 133873350		1334.00
8395	1668464396	3600		269.42		 124303009		1328.00
8395	1668467996	3600		269.26		 115673426		1331.00
8395	1668471596	3600		268.99		 106623669		1328.00
8395	1668475196	3600		268.76		 100199413		1326.00
8395	1668478796	3600		268.52		  93462559		1319.00
8395	1668482396	3600		268.36		  89088716		1317.00
8395	1668485996	3600		268.05		  81425401		1304.00
8395	1668487150	1154		267.53		  65355493		1304.00
8396	1668488350	1200		261.16		  65355493		-999.00
8397	1668491950	3600		260.99		  65355493		-999.00
8398	1668495550	3600		261.26		  65355493		-999.00
8399	1668499150	3600		261.26		  65355493		-999.00
8400	1668502750	3600		261.26		  65355493		-999.00
8401	1668506350	3600		261.25		  65355493		-999.00
8402	1668487150	-19200		261.28		  65355493		-999.00
8398	1668507721	1200		269.71		 137809584		1331.00
8398	1668511321	3600		270.32		 146599270		1371.00
8398	1668514921	3600		270.18		 144224405		1359.00
8398	1668518521	3600		270.20		 143508684		1375.00
8398	1668522121	3600		270.23		 144713238		1358.00
8398	1668525721	3600		270.08		 139509481		1367.00
8398	1668529321	3600		269.75		 131023897		1354.00
8398	1668532921	3600		269.37		 119641415		1356.00
8398	1668536521	3600		269.08		 109988121		1343.00
8398	1668540121	3600		268.84		 101980027		1338.00
8398	1668543721	3600		268.58		  94735935		1331.00
8398	1668547113	3392		268.44		  89980503		1329.00
8399	1668548313	1200		265.12		  89980503		-999.00
8400	1668551913	3600		261.25		  89980503		-999.00
8401	1668555513	3600		261.25		  89980503		-999.00
8402	1668547113	-8400		261.74		  89980503		-999.00
8399	1668559005	1200		268.86		 102175737		1357.00
8399	1668562605	3600		269.94		 139771527		1362.00
8399	1668566205	3600		270.02		 140473067		1366.00
8399	1668569805	3600		270.14		 142060884		1382.00
8399	1668573405	3600		270.15		 142466249		1378.00
8399	1668577005	3600		270.11		 141252536		1380.00
8399	1668580605	3600		270.06		 139678710		1381.00
8399	1668584205	3600		269.78		 130091197		1369.00
8399	1668585618	1413		269.54		 123672182		1366.00
8400	1668586818	1200		265.37		 123672182		-999.00
8401	1668590418	3600		265.44		 123672182		-999.00
8402	1668594018	3600		265.66		 123672182		-999.00
8403	1668597618	3600		261.23		 123672182		-999.00
8404	1668585618	-12000		261.83		 123672182		-999.00
8401	1668602285	1200		269.09		 109170240		1378.00
8401	1668605885	3600		270.14		 140460086		1386.00
8401	1668609485	3600		270.14		 141567351		1379.00
8401	1668613085	3600		270.13		 140115086		1393.00
8401	1668616685	3600		270.09		 140033780		1385.00
8401	1668620285	3600		269.95		 141265124		1374.00
8401	1668623885	3600		269.98		 139412458		1381.00
8401	1668627485	3600		269.68		 128121731		1381.00
8401	1668631085	3600		269.40		 120165070		1376.00
8401	1668634685	3600		269.13		 111151688		1369.00
8401	1668638285	3600		268.88		 104096639		1356.00
8401	1668640282	1997		268.32		  85661162		1359.00
8402	1668641482	1200		265.61		  85661162		-999.00
8403	1668645082	3600		261.24		  85661162		-999.00
8404	1668640282	-4800		261.37		  85661162		-999.00
8402	1668649282	1200		269.13		 109426130		1377.00
8402	1668652882	3600		270.07		 141395952		1386.00
8402	1668656482	3600		270.03		 140338020		1389.00
8402	1668660082	3600		270.18		 142667974		1403.00
8402	1668663682	3600		270.12		 142380246		1389.00
8402	1668667282	3600		270.18		 142364048		1406.00
8402	1668670882	3600		270.08		 140950710		1394.00
8402	1668674482	3600		269.83		 131751519		1392.00
8402	1668676916	2434		269.23		 111897294		1392.00
8403	1668678116	1200		261.18		 111897294		-999.00
8404	1668681716	3600		261.24		 111897294		-999.00
8405	1668685316	3600		261.27		 111897294		-999.00
8406	1668688916	3600		261.25		 111897294		-999.00
8407	1668692516	3600		261.24		 111897294		-999.00
8408	1668696116	3600		261.25		 111897294		-999.00
8409	1668699716	3600		261.18		 111897294		-999.00
8410	1668703316	3600		261.04		 111897294		-999.00
8411	1668706916	3600		261.26		 111897294		-999.00
8412	1668710516	3600		261.22		 111897294		-999.00
8413	1668714116	3600		261.21		 111897294		-999.00
8414	1668717716	3600		261.25		 111897294		-999.00
8415	1668721316	3600		261.25		 111897294		-999.00
8416	1668724916	3600		261.25		 111897294		-999.00
8417	1668728516	3600		261.22		 111897294		-999.00
8418	1668732116	3600		261.25		 111897294		-999.00
8419	1668735716	3600		261.24		 111897294		-999.00
8420	1668739316	3600		261.19		 111897294		-999.00
8421	1668742916	3600		261.22		 111897294		-999.00
8422	1668746516	3600		265.81		 111897294		-999.00
8423	1668750116	3600		265.77		 111897294		-999.00
8424	1668753716	3600		265.75		 111897294		-999.00
8425	1668757316	3600		265.74		 111897294		-999.00
8426	1668760916	3600		265.85		 111897294		-999.00
8427	1668764516	3600		265.83		 111897294		-999.00
8428	1668768116	3600		265.79		 111897294		-999.00
8429	1668771716	3600		261.19		 111897294		-999.00
8430	1668775316	3600		261.22		 111897294		-999.00
8431	1668778916	3600		261.15		 111897294		-999.00
8432	1668782516	3600		261.21		 111897294		-999.00
8433	1668676916	-105600		261.32		 111897294		-999.00
8412	1668783861	1200		265.57		         0		1347.00
8412	1668787461	3600		265.81		         0		1373.00
8412	1668791061	3600		265.81		         0		1373.00
8412	1668791849	788		261.35		         0		 22.50
8413	1668793049	1200		261.18		         0		-999.00
8414	1668796649	3600		261.26		         0		-999.00
8415	1668800249	3600		261.24		         0		-999.00
8416	1668803849	3600		261.24		         0		-999.00
8417	1668791849	-12000		261.11		         0		-999.00
8413	1668807408	1200		265.68		         0		1355.00
8413	1668811008	3600		265.85		         0		1374.00
8413	1668814608	3600		265.84		         0		1367.00
8413	1668818208	3600		265.87		         0		1371.00
8413	1668821808	3600		265.83		         0		1366.00
8413	1668825408	3600		265.82		         0		1363.00
8413	1668829008	3600		265.85		         0		1363.00
8413	1668832608	3600		265.85		         0		1357.00
8413	1668836208	3600		265.75		         0		1354.00
8413	1668839491	3283		265.79		         0		1350.00
8414	1668840691	1200		261.25		         0		-999.00
8415	1668844291	3600		261.28		         0		-999.00
8416	1668847891	3600		261.27		         0		-999.00
8417	1668851491	3600		261.27		         0		-999.00
8418	1668855091	3600		261.27		         0		-999.00
8419	1668858691	3600		261.27		         0		-999.00
8420	1668862291	3600		261.16		         0		-999.00
8421	1668865891	3600		261.27		         0		-999.00
8422	1668869491	3600		261.22		         0		-999.00
8423	1668873091	3600		261.23		         0		-999.00
8424	1668876691	3600		261.24		         0		-999.00
8425	1668880291	3600		261.23		         0		-999.00
8426	1668883891	3600		261.27		         0		-999.00
8427	1668887491	3600		261.28		         0		-999.00
8428	1668891091	3600		261.19		         0		-999.00
8429	1668894691	3600		261.22		         0		-999.00
8430	1668898291	3600		261.22		         0		-999.00
8431	1668901891	3600		261.22		         0		-999.00
8432	1668905491	3600		261.22		         0		-999.00
8433	1668909091	3600		261.24		         0		-999.00
8434	1668912691	3600		261.22		         0		-999.00
8435	1668916291	3600		261.25		         0		-999.00
8436	1668919891	3600		261.25		         0		-999.00
8437	1668923491	3600		261.25		         0		-999.00
8438	1668927091	3600		261.24		         0		-999.00
8439	1668930691	3600		261.25		         0		-999.00
8440	1668934291	3600		261.28		         0		-999.00
8441	1668937891	3600		261.28		         0		-999.00
8442	1668941491	3600		261.26		         0		-999.00
8443	1668945091	3600		261.25		         0		-999.00
8444	1668948691	3600		261.28		         0		-999.00
8445	1668952291	3600		261.24		         0		-999.00
8446	1668955891	3600		261.24		         0		-999.00
8447	1668959491	3600		261.24		         0		-999.00
8448	1668963091	3600		261.24		         0		-999.00
8449	1668966691	3600		261.25		         0		-999.00
8450	1668970291	3600		261.18		         0		-999.00
8451	1668973891	3600		261.22		         0		-999.00
8452	1668977491	3600		261.27		         0		-999.00
8453	1668981091	3600		261.27		         0		-999.00
8454	1668984691	3600		261.21		         0		-999.00
8455	1668988291	3600		261.21		         0		-999.00
8456	1668991891	3600		261.25		         0		-999.00
8457	1668995491	3600		261.25		         0		-999.00
8458	1668999091	3600		261.25		         0		-999.00
8459	1669002691	3600		261.25		         0		-999.00
8460	1669006291	3600		261.25		         0		-999.00
8461	1669009891	3600		261.25		         0		-999.00
8462	1669013491	3600		261.25		         0		-999.00
8463	1669017091	3600		261.25		         0		-999.00
8464	1669020691	3600		261.26		         0		-999.00
8465	1669024291	3600		261.28		         0		-999.00
8466	1668839491	-184800		261.30		         0		-999.00
8456	1669027950	1200		269.90		 159711033		1233.00
8456	1669031550	3600		270.05		 140522194		1383.00
8456	1669035150	3600		271.21		 172616060		1422.00
8456	1669038750	3600		270.84		 170606125		1375.00
8456	1669042350	3600		270.14		 141046002		1399.00
8456	1669045950	3600		270.17		 142189593		1396.00
8456	1669049550	3600		270.13		 140633215		1393.00
8456	1669053150	3600		269.97		 135467065		1391.00
8456	1669056750	3600		269.56		 125665782		1381.00
8456	1669060350	3600		269.30		 116830163		1372.00
8456	1669063950	3600		269.07		 109243213		1374.00
8456	1669067550	3600		268.80		 101270589		1364.00
8456	1669069541	1991		268.68		  97488888		1364.00
8457	1669070741	1200		265.55		  97488888		-999.00
8458	1669074341	3600		261.03		  97488888		-999.00
8459	1669077941	3600		261.10		  97488888		-999.00
8460	1669081541	3600		261.25		  97488888		-999.00
8461	1669085141	3600		261.25		  97488888		-999.00
8462	1669088741	3600		255.90		  97488888		-999.00
8463	1669092341	3600		255.54		  97488888		-999.00
8464	1669095941	3600		255.68		  97488888		-999.00
8465	1669099541	3600		255.81		  97488888		-999.00
8466	1669103141	3600		255.72		  97488888		-999.00
8467	1669106741	3600		255.80		  97488888		-999.00
8468	1669110341	3600		255.94		  97488888		-999.00
8469	1669113941	3600		255.93		  97488888		-999.00
8470	1669117541	3600		255.62		  97488888		-999.00
8471	1669121141	3600		255.72		  97488888		-999.00
8472	1669124741	3600		255.84		  97488888		-999.00
8473	1669128341	3600		255.73		  97488888		-999.00
8474	1669131941	3600		255.68		  97488888		-999.00
8475	1669135541	3600		255.84		  97488888		-999.00
8476	1669139141	3600		255.82		  97488888		-999.00
8477	1669142741	3600		255.71		  97488888		-999.00
8478	1669146341	3600		255.80		  97488888		-999.00
8479	1669149941	3600		255.81		  97488888		-999.00
8480	1669153541	3600		255.84		  97488888		-999.00
8481	1669157141	3600		255.99		  97488888		-999.00
8482	1669160741	3600		255.72		  97488888		-999.00
8483	1669164341	3600		255.73		  97488888		-999.00
8484	1669167941	3600		255.76		  97488888		-999.00
8485	1669171541	3600		255.76		  97488888		-999.00
8486	1669175141	3600		255.80		  97488888		-999.00
8487	1669178741	3600		255.99		  97488888		-999.00
8488	1669182341	3600		255.70		  97488888		-999.00
8489	1669185941	3600		260.43		  97488888		-999.00
8490	1669189541	3600		265.37		  97488888		-999.00
8491	1669193141	3600		261.44		  97488888		-999.00
8492	1669196741	3600		265.56		  97488888		-999.00
8493	1669200341	3600		265.72		  97488888		-999.00
8494	1669203941	3600		261.16		  97488888		-999.00
8495	1669207541	3600		261.26		  97488888		-999.00
8496	1669211141	3600		261.20		  97488888		-999.00
8497	1669214741	3600		261.24		  97488888		-999.00
8498	1669218341	3600		261.17		  97488888		-999.00
8499	1669221941	3600		261.26		  97488888		-999.00
8500	1669225541	3600		261.26		  97488888		-999.00
8501	1669229141	3600		261.08		  97488888		-999.00
8502	1669232741	3600		261.18		  97488888		-999.00
8503	1669069541	-163200		261.76		  97488888		-999.00
8471	1669234735	1200		269.36		 118978442		1391.00
8471	1669237837	3102		270.08		 140395056		1404.00
8472	1669239037	1200		265.56		 140395056		-999.00
8473	1669242637	3600		265.83		 140395056		-999.00
8474	1669246237	3600		265.83		 140395056		-999.00
8475	1669249837	3600		265.83		 140395056		-999.00
8476	1669253437	3600		261.44		 140395056		-999.00
8477	1669257037	3600		261.14		 140395056		-999.00
8478	1669260637	3600		261.24		 140395056		-999.00
8479	1669264237	3600		261.24		 140395056		-999.00
8480	1669267837	3600		261.25		 140395056		-999.00
8481	1669237837	-30000		261.91		 140395056		-999.00
8474	1669269085	1200		269.35		 122485272		1371.00
8474	1669272685	3600		270.49		 150785679		1417.00
8474	1669276285	3600		270.76		 158309363		1425.00
8474	1669279885	3600		270.69		 157463161		1418.00
8474	1669283485	3600		270.74		 158536952		1427.00
8474	1669287085	3600		270.68		 157877721		1417.00
8474	1669290685	3600		270.37		 148703602		1415.00
8474	1669294285	3600		269.79		 133804921		1398.00
8474	1669296834	2549		269.26		 115857489		1394.00
8475	1669298034	1200		261.08		 115857489		-999.00
8476	1669301634	3600		261.44		 115857489		-999.00
8477	1669305234	3600		261.29		 115857489		-999.00
8478	1669308834	3600		261.02		 115857489		-999.00
8479	1669312434	3600		261.25		 115857489		-999.00
8480	1669316034	3600		261.25		 115857489		-999.00
8481	1669296834	-19200		261.18		 115857489		-999.00
8479	1669320799	1200		265.59		    142804		1335.00
8479	1669324399	3600		265.43		    176055		1292.00
8479	1669327418	3019		265.25		    135355		1270.00
8480	1669328618	1200		261.06		    135355		-999.00
8481	1669332218	3600		261.25		    135355		-999.00
8482	1669335818	3600		261.18		    135355		-999.00
8483	1669339418	3600		261.26		    135355		-999.00
8484	1669343018	3600		261.25		    135355		-999.00
8485	1669346618	3600		261.19		    135355		-999.00
8486	1669350218	3600		261.24		    135355		-999.00
8487	1669353818	3600		261.26		    135355		-999.00
8488	1669357418	3600		261.26		    135355		-999.00
8489	1669327418	-30000		261.26		    135355		-999.00
8484	1669360340	1200		268.89		 103306837		1395.00
8484	1669363940	3600		270.04		 138805290		1422.00
8484	1669367540	3600		270.24		 144708171		1418.00
8484	1669371140	3600		270.33		 147855689		1421.00
8484	1669374740	3600		270.19		 141985511		1422.00
8484	1669378340	3600		270.14		 143110994		1409.00
8484	1669380582	2242		269.92		 134606202		1410.00
8485	1669381782	1200		265.21		 134606202		-999.00
8486	1669385382	3600		265.74		 134606202		-999.00
8487	1669388982	3600		265.27		 134606202		-999.00
8488	1669392582	3600		265.75		 134606202		-999.00
8489	1669396182	3600		261.29		 134606202		-999.00
8490	1669399782	3600		261.27		 134606202		-999.00
8491	1669403382	3600		261.26		 134606202		-999.00
8492	1669406982	3600		261.26		 134606202		-999.00
8493	1669410582	3600		261.22		 134606202		-999.00
8494	1669414182	3600		261.06		 134606202		-999.00
8495	1669417782	3600		261.25		 134606202		-999.00
8496	1669380582	-37200		261.88		 134606202		-999.00
8489	1669420850	1200		269.09		 107284178		1412.00
8489	1669424450	3600		270.00		 137447528		1417.00
8489	1669428050	3600		270.02		 139794858		1410.00
8489	1669431650	3600		270.04		 137994377		1413.00
8489	1669435250	3600		270.07		 139007605		1424.00
8489	1669438850	3600		270.02		 137401320		1422.00
8489	1669442450	3600		269.98		 135948640		1415.00
8489	1669446050	3600		269.66		 128026974		1412.00
8489	1669449650	3600		269.39		 117635981		1409.00
8489	1669453250	3600		269.08		 109957686		1404.00
8489	1669456850	3600		268.84		 101687379		1396.00
8489	1669460450	3600		268.62		  95244457		1393.00
8489	1669464050	3600		268.42		  88743840		1388.00
8489	1669467650	3600		268.27		  83758967		1379.00
8489	1669471250	3600		268.09		  78765191		1378.00
8489	1669474850	3600		267.75		  72664494		1355.00
8489	1669477106	2256		267.66		  64763517		1370.00
8490	1669478306	1200		261.24		  64763517		-999.00
8491	1669481906	3600		261.18		  64763517		-999.00
8492	1669485506	3600		261.26		  64763517		-999.00
8493	1669489106	3600		261.26		  64763517		-999.00
8494	1669492706	3600		261.28		  64763517		-999.00
8495	1669496306	3600		261.28		  64763517		-999.00
8496	1669477106	-19200		261.20		  64763517		-999.00
8491	1669501085	1200		269.18		 111765011		1429.00
8491	1669504685	3600		269.97		 135480539		1432.00
8491	1669508285	3600		269.94		 135830376		1429.00
8491	1669511885	3600		270.06		 138315260		1441.00
8491	1669515485	3600		270.00		 136558725		1436.00
8491	1669519085	3600		270.06		 138464343		1435.00
8491	1669522685	3600		270.06		 138424770		1441.00
8491	1669526285	3600		269.91		 135803606		1425.00
8491	1669529885	3600		269.53		 123280087		1428.00
8491	1669532087	2202		269.38		 118380495		1425.00
8492	1669533287	1200		261.41		 118380495		-999.00
8493	1669536887	3600		265.58		 118380495		-999.00
8494	1669540487	3600		265.74		 118380495		-999.00
8495	1669544087	3600		265.74		 118380495		-999.00
8496	1669547687	3600		261.20		 118380495		-999.00
8497	1669551287	3600		261.28		 118380495		-999.00
8498	1669554887	3600		261.25		 118380495		-999.00
8499	1669558487	3600		261.26		 118380495		-999.00
8500	1669562087	3600		261.32		 118380495		-999.00
8501	1669565687	3600		261.25		 118380495		-999.00
8502	1669569287	3600		261.28		 118380495		-999.00
8503	1669572887	3600		261.20		 118380495		-999.00
8504	1669576487	3600		261.28		 118380495		-999.00
8505	1669580087	3600		261.25		 118380495		-999.00
8506	1669532087	-48000		261.42		 118380495		-999.00
8496	1669584842	1200		268.91		 103593739		1432.00
8496	1669588442	3600		270.09		 139097225		1443.00
8496	1669592042	3600		270.02		 139089132		1434.00
8496	1669595642	3600		270.00		 137460880		1448.00
8496	1669599242	3600		270.06		 139333837		1445.00
8496	1669602842	3600		269.99		 136837906		1446.00
8496	1669606442	3600		269.64		 126533092		1437.00
8496	1669608061	1619		268.67		 101230955		1404.00
8540	1680760761	1200		265.51		       230		1152.00
8540	1680764361	3600		265.59		       215		1167.00
8540	1680766373	2012		265.64		       201		1165.00
8541	1680767573	1200		261.12		       201		-999.00
8542	1680766373	-1200		261.16		       201		-999.00
8541	1680772290	1200		265.46		       249		1146.00
8541	1680775890	3600		265.66		       217		1164.00
8541	1680776563	673		265.62		       205		1165.00
8542	1680777763	1200		265.62		       205		-999.00
8543	1680781363	3600		265.54		       205		-999.00
8544	1680784963	3600		261.23		       205		-999.00
8545	1680776563	-8400		261.66		       205		-999.00
8542	1680787504	1200		265.44		       185		1146.00
8542	1680791104	3600		265.60		       181		1155.00
8542	1680793447	2343		265.60		       131		1161.00
8543	1680794647	1200		265.58		       131		-999.00
8544	1680798247	3600		265.65		       131		-999.00
8545	1680801847	3600		261.11		       131		-999.00
8546	1680805447	3600		261.23		       131		-999.00
8547	1680809047	3600		261.23		       131		-999.00
8548	1680812647	3600		261.22		       131		-999.00
8549	1680816247	3600		261.22		       131		-999.00
8550	1680819847	3600		261.22		       131		-999.00
8551	1680823447	3600		267.11		       131		-999.00
8552	1680827047	3600		269.10		       131		-999.00
8553	1680830647	3600		269.65		       131		-999.00
8554	1680834247	3600		270.29		       131		-999.00
8555	1680837847	3600		271.03		       131		-999.00
8556	1680841447	3600		283.51		       131		-999.00
8557	1680845047	3600		256.05		       131		-999.00
8558	1680848647	3600		261.07		       131		-999.00
8559	1680852247	3600		261.24		       131		-999.00
8560	1680855847	3600		261.28		       131		-999.00
8561	1680859447	3600		261.28		       131		-999.00
8562	1680863047	3600		261.25		       131		-999.00
8563	1680793447	-69600		261.47		       131		-999.00
8550	1680867215	1200		265.13		      1036		1081.00
8550	1680870815	3600		265.68		       874		1175.00
8550	1680874415	3600		265.29		       691		1092.00
8550	1680878015	3600		265.65		       565		1173.00
8550	1680881615	3600		265.64		       467		1155.00
8550	1680885215	3600		265.73		       392		1174.00
8550	1680888815	3600		265.65		       332		1161.00
8550	1680892415	3600		265.65		       285		1170.00
8550	1680896015	3600		265.61		       245		1162.00
8550	1680899615	3600		265.65		       215		1169.00
8550	1680902169	2554		265.65		       190		1162.00
8551	1680903369	1200		261.25		       190		-999.00
8552	1680906969	3600		261.26		       190		-999.00
8553	1680910569	3600		261.25		       190		-999.00
8554	1680914169	3600		261.25		       190		-999.00
8555	1680917769	3600		261.25		       190		-999.00
8556	1680921369	3600		261.29		       190		-999.00
8557	1680924969	3600		261.26		       190		-999.00
8558	1680928569	3600		261.27		       190		-999.00
8559	1680932169	3600		261.27		       190		-999.00
8560	1680935769	3600		261.27		       190		-999.00
8561	1680939369	3600		261.27		       190		-999.00
8562	1680942969	3600		261.27		       190		-999.00
8563	1680946569	3600		261.24		       190		-999.00
8564	1680950169	3600		261.31		       190		-999.00
8565	1680953769	3600		261.27		       190		-999.00
8566	1680957369	3600		261.27		       190		-999.00
8567	1680960969	3600		261.27		       190		-999.00
8568	1680964569	3600		261.29		       190		-999.00
8569	1680968169	3600		261.25		       190		-999.00
8570	1680971769	3600		261.29		       190		-999.00
8571	1680975369	3600		261.29		       190		-999.00
8572	1680978969	3600		261.29		       190		-999.00
8573	1680982569	3600		261.30		       190		-999.00
8574	1680986169	3600		261.30		       190		-999.00
8575	1680989769	3600		261.30		       190		-999.00
8576	1680993369	3600		261.30		       190		-999.00
8577	1680996969	3600		261.30		       190		-999.00
8578	1681000569	3600		261.22		       190		-999.00
8579	1681004169	3600		261.26		       190		-999.00
8580	1681007769	3600		261.28		       190		-999.00
8581	1681011369	3600		261.28		       190		-999.00
8582	1681014969	3600		261.23		       190		-999.00
8583	1680902169	-112800		261.35		       190		-999.00
8558	1681017626	1200		265.54		       934		1163.00
8558	1681020073	2447		265.65		       783		1175.00
8559	1681021273	1200		261.12		       783		-999.00
8560	1681020073	-1200		261.65		       783		-999.00
8559	1681025285	1200		265.64		       780		1178.00
8559	1681028885	3600		265.64		       701		1173.00
8559	1681032485	3600		265.64		       535		1168.00
8559	1681036085	3600		265.64		       418		1166.00
8559	1681039685	3600		265.32		       337		1099.00
8559	1681043285	3600		265.62		       277		1157.00
8559	1681045180	1895		265.62		       235		1158.00
8560	1681046380	1200		261.25		       235		-999.00
8561	1681049980	3600		261.23		       235		-999.00
8562	1681053580	3600		261.17		       235		-999.00
8563	1681057180	3600		261.26		       235		-999.00
8564	1681060780	3600		261.27		       235		-999.00
8565	1681064380	3600		261.27		       235		-999.00
8566	1681067980	3600		261.25		       235		-999.00
8567	1681071580	3600		261.21		       235		-999.00
8568	1681075180	3600		261.20		       235		-999.00
8569	1681078780	3600		261.21		       235		-999.00
8570	1681082380	3600		261.24		       235		-999.00
8571	1681085980	3600		261.21		       235		-999.00
8572	1681089580	3600		261.27		       235		-999.00
8573	1681093180	3600		261.15		       235		-999.00
8574	1681096780	3600		261.24		       235		-999.00
8575	1681100380	3600		261.25		       235		-999.00
8576	1681103980	3600		261.28		       235		-999.00
8577	1681107580	3600		261.28		       235		-999.00
8578	1681111180	3600		261.28		       235		-999.00
8579	1681114780	3600		261.26		       235		-999.00
8580	1681118380	3600		261.26		       235		-999.00
8581	1681121980	3600		261.26		       235		-999.00
8582	1681125580	3600		261.26		       235		-999.00
8583	1681129180	3600		261.26		       235		-999.00
8584	1681132780	3600		261.19		       235		-999.00
8585	1681136380	3600		261.23		       235		-999.00
8586	1681139980	3600		261.23		       235		-999.00
8587	1681143580	3600		261.29		       235		-999.00
8588	1681147180	3600		265.63		       235		-999.00
8589	1681150780	3600		261.23		       235		-999.00
8590	1681154380	3600		261.21		       235		-999.00
8591	1681157980	3600		261.21		       235		-999.00
8592	1681161580	3600		261.21		       235		-999.00
8593	1681165180	3600		261.24		       235		-999.00
8594	1681168780	3600		261.27		       235		-999.00
8595	1681172380	3600		261.25		       235		-999.00
8596	1681175980	3600		261.28		       235		-999.00
8597	1681179580	3600		261.24		       235		-999.00
8598	1681183180	3600		261.28		       235		-999.00
8599	1681186780	3600		261.24		       235		-999.00
8600	1681190380	3600		261.28		       235		-999.00
8601	1681193980	3600		261.27		       235		-999.00
8602	1681197580	3600		261.27		       235		-999.00
8603	1681201180	3600		261.23		       235		-999.00
8604	1681204780	3600		261.23		       235		-999.00
8605	1681208380	3600		261.25		       235		-999.00
8606	1681211980	3600		261.25		       235		-999.00
8607	1681215580	3600		261.25		       235		-999.00
8608	1681219180	3600		261.25		       235		-999.00
8609	1681222780	3600		261.25		       235		-999.00
8610	1681226380	3600		261.25		       235		-999.00
8611	1681229980	3600		261.28		       235		-999.00
8612	1681233580	3600		261.28		       235		-999.00
8613	1681237180	3600		261.28		       235		-999.00
8614	1681240780	3600		261.28		       235		-999.00
8615	1681244380	3600		261.28		       235		-999.00
8616	1681247980	3600		261.28		       235		-999.00
8617	1681251580	3600		261.28		       235		-999.00
8618	1681255180	3600		261.28		       235		-999.00
8619	1681258780	3600		261.26		       235		-999.00
8620	1681262380	3600		261.26		       235		-999.00
8621	1681265980	3600		261.26		       235		-999.00
8622	1681269580	3600		261.26		       235		-999.00
8623	1681273180	3600		265.44		       235		-999.00
8624	1681276780	3600		265.65		       235		-999.00
8625	1681280380	3600		265.11		       235		-999.00
8626	1681283980	3600		265.33		       235		-999.00
8627	1681287580	3600		265.66		       235		-999.00
8628	1681291180	3600		265.30		       235		-999.00
8629	1681294780	3600		265.28		       235		-999.00
8630	1681298380	3600		265.60		       235		-999.00
8631	1681301980	3600		265.60		       235		-999.00
8632	1681305580	3600		261.25		       235		-999.00
8633	1681309180	3600		261.25		       235		-999.00
8634	1681312780	3600		261.25		       235		-999.00
8635	1681316380	3600		261.25		       235		-999.00
8636	1681319980	3600		261.25		       235		-999.00
8637	1681323580	3600		261.25		       235		-999.00
8638	1681327180	3600		261.25		       235		-999.00
8639	1681330780	3600		261.25		       235		-999.00
8640	1681334380	3600		261.27		       235		-999.00
8641	1681337980	3600		261.24		       235		-999.00
8642	1681341580	3600		261.23		       235		-999.00
8643	1681345180	3600		261.22		       235		-999.00
8644	1681045180	-300000		261.66		       235		-999.00
8580	1681347095	1200		265.51		         0		1161.00
8580	1681350695	3600		265.66		         0		1167.00
8580	1681354295	3600		265.62		         0		1169.00
8580	1681357895	3600		265.66		         0		1165.00
8580	1681360130	2235		265.62		         0		1165.00
8637	1682090281	1200		265.50		     61561		1147.00
8637	1682093881	3600		264.97		     93272		1020.00
8637	1682097481	3600		265.42		    105627		1137.00
8637	1682101081	3600		265.32		    107496		1088.00
8637	1682104681	3600		265.48		    107059		1142.00
8637	1682108281	3600		265.47		    108260		1132.00
8637	1682111881	3600		265.47		    106485		1137.00
8637	1682115481	3600		265.47		    100443		1130.00
8637	1682116313	832		265.44		     92039		1128.00
8638	1682117513	1200		261.15		     92039		-999.00
8639	1682121113	3600		261.27		     92039		-999.00
8640	1682124713	3600		261.28		     92039		-999.00
8641	1682116313	-8400		261.62		     92039		-999.00
8639	1682128506	1200		265.47		    224847		1137.00
8639	1682132106	3600		265.47		    387918		1137.00
8639	1682135706	3600		265.47		    418251		1132.00
8639	1682139306	3600		265.46		    421453		1129.00
8639	1682142906	3600		265.46		    408368		1130.00
8639	1682146506	3600		265.45		    374848		1135.00
8639	1682150106	3600		265.46		    343014		1166.00
8639	1682153706	3600		265.46		    282839		1134.00
8639	1682157306	3600		265.46		    263221		1131.00
8639	1682160906	3600		265.46		    252558		1131.00
8639	1682164506	3600		265.46		    235146		1129.00
8639	1682168106	3600		261.27		    189211		 11.50
8639	1682169013	907		265.66		         0		1162.00
8640	1682170213	1200		261.13		         0		-999.00
8641	1682173813	3600		261.24		         0		-999.00
8642	1682177413	3600		261.22		         0		-999.00
8643	1682181013	3600		261.23		         0		-999.00
8644	1682184613	3600		261.25		         0		-999.00
8645	1682169013	-15600		261.55		         0		-999.00
8642	1682189336	1200		265.52		   2112445		1139.00
8642	1682192936	3600		265.55		   3070242		1140.00
8642	1682196536	3600		265.54		   3031418		1134.00
8642	1682200136	3600		265.54		   2983010		1137.00
8642	1682203736	3600		265.55		   3090893		1137.00
8642	1682207336	3600		265.55		   3074381		1133.00
8642	1682210936	3600		265.55		   3129194		1133.00
8642	1682214536	3600		265.38		   3099754		1080.00
8642	1682218136	3600		265.53		   2872254		1134.00
8642	1682219904	1768		261.25		   2923926		 11.50
8643	1682221104	1200		261.21		   2923926		-999.00
8644	1682224704	3600		261.21		   2923926		-999.00
8645	1682228304	3600		261.23		   2923926		-999.00
8646	1682231904	3600		261.17		   2923926		-999.00
8647	1682235504	3600		261.22		   2923926		-999.00
8648	1682239104	3600		261.23		   2923926		-999.00
8649	1682242704	3600		261.21		   2923926		-999.00
8650	1682219904	-22800		261.17		   2923926		-999.00
8644	1682244555	1200		265.52		   2243959		1141.00
8644	1682248155	3600		265.58		   3265428		1141.00
8644	1682251755	3600		265.60		   4005008		1136.00
8644	1682255355	3600		265.40		   3987430		1083.00
8644	1682258955	3600		265.58		   3544098		1141.00
8644	1682262555	3600		265.57		   3434748		1134.00
8644	1682266155	3600		265.57		   3203440		1135.00
8644	1682269755	3600		265.57		   2942119		1132.00
8644	1682273355	3600		265.56		   2714207		1129.00
8644	1682276955	3600		265.56		   2524093		1135.00
8644	1682280555	3600		265.51		   2228943		1131.00
8644	1682281515	960		265.51		   2340420		1131.00
8645	1682282715	1200		261.17		   2340420		-999.00
8646	1682286315	3600		261.23		   2340420		-999.00
8647	1682281515	-4800		261.28		   2340420		-999.00
8645	1682290315	1200		265.51		   2056465		1137.00
8645	1682293915	3600		265.54		   3105339		1139.00
8645	1682297515	3600		265.61		   3971942		1139.00
8645	1682301115	3600		265.61		   3986039		1136.00
8645	1682304715	3600		265.60		   3723504		1135.00
8645	1682308315	3600		265.59		   3472283		1135.00
8645	1682311915	3600		265.58		   3198899		1130.00
8645	1682315515	3600		265.53		   2996494		1131.00
8645	1682319115	3600		265.57		   2781693		1130.00
8645	1682322715	3600		265.56		   2605955		1130.00
8645	1682326315	3600		265.52		   2461839		1133.00
8645	1682327485	1170		265.50		   1752193		1135.00
8646	1682328685	1200		261.16		   1752193		-999.00
8647	1682332285	3600		261.26		   1752193		-999.00
8648	1682335885	3600		261.20		   1752193		-999.00
8649	1682339485	3600		261.28		   1752193		-999.00
8650	1682343085	3600		261.26		   1752193		-999.00
8651	1682346685	3600		261.26		   1752193		-999.00
8652	1682350285	3600		261.26		   1752193		-999.00
8653	1682353885	3600		261.26		   1752193		-999.00
8654	1682357485	3600		261.26		   1752193		-999.00
8655	1682361085	3600		261.26		   1752193		-999.00
8656	1682364685	3600		261.26		   1752193		-999.00
8657	1682368285	3600		261.26		   1752193		-999.00
8658	1682371885	3600		261.22		   1752193		-999.00
8659	1682375485	3600		261.24		   1752193		-999.00
8660	1682379085	3600		261.15		   1752193		-999.00
8661	1682327485	-51600		261.29		   1752193		-999.00
8654	1682380928	1200		265.55		   2497507		1142.00
8654	1682383198	2270		265.57		   3225092		1149.00
8655	1682384398	1200		265.17		   3225092		-999.00
8656	1682387998	3600		265.25		   3225092		-999.00
8657	1682391598	3600		265.25		   3225092		-999.00
8658	1682395198	3600		265.25		   3225092		-999.00
8659	1682398798	3600		265.19		   3225092		-999.00
8660	1682402398	3600		261.23		   3225092		-999.00
8661	1682405998	3600		265.26		   3225092		-999.00
8662	1682409598	3600		265.43		   3225092		-999.00
8663	1682413198	3600		265.37		   3225092		-999.00
8664	1682416798	3600		265.37		   3225092		-999.00
8665	1682420398	3600		260.31		   3225092		-999.00
8666	1682423998	3600		255.63		   3225092		-999.00
8667	1682427598	3600		255.63		   3225092		-999.00
8668	1682431198	3600		262.22		   3225092		-999.00
8669	1682434798	3600		267.22		   3225092		-999.00
8670	1682438398	3600		267.30		   3225092		-999.00
8671	1682441998	3600		267.37		   3225092		-999.00
8672	1682445598	3600		267.45		   3225092		-999.00
8673	1682449198	3600		267.30		   3225092		-999.00
8674	1682452798	3600		267.34		   3225092		-999.00
8675	1682456398	3600		267.37		   3225092		-999.00
8676	1682459998	3600		267.45		   3225092		-999.00
8677	1682463598	3600		267.45		   3225092		-999.00
8678	1682467198	3600		267.27		   3225092		-999.00
8679	1682470798	3600		267.30		   3225092		-999.00
8680	1682474398	3600		267.34		   3225092		-999.00
8681	1682477998	3600		267.37		   3225092		-999.00
8682	1682481598	3600		267.37		   3225092		-999.00
8683	1682485198	3600		267.41		   3225092		-999.00
8684	1682488798	3600		267.45		   3225092		-999.00
8685	1682492398	3600		267.45		   3225092		-999.00
8686	1682495998	3600		267.45		   3225092		-999.00
8687	1682499598	3600		267.23		   3225092		-999.00
8688	1682503198	3600		267.34		   3225092		-999.00
8689	1682506798	3600		267.34		   3225092		-999.00
8690	1682510398	3600		267.37		   3225092		-999.00
8691	1682513998	3600		267.37		   3225092		-999.00
8692	1682517598	3600		267.45		   3225092		-999.00
8693	1682521198	3600		267.45		   3225092		-999.00
8694	1682524798	3600		267.23		   3225092		-999.00
8695	1682528398	3600		267.34		   3225092		-999.00
8696	1682531998	3600		267.34		   3225092		-999.00
8697	1682535598	3600		267.37		   3225092		-999.00
8698	1682539198	3600		267.37		   3225092		-999.00
8699	1682542798	3600		267.45		   3225092		-999.00
8700	1682546398	3600		267.45		   3225092		-999.00
8701	1682549998	3600		267.45		   3225092		-999.00
8702	1682553598	3600		267.23		   3225092		-999.00
8703	1682557198	3600		267.30		   3225092		-999.00
8704	1682560798	3600		267.34		   3225092		-999.00
8705	1682564398	3600		267.34		   3225092		-999.00
8706	1682567998	3600		267.37		   3225092		-999.00
8707	1682571598	3600		267.41		   3225092		-999.00
8708	1682575198	3600		267.45		   3225092		-999.00
8709	1682578798	3600		267.45		   3225092		-999.00
8710	1682582398	3600		267.45		   3225092		-999.00
8711	1682585998	3600		267.23		   3225092		-999.00
8712	1682589598	3600		267.45		   3225092		-999.00
8713	1682593198	3600		255.72		   3225092		-999.00
8714	1682596798	3600		261.36		   3225092		-999.00
8715	1682600398	3600		261.36		   3225092		-999.00
8716	1682603998	3600		261.40		   3225092		-999.00
8717	1682607598	3600		265.54		   3225092		-999.00
8718	1682611198	3600		261.26		   3225092		-999.00
8719	1682614798	3600		261.23		   3225092		-999.00
8720	1682618398	3600		261.06		   3225092		-999.00
8721	1682621998	3600		261.28		   3225092		-999.00
8722	1682383198	-238800		261.48		   3225092		-999.00
8675	1682626216	1200		265.58		  10030598		1097.00
8675	1682629816	3600		266.15		  19937615		1163.00
8675	1682633416	3600		266.07		  23488784		1125.00
8675	1682637016	3600		266.23		  23027664		1154.00
8675	1682640616	3600		266.25		  24564140		1152.00
8675	1682644158	3542		266.22		  22611000		1156.00
8676	1682645358	1200		265.76		  22611000		-999.00
8677	1682648958	3600		261.25		  22611000		-999.00
8678	1682652558	3600		265.65		  22611000		-999.00
8679	1682656158	3600		265.73		  22611000		-999.00
8680	1682659758	3600		265.73		  22611000		-999.00
8681	1682663358	3600		265.69		  22611000		-999.00
8682	1682666958	3600		261.23		  22611000		-999.00
8683	1682670558	3600		265.57		  22611000		-999.00
8684	1682674158	3600		261.22		  22611000		-999.00
8685	1682677758	3600		261.24		  22611000		-999.00
8686	1682681358	3600		261.25		  22611000		-999.00
8687	1682684958	3600		261.23		  22611000		-999.00
8688	1682688558	3600		261.27		  22611000		-999.00
8689	1682692158	3600		261.26		  22611000		-999.00
8690	1682695758	3600		261.26		  22611000		-999.00
8691	1682699358	3600		261.24		  22611000		-999.00
8692	1682702958	3600		261.11		  22611000		-999.00
8693	1682706558	3600		261.15		  22611000		-999.00
8694	1682710158	3600		261.02		  22611000		-999.00
8695	1682713758	3600		261.22		  22611000		-999.00
8696	1682717358	3600		265.22		  22611000		-999.00
8697	1682720958	3600		265.58		  22611000		-999.00
8698	1682724558	3600		265.54		  22611000		-999.00
8699	1682728158	3600		265.54		  22611000		-999.00
8700	1682731758	3600		265.54		  22611000		-999.00
8701	1682735358	3600		265.58		  22611000		-999.00
8702	1682738958	3600		261.11		  22611000		-999.00
8703	1682742558	3600		261.15		  22611000		-999.00
8704	1682746158	3600		261.11		  22611000		-999.00
8705	1682644158	-102000		261.54		  22611000		-999.00
8685	1682748199	1200		265.70		  10356774		1138.00
8685	1682751799	3600		265.68		  16525992		1083.00
8685	1682755399	3600		266.21		  25923525		1151.00
8685	1682758999	3600		266.00		  25003492		1084.00
8685	1682762599	3600		265.98		  16308253		1148.00
8685	1682766199	3600		266.10		  21613806		1147.00
8685	1682769799	3600		266.05		  19970179		1146.00
8685	1682773399	3600		266.02		  18876362		1145.00
8685	1682776351	2952		265.94		  16266302		1147.00
8686	1682777551	1200		260.96		  16266302		-999.00
8687	1682781151	3600		261.25		  16266302		-999.00
8688	1682784751	3600		261.14		  16266302		-999.00
8689	1682776351	-8400		261.32		  16266302		-999.00
8686	1682786191	1200		265.77		  10553990		1139.00
8686	1682789791	3600		266.07		  20499499		1154.00
8686	1682793391	3600		266.27		  27257390		1152.00
8686	1682796991	3600		265.88		  18804776		1130.00
8686	1682800591	3600		266.21		  24692925		1149.00
8686	1682804191	3600		266.15		  22652510		1145.00
8686	1682807791	3600		266.09		  20750901		1149.00
8686	1682811391	3600		266.05		  19363470		1146.00
8686	1682814991	3600		266.01		  17948499		1149.00
8686	1682816475	1484		265.89		  13958690		1144.00
8687	1682817675	1200		261.04		  13958690		-999.00
8688	1682821275	3600		261.22		  13958690		-999.00
8689	1682824875	3600		261.21		  13958690		-999.00
8690	1682828475	3600		261.25		  13958690		-999.00
8691	1682832075	3600		261.25		  13958690		-999.00
8692	1682835675	3600		261.25		  13958690		-999.00
8693	1682816475	-19200		261.39		  13958690		-999.00
8690	1682838939	1200		265.88		  14080733		1152.00
8690	1682842539	3600		266.20		  22055493		1162.00
8690	1682846139	3600		266.33		  26695222		1164.00
8690	1682849739	3600		266.17		  26782906		1143.00
8690	1682853339	3600		265.97		  14795733		1153.00
8690	1682856939	3600		266.08		  18481416		1157.00
8690	1682860539	3600		266.19		  22211126		1152.00
8690	1682864139	3600		266.15		  20676451		1158.00
8690	1682864351	212		261.44		  20100881		 11.50
8691	1682865551	1200		261.09		  20100881		-999.00
8692	1682869151	3600		261.24		  20100881		-999.00
8693	1682864351	-4800		261.40		  20100881		-999.00
8691	1682873042	1200		265.99		  16922179		1158.00
8691	1682876642	3600		266.33		  25972885		1163.00
8691	1682880242	3600		266.36		  27194593		1164.00
8691	1682883842	3600		266.20		  22834516		1160.00
8691	1682885458	1616		266.36		  27385532		1159.00
8692	1682886658	1200		265.04		  27385532		-999.00
8693	1682890258	3600		261.30		  27385532		-999.00
8694	1682893858	3600		261.15		  27385532		-999.00
8695	1682885458	-8400		261.54		  27385532		-999.00
8692	1682896912	1200		265.99		  18000749		1154.00
8692	1682899051	2139		266.31		  26011424		1161.00
8693	1682900251	1200		265.85		  26011424		-999.00
8694	1682903851	3600		265.74		  26011424		-999.00
8695	1682907451	3600		265.74		  26011424		-999.00
8696	1682911051	3600		265.74		  26011424		-999.00
8697	1682914651	3600		265.74		  26011424		-999.00
8698	1682918251	3600		261.53		  26011424		-999.00
8699	1682921851	3600		261.20		  26011424		-999.00
8700	1682925451	3600		261.26		  26011424		-999.00
8701	1682929051	3600		261.26		  26011424		-999.00
8702	1682932651	3600		261.22		  26011424		-999.00
8703	1682899051	-33600		261.49		  26011424		-999.00
8695	1682933984	1200		266.41		  29872477		1163.00
8695	1682937584	3600		267.13		  49236997		1193.00
8695	1682941184	3600		267.14		  62889123		1100.00
8695	1682944784	3600		267.17		  52137698		1180.00
8695	1682948384	3600		267.29		  56210696		1178.00
8695	1682951984	3600		267.15		  51955890		1176.00
8695	1682955584	3600		267.06		  48681597		1184.00
8695	1682959184	3600		266.96		  45134688		1182.00
8695	1682961557	2373		266.34		  32111447		1152.00
8696	1682962757	1200		261.25		  32111447		-999.00
8697	1682966357	3600		261.26		  32111447		-999.00
8698	1682969957	3600		261.24		  32111447		-999.00
8699	1682961557	-8400		261.35		  32111447		-999.00
8696	1682973309	1200		266.48		  33083662		1165.00
8696	1682976909	3600		267.43		  58130726		1202.00
8696	1682980509	3600		267.37		  59027636		1196.00
8696	1682984109	3600		267.54		  64810443		1193.00
8696	1682987709	3600		267.38		  59294736		1184.00
8696	1682991309	3600		267.24		  54831391		1182.00
8696	1682994909	3600		267.14		  51325538		1185.00
8696	1682998509	3600		267.03		  47580654		1186.00
8696	1683002109	3600		266.95		  44844682		1179.00
8696	1683005709	3600		266.84		  41832393		1178.00
8696	1683009309	3600		266.78		  39663792		1179.00
8696	1683012909	3600		266.66		  35879010		1167.00
8696	1683013403	494		266.49		  31384375		1165.00
8697	1683014603	1200		261.55		  31384375		-999.00
8698	1683018203	3600		261.25		  31384375		-999.00
8699	1683021803	3600		261.25		  31384375		-999.00
8700	1683025403	3600		261.24		  31384375		-999.00
8701	1683029003	3600		261.44		  31384375		-999.00
8702	1683032603	3600		261.36		  31384375		-999.00
8703	1683036203	3600		261.44		  31384375		-999.00
8704	1683039803	3600		261.22		  31384375		-999.00
8705	1683043403	3600		261.26		  31384375		-999.00
8706	1683047003	3600		261.22		  31384375		-999.00
8707	1683050603	3600		261.28		  31384375		-999.00
8708	1683054203	3600		261.28		  31384375		-999.00
8709	1683057803	3600		265.33		  31384375		-999.00
8710	1683061403	3600		261.15		  31384375		-999.00
8711	1683065003	3600		261.22		  31384375		-999.00
8712	1683013403	-51600		261.44		  31384375		-999.00
8701	1683069326	1200		266.67		  39599487		1182.00
8701	1683072926	3600		267.56		  64125742		1209.00
8701	1683076526	3600		267.70		  68768038		1202.00
8701	1683080126	3600		267.71		  69092812		1209.00
8701	1683083726	3600		267.66		  67186339		1203.00
8701	1683087326	3600		267.52		  62559138		1200.00
8701	1683090926	3600		267.36		  57299411		1196.00
8701	1683094526	3600		267.24		  53453890		1192.00
8701	1683095469	943		267.14		  49934625		1197.00
8702	1683096669	1200		265.10		  49934625		-999.00
8703	1683100269	3600		261.06		  49934625		-999.00
8704	1683103869	3600		261.21		  49934625		-999.00
8705	1683107469	3600		261.26		  49934625		-999.00
8706	1683111069	3600		261.29		  49934625		-999.00
8707	1683114669	3600		261.26		  49934625		-999.00
8708	1683118269	3600		261.29		  49934625		-999.00
8709	1683121869	3600		261.23		  49934625		-999.00
8710	1683125469	3600		261.26		  49934625		-999.00
8711	1683129069	3600		261.23		  49934625		-999.00
8712	1683132669	3600		261.25		  49934625		-999.00
8713	1683136269	3600		261.25		  49934625		-999.00
8714	1683139869	3600		261.25		  49934625		-999.00
8715	1683143469	3600		261.25		  49934625		-999.00
8716	1683147069	3600		261.25		  49934625		-999.00
8717	1683150669	3600		261.25		  49934625		-999.00
8718	1683154269	3600		261.25		  49934625		-999.00
8719	1683157869	3600		261.25		  49934625		-999.00
8720	1683161469	3600		261.25		  49934625		-999.00
8721	1683165069	3600		261.25		  49934625		-999.00
8722	1683168669	3600		261.25		  49934625		-999.00
8723	1683172269	3600		265.58		  49934625		-999.00
8724	1683175869	3600		265.28		  49934625		-999.00
8725	1683179469	3600		265.66		  49934625		-999.00
8726	1683183069	3600		265.12		  49934625		-999.00
8727	1683186669	3600		265.40		  49934625		-999.00
8728	1683190269	3600		265.55		  49934625		-999.00
8729	1683193869	3600		265.52		  49934625		-999.00
8730	1683197469	3600		261.11		  49934625		-999.00
8731	1683201069	3600		261.21		  49934625		-999.00
8732	1683204669	3600		261.25		  49934625		-999.00
8733	1683208269	3600		261.25		  49934625		-999.00
8734	1683211869	3600		261.23		  49934625		-999.00
8735	1683215469	3600		261.23		  49934625		-999.00
8736	1683219069	3600		261.23		  49934625		-999.00
8737	1683222669	3600		261.23		  49934625		-999.00
8738	1683226269	3600		261.23		  49934625		-999.00
8739	1683229869	3600		261.23		  49934625		-999.00
8740	1683233469	3600		261.23		  49934625		-999.00
8741	1683237069	3600		261.23		  49934625		-999.00
8742	1683240669	3600		261.23		  49934625		-999.00
8743	1683244269	3600		265.33		  49934625		-999.00
8744	1683247869	3600		265.69		  49934625		-999.00
8745	1683251469	3600		265.69		  49934625		-999.00
8746	1683255069	3600		265.73		  49934625		-999.00
8747	1683258669	3600		265.73		  49934625		-999.00
8748	1683262269	3600		265.69		  49934625		-999.00
8749	1683265869	3600		265.65		  49934625		-999.00
8750	1683269469	3600		265.18		  49934625		-999.00
8751	1683273069	3600		265.35		  49934625		-999.00
8752	1683276669	3600		261.28		  49934625		-999.00
8753	1683095469	-181200		261.64		  49934625		-999.00
8723	1683280690	1200		265.77		  16094903		1118.00
8723	1683284290	3600		266.18		  23748125		1169.00
8723	1683287890	3600		266.31		  26150200		1173.00
8723	1683291490	3600		266.35		  26065908		1177.00
8723	1683295090	3600		266.31		  25985605		1170.00
8723	1683298405	3315		266.19		  20844246		1173.00
8724	1683299605	1200		265.87		  20844246		-999.00
8725	1683303205	3600		261.07		  20844246		-999.00
8726	1683306805	3600		261.26		  20844246		-999.00
8727	1683310405	3600		261.26		  20844246		-999.00
8728	1683298405	-12000		261.44		  20844246		-999.00
8724	1683314294	1200		266.71		  40986331		1177.00
8724	1683317894	3600		267.29		  54576230		1199.00
8724	1683321494	3600		267.51		  62846238		1208.00
8724	1683324838	3344		267.65		  67330477		1203.00
8725	1683326038	1200		261.11		  67330477		-999.00
8726	1683329638	3600		265.79		  67330477		-999.00
8727	1683333238	3600		261.05		  67330477		-999.00
8728	1683336838	3600		261.15		  67330477		-999.00
8729	1683324838	-12000		261.11		  67330477		-999.00
8725	1683339048	1200		266.60		  37906705		1179.00
8725	1683342648	3600		267.33		  58522376		1201.00
8725	1683346248	3600		267.57		  66413795		1201.00
8725	1683349848	3600		267.58		  66961709		1204.00
8725	1683353448	3600		267.33		  63682716		1179.00
8725	1683354671	1223		266.72		  38382053		1208.00
8726	1683355871	1200		261.26		  38382053		-999.00
8727	1683359471	3600		261.15		  38382053		-999.00
8728	1683363071	3600		261.19		  38382053		-999.00
8729	1683354671	-8400		261.45		  38382053		-999.00
8728	1683366136	1200		266.85		  47814527		1176.00
8728	1683369736	3600		267.52		  65225524		1213.00
8728	1683373336	3600		267.81		  73778298		1207.00
8728	1683376936	3600		267.88		  74574748		1211.00
8728	1683378504	1568		267.85		  73759691		1211.00
8729	1683379704	1200		261.04		  73759691		-999.00
8730	1683383304	3600		261.18		  73759691		-999.00
8731	1683386904	3600		261.18		  73759691		-999.00
8732	1683378504	-8400		261.64		  73759691		-999.00
8729	1683390518	1200		266.81		  44664948		1194.00
8729	1683394118	3600		267.74		  70339733		1217.00
8729	1683397718	3600		267.47		  73847742		1122.00
8729	1683401318	3600		267.45		  74983420		1116.00
8729	1683404918	3600		267.78		  74073488		1212.00
8729	1683408518	3600		267.27		  61147850		1190.00
8729	1683412118	3600		267.59		  66404237		1206.00
8729	1683415718	3600		267.39		  61082695		1204.00
8729	1683419318	3600		267.24		  56188987		1197.00
8729	1683422918	3600		267.12		  52120380		1196.00
8729	1683426518	3600		267.01		  48522703		1196.00
8729	1683426721	203		267.14		  52713238		1196.00
8730	1683427921	1200		265.70		  52713238		-999.00
8731	1683431521	3600		261.15		  52713238		-999.00
8732	1683435121	3600		261.18		  52713238		-999.00
8733	1683426721	-8400		261.56		  52713238		-999.00
8730	1683438203	1200		266.74		  43530717		1190.00
8730	1683441803	3600		267.66		  68012593		1221.00
8730	1683445403	3600		267.88		  74765679		1219.00
8730	1683449003	3600		267.85		  73908670		1217.00
8730	1683452603	3600		267.82		  73836855		1212.00
8730	1683456203	3600		267.71		  69067216		1211.00
8730	1683459803	3600		267.47		  63726144		1209.00
8730	1683463403	3600		267.34		  59490657		1209.00
8730	1683467003	3600		267.21		  54962754		1204.00
8730	1683470603	3600		267.03		  50357039		1199.00
8730	1683474203	3600		266.95		  46479466		1201.00
8730	1683477693	3490		266.59		  40988556		1179.00
8731	1683478893	1200		261.02		  40988556		-999.00
8732	1683482493	3600		261.09		  40988556		-999.00
8733	1683477693	-4800		261.08		  40988556		-999.00
8731	1683486107	1200		267.56		  69084323		1211.00
8731	1683489707	3600		268.70		  97007206		1268.00
8731	1683493307	3600		269.01		 119051174		1214.00
8731	1683496907	3600		268.64		  95916818		1254.00
8731	1683500507	3600		268.43		  92549948		1235.00
8731	1683504107	3600		268.85		 103472006		1252.00
8731	1683507707	3600		268.73		 101930074		1244.00
8731	1683511307	3600		267.86		  84575116		1208.00
8731	1683511541	234		268.25		  97720283		1210.00
8732	1683512741	1200		265.40		  97720283		-999.00
8733	1683516341	3600		265.51		  97720283		-999.00
8734	1683519941	3600		265.49		  97720283		-999.00
8735	1683523541	3600		265.53		  97720283		-999.00
8736	1683527141	3600		265.03		  97720283		-999.00
8737	1683530741	3600		264.92		  97720283		-999.00
8738	1683534341	3600		261.17		  97720283		-999.00
8739	1683537941	3600		261.24		  97720283		-999.00
8740	1683541541	3600		261.24		  97720283		-999.00
8741	1683545141	3600		261.20		  97720283		-999.00
8742	1683548741	3600		261.28		  97720283		-999.00
8743	1683552341	3600		261.29		  97720283		-999.00
8744	1683555941	3600		261.36		  97720283		-999.00
8745	1683559541	3600		261.32		  97720283		-999.00
8746	1683563141	3600		261.36		  97720283		-999.00
8747	1683566741	3600		261.31		  97720283		-999.00
8748	1683570341	3600		261.28		  97720283		-999.00
8749	1683573941	3600		261.24		  97720283		-999.00
8750	1683511541	-62400		261.32		  97720283		-999.00
8736	1683576337	1200		267.41		  65284414		1210.00
8736	1683579937	3600		268.11		  80906405		1257.00
8736	1683583537	3600		269.12		 117560757		1258.00
8736	1683587137	3600		269.27		 117228344		1270.00
8736	1683590737	3600		269.22		 115527026		1271.00
8736	1683594337	3600		269.33		 116760471		1279.00
8736	1683597937	3600		268.79		  98611864		1276.00
8736	1683601537	3600		269.08		 110990575		1265.00
8736	1683605137	3600		268.85		 104008135		1269.00
8736	1683608737	3600		268.59		  96860113		1259.00
8736	1683612337	3600		268.42		  91057809		1252.00
8736	1683615937	3600		268.22		  84395896		1250.00
8736	1683618731	2794		268.06		  80298094		1242.00
8737	1683619931	1200		261.02		  80298094		-999.00
8738	1683623531	3600		261.21		  80298094		-999.00
8739	1683627131	3600		261.22		  80298094		-999.00
8740	1683630731	3600		261.18		  80298094		-999.00
8741	1683634331	3600		261.07		  80298094		-999.00
8742	1683637931	3600		261.19		  80298094		-999.00
8743	1683618731	-19200		261.14		  80298094		-999.00
8738	1683642353	1200		267.59		  67903521		1240.00
8738	1683645953	3600		268.53		 104550068		1207.00
8738	1683649553	3600		269.27		 117312227		1282.00
8738	1683653153	3600		269.26		 116702752		1289.00
8738	1683656753	3600		268.77		 110064662		1224.00
8738	1683660353	3600		268.43		  93688542		1257.00
8738	1683663953	3600		268.52		  95282114		1264.00
8738	1683667553	3600		268.25		  87502219		1257.00
8738	1683671153	3600		268.06		  81094740		1251.00
8738	1683673388	2235		267.91		  76230884		1248.00
8739	1683674588	1200		261.17		  76230884		-999.00
8740	1683678188	3600		261.20		  76230884		-999.00
8741	1683681788	3600		261.15		  76230884		-999.00
8742	1683673388	-8400		261.30		  76230884		-999.00
8739	1683683786	1200		266.75		  43252021		1227.00
8739	1683687386	3600		268.03		  75965390		1281.00
8739	1683690986	3600		269.33		 116155080		1293.00
8739	1683694586	3600		269.24		 115927667		1289.00
8739	1683698186	3600		269.26		 115596857		1290.00
8739	1683701786	3600		268.96		 106248884		1281.00
8739	1683705386	3600		268.65		  97403318		1279.00
8739	1683708986	3600		268.37		  89035640		1273.00
8739	1683712586	3600		268.16		  82254223		1264.00
8739	1683716186	3600		267.97		  77283222		1262.00
8739	1683716578	392		267.92		  74487171		1262.00
8740	1683717778	1200		261.13		  74487171		-999.00
8741	1683721378	3600		261.25		  74487171		-999.00
8742	1683724978	3600		261.24		  74487171		-999.00
8743	1683728578	3600		261.24		  74487171		-999.00
8744	1683732178	3600		261.44		  74487171		-999.00
8745	1683735778	3600		261.25		  74487171		-999.00
8746	1683739378	3600		261.25		  74487171		-999.00
8747	1683716578	-22800		261.43		  74487171		-999.00
8741	1683740579	1200		266.82		  42516684		1248.00
8741	1683744179	3600		268.06		  76267107		1287.00
8741	1683747779	3600		269.38		 118955346		1295.00
8741	1683751379	3600		269.17		 114093892		1296.00
8741	1683754979	3600		268.87		 104023459		1285.00
8741	1683758579	3600		268.59		  94649364		1282.00
8741	1683762179	3600		268.33		  87386562		1282.00
8741	1683765779	3600		268.12		  80371334		1274.00
8741	1683766730	951		267.99		  77268536		1278.00
8742	1683767930	1200		265.55		  77268536		-999.00
8743	1683771530	3600		261.25		  77268536		-999.00
8744	1683775130	3600		261.24		  77268536		-999.00
8745	1683778730	3600		261.28		  77268536		-999.00
8746	1683782330	3600		261.31		  77268536		-999.00
8747	1683785930	3600		261.22		  77268536		-999.00
8748	1683789530	3600		261.21		  77268536		-999.00
8749	1683766730	-22800		261.71		  77268536		-999.00
8746	1683791989	1200		267.00		  46088794		1265.00
8746	1683795589	3600		268.82		  97595508		1329.00
8746	1683799189	3600		270.06		 142610278		1315.00
8746	1683802789	3600		269.73		 130287010		1312.00
8746	1683806389	3600		268.69		 101364998		1293.00
8746	1683809989	3600		269.08		 109807030		1302.00
8746	1683813589	3600		268.82		 102225361		1299.00
8746	1683817189	3600		268.58		  94097724		1299.00
8746	1683820789	3600		268.36		  88394128		1289.00
8746	1683824389	3600		268.18		  82260865		1283.00
8746	1683827084	2695		261.20		  78214089		 18.50
8747	1683828284	1200		261.28		  78214089		-999.00
8748	1683831884	3600		261.42		  78214089		-999.00
8749	1683835484	3600		261.42		  78214089		-999.00
8750	1683839084	3600		261.38		  78214089		-999.00
8751	1683842684	3600		261.30		  78214089		-999.00
8752	1683846284	3600		261.24		  78214089		-999.00
8753	1683827084	-19200		261.16		  78214089		-999.00
8754	1683849134	1200		265.69		  78214089		-999.00
8755	1683852734	3600		261.43		  78214089		-999.00
8756	1683856334	3600		261.10		  78214089		-999.00
8757	1683859934	3600		265.79		  78214089		-999.00
8758	1683863534	3600		265.82		  78214089		-999.00
8759	1683867134	3600		265.22		  78214089		-999.00
8760	1683870734	3600		265.74		  78214089		-999.00
8761	1683874334	3600		265.48		  78214089		-999.00
8762	1683877934	3600		265.47		  78214089		-999.00
8763	1683881534	3600		265.63		  78214089		-999.00
8764	1683885134	3600		265.87		  78214089		-999.00
8765	1683888734	3600		261.09		  78214089		-999.00
8766	1683892334	3600		261.28		  78214089		-999.00
8767	1683847934	-44400		261.65		  78214089		-999.00
8754	1683896244	1200		267.36		  56058241		1284.00
8754	1683899844	3600		269.24		 111996795		1342.00
8754	1683903444	3600		270.47		 152725643		1340.00
8754	1683907044	3600		270.50		 152689468		1345.00
8754	1683910644	3600		270.40		 149362138		1340.00
8754	1683914244	3600		270.06		 138957230		1330.00
8754	1683917844	3600		269.60		 126420321		1322.00
8754	1683921444	3600		269.30		 116450535		1316.00
8754	1683925044	3600		269.06		 108379610		1317.00
8754	1683928644	3600		268.81		  99932304		1313.00
8754	1683932244	3600		268.56		  93749871		1305.00
8754	1683935844	3600		268.32		  87029545		1297.00
8754	1683939444	3600		268.20		  81915497		1304.00
8754	1683943044	3600		267.98		  76827359		1293.00
8754	1683943481	437		267.98		  75386711		1294.00
8755	1683944681	1200		265.68		  75386711		-999.00
8756	1683948281	3600		261.14		  75386711		-999.00
8757	1683951881	3600		261.28		  75386711		-999.00
8758	1683955481	3600		261.18		  75386711		-999.00
8759	1683959081	3600		261.26		  75386711		-999.00
8760	1683962681	3600		261.29		  75386711		-999.00
8761	1683966281	3600		261.28		  75386711		-999.00
8762	1683969881	3600		261.28		  75386711		-999.00
8763	1683973481	3600		261.30		  75386711		-999.00
8764	1683977081	3600		261.30		  75386711		-999.00
8765	1683980681	3600		261.30		  75386711		-999.00
8766	1683984281	3600		261.15		  75386711		-999.00
8767	1683987881	3600		261.27		  75386711		-999.00
8768	1683991481	3600		261.27		  75386711		-999.00
8769	1683995081	3600		261.27		  75386711		-999.00
8770	1683998681	3600		265.78		  75386711		-999.00
8771	1684002281	3600		265.85		  75386711		-999.00
8772	1684005881	3600		261.27		  75386711		-999.00
8773	1684009481	3600		261.27		  75386711		-999.00
8774	1684013081	3600		261.27		  75386711		-999.00
8775	1684016681	3600		265.64		  75386711		-999.00
8776	1684020281	3600		265.76		  75386711		-999.00
8777	1684023881	3600		265.80		  75386711		-999.00
8778	1684027481	3600		261.24		  75386711		-999.00
8779	1684031081	3600		265.79		  75386711		-999.00
8780	1684034681	3600		261.24		  75386711		-999.00
8781	1684038281	3600		261.20		  75386711		-999.00
8782	1684041881	3600		261.20		  75386711		-999.00
8783	1684045481	3600		261.24		  75386711		-999.00
8784	1684049081	3600		261.24		  75386711		-999.00
8785	1684052681	3600		261.24		  75386711		-999.00
8786	1683943481	-109200		261.30		  75386711		-999.00
8771	1684054343	1200		267.65		  66084583		1300.00
8771	1684057943	3600		269.86		 135806412		1341.00
8771	1684061543	3600		270.52		 152419970		1358.00
8771	1684065143	3600		270.46		 151787141		1356.00
8771	1684068743	3600		270.17		 148676777		1327.00
8771	1684072343	3600		269.91		 135024060		1339.00
8771	1684075943	3600		269.50		 122411972		1333.00
8771	1684079543	3600		269.18		 113314532		1327.00
8771	1684083143	3600		268.88		 104432956		1320.00
8771	1684086743	3600		268.63		  96159127		1319.00
8771	1684090343	3600		268.46		  90221456		1316.00
8771	1684093943	3600		268.26		  83683791		1311.00
8771	1684097465	3522		261.33		  78508026		 18.00
8772	1684098665	1200		261.11		  78508026		-999.00
8773	1684102265	3600		261.19		  78508026		-999.00
8774	1684105865	3600		261.21		  78508026		-999.00
8775	1684109465	3600		261.25		  78508026		-999.00
8776	1684113065	3600		261.25		  78508026		-999.00
8777	1684116665	3600		261.23		  78508026		-999.00
8778	1684120265	3600		261.27		  78508026		-999.00
8779	1684097465	-22800		261.13		  78508026		-999.00
8773	1684123043	1200		267.50		  61199908		1314.00
8773	1684126643	3600		269.16		 108983785		1364.00
8773	1684130243	3600		270.54		 152440665		1368.00
8773	1684133843	3600		270.51		 151678979		1375.00
8773	1684137443	3600		270.49		 152535339		1371.00
8773	1684141043	3600		270.45		 151299302		1369.00
8773	1684144643	3600		270.11		 141338298		1367.00
8773	1684148243	3600		269.64		 127807206		1347.00
8773	1684151843	3600		269.34		 117821687		1346.00
8773	1684155443	3600		269.03		 108760908		1342.00
8773	1684159043	3600		268.76		  99811872		1339.00
8773	1684162643	3600		268.57		  93303971		1334.00
8773	1684165877	3234		268.39		  87272618		1329.00
8774	1684167077	1200		261.11		  87272618		-999.00
8775	1684170677	3600		265.66		  87272618		-999.00
8776	1684174277	3600		261.09		  87272618		-999.00
8777	1684177877	3600		261.27		  87272618		-999.00
8778	1684181477	3600		261.28		  87272618		-999.00
8779	1684165877	-15600		261.47		  87272618		-999.00
8775	1684183244	1200		267.71		  66882486		1319.00
8775	1684186844	3600		269.78		 129134260		1379.00
8775	1684190444	3600		270.49		 151517391		1385.00
8775	1684194044	3600		270.53		 152849796		1386.00
8775	1684197644	3600		270.36		 153395535		1356.00
8775	1684201244	3600		270.24		 144261591		1373.00
8775	1684204844	3600		269.82		 133017298		1368.00
8775	1684204879	35		268.27		  81094996		1363.00
8776	1684206079	1200		265.34		  81094996		-999.00
8777	1684209679	3600		265.70		  81094996		-999.00
8778	1684213279	3600		265.74		  81094996		-999.00
8779	1684216879	3600		265.73		  81094996		-999.00
8780	1684220479	3600		261.01		  81094996		-999.00
8781	1684224079	3600		261.24		  81094996		-999.00
8782	1684227679	3600		261.28		  81094996		-999.00
8783	1684231279	3600		261.25		  81094996		-999.00
8784	1684204879	-26400		261.83		  81094996		-999.00
8778	1684235156	1200		265.52		     90428		1273.00
8778	1684238756	3600		265.50		     92226		1262.00
8778	1684242356	3600		265.58		    151274		1274.00
8778	1684245956	3600		265.48		    220796		1263.00
8778	1684249556	3600		265.50		    158462		1264.00
8778	1684253156	3600		265.45		    218308		1254.00
8778	1684255916	2760		265.49		    237138		1266.00
8779	1684257116	1200		265.71		    237138		-999.00
8780	1684260716	3600		261.18		    237138		-999.00
8781	1684264316	3600		261.29		    237138		-999.00
8782	1684267916	3600		261.27		    237138		-999.00
8783	1684271516	3600		265.74		    237138		-999.00
8784	1684275116	3600		265.82		    237138		-999.00
8785	1684278716	3600		261.09		    237138		-999.00
8786	1684282316	3600		261.33		    237138		-999.00
8787	1684255916	-26400		261.59		    237138		-999.00
8782	1684285707	1200		267.60		  64362390		1326.00
8782	1684289307	3600		269.71		 127843314		1384.00
8782	1684292907	3600		270.49		 151319114		1395.00
8782	1684296507	3600		270.43		 152981849		1376.00
8782	1684300107	3600		270.46		 150834823		1391.00
8782	1684303707	3600		270.13		 141165355		1381.00
8782	1684307307	3600		269.45		 118554929		1380.00
8782	1684310907	3600		269.19		 115211846		1349.00
8782	1684314507	3600		269.01		 106606052		1355.00
8782	1684318006	3499		268.41		  92752368		1335.00
8783	1684319206	1200		261.06		  92752368		-999.00
8784	1684322806	3600		265.32		  92752368		-999.00
8785	1684326406	3600		265.56		  92752368		-999.00
8786	1684330006	3600		262.02		  92752368		-999.00
8787	1684333606	3600		260.96		  92752368		-999.00
8788	1684337206	3600		265.68		  92752368		-999.00
8789	1684340806	3600		265.75		  92752368		-999.00
8790	1684344406	3600		265.77		  92752368		-999.00
8791	1684348006	3600		261.27		  92752368		-999.00
8792	1684351606	3600		261.27		  92752368		-999.00
8793	1684355206	3600		265.73		  92752368		-999.00
8794	1684358806	3600		265.85		  92752368		-999.00
8795	1684362406	3600		265.97		  92752368		-999.00
8796	1684366006	3600		265.85		  92752368		-999.00
8797	1684369606	3600		265.96		  92752368		-999.00
8798	1684373206	3600		265.39		  92752368		-999.00
8799	1684376806	3600		265.71		  92752368		-999.00
8800	1684380406	3600		265.81		  92752368		-999.00
8801	1684384006	3600		265.81		  92752368		-999.00
8802	1684387606	3600		265.76		  92752368		-999.00
8803	1684391206	3600		261.10		  92752368		-999.00
8804	1684394806	3600		261.30		  92752368		-999.00
8805	1684398406	3600		265.75		  92752368		-999.00
8806	1684402006	3600		261.32		  92752368		-999.00
8807	1684405606	3600		261.23		  92752368		-999.00
8808	1684318006	-87600		261.53		  92752368		-999.00
8786	1684407889	1200		267.71		  67122337		1343.00
8786	1684411489	3600		269.79		 128008160		1404.00
8786	1684415089	3600		270.32		 150329391		1390.00
8786	1684418689	3600		270.38		 145682446		1412.00
8786	1684422289	3600		270.41		 149148342		1406.00
8786	1684425889	3600		270.29		 144917559		1401.00
8786	1684429489	3600		269.90		 134328271		1394.00
8786	1684433089	3600		269.56		 122865290		1386.00
8786	1684436689	3600		269.30		 114222161		1372.00
8786	1684440289	3600		268.95		 105289636		1369.00
8786	1684443889	3600		268.73		  97820556		1366.00
8786	1684447489	3600		268.51		  91773571		1361.00
8786	1684451089	3600		268.31		  85383746		1361.00
8786	1684454689	3600		268.16		  80272250		1358.00
8786	1684458289	3600		267.26		  57075720		1328.00
8786	1684461889	3600		267.73		  66134589		1351.00
8786	1684462557	668		267.79		  68136289		1347.00
8787	1684463757	1200		265.69		  68136289		-999.00
8788	1684467357	3600		261.18		  68136289		-999.00
8789	1684470957	3600		261.31		  68136289		-999.00
8790	1684474557	3600		261.33		  68136289		-999.00
8791	1684478157	3600		261.27		  68136289		-999.00
8792	1684481757	3600		261.27		  68136289		-999.00
8793	1684485357	3600		261.31		  68136289		-999.00
8794	1684488957	3600		261.31		  68136289		-999.00
8795	1684492557	3600		265.83		  68136289		-999.00
8796	1684496157	3600		261.32		  68136289		-999.00
8797	1684499757	3600		261.32		  68136289		-999.00
8798	1684503357	3600		265.73		  68136289		-999.00
8799	1684506957	3600		261.25		  68136289		-999.00
8800	1684510557	3600		261.24		  68136289		-999.00
8801	1684462557	-48000		261.42		  68136289		-999.00
8794	1684511976	1200		266.89		  44246161		1338.00
8794	1684515576	3600		269.77		 126916590		1419.00
8794	1684519176	3600		270.31		 144922132		1421.00
8794	1684522776	3600		270.36		 146413104		1422.00
8794	1684522986	210		261.68		 148798844		 18.50
8795	1684524186	1200		261.11		 148798844		-999.00
8796	1684527786	3600		265.67		 148798844		-999.00
8797	1684531386	3600		265.79		 148798844		-999.00
8798	1684534986	3600		265.83		 148798844		-999.00
8799	1684538586	3600		261.27		 148798844		-999.00
8800	1684542186	3600		261.30		 148798844		-999.00
8801	1684522986	-19200		261.35		 148798844		-999.00
8796	1684546540	1200		267.81		  68499420		1377.00
8796	1684550140	3600		269.85		 129570188		1426.00
8796	1684553740	3600		270.31		 144958242		1417.00
8796	1684554852	1112		270.30		 144569612		1424.00
8797	1684556052	1200		265.50		 144569612		-999.00
8798	1684559652	3600		265.79		 144569612		-999.00
8799	1684563252	3600		265.79		 144569612		-999.00
8800	1684566852	3600		265.81		 144569612		-999.00
8801	1684570452	3600		265.81		 144569612		-999.00
8802	1684574052	3600		265.81		 144569612		-999.00
8803	1684577652	3600		265.83		 144569612		-999.00
8804	1684581252	3600		265.87		 144569612		-999.00
8805	1684584852	3600		265.90		 144569612		-999.00
8806	1684588452	3600		265.86		 144569612		-999.00
8807	1684592052	3600		265.86		 144569612		-999.00
8808	1684595652	3600		265.86		 144569612		-999.00
8809	1684599252	3600		265.86		 144569612		-999.00
8810	1684602852	3600		265.86		 144569612		-999.00
8811	1684606452	3600		265.86		 144569612		-999.00
8812	1684610052	3600		265.86		 144569612		-999.00
8813	1684613652	3600		261.32		 144569612		-999.00
8814	1684617252	3600		261.25		 144569612		-999.00
8815	1684620852	3600		261.29		 144569612		-999.00
8816	1684624452	3600		261.26		 144569612		-999.00
8817	1684628052	3600		261.26		 144569612		-999.00
8818	1684631652	3600		261.26		 144569612		-999.00
8819	1684554852	-76800		261.96		 144569612		-999.00
8804	1684634787	1200		267.44		  62312281		1346.00
8804	1684638387	3600		269.45		 118400748		1416.00
8804	1684641987	3600		270.28		 145061081		1414.00
8804	1684645587	3600		270.22		 143112084		1429.00
8804	1684649187	3600		270.24		 144638714		1413.00
8804	1684650368	1181		270.14		 140460474		1421.00
8805	1684651568	1200		265.49		 140460474		-999.00
8806	1684655168	3600		261.22		 140460474		-999.00
8807	1684658768	3600		261.20		 140460474		-999.00
8808	1684662368	3600		261.20		 140460474		-999.00
8809	1684665968	3600		261.20		 140460474		-999.00
8810	1684669568	3600		261.20		 140460474		-999.00
8811	1684650368	-19200		261.93		 140460474		-999.00
8807	1684673937	1200		267.55		  64852397		1357.00
8807	1684677537	3600		269.97		 133496099		1435.00
8807	1684678788	1251		270.54		 155031303		1423.00
8808	1684679988	1200		265.47		 155031303		-999.00
8809	1684683588	3600		261.20		 155031303		-999.00
8810	1684687188	3600		265.71		 155031303		-999.00
8811	1684690788	3600		265.79		 155031303		-999.00
8812	1684694388	3600		265.79		 155031303		-999.00
8813	1684697988	3600		265.79		 155031303		-999.00
8814	1684701588	3600		265.79		 155031303		-999.00
8815	1684705188	3600		265.83		 155031303		-999.00
8816	1684708788	3600		261.23		 155031303		-999.00
8817	1684712388	3600		261.23		 155031303		-999.00
8818	1684715988	3600		261.16		 155031303		-999.00
8819	1684678788	-37200		261.72		 155031303		-999.00
8811	1684718061	1200		267.76		  71705491		1357.00
8811	1684720723	2662		269.51		 123455584		1420.00
8812	1684721923	1200		265.56		 123455584		-999.00
8813	1684725523	3600		261.28		 123455584		-999.00
8814	1684729123	3600		261.24		 123455584		-999.00
8815	1684732723	3600		261.23		 123455584		-999.00
8816	1684736323	3600		261.23		 123455584		-999.00
8817	1684739923	3600		261.27		 123455584		-999.00
8818	1684743523	3600		261.04		 123455584		-999.00
8819	1684747123	3600		261.06		 123455584		-999.00
8820	1684750723	3600		261.24		 123455584		-999.00
8821	1684754323	3600		261.24		 123455584		-999.00
8822	1684757923	3600		261.24		 123455584		-999.00
8823	1684761523	3600		261.39		 123455584		-999.00
8824	1684765123	3600		261.26		 123455584		-999.00
8825	1684768723	3600		261.26		 123455584		-999.00
8826	1684720723	-48000		261.93		 123455584		-999.00
8816	1684772267	1200		267.97		  76436436		1376.00
8816	1684775867	3600		269.97		 140267864		1408.00
8816	1684779467	3600		270.54		 154246700		1425.00
8816	1684781657	2190		270.50		 152964404		1431.00
8817	1684782857	1200		265.43		 152964404		-999.00
8818	1684786457	3600		261.05		 152964404		-999.00
8819	1684790057	3600		261.20		 152964404		-999.00
8820	1684781657	-8400		261.91		 152964404		-999.00
8817	1684794343	1200		267.83		  71586190		1368.00
8817	1684797943	3600		269.84		 137336268		1411.00
8817	1684801543	3600		270.54		 154229749		1430.00
8817	1684805143	3600		270.46		 152755107		1424.00
8817	1684808743	3600		270.51		 154670838		1430.00
8817	1684812343	3600		270.52		 152630764		1437.00
8817	1684815943	3600		270.30		 147845066		1427.00
8817	1684819543	3600		269.87		 135035430		1407.00
8817	1684823143	3600		269.58		 125407133		1410.00
8817	1684826743	3600		269.15		 116341280		1381.00
8817	1684830343	3600		269.00		 107279358		1400.00
8817	1684833943	3600		268.71		  99051061		1386.00
8817	1684837543	3600		268.26		  84797627		1383.00
8817	1684839094	1551		261.10		  88378810		 18.00
8818	1684840294	1200		261.17		  88378810		-999.00
8819	1684843894	3600		264.95		  88378810		-999.00
8820	1684847494	3600		261.07		  88378810		-999.00
8821	1684851094	3600		265.64		  88378810		-999.00
8822	1684854694	3600		260.98		  88378810		-999.00
8823	1684858294	3600		261.22		  88378810		-999.00
8824	1684861894	3600		261.22		  88378810		-999.00
8825	1684865494	3600		261.22		  88378810		-999.00
8826	1684869094	3600		261.22		  88378810		-999.00
8827	1684872694	3600		261.26		  88378810		-999.00
8828	1684876294	3600		261.22		  88378810		-999.00
8829	1684839094	-37200		261.06		  88378810		-999.00
8821	1684879030	1200		267.99		  77913715		1390.00
8821	1684882630	3600		270.23		 148822366		1420.00
8821	1684886230	3600		270.68		 158540991		1455.00
8821	1684889830	3600		270.68		 158491809		1456.00
8821	1684893430	3600		270.68		 158561439		1454.00
8821	1684897030	3600		270.69		 159012852		1459.00
8821	1684900630	3600		270.58		 156367020		1447.00
8821	1684904230	3600		270.26		 147125468		1435.00
8821	1684907830	3600		269.73		 134624059		1418.00
8821	1684911430	3600		269.57		 125604893		1424.00
8821	1684915030	3600		269.27		 115704586		1422.00
8821	1684918630	3600		269.05		 108429445		1410.00
8821	1684922230	3600		268.74		 100330419		1402.00
8821	1684925830	3600		268.56		  94347752		1406.00
8821	1684929430	3600		268.38		  88223359		1395.00
8821	1684930062	632		268.26		  84173676		1394.00
8822	1684931262	1200		261.04		  84173676		-999.00
8823	1684934862	3600		261.48		  84173676		-999.00
8824	1684938462	3600		261.20		  84173676		-999.00
8825	1684942062	3600		261.20		  84173676		-999.00
8826	1684930062	-12000		261.29		  84173676		-999.00
8822	1684943510	1200		267.90		  75880893		1395.00
8822	1684947110	3600		270.12		 140866691		1459.00
8822	1684950710	3600		270.56		 160514261		1440.00
8822	1684954310	3600		270.77		 160222164		1473.00
8822	1684957910	3600		270.72		 158437072		1474.00
8822	1684961510	3600		270.70		 158282521		1466.00
8822	1684965110	3600		270.39		 155524919		1435.00
8822	1684968710	3600		270.15		 142293099		1461.00
8822	1684972310	3600		269.81		 131309387		1453.00
8822	1684975910	3600		269.39		 120220367		1442.00
8822	1684979510	3600		269.19		 112074083		1435.00
8822	1684983110	3600		268.90		 103664097		1429.00
8822	1684985688	2578		268.75		  98613377		1426.00
8823	1684986888	1200		265.26		  98613377		-999.00
8824	1684990488	3600		265.34		  98613377		-999.00
8825	1684994088	3600		265.36		  98613377		-999.00
8826	1684997688	3600		265.45		  98613377		-999.00
8827	1685001288	3600		265.35		  98613377		-999.00
8828	1685004888	3600		265.47		  98613377		-999.00
8829	1685008488	3600		261.39		  98613377		-999.00
8830	1685012088	3600		261.47		  98613377		-999.00
8831	1685015688	3600		265.78		  98613377		-999.00
8832	1685019288	3600		265.74		  98613377		-999.00
8833	1685022888	3600		261.03		  98613377		-999.00
8834	1685026488	3600		261.20		  98613377		-999.00
8835	1685030088	3600		265.70		  98613377		-999.00
8836	1685033688	3600		261.26		  98613377		-999.00
8837	1685037288	3600		265.76		  98613377		-999.00
8838	1685040888	3600		261.36		  98613377		-999.00
8839	1685044488	3600		261.26		  98613377		-999.00
8840	1685048088	3600		261.26		  98613377		-999.00
8841	1685051688	3600		261.14		  98613377		-999.00
8842	1685055288	3600		261.25		  98613377		-999.00
8843	1685058888	3600		261.25		  98613377		-999.00
8844	1685062488	3600		265.67		  98613377		-999.00
8845	1685066088	3600		261.29		  98613377		-999.00
8846	1685069688	3600		261.22		  98613377		-999.00
8847	1685073288	3600		261.22		  98613377		-999.00
8848	1685076888	3600		261.22		  98613377		-999.00
8849	1685080488	3600		261.22		  98613377		-999.00
8850	1685084088	3600		261.19		  98613377		-999.00
8851	1685087688	3600		261.20		  98613377		-999.00
8852	1685091288	3600		261.24		  98613377		-999.00
8853	1685094888	3600		261.23		  98613377		-999.00
8854	1685098488	3600		265.77		  98613377		-999.00
8855	1685102088	3600		265.72		  98613377		-999.00
8856	1685105688	3600		265.72		  98613377		-999.00
8857	1685109288	3600		265.72		  98613377		-999.00
8858	1685112888	3600		265.79		  98613377		-999.00
8859	1685116488	3600		265.80		  98613377		-999.00
8860	1685120088	3600		265.81		  98613377		-999.00
8861	1685123688	3600		265.75		  98613377		-999.00
8862	1685127288	3600		261.11		  98613377		-999.00
8863	1685130888	3600		261.19		  98613377		-999.00
8864	1685134488	3600		261.19		  98613377		-999.00
8865	1685138088	3600		261.19		  98613377		-999.00
8866	1685141688	3600		261.19		  98613377		-999.00
8867	1685145288	3600		261.19		  98613377		-999.00
8868	1685148888	3600		261.19		  98613377		-999.00
8869	1685152488	3600		261.19		  98613377		-999.00
8870	1685156088	3600		261.19		  98613377		-999.00
8871	1685159688	3600		261.18		  98613377		-999.00
8872	1685163288	3600		261.20		  98613377		-999.00
8873	1685166888	3600		261.20		  98613377		-999.00
8874	1685170488	3600		265.67		  98613377		-999.00
8875	1685174088	3600		265.75		  98613377		-999.00
8876	1685177688	3600		265.75		  98613377		-999.00
8877	1685181288	3600		265.75		  98613377		-999.00
8878	1685184888	3600		265.75		  98613377		-999.00
8879	1685188488	3600		265.75		  98613377		-999.00
8880	1685192088	3600		265.75		  98613377		-999.00
8881	1685195688	3600		265.76		  98613377		-999.00
8882	1685199288	3600		265.76		  98613377		-999.00
8883	1685202888	3600		261.12		  98613377		-999.00
8884	1685206488	3600		261.20		  98613377		-999.00
8885	1685210088	3600		261.20		  98613377		-999.00
8886	1685213688	3600		261.20		  98613377		-999.00
8887	1685217288	3600		261.20		  98613377		-999.00
8888	1685220888	3600		261.20		  98613377		-999.00
8889	1685224488	3600		261.20		  98613377		-999.00
8890	1685228088	3600		261.20		  98613377		-999.00
8891	1685231688	3600		261.20		  98613377		-999.00
8892	1685235288	3600		261.16		  98613377		-999.00
8893	1685238888	3600		261.20		  98613377		-999.00
8894	1685242488	3600		261.16		  98613377		-999.00
8895	1685246088	3600		261.16		  98613377		-999.00
8896	1685249688	3600		261.16		  98613377		-999.00
8897	1685253288	3600		261.16		  98613377		-999.00
8898	1685256888	3600		261.20		  98613377		-999.00
8899	1685260488	3600		261.20		  98613377		-999.00
8900	1685264088	3600		261.12		  98613377		-999.00
8901	1685267688	3600		261.20		  98613377		-999.00
8902	1685271288	3600		261.20		  98613377		-999.00
8903	1685274888	3600		261.20		  98613377		-999.00
8904	1685278488	3600		261.20		  98613377		-999.00
8905	1685282088	3600		261.20		  98613377		-999.00
8906	1685285688	3600		261.20		  98613377		-999.00
8907	1685289288	3600		261.20		  98613377		-999.00
8908	1685292888	3600		261.20		  98613377		-999.00
8909	1685296488	3600		261.20		  98613377		-999.00
8910	1685300088	3600		261.20		  98613377		-999.00
8911	1685303688	3600		261.24		  98613377		-999.00
8912	1685307288	3600		261.24		  98613377		-999.00
8913	1685310888	3600		261.24		  98613377		-999.00
8914	1685314488	3600		261.24		  98613377		-999.00
8915	1685318088	3600		261.24		  98613377		-999.00
8916	1685321688	3600		261.24		  98613377		-999.00
8917	1685325288	3600		261.24		  98613377		-999.00
8918	1685328888	3600		261.24		  98613377		-999.00
8919	1685332488	3600		261.24		  98613377		-999.00
8920	1685336088	3600		261.24		  98613377		-999.00
8921	1685339688	3600		261.40		  98613377		-999.00
8922	1685343288	3600		261.47		  98613377		-999.00
8923	1685346888	3600		261.47		  98613377		-999.00
8924	1685350488	3600		261.25		  98613377		-999.00
8925	1685354088	3600		261.23		  98613377		-999.00
8926	1685357688	3600		261.23		  98613377		-999.00
8927	1685361288	3600		261.23		  98613377		-999.00
8928	1685364888	3600		261.23		  98613377		-999.00
8929	1685368488	3600		261.23		  98613377		-999.00
8930	1685372088	3600		261.23		  98613377		-999.00
8931	1685375688	3600		265.69		  98613377		-999.00
8932	1685379288	3600		261.34		  98613377		-999.00
8933	1685382888	3600		261.05		  98613377		-999.00
8934	1685386488	3600		261.25		  98613377		-999.00
8935	1685390088	3600		261.25		  98613377		-999.00
8936	1685393688	3600		261.29		  98613377		-999.00
8937	1685397288	3600		261.26		  98613377		-999.00
8938	1685400888	3600		261.26		  98613377		-999.00
8939	1685404488	3600		261.26		  98613377		-999.00
8940	1685408088	3600		261.26		  98613377		-999.00
8941	1685411688	3600		261.26		  98613377		-999.00
8942	1685415288	3600		261.26		  98613377		-999.00
8943	1685418888	3600		261.29		  98613377		-999.00
8944	1685422488	3600		261.29		  98613377		-999.00
8945	1685426088	3600		265.63		  98613377		-999.00
8946	1685429688	3600		265.72		  98613377		-999.00
8947	1685433288	3600		265.19		  98613377		-999.00
8948	1685436888	3600		265.64		  98613377		-999.00
8949	1685440488	3600		261.14		  98613377		-999.00
8950	1685444088	3600		261.27		  98613377		-999.00
8951	1685447688	3600		261.27		  98613377		-999.00
8952	1685451288	3600		261.27		  98613377		-999.00
8953	1685454888	3600		261.25		  98613377		-999.00
8954	1685458488	3600		261.25		  98613377		-999.00
8955	1684985688	-472800		261.79		  98613377		-999.00
8850	1685461680	1200		266.21		  23557459		1351.00
8850	1685465280	3600		266.74		  38282954		1366.00
8850	1685468880	3600		266.83		  41083546		1361.00
8850	1685472392	3512		266.85		  41116887		1366.00
8851	1685473592	1200		265.36		  41116887		-999.00
8852	1685477192	3600		261.25		  41116887		-999.00
8853	1685480792	3600		261.29		  41116887		-999.00
8854	1685484392	3600		261.23		  41116887		-999.00
8855	1685472392	-12000		261.33		  41116887		-999.00
8853	1685486057	1200		266.39		  28144908		1362.00
8853	1685489657	3600		267.36		  56177515		1391.00
8853	1685493257	3600		267.83		  72109435		1396.00
8853	1685496857	3600		267.75		  69045426		1382.00
8853	1685497163	306		265.68		         0		1382.00
8854	1685498363	1200		261.17		         0		-999.00
8855	1685501963	3600		261.21		         0		-999.00
8856	1685505563	3600		265.74		         0		-999.00
8857	1685509163	3600		265.81		         0		-999.00
8858	1685512763	3600		265.85		         0		-999.00
8859	1685516363	3600		265.32		         0		-999.00
8860	1685519963	3600		261.26		         0		-999.00
8861	1685523563	3600		265.44		         0		-999.00
8862	1685527163	3600		265.35		         0		-999.00
8863	1685530763	3600		265.36		         0		-999.00
8864	1685534363	3600		265.76		         0		-999.00
8865	1685537963	3600		265.77		         0		-999.00
8866	1685541563	3600		265.77		         0		-999.00
8867	1685545163	3600		265.81		         0		-999.00
8868	1685548763	3600		265.73		         0		-999.00
8869	1685552363	3600		265.74		         0		-999.00
8870	1685555963	3600		265.71		         0		-999.00
8871	1685559563	3600		265.73		         0		-999.00
8872	1685563163	3600		265.27		         0		-999.00
8873	1685566763	3600		265.72		         0		-999.00
8874	1685570363	3600		265.72		         0		-999.00
8875	1685573963	3600		265.69		         0		-999.00
8876	1685577563	3600		265.72		         0		-999.00
8877	1685581163	3600		265.69		         0		-999.00
8878	1685584763	3600		265.72		         0		-999.00
8879	1685588363	3600		265.72		         0		-999.00
8880	1685591963	3600		265.79		         0		-999.00
8881	1685595563	3600		265.72		         0		-999.00
8882	1685599163	3600		261.15		         0		-999.00
8883	1685602763	3600		261.20		         0		-999.00
8884	1685606363	3600		261.24		         0		-999.00
8885	1685609963	3600		261.17		         0		-999.00
8886	1685613563	3600		261.09		         0		-999.00
8887	1685617163	3600		261.14		         0		-999.00
8888	1685497163	-120000		261.43		         0		-999.00
8858	1685618820	1200		266.75		  39985612		1363.00
8858	1685622420	3600		268.08		  78211643		1402.00
8858	1685626020	3600		268.85		 103013733		1415.00
8858	1685629620	3600		268.44		  91931897		1392.00
8858	1685633220	3600		268.36		  88067589		1391.00
8858	1685636820	3600		267.99		  80010233		1386.00
8858	1685639129	2309		267.95		  76029082		1387.00
8859	1685640329	1200		265.23		  76029082		-999.00
8860	1685643929	3600		261.19		  76029082		-999.00
8861	1685647529	3600		261.23		  76029082		-999.00
8862	1685639129	-8400		261.16		  76029082		-999.00
8860	1685651029	1200		266.77		  44932347		1360.00
8860	1685654629	3600		268.28		  83880206		1429.00
8860	1685658229	3600		268.97		 116612096		1381.00
8860	1685661829	3600		268.99		 112412903		1399.00
8860	1685665429	3600		268.78		 101620369		1417.00
8860	1685669029	3600		268.45		  92272289		1403.00
8860	1685672629	3600		268.25		  85369712		1403.00
8860	1685676229	3600		268.04		  78587266		1402.00
8860	1685679829	3600		267.85		  73575583		1392.00
8860	1685683429	3600		267.61		  68158233		1375.00
8860	1685686777	3348		267.45		  60851616		1385.00
8861	1685687977	1200		261.15		  60851616		-999.00
8862	1685691577	3600		261.05		  60851616		-999.00
8863	1685695177	3600		261.22		  60851616		-999.00
8864	1685698777	3600		261.22		  60851616		-999.00
8865	1685702377	3600		265.23		  60851616		-999.00
8866	1685705977	3600		265.50		  60851616		-999.00
8867	1685709577	3600		261.07		  60851616		-999.00
8868	1685713177	3600		261.22		  60851616		-999.00
8869	1685686777	-26400		261.29		  60851616		-999.00
8863	1685715712	1200		266.79		  45891661		1359.00
8863	1685719312	3600		268.36		  87484771		1433.00
8863	1685722912	3600		268.89		 105006594		1431.00
8863	1685726512	3600		268.88		 104899756		1423.00
8863	1685730112	3600		268.83		 103165998		1426.00
8863	1685733712	3600		268.44		  93798341		1403.00
8863	1685734375	663		268.50		  91819016		1424.00
8864	1685735575	1200		265.51		  91819016		-999.00
8865	1685739175	3600		261.08		  91819016		-999.00
8866	1685742775	3600		261.13		  91819016		-999.00
8867	1685734375	-8400		261.67		  91819016		-999.00
8865	1685745665	1200		266.94		  45663888		1390.00
8865	1685749265	3600		268.35		  85920505		1432.00
8865	1685752865	3600		268.94		 105648313		1431.00
8865	1685756465	3600		268.91		 106107944		1431.00
8865	1685760065	3600		268.77		 101347571		1425.00
8865	1685763665	3600		268.50		  92380204		1416.00
8865	1685767265	3600		268.24		  85075652		1413.00
8865	1685770865	3600		268.02		  77695304		1408.00
8865	1685774465	3600		267.82		  72191559		1398.00
8865	1685778065	3600		267.54		  66526086		1391.00
8865	1685781665	3600		267.49		  62164304		1397.00
8865	1685782804	1139		266.96		  47074872		1383.00
8866	1685784004	1200		261.25		  47074872		-999.00
8867	1685787604	3600		261.14		  47074872		-999.00
8868	1685782804	-4800		261.30		  47074872		-999.00
8866	1685790561	1200		267.22		  55713375		1402.00
8866	1685794161	3600		268.93		 105364135		1454.00
8866	1685794851	690		269.41		 122351566		1446.00
8867	1685796051	1200		265.35		 122351566		-999.00
8868	1685799651	3600		265.69		 122351566		-999.00
8869	1685803251	3600		265.76		 122351566		-999.00
8870	1685806851	3600		265.72		 122351566		-999.00
8871	1685810451	3600		265.80		 122351566		-999.00
8872	1685814051	3600		265.77		 122351566		-999.00
8873	1685817651	3600		265.77		 122351566		-999.00
8874	1685821251	3600		261.41		 122351566		-999.00
8875	1685824851	3600		261.20		 122351566		-999.00
8876	1685828451	3600		261.20		 122351566		-999.00
8877	1685794851	-33600		261.74		 122351566		-999.00
8870	1685830087	1200		267.21		  53315346		1400.00
8870	1685833687	3600		268.69		  96009717		1456.00
8870	1685837287	3600		269.42		 120365192		1454.00
8870	1685840887	3600		269.42		 120436826		1452.00
8870	1685844487	3600		269.39		 119251992		1451.00
8870	1685848087	3600		268.99		 108342597		1436.00
8870	1685851687	3600		268.70		  99356772		1429.00
8870	1685855287	3600		268.42		  90185968		1430.00
8870	1685858887	3600		268.22		  83357835		1425.00
8870	1685862487	3600		267.93		  76421533		1414.00
8870	1685865870	3383		267.66		  67980589		1408.00
8871	1685867070	1200		261.13		  67980589		-999.00
8872	1685870670	3600		261.31		  67980589		-999.00
8873	1685874270	3600		261.19		  67980589		-999.00
8874	1685877870	3600		261.19		  67980589		-999.00
8875	1685865870	-12000		261.07		  67980589		-999.00
8872	1685882021	1200		267.68		  67370650		1427.00
8872	1685885621	3600		269.91		 135369596		1494.00
8872	1685889221	3600		270.51		 152650843		1493.00
8872	1685891942	2721		270.45		 153058027		1487.00
8873	1685893142	1200		265.50		 153058027		-999.00
8874	1685896742	3600		261.13		 153058027		-999.00
8875	1685891942	-4800		261.93		 153058027		-999.00
8873	1685900610	1200		267.23		  69087843		1309.00
8873	1685904210	3600		270.00		 137636888		1498.00
8873	1685907810	3600		270.59		 156004320		1498.00
8873	1685911410	3600		269.89		 156393041		1331.00
8873	1685915010	3600		270.23		 149480758		1475.00
8873	1685918610	3600		269.81		 136058469		1467.00
8873	1685922210	3600		269.41		 121769877		1469.00
8873	1685925810	3600		269.10		 112389924		1459.00
8873	1685929410	3600		268.81		 102775745		1449.00
8873	1685933010	3600		268.58		  95079167		1445.00
8873	1685936610	3600		268.39		  88899834		1442.00
8873	1685940210	3600		268.11		  82158644		1436.00
8873	1685943810	3600		267.82		  76473602		1389.00
8873	1685944955	1145		267.43		  61344509		1422.00
8874	1685946155	1200		261.06		  61344509		-999.00
8875	1685949755	3600		261.22		  61344509		-999.00
8876	1685953355	3600		261.13		  61344509		-999.00
8877	1685956955	3600		261.58		  61344509		-999.00
8878	1685960555	3600		261.24		  61344509		-999.00
8879	1685944955	-15600		261.26		  61344509		-999.00
8877	1685964321	1200		267.32		  59703062		1421.00
8877	1685967921	3600		269.19		 109085438		1508.00
8877	1685971521	3600		270.62		 155815992		1519.00
8877	1685975121	3600		270.44		 150427263		1505.00
8877	1685978721	3600		269.97		 137103624		1489.00
8877	1685982321	3600		269.55		 122969565		1481.00
8877	1685985921	3600		269.27		 113858716		1478.00
8877	1685989521	3600		268.89		 103917227		1476.00
8877	1685993121	3600		268.65		  96734992		1470.00
8877	1685996721	3600		268.42		  89128951		1466.00
8877	1685999295	2574		268.25		  84691615		1449.00
8878	1686000495	1200		265.20		  84691615		-999.00
8879	1686004095	3600		265.66		  84691615		-999.00
8880	1686007695	3600		265.70		  84691615		-999.00
8881	1686011295	3600		261.15		  84691615		-999.00
8882	1686014895	3600		261.27		  84691615		-999.00
8883	1685999295	-15600		261.71		  84691615		-999.00
8880	1686017216	1200		267.46		  61349030		1444.00
8880	1686020816	3600		269.93		 132986669		1524.00
8880	1686024416	3600		270.60		 155219449		1523.00
8880	1686028016	3600		270.68		 156501357		1534.00
8880	1686031616	3600		270.56		 153902678		1527.00
8880	1686035216	3600		270.10		 143101542		1501.00
8880	1686038816	3600		269.77		 129717948		1507.00
8880	1686042416	3600		269.40		 119868665		1498.00
8880	1686046016	3600		269.10		 109600635		1486.00
8880	1686049616	3600		268.89		 102049113		1493.00
8880	1686053216	3600		268.56		  93758960		1476.00
8880	1686056816	3600		268.39		  88144606		1474.00
8880	1686060416	3600		268.17		  81908405		1467.00
8880	1686064016	3600		268.01		  76740060		1464.00
8880	1686067616	3600		267.88		  72453979		1460.00
8880	1686071216	3600		267.75		  68148640		1455.00
8880	1686073817	2601		267.40		  60215443		1442.00
8881	1686075017	1200		265.27		  60215443		-999.00
8882	1686078617	3600		261.06		  60215443		-999.00
8883	1686082217	3600		261.29		  60215443		-999.00
8884	1686073817	-8400		261.28		  60215443		-999.00
8882	1686084886	1200		267.74		  70610093		1469.00
8882	1686088486	3600		270.02		 136350750		1543.00
8882	1686092086	3600		270.72		 156724169		1543.00
8882	1686095686	3600		270.65		 155574665		1556.00
8882	1686099286	3600		270.58		 154686274		1538.00
8882	1686102886	3600		270.16		 141689306		1536.00
8882	1686106486	3600		269.74		 129250894		1523.00
8882	1686110086	3600		269.41		 119206573		1509.00
8882	1686113686	3600		269.12		 109738530		1505.00
8882	1686117286	3600		268.83		 101331689		1503.00
8882	1686120886	3600		268.63		  94913909		1492.00
8882	1686122035	1149		268.43		  89371880		1487.00
8883	1686123235	1200		261.11		  89371880		-999.00
8884	1686126835	3600		265.54		  89371880		-999.00
8885	1686130435	3600		265.59		  89371880		-999.00
8886	1686134035	3600		265.51		  89371880		-999.00
8887	1686137635	3600		265.43		  89371880		-999.00
8888	1686141235	3600		265.66		  89371880		-999.00
8889	1686144835	3600		265.74		  89371880		-999.00
8890	1686148435	3600		265.71		  89371880		-999.00
8891	1686152035	3600		265.79		  89371880		-999.00
8892	1686155635	3600		265.79		  89371880		-999.00
8893	1686159235	3600		265.77		  89371880		-999.00
8894	1686162835	3600		265.81		  89371880		-999.00
8895	1686166435	3600		261.06		  89371880		-999.00
8896	1686170035	3600		261.27		  89371880		-999.00
8897	1686173635	3600		261.27		  89371880		-999.00
8898	1686122035	-51600		261.75		  89371880		-999.00
8885	1686178075	1200		267.78		  69105196		1482.00
8885	1686181675	3600		270.04		 136954410		1539.00
8885	1686185275	3600		270.62		 156207871		1542.00
8885	1686188875	3600		270.60		 155665716		1558.00
8885	1686192475	3600		270.41		 150548026		1536.00
8885	1686196075	3600		269.65		 128662232		1519.00
8885	1686199675	3600		269.53		 124636529		1511.00
8885	1686203275	3600		269.09		 115661612		1482.00
8885	1686206875	3600		268.89		 105187646		1500.00
8885	1686210475	3600		268.67		  97765223		1494.00
8885	1686214075	3600		268.34		  89706352		1489.00
8885	1686217156	3081		268.20		  85083773		1486.00
8886	1686218356	1200		261.17		  85083773		-999.00
8887	1686221956	3600		261.07		  85083773		-999.00
8888	1686225556	3600		261.20		  85083773		-999.00
8889	1686229156	3600		261.14		  85083773		-999.00
8890	1686232756	3600		261.23		  85083773		-999.00
8891	1686236356	3600		261.23		  85083773		-999.00
8892	1686239956	3600		261.23		  85083773		-999.00
8893	1686243556	3600		261.08		  85083773		-999.00
8894	1686247156	3600		261.21		  85083773		-999.00
8895	1686250756	3600		261.21		  85083773		-999.00
8896	1686217156	-33600		261.31		  85083773		-999.00
8887	1686253850	1200		267.63		  65979638		1488.00
8887	1686257450	3600		269.79		 131815378		1551.00
8887	1686261050	3600		270.61		 156289285		1558.00
8887	1686264650	3600		270.62		 156450226		1566.00
8887	1686268250	3600		270.02		 140218317		1540.00
8887	1686270642	2392		269.94		 136237209		1541.00
8888	1686271842	1200		265.54		 136237209		-999.00
8889	1686275442	3600		265.61		 136237209		-999.00
8890	1686279042	3600		265.66		 136237209		-999.00
8891	1686282642	3600		261.02		 136237209		-999.00
8892	1686286242	3600		261.22		 136237209		-999.00
8893	1686289842	3600		261.26		 136237209		-999.00
8894	1686293442	3600		261.23		 136237209		-999.00
8895	1686297042	3600		261.23		 136237209		-999.00
8896	1686300642	3600		265.71		 136237209		-999.00
8897	1686304242	3600		261.26		 136237209		-999.00
8898	1686307842	3600		261.25		 136237209		-999.00
8899	1686270642	-37200		261.86		 136237209		-999.00
8891	1686310181	1200		268.76		 102825497		1519.00
8891	1686313781	3600		270.37		 149743293		1557.00
8891	1686317381	3600		270.45		 152603937		1562.00
8891	1686320981	3600		270.49		 153231389		1569.00
8891	1686324581	3600		270.38		 152397595		1551.00
8891	1686328181	3600		270.11		 141769888		1548.00
8891	1686331781	3600		269.66		 127987667		1542.00
8891	1686335381	3600		269.30		 117465554		1527.00
8891	1686338981	3600		268.95		 107004235		1519.00
8891	1686342581	3600		268.71		  99001106		1516.00
8891	1686346181	3600		268.41		  91457840		1510.00
8891	1686349781	3600		268.12		  85126957		1481.00
8891	1686353381	3600		268.02		  78232050		1492.00
8891	1686356981	3600		267.87		  73178469		1499.00
8891	1686359440	2459		267.72		  69509522		1491.00
8892	1686360640	1200		261.14		  69509522		-999.00
8893	1686364240	3600		261.09		  69509522		-999.00
8894	1686367840	3600		261.20		  69509522		-999.00
8895	1686371440	3600		261.20		  69509522		-999.00
8896	1686359440	-12000		261.39		  69509522		-999.00
8894	1686375142	1200		267.79		  71075643		1514.00
8894	1686378742	3600		270.08		 140169879		1574.00
8894	1686382342	3600		270.53		 154038762		1574.00
8894	1686385942	3600		270.46		 152506357		1574.00
8894	1686389542	3600		270.48		 153495948		1574.00
8894	1686393142	3600		270.13		 141775559		1565.00
8894	1686396742	3600		269.64		 129105235		1546.00
8894	1686400342	3600		269.27		 116789948		1537.00
8894	1686403942	3600		268.98		 107125621		1529.00
8894	1686407542	3600		268.71		  99368009		1525.00
8894	1686410936	3394		268.41		  92166968		1518.00
8895	1686412136	1200		265.35		  92166968		-999.00
8896	1686415736	3600		265.58		  92166968		-999.00
8897	1686419336	3600		265.62		  92166968		-999.00
8898	1686422936	3600		265.51		  92166968		-999.00
8899	1686426536	3600		265.69		  92166968		-999.00
8900	1686430136	3600		261.13		  92166968		-999.00
8901	1686433736	3600		261.18		  92166968		-999.00
8902	1686410936	-22800		261.69		  92166968		-999.00
8895	1686435772	1200		267.71		  67052589		1511.00
8895	1686439372	3600		269.85		 134003196		1569.00
8895	1686442972	3600		270.46		 152909584		1581.00
8895	1686446572	3600		270.50		 154117592		1582.00
8895	1686450172	3600		270.46		 152801255		1576.00
8895	1686453772	3600		270.52		 153694065		1583.00
8895	1686457372	3600		270.18		 143666490		1571.00
8895	1686460972	3600		269.69		 129840960		1563.00
8895	1686464572	3600		269.34		 119414547		1547.00
8895	1686466144	1572		269.12		 111097333		1545.00
8896	1686467344	1200		265.28		 111097333		-999.00
8897	1686470944	3600		261.07		 111097333		-999.00
8898	1686474544	3600		261.24		 111097333		-999.00
8899	1686466144	-8400		261.79		 111097333		-999.00
8896	1686476753	1200		267.43		  77604935		1390.00
8896	1686480353	3600		270.21		 145225831		1585.00
8896	1686483953	3600		270.49		 154925094		1577.00
8896	1686487553	3600		270.50		 154151392		1592.00
8896	1686491153	3600		270.46		 152555778		1588.00
8896	1686494753	3600		270.50		 153981771		1594.00
8896	1686498353	3600		270.14		 141864882		1584.00
8896	1686501953	3600		269.69		 129636082		1572.00
8896	1686504576	2623		269.37		 118877007		1558.00
8897	1686505776	1200		265.46		 118877007		-999.00
8898	1686509376	3600		261.18		 118877007		-999.00
8899	1686512976	3600		261.17		 118877007		-999.00
8900	1686516576	3600		265.68		 118877007		-999.00
8901	1686520176	3600		265.87		 118877007		-999.00
8902	1686523776	3600		265.92		 118877007		-999.00
8903	1686527376	3600		265.91		 118877007		-999.00
8904	1686530976	3600		265.91		 118877007		-999.00
8905	1686534576	3600		265.87		 118877007		-999.00
8906	1686538176	3600		265.83		 118877007		-999.00
8907	1686541776	3600		265.79		 118877007		-999.00
8908	1686545376	3600		265.79		 118877007		-999.00
8909	1686548976	3600		265.76		 118877007		-999.00
8910	1686552576	3600		265.68		 118877007		-999.00
8911	1686556176	3600		265.19		 118877007		-999.00
8912	1686559776	3600		265.27		 118877007		-999.00
8913	1686563376	3600		265.59		 118877007		-999.00
8914	1686566976	3600		265.58		 118877007		-999.00
8915	1686570576	3600		265.68		 118877007		-999.00
8916	1686574176	3600		265.58		 118877007		-999.00
8917	1686577776	3600		265.68		 118877007		-999.00
8918	1686581376	3600		265.72		 118877007		-999.00
8919	1686584976	3600		265.70		 118877007		-999.00
8920	1686588576	3600		265.77		 118877007		-999.00
8921	1686592176	3600		265.73		 118877007		-999.00
8922	1686595776	3600		265.73		 118877007		-999.00
8923	1686599376	3600		265.73		 118877007		-999.00
8924	1686602976	3600		265.73		 118877007		-999.00
8925	1686606576	3600		265.73		 118877007		-999.00
8926	1686610176	3600		265.73		 118877007		-999.00
8927	1686613776	3600		261.17		 118877007		-999.00
8928	1686504576	-109200		261.80		 118877007		-999.00
8901	1686617242	1200		267.77		  67742699		1546.00
8901	1686620842	3600		269.93		 133126759		1611.00
8901	1686624442	3600		270.44		 152385197		1605.00
8901	1686628042	3600		270.48		 153699326		1612.00
8901	1686631642	3600		270.50		 152935903		1616.00
8901	1686635242	3600		270.42		 151668998		1597.00
8901	1686638842	3600		270.01		 140084230		1587.00
8901	1686639722	880		261.15		 132503975		 19.50
8902	1686640922	1200		265.40		 132503975		-999.00
8903	1686644522	3600		265.62		 132503975		-999.00
8904	1686648122	3600		255.92		 132503975		-999.00
8905	1686651722	3600		255.69		 132503975		-999.00
8906	1686655322	3600		256.01		 132503975		-999.00
8907	1686658922	3600		255.87		 132503975		-999.00
8908	1686662522	3600		255.82		 132503975		-999.00
8909	1686666122	3600		255.89		 132503975		-999.00
8910	1686669722	3600		255.82		 132503975		-999.00
8911	1686673322	3600		255.74		 132503975		-999.00
8912	1686676922	3600		255.98		 132503975		-999.00
8913	1686680522	3600		255.94		 132503975		-999.00
8914	1686684122	3600		255.80		 132503975		-999.00
8915	1686687722	3600		255.77		 132503975		-999.00
8916	1686691322	3600		255.88		 132503975		-999.00
8917	1686694922	3600		255.76		 132503975		-999.00
8918	1686698522	3600		255.70		 132503975		-999.00
8919	1686702122	3600		255.81		 132503975		-999.00
8920	1686705722	3600		255.90		 132503975		-999.00
8921	1686709322	3600		255.78		 132503975		-999.00
8922	1686712922	3600		255.75		 132503975		-999.00
8923	1686716522	3600		255.88		 132503975		-999.00
8924	1686720122	3600		255.89		 132503975		-999.00
8925	1686723722	3600		255.77		 132503975		-999.00
8926	1686727322	3600		255.96		 132503975		-999.00
8927	1686730922	3600		255.85		 132503975		-999.00
8928	1686734522	3600		255.80		 132503975		-999.00
8929	1686738122	3600		255.89		 132503975		-999.00
8930	1686741722	3600		255.87		 132503975		-999.00
8931	1686745322	3600		255.78		 132503975		-999.00
8932	1686748922	3600		255.75		 132503975		-999.00
8933	1686752522	3600		256.01		 132503975		-999.00
8934	1686756122	3600		256.07		 132503975		-999.00
8935	1686759722	3600		255.84		 132503975		-999.00
8936	1686763322	3600		255.86		 132503975		-999.00
8937	1686766922	3600		255.77		 132503975		-999.00
8938	1686770522	3600		255.83		 132503975		-999.00
8939	1686774122	3600		255.88		 132503975		-999.00
8940	1686777722	3600		255.99		 132503975		-999.00
8941	1686781322	3600		255.85		 132503975		-999.00
8942	1686784922	3600		255.75		 132503975		-999.00
8943	1686788522	3600		255.84		 132503975		-999.00
8944	1686792122	3600		255.88		 132503975		-999.00
8945	1686795722	3600		255.89		 132503975		-999.00
8946	1686799322	3600		255.86		 132503975		-999.00
8947	1686802922	3600		255.88		 132503975		-999.00
8948	1686806522	3600		255.64		 132503975		-999.00
8949	1686810122	3600		255.87		 132503975		-999.00
8950	1686813722	3600		255.91		 132503975		-999.00
8951	1686817322	3600		255.90		 132503975		-999.00
8952	1686820922	3600		255.93		 132503975		-999.00
8953	1686824522	3600		255.95		 132503975		-999.00
8954	1686828122	3600		255.88		 132503975		-999.00
8955	1686831722	3600		255.85		 132503975		-999.00
8956	1686835322	3600		255.84		 132503975		-999.00
8957	1686838922	3600		255.90		 132503975		-999.00
8958	1686842522	3600		255.89		 132503975		-999.00
8959	1686846122	3600		255.93		 132503975		-999.00
8960	1686849722	3600		255.77		 132503975		-999.00
8961	1686853322	3600		255.92		 132503975		-999.00
8962	1686856922	3600		255.84		 132503975		-999.00
8963	1686860522	3600		255.80		 132503975		-999.00
8964	1686864122	3600		255.71		 132503975		-999.00
8965	1686867722	3600		255.82		 132503975		-999.00
8966	1686871322	3600		255.88		 132503975		-999.00
8967	1686874922	3600		255.98		 132503975		-999.00
8968	1686878522	3600		255.96		 132503975		-999.00
8969	1686882122	3600		255.88		 132503975		-999.00
8970	1686885722	3600		255.96		 132503975		-999.00
8971	1686889322	3600		256.00		 132503975		-999.00
8972	1686892922	3600		255.97		 132503975		-999.00
8973	1686896522	3600		255.93		 132503975		-999.00
8974	1686900122	3600		255.78		 132503975		-999.00
8975	1686903722	3600		255.96		 132503975		-999.00
8976	1686907322	3600		255.75		 132503975		-999.00
8977	1686910922	3600		255.76		 132503975		-999.00
8978	1686914522	3600		255.81		 132503975		-999.00
8979	1686918122	3600		255.81		 132503975		-999.00
8980	1686921722	3600		255.94		 132503975		-999.00
8981	1686925322	3600		256.03		 132503975		-999.00
8982	1686928922	3600		256.01		 132503975		-999.00
8983	1686932522	3600		255.97		 132503975		-999.00
8984	1686936122	3600		255.91		 132503975		-999.00
8985	1686939722	3600		255.96		 132503975		-999.00
8986	1686943322	3600		255.86		 132503975		-999.00
8987	1686946922	3600		255.84		 132503975		-999.00
8988	1686950522	3600		255.84		 132503975		-999.00
8989	1686954122	3600		255.75		 132503975		-999.00
8990	1686957722	3600		255.88		 132503975		-999.00
8991	1686961322	3600		255.90		 132503975		-999.00
8992	1686964922	3600		255.84		 132503975		-999.00
8993	1686968522	3600		255.92		 132503975		-999.00
8994	1686972122	3600		256.03		 132503975		-999.00
8995	1686975722	3600		255.84		 132503975		-999.00
8996	1686979322	3600		255.85		 132503975		-999.00
8997	1686982922	3600		255.92		 132503975		-999.00
8998	1686986522	3600		255.75		 132503975		-999.00
8999	1686990122	3600		255.76		 132503975		-999.00
9000	1686993722	3600		255.82		 132503975		-999.00
9001	1686997322	3600		255.95		 132503975		-999.00
9002	1687000922	3600		255.88		 132503975		-999.00
9003	1687004522	3600		255.99		 132503975		-999.00
9004	1687008122	3600		255.97		 132503975		-999.00
9005	1687011722	3600		255.79		 132503975		-999.00
9006	1687015322	3600		255.89		 132503975		-999.00
9007	1687018922	3600		255.81		 132503975		-999.00
9008	1687022522	3600		255.99		 132503975		-999.00
9009	1687026122	3600		255.91		 132503975		-999.00
9010	1687029722	3600		255.92		 132503975		-999.00
9011	1687033322	3600		255.95		 132503975		-999.00
9012	1687036922	3600		255.96		 132503975		-999.00
9013	1687040522	3600		255.87		 132503975		-999.00
9014	1687044122	3600		255.89		 132503975		-999.00
9015	1687047722	3600		255.86		 132503975		-999.00
9016	1687051322	3600		255.96		 132503975		-999.00
9017	1687054922	3600		255.92		 132503975		-999.00
9018	1687058522	3600		255.99		 132503975		-999.00
9019	1687062122	3600		255.84		 132503975		-999.00
9020	1687065722	3600		255.88		 132503975		-999.00
9021	1687069322	3600		255.74		 132503975		-999.00
9022	1687072922	3600		255.76		 132503975		-999.00
9023	1687076522	3600		255.83		 132503975		-999.00
9024	1687080122	3600		255.89		 132503975		-999.00
9025	1687083722	3600		255.79		 132503975		-999.00
9026	1687087322	3600		255.77		 132503975		-999.00
9027	1687090922	3600		255.76		 132503975		-999.00
9028	1687094522	3600		255.79		 132503975		-999.00
9029	1687098122	3600		255.87		 132503975		-999.00
9030	1687101722	3600		255.76		 132503975		-999.00
9031	1687105322	3600		255.75		 132503975		-999.00
9032	1687108922	3600		255.81		 132503975		-999.00
9033	1687112522	3600		255.86		 132503975		-999.00
9034	1687116122	3600		255.84		 132503975		-999.00
9035	1687119722	3600		256.01		 132503975		-999.00
9036	1687123322	3600		256.02		 132503975		-999.00
9037	1687126922	3600		255.79		 132503975		-999.00
9038	1687130522	3600		255.86		 132503975		-999.00
9039	1687134122	3600		255.74		 132503975		-999.00
9040	1687137722	3600		255.85		 132503975		-999.00
9041	1687141322	3600		255.89		 132503975		-999.00
9042	1687144922	3600		255.75		 132503975		-999.00
9043	1687148522	3600		255.85		 132503975		-999.00
9044	1687152122	3600		255.80		 132503975		-999.00
9045	1687155722	3600		255.82		 132503975		-999.00
9046	1687159322	3600		255.82		 132503975		-999.00
9047	1687162922	3600		255.76		 132503975		-999.00
9048	1687166522	3600		255.71		 132503975		-999.00
9049	1687170122	3600		255.83		 132503975		-999.00
9050	1687173722	3600		255.82		 132503975		-999.00
9051	1687177322	3600		261.38		 132503975		-999.00
9052	1687180922	3600		265.05		 132503975		-999.00
9053	1687184522	3600		265.30		 132503975		-999.00
9054	1687188122	3600		265.50		 132503975		-999.00
9055	1687191722	3600		265.74		 132503975		-999.00
9056	1687195322	3600		265.53		 132503975		-999.00
9057	1687198922	3600		265.63		 132503975		-999.00
9058	1687202522	3600		265.67		 132503975		-999.00
9059	1687206122	3600		265.71		 132503975		-999.00
9060	1687209722	3600		265.63		 132503975		-999.00
9061	1687213322	3600		265.71		 132503975		-999.00
9062	1687216922	3600		265.71		 132503975		-999.00
9063	1687220522	3600		265.71		 132503975		-999.00
9064	1687224122	3600		265.71		 132503975		-999.00
9065	1687227722	3600		265.71		 132503975		-999.00
9066	1687231322	3600		265.71		 132503975		-999.00
9067	1687234922	3600		265.71		 132503975		-999.00
9068	1687238522	3600		265.56		 132503975		-999.00
9069	1687242122	3600		265.29		 132503975		-999.00
9070	1687245722	3600		265.32		 132503975		-999.00
9071	1687249322	3600		265.16		 132503975		-999.00
9072	1687252922	3600		264.92		 132503975		-999.00
9073	1687256522	3600		265.06		 132503975		-999.00
9074	1687260122	3600		265.18		 132503975		-999.00
9075	1687263722	3600		265.42		 132503975		-999.00
9076	1687267322	3600		265.35		 132503975		-999.00
9077	1687270922	3600		265.65		 132503975		-999.00
9078	1687274522	3600		265.62		 132503975		-999.00
9079	1687278122	3600		265.62		 132503975		-999.00
9080	1687281722	3600		265.57		 132503975		-999.00
9081	1687285322	3600		265.66		 132503975		-999.00
9082	1687288922	3600		265.57		 132503975		-999.00
9083	1687292522	3600		265.57		 132503975		-999.00
9084	1687296122	3600		265.66		 132503975		-999.00
9085	1687299722	3600		265.64		 132503975		-999.00
9086	1687303322	3600		265.64		 132503975		-999.00
9087	1687306922	3600		265.64		 132503975		-999.00
9088	1687310522	3600		265.64		 132503975		-999.00
9089	1687314122	3600		265.64		 132503975		-999.00
9090	1687317722	3600		265.64		 132503975		-999.00
9091	1687321322	3600		265.64		 132503975		-999.00
9092	1687324922	3600		265.64		 132503975		-999.00
9093	1687328522	3600		265.24		 132503975		-999.00
9094	1687332122	3600		261.27		 132503975		-999.00
9095	1687335722	3600		261.41		 132503975		-999.00
9096	1687339322	3600		265.23		 132503975		-999.00
9097	1687342922	3600		265.35		 132503975		-999.00
9098	1687346522	3600		265.35		 132503975		-999.00
9099	1687350122	3600		265.36		 132503975		-999.00
9100	1687353722	3600		265.38		 132503975		-999.00
9101	1687357322	3600		265.68		 132503975		-999.00
9102	1687360922	3600		265.20		 132503975		-999.00
9103	1687364522	3600		265.24		 132503975		-999.00
9104	1687368122	3600		265.62		 132503975		-999.00
9105	1687371722	3600		265.64		 132503975		-999.00
9106	1687375322	3600		265.64		 132503975		-999.00
9107	1687378922	3600		265.64		 132503975		-999.00
9108	1687382522	3600		265.64		 132503975		-999.00
9109	1687386122	3600		265.62		 132503975		-999.00
9110	1687389722	3600		265.61		 132503975		-999.00
9111	1687393322	3600		265.61		 132503975		-999.00
9112	1687396922	3600		265.61		 132503975		-999.00
9113	1687400522	3600		265.61		 132503975		-999.00
9114	1687404122	3600		265.61		 132503975		-999.00
9115	1687407722	3600		265.16		 132503975		-999.00
9116	1687411322	3600		265.36		 132503975		-999.00
9117	1687414922	3600		265.33		 132503975		-999.00
9118	1687418522	3600		265.32		 132503975		-999.00
9119	1687422122	3600		265.32		 132503975		-999.00
9120	1687425722	3600		265.29		 132503975		-999.00
9121	1687429322	3600		265.41		 132503975		-999.00
9122	1687432922	3600		265.41		 132503975		-999.00
9123	1687436522	3600		265.41		 132503975		-999.00
9124	1687440122	3600		265.61		 132503975		-999.00
9125	1687443722	3600		265.57		 132503975		-999.00
9126	1687447322	3600		265.22		 132503975		-999.00
9127	1687450922	3600		265.35		 132503975		-999.00
9128	1687454522	3600		265.53		 132503975		-999.00
9129	1687458122	3600		265.60		 132503975		-999.00
9130	1687461722	3600		265.60		 132503975		-999.00
9131	1687465322	3600		265.60		 132503975		-999.00
9132	1687468922	3600		265.60		 132503975		-999.00
9133	1687472522	3600		265.60		 132503975		-999.00
9134	1687476122	3600		265.60		 132503975		-999.00
9135	1687479722	3600		265.60		 132503975		-999.00
9136	1687483322	3600		265.60		 132503975		-999.00
9137	1687486922	3600		265.60		 132503975		-999.00
9138	1687490522	3600		265.60		 132503975		-999.00
9139	1687494122	3600		265.60		 132503975		-999.00
9140	1687497722	3600		265.46		 132503975		-999.00
9141	1687501322	3600		265.43		 132503975		-999.00
9142	1687504922	3600		265.43		 132503975		-999.00
9143	1687508522	3600		265.39		 132503975		-999.00
9144	1687512122	3600		265.43		 132503975		-999.00
9145	1687515722	3600		265.39		 132503975		-999.00
9146	1687519322	3600		265.31		 132503975		-999.00
9147	1687522922	3600		265.48		 132503975		-999.00
9148	1687526522	3600		265.57		 132503975		-999.00
9149	1687530122	3600		265.46		 132503975		-999.00
9150	1687533722	3600		265.02		 132503975		-999.00
9151	1687537322	3600		265.56		 132503975		-999.00
9152	1687540922	3600		265.56		 132503975		-999.00
9153	1687544522	3600		265.45		 132503975		-999.00
9154	1687548122	3600		265.57		 132503975		-999.00
9155	1687551722	3600		265.57		 132503975		-999.00
9156	1687555322	3600		265.65		 132503975		-999.00
9157	1687558922	3600		265.69		 132503975		-999.00
9158	1687562522	3600		265.69		 132503975		-999.00
9159	1687566122	3600		265.69		 132503975		-999.00
9160	1687569722	3600		265.69		 132503975		-999.00
9161	1687573322	3600		265.69		 132503975		-999.00
9162	1687576922	3600		265.69		 132503975		-999.00
9163	1687580522	3600		265.69		 132503975		-999.00
9164	1687584122	3600		265.65		 132503975		-999.00
9165	1687587722	3600		265.61		 132503975		-999.00
9166	1687591322	3600		265.60		 132503975		-999.00
9167	1687594922	3600		265.48		 132503975		-999.00
9168	1687598522	3600		265.52		 132503975		-999.00
9169	1687602122	3600		265.67		 132503975		-999.00
9170	1687605722	3600		265.63		 132503975		-999.00
9171	1687609322	3600		265.67		 132503975		-999.00
9172	1687612922	3600		265.66		 132503975		-999.00
9173	1687616522	3600		265.66		 132503975		-999.00
9174	1687620122	3600		261.23		 132503975		-999.00
9175	1687623722	3600		261.22		 132503975		-999.00
9176	1687627322	3600		261.21		 132503975		-999.00
9177	1687630922	3600		261.17		 132503975		-999.00
9178	1687634522	3600		261.17		 132503975		-999.00
9179	1687638122	3600		261.17		 132503975		-999.00
9180	1687641722	3600		261.14		 132503975		-999.00
9181	1687645322	3600		261.21		 132503975		-999.00
9182	1687648922	3600		261.17		 132503975		-999.00
9183	1687652522	3600		261.14		 132503975		-999.00
9184	1687656122	3600		261.14		 132503975		-999.00
9185	1687659722	3600		261.14		 132503975		-999.00
9186	1687663322	3600		261.16		 132503975		-999.00
9187	1687666922	3600		261.16		 132503975		-999.00
9188	1687670522	3600		261.17		 132503975		-999.00
9189	1687674122	3600		261.13		 132503975		-999.00
9190	1687677722	3600		261.13		 132503975		-999.00
9191	1687681322	3600		261.17		 132503975		-999.00
9192	1687684922	3600		261.13		 132503975		-999.00
9193	1687688522	3600		261.13		 132503975		-999.00
9194	1687692122	3600		261.13		 132503975		-999.00
9195	1687695722	3600		261.17		 132503975		-999.00
9196	1687699322	3600		261.13		 132503975		-999.00
9197	1687702922	3600		261.13		 132503975		-999.00
9198	1687706522	3600		261.13		 132503975		-999.00
9199	1687710122	3600		261.13		 132503975		-999.00
9200	1687713722	3600		261.13		 132503975		-999.00
9201	1687717322	3600		261.13		 132503975		-999.00
9202	1687720922	3600		261.13		 132503975		-999.00
9203	1687724522	3600		261.11		 132503975		-999.00
9204	1687728122	3600		261.12		 132503975		-999.00
9205	1687731722	3600		261.17		 132503975		-999.00
9206	1687735322	3600		261.11		 132503975		-999.00
9207	1687738922	3600		261.13		 132503975		-999.00
9208	1687742522	3600		261.13		 132503975		-999.00
9209	1687746122	3600		261.13		 132503975		-999.00
9210	1687749722	3600		261.13		 132503975		-999.00
9211	1687753322	3600		261.13		 132503975		-999.00
9212	1687756922	3600		261.09		 132503975		-999.00
9213	1687760522	3600		261.11		 132503975		-999.00
9214	1687764122	3600		261.15		 132503975		-999.00
9215	1687767722	3600		261.15		 132503975		-999.00
9216	1687771322	3600		261.15		 132503975		-999.00
9217	1687774922	3600		261.15		 132503975		-999.00
9218	1687778522	3600		261.08		 132503975		-999.00
9219	1687782122	3600		261.12		 132503975		-999.00
9220	1687785722	3600		261.15		 132503975		-999.00
9221	1687789322	3600		261.11		 132503975		-999.00
9222	1687792922	3600		261.17		 132503975		-999.00
9223	1687796522	3600		261.21		 132503975		-999.00
9224	1687800122	3600		261.21		 132503975		-999.00
9225	1687803722	3600		261.21		 132503975		-999.00
9226	1687807322	3600		261.21		 132503975		-999.00
9227	1687810922	3600		261.01		 132503975		-999.00
9228	1687814522	3600		261.15		 132503975		-999.00
9229	1687818122	3600		261.20		 132503975		-999.00
9230	1687821722	3600		261.20		 132503975		-999.00
9231	1687825322	3600		260.96		 132503975		-999.00
9232	1687828922	3600		261.20		 132503975		-999.00
9233	1687832522	3600		265.57		 132503975		-999.00
9234	1687836122	3600		265.60		 132503975		-999.00
9235	1687839722	3600		265.41		 132503975		-999.00
9236	1687843322	3600		265.35		 132503975		-999.00
9237	1687846922	3600		265.18		 132503975		-999.00
9238	1687850522	3600		265.31		 132503975		-999.00
9239	1687854122	3600		265.24		 132503975		-999.00
9240	1687857722	3600		265.24		 132503975		-999.00
9241	1687861322	3600		265.24		 132503975		-999.00
9242	1687864922	3600		265.24		 132503975		-999.00
9243	1687868522	3600		265.24		 132503975		-999.00
9244	1687872122	3600		265.24		 132503975		-999.00
9245	1687875722	3600		265.62		 132503975		-999.00
9246	1687879322	3600		265.66		 132503975		-999.00
9247	1687882922	3600		261.06		 132503975		-999.00
9248	1687886522	3600		261.23		 132503975		-999.00
9249	1687890122	3600		261.23		 132503975		-999.00
9250	1687893722	3600		261.23		 132503975		-999.00
9251	1687897322	3600		261.23		 132503975		-999.00
9252	1687900922	3600		261.23		 132503975		-999.00
9253	1687904522	3600		261.23		 132503975		-999.00
9254	1687908122	3600		265.53		 132503975		-999.00
9255	1687911722	3600		265.68		 132503975		-999.00
9256	1687915322	3600		265.72		 132503975		-999.00
9257	1687918922	3600		265.68		 132503975		-999.00
9258	1687922522	3600		265.68		 132503975		-999.00
9259	1687926122	3600		265.72		 132503975		-999.00
9260	1687929722	3600		265.33		 132503975		-999.00
9261	1687933322	3600		261.19		 132503975		-999.00
9262	1687936922	3600		261.27		 132503975		-999.00
9263	1687940522	3600		261.18		 132503975		-999.00
9264	1686639722	-1300800		261.11		 132503975		-999.00
8997	1687942253	1200		265.46		     51051		1453.00
8997	1687945853	3600		265.43		     74957		1448.00
8997	1687949453	3600		265.47		     74535		1441.00
8997	1687953053	3600		265.47		     73067		1440.00
8997	1687956653	3600		265.47		     73707		1443.00
8997	1687960253	3600		265.47		     72787		1440.00
8997	1687963853	3600		265.12		     56250		1355.00
8997	1687965573	1720		265.45		     52953		1438.00
8998	1687966773	1200		261.06		     52953		-999.00
8999	1687970373	3600		261.26		     52953		-999.00
9000	1687973973	3600		261.29		     52953		-999.00
9001	1687965573	-8400		261.64		     52953		-999.00
8999	1687977456	1200		265.50		     45879		1453.00
8999	1687981056	3600		265.46		     41951		1445.00
8999	1687984656	3600		265.40		     33891		1430.00
8999	1687988256	3600		265.29		     39161		1416.00
8999	1687991856	3600		265.74		     32024		1540.00
8999	1687995456	3600		265.23		     34187		1405.00
8999	1687999056	3600		265.39		     74328		1425.00
8999	1688002656	3600		265.43		     74714		1432.00
8999	1688006256	3600		265.39		     74712		1428.00
8999	1688009856	3600		265.14		     66225		1400.00
8999	1688013456	3600		265.80		     32122		1547.00
8999	1688017056	3600		265.43		     28561		1458.00
8999	1688020656	3600		265.45		     34836		1454.00
8999	1688024256	3600		265.61		     29137		1481.00
8999	1688027856	3600		265.81		     41858		1539.00
8999	1688031456	3600		265.26		     47053		1408.00
8999	1688035056	3600		265.37		     74194		1426.00
8999	1688038656	3600		265.37		     75075		1424.00
8999	1688042256	3600		265.37		     74680		1426.00
8999	1688045856	3600		265.37		     75446		1424.00
8999	1688049456	3600		265.37		     74665		1422.00
8999	1688053056	3600		265.37		     56617		1427.00
8999	1688056656	3600		265.37		     58621		1427.00
8999	1688060256	3600		265.65		     40520		1480.00
8999	1688062778	2522		265.26		     67412		1403.00
9095	1693551832	1200		265.52		      1152		1531.00
9095	1693552464	632		265.48		      1110		1532.00
9096	1693553664	1200		260.93		      1110		-999.00
9097	1693557264	3600		265.64		      1110		-999.00
9098	1693560864	3600		265.66		      1110		-999.00
9099	1693564464	3600		265.60		      1110		-999.00
9100	1693568064	3600		265.69		      1110		-999.00
9101	1693571664	3600		261.05		      1110		-999.00
9102	1693575264	3600		261.13		      1110		-999.00
9103	1693578864	3600		261.23		      1110		-999.00
9104	1693582464	3600		261.23		      1110		-999.00
9105	1693586064	3600		261.23		      1110		-999.00
9106	1693589664	3600		261.23		      1110		-999.00
9107	1693593264	3600		261.23		      1110		-999.00
9108	1693596864	3600		261.23		      1110		-999.00
9109	1693600464	3600		261.23		      1110		-999.00
9110	1693604064	3600		261.23		      1110		-999.00
9111	1693607664	3600		261.23		      1110		-999.00
9112	1693611264	3600		261.23		      1110		-999.00
9113	1693614864	3600		261.23		      1110		-999.00
9114	1693618464	3600		261.18		      1110		-999.00
9115	1693622064	3600		265.46		      1110		-999.00
9116	1693625664	3600		265.65		      1110		-999.00
9117	1693629264	3600		265.61		      1110		-999.00
9118	1693632864	3600		265.61		      1110		-999.00
9119	1693636464	3600		265.62		      1110		-999.00
9120	1693640064	3600		265.61		      1110		-999.00
9121	1693643664	3600		265.61		      1110		-999.00
9122	1693647264	3600		261.19		      1110		-999.00
9123	1693650864	3600		261.10		      1110		-999.00
9124	1693654464	3600		261.19		      1110		-999.00
9125	1693658064	3600		261.15		      1110		-999.00
9126	1693661664	3600		261.17		      1110		-999.00
9127	1693665264	3600		261.11		      1110		-999.00
9128	1693668864	3600		261.21		      1110		-999.00
9129	1693672464	3600		261.21		      1110		-999.00
9130	1693676064	3600		261.21		      1110		-999.00
9131	1693679664	3600		261.21		      1110		-999.00
9132	1693683264	3600		261.17		      1110		-999.00
9133	1693686864	3600		261.21		      1110		-999.00
9134	1693690464	3600		261.07		      1110		-999.00
9135	1693694064	3600		261.18		      1110		-999.00
9136	1693697664	3600		261.18		      1110		-999.00
9137	1693701264	3600		261.18		      1110		-999.00
9138	1693704864	3600		261.22		      1110		-999.00
9139	1693708464	3600		261.20		      1110		-999.00
9140	1693712064	3600		260.90		      1110		-999.00
9141	1693715664	3600		261.12		      1110		-999.00
9142	1693719264	3600		261.24		      1110		-999.00
9143	1693722864	3600		265.60		      1110		-999.00
9144	1693726464	3600		265.61		      1110		-999.00
9145	1693730064	3600		265.61		      1110		-999.00
9146	1693733664	3600		265.61		      1110		-999.00
9147	1693737264	3600		265.57		      1110		-999.00
9148	1693740864	3600		261.14		      1110		-999.00
9149	1693744464	3600		261.19		      1110		-999.00
9150	1693748064	3600		261.23		      1110		-999.00
9151	1693751664	3600		261.19		      1110		-999.00
9152	1693755264	3600		261.24		      1110		-999.00
9153	1693758864	3600		261.20		      1110		-999.00
9154	1693762464	3600		261.20		      1110		-999.00
9155	1693766064	3600		261.19		      1110		-999.00
9156	1693769664	3600		260.97		      1110		-999.00
9157	1693773264	3600		261.22		      1110		-999.00
9158	1693776864	3600		261.22		      1110		-999.00
9159	1693780464	3600		261.16		      1110		-999.00
9160	1693784064	3600		261.24		      1110		-999.00
9161	1693787664	3600		261.21		      1110		-999.00
9162	1693791264	3600		261.21		      1110		-999.00
9163	1693794864	3600		261.22		      1110		-999.00
9164	1693798464	3600		261.18		      1110		-999.00
9165	1693802064	3600		261.18		      1110		-999.00
9166	1693805664	3600		261.20		      1110		-999.00
9167	1693809264	3600		261.19		      1110		-999.00
9168	1693812864	3600		261.19		      1110		-999.00
9169	1693816464	3600		261.19		      1110		-999.00
9170	1693820064	3600		261.19		      1110		-999.00
9171	1693823664	3600		261.19		      1110		-999.00
9172	1693827264	3600		261.19		      1110		-999.00
9173	1693830864	3600		261.06		      1110		-999.00
9174	1693834464	3600		261.19		      1110		-999.00
9175	1693838064	3600		261.18		      1110		-999.00
9176	1693841664	3600		261.18		      1110		-999.00
9177	1693845264	3600		261.18		      1110		-999.00
9178	1693848864	3600		261.18		      1110		-999.00
9179	1693852464	3600		261.18		      1110		-999.00
9180	1693856064	3600		261.18		      1110		-999.00
9181	1693859664	3600		261.21		      1110		-999.00
9182	1693863264	3600		261.21		      1110		-999.00
9183	1693866864	3600		261.14		      1110		-999.00
9184	1693870464	3600		261.22		      1110		-999.00
9185	1693874064	3600		261.22		      1110		-999.00
9186	1693877664	3600		261.22		      1110		-999.00
9187	1693881264	3600		261.22		      1110		-999.00
9188	1693884864	3600		261.22		      1110		-999.00
9189	1693888464	3600		261.14		      1110		-999.00
9190	1693892064	3600		261.14		      1110		-999.00
9191	1693895664	3600		261.14		      1110		-999.00
9192	1693899264	3600		261.14		      1110		-999.00
9193	1693902864	3600		261.14		      1110		-999.00
9194	1693906464	3600		261.14		      1110		-999.00
9195	1693910064	3600		261.16		      1110		-999.00
9196	1693913664	3600		261.20		      1110		-999.00
9197	1693917264	3600		261.16		      1110		-999.00
9198	1693920864	3600		261.16		      1110		-999.00
9199	1693924464	3600		261.20		      1110		-999.00
9200	1693928064	3600		261.20		      1110		-999.00
9201	1693931664	3600		261.20		      1110		-999.00
9202	1693935264	3600		261.16		      1110		-999.00
9203	1693938864	3600		261.16		      1110		-999.00
9204	1693942464	3600		261.20		      1110		-999.00
9205	1693946064	3600		261.16		      1110		-999.00
9206	1693949664	3600		261.21		      1110		-999.00
9207	1693953264	3600		261.21		      1110		-999.00
9208	1693956864	3600		261.21		      1110		-999.00
9209	1693960464	3600		261.23		      1110		-999.00
9210	1693964064	3600		261.16		      1110		-999.00
9211	1693967664	3600		261.20		      1110		-999.00
9212	1693971264	3600		261.20		      1110		-999.00
9213	1693974864	3600		261.12		      1110		-999.00
9214	1693978464	3600		261.21		      1110		-999.00
9215	1693982064	3600		261.13		      1110		-999.00
9216	1693985664	3600		265.44		      1110		-999.00
9217	1693989264	3600		265.53		      1110		-999.00
9218	1693992864	3600		265.53		      1110		-999.00
9219	1693996464	3600		265.60		      1110		-999.00
9220	1694000064	3600		265.60		      1110		-999.00
9221	1694003664	3600		265.57		      1110		-999.00
9222	1694007264	3600		265.62		      1110		-999.00
9223	1694010864	3600		265.62		      1110		-999.00
9224	1694014464	3600		265.63		      1110		-999.00
9225	1694018064	3600		265.61		      1110		-999.00
9226	1694021664	3600		265.61		      1110		-999.00
9227	1694025264	3600		265.46		      1110		-999.00
9228	1694028864	3600		265.25		      1110		-999.00
9229	1694032464	3600		265.49		      1110		-999.00
9230	1694036064	3600		265.61		      1110		-999.00
9231	1694039664	3600		265.61		      1110		-999.00
9232	1694043264	3600		265.61		      1110		-999.00
9233	1694046864	3600		265.61		      1110		-999.00
9234	1694050464	3600		265.61		      1110		-999.00
9235	1694054064	3600		265.61		      1110		-999.00
9236	1694057664	3600		265.61		      1110		-999.00
9237	1694061264	3600		265.61		      1110		-999.00
9238	1694064864	3600		265.57		      1110		-999.00
9239	1694068464	3600		265.58		      1110		-999.00
9240	1694072064	3600		265.58		      1110		-999.00
9241	1694075664	3600		265.58		      1110		-999.00
9242	1694079264	3600		261.19		      1110		-999.00
9243	1694082864	3600		261.24		      1110		-999.00
9244	1694086464	3600		261.16		      1110		-999.00
9245	1693552464	-534000		261.19		      1110		-999.00
9128	1694090072	1200		265.47		     22959		1524.00
9128	1694093672	3600		265.47		     23332		1517.00
9128	1694097272	3600		265.47		     23387		1514.00
9128	1694100872	3600		265.45		     23925		1508.00
9128	1694104472	3600		265.49		     24185		1511.00
9128	1694108072	3600		265.49		     24764		1511.00
9128	1694111672	3600		265.45		     24887		1506.00
9128	1694115272	3600		265.49		     25504		1506.00
9128	1694118872	3600		265.49		     25636		1509.00
9128	1694122472	3600		265.45		     26093		1507.00
9128	1694126072	3600		265.49		     26658		1499.00
9128	1694129672	3600		265.41		     26893		1492.00
9128	1694132095	2423		261.63		     27166		 10.50
9129	1694133295	1200		261.15		     27166		-999.00
9130	1694136895	3600		265.62		     27166		-999.00
9131	1694140495	3600		265.53		     27166		-999.00
9132	1694144095	3600		261.36		     27166		-999.00
9133	1694147695	3600		261.24		     27166		-999.00
9134	1694151295	3600		261.16		     27166		-999.00
9135	1694154895	3600		261.16		     27166		-999.00
9136	1694158495	3600		261.16		     27166		-999.00
9137	1694162095	3600		261.16		     27166		-999.00
9138	1694165695	3600		261.16		     27166		-999.00
9139	1694169295	3600		261.16		     27166		-999.00
9140	1694172895	3600		261.20		     27166		-999.00
9141	1694176495	3600		261.16		     27166		-999.00
9142	1694180095	3600		261.27		     27166		-999.00
9143	1694183695	3600		261.19		     27166		-999.00
9144	1694187295	3600		261.15		     27166		-999.00
9145	1694190895	3600		261.15		     27166		-999.00
9146	1694194495	3600		261.15		     27166		-999.00
9147	1694198095	3600		261.15		     27166		-999.00
9148	1694201695	3600		261.15		     27166		-999.00
9149	1694205295	3600		261.19		     27166		-999.00
9150	1694208895	3600		261.15		     27166		-999.00
9151	1694212495	3600		261.15		     27166		-999.00
9152	1694216095	3600		261.19		     27166		-999.00
9153	1694219695	3600		261.15		     27166		-999.00
9154	1694223295	3600		261.15		     27166		-999.00
9155	1694226895	3600		261.15		     27166		-999.00
9156	1694230495	3600		261.23		     27166		-999.00
9157	1694234095	3600		261.23		     27166		-999.00
9158	1694237695	3600		261.15		     27166		-999.00
9159	1694241295	3600		261.19		     27166		-999.00
9160	1694244895	3600		261.15		     27166		-999.00
9161	1694248495	3600		261.23		     27166		-999.00
9162	1694252095	3600		261.15		     27166		-999.00
9163	1694255695	3600		261.23		     27166		-999.00
9164	1694132095	-123600		261.56		     27166		-999.00
9132	1694260024	1200		261.23		        25		  8.50
9132	1694263624	3600		261.19		       147		  8.50
9132	1694267224	3600		261.23		        17		  8.50
9132	1694270824	3600		261.23		        14		  8.50
9132	1694274424	3600		261.23		        14		  8.50
9132	1694278024	3600		261.19		        21		  8.50
9132	1694281624	3600		261.19		        32		  8.50
9132	1694285224	3600		261.15		        34		  8.50
9132	1694288824	3600		261.23		         2		  8.50
9132	1694290016	1192		261.23		         0		  8.50
9133	1694291216	1200		261.23		         0		-999.00
9134	1694294816	3600		261.15		         0		-999.00
9135	1694298416	3600		261.15		         0		-999.00
9136	1694302016	3600		261.19		         0		-999.00
9137	1694305616	3600		261.19		         0		-999.00
9138	1694309216	3600		261.15		         0		-999.00
9139	1694312816	3600		261.23		         0		-999.00
9140	1694316416	3600		261.15		         0		-999.00
9141	1694320016	3600		261.15		         0		-999.00
9142	1694323616	3600		261.15		         0		-999.00
9143	1694290016	-33600		261.23		         0		-999.00
9135	1694327675	1200		261.15		        19		  8.50
9135	1694331275	3600		261.19		        14		  8.50
9135	1694334875	3600		261.15		        12		  8.50
9135	1694338475	3600		261.15		        19		  8.50
9135	1694342075	3600		261.15		         8		  8.50
9135	1694343925	1850		261.15		         9		  8.50
9136	1694345125	1200		261.15		         9		-999.00
9137	1694348725	3600		261.15		         9		-999.00
9138	1694352325	3600		261.15		         9		-999.00
9139	1694355925	3600		261.15		         9		-999.00
9140	1694359525	3600		261.15		         9		-999.00
9141	1694363125	3600		261.15		         9		-999.00
9142	1694366725	3600		261.19		         9		-999.00
9143	1694370325	3600		261.15		         9		-999.00
9144	1694343925	-26400		261.15		         9		-999.00
9136	1694372695	1200		261.15		        19		  8.50
9136	1694376295	3600		261.15		        14		  8.50
9136	1694379895	3600		261.15		        12		  8.50
9136	1694383495	3600		261.15		        10		  8.50
9136	1694387095	3600		261.15		        10		  8.50
9136	1694387405	310		261.15		         0		  8.50
9137	1694388605	1200		261.15		         0		-999.00
9138	1694392205	3600		261.15		         0		-999.00
9139	1694395805	3600		261.15		         0		-999.00
9140	1694399405	3600		261.15		         0		-999.00
9141	1694403005	3600		261.15		         0		-999.00
9142	1694406605	3600		261.19		         0		-999.00
9143	1694410205	3600		261.15		         0		-999.00
9144	1694413805	3600		261.15		         0		-999.00
9145	1694417405	3600		261.19		         0		-999.00
9146	1694387405	-30000		261.15		         0		-999.00
9138	1694421354	1200		261.12		        12		  8.50
9138	1694424954	3600		261.16		        10		  8.50
9138	1694428554	3600		261.15		         8		  8.50
9138	1694430595	2041		261.15		         8		  8.50
9139	1694431795	1200		261.15		         8		-999.00
9140	1694435395	3600		265.53		         8		-999.00
9141	1694438995	3600		265.51		         8		-999.00
9142	1694442595	3600		265.60		         8		-999.00
9143	1694446195	3600		265.60		         8		-999.00
9144	1694449795	3600		265.60		         8		-999.00
9145	1694453395	3600		265.60		         8		-999.00
9146	1694456995	3600		265.60		         8		-999.00
9147	1694460595	3600		265.60		         8		-999.00
9148	1694464195	3600		265.58		         8		-999.00
9149	1694467795	3600		265.58		         8		-999.00
9150	1694471395	3600		265.62		         8		-999.00
9151	1694474995	3600		265.58		         8		-999.00
9152	1694478595	3600		265.58		         8		-999.00
9153	1694482195	3600		265.58		         8		-999.00
9154	1694485795	3600		265.58		         8		-999.00
9155	1694489395	3600		265.62		         8		-999.00
9156	1694492995	3600		265.62		         8		-999.00
9157	1694496595	3600		265.56		         8		-999.00
9158	1694500195	3600		265.58		         8		-999.00
9159	1694503795	3600		265.11		         8		-999.00
9160	1694507395	3600		265.26		         8		-999.00
9161	1694510995	3600		265.36		         8		-999.00
9162	1694514595	3600		265.15		         8		-999.00
9163	1694518195	3600		265.30		         8		-999.00
9164	1694521795	3600		265.02		         8		-999.00
9165	1694525395	3600		265.61		         8		-999.00
9166	1694528995	3600		265.32		         8		-999.00
9167	1694532595	3600		265.63		         8		-999.00
9168	1694536195	3600		265.63		         8		-999.00
9169	1694539795	3600		265.14		         8		-999.00
9170	1694543395	3600		261.18		         8		-999.00
9171	1694546995	3600		261.22		         8		-999.00
9172	1694550595	3600		261.22		         8		-999.00
9173	1694554195	3600		261.23		         8		-999.00
9174	1694557795	3600		261.22		         8		-999.00
9175	1694561395	3600		261.20		         8		-999.00
9176	1694564995	3600		261.20		         8		-999.00
9177	1694568595	3600		261.20		         8		-999.00
9178	1694572195	3600		261.20		         8		-999.00
9179	1694575795	3600		261.20		         8		-999.00
9180	1694579395	3600		265.61		         8		-999.00
9181	1694582995	3600		265.64		         8		-999.00
9182	1694586595	3600		265.14		         8		-999.00
9183	1694590195	3600		265.26		         8		-999.00
9184	1694593795	3600		265.26		         8		-999.00
9185	1694597395	3600		261.21		         8		-999.00
9186	1694600995	3600		260.98		         8		-999.00
9187	1694604595	3600		261.17		         8		-999.00
9188	1694608195	3600		261.17		         8		-999.00
9189	1694611795	3600		261.22		         8		-999.00
9190	1694615395	3600		261.22		         8		-999.00
9191	1694618995	3600		261.19		         8		-999.00
9192	1694622595	3600		261.19		         8		-999.00
9193	1694626195	3600		261.20		         8		-999.00
9194	1694629795	3600		261.23		         8		-999.00
9195	1694633395	3600		261.20		         8		-999.00
9196	1694636995	3600		265.23		         8		-999.00
9197	1694640595	3600		265.61		         8		-999.00
9198	1694644195	3600		265.57		         8		-999.00
9199	1694647795	3600		261.13		         8		-999.00
9200	1694651395	3600		261.17		         8		-999.00
9201	1694654995	3600		261.20		         8		-999.00
9202	1694658595	3600		261.20		         8		-999.00
9203	1694662195	3600		261.16		         8		-999.00
9204	1694665795	3600		261.16		         8		-999.00
9205	1694669395	3600		261.11		         8		-999.00
9206	1694672995	3600		261.20		         8		-999.00
9207	1694676595	3600		261.20		         8		-999.00
9208	1694680195	3600		261.20		         8		-999.00
9209	1694683795	3600		261.24		         8		-999.00
9210	1694687395	3600		261.18		         8		-999.00
9211	1694690995	3600		261.19		         8		-999.00
9212	1694694595	3600		261.19		         8		-999.00
9213	1694698195	3600		261.19		         8		-999.00
9214	1694701795	3600		261.19		         8		-999.00
9215	1694705395	3600		261.19		         8		-999.00
9216	1694708995	3600		261.19		         8		-999.00
9217	1694712595	3600		261.13		         8		-999.00
9218	1694716195	3600		261.15		         8		-999.00
9219	1694719795	3600		261.15		         8		-999.00
9220	1694723395	3600		261.15		         8		-999.00
9221	1694726995	3600		261.15		         8		-999.00
9222	1694430595	-296400		261.15		         8		-999.00
9153	1694729276	1200		261.15		        12		  8.50
9153	1694732876	3600		261.15		        14		  8.50
9153	1694736476	3600		261.15		        12		  8.50
9153	1694740076	3600		261.15		        10		  8.50
9153	1694743676	3600		261.15		        10		  8.50
9153	1694747276	3600		261.15		        10		  8.50
9153	1694749132	1856		261.15		         9		  8.50
9154	1694750332	1200		261.15		         9		-999.00
9155	1694753932	3600		261.15		         9		-999.00
9156	1694757532	3600		265.39		         9		-999.00
9157	1694761132	3600		265.46		         9		-999.00
9158	1694764732	3600		265.50		         9		-999.00
9159	1694768332	3600		265.58		         9		-999.00
9160	1694771932	3600		265.26		         9		-999.00
9161	1694775532	3600		260.98		         9		-999.00
9162	1694779132	3600		261.20		         9		-999.00
9163	1694782732	3600		261.20		         9		-999.00
9164	1694786332	3600		261.20		         9		-999.00
9165	1694749132	-37200		261.15		         9		-999.00
9154	1694790666	1200		261.20		        19		 10.50
9154	1694794266	3600		261.20		        14		 10.50
9154	1694797866	3600		261.20		        12		 10.50
9154	1694801466	3600		261.20		        12		 10.50
9154	1694805066	3600		261.15		        10		 10.50
9154	1694808666	3600		261.20		        10		 10.50
9154	1694812266	3600		261.20		         8		 10.50
9154	1694815866	3600		261.20		         8		 10.50
9154	1694819466	3600		261.20		         6		 10.50
9154	1694823066	3600		261.20		         6		 10.50
9154	1694826666	3600		261.15		         6		 10.50
9154	1694830266	3600		261.15		         6		 10.50
9154	1694833866	3600		261.15		         6		 10.50
9154	1694837466	3600		261.15		         4		 10.50
9154	1694841066	3600		261.20		         4		 10.50
9154	1694844666	3600		261.20		         4		 10.50
9154	1694845168	502		261.20		         0		 10.50
9155	1694846368	1200		261.20		         0		-999.00
9156	1694849968	3600		261.17		         0		-999.00
9157	1694853568	3600		265.45		         0		-999.00
9158	1694857168	3600		265.57		         0		-999.00
9159	1694860768	3600		265.44		         0		-999.00
9160	1694864368	3600		265.58		         0		-999.00
9161	1694867968	3600		265.55		         0		-999.00
9162	1694871568	3600		265.67		         0		-999.00
9163	1694875168	3600		265.59		         0		-999.00
9164	1694878768	3600		261.22		         0		-999.00
9165	1694882368	3600		261.18		         0		-999.00
9166	1694885968	3600		261.18		         0		-999.00
9167	1694889568	3600		261.18		         0		-999.00
9168	1694893168	3600		261.14		         0		-999.00
9169	1694896768	3600		261.14		         0		-999.00
9170	1694845168	-51600		261.20		         0		-999.00
9156	1694898022	1200		261.10		        19		  9.00
9156	1694901622	3600		261.14		         8		  9.00
9156	1694905222	3600		261.10		         4		  9.00
9156	1694908822	3600		261.14		         2		  9.00
9156	1694912422	3600		261.14		         2		  9.00
9156	1694916022	3600		261.14		         4		  9.00
9156	1694919622	3600		261.14		         4		  9.00
9156	1694921019	1397		261.14		         0		  9.00
9157	1694922219	1200		261.14		         0		-999.00
9158	1694925819	3600		261.14		         0		-999.00
9159	1694929419	3600		261.14		         0		-999.00
9160	1694933019	3600		261.14		         0		-999.00
9161	1694936619	3600		261.14		         0		-999.00
9162	1694940219	3600		261.14		         0		-999.00
9163	1694943819	3600		261.14		         0		-999.00
9164	1694947419	3600		261.14		         0		-999.00
9165	1694951019	3600		261.14		         0		-999.00
9166	1694954619	3600		261.14		         0		-999.00
9167	1694958219	3600		261.14		         0		-999.00
9168	1694921019	-37200		261.14		         0		-999.00
9159	1694959485	1200		261.14		        32		  9.00
9159	1694963085	3600		261.14		        27		  9.00
9159	1694966685	3600		261.14		        21		  9.00
9159	1694970285	3600		261.14		        17		  9.00
9159	1694973885	3600		261.14		        14		  9.00
9159	1694977485	3600		261.14		        12		  9.00
9159	1694981085	3600		261.10		        10		  9.00
9159	1694984685	3600		261.14		         8		  9.00
9159	1694988285	3600		261.10		         8		  9.00
9159	1694991885	3600		261.10		         8		  9.00
9159	1694995485	3600		261.10		         6		  9.00
9159	1694999085	3600		261.14		         6		  9.00
9159	1695002685	3600		261.10		         4		  9.00
9159	1695005379	2694		261.14		         3		  9.00
9160	1695006579	1200		261.14		         3		-999.00
9161	1695010179	3600		261.14		         3		-999.00
9162	1695013779	3600		261.10		         3		-999.00
9163	1695017379	3600		261.14		         3		-999.00
9164	1695020979	3600		261.14		         3		-999.00
9165	1695024579	3600		261.14		         3		-999.00
9166	1695028179	3600		261.14		         3		-999.00
9167	1695031779	3600		265.22		         3		-999.00
9168	1695035379	3600		265.57		         3		-999.00
9169	1695038979	3600		265.58		         3		-999.00
9170	1695042579	3600		265.59		         3		-999.00
9171	1695046179	3600		265.62		         3		-999.00
9172	1695049779	3600		265.44		         3		-999.00
9173	1695053379	3600		265.20		         3		-999.00
9174	1695056979	3600		265.58		         3		-999.00
9175	1695060579	3600		265.58		         3		-999.00
9176	1695064179	3600		265.58		         3		-999.00
9177	1695067779	3600		261.05		         3		-999.00
9178	1695071379	3600		261.17		         3		-999.00
9179	1695074979	3600		261.17		         3		-999.00
9180	1695005379	-69600		261.14		         3		-999.00
9162	1695079439	1200		261.17		        19		 10.50
9162	1695083039	3600		261.17		        14		 10.50
9162	1695086639	3600		261.17		        12		 10.50
9162	1695090239	3600		261.17		        10		 10.50
9162	1695093839	3600		261.17		        10		 10.50
9162	1695097439	3600		261.17		        10		 10.50
9162	1695101039	3600		261.17		         8		 10.50
9162	1695104639	3600		261.17		         4		 10.50
9162	1695105903	1264		261.13		         0		 10.50
9163	1695107103	1200		261.17		         0		-999.00
9164	1695110703	3600		261.17		         0		-999.00
9165	1695114303	3600		261.14		         0		-999.00
9166	1695117903	3600		261.14		         0		-999.00
9167	1695121503	3600		261.18		         0		-999.00
9168	1695125103	3600		261.22		         0		-999.00
9169	1695128703	3600		261.22		         0		-999.00
9170	1695132303	3600		261.22		         0		-999.00
9171	1695135903	3600		261.22		         0		-999.00
9172	1695139503	3600		261.18		         0		-999.00
9173	1695143103	3600		261.18		         0		-999.00
9174	1695146703	3600		261.18		         0		-999.00
9175	1695150303	3600		261.18		         0		-999.00
9176	1695153903	3600		261.18		         0		-999.00
9177	1695157503	3600		261.18		         0		-999.00
9178	1695105903	-51600		261.13		         0		-999.00
9168	1695160784	1200		265.26		    165590		1464.00
9168	1695164384	3600		265.37		    156412		1480.00
9168	1695167984	3600		265.37		    149198		1475.00
9168	1695171584	3600		265.33		    142561		1476.00
9168	1695175184	3600		265.37		    135640		1476.00
9168	1695178784	3600		265.37		    130897		1467.00
9168	1695182384	3600		265.37		    118262		1475.00
9168	1695182945	561		265.37		    120390		1469.00
9169	1695184145	1200		260.94		    120390		-999.00
9170	1695187745	3600		261.17		    120390		-999.00
9171	1695191345	3600		261.17		    120390		-999.00
9172	1695194945	3600		261.17		    120390		-999.00
9173	1695198545	3600		261.17		    120390		-999.00
9174	1695202145	3600		261.10		    120390		-999.00
9175	1695205745	3600		261.14		    120390		-999.00
9176	1695209345	3600		261.06		    120390		-999.00
9177	1695212945	3600		261.10		    120390		-999.00
9178	1695216545	3600		261.06		    120390		-999.00
9179	1695220145	3600		261.12		    120390		-999.00
9180	1695223745	3600		261.09		    120390		-999.00
9181	1695227345	3600		261.08		    120390		-999.00
9182	1695230945	3600		261.11		    120390		-999.00
9183	1695234545	3600		261.11		    120390		-999.00
9184	1695238145	3600		261.11		    120390		-999.00
9185	1695241745	3600		261.11		    120390		-999.00
9186	1695245345	3600		261.11		    120390		-999.00
9187	1695248945	3600		261.11		    120390		-999.00
9188	1695252545	3600		261.11		    120390		-999.00
9189	1695256145	3600		261.11		    120390		-999.00
9190	1695259745	3600		261.17		    120390		-999.00
9191	1695263345	3600		261.13		    120390		-999.00
9192	1695266945	3600		261.17		    120390		-999.00
9193	1695270545	3600		261.09		    120390		-999.00
9194	1695274145	3600		256.04		    120390		-999.00
9195	1695277745	3600		255.28		    120390		-999.00
9196	1695281345	3600		255.54		    120390		-999.00
9197	1695284945	3600		255.61		    120390		-999.00
9198	1695288545	3600		255.74		    120390		-999.00
9199	1695292145	3600		255.59		    120390		-999.00
9200	1695295745	3600		255.54		    120390		-999.00
9201	1695299345	3600		255.58		    120390		-999.00
9202	1695302945	3600		255.61		    120390		-999.00
9203	1695306545	3600		255.58		    120390		-999.00
9204	1695310145	3600		255.58		    120390		-999.00
9205	1695313745	3600		255.55		    120390		-999.00
9206	1695317345	3600		255.61		    120390		-999.00
9207	1695320945	3600		255.65		    120390		-999.00
9208	1695324545	3600		255.80		    120390		-999.00
9209	1695328145	3600		255.64		    120390		-999.00
9210	1695331745	3600		255.66		    120390		-999.00
9211	1695335345	3600		255.69		    120390		-999.00
9212	1695338945	3600		255.82		    120390		-999.00
9213	1695342545	3600		255.81		    120390		-999.00
9214	1695346145	3600		255.66		    120390		-999.00
9215	1695349745	3600		255.68		    120390		-999.00
9216	1695353345	3600		255.78		    120390		-999.00
9217	1695356945	3600		255.69		    120390		-999.00
9218	1695360545	3600		255.54		    120390		-999.00
9219	1695364145	3600		255.77		    120390		-999.00
9220	1695367745	3600		261.33		    120390		-999.00
9221	1695371345	3600		261.17		    120390		-999.00
9222	1695374945	3600		261.24		    120390		-999.00
9223	1695378545	3600		261.27		    120390		-999.00
9224	1695382145	3600		261.30		    120390		-999.00
9225	1695385745	3600		260.92		    120390		-999.00
9226	1695389345	3600		261.11		    120390		-999.00
9227	1695392945	3600		261.15		    120390		-999.00
9228	1695396545	3600		261.15		    120390		-999.00
9229	1695400145	3600		261.12		    120390		-999.00
9230	1695403745	3600		261.19		    120390		-999.00
9231	1695407345	3600		261.15		    120390		-999.00
9232	1695410945	3600		261.11		    120390		-999.00
9233	1695414545	3600		261.11		    120390		-999.00
9234	1695418145	3600		261.09		    120390		-999.00
9235	1695421745	3600		261.10		    120390		-999.00
9236	1695425345	3600		261.08		    120390		-999.00
9237	1695428945	3600		261.12		    120390		-999.00
9238	1695432545	3600		261.12		    120390		-999.00
9239	1695436145	3600		261.13		    120390		-999.00
9240	1695439745	3600		261.13		    120390		-999.00
9241	1695443345	3600		261.13		    120390		-999.00
9242	1695446945	3600		261.13		    120390		-999.00
9243	1695450545	3600		261.13		    120390		-999.00
9244	1695454145	3600		261.13		    120390		-999.00
9245	1695457745	3600		261.21		    120390		-999.00
9246	1695461345	3600		261.21		    120390		-999.00
9247	1695464945	3600		261.21		    120390		-999.00
9248	1695468545	3600		261.21		    120390		-999.00
9249	1695472145	3600		261.19		    120390		-999.00
9250	1695475745	3600		261.24		    120390		-999.00
9251	1695479345	3600		261.24		    120390		-999.00
9252	1695482945	3600		261.24		    120390		-999.00
9253	1695486545	3600		261.24		    120390		-999.00
9254	1695490145	3600		261.16		    120390		-999.00
9255	1695493745	3600		261.20		    120390		-999.00
9256	1695497345	3600		261.14		    120390		-999.00
9257	1695500945	3600		261.19		    120390		-999.00
9258	1695504545	3600		261.19		    120390		-999.00
9259	1695508145	3600		261.19		    120390		-999.00
9260	1695511745	3600		261.19		    120390		-999.00
9261	1695515345	3600		261.19		    120390		-999.00
9262	1695518945	3600		261.19		    120390		-999.00
9263	1695522545	3600		261.19		    120390		-999.00
9264	1695526145	3600		261.19		    120390		-999.00
9265	1695529745	3600		261.19		    120390		-999.00
9266	1695533345	3600		261.23		    120390		-999.00
9267	1695536945	3600		261.20		    120390		-999.00
9268	1695540545	3600		261.18		    120390		-999.00
9269	1695544145	3600		261.22		    120390		-999.00
9270	1695547745	3600		260.89		    120390		-999.00
9271	1695551345	3600		261.01		    120390		-999.00
9272	1695554945	3600		261.20		    120390		-999.00
9273	1695558545	3600		261.25		    120390		-999.00
9274	1695562145	3600		265.33		    120390		-999.00
9275	1695565745	3600		265.57		    120390		-999.00
9276	1695569345	3600		265.61		    120390		-999.00
9277	1695572945	3600		265.57		    120390		-999.00
9278	1695576545	3600		265.57		    120390		-999.00
9279	1695580145	3600		265.57		    120390		-999.00
9280	1695583745	3600		265.64		    120390		-999.00
9281	1695587345	3600		265.64		    120390		-999.00
9282	1695590945	3600		265.64		    120390		-999.00
9283	1695594545	3600		265.64		    120390		-999.00
9284	1695598145	3600		265.64		    120390		-999.00
9285	1695601745	3600		265.64		    120390		-999.00
9286	1695605345	3600		265.64		    120390		-999.00
9287	1695608945	3600		265.64		    120390		-999.00
9288	1695612545	3600		265.64		    120390		-999.00
9289	1695616145	3600		265.64		    120390		-999.00
9290	1695619745	3600		265.63		    120390		-999.00
9291	1695623345	3600		265.14		    120390		-999.00
9292	1695626945	3600		265.46		    120390		-999.00
9293	1695630545	3600		265.69		    120390		-999.00
9294	1695634145	3600		265.31		    120390		-999.00
9295	1695637745	3600		265.05		    120390		-999.00
9296	1695641345	3600		265.27		    120390		-999.00
9297	1695644945	3600		265.27		    120390		-999.00
9298	1695648545	3600		265.24		    120390		-999.00
9299	1695652145	3600		265.62		    120390		-999.00
9300	1695655745	3600		261.16		    120390		-999.00
9301	1695659345	3600		261.25		    120390		-999.00
9302	1695662945	3600		260.94		    120390		-999.00
9303	1695666545	3600		261.25		    120390		-999.00
9304	1695670145	3600		261.19		    120390		-999.00
9305	1695673745	3600		261.23		    120390		-999.00
9306	1695677345	3600		261.19		    120390		-999.00
9307	1695680945	3600		261.27		    120390		-999.00
9308	1695684545	3600		261.23		    120390		-999.00
9309	1695688145	3600		261.18		    120390		-999.00
9310	1695691745	3600		261.13		    120390		-999.00
9311	1695695345	3600		261.25		    120390		-999.00
9312	1695698945	3600		261.25		    120390		-999.00
9313	1695702545	3600		261.23		    120390		-999.00
9314	1695706145	3600		261.24		    120390		-999.00
9315	1695709745	3600		261.27		    120390		-999.00
9316	1695713345	3600		261.20		    120390		-999.00
9317	1695716945	3600		261.18		    120390		-999.00
9318	1695720545	3600		261.24		    120390		-999.00
9319	1695724145	3600		261.26		    120390		-999.00
9320	1695727745	3600		261.22		    120390		-999.00
9321	1695731345	3600		261.23		    120390		-999.00
9322	1695734945	3600		261.26		    120390		-999.00
9323	1695738545	3600		261.27		    120390		-999.00
9324	1695742145	3600		261.19		    120390		-999.00
9325	1695182945	-559200		261.45		    120390		-999.00
9192	1695744417	1200		265.51		         0		1537.00
9192	1695748017	3600		265.60		         0		1566.00
9192	1695751617	3600		265.28		         0		1433.00
9192	1695754393	2776		265.24		         0		1418.00
9193	1695755593	1200		261.07		         0		-999.00
9194	1695759193	3600		265.40		         0		-999.00
9195	1695762793	3600		265.61		         0		-999.00
9196	1695766393	3600		261.05		         0		-999.00
9197	1695769993	3600		261.21		         0		-999.00
9198	1695754393	-15600		261.19		         0		-999.00
9193	1695774047	1200		265.32		         6		1479.00
9193	1695777647	3600		265.43		         6		1493.00
9193	1695781247	3600		265.47		         4		1509.00
9193	1695784847	3600		265.51		         4		1521.00
9193	1695788447	3600		265.52		         2		1533.00
9193	1695790730	2283		265.60		         0		1547.00
9194	1695791930	1200		265.32		         0		-999.00
9195	1695795530	3600		261.07		         0		-999.00
9196	1695799130	3600		261.25		         0		-999.00
9197	1695802730	3600		261.21		         0		-999.00
9198	1695790730	-12000		261.48		         0		-999.00
9194	1695804567	1200		265.30		         6		1472.00
9194	1695808167	3600		265.40		         6		1489.00
9194	1695811767	3600		265.44		         4		1501.00
9194	1695812313	546		265.44		         0		1499.00
9195	1695813513	1200		261.12		         0		-999.00
9196	1695817113	3600		261.18		         0		-999.00
9197	1695820713	3600		261.24		         0		-999.00
9198	1695824313	3600		261.24		         0		-999.00
9199	1695827913	3600		261.26		         0		-999.00
9200	1695831513	3600		261.11		         0		-999.00
9201	1695835113	3600		261.21		         0		-999.00
9202	1695812313	-22800		261.63		         0		-999.00
9197	1695839124	1200		265.34		         6		1475.00
9197	1695842724	3600		265.22		         6		1467.00
9197	1695846324	3600		265.28		         0		1423.00
9197	1695849330	3006		265.57		         0		1527.00
9198	1695850530	1200		261.06		         0		-999.00
9199	1695854130	3600		261.20		         0		-999.00
9200	1695857730	3600		261.16		         0		-999.00
9201	1695861330	3600		261.19		         0		-999.00
9202	1695849330	-12000		261.55		         0		-999.00
9200	1695864644	1200		265.36		         6		1479.00
9200	1695868189	3545		265.44		         4		1499.00
