Fill	Timestamp [s]	Duration [s]	Temperature [K]	Fluence [n_eq/cm2/s]	Leakage_current [mA/cm2]
5698	1495543942	1200		267.64		    123104		  7.00
5698	1495547542	3600		267.64		    125682		  7.00
5698	1495551142	3600		267.64		    113856		  7.00
5698	1495554742	3600		267.64		    102658		  7.00
5698	1495558342	3600		267.64		     87560		  7.00
5698	1495561942	3600		267.63		     55183		  7.00
5698	1495565542	3600		267.63		     51616		  7.00
5698	1495569142	3600		267.63		     50251		  7.00
5698	1495572742	3600		267.63		     49453		  7.00
5698	1495573934	1192		262.48		     41998		  1.00
5699	1495575134	1200		261.96		     41998		-999.00
5700	1495578734	3600		267.25		     41998		-999.00
5701	1495573934	-4800		262.48		     41998		-999.00
5699	1495581879	1200		267.77		     74228		  7.00
5699	1495585479	3600		267.60		     78825		  7.00
5699	1495589079	3600		267.60		     73517		  7.00
5699	1495592679	3600		267.60		     69524		  7.00
5699	1495595130	2451		267.60		     65711		  7.00
5700	1495596330	1200		267.60		     65711		-999.00
5701	1495599930	3600		261.77		     65711		-999.00
5702	1495603530	3600		261.77		     65711		-999.00
5703	1495607130	3600		261.60		     65711		-999.00
5704	1495610730	3600		261.60		     65711		-999.00
5705	1495614330	3600		267.23		     65711		-999.00
5706	1495617930	3600		268.47		     65711		-999.00
5707	1495621530	3600		268.13		     65711		-999.00
5708	1495625130	3600		268.13		     65711		-999.00
5709	1495628730	3600		268.30		     65711		-999.00
5710	1495632330	3600		268.13		     65711		-999.00
5711	1495635930	3600		268.13		     65711		-999.00
5712	1495639530	3600		268.47		     65711		-999.00
5713	1495643130	3600		268.47		     65711		-999.00
5714	1495646730	3600		267.81		     65711		-999.00
5715	1495650330	3600		267.81		     65711		-999.00
5716	1495653930	3600		267.81		     65711		-999.00
5717	1495657530	3600		267.81		     65711		-999.00
5718	1495661130	3600		267.81		     65711		-999.00
5719	1495664730	3600		267.64		     65711		-999.00
5720	1495595130	-69600		267.60		     65711		-999.00
5704	1495668562	1200		267.50		    304134		  7.50
5704	1495672162	3600		267.50		    319485		  7.50
5704	1495675762	3600		267.50		    297968		  7.50
5704	1495679362	3600		267.50		    279229		  7.50
5704	1495682962	3600		267.50		    265388		  7.50
5704	1495686562	3600		267.50		    250588		  7.50
5704	1495690162	3600		267.50		    237378		  7.50
5704	1495693762	3600		267.50		    226889		  7.50
5704	1495693931	169		267.50		    207217		  7.50
5705	1495695131	1200		262.47		    207217		-999.00
5706	1495698731	3600		261.96		    207217		-999.00
5707	1495702331	3600		261.61		    207217		-999.00
5708	1495705931	3600		261.61		    207217		-999.00
5709	1495709531	3600		261.61		    207217		-999.00
5710	1495713131	3600		261.61		    207217		-999.00
5711	1495716731	3600		261.61		    207217		-999.00
5712	1495720331	3600		261.61		    207217		-999.00
5713	1495723931	3600		261.61		    207217		-999.00
5714	1495727531	3600		261.61		    207217		-999.00
5715	1495731131	3600		261.61		    207217		-999.00
5716	1495734731	3600		261.61		    207217		-999.00
5717	1495738331	3600		261.61		    207217		-999.00
5718	1495741931	3600		261.61		    207217		-999.00
5719	1495745531	3600		267.99		    207217		-999.00
5720	1495749131	3600		268.33		    207217		-999.00
5721	1495752731	3600		267.53		    207217		-999.00
5722	1495693931	-58800		267.49		    207217		-999.00
5710	1495754614	1200		267.70		    231475		  7.00
5710	1495758214	3600		267.70		    239667		  7.00
5710	1495761814	3600		267.70		    227549		  7.00
5710	1495765414	3600		267.70		    216149		  7.00
5710	1495769014	3600		267.70		    203144		  7.00
5710	1495772614	3600		267.70		    194799		  7.00
5710	1495775424	2810		262.57		    187114		  1.00
5711	1495776624	1200		262.39		    187114		-999.00
5712	1495780224	3600		262.05		    187114		-999.00
5713	1495783824	3600		261.87		    187114		-999.00
5714	1495787424	3600		261.87		    187114		-999.00
5715	1495791024	3600		261.87		    187114		-999.00
5716	1495794624	3600		261.87		    187114		-999.00
5717	1495798224	3600		261.87		    187114		-999.00
5718	1495801824	3600		261.87		    187114		-999.00
5719	1495805424	3600		262.04		    187114		-999.00
5720	1495809024	3600		261.87		    187114		-999.00
5721	1495812624	3600		261.87		    187114		-999.00
5722	1495816224	3600		261.87		    187114		-999.00
5723	1495819824	3600		261.87		    187114		-999.00
5724	1495823424	3600		262.21		    187114		-999.00
5725	1495827024	3600		267.74		    187114		-999.00
5726	1495830624	3600		267.74		    187114		-999.00
5727	1495834224	3600		267.74		    187114		-999.00
5728	1495837824	3600		267.74		    187114		-999.00
5729	1495841424	3600		267.74		    187114		-999.00
5730	1495845024	3600		267.40		    187114		-999.00
5731	1495848624	3600		267.40		    187114		-999.00
5732	1495852224	3600		267.57		    187114		-999.00
5733	1495775424	-76800		262.57		    187114		-999.00
5717	1495854712	1200		267.64		   2296569		  7.50
5717	1495858312	3600		267.64		   2175076		  7.50
5717	1495861912	3600		267.64		   2181279		  7.50
5717	1495865512	3600		267.64		   2154559		  7.50
5717	1495869112	3600		267.64		   2082371		  7.50
5717	1495872712	3600		267.63		   2021080		  7.50
5717	1495876312	3600		267.63		   1936878		  7.50
5717	1495879912	3600		267.63		   1880684		  7.50
5717	1495883512	3600		267.63		   1850549		  7.50
5717	1495887112	3600		267.63		   1783522		  7.50
5717	1495887832	720		267.63		   1734766		  7.50
5718	1495889032	1200		267.57		   1734766		-999.00
5719	1495892632	3600		267.57		   1734766		-999.00
5720	1495896232	3600		267.23		   1734766		-999.00
5721	1495899832	3600		267.23		   1734766		-999.00
5722	1495887832	-12000		267.57		   1734766		-999.00
5718	1495901776	1200		267.64		   2103078		  7.50
5718	1495905376	3600		267.63		   2005081		  7.50
5718	1495908976	3600		267.62		   1641736		  7.50
5718	1495912576	3600		267.63		   1948079		  7.50
5718	1495916176	3600		267.63		   1887983		  7.50
5718	1495919776	3600		267.63		   1830071		  7.50
5718	1495923376	3600		267.63		   1785853		  7.50
5718	1495926976	3600		267.62		   1721858		  7.50
5718	1495930417	3441		267.62		   1612969		  7.50
5719	1495931617	1200		267.57		   1612969		-999.00
5720	1495935217	3600		267.57		   1612969		-999.00
5721	1495938817	3600		267.57		   1612969		-999.00
5722	1495942417	3600		267.23		   1612969		-999.00
5723	1495946017	3600		267.57		   1612969		-999.00
5724	1495930417	-15600		267.57		   1612969		-999.00
5719	1495948490	1200		267.62		   1712292		  7.50
5719	1495952090	3600		267.64		   2075776		  7.50
5719	1495955690	3600		267.63		   2009340		  7.50
5719	1495959290	3600		267.63		   1956566		  7.50
5719	1495962646	3356		267.63		   1881870		  7.50
5720	1495963846	1200		267.23		   1881870		-999.00
5721	1495967446	3600		267.23		   1881870		-999.00
5722	1495971046	3600		267.40		   1881870		-999.00
5723	1495974646	3600		267.23		   1881870		-999.00
5724	1495978246	3600		267.57		   1881870		-999.00
5725	1495981846	3600		267.57		   1881870		-999.00
5726	1495985446	3600		267.57		   1881870		-999.00
5727	1495989046	3600		267.57		   1881870		-999.00
5728	1495992646	3600		267.57		   1881870		-999.00
5729	1495962646	-30000		267.57		   1881870		-999.00
5722	1495997092	1200		267.91		  11109358		  7.50
5722	1496000692	3600		267.93		  11877814		  7.50
5722	1496004292	3600		267.92		  11493065		 10.00
5722	1496007892	3600		267.91		  11323981		 10.00
5722	1496011492	3600		267.90		  10951052		 10.00
5722	1496015092	3600		267.89		  10525650		 10.00
5722	1496018692	3600		267.88		  10226382		 10.00
5722	1496022292	3600		267.87		   9874725		 10.00
5722	1496025892	3600		267.86		   9661820		 10.00
5722	1496029492	3600		267.85		   9335885		 10.00
5722	1496033092	3600		267.85		   9135266		 10.00
5722	1496035085	1993		267.84		   8960957		 10.00
5723	1496036285	1200		262.32		   8960957		-999.00
5724	1496039885	3600		261.97		   8960957		-999.00
5725	1496043485	3600		261.63		   8960957		-999.00
5726	1496047085	3600		261.63		   8960957		-999.00
5727	1496050685	3600		261.63		   8960957		-999.00
5728	1496054285	3600		261.63		   8960957		-999.00
5729	1496057885	3600		267.54		   8960957		-999.00
5730	1496061485	3600		267.68		   8960957		-999.00
5731	1496065085	3600		267.65		   8960957		-999.00
5732	1496068685	3600		267.26		   8960957		-999.00
5733	1496072285	3600		267.60		   8960957		-999.00
5734	1496075885	3600		261.85		   8960957		-999.00
5735	1496079485	3600		261.51		   8960957		-999.00
5736	1496083085	3600		261.51		   8960957		-999.00
5737	1496086685	3600		261.51		   8960957		-999.00
5738	1496090285	3600		261.51		   8960957		-999.00
5739	1496093885	3600		261.51		   8960957		-999.00
5740	1496097485	3600		261.51		   8960957		-999.00
5741	1496101085	3600		261.51		   8960957		-999.00
5742	1496104685	3600		261.51		   8960957		-999.00
5743	1496108285	3600		261.85		   8960957		-999.00
5744	1496111885	3600		261.85		   8960957		-999.00
5745	1496115485	3600		261.85		   8960957		-999.00
5746	1496119085	3600		265.51		   8960957		-999.00
5747	1496122685	3600		261.95		   8960957		-999.00
5748	1496126285	3600		267.21		   8960957		-999.00
5749	1496035085	-91200		267.57		   8960957		-999.00
5730	1496127791	1200		267.91		  11960286		  9.50
5730	1496131391	3600		267.93		  12671134		 11.00
5730	1496134991	3600		267.91		  11865779		 10.50
5730	1496138591	3600		267.89		  11203532		 10.50
5730	1496142191	3600		267.87		  10654528		 11.00
5730	1496145791	3600		267.85		  10027123		 11.00
5730	1496149391	3600		267.84		   9521048		 11.50
5730	1496152991	3600		267.77		   7199887		 11.00
5730	1496156591	3600		267.81		   8657414		 11.00
5730	1496160191	3600		267.72		   5586896		 10.50
5730	1496163791	3600		267.79		   8051828		 11.50
5730	1496167391	3600		267.78		   7679350		 11.50
5730	1496170991	3600		267.77		   7301379		 11.00
5730	1496174591	3600		267.76		   7149710		 11.00
5730	1496178191	3600		267.75		   6776528		 11.00
5730	1496181791	3600		267.75		   6559129		 11.00
5730	1496183059	1268		267.75		   6508539		 11.00
5731	1496184259	1200		267.55		   6508539		-999.00
5732	1496187859	3600		267.55		   6508539		-999.00
5733	1496191459	3600		267.55		   6508539		-999.00
5734	1496195059	3600		267.55		   6508539		-999.00
5735	1496198659	3600		267.55		   6508539		-999.00
5736	1496202259	3600		267.55		   6508539		-999.00
5737	1496205859	3600		267.55		   6508539		-999.00
5738	1496209459	3600		267.55		   6508539		-999.00
5739	1496213059	3600		267.55		   6508539		-999.00
5740	1496216659	3600		267.55		   6508539		-999.00
5741	1496220259	3600		267.55		   6508539		-999.00
5742	1496223859	3600		267.55		   6508539		-999.00
5743	1496227459	3600		267.56		   6508539		-999.00
5744	1496231059	3600		267.56		   6508539		-999.00
5745	1496234659	3600		267.56		   6508539		-999.00
5746	1496238259	3600		267.56		   6508539		-999.00
5747	1496241859	3600		267.56		   6508539		-999.00
5748	1496245459	3600		267.56		   6508539		-999.00
5749	1496249059	3600		267.56		   6508539		-999.00
5750	1496252659	3600		267.56		   6508539		-999.00
5751	1496256259	3600		267.56		   6508539		-999.00
5752	1496259859	3600		267.56		   6508539		-999.00
5753	1496263459	3600		267.56		   6508539		-999.00
5754	1496267059	3600		267.52		   6508539		-999.00
5755	1496270659	3600		267.52		   6508539		-999.00
5756	1496274259	3600		267.52		   6508539		-999.00
5757	1496277859	3600		267.52		   6508539		-999.00
5758	1496281459	3600		267.52		   6508539		-999.00
5759	1496285059	3600		267.52		   6508539		-999.00
5760	1496288659	3600		267.52		   6508539		-999.00
5761	1496292259	3600		267.52		   6508539		-999.00
5762	1496295859	3600		267.52		   6508539		-999.00
5763	1496299459	3600		267.52		   6508539		-999.00
5764	1496303059	3600		267.52		   6508539		-999.00
5765	1496306659	3600		267.52		   6508539		-999.00
5766	1496310259	3600		267.52		   6508539		-999.00
5767	1496313859	3600		267.52		   6508539		-999.00
5768	1496317459	3600		267.52		   6508539		-999.00
5769	1496321059	3600		267.52		   6508539		-999.00
5770	1496324659	3600		267.52		   6508539		-999.00
5771	1496328259	3600		261.93		   6508539		-999.00
5772	1496331859	3600		261.59		   6508539		-999.00
5773	1496335459	3600		261.59		   6508539		-999.00
5774	1496339059	3600		261.59		   6508539		-999.00
5775	1496342659	3600		261.59		   6508539		-999.00
5776	1496346259	3600		261.59		   6508539		-999.00
5777	1496349859	3600		261.59		   6508539		-999.00
5778	1496353459	3600		261.59		   6508539		-999.00
5779	1496357059	3600		261.59		   6508539		-999.00
5780	1496360659	3600		261.59		   6508539		-999.00
5781	1496364259	3600		261.59		   6508539		-999.00
5782	1496367859	3600		261.76		   6508539		-999.00
5783	1496371459	3600		261.76		   6508539		-999.00
5784	1496375059	3600		261.76		   6508539		-999.00
5785	1496378659	3600		267.56		   6508539		-999.00
5786	1496382259	3600		268.60		   6508539		-999.00
5787	1496385859	3600		261.68		   6508539		-999.00
5788	1496389459	3600		267.12		   6508539		-999.00
5789	1496393059	3600		267.63		   6508539		-999.00
5790	1496396659	3600		267.63		   6508539		-999.00
5791	1496400259	3600		267.63		   6508539		-999.00
5792	1496403859	3600		267.46		   6508539		-999.00
5793	1496407459	3600		267.63		   6508539		-999.00
5794	1496411059	3600		262.75		   6508539		-999.00
5795	1496414659	3600		261.70		   6508539		-999.00
5796	1496418259	3600		261.70		   6508539		-999.00
5797	1496421859	3600		261.70		   6508539		-999.00
5798	1496425459	3600		261.70		   6508539		-999.00
5799	1496429059	3600		261.70		   6508539		-999.00
5800	1496432659	3600		261.70		   6508539		-999.00
5801	1496436259	3600		261.70		   6508539		-999.00
5802	1496439859	3600		261.70		   6508539		-999.00
5803	1496443459	3600		261.70		   6508539		-999.00
5804	1496447059	3600		261.87		   6508539		-999.00
5805	1496450659	3600		261.87		   6508539		-999.00
5806	1496454259	3600		267.49		   6508539		-999.00
5807	1496457859	3600		267.49		   6508539		-999.00
5808	1496183059	-274800		267.55		   6508539		-999.00
5737	1496460061	1200		267.86		  12506579		 12.00
5737	1496463661	3600		267.86		   6704360		 12.00
5737	1496467261	3600		267.83		    227364		 12.00
5737	1496470861	3600		267.83		    226697		 12.00
5737	1496474461	3600		267.83		    222887		 12.00
5737	1496478061	3600		267.83		    224237		 12.00
5737	1496481661	3600		262.45		    235846		  2.50
5737	1496485261	3600		261.60		    269780		  2.50
5737	1496487110	1849		261.60		    293620		  2.50
5738	1496488310	1200		261.59		    293620		-999.00
5739	1496491910	3600		261.59		    293620		-999.00
5740	1496495510	3600		261.59		    293620		-999.00
5741	1496499110	3600		261.59		    293620		-999.00
5742	1496502710	3600		261.59		    293620		-999.00
5743	1496506310	3600		261.59		    293620		-999.00
5744	1496509910	3600		261.59		    293620		-999.00
5745	1496513510	3600		261.59		    293620		-999.00
5746	1496517110	3600		261.59		    293620		-999.00
5747	1496520710	3600		261.59		    293620		-999.00
5748	1496524310	3600		261.59		    293620		-999.00
5749	1496527910	3600		261.59		    293620		-999.00
5750	1496531510	3600		267.06		    293620		-999.00
5751	1496535110	3600		268.46		    293620		-999.00
5752	1496538710	3600		267.88		    293620		-999.00
5753	1496542310	3600		267.37		    293620		-999.00
5754	1496545910	3600		267.37		    293620		-999.00
5755	1496549510	3600		267.37		    293620		-999.00
5756	1496553110	3600		267.37		    293620		-999.00
5757	1496556710	3600		267.37		    293620		-999.00
5758	1496560310	3600		267.37		    293620		-999.00
5759	1496563910	3600		267.37		    293620		-999.00
5760	1496567510	3600		267.37		    293620		-999.00
5761	1496571110	3600		267.37		    293620		-999.00
5762	1496574710	3600		267.37		    293620		-999.00
5763	1496578310	3600		267.37		    293620		-999.00
5764	1496581910	3600		267.37		    293620		-999.00
5765	1496585510	3600		267.37		    293620		-999.00
5766	1496589110	3600		267.38		    293620		-999.00
5767	1496592710	3600		267.38		    293620		-999.00
5768	1496596310	3600		267.38		    293620		-999.00
5769	1496599910	3600		267.55		    293620		-999.00
5770	1496603510	3600		267.38		    293620		-999.00
5771	1496607110	3600		267.21		    293620		-999.00
5772	1496610710	3600		267.55		    293620		-999.00
5773	1496487110	-123600		261.59		    293620		-999.00
5746	1496614138	1200		268.37		  21549863		 13.50
5746	1496617738	3600		268.31		  19711576		 13.50
5746	1496621338	3600		268.23		  16928553		 13.50
5746	1496624938	3600		268.33		  20176437		 13.50
5746	1496628538	3600		268.28		  18816559		 13.50
5746	1496632138	3600		268.26		  17932228		 13.50
5746	1496635738	3600		268.24		  17243151		 13.50
5746	1496639338	3600		268.20		  16128469		 13.50
5746	1496642938	3600		268.18		  15357891		 13.50
5746	1496646538	3600		268.16		  14780096		 13.50
5746	1496650138	3600		268.12		  13405597		 13.50
5746	1496651353	1215		268.13		  13700250		 13.50
5747	1496652553	1200		267.38		  13700250		-999.00
5748	1496656153	3600		267.55		  13700250		-999.00
5749	1496659753	3600		267.55		  13700250		-999.00
5750	1496663353	3600		267.55		  13700250		-999.00
5751	1496666953	3600		267.38		  13700250		-999.00
5752	1496670553	3600		267.38		  13700250		-999.00
5753	1496674153	3600		267.55		  13700250		-999.00
5754	1496677753	3600		267.21		  13700250		-999.00
5755	1496681353	3600		267.55		  13700250		-999.00
5756	1496684953	3600		267.55		  13700250		-999.00
5757	1496688553	3600		267.55		  13700250		-999.00
5758	1496651353	-37200		267.72		  13700250		-999.00
5759	1496692113	1200		267.72		  13700250		-999.00
5760	1496695713	3600		267.55		  13700250		-999.00
5761	1496699313	3600		267.55		  13700250		-999.00
5762	1496702913	3600		267.55		  13700250		-999.00
5763	1496690913	-12000		267.72		  13700250		-999.00
5750	1496704583	1200		268.30		  19248927		 15.00
5750	1496708183	3600		268.34		  20680666		 15.00
5750	1496711783	3600		268.30		  19396061		 15.00
5750	1496715383	3600		268.27		  18455646		 15.00
5750	1496718983	3600		268.25		  17688895		 15.00
5750	1496722583	3600		268.22		  16748229		 15.00
5750	1496724041	1458		268.21		  16431729		 15.00
5751	1496725241	1200		267.72		  16431729		-999.00
5752	1496728841	3600		267.72		  16431729		-999.00
5753	1496732441	3600		267.72		  16431729		-999.00
5754	1496736041	3600		267.72		  16431729		-999.00
5755	1496739641	3600		267.72		  16431729		-999.00
5756	1496743241	3600		261.80		  16431729		-999.00
5757	1496746841	3600		261.63		  16431729		-999.00
5758	1496750441	3600		261.63		  16431729		-999.00
5759	1496754041	3600		261.63		  16431729		-999.00
5760	1496757641	3600		261.63		  16431729		-999.00
5761	1496761241	3600		261.63		  16431729		-999.00
5762	1496764841	3600		261.63		  16431729		-999.00
5763	1496768441	3600		261.63		  16431729		-999.00
5764	1496772041	3600		261.63		  16431729		-999.00
5765	1496775641	3600		261.63		  16431729		-999.00
5766	1496779241	3600		261.63		  16431729		-999.00
5767	1496782841	3600		261.63		  16431729		-999.00
5768	1496786441	3600		261.63		  16431729		-999.00
5769	1496790041	3600		261.63		  16431729		-999.00
5770	1496793641	3600		261.63		  16431729		-999.00
5771	1496797241	3600		261.63		  16431729		-999.00
5772	1496800841	3600		261.63		  16431729		-999.00
5773	1496804441	3600		261.63		  16431729		-999.00
5774	1496808041	3600		261.63		  16431729		-999.00
5775	1496811641	3600		261.63		  16431729		-999.00
5776	1496815241	3600		261.63		  16431729		-999.00
5777	1496818841	3600		261.63		  16431729		-999.00
5778	1496822441	3600		261.63		  16431729		-999.00
5779	1496826041	3600		261.80		  16431729		-999.00
5780	1496829641	3600		261.80		  16431729		-999.00
5781	1496833241	3600		261.80		  16431729		-999.00
5782	1496836841	3600		261.80		  16431729		-999.00
5783	1496840441	3600		261.80		  16431729		-999.00
5784	1496844041	3600		261.80		  16431729		-999.00
5785	1496847641	3600		261.62		  16431729		-999.00
5786	1496851241	3600		261.62		  16431729		-999.00
5787	1496854841	3600		261.62		  16431729		-999.00
5788	1496858441	3600		261.62		  16431729		-999.00
5789	1496862041	3600		261.62		  16431729		-999.00
5790	1496865641	3600		261.62		  16431729		-999.00
5791	1496869241	3600		261.62		  16431729		-999.00
5792	1496872841	3600		261.62		  16431729		-999.00
5793	1496876441	3600		261.62		  16431729		-999.00
5794	1496880041	3600		261.62		  16431729		-999.00
5795	1496883641	3600		261.62		  16431729		-999.00
5796	1496887241	3600		261.62		  16431729		-999.00
5797	1496890841	3600		261.62		  16431729		-999.00
5798	1496894441	3600		261.62		  16431729		-999.00
5799	1496898041	3600		261.80		  16431729		-999.00
5800	1496901641	3600		261.80		  16431729		-999.00
5801	1496905241	3600		261.80		  16431729		-999.00
5802	1496908841	3600		261.80		  16431729		-999.00
5803	1496912441	3600		261.80		  16431729		-999.00
5804	1496916041	3600		261.62		  16431729		-999.00
5805	1496919641	3600		261.62		  16431729		-999.00
5806	1496923241	3600		261.62		  16431729		-999.00
5807	1496926841	3600		261.62		  16431729		-999.00
5808	1496930441	3600		261.62		  16431729		-999.00
5809	1496934041	3600		261.62		  16431729		-999.00
5810	1496937641	3600		261.62		  16431729		-999.00
5811	1496941241	3600		261.62		  16431729		-999.00
5812	1496944841	3600		261.62		  16431729		-999.00
5813	1496948441	3600		261.62		  16431729		-999.00
5814	1496952041	3600		261.62		  16431729		-999.00
5815	1496955641	3600		261.62		  16431729		-999.00
5816	1496959241	3600		261.62		  16431729		-999.00
5817	1496962841	3600		261.62		  16431729		-999.00
5818	1496966441	3600		261.62		  16431729		-999.00
5819	1496970041	3600		261.62		  16431729		-999.00
5820	1496973641	3600		261.62		  16431729		-999.00
5821	1496977241	3600		261.62		  16431729		-999.00
5822	1496980841	3600		261.62		  16431729		-999.00
5823	1496984441	3600		261.62		  16431729		-999.00
5824	1496988041	3600		261.62		  16431729		-999.00
5825	1496991641	3600		266.42		  16431729		-999.00
5826	1496995241	3600		267.28		  16431729		-999.00
5827	1496998841	3600		267.45		  16431729		-999.00
5828	1497002441	3600		267.45		  16431729		-999.00
5829	1497006041	3600		267.45		  16431729		-999.00
5830	1497009641	3600		267.78		  16431729		-999.00
5831	1497013241	3600		267.95		  16431729		-999.00
5832	1497016841	3600		262.00		  16431729		-999.00
5833	1497020441	3600		261.83		  16431729		-999.00
5834	1497024041	3600		261.83		  16431729		-999.00
5835	1497027641	3600		261.83		  16431729		-999.00
5836	1497031241	3600		261.83		  16431729		-999.00
5837	1497034841	3600		261.83		  16431729		-999.00
5838	1497038441	3600		261.83		  16431729		-999.00
5839	1497042041	3600		261.83		  16431729		-999.00
5840	1497045641	3600		261.83		  16431729		-999.00
5841	1497049241	3600		261.83		  16431729		-999.00
5842	1497052841	3600		261.83		  16431729		-999.00
5843	1497056441	3600		261.83		  16431729		-999.00
5844	1497060041	3600		261.83		  16431729		-999.00
5845	1497063641	3600		261.83		  16431729		-999.00
5846	1497067241	3600		261.83		  16431729		-999.00
5847	1497070841	3600		261.83		  16431729		-999.00
5848	1497074441	3600		261.83		  16431729		-999.00
5849	1497078041	3600		261.83		  16431729		-999.00
5850	1497081641	3600		261.83		  16431729		-999.00
5851	1497085241	3600		261.83		  16431729		-999.00
5852	1497088841	3600		261.83		  16431729		-999.00
5853	1497092441	3600		261.83		  16431729		-999.00
5854	1497096041	3600		261.83		  16431729		-999.00
5855	1497099641	3600		261.83		  16431729		-999.00
5856	1497103241	3600		261.83		  16431729		-999.00
5857	1497106841	3600		261.83		  16431729		-999.00
5858	1497110441	3600		261.83		  16431729		-999.00
5859	1497114041	3600		261.83		  16431729		-999.00
5860	1497117641	3600		261.83		  16431729		-999.00
5861	1497121241	3600		261.83		  16431729		-999.00
5862	1497124841	3600		261.83		  16431729		-999.00
5863	1497128441	3600		261.83		  16431729		-999.00
5864	1497132041	3600		261.83		  16431729		-999.00
5865	1497135641	3600		261.83		  16431729		-999.00
5866	1497139241	3600		261.83		  16431729		-999.00
5867	1497142841	3600		261.83		  16431729		-999.00
5868	1497146441	3600		261.83		  16431729		-999.00
5869	1497150041	3600		261.83		  16431729		-999.00
5870	1497153641	3600		261.83		  16431729		-999.00
5871	1497157241	3600		261.83		  16431729		-999.00
5872	1497160841	3600		261.83		  16431729		-999.00
5873	1497164441	3600		261.83		  16431729		-999.00
5874	1497168041	3600		261.66		  16431729		-999.00
5875	1497171641	3600		261.66		  16431729		-999.00
5876	1497175241	3600		261.66		  16431729		-999.00
5877	1497178841	3600		261.66		  16431729		-999.00
5878	1497182441	3600		261.66		  16431729		-999.00
5879	1497186041	3600		261.66		  16431729		-999.00
5880	1497189641	3600		261.66		  16431729		-999.00
5881	1497193241	3600		261.66		  16431729		-999.00
5882	1497196841	3600		261.66		  16431729		-999.00
5883	1497200441	3600		261.66		  16431729		-999.00
5884	1497204041	3600		261.66		  16431729		-999.00
5885	1497207641	3600		261.66		  16431729		-999.00
5886	1497211241	3600		261.66		  16431729		-999.00
5887	1497214841	3600		261.66		  16431729		-999.00
5888	1497218441	3600		261.66		  16431729		-999.00
5889	1497222041	3600		261.66		  16431729		-999.00
5890	1497225641	3600		261.66		  16431729		-999.00
5891	1497229241	3600		261.66		  16431729		-999.00
5892	1497232841	3600		261.66		  16431729		-999.00
5893	1497236441	3600		261.66		  16431729		-999.00
5894	1497240041	3600		261.66		  16431729		-999.00
5895	1497243641	3600		261.66		  16431729		-999.00
5896	1497247241	3600		267.74		  16431729		-999.00
5897	1497250841	3600		268.42		  16431729		-999.00
5898	1496724041	-526800		267.72		  16431729		-999.00
5822	1497254345	1200		267.56		    169632		 14.50
5822	1497257945	3600		267.56		    177562		  8.00
5822	1497261545	3600		267.56		    176148		  8.00
5822	1497261701	156		267.56		    227197		  8.00
5823	1497262901	1200		263.55		    227197		-999.00
5824	1497266501	3600		267.27		    227197		-999.00
5825	1497270101	3600		267.62		    227197		-999.00
5826	1497273701	3600		267.28		    227197		-999.00
5827	1497277301	3600		267.62		    227197		-999.00
5828	1497261701	-15600		267.55		    227197		-999.00
5824	1497281954	1200		268.56		  31197429		 17.00
5824	1497285554	3600		268.50		  29063725		 17.00
5824	1497289154	3600		268.47		  28167549		  9.50
5824	1497292754	3600		268.42		  26473344		  8.50
5824	1497293422	668		268.16		  17959856		  8.50
5825	1497294622	1200		267.45		  17959856		-999.00
5826	1497298222	3600		267.45		  17959856		-999.00
5827	1497301822	3600		267.62		  17959856		-999.00
5828	1497293422	-8400		267.62		  17959856		-999.00
5825	1497304989	1200		269.05		  47536916		 16.50
5825	1497305984	995		269.15		  51034170		 21.50
5826	1497307184	1200		267.62		  51034170		-999.00
5827	1497310784	3600		267.29		  51034170		-999.00
5828	1497314384	3600		267.29		  51034170		-999.00
5829	1497317984	3600		267.29		  51034170		-999.00
5830	1497321584	3600		267.29		  51034170		-999.00
5831	1497325184	3600		267.29		  51034170		-999.00
5832	1497328784	3600		267.62		  51034170		-999.00
5833	1497332384	3600		267.62		  51034170		-999.00
5834	1497335984	3600		267.62		  51034170		-999.00
5835	1497339584	3600		267.62		  51034170		-999.00
5836	1497343184	3600		267.62		  51034170		-999.00
5837	1497346784	3600		267.62		  51034170		-999.00
5838	1497350384	3600		267.62		  51034170		-999.00
5839	1497353984	3600		267.62		  51034170		-999.00
5840	1497357584	3600		267.62		  51034170		-999.00
5841	1497361184	3600		267.62		  51034170		-999.00
5842	1497364784	3600		267.62		  51034170		-999.00
5843	1497368384	3600		267.62		  51034170		-999.00
5844	1497371984	3600		267.62		  51034170		-999.00
5845	1497375584	3600		267.62		  51034170		-999.00
5846	1497379184	3600		267.62		  51034170		-999.00
5847	1497382784	3600		267.62		  51034170		-999.00
5848	1497386384	3600		267.62		  51034170		-999.00
5849	1497389984	3600		267.62		  51034170		-999.00
5850	1497393584	3600		267.29		  51034170		-999.00
5851	1497397184	3600		267.45		  51034170		-999.00
5852	1497400784	3600		267.62		  51034170		-999.00
5853	1497404384	3600		267.62		  51034170		-999.00
5854	1497407984	3600		267.29		  51034170		-999.00
5855	1497411584	3600		267.29		  51034170		-999.00
5856	1497305984	-105600		267.62		  51034170		-999.00
5830	1497415818	1200		268.95		  44179877		 21.50
5830	1497419418	3600		268.98		  45336394		 21.50
5830	1497423018	3600		268.85		  41000312		 21.50
5830	1497426618	3600		268.71		  36593701		 20.50
5830	1497430218	3600		268.74		  37659207		 20.50
5830	1497433818	3600		268.59		  32582824		 21.00
5830	1497437418	3600		268.63		  33816947		 21.00
5830	1497441018	3600		268.50		  29554326		 21.50
5830	1497443221	2203		268.56		  31592452		 21.50
5831	1497444421	1200		267.61		  31592452		-999.00
5832	1497448021	3600		267.61		  31592452		-999.00
5833	1497451621	3600		267.61		  31592452		-999.00
5834	1497455221	3600		267.28		  31592452		-999.00
5835	1497458821	3600		267.28		  31592452		-999.00
5836	1497462421	3600		267.45		  31592452		-999.00
5837	1497443221	-19200		267.61		  31592452		-999.00
5833	1497464685	1200		268.83		  40658560		 23.00
5833	1497468285	3600		268.91		  43265650		 23.00
5833	1497471885	3600		268.83		  40429285		 23.00
5833	1497475485	3600		268.75		  37736767		 23.00
5833	1497477032	1547		268.71		  36476660		 23.00
5834	1497478232	1200		267.61		  36476660		-999.00
5835	1497481832	3600		267.61		  36476660		-999.00
5836	1497485432	3600		267.61		  36476660		-999.00
5837	1497489032	3600		267.28		  36476660		-999.00
5838	1497492632	3600		267.45		  36476660		-999.00
5839	1497477032	-15600		267.61		  36476660		-999.00
5834	1497494478	1200		268.82		  40195482		 24.50
5834	1497498078	3600		268.90		  42901183		 24.50
5834	1497501678	3600		268.80		  39482708		 24.50
5834	1497505278	3600		268.72		  36895772		 24.50
5834	1497508878	3600		268.65		  34713103		 24.50
5834	1497512478	3600		268.59		  32451579		 24.50
5834	1497516078	3600		268.53		  30538159		 24.50
5834	1497519678	3600		268.28		  28011109		 11.00
5834	1497522631	2953		268.23		  26056370		 11.00
5835	1497523831	1200		267.61		  26056370		-999.00
5836	1497527431	3600		267.61		  26056370		-999.00
5837	1497531031	3600		267.61		  26056370		-999.00
5838	1497534631	3600		267.61		  26056370		-999.00
5839	1497538231	3600		267.61		  26056370		-999.00
5840	1497541831	3600		267.61		  26056370		-999.00
5841	1497545431	3600		267.28		  26056370		-999.00
5842	1497549031	3600		267.44		  26056370		-999.00
5843	1497552631	3600		267.61		  26056370		-999.00
5844	1497556231	3600		267.44		  26056370		-999.00
5845	1497559831	3600		267.61		  26056370		-999.00
5846	1497522631	-37200		267.44		  26056370		-999.00
5837	1497561154	1200		269.10		  49832309		 29.00
5837	1497564754	3600		269.20		  53119952		 29.00
5837	1497568354	3600		269.07		  48749620		 29.00
5837	1497571954	3600		268.96		  45015923		 29.00
5837	1497575554	3600		268.86		  41837248		 29.00
5837	1497579154	3600		268.79		  39447348		 29.00
5837	1497582754	3600		268.72		  37244064		 29.00
5837	1497586354	3600		268.65		  34664390		 29.00
5837	1497589954	3600		268.57		  32118546		 25.50
5837	1497593554	3600		268.48		  29109432		 29.00
5837	1497597154	3600		268.47		  28686526		 29.50
5837	1497600754	3600		268.47		  28775643		 29.50
5837	1497601904	1150		268.45		  28164463		 29.50
5838	1497603104	1200		267.78		  28164463		-999.00
5839	1497606704	3600		267.44		  28164463		-999.00
5840	1497610304	3600		267.44		  28164463		-999.00
5841	1497601904	-8400		267.61		  28164463		-999.00
5838	1497611661	1200		269.26		  55184003		 33.50
5838	1497615261	3600		269.12		  50372124		 33.50
5838	1497618861	3600		269.00		  46553121		 33.00
5838	1497621644	2783		268.99		  46202178		 33.00
5839	1497622844	1200		267.61		  46202178		-999.00
5840	1497626444	3600		267.61		  46202178		-999.00
5841	1497630044	3600		267.61		  46202178		-999.00
5842	1497633644	3600		267.61		  46202178		-999.00
5843	1497621644	-12000		267.61		  46202178		-999.00
5839	1497635310	1200		269.13		  50833099		 35.00
5839	1497638910	3600		269.23		  54059518		 35.00
5839	1497642510	3600		269.12		  50528586		 35.00
5839	1497646110	3600		269.04		  47743828		 35.00
5839	1497649710	3600		268.90		  43047693		 35.50
5839	1497653310	3600		268.89		  42801963		 35.50
5839	1497656910	3600		268.79		  39458788		 35.50
5839	1497657191	281		268.77		  38833549		 35.50
5840	1497658391	1200		267.61		  38833549		-999.00
5841	1497661991	3600		267.27		  38833549		-999.00
5842	1497665591	3600		267.61		  38833549		-999.00
5843	1497657191	-8400		267.61		  38833549		-999.00
5840	1497669586	1200		269.13		  50840851		 37.00
5840	1497673186	3600		269.24		  54371585		 37.00
5840	1497676786	3600		269.10		  49879235		 37.00
5840	1497680386	3600		268.92		  43923659		 38.50
5840	1497683986	3600		268.98		  45691991		 38.50
5840	1497687586	3600		268.88		  42521541		 38.50
5840	1497691186	3600		268.75		  38049283		 38.00
5840	1497694363	3177		268.72		  36959573		 38.50
5841	1497695563	1200		267.61		  36959573		-999.00
5842	1497699163	3600		267.61		  36959573		-999.00
5843	1497702763	3600		267.61		  36959573		-999.00
5844	1497706363	3600		267.55		  36959573		-999.00
5845	1497709963	3600		267.47		  36959573		-999.00
5846	1497713563	3600		267.47		  36959573		-999.00
5847	1497717163	3600		267.64		  36959573		-999.00
5848	1497694363	-22800		267.61		  36959573		-999.00
5842	1497721255	1200		269.57		  64199093		 42.50
5842	1497724855	3600		269.71		  68869925		 42.50
5842	1497728455	3600		269.56		  63975252		 42.50
5842	1497732055	3600		269.45		  60184228		 42.50
5842	1497735655	3600		269.32		  56026755		 42.50
5842	1497739255	3600		269.21		  52205126		 43.50
5842	1497742855	3600		269.16		  50702609		 43.50
5842	1497746455	3600		269.09		  48168523		 43.50
5842	1497750055	3600		268.96		  44106820		 43.50
5842	1497753655	3600		268.95		  43586533		 43.50
5842	1497756016	2361		268.90		  42083508		 43.50
5843	1497757216	1200		267.64		  42083508		-999.00
5844	1497760816	3600		267.64		  42083508		-999.00
5845	1497764416	3600		267.64		  42083508		-999.00
5846	1497768016	3600		267.64		  42083508		-999.00
5847	1497771616	3600		267.64		  42083508		-999.00
5848	1497775216	3600		267.47		  42083508		-999.00
5849	1497778816	3600		267.64		  42083508		-999.00
5850	1497782416	3600		267.64		  42083508		-999.00
5851	1497756016	-26400		267.64		  42083508		-999.00
5845	1497783619	1200		269.84		  73201709		 48.00
5845	1497787219	3600		269.90		  75414597		 48.00
5845	1497790819	3600		269.77		  70836944		 48.00
5845	1497792233	1414		269.69		  68261981		 48.00
5846	1497793433	1200		267.64		  68261981		-999.00
5847	1497797033	3600		267.64		  68261981		-999.00
5848	1497800633	3600		267.54		  68261981		-999.00
5849	1497804233	3600		265.61		  68261981		-999.00
5850	1497807833	3600		267.38		  68261981		-999.00
5851	1497811433	3600		267.38		  68261981		-999.00
5852	1497815033	3600		267.72		  68261981		-999.00
5853	1497818633	3600		267.72		  68261981		-999.00
5854	1497822233	3600		267.72		  68261981		-999.00
5855	1497825833	3600		267.72		  68261981		-999.00
5856	1497829433	3600		267.72		  68261981		-999.00
5857	1497833033	3600		267.72		  68261981		-999.00
5858	1497836633	3600		267.72		  68261981		-999.00
5859	1497840233	3600		267.72		  68261981		-999.00
5860	1497843833	3600		267.72		  68261981		-999.00
5861	1497847433	3600		267.72		  68261981		-999.00
5862	1497851033	3600		267.72		  68261981		-999.00
5863	1497854633	3600		267.38		  68261981		-999.00
5864	1497858233	3600		267.38		  68261981		-999.00
5865	1497861833	3600		267.38		  68261981		-999.00
5866	1497865433	3600		267.38		  68261981		-999.00
5867	1497869033	3600		267.38		  68261981		-999.00
5868	1497872633	3600		267.38		  68261981		-999.00
5869	1497876233	3600		267.38		  68261981		-999.00
5870	1497879833	3600		267.38		  68261981		-999.00
5871	1497883433	3600		267.38		  68261981		-999.00
5872	1497887033	3600		267.38		  68261981		-999.00
5873	1497792233	-94800		267.64		  68261981		-999.00
5848	1497888823	1200		269.94		  73913274		 48.50
5848	1497892423	3600		270.04		  77218771		 51.00
5848	1497896023	3600		269.83		  70224139		 51.00
5848	1497899623	3600		269.73		  66937371		 51.00
5848	1497903223	3600		269.65		  64227831		 51.00
5848	1497906823	3600		269.52		  60047666		 51.00
5848	1497910423	3600		269.40		  55961585		 51.00
5848	1497914023	3600		269.33		  53515434		 51.00
5848	1497917623	3600		269.24		  50477204		 51.00
5848	1497921223	3600		269.11		  46159193		 50.00
5848	1497924823	3600		269.08		  45176102		 50.00
5848	1497928423	3600		269.01		  43030390		 50.00
5848	1497932023	3600		268.95		  40861939		 50.00
5848	1497935623	3600		268.88		  38601500		 50.00
5848	1497939223	3600		268.82		  36463310		 50.00
5848	1497942823	3600		268.73		  33424681		 16.50
5848	1497945795	2972		268.33		  31592071		 16.50
5849	1497946995	1200		267.38		  31592071		-999.00
5850	1497950595	3600		267.38		  31592071		-999.00
5851	1497954195	3600		266.72		  31592071		-999.00
5852	1497957795	3600		267.42		  31592071		-999.00
5853	1497945795	-12000		267.38		  31592071		-999.00
5849	1497959301	1200		270.04		  81668436		 59.50
5849	1497962901	3600		270.38		  87129574		 59.50
5849	1497966501	3600		270.20		  81117240		 59.50
5849	1497970101	3600		270.10		  77656015		 59.50
5849	1497973701	3600		269.94		  72238887		 59.50
5849	1497977301	3600		269.81		  67978101		 62.00
5849	1497980901	3600		269.72		  65087820		 62.00
5849	1497984501	3600		269.60		  61046729		 62.00
5849	1497988101	3600		269.48		  56946469		 61.50
5849	1497991701	3600		269.38		  53780736		 61.00
5849	1497995301	3600		269.33		  51914914		 61.00
5849	1497998901	3600		269.23		  48608928		 61.00
5849	1498002501	3600		269.15		  45851601		 61.00
5849	1498006101	3600		269.08		  43594142		 61.00
5849	1498009701	3600		269.00		  40897169		 61.00
5849	1498013301	3600		268.94		  39090093		 61.00
5849	1498016901	3600		268.87		  36823947		 61.00
5849	1498020501	3600		268.83		  35215054		 61.00
5849	1498024101	3600		268.77		  33275661		 61.00
5849	1498027701	3600		268.73		  31862985		 61.00
5849	1498031301	3600		268.69		  30555095		 61.00
5849	1498034901	3600		268.43		  27804763		 18.00
5849	1498037462	2561		268.43		  27817033		 18.00
5850	1498038662	1200		267.60		  27817033		-999.00
5851	1498042262	3600		267.43		  27817033		-999.00
5852	1498045862	3600		267.43		  27817033		-999.00
5853	1498049462	3600		267.43		  27817033		-999.00
5854	1498053062	3600		267.43		  27817033		-999.00
5855	1498056662	3600		267.43		  27817033		-999.00
5856	1498060262	3600		267.43		  27817033		-999.00
5857	1498063862	3600		267.43		  27817033		-999.00
5858	1498067462	3600		267.43		  27817033		-999.00
5859	1498071062	3600		267.43		  27817033		-999.00
5860	1498074662	3600		267.43		  27817033		-999.00
5861	1498078262	3600		267.43		  27817033		-999.00
5862	1498081862	3600		267.43		  27817033		-999.00
5863	1498037462	-44400		267.60		  27817033		-999.00
5856	1498085200	1200		271.03		 102981147		 70.00
5856	1498088800	3600		270.71		  98162875		 72.00
5856	1498092400	3600		270.59		  94042058		 72.00
5856	1498096000	3600		270.41		  87922213		 72.00
5856	1498099600	3600		270.25		  82828300		 72.00
5856	1498103200	3600		270.12		  78168423		 72.00
5856	1498106800	3600		269.99		  73978930		 74.50
5856	1498110400	3600		269.88		  70493568		 72.00
5856	1498114000	3600		269.75		  66048744		 72.00
5856	1498117600	3600		269.66		  62973591		 74.50
5856	1498121200	3600		269.57		  59931028		 74.50
5856	1498124800	3600		269.48		  56908590		 74.50
5856	1498128400	3600		269.16		  52008198		 19.00
5856	1498129704	1304		269.15		  51559229		 19.00
5857	1498130904	1200		267.60		  51559229		-999.00
5858	1498134504	3600		267.60		  51559229		-999.00
5859	1498138104	3600		267.43		  51559229		-999.00
5860	1498141704	3600		267.43		  51559229		-999.00
5861	1498145304	3600		267.43		  51559229		-999.00
5862	1498148904	3600		267.43		  51559229		-999.00
5863	1498152504	3600		267.43		  51559229		-999.00
5864	1498156104	3600		267.60		  51559229		-999.00
5865	1498159704	3600		267.42		  51559229		-999.00
5866	1498163304	3600		267.42		  51559229		-999.00
5867	1498166904	3600		267.59		  51559229		-999.00
5868	1498170504	3600		267.59		  51559229		-999.00
5869	1498174104	3600		267.59		  51559229		-999.00
5870	1498177704	3600		267.59		  51559229		-999.00
5871	1498129704	-48000		267.60		  51559229		-999.00
5862	1498182174	1200		270.68		  91782023		 80.00
5862	1498184488	2314		270.87		  97912769		 80.00
5863	1498185688	1200		267.76		  97912769		-999.00
5864	1498189288	3600		267.59		  97912769		-999.00
5865	1498192888	3600		267.59		  97912769		-999.00
5866	1498196488	3600		267.59		  97912769		-999.00
5867	1498200088	3600		267.59		  97912769		-999.00
5868	1498203688	3600		267.59		  97912769		-999.00
5869	1498207288	3600		267.59		  97912769		-999.00
5870	1498210888	3600		267.41		  97912769		-999.00
5871	1498214488	3600		267.41		  97912769		-999.00
5872	1498184488	-30000		267.93		  97912769		-999.00
5864	1498218856	1200		269.97		  79393440		 77.50
5864	1498222456	3600		270.29		  84566662		 80.00
5864	1498226056	3600		270.16		  80195284		 80.00
5864	1498229656	3600		270.00		  74813962		 80.00
5864	1498233256	3600		269.92		  72305314		 80.00
5864	1498236856	3600		269.78		  67627554		 80.00
5864	1498239467	2611		269.69		  64532391		 80.00
5865	1498240667	1200		267.75		  64532391		-999.00
5866	1498244267	3600		267.58		  64532391		-999.00
5867	1498247867	3600		267.58		  64532391		-999.00
5868	1498251467	3600		267.58		  64532391		-999.00
5869	1498255067	3600		267.58		  64532391		-999.00
5870	1498239467	-15600		267.75		  64532391		-999.00
5865	1498258876	1200		270.94		 100396017		 85.50
5865	1498262476	3600		270.66		  91253013		 85.00
5865	1498266076	3600		270.57		  88060114		 85.00
5865	1498269676	3600		270.26		  83500634		 85.00
5865	1498273276	3600		270.11		  78673739		 85.00
5865	1498276876	3600		270.03		  75759761		 85.00
5865	1498280476	3600		269.88		  70832504		 85.00
5865	1498284076	3600		269.81		  68477364		 87.50
5865	1498287676	3600		269.68		  64321620		 85.00
5865	1498291276	3600		269.58		  60952818		 85.00
5865	1498292546	1270		269.51		  58450150		 87.50
5866	1498293746	1200		267.75		  58450150		-999.00
5867	1498297346	3600		267.58		  58450150		-999.00
5868	1498300946	3600		267.58		  58450150		-999.00
5869	1498304546	3600		267.75		  58450150		-999.00
5870	1498308146	3600		267.75		  58450150		-999.00
5871	1498311746	3600		267.39		  58450150		-999.00
5872	1498315346	3600		267.56		  58450150		-999.00
5873	1498318946	3600		267.56		  58450150		-999.00
5874	1498322546	3600		267.56		  58450150		-999.00
5875	1498292546	-30000		267.75		  58450150		-999.00
5868	1498327102	1200		270.76		  95239136		 92.00
5868	1498330702	3600		271.09		 106090763		 94.50
5868	1498332556	1854		270.98		 102572271		 94.50
5869	1498333756	1200		267.73		 102572271		-999.00
5870	1498337356	3600		267.56		 102572271		-999.00
5871	1498340956	3600		267.56		 102572271		-999.00
5872	1498332556	-8400		267.90		 102572271		-999.00
5873	1498346315	1200		267.73		 102572271		-999.00
5874	1498349915	3600		267.56		 102572271		-999.00
5875	1498353515	3600		267.56		 102572271		-999.00
5876	1498357115	3600		267.56		 102572271		-999.00
5877	1498360715	3600		267.56		 102572271		-999.00
5878	1498345115	-15600		267.90		 102572271		-999.00
5872	1498362935	1200		270.71		  93534622		 91.50
5872	1498366535	3600		270.83		  97390683		 94.50
5872	1498370135	3600		270.65		  91462769		 94.50
5872	1498373735	3600		270.50		  86652712		 94.50
5872	1498377335	3600		270.36		  81809583		 94.50
5872	1498380935	3600		270.22		  77151476		 94.50
5872	1498384535	3600		270.08		  72572631		 94.50
5872	1498388135	3600		270.00		  69882281		 94.50
5872	1498391735	3600		269.87		  65543135		 94.50
5872	1498395335	3600		269.77		  62375320		 94.50
5872	1498398935	3600		269.53		  59963074		 97.00
5872	1498402535	3600		269.37		  54497666		 94.00
5872	1498406135	3600		269.35		  53851374		 94.00
5872	1498409735	3600		269.25		  50632985		 94.00
5872	1498413335	3600		269.18		  48381642		 94.00
5872	1498416935	3600		269.11		  45987711		 94.00
5872	1498420535	3600		269.00		  42060347		 94.00
5872	1498421031	496		269.09		  45353115		 94.00
5873	1498422231	1200		263.56		  45353115		-999.00
5874	1498425831	3600		263.56		  45353115		-999.00
5875	1498421031	-4800		263.73		  45353115		-999.00
5873	1498430191	1200		270.81		  97026827		106.00
5873	1498433791	3600		271.01		 103641090		103.50
5873	1498437391	3600		270.76		  95331256		106.00
5873	1498440991	3600		270.57		  89053795		106.00
5873	1498444591	3600		270.41		  83646655		106.00
5873	1498448191	3600		270.30		  80001111		106.00
5873	1498451791	3600		270.17		  75656610		106.00
5873	1498455391	3600		270.06		  72047452		106.00
5873	1498458991	3600		269.94		  67740626		106.00
5873	1498462591	3600		269.84		  64584855		106.00
5873	1498466191	3600		269.73		  60881410		106.00
5873	1498466372	181		269.26		  45348982		106.00
5874	1498467572	1200		267.90		  45348982		-999.00
5875	1498471172	3600		263.56		  45348982		-999.00
5876	1498474772	3600		263.56		  45348982		-999.00
5877	1498478372	3600		263.56		  45348982		-999.00
5878	1498481972	3600		263.39		  45348982		-999.00
5879	1498485572	3600		263.39		  45348982		-999.00
5880	1498489172	3600		263.39		  45348982		-999.00
5881	1498492772	3600		263.56		  45348982		-999.00
5882	1498496372	3600		263.39		  45348982		-999.00
5883	1498499972	3600		263.39		  45348982		-999.00
5884	1498503572	3600		263.39		  45348982		-999.00
5885	1498507172	3600		263.56		  45348982		-999.00
5886	1498510772	3600		263.56		  45348982		-999.00
5887	1498466372	-44400		263.90		  45348982		-999.00
5876	1498513169	1200		270.80		  96921260		114.00
5876	1498516769	3600		270.97		 102358625		112.00
5876	1498520369	3600		270.77		  95918269		112.00
5876	1498523969	3600		270.57		  89082740		114.50
5876	1498527569	3600		270.28		  85107517		112.00
5876	1498531169	3600		270.13		  80041850		112.00
5876	1498534769	3600		269.79		  74317397		109.50
5876	1498538369	3600		269.69		  71092173		112.00
5876	1498541969	3600		269.55		  66585361		112.00
5876	1498545569	3600		269.43		  62578189		112.00
5876	1498549169	3600		269.35		  59647493		112.00
5876	1498550756	1587		269.32		  58726450		112.00
5877	1498551956	1200		267.56		  58726450		-999.00
5878	1498555556	3600		267.56		  58726450		-999.00
5879	1498559156	3600		267.56		  58726450		-999.00
5880	1498562756	3600		263.39		  58726450		-999.00
5881	1498566356	3600		263.56		  58726450		-999.00
5882	1498550756	-15600		263.56		  58726450		-999.00
5878	1498569513	1200		271.00		 103359814		119.00
5878	1498573113	3600		270.64		  91502220		121.00
5878	1498576713	3600		270.62		  90940453		121.00
5878	1498580313	3600		270.50		  86726061		118.50
5878	1498583913	3600		270.34		  81320876		121.00
5878	1498587513	3600		270.24		  78201269		121.00
5878	1498591113	3600		270.10		  73495566		121.00
5878	1498594713	3600		269.96		  68891191		121.00
5878	1498598313	3600		269.87		  65737029		121.00
5878	1498601913	3600		269.79		  63222010		121.00
5878	1498605513	3600		269.69		  59789399		121.00
5878	1498609113	3600		269.41		  56180192		121.00
5878	1498612713	3600		269.34		  53618420		121.00
5878	1498614006	1293		269.25		  50883689		121.00
5879	1498615206	1200		267.73		  50883689		-999.00
5880	1498618806	3600		267.73		  50883689		-999.00
5881	1498622406	3600		263.56		  50883689		-999.00
5882	1498626006	3600		263.56		  50883689		-999.00
5883	1498629606	3600		263.56		  50883689		-999.00
5884	1498633206	3600		263.56		  50883689		-999.00
5885	1498636806	3600		263.56		  50883689		-999.00
5886	1498614006	-22800		263.73		  50883689		-999.00
5880	1498638507	1200		270.64		  97156678		128.00
5880	1498642107	3600		270.78		 101711059		130.50
5880	1498644055	1948		270.64		  96981618		130.50
5881	1498645255	1200		267.73		  96981618		-999.00
5882	1498648855	3600		267.90		  96981618		-999.00
5883	1498652455	3600		267.90		  96981618		-999.00
5884	1498656055	3600		263.64		  96981618		-999.00
5885	1498659655	3600		263.64		  96981618		-999.00
5886	1498663255	3600		263.64		  96981618		-999.00
5887	1498644055	-19200		263.73		  96981618		-999.00
5882	1498664876	1200		270.66		 100822440		132.50
5882	1498668476	3600		270.84		 106790136		132.50
5882	1498672076	3600		270.68		 101292123		132.50
5882	1498675676	3600		270.55		  96897238		133.50
5882	1498679276	3600		270.26		  87351614		134.00
5882	1498682876	3600		269.64		  66537744		132.00
5882	1498686476	3600		269.73		  69821799		133.00
5882	1498690076	3600		269.92		  76083409		130.50
5882	1498693676	3600		269.82		  72706298		133.00
5882	1498697276	3600		269.73		  69605474		133.50
5882	1498699786	2510		269.63		  66427843		131.00
5883	1498700986	1200		267.64		  66427843		-999.00
5884	1498704586	3600		263.64		  66427843		-999.00
5885	1498708186	3600		263.64		  66427843		-999.00
5886	1498699786	-8400		263.64		  66427843		-999.00
5883	1498710319	1200		270.29		  88290052		139.50
5883	1498713919	3600		270.78		 104705818		141.00
5883	1498717519	3600		270.63		  99795536		141.00
5883	1498721119	3600		270.49		  95029676		140.50
5883	1498724719	3600		270.29		  88191800		140.50
5883	1498728319	3600		270.20		  85414890		140.50
5883	1498729901	1582		270.08		  81419725		125.00
5884	1498731101	1200		267.64		  81419725		-999.00
5885	1498734701	3600		263.64		  81419725		-999.00
5886	1498738301	3600		263.64		  81419725		-999.00
5887	1498741901	3600		263.64		  81419725		-999.00
5888	1498729901	-12000		263.64		  81419725		-999.00
5889	1498746389	1200		267.64		  81419725		-999.00
5890	1498749989	3600		267.64		  81419725		-999.00
5891	1498753589	3600		267.64		  81419725		-999.00
5892	1498757189	3600		263.64		  81419725		-999.00
5893	1498760789	3600		263.64		  81419725		-999.00
5894	1498745189	-15600		263.64		  81419725		-999.00
5887	1498762146	1200		270.71		 102440277		145.50
5887	1498765746	3600		270.85		 106844849		145.00
5887	1498769346	3600		270.70		 102116926		140.00
5887	1498772946	3600		270.55		  97042662		145.50
5887	1498775337	2391		270.39		  91719858		145.50
5888	1498776537	1200		267.64		  91719858		-999.00
5889	1498780137	3600		267.64		  91719858		-999.00
5890	1498783737	3600		267.64		  91719858		-999.00
5891	1498787337	3600		258.17		  91719858		-999.00
5892	1498790937	3600		258.17		  91719858		-999.00
5893	1498794537	3600		257.65		  91719858		-999.00
5894	1498798137	3600		257.65		  91719858		-999.00
5895	1498801737	3600		261.60		  91719858		-999.00
5896	1498805337	3600		261.60		  91719858		-999.00
5897	1498808937	3600		261.60		  91719858		-999.00
5898	1498812537	3600		261.60		  91719858		-999.00
5899	1498816137	3600		261.60		  91719858		-999.00
5900	1498819737	3600		261.60		  91719858		-999.00
5901	1498823337	3600		261.60		  91719858		-999.00
5902	1498826937	3600		261.60		  91719858		-999.00
5903	1498830537	3600		261.60		  91719858		-999.00
5904	1498834137	3600		261.60		  91719858		-999.00
5905	1498837737	3600		261.60		  91719858		-999.00
5906	1498841337	3600		261.60		  91719858		-999.00
5907	1498844937	3600		261.60		  91719858		-999.00
5908	1498848537	3600		261.60		  91719858		-999.00
5909	1498852137	3600		261.60		  91719858		-999.00
5910	1498855737	3600		261.60		  91719858		-999.00
5911	1498859337	3600		261.60		  91719858		-999.00
5912	1498862937	3600		261.60		  91719858		-999.00
5913	1498866537	3600		261.60		  91719858		-999.00
5914	1498870137	3600		261.60		  91719858		-999.00
5915	1498873737	3600		261.60		  91719858		-999.00
5916	1498877337	3600		261.60		  91719858		-999.00
5917	1498880937	3600		261.60		  91719858		-999.00
5918	1498884537	3600		261.60		  91719858		-999.00
5919	1498888137	3600		261.60		  91719858		-999.00
5920	1498891737	3600		261.60		  91719858		-999.00
5921	1498895337	3600		261.60		  91719858		-999.00
5922	1498898937	3600		261.60		  91719858		-999.00
5923	1498902537	3600		261.60		  91719858		-999.00
5924	1498906137	3600		261.60		  91719858		-999.00
5925	1498909737	3600		261.60		  91719858		-999.00
5926	1498913337	3600		261.60		  91719858		-999.00
5927	1498916937	3600		261.60		  91719858		-999.00
5928	1498920537	3600		261.60		  91719858		-999.00
5929	1498924137	3600		261.60		  91719858		-999.00
5930	1498927737	3600		261.60		  91719858		-999.00
5931	1498931337	3600		261.60		  91719858		-999.00
5932	1498934937	3600		261.60		  91719858		-999.00
5933	1498938537	3600		261.60		  91719858		-999.00
5934	1498942137	3600		261.60		  91719858		-999.00
5935	1498945737	3600		261.60		  91719858		-999.00
5936	1498949337	3600		261.60		  91719858		-999.00
5937	1498952937	3600		261.60		  91719858		-999.00
5938	1498956537	3600		261.60		  91719858		-999.00
5939	1498960137	3600		261.60		  91719858		-999.00
5940	1498963737	3600		261.60		  91719858		-999.00
5941	1498967337	3600		261.60		  91719858		-999.00
5942	1498970937	3600		261.60		  91719858		-999.00
5943	1498974537	3600		261.60		  91719858		-999.00
5944	1498978137	3600		261.60		  91719858		-999.00
5945	1498981737	3600		261.60		  91719858		-999.00
5946	1498985337	3600		261.60		  91719858		-999.00
5947	1498988937	3600		261.60		  91719858		-999.00
5948	1498992537	3600		261.60		  91719858		-999.00
5949	1498996137	3600		261.60		  91719858		-999.00
5950	1498999737	3600		261.60		  91719858		-999.00
5951	1499003337	3600		261.60		  91719858		-999.00
5952	1499006937	3600		261.60		  91719858		-999.00
5953	1499010537	3600		261.60		  91719858		-999.00
5954	1499014137	3600		261.60		  91719858		-999.00
5955	1499017737	3600		261.60		  91719858		-999.00
5956	1499021337	3600		261.60		  91719858		-999.00
5957	1499024937	3600		261.60		  91719858		-999.00
5958	1499028537	3600		261.60		  91719858		-999.00
5959	1499032137	3600		261.60		  91719858		-999.00
5960	1499035737	3600		261.60		  91719858		-999.00
5961	1499039337	3600		261.60		  91719858		-999.00
5962	1499042937	3600		261.60		  91719858		-999.00
5963	1499046537	3600		261.60		  91719858		-999.00
5964	1499050137	3600		261.60		  91719858		-999.00
5965	1499053737	3600		261.94		  91719858		-999.00
5966	1499057337	3600		267.25		  91719858		-999.00
5967	1499060937	3600		267.42		  91719858		-999.00
5968	1499064537	3600		265.32		  91719858		-999.00
5969	1499068137	3600		267.41		  91719858		-999.00
5970	1499071737	3600		267.58		  91719858		-999.00
5971	1499075337	3600		267.58		  91719858		-999.00
5972	1499078937	3600		267.56		  91719858		-999.00
5973	1499082537	3600		267.56		  91719858		-999.00
5974	1499086137	3600		267.73		  91719858		-999.00
5975	1499089737	3600		267.73		  91719858		-999.00
5976	1499093337	3600		267.73		  91719858		-999.00
5977	1499096937	3600		267.73		  91719858		-999.00
5978	1499100537	3600		267.73		  91719858		-999.00
5979	1499104137	3600		267.73		  91719858		-999.00
5980	1499107737	3600		267.73		  91719858		-999.00
5981	1499111337	3600		267.73		  91719858		-999.00
5982	1499114937	3600		267.73		  91719858		-999.00
5983	1499118537	3600		267.73		  91719858		-999.00
5984	1499122137	3600		267.73		  91719858		-999.00
5985	1499125737	3600		267.73		  91719858		-999.00
5986	1499129337	3600		267.73		  91719858		-999.00
5987	1499132937	3600		267.73		  91719858		-999.00
5988	1499136537	3600		267.73		  91719858		-999.00
5989	1499140137	3600		267.73		  91719858		-999.00
5990	1499143737	3600		266.18		  91719858		-999.00
5991	1499147337	3600		266.18		  91719858		-999.00
5992	1499150937	3600		266.18		  91719858		-999.00
5993	1499154537	3600		266.18		  91719858		-999.00
5994	1499158137	3600		266.18		  91719858		-999.00
5995	1499161737	3600		266.18		  91719858		-999.00
5996	1499165337	3600		266.18		  91719858		-999.00
5997	1499168937	3600		266.18		  91719858		-999.00
5998	1499172537	3600		266.18		  91719858		-999.00
5999	1499176137	3600		266.18		  91719858		-999.00
6000	1499179737	3600		266.18		  91719858		-999.00
6001	1499183337	3600		266.18		  91719858		-999.00
6002	1499186937	3600		266.18		  91719858		-999.00
6003	1499190537	3600		266.18		  91719858		-999.00
6004	1499194137	3600		266.18		  91719858		-999.00
6005	1499197737	3600		266.18		  91719858		-999.00
6006	1499201337	3600		266.18		  91719858		-999.00
6007	1499204937	3600		266.18		  91719858		-999.00
6008	1499208537	3600		266.18		  91719858		-999.00
6009	1499212137	3600		266.18		  91719858		-999.00
6010	1499215737	3600		266.18		  91719858		-999.00
6011	1499219337	3600		266.18		  91719858		-999.00
6012	1499222937	3600		266.18		  91719858		-999.00
6013	1499226537	3600		266.18		  91719858		-999.00
6014	1499230137	3600		266.18		  91719858		-999.00
6015	1499233737	3600		266.00		  91719858		-999.00
6016	1499237337	3600		266.34		  91719858		-999.00
6017	1499240937	3600		266.34		  91719858		-999.00
6018	1499244537	3600		266.34		  91719858		-999.00
6019	1499248137	3600		266.34		  91719858		-999.00
6020	1499251737	3600		266.34		  91719858		-999.00
6021	1499255337	3600		266.17		  91719858		-999.00
6022	1499258937	3600		266.17		  91719858		-999.00
6023	1499262537	3600		266.17		  91719858		-999.00
6024	1499266137	3600		266.17		  91719858		-999.00
6025	1499269737	3600		266.17		  91719858		-999.00
6026	1499273337	3600		266.17		  91719858		-999.00
6027	1499276937	3600		266.17		  91719858		-999.00
6028	1499280537	3600		266.17		  91719858		-999.00
6029	1499284137	3600		266.17		  91719858		-999.00
6030	1499287737	3600		266.17		  91719858		-999.00
6031	1499291337	3600		266.17		  91719858		-999.00
6032	1499294937	3600		266.17		  91719858		-999.00
6033	1499298537	3600		266.17		  91719858		-999.00
6034	1499302137	3600		266.17		  91719858		-999.00
6035	1499305737	3600		266.17		  91719858		-999.00
6036	1499309337	3600		266.17		  91719858		-999.00
6037	1499312937	3600		266.17		  91719858		-999.00
6038	1499316537	3600		266.17		  91719858		-999.00
6039	1499320137	3600		266.17		  91719858		-999.00
6040	1499323737	3600		266.17		  91719858		-999.00
6041	1499327337	3600		266.17		  91719858		-999.00
6042	1499330937	3600		266.17		  91719858		-999.00
6043	1499334537	3600		266.17		  91719858		-999.00
6044	1499338137	3600		266.17		  91719858		-999.00
6045	1499341737	3600		266.17		  91719858		-999.00
6046	1499345337	3600		266.17		  91719858		-999.00
6047	1499348937	3600		266.17		  91719858		-999.00
6048	1499352537	3600		266.17		  91719858		-999.00
6049	1499356137	3600		266.17		  91719858		-999.00
6050	1499359737	3600		266.17		  91719858		-999.00
6051	1499363337	3600		266.17		  91719858		-999.00
6052	1499366937	3600		266.17		  91719858		-999.00
6053	1499370537	3600		266.17		  91719858		-999.00
6054	1499374137	3600		266.17		  91719858		-999.00
6055	1499377737	3600		266.17		  91719858		-999.00
6056	1499381337	3600		266.17		  91719858		-999.00
6057	1499384937	3600		266.17		  91719858		-999.00
6058	1499388537	3600		266.17		  91719858		-999.00
6059	1499392137	3600		266.17		  91719858		-999.00
6060	1499395737	3600		266.17		  91719858		-999.00
6061	1499399337	3600		266.17		  91719858		-999.00
6062	1499402937	3600		266.17		  91719858		-999.00
6063	1499406537	3600		266.17		  91719858		-999.00
6064	1499410137	3600		266.17		  91719858		-999.00
6065	1499413737	3600		266.17		  91719858		-999.00
6066	1499417337	3600		266.17		  91719858		-999.00
6067	1499420937	3600		262.17		  91719858		-999.00
6068	1499424537	3600		260.07		  91719858		-999.00
6069	1499428137	3600		260.37		  91719858		-999.00
6070	1499431737	3600		260.37		  91719858		-999.00
6071	1499435337	3600		260.37		  91719858		-999.00
6072	1499438937	3600		266.53		  91719858		-999.00
6073	1499442537	3600		265.89		  91719858		-999.00
6074	1499446137	3600		265.89		  91719858		-999.00
6075	1499449737	3600		260.11		  91719858		-999.00
6076	1499453337	3600		259.76		  91719858		-999.00
6077	1499456937	3600		259.76		  91719858		-999.00
6078	1499460537	3600		259.76		  91719858		-999.00
6079	1499464137	3600		259.76		  91719858		-999.00
6080	1499467737	3600		259.76		  91719858		-999.00
6081	1499471337	3600		259.76		  91719858		-999.00
6082	1499474937	3600		260.10		  91719858		-999.00
6083	1499478537	3600		259.76		  91719858		-999.00
6084	1499482137	3600		259.76		  91719858		-999.00
6085	1499485737	3600		259.76		  91719858		-999.00
6086	1499489337	3600		259.76		  91719858		-999.00
6087	1499492937	3600		259.76		  91719858		-999.00
6088	1499496537	3600		259.76		  91719858		-999.00
6089	1499500137	3600		259.76		  91719858		-999.00
6090	1499503737	3600		259.76		  91719858		-999.00
6091	1499507337	3600		259.76		  91719858		-999.00
6092	1499510937	3600		259.76		  91719858		-999.00
6093	1499514537	3600		259.76		  91719858		-999.00
6094	1499518137	3600		259.76		  91719858		-999.00
6095	1499521737	3600		259.76		  91719858		-999.00
6096	1499525337	3600		259.76		  91719858		-999.00
6097	1499528937	3600		259.76		  91719858		-999.00
6098	1499532537	3600		259.76		  91719858		-999.00
6099	1499536137	3600		259.76		  91719858		-999.00
6100	1499539737	3600		259.76		  91719858		-999.00
6101	1499543337	3600		259.76		  91719858		-999.00
6102	1499546937	3600		259.76		  91719858		-999.00
6103	1499550537	3600		259.76		  91719858		-999.00
6104	1499554137	3600		259.76		  91719858		-999.00
6105	1499557737	3600		259.76		  91719858		-999.00
6106	1499561337	3600		259.76		  91719858		-999.00
6107	1499564937	3600		259.76		  91719858		-999.00
6108	1499568537	3600		259.76		  91719858		-999.00
6109	1499572137	3600		259.76		  91719858		-999.00
6110	1499575737	3600		259.76		  91719858		-999.00
6111	1499579337	3600		259.93		  91719858		-999.00
6112	1499582937	3600		259.76		  91719858		-999.00
6113	1499586537	3600		259.76		  91719858		-999.00
6114	1499590137	3600		259.76		  91719858		-999.00
6115	1499593737	3600		259.76		  91719858		-999.00
6116	1499597337	3600		259.76		  91719858		-999.00
6117	1499600937	3600		259.76		  91719858		-999.00
6118	1499604537	3600		259.76		  91719858		-999.00
6119	1499608137	3600		259.76		  91719858		-999.00
6120	1499611737	3600		264.03		  91719858		-999.00
6121	1499615337	3600		262.23		  91719858		-999.00
6122	1499618937	3600		262.40		  91719858		-999.00
6123	1498775337	-843600		263.64		  91719858		-999.00
6124	1499621135	1200		266.05		  91719858		-999.00
6125	1499624735	3600		266.05		  91719858		-999.00
6126	1499628335	3600		266.05		  91719858		-999.00
6127	1499631935	3600		261.88		  91719858		-999.00
6128	1499635535	3600		256.74		  91719858		-999.00
6129	1499619935	-15600		262.40		  91719858		-999.00
5920	1499637720	1200		259.08		      8727		 17.00
5920	1499641320	3600		266.26		      8345		108.50
5920	1499644920	3600		256.53		      8178		 10.50
5920	1499647414	2494		256.00		      7798		 10.50
5921	1499648614	1200		256.00		      7798		-999.00
5922	1499652214	3600		256.00		      7798		-999.00
5923	1499655814	3600		256.00		      7798		-999.00
5924	1499659414	3600		256.00		      7798		-999.00
5925	1499663014	3600		256.00		      7798		-999.00
5926	1499666614	3600		256.00		      7798		-999.00
5927	1499670214	3600		255.87		      7798		-999.00
5928	1499673814	3600		256.03		      7798		-999.00
5929	1499677414	3600		256.03		      7798		-999.00
5930	1499681014	3600		255.81		      7798		-999.00
5931	1499684614	3600		255.87		      7798		-999.00
5932	1499688214	3600		255.87		      7798		-999.00
5933	1499691814	3600		255.93		      7798		-999.00
5934	1499695414	3600		255.92		      7798		-999.00
5935	1499699014	3600		256.02		      7798		-999.00
5936	1499702614	3600		255.86		      7798		-999.00
5937	1499706214	3600		255.76		      7798		-999.00
5938	1499709814	3600		255.99		      7798		-999.00
5939	1499713414	3600		255.95		      7798		-999.00
5940	1499717014	3600		255.92		      7798		-999.00
5941	1499720614	3600		255.89		      7798		-999.00
5942	1499724214	3600		255.76		      7798		-999.00
5943	1499727814	3600		255.87		      7798		-999.00
5944	1499731414	3600		255.98		      7798		-999.00
5945	1499735014	3600		255.98		      7798		-999.00
5946	1499738614	3600		255.95		      7798		-999.00
5947	1499742214	3600		255.88		      7798		-999.00
5948	1499745814	3600		255.84		      7798		-999.00
5949	1499749414	3600		259.58		      7798		-999.00
5950	1499753014	3600		263.09		      7798		-999.00
5951	1499647414	-105600		256.00		      7798		-999.00
5930	1499757287	1200		266.02		   2263255		101.50
5930	1499760887	3600		265.99		   2135354		104.00
5930	1499764487	3600		266.11		   2071336		104.00
5930	1499765786	1299		266.10		   1793756		104.00
5931	1499766986	1200		262.05		   1793756		-999.00
5932	1499770586	3600		261.93		   1793756		-999.00
5933	1499774186	3600		262.04		   1793756		-999.00
5934	1499777786	3600		262.14		   1793756		-999.00
5935	1499781386	3600		262.17		   1793756		-999.00
5936	1499784986	3600		262.14		   1793756		-999.00
5937	1499788586	3600		262.16		   1793756		-999.00
5938	1499792186	3600		262.27		   1793756		-999.00
5939	1499795786	3600		262.20		   1793756		-999.00
5940	1499799386	3600		262.20		   1793756		-999.00
5941	1499802986	3600		262.15		   1793756		-999.00
5942	1499806586	3600		261.96		   1793756		-999.00
5943	1499810186	3600		262.07		   1793756		-999.00
5944	1499813786	3600		262.15		   1793756		-999.00
5945	1499817386	3600		261.86		   1793756		-999.00
5946	1499820986	3600		262.06		   1793756		-999.00
5947	1499765786	-55200		262.05		   1793756		-999.00
5934	1499823554	1200		266.94		  24138176		107.00
5934	1499827154	3600		266.91		  25350397		107.00
5934	1499830754	3600		266.80		  21511752		104.50
5934	1499834354	3600		265.91		    866825		102.00
5934	1499837954	3600		266.05		    426526		104.50
5934	1499839139	1185		266.11		    451730		104.50
5935	1499840339	1200		261.98		    451730		-999.00
5936	1499843939	3600		266.07		    451730		-999.00
5937	1499847539	3600		266.16		    451730		-999.00
5938	1499851139	3600		266.23		    451730		-999.00
5939	1499854739	3600		266.19		    451730		-999.00
5940	1499858339	3600		266.22		    451730		-999.00
5941	1499861939	3600		266.22		    451730		-999.00
5942	1499865539	3600		266.08		    451730		-999.00
5943	1499869139	3600		266.10		    451730		-999.00
5944	1499872739	3600		261.30		    451730		-999.00
5945	1499876339	3600		261.28		    451730		-999.00
5946	1499879939	3600		274.07		    451730		-999.00
5947	1499883539	3600		274.07		    451730		-999.00
5948	1499887139	3600		274.07		    451730		-999.00
5949	1499890739	3600		274.07		    451730		-999.00
5950	1499894339	3600		274.07		    451730		-999.00
5951	1499897939	3600		274.07		    451730		-999.00
5952	1499901539	3600		274.07		    451730		-999.00
5953	1499905139	3600		274.07		    451730		-999.00
5954	1499908739	3600		274.07		    451730		-999.00
5955	1499912339	3600		274.07		    451730		-999.00
5956	1499915939	3600		274.07		    451730		-999.00
5957	1499919539	3600		274.07		    451730		-999.00
5958	1499923139	3600		274.07		    451730		-999.00
5959	1499926739	3600		274.07		    451730		-999.00
5960	1499930339	3600		274.07		    451730		-999.00
5961	1499933939	3600		274.07		    451730		-999.00
5962	1499937539	3600		274.07		    451730		-999.00
5963	1499941139	3600		274.07		    451730		-999.00
5964	1499944739	3600		274.07		    451730		-999.00
5965	1499948339	3600		274.07		    451730		-999.00
5966	1499951939	3600		274.07		    451730		-999.00
5967	1499955539	3600		270.07		    451730		-999.00
5968	1499959139	3600		270.07		    451730		-999.00
5969	1499962739	3600		274.07		    451730		-999.00
5970	1499966339	3600		274.07		    451730		-999.00
5971	1499969939	3600		270.07		    451730		-999.00
5972	1499973539	3600		270.07		    451730		-999.00
5973	1499977139	3600		270.07		    451730		-999.00
5974	1499980739	3600		270.07		    451730		-999.00
5975	1499984339	3600		274.07		    451730		-999.00
5976	1499987939	3600		274.07		    451730		-999.00
5977	1499991539	3600		270.07		    451730		-999.00
5978	1499995139	3600		270.07		    451730		-999.00
5979	1499998739	3600		274.07		    451730		-999.00
5980	1500002339	3600		270.07		    451730		-999.00
5981	1500005939	3600		270.07		    451730		-999.00
5982	1500009539	3600		270.07		    451730		-999.00
5983	1499839139	-170400		262.10		    451730		-999.00
5942	1500011712	1200		267.68		  49631894		109.00
5942	1500015312	3600		267.66		  53288401		111.50
5942	1500018741	3429		267.69		  48385797		111.00
5943	1500019941	1200		262.04		  48385797		-999.00
5944	1500023541	3600		261.39		  48385797		-999.00
5945	1500027141	3600		261.39		  48385797		-999.00
5946	1500030741	3600		261.92		  48385797		-999.00
5947	1500034341	3600		261.92		  48385797		-999.00
5948	1500037941	3600		262.15		  48385797		-999.00
5949	1500041541	3600		266.15		  48385797		-999.00
5950	1500045141	3600		266.15		  48385797		-999.00
5951	1500048741	3600		266.15		  48385797		-999.00
5952	1500052341	3600		262.15		  48385797		-999.00
5953	1500018741	-33600		262.24		  48385797		-999.00
5954	1500057659	1200		266.04		  48385797		-999.00
5955	1500061259	3600		262.04		  48385797		-999.00
5956	1500064859	3600		262.04		  48385797		-999.00
5957	1500068459	3600		262.04		  48385797		-999.00
5958	1500072059	3600		262.19		  48385797		-999.00
5959	1500056459	-15600		262.25		  48385797		-999.00
5950	1500074368	1200		268.69		  81095695		117.00
5950	1500077968	3600		268.85		  86422114		119.50
5950	1500081568	3600		268.72		  81966938		119.50
5950	1500085168	3600		268.59		  77819490		119.50
5950	1500088768	3600		268.55		  73544109		119.50
5950	1500092368	3600		268.46		  70557691		119.50
5950	1500095968	3600		268.32		  65881442		119.50
5950	1500099568	3600		267.99		  62586793		119.00
5950	1500103168	3600		267.90		  59546754		119.00
5950	1500106768	3600		267.78		  55680579		119.00
5950	1500110002	3234		267.61		  49991972		117.50
5951	1500111202	1200		262.11		  49991972		-999.00
5952	1500114802	3600		261.94		  49991972		-999.00
5953	1500118402	3600		261.94		  49991972		-999.00
5954	1500122002	3600		261.94		  49991972		-999.00
5955	1500110002	-12000		262.11		  49991972		-999.00
5952	1500124010	1200		268.66		  90806503		123.50
5952	1500127483	3473		269.11		  94196259		126.00
5953	1500128683	1200		266.11		  94196259		-999.00
5954	1500132283	3600		266.28		  94196259		-999.00
5955	1500135883	3600		266.28		  94196259		-999.00
5956	1500139483	3600		266.28		  94196259		-999.00
5957	1500143083	3600		266.32		  94196259		-999.00
5958	1500146683	3600		266.32		  94196259		-999.00
5959	1500150283	3600		266.32		  94196259		-999.00
5960	1500153883	3600		262.30		  94196259		-999.00
5961	1500157483	3600		262.16		  94196259		-999.00
5962	1500161083	3600		262.16		  94196259		-999.00
5963	1500127483	-33600		262.28		  94196259		-999.00
5954	1500163174	1200		269.06		  90333584		128.00
5954	1500166774	3600		269.23		  96154677		128.00
5954	1500170374	3600		269.03		  89529429		128.00
5954	1500172351	1977		269.00		  88528206		128.00
5955	1500173551	1200		266.35		  88528206		-999.00
5956	1500177151	3600		266.35		  88528206		-999.00
5957	1500180751	3600		262.00		  88528206		-999.00
5958	1500184351	3600		261.93		  88528206		-999.00
5959	1500187951	3600		261.76		  88528206		-999.00
5960	1500191551	3600		261.93		  88528206		-999.00
5961	1500195151	3600		261.93		  88528206		-999.00
5962	1500198751	3600		261.93		  88528206		-999.00
5963	1500172351	-26400		262.35		  88528206		-999.00
5958	1500201824	1200		268.93		  88343719		129.00
5958	1500205424	3600		269.07		  93200030		129.00
5958	1500209024	3600		268.88		  86767401		129.00
5958	1500212624	3600		268.77		  83259872		129.00
5958	1500216224	3600		268.61		  77913177		131.50
5958	1500219824	3600		268.53		  75164904		127.50
5958	1500221575	1751		268.44		  72005763		130.00
5959	1500222775	1200		266.28		  72005763		-999.00
5960	1500226375	3600		266.28		  72005763		-999.00
5961	1500229975	3600		266.28		  72005763		-999.00
5962	1500233575	3600		266.28		  72005763		-999.00
5963	1500237175	3600		266.28		  72005763		-999.00
5964	1500240775	3600		266.28		  72005763		-999.00
5965	1500244375	3600		266.28		  72005763		-999.00
5966	1500247975	3600		266.28		  72005763		-999.00
5967	1500251575	3600		262.28		  72005763		-999.00
5968	1500255175	3600		262.28		  72005763		-999.00
5969	1500258775	3600		262.28		  72005763		-999.00
5970	1500262375	3600		262.28		  72005763		-999.00
5971	1500265975	3600		262.28		  72005763		-999.00
5972	1500269575	3600		262.28		  72005763		-999.00
5973	1500273175	3600		262.23		  72005763		-999.00
5974	1500276775	3600		262.23		  72005763		-999.00
5975	1500280375	3600		262.23		  72005763		-999.00
5976	1500283975	3600		262.23		  72005763		-999.00
5977	1500287575	3600		262.25		  72005763		-999.00
5978	1500291175	3600		262.04		  72005763		-999.00
5979	1500294775	3600		262.04		  72005763		-999.00
5980	1500298375	3600		256.44		  72005763		-999.00
5981	1500301975	3600		256.26		  72005763		-999.00
5982	1500305575	3600		256.18		  72005763		-999.00
5983	1500309175	3600		266.37		  72005763		-999.00
5984	1500312775	3600		266.37		  72005763		-999.00
5985	1500316375	3600		266.48		  72005763		-999.00
5986	1500319975	3600		266.48		  72005763		-999.00
5987	1500323575	3600		266.46		  72005763		-999.00
5988	1500327175	3600		266.46		  72005763		-999.00
5989	1500330775	3600		266.46		  72005763		-999.00
5990	1500334375	3600		266.46		  72005763		-999.00
5991	1500337975	3600		266.46		  72005763		-999.00
5992	1500341575	3600		262.26		  72005763		-999.00
5993	1500345175	3600		262.43		  72005763		-999.00
5994	1500221575	-123600		262.28		  72005763		-999.00
5960	1500347506	1200		268.84		  86040763		131.00
5960	1500351106	3600		269.07		  93836974		131.00
5960	1500354706	3600		268.87		  87162974		133.50
5960	1500358306	3600		268.70		  83477109		133.50
5960	1500361906	3600		268.57		  78962370		133.50
5960	1500363130	1224		268.47		  75689601		133.50
5961	1500364330	1200		266.20		  75689601		-999.00
5962	1500367930	3600		266.20		  75689601		-999.00
5963	1500371530	3600		266.40		  75689601		-999.00
5964	1500375130	3600		266.40		  75689601		-999.00
5965	1500378730	3600		266.19		  75689601		-999.00
5966	1500382330	3600		262.02		  75689601		-999.00
5967	1500385930	3600		262.19		  75689601		-999.00
5968	1500363130	-22800		262.20		  75689601		-999.00
5962	1500388072	1200		269.03		  96850531		135.50
5962	1500391672	3600		269.27		 104952754		138.00
5962	1500395272	3600		269.35		  98293185		138.00
5962	1500398872	3600		268.68		  92993849		122.50
5962	1500402472	3600		268.79		  87487983		138.00
5962	1500406072	3600		268.64		  82278505		140.50
5962	1500409672	3600		268.62		  76028904		140.50
5962	1500413272	3600		268.51		  72202902		140.50
5962	1500416008	2736		268.39		  68205693		140.50
5963	1500417208	1200		265.64		  68205693		-999.00
5964	1500420808	3600		261.81		  68205693		-999.00
5965	1500416008	-4800		262.34		  68205693		-999.00
5963	1500425597	1200		269.11		  99020604		145.50
5963	1500429197	3600		269.33		 106223551		140.50
5963	1500430703	1506		269.55		 101212945		146.00
5964	1500431903	1200		266.52		 101212945		-999.00
5965	1500435503	3600		266.52		 101212945		-999.00
5966	1500439103	3600		262.16		 101212945		-999.00
5967	1500430703	-8400		262.52		 101212945		-999.00
5965	1500443005	1200		269.31		 105026211		142.00
5965	1500446605	3600		269.29		 104547214		147.00
5965	1500449205	2600		269.44		 100801040		147.00
5966	1500450405	1200		266.42		 100801040		-999.00
5967	1500454005	3600		262.16		 100801040		-999.00
5968	1500457605	3600		262.04		 100801040		-999.00
5969	1500449205	-8400		262.42		 100801040		-999.00
5966	1500459746	1200		269.28		 107867776		145.00
5966	1500459797	51		268.46		  80584552		147.50
5967	1500460997	1200		266.04		  80584552		-999.00
5968	1500464597	3600		262.16		  80584552		-999.00
5969	1500468197	3600		262.19		  80584552		-999.00
5970	1500471797	3600		262.22		  80584552		-999.00
5971	1500475397	3600		262.22		  80584552		-999.00
5972	1500478997	3600		262.24		  80584552		-999.00
5973	1500482597	3600		262.24		  80584552		-999.00
5974	1500486197	3600		262.21		  80584552		-999.00
5975	1500489797	3600		262.06		  80584552		-999.00
5976	1500493397	3600		262.06		  80584552		-999.00
5977	1500496997	3600		262.06		  80584552		-999.00
5978	1500500597	3600		262.06		  80584552		-999.00
5979	1500459797	-40800		262.04		  80584552		-999.00
5971	1500502325	1200		269.73		 112626270		151.00
5971	1500504042	1717		270.00		 121515030		151.00
5972	1500505242	1200		266.35		 121515030		-999.00
5973	1500508842	3600		261.64		 121515030		-999.00
5974	1500512442	3600		262.16		 121515030		-999.00
5975	1500516042	3600		262.16		 121515030		-999.00
5976	1500504042	-12000		262.35		 121515030		-999.00
5974	1500519366	1200		269.03		  95919217		147.50
5974	1500519389	23		266.40		   8045389		147.50
5975	1500520589	1200		266.35		   8045389		-999.00
5976	1500524189	3600		266.35		   8045389		-999.00
5977	1500527789	3600		266.07		   8045389		-999.00
5978	1500531389	3600		266.30		   8045389		-999.00
5979	1500534989	3600		266.30		   8045389		-999.00
5980	1500538589	3600		262.30		   8045389		-999.00
5981	1500542189	3600		262.30		   8045389		-999.00
5982	1500545789	3600		262.23		   8045389		-999.00
5983	1500519389	-26400		262.16		   8045389		-999.00
5976	1500548479	1200		269.48		 109295691		146.00
5976	1500552079	3600		269.27		 102091156		147.50
5976	1500555679	3600		269.30		  94894608		149.50
5976	1500559279	3600		269.25		  93186461		149.00
5976	1500562879	3600		269.10		  88174843		149.00
5976	1500566479	3600		268.99		  84395700		149.00
5976	1500570079	3600		268.81		  78478652		149.00
5976	1500573679	3600		268.66		  73445152		149.50
5976	1500577279	3600		268.47		  67325989		147.00
5976	1500580879	3600		268.41		  65088550		147.00
5976	1500584479	3600		268.25		  60012030		147.00
5976	1500588079	3600		268.15		  56678230		147.00
5976	1500591679	3600		268.04		  53033948		147.00
5976	1500595279	3600		267.97		  50646351		147.00
5976	1500598879	3600		267.86		  46892324		146.50
5976	1500602479	3600		267.79		  44427620		146.50
5976	1500602624	145		268.89		  81162956		146.50
5977	1500603824	1200		262.45		  81162956		-999.00
5978	1500607424	3600		266.45		  81162956		-999.00
5979	1500611024	3600		266.45		  81162956		-999.00
5980	1500614624	3600		266.45		  81162956		-999.00
5981	1500618224	3600		266.45		  81162956		-999.00
5982	1500621824	3600		266.45		  81162956		-999.00
5983	1500625424	3600		266.45		  81162956		-999.00
5984	1500629024	3600		262.45		  81162956		-999.00
5985	1500632624	3600		262.45		  81162956		-999.00
5986	1500636224	3600		262.45		  81162956		-999.00
5987	1500639824	3600		262.45		  81162956		-999.00
5988	1500643424	3600		262.45		  81162956		-999.00
5989	1500647024	3600		262.45		  81162956		-999.00
5990	1500602624	-44400		262.45		  81162956		-999.00
5979	1500650619	1200		269.85		 113121517		156.00
5979	1500654219	3600		269.22		  92133025		150.00
5979	1500657819	3600		268.39		  64621341		157.00
5979	1500661419	3600		269.31		  95317767		157.00
5979	1500665019	3600		269.16		  90116023		157.00
5979	1500668619	3600		269.01		  85081962		157.00
5979	1500672219	3600		268.83		  79258949		157.00
5979	1500675819	3600		268.70		  74939864		157.00
5979	1500679419	3600		268.48		  67541983		157.00
5979	1500683019	3600		268.42		  65526660		157.00
5979	1500686619	3600		268.30		  61612742		157.00
5979	1500690219	3600		268.20		  58098127		157.00
5979	1500693819	3600		268.04		  53006623		157.00
5979	1500697419	3600		262.45		  50197327		 20.00
5979	1500701019	3600		262.45		  47498666		 20.00
5979	1500704619	3600		262.26		  44770920		 20.00
5979	1500704995	376		262.26		  53496407		 20.00
5980	1500706195	1200		262.26		  53496407		-999.00
5981	1500709795	3600		262.34		  53496407		-999.00
5982	1500713395	3600		262.34		  53496407		-999.00
5983	1500704995	-8400		262.26		  53496407		-999.00
5980	1500717582	1200		267.88		  53866460		157.50
5980	1500721182	3600		267.96		  56597348		157.50
5980	1500724782	3600		267.87		  53776262		157.50
5980	1500728382	3600		267.84		  51280718		157.50
5980	1500731982	3600		267.73		  47620281		157.50
5980	1500735582	3600		267.63		  44348780		157.50
5980	1500739182	3600		267.39		  41317153		156.50
5980	1500740301	1119		267.33		  39278002		154.00
5981	1500741501	1200		266.15		  39278002		-999.00
5982	1500745101	3600		262.06		  39278002		-999.00
5983	1500748701	3600		266.06		  39278002		-999.00
5984	1500752301	3600		266.37		  39278002		-999.00
5985	1500755901	3600		266.37		  39278002		-999.00
5986	1500759501	3600		266.37		  39278002		-999.00
5987	1500763101	3600		266.37		  39278002		-999.00
5988	1500766701	3600		266.37		  39278002		-999.00
5989	1500770301	3600		266.37		  39278002		-999.00
5990	1500773901	3600		266.37		  39278002		-999.00
5991	1500777501	3600		266.37		  39278002		-999.00
5992	1500781101	3600		266.36		  39278002		-999.00
5993	1500784701	3600		266.34		  39278002		-999.00
5994	1500788301	3600		266.10		  39278002		-999.00
5995	1500791901	3600		266.10		  39278002		-999.00
5996	1500795501	3600		266.10		  39278002		-999.00
5997	1500799101	3600		266.34		  39278002		-999.00
5998	1500802701	3600		266.34		  39278002		-999.00
5999	1500806301	3600		266.30		  39278002		-999.00
6000	1500809901	3600		266.30		  39278002		-999.00
6001	1500813501	3600		266.30		  39278002		-999.00
6002	1500817101	3600		266.30		  39278002		-999.00
6003	1500820701	3600		262.15		  39278002		-999.00
6004	1500824301	3600		262.15		  39278002		-999.00
6005	1500827901	3600		266.15		  39278002		-999.00
6006	1500831501	3600		266.15		  39278002		-999.00
6007	1500835101	3600		266.29		  39278002		-999.00
6008	1500838701	3600		266.29		  39278002		-999.00
6009	1500842301	3600		266.29		  39278002		-999.00
6010	1500845901	3600		262.29		  39278002		-999.00
6011	1500849501	3600		262.29		  39278002		-999.00
6012	1500853101	3600		262.17		  39278002		-999.00
6013	1500740301	-112800		262.15		  39278002		-999.00
5984	1500855199	1200		269.48		 110432838		170.50
5984	1500858799	3600		270.12		 119875534		170.50
5984	1500862122	3323		262.53		 111733250		 20.50
5985	1500863322	1200		262.13		 111733250		-999.00
5986	1500866922	3600		256.13		 111733250		-999.00
5987	1500870522	3600		255.76		 111733250		-999.00
5988	1500874122	3600		255.76		 111733250		-999.00
5989	1500877722	3600		255.76		 111733250		-999.00
5990	1500881322	3600		255.76		 111733250		-999.00
5991	1500884922	3600		255.76		 111733250		-999.00
5992	1500888522	3600		259.97		 111733250		-999.00
5993	1500892122	3600		259.97		 111733250		-999.00
5994	1500895722	3600		259.97		 111733250		-999.00
5995	1500899322	3600		259.97		 111733250		-999.00
5996	1500902922	3600		259.97		 111733250		-999.00
5997	1500906522	3600		259.77		 111733250		-999.00
5998	1500910122	3600		259.77		 111733250		-999.00
5999	1500913722	3600		259.84		 111733250		-999.00
6000	1500917322	3600		259.84		 111733250		-999.00
6001	1500920922	3600		259.84		 111733250		-999.00
6002	1500924522	3600		259.80		 111733250		-999.00
6003	1500928122	3600		259.80		 111733250		-999.00
6004	1500931722	3600		259.80		 111733250		-999.00
6005	1500935322	3600		259.80		 111733250		-999.00
6006	1500938922	3600		259.80		 111733250		-999.00
6007	1500942522	3600		259.79		 111733250		-999.00
6008	1500946122	3600		259.58		 111733250		-999.00
6009	1500949722	3600		259.58		 111733250		-999.00
6010	1500953322	3600		259.58		 111733250		-999.00
6011	1500956922	3600		259.58		 111733250		-999.00
6012	1500960522	3600		259.84		 111733250		-999.00
6013	1500964122	3600		259.84		 111733250		-999.00
6014	1500967722	3600		259.85		 111733250		-999.00
6015	1500971322	3600		259.85		 111733250		-999.00
6016	1500974922	3600		259.85		 111733250		-999.00
6017	1500978522	3600		259.98		 111733250		-999.00
6018	1500982122	3600		259.98		 111733250		-999.00
6019	1500985722	3600		259.98		 111733250		-999.00
6020	1500989322	3600		259.98		 111733250		-999.00
6021	1500992922	3600		259.98		 111733250		-999.00
6022	1500996522	3600		259.98		 111733250		-999.00
6023	1501000122	3600		259.98		 111733250		-999.00
6024	1501003722	3600		259.98		 111733250		-999.00
6025	1501007322	3600		259.98		 111733250		-999.00
6026	1501010922	3600		259.98		 111733250		-999.00
6027	1501014522	3600		259.98		 111733250		-999.00
6028	1501018122	3600		259.98		 111733250		-999.00
6029	1501021722	3600		259.98		 111733250		-999.00
6030	1501025322	3600		259.98		 111733250		-999.00
6031	1501028922	3600		259.98		 111733250		-999.00
6032	1501032522	3600		259.98		 111733250		-999.00
6033	1501036122	3600		259.98		 111733250		-999.00
6034	1501039722	3600		259.98		 111733250		-999.00
6035	1501043322	3600		259.98		 111733250		-999.00
6036	1501046922	3600		259.98		 111733250		-999.00
6037	1501050522	3600		255.98		 111733250		-999.00
6038	1501054122	3600		262.47		 111733250		-999.00
6039	1501057722	3600		262.42		 111733250		-999.00
6040	1501061322	3600		262.36		 111733250		-999.00
6041	1501064922	3600		262.38		 111733250		-999.00
6042	1501068522	3600		262.37		 111733250		-999.00
6043	1501072122	3600		262.07		 111733250		-999.00
6044	1501075722	3600		262.19		 111733250		-999.00
6045	1501079322	3600		262.13		 111733250		-999.00
6046	1501082922	3600		262.25		 111733250		-999.00
6047	1501086522	3600		261.75		 111733250		-999.00
6048	1501090122	3600		262.25		 111733250		-999.00
6049	1501093722	3600		262.28		 111733250		-999.00
6050	1501097322	3600		262.28		 111733250		-999.00
6051	1501100922	3600		262.28		 111733250		-999.00
6052	1501104522	3600		262.28		 111733250		-999.00
6053	1501108122	3600		262.28		 111733250		-999.00
6054	1501111722	3600		262.28		 111733250		-999.00
6055	1501115322	3600		262.28		 111733250		-999.00
6056	1501118922	3600		262.28		 111733250		-999.00
6057	1501122522	3600		262.28		 111733250		-999.00
6058	1501126122	3600		266.28		 111733250		-999.00
6059	1501129722	3600		266.23		 111733250		-999.00
6060	1501133322	3600		266.22		 111733250		-999.00
6061	1501136922	3600		266.05		 111733250		-999.00
6062	1501140522	3600		266.23		 111733250		-999.00
6063	1501144122	3600		261.84		 111733250		-999.00
6064	1501147722	3600		262.24		 111733250		-999.00
6065	1500862122	-285600		262.13		 111733250		-999.00
6012	1501151852	1200		266.22		     13182		151.50
6012	1501155452	3600		266.29		     15437		149.00
6012	1501159052	3600		266.25		     15112		151.50
6012	1501162652	3600		266.29		     14654		151.50
6012	1501166252	3600		266.31		     14496		151.50
6012	1501169852	3600		266.31		     14159		151.50
6012	1501173452	3600		266.31		     13863		151.50
6012	1501177052	3600		266.27		     13752		151.50
6012	1501179889	2837		266.27		     13536		151.50
6013	1501181089	1200		266.22		     13536		-999.00
6014	1501184689	3600		266.22		     13536		-999.00
6015	1501188289	3600		262.21		     13536		-999.00
6016	1501191889	3600		266.25		     13536		-999.00
6017	1501195489	3600		262.26		     13536		-999.00
6018	1501179889	-15600		262.37		     13536		-999.00
6019	1501199509	1200		266.19		     13536		-999.00
6020	1501203109	3600		262.26		     13536		-999.00
6021	1501206709	3600		261.91		     13536		-999.00
6022	1501198309	-8400		262.35		     13536		-999.00
6016	1501207978	1200		266.22		     17998		149.00
6016	1501211578	3600		266.22		     20947		149.00
6016	1501215178	3600		266.22		     20852		149.00
6016	1501218778	3600		266.23		     20778		149.00
6016	1501222378	3600		266.38		     17950		151.50
6016	1501225978	3600		266.27		      7636		151.50
6016	1501229578	3600		266.24		     13676		150.00
6016	1501233178	3600		266.38		      9416		152.00
6016	1501236778	3600		266.17		     18291		147.00
6016	1501240378	3600		266.35		     13591		152.00
6016	1501243978	3600		266.24		      5845		148.50
6016	1501247578	3600		266.22		     21221		148.50
6016	1501251178	3600		266.22		     21219		148.50
6016	1501254778	3600		266.33		     18954		151.00
6016	1501258378	3600		266.26		     15283		151.00
6016	1501261978	3600		266.28		     16772		151.00
6016	1501265274	3296		266.23		      9652		149.00
6017	1501266474	1200		266.27		      9652		-999.00
6018	1501270074	3600		262.24		      9652		-999.00
6019	1501273674	3600		262.16		      9652		-999.00
6020	1501277274	3600		262.29		      9652		-999.00
6021	1501265274	-12000		262.16		      9652		-999.00
6022	1501280637	1200		266.14		      9652		-999.00
6023	1501284237	3600		266.17		      9652		-999.00
6024	1501287837	3600		266.17		      9652		-999.00
6025	1501291437	3600		261.92		      9652		-999.00
6026	1501295037	3600		262.23		      9652		-999.00
6027	1501298637	3600		262.26		      9652		-999.00
6028	1501279437	-19200		262.22		      9652		-999.00
6019	1501303329	1200		266.96		  25589773		148.00
6019	1501306929	3600		266.79		  22002991		145.50
6019	1501310529	3600		266.12		    419024		143.00
6019	1501314129	3600		266.09		    438504		143.00
6019	1501314368	239		262.10		    439323		 20.50
6020	1501315568	1200		261.38		    439323		-999.00
6021	1501319168	3600		261.94		    439323		-999.00
6022	1501322768	3600		262.14		    439323		-999.00
6023	1501314368	-8400		262.26		    439323		-999.00
6020	1501324283	1200		269.34		 104553551		161.50
6020	1501326979	2696		269.75		 111082693		166.00
6021	1501328179	1200		265.86		 111082693		-999.00
6022	1501331779	3600		266.35		 111082693		-999.00
6023	1501335379	3600		262.05		 111082693		-999.00
6024	1501338979	3600		262.18		 111082693		-999.00
6025	1501326979	-12000		262.47		 111082693		-999.00
6026	1501341526	1200		266.28		 111082693		-999.00
6027	1501345126	3600		262.27		 111082693		-999.00
6028	1501348726	3600		262.25		 111082693		-999.00
6029	1501352326	3600		262.26		 111082693		-999.00
6030	1501355926	3600		262.21		 111082693		-999.00
6031	1501340326	-15600		262.18		 111082693		-999.00
6024	1501358491	1200		269.34		 102082767		166.00
6024	1501362091	3600		269.56		 104927541		166.00
6024	1501365691	3600		269.38		  98505618		168.50
6024	1501369291	3600		269.26		  95174768		168.50
6024	1501372891	3600		269.09		  88869191		168.50
6024	1501376491	3600		268.93		  85027571		168.50
6024	1501380091	3600		268.70		  78513550		168.50
6024	1501383691	3600		268.53		  72293171		168.50
6024	1501387291	3600		268.42		  68250420		167.00
6024	1501390891	3600		268.28		  64766866		167.00
6024	1501394491	3600		268.14		  60770269		167.00
6024	1501398091	3600		268.02		  57089861		167.00
6024	1501401691	3600		267.77		  52737317		164.50
6024	1501405291	3600		267.72		  49062117		167.00
6024	1501408891	3600		267.64		  46430733		167.00
6024	1501412491	3600		267.56		  43559636		167.00
6024	1501415152	2661		267.49		  41598516		167.00
6025	1501416352	1200		262.06		  41598516		-999.00
6026	1501419952	3600		262.21		  41598516		-999.00
6027	1501423552	3600		262.19		  41598516		-999.00
6028	1501427152	3600		262.22		  41598516		-999.00
6029	1501430752	3600		262.22		  41598516		-999.00
6030	1501415152	-15600		262.23		  41598516		-999.00
6026	1501434493	1200		269.23		  97704269		176.00
6026	1501438093	3600		269.55		 103777153		178.50
6026	1501441693	3600		269.41		  98003811		178.50
6026	1501445293	3600		269.23		  93551836		178.50
6026	1501448893	3600		269.00		  87307206		178.50
6026	1501452493	3600		268.88		  83032869		178.50
6026	1501456093	3600		268.72		  78066747		178.50
6026	1501459693	3600		268.48		  70619568		178.50
6026	1501463293	3600		267.44		  67450469		155.50
6026	1501466893	3600		268.25		  64304724		177.00
6026	1501470493	3600		268.13		  60448146		177.00
6026	1501474093	3600		268.00		  56504720		177.00
6026	1501477693	3600		267.91		  53365144		177.00
6026	1501481293	3600		267.79		  51040059		177.00
6026	1501484893	3600		267.73		  48058296		177.00
6026	1501488493	3600		267.63		  45878170		177.00
6026	1501489502	1009		267.23		  36145769		174.50
6027	1501490702	1200		262.06		  36145769		-999.00
6028	1501494302	3600		261.57		  36145769		-999.00
6029	1501497902	3600		266.24		  36145769		-999.00
6030	1501501502	3600		266.24		  36145769		-999.00
6031	1501505102	3600		266.24		  36145769		-999.00
6032	1501508702	3600		261.71		  36145769		-999.00
6033	1501512302	3600		262.22		  36145769		-999.00
6034	1501489502	-22800		262.15		  36145769		-999.00
6030	1501514516	1200		269.48		 108950123		187.00
6030	1501518116	3600		269.58		 112368912		189.50
6030	1501521716	3600		269.40		 106484953		189.50
6030	1501522858	1142		269.24		 100923009		189.50
6055	1502183052	1200		269.23		 101500166		259.00
6055	1502185328	2276		269.44		 108418935		263.50
6056	1502186528	1200		266.19		 108418935		-999.00
6057	1502190128	3600		266.02		 108418935		-999.00
6058	1502193728	3600		266.02		 108418935		-999.00
6059	1502197328	3600		262.19		 108418935		-999.00
6060	1502200928	3600		261.67		 108418935		-999.00
6061	1502185328	-15600		262.19		 108418935		-999.00
6057	1502205563	1200		269.36		 105716278		266.00
6057	1502209163	3600		269.58		 113274131		268.50
6057	1502211662	2499		269.36		 105850410		266.00
6058	1502212862	1200		266.19		 105850410		-999.00
6059	1502216462	3600		266.19		 105850410		-999.00
6060	1502220062	3600		266.19		 105850410		-999.00
6061	1502223662	3600		266.19		 105850410		-999.00
6062	1502227262	3600		266.19		 105850410		-999.00
6063	1502230862	3600		262.19		 105850410		-999.00
6064	1502234462	3600		261.67		 105850410		-999.00
6065	1502238062	3600		266.19		 105850410		-999.00
6066	1502241662	3600		266.19		 105850410		-999.00
6067	1502245262	3600		262.02		 105850410		-999.00
6068	1502211662	-33600		262.19		 105850410		-999.00
6060	1502247988	1200		269.13		  98030123		266.00
6060	1502251588	3600		269.36		 105898167		265.00
6060	1502255188	3600		269.13		  98277609		265.00
6060	1502258788	3600		269.00		  93761524		262.00
6060	1502262388	3600		268.79		  86938137		264.50
6060	1502265988	3600		268.68		  83163709		264.50
6060	1502269588	3600		268.55		  78620217		263.50
6060	1502273188	3600		268.33		  71534084		263.50
6060	1502276788	3600		268.22		  67837977		263.50
6060	1502280388	3600		268.11		  64138760		261.00
6060	1502283988	3600		268.01		  60826528		261.00
6060	1502287588	3600		267.90		  56985299		261.00
6060	1502291188	3600		267.81		  54005350		261.00
6060	1502294788	3600		267.70		  50346166		261.00
6060	1502298367	3579		267.55		  45496735		256.50
6061	1502299567	1200		262.19		  45496735		-999.00
6062	1502303167	3600		261.84		  45496735		-999.00
6063	1502306767	3600		262.02		  45496735		-999.00
6064	1502298367	-8400		262.19		  45496735		-999.00
6061	1502309110	1200		269.59		 113809248		277.00
6061	1502312710	3600		269.86		 122595128		280.00
6061	1502316310	3600		269.81		 115422603		280.00
6061	1502319910	3600		269.57		 107297497		280.00
6061	1502323510	3600		269.38		 101093501		280.00
6061	1502327110	3600		269.04		  95333167		278.50
6061	1502330710	3600		268.87		  89605448		275.50
6061	1502334310	3600		268.67		  83031628		278.00
6061	1502337910	3600		268.49		  77123744		275.50
6061	1502341510	3600		268.26		  69205024		270.50
6061	1502341770	260		262.18		  69660649		 20.50
6062	1502342970	1200		266.18		  69660649		-999.00
6063	1502346570	3600		267.06		  69660649		-999.00
6064	1502350170	3600		266.63		  69660649		-999.00
6065	1502353770	3600		266.12		  69660649		-999.00
6066	1502357370	3600		266.12		  69660649		-999.00
6067	1502360970	3600		266.12		  69660649		-999.00
6068	1502364570	3600		266.13		  69660649		-999.00
6069	1502368170	3600		266.13		  69660649		-999.00
6070	1502371770	3600		266.13		  69660649		-999.00
6071	1502375370	3600		266.13		  69660649		-999.00
6072	1502378970	3600		266.13		  69660649		-999.00
6073	1502382570	3600		262.13		  69660649		-999.00
6074	1502386170	3600		261.61		  69660649		-999.00
6075	1502389770	3600		262.13		  69660649		-999.00
6076	1502393370	3600		261.61		  69660649		-999.00
6077	1502396970	3600		261.61		  69660649		-999.00
6078	1502400570	3600		262.13		  69660649		-999.00
6079	1502404170	3600		262.14		  69660649		-999.00
6080	1502407770	3600		262.14		  69660649		-999.00
6081	1502411370	3600		262.14		  69660649		-999.00
6082	1502414970	3600		261.97		  69660649		-999.00
6083	1502418570	3600		261.63		  69660649		-999.00
6084	1502422170	3600		261.63		  69660649		-999.00
6085	1502425770	3600		261.63		  69660649		-999.00
6086	1502429370	3600		262.14		  69660649		-999.00
6087	1502432970	3600		262.14		  69660649		-999.00
6088	1502436570	3600		262.14		  69660649		-999.00
6089	1502440170	3600		255.99		  69660649		-999.00
6090	1502443770	3600		255.99		  69660649		-999.00
6091	1502447370	3600		266.04		  69660649		-999.00
6092	1502450970	3600		265.92		  69660649		-999.00
6093	1502454570	3600		266.09		  69660649		-999.00
6094	1502458170	3600		262.09		  69660649		-999.00
6095	1502461770	3600		256.50		  69660649		-999.00
6096	1502465370	3600		255.83		  69660649		-999.00
6097	1502468970	3600		255.83		  69660649		-999.00
6098	1502472570	3600		255.83		  69660649		-999.00
6099	1502476170	3600		255.83		  69660649		-999.00
6100	1502479770	3600		255.83		  69660649		-999.00
6101	1502483370	3600		255.83		  69660649		-999.00
6102	1502486970	3600		260.21		  69660649		-999.00
6103	1502490570	3600		262.15		  69660649		-999.00
6104	1502494170	3600		261.97		  69660649		-999.00
6105	1502341770	-152400		262.18		  69660649		-999.00
6072	1502495493	1200		266.70		  24354185		252.00
6072	1502496145	652		266.67		  23491808		252.00
6073	1502497345	1200		266.31		  23491808		-999.00
6074	1502500945	3600		261.95		  23491808		-999.00
6075	1502504545	3600		261.95		  23491808		-999.00
6076	1502508145	3600		261.95		  23491808		-999.00
6077	1502511745	3600		261.95		  23491808		-999.00
6078	1502515345	3600		261.78		  23491808		-999.00
6079	1502518945	3600		261.78		  23491808		-999.00
6080	1502522545	3600		261.78		  23491808		-999.00
6081	1502526145	3600		261.78		  23491808		-999.00
6082	1502529745	3600		266.29		  23491808		-999.00
6083	1502533345	3600		266.29		  23491808		-999.00
6084	1502536945	3600		265.95		  23491808		-999.00
6085	1502540545	3600		266.29		  23491808		-999.00
6086	1502544145	3600		266.29		  23491808		-999.00
6087	1502547745	3600		266.29		  23491808		-999.00
6088	1502551345	3600		266.29		  23491808		-999.00
6089	1502554945	3600		266.29		  23491808		-999.00
6090	1502558545	3600		266.29		  23491808		-999.00
6091	1502562145	3600		266.29		  23491808		-999.00
6092	1502565745	3600		266.29		  23491808		-999.00
6093	1502569345	3600		266.29		  23491808		-999.00
6094	1502572945	3600		266.29		  23491808		-999.00
6095	1502576545	3600		266.29		  23491808		-999.00
6096	1502580145	3600		266.29		  23491808		-999.00
6097	1502583745	3600		266.29		  23491808		-999.00
6098	1502587345	3600		266.29		  23491808		-999.00
6099	1502590945	3600		266.29		  23491808		-999.00
6100	1502594545	3600		266.29		  23491808		-999.00
6101	1502598145	3600		266.29		  23491808		-999.00
6102	1502601745	3600		266.29		  23491808		-999.00
6103	1502605345	3600		262.12		  23491808		-999.00
6104	1502608945	3600		261.95		  23491808		-999.00
6105	1502612545	3600		261.95		  23491808		-999.00
6106	1502616145	3600		261.78		  23491808		-999.00
6107	1502619745	3600		261.78		  23491808		-999.00
6108	1502623345	3600		261.78		  23491808		-999.00
6109	1502626945	3600		261.78		  23491808		-999.00
6110	1502630545	3600		261.78		  23491808		-999.00
6111	1502634145	3600		261.78		  23491808		-999.00
6112	1502637745	3600		261.78		  23491808		-999.00
6113	1502641345	3600		261.78		  23491808		-999.00
6114	1502644945	3600		261.78		  23491808		-999.00
6115	1502648545	3600		261.78		  23491808		-999.00
6116	1502652145	3600		261.78		  23491808		-999.00
6117	1502655745	3600		261.78		  23491808		-999.00
6118	1502659345	3600		261.95		  23491808		-999.00
6119	1502662945	3600		261.77		  23491808		-999.00
6120	1502666545	3600		261.94		  23491808		-999.00
6121	1502496145	-170400		261.97		  23491808		-999.00
6079	1502668363	1200		266.82		  23504048		250.00
6079	1502671963	3600		266.85		  24530479		250.00
6079	1502675563	3600		262.12		  22767491		 20.50
6079	1502677876	2313		262.12		  21003337		 20.50
6080	1502679076	1200		261.77		  21003337		-999.00
6081	1502682676	3600		261.77		  21003337		-999.00
6082	1502686276	3600		262.11		  21003337		-999.00
6083	1502689876	3600		262.10		  21003337		-999.00
6084	1502693476	3600		261.93		  21003337		-999.00
6085	1502697076	3600		262.10		  21003337		-999.00
6086	1502700676	3600		262.10		  21003337		-999.00
6087	1502704276	3600		262.10		  21003337		-999.00
6088	1502677876	-26400		262.12		  21003337		-999.00
6082	1502706560	1200		267.34		  41310561		256.50
6082	1502710160	3600		267.40		  43192032		254.00
6082	1502713760	3600		267.29		  39832299		254.00
6082	1502717360	3600		267.20		  36683046		254.00
6082	1502720960	3600		267.15		  35040350		254.00
6082	1502724560	3600		267.08		  32599608		254.00
6082	1502727074	2514		266.98		  29356358		251.00
6083	1502728274	1200		261.76		  29356358		-999.00
6084	1502731874	3600		261.93		  29356358		-999.00
6085	1502735474	3600		262.10		  29356358		-999.00
6086	1502739074	3600		261.76		  29356358		-999.00
6087	1502727074	-12000		262.10		  29356358		-999.00
6084	1502740616	1200		267.55		  48185334		258.50
6084	1502744216	3600		267.60		  50039784		258.50
6084	1502747816	3600		267.50		  46761794		258.50
6084	1502751416	3600		267.41		  43824930		258.50
6084	1502755016	3600		267.34		  41363715		258.50
6084	1502758616	3600		267.26		  38760918		258.50
6084	1502761052	2436		267.15		  34887823		254.50
6085	1502762252	1200		261.75		  34887823		-999.00
6086	1502765852	3600		261.72		  34887823		-999.00
6087	1502769452	3600		261.72		  34887823		-999.00
6088	1502773052	3600		262.07		  34887823		-999.00
6089	1502761052	-12000		262.10		  34887823		-999.00
6086	1502777812	1200		267.73		  55638234		261.00
6086	1502781412	3600		267.96		  57424999		263.50
6086	1502785012	3600		267.82		  52758148		263.50
6086	1502786673	1661		267.79		  51723121		263.50
6087	1502787873	1200		266.23		  51723121		-999.00
6088	1502791473	3600		266.22		  51723121		-999.00
6089	1502795073	3600		266.22		  51723121		-999.00
6090	1502798673	3600		266.22		  51723121		-999.00
6091	1502802273	3600		262.05		  51723121		-999.00
6092	1502805873	3600		261.88		  51723121		-999.00
6093	1502809473	3600		262.22		  51723121		-999.00
6094	1502813073	3600		262.22		  51723121		-999.00
6095	1502816673	3600		261.71		  51723121		-999.00
6096	1502820273	3600		261.71		  51723121		-999.00
6097	1502823873	3600		261.71		  51723121		-999.00
6098	1502827473	3600		261.71		  51723121		-999.00
6099	1502831073	3600		262.05		  51723121		-999.00
6100	1502786673	-44400		262.23		  51723121		-999.00
6089	1502832382	1200		267.82		  53381769		263.00
6089	1502835982	3600		267.90		  56092206		265.50
6089	1502839582	3600		267.79		  52342113		263.00
6089	1502843182	3600		267.69		  49038952		263.00
6089	1502846782	3600		267.61		  46343377		263.00
6089	1502850382	3600		267.52		  43409122		263.00
6089	1502853982	3600		267.44		  40757810		263.00
6089	1502855100	1118		267.21		  33004204		260.50
6090	1502856300	1200		262.22		  33004204		-999.00
6091	1502859900	3600		261.71		  33004204		-999.00
6092	1502863500	3600		261.71		  33004204		-999.00
6093	1502867100	3600		261.71		  33004204		-999.00
6094	1502855100	-12000		262.22		  33004204		-999.00
6090	1502868595	1200		268.15		  64455972		267.00
6090	1502872195	3600		268.26		  67957597		269.50
6090	1502875795	3600		268.09		  62405784		269.50
6090	1502879395	3600		268.01		  59507442		269.50
6090	1502882995	3600		267.87		  54868967		269.50
6090	1502886595	3600		267.79		  52454250		269.50
6090	1502888937	2342		267.70		  49397426		269.50
6091	1502890137	1200		266.22		  49397426		-999.00
6092	1502893737	3600		262.22		  49397426		-999.00
6093	1502897337	3600		261.88		  49397426		-999.00
6094	1502888937	-8400		262.22		  49397426		-999.00
6091	1502901605	1200		268.39		  72189736		271.50
6091	1502905205	3600		268.27		  68258504		273.00
6091	1502908805	3600		268.17		  64956809		273.00
6091	1502912405	3600		268.08		  61866912		273.00
6091	1502916005	3600		267.94		  57182575		273.00
6091	1502919605	3600		267.86		  54639248		273.00
6091	1502922925	3320		267.68		  48814743		270.00
6092	1502924125	1200		261.88		  48814743		-999.00
6093	1502927725	3600		261.71		  48814743		-999.00
6094	1502931325	3600		261.88		  48814743		-999.00
6095	1502934925	3600		262.22		  48814743		-999.00
6096	1502938525	3600		261.88		  48814743		-999.00
6097	1502922925	-15600		262.22		  48814743		-999.00
6093	1502941808	1200		268.27		  68268843		275.50
6093	1502945408	3600		268.32		  70122191		275.50
6093	1502948442	3034		268.20		  66165650		278.00
6094	1502949642	1200		266.22		  66165650		-999.00
6095	1502953242	3600		265.88		  66165650		-999.00
6096	1502956842	3600		262.22		  66165650		-999.00
6097	1502960442	3600		261.71		  66165650		-999.00
6098	1502948442	-12000		262.22		  66165650		-999.00
6094	1502961961	1200		268.26		  67897694		278.50
6094	1502965561	3600		268.39		  72461720		278.00
6094	1502967522	1961		268.27		  68449125		278.00
6095	1502968722	1200		265.88		  68449125		-999.00
6096	1502972322	3600		261.88		  68449125		-999.00
6097	1502975922	3600		261.88		  68449125		-999.00
6098	1502967522	-8400		262.22		  68449125		-999.00
6096	1502978179	1200		268.26		  68049391		279.00
6096	1502981779	3600		268.37		  71523408		279.00
6096	1502985379	3600		268.23		  67065237		279.00
6096	1502988529	3150		268.14		  63896167		276.50
6097	1502989729	1200		266.22		  63896167		-999.00
6098	1502993329	3600		261.88		  63896167		-999.00
6099	1502996929	3600		261.87		  63896167		-999.00
6100	1502988529	-8400		262.22		  63896167		-999.00
6097	1503000146	1200		268.19		  65723033		280.00
6097	1503003746	3600		268.32		  70047450		275.00
6097	1503007346	3600		268.17		  65083187		280.00
6097	1503010946	3600		268.08		  61991232		280.00
6097	1503014546	3600		267.95		  57793731		280.00
6097	1503018146	3600		267.89		  55512111		277.50
6097	1503021746	3600		267.79		  52269621		278.00
6097	1503025346	3600		267.67		  48479455		278.00
6097	1503028946	3600		267.60		  46070365		278.00
6097	1503032546	3600		267.54		  43893794		278.00
6097	1503036146	3600		267.47		  41732153		278.00
6097	1503039746	3600		267.40		  39395436		277.50
6097	1503043346	3600		262.22		  35874104		 20.50
6097	1503044345	999		262.22		  36058141		 20.50
6098	1503045545	1200		261.88		  36058141		-999.00
6099	1503049145	3600		262.22		  36058141		-999.00
6100	1503052745	3600		262.05		  36058141		-999.00
6101	1503044345	-8400		262.22		  36058141		-999.00
6098	1503054017	1200		268.38		  72136196		285.50
6098	1503057617	3600		268.46		  74616568		288.00
6098	1503060648	3031		268.33		  70231710		288.00
6099	1503061848	1200		266.22		  70231710		-999.00
6100	1503065448	3600		261.88		  70231710		-999.00
6101	1503069048	3600		261.88		  70231710		-999.00
6102	1503072648	3600		261.71		  70231710		-999.00
6103	1503076248	3600		261.71		  70231710		-999.00
6104	1503079848	3600		266.22		  70231710		-999.00
6105	1503083448	3600		266.22		  70231710		-999.00
6106	1503087048	3600		261.88		  70231710		-999.00
6107	1503090648	3600		261.89		  70231710		-999.00
6108	1503094248	3600		261.89		  70231710		-999.00
6109	1503097848	3600		261.89		  70231710		-999.00
6110	1503101448	3600		261.89		  70231710		-999.00
6111	1503105048	3600		261.89		  70231710		-999.00
6112	1503108648	3600		261.89		  70231710		-999.00
6113	1503112248	3600		261.72		  70231710		-999.00
6114	1503115848	3600		261.72		  70231710		-999.00
6115	1503119448	3600		261.72		  70231710		-999.00
6116	1503123048	3600		261.72		  70231710		-999.00
6117	1503126648	3600		261.72		  70231710		-999.00
6118	1503130248	3600		261.72		  70231710		-999.00
6119	1503133848	3600		261.89		  70231710		-999.00
6120	1503060648	-73200		262.22		  70231710		-999.00
6104	1503135070	1200		268.03		  59882217		281.00
6104	1503138670	3600		268.09		  61966438		281.00
6104	1503142270	3600		267.97		  57792079		281.00
6104	1503145870	3600		267.89		  55103147		281.00
6104	1503149470	3600		267.77		  51308610		281.00
6104	1503153070	3600		267.70		  49030103		278.50
6104	1503156670	3600		267.61		  45822128		282.00
6104	1503160270	3600		267.51		  42668000		279.50
6104	1503163870	3600		267.46		  40766503		279.50
6104	1503167470	3600		262.23		  37275140		 21.00
6104	1503168259	789		262.23		  37425210		 21.00
6105	1503169459	1200		261.72		  37425210		-999.00
6106	1503173059	3600		261.72		  37425210		-999.00
6107	1503168259	-4800		262.23		  37425210		-999.00
6105	1503177567	1200		268.19		  64861548		288.00
6105	1503181167	3600		268.24		  66676193		288.00
6105	1503184767	3600		268.14		  63346589		288.00
6105	1503188367	3600		268.02		  59315750		288.00
6105	1503189370	1003		267.94		  56403223		288.00
6106	1503190570	1200		266.24		  56403223		-999.00
6107	1503194170	3600		266.24		  56403223		-999.00
6108	1503197770	3600		266.24		  56403223		-999.00
6109	1503201370	3600		266.24		  56403223		-999.00
6110	1503204970	3600		266.24		  56403223		-999.00
6111	1503208570	3600		266.24		  56403223		-999.00
6112	1503212170	3600		266.24		  56403223		-999.00
6113	1503215770	3600		266.24		  56403223		-999.00
6114	1503219370	3600		266.24		  56403223		-999.00
6115	1503222970	3600		262.07		  56403223		-999.00
6116	1503226570	3600		261.90		  56403223		-999.00
6117	1503230170	3600		261.90		  56403223		-999.00
6118	1503189370	-40800		262.24		  56403223		-999.00
6106	1503232246	1200		268.09		  61625583		287.00
6106	1503235846	3600		268.23		  66122928		287.00
6106	1503239446	3600		268.09		  61684873		289.50
6106	1503243046	3600		268.02		  59107636		289.50
6106	1503246646	3600		267.90		  55205947		287.00
6106	1503250246	3600		267.83		  52974391		284.50
6106	1503253846	3600		267.73		  49675335		287.00
6106	1503257446	3600		267.65		  46771051		287.00
6106	1503261046	3600		267.57		  44073656		287.00
6106	1503264646	3600		267.52		  42554979		287.00
6106	1503268246	3600		267.44		  39874138		287.00
6106	1503271846	3600		267.38		  37993690		287.00
6106	1503275446	3600		267.32		  36042416		287.00
6106	1503277270	1824		262.24		  31649393		 20.00
6107	1503278470	1200		261.72		  31649393		-999.00
6108	1503282070	3600		261.72		  31649393		-999.00
6109	1503285670	3600		261.72		  31649393		-999.00
6110	1503289270	3600		261.72		  31649393		-999.00
6111	1503292870	3600		261.72		  31649393		-999.00
6112	1503296470	3600		262.23		  31649393		-999.00
6113	1503300070	3600		261.89		  31649393		-999.00
6114	1503303670	3600		262.06		  31649393		-999.00
6115	1503307270	3600		261.89		  31649393		-999.00
6116	1503310870	3600		261.72		  31649393		-999.00
6117	1503277270	-33600		262.24		  31649393		-999.00
6110	1503315145	1200		267.96		  57504679		290.00
6110	1503318745	3600		268.07		  61374300		292.50
6110	1503322345	3600		267.93		  56673357		292.00
6110	1503325945	3600		267.83		  53320892		289.50
6110	1503329545	3600		267.75		  50435595		291.50
6110	1503333145	3600		267.66		  47560421		286.50
6110	1503336745	3600		267.55		  44054537		289.00
6110	1503340345	3600		267.48		  41558071		289.00
6110	1503343945	3600		267.47		  39046370		289.00
6110	1503347545	3600		267.41		  37182044		289.00
6110	1503351145	3600		267.34		  34897583		289.00
6110	1503354745	3600		267.29		  33007437		289.00
6110	1503357979	3234		262.30		  29881170		 20.50
6111	1503359179	1200		262.09		  29881170		-999.00
6112	1503362779	3600		261.72		  29881170		-999.00
6113	1503366379	3600		262.23		  29881170		-999.00
6114	1503369979	3600		261.72		  29881170		-999.00
6115	1503373579	3600		262.23		  29881170		-999.00
6116	1503377179	3600		261.72		  29881170		-999.00
6117	1503380779	3600		262.06		  29881170		-999.00
6118	1503357979	-22800		262.30		  29881170		-999.00
6114	1503385533	1200		268.26		  67676964		294.50
6114	1503389133	3600		268.07		  61336276		296.50
6114	1503392733	3600		268.01		  59275108		296.50
6114	1503392777	44		267.21		  32713875		296.50
6115	1503393977	1200		261.19		  32713875		-999.00
6116	1503397577	3600		265.78		  32713875		-999.00
6117	1503401177	3600		266.29		  32713875		-999.00
6118	1503404777	3600		262.29		  32713875		-999.00
6119	1503408377	3600		261.94		  32713875		-999.00
6120	1503411977	3600		261.94		  32713875		-999.00
6121	1503415577	3600		266.28		  32713875		-999.00
6122	1503419177	3600		266.28		  32713875		-999.00
6123	1503422777	3600		261.77		  32713875		-999.00
6124	1503426377	3600		261.77		  32713875		-999.00
6125	1503429977	3600		261.77		  32713875		-999.00
6126	1503433577	3600		261.77		  32713875		-999.00
6127	1503392777	-40800		262.23		  32713875		-999.00
6116	1503438045	1200		267.81		  51049291		289.50
6116	1503441645	3600		268.15		  62270894		294.50
6116	1503445245	3600		267.91		  54164460		294.50
6116	1503448845	3600		267.73		  48255806		294.50
6116	1503452445	3600		267.64		  45067950		292.00
6116	1503456045	3600		267.59		  43420651		292.00
6116	1503457583	1538		267.54		  41930718		292.00
6117	1503458783	1200		266.28		  41930718		-999.00
6118	1503462383	3600		266.28		  41930718		-999.00
6119	1503465983	3600		265.77		  41930718		-999.00
6120	1503469583	3600		262.28		  41930718		-999.00
6121	1503473183	3600		266.28		  41930718		-999.00
6122	1503476783	3600		262.28		  41930718		-999.00
6123	1503480383	3600		261.93		  41930718		-999.00
6124	1503457583	-22800		262.28		  41930718		-999.00
6119	1503484978	1200		267.98		  56736865		298.00
6119	1503488578	3600		268.14		  62056189		298.00
6119	1503492178	3600		267.98		  56965993		298.00
6119	1503495778	3600		267.91		  54606379		298.00
6119	1503499378	3600		267.79		  50528808		295.50
6119	1503502978	3600		267.73		  48590980		295.50
6119	1503505045	2067		267.66		  46145954		298.00
6120	1503506245	1200		266.27		  46145954		-999.00
6121	1503509845	3600		261.76		  46145954		-999.00
6122	1503513445	3600		261.76		  46145954		-999.00
6123	1503517045	3600		265.76		  46145954		-999.00
6124	1503520645	3600		261.76		  46145954		-999.00
6125	1503524245	3600		261.93		  46145954		-999.00
6126	1503527845	3600		266.27		  46145954		-999.00
6127	1503531445	3600		261.76		  46145954		-999.00
6128	1503535045	3600		261.75		  46145954		-999.00
6129	1503538645	3600		261.75		  46145954		-999.00
6130	1503505045	-33600		262.27		  46145954		-999.00
6123	1503542533	1200		269.12		  95372620		311.50
6123	1503542966	433		269.52		 108520079		311.50
6124	1503544166	1200		266.26		 108520079		-999.00
6125	1503547766	3600		266.26		 108520079		-999.00
6126	1503551366	3600		266.26		 108520079		-999.00
6127	1503554966	3600		266.26		 108520079		-999.00
6128	1503558566	3600		266.26		 108520079		-999.00
6129	1503562166	3600		266.26		 108520079		-999.00
6130	1503565766	3600		262.26		 108520079		-999.00
6131	1503569366	3600		261.74		 108520079		-999.00
6132	1503572966	3600		261.75		 108520079		-999.00
6133	1503576566	3600		262.09		 108520079		-999.00
6134	1503580166	3600		261.75		 108520079		-999.00
6135	1503583766	3600		265.75		 108520079		-999.00
6136	1503587366	3600		265.75		 108520079		-999.00
6137	1503590966	3600		265.75		 108520079		-999.00
6138	1503594566	3600		266.26		 108520079		-999.00
6139	1503598166	3600		266.26		 108520079		-999.00
6140	1503601766	3600		266.26		 108520079		-999.00
6141	1503605366	3600		266.26		 108520079		-999.00
6142	1503608966	3600		266.26		 108520079		-999.00
6143	1503612566	3600		266.26		 108520079		-999.00
6144	1503616166	3600		266.26		 108520079		-999.00
6145	1503619766	3600		266.26		 108520079		-999.00
6146	1503623366	3600		266.26		 108520079		-999.00
6147	1503626966	3600		266.26		 108520079		-999.00
6148	1503630566	3600		266.26		 108520079		-999.00
6149	1503634166	3600		266.26		 108520079		-999.00
6150	1503637766	3600		265.75		 108520079		-999.00
6151	1503641366	3600		265.75		 108520079		-999.00
6152	1503644966	3600		266.09		 108520079		-999.00
6153	1503648566	3600		266.09		 108520079		-999.00
6154	1503652166	3600		266.23		 108520079		-999.00
6155	1503655766	3600		266.23		 108520079		-999.00
6156	1503659366	3600		266.23		 108520079		-999.00
6157	1503662966	3600		266.23		 108520079		-999.00
6158	1503666566	3600		266.23		 108520079		-999.00
6159	1503670166	3600		266.23		 108520079		-999.00
6160	1503673766	3600		266.23		 108520079		-999.00
6161	1503677366	3600		266.23		 108520079		-999.00
6162	1503680966	3600		266.23		 108520079		-999.00
6163	1503684566	3600		266.23		 108520079		-999.00
6164	1503688166	3600		266.23		 108520079		-999.00
6165	1503691766	3600		266.23		 108520079		-999.00
6166	1503695366	3600		266.23		 108520079		-999.00
6167	1503698966	3600		261.72		 108520079		-999.00
6168	1503702566	3600		261.72		 108520079		-999.00
6169	1503706166	3600		261.72		 108520079		-999.00
6170	1503709766	3600		262.23		 108520079		-999.00
6171	1503713366	3600		262.23		 108520079		-999.00
6172	1503716966	3600		261.72		 108520079		-999.00
6173	1503720566	3600		261.72		 108520079		-999.00
6174	1503724166	3600		261.72		 108520079		-999.00
6175	1503727766	3600		261.72		 108520079		-999.00
6176	1503731366	3600		261.89		 108520079		-999.00
6177	1503734966	3600		261.72		 108520079		-999.00
6178	1503738566	3600		261.72		 108520079		-999.00
6179	1503742166	3600		261.72		 108520079		-999.00
6180	1503745766	3600		262.23		 108520079		-999.00
6181	1503542966	-202800		262.26		 108520079		-999.00
6136	1503749744	1200		267.44		  40464392		306.50
6136	1503753344	3600		267.49		  42234527		290.50
6136	1503756944	3600		267.40		  39250163		290.50
6136	1503760544	3600		267.34		  37261694		290.50
6136	1503764144	3600		267.27		  34734167		290.50
6136	1503767181	3037		267.22		  33078643		290.50
6137	1503768381	1200		266.23		  33078643		-999.00
6138	1503771981	3600		266.23		  33078643		-999.00
6139	1503775581	3600		266.23		  33078643		-999.00
6140	1503779181	3600		265.89		  33078643		-999.00
6141	1503782781	3600		265.89		  33078643		-999.00
6142	1503786381	3600		265.89		  33078643		-999.00
6143	1503789981	3600		265.89		  33078643		-999.00
6144	1503793581	3600		265.89		  33078643		-999.00
6145	1503797181	3600		266.23		  33078643		-999.00
6146	1503800781	3600		266.23		  33078643		-999.00
6147	1503804381	3600		266.23		  33078643		-999.00
6148	1503807981	3600		266.23		  33078643		-999.00
6149	1503811581	3600		266.23		  33078643		-999.00
6150	1503815181	3600		261.72		  33078643		-999.00
6151	1503818781	3600		261.72		  33078643		-999.00
6152	1503767181	-51600		262.23		  33078643		-999.00
6138	1503820254	1200		267.67		  47977724		294.50
6138	1503823854	3600		267.76		  51149990		294.50
6138	1503827454	3600		267.64		  47106736		294.50
6138	1503831054	3600		267.56		  44508348		294.50
6138	1503831666	612		267.55		  44184031		294.50
6139	1503832866	1200		266.23		  44184031		-999.00
6140	1503836466	3600		261.72		  44184031		-999.00
6141	1503840066	3600		262.23		  44184031		-999.00
6142	1503843666	3600		266.23		  44184031		-999.00
6143	1503847266	3600		261.72		  44184031		-999.00
6144	1503850866	3600		261.72		  44184031		-999.00
6145	1503831666	-19200		262.23		  44184031		-999.00
6140	1503852135	1200		268.21		  65957521		300.50
6140	1503855735	3600		268.27		  68198270		300.50
6140	1503859335	3600		268.14		  63716820		300.50
6140	1503862935	3600		268.01		  59492239		300.50
6140	1503866535	3600		267.87		  54899158		300.50
6140	1503870135	3600		267.78		  51680485		300.50
6140	1503873735	3600		267.68		  48413523		298.00
6140	1503877335	3600		267.58		  45012672		298.00
6140	1503880935	3600		267.50		  42558718		298.00
6140	1503884535	3600		267.45		  40909121		298.00
6140	1503888135	3600		267.37		  38197455		298.00
6140	1503891735	3600		267.32		  36356354		298.00
6140	1503895335	3600		267.26		  34303711		298.00
6140	1503898935	3600		267.21		  32718909		298.00
6140	1503899521	586		262.23		  31337585		 21.00
6141	1503900721	1200		262.23		  31337585		-999.00
6142	1503904321	3600		261.72		  31337585		-999.00
6143	1503907921	3600		261.89		  31337585		-999.00
6144	1503899521	-8400		262.23		  31337585		-999.00
6141	1503909698	1200		268.08		  61726746		303.00
6141	1503912502	2804		268.16		  64534017		305.50
6142	1503913702	1200		266.23		  64534017		-999.00
6143	1503917302	3600		262.06		  64534017		-999.00
6144	1503920902	3600		261.72		  64534017		-999.00
6145	1503912502	-8400		262.23		  64534017		-999.00
6142	1503923523	1200		268.16		  64560002		306.50
6142	1503927123	3600		268.24		  67163535		306.50
6142	1503930723	3600		268.08		  61886919		306.50
6142	1503934323	3600		267.98		  58439474		306.50
6142	1503937923	3600		267.85		  54195259		306.50
6142	1503941523	3600		267.78		  51841046		306.50
6142	1503945123	3600		267.66		  47693263		304.00
6142	1503948723	3600		267.57		  44841248		304.00
6142	1503952323	3600		267.50		  42322544		304.00
6142	1503955923	3600		267.43		  40017669		304.00
6142	1503959523	3600		267.36		  37650482		304.00
6142	1503963123	3600		267.30		  35677915		304.00
6142	1503966723	3600		267.23		  33495303		304.00
6142	1503970323	3600		267.19		  31982883		304.00
6142	1503973432	3109		267.10		  28965860		302.00
6143	1503974632	1200		261.72		  28965860		-999.00
6144	1503978232	3600		261.72		  28965860		-999.00
6145	1503981832	3600		262.06		  28965860		-999.00
6146	1503973432	-8400		262.23		  28965860		-999.00
6143	1503983640	1200		268.10		  62295208		312.50
6143	1503987240	3600		268.17		  64817427		312.50
6143	1503990840	3600		268.02		  59643238		312.50
6143	1503994440	3600		267.95		  57590084		312.50
6143	1503998040	3600		267.81		  52920421		312.50
6143	1504001640	3600		267.75		  50738494		310.00
6143	1504005240	3600		267.65		  47412508		310.00
6143	1504008840	3600		267.56		  44493136		310.00
6143	1504012440	3600		267.49		  42103341		310.00
6143	1504016040	3600		267.43		  40231678		310.00
6143	1504019640	3600		267.37		  38068233		310.00
6143	1504023240	3600		267.31		  35966454		310.00
6143	1504026840	3600		267.25		  34267188		310.00
6143	1504030440	3600		267.16		  31193400		307.00
6143	1504032055	1615		262.23		  31027544		 21.00
6144	1504033255	1200		261.72		  31027544		-999.00
6145	1504036855	3600		261.71		  31027544		-999.00
6146	1504040455	3600		261.71		  31027544		-999.00
6147	1504044055	3600		261.71		  31027544		-999.00
6148	1504047655	3600		261.71		  31027544		-999.00
6149	1504051255	3600		262.22		  31027544		-999.00
6150	1504054855	3600		262.05		  31027544		-999.00
6151	1504032055	-22800		262.23		  31027544		-999.00
6146	1504058391	1200		268.05		  60862458		317.50
6146	1504058494	103		268.18		  65498697		317.50
6147	1504059694	1200		266.22		  65498697		-999.00
6148	1504063294	3600		261.71		  65498697		-999.00
6149	1504066894	3600		261.71		  65498697		-999.00
6150	1504058494	-8400		262.22		  65498697		-999.00
6147	1504069663	1200		268.10		  62622436		309.00
6147	1504073263	3600		268.24		  67350932		309.00
6147	1504076863	3600		268.08		  61964244		318.50
6147	1504080463	3600		267.97		  58247841		316.00
6147	1504084063	3600		267.86		  54612834		316.00
6147	1504087663	3600		267.77		  51583300		316.00
6147	1504091263	3600		267.67		  48428305		316.00
6147	1504094863	3600		267.60		  46086701		313.00
6147	1504098463	3600		267.52		  43316954		315.50
6147	1504102063	3600		267.45		  41028342		315.50
6147	1504105663	3600		267.37		  38174815		315.50
6147	1504109263	3600		267.31		  36274335		313.00
6147	1504112863	3600		267.25		  34253909		313.00
6147	1504116463	3600		267.20		  32592290		313.00
6147	1504120063	3600		262.22		  29691423		 20.50
6147	1504120694	631		262.22		  31608859		 20.50
6148	1504121894	1200		262.22		  31608859		-999.00
6149	1504125494	3600		266.22		  31608859		-999.00
6150	1504129094	3600		266.22		  31608859		-999.00
6151	1504132694	3600		261.88		  31608859		-999.00
6152	1504136294	3600		261.71		  31608859		-999.00
6153	1504139894	3600		261.71		  31608859		-999.00
6154	1504143494	3600		261.71		  31608859		-999.00
6155	1504147094	3600		261.71		  31608859		-999.00
6156	1504150694	3600		262.05		  31608859		-999.00
6157	1504154294	3600		266.22		  31608859		-999.00
6158	1504157894	3600		266.22		  31608859		-999.00
6159	1504161494	3600		266.22		  31608859		-999.00
6160	1504165094	3600		266.22		  31608859		-999.00
6161	1504168694	3600		262.22		  31608859		-999.00
6162	1504172294	3600		262.22		  31608859		-999.00
6163	1504120694	-51600		262.22		  31608859		-999.00
6152	1504175837	1200		267.66		  47925323		334.00
6152	1504179437	3600		267.72		  49847674		331.50
6152	1504183037	3600		267.61		  46493524		331.50
6152	1504186637	3600		267.53		  43583771		331.50
6152	1504190237	3600		267.45		  41015269		331.50
6152	1504193837	3600		267.38		  38663683		331.50
6152	1504197079	3242		262.22		  35118594		 19.00
6153	1504198279	1200		261.71		  35118594		-999.00
6154	1504201879	3600		261.71		  35118594		-999.00
6155	1504205479	3600		262.22		  35118594		-999.00
6156	1504209079	3600		261.71		  35118594		-999.00
6157	1504212679	3600		262.22		  35118594		-999.00
6158	1504216279	3600		261.71		  35118594		-999.00
6159	1504197079	-19200		262.22		  35118594		-999.00
6155	1504220201	1200		267.71		  49658828		335.50
6155	1504221588	1387		267.86		  54763599		335.50
6156	1504222788	1200		262.22		  54763599		-999.00
6157	1504226388	3600		261.71		  54763599		-999.00
6158	1504221588	-4800		262.22		  54763599		-999.00
6156	1504230731	1200		267.70		  49390020		334.00
6156	1504234331	3600		267.75		  50882569		334.00
6156	1504237931	3600		267.65		  47527419		334.00
6156	1504241531	3600		267.56		  44649445		334.00
6156	1504245131	3600		267.47		  41633871		334.00
6156	1504248731	3600		267.41		  39520047		334.00
6156	1504252331	3600		267.33		  37019423		334.00
6156	1504255931	3600		267.26		  34575023		334.00
6156	1504259531	3600		267.17		  31788059		327.50
6156	1504260509	978		267.13		  30190816		331.00
6157	1504261709	1200		262.05		  30190816		-999.00
6158	1504265309	3600		265.66		  30190816		-999.00
6159	1504268909	3600		266.18		  30190816		-999.00
6160	1504272509	3600		266.18		  30190816		-999.00
6161	1504276109	3600		266.18		  30190816		-999.00
6162	1504279709	3600		261.67		  30190816		-999.00
6163	1504283309	3600		261.67		  30190816		-999.00
6164	1504260509	-22800		262.22		  30190816		-999.00
6158	1504285084	1200		267.84		  55319202		337.00
6158	1504288684	3600		267.71		  51135250		337.00
6158	1504292284	3600		267.56		  46065424		335.00
6158	1504295884	3600		267.54		  45406422		337.50
6158	1504299484	3600		267.42		  41587946		337.50
6158	1504303084	3600		267.38		  39969194		337.50
6158	1504304550	1466		267.19		  33874830		333.00
6159	1504305750	1200		266.18		  33874830		-999.00
6160	1504309350	3600		261.84		  33874830		-999.00
6161	1504312950	3600		262.18		  33874830		-999.00
6162	1504304550	-8400		262.18		  33874830		-999.00
6159	1504316880	1200		267.79		  53700567		331.00
6159	1504320480	3600		267.87		  56428559		342.50
6159	1504324080	3600		267.80		  54080736		342.50
6159	1504327680	3600		267.70		  50699060		342.50
6159	1504331280	3600		267.61		  47617302		342.50
6159	1504332187	907		267.56		  46159291		342.50
6160	1504333387	1200		266.18		  46159291		-999.00
6161	1504336987	3600		262.18		  46159291		-999.00
6162	1504340587	3600		262.17		  46159291		-999.00
6163	1504332187	-8400		262.18		  46159291		-999.00
6160	1504343175	1200		267.84		  55817841		342.00
6160	1504346775	3600		267.87		  56790622		344.50
6160	1504350375	3600		267.74		  52544872		344.50
6160	1504353975	3600		267.67		  50119789		344.50
6160	1504357575	3600		267.56		  46365118		342.00
6160	1504361175	3600		267.50		  44508590		342.00
6160	1504364775	3600		267.36		  39792391		341.50
6160	1504364957	182		267.52		  45101748		288.50
6161	1504366157	1200		266.17		  45101748		-999.00
6162	1504369757	3600		266.17		  45101748		-999.00
6163	1504373357	3600		266.17		  45101748		-999.00
6164	1504376957	3600		266.17		  45101748		-999.00
6165	1504380557	3600		266.17		  45101748		-999.00
6166	1504384157	3600		266.17		  45101748		-999.00
6167	1504387757	3600		266.17		  45101748		-999.00
6168	1504391357	3600		266.17		  45101748		-999.00
6169	1504394957	3600		262.17		  45101748		-999.00
6170	1504398557	3600		261.65		  45101748		-999.00
6171	1504402157	3600		261.99		  45101748		-999.00
6172	1504364957	-37200		262.17		  45101748		-999.00
6161	1504403438	1200		267.96		  59914601		347.00
6161	1504407038	3600		268.09		  64224998		347.00
6161	1504410638	3600		267.95		  59353545		347.00
6161	1504414238	3600		267.86		  56547071		347.00
6161	1504417838	3600		267.75		  52648041		347.00
6161	1504421438	3600		267.66		  49702603		347.00
6161	1504425038	3600		267.58		  47020855		347.00
6161	1504428638	3600		267.48		  43825287		347.00
6161	1504432238	3600		267.42		  41767935		347.00
6161	1504435838	3600		267.36		  39716534		347.00
6161	1504439438	3600		267.29		  37397272		344.50
6161	1504441810	2372		267.18		  33770059		344.50
6162	1504443010	1200		262.17		  33770059		-999.00
6163	1504446610	3600		261.65		  33770059		-999.00
6164	1504450210	3600		261.65		  33770059		-999.00
6165	1504453810	3600		261.65		  33770059		-999.00
6166	1504457410	3600		261.65		  33770059		-999.00
6167	1504461010	3600		261.65		  33770059		-999.00
6168	1504464610	3600		261.65		  33770059		-999.00
6169	1504468210	3600		261.65		  33770059		-999.00
6170	1504441810	-26400		262.17		  33770059		-999.00
6165	1504472633	1200		267.61		  48058097		346.00
6165	1504476233	3600		267.70		  51223279		346.00
6165	1504479833	3600		267.58		  47207583		346.00
6165	1504483433	3600		267.45		  42614274		341.00
6165	1504487033	3600		267.42		  41748476		341.00
6165	1504490633	3600		267.35		  39288565		338.50
6165	1504494233	3600		267.18		  36800482		338.50
6165	1504497833	3600		267.10		  34172474		338.50
6165	1504501433	3600		267.04		  32090812		338.50
6165	1504505033	3600		266.99		  30497679		345.00
6165	1504508633	3600		266.92		  28073056		345.50
6165	1504508906	273		262.07		  30084649		 13.50
6166	1504510106	1200		262.07		  30084649		-999.00
6167	1504513706	3600		265.99		  30084649		-999.00
6168	1504517306	3600		266.14		  30084649		-999.00
6169	1504520906	3600		261.62		  30084649		-999.00
6170	1504524506	3600		262.13		  30084649		-999.00
6171	1504528106	3600		261.62		  30084649		-999.00
6172	1504531706	3600		261.62		  30084649		-999.00
6173	1504535306	3600		261.62		  30084649		-999.00
6174	1504538906	3600		262.13		  30084649		-999.00
6175	1504508906	-30000		262.07		  30084649		-999.00
6167	1504540924	1200		267.38		  41532784		347.50
6167	1504544524	3600		267.47		  44562692		347.50
6167	1504548124	3600		267.36		  40896147		347.50
6167	1504551724	3600		267.33		  39846965		347.50
6167	1504555324	3600		267.25		  37204177		347.50
6167	1504558924	3600		267.18		  34907964		344.50
6167	1504559549	625		267.18		  34945020		347.00
6168	1504560749	1200		262.13		  34945020		-999.00
6169	1504564349	3600		261.62		  34945020		-999.00
6170	1504567949	3600		262.13		  34945020		-999.00
6171	1504559549	-8400		262.13		  34945020		-999.00
6168	1504570084	1200		267.59		  48679037		351.50
6168	1504573684	3600		267.68		  51807519		351.50
6168	1504577284	3600		267.58		  48209925		351.50
6168	1504580884	3600		267.52		  46189233		351.50
6168	1504584484	3600		267.38		  41720894		348.50
6168	1504585317	833		262.13		  42121277		 11.50
6169	1504586517	1200		266.13		  42121277		-999.00
6170	1504590117	3600		261.62		  42121277		-999.00
6171	1504593717	3600		262.13		  42121277		-999.00
6172	1504585317	-8400		262.13		  42121277		-999.00
6169	1504596944	1200		267.81		  55948919		355.50
6169	1504600544	3600		267.90		  58834692		355.50
6169	1504604144	3600		267.79		  55276492		349.50
6169	1504607744	3600		267.68		  51627516		357.00
6169	1504611344	3600		267.58		  48434296		354.50
6169	1504614944	3600		267.51		  46134301		354.50
6169	1504618544	3600		267.45		  43938913		354.50
6169	1504619996	1452		267.25		  37202273		353.00
6170	1504621196	1200		266.13		  37202273		-999.00
6171	1504624796	3600		266.14		  37202273		-999.00
6172	1504628396	3600		266.14		  37202273		-999.00
6173	1504619996	-8400		266.13		  37202273		-999.00
6170	1504631146	1200		268.15		  67072593		363.00
6170	1504634746	3600		268.23		  69757348		363.00
6170	1504638346	3600		268.10		  65575012		364.50
6170	1504641946	3600		268.01		  62426361		362.00
6170	1504645546	3600		267.87		  57916936		354.00
6170	1504646249	703		267.59		  48310870		358.50
6171	1504647449	1200		266.14		  48310870		-999.00
6172	1504651049	3600		261.63		  48310870		-999.00
6173	1504654649	3600		262.14		  48310870		-999.00
6174	1504646249	-8400		262.14		  48310870		-999.00
6171	1504656979	1200		268.36		  74030822		368.50
6171	1504660579	3600		268.45		  76958858		368.50
6171	1504664179	3600		268.29		  71921289		365.50
6171	1504667779	3600		268.23		  69692777		368.00
6171	1504671379	3600		268.07		  64489683		368.00
6171	1504674979	3600		268.00		  62040952		368.00
6171	1504678579	3600		267.90		  58760084		368.00
6171	1504682179	3600		267.79		  55260679		368.00
6171	1504685155	2976		267.65		  50517339		367.00
6172	1504686355	1200		266.14		  50517339		-999.00
6173	1504689955	3600		266.31		  50517339		-999.00
6174	1504693555	3600		266.31		  50517339		-999.00
6175	1504697155	3600		266.48		  50517339		-999.00
6176	1504700755	3600		266.13		  50517339		-999.00
6177	1504704355	3600		266.11		  50517339		-999.00
6178	1504707955	3600		266.11		  50517339		-999.00
6179	1504711555	3600		261.94		  50517339		-999.00
6180	1504715155	3600		262.11		  50517339		-999.00
6181	1504718755	3600		261.60		  50517339		-999.00
6182	1504722355	3600		261.95		  50517339		-999.00
6183	1504685155	-37200		262.14		  50517339		-999.00
6174	1504724865	1200		268.17		  68488218		364.00
6174	1504728465	3600		268.51		  73715709		369.00
6174	1504732065	3600		268.34		  68188448		369.00
6174	1504735665	3600		268.27		  65625270		369.00
6174	1504739265	3600		268.14		  61392923		371.50
6174	1504742865	3600		268.06		  58800914		369.00
6174	1504746465	3600		267.94		  54887284		369.00
6174	1504750065	3600		267.86		  52034995		369.00
6174	1504753665	3600		267.78		  49474324		369.00
6174	1504757265	3600		267.71		  47163472		369.00
6174	1504760865	3600		267.65		  45186239		369.00
6174	1504764465	3600		267.59		  42975261		369.00
6174	1504768065	3600		267.49		  39897229		363.50
6174	1504768259	194		267.43		  37802934		363.50
6175	1504769459	1200		261.95		  37802934		-999.00
6176	1504773059	3600		261.61		  37802934		-999.00
6177	1504768259	-4800		262.30		  37802934		-999.00
6175	1504777554	1200		268.27		  71614553		377.00
6175	1504781154	3600		268.60		  76624186		377.00
6175	1504784754	3600		268.42		  70737066		377.00
6175	1504788354	3600		268.34		  67951565		377.00
6175	1504791954	3600		268.22		  64039886		377.00
6175	1504795554	3600		268.14		  61312470		377.00
6175	1504799154	3600		268.01		  57223494		377.00
6175	1504802754	3600		267.93		  54428963		377.00
6175	1504806354	3600		267.83		  51190786		377.00
6175	1504809954	3600		267.79		  49789797		377.00
6175	1504813554	3600		267.71		  47178119		377.00
6175	1504817154	3600		267.63		  44471929		374.50
6175	1504818322	1168		267.40		  36914933		371.00
6176	1504819522	1200		266.47		  36914933		-999.00
6177	1504823122	3600		265.60		  36914933		-999.00
6178	1504818322	-4800		266.30		  36914933		-999.00
6176	1504827506	1200		268.38		  75177924		377.50
6176	1504831106	3600		268.67		  79471778		385.00
6176	1504833646	2540		268.55		  75279245		385.00
6177	1504834846	1200		266.29		  75279245		-999.00
6178	1504838446	3600		265.61		  75279245		-999.00
6179	1504842046	3600		265.95		  75279245		-999.00
6180	1504833646	-8400		266.29		  75279245		-999.00
6177	1504844616	1200		268.37		  74938708		385.00
6177	1504848216	3600		268.64		  78273529		382.50
6177	1504851816	3600		268.48		  73160208		387.50
6177	1504855416	3600		268.37		  69280463		385.00
6177	1504859016	3600		268.26		  65814715		385.00
6177	1504862616	3600		268.15		  61973777		385.00
6177	1504866216	3600		268.06		  59034858		385.00
6177	1504869816	3600		267.97		  55887426		380.00
6177	1504873416	3600		267.90		  53697268		385.00
6177	1504877016	3600		267.81		  50804831		382.50
6177	1504880616	3600		267.74		  48469243		382.50
6177	1504884216	3600		267.66		  45819340		382.50
6177	1504887330	3114		267.56		  42261157		382.50
6178	1504888530	1200		261.95		  42261157		-999.00
6179	1504892130	3600		261.61		  42261157		-999.00
6180	1504895730	3600		261.62		  42261157		-999.00
6181	1504899330	3600		261.63		  42261157		-999.00
6182	1504902930	3600		261.98		  42261157		-999.00
6183	1504887330	-15600		262.29		  42261157		-999.00
6179	1504905365	1200		268.47		  77511193		392.50
6179	1504905606	241		269.15		 100128694		392.50
6180	1504906806	1200		265.97		 100128694		-999.00
6181	1504910406	3600		261.64		 100128694		-999.00
6182	1504914006	3600		261.98		 100128694		-999.00
6183	1504905606	-8400		262.32		 100128694		-999.00
6180	1504917462	1200		268.81		  83006042		394.00
6180	1504917553	91		268.47		  71775213		394.00
6181	1504918753	1200		266.32		  71775213		-999.00
6182	1504922353	3600		261.63		  71775213		-999.00
6183	1504925953	3600		261.98		  71775213		-999.00
6184	1504929553	3600		261.64		  71775213		-999.00
6185	1504933153	3600		261.99		  71775213		-999.00
6186	1504917553	-15600		262.32		  71775213		-999.00
6182	1504935640	1200		268.30		  71715494		388.50
6182	1504939240	3600		268.59		  75533806		391.00
6182	1504942840	3600		268.42		  70033945		391.00
6182	1504946440	3600		268.31		  66171798		388.50
6182	1504950040	3600		268.20		  62488381		388.50
6182	1504953640	3600		268.11		  59495331		388.50
6182	1504957240	3600		268.01		  56212072		388.50
6182	1504960840	3600		267.90		  52627365		388.50
6182	1504964440	3600		267.84		  50643261		388.50
6182	1504968040	3600		267.78		  48559854		388.50
6182	1504968426	386		267.86		  51366689		388.50
6183	1504969626	1200		266.32		  51366689		-999.00
6184	1504973226	3600		261.82		  51366689		-999.00
6185	1504976826	3600		261.65		  51366689		-999.00
6186	1504980426	3600		266.33		  51366689		-999.00
6187	1504984026	3600		261.82		  51366689		-999.00
6188	1504987626	3600		261.99		  51366689		-999.00
6189	1504991226	3600		261.65		  51366689		-999.00
6190	1504994826	3600		261.65		  51366689		-999.00
6191	1504998426	3600		261.65		  51366689		-999.00
6192	1504968426	-30000		262.32		  51366689		-999.00
6185	1505002681	1200		268.24		  69376947		391.00
6185	1505006281	3600		268.53		  73251133		391.00
6185	1505009881	3600		268.38		  68114945		388.50
6185	1505010590	709		268.27		  64473292		391.00
6186	1505011790	1200		266.33		  64473292		-999.00
6187	1505015390	3600		265.64		  64473292		-999.00
6188	1505018990	3600		265.81		  64473292		-999.00
6189	1505010590	-8400		266.33		  64473292		-999.00
6186	1505021470	1200		268.26		  70245336		391.00
6186	1505025070	3600		268.54		  73407480		390.00
6186	1505028670	3600		268.39		  68698636		392.50
6186	1505032270	3600		268.29		  65210910		395.00
6186	1505035870	3600		268.18		  61562680		394.50
6186	1505039470	3600		268.10		  58776980		394.50
6186	1505043070	3600		268.01		  55734478		394.50
6186	1505046670	3600		267.90		  52189485		392.00
6186	1505050270	3600		267.84		  50163633		392.00
6186	1505053870	3600		267.77		  47959426		392.00
6186	1505057470	3600		267.71		  45817565		392.00
6186	1505061070	3600		267.63		  43307489		392.00
6186	1505063162	2092		267.51		  39092447		392.50
6187	1505064362	1200		266.33		  39092447		-999.00
6188	1505067962	3600		266.33		  39092447		-999.00
6189	1505071562	3600		266.33		  39092447		-999.00
6190	1505075162	3600		266.33		  39092447		-999.00
6191	1505078762	3600		266.33		  39092447		-999.00
6192	1505082362	3600		266.33		  39092447		-999.00
6193	1505085962	3600		261.82		  39092447		-999.00
6194	1505089562	3600		261.65		  39092447		-999.00
6195	1505093162	3600		261.99		  39092447		-999.00
6196	1505063162	-30000		262.33		  39092447		-999.00
6189	1505094461	1200		268.22		  68519323		399.50
6189	1505098061	3600		268.30		  73059669		399.50
6189	1505101661	3600		268.15		  68017619		400.00
6189	1505105261	3600		268.08		  65663430		400.00
6189	1505108861	3600		267.95		  61586556		399.50
6189	1505112461	3600		267.88		  58958181		399.50
6189	1505116061	3600		267.79		  56188074		397.00
6189	1505119661	3600		267.88		  52436452		398.50
6189	1505123261	3600		267.81		  50073463		398.50
6189	1505126861	3600		267.75		  48142279		398.50
6189	1505130461	3600		267.67		  45606816		398.50
6189	1505134061	3600		267.61		  43684890		396.00
6189	1505137661	3600		267.54		  41382175		398.50
6189	1505140369	2708		262.30		  38180313		 13.00
6190	1505141569	1200		261.79		  38180313		-999.00
6191	1505145169	3600		261.79		  38180313		-999.00
6192	1505148769	3600		261.79		  38180313		-999.00
6193	1505152369	3600		261.96		  38180313		-999.00
6194	1505155969	3600		261.79		  38180313		-999.00
6195	1505159569	3600		261.79		  38180313		-999.00
6196	1505163169	3600		261.79		  38180313		-999.00
6197	1505166769	3600		262.30		  38180313		-999.00
6198	1505170369	3600		262.30		  38180313		-999.00
6199	1505140369	-30000		262.30		  38180313		-999.00
6191	1505173250	1200		268.45		  71615534		404.50
6191	1505176850	3600		268.59		  76439202		404.50
6191	1505180450	3600		268.42		  70812621		404.50
6191	1505184050	3600		268.30		  66891364		404.50
6191	1505187650	3600		268.18		  62865029		406.50
6191	1505191250	3600		268.10		  60263570		404.00
6191	1505194850	3600		267.98		  56062775		404.00
6191	1505198450	3600		267.89		  53235114		404.00
6191	1505202050	3600		267.81		  50356213		404.00
6191	1505205650	3600		267.74		  48143614		401.50
6191	1505209250	3600		267.67		  45693834		404.00
6191	1505212850	3600		267.58		  42913962		404.00
6191	1505216450	3600		262.30		  39723533		 12.50
6191	1505216537	87		262.30		  31084901		 12.50
6192	1505217737	1200		261.96		  31084901		-999.00
6193	1505221337	3600		261.78		  31084901		-999.00
6194	1505224937	3600		261.78		  31084901		-999.00
6195	1505216537	-8400		262.30		  31084901		-999.00
6192	1505227327	1200		268.56		  75442081		415.00
6192	1505230927	3600		268.55		  75007321		410.50
6192	1505234527	3600		268.40		  70272574		415.50
6192	1505238074	3547		268.31		  67184323		415.50
6193	1505239274	1200		266.30		  67184323		-999.00
6194	1505242874	3600		261.78		  67184323		-999.00
6195	1505246474	3600		261.78		  67184323		-999.00
6196	1505238074	-8400		262.30		  67184323		-999.00
6193	1505248769	1200		268.44		  71340372		390.50
6193	1505252369	3600		268.50		  73520891		412.50
6193	1505255969	3600		268.37		  68969734		414.50
6193	1505259569	3600		268.28		  65959919		414.50
6193	1505263169	3600		268.13		  61149725		412.00
6193	1505266613	3444		268.01		  56969539		413.00
6194	1505267813	1200		262.30		  56969539		-999.00
6195	1505271413	3600		261.78		  56969539		-999.00
6196	1505275013	3600		261.81		  56969539		-999.00
6197	1505278613	3600		262.04		  56969539		-999.00
6198	1505266613	-12000		262.30		  56969539		-999.00
6194	1505280510	1200		266.56		  11581227		393.00
6194	1505284110	3600		266.58		  12274384		395.50
6194	1505287710	3600		266.50		   9666644		394.50
6194	1505291310	3600		256.72		   7771166		 13.00
6194	1505294910	3600		256.03		   9954962		 13.00
6194	1505298510	3600		256.03		   7831050		 13.00
6194	1505301821	3311		256.03		   5818824		 13.00
6195	1505303021	1200		256.03		   5818824		-999.00
6196	1505306621	3600		256.03		   5818824		-999.00
6197	1505310221	3600		256.03		   5818824		-999.00
6198	1505313821	3600		256.03		   5818824		-999.00
6199	1505317421	3600		256.03		   5818824		-999.00
6200	1505321021	3600		256.03		   5818824		-999.00
6201	1505324621	3600		256.03		   5818824		-999.00
6202	1505328221	3600		256.03		   5818824		-999.00
6203	1505331821	3600		256.03		   5818824		-999.00
6204	1505335421	3600		256.03		   5818824		-999.00
6205	1505339021	3600		256.03		   5818824		-999.00
6206	1505342621	3600		256.03		   5818824		-999.00
6207	1505346221	3600		256.03		   5818824		-999.00
6208	1505349821	3600		256.03		   5818824		-999.00
6209	1505353421	3600		256.03		   5818824		-999.00
6210	1505357021	3600		256.03		   5818824		-999.00
6211	1505360621	3600		256.03		   5818824		-999.00
6212	1505364221	3600		256.03		   5818824		-999.00
6213	1505367821	3600		256.03		   5818824		-999.00
6214	1505371421	3600		256.03		   5818824		-999.00
6215	1505375021	3600		256.03		   5818824		-999.00
6216	1505378621	3600		256.03		   5818824		-999.00
6217	1505382221	3600		256.03		   5818824		-999.00
6218	1505385821	3600		256.03		   5818824		-999.00
6219	1505389421	3600		256.03		   5818824		-999.00
6220	1505393021	3600		256.03		   5818824		-999.00
6221	1505396621	3600		256.03		   5818824		-999.00
6222	1505400221	3600		256.03		   5818824		-999.00
6223	1505403821	3600		256.03		   5818824		-999.00
6224	1505407421	3600		255.87		   5818824		-999.00
6225	1505411021	3600		255.87		   5818824		-999.00
6226	1505414621	3600		255.87		   5818824		-999.00
6227	1505418221	3600		255.87		   5818824		-999.00
6228	1505421821	3600		255.87		   5818824		-999.00
6229	1505425421	3600		255.87		   5818824		-999.00
6230	1505429021	3600		255.87		   5818824		-999.00
6231	1505432621	3600		255.87		   5818824		-999.00
6232	1505436221	3600		255.87		   5818824		-999.00
6233	1505439821	3600		255.87		   5818824		-999.00
6234	1505443421	3600		255.87		   5818824		-999.00
6235	1505447021	3600		255.87		   5818824		-999.00
6236	1505450621	3600		255.87		   5818824		-999.00
6237	1505454221	3600		255.87		   5818824		-999.00
6238	1505457821	3600		255.87		   5818824		-999.00
6239	1505461421	3600		255.87		   5818824		-999.00
6240	1505465021	3600		255.87		   5818824		-999.00
6241	1505468621	3600		255.96		   5818824		-999.00
6242	1505472221	3600		255.96		   5818824		-999.00
6243	1505475821	3600		255.96		   5818824		-999.00
6244	1505479421	3600		255.96		   5818824		-999.00
6245	1505483021	3600		255.97		   5818824		-999.00
6246	1505486621	3600		255.97		   5818824		-999.00
6247	1505490221	3600		255.97		   5818824		-999.00
6248	1505493821	3600		255.97		   5818824		-999.00
6249	1505497421	3600		255.97		   5818824		-999.00
6250	1505501021	3600		255.97		   5818824		-999.00
6251	1505504621	3600		255.97		   5818824		-999.00
6252	1505508221	3600		255.97		   5818824		-999.00
6253	1505511821	3600		255.97		   5818824		-999.00
6254	1505515421	3600		255.97		   5818824		-999.00
6255	1505519021	3600		255.97		   5818824		-999.00
6256	1505522621	3600		255.97		   5818824		-999.00
6257	1505526221	3600		255.97		   5818824		-999.00
6258	1505529821	3600		255.97		   5818824		-999.00
6259	1505533421	3600		255.97		   5818824		-999.00
6260	1505537021	3600		255.97		   5818824		-999.00
6261	1505540621	3600		255.97		   5818824		-999.00
6262	1505544221	3600		255.97		   5818824		-999.00
6263	1505547821	3600		255.97		   5818824		-999.00
6264	1505551421	3600		255.97		   5818824		-999.00
6265	1505555021	3600		255.97		   5818824		-999.00
6266	1505558621	3600		255.97		   5818824		-999.00
6267	1505562221	3600		255.97		   5818824		-999.00
6268	1505565821	3600		255.97		   5818824		-999.00
6269	1505569421	3600		255.97		   5818824		-999.00
6270	1505573021	3600		255.97		   5818824		-999.00
6271	1505576621	3600		255.97		   5818824		-999.00
6272	1505580221	3600		255.97		   5818824		-999.00
6273	1505583821	3600		255.97		   5818824		-999.00
6274	1505587421	3600		255.97		   5818824		-999.00
6275	1505591021	3600		255.97		   5818824		-999.00
6276	1505594621	3600		255.97		   5818824		-999.00
6277	1505598221	3600		255.97		   5818824		-999.00
6278	1505601821	3600		255.97		   5818824		-999.00
6279	1505605421	3600		255.97		   5818824		-999.00
6280	1505609021	3600		255.97		   5818824		-999.00
6281	1505612621	3600		255.97		   5818824		-999.00
6282	1505616221	3600		255.97		   5818824		-999.00
6283	1505619821	3600		255.97		   5818824		-999.00
6284	1505623421	3600		255.97		   5818824		-999.00
6285	1505627021	3600		255.97		   5818824		-999.00
6286	1505630621	3600		255.97		   5818824		-999.00
6287	1505634221	3600		255.97		   5818824		-999.00
6288	1505637821	3600		255.97		   5818824		-999.00
6289	1505641421	3600		255.80		   5818824		-999.00
6290	1505645021	3600		255.97		   5818824		-999.00
6291	1505648621	3600		255.80		   5818824		-999.00
6292	1505652221	3600		255.80		   5818824		-999.00
6293	1505655821	3600		255.80		   5818824		-999.00
6294	1505659421	3600		255.97		   5818824		-999.00
6295	1505663021	3600		255.97		   5818824		-999.00
6296	1505666621	3600		255.97		   5818824		-999.00
6297	1505670221	3600		255.97		   5818824		-999.00
6298	1505673821	3600		255.97		   5818824		-999.00
6299	1505677421	3600		255.97		   5818824		-999.00
6300	1505681021	3600		255.97		   5818824		-999.00
6301	1505684621	3600		255.80		   5818824		-999.00
6302	1505688221	3600		255.80		   5818824		-999.00
6303	1505691821	3600		255.80		   5818824		-999.00
6304	1505695421	3600		255.97		   5818824		-999.00
6305	1505699021	3600		255.97		   5818824		-999.00
6306	1505702621	3600		255.97		   5818824		-999.00
6307	1505706221	3600		255.97		   5818824		-999.00
6308	1505709821	3600		255.97		   5818824		-999.00
6309	1505713421	3600		256.14		   5818824		-999.00
6310	1505717021	3600		259.14		   5818824		-999.00
6311	1505720621	3600		256.28		   5818824		-999.00
6312	1505724221	3600		259.45		   5818824		-999.00
6313	1505727821	3600		259.45		   5818824		-999.00
6314	1505731421	3600		261.73		   5818824		-999.00
6315	1505735021	3600		261.73		   5818824		-999.00
6316	1505738621	3600		265.73		   5818824		-999.00
6317	1505742221	3600		265.73		   5818824		-999.00
6318	1505745821	3600		265.73		   5818824		-999.00
6319	1505749421	3600		265.73		   5818824		-999.00
6320	1505753021	3600		265.90		   5818824		-999.00
6321	1505756621	3600		265.90		   5818824		-999.00
6322	1505760221	3600		266.25		   5818824		-999.00
6323	1505763821	3600		266.25		   5818824		-999.00
6324	1505767421	3600		266.25		   5818824		-999.00
6325	1505771021	3600		266.25		   5818824		-999.00
6326	1505774621	3600		266.25		   5818824		-999.00
6327	1505778221	3600		266.25		   5818824		-999.00
6328	1505781821	3600		266.25		   5818824		-999.00
6329	1505785421	3600		266.25		   5818824		-999.00
6330	1505789021	3600		266.25		   5818824		-999.00
6331	1505792621	3600		266.25		   5818824		-999.00
6332	1505796221	3600		266.25		   5818824		-999.00
6333	1505799821	3600		266.25		   5818824		-999.00
6334	1505803421	3600		266.25		   5818824		-999.00
6335	1505807021	3600		266.22		   5818824		-999.00
6336	1505810621	3600		266.22		   5818824		-999.00
6337	1505814221	3600		266.22		   5818824		-999.00
6338	1505817821	3600		266.22		   5818824		-999.00
6339	1505821421	3600		266.22		   5818824		-999.00
6340	1505825021	3600		266.22		   5818824		-999.00
6341	1505828621	3600		266.22		   5818824		-999.00
6342	1505832221	3600		266.22		   5818824		-999.00
6343	1505835821	3600		266.05		   5818824		-999.00
6344	1505839421	3600		266.05		   5818824		-999.00
6345	1505843021	3600		266.22		   5818824		-999.00
6346	1505846621	3600		266.05		   5818824		-999.00
6347	1505850221	3600		266.05		   5818824		-999.00
6348	1505853821	3600		266.05		   5818824		-999.00
6349	1505857421	3600		266.05		   5818824		-999.00
6350	1505861021	3600		266.05		   5818824		-999.00
6351	1505864621	3600		266.05		   5818824		-999.00
6352	1505868221	3600		266.05		   5818824		-999.00
6353	1505871821	3600		266.05		   5818824		-999.00
6354	1505875421	3600		266.05		   5818824		-999.00
6355	1505879021	3600		266.22		   5818824		-999.00
6356	1505882621	3600		266.22		   5818824		-999.00
6357	1505886221	3600		266.22		   5818824		-999.00
6358	1505889821	3600		266.22		   5818824		-999.00
6359	1505893421	3600		266.22		   5818824		-999.00
6360	1505897021	3600		265.71		   5818824		-999.00
6361	1505900621	3600		266.22		   5818824		-999.00
6362	1505904221	3600		266.16		   5818824		-999.00
6363	1505907821	3600		266.16		   5818824		-999.00
6364	1505911421	3600		256.72		   5818824		-999.00
6365	1505915021	3600		256.21		   5818824		-999.00
6366	1505918621	3600		256.21		   5818824		-999.00
6367	1505922221	3600		256.21		   5818824		-999.00
6368	1505925821	3600		256.21		   5818824		-999.00
6369	1505929421	3600		256.21		   5818824		-999.00
6370	1505933021	3600		259.44		   5818824		-999.00
6371	1505936621	3600		265.60		   5818824		-999.00
6372	1505940221	3600		266.43		   5818824		-999.00
6373	1505943821	3600		262.09		   5818824		-999.00
6374	1505947421	3600		262.09		   5818824		-999.00
6375	1505951021	3600		262.09		   5818824		-999.00
6376	1505954621	3600		262.09		   5818824		-999.00
6377	1505958221	3600		262.09		   5818824		-999.00
6378	1505961821	3600		262.09		   5818824		-999.00
6379	1505965421	3600		262.09		   5818824		-999.00
6380	1505969021	3600		266.09		   5818824		-999.00
6381	1505972621	3600		266.09		   5818824		-999.00
6382	1505976221	3600		266.09		   5818824		-999.00
6383	1505979821	3600		266.10		   5818824		-999.00
6384	1505983421	3600		266.10		   5818824		-999.00
6385	1505987021	3600		266.27		   5818824		-999.00
6386	1505990621	3600		262.27		   5818824		-999.00
6387	1505994221	3600		262.10		   5818824		-999.00
6388	1505997821	3600		262.10		   5818824		-999.00
6389	1506001421	3600		261.76		   5818824		-999.00
6390	1506005021	3600		261.93		   5818824		-999.00
6391	1506008621	3600		262.10		   5818824		-999.00
6392	1506012221	3600		261.93		   5818824		-999.00
6393	1506015821	3600		262.10		   5818824		-999.00
6394	1506019421	3600		261.76		   5818824		-999.00
6395	1506023021	3600		262.10		   5818824		-999.00
6396	1506026621	3600		262.10		   5818824		-999.00
6397	1506030221	3600		261.76		   5818824		-999.00
6398	1506033821	3600		261.76		   5818824		-999.00
6399	1506037421	3600		262.10		   5818824		-999.00
6400	1506041021	3600		261.76		   5818824		-999.00
6401	1506044621	3600		261.76		   5818824		-999.00
6402	1506048221	3600		262.10		   5818824		-999.00
6403	1506051821	3600		261.93		   5818824		-999.00
6404	1506055421	3600		261.93		   5818824		-999.00
6405	1506059021	3600		262.10		   5818824		-999.00
6406	1506062621	3600		262.10		   5818824		-999.00
6407	1506066221	3600		261.76		   5818824		-999.00
6408	1506069821	3600		261.76		   5818824		-999.00
6409	1506073421	3600		262.27		   5818824		-999.00
6410	1506077021	3600		266.10		   5818824		-999.00
6411	1506080621	3600		262.10		   5818824		-999.00
6412	1506084221	3600		262.10		   5818824		-999.00
6413	1506087821	3600		262.10		   5818824		-999.00
6414	1506091421	3600		261.76		   5818824		-999.00
6415	1506095021	3600		256.34		   5818824		-999.00
6416	1505301821	-793200		256.03		   5818824		-999.00
6230	1506097353	1200		255.96		     51812		 13.00
6230	1506100953	3600		255.96		     47525		 13.00
6230	1506103661	2708		255.96		     40674		 13.00
6231	1506104861	1200		255.96		     40674		-999.00
6232	1506108461	3600		255.96		     40674		-999.00
6233	1506112061	3600		255.96		     40674		-999.00
6234	1506115661	3600		255.96		     40674		-999.00
6235	1506119261	3600		255.96		     40674		-999.00
6236	1506122861	3600		255.96		     40674		-999.00
6237	1506126461	3600		255.79		     40674		-999.00
6238	1506130061	3600		255.79		     40674		-999.00
6239	1506133661	3600		255.79		     40674		-999.00
6240	1506137261	3600		255.79		     40674		-999.00
6241	1506140861	3600		255.96		     40674		-999.00
6242	1506144461	3600		255.96		     40674		-999.00
6243	1506148061	3600		255.62		     40674		-999.00
6244	1506151661	3600		255.62		     40674		-999.00
6245	1506155261	3600		255.79		     40674		-999.00
6246	1506158861	3600		261.77		     40674		-999.00
6247	1506103661	-55200		255.96		     40674		-999.00
6236	1506163260	1200		266.18		   2178281		378.50
6236	1506166860	3600		266.35		   2264770		379.00
6236	1506170460	3600		266.35		   2119695		379.00
6236	1506174060	3600		266.34		   1979020		387.50
6236	1506174452	392		266.34		   1944236		387.50
6237	1506175652	1200		261.77		   1944236		-999.00
6238	1506179252	3600		261.94		   1944236		-999.00
6239	1506182852	3600		261.94		   1944236		-999.00
6240	1506174452	-8400		262.28		   1944236		-999.00
6238	1506186718	1200		266.99		  29117476		387.50
6238	1506190318	3600		266.94		  21914225		369.50
6238	1506193918	3600		266.30		    453078		378.00
6238	1506197518	3600		266.30		    456089		377.50
6238	1506201118	3600		266.30		    461531		377.50
6238	1506204718	3600		266.30		    451290		377.50
6238	1506206288	1570		266.30		    461622		377.50
6239	1506207488	1200		261.77		    461622		-999.00
6240	1506211088	3600		261.75		    461622		-999.00
6241	1506206288	-4800		261.94		    461622		-999.00
6239	1506215748	1200		268.08		  60812190		394.00
6239	1506219348	3600		268.17		  63664158		394.50
6239	1506222948	3600		268.03		  59116768		398.50
6239	1506226548	3600		267.86		  53361134		397.50
6239	1506230148	3600		267.75		  49518795		396.50
6239	1506233748	3600		267.65		  46336009		396.50
6239	1506235806	2058		267.49		  40883752		395.50
6240	1506237006	1200		266.26		  40883752		-999.00
6241	1506240606	3600		261.92		  40883752		-999.00
6242	1506244206	3600		261.92		  40883752		-999.00
6243	1506235806	-8400		262.26		  40883752		-999.00
6240	1506245466	1200		268.67		  80218503		409.00
6240	1506249066	3600		268.72		  81897239		411.00
6240	1506252666	3600		268.57		  77003867		411.00
6240	1506256266	3600		268.46		  73238286		410.00
6240	1506259866	3600		268.30		  67980274		409.50
6240	1506263466	3600		268.21		  65064948		408.50
6240	1506267066	3600		268.07		  60245181		408.50
6240	1506270666	3600		267.93		  55720614		407.50
6240	1506274266	3600		267.80		  51226946		408.50
6240	1506277866	3600		267.73		  49114594		407.50
6240	1506281466	3600		267.64		  46150601		406.50
6240	1506285066	3600		267.55		  43093486		406.50
6240	1506287847	2781		267.45		  39558423		403.00
6241	1506289047	1200		266.26		  39558423		-999.00
6242	1506292647	3600		262.26		  39558423		-999.00
6243	1506296247	3600		261.92		  39558423		-999.00
6244	1506287847	-8400		262.26		  39558423		-999.00
6241	1506298039	1200		269.13		  95555605		424.50
6241	1506301639	3600		269.18		  97357850		425.50
6241	1506305239	3600		268.98		  90806364		424.00
6241	1506308839	3600		268.82		  85263367		423.00
6241	1506312439	3600		268.61		  78319838		423.50
6241	1506316039	3600		268.51		  74949492		422.50
6241	1506319639	3600		268.33		  69050721		420.50
6241	1506323239	3600		268.21		  64858745		420.00
6241	1506326839	3600		268.07		  60360484		419.00
6241	1506330439	3600		267.94		  55931596		418.00
6241	1506334039	3600		267.82		  52075764		418.00
6241	1506337639	3600		267.71		  48746188		417.50
6241	1506341239	3600		267.60		  45262570		416.50
6241	1506343449	2210		267.46		  40579214		414.50
6242	1506344649	1200		266.24		  40579214		-999.00
6243	1506348249	3600		261.82		  40579214		-999.00
6244	1506351849	3600		261.82		  40579214		-999.00
6245	1506355449	3600		261.82		  40579214		-999.00
6246	1506359049	3600		261.82		  40579214		-999.00
6247	1506343449	-15600		262.24		  40579214		-999.00
6243	1506360492	1200		268.98		  94130981		432.50
6243	1506364092	3600		269.14		  99456545		432.50
6243	1506367692	3600		268.95		  93118509		434.00
6243	1506371292	3600		268.79		  87645199		431.50
6243	1506374892	3600		268.61		  81696904		432.00
6243	1506378492	3600		268.47		  76994623		430.50
6243	1506382092	3600		268.32		  72045781		430.00
6243	1506385692	3600		268.16		  66819912		428.50
6243	1506389292	3600		268.05		  63043868		429.00
6243	1506392892	3600		267.96		  60012112		427.00
6243	1506396492	3600		267.80		  54808562		426.00
6243	1506400092	3600		267.68		  50754676		426.50
6243	1506403692	3600		267.60		  47879792		426.00
6243	1506405939	2247		267.47		  43500797		424.50
6244	1506407139	1200		266.15		  43500797		-999.00
6245	1506410739	3600		266.15		  43500797		-999.00
6246	1506414339	3600		266.27		  43500797		-999.00
6247	1506417939	3600		261.76		  43500797		-999.00
6248	1506421539	3600		262.12		  43500797		-999.00
6249	1506405939	-15600		262.16		  43500797		-999.00
6245	1506423986	1200		269.11		  99620691		443.00
6245	1506427586	3600		269.32		 100880693		443.50
6245	1506431186	3600		269.12		  94169468		443.00
6245	1506434786	3600		268.96		  88865453		441.00
6245	1506438386	3600		268.76		  82216001		441.50
6245	1506441986	3600		268.65		  78462664		440.50
6245	1506445586	3600		268.46		  72205957		439.00
6245	1506449186	3600		268.33		  67871922		438.50
6245	1506452786	3600		268.19		  63065381		437.50
6245	1506456386	3600		268.06		  58741107		436.50
6245	1506459986	3600		267.92		  54380806		434.50
6245	1506463586	3600		267.83		  51090072		431.00
6245	1506466944	3358		267.74		  48298426		432.50
6246	1506468144	1200		261.77		  48298426		-999.00
6247	1506471744	3600		262.12		  48298426		-999.00
6248	1506475344	3600		261.77		  48298426		-999.00
6249	1506478944	3600		261.77		  48298426		-999.00
6250	1506482544	3600		261.77		  48298426		-999.00
6251	1506486144	3600		261.77		  48298426		-999.00
6252	1506466944	-19200		262.29		  48298426		-999.00
6247	1506489822	1200		269.26		 104496100		446.50
6247	1506493422	3600		269.42		 104286443		451.00
6247	1506497022	3600		269.18		  96128357		446.00
6247	1506500622	3600		268.99		  89835348		449.00
6247	1506504222	3600		268.79		  83309567		450.00
6247	1506507822	3600		268.65		  78670273		448.00
6247	1506511422	3600		268.42		  71003037		446.00
6247	1506513911	2489		268.27		  66053303		446.00
6248	1506515111	1200		266.12		  66053303		-999.00
6249	1506518711	3600		266.12		  66053303		-999.00
6250	1506522311	3600		266.12		  66053303		-999.00
6251	1506525911	3600		262.12		  66053303		-999.00
6252	1506529511	3600		261.78		  66053303		-999.00
6253	1506533111	3600		261.78		  66053303		-999.00
6254	1506536711	3600		261.78		  66053303		-999.00
6255	1506513911	-22800		262.29		  66053303		-999.00
6252	1506538570	1200		268.44		  77383956		451.00
6252	1506542170	3600		268.87		  91703141		453.50
6252	1506545770	3600		268.71		  86072157		453.00
6252	1506549370	3600		268.56		  81232261		450.50
6252	1506552970	3600		268.39		  75619799		451.50
6252	1506556570	3600		268.31		  72760327		450.50
6252	1506560170	3600		268.14		  67366929		449.50
6252	1506563770	3600		268.01		  62943483		448.00
6252	1506567370	3600		267.89		  58963109		448.50
6252	1506570970	3600		267.81		  56198894		448.00
6252	1506574570	3600		267.68		  51983814		447.00
6252	1506578170	3600		267.60		  49057889		446.00
6252	1506581770	3600		267.52		  46400691		445.00
6252	1506583296	1526		267.34		  40555662		441.50
6253	1506584496	1200		262.12		  40555662		-999.00
6254	1506588096	3600		261.78		  40555662		-999.00
6255	1506591696	3600		261.95		  40555662		-999.00
6256	1506583296	-8400		262.12		  40555662		-999.00
6253	1506595663	1200		269.41		 109459381		462.00
6253	1506599263	3600		269.53		 102227680		466.50
6253	1506602863	3600		269.38		  97332454		463.50
6253	1506606463	3600		269.19		  90886603		464.50
6253	1506610063	3600		268.98		  84036127		462.50
6253	1506613663	3600		268.79		  77519937		461.50
6253	1506617263	3600		268.46		  72855936		461.00
6253	1506620863	3600		268.35		  68968105		460.00
6253	1506624463	3600		268.14		  62138364		457.50
6253	1506628063	3600		268.02		  58138959		457.50
6253	1506631663	3600		267.91		  54449978		457.00
6253	1506635263	3600		267.85		  52330787		456.00
6253	1506638863	3600		267.71		  47828754		455.50
6253	1506642463	3600		267.64		  45468778		453.50
6253	1506643848	1385		267.42		  38186895		453.50
6254	1506645048	1200		266.10		  38186895		-999.00
6255	1506648648	3600		266.10		  38186895		-999.00
6256	1506652248	3600		265.76		  38186895		-999.00
6257	1506643848	-8400		266.28		  38186895		-999.00
6255	1506656806	1200		269.18		 102576273		472.50
6255	1506660406	3600		269.72		 109115250		478.00
6255	1506664006	3600		269.67		 107327004		477.50
6255	1506667606	3600		269.42		  99135644		474.50
6255	1506671206	3600		269.28		  94495383		476.50
6255	1506674806	3600		269.05		  86673168		473.50
6255	1506678406	3600		268.87		  80738894		474.50
6255	1506682006	3600		268.75		  76614361		472.50
6255	1506685606	3600		268.57		  70756655		468.50
6255	1506689206	3600		268.38		  64365819		468.00
6255	1506692806	3600		268.24		  59832685		468.00
6255	1506696406	3600		268.13		  56030379		466.50
6255	1506700006	3600		268.03		  52729049		467.50
6255	1506703606	3600		267.97		  50701438		465.00
6255	1506707206	3600		267.83		  46244263		464.50
6255	1506710806	3600		267.73		  42668319		463.50
6255	1506714406	3600		267.66		  40363724		461.50
6255	1506718006	3600		262.11		  36302019		 13.50
6255	1506718725	719		262.11		  36483171		 13.50
6256	1506719925	1200		262.11		  36483171		-999.00
6257	1506723525	3600		262.11		  36483171		-999.00
6258	1506727125	3600		261.76		  36483171		-999.00
6259	1506730725	3600		261.76		  36483171		-999.00
6260	1506734325	3600		261.76		  36483171		-999.00
6261	1506737925	3600		261.76		  36483171		-999.00
6262	1506741525	3600		262.11		  36483171		-999.00
6263	1506718725	-22800		262.11		  36483171		-999.00
6258	1506744173	1200		262.11		   2136639		 13.00
6258	1506747773	3600		268.32		  73851294		477.00
6258	1506751373	3600		268.79		  89525807		477.50
6258	1506754973	3600		268.64		  84364878		478.50
6258	1506758573	3600		268.46		  78445750		475.50
6258	1506762173	3600		268.33		  73972259		476.50
6258	1506765773	3600		268.20		  69725344		475.00
6258	1506769373	3600		268.04		  64388614		474.00
6258	1506772973	3600		267.92		  60341979		473.00
6258	1506776573	3600		267.82		  57268282		473.00
6258	1506780173	3600		267.73		  54227792		472.50
6258	1506783773	3600		267.62		  50557472		472.00
6258	1506787373	3600		267.54		  47932084		471.00
6258	1506790973	3600		262.11		  43523268		 13.50
6258	1506793166	2193		262.11		  41739343		 13.50
6259	1506794366	1200		262.11		  41739343		-999.00
6260	1506797966	3600		265.76		  41739343		-999.00
6261	1506801566	3600		265.60		  41739343		-999.00
6262	1506793166	-8400		266.11		  41739343		-999.00
6259	1506803444	1200		268.74		  87444718		488.50
6259	1506807044	3600		269.12		  94565568		487.00
6259	1506810644	3600		268.91		  87550252		487.50
6259	1506814244	3600		268.74		  81957471		485.00
6259	1506817844	3600		268.53		  74899753		485.00
6259	1506821444	3600		268.36		  69207876		482.50
6259	1506825044	3600		268.23		  64761672		483.00
6259	1506828644	3600		268.13		  61645028		480.50
6259	1506832244	3600		267.99		  56990195		481.00
6259	1506835844	3600		267.89		  53395321		479.00
6259	1506839444	3600		267.77		  49424066		478.00
6259	1506843044	3600		267.72		  47779155		477.50
6259	1506846644	3600		267.62		  44487600		478.50
6259	1506850244	3600		267.55		  42061720		475.50
6259	1506853844	3600		267.44		  38622266		475.00
6259	1506856365	2521		267.31		  34278746		474.50
6260	1506857565	1200		266.10		  34278746		-999.00
6261	1506861165	3600		262.11		  34278746		-999.00
6262	1506864765	3600		266.11		  34278746		-999.00
6263	1506868365	3600		261.77		  34278746		-999.00
6264	1506871965	3600		261.77		  34278746		-999.00
6265	1506856365	-15600		262.28		  34278746		-999.00
6261	1506873937	1200		268.96		  95031007		489.50
6261	1506877537	3600		269.47		 106107285		502.00
6261	1506881137	3600		269.38		  97427187		499.00
6261	1506884455	3318		269.18		  90814306		496.50
6262	1506885655	1200		266.28		  90814306		-999.00
6263	1506889255	3600		262.11		  90814306		-999.00
6264	1506892855	3600		262.11		  90814306		-999.00
6265	1506884455	-8400		262.45		  90814306		-999.00
6262	1506895215	1200		269.03		  97277409		502.00
6262	1506898815	3600		269.80		 105628464		498.50
6262	1506902415	3600		269.53		  96543987		498.50
6262	1506906015	3600		269.32		  89743923		498.50
6262	1506906984	969		269.23		  86508467		498.50
6263	1506908184	1200		266.29		  86508467		-999.00
6264	1506911784	3600		262.11		  86508467		-999.00
6265	1506906984	-4800		262.63		  86508467		-999.00
6263	1506916355	1200		269.19		 102402761		507.50
6263	1506919955	3600		269.69		 107657265		507.00
6263	1506923555	3600		269.43		  99084011		507.00
6263	1506925167	1612		269.30		  94684985		505.00
6264	1506926367	1200		266.29		  94684985		-999.00
6265	1506929967	3600		266.29		  94684985		-999.00
6266	1506933567	3600		261.95		  94684985		-999.00
6267	1506937167	3600		261.78		  94684985		-999.00
6268	1506940767	3600		261.78		  94684985		-999.00
6269	1506944367	3600		262.12		  94684985		-999.00
6270	1506947967	3600		266.12		  94684985		-999.00
6271	1506951567	3600		266.12		  94684985		-999.00
6272	1506955167	3600		262.12		  94684985		-999.00
6273	1506925167	-30000		262.46		  94684985		-999.00
6266	1506959949	1200		269.16		 101475345		501.50
6266	1506963549	3600		269.54		 102763229		505.00
6266	1506967149	3600		269.23		  92193633		501.00
6266	1506970749	3600		269.00		  84555525		501.00
6266	1506974349	3600		268.78		  77195836		499.50
6266	1506977949	3600		268.61		  71692566		497.50
6266	1506981549	3600		268.41		  64998432		496.00
6266	1506985149	3600		268.32		  62009026		496.50
6266	1506988749	3600		268.18		  57403765		494.50
6266	1506992349	3600		268.07		  53603978		493.00
6266	1506995949	3600		267.95		  49638239		493.00
6266	1506999549	3600		267.88		  47348764		492.00
6266	1507001729	2180		267.81		  45097304		492.00
6267	1507002929	1200		266.46		  45097304		-999.00
6268	1507006529	3600		266.46		  45097304		-999.00
6269	1507010129	3600		266.46		  45097304		-999.00
6270	1507013729	3600		266.11		  45097304		-999.00
6271	1507017329	3600		262.12		  45097304		-999.00
6272	1507020929	3600		262.12		  45097304		-999.00
6273	1507001729	-19200		262.46		  45097304		-999.00
6268	1507025299	1200		269.30		 105959961		510.50
6268	1507028899	3600		269.72		 108441846		516.50
6268	1507032499	3600		269.43		  98832302		515.00
6268	1507036099	3600		269.28		  93985260		511.00
6268	1507039699	3600		269.09		  87395062		511.50
6268	1507043299	3600		268.85		  79392725		509.00
6268	1507046899	3600		268.66		  73059129		507.00
6268	1507050499	3600		268.54		  69199754		505.00
6268	1507054099	3600		268.36		  63296378		504.50
6268	1507057699	3600		268.22		  58713866		501.50
6268	1507061211	3512		267.99		  50991757		499.50
6269	1507062411	1200		262.11		  50991757		-999.00
6270	1507066011	3600		266.11		  50991757		-999.00
6271	1507069611	3600		266.28		  50991757		-999.00
6272	1507073211	3600		262.11		  50991757		-999.00
6273	1507076811	3600		261.77		  50991757		-999.00
6274	1507061211	-15600		262.46		  50991757		-999.00
6269	1507081001	1200		269.63		 111923951		515.50
6269	1507084601	3600		269.74		 109823657		524.50
6269	1507084876	275		269.88		 114435944		524.50
6270	1507086076	1200		266.28		 114435944		-999.00
6271	1507089676	3600		266.45		 114435944		-999.00
6272	1507093276	3600		266.45		 114435944		-999.00
6273	1507096876	3600		261.92		 114435944		-999.00
6274	1507100476	3600		261.58		 114435944		-999.00
6275	1507084876	-15600		262.45		 114435944		-999.00
6271	1507102752	1200		269.67		 113658007		520.50
6271	1507106352	3600		269.81		 112463553		527.00
6271	1507109952	3600		269.54		 103493512		524.50
6271	1507113552	3600		269.44		 100120515		521.50
6271	1507117152	3600		269.18		  91312922		520.00
6271	1507120752	3600		268.90		  82147053		518.00
6271	1507124352	3600		268.73		  76198375		518.00
6271	1507127952	3600		268.56		  70790638		515.50
6271	1507131552	3600		268.39		  64948457		512.50
6271	1507135152	3600		268.26		  60588196		513.00
6271	1507138752	3600		268.11		  55775405		510.50
6271	1507142352	3600		268.00		  52075433		507.00
6271	1507144397	2045		267.70		  42140579		503.50
6272	1507145597	1200		261.91		  42140579		-999.00
6273	1507149197	3600		262.08		  42140579		-999.00
6274	1507152797	3600		261.74		  42140579		-999.00
6275	1507156397	3600		262.08		  42140579		-999.00
6276	1507144397	-12000		262.44		  42140579		-999.00
6272	1507158351	1200		270.10		 116549828		523.00
6272	1507161951	3600		270.03		 114343505		532.50
6272	1507165551	3600		269.47		 101498411		535.00
6272	1507169151	3600		269.40		  98969813		530.50
6272	1507172751	3600		269.09		  88729360		528.50
6272	1507176351	3600		268.84		  80447306		526.00
6272	1507179951	3600		268.64		  73787404		528.00
6272	1507183551	3600		268.53		  69953740		523.50
6272	1507187151	3600		268.37		  64568229		523.50
6272	1507190751	3600		268.21		  59230573		520.00
6272	1507194351	3600		268.06		  54441827		517.50
6272	1507197951	3600		267.87		  48149409		511.50
6272	1507200417	2466		267.91		  49232992		512.50
6273	1507201617	1200		262.07		  49232992		-999.00
6274	1507205217	3600		261.73		  49232992		-999.00
6275	1507208817	3600		262.07		  49232992		-999.00
6276	1507212417	3600		261.90		  49232992		-999.00
6277	1507216017	3600		261.90		  49232992		-999.00
6278	1507219617	3600		262.07		  49232992		-999.00
6279	1507200417	-19200		262.43		  49232992		-999.00
6275	1507223530	1200		269.82		 113678278		538.00
6275	1507227130	3600		269.85		 114616479		545.50
6275	1507230730	3600		269.57		 105256849		545.00
6275	1507234330	3600		269.50		 102943070		540.50
6275	1507237930	3600		269.20		  92838404		529.50
6275	1507241530	3600		268.92		  83445757		535.00
6275	1507245130	3600		268.72		  76859691		532.50
6275	1507248730	3600		268.58		  72293252		528.00
6275	1507252330	3600		268.39		  65789791		527.50
6275	1507255930	3600		268.24		  60907514		527.00
6275	1507259530	3600		268.09		  55982478		526.00
6275	1507263130	3600		267.97		  52000857		523.00
6275	1507266730	3600		267.83		  47293599		522.50
6275	1507268645	1915		267.64		  40936843		520.50
6276	1507269845	1200		262.06		  40936843		-999.00
6277	1507273445	3600		266.06		  40936843		-999.00
6278	1507277045	3600		262.38		  40936843		-999.00
6279	1507280645	3600		261.87		  40936843		-999.00
6280	1507284245	3600		262.05		  40936843		-999.00
6281	1507268645	-15600		262.41		  40936843		-999.00
6276	1507286966	1200		270.01		 114793527		538.00
6276	1507290566	3600		269.62		 107469642		552.00
6276	1507294166	3600		269.56		 105575238		549.50
6276	1507297766	3600		269.28		  96256332		544.00
6276	1507301366	3600		269.03		  87754211		543.50
6276	1507304419	3053		268.81		  80467801		542.50
6277	1507305619	1200		266.40		  80467801		-999.00
6278	1507309219	3600		266.40		  80467801		-999.00
6279	1507312819	3600		266.40		  80467801		-999.00
6280	1507316419	3600		261.89		  80467801		-999.00
6281	1507320019	3600		261.89		  80467801		-999.00
6282	1507304419	-15600		262.40		  80467801		-999.00
6278	1507322050	1200		269.87		 115775021		552.50
6278	1507325650	3600		269.62		 107471760		556.50
6278	1507329250	3600		269.71		 104834873		554.00
6278	1507332850	3600		269.45		  96274938		550.00
6278	1507336450	3600		269.16		  86434180		547.00
6278	1507340050	3600		268.95		  79323764		544.50
6278	1507343112	3062		268.75		  72939361		545.00
6279	1507344312	1200		266.40		  72939361		-999.00
6280	1507347912	3600		261.89		  72939361		-999.00
6281	1507351512	3600		261.89		  72939361		-999.00
6282	1507343112	-8400		262.57		  72939361		-999.00
6279	1507355687	1200		269.81		 114117934		556.00
6279	1507359287	3600		269.80		 113763054		561.50
6279	1507362887	3600		269.55		 105388273		562.00
6279	1507365727	2840		269.75		 106000221		544.50
6280	1507366927	1200		262.20		 106000221		-999.00
6281	1507370527	3600		266.37		 106000221		-999.00
6282	1507374127	3600		266.03		 106000221		-999.00
6283	1507377727	3600		266.20		 106000221		-999.00
6284	1507381327	3600		266.37		 106000221		-999.00
6285	1507384927	3600		266.37		 106000221		-999.00
6286	1507388527	3600		266.37		 106000221		-999.00
6287	1507392127	3600		266.37		 106000221		-999.00
6288	1507395727	3600		266.37		 106000221		-999.00
6289	1507399327	3600		266.37		 106000221		-999.00
6290	1507402927	3600		266.37		 106000221		-999.00
6291	1507406527	3600		266.37		 106000221		-999.00
6292	1507410127	3600		266.37		 106000221		-999.00
6293	1507413727	3600		261.86		 106000221		-999.00
6294	1507417327	3600		262.03		 106000221		-999.00
6295	1507365727	-51600		262.57		 106000221		-999.00
6283	1507419857	1200		269.73		 111927349		555.00
6283	1507423457	3600		269.76		 112798769		561.00
6283	1507427057	3600		269.67		 104206805		561.50
6283	1507430657	3600		269.61		 102275167		555.50
6283	1507434257	3600		269.32		  92451944		544.50
6283	1507437857	3600		269.05		  83651445		548.00
6283	1507441457	3600		268.86		  77306378		547.50
6283	1507445057	3600		268.73		  72750887		548.00
6283	1507448657	3600		268.56		  67260895		545.00
6283	1507452257	3600		268.38		  61194705		544.00
6283	1507455857	3600		268.25		  56890526		542.00
6283	1507459457	3600		268.10		  51927588		541.00
6283	1507462000	2543		267.75		  45809660		536.00
6284	1507463200	1200		262.03		  45809660		-999.00
6285	1507466800	3600		262.03		  45809660		-999.00
6286	1507470400	3600		262.01		  45809660		-999.00
6287	1507462000	-8400		262.37		  45809660		-999.00
6284	1507471720	1200		269.76		 113796851		566.00
6284	1507475320	3600		269.69		 111482527		535.00
6284	1507478920	3600		269.52		 105583463		568.00
6284	1507482520	3600		269.40		 101521717		563.00
6284	1507486120	3600		269.11		  92016984		560.00
6284	1507489720	3600		268.86		  83582484		559.50
6284	1507493320	3600		268.67		  77215167		558.00
6284	1507494556	1236		268.60		  74945721		559.50
6285	1507495756	1200		266.35		  74945721		-999.00
6286	1507499356	3600		261.83		  74945721		-999.00
6287	1507494556	-4800		262.35		  74945721		-999.00
6285	1507503721	1200		269.75		 113572450		569.00
6285	1507507321	3600		269.72		 112821356		573.50
6285	1507510921	3600		269.53		 106488102		575.50
6285	1507514521	3600		269.42		 102698380		569.50
6285	1507518121	3600		269.10		  92132614		568.00
6285	1507521721	3600		268.87		  84292714		566.00
6285	1507525321	3600		268.65		  77091021		564.50
6285	1507528921	3600		268.53		  73092692		562.00
6285	1507530896	1975		268.40		  68713992		561.00
6286	1507532096	1200		262.17		  68713992		-999.00
6287	1507535696	3600		266.34		  68713992		-999.00
6288	1507539296	3600		266.34		  68713992		-999.00
6289	1507542896	3600		266.34		  68713992		-999.00
6290	1507546496	3600		266.34		  68713992		-999.00
6291	1507550096	3600		266.34		  68713992		-999.00
6292	1507553696	3600		266.34		  68713992		-999.00
6293	1507557296	3600		266.34		  68713992		-999.00
6294	1507560896	3600		266.34		  68713992		-999.00
6295	1507564496	3600		262.00		  68713992		-999.00
6296	1507568096	3600		262.00		  68713992		-999.00
6297	1507530896	-37200		262.34		  68713992		-999.00
6287	1507572726	1200		269.65		 110430787		577.50
6287	1507576326	3600		269.91		 113182442		581.00
6287	1507579926	3600		269.71		 106594151		575.00
6287	1507583526	3600		269.79		 108951834		581.00
6287	1507587126	3600		269.47		  98401285		578.00
6287	1507590726	3600		269.17		  88471424		576.50
6287	1507594326	3600		268.98		  82116673		571.50
6287	1507597926	3600		268.81		  76549297		571.00
6287	1507601526	3600		268.64		  70751060		570.00
6287	1507605126	3600		268.47		  64951027		567.00
6287	1507608726	3600		268.30		  59402971		563.00
6287	1507612326	3600		268.17		  55090667		563.50
6287	1507615926	3600		268.06		  51366568		565.00
6287	1507619526	3600		267.91		  46569056		555.50
6287	1507619736	210		267.97		  48456853		556.00
6288	1507620936	1200		266.33		  48456853		-999.00
6289	1507624536	3600		261.99		  48456853		-999.00
6290	1507628136	3600		262.16		  48456853		-999.00
6291	1507619736	-8400		262.52		  48456853		-999.00
6288	1507631237	1200		269.67		 111128860		559.00
6288	1507634837	3600		269.90		 113019889		593.50
6288	1507638437	3600		269.52		 106090833		587.00
6288	1507642037	3600		269.71		 106700729		586.50
6288	1507645637	3600		269.39		  96095469		584.50
6288	1507649237	3600		269.11		  86710448		581.50
6288	1507652837	3600		268.91		  79940453		579.00
6288	1507656437	3600		268.75		  74770282		577.00
6288	1507660037	3600		268.60		  69523910		575.00
6288	1507663637	3600		268.40		  62843615		572.00
6288	1507667237	3600		268.22		  56918530		570.50
6288	1507670837	3600		268.11		  53308361		569.50
6288	1507673622	2785		267.75		  47068806		563.00
6289	1507674822	1200		261.63		  47068806		-999.00
6290	1507678422	3600		261.97		  47068806		-999.00
6291	1507682022	3600		261.80		  47068806		-999.00
6292	1507685622	3600		261.80		  47068806		-999.00
6293	1507689222	3600		262.14		  47068806		-999.00
6294	1507692822	3600		261.96		  47068806		-999.00
6295	1507696422	3600		261.96		  47068806		-999.00
6296	1507673622	-22800		262.34		  47068806		-999.00
6291	1507699392	1200		269.74		 114528332		589.00
6291	1507702992	3600		269.69		 113147991		599.50
6291	1507706592	3600		269.68		 106716534		600.50
6291	1507710192	3600		269.62		 104929821		592.50
6291	1507713792	3600		269.28		  93543389		589.00
6291	1507717392	3600		269.06		  85982683		587.00
6291	1507720992	3600		268.82		  78264584		585.50
6291	1507724592	3600		268.70		  74101287		582.00
6291	1507728192	3600		268.50		  67440335		580.50
6291	1507731792	3600		268.35		  62342000		581.00
6291	1507735392	3600		268.23		  58453047		576.50
6291	1507738992	3600		268.08		  53289542		577.00
6291	1507742592	3600		267.98		  50001688		575.00
6291	1507746192	3600		267.89		  47165200		574.50
6291	1507749792	3600		267.80		  44071394		573.00
6291	1507753392	3600		267.69		  40548326		570.50
6291	1507756992	3600		267.59		  37248325		570.50
6291	1507760592	3600		267.54		  35300592		569.50
6291	1507764192	3600		267.46		  32844785		568.50
6291	1507766508	2316		267.34		  28930718		565.50
6292	1507767708	1200		265.96		  28930718		-999.00
6293	1507771308	3600		265.96		  28930718		-999.00
6294	1507774908	3600		265.96		  28930718		-999.00
6295	1507778508	3600		265.96		  28930718		-999.00
6296	1507782108	3600		265.96		  28930718		-999.00
6297	1507785708	3600		265.24		  28930718		-999.00
6298	1507789308	3600		266.13		  28930718		-999.00
6299	1507792908	3600		260.87		  28930718		-999.00
6300	1507796508	3600		260.18		  28930718		-999.00
6301	1507800108	3600		260.01		  28930718		-999.00
6302	1507803708	3600		260.01		  28930718		-999.00
6303	1507807308	3600		260.01		  28930718		-999.00
6304	1507810908	3600		260.01		  28930718		-999.00
6305	1507814508	3600		260.01		  28930718		-999.00
6306	1507818108	3600		260.01		  28930718		-999.00
6307	1507821708	3600		265.60		  28930718		-999.00
6308	1507825308	3600		266.29		  28930718		-999.00
6309	1507828908	3600		265.77		  28930718		-999.00
6310	1507766508	-62400		266.48		  28930718		-999.00
6295	1507833686	1200		266.12		         0		570.00
6295	1507837286	3600		266.29		         2		574.00
6295	1507840886	3600		266.29		         2		576.00
6295	1507844486	3600		266.29		         2		577.00
6295	1507848086	3600		266.29		         0		578.00
6295	1507851686	3600		266.29		         0		577.50
6295	1507855286	3600		256.32		         0		 13.00
6295	1507855861	575		256.32		         0		 13.00
6296	1507857061	1200		255.96		         0		-999.00
6297	1507860661	3600		255.96		         0		-999.00
6298	1507864261	3600		255.96		         0		-999.00
6299	1507867861	3600		255.96		         0		-999.00
6300	1507871461	3600		255.96		         0		-999.00
6301	1507875061	3600		255.96		         0		-999.00
6302	1507878661	3600		255.96		         0		-999.00
6303	1507882261	3600		255.79		         0		-999.00
6304	1507885861	3600		255.79		         0		-999.00
6305	1507889461	3600		255.79		         0		-999.00
6306	1507893061	3600		255.79		         0		-999.00
6307	1507896661	3600		255.79		         0		-999.00
6308	1507900261	3600		255.79		         0		-999.00
6309	1507903861	3600		256.13		         0		-999.00
6310	1507907461	3600		260.30		         0		-999.00
6311	1507911061	3600		265.68		         0		-999.00
6312	1507914661	3600		266.21		         0		-999.00
6313	1507855861	-58800		260.14		         0		-999.00
6297	1507918159	1200		269.68		 110036299		593.50
6297	1507921759	3600		269.81		 114076278		594.50
6297	1507925359	3600		269.59		 107015106		602.00
6297	1507928959	3600		269.51		 104248460		573.50
6297	1507932559	3600		269.22		  94680751		591.50
6297	1507936159	3600		268.96		  85980354		588.50
6297	1507939759	3600		268.75		  78941539		590.50
6297	1507943359	3600		268.69		  77043784		588.50
6297	1507946959	3600		268.49		  70387057		586.50
6297	1507950559	3600		268.34		  65216067		584.00
6297	1507954159	3600		268.18		  59953047		582.50
6297	1507957759	3600		268.05		  55633680		580.50
6297	1507961359	3600		267.91		  50727727		581.00
6297	1507964959	3600		267.78		  46606975		564.50
6297	1507965973	1014		262.38		  43310126		 13.50
6298	1507967173	1200		262.01		  43310126		-999.00
6299	1507970773	3600		261.84		  43310126		-999.00
6300	1507965973	-4800		262.38		  43310126		-999.00
6298	1507975427	1200		269.75		 113499247		606.00
6298	1507979027	3600		269.72		 112261539		610.00
6298	1507982627	3600		269.71		 111933807		611.50
6298	1507986227	3600		269.53		 105955717		604.50
6298	1507989827	3600		269.58		 107630750		605.50
6298	1507993427	3600		269.20		  94886292		606.00
6298	1507997027	3600		268.97		  87362731		603.00
6298	1508000627	3600		268.77		  80577003		599.00
6298	1508004227	3600		268.57		  73858895		597.50
6298	1508007827	3600		268.37		  67316019		596.00
6298	1508011427	3600		268.23		  62615291		595.00
6298	1508015027	3600		268.07		  57466133		593.50
6298	1508018627	3600		267.96		  53523469		592.00
6298	1508022227	3600		267.85		  49846263		589.00
6298	1508025827	3600		267.72		  45532995		588.50
6298	1508029427	3600		267.63		  42607596		586.50
6298	1508033027	3600		267.54		  39567050		586.50
6298	1508035883	2856		267.42		  35631569		581.00
6299	1508037083	1200		262.01		  35631569		-999.00
6300	1508040683	3600		261.84		  35631569		-999.00
6301	1508044283	3600		261.84		  35631569		-999.00
6302	1508047883	3600		261.84		  35631569		-999.00
6303	1508035883	-12000		262.35		  35631569		-999.00
6300	1508052242	1200		269.76		 113766948		619.00
6300	1508055842	3600		269.74		 112909086		620.50
6300	1508059442	3600		269.74		 112969383		621.50
6300	1508063042	3600		269.55		 106832683		627.50
6300	1508066642	3600		269.59		 108102575		620.50
6300	1508070242	3600		269.24		  96401696		616.00
6300	1508073842	3600		269.01		  88677961		615.50
6300	1508075760	1918		268.88		  84413329		611.00
6301	1508076960	1200		266.35		  84413329		-999.00
6302	1508080560	3600		266.35		  84413329		-999.00
6303	1508084160	3600		266.35		  84413329		-999.00
6304	1508087760	3600		262.18		  84413329		-999.00
6305	1508091360	3600		261.84		  84413329		-999.00
6306	1508094960	3600		261.84		  84413329		-999.00
6307	1508098560	3600		261.84		  84413329		-999.00
6308	1508075760	-22800		262.35		  84413329		-999.00
6303	1508102748	1200		269.77		 113944352		618.00
6303	1508106348	3600		269.71		 111960511		624.50
6303	1508109948	3600		269.72		 112220552		625.50
6303	1508113548	3600		269.55		 106677079		630.00
6303	1508117148	3600		269.55		 106672765		624.50
6303	1508120748	3600		269.21		  95272587		620.50
6303	1508124348	3600		268.94		  86408288		618.00
6303	1508127948	3600		268.78		  81086211		616.50
6303	1508131548	3600		268.58		  74302787		615.00
6303	1508135148	3600		268.41		  68656513		612.50
6303	1508138748	3600		268.25		  63336776		612.00
6303	1508142348	3600		268.11		  58642874		609.50
6303	1508145948	3600		267.99		  54502900		608.50
6303	1508149548	3600		267.81		  48759887		606.00
6303	1508150038	490		267.97		  53887516		607.00
6304	1508151238	1200		262.00		  53887516		-999.00
6305	1508154838	3600		262.00		  53887516		-999.00
6306	1508158438	3600		262.00		  53887516		-999.00
6307	1508162038	3600		261.83		  53887516		-999.00
6308	1508165638	3600		262.17		  53887516		-999.00
6309	1508150038	-15600		262.35		  53887516		-999.00
6304	1508168326	1200		269.62		 109452078		631.00
6304	1508171926	3600		269.85		 116866738		634.50
6304	1508175526	3600		269.71		 112498862		635.50
6304	1508179126	3600		269.56		 107341298		631.50
6304	1508182726	3600		269.48		 104763712		632.00
6304	1508186326	3600		269.16		  93897738		629.00
6304	1508189926	3600		268.95		  86929395		626.50
6304	1508193526	3600		268.73		  79685890		624.50
6304	1508197126	3600		268.55		  73530781		622.50
6304	1508200726	3600		268.35		  67012823		620.00
6304	1508204326	3600		268.20		  61997662		619.50
6304	1508207926	3600		268.06		  57309654		616.00
6304	1508211515	3589		267.89		  51702122		610.50
6305	1508212715	1200		266.17		  51702122		-999.00
6306	1508216315	3600		262.00		  51702122		-999.00
6307	1508219915	3600		261.83		  51702122		-999.00
6308	1508211515	-8400		262.34		  51702122		-999.00
6305	1508222237	1200		269.74		 113408988		636.50
6305	1508225837	3600		269.74		 113210670		645.00
6305	1508229437	3600		269.74		 113428115		646.00
6305	1508233037	3600		269.52		 106068272		636.50
6305	1508236637	3600		269.61		 108849165		619.00
6305	1508240237	3600		269.28		  97919474		637.50
6305	1508243837	3600		269.04		  89969526		640.00
6305	1508247437	3600		268.86		  84082710		635.00
6305	1508251037	3600		268.63		  76397752		632.00
6305	1508254637	3600		268.42		  69390535		631.50
6305	1508258237	3600		268.27		  64224091		628.50
6305	1508261837	3600		268.11		  59037377		628.00
6305	1508265437	3600		268.00		  55181183		626.50
6305	1508268001	2564		267.79		  48401274		618.00
6306	1508269201	1200		261.83		  48401274		-999.00
6307	1508272801	3600		261.83		  48401274		-999.00
6308	1508268001	-4800		262.34		  48401274		-999.00
6306	1508277190	1200		269.79		 114913397		653.50
6306	1508280790	3600		269.75		 113563480		655.00
6306	1508284390	3600		269.74		 113315791		654.50
6306	1508287990	3600		269.55		 107008990		637.00
6306	1508291590	3600		269.64		 110009421		655.00
6306	1508295190	3600		269.33		  99617720		652.50
6306	1508298790	3600		269.05		  90485250		649.50
6306	1508302390	3600		268.87		  84415656		646.50
6306	1508305990	3600		268.63		  76315977		643.00
6306	1508308822	2832		268.48		  71211000		641.50
6307	1508310022	1200		266.34		  71211000		-999.00
6308	1508313622	3600		261.82		  71211000		-999.00
6309	1508308822	-4800		262.34		  71211000		-999.00
6307	1508318336	1200		269.77		 114658778		635.50
6307	1508321936	3600		269.75		 113835280		653.00
6307	1508325536	3600		269.73		 113314253		664.50
6307	1508329136	3600		269.72		 112878548		664.50
6307	1508332736	3600		269.55		 107387682		664.00
6307	1508336336	3600		269.37		 101427091		660.50
6307	1508339936	3600		269.10		  92217686		657.50
6307	1508343536	3600		268.90		  85650743		655.50
6307	1508346486	2950		268.73		  80031291		652.00
6308	1508347686	1200		261.82		  80031291		-999.00
6309	1508351286	3600		261.82		  80031291		-999.00
6310	1508354886	3600		261.82		  80031291		-999.00
6311	1508358486	3600		262.33		  80031291		-999.00
6312	1508362086	3600		261.82		  80031291		-999.00
6313	1508346486	-15600		262.33		  80031291		-999.00
6308	1508365058	1200		269.78		 114942250		657.50
6308	1508368658	3600		269.73		 113389825		670.50
6308	1508372258	3600		269.73		 113455383		670.00
6308	1508375858	3600		269.54		 107159972		657.00
6308	1508379458	3600		269.67		 111347069		669.50
6308	1508383058	3600		269.30		  99117440		665.00
6308	1508386658	3600		269.01		  89480911		660.00
6308	1508390258	3600		268.86		  84355849		660.00
6308	1508393858	3600		268.62		  76380837		658.00
6308	1508397458	3600		268.45		  70708462		652.50
6308	1508401058	3600		268.26		  64262711		652.50
6308	1508404658	3600		268.13		  60039819		650.00
6308	1508408258	3600		267.95		  53872533		648.00
6308	1508409840	1582		267.73		  46527550		642.00
6309	1508411040	1200		261.98		  46527550		-999.00
6310	1508414640	3600		261.98		  46527550		-999.00
6311	1508418240	3600		261.81		  46527550		-999.00
6312	1508409840	-8400		262.33		  46527550		-999.00
6309	1508420823	1200		269.78		 115194332		669.00
6309	1508422917	2094		269.72		 113239792		679.50
6310	1508424117	1200		262.32		 113239792		-999.00
6311	1508427717	3600		262.32		 113239792		-999.00
6312	1508431317	3600		262.15		 113239792		-999.00
6313	1508434917	3600		261.81		 113239792		-999.00
6314	1508422917	-12000		262.32		 113239792		-999.00
6311	1508438805	1200		269.77		 115054614		669.50
6311	1508442405	3600		269.71		 112981835		680.00
6311	1508446005	3600		269.73		 113712085		681.50
6311	1508449605	3600		269.53		 107098844		677.00
6311	1508453205	3600		269.80		 110589448		678.50
6311	1508456805	3600		269.46		  99218663		674.50
6311	1508460405	3600		269.19		  90130876		676.00
6311	1508464005	3600		269.01		  83948574		671.00
6311	1508467605	3600		268.77		  76097285		668.00
6311	1508471205	3600		268.58		  69918827		669.00
6311	1508474805	3600		268.44		  65275124		668.50
6311	1508478405	3600		268.28		  59815703		665.00
6311	1508482005	3600		267.91		  53265289		651.00
6311	1508484113	2108		262.32		  52720447		 13.50
6312	1508485313	1200		261.98		  52720447		-999.00
6313	1508488913	3600		261.78		  52720447		-999.00
6314	1508492513	3600		261.84		  52720447		-999.00
6315	1508484113	-8400		262.32		  52720447		-999.00
6312	1508495418	1200		269.76		 113643787		683.50
6312	1508499018	3600		269.71		 111950875		685.50
6312	1508502618	3600		269.71		 112108065		689.50
6312	1508506218	3600		269.84		 107078417		694.50
6312	1508509818	3600		269.81		 106210303		686.00
6312	1508513418	3600		269.51		  96149144		678.50
6312	1508517018	3600		269.27		  88268125		682.00
6312	1508520618	3600		269.06		  81172105		678.00
6312	1508524218	3600		268.85		  74223282		675.50
6312	1508527818	3600		268.63		  66825294		673.50
6312	1508531418	3600		268.46		  61316853		669.00
6312	1508535018	3600		262.62		  54573700		 13.50
6312	1508535189	171		262.62		  49793181		 13.50
6313	1508536389	1200		266.11		  49793181		-999.00
6314	1508539989	3600		261.77		  49793181		-999.00
6315	1508543589	3600		261.94		  49793181		-999.00
6316	1508535189	-8400		262.62		  49793181		-999.00
6313	1508545207	1200		269.83		 112418065		692.50
6313	1508548713	3506		270.04		 113952588		662.50
6314	1508549913	1200		266.45		 113952588		-999.00
6315	1508553513	3600		261.75		 113952588		-999.00
6316	1508557113	3600		262.09		 113952588		-999.00
6317	1508548713	-8400		262.62		 113952588		-999.00
6314	1508558535	1200		269.94		 111226555		692.50
6314	1508562135	3600		270.00		 113193857		697.00
6314	1508565735	3600		269.97		 112323711		698.00
6314	1508569335	3600		269.77		 105817785		680.00
6314	1508572935	3600		269.74		 104688279		692.50
6314	1508576535	3600		269.45		  94886883		690.50
6314	1508580135	3600		269.21		  86997369		692.00
6314	1508583735	3600		269.03		  81122704		688.00
6314	1508587335	3600		268.91		  76953181		686.50
6314	1508590935	3600		268.69		  69559334		680.00
6314	1508594535	3600		268.49		  63089596		681.50
6314	1508598135	3600		268.34		  58078744		677.00
6314	1508601735	3600		268.23		  54227613		676.00
6314	1508605335	3600		268.05		  48308624		676.50
6314	1508608935	3600		262.60		  46857378		 13.50
6314	1508612535	3600		261.89		   6547933		 12.50
6314	1508615073	2538		261.89		         0		 12.50
6315	1508616273	1200		261.73		         0		-999.00
6316	1508619873	3600		262.07		         0		-999.00
6317	1508623473	3600		262.07		         0		-999.00
6318	1508615073	-8400		261.89		         0		-999.00
6315	1508625002	1200		269.79		 112335951		700.50
6315	1508628602	3600		270.00		 113815801		706.50
6315	1508632202	3600		269.98		 112917402		707.50
6315	1508635802	3600		269.87		 109389473		665.00
6315	1508639402	3600		269.88		 109685402		708.00
6315	1508643002	3600		269.57		  99299091		704.00
6315	1508646602	3600		269.31		  90568266		703.00
6315	1508650202	3600		269.07		  82572577		698.50
6315	1508653802	3600		268.87		  76023981		696.00
6315	1508657402	3600		268.68		  69579028		694.00
6315	1508661002	3600		268.53		  64586848		692.50
6315	1508662786	1784		268.43		  61398378		692.00
6316	1508663986	1200		266.59		  61398378		-999.00
6317	1508667586	3600		266.58		  61398378		-999.00
6318	1508671186	3600		266.07		  61398378		-999.00
6319	1508674786	3600		262.04		  61398378		-999.00
6320	1508678386	3600		262.04		  61398378		-999.00
6321	1508681986	3600		266.56		  61398378		-999.00
6322	1508685586	3600		262.03		  61398378		-999.00
6323	1508662786	-22800		262.59		  61398378		-999.00
6317	1508690090	1200		269.92		 112671096		703.00
6317	1508693690	3600		269.97		 114313482		715.50
6317	1508697290	3600		269.94		 113056009		717.50
6317	1508700890	3600		269.74		 106583725		714.50
6317	1508704490	3600		269.79		 108109004		715.50
6317	1508708090	3600		269.44		  96508886		709.00
6317	1508711690	3600		269.18		  87899580		708.00
6317	1508715290	3600		268.94		  79780845		705.50
6317	1508718890	3600		268.80		  75151118		702.50
6317	1508722490	3600		268.63		  69394887		701.00
6317	1508726090	3600		268.40		  61857826		697.50
6317	1508729690	3600		268.19		  54991265		696.00
6317	1508733290	3600		268.14		  53105662		694.50
6317	1508736021	2731		268.06		  50598624		693.00
6318	1508737221	1200		262.03		  50598624		-999.00
6319	1508740821	3600		262.03		  50598624		-999.00
6320	1508744421	3600		262.03		  50598624		-999.00
6321	1508748021	3600		262.20		  50598624		-999.00
6322	1508736021	-12000		262.54		  50598624		-999.00
6318	1508749759	1200		269.98		 114418119		707.00
6318	1508753359	3600		269.92		 112625338		723.50
6318	1508756959	3600		269.87		 110975726		680.00
6318	1508757812	853		268.60		  68590970		708.50
6319	1508759012	1200		262.19		  68590970		-999.00
6320	1508762612	3600		262.36		  68590970		-999.00
6321	1508766212	3600		262.36		  68590970		-999.00
6322	1508769812	3600		262.01		  68590970		-999.00
6323	1508773412	3600		262.01		  68590970		-999.00
6324	1508777012	3600		262.01		  68590970		-999.00
6325	1508780612	3600		262.01		  68590970		-999.00
6326	1508784212	3600		262.01		  68590970		-999.00
6327	1508787812	3600		262.01		  68590970		-999.00
6328	1508791412	3600		262.01		  68590970		-999.00
6329	1508757812	-33600		262.54		  68590970		-999.00
6323	1508796103	1200		269.85		 110999218		707.50
6323	1508799703	3600		269.82		 110214254		725.00
6323	1508803303	3600		269.81		 109823358		727.00
6323	1508806903	3600		269.63		 103641235		718.00
6323	1508810503	3600		269.75		 107710761		719.00
6323	1508814103	3600		269.40		  96160493		721.00
6323	1508817703	3600		269.17		  88506193		718.00
6323	1508821303	3600		268.98		  82145237		712.50
6323	1508824903	3600		268.77		  75249884		710.50
6323	1508828503	3600		268.57		  68548888		709.00
6323	1508832103	3600		268.41		  63226788		708.00
6323	1508835703	3600		268.29		  58974133		706.00
6323	1508839303	3600		268.06		  51537793		693.50
6323	1508839887	584		268.05		  51112389		695.00
6324	1508841087	1200		262.00		  51112389		-999.00
6325	1508844687	3600		262.00		  51112389		-999.00
6326	1508848287	3600		262.00		  51112389		-999.00
6327	1508851887	3600		262.00		  51112389		-999.00
6328	1508855487	3600		262.00		  51112389		-999.00
6329	1508859087	3600		262.00		  51112389		-999.00
6330	1508839887	-19200		262.52		  51112389		-999.00
6324	1508861149	1200		269.77		 108539585		722.50
6324	1508864749	3600		269.92		 113772045		729.00
6324	1508868349	3600		269.92		 113502696		729.00
6324	1508871949	3600		269.69		 105862834		725.00
6324	1508875549	3600		269.83		 110688202		727.50
6324	1508879149	3600		269.46		  98364840		723.50
6324	1508882749	3600		269.19		  89494908		720.50
6324	1508886349	3600		269.03		  83963995		719.00
6324	1508889949	3600		268.79		  76134698		716.00
6324	1508893549	3600		268.62		  70441793		714.00
6324	1508897149	3600		268.46		  64903378		710.50
6324	1508900749	3600		268.26		  58458133		709.50
6324	1508904349	3600		268.13		  54004670		708.50
6324	1508907949	3600		268.01		  50070820		705.00
6324	1508911549	3600		267.92		  46928594		705.00
6324	1508915149	3600		267.82		  43727305		704.50
6324	1508918170	3021		267.71		  40078301		701.50
6325	1508919370	1200		262.00		  40078301		-999.00
6326	1508922970	3600		262.00		  40078301		-999.00
6327	1508926570	3600		262.00		  40078301		-999.00
6328	1508930170	3600		262.00		  40078301		-999.00
6329	1508918170	-12000		262.51		  40078301		-999.00
6325	1508932018	1200		269.95		 114725190		736.00
6325	1508935618	3600		269.90		 113160961		740.50
6325	1508939218	3600		269.90		 113046744		742.50
6325	1508942818	3600		269.65		 104669525		741.00
6325	1508946418	3600		269.58		 102441623		736.00
6325	1508950018	3600		269.31		  93332673		732.50
6325	1508953618	3600		269.06		  84902921		731.50
6325	1508957218	3600		268.89		  79485754		728.00
6325	1508960818	3600		268.68		  72374475		723.50
6325	1508964418	3600		268.51		  66814463		723.00
6325	1508968018	3600		268.34		  61155284		721.50
6325	1508971618	3600		268.21		  56800244		719.50
6325	1508975218	3600		268.10		  52967145		716.50
6325	1508978818	3600		267.97		  48684102		716.50
6325	1508982418	3600		267.89		  45937567		713.00
6325	1508985380	2962		267.74		  40844942		709.00
6326	1508986580	1200		261.99		  40844942		-999.00
6327	1508990180	3600		266.50		  40844942		-999.00
6328	1508993780	3600		261.98		  40844942		-999.00
6329	1508997380	3600		262.15		  40844942		-999.00
6330	1509000980	3600		262.15		  40844942		-999.00
6331	1509004580	3600		262.15		  40844942		-999.00
6332	1509008180	3600		262.15		  40844942		-999.00
6333	1509011780	3600		262.15		  40844942		-999.00
6334	1509015380	3600		262.15		  40844942		-999.00
6335	1509018980	3600		262.15		  40844942		-999.00
6336	1509022580	3600		261.98		  40844942		-999.00
6337	1509026180	3600		256.10		  40844942		-999.00
6338	1509029780	3600		257.00		  40844942		-999.00
6339	1509033380	3600		259.30		  40844942		-999.00
6340	1509036980	3600		261.54		  40844942		-999.00
6341	1509040580	3600		262.06		  40844942		-999.00
6342	1508985380	-55200		262.51		  40844942		-999.00
6336	1509043424	1200		266.31		   8593217		698.50
6336	1509047024	3600		266.48		   8342757		687.00
6336	1509050624	3600		266.47		   8105204		683.50
6336	1509054224	3600		266.45		   7524103		684.50
6336	1509056801	2577		266.41		   6182975		680.50
6337	1509058001	1200		266.40		   6182975		-999.00
6338	1509061601	3600		261.88		   6182975		-999.00
6339	1509065201	3600		261.88		   6182975		-999.00
6340	1509068801	3600		261.88		   6182975		-999.00
6341	1509056801	-12000		262.23		   6182975		-999.00
6337	1509072995	1200		269.78		 112766221		740.50
6337	1509076595	3600		269.99		 113987079		741.00
6337	1509080195	3600		269.94		 112478543		743.50
6337	1509083795	3600		269.78		 107191111		749.00
6337	1509087395	3600		269.77		 106640852		740.00
6337	1509090995	3600		269.43		  95514680		734.50
6337	1509091839	844		268.40		  66829619		723.00
6338	1509093039	1200		262.37		  66829619		-999.00
6339	1509096639	3600		262.37		  66829619		-999.00
6340	1509100239	3600		262.37		  66829619		-999.00
6341	1509103839	3600		262.37		  66829619		-999.00
6342	1509107439	3600		262.37		  66829619		-999.00
6343	1509111039	3600		265.86		  66829619		-999.00
6344	1509114639	3600		266.37		  66829619		-999.00
6345	1509118239	3600		259.49		  66829619		-999.00
6346	1509121839	3600		266.20		  66829619		-999.00
6347	1509125439	3600		261.68		  66829619		-999.00
6348	1509129039	3600		262.20		  66829619		-999.00
6349	1509132639	3600		261.69		  66829619		-999.00
6350	1509136239	3600		261.69		  66829619		-999.00
6351	1509091839	-44400		262.40		  66829619		-999.00
6341	1509140377	1200		269.70		 110734663		743.00
6341	1509142561	2184		269.91		 112127900		744.50
6342	1509143761	1200		266.37		 112127900		-999.00
6343	1509147361	3600		266.54		 112127900		-999.00
6344	1509150961	3600		266.54		 112127900		-999.00
6345	1509154561	3600		261.68		 112127900		-999.00
6346	1509158161	3600		261.68		 112127900		-999.00
6347	1509161761	3600		261.68		 112127900		-999.00
6348	1509142561	-19200		262.54		 112127900		-999.00
6343	1509165362	1200		269.91		 112482819		741.00
6343	1509168962	3600		269.95		 113917455		748.50
6343	1509172562	3600		269.91		 112288024		750.50
6343	1509176162	3600		269.69		 105118592		750.00
6343	1509179762	3600		269.55		 100591947		741.50
6343	1509183362	3600		269.24		  90029956		740.50
6343	1509186962	3600		269.00		  82029878		737.00
6343	1509190562	3600		268.82		  76011315		733.50
6343	1509194162	3600		268.65		  70373393		730.50
6343	1509197762	3600		268.48		  64624640		732.50
6343	1509201362	3600		268.33		  59827974		728.00
6343	1509204962	3600		268.21		  55819482		728.00
6343	1509206860	1898		268.10		  52119979		725.50
6344	1509208060	1200		266.54		  52119979		-999.00
6345	1509211660	3600		261.66		  52119979		-999.00
6346	1509215260	3600		262.18		  52119979		-999.00
6347	1509206860	-8400		262.54		  52119979		-999.00
6344	1509216496	1200		269.85		 111134442		753.50
6344	1509220096	3600		269.90		 112748718		759.00
6344	1509223696	3600		269.87		 111585810		760.00
6344	1509227296	3600		269.68		 105449446		751.50
6344	1509230896	3600		269.69		 105597120		757.50
6344	1509233361	2465		269.46		  98035902		755.00
6345	1509234561	1200		266.35		  98035902		-999.00
6346	1509238161	3600		261.84		  98035902		-999.00
6347	1509245361	3600		261.84		  98035902		-999.00
6348	1509248961	3600		261.84		  98035902		-999.00
6349	1509252561	3600		262.19		  98035902		-999.00
6350	1509256161	3600		262.19		  98035902		-999.00
6351	1509259761	3600		261.68		  98035902		-999.00
6352	1509263361	3600		262.19		  98035902		-999.00
6353	1509266961	3600		262.19		  98035902		-999.00
6354	1509270561	3600		262.19		  98035902		-999.00
6355	1509233361	-33600		262.52		  98035902		-999.00
6346	1509273715	1200		269.96		 114282997		756.50
6346	1509277315	3600		269.92		 113112844		757.50
6346	1509280915	3600		269.57		 112841855		719.00
6346	1509284515	3600		269.42		 107703466		744.50
6346	1509288115	3600		269.36		 105752781		730.50
6346	1509291715	3600		269.40		  95832002		753.50
6346	1509295315	3600		269.16		  87661929		751.50
6346	1509298915	3600		268.97		  81385013		750.00
6346	1509302515	3600		268.78		  75094867		746.50
6346	1509306115	3600		268.59		  68704630		746.50
6346	1509309715	3600		268.44		  63779415		743.50
6346	1509313315	3600		268.29		  58811757		742.00
6346	1509316915	3600		268.17		  54920634		741.00
6346	1509320515	3600		268.06		  51168931		740.50
6346	1509324115	3600		267.95		  47446668		738.50
6346	1509327715	3600		267.86		  44278435		732.50
6346	1509331315	3600		267.75		  40735388		734.00
6346	1509334915	3600		267.62		  36339507		729.50
6346	1509335058	143		262.53		  37215952		 11.50
6347	1509336258	1200		261.83		  37215952		-999.00
6348	1509339858	3600		262.17		  37215952		-999.00
6349	1509343458	3600		266.52		  37215952		-999.00
6350	1509347058	3600		266.52		  37215952		-999.00
6351	1509350658	3600		262.18		  37215952		-999.00
6352	1509354258	3600		261.66		  37215952		-999.00
6353	1509357858	3600		262.18		  37215952		-999.00
6354	1509335058	-22800		262.53		  37215952		-999.00
6347	1509360447	1200		269.96		 114497075		767.50
6347	1509364047	3600		269.91		 112902388		773.00
6347	1509367647	3600		269.92		 113373027		772.00
6347	1509371247	3600		269.81		 109700380		754.50
6347	1509373889	2642		269.62		 103109642		772.50
6348	1509375089	1200		266.52		 103109642		-999.00
6349	1509378689	3600		265.47		 103109642		-999.00
6350	1509382289	3600		262.19		 103109642		-999.00
6351	1509385889	3600		261.68		 103109642		-999.00
6352	1509389489	3600		261.68		 103109642		-999.00
6353	1509373889	-15600		262.52		 103109642		-999.00
6348	1509392461	1200		269.96		 114344435		774.00
6348	1509396061	3600		269.92		 113025326		777.00
6348	1509399661	3600		269.93		 113366584		779.00
6348	1509403261	3600		269.77		 108014729		731.00
6348	1509406861	3600		269.78		 108491424		773.00
6348	1509407899	1038		269.51		  99492718		774.50
6349	1509409099	1200		266.53		  99492718		-999.00
6350	1509412699	3600		266.53		  99492718		-999.00
6351	1509416299	3600		265.85		  99492718		-999.00
6352	1509419899	3600		265.68		  99492718		-999.00
6353	1509407899	-12000		266.53		  99492718		-999.00
6349	1509421547	1200		269.94		 113814868		776.50
6349	1509425147	3600		269.90		 112386251		783.00
6349	1509428747	3600		269.87		 111373405		781.50
6349	1509431369	2622		269.87		 111503670		781.50
6350	1509432569	1200		266.36		 111503670		-999.00
6351	1509436169	3600		266.36		 111503670		-999.00
6352	1509439769	3600		262.53		 111503670		-999.00
6353	1509443369	3600		262.53		 111503670		-999.00
6354	1509446969	3600		262.53		 111503670		-999.00
6355	1509450569	3600		262.53		 111503670		-999.00
6356	1509454169	3600		262.18		 111503670		-999.00
6357	1509457769	3600		262.18		 111503670		-999.00
6358	1509431369	-26400		262.53		 111503670		-999.00
6351	1509460899	1200		259.44		 112395921		 20.00
6351	1509463247	2348		269.90		 116243294		765.50
6352	1509464447	1200		266.41		 116243294		-999.00
6353	1509468047	3600		266.41		 116243294		-999.00
6354	1509471647	3600		266.41		 116243294		-999.00
6355	1509475247	3600		266.41		 116243294		-999.00
6356	1509478847	3600		266.41		 116243294		-999.00
6357	1509482447	3600		266.41		 116243294		-999.00
6358	1509486047	3600		266.41		 116243294		-999.00
6359	1509489647	3600		266.41		 116243294		-999.00
6360	1509493247	3600		266.41		 116243294		-999.00
6361	1509496847	3600		266.41		 116243294		-999.00
6362	1509500447	3600		266.41		 116243294		-999.00
6363	1509504047	3600		266.41		 116243294		-999.00
6364	1509507647	3600		266.41		 116243294		-999.00
6365	1509511247	3600		266.41		 116243294		-999.00
6366	1509514847	3600		266.41		 116243294		-999.00
6367	1509518447	3600		266.41		 116243294		-999.00
6368	1509522047	3600		265.71		 116243294		-999.00
6369	1509525647	3600		265.88		 116243294		-999.00
6370	1509529247	3600		262.22		 116243294		-999.00
6371	1509532847	3600		262.22		 116243294		-999.00
6372	1509536447	3600		266.39		 116243294		-999.00
6373	1509540047	3600		266.39		 116243294		-999.00
6374	1509543647	3600		262.22		 116243294		-999.00
6375	1509547247	3600		262.22		 116243294		-999.00
6376	1509550847	3600		262.22		 116243294		-999.00
6377	1509554447	3600		262.22		 116243294		-999.00
6378	1509463247	-91200		262.41		 116243294		-999.00
6355	1509558458	1200		269.99		 114418069		760.50
6355	1509560666	2208		269.97		 113635309		775.00
6356	1509561866	1200		266.39		 113635309		-999.00
6357	1509565466	3600		261.88		 113635309		-999.00
6358	1509569066	3600		261.88		 113635309		-999.00
6359	1509560666	-8400		262.56		 113635309		-999.00
6356	1509573756	1200		269.82		 114364813		771.00
6356	1509577356	3600		269.99		 114441670		754.00
6356	1509580956	3600		269.95		 112854529		776.50
6356	1509584556	3600		269.74		 105958848		779.00
6356	1509588156	3600		269.69		 104181037		773.50
6356	1509591756	3600		269.35		  92940157		768.00
6356	1509595356	3600		269.13		  85631514		770.50
6356	1509598956	3600		268.96		  80028693		765.00
6356	1509602556	3600		268.75		  73114450		762.00
6356	1509606156	3600		268.41		  67402789		742.50
6356	1509609756	3600		268.25		  61944879		756.50
6356	1509613356	3600		268.12		  57780248		756.00
6356	1509616034	2678		262.39		  49920933		 23.00
6357	1509617234	1200		262.39		  49920933		-999.00
6358	1509620834	3600		262.22		  49920933		-999.00
6359	1509624434	3600		262.22		  49920933		-999.00
6360	1509628034	3600		261.88		  49920933		-999.00
6361	1509631634	3600		261.88		  49920933		-999.00
6362	1509635234	3600		261.88		  49920933		-999.00
6363	1509616034	-19200		262.39		  49920933		-999.00
6358	1509636992	1200		271.06		 149976042		782.50
6358	1509640592	3600		270.46		 129976814		799.50
6358	1509644192	3600		270.32		 125374338		791.50
6358	1509647792	3600		269.83		 109047753		795.00
6358	1509651392	3600		269.69		 104181774		782.00
6358	1509654992	3600		269.37		  93703544		783.00
6358	1509658592	3600		269.11		  85127551		778.50
6358	1509662192	3600		268.88		  77306116		775.50
6358	1509665792	3600		268.74		  72773274		774.50
6358	1509669392	3600		268.57		  66982457		772.00
6358	1509672992	3600		268.26		  62289291		757.00
6358	1509676592	3600		268.11		  57358306		765.00
6358	1509680192	3600		268.00		  53602467		761.50
6358	1509683792	3600		267.88		  49666151		762.50
6358	1509686642	2850		267.81		  47300102		761.50
6359	1509687842	1200		266.39		  47300102		-999.00
6360	1509691442	3600		262.39		  47300102		-999.00
6361	1509695042	3600		262.39		  47300102		-999.00
6362	1509698642	3600		266.39		  47300102		-999.00
6363	1509702242	3600		262.22		  47300102		-999.00
6364	1509705842	3600		261.88		  47300102		-999.00
6365	1509709442	3600		261.88		  47300102		-999.00
6366	1509686642	-22800		262.39		  47300102		-999.00
6360	1509712486	1200		269.82		 114387780		790.00
6360	1509716086	3600		269.95		 113106362		798.50
6360	1509719686	3600		269.95		 113085669		797.50
6360	1509723286	3600		269.81		 108340200		806.00
6360	1509726886	3600		269.79		 107657160		794.50
6360	1509730486	3600		269.48		  97324404		790.00
6360	1509734086	3600		269.19		  87819867		787.00
6360	1509737686	3600		268.85		  81852280		783.50
6360	1509741286	3600		268.64		  75083201		783.00
6360	1509744886	3600		268.47		  69248168		778.50
6360	1509748486	3600		268.30		  63784857		779.00
6360	1509752086	3600		268.15		  58656459		774.00
6360	1509755686	3600		268.03		  54789268		774.00
6360	1509759286	3600		267.91		  50720955		773.00
6360	1509762886	3600		267.82		  47524143		770.00
6360	1509766486	3600		267.71		  44097084		769.00
6360	1509770086	3600		267.61		  40827552		752.00
6360	1509773686	3600		267.55		  38520008		769.00
6360	1509777286	3600		267.50		  37082018		768.00
6360	1509780886	3600		267.44		  35165821		763.00
6360	1509784486	3600		267.38		  33090201		756.50
6360	1509788086	3600		267.33		  31485645		761.50
6360	1509791686	3600		266.78		  13102314		734.00
6360	1509795286	3600		267.02		  20899757		754.00
6360	1509798558	3272		267.18		  26249227		755.00
6361	1509799758	1200		262.22		  26249227		-999.00
6362	1509803358	3600		266.39		  26249227		-999.00
6363	1509806958	3600		266.39		  26249227		-999.00
6364	1509810558	3600		261.88		  26249227		-999.00
6365	1509798558	-12000		262.39		  26249227		-999.00
6362	1509814717	1200		269.83		 114656379		798.00
6362	1509818317	3600		269.81		 114025863		805.00
6362	1509821917	3600		269.77		 112614058		807.00
6362	1509825517	3600		269.77		 112795742		807.50
6362	1509829117	3600		269.58		 106240094		805.00
6362	1509832717	3600		269.44		 101677821		802.00
6362	1509836317	3600		269.13		  91438292		799.50
6362	1509839917	3600		268.97		  86066502		794.50
6362	1509843517	3600		268.75		  78675327		794.00
6362	1509847117	3600		268.48		  69721636		787.00
6362	1509850717	3600		268.30		  63798244		784.00
6362	1509854317	3600		268.14		  58447539		782.50
6362	1509857917	3600		268.04		  54871293		780.00
6362	1509861517	3600		267.91		  50725581		779.00
6362	1509865117	3600		267.82		  47693718		778.50
6362	1509868717	3600		267.72		  44433379		778.50
6362	1509872317	3600		267.64		  41683355		772.50
6362	1509875917	3600		267.52		  37787294		777.00
6362	1509879517	3600		267.45		  35367719		775.50
6362	1509883117	3600		267.38		  32927289		774.00
6362	1509886717	3600		267.31		  30615565		772.50
6362	1509890317	3600		267.27		  29286591		773.00
6362	1509893917	3600		267.22		  27732095		773.50
6362	1509897517	3600		267.20		  26848646		772.50
6362	1509899516	1999		267.10		  23809501		767.50
6363	1509900716	1200		262.22		  23809501		-999.00
6364	1509904316	3600		266.39		  23809501		-999.00
6365	1509907916	3600		261.88		  23809501		-999.00
6366	1509911516	3600		266.39		  23809501		-999.00
6367	1509915116	3600		266.39		  23809501		-999.00
6368	1509918716	3600		266.39		  23809501		-999.00
6369	1509922316	3600		266.39		  23809501		-999.00
6370	1509925916	3600		261.88		  23809501		-999.00
6371	1509929516	3600		261.88		  23809501		-999.00
6372	1509899516	-30000		262.39		  23809501		-999.00
6364	1509933299	1200		269.83		 114401696		815.00
6364	1509936899	3600		269.82		 114077323		818.00
6364	1509940499	3600		269.80		 113337808		818.50
6364	1509944099	3600		269.58		 106228879		813.00
6364	1509947699	3600		269.65		 108340970		816.50
6364	1509951299	3600		269.32		  97609993		812.50
6364	1509954899	3600		269.08		  89279524		810.50
6364	1509958499	3600		268.87		  82555665		807.00
6364	1509962099	3600		268.68		  76089780		805.50
6364	1509965699	3600		268.50		  70274224		803.00
6364	1509969299	3600		268.33		  64388294		801.00
6364	1509972899	3600		268.20		  60021280		800.50
6364	1509976499	3600		267.99		  53177544		784.00
6364	1509980099	3600		267.96		  52095183		794.50
6364	1509983699	3600		267.85		  48343780		792.00
6364	1509987299	3600		267.76		  45295479		791.00
6364	1509990899	3600		267.68		  42648221		791.00
6364	1509994499	3600		267.60		  39956821		790.50
6364	1509998099	3600		267.18		  26172253		772.50
6364	1510001699	3600		267.01		  20433173		792.50
6364	1510005299	3600		267.40		  33589156		786.50
6364	1510008899	3600		267.35		  31741417		785.50
6364	1510012499	3600		267.29		  29730211		784.50
6364	1510016099	3600		267.25		  28430942		783.00
6364	1510019699	3600		267.20		  26921637		783.00
6364	1510023299	3600		267.16		  25301148		782.00
6364	1510026899	3600		267.11		  23899829		781.50
6364	1510030499	3600		267.05		  21767827		777.00
6364	1510030750	251		267.10		  23581967		537.50
6365	1510031950	1200		262.40		  23581967		-999.00
6366	1510035550	3600		260.49		  23581967		-999.00
6367	1510039150	3600		262.03		  23581967		-999.00
6368	1510042750	3600		261.69		  23581967		-999.00
6369	1510046350	3600		261.52		  23581967		-999.00
6370	1510049950	3600		261.86		  23581967		-999.00
6371	1510053550	3600		262.20		  23581967		-999.00
6372	1510057150	3600		266.37		  23581967		-999.00
6373	1510060750	3600		266.37		  23581967		-999.00
6374	1510064350	3600		266.37		  23581967		-999.00
6375	1510067950	3600		266.37		  23581967		-999.00
6376	1510071550	3600		266.37		  23581967		-999.00
6377	1510075150	3600		266.37		  23581967		-999.00
6378	1510078750	3600		266.37		  23581967		-999.00
6379	1510082350	3600		266.37		  23581967		-999.00
6380	1510085950	3600		266.37		  23581967		-999.00
6381	1510089550	3600		266.37		  23581967		-999.00
6382	1510093150	3600		266.37		  23581967		-999.00
6383	1510096750	3600		266.37		  23581967		-999.00
6384	1510100350	3600		266.37		  23581967		-999.00
6385	1510103950	3600		266.37		  23581967		-999.00
6386	1510107550	3600		266.37		  23581967		-999.00
6387	1510111150	3600		266.37		  23581967		-999.00
6388	1510114750	3600		266.37		  23581967		-999.00
6389	1510118350	3600		266.37		  23581967		-999.00
6390	1510121950	3600		266.37		  23581967		-999.00
6391	1510125550	3600		266.37		  23581967		-999.00
6392	1510129150	3600		266.20		  23581967		-999.00
6393	1510132750	3600		262.14		  23581967		-999.00
6394	1510136350	3600		262.14		  23581967		-999.00
6395	1510139950	3600		262.14		  23581967		-999.00
6396	1510143550	3600		262.31		  23581967		-999.00
6397	1510147150	3600		261.97		  23581967		-999.00
6398	1510150750	3600		262.14		  23581967		-999.00
6399	1510154350	3600		262.14		  23581967		-999.00
6400	1510157950	3600		262.14		  23581967		-999.00
6401	1510161550	3600		262.14		  23581967		-999.00
6402	1510165150	3600		262.14		  23581967		-999.00
6403	1510168750	3600		262.14		  23581967		-999.00
6404	1510172350	3600		262.14		  23581967		-999.00
6405	1510175950	3600		262.14		  23581967		-999.00
6406	1510179550	3600		266.31		  23581967		-999.00
6407	1510183150	3600		261.97		  23581967		-999.00
6408	1510186750	3600		262.14		  23581967		-999.00
6409	1510030750	-156000		262.40		  23581967		-999.00
6370	1510188441	1200		269.92		 114745018		815.50
6370	1510192041	3600		270.08		 114368361		812.50
6370	1510195641	3600		270.00		 111897687		824.50
6370	1510199241	3600		269.62		 104717661		816.00
6370	1510202841	3600		269.67		 100643139		815.50
6370	1510206441	3600		269.39		  91379233		813.00
6370	1510210041	3600		269.18		  84313000		811.00
6370	1510213641	3600		268.84		  78676483		801.50
6370	1510217241	3600		268.16		  61746519		768.00
6370	1510220841	3600		266.52		   7130171		764.50
6370	1510221340	499		266.33		    848659		764.00
6371	1510222540	1200		266.48		    848659		-999.00
6372	1510226140	3600		266.12		    848659		-999.00
6373	1510229740	3600		266.12		    848659		-999.00
6374	1510233340	3600		266.29		    848659		-999.00
6375	1510221340	-12000		266.31		    848659		-999.00
6371	1510234657	1200		269.86		 113251513		815.50
6371	1510238257	3600		270.03		 113449291		830.50
6371	1510241857	3600		270.02		 113007722		831.00
6371	1510245457	3600		269.79		 105356232		835.50
6371	1510249057	3600		269.67		 101442563		824.50
6371	1510252657	3600		269.41		  92813007		821.50
6371	1510256257	3600		269.17		  84607405		821.50
6371	1510259857	3600		269.00		  79081840		817.00
6371	1510263457	3600		268.82		  72918136		813.00
6371	1510267057	3600		268.63		  66667850		812.50
6371	1510270657	3600		268.49		  62071065		810.00
6371	1510274257	3600		268.34		  57166412		809.50
6371	1510277857	3600		268.23		  53382990		808.00
6371	1510281457	3600		268.11		  49469140		805.00
6371	1510285057	3600		268.02		  46300769		802.00
6371	1510288657	3600		267.94		  43822432		801.50
6371	1510292257	3600		267.86		  40930208		802.00
6371	1510295857	3600		267.75		  37325927		801.00
6371	1510299457	3600		267.73		  36633523		798.00
6371	1510303057	3600		267.68		  34834807		799.50
6371	1510306657	3600		267.61		  32774854		796.50
6371	1510310257	3600		267.57		  31263975		797.00
6371	1510313857	3600		267.52		  29628168		796.50
6371	1510317457	3600		266.75		  15494638		767.50
6371	1510319386	1929		266.39		   3361239		774.50
6372	1510320586	1200		262.29		   3361239		-999.00
6373	1510324186	3600		262.29		   3361239		-999.00
6374	1510327786	3600		262.12		   3361239		-999.00
6375	1510331386	3600		262.12		   3361239		-999.00
6376	1510334986	3600		262.29		   3361239		-999.00
6377	1510338586	3600		262.12		   3361239		-999.00
6378	1510342186	3600		262.12		   3361239		-999.00
6379	1510345786	3600		261.43		   3361239		-999.00
6380	1510349386	3600		262.11		   3361239		-999.00
6381	1510352986	3600		261.94		   3361239		-999.00
6382	1510356586	3600		261.94		   3361239		-999.00
6383	1510360186	3600		261.94		   3361239		-999.00
6384	1510363786	3600		261.94		   3361239		-999.00
6385	1510367386	3600		261.94		   3361239		-999.00
6386	1510370986	3600		261.94		   3361239		-999.00
6387	1510374586	3600		261.94		   3361239		-999.00
6388	1510378186	3600		261.94		   3361239		-999.00
6389	1510381786	3600		261.95		   3361239		-999.00
6390	1510385386	3600		261.95		   3361239		-999.00
6391	1510388986	3600		261.95		   3361239		-999.00
6392	1510392586	3600		261.95		   3361239		-999.00
6393	1510396186	3600		261.95		   3361239		-999.00
6394	1510399786	3600		261.95		   3361239		-999.00
6395	1510403386	3600		261.95		   3361239		-999.00
6396	1510406986	3600		261.95		   3361239		-999.00
6397	1510410586	3600		261.95		   3361239		-999.00
6398	1510414186	3600		261.94		   3361239		-999.00
6399	1510417786	3600		261.94		   3361239		-999.00
6400	1510421386	3600		261.94		   3361239		-999.00
6401	1510424986	3600		261.94		   3361239		-999.00
6402	1510319386	-105600		262.29		   3361239		-999.00
6380	1510426207	1200		266.28		     35193		810.50
6380	1510429807	3600		266.46		     15882		804.50
6380	1510433407	3600		266.46		     13674		806.50
6380	1510437007	3600		266.46		     24822		804.50
6380	1510440607	3600		266.46		     25723		802.50
6380	1510444207	3600		266.46		     23403		802.00
6380	1510447807	3600		266.46		     24097		801.50
6380	1510451407	3600		266.46		     22551		808.00
6380	1510455007	3600		266.46		     22926		799.50
6380	1510458607	3600		266.46		     22521		799.50
6380	1510461234	2627		266.46		     20524		799.50
6381	1510462434	1200		265.95		     20524		-999.00
6382	1510466034	3600		265.95		     20524		-999.00
6383	1510461234	-4800		266.12		     20524		-999.00
6381	1510468600	1200		266.19		   2443722		764.00
6381	1510472200	3600		266.19		   2211122		762.00
6381	1510475800	3600		266.18		   1934445		761.50
6381	1510479400	3600		266.17		   1560976		760.50
6381	1510483000	3600		266.33		   1282882		762.00
6381	1510486600	3600		261.95		   1540012		 22.50
6381	1510489140	2540		261.95		   1464509		 22.50
6382	1510490340	1200		266.29		   1464509		-999.00
6383	1510493940	3600		262.12		   1464509		-999.00
6384	1510489140	-4800		261.95		   1464509		-999.00
6382	1510497351	1200		266.28		   5463831		765.50
6382	1510499523	2172		266.31		   6190747		762.50
6383	1510500723	1200		266.29		   6190747		-999.00
6384	1510504323	3600		266.29		   6190747		-999.00
6385	1510507923	3600		261.95		   6190747		-999.00
6386	1510499523	-8400		262.12		   6190747		-999.00
6384	1510510034	1200		266.46		   5586632		765.50
6384	1510513634	3600		266.48		   6224306		764.50
6384	1510517234	3600		266.46		   5614305		762.50
6384	1510520834	3600		266.45		   5192772		766.50
6384	1510524434	3600		266.43		   4788556		763.50
6384	1510528034	3600		266.43		   4501178		762.00
6384	1510531634	3600		266.42		   4202490		763.50
6384	1510535234	3600		266.41		   3979672		763.00
6384	1510538834	3600		266.40		   3729123		762.00
6384	1510542434	3600		266.40		   3536921		761.50
6384	1510546034	3600		266.39		   3373750		764.50
6384	1510547156	1122		266.39		   3231294		763.00
6385	1510548356	1200		266.46		   3231294		-999.00
6386	1510551956	3600		262.12		   3231294		-999.00
6387	1510555556	3600		261.95		   3231294		-999.00
6388	1510547156	-8400		262.29		   3231294		-999.00
6385	1510557400	1200		266.52		   7747212		752.50
6385	1510561000	3600		266.55		   8828897		765.50
6385	1510564600	3600		266.52		   7791367		764.00
6385	1510568200	3600		266.51		   7307056		764.00
6385	1510571800	3600		266.49		   6758563		765.50
6385	1510575400	3600		266.48		   6327261		762.00
6385	1510579000	3600		266.47		   5999322		763.50
6385	1510582600	3600		266.46		   5633074		764.50
6385	1510586200	3600		266.45		   5389630		761.50
6385	1510589800	3600		266.44		   5088267		761.50
6385	1510593400	3600		266.44		   4888093		779.50
6385	1510597000	3600		266.43		   4695315		763.00
6385	1510600600	3600		266.42		   4454675		758.50
6385	1510604200	3600		266.42		   4235462		762.00
6385	1510607800	3600		266.41		   4083210		765.50
6385	1510611400	3600		266.41		   3897518		762.50
6385	1510615000	3600		266.40		   3742289		762.00
6385	1510618600	3600		266.40		   3632293		760.00
6385	1510622200	3600		266.39		   3474166		761.50
6385	1510625800	3600		266.39		   3364843		762.50
6385	1510629400	3600		266.39		   3223888		761.50
6385	1510633000	3600		266.38		   3130591		761.50
6385	1510636600	3600		266.38		   3000663		760.00
6385	1510640200	3600		266.38		   2899219		762.00
6385	1510643800	3600		266.37		   2822938		762.00
6385	1510647400	3600		266.37		   2711050		760.00
6385	1510648816	1416		266.36		   2236971		761.50
6386	1510650016	1200		261.95		   2236971		-999.00
6387	1510653616	3600		262.29		   2236971		-999.00
6388	1510648816	-4800		262.29		   2236971		-999.00
6386	1510657518	1200		266.37		   8180495		765.00
6386	1510661118	3600		266.40		   9488673		762.50
6386	1510664718	3600		266.38		   8502529		761.50
6386	1510668318	3600		266.36		   7859208		763.00
6386	1510671918	3600		266.51		   7252360		761.00
6386	1510675518	3600		266.49		   6830281		762.00
6386	1510679118	3600		266.48		   6419988		761.50
6386	1510682718	3600		266.47		   6020550		759.50
6386	1510686318	3600		266.46		   5736272		761.50
6386	1510689918	3600		266.45		   5414137		760.50
6386	1510693518	3600		266.44		   5157587		760.00
6386	1510697118	3600		266.44		   4944257		761.50
6386	1510697835	717		266.43		   4829351		760.50
6387	1510699035	1200		266.46		   4829351		-999.00
6388	1510702635	3600		261.94		   4829351		-999.00
6389	1510697835	-4800		262.29		   4829351		-999.00
6390	1510704714	1200		266.28		   4829351		-999.00
6391	1510708314	3600		261.94		   4829351		-999.00
6392	1510703514	-4800		262.11		   4829351		-999.00
6393	1510712452	1200		266.46		   4829351		-999.00
6394	1510716052	3600		261.95		   4829351		-999.00
6395	1510711252	-4800		262.28		   4829351		-999.00
6389	1510718119	1200		266.59		   9858537		764.50
6389	1510721719	3600		266.56		   8849235		761.50
6389	1510725319	3600		266.53		   8064690		760.50
6389	1510728919	3600		266.51		   7414860		762.00
6389	1510732519	3600		266.50		   6924657		760.00
6389	1510736119	3600		266.48		   6438583		760.50
6389	1510739719	3600		266.47		   6113030		759.50
6389	1510742286	2567		266.46		   5809497		760.00
6390	1510743486	1200		266.46		   5809497		-999.00
6391	1510747086	3600		266.26		   5809497		-999.00
6392	1510750686	3600		262.09		   5809497		-999.00
6393	1510754286	3600		262.09		   5809497		-999.00
6394	1510742286	-12000		262.29		   5809497		-999.00
6390	1510756364	1200		266.38		   9692993		755.00
6390	1510759964	3600		266.36		   8845073		761.00
6390	1510763564	3600		266.33		   8084051		761.00
6390	1510767164	3600		266.31		   7416510		759.50
6390	1510770764	3600		266.30		   6923959		758.00
6390	1510774364	3600		266.29		   6545187		762.00
6390	1510777964	3600		266.27		   6131368		759.00
6390	1510781564	3600		266.27		   5864583		760.00
6390	1510783750	2186		266.26		   5635982		761.50
6391	1510784950	1200		266.44		   5635982		-999.00
6392	1510788550	3600		266.44		   5635982		-999.00
6393	1510792150	3600		266.44		   5635982		-999.00
6394	1510795750	3600		266.44		   5635982		-999.00
6395	1510799350	3600		262.27		   5635982		-999.00
6396	1510802950	3600		261.93		   5635982		-999.00
6397	1510783750	-19200		262.09		   5635982		-999.00
6392	1510805469	1200		266.71		   9272145		761.00
6392	1510809069	3600		266.69		   8418144		760.50
6392	1510812669	3600		266.68		   8030587		761.00
6392	1510816269	3600		266.66		   7355445		761.00
6392	1510819869	3600		266.64		   6877638		758.50
6392	1510823469	3600		266.63		   6502291		759.50
6392	1510827069	3600		266.62		   6091496		759.00
6392	1510830669	3600		266.61		   5799700		759.00
6392	1510834269	3600		266.60		   5464774		756.50
6392	1510836884	2615		266.60		   5300243		760.00
6393	1510838084	1200		262.44		   5300243		-999.00
6394	1510841684	3600		262.44		   5300243		-999.00
6395	1510845284	3600		262.44		   5300243		-999.00
6396	1510848884	3600		265.92		   5300243		-999.00
6397	1510852484	3600		262.09		   5300243		-999.00
6398	1510856084	3600		261.92		   5300243		-999.00
6399	1510859684	3600		266.43		   5300243		-999.00
6400	1510863284	3600		261.90		   5300243		-999.00
6401	1510836884	-26400		262.44		   5300243		-999.00
6396	1510866432	1200		266.26		   5865952		750.50
6396	1510870032	3600		266.24		   5325715		758.50
6396	1510873632	3600		266.22		   4717286		756.50
6396	1510877232	3600		266.21		   4332370		756.00
6396	1510880832	3600		266.20		   3991985		755.50
6396	1510884432	3600		266.19		   3747128		756.00
6396	1510888032	3600		266.18		   3490806		758.50
6396	1510891632	3600		266.18		   3316408		756.00
6396	1510895232	3600		266.17		   3118818		758.00
6396	1510898832	3600		266.17		   2953080		756.00
6396	1510902432	3600		266.16		   2827368		755.50
6396	1510906032	3600		266.16		   2685160		754.50
6396	1510909632	3600		266.16		   2585344		756.00
6396	1510913232	3600		266.32		   2473541		750.00
6396	1510916832	3600		266.32		   2353664		754.00
6396	1510920432	3600		266.32		   2272662		754.00
6396	1510924032	3600		266.32		   2182614		753.50
6396	1510927632	3600		266.31		   2084358		754.00
6396	1510931232	3600		266.31		   2039621		754.50
6396	1510934832	3600		266.31		   1952535		752.50
6396	1510938432	3600		266.31		   1896193		753.00
6396	1510942032	3600		266.30		   1818895		754.00
6396	1510945632	3600		266.30		   1768656		753.00
6396	1510949232	3600		266.30		   1699269		754.50
6396	1510952832	3600		266.30		   1654009		750.00
6396	1510956432	3600		266.30		   1601095		755.00
6396	1510960032	3600		266.30		   1550623		754.00
6396	1510963632	3600		266.29		   1492456		755.00
6396	1510967232	3600		266.29		   1457225		752.50
6396	1510970832	3600		266.29		   1405277		752.00
6396	1510974432	3600		266.29		   1373731		752.50
6396	1510978032	3600		266.29		   1325372		754.00
6396	1510981632	3600		266.29		   1295480		754.00
6396	1510985232	3600		266.29		   1249935		750.00
6396	1510988832	3600		266.29		   1215496		753.50
6396	1510992432	3600		266.29		   1186959		753.00
6396	1510996032	3600		266.28		   1091249		752.00
6396	1510999057	3025		266.28		   1128972		752.50
6397	1511000257	1200		262.25		   1128972		-999.00
6398	1511003857	3600		262.08		   1128972		-999.00
6399	1510999057	-4800		262.25		   1128972		-999.00
6397	1511006405	1200		266.30		   7239327		757.00
6397	1511010005	3600		266.43		   6146509		754.50
6397	1511013605	3600		266.60		   5975764		754.00
6397	1511017205	3600		266.58		   5460334		755.00
6397	1511020805	3600		266.57		   5109460		753.50
6397	1511024405	3600		266.56		   4754470		753.50
6397	1511028005	3600		266.56		   4506696		752.50
6397	1511031605	3600		266.55		   4234105		753.00
6397	1511035205	3600		266.54		   4016287		753.50
6397	1511038805	3600		266.54		   3856033		753.50
6397	1511042405	3600		266.53		   3652735		753.00
6397	1511046005	3600		266.53		   3510537		752.50
6397	1511049605	3600		266.52		   3334523		752.50
6397	1511053205	3600		266.52		   3216901		753.50
6397	1511056805	3600		266.51		   3068894		753.00
6397	1511060405	3600		266.51		   2969562		753.00
6397	1511064005	3600		266.51		   2857562		753.50
6397	1511067605	3600		266.50		   2732789		753.50
6397	1511071205	3600		266.50		   2648175		752.50
6397	1511074805	3600		266.50		   2535804		753.00
6397	1511078405	3600		266.49		   2463926		753.00
6397	1511082005	3600		266.49		   2365840		752.50
6397	1511085605	3600		266.49		   2300179		754.00
6397	1511089205	3600		266.49		   2222862		753.00
6397	1511092805	3600		266.48		   2150161		752.50
6397	1511096405	3600		266.48		   2070426		750.50
6397	1511100005	3600		266.48		   2019091		751.50
6397	1511103605	3600		266.48		   1944698		752.50
6397	1511107205	3600		266.48		   1898315		751.50
6397	1511110805	3600		266.47		   1830059		751.00
6397	1511114396	3591		266.47		   1689518		752.50
6398	1511115596	1200		262.42		   1689518		-999.00
6399	1511119196	3600		261.91		   1689518		-999.00
6400	1511114396	-4800		262.42		   1689518		-999.00
6398	1511121946	1200		266.63		   7039330		752.00
6398	1511125546	3600		266.60		   5970438		754.50
6398	1511129146	3600		266.59		   5782737		754.50
6398	1511132746	3600		266.58		   5285841		754.00
6398	1511136346	3600		266.57		   4911389		751.50
6398	1511139946	3600		266.56		   4637100		751.50
6398	1511143546	3600		266.55		   4330554		753.50
6398	1511147146	3600		266.54		   4123359		752.50
6398	1511150746	3600		266.54		   3867619		753.00
6398	1511154346	3600		266.53		   3699294		752.50
6398	1511157946	3600		266.53		   3530400		751.00
6398	1511161546	3600		266.52		   3370856		751.50
6398	1511165146	3600		273.26		   3266463		1497.00
6398	1511167533	2387		273.94		   3098455		 23.00
6399	1511168733	1200		273.51		   3098455		-999.00
6400	1511172333	3600		273.51		   3098455		-999.00
6401	1511175933	3600		282.09		   3098455		-999.00
6402	1511167533	-8400		273.85		   3098455		-999.00
6399	1511177151	1200		282.29		   6756643		 23.00
6399	1511180751	3600		280.37		   6150348		 15.50
6399	1511184351	3600		284.70		   5155663		 14.00
6399	1511187951	3600		286.90		   5072693		 14.50
6399	1511191551	3600		288.26		   4703671		 16.00
6399	1511195151	3600		280.31		   4370662		 20.00
6399	1511198751	3600		273.71		   4156852		 23.00
6399	1511202351	3600		265.90		   3914191		703.00
6399	1511205951	3600		265.89		   3651056		689.00
6399	1511209551	3600		265.86		   2565785		698.00
6399	1511213151	3600		265.84		   1932422		697.50
6399	1511216751	3600		265.84		   1925640		693.50
6399	1511220351	3600		265.84		   1943873		695.00
6399	1511223951	3600		265.84		   1924233		696.00
6399	1511227551	3600		265.84		   1931302		697.00
6399	1511231151	3600		265.84		   1924948		696.00
6399	1511234751	3600		265.84		   1933852		696.50
6399	1511238351	3600		265.84		   1922940		697.00
6399	1511240507	2156		265.84		   1932132		696.00
6400	1511241707	1200		261.27		   1932132		-999.00
6401	1511245307	3600		261.61		   1932132		-999.00
6402	1511248907	3600		261.27		   1932132		-999.00
6403	1511252507	3600		259.62		   1932132		-999.00
6404	1511256107	3600		260.87		   1932132		-999.00
6405	1511259707	3600		262.20		   1932132		-999.00
6406	1511263307	3600		262.16		   1932132		-999.00
6407	1511240507	-22800		261.78		   1932132		-999.00
6402	1511266689	1200		266.50		    104004		750.00
6402	1511266841	152		266.50		    151649		750.00
6403	1511268041	1200		265.99		    151649		-999.00
6404	1511271641	3600		266.33		    151649		-999.00
6405	1511275241	3600		262.16		    151649		-999.00
6406	1511278841	3600		262.16		    151649		-999.00
6407	1511266841	-12000		262.16		    151649		-999.00
6404	1511281528	1200		267.19		  34360280		757.00
6404	1511285128	3600		266.46		   9960869		749.50
6404	1511288075	2947		266.36		   6633549		771.00
6405	1511289275	1200		266.16		   6633549		-999.00
6406	1511292875	3600		262.15		   6633549		-999.00
6407	1511296475	3600		262.15		   6633549		-999.00
6408	1511288075	-8400		262.33		   6633549		-999.00
6405	1511297765	1200		269.49		  99872792		801.00
6405	1511301365	3600		266.54		   7081445		753.00
6405	1511304965	3600		266.51		   6121118		751.50
6405	1511308565	3600		266.51		   6073670		750.50
6405	1511312165	3600		266.51		   6117395		754.50
6405	1511315765	3600		266.51		   6065232		752.00
6405	1511319365	3600		266.51		   6083351		751.50
6405	1511322965	3600		266.51		   6086840		750.00
6405	1511326565	3600		266.50		   6051406		751.50
6405	1511330165	3600		266.51		   6108151		751.00
6405	1511333765	3600		266.53		   6869012		755.50
6405	1511334092	327		266.48		   5281449		756.50
6406	1511335292	1200		262.15		   5281449		-999.00
6407	1511338892	3600		262.15		   5281449		-999.00
6408	1511342492	3600		262.15		   5281449		-999.00
6409	1511346092	3600		262.15		   5281449		-999.00
6410	1511349692	3600		262.15		   5281449		-999.00
6411	1511353292	3600		262.15		   5281449		-999.00
6412	1511356892	3600		262.15		   5281449		-999.00
6413	1511360492	3600		262.15		   5281449		-999.00
6414	1511364092	3600		262.15		   5281449		-999.00
6415	1511367692	3600		262.15		   5281449		-999.00
6416	1511371292	3600		262.15		   5281449		-999.00
6417	1511374892	3600		262.15		   5281449		-999.00
6418	1511378492	3600		262.15		   5281449		-999.00
6419	1511382092	3600		262.15		   5281449		-999.00
6420	1511334092	-48000		262.32		   5281449		-999.00
6411	1511384750	1200		267.13		  26986456		732.50
6411	1511388350	3600		266.52		   6503637		751.00
6411	1511391950	3600		266.51		   6104058		751.00
6411	1511395550	3600		266.51		   6075293		750.00
6411	1511399150	3600		266.51		   6092468		751.50
6411	1511402750	3600		266.50		   6039243		751.00
6411	1511406350	3600		266.51		   6089859		749.50
6411	1511409950	3600		266.50		   6052744		750.50
6411	1511413550	3600		266.51		   6098166		750.00
6411	1511417150	3600		266.51		   6060868		749.50
6411	1511420750	3600		266.51		   6092424		751.50
6411	1511424350	3600		266.51		   6075046		750.50
6411	1511427950	3600		266.51		   6088701		751.00
6411	1511431550	3600		266.50		   6046611		751.00
6411	1511435150	3600		266.51		   6102088		751.00
6411	1511438750	3600		266.50		   6044033		752.00
6411	1511442350	3600		266.51		   6072257		753.00
6411	1511445233	2883		266.50		   6025398		752.50
6412	1511446433	1200		262.49		   6025398		-999.00
6413	1511450033	3600		262.15		   6025398		-999.00
6414	1511453633	3600		262.15		   6025398		-999.00
6415	1511457233	3600		262.15		   6025398		-999.00
6416	1511460833	3600		262.15		   6025398		-999.00
6417	1511445233	-15600		262.32		   6025398		-999.00
6413	1511463430	1200		266.88		  18571884		744.50
6413	1511467030	3600		266.51		   6100618		753.50
6413	1511470630	3600		266.51		   6098166		751.50
6413	1511474230	3600		266.51		   6096740		763.50
6413	1511477830	3600		266.51		   6099550		755.00
6413	1511481430	3600		266.51		   6143901		751.50
6413	1511485030	3600		266.51		   6089861		752.00
6413	1511488630	3600		266.51		   6111062		747.50
6413	1511492230	3600		266.51		   6097658		753.00
6413	1511495830	3600		266.51		   6062844		751.00
6413	1511499430	3600		266.51		   6094388		752.00
6413	1511503030	3600		266.51		   6111720		751.00
6413	1511506630	3600		266.51		   6099508		751.50
6413	1511510230	3600		266.51		   6086855		751.50
6413	1511513830	3600		266.51		   6063895		751.00
6413	1511517430	3600		266.51		   6088486		752.50
6413	1511521030	3600		266.51		   6107227		752.00
6413	1511524630	3600		266.51		   6096835		751.00
6413	1511528230	3600		266.51		   6072232		752.00
6413	1511531830	3600		266.51		   6083864		751.00
6413	1511535430	3600		266.50		   6054128		751.50
6413	1511539030	3600		266.50		   6017757		752.00
6413	1511542630	3600		266.51		   6058899		751.00
6413	1511546230	3600		266.51		   6103546		751.50
6413	1511549830	3600		266.51		   6057184		751.50
6413	1511553430	3600		266.51		   6123683		752.50
6413	1511557030	3600		266.51		   6079178		752.50
6413	1511560630	3600		266.51		   6065673		752.50
6413	1511564230	3600		266.50		   6017801		754.00
6413	1511565273	1043		266.50		   6018007		754.50
6414	1511566473	1200		266.15		   6018007		-999.00
6415	1511570073	3600		266.49		   6018007		-999.00
6416	1511573673	3600		266.49		   6018007		-999.00
6417	1511577273	3600		261.98		   6018007		-999.00
6418	1511565273	-12000		262.32		   6018007		-999.00
6415	1511581573	1200		266.67		  11517130		732.50
6415	1511585173	3600		266.50		   6046801		750.50
6415	1511588773	3600		266.51		   6100255		751.50
6415	1511592373	3600		266.50		   6054199		751.00
6415	1511595973	3600		266.51		   6102900		751.00
6415	1511599573	3600		266.50		   6052010		751.00
6415	1511603173	3600		266.51		   6100073		751.50
6415	1511606773	3600		266.51		   6109123		751.50
6415	1511610373	3600		266.51		   6106674		751.50
6415	1511613973	3600		266.51		   6070156		752.00
6415	1511617573	3600		266.51		   6066867		752.50
6415	1511621173	3600		266.51		   6104001		752.50
6415	1511624773	3600		266.51		   6058840		751.50
6415	1511628373	3600		266.51		   6103166		751.00
6415	1511631973	3600		266.51		   6060150		751.00
6415	1511635573	3600		266.51		   6098574		751.00
6415	1511639173	3600		266.50		   6035709		750.50
6415	1511642623	3450		266.50		   6047712		751.50
6416	1511643823	1200		266.49		   6047712		-999.00
6417	1511647423	3600		262.32		   6047712		-999.00
6418	1511651023	3600		262.15		   6047712		-999.00
6419	1511654623	3600		261.98		   6047712		-999.00
6420	1511642623	-12000		262.32		   6047712		-999.00
6417	1511659070	1200		266.35		   6526958		755.00
6417	1511662670	3600		266.34		   6103233		752.00
6417	1511666270	3600		266.33		   6044721		752.50
6417	1511669870	3600		266.34		   6111524		751.00
6417	1511673470	3600		266.33		   6054062		751.50
6417	1511677070	3600		266.33		   6046793		750.50
6417	1511680670	3600		266.34		   6104506		751.00
6417	1511684270	3600		266.34		   6057330		751.00
6417	1511687870	3600		266.50		   5881270		772.00
6417	1511688687	817		266.74		  13876127		753.00
