Fill	Timestamp [s]	Duration [s]	Temperature [K]	Fluence [n_eq/cm2/s]	Leakage_current [mA/cm2]
5698	1495543942	1200		267.64		    123104		  7.00
5698	1495547542	3600		267.64		    125682		  7.00
5698	1495551142	3600		267.64		    113856		  7.00
5698	1495554742	3600		267.64		    102658		  7.00
5698	1495558342	3600		267.64		     87560		  7.00
5698	1495561942	3600		267.63		     55183		  7.00
5698	1495565542	3600		267.63		     51616		  7.00
5698	1495569142	3600		267.63		     50251		  7.00
5698	1495572742	3600		267.63		     49453		  7.00
5698	1495573934	1192		262.48		     41998		  1.00
5699	1495575134	1200		261.96		     41998		-999.00
5700	1495578734	3600		267.25		     41998		-999.00
5701	1495573934	-4800		262.48		     41998		-999.00
5699	1495581879	1200		267.77		     74228		  7.00
5699	1495585479	3600		267.60		     78825		  7.00
5699	1495589079	3600		267.60		     73517		  7.00
5699	1495592679	3600		267.60		     69524		  7.00
5699	1495595130	2451		267.60		     65711		  7.00
5700	1495596330	1200		267.60		     65711		-999.00
5701	1495599930	3600		261.77		     65711		-999.00
5702	1495603530	3600		261.77		     65711		-999.00
5703	1495607130	3600		261.60		     65711		-999.00
5704	1495610730	3600		261.60		     65711		-999.00
5705	1495614330	3600		267.23		     65711		-999.00
5706	1495617930	3600		268.47		     65711		-999.00
5707	1495621530	3600		268.13		     65711		-999.00
5708	1495625130	3600		268.13		     65711		-999.00
5709	1495628730	3600		268.30		     65711		-999.00
5710	1495632330	3600		268.13		     65711		-999.00
5711	1495635930	3600		268.13		     65711		-999.00
5712	1495639530	3600		268.47		     65711		-999.00
5713	1495643130	3600		268.47		     65711		-999.00
5714	1495646730	3600		267.81		     65711		-999.00
5715	1495650330	3600		267.81		     65711		-999.00
5716	1495653930	3600		267.81		     65711		-999.00
5717	1495657530	3600		267.81		     65711		-999.00
5718	1495661130	3600		267.81		     65711		-999.00
5719	1495664730	3600		267.64		     65711		-999.00
5720	1495595130	-69600		267.60		     65711		-999.00
5704	1495668562	1200		267.50		    304134		  7.50
5704	1495672162	3600		267.50		    319485		  7.50
5704	1495675762	3600		267.50		    297968		  7.50
5704	1495679362	3600		267.50		    279229		  7.50
5704	1495682962	3600		267.50		    265388		  7.50
5704	1495686562	3600		267.50		    250588		  7.50
5704	1495690162	3600		267.50		    237378		  7.50
5704	1495693762	3600		267.50		    226889		  7.50
5704	1495693931	169		267.50		    207217		  7.50
5705	1495695131	1200		262.47		    207217		-999.00
5706	1495698731	3600		261.96		    207217		-999.00
5707	1495702331	3600		261.61		    207217		-999.00
5708	1495705931	3600		261.61		    207217		-999.00
5709	1495709531	3600		261.61		    207217		-999.00
5710	1495713131	3600		261.61		    207217		-999.00
5711	1495716731	3600		261.61		    207217		-999.00
5712	1495720331	3600		261.61		    207217		-999.00
5713	1495723931	3600		261.61		    207217		-999.00
5714	1495727531	3600		261.61		    207217		-999.00
5715	1495731131	3600		261.61		    207217		-999.00
5716	1495734731	3600		261.61		    207217		-999.00
5717	1495738331	3600		261.61		    207217		-999.00
5718	1495741931	3600		261.61		    207217		-999.00
5719	1495745531	3600		267.99		    207217		-999.00
5720	1495749131	3600		268.33		    207217		-999.00
5721	1495752731	3600		267.53		    207217		-999.00
5722	1495693931	-58800		267.49		    207217		-999.00
5710	1495754614	1200		267.70		    231475		  7.00
5710	1495758214	3600		267.70		    239667		  7.00
5710	1495761814	3600		267.70		    227549		  7.00
5710	1495765414	3600		267.70		    216149		  7.00
5710	1495769014	3600		267.70		    203144		  7.00
5710	1495772614	3600		267.70		    194799		  7.00
5710	1495775424	2810		262.57		    187114		  1.00
5711	1495776624	1200		262.39		    187114		-999.00
5712	1495780224	3600		262.05		    187114		-999.00
5713	1495783824	3600		261.87		    187114		-999.00
5714	1495787424	3600		261.87		    187114		-999.00
5715	1495791024	3600		261.87		    187114		-999.00
5716	1495794624	3600		261.87		    187114		-999.00
5717	1495798224	3600		261.87		    187114		-999.00
5718	1495801824	3600		261.87		    187114		-999.00
5719	1495805424	3600		262.04		    187114		-999.00
5720	1495809024	3600		261.87		    187114		-999.00
5721	1495812624	3600		261.87		    187114		-999.00
5722	1495816224	3600		261.87		    187114		-999.00
5723	1495819824	3600		261.87		    187114		-999.00
5724	1495823424	3600		262.21		    187114		-999.00
5725	1495827024	3600		267.74		    187114		-999.00
5726	1495830624	3600		267.74		    187114		-999.00
5727	1495834224	3600		267.74		    187114		-999.00
5728	1495837824	3600		267.74		    187114		-999.00
5729	1495841424	3600		267.74		    187114		-999.00
5730	1495845024	3600		267.40		    187114		-999.00
5731	1495848624	3600		267.40		    187114		-999.00
5732	1495852224	3600		267.57		    187114		-999.00
5733	1495775424	-76800		262.57		    187114		-999.00
5717	1495854712	1200		267.64		   2296569		  7.50
5717	1495858312	3600		267.64		   2175076		  7.50
5717	1495861912	3600		267.64		   2181279		  7.50
5717	1495865512	3600		267.64		   2154559		  7.50
5717	1495869112	3600		267.64		   2082371		  7.50
5717	1495872712	3600		267.63		   2021080		  7.50
5717	1495876312	3600		267.63		   1936878		  7.50
5717	1495879912	3600		267.63		   1880684		  7.50
5717	1495883512	3600		267.63		   1850549		  7.50
5717	1495887112	3600		267.63		   1783522		  7.50
5717	1495887832	720		267.63		   1734766		  7.50
5718	1495889032	1200		267.57		   1734766		-999.00
5719	1495892632	3600		267.57		   1734766		-999.00
5720	1495896232	3600		267.23		   1734766		-999.00
5721	1495899832	3600		267.23		   1734766		-999.00
5722	1495887832	-12000		267.57		   1734766		-999.00
5718	1495901776	1200		267.64		   2103078		  7.50
5718	1495905376	3600		267.63		   2005081		  7.50
5718	1495908976	3600		267.62		   1641736		  7.50
5718	1495912576	3600		267.63		   1948079		  7.50
5718	1495916176	3600		267.63		   1887983		  7.50
5718	1495919776	3600		267.63		   1830071		  7.50
5718	1495923376	3600		267.63		   1785853		  7.50
5718	1495926976	3600		267.62		   1721858		  7.50
5718	1495930417	3441		267.62		   1612969		  7.50
5719	1495931617	1200		267.57		   1612969		-999.00
5720	1495935217	3600		267.57		   1612969		-999.00
5721	1495938817	3600		267.57		   1612969		-999.00
5722	1495942417	3600		267.23		   1612969		-999.00
5723	1495946017	3600		267.57		   1612969		-999.00
5724	1495930417	-15600		267.57		   1612969		-999.00
5719	1495948490	1200		267.62		   1712292		  7.50
5719	1495952090	3600		267.64		   2075776		  7.50
5719	1495955690	3600		267.63		   2009340		  7.50
5719	1495959290	3600		267.63		   1956566		  7.50
5719	1495962646	3356		267.63		   1881870		  7.50
5720	1495963846	1200		267.23		   1881870		-999.00
5721	1495967446	3600		267.23		   1881870		-999.00
5722	1495971046	3600		267.40		   1881870		-999.00
5723	1495974646	3600		267.23		   1881870		-999.00
5724	1495978246	3600		267.57		   1881870		-999.00
5725	1495981846	3600		267.57		   1881870		-999.00
5726	1495985446	3600		267.57		   1881870		-999.00
5727	1495989046	3600		267.57		   1881870		-999.00
5728	1495992646	3600		267.57		   1881870		-999.00
5729	1495962646	-30000		267.57		   1881870		-999.00
5722	1495997092	1200		267.91		  11109358		  7.50
5722	1496000692	3600		267.93		  11877814		  7.50
5722	1496004292	3600		267.92		  11493065		 10.00
5722	1496007892	3600		267.91		  11323981		 10.00
5722	1496011492	3600		267.90		  10951052		 10.00
5722	1496015092	3600		267.89		  10525650		 10.00
5722	1496018692	3600		267.88		  10226382		 10.00
5722	1496022292	3600		267.87		   9874725		 10.00
5722	1496025892	3600		267.86		   9661820		 10.00
5722	1496029492	3600		267.85		   9335885		 10.00
5722	1496033092	3600		267.85		   9135266		 10.00
5722	1496035085	1993		267.84		   8960957		 10.00
5723	1496036285	1200		262.32		   8960957		-999.00
5724	1496039885	3600		261.97		   8960957		-999.00
5725	1496043485	3600		261.63		   8960957		-999.00
5726	1496047085	3600		261.63		   8960957		-999.00
5727	1496050685	3600		261.63		   8960957		-999.00
5728	1496054285	3600		261.63		   8960957		-999.00
5729	1496057885	3600		267.54		   8960957		-999.00
5730	1496061485	3600		267.68		   8960957		-999.00
5731	1496065085	3600		267.65		   8960957		-999.00
5732	1496068685	3600		267.26		   8960957		-999.00
5733	1496072285	3600		267.60		   8960957		-999.00
5734	1496075885	3600		261.85		   8960957		-999.00
5735	1496079485	3600		261.51		   8960957		-999.00
5736	1496083085	3600		261.51		   8960957		-999.00
5737	1496086685	3600		261.51		   8960957		-999.00
5738	1496090285	3600		261.51		   8960957		-999.00
5739	1496093885	3600		261.51		   8960957		-999.00
5740	1496097485	3600		261.51		   8960957		-999.00
5741	1496101085	3600		261.51		   8960957		-999.00
5742	1496104685	3600		261.51		   8960957		-999.00
5743	1496108285	3600		261.85		   8960957		-999.00
5744	1496111885	3600		261.85		   8960957		-999.00
5745	1496115485	3600		261.85		   8960957		-999.00
5746	1496119085	3600		265.51		   8960957		-999.00
5747	1496122685	3600		261.95		   8960957		-999.00
5748	1496126285	3600		267.21		   8960957		-999.00
5749	1496035085	-91200		267.57		   8960957		-999.00
5730	1496127791	1200		267.91		  11960286		  9.50
5730	1496131391	3600		267.93		  12671134		 11.00
5730	1496134991	3600		267.91		  11865779		 10.50
5730	1496138591	3600		267.89		  11203532		 10.50
5730	1496142191	3600		267.87		  10654528		 11.00
5730	1496145791	3600		267.85		  10027123		 11.00
5730	1496149391	3600		267.84		   9521048		 11.50
5730	1496152991	3600		267.77		   7199887		 11.00
5730	1496156591	3600		267.81		   8657414		 11.00
5730	1496160191	3600		267.72		   5586896		 10.50
5730	1496163791	3600		267.79		   8051828		 11.50
5730	1496167391	3600		267.78		   7679350		 11.50
5730	1496170991	3600		267.77		   7301379		 11.00
5730	1496174591	3600		267.76		   7149710		 11.00
5730	1496178191	3600		267.75		   6776528		 11.00
5730	1496181791	3600		267.75		   6559129		 11.00
5730	1496183059	1268		267.75		   6508539		 11.00
5731	1496184259	1200		267.55		   6508539		-999.00
5732	1496187859	3600		267.55		   6508539		-999.00
5733	1496191459	3600		267.55		   6508539		-999.00
5734	1496195059	3600		267.55		   6508539		-999.00
5735	1496198659	3600		267.55		   6508539		-999.00
5736	1496202259	3600		267.55		   6508539		-999.00
5737	1496205859	3600		267.55		   6508539		-999.00
5738	1496209459	3600		267.55		   6508539		-999.00
5739	1496213059	3600		267.55		   6508539		-999.00
5740	1496216659	3600		267.55		   6508539		-999.00
5741	1496220259	3600		267.55		   6508539		-999.00
5742	1496223859	3600		267.55		   6508539		-999.00
5743	1496227459	3600		267.56		   6508539		-999.00
5744	1496231059	3600		267.56		   6508539		-999.00
5745	1496234659	3600		267.56		   6508539		-999.00
5746	1496238259	3600		267.56		   6508539		-999.00
5747	1496241859	3600		267.56		   6508539		-999.00
5748	1496245459	3600		267.56		   6508539		-999.00
5749	1496249059	3600		267.56		   6508539		-999.00
5750	1496252659	3600		267.56		   6508539		-999.00
5751	1496256259	3600		267.56		   6508539		-999.00
5752	1496259859	3600		267.56		   6508539		-999.00
5753	1496263459	3600		267.56		   6508539		-999.00
5754	1496267059	3600		267.52		   6508539		-999.00
5755	1496270659	3600		267.52		   6508539		-999.00
5756	1496274259	3600		267.52		   6508539		-999.00
5757	1496277859	3600		267.52		   6508539		-999.00
5758	1496281459	3600		267.52		   6508539		-999.00
5759	1496285059	3600		267.52		   6508539		-999.00
5760	1496288659	3600		267.52		   6508539		-999.00
5761	1496292259	3600		267.52		   6508539		-999.00
5762	1496295859	3600		267.52		   6508539		-999.00
5763	1496299459	3600		267.52		   6508539		-999.00
5764	1496303059	3600		267.52		   6508539		-999.00
5765	1496306659	3600		267.52		   6508539		-999.00
5766	1496310259	3600		267.52		   6508539		-999.00
5767	1496313859	3600		267.52		   6508539		-999.00
5768	1496317459	3600		267.52		   6508539		-999.00
5769	1496321059	3600		267.52		   6508539		-999.00
5770	1496324659	3600		267.52		   6508539		-999.00
5771	1496328259	3600		261.93		   6508539		-999.00
5772	1496331859	3600		261.59		   6508539		-999.00
5773	1496335459	3600		261.59		   6508539		-999.00
5774	1496339059	3600		261.59		   6508539		-999.00
5775	1496342659	3600		261.59		   6508539		-999.00
5776	1496346259	3600		261.59		   6508539		-999.00
5777	1496349859	3600		261.59		   6508539		-999.00
5778	1496353459	3600		261.59		   6508539		-999.00
5779	1496357059	3600		261.59		   6508539		-999.00
5780	1496360659	3600		261.59		   6508539		-999.00
5781	1496364259	3600		261.59		   6508539		-999.00
5782	1496367859	3600		261.76		   6508539		-999.00
5783	1496371459	3600		261.76		   6508539		-999.00
5784	1496375059	3600		261.76		   6508539		-999.00
5785	1496378659	3600		267.56		   6508539		-999.00
5786	1496382259	3600		268.60		   6508539		-999.00
5787	1496385859	3600		261.68		   6508539		-999.00
5788	1496389459	3600		267.12		   6508539		-999.00
5789	1496393059	3600		267.63		   6508539		-999.00
5790	1496396659	3600		267.63		   6508539		-999.00
5791	1496400259	3600		267.63		   6508539		-999.00
5792	1496403859	3600		267.46		   6508539		-999.00
5793	1496407459	3600		267.63		   6508539		-999.00
5794	1496411059	3600		262.75		   6508539		-999.00
5795	1496414659	3600		261.70		   6508539		-999.00
5796	1496418259	3600		261.70		   6508539		-999.00
5797	1496421859	3600		261.70		   6508539		-999.00
5798	1496425459	3600		261.70		   6508539		-999.00
5799	1496429059	3600		261.70		   6508539		-999.00
5800	1496432659	3600		261.70		   6508539		-999.00
5801	1496436259	3600		261.70		   6508539		-999.00
5802	1496439859	3600		261.70		   6508539		-999.00
5803	1496443459	3600		261.70		   6508539		-999.00
5804	1496447059	3600		261.87		   6508539		-999.00
5805	1496450659	3600		261.87		   6508539		-999.00
5806	1496454259	3600		267.49		   6508539		-999.00
5807	1496457859	3600		267.49		   6508539		-999.00
5808	1496183059	-274800		267.55		   6508539		-999.00
5737	1496460061	1200		267.86		  12506579		 12.00
5737	1496463661	3600		267.86		   6704360		 12.00
5737	1496467261	3600		267.83		    227364		 12.00
5737	1496470861	3600		267.83		    226697		 12.00
5737	1496474461	3600		267.83		    222887		 12.00
5737	1496478061	3600		267.83		    224237		 12.00
5737	1496481661	3600		262.45		    235846		  2.50
5737	1496485261	3600		261.60		    269780		  2.50
5737	1496487110	1849		261.60		    293620		  2.50
5738	1496488310	1200		261.59		    293620		-999.00
5739	1496491910	3600		261.59		    293620		-999.00
5740	1496495510	3600		261.59		    293620		-999.00
5741	1496499110	3600		261.59		    293620		-999.00
5742	1496502710	3600		261.59		    293620		-999.00
5743	1496506310	3600		261.59		    293620		-999.00
5744	1496509910	3600		261.59		    293620		-999.00
5745	1496513510	3600		261.59		    293620		-999.00
5746	1496517110	3600		261.59		    293620		-999.00
5747	1496520710	3600		261.59		    293620		-999.00
5748	1496524310	3600		261.59		    293620		-999.00
5749	1496527910	3600		261.59		    293620		-999.00
5750	1496531510	3600		267.06		    293620		-999.00
5751	1496535110	3600		268.46		    293620		-999.00
5752	1496538710	3600		267.88		    293620		-999.00
5753	1496542310	3600		267.37		    293620		-999.00
5754	1496545910	3600		267.37		    293620		-999.00
5755	1496549510	3600		267.37		    293620		-999.00
5756	1496553110	3600		267.37		    293620		-999.00
5757	1496556710	3600		267.37		    293620		-999.00
5758	1496560310	3600		267.37		    293620		-999.00
5759	1496563910	3600		267.37		    293620		-999.00
5760	1496567510	3600		267.37		    293620		-999.00
5761	1496571110	3600		267.37		    293620		-999.00
5762	1496574710	3600		267.37		    293620		-999.00
5763	1496578310	3600		267.37		    293620		-999.00
5764	1496581910	3600		267.37		    293620		-999.00
5765	1496585510	3600		267.37		    293620		-999.00
5766	1496589110	3600		267.38		    293620		-999.00
5767	1496592710	3600		267.38		    293620		-999.00
5768	1496596310	3600		267.38		    293620		-999.00
5769	1496599910	3600		267.55		    293620		-999.00
5770	1496603510	3600		267.38		    293620		-999.00
5771	1496607110	3600		267.21		    293620		-999.00
5772	1496610710	3600		267.55		    293620		-999.00
5773	1496487110	-123600		261.59		    293620		-999.00
5746	1496614138	1200		268.37		  21549863		 13.50
5746	1496617738	3600		268.31		  19711576		 13.50
5746	1496621338	3600		268.23		  16928553		 13.50
5746	1496624938	3600		268.33		  20176437		 13.50
5746	1496628538	3600		268.28		  18816559		 13.50
5746	1496632138	3600		268.26		  17932228		 13.50
5746	1496635738	3600		268.24		  17243151		 13.50
5746	1496639338	3600		268.20		  16128469		 13.50
5746	1496642938	3600		268.18		  15357891		 13.50
5746	1496646538	3600		268.16		  14780096		 13.50
5746	1496650138	3600		268.12		  13405597		 13.50
5746	1496651353	1215		268.13		  13700250		 13.50
5747	1496652553	1200		267.38		  13700250		-999.00
5748	1496656153	3600		267.55		  13700250		-999.00
5749	1496659753	3600		267.55		  13700250		-999.00
5750	1496663353	3600		267.55		  13700250		-999.00
5751	1496666953	3600		267.38		  13700250		-999.00
5752	1496670553	3600		267.38		  13700250		-999.00
5753	1496674153	3600		267.55		  13700250		-999.00
5754	1496677753	3600		267.21		  13700250		-999.00
5755	1496681353	3600		267.55		  13700250		-999.00
5756	1496684953	3600		267.55		  13700250		-999.00
5757	1496688553	3600		267.55		  13700250		-999.00
5758	1496651353	-37200		267.72		  13700250		-999.00
5759	1496692113	1200		267.72		  13700250		-999.00
5760	1496695713	3600		267.55		  13700250		-999.00
5761	1496699313	3600		267.55		  13700250		-999.00
5762	1496702913	3600		267.55		  13700250		-999.00
5763	1496690913	-12000		267.72		  13700250		-999.00
5750	1496704583	1200		268.30		  19248927		 15.00
5750	1496708183	3600		268.34		  20680666		 15.00
5750	1496711783	3600		268.30		  19396061		 15.00
5750	1496715383	3600		268.27		  18455646		 15.00
5750	1496718983	3600		268.25		  17688895		 15.00
5750	1496722583	3600		268.22		  16748229		 15.00
5750	1496724041	1458		268.21		  16431729		 15.00
5751	1496725241	1200		267.72		  16431729		-999.00
5752	1496728841	3600		267.72		  16431729		-999.00
5753	1496732441	3600		267.72		  16431729		-999.00
5754	1496736041	3600		267.72		  16431729		-999.00
5755	1496739641	3600		267.72		  16431729		-999.00
5756	1496743241	3600		261.80		  16431729		-999.00
5757	1496746841	3600		261.63		  16431729		-999.00
5758	1496750441	3600		261.63		  16431729		-999.00
5759	1496754041	3600		261.63		  16431729		-999.00
5760	1496757641	3600		261.63		  16431729		-999.00
5761	1496761241	3600		261.63		  16431729		-999.00
5762	1496764841	3600		261.63		  16431729		-999.00
5763	1496768441	3600		261.63		  16431729		-999.00
5764	1496772041	3600		261.63		  16431729		-999.00
5765	1496775641	3600		261.63		  16431729		-999.00
5766	1496779241	3600		261.63		  16431729		-999.00
5767	1496782841	3600		261.63		  16431729		-999.00
5768	1496786441	3600		261.63		  16431729		-999.00
5769	1496790041	3600		261.63		  16431729		-999.00
5770	1496793641	3600		261.63		  16431729		-999.00
5771	1496797241	3600		261.63		  16431729		-999.00
5772	1496800841	3600		261.63		  16431729		-999.00
5773	1496804441	3600		261.63		  16431729		-999.00
5774	1496808041	3600		261.63		  16431729		-999.00
5775	1496811641	3600		261.63		  16431729		-999.00
5776	1496815241	3600		261.63		  16431729		-999.00
5777	1496818841	3600		261.63		  16431729		-999.00
5778	1496822441	3600		261.63		  16431729		-999.00
5779	1496826041	3600		261.80		  16431729		-999.00
5780	1496829641	3600		261.80		  16431729		-999.00
5781	1496833241	3600		261.80		  16431729		-999.00
5782	1496836841	3600		261.80		  16431729		-999.00
5783	1496840441	3600		261.80		  16431729		-999.00
5784	1496844041	3600		261.80		  16431729		-999.00
5785	1496847641	3600		261.62		  16431729		-999.00
5786	1496851241	3600		261.62		  16431729		-999.00
5787	1496854841	3600		261.62		  16431729		-999.00
5788	1496858441	3600		261.62		  16431729		-999.00
5789	1496862041	3600		261.62		  16431729		-999.00
5790	1496865641	3600		261.62		  16431729		-999.00
5791	1496869241	3600		261.62		  16431729		-999.00
5792	1496872841	3600		261.62		  16431729		-999.00
5793	1496876441	3600		261.62		  16431729		-999.00
5794	1496880041	3600		261.62		  16431729		-999.00
5795	1496883641	3600		261.62		  16431729		-999.00
5796	1496887241	3600		261.62		  16431729		-999.00
5797	1496890841	3600		261.62		  16431729		-999.00
5798	1496894441	3600		261.62		  16431729		-999.00
5799	1496898041	3600		261.80		  16431729		-999.00
5800	1496901641	3600		261.80		  16431729		-999.00
5801	1496905241	3600		261.80		  16431729		-999.00
5802	1496908841	3600		261.80		  16431729		-999.00
5803	1496912441	3600		261.80		  16431729		-999.00
5804	1496916041	3600		261.62		  16431729		-999.00
5805	1496919641	3600		261.62		  16431729		-999.00
5806	1496923241	3600		261.62		  16431729		-999.00
5807	1496926841	3600		261.62		  16431729		-999.00
5808	1496930441	3600		261.62		  16431729		-999.00
5809	1496934041	3600		261.62		  16431729		-999.00
5810	1496937641	3600		261.62		  16431729		-999.00
5811	1496941241	3600		261.62		  16431729		-999.00
5812	1496944841	3600		261.62		  16431729		-999.00
5813	1496948441	3600		261.62		  16431729		-999.00
5814	1496952041	3600		261.62		  16431729		-999.00
5815	1496955641	3600		261.62		  16431729		-999.00
5816	1496959241	3600		261.62		  16431729		-999.00
5817	1496962841	3600		261.62		  16431729		-999.00
5818	1496966441	3600		261.62		  16431729		-999.00
5819	1496970041	3600		261.62		  16431729		-999.00
5820	1496973641	3600		261.62		  16431729		-999.00
5821	1496977241	3600		261.62		  16431729		-999.00
5822	1496980841	3600		261.62		  16431729		-999.00
5823	1496984441	3600		261.62		  16431729		-999.00
5824	1496988041	3600		261.62		  16431729		-999.00
5825	1496991641	3600		266.42		  16431729		-999.00
5826	1496995241	3600		267.28		  16431729		-999.00
5827	1496998841	3600		267.45		  16431729		-999.00
5828	1497002441	3600		267.45		  16431729		-999.00
5829	1497006041	3600		267.45		  16431729		-999.00
5830	1497009641	3600		267.78		  16431729		-999.00
5831	1497013241	3600		267.95		  16431729		-999.00
5832	1497016841	3600		262.00		  16431729		-999.00
5833	1497020441	3600		261.83		  16431729		-999.00
5834	1497024041	3600		261.83		  16431729		-999.00
5835	1497027641	3600		261.83		  16431729		-999.00
5836	1497031241	3600		261.83		  16431729		-999.00
5837	1497034841	3600		261.83		  16431729		-999.00
5838	1497038441	3600		261.83		  16431729		-999.00
5839	1497042041	3600		261.83		  16431729		-999.00
5840	1497045641	3600		261.83		  16431729		-999.00
5841	1497049241	3600		261.83		  16431729		-999.00
5842	1497052841	3600		261.83		  16431729		-999.00
5843	1497056441	3600		261.83		  16431729		-999.00
5844	1497060041	3600		261.83		  16431729		-999.00
5845	1497063641	3600		261.83		  16431729		-999.00
5846	1497067241	3600		261.83		  16431729		-999.00
5847	1497070841	3600		261.83		  16431729		-999.00
5848	1497074441	3600		261.83		  16431729		-999.00
5849	1497078041	3600		261.83		  16431729		-999.00
5850	1497081641	3600		261.83		  16431729		-999.00
5851	1497085241	3600		261.83		  16431729		-999.00
5852	1497088841	3600		261.83		  16431729		-999.00
5853	1497092441	3600		261.83		  16431729		-999.00
5854	1497096041	3600		261.83		  16431729		-999.00
5855	1497099641	3600		261.83		  16431729		-999.00
5856	1497103241	3600		261.83		  16431729		-999.00
5857	1497106841	3600		261.83		  16431729		-999.00
5858	1497110441	3600		261.83		  16431729		-999.00
5859	1497114041	3600		261.83		  16431729		-999.00
5860	1497117641	3600		261.83		  16431729		-999.00
5861	1497121241	3600		261.83		  16431729		-999.00
5862	1497124841	3600		261.83		  16431729		-999.00
5863	1497128441	3600		261.83		  16431729		-999.00
5864	1497132041	3600		261.83		  16431729		-999.00
5865	1497135641	3600		261.83		  16431729		-999.00
5866	1497139241	3600		261.83		  16431729		-999.00
5867	1497142841	3600		261.83		  16431729		-999.00
5868	1497146441	3600		261.83		  16431729		-999.00
5869	1497150041	3600		261.83		  16431729		-999.00
5870	1497153641	3600		261.83		  16431729		-999.00
5871	1497157241	3600		261.83		  16431729		-999.00
5872	1497160841	3600		261.83		  16431729		-999.00
5873	1497164441	3600		261.83		  16431729		-999.00
5874	1497168041	3600		261.66		  16431729		-999.00
5875	1497171641	3600		261.66		  16431729		-999.00
5876	1497175241	3600		261.66		  16431729		-999.00
5877	1497178841	3600		261.66		  16431729		-999.00
5878	1497182441	3600		261.66		  16431729		-999.00
5879	1497186041	3600		261.66		  16431729		-999.00
5880	1497189641	3600		261.66		  16431729		-999.00
5881	1497193241	3600		261.66		  16431729		-999.00
5882	1497196841	3600		261.66		  16431729		-999.00
5883	1497200441	3600		261.66		  16431729		-999.00
5884	1497204041	3600		261.66		  16431729		-999.00
5885	1497207641	3600		261.66		  16431729		-999.00
5886	1497211241	3600		261.66		  16431729		-999.00
5887	1497214841	3600		261.66		  16431729		-999.00
5888	1497218441	3600		261.66		  16431729		-999.00
5889	1497222041	3600		261.66		  16431729		-999.00
5890	1497225641	3600		261.66		  16431729		-999.00
5891	1497229241	3600		261.66		  16431729		-999.00
5892	1497232841	3600		261.66		  16431729		-999.00
5893	1497236441	3600		261.66		  16431729		-999.00
5894	1497240041	3600		261.66		  16431729		-999.00
5895	1497243641	3600		261.66		  16431729		-999.00
5896	1497247241	3600		267.74		  16431729		-999.00
5897	1497250841	3600		268.42		  16431729		-999.00
5898	1496724041	-526800		267.72		  16431729		-999.00
5822	1497254345	1200		267.56		    169632		 14.50
5822	1497257945	3600		267.56		    177562		  8.00
5822	1497261545	3600		267.56		    176148		  8.00
5822	1497261701	156		267.56		    227197		  8.00
5823	1497262901	1200		263.55		    227197		-999.00
5824	1497266501	3600		267.27		    227197		-999.00
5825	1497270101	3600		267.62		    227197		-999.00
5826	1497273701	3600		267.28		    227197		-999.00
5827	1497277301	3600		267.62		    227197		-999.00
5828	1497261701	-15600		267.55		    227197		-999.00
5824	1497281954	1200		268.56		  31197429		 17.00
5824	1497285554	3600		268.50		  29063725		 17.00
5824	1497289154	3600		268.47		  28167549		  9.50
5824	1497292754	3600		268.42		  26473344		  8.50
5824	1497293422	668		268.16		  17959856		  8.50
5825	1497294622	1200		267.45		  17959856		-999.00
5826	1497298222	3600		267.45		  17959856		-999.00
5827	1497301822	3600		267.62		  17959856		-999.00
5828	1497293422	-8400		267.62		  17959856		-999.00
5825	1497304989	1200		269.05		  47536916		 16.50
5825	1497305984	995		269.15		  51034170		 21.50
5826	1497307184	1200		267.62		  51034170		-999.00
5827	1497310784	3600		267.29		  51034170		-999.00
5828	1497314384	3600		267.29		  51034170		-999.00
5829	1497317984	3600		267.29		  51034170		-999.00
5830	1497321584	3600		267.29		  51034170		-999.00
5831	1497325184	3600		267.29		  51034170		-999.00
5832	1497328784	3600		267.62		  51034170		-999.00
5833	1497332384	3600		267.62		  51034170		-999.00
5834	1497335984	3600		267.62		  51034170		-999.00
5835	1497339584	3600		267.62		  51034170		-999.00
5836	1497343184	3600		267.62		  51034170		-999.00
5837	1497346784	3600		267.62		  51034170		-999.00
5838	1497350384	3600		267.62		  51034170		-999.00
5839	1497353984	3600		267.62		  51034170		-999.00
5840	1497357584	3600		267.62		  51034170		-999.00
5841	1497361184	3600		267.62		  51034170		-999.00
5842	1497364784	3600		267.62		  51034170		-999.00
5843	1497368384	3600		267.62		  51034170		-999.00
5844	1497371984	3600		267.62		  51034170		-999.00
5845	1497375584	3600		267.62		  51034170		-999.00
5846	1497379184	3600		267.62		  51034170		-999.00
5847	1497382784	3600		267.62		  51034170		-999.00
5848	1497386384	3600		267.62		  51034170		-999.00
5849	1497389984	3600		267.62		  51034170		-999.00
5850	1497393584	3600		267.29		  51034170		-999.00
5851	1497397184	3600		267.45		  51034170		-999.00
5852	1497400784	3600		267.62		  51034170		-999.00
5853	1497404384	3600		267.62		  51034170		-999.00
5854	1497407984	3600		267.29		  51034170		-999.00
5855	1497411584	3600		267.29		  51034170		-999.00
5856	1497305984	-105600		267.62		  51034170		-999.00
5830	1497415818	1200		268.95		  44179877		 21.50
5830	1497419418	3600		268.98		  45336394		 21.50
5830	1497423018	3600		268.85		  41000312		 21.50
5830	1497426618	3600		268.71		  36593701		 20.50
5830	1497430218	3600		268.74		  37659207		 20.50
5830	1497433818	3600		268.59		  32582824		 21.00
5830	1497437418	3600		268.63		  33816947		 21.00
5830	1497441018	3600		268.50		  29554326		 21.50
5830	1497443221	2203		268.56		  31592452		 21.50
5831	1497444421	1200		267.61		  31592452		-999.00
5832	1497448021	3600		267.61		  31592452		-999.00
5833	1497451621	3600		267.61		  31592452		-999.00
5834	1497455221	3600		267.28		  31592452		-999.00
5835	1497458821	3600		267.28		  31592452		-999.00
5836	1497462421	3600		267.45		  31592452		-999.00
5837	1497443221	-19200		267.61		  31592452		-999.00
5833	1497464685	1200		268.83		  40658560		 23.00
5833	1497468285	3600		268.91		  43265650		 23.00
5833	1497471885	3600		268.83		  40429285		 23.00
5833	1497475485	3600		268.75		  37736767		 23.00
5833	1497477032	1547		268.71		  36476660		 23.00
5834	1497478232	1200		267.61		  36476660		-999.00
5835	1497481832	3600		267.61		  36476660		-999.00
5836	1497485432	3600		267.61		  36476660		-999.00
5837	1497489032	3600		267.28		  36476660		-999.00
5838	1497492632	3600		267.45		  36476660		-999.00
5839	1497477032	-15600		267.61		  36476660		-999.00
5834	1497494478	1200		268.82		  40195482		 24.50
5834	1497498078	3600		268.90		  42901183		 24.50
5834	1497501678	3600		268.80		  39482708		 24.50
5834	1497505278	3600		268.72		  36895772		 24.50
5834	1497508878	3600		268.65		  34713103		 24.50
5834	1497512478	3600		268.59		  32451579		 24.50
5834	1497516078	3600		268.53		  30538159		 24.50
5834	1497519678	3600		268.28		  28011109		 11.00
5834	1497522631	2953		268.23		  26056370		 11.00
5835	1497523831	1200		267.61		  26056370		-999.00
5836	1497527431	3600		267.61		  26056370		-999.00
5837	1497531031	3600		267.61		  26056370		-999.00
5838	1497534631	3600		267.61		  26056370		-999.00
5839	1497538231	3600		267.61		  26056370		-999.00
5840	1497541831	3600		267.61		  26056370		-999.00
5841	1497545431	3600		267.28		  26056370		-999.00
5842	1497549031	3600		267.44		  26056370		-999.00
5843	1497552631	3600		267.61		  26056370		-999.00
5844	1497556231	3600		267.44		  26056370		-999.00
5845	1497559831	3600		267.61		  26056370		-999.00
5846	1497522631	-37200		267.44		  26056370		-999.00
5837	1497561154	1200		269.10		  49832309		 29.00
5837	1497564754	3600		269.20		  53119952		 29.00
5837	1497568354	3600		269.07		  48749620		 29.00
5837	1497571954	3600		268.96		  45015923		 29.00
5837	1497575554	3600		268.86		  41837248		 29.00
5837	1497579154	3600		268.79		  39447348		 29.00
5837	1497582754	3600		268.72		  37244064		 29.00
5837	1497586354	3600		268.65		  34664390		 29.00
5837	1497589954	3600		268.57		  32118546		 25.50
5837	1497593554	3600		268.48		  29109432		 29.00
5837	1497597154	3600		268.47		  28686526		 29.50
5837	1497600754	3600		268.47		  28775643		 29.50
5837	1497601904	1150		268.45		  28164463		 29.50
5838	1497603104	1200		267.78		  28164463		-999.00
5839	1497606704	3600		267.44		  28164463		-999.00
5840	1497610304	3600		267.44		  28164463		-999.00
5841	1497601904	-8400		267.61		  28164463		-999.00
5838	1497611661	1200		269.26		  55184003		 33.50
5838	1497615261	3600		269.12		  50372124		 33.50
5838	1497618861	3600		269.00		  46553121		 33.00
5838	1497621644	2783		268.99		  46202178		 33.00
5839	1497622844	1200		267.61		  46202178		-999.00
5840	1497626444	3600		267.61		  46202178		-999.00
5841	1497630044	3600		267.61		  46202178		-999.00
5842	1497633644	3600		267.61		  46202178		-999.00
5843	1497621644	-12000		267.61		  46202178		-999.00
5839	1497635310	1200		269.13		  50833099		 35.00
5839	1497638910	3600		269.23		  54059518		 35.00
5839	1497642510	3600		269.12		  50528586		 35.00
5839	1497646110	3600		269.04		  47743828		 35.00
5839	1497649710	3600		268.90		  43047693		 35.50
5839	1497653310	3600		268.89		  42801963		 35.50
5839	1497656910	3600		268.79		  39458788		 35.50
5839	1497657191	281		268.77		  38833549		 35.50
5840	1497658391	1200		267.61		  38833549		-999.00
5841	1497661991	3600		267.27		  38833549		-999.00
5842	1497665591	3600		267.61		  38833549		-999.00
5843	1497657191	-8400		267.61		  38833549		-999.00
5840	1497669586	1200		269.13		  50840851		 37.00
5840	1497673186	3600		269.24		  54371585		 37.00
5840	1497676786	3600		269.10		  49879235		 37.00
5840	1497680386	3600		268.92		  43923659		 38.50
5840	1497683986	3600		268.98		  45691991		 38.50
5840	1497687586	3600		268.88		  42521541		 38.50
5840	1497691186	3600		268.75		  38049283		 38.00
5840	1497694363	3177		268.72		  36959573		 38.50
5841	1497695563	1200		267.61		  36959573		-999.00
5842	1497699163	3600		267.61		  36959573		-999.00
5843	1497702763	3600		267.61		  36959573		-999.00
5844	1497706363	3600		267.55		  36959573		-999.00
5845	1497709963	3600		267.47		  36959573		-999.00
5846	1497713563	3600		267.47		  36959573		-999.00
5847	1497717163	3600		267.64		  36959573		-999.00
5848	1497694363	-22800		267.61		  36959573		-999.00
5842	1497721255	1200		269.57		  64199093		 42.50
5842	1497724855	3600		269.71		  68869925		 42.50
5842	1497728455	3600		269.56		  63975252		 42.50
5842	1497732055	3600		269.45		  60184228		 42.50
5842	1497735655	3600		269.32		  56026755		 42.50
5842	1497739255	3600		269.21		  52205126		 43.50
5842	1497742855	3600		269.16		  50702609		 43.50
5842	1497746455	3600		269.09		  48168523		 43.50
5842	1497750055	3600		268.96		  44106820		 43.50
5842	1497753655	3600		268.95		  43586533		 43.50
5842	1497756016	2361		268.90		  42083508		 43.50
5843	1497757216	1200		267.64		  42083508		-999.00
5844	1497760816	3600		267.64		  42083508		-999.00
5845	1497764416	3600		267.64		  42083508		-999.00
5846	1497768016	3600		267.64		  42083508		-999.00
5847	1497771616	3600		267.64		  42083508		-999.00
5848	1497775216	3600		267.47		  42083508		-999.00
5849	1497778816	3600		267.64		  42083508		-999.00
5850	1497782416	3600		267.64		  42083508		-999.00
5851	1497756016	-26400		267.64		  42083508		-999.00
5845	1497783619	1200		269.84		  73201709		 48.00
5845	1497787219	3600		269.90		  75414597		 48.00
5845	1497790819	3600		269.77		  70836944		 48.00
5845	1497792233	1414		269.69		  68261981		 48.00
5846	1497793433	1200		267.64		  68261981		-999.00
5847	1497797033	3600		267.64		  68261981		-999.00
5848	1497800633	3600		267.54		  68261981		-999.00
5849	1497804233	3600		265.61		  68261981		-999.00
5850	1497807833	3600		267.38		  68261981		-999.00
5851	1497811433	3600		267.38		  68261981		-999.00
5852	1497815033	3600		267.72		  68261981		-999.00
5853	1497818633	3600		267.72		  68261981		-999.00
5854	1497822233	3600		267.72		  68261981		-999.00
5855	1497825833	3600		267.72		  68261981		-999.00
5856	1497829433	3600		267.72		  68261981		-999.00
5857	1497833033	3600		267.72		  68261981		-999.00
5858	1497836633	3600		267.72		  68261981		-999.00
5859	1497840233	3600		267.72		  68261981		-999.00
5860	1497843833	3600		267.72		  68261981		-999.00
5861	1497847433	3600		267.72		  68261981		-999.00
5862	1497851033	3600		267.72		  68261981		-999.00
5863	1497854633	3600		267.38		  68261981		-999.00
5864	1497858233	3600		267.38		  68261981		-999.00
5865	1497861833	3600		267.38		  68261981		-999.00
5866	1497865433	3600		267.38		  68261981		-999.00
5867	1497869033	3600		267.38		  68261981		-999.00
5868	1497872633	3600		267.38		  68261981		-999.00
5869	1497876233	3600		267.38		  68261981		-999.00
5870	1497879833	3600		267.38		  68261981		-999.00
5871	1497883433	3600		267.38		  68261981		-999.00
5872	1497887033	3600		267.38		  68261981		-999.00
5873	1497792233	-94800		267.64		  68261981		-999.00
5848	1497888823	1200		269.94		  73913274		 48.50
5848	1497892423	3600		270.04		  77218771		 51.00
5848	1497896023	3600		269.83		  70224139		 51.00
5848	1497899623	3600		269.73		  66937371		 51.00
5848	1497903223	3600		269.65		  64227831		 51.00
5848	1497906823	3600		269.52		  60047666		 51.00
5848	1497910423	3600		269.40		  55961585		 51.00
5848	1497914023	3600		269.33		  53515434		 51.00
5848	1497917623	3600		269.24		  50477204		 51.00
5848	1497921223	3600		269.11		  46159193		 50.00
5848	1497924823	3600		269.08		  45176102		 50.00
5848	1497928423	3600		269.01		  43030390		 50.00
5848	1497932023	3600		268.95		  40861939		 50.00
5848	1497935623	3600		268.88		  38601500		 50.00
5848	1497939223	3600		268.82		  36463310		 50.00
5848	1497942823	3600		268.73		  33424681		 16.50
5848	1497945795	2972		268.33		  31592071		 16.50
5849	1497946995	1200		267.38		  31592071		-999.00
5850	1497950595	3600		267.38		  31592071		-999.00
5851	1497954195	3600		266.72		  31592071		-999.00
5852	1497957795	3600		267.42		  31592071		-999.00
5853	1497945795	-12000		267.38		  31592071		-999.00
5849	1497959301	1200		270.04		  81668436		 59.50
5849	1497962901	3600		270.38		  87129574		 59.50
5849	1497966501	3600		270.20		  81117240		 59.50
5849	1497970101	3600		270.10		  77656015		 59.50
5849	1497973701	3600		269.94		  72238887		 59.50
5849	1497977301	3600		269.81		  67978101		 62.00
5849	1497980901	3600		269.72		  65087820		 62.00
5849	1497984501	3600		269.60		  61046729		 62.00
5849	1497988101	3600		269.48		  56946469		 61.50
5849	1497991701	3600		269.38		  53780736		 61.00
5849	1497995301	3600		269.33		  51914914		 61.00
5849	1497998901	3600		269.23		  48608928		 61.00
5849	1498002501	3600		269.15		  45851601		 61.00
5849	1498006101	3600		269.08		  43594142		 61.00
5849	1498009701	3600		269.00		  40897169		 61.00
5849	1498013301	3600		268.94		  39090093		 61.00
5849	1498016901	3600		268.87		  36823947		 61.00
5849	1498020501	3600		268.83		  35215054		 61.00
5849	1498024101	3600		268.77		  33275661		 61.00
5849	1498027701	3600		268.73		  31862985		 61.00
5849	1498031301	3600		268.69		  30555095		 61.00
5849	1498034901	3600		268.43		  27804763		 18.00
5849	1498037462	2561		268.43		  27817033		 18.00
5850	1498038662	1200		267.60		  27817033		-999.00
5851	1498042262	3600		267.43		  27817033		-999.00
5852	1498045862	3600		267.43		  27817033		-999.00
5853	1498049462	3600		267.43		  27817033		-999.00
5854	1498053062	3600		267.43		  27817033		-999.00
5855	1498056662	3600		267.43		  27817033		-999.00
5856	1498060262	3600		267.43		  27817033		-999.00
5857	1498063862	3600		267.43		  27817033		-999.00
5858	1498067462	3600		267.43		  27817033		-999.00
5859	1498071062	3600		267.43		  27817033		-999.00
5860	1498074662	3600		267.43		  27817033		-999.00
5861	1498078262	3600		267.43		  27817033		-999.00
5862	1498081862	3600		267.43		  27817033		-999.00
5863	1498037462	-44400		267.60		  27817033		-999.00
5856	1498085200	1200		271.03		 102981147		 70.00
5856	1498088800	3600		270.71		  98162875		 72.00
5856	1498092400	3600		270.59		  94042058		 72.00
5856	1498096000	3600		270.41		  87922213		 72.00
5856	1498099600	3600		270.25		  82828300		 72.00
5856	1498103200	3600		270.12		  78168423		 72.00
5856	1498106800	3600		269.99		  73978930		 74.50
5856	1498110400	3600		269.88		  70493568		 72.00
5856	1498114000	3600		269.75		  66048744		 72.00
5856	1498117600	3600		269.66		  62973591		 74.50
5856	1498121200	3600		269.57		  59931028		 74.50
5856	1498124800	3600		269.48		  56908590		 74.50
5856	1498128400	3600		269.16		  52008198		 19.00
5856	1498129704	1304		269.15		  51559229		 19.00
5857	1498130904	1200		267.60		  51559229		-999.00
5858	1498134504	3600		267.60		  51559229		-999.00
5859	1498138104	3600		267.43		  51559229		-999.00
5860	1498141704	3600		267.43		  51559229		-999.00
5861	1498145304	3600		267.43		  51559229		-999.00
5862	1498148904	3600		267.43		  51559229		-999.00
5863	1498152504	3600		267.43		  51559229		-999.00
5864	1498156104	3600		267.60		  51559229		-999.00
5865	1498159704	3600		267.42		  51559229		-999.00
5866	1498163304	3600		267.42		  51559229		-999.00
5867	1498166904	3600		267.59		  51559229		-999.00
5868	1498170504	3600		267.59		  51559229		-999.00
5869	1498174104	3600		267.59		  51559229		-999.00
5870	1498177704	3600		267.59		  51559229		-999.00
5871	1498129704	-48000		267.60		  51559229		-999.00
5862	1498182174	1200		270.68		  91782023		 80.00
5862	1498184488	2314		270.87		  97912769		 80.00
5863	1498185688	1200		267.76		  97912769		-999.00
5864	1498189288	3600		267.59		  97912769		-999.00
5865	1498192888	3600		267.59		  97912769		-999.00
5866	1498196488	3600		267.59		  97912769		-999.00
5867	1498200088	3600		267.59		  97912769		-999.00
5868	1498203688	3600		267.59		  97912769		-999.00
5869	1498207288	3600		267.59		  97912769		-999.00
5870	1498210888	3600		267.41		  97912769		-999.00
5871	1498214488	3600		267.41		  97912769		-999.00
5872	1498184488	-30000		267.93		  97912769		-999.00
5864	1498218856	1200		269.97		  79393440		 77.50
5864	1498222456	3600		270.29		  84566662		 80.00
5864	1498226056	3600		270.16		  80195284		 80.00
5864	1498229656	3600		270.00		  74813962		 80.00
5864	1498233256	3600		269.92		  72305314		 80.00
5864	1498236856	3600		269.78		  67627554		 80.00
5864	1498239467	2611		269.69		  64532391		 80.00
5865	1498240667	1200		267.75		  64532391		-999.00
5866	1498244267	3600		267.58		  64532391		-999.00
5867	1498247867	3600		267.58		  64532391		-999.00
5868	1498251467	3600		267.58		  64532391		-999.00
5869	1498255067	3600		267.58		  64532391		-999.00
5870	1498239467	-15600		267.75		  64532391		-999.00
5865	1498258876	1200		270.94		 100396017		 85.50
5865	1498262476	3600		270.66		  91253013		 85.00
5865	1498266076	3600		270.57		  88060114		 85.00
5865	1498269676	3600		270.26		  83500634		 85.00
5865	1498273276	3600		270.11		  78673739		 85.00
5865	1498276876	3600		270.03		  75759761		 85.00
5865	1498280476	3600		269.88		  70832504		 85.00
5865	1498284076	3600		269.81		  68477364		 87.50
5865	1498287676	3600		269.68		  64321620		 85.00
5865	1498291276	3600		269.58		  60952818		 85.00
5865	1498292546	1270		269.51		  58450150		 87.50
5866	1498293746	1200		267.75		  58450150		-999.00
5867	1498297346	3600		267.58		  58450150		-999.00
5868	1498300946	3600		267.58		  58450150		-999.00
5869	1498304546	3600		267.75		  58450150		-999.00
5870	1498308146	3600		267.75		  58450150		-999.00
5871	1498311746	3600		267.39		  58450150		-999.00
5872	1498315346	3600		267.56		  58450150		-999.00
5873	1498318946	3600		267.56		  58450150		-999.00
5874	1498322546	3600		267.56		  58450150		-999.00
5875	1498292546	-30000		267.75		  58450150		-999.00
5868	1498327102	1200		270.76		  95239136		 92.00
5868	1498330702	3600		271.09		 106090763		 94.50
5868	1498332556	1854		270.98		 102572271		 94.50
5869	1498333756	1200		267.73		 102572271		-999.00
5870	1498337356	3600		267.56		 102572271		-999.00
5871	1498340956	3600		267.56		 102572271		-999.00
5872	1498332556	-8400		267.90		 102572271		-999.00
5873	1498346315	1200		267.73		 102572271		-999.00
5874	1498349915	3600		267.56		 102572271		-999.00
5875	1498353515	3600		267.56		 102572271		-999.00
5876	1498357115	3600		267.56		 102572271		-999.00
5877	1498360715	3600		267.56		 102572271		-999.00
5878	1498345115	-15600		267.90		 102572271		-999.00
5872	1498362935	1200		270.71		  93534622		 91.50
5872	1498366535	3600		270.83		  97390683		 94.50
5872	1498370135	3600		270.65		  91462769		 94.50
5872	1498373735	3600		270.50		  86652712		 94.50
5872	1498377335	3600		270.36		  81809583		 94.50
5872	1498380935	3600		270.22		  77151476		 94.50
5872	1498384535	3600		270.08		  72572631		 94.50
5872	1498388135	3600		270.00		  69882281		 94.50
5872	1498391735	3600		269.87		  65543135		 94.50
5872	1498395335	3600		269.77		  62375320		 94.50
5872	1498398935	3600		269.53		  59963074		 97.00
5872	1498402535	3600		269.37		  54497666		 94.00
5872	1498406135	3600		269.35		  53851374		 94.00
5872	1498409735	3600		269.25		  50632985		 94.00
5872	1498413335	3600		269.18		  48381642		 94.00
5872	1498416935	3600		269.11		  45987711		 94.00
5872	1498420535	3600		269.00		  42060347		 94.00
5872	1498421031	496		269.09		  45353115		 94.00
5873	1498422231	1200		263.56		  45353115		-999.00
5874	1498425831	3600		263.56		  45353115		-999.00
5875	1498421031	-4800		263.73		  45353115		-999.00
5873	1498430191	1200		270.81		  97026827		106.00
5873	1498433791	3600		271.01		 103641090		103.50
5873	1498437391	3600		270.76		  95331256		106.00
5873	1498440991	3600		270.57		  89053795		106.00
5873	1498444591	3600		270.41		  83646655		106.00
5873	1498448191	3600		270.30		  80001111		106.00
5873	1498451791	3600		270.17		  75656610		106.00
5873	1498455391	3600		270.06		  72047452		106.00
5873	1498458991	3600		269.94		  67740626		106.00
5873	1498462591	3600		269.84		  64584855		106.00
5873	1498466191	3600		269.73		  60881410		106.00
5873	1498466372	181		269.26		  45348982		106.00
5874	1498467572	1200		267.90		  45348982		-999.00
5875	1498471172	3600		263.56		  45348982		-999.00
5876	1498474772	3600		263.56		  45348982		-999.00
5877	1498478372	3600		263.56		  45348982		-999.00
5878	1498481972	3600		263.39		  45348982		-999.00
5879	1498485572	3600		263.39		  45348982		-999.00
5880	1498489172	3600		263.39		  45348982		-999.00
5881	1498492772	3600		263.56		  45348982		-999.00
5882	1498496372	3600		263.39		  45348982		-999.00
5883	1498499972	3600		263.39		  45348982		-999.00
5884	1498503572	3600		263.39		  45348982		-999.00
5885	1498507172	3600		263.56		  45348982		-999.00
5886	1498510772	3600		263.56		  45348982		-999.00
5887	1498466372	-44400		263.90		  45348982		-999.00
5876	1498513169	1200		270.80		  96921260		114.00
5876	1498516769	3600		270.97		 102358625		112.00
5876	1498520369	3600		270.77		  95918269		112.00
5876	1498523969	3600		270.57		  89082740		114.50
5876	1498527569	3600		270.28		  85107517		112.00
5876	1498531169	3600		270.13		  80041850		112.00
5876	1498534769	3600		269.79		  74317397		109.50
5876	1498538369	3600		269.69		  71092173		112.00
5876	1498541969	3600		269.55		  66585361		112.00
5876	1498545569	3600		269.43		  62578189		112.00
5876	1498549169	3600		269.35		  59647493		112.00
5876	1498550756	1587		269.32		  58726450		112.00
5877	1498551956	1200		267.56		  58726450		-999.00
5878	1498555556	3600		267.56		  58726450		-999.00
5879	1498559156	3600		267.56		  58726450		-999.00
5880	1498562756	3600		263.39		  58726450		-999.00
5881	1498566356	3600		263.56		  58726450		-999.00
5882	1498550756	-15600		263.56		  58726450		-999.00
5878	1498569513	1200		271.00		 103359814		119.00
5878	1498573113	3600		270.64		  91502220		121.00
5878	1498576713	3600		270.62		  90940453		121.00
5878	1498580313	3600		270.50		  86726061		118.50
5878	1498583913	3600		270.34		  81320876		121.00
5878	1498587513	3600		270.24		  78201269		121.00
5878	1498591113	3600		270.10		  73495566		121.00
5878	1498594713	3600		269.96		  68891191		121.00
5878	1498598313	3600		269.87		  65737029		121.00
5878	1498601913	3600		269.79		  63222010		121.00
5878	1498605513	3600		269.69		  59789399		121.00
5878	1498609113	3600		269.41		  56180192		121.00
5878	1498612713	3600		269.34		  53618420		121.00
5878	1498614006	1293		269.25		  50883689		121.00
5879	1498615206	1200		267.73		  50883689		-999.00
5880	1498618806	3600		267.73		  50883689		-999.00
5881	1498622406	3600		263.56		  50883689		-999.00
5882	1498626006	3600		263.56		  50883689		-999.00
5883	1498629606	3600		263.56		  50883689		-999.00
5884	1498633206	3600		263.56		  50883689		-999.00
5885	1498636806	3600		263.56		  50883689		-999.00
5886	1498614006	-22800		263.73		  50883689		-999.00
5880	1498638507	1200		270.64		  97156678		128.00
5880	1498642107	3600		270.78		 101711059		130.50
5880	1498644055	1948		270.64		  96981618		130.50
5881	1498645255	1200		267.73		  96981618		-999.00
5882	1498648855	3600		267.90		  96981618		-999.00
5883	1498652455	3600		267.90		  96981618		-999.00
5884	1498656055	3600		263.64		  96981618		-999.00
5885	1498659655	3600		263.64		  96981618		-999.00
5886	1498663255	3600		263.64		  96981618		-999.00
5887	1498644055	-19200		263.73		  96981618		-999.00
5882	1498664876	1200		270.66		 100822440		132.50
5882	1498668476	3600		270.84		 106790136		132.50
5882	1498672076	3600		270.68		 101292123		132.50
5882	1498675676	3600		270.55		  96897238		133.50
5882	1498679276	3600		270.26		  87351614		134.00
5882	1498682876	3600		269.64		  66537744		132.00
5882	1498686476	3600		269.73		  69821799		133.00
5882	1498690076	3600		269.92		  76083409		130.50
5882	1498693676	3600		269.82		  72706298		133.00
5882	1498697276	3600		269.73		  69605474		133.50
5882	1498699786	2510		269.63		  66427843		131.00
5883	1498700986	1200		267.64		  66427843		-999.00
5884	1498704586	3600		263.64		  66427843		-999.00
5885	1498708186	3600		263.64		  66427843		-999.00
5886	1498699786	-8400		263.64		  66427843		-999.00
5883	1498710319	1200		270.29		  88290052		139.50
5883	1498713919	3600		270.78		 104705818		141.00
5883	1498717519	3600		270.63		  99795536		141.00
5883	1498721119	3600		270.49		  95029676		140.50
5883	1498724719	3600		270.29		  88191800		140.50
5883	1498728319	3600		270.20		  85414890		140.50
5883	1498729901	1582		270.08		  81419725		125.00
5884	1498731101	1200		267.64		  81419725		-999.00
5885	1498734701	3600		263.64		  81419725		-999.00
5886	1498738301	3600		263.64		  81419725		-999.00
5887	1498741901	3600		263.64		  81419725		-999.00
5888	1498729901	-12000		263.64		  81419725		-999.00
5889	1498746389	1200		267.64		  81419725		-999.00
5890	1498749989	3600		267.64		  81419725		-999.00
5891	1498753589	3600		267.64		  81419725		-999.00
5892	1498757189	3600		263.64		  81419725		-999.00
5893	1498760789	3600		263.64		  81419725		-999.00
5894	1498745189	-15600		263.64		  81419725		-999.00
5887	1498762146	1200		270.71		 102440277		145.50
5887	1498765746	3600		270.85		 106844849		145.00
5887	1498769346	3600		270.70		 102116926		140.00
5887	1498772946	3600		270.55		  97042662		145.50
5887	1498775337	2391		270.39		  91719858		145.50
5888	1498776537	1200		267.64		  91719858		-999.00
5889	1498780137	3600		267.64		  91719858		-999.00
5890	1498783737	3600		267.64		  91719858		-999.00
5891	1498787337	3600		258.17		  91719858		-999.00
5892	1498790937	3600		258.17		  91719858		-999.00
5893	1498794537	3600		257.65		  91719858		-999.00
5894	1498798137	3600		257.65		  91719858		-999.00
5895	1498801737	3600		261.60		  91719858		-999.00
5896	1498805337	3600		261.60		  91719858		-999.00
5897	1498808937	3600		261.60		  91719858		-999.00
5898	1498812537	3600		261.60		  91719858		-999.00
5899	1498816137	3600		261.60		  91719858		-999.00
5900	1498819737	3600		261.60		  91719858		-999.00
5901	1498823337	3600		261.60		  91719858		-999.00
5902	1498826937	3600		261.60		  91719858		-999.00
5903	1498830537	3600		261.60		  91719858		-999.00
5904	1498834137	3600		261.60		  91719858		-999.00
5905	1498837737	3600		261.60		  91719858		-999.00
5906	1498841337	3600		261.60		  91719858		-999.00
5907	1498844937	3600		261.60		  91719858		-999.00
5908	1498848537	3600		261.60		  91719858		-999.00
5909	1498852137	3600		261.60		  91719858		-999.00
5910	1498855737	3600		261.60		  91719858		-999.00
5911	1498859337	3600		261.60		  91719858		-999.00
5912	1498862937	3600		261.60		  91719858		-999.00
5913	1498866537	3600		261.60		  91719858		-999.00
5914	1498870137	3600		261.60		  91719858		-999.00
5915	1498873737	3600		261.60		  91719858		-999.00
5916	1498877337	3600		261.60		  91719858		-999.00
5917	1498880937	3600		261.60		  91719858		-999.00
5918	1498884537	3600		261.60		  91719858		-999.00
5919	1498888137	3600		261.60		  91719858		-999.00
5920	1498891737	3600		261.60		  91719858		-999.00
5921	1498895337	3600		261.60		  91719858		-999.00
5922	1498898937	3600		261.60		  91719858		-999.00
5923	1498902537	3600		261.60		  91719858		-999.00
5924	1498906137	3600		261.60		  91719858		-999.00
5925	1498909737	3600		261.60		  91719858		-999.00
5926	1498913337	3600		261.60		  91719858		-999.00
5927	1498916937	3600		261.60		  91719858		-999.00
5928	1498920537	3600		261.60		  91719858		-999.00
5929	1498924137	3600		261.60		  91719858		-999.00
5930	1498927737	3600		261.60		  91719858		-999.00
5931	1498931337	3600		261.60		  91719858		-999.00
5932	1498934937	3600		261.60		  91719858		-999.00
5933	1498938537	3600		261.60		  91719858		-999.00
5934	1498942137	3600		261.60		  91719858		-999.00
5935	1498945737	3600		261.60		  91719858		-999.00
5936	1498949337	3600		261.60		  91719858		-999.00
5937	1498952937	3600		261.60		  91719858		-999.00
5938	1498956537	3600		261.60		  91719858		-999.00
5939	1498960137	3600		261.60		  91719858		-999.00
5940	1498963737	3600		261.60		  91719858		-999.00
5941	1498967337	3600		261.60		  91719858		-999.00
5942	1498970937	3600		261.60		  91719858		-999.00
5943	1498974537	3600		261.60		  91719858		-999.00
5944	1498978137	3600		261.60		  91719858		-999.00
5945	1498981737	3600		261.60		  91719858		-999.00
5946	1498985337	3600		261.60		  91719858		-999.00
5947	1498988937	3600		261.60		  91719858		-999.00
5948	1498992537	3600		261.60		  91719858		-999.00
5949	1498996137	3600		261.60		  91719858		-999.00
5950	1498999737	3600		261.60		  91719858		-999.00
5951	1499003337	3600		261.60		  91719858		-999.00
5952	1499006937	3600		261.60		  91719858		-999.00
5953	1499010537	3600		261.60		  91719858		-999.00
5954	1499014137	3600		261.60		  91719858		-999.00
5955	1499017737	3600		261.60		  91719858		-999.00
5956	1499021337	3600		261.60		  91719858		-999.00
5957	1499024937	3600		261.60		  91719858		-999.00
5958	1499028537	3600		261.60		  91719858		-999.00
5959	1499032137	3600		261.60		  91719858		-999.00
5960	1499035737	3600		261.60		  91719858		-999.00
5961	1499039337	3600		261.60		  91719858		-999.00
5962	1499042937	3600		261.60		  91719858		-999.00
5963	1499046537	3600		261.60		  91719858		-999.00
5964	1499050137	3600		261.60		  91719858		-999.00
5965	1499053737	3600		261.94		  91719858		-999.00
5966	1499057337	3600		267.25		  91719858		-999.00
5967	1499060937	3600		267.42		  91719858		-999.00
5968	1499064537	3600		265.32		  91719858		-999.00
5969	1499068137	3600		267.41		  91719858		-999.00
5970	1499071737	3600		267.58		  91719858		-999.00
5971	1499075337	3600		267.58		  91719858		-999.00
5972	1499078937	3600		267.56		  91719858		-999.00
5973	1499082537	3600		267.56		  91719858		-999.00
5974	1499086137	3600		267.73		  91719858		-999.00
5975	1499089737	3600		267.73		  91719858		-999.00
5976	1499093337	3600		267.73		  91719858		-999.00
5977	1499096937	3600		267.73		  91719858		-999.00
5978	1499100537	3600		267.73		  91719858		-999.00
5979	1499104137	3600		267.73		  91719858		-999.00
5980	1499107737	3600		267.73		  91719858		-999.00
5981	1499111337	3600		267.73		  91719858		-999.00
5982	1499114937	3600		267.73		  91719858		-999.00
5983	1499118537	3600		267.73		  91719858		-999.00
5984	1499122137	3600		267.73		  91719858		-999.00
5985	1499125737	3600		267.73		  91719858		-999.00
5986	1499129337	3600		267.73		  91719858		-999.00
5987	1499132937	3600		267.73		  91719858		-999.00
5988	1499136537	3600		267.73		  91719858		-999.00
5989	1499140137	3600		267.73		  91719858		-999.00
5990	1499143737	3600		266.18		  91719858		-999.00
5991	1499147337	3600		266.18		  91719858		-999.00
5992	1499150937	3600		266.18		  91719858		-999.00
5993	1499154537	3600		266.18		  91719858		-999.00
5994	1499158137	3600		266.18		  91719858		-999.00
5995	1499161737	3600		266.18		  91719858		-999.00
5996	1499165337	3600		266.18		  91719858		-999.00
5997	1499168937	3600		266.18		  91719858		-999.00
5998	1499172537	3600		266.18		  91719858		-999.00
5999	1499176137	3600		266.18		  91719858		-999.00
6000	1499179737	3600		266.18		  91719858		-999.00
6001	1499183337	3600		266.18		  91719858		-999.00
6002	1499186937	3600		266.18		  91719858		-999.00
6003	1499190537	3600		266.18		  91719858		-999.00
6004	1499194137	3600		266.18		  91719858		-999.00
6005	1499197737	3600		266.18		  91719858		-999.00
6006	1499201337	3600		266.18		  91719858		-999.00
6007	1499204937	3600		266.18		  91719858		-999.00
6008	1499208537	3600		266.18		  91719858		-999.00
6009	1499212137	3600		266.18		  91719858		-999.00
6010	1499215737	3600		266.18		  91719858		-999.00
6011	1499219337	3600		266.18		  91719858		-999.00
6012	1499222937	3600		266.18		  91719858		-999.00
6013	1499226537	3600		266.18		  91719858		-999.00
6014	1499230137	3600		266.18		  91719858		-999.00
6015	1499233737	3600		266.00		  91719858		-999.00
6016	1499237337	3600		266.34		  91719858		-999.00
6017	1499240937	3600		266.34		  91719858		-999.00
6018	1499244537	3600		266.34		  91719858		-999.00
6019	1499248137	3600		266.34		  91719858		-999.00
6020	1499251737	3600		266.34		  91719858		-999.00
6021	1499255337	3600		266.17		  91719858		-999.00
6022	1499258937	3600		266.17		  91719858		-999.00
6023	1499262537	3600		266.17		  91719858		-999.00
6024	1499266137	3600		266.17		  91719858		-999.00
6025	1499269737	3600		266.17		  91719858		-999.00
6026	1499273337	3600		266.17		  91719858		-999.00
6027	1499276937	3600		266.17		  91719858		-999.00
6028	1499280537	3600		266.17		  91719858		-999.00
6029	1499284137	3600		266.17		  91719858		-999.00
6030	1499287737	3600		266.17		  91719858		-999.00
6031	1499291337	3600		266.17		  91719858		-999.00
6032	1499294937	3600		266.17		  91719858		-999.00
6033	1499298537	3600		266.17		  91719858		-999.00
6034	1499302137	3600		266.17		  91719858		-999.00
6035	1499305737	3600		266.17		  91719858		-999.00
6036	1499309337	3600		266.17		  91719858		-999.00
6037	1499312937	3600		266.17		  91719858		-999.00
6038	1499316537	3600		266.17		  91719858		-999.00
6039	1499320137	3600		266.17		  91719858		-999.00
6040	1499323737	3600		266.17		  91719858		-999.00
6041	1499327337	3600		266.17		  91719858		-999.00
6042	1499330937	3600		266.17		  91719858		-999.00
6043	1499334537	3600		266.17		  91719858		-999.00
6044	1499338137	3600		266.17		  91719858		-999.00
6045	1499341737	3600		266.17		  91719858		-999.00
6046	1499345337	3600		266.17		  91719858		-999.00
6047	1499348937	3600		266.17		  91719858		-999.00
6048	1499352537	3600		266.17		  91719858		-999.00
6049	1499356137	3600		266.17		  91719858		-999.00
6050	1499359737	3600		266.17		  91719858		-999.00
6051	1499363337	3600		266.17		  91719858		-999.00
6052	1499366937	3600		266.17		  91719858		-999.00
6053	1499370537	3600		266.17		  91719858		-999.00
6054	1499374137	3600		266.17		  91719858		-999.00
6055	1499377737	3600		266.17		  91719858		-999.00
6056	1499381337	3600		266.17		  91719858		-999.00
6057	1499384937	3600		266.17		  91719858		-999.00
6058	1499388537	3600		266.17		  91719858		-999.00
6059	1499392137	3600		266.17		  91719858		-999.00
6060	1499395737	3600		266.17		  91719858		-999.00
6061	1499399337	3600		266.17		  91719858		-999.00
6062	1499402937	3600		266.17		  91719858		-999.00
6063	1499406537	3600		266.17		  91719858		-999.00
6064	1499410137	3600		266.17		  91719858		-999.00
6065	1499413737	3600		266.17		  91719858		-999.00
6066	1499417337	3600		266.17		  91719858		-999.00
6067	1499420937	3600		262.17		  91719858		-999.00
6068	1499424537	3600		260.07		  91719858		-999.00
6069	1499428137	3600		260.37		  91719858		-999.00
6070	1499431737	3600		260.37		  91719858		-999.00
6071	1499435337	3600		260.37		  91719858		-999.00
6072	1499438937	3600		266.53		  91719858		-999.00
6073	1499442537	3600		265.89		  91719858		-999.00
6074	1499446137	3600		265.89		  91719858		-999.00
6075	1499449737	3600		260.11		  91719858		-999.00
6076	1499453337	3600		259.76		  91719858		-999.00
6077	1499456937	3600		259.76		  91719858		-999.00
6078	1499460537	3600		259.76		  91719858		-999.00
6079	1499464137	3600		259.76		  91719858		-999.00
6080	1499467737	3600		259.76		  91719858		-999.00
6081	1499471337	3600		259.76		  91719858		-999.00
6082	1499474937	3600		260.10		  91719858		-999.00
6083	1499478537	3600		259.76		  91719858		-999.00
6084	1499482137	3600		259.76		  91719858		-999.00
6085	1499485737	3600		259.76		  91719858		-999.00
6086	1499489337	3600		259.76		  91719858		-999.00
6087	1499492937	3600		259.76		  91719858		-999.00
6088	1499496537	3600		259.76		  91719858		-999.00
6089	1499500137	3600		259.76		  91719858		-999.00
6090	1499503737	3600		259.76		  91719858		-999.00
6091	1499507337	3600		259.76		  91719858		-999.00
6092	1499510937	3600		259.76		  91719858		-999.00
6093	1499514537	3600		259.76		  91719858		-999.00
6094	1499518137	3600		259.76		  91719858		-999.00
6095	1499521737	3600		259.76		  91719858		-999.00
6096	1499525337	3600		259.76		  91719858		-999.00
6097	1499528937	3600		259.76		  91719858		-999.00
6098	1499532537	3600		259.76		  91719858		-999.00
6099	1499536137	3600		259.76		  91719858		-999.00
6100	1499539737	3600		259.76		  91719858		-999.00
6101	1499543337	3600		259.76		  91719858		-999.00
6102	1499546937	3600		259.76		  91719858		-999.00
6103	1499550537	3600		259.76		  91719858		-999.00
6104	1499554137	3600		259.76		  91719858		-999.00
6105	1499557737	3600		259.76		  91719858		-999.00
6106	1499561337	3600		259.76		  91719858		-999.00
6107	1499564937	3600		259.76		  91719858		-999.00
6108	1499568537	3600		259.76		  91719858		-999.00
6109	1499572137	3600		259.76		  91719858		-999.00
6110	1499575737	3600		259.76		  91719858		-999.00
6111	1499579337	3600		259.93		  91719858		-999.00
6112	1499582937	3600		259.76		  91719858		-999.00
6113	1499586537	3600		259.76		  91719858		-999.00
6114	1499590137	3600		259.76		  91719858		-999.00
6115	1499593737	3600		259.76		  91719858		-999.00
6116	1499597337	3600		259.76		  91719858		-999.00
6117	1499600937	3600		259.76		  91719858		-999.00
6118	1499604537	3600		259.76		  91719858		-999.00
6119	1499608137	3600		259.76		  91719858		-999.00
6120	1499611737	3600		264.03		  91719858		-999.00
6121	1499615337	3600		262.23		  91719858		-999.00
6122	1499618937	3600		262.40		  91719858		-999.00
6123	1498775337	-843600		263.64		  91719858		-999.00
6124	1499621135	1200		266.05		  91719858		-999.00
6125	1499624735	3600		266.05		  91719858		-999.00
6126	1499628335	3600		266.05		  91719858		-999.00
6127	1499631935	3600		261.88		  91719858		-999.00
6128	1499635535	3600		256.74		  91719858		-999.00
6129	1499619935	-15600		262.40		  91719858		-999.00
5920	1499637720	1200		259.08		      8727		 17.00
5920	1499641320	3600		266.26		      8345		108.50
5920	1499644920	3600		256.53		      8178		 10.50
5920	1499647414	2494		256.00		      7798		 10.50
5921	1499648614	1200		256.00		      7798		-999.00
5922	1499652214	3600		256.00		      7798		-999.00
5923	1499655814	3600		256.00		      7798		-999.00
5924	1499659414	3600		256.00		      7798		-999.00
5925	1499663014	3600		256.00		      7798		-999.00
5926	1499666614	3600		256.00		      7798		-999.00
5927	1499670214	3600		255.87		      7798		-999.00
5928	1499673814	3600		256.03		      7798		-999.00
5929	1499677414	3600		256.03		      7798		-999.00
5930	1499681014	3600		255.81		      7798		-999.00
5931	1499684614	3600		255.87		      7798		-999.00
5932	1499688214	3600		255.87		      7798		-999.00
5933	1499691814	3600		255.93		      7798		-999.00
5934	1499695414	3600		255.92		      7798		-999.00
5935	1499699014	3600		256.02		      7798		-999.00
5936	1499702614	3600		255.86		      7798		-999.00
5937	1499706214	3600		255.76		      7798		-999.00
5938	1499709814	3600		255.99		      7798		-999.00
5939	1499713414	3600		255.95		      7798		-999.00
5940	1499717014	3600		255.92		      7798		-999.00
5941	1499720614	3600		255.89		      7798		-999.00
5942	1499724214	3600		255.76		      7798		-999.00
5943	1499727814	3600		255.87		      7798		-999.00
5944	1499731414	3600		255.98		      7798		-999.00
5945	1499735014	3600		255.98		      7798		-999.00
5946	1499738614	3600		255.95		      7798		-999.00
5947	1499742214	3600		255.88		      7798		-999.00
5948	1499745814	3600		255.84		      7798		-999.00
5949	1499749414	3600		259.58		      7798		-999.00
5950	1499753014	3600		263.09		      7798		-999.00
5951	1499647414	-105600		256.00		      7798		-999.00
5930	1499757287	1200		266.02		   2263255		101.50
5930	1499760887	3600		265.99		   2135354		104.00
5930	1499764487	3600		266.11		   2071336		104.00
5930	1499765786	1299		266.10		   1793756		104.00
5931	1499766986	1200		262.05		   1793756		-999.00
5932	1499770586	3600		261.93		   1793756		-999.00
5933	1499774186	3600		262.04		   1793756		-999.00
5934	1499777786	3600		262.14		   1793756		-999.00
5935	1499781386	3600		262.17		   1793756		-999.00
5936	1499784986	3600		262.14		   1793756		-999.00
5937	1499788586	3600		262.16		   1793756		-999.00
5938	1499792186	3600		262.27		   1793756		-999.00
5939	1499795786	3600		262.20		   1793756		-999.00
5940	1499799386	3600		262.20		   1793756		-999.00
5941	1499802986	3600		262.15		   1793756		-999.00
5942	1499806586	3600		261.96		   1793756		-999.00
5943	1499810186	3600		262.07		   1793756		-999.00
5944	1499813786	3600		262.15		   1793756		-999.00
5945	1499817386	3600		261.86		   1793756		-999.00
5946	1499820986	3600		262.06		   1793756		-999.00
5947	1499765786	-55200		262.05		   1793756		-999.00
5934	1499823554	1200		266.94		  24138176		107.00
5934	1499827154	3600		266.91		  25350397		107.00
5934	1499830754	3600		266.80		  21511752		104.50
5934	1499834354	3600		265.91		    866825		102.00
5934	1499837954	3600		266.05		    426526		104.50
5934	1499839139	1185		266.11		    451730		104.50
5935	1499840339	1200		261.98		    451730		-999.00
5936	1499843939	3600		266.07		    451730		-999.00
5937	1499847539	3600		266.16		    451730		-999.00
5938	1499851139	3600		266.23		    451730		-999.00
5939	1499854739	3600		266.19		    451730		-999.00
5940	1499858339	3600		266.22		    451730		-999.00
5941	1499861939	3600		266.22		    451730		-999.00
5942	1499865539	3600		266.08		    451730		-999.00
5943	1499869139	3600		266.10		    451730		-999.00
5944	1499872739	3600		261.30		    451730		-999.00
5945	1499876339	3600		261.28		    451730		-999.00
5946	1499879939	3600		274.07		    451730		-999.00
5947	1499883539	3600		274.07		    451730		-999.00
5948	1499887139	3600		274.07		    451730		-999.00
5949	1499890739	3600		274.07		    451730		-999.00
5950	1499894339	3600		274.07		    451730		-999.00
5951	1499897939	3600		274.07		    451730		-999.00
5952	1499901539	3600		274.07		    451730		-999.00
5953	1499905139	3600		274.07		    451730		-999.00
5954	1499908739	3600		274.07		    451730		-999.00
5955	1499912339	3600		274.07		    451730		-999.00
5956	1499915939	3600		274.07		    451730		-999.00
5957	1499919539	3600		274.07		    451730		-999.00
5958	1499923139	3600		274.07		    451730		-999.00
5959	1499926739	3600		274.07		    451730		-999.00
5960	1499930339	3600		274.07		    451730		-999.00
5961	1499933939	3600		274.07		    451730		-999.00
5962	1499937539	3600		274.07		    451730		-999.00
5963	1499941139	3600		274.07		    451730		-999.00
5964	1499944739	3600		274.07		    451730		-999.00
5965	1499948339	3600		274.07		    451730		-999.00
5966	1499951939	3600		274.07		    451730		-999.00
5967	1499955539	3600		270.07		    451730		-999.00
5968	1499959139	3600		270.07		    451730		-999.00
5969	1499962739	3600		274.07		    451730		-999.00
5970	1499966339	3600		274.07		    451730		-999.00
5971	1499969939	3600		270.07		    451730		-999.00
5972	1499973539	3600		270.07		    451730		-999.00
5973	1499977139	3600		270.07		    451730		-999.00
5974	1499980739	3600		270.07		    451730		-999.00
5975	1499984339	3600		274.07		    451730		-999.00
5976	1499987939	3600		274.07		    451730		-999.00
5977	1499991539	3600		270.07		    451730		-999.00
5978	1499995139	3600		270.07		    451730		-999.00
5979	1499998739	3600		274.07		    451730		-999.00
5980	1500002339	3600		270.07		    451730		-999.00
5981	1500005939	3600		270.07		    451730		-999.00
5982	1500009539	3600		270.07		    451730		-999.00
5983	1499839139	-170400		262.10		    451730		-999.00
5942	1500011712	1200		267.68		  49631894		109.00
5942	1500015312	3600		267.66		  53288401		111.50
5942	1500018741	3429		267.69		  48385797		111.00
5943	1500019941	1200		262.04		  48385797		-999.00
5944	1500023541	3600		261.39		  48385797		-999.00
5945	1500027141	3600		261.39		  48385797		-999.00
5946	1500030741	3600		261.92		  48385797		-999.00
5947	1500034341	3600		261.92		  48385797		-999.00
5948	1500037941	3600		262.15		  48385797		-999.00
5949	1500041541	3600		266.15		  48385797		-999.00
5950	1500045141	3600		266.15		  48385797		-999.00
5951	1500048741	3600		266.15		  48385797		-999.00
5952	1500052341	3600		262.15		  48385797		-999.00
5953	1500018741	-33600		262.24		  48385797		-999.00
5954	1500057659	1200		266.04		  48385797		-999.00
5955	1500061259	3600		262.04		  48385797		-999.00
5956	1500064859	3600		262.04		  48385797		-999.00
5957	1500068459	3600		262.04		  48385797		-999.00
5958	1500072059	3600		262.19		  48385797		-999.00
5959	1500056459	-15600		262.25		  48385797		-999.00
5950	1500074368	1200		268.69		  81095695		117.00
5950	1500077968	3600		268.85		  86422114		119.50
5950	1500081568	3600		268.72		  81966938		119.50
5950	1500085168	3600		268.59		  77819490		119.50
5950	1500088768	3600		268.55		  73544109		119.50
5950	1500092368	3600		268.46		  70557691		119.50
5950	1500095968	3600		268.32		  65881442		119.50
5950	1500099568	3600		267.99		  62586793		119.00
5950	1500103168	3600		267.90		  59546754		119.00
5950	1500106768	3600		267.78		  55680579		119.00
5950	1500110002	3234		267.61		  49991972		117.50
5951	1500111202	1200		262.11		  49991972		-999.00
5952	1500114802	3600		261.94		  49991972		-999.00
5953	1500118402	3600		261.94		  49991972		-999.00
5954	1500122002	3600		261.94		  49991972		-999.00
5955	1500110002	-12000		262.11		  49991972		-999.00
5952	1500124010	1200		268.66		  90806503		123.50
5952	1500127483	3473		269.11		  94196259		126.00
5953	1500128683	1200		266.11		  94196259		-999.00
5954	1500132283	3600		266.28		  94196259		-999.00
5955	1500135883	3600		266.28		  94196259		-999.00
5956	1500139483	3600		266.28		  94196259		-999.00
5957	1500143083	3600		266.32		  94196259		-999.00
5958	1500146683	3600		266.32		  94196259		-999.00
5959	1500150283	3600		266.32		  94196259		-999.00
5960	1500153883	3600		262.30		  94196259		-999.00
5961	1500157483	3600		262.16		  94196259		-999.00
5962	1500161083	3600		262.16		  94196259		-999.00
5963	1500127483	-33600		262.28		  94196259		-999.00
5954	1500163174	1200		269.06		  90333584		128.00
5954	1500166774	3600		269.23		  96154677		128.00
5954	1500170374	3600		269.03		  89529429		128.00
5954	1500172351	1977		269.00		  88528206		128.00
5955	1500173551	1200		266.35		  88528206		-999.00
5956	1500177151	3600		266.35		  88528206		-999.00
5957	1500180751	3600		262.00		  88528206		-999.00
5958	1500184351	3600		261.93		  88528206		-999.00
5959	1500187951	3600		261.76		  88528206		-999.00
5960	1500191551	3600		261.93		  88528206		-999.00
5961	1500195151	3600		261.93		  88528206		-999.00
5962	1500198751	3600		261.93		  88528206		-999.00
5963	1500172351	-26400		262.35		  88528206		-999.00
5958	1500201824	1200		268.93		  88343719		129.00
5958	1500205424	3600		269.07		  93200030		129.00
5958	1500209024	3600		268.88		  86767401		129.00
5958	1500212624	3600		268.77		  83259872		129.00
5958	1500216224	3600		268.61		  77913177		131.50
5958	1500219824	3600		268.53		  75164904		127.50
5958	1500221575	1751		268.44		  72005763		130.00
5959	1500222775	1200		266.28		  72005763		-999.00
5960	1500226375	3600		266.28		  72005763		-999.00
5961	1500229975	3600		266.28		  72005763		-999.00
5962	1500233575	3600		266.28		  72005763		-999.00
5963	1500237175	3600		266.28		  72005763		-999.00
5964	1500240775	3600		266.28		  72005763		-999.00
5965	1500244375	3600		266.28		  72005763		-999.00
5966	1500247975	3600		266.28		  72005763		-999.00
5967	1500251575	3600		262.28		  72005763		-999.00
5968	1500255175	3600		262.28		  72005763		-999.00
5969	1500258775	3600		262.28		  72005763		-999.00
5970	1500262375	3600		262.28		  72005763		-999.00
5971	1500265975	3600		262.28		  72005763		-999.00
5972	1500269575	3600		262.28		  72005763		-999.00
5973	1500273175	3600		262.23		  72005763		-999.00
5974	1500276775	3600		262.23		  72005763		-999.00
5975	1500280375	3600		262.23		  72005763		-999.00
5976	1500283975	3600		262.23		  72005763		-999.00
5977	1500287575	3600		262.25		  72005763		-999.00
5978	1500291175	3600		262.04		  72005763		-999.00
5979	1500294775	3600		262.04		  72005763		-999.00
5980	1500298375	3600		256.44		  72005763		-999.00
5981	1500301975	3600		256.26		  72005763		-999.00
5982	1500305575	3600		256.18		  72005763		-999.00
5983	1500309175	3600		266.37		  72005763		-999.00
5984	1500312775	3600		266.37		  72005763		-999.00
5985	1500316375	3600		266.48		  72005763		-999.00
5986	1500319975	3600		266.48		  72005763		-999.00
5987	1500323575	3600		266.46		  72005763		-999.00
5988	1500327175	3600		266.46		  72005763		-999.00
5989	1500330775	3600		266.46		  72005763		-999.00
5990	1500334375	3600		266.46		  72005763		-999.00
5991	1500337975	3600		266.46		  72005763		-999.00
5992	1500341575	3600		262.26		  72005763		-999.00
5993	1500345175	3600		262.43		  72005763		-999.00
5994	1500221575	-123600		262.28		  72005763		-999.00
5960	1500347506	1200		268.84		  86040763		131.00
5960	1500351106	3600		269.07		  93836974		131.00
5960	1500354706	3600		268.87		  87162974		133.50
5960	1500358306	3600		268.70		  83477109		133.50
5960	1500361906	3600		268.57		  78962370		133.50
5960	1500363130	1224		268.47		  75689601		133.50
5961	1500364330	1200		266.20		  75689601		-999.00
5962	1500367930	3600		266.20		  75689601		-999.00
5963	1500371530	3600		266.40		  75689601		-999.00
5964	1500375130	3600		266.40		  75689601		-999.00
5965	1500378730	3600		266.19		  75689601		-999.00
5966	1500382330	3600		262.02		  75689601		-999.00
5967	1500385930	3600		262.19		  75689601		-999.00
5968	1500363130	-22800		262.20		  75689601		-999.00
5962	1500388072	1200		269.03		  96850531		135.50
5962	1500391672	3600		269.27		 104952754		138.00
5962	1500395272	3600		269.35		  98293185		138.00
5962	1500398872	3600		268.68		  92993849		122.50
5962	1500402472	3600		268.79		  87487983		138.00
5962	1500406072	3600		268.64		  82278505		140.50
5962	1500409672	3600		268.62		  76028904		140.50
5962	1500413272	3600		268.51		  72202902		140.50
5962	1500416008	2736		268.39		  68205693		140.50
5963	1500417208	1200		265.64		  68205693		-999.00
5964	1500420808	3600		261.81		  68205693		-999.00
5965	1500416008	-4800		262.34		  68205693		-999.00
5963	1500425597	1200		269.11		  99020604		145.50
5963	1500429197	3600		269.33		 106223551		140.50
5963	1500430703	1506		269.55		 101212945		146.00
5964	1500431903	1200		266.52		 101212945		-999.00
5965	1500435503	3600		266.52		 101212945		-999.00
5966	1500439103	3600		262.16		 101212945		-999.00
5967	1500430703	-8400		262.52		 101212945		-999.00
5965	1500443005	1200		269.31		 105026211		142.00
5965	1500446605	3600		269.29		 104547214		147.00
5965	1500449205	2600		269.44		 100801040		147.00
5966	1500450405	1200		266.42		 100801040		-999.00
5967	1500454005	3600		262.16		 100801040		-999.00
5968	1500457605	3600		262.04		 100801040		-999.00
5969	1500449205	-8400		262.42		 100801040		-999.00
5966	1500459746	1200		269.28		 107867776		145.00
5966	1500459797	51		268.46		  80584552		147.50
5967	1500460997	1200		266.04		  80584552		-999.00
5968	1500464597	3600		262.16		  80584552		-999.00
5969	1500468197	3600		262.19		  80584552		-999.00
5970	1500471797	3600		262.22		  80584552		-999.00
5971	1500475397	3600		262.22		  80584552		-999.00
5972	1500478997	3600		262.24		  80584552		-999.00
5973	1500482597	3600		262.24		  80584552		-999.00
5974	1500486197	3600		262.21		  80584552		-999.00
5975	1500489797	3600		262.06		  80584552		-999.00
5976	1500493397	3600		262.06		  80584552		-999.00
5977	1500496997	3600		262.06		  80584552		-999.00
5978	1500500597	3600		262.06		  80584552		-999.00
5979	1500459797	-40800		262.04		  80584552		-999.00
5971	1500502325	1200		269.73		 112626270		151.00
5971	1500504042	1717		270.00		 121515030		151.00
5972	1500505242	1200		266.35		 121515030		-999.00
5973	1500508842	3600		261.64		 121515030		-999.00
5974	1500512442	3600		262.16		 121515030		-999.00
5975	1500516042	3600		262.16		 121515030		-999.00
5976	1500504042	-12000		262.35		 121515030		-999.00
5974	1500519366	1200		269.03		  95919217		147.50
5974	1500519389	23		266.40		   8045389		147.50
5975	1500520589	1200		266.35		   8045389		-999.00
5976	1500524189	3600		266.35		   8045389		-999.00
5977	1500527789	3600		266.07		   8045389		-999.00
5978	1500531389	3600		266.30		   8045389		-999.00
5979	1500534989	3600		266.30		   8045389		-999.00
5980	1500538589	3600		262.30		   8045389		-999.00
5981	1500542189	3600		262.30		   8045389		-999.00
5982	1500545789	3600		262.23		   8045389		-999.00
5983	1500519389	-26400		262.16		   8045389		-999.00
5976	1500548479	1200		269.48		 109295691		146.00
5976	1500552079	3600		269.27		 102091156		147.50
5976	1500555679	3600		269.30		  94894608		149.50
5976	1500559279	3600		269.25		  93186461		149.00
5976	1500562879	3600		269.10		  88174843		149.00
5976	1500566479	3600		268.99		  84395700		149.00
5976	1500570079	3600		268.81		  78478652		149.00
5976	1500573679	3600		268.66		  73445152		149.50
5976	1500577279	3600		268.47		  67325989		147.00
5976	1500580879	3600		268.41		  65088550		147.00
5976	1500584479	3600		268.25		  60012030		147.00
5976	1500588079	3600		268.15		  56678230		147.00
5976	1500591679	3600		268.04		  53033948		147.00
5976	1500595279	3600		267.97		  50646351		147.00
5976	1500598879	3600		267.86		  46892324		146.50
5976	1500602479	3600		267.79		  44427620		146.50
5976	1500602624	145		268.89		  81162956		146.50
5977	1500603824	1200		262.45		  81162956		-999.00
5978	1500607424	3600		266.45		  81162956		-999.00
5979	1500611024	3600		266.45		  81162956		-999.00
5980	1500614624	3600		266.45		  81162956		-999.00
5981	1500618224	3600		266.45		  81162956		-999.00
5982	1500621824	3600		266.45		  81162956		-999.00
5983	1500625424	3600		266.45		  81162956		-999.00
5984	1500629024	3600		262.45		  81162956		-999.00
5985	1500632624	3600		262.45		  81162956		-999.00
5986	1500636224	3600		262.45		  81162956		-999.00
5987	1500639824	3600		262.45		  81162956		-999.00
5988	1500643424	3600		262.45		  81162956		-999.00
5989	1500647024	3600		262.45		  81162956		-999.00
5990	1500602624	-44400		262.45		  81162956		-999.00
5979	1500650619	1200		269.85		 113121517		156.00
5979	1500654219	3600		269.22		  92133025		150.00
5979	1500657819	3600		268.39		  64621341		157.00
5979	1500661419	3600		269.31		  95317767		157.00
5979	1500665019	3600		269.16		  90116023		157.00
5979	1500668619	3600		269.01		  85081962		157.00
5979	1500672219	3600		268.83		  79258949		157.00
5979	1500675819	3600		268.70		  74939864		157.00
5979	1500679419	3600		268.48		  67541983		157.00
5979	1500683019	3600		268.42		  65526660		157.00
5979	1500686619	3600		268.30		  61612742		157.00
5979	1500690219	3600		268.20		  58098127		157.00
5979	1500693819	3600		268.04		  53006623		157.00
5979	1500697419	3600		262.45		  50197327		 20.00
5979	1500701019	3600		262.45		  47498666		 20.00
5979	1500704619	3600		262.26		  44770920		 20.00
5979	1500704995	376		262.26		  53496407		 20.00
5980	1500706195	1200		262.26		  53496407		-999.00
5981	1500709795	3600		262.34		  53496407		-999.00
5982	1500713395	3600		262.34		  53496407		-999.00
5983	1500704995	-8400		262.26		  53496407		-999.00
5980	1500717582	1200		267.88		  53866460		157.50
5980	1500721182	3600		267.96		  56597348		157.50
5980	1500724782	3600		267.87		  53776262		157.50
5980	1500728382	3600		267.84		  51280718		157.50
5980	1500731982	3600		267.73		  47620281		157.50
5980	1500735582	3600		267.63		  44348780		157.50
5980	1500739182	3600		267.39		  41317153		156.50
5980	1500740301	1119		267.33		  39278002		154.00
5981	1500741501	1200		266.15		  39278002		-999.00
5982	1500745101	3600		262.06		  39278002		-999.00
5983	1500748701	3600		266.06		  39278002		-999.00
5984	1500752301	3600		266.37		  39278002		-999.00
5985	1500755901	3600		266.37		  39278002		-999.00
5986	1500759501	3600		266.37		  39278002		-999.00
5987	1500763101	3600		266.37		  39278002		-999.00
5988	1500766701	3600		266.37		  39278002		-999.00
5989	1500770301	3600		266.37		  39278002		-999.00
5990	1500773901	3600		266.37		  39278002		-999.00
5991	1500777501	3600		266.37		  39278002		-999.00
5992	1500781101	3600		266.36		  39278002		-999.00
5993	1500784701	3600		266.34		  39278002		-999.00
5994	1500788301	3600		266.10		  39278002		-999.00
5995	1500791901	3600		266.10		  39278002		-999.00
5996	1500795501	3600		266.10		  39278002		-999.00
5997	1500799101	3600		266.34		  39278002		-999.00
5998	1500802701	3600		266.34		  39278002		-999.00
5999	1500806301	3600		266.30		  39278002		-999.00
6000	1500809901	3600		266.30		  39278002		-999.00
6001	1500813501	3600		266.30		  39278002		-999.00
6002	1500817101	3600		266.30		  39278002		-999.00
6003	1500820701	3600		262.15		  39278002		-999.00
6004	1500824301	3600		262.15		  39278002		-999.00
6005	1500827901	3600		266.15		  39278002		-999.00
6006	1500831501	3600		266.15		  39278002		-999.00
6007	1500835101	3600		266.29		  39278002		-999.00
6008	1500838701	3600		266.29		  39278002		-999.00
6009	1500842301	3600		266.29		  39278002		-999.00
6010	1500845901	3600		262.29		  39278002		-999.00
6011	1500849501	3600		262.29		  39278002		-999.00
6012	1500853101	3600		262.17		  39278002		-999.00
6013	1500740301	-112800		262.15		  39278002		-999.00
5984	1500855199	1200		269.48		 110432838		170.50
5984	1500858799	3600		270.12		 119875534		170.50
5984	1500862122	3323		262.53		 111733250		 20.50
5985	1500863322	1200		262.13		 111733250		-999.00
5986	1500866922	3600		256.13		 111733250		-999.00
5987	1500870522	3600		255.76		 111733250		-999.00
5988	1500874122	3600		255.76		 111733250		-999.00
5989	1500877722	3600		255.76		 111733250		-999.00
5990	1500881322	3600		255.76		 111733250		-999.00
5991	1500884922	3600		255.76		 111733250		-999.00
5992	1500888522	3600		259.97		 111733250		-999.00
5993	1500892122	3600		259.97		 111733250		-999.00
5994	1500895722	3600		259.97		 111733250		-999.00
5995	1500899322	3600		259.97		 111733250		-999.00
5996	1500902922	3600		259.97		 111733250		-999.00
5997	1500906522	3600		259.77		 111733250		-999.00
5998	1500910122	3600		259.77		 111733250		-999.00
5999	1500913722	3600		259.84		 111733250		-999.00
6000	1500917322	3600		259.84		 111733250		-999.00
6001	1500920922	3600		259.84		 111733250		-999.00
6002	1500924522	3600		259.80		 111733250		-999.00
6003	1500928122	3600		259.80		 111733250		-999.00
6004	1500931722	3600		259.80		 111733250		-999.00
6005	1500935322	3600		259.80		 111733250		-999.00
6006	1500938922	3600		259.80		 111733250		-999.00
6007	1500942522	3600		259.79		 111733250		-999.00
6008	1500946122	3600		259.58		 111733250		-999.00
6009	1500949722	3600		259.58		 111733250		-999.00
6010	1500953322	3600		259.58		 111733250		-999.00
6011	1500956922	3600		259.58		 111733250		-999.00
6012	1500960522	3600		259.84		 111733250		-999.00
6013	1500964122	3600		259.84		 111733250		-999.00
6014	1500967722	3600		259.85		 111733250		-999.00
6015	1500971322	3600		259.85		 111733250		-999.00
6016	1500974922	3600		259.85		 111733250		-999.00
6017	1500978522	3600		259.98		 111733250		-999.00
6018	1500982122	3600		259.98		 111733250		-999.00
6019	1500985722	3600		259.98		 111733250		-999.00
6020	1500989322	3600		259.98		 111733250		-999.00
6021	1500992922	3600		259.98		 111733250		-999.00
6022	1500996522	3600		259.98		 111733250		-999.00
6023	1501000122	3600		259.98		 111733250		-999.00
6024	1501003722	3600		259.98		 111733250		-999.00
6025	1501007322	3600		259.98		 111733250		-999.00
6026	1501010922	3600		259.98		 111733250		-999.00
6027	1501014522	3600		259.98		 111733250		-999.00
6028	1501018122	3600		259.98		 111733250		-999.00
6029	1501021722	3600		259.98		 111733250		-999.00
6030	1501025322	3600		259.98		 111733250		-999.00
6031	1501028922	3600		259.98		 111733250		-999.00
6032	1501032522	3600		259.98		 111733250		-999.00
6033	1501036122	3600		259.98		 111733250		-999.00
6034	1501039722	3600		259.98		 111733250		-999.00
6035	1501043322	3600		259.98		 111733250		-999.00
6036	1501046922	3600		259.98		 111733250		-999.00
6037	1501050522	3600		255.98		 111733250		-999.00
6038	1501054122	3600		262.47		 111733250		-999.00
6039	1501057722	3600		262.42		 111733250		-999.00
6040	1501061322	3600		262.36		 111733250		-999.00
6041	1501064922	3600		262.38		 111733250		-999.00
6042	1501068522	3600		262.37		 111733250		-999.00
6043	1501072122	3600		262.07		 111733250		-999.00
6044	1501075722	3600		262.19		 111733250		-999.00
6045	1501079322	3600		262.13		 111733250		-999.00
6046	1501082922	3600		262.25		 111733250		-999.00
6047	1501086522	3600		261.75		 111733250		-999.00
6048	1501090122	3600		262.25		 111733250		-999.00
6049	1501093722	3600		262.28		 111733250		-999.00
6050	1501097322	3600		262.28		 111733250		-999.00
6051	1501100922	3600		262.28		 111733250		-999.00
6052	1501104522	3600		262.28		 111733250		-999.00
6053	1501108122	3600		262.28		 111733250		-999.00
6054	1501111722	3600		262.28		 111733250		-999.00
6055	1501115322	3600		262.28		 111733250		-999.00
6056	1501118922	3600		262.28		 111733250		-999.00
6057	1501122522	3600		262.28		 111733250		-999.00
6058	1501126122	3600		266.28		 111733250		-999.00
6059	1501129722	3600		266.23		 111733250		-999.00
6060	1501133322	3600		266.22		 111733250		-999.00
6061	1501136922	3600		266.05		 111733250		-999.00
6062	1501140522	3600		266.23		 111733250		-999.00
6063	1501144122	3600		261.84		 111733250		-999.00
6064	1501147722	3600		262.24		 111733250		-999.00
6065	1500862122	-285600		262.13		 111733250		-999.00
6012	1501151852	1200		266.22		     13182		151.50
6012	1501155452	3600		266.29		     15437		149.00
6012	1501159052	3600		266.25		     15112		151.50
6012	1501162652	3600		266.29		     14654		151.50
6012	1501166252	3600		266.31		     14496		151.50
6012	1501169852	3600		266.31		     14159		151.50
6012	1501173452	3600		266.31		     13863		151.50
6012	1501177052	3600		266.27		     13752		151.50
6012	1501179889	2837		266.27		     13536		151.50
6013	1501181089	1200		266.22		     13536		-999.00
6014	1501184689	3600		266.22		     13536		-999.00
6015	1501188289	3600		262.21		     13536		-999.00
6016	1501191889	3600		266.25		     13536		-999.00
6017	1501195489	3600		262.26		     13536		-999.00
6018	1501179889	-15600		262.37		     13536		-999.00
6019	1501199509	1200		266.19		     13536		-999.00
6020	1501203109	3600		262.26		     13536		-999.00
6021	1501206709	3600		261.91		     13536		-999.00
6022	1501198309	-8400		262.35		     13536		-999.00
6016	1501207978	1200		266.22		     17998		149.00
6016	1501211578	3600		266.22		     20947		149.00
6016	1501215178	3600		266.22		     20852		149.00
6016	1501218778	3600		266.23		     20778		149.00
6016	1501222378	3600		266.38		     17950		151.50
6016	1501225978	3600		266.27		      7636		151.50
6016	1501229578	3600		266.24		     13676		150.00
6016	1501233178	3600		266.38		      9416		152.00
6016	1501236778	3600		266.17		     18291		147.00
6016	1501240378	3600		266.35		     13591		152.00
6016	1501243978	3600		266.24		      5845		148.50
6016	1501247578	3600		266.22		     21221		148.50
6016	1501251178	3600		266.22		     21219		148.50
6016	1501254778	3600		266.33		     18954		151.00
6016	1501258378	3600		266.26		     15283		151.00
6016	1501261978	3600		266.28		     16772		151.00
6016	1501265274	3296		266.23		      9652		149.00
6017	1501266474	1200		266.27		      9652		-999.00
6018	1501270074	3600		262.24		      9652		-999.00
6019	1501273674	3600		262.16		      9652		-999.00
6020	1501277274	3600		262.29		      9652		-999.00
6021	1501265274	-12000		262.16		      9652		-999.00
6022	1501280637	1200		266.14		      9652		-999.00
6023	1501284237	3600		266.17		      9652		-999.00
6024	1501287837	3600		266.17		      9652		-999.00
6025	1501291437	3600		261.92		      9652		-999.00
6026	1501295037	3600		262.23		      9652		-999.00
6027	1501298637	3600		262.26		      9652		-999.00
6028	1501279437	-19200		262.22		      9652		-999.00
6019	1501303329	1200		266.96		  25589773		148.00
6019	1501306929	3600		266.79		  22002991		145.50
6019	1501310529	3600		266.12		    419024		143.00
6019	1501314129	3600		266.09		    438504		143.00
6019	1501314368	239		262.10		    439323		 20.50
6020	1501315568	1200		261.38		    439323		-999.00
6021	1501319168	3600		261.94		    439323		-999.00
6022	1501322768	3600		262.14		    439323		-999.00
6023	1501314368	-8400		262.26		    439323		-999.00
6020	1501324283	1200		269.34		 104553551		161.50
6020	1501326979	2696		269.75		 111082693		166.00
6021	1501328179	1200		265.86		 111082693		-999.00
6022	1501331779	3600		266.35		 111082693		-999.00
6023	1501335379	3600		262.05		 111082693		-999.00
6024	1501338979	3600		262.18		 111082693		-999.00
6025	1501326979	-12000		262.47		 111082693		-999.00
6026	1501341526	1200		266.28		 111082693		-999.00
6027	1501345126	3600		262.27		 111082693		-999.00
6028	1501348726	3600		262.25		 111082693		-999.00
6029	1501352326	3600		262.26		 111082693		-999.00
6030	1501355926	3600		262.21		 111082693		-999.00
6031	1501340326	-15600		262.18		 111082693		-999.00
6024	1501358491	1200		269.34		 102082767		166.00
6024	1501362091	3600		269.56		 104927541		166.00
6024	1501365691	3600		269.38		  98505618		168.50
6024	1501369291	3600		269.26		  95174768		168.50
6024	1501372891	3600		269.09		  88869191		168.50
6024	1501376491	3600		268.93		  85027571		168.50
6024	1501380091	3600		268.70		  78513550		168.50
6024	1501383691	3600		268.53		  72293171		168.50
6024	1501387291	3600		268.42		  68250420		167.00
6024	1501390891	3600		268.28		  64766866		167.00
6024	1501394491	3600		268.14		  60770269		167.00
6024	1501398091	3600		268.02		  57089861		167.00
6024	1501401691	3600		267.77		  52737317		164.50
6024	1501405291	3600		267.72		  49062117		167.00
6024	1501408891	3600		267.64		  46430733		167.00
6024	1501412491	3600		267.56		  43559636		167.00
6024	1501415152	2661		267.49		  41598516		167.00
6025	1501416352	1200		262.06		  41598516		-999.00
6026	1501419952	3600		262.21		  41598516		-999.00
6027	1501423552	3600		262.19		  41598516		-999.00
6028	1501427152	3600		262.22		  41598516		-999.00
6029	1501430752	3600		262.22		  41598516		-999.00
6030	1501415152	-15600		262.23		  41598516		-999.00
6026	1501434493	1200		269.23		  97704269		176.00
6026	1501438093	3600		269.55		 103777153		178.50
6026	1501441693	3600		269.41		  98003811		178.50
6026	1501445293	3600		269.23		  93551836		178.50
6026	1501448893	3600		269.00		  87307206		178.50
6026	1501452493	3600		268.88		  83032869		178.50
6026	1501456093	3600		268.72		  78066747		178.50
6026	1501459693	3600		268.48		  70619568		178.50
6026	1501463293	3600		267.44		  67450469		155.50
6026	1501466893	3600		268.25		  64304724		177.00
6026	1501470493	3600		268.13		  60448146		177.00
6026	1501474093	3600		268.00		  56504720		177.00
6026	1501477693	3600		267.91		  53365144		177.00
6026	1501481293	3600		267.79		  51040059		177.00
6026	1501484893	3600		267.73		  48058296		177.00
6026	1501488493	3600		267.63		  45878170		177.00
6026	1501489502	1009		267.23		  36145769		174.50
6027	1501490702	1200		262.06		  36145769		-999.00
6028	1501494302	3600		261.57		  36145769		-999.00
6029	1501497902	3600		266.24		  36145769		-999.00
6030	1501501502	3600		266.24		  36145769		-999.00
6031	1501505102	3600		266.24		  36145769		-999.00
6032	1501508702	3600		261.71		  36145769		-999.00
6033	1501512302	3600		262.22		  36145769		-999.00
6034	1501489502	-22800		262.15		  36145769		-999.00
6030	1501514516	1200		269.48		 108950123		187.00
6030	1501518116	3600		269.58		 112368912		189.50
6030	1501521716	3600		269.40		 106484953		189.50
6030	1501522858	1142		269.24		 100923009		189.50
6055	1502183052	1200		269.23		 101500166		259.00
6055	1502185328	2276		269.44		 108418935		263.50
6056	1502186528	1200		266.19		 108418935		-999.00
6057	1502190128	3600		266.02		 108418935		-999.00
6058	1502193728	3600		266.02		 108418935		-999.00
6059	1502197328	3600		262.19		 108418935		-999.00
6060	1502200928	3600		261.67		 108418935		-999.00
6061	1502185328	-15600		262.19		 108418935		-999.00
6057	1502205563	1200		269.36		 105716278		266.00
6057	1502209163	3600		269.58		 113274131		268.50
6057	1502211662	2499		269.36		 105850410		266.00
6058	1502212862	1200		266.19		 105850410		-999.00
6059	1502216462	3600		266.19		 105850410		-999.00
6060	1502220062	3600		266.19		 105850410		-999.00
6061	1502223662	3600		266.19		 105850410		-999.00
6062	1502227262	3600		266.19		 105850410		-999.00
6063	1502230862	3600		262.19		 105850410		-999.00
6064	1502234462	3600		261.67		 105850410		-999.00
6065	1502238062	3600		266.19		 105850410		-999.00
6066	1502241662	3600		266.19		 105850410		-999.00
6067	1502245262	3600		262.02		 105850410		-999.00
6068	1502211662	-33600		262.19		 105850410		-999.00
6060	1502247988	1200		269.13		  98030123		266.00
6060	1502251588	3600		269.36		 105898167		265.00
6060	1502255188	3600		269.13		  98277609		265.00
6060	1502258788	3600		269.00		  93761524		262.00
6060	1502262388	3600		268.79		  86938137		264.50
6060	1502265988	3600		268.68		  83163709		264.50
6060	1502269588	3600		268.55		  78620217		263.50
6060	1502273188	3600		268.33		  71534084		263.50
6060	1502276788	3600		268.22		  67837977		263.50
6060	1502280388	3600		268.11		  64138760		261.00
6060	1502283988	3600		268.01		  60826528		261.00
6060	1502287588	3600		267.90		  56985299		261.00
6060	1502291188	3600		267.81		  54005350		261.00
6060	1502294788	3600		267.70		  50346166		261.00
6060	1502298367	3579		267.55		  45496735		256.50
6061	1502299567	1200		262.19		  45496735		-999.00
6062	1502303167	3600		261.84		  45496735		-999.00
6063	1502306767	3600		262.02		  45496735		-999.00
6064	1502298367	-8400		262.19		  45496735		-999.00
6061	1502309110	1200		269.59		 113809248		277.00
6061	1502312710	3600		269.86		 122595128		280.00
6061	1502316310	3600		269.81		 115422603		280.00
6061	1502319910	3600		269.57		 107297497		280.00
6061	1502323510	3600		269.38		 101093501		280.00
6061	1502327110	3600		269.04		  95333167		278.50
6061	1502330710	3600		268.87		  89605448		275.50
6061	1502334310	3600		268.67		  83031628		278.00
6061	1502337910	3600		268.49		  77123744		275.50
6061	1502341510	3600		268.26		  69205024		270.50
6061	1502341770	260		262.18		  69660649		 20.50
6062	1502342970	1200		266.18		  69660649		-999.00
6063	1502346570	3600		267.06		  69660649		-999.00
6064	1502350170	3600		266.63		  69660649		-999.00
6065	1502353770	3600		266.12		  69660649		-999.00
6066	1502357370	3600		266.12		  69660649		-999.00
6067	1502360970	3600		266.12		  69660649		-999.00
6068	1502364570	3600		266.13		  69660649		-999.00
6069	1502368170	3600		266.13		  69660649		-999.00
6070	1502371770	3600		266.13		  69660649		-999.00
6071	1502375370	3600		266.13		  69660649		-999.00
6072	1502378970	3600		266.13		  69660649		-999.00
6073	1502382570	3600		262.13		  69660649		-999.00
6074	1502386170	3600		261.61		  69660649		-999.00
6075	1502389770	3600		262.13		  69660649		-999.00
6076	1502393370	3600		261.61		  69660649		-999.00
6077	1502396970	3600		261.61		  69660649		-999.00
6078	1502400570	3600		262.13		  69660649		-999.00
6079	1502404170	3600		262.14		  69660649		-999.00
6080	1502407770	3600		262.14		  69660649		-999.00
6081	1502411370	3600		262.14		  69660649		-999.00
6082	1502414970	3600		261.97		  69660649		-999.00
6083	1502418570	3600		261.63		  69660649		-999.00
6084	1502422170	3600		261.63		  69660649		-999.00
6085	1502425770	3600		261.63		  69660649		-999.00
6086	1502429370	3600		262.14		  69660649		-999.00
6087	1502432970	3600		262.14		  69660649		-999.00
6088	1502436570	3600		262.14		  69660649		-999.00
6089	1502440170	3600		255.99		  69660649		-999.00
6090	1502443770	3600		255.99		  69660649		-999.00
6091	1502447370	3600		266.04		  69660649		-999.00
6092	1502450970	3600		265.92		  69660649		-999.00
6093	1502454570	3600		266.09		  69660649		-999.00
6094	1502458170	3600		262.09		  69660649		-999.00
6095	1502461770	3600		256.50		  69660649		-999.00
6096	1502465370	3600		255.83		  69660649		-999.00
6097	1502468970	3600		255.83		  69660649		-999.00
6098	1502472570	3600		255.83		  69660649		-999.00
6099	1502476170	3600		255.83		  69660649		-999.00
6100	1502479770	3600		255.83		  69660649		-999.00
6101	1502483370	3600		255.83		  69660649		-999.00
6102	1502486970	3600		260.21		  69660649		-999.00
6103	1502490570	3600		262.15		  69660649		-999.00
6104	1502494170	3600		261.97		  69660649		-999.00
6105	1502341770	-152400		262.18		  69660649		-999.00
6072	1502495493	1200		266.70		  24354185		252.00
6072	1502496145	652		266.67		  23491808		252.00
6073	1502497345	1200		266.31		  23491808		-999.00
6074	1502500945	3600		261.95		  23491808		-999.00
6075	1502504545	3600		261.95		  23491808		-999.00
6076	1502508145	3600		261.95		  23491808		-999.00
6077	1502511745	3600		261.95		  23491808		-999.00
6078	1502515345	3600		261.78		  23491808		-999.00
6079	1502518945	3600		261.78		  23491808		-999.00
6080	1502522545	3600		261.78		  23491808		-999.00
6081	1502526145	3600		261.78		  23491808		-999.00
6082	1502529745	3600		266.29		  23491808		-999.00
6083	1502533345	3600		266.29		  23491808		-999.00
6084	1502536945	3600		265.95		  23491808		-999.00
6085	1502540545	3600		266.29		  23491808		-999.00
6086	1502544145	3600		266.29		  23491808		-999.00
6087	1502547745	3600		266.29		  23491808		-999.00
6088	1502551345	3600		266.29		  23491808		-999.00
6089	1502554945	3600		266.29		  23491808		-999.00
6090	1502558545	3600		266.29		  23491808		-999.00
6091	1502562145	3600		266.29		  23491808		-999.00
6092	1502565745	3600		266.29		  23491808		-999.00
6093	1502569345	3600		266.29		  23491808		-999.00
6094	1502572945	3600		266.29		  23491808		-999.00
6095	1502576545	3600		266.29		  23491808		-999.00
6096	1502580145	3600		266.29		  23491808		-999.00
6097	1502583745	3600		266.29		  23491808		-999.00
6098	1502587345	3600		266.29		  23491808		-999.00
6099	1502590945	3600		266.29		  23491808		-999.00
6100	1502594545	3600		266.29		  23491808		-999.00
6101	1502598145	3600		266.29		  23491808		-999.00
6102	1502601745	3600		266.29		  23491808		-999.00
6103	1502605345	3600		262.12		  23491808		-999.00
6104	1502608945	3600		261.95		  23491808		-999.00
6105	1502612545	3600		261.95		  23491808		-999.00
6106	1502616145	3600		261.78		  23491808		-999.00
6107	1502619745	3600		261.78		  23491808		-999.00
6108	1502623345	3600		261.78		  23491808		-999.00
6109	1502626945	3600		261.78		  23491808		-999.00
6110	1502630545	3600		261.78		  23491808		-999.00
6111	1502634145	3600		261.78		  23491808		-999.00
6112	1502637745	3600		261.78		  23491808		-999.00
6113	1502641345	3600		261.78		  23491808		-999.00
6114	1502644945	3600		261.78		  23491808		-999.00
6115	1502648545	3600		261.78		  23491808		-999.00
6116	1502652145	3600		261.78		  23491808		-999.00
6117	1502655745	3600		261.78		  23491808		-999.00
6118	1502659345	3600		261.95		  23491808		-999.00
6119	1502662945	3600		261.77		  23491808		-999.00
6120	1502666545	3600		261.94		  23491808		-999.00
6121	1502496145	-170400		261.97		  23491808		-999.00
6079	1502668363	1200		266.82		  23504048		250.00
6079	1502671963	3600		266.85		  24530479		250.00
6079	1502675563	3600		262.12		  22767491		 20.50
6079	1502677876	2313		262.12		  21003337		 20.50
6080	1502679076	1200		261.77		  21003337		-999.00
6081	1502682676	3600		261.77		  21003337		-999.00
6082	1502686276	3600		262.11		  21003337		-999.00
6083	1502689876	3600		262.10		  21003337		-999.00
6084	1502693476	3600		261.93		  21003337		-999.00
6085	1502697076	3600		262.10		  21003337		-999.00
6086	1502700676	3600		262.10		  21003337		-999.00
6087	1502704276	3600		262.10		  21003337		-999.00
6088	1502677876	-26400		262.12		  21003337		-999.00
6082	1502706560	1200		267.34		  41310561		256.50
6082	1502710160	3600		267.40		  43192032		254.00
6082	1502713760	3600		267.29		  39832299		254.00
6082	1502717360	3600		267.20		  36683046		254.00
6082	1502720960	3600		267.15		  35040350		254.00
6082	1502724560	3600		267.08		  32599608		254.00
6082	1502727074	2514		266.98		  29356358		251.00
6083	1502728274	1200		261.76		  29356358		-999.00
6084	1502731874	3600		261.93		  29356358		-999.00
6085	1502735474	3600		262.10		  29356358		-999.00
6086	1502739074	3600		261.76		  29356358		-999.00
6087	1502727074	-12000		262.10		  29356358		-999.00
6084	1502740616	1200		267.55		  48185334		258.50
6084	1502744216	3600		267.60		  50039784		258.50
6084	1502747816	3600		267.50		  46761794		258.50
6084	1502751416	3600		267.41		  43824930		258.50
6084	1502755016	3600		267.34		  41363715		258.50
6084	1502758616	3600		267.26		  38760918		258.50
6084	1502761052	2436		267.15		  34887823		254.50
6085	1502762252	1200		261.75		  34887823		-999.00
6086	1502765852	3600		261.72		  34887823		-999.00
6087	1502769452	3600		261.72		  34887823		-999.00
6088	1502773052	3600		262.07		  34887823		-999.00
6089	1502761052	-12000		262.10		  34887823		-999.00
6086	1502777812	1200		267.73		  55638234		261.00
6086	1502781412	3600		267.96		  57424999		263.50
6086	1502785012	3600		267.82		  52758148		263.50
6086	1502786673	1661		267.79		  51723121		263.50
6087	1502787873	1200		266.23		  51723121		-999.00
6088	1502791473	3600		266.22		  51723121		-999.00
6089	1502795073	3600		266.22		  51723121		-999.00
6090	1502798673	3600		266.22		  51723121		-999.00
6091	1502802273	3600		262.05		  51723121		-999.00
6092	1502805873	3600		261.88		  51723121		-999.00
6093	1502809473	3600		262.22		  51723121		-999.00
6094	1502813073	3600		262.22		  51723121		-999.00
6095	1502816673	3600		261.71		  51723121		-999.00
6096	1502820273	3600		261.71		  51723121		-999.00
6097	1502823873	3600		261.71		  51723121		-999.00
6098	1502827473	3600		261.71		  51723121		-999.00
6099	1502831073	3600		262.05		  51723121		-999.00
6100	1502786673	-44400		262.23		  51723121		-999.00
6089	1502832382	1200		267.82		  53381769		263.00
6089	1502835982	3600		267.90		  56092206		265.50
6089	1502839582	3600		267.79		  52342113		263.00
6089	1502843182	3600		267.69		  49038952		263.00
6089	1502846782	3600		267.61		  46343377		263.00
6089	1502850382	3600		267.52		  43409122		263.00
6089	1502853982	3600		267.44		  40757810		263.00
6089	1502855100	1118		267.21		  33004204		260.50
6090	1502856300	1200		262.22		  33004204		-999.00
6091	1502859900	3600		261.71		  33004204		-999.00
6092	1502863500	3600		261.71		  33004204		-999.00
6093	1502867100	3600		261.71		  33004204		-999.00
6094	1502855100	-12000		262.22		  33004204		-999.00
6090	1502868595	1200		268.15		  64455972		267.00
6090	1502872195	3600		268.26		  67957597		269.50
6090	1502875795	3600		268.09		  62405784		269.50
6090	1502879395	3600		268.01		  59507442		269.50
6090	1502882995	3600		267.87		  54868967		269.50
6090	1502886595	3600		267.79		  52454250		269.50
6090	1502888937	2342		267.70		  49397426		269.50
6091	1502890137	1200		266.22		  49397426		-999.00
6092	1502893737	3600		262.22		  49397426		-999.00
6093	1502897337	3600		261.88		  49397426		-999.00
6094	1502888937	-8400		262.22		  49397426		-999.00
6091	1502901605	1200		268.39		  72189736		271.50
6091	1502905205	3600		268.27		  68258504		273.00
6091	1502908805	3600		268.17		  64956809		273.00
6091	1502912405	3600		268.08		  61866912		273.00
6091	1502916005	3600		267.94		  57182575		273.00
6091	1502919605	3600		267.86		  54639248		273.00
6091	1502922925	3320		267.68		  48814743		270.00
6092	1502924125	1200		261.88		  48814743		-999.00
6093	1502927725	3600		261.71		  48814743		-999.00
6094	1502931325	3600		261.88		  48814743		-999.00
6095	1502934925	3600		262.22		  48814743		-999.00
6096	1502938525	3600		261.88		  48814743		-999.00
6097	1502922925	-15600		262.22		  48814743		-999.00
6093	1502941808	1200		268.27		  68268843		275.50
6093	1502945408	3600		268.32		  70122191		275.50
6093	1502948442	3034		268.20		  66165650		278.00
6094	1502949642	1200		266.22		  66165650		-999.00
6095	1502953242	3600		265.88		  66165650		-999.00
6096	1502956842	3600		262.22		  66165650		-999.00
6097	1502960442	3600		261.71		  66165650		-999.00
6098	1502948442	-12000		262.22		  66165650		-999.00
6094	1502961961	1200		268.26		  67897694		278.50
6094	1502965561	3600		268.39		  72461720		278.00
6094	1502967522	1961		268.27		  68449125		278.00
6095	1502968722	1200		265.88		  68449125		-999.00
6096	1502972322	3600		261.88		  68449125		-999.00
6097	1502975922	3600		261.88		  68449125		-999.00
6098	1502967522	-8400		262.22		  68449125		-999.00
6096	1502978179	1200		268.26		  68049391		279.00
6096	1502981779	3600		268.37		  71523408		279.00
6096	1502985379	3600		268.23		  67065237		279.00
6096	1502988529	3150		268.14		  63896167		276.50
6097	1502989729	1200		266.22		  63896167		-999.00
6098	1502993329	3600		261.88		  63896167		-999.00
6099	1502996929	3600		261.87		  63896167		-999.00
6100	1502988529	-8400		262.22		  63896167		-999.00
6097	1503000146	1200		268.19		  65723033		280.00
6097	1503003746	3600		268.32		  70047450		275.00
6097	1503007346	3600		268.17		  65083187		280.00
6097	1503010946	3600		268.08		  61991232		280.00
6097	1503014546	3600		267.95		  57793731		280.00
6097	1503018146	3600		267.89		  55512111		277.50
6097	1503021746	3600		267.79		  52269621		278.00
6097	1503025346	3600		267.67		  48479455		278.00
6097	1503028946	3600		267.60		  46070365		278.00
6097	1503032546	3600		267.54		  43893794		278.00
6097	1503036146	3600		267.47		  41732153		278.00
6097	1503039746	3600		267.40		  39395436		277.50
6097	1503043346	3600		262.22		  35874104		 20.50
6097	1503044345	999		262.22		  36058141		 20.50
6098	1503045545	1200		261.88		  36058141		-999.00
6099	1503049145	3600		262.22		  36058141		-999.00
6100	1503052745	3600		262.05		  36058141		-999.00
6101	1503044345	-8400		262.22		  36058141		-999.00
6098	1503054017	1200		268.38		  72136196		285.50
6098	1503057617	3600		268.46		  74616568		288.00
6098	1503060648	3031		268.33		  70231710		288.00
6099	1503061848	1200		266.22		  70231710		-999.00
6100	1503065448	3600		261.88		  70231710		-999.00
6101	1503069048	3600		261.88		  70231710		-999.00
6102	1503072648	3600		261.71		  70231710		-999.00
6103	1503076248	3600		261.71		  70231710		-999.00
6104	1503079848	3600		266.22		  70231710		-999.00
6105	1503083448	3600		266.22		  70231710		-999.00
6106	1503087048	3600		261.88		  70231710		-999.00
6107	1503090648	3600		261.89		  70231710		-999.00
6108	1503094248	3600		261.89		  70231710		-999.00
6109	1503097848	3600		261.89		  70231710		-999.00
6110	1503101448	3600		261.89		  70231710		-999.00
6111	1503105048	3600		261.89		  70231710		-999.00
6112	1503108648	3600		261.89		  70231710		-999.00
6113	1503112248	3600		261.72		  70231710		-999.00
6114	1503115848	3600		261.72		  70231710		-999.00
6115	1503119448	3600		261.72		  70231710		-999.00
6116	1503123048	3600		261.72		  70231710		-999.00
6117	1503126648	3600		261.72		  70231710		-999.00
6118	1503130248	3600		261.72		  70231710		-999.00
6119	1503133848	3600		261.89		  70231710		-999.00
6120	1503060648	-73200		262.22		  70231710		-999.00
6104	1503135070	1200		268.03		  59882217		281.00
6104	1503138670	3600		268.09		  61966438		281.00
6104	1503142270	3600		267.97		  57792079		281.00
6104	1503145870	3600		267.89		  55103147		281.00
6104	1503149470	3600		267.77		  51308610		281.00
6104	1503153070	3600		267.70		  49030103		278.50
6104	1503156670	3600		267.61		  45822128		282.00
6104	1503160270	3600		267.51		  42668000		279.50
6104	1503163870	3600		267.46		  40766503		279.50
6104	1503167470	3600		262.23		  37275140		 21.00
6104	1503168259	789		262.23		  37425210		 21.00
6105	1503169459	1200		261.72		  37425210		-999.00
6106	1503173059	3600		261.72		  37425210		-999.00
6107	1503168259	-4800		262.23		  37425210		-999.00
6105	1503177567	1200		268.19		  64861548		288.00
6105	1503181167	3600		268.24		  66676193		288.00
6105	1503184767	3600		268.14		  63346589		288.00
6105	1503188367	3600		268.02		  59315750		288.00
6105	1503189370	1003		267.94		  56403223		288.00
6106	1503190570	1200		266.24		  56403223		-999.00
6107	1503194170	3600		266.24		  56403223		-999.00
6108	1503197770	3600		266.24		  56403223		-999.00
6109	1503201370	3600		266.24		  56403223		-999.00
6110	1503204970	3600		266.24		  56403223		-999.00
6111	1503208570	3600		266.24		  56403223		-999.00
6112	1503212170	3600		266.24		  56403223		-999.00
6113	1503215770	3600		266.24		  56403223		-999.00
6114	1503219370	3600		266.24		  56403223		-999.00
6115	1503222970	3600		262.07		  56403223		-999.00
6116	1503226570	3600		261.90		  56403223		-999.00
6117	1503230170	3600		261.90		  56403223		-999.00
6118	1503189370	-40800		262.24		  56403223		-999.00
6106	1503232246	1200		268.09		  61625583		287.00
6106	1503235846	3600		268.23		  66122928		287.00
6106	1503239446	3600		268.09		  61684873		289.50
6106	1503243046	3600		268.02		  59107636		289.50
6106	1503246646	3600		267.90		  55205947		287.00
6106	1503250246	3600		267.83		  52974391		284.50
6106	1503253846	3600		267.73		  49675335		287.00
6106	1503257446	3600		267.65		  46771051		287.00
6106	1503261046	3600		267.57		  44073656		287.00
6106	1503264646	3600		267.52		  42554979		287.00
6106	1503268246	3600		267.44		  39874138		287.00
6106	1503271846	3600		267.38		  37993690		287.00
6106	1503275446	3600		267.32		  36042416		287.00
6106	1503277270	1824		262.24		  31649393		 20.00
6107	1503278470	1200		261.72		  31649393		-999.00
6108	1503282070	3600		261.72		  31649393		-999.00
6109	1503285670	3600		261.72		  31649393		-999.00
6110	1503289270	3600		261.72		  31649393		-999.00
6111	1503292870	3600		261.72		  31649393		-999.00
6112	1503296470	3600		262.23		  31649393		-999.00
6113	1503300070	3600		261.89		  31649393		-999.00
6114	1503303670	3600		262.06		  31649393		-999.00
6115	1503307270	3600		261.89		  31649393		-999.00
6116	1503310870	3600		261.72		  31649393		-999.00
6117	1503277270	-33600		262.24		  31649393		-999.00
6110	1503315145	1200		267.96		  57504679		290.00
6110	1503318745	3600		268.07		  61374300		292.50
6110	1503322345	3600		267.93		  56673357		292.00
6110	1503325945	3600		267.83		  53320892		289.50
6110	1503329545	3600		267.75		  50435595		291.50
6110	1503333145	3600		267.66		  47560421		286.50
6110	1503336745	3600		267.55		  44054537		289.00
6110	1503340345	3600		267.48		  41558071		289.00
6110	1503343945	3600		267.47		  39046370		289.00
6110	1503347545	3600		267.41		  37182044		289.00
6110	1503351145	3600		267.34		  34897583		289.00
6110	1503354745	3600		267.29		  33007437		289.00
6110	1503357979	3234		262.30		  29881170		 20.50
6111	1503359179	1200		262.09		  29881170		-999.00
6112	1503362779	3600		261.72		  29881170		-999.00
6113	1503366379	3600		262.23		  29881170		-999.00
6114	1503369979	3600		261.72		  29881170		-999.00
6115	1503373579	3600		262.23		  29881170		-999.00
6116	1503377179	3600		261.72		  29881170		-999.00
6117	1503380779	3600		262.06		  29881170		-999.00
6118	1503357979	-22800		262.30		  29881170		-999.00
6114	1503385533	1200		268.26		  67676964		294.50
6114	1503389133	3600		268.07		  61336276		296.50
6114	1503392733	3600		268.01		  59275108		296.50
6114	1503392777	44		267.21		  32713875		296.50
6115	1503393977	1200		261.19		  32713875		-999.00
6116	1503397577	3600		265.78		  32713875		-999.00
6117	1503401177	3600		266.29		  32713875		-999.00
6118	1503404777	3600		262.29		  32713875		-999.00
6119	1503408377	3600		261.94		  32713875		-999.00
6120	1503411977	3600		261.94		  32713875		-999.00
6121	1503415577	3600		266.28		  32713875		-999.00
6122	1503419177	3600		266.28		  32713875		-999.00
6123	1503422777	3600		261.77		  32713875		-999.00
6124	1503426377	3600		261.77		  32713875		-999.00
6125	1503429977	3600		261.77		  32713875		-999.00
6126	1503433577	3600		261.77		  32713875		-999.00
6127	1503392777	-40800		262.23		  32713875		-999.00
6116	1503438045	1200		267.81		  51049291		289.50
6116	1503441645	3600		268.15		  62270894		294.50
6116	1503445245	3600		267.91		  54164460		294.50
6116	1503448845	3600		267.73		  48255806		294.50
6116	1503452445	3600		267.64		  45067950		292.00
6116	1503456045	3600		267.59		  43420651		292.00
6116	1503457583	1538		267.54		  41930718		292.00
6117	1503458783	1200		266.28		  41930718		-999.00
6118	1503462383	3600		266.28		  41930718		-999.00
6119	1503465983	3600		265.77		  41930718		-999.00
6120	1503469583	3600		262.28		  41930718		-999.00
6121	1503473183	3600		266.28		  41930718		-999.00
6122	1503476783	3600		262.28		  41930718		-999.00
6123	1503480383	3600		261.93		  41930718		-999.00
6124	1503457583	-22800		262.28		  41930718		-999.00
6119	1503484978	1200		267.98		  56736865		298.00
6119	1503488578	3600		268.14		  62056189		298.00
6119	1503492178	3600		267.98		  56965993		298.00
6119	1503495778	3600		267.91		  54606379		298.00
6119	1503499378	3600		267.79		  50528808		295.50
6119	1503502978	3600		267.73		  48590980		295.50
6119	1503505045	2067		267.66		  46145954		298.00
6120	1503506245	1200		266.27		  46145954		-999.00
6121	1503509845	3600		261.76		  46145954		-999.00
6122	1503513445	3600		261.76		  46145954		-999.00
6123	1503517045	3600		265.76		  46145954		-999.00
6124	1503520645	3600		261.76		  46145954		-999.00
6125	1503524245	3600		261.93		  46145954		-999.00
6126	1503527845	3600		266.27		  46145954		-999.00
6127	1503531445	3600		261.76		  46145954		-999.00
6128	1503535045	3600		261.75		  46145954		-999.00
6129	1503538645	3600		261.75		  46145954		-999.00
6130	1503505045	-33600		262.27		  46145954		-999.00
6123	1503542533	1200		269.12		  95372620		311.50
6123	1503542966	433		269.52		 108520079		311.50
6124	1503544166	1200		266.26		 108520079		-999.00
6125	1503547766	3600		266.26		 108520079		-999.00
6126	1503551366	3600		266.26		 108520079		-999.00
6127	1503554966	3600		266.26		 108520079		-999.00
6128	1503558566	3600		266.26		 108520079		-999.00
6129	1503562166	3600		266.26		 108520079		-999.00
6130	1503565766	3600		262.26		 108520079		-999.00
6131	1503569366	3600		261.74		 108520079		-999.00
6132	1503572966	3600		261.75		 108520079		-999.00
6133	1503576566	3600		262.09		 108520079		-999.00
6134	1503580166	3600		261.75		 108520079		-999.00
6135	1503583766	3600		265.75		 108520079		-999.00
6136	1503587366	3600		265.75		 108520079		-999.00
6137	1503590966	3600		265.75		 108520079		-999.00
6138	1503594566	3600		266.26		 108520079		-999.00
6139	1503598166	3600		266.26		 108520079		-999.00
6140	1503601766	3600		266.26		 108520079		-999.00
6141	1503605366	3600		266.26		 108520079		-999.00
6142	1503608966	3600		266.26		 108520079		-999.00
6143	1503612566	3600		266.26		 108520079		-999.00
6144	1503616166	3600		266.26		 108520079		-999.00
6145	1503619766	3600		266.26		 108520079		-999.00
6146	1503623366	3600		266.26		 108520079		-999.00
6147	1503626966	3600		266.26		 108520079		-999.00
6148	1503630566	3600		266.26		 108520079		-999.00
6149	1503634166	3600		266.26		 108520079		-999.00
6150	1503637766	3600		265.75		 108520079		-999.00
6151	1503641366	3600		265.75		 108520079		-999.00
6152	1503644966	3600		266.09		 108520079		-999.00
6153	1503648566	3600		266.09		 108520079		-999.00
6154	1503652166	3600		266.23		 108520079		-999.00
6155	1503655766	3600		266.23		 108520079		-999.00
6156	1503659366	3600		266.23		 108520079		-999.00
6157	1503662966	3600		266.23		 108520079		-999.00
6158	1503666566	3600		266.23		 108520079		-999.00
6159	1503670166	3600		266.23		 108520079		-999.00
6160	1503673766	3600		266.23		 108520079		-999.00
6161	1503677366	3600		266.23		 108520079		-999.00
6162	1503680966	3600		266.23		 108520079		-999.00
6163	1503684566	3600		266.23		 108520079		-999.00
6164	1503688166	3600		266.23		 108520079		-999.00
6165	1503691766	3600		266.23		 108520079		-999.00
6166	1503695366	3600		266.23		 108520079		-999.00
6167	1503698966	3600		261.72		 108520079		-999.00
6168	1503702566	3600		261.72		 108520079		-999.00
6169	1503706166	3600		261.72		 108520079		-999.00
6170	1503709766	3600		262.23		 108520079		-999.00
6171	1503713366	3600		262.23		 108520079		-999.00
6172	1503716966	3600		261.72		 108520079		-999.00
6173	1503720566	3600		261.72		 108520079		-999.00
6174	1503724166	3600		261.72		 108520079		-999.00
6175	1503727766	3600		261.72		 108520079		-999.00
6176	1503731366	3600		261.89		 108520079		-999.00
6177	1503734966	3600		261.72		 108520079		-999.00
6178	1503738566	3600		261.72		 108520079		-999.00
6179	1503742166	3600		261.72		 108520079		-999.00
6180	1503745766	3600		262.23		 108520079		-999.00
6181	1503542966	-202800		262.26		 108520079		-999.00
6136	1503749744	1200		267.44		  40464392		306.50
6136	1503753344	3600		267.49		  42234527		290.50
6136	1503756944	3600		267.40		  39250163		290.50
6136	1503760544	3600		267.34		  37261694		290.50
6136	1503764144	3600		267.27		  34734167		290.50
6136	1503767181	3037		267.22		  33078643		290.50
6137	1503768381	1200		266.23		  33078643		-999.00
6138	1503771981	3600		266.23		  33078643		-999.00
6139	1503775581	3600		266.23		  33078643		-999.00
6140	1503779181	3600		265.89		  33078643		-999.00
6141	1503782781	3600		265.89		  33078643		-999.00
6142	1503786381	3600		265.89		  33078643		-999.00
6143	1503789981	3600		265.89		  33078643		-999.00
6144	1503793581	3600		265.89		  33078643		-999.00
6145	1503797181	3600		266.23		  33078643		-999.00
6146	1503800781	3600		266.23		  33078643		-999.00
6147	1503804381	3600		266.23		  33078643		-999.00
6148	1503807981	3600		266.23		  33078643		-999.00
6149	1503811581	3600		266.23		  33078643		-999.00
6150	1503815181	3600		261.72		  33078643		-999.00
6151	1503818781	3600		261.72		  33078643		-999.00
6152	1503767181	-51600		262.23		  33078643		-999.00
6138	1503820254	1200		267.67		  47977724		294.50
6138	1503823854	3600		267.76		  51149990		294.50
6138	1503827454	3600		267.64		  47106736		294.50
6138	1503831054	3600		267.56		  44508348		294.50
6138	1503831666	612		267.55		  44184031		294.50
6139	1503832866	1200		266.23		  44184031		-999.00
6140	1503836466	3600		261.72		  44184031		-999.00
6141	1503840066	3600		262.23		  44184031		-999.00
6142	1503843666	3600		266.23		  44184031		-999.00
6143	1503847266	3600		261.72		  44184031		-999.00
6144	1503850866	3600		261.72		  44184031		-999.00
6145	1503831666	-19200		262.23		  44184031		-999.00
6140	1503852135	1200		268.21		  65957521		300.50
6140	1503855735	3600		268.27		  68198270		300.50
6140	1503859335	3600		268.14		  63716820		300.50
6140	1503862935	3600		268.01		  59492239		300.50
6140	1503866535	3600		267.87		  54899158		300.50
6140	1503870135	3600		267.78		  51680485		300.50
6140	1503873735	3600		267.68		  48413523		298.00
6140	1503877335	3600		267.58		  45012672		298.00
6140	1503880935	3600		267.50		  42558718		298.00
6140	1503884535	3600		267.45		  40909121		298.00
6140	1503888135	3600		267.37		  38197455		298.00
6140	1503891735	3600		267.32		  36356354		298.00
6140	1503895335	3600		267.26		  34303711		298.00
6140	1503898935	3600		267.21		  32718909		298.00
6140	1503899521	586		262.23		  31337585		 21.00
6141	1503900721	1200		262.23		  31337585		-999.00
6142	1503904321	3600		261.72		  31337585		-999.00
6143	1503907921	3600		261.89		  31337585		-999.00
6144	1503899521	-8400		262.23		  31337585		-999.00
6141	1503909698	1200		268.08		  61726746		303.00
6141	1503912502	2804		268.16		  64534017		305.50
6142	1503913702	1200		266.23		  64534017		-999.00
6143	1503917302	3600		262.06		  64534017		-999.00
6144	1503920902	3600		261.72		  64534017		-999.00
6145	1503912502	-8400		262.23		  64534017		-999.00
6142	1503923523	1200		268.16		  64560002		306.50
6142	1503927123	3600		268.24		  67163535		306.50
6142	1503930723	3600		268.08		  61886919		306.50
6142	1503934323	3600		267.98		  58439474		306.50
6142	1503937923	3600		267.85		  54195259		306.50
6142	1503941523	3600		267.78		  51841046		306.50
6142	1503945123	3600		267.66		  47693263		304.00
6142	1503948723	3600		267.57		  44841248		304.00
6142	1503952323	3600		267.50		  42322544		304.00
6142	1503955923	3600		267.43		  40017669		304.00
6142	1503959523	3600		267.36		  37650482		304.00
6142	1503963123	3600		267.30		  35677915		304.00
6142	1503966723	3600		267.23		  33495303		304.00
6142	1503970323	3600		267.19		  31982883		304.00
6142	1503973432	3109		267.10		  28965860		302.00
6143	1503974632	1200		261.72		  28965860		-999.00
6144	1503978232	3600		261.72		  28965860		-999.00
6145	1503981832	3600		262.06		  28965860		-999.00
6146	1503973432	-8400		262.23		  28965860		-999.00
6143	1503983640	1200		268.10		  62295208		312.50
6143	1503987240	3600		268.17		  64817427		312.50
6143	1503990840	3600		268.02		  59643238		312.50
6143	1503994440	3600		267.95		  57590084		312.50
6143	1503998040	3600		267.81		  52920421		312.50
6143	1504001640	3600		267.75		  50738494		310.00
6143	1504005240	3600		267.65		  47412508		310.00
6143	1504008840	3600		267.56		  44493136		310.00
6143	1504012440	3600		267.49		  42103341		310.00
6143	1504016040	3600		267.43		  40231678		310.00
6143	1504019640	3600		267.37		  38068233		310.00
6143	1504023240	3600		267.31		  35966454		310.00
6143	1504026840	3600		267.25		  34267188		310.00
6143	1504030440	3600		267.16		  31193400		307.00
6143	1504032055	1615		262.23		  31027544		 21.00
6144	1504033255	1200		261.72		  31027544		-999.00
6145	1504036855	3600		261.71		  31027544		-999.00
6146	1504040455	3600		261.71		  31027544		-999.00
6147	1504044055	3600		261.71		  31027544		-999.00
6148	1504047655	3600		261.71		  31027544		-999.00
6149	1504051255	3600		262.22		  31027544		-999.00
6150	1504054855	3600		262.05		  31027544		-999.00
6151	1504032055	-22800		262.23		  31027544		-999.00
6146	1504058391	1200		268.05		  60862458		317.50
6146	1504058494	103		268.18		  65498697		317.50
6147	1504059694	1200		266.22		  65498697		-999.00
6148	1504063294	3600		261.71		  65498697		-999.00
6149	1504066894	3600		261.71		  65498697		-999.00
6150	1504058494	-8400		262.22		  65498697		-999.00
6147	1504069663	1200		268.10		  62622436		309.00
6147	1504073263	3600		268.24		  67350932		309.00
6147	1504076863	3600		268.08		  61964244		318.50
6147	1504080463	3600		267.97		  58247841		316.00
6147	1504084063	3600		267.86		  54612834		316.00
6147	1504087663	3600		267.77		  51583300		316.00
6147	1504091263	3600		267.67		  48428305		316.00
6147	1504094863	3600		267.60		  46086701		313.00
6147	1504098463	3600		267.52		  43316954		315.50
6147	1504102063	3600		267.45		  41028342		315.50
6147	1504105663	3600		267.37		  38174815		315.50
6147	1504109263	3600		267.31		  36274335		313.00
6147	1504112863	3600		267.25		  34253909		313.00
6147	1504116463	3600		267.20		  32592290		313.00
6147	1504120063	3600		262.22		  29691423		 20.50
6147	1504120694	631		262.22		  31608859		 20.50
6148	1504121894	1200		262.22		  31608859		-999.00
6149	1504125494	3600		266.22		  31608859		-999.00
6150	1504129094	3600		266.22		  31608859		-999.00
6151	1504132694	3600		261.88		  31608859		-999.00
6152	1504136294	3600		261.71		  31608859		-999.00
6153	1504139894	3600		261.71		  31608859		-999.00
6154	1504143494	3600		261.71		  31608859		-999.00
6155	1504147094	3600		261.71		  31608859		-999.00
6156	1504150694	3600		262.05		  31608859		-999.00
6157	1504154294	3600		266.22		  31608859		-999.00
6158	1504157894	3600		266.22		  31608859		-999.00
6159	1504161494	3600		266.22		  31608859		-999.00
6160	1504165094	3600		266.22		  31608859		-999.00
6161	1504168694	3600		262.22		  31608859		-999.00
6162	1504172294	3600		262.22		  31608859		-999.00
6163	1504120694	-51600		262.22		  31608859		-999.00
6152	1504175837	1200		267.66		  47925323		334.00
6152	1504179437	3600		267.72		  49847674		331.50
6152	1504183037	3600		267.61		  46493524		331.50
6152	1504186637	3600		267.53		  43583771		331.50
6152	1504190237	3600		267.45		  41015269		331.50
6152	1504193837	3600		267.38		  38663683		331.50
6152	1504197079	3242		262.22		  35118594		 19.00
6153	1504198279	1200		261.71		  35118594		-999.00
6154	1504201879	3600		261.71		  35118594		-999.00
6155	1504205479	3600		262.22		  35118594		-999.00
6156	1504209079	3600		261.71		  35118594		-999.00
6157	1504212679	3600		262.22		  35118594		-999.00
6158	1504216279	3600		261.71		  35118594		-999.00
6159	1504197079	-19200		262.22		  35118594		-999.00
6155	1504220201	1200		267.71		  49658828		335.50
6155	1504221588	1387		267.86		  54763599		335.50
6156	1504222788	1200		262.22		  54763599		-999.00
6157	1504226388	3600		261.71		  54763599		-999.00
6158	1504221588	-4800		262.22		  54763599		-999.00
6156	1504230731	1200		267.70		  49390020		334.00
6156	1504234331	3600		267.75		  50882569		334.00
6156	1504237931	3600		267.65		  47527419		334.00
6156	1504241531	3600		267.56		  44649445		334.00
6156	1504245131	3600		267.47		  41633871		334.00
6156	1504248731	3600		267.41		  39520047		334.00
6156	1504252331	3600		267.33		  37019423		334.00
6156	1504255931	3600		267.26		  34575023		334.00
6156	1504259531	3600		267.17		  31788059		327.50
6156	1504260509	978		267.13		  30190816		331.00
6157	1504261709	1200		262.05		  30190816		-999.00
6158	1504265309	3600		265.66		  30190816		-999.00
6159	1504268909	3600		266.18		  30190816		-999.00
6160	1504272509	3600		266.18		  30190816		-999.00
6161	1504276109	3600		266.18		  30190816		-999.00
6162	1504279709	3600		261.67		  30190816		-999.00
6163	1504283309	3600		261.67		  30190816		-999.00
6164	1504260509	-22800		262.22		  30190816		-999.00
6158	1504285084	1200		267.84		  55319202		337.00
6158	1504288684	3600		267.71		  51135250		337.00
6158	1504292284	3600		267.56		  46065424		335.00
6158	1504295884	3600		267.54		  45406422		337.50
6158	1504299484	3600		267.42		  41587946		337.50
6158	1504303084	3600		267.38		  39969194		337.50
6158	1504304550	1466		267.19		  33874830		333.00
6159	1504305750	1200		266.18		  33874830		-999.00
6160	1504309350	3600		261.84		  33874830		-999.00
6161	1504312950	3600		262.18		  33874830		-999.00
6162	1504304550	-8400		262.18		  33874830		-999.00
6159	1504316880	1200		267.79		  53700567		331.00
6159	1504320480	3600		267.87		  56428559		342.50
6159	1504324080	3600		267.80		  54080736		342.50
6159	1504327680	3600		267.70		  50699060		342.50
6159	1504331280	3600		267.61		  47617302		342.50
6159	1504332187	907		267.56		  46159291		342.50
6160	1504333387	1200		266.18		  46159291		-999.00
6161	1504336987	3600		262.18		  46159291		-999.00
6162	1504340587	3600		262.17		  46159291		-999.00
6163	1504332187	-8400		262.18		  46159291		-999.00
6160	1504343175	1200		267.84		  55817841		342.00
6160	1504346775	3600		267.87		  56790622		344.50
6160	1504350375	3600		267.74		  52544872		344.50
6160	1504353975	3600		267.67		  50119789		344.50
6160	1504357575	3600		267.56		  46365118		342.00
6160	1504361175	3600		267.50		  44508590		342.00
6160	1504364775	3600		267.36		  39792391		341.50
6160	1504364957	182		267.52		  45101748		288.50
6161	1504366157	1200		266.17		  45101748		-999.00
6162	1504369757	3600		266.17		  45101748		-999.00
6163	1504373357	3600		266.17		  45101748		-999.00
6164	1504376957	3600		266.17		  45101748		-999.00
6165	1504380557	3600		266.17		  45101748		-999.00
6166	1504384157	3600		266.17		  45101748		-999.00
6167	1504387757	3600		266.17		  45101748		-999.00
6168	1504391357	3600		266.17		  45101748		-999.00
6169	1504394957	3600		262.17		  45101748		-999.00
6170	1504398557	3600		261.65		  45101748		-999.00
6171	1504402157	3600		261.99		  45101748		-999.00
6172	1504364957	-37200		262.17		  45101748		-999.00
6161	1504403438	1200		267.96		  59914601		347.00
6161	1504407038	3600		268.09		  64224998		347.00
6161	1504410638	3600		267.95		  59353545		347.00
6161	1504414238	3600		267.86		  56547071		347.00
6161	1504417838	3600		267.75		  52648041		347.00
6161	1504421438	3600		267.66		  49702603		347.00
6161	1504425038	3600		267.58		  47020855		347.00
6161	1504428638	3600		267.48		  43825287		347.00
6161	1504432238	3600		267.42		  41767935		347.00
6161	1504435838	3600		267.36		  39716534		347.00
6161	1504439438	3600		267.29		  37397272		344.50
6161	1504441810	2372		267.18		  33770059		344.50
6162	1504443010	1200		262.17		  33770059		-999.00
6163	1504446610	3600		261.65		  33770059		-999.00
6164	1504450210	3600		261.65		  33770059		-999.00
6165	1504453810	3600		261.65		  33770059		-999.00
6166	1504457410	3600		261.65		  33770059		-999.00
6167	1504461010	3600		261.65		  33770059		-999.00
6168	1504464610	3600		261.65		  33770059		-999.00
6169	1504468210	3600		261.65		  33770059		-999.00
6170	1504441810	-26400		262.17		  33770059		-999.00
6165	1504472633	1200		267.61		  48058097		346.00
6165	1504476233	3600		267.70		  51223279		346.00
6165	1504479833	3600		267.58		  47207583		346.00
6165	1504483433	3600		267.45		  42614274		341.00
6165	1504487033	3600		267.42		  41748476		341.00
6165	1504490633	3600		267.35		  39288565		338.50
6165	1504494233	3600		267.18		  36800482		338.50
6165	1504497833	3600		267.10		  34172474		338.50
6165	1504501433	3600		267.04		  32090812		338.50
6165	1504505033	3600		266.99		  30497679		345.00
6165	1504508633	3600		266.92		  28073056		345.50
6165	1504508906	273		262.07		  30084649		 13.50
6166	1504510106	1200		262.07		  30084649		-999.00
6167	1504513706	3600		265.99		  30084649		-999.00
6168	1504517306	3600		266.14		  30084649		-999.00
6169	1504520906	3600		261.62		  30084649		-999.00
6170	1504524506	3600		262.13		  30084649		-999.00
6171	1504528106	3600		261.62		  30084649		-999.00
6172	1504531706	3600		261.62		  30084649		-999.00
6173	1504535306	3600		261.62		  30084649		-999.00
6174	1504538906	3600		262.13		  30084649		-999.00
6175	1504508906	-30000		262.07		  30084649		-999.00
6167	1504540924	1200		267.38		  41532784		347.50
6167	1504544524	3600		267.47		  44562692		347.50
6167	1504548124	3600		267.36		  40896147		347.50
6167	1504551724	3600		267.33		  39846965		347.50
6167	1504555324	3600		267.25		  37204177		347.50
6167	1504558924	3600		267.18		  34907964		344.50
6167	1504559549	625		267.18		  34945020		347.00
6168	1504560749	1200		262.13		  34945020		-999.00
6169	1504564349	3600		261.62		  34945020		-999.00
6170	1504567949	3600		262.13		  34945020		-999.00
6171	1504559549	-8400		262.13		  34945020		-999.00
6168	1504570084	1200		267.59		  48679037		351.50
6168	1504573684	3600		267.68		  51807519		351.50
6168	1504577284	3600		267.58		  48209925		351.50
6168	1504580884	3600		267.52		  46189233		351.50
6168	1504584484	3600		267.38		  41720894		348.50
6168	1504585317	833		262.13		  42121277		 11.50
6169	1504586517	1200		266.13		  42121277		-999.00
6170	1504590117	3600		261.62		  42121277		-999.00
6171	1504593717	3600		262.13		  42121277		-999.00
6172	1504585317	-8400		262.13		  42121277		-999.00
6169	1504596944	1200		267.81		  55948919		355.50
6169	1504600544	3600		267.90		  58834692		355.50
6169	1504604144	3600		267.79		  55276492		349.50
6169	1504607744	3600		267.68		  51627516		357.00
6169	1504611344	3600		267.58		  48434296		354.50
6169	1504614944	3600		267.51		  46134301		354.50
6169	1504618544	3600		267.45		  43938913		354.50
6169	1504619996	1452		267.25		  37202273		353.00
6170	1504621196	1200		266.13		  37202273		-999.00
6171	1504624796	3600		266.14		  37202273		-999.00
6172	1504628396	3600		266.14		  37202273		-999.00
6173	1504619996	-8400		266.13		  37202273		-999.00
6170	1504631146	1200		268.15		  67072593		363.00
6170	1504634746	3600		268.23		  69757348		363.00
6170	1504638346	3600		268.10		  65575012		364.50
6170	1504641946	3600		268.01		  62426361		362.00
6170	1504645546	3600		267.87		  57916936		354.00
6170	1504646249	703		267.59		  48310870		358.50
6171	1504647449	1200		266.14		  48310870		-999.00
6172	1504651049	3600		261.63		  48310870		-999.00
6173	1504654649	3600		262.14		  48310870		-999.00
6174	1504646249	-8400		262.14		  48310870		-999.00
6171	1504656979	1200		268.36		  74030822		368.50
6171	1504660579	3600		268.45		  76958858		368.50
6171	1504664179	3600		268.29		  71921289		365.50
6171	1504667779	3600		268.23		  69692777		368.00
6171	1504671379	3600		268.07		  64489683		368.00
6171	1504674979	3600		268.00		  62040952		368.00
6171	1504678579	3600		267.90		  58760084		368.00
6171	1504682179	3600		267.79		  55260679		368.00
6171	1504685155	2976		267.65		  50517339		367.00
6172	1504686355	1200		266.14		  50517339		-999.00
6173	1504689955	3600		266.31		  50517339		-999.00
6174	1504693555	3600		266.31		  50517339		-999.00
6175	1504697155	3600		266.48		  50517339		-999.00
6176	1504700755	3600		266.13		  50517339		-999.00
6177	1504704355	3600		266.11		  50517339		-999.00
6178	1504707955	3600		266.11		  50517339		-999.00
6179	1504711555	3600		261.94		  50517339		-999.00
6180	1504715155	3600		262.11		  50517339		-999.00
6181	1504718755	3600		261.60		  50517339		-999.00
6182	1504722355	3600		261.95		  50517339		-999.00
6183	1504685155	-37200		262.14		  50517339		-999.00
6174	1504724865	1200		268.17		  68488218		364.00
6174	1504728465	3600		268.51		  73715709		369.00
6174	1504732065	3600		268.34		  68188448		369.00
6174	1504735665	3600		268.27		  65625270		369.00
6174	1504739265	3600		268.14		  61392923		371.50
6174	1504742865	3600		268.06		  58800914		369.00
6174	1504746465	3600		267.94		  54887284		369.00
6174	1504750065	3600		267.86		  52034995		369.00
6174	1504753665	3600		267.78		  49474324		369.00
6174	1504757265	3600		267.71		  47163472		369.00
6174	1504760865	3600		267.65		  45186239		369.00
6174	1504764465	3600		267.59		  42975261		369.00
6174	1504768065	3600		267.49		  39897229		363.50
6174	1504768259	194		267.43		  37802934		363.50
6175	1504769459	1200		261.95		  37802934		-999.00
6176	1504773059	3600		261.61		  37802934		-999.00
6177	1504768259	-4800		262.30		  37802934		-999.00
6175	1504777554	1200		268.27		  71614553		377.00
6175	1504781154	3600		268.60		  76624186		377.00
6175	1504784754	3600		268.42		  70737066		377.00
6175	1504788354	3600		268.34		  67951565		377.00
6175	1504791954	3600		268.22		  64039886		377.00
6175	1504795554	3600		268.14		  61312470		377.00
6175	1504799154	3600		268.01		  57223494		377.00
6175	1504802754	3600		267.93		  54428963		377.00
6175	1504806354	3600		267.83		  51190786		377.00
6175	1504809954	3600		267.79		  49789797		377.00
6175	1504813554	3600		267.71		  47178119		377.00
6175	1504817154	3600		267.63		  44471929		374.50
6175	1504818322	1168		267.40		  36914933		371.00
6176	1504819522	1200		266.47		  36914933		-999.00
6177	1504823122	3600		265.60		  36914933		-999.00
6178	1504818322	-4800		266.30		  36914933		-999.00
6176	1504827506	1200		268.38		  75177924		377.50
6176	1504831106	3600		268.67		  79471778		385.00
6176	1504833646	2540		268.55		  75279245		385.00
6177	1504834846	1200		266.29		  75279245		-999.00
6178	1504838446	3600		265.61		  75279245		-999.00
6179	1504842046	3600		265.95		  75279245		-999.00
6180	1504833646	-8400		266.29		  75279245		-999.00
6177	1504844616	1200		268.37		  74938708		385.00
6177	1504848216	3600		268.64		  78273529		382.50
6177	1504851816	3600		268.48		  73160208		387.50
6177	1504855416	3600		268.37		  69280463		385.00
6177	1504859016	3600		268.26		  65814715		385.00
6177	1504862616	3600		268.15		  61973777		385.00
6177	1504866216	3600		268.06		  59034858		385.00
6177	1504869816	3600		267.97		  55887426		380.00
6177	1504873416	3600		267.90		  53697268		385.00
6177	1504877016	3600		267.81		  50804831		382.50
6177	1504880616	3600		267.74		  48469243		382.50
6177	1504884216	3600		267.66		  45819340		382.50
6177	1504887330	3114		267.56		  42261157		382.50
6178	1504888530	1200		261.95		  42261157		-999.00
6179	1504892130	3600		261.61		  42261157		-999.00
6180	1504895730	3600		261.62		  42261157		-999.00
6181	1504899330	3600		261.63		  42261157		-999.00
6182	1504902930	3600		261.98		  42261157		-999.00
6183	1504887330	-15600		262.29		  42261157		-999.00
6179	1504905365	1200		268.47		  77511193		392.50
6179	1504905606	241		269.15		 100128694		392.50
6180	1504906806	1200		265.97		 100128694		-999.00
6181	1504910406	3600		261.64		 100128694		-999.00
6182	1504914006	3600		261.98		 100128694		-999.00
6183	1504905606	-8400		262.32		 100128694		-999.00
6180	1504917462	1200		268.81		  83006042		394.00
6180	1504917553	91		268.47		  71775213		394.00
6181	1504918753	1200		266.32		  71775213		-999.00
6182	1504922353	3600		261.63		  71775213		-999.00
6183	1504925953	3600		261.98		  71775213		-999.00
6184	1504929553	3600		261.64		  71775213		-999.00
6185	1504933153	3600		261.99		  71775213		-999.00
6186	1504917553	-15600		262.32		  71775213		-999.00
6182	1504935640	1200		268.30		  71715494		388.50
6182	1504939240	3600		268.59		  75533806		391.00
6182	1504942840	3600		268.42		  70033945		391.00
6182	1504946440	3600		268.31		  66171798		388.50
6182	1504950040	3600		268.20		  62488381		388.50
6182	1504953640	3600		268.11		  59495331		388.50
6182	1504957240	3600		268.01		  56212072		388.50
6182	1504960840	3600		267.90		  52627365		388.50
6182	1504964440	3600		267.84		  50643261		388.50
6182	1504968040	3600		267.78		  48559854		388.50
6182	1504968426	386		267.86		  51366689		388.50
6183	1504969626	1200		266.32		  51366689		-999.00
6184	1504973226	3600		261.82		  51366689		-999.00
6185	1504976826	3600		261.65		  51366689		-999.00
6186	1504980426	3600		266.33		  51366689		-999.00
6187	1504984026	3600		261.82		  51366689		-999.00
6188	1504987626	3600		261.99		  51366689		-999.00
6189	1504991226	3600		261.65		  51366689		-999.00
6190	1504994826	3600		261.65		  51366689		-999.00
6191	1504998426	3600		261.65		  51366689		-999.00
6192	1504968426	-30000		262.32		  51366689		-999.00
6185	1505002681	1200		268.24		  69376947		391.00
6185	1505006281	3600		268.53		  73251133		391.00
6185	1505009881	3600		268.38		  68114945		388.50
6185	1505010590	709		268.27		  64473292		391.00
6186	1505011790	1200		266.33		  64473292		-999.00
6187	1505015390	3600		265.64		  64473292		-999.00
6188	1505018990	3600		265.81		  64473292		-999.00
6189	1505010590	-8400		266.33		  64473292		-999.00
6186	1505021470	1200		268.26		  70245336		391.00
6186	1505025070	3600		268.54		  73407480		390.00
6186	1505028670	3600		268.39		  68698636		392.50
6186	1505032270	3600		268.29		  65210910		395.00
6186	1505035870	3600		268.18		  61562680		394.50
6186	1505039470	3600		268.10		  58776980		394.50
6186	1505043070	3600		268.01		  55734478		394.50
6186	1505046670	3600		267.90		  52189485		392.00
6186	1505050270	3600		267.84		  50163633		392.00
6186	1505053870	3600		267.77		  47959426		392.00
6186	1505057470	3600		267.71		  45817565		392.00
6186	1505061070	3600		267.63		  43307489		392.00
6186	1505063162	2092		267.51		  39092447		392.50
6187	1505064362	1200		266.33		  39092447		-999.00
6188	1505067962	3600		266.33		  39092447		-999.00
6189	1505071562	3600		266.33		  39092447		-999.00
6190	1505075162	3600		266.33		  39092447		-999.00
6191	1505078762	3600		266.33		  39092447		-999.00
6192	1505082362	3600		266.33		  39092447		-999.00
6193	1505085962	3600		261.82		  39092447		-999.00
6194	1505089562	3600		261.65		  39092447		-999.00
6195	1505093162	3600		261.99		  39092447		-999.00
6196	1505063162	-30000		262.33		  39092447		-999.00
6189	1505094461	1200		268.22		  68519323		399.50
6189	1505098061	3600		268.30		  73059669		399.50
6189	1505101661	3600		268.15		  68017619		400.00
6189	1505105261	3600		268.08		  65663430		400.00
6189	1505108861	3600		267.95		  61586556		399.50
6189	1505112461	3600		267.88		  58958181		399.50
6189	1505116061	3600		267.79		  56188074		397.00
6189	1505119661	3600		267.88		  52436452		398.50
6189	1505123261	3600		267.81		  50073463		398.50
6189	1505126861	3600		267.75		  48142279		398.50
6189	1505130461	3600		267.67		  45606816		398.50
6189	1505134061	3600		267.61		  43684890		396.00
6189	1505137661	3600		267.54		  41382175		398.50
6189	1505140369	2708		262.30		  38180313		 13.00
6190	1505141569	1200		261.79		  38180313		-999.00
6191	1505145169	3600		261.79		  38180313		-999.00
6192	1505148769	3600		261.79		  38180313		-999.00
6193	1505152369	3600		261.96		  38180313		-999.00
6194	1505155969	3600		261.79		  38180313		-999.00
6195	1505159569	3600		261.79		  38180313		-999.00
6196	1505163169	3600		261.79		  38180313		-999.00
6197	1505166769	3600		262.30		  38180313		-999.00
6198	1505170369	3600		262.30		  38180313		-999.00
6199	1505140369	-30000		262.30		  38180313		-999.00
6191	1505173250	1200		268.45		  71615534		404.50
6191	1505176850	3600		268.59		  76439202		404.50
6191	1505180450	3600		268.42		  70812621		404.50
6191	1505184050	3600		268.30		  66891364		404.50
6191	1505187650	3600		268.18		  62865029		406.50
6191	1505191250	3600		268.10		  60263570		404.00
6191	1505194850	3600		267.98		  56062775		404.00
6191	1505198450	3600		267.89		  53235114		404.00
6191	1505202050	3600		267.81		  50356213		404.00
6191	1505205650	3600		267.74		  48143614		401.50
6191	1505209250	3600		267.67		  45693834		404.00
6191	1505212850	3600		267.58		  42913962		404.00
6191	1505216450	3600		262.30		  39723533		 12.50
6191	1505216537	87		262.30		  31084901		 12.50
6192	1505217737	1200		261.96		  31084901		-999.00
6193	1505221337	3600		261.78		  31084901		-999.00
6194	1505224937	3600		261.78		  31084901		-999.00
6195	1505216537	-8400		262.30		  31084901		-999.00
6192	1505227327	1200		268.56		  75442081		415.00
6192	1505230927	3600		268.55		  75007321		410.50
6192	1505234527	3600		268.40		  70272574		415.50
6192	1505238074	3547		268.31		  67184323		415.50
6193	1505239274	1200		266.30		  67184323		-999.00
6194	1505242874	3600		261.78		  67184323		-999.00
6195	1505246474	3600		261.78		  67184323		-999.00
6196	1505238074	-8400		262.30		  67184323		-999.00
6193	1505248769	1200		268.44		  71340372		390.50
6193	1505252369	3600		268.50		  73520891		412.50
6193	1505255969	3600		268.37		  68969734		414.50
6193	1505259569	3600		268.28		  65959919		414.50
6193	1505263169	3600		268.13		  61149725		412.00
6193	1505266613	3444		268.01		  56969539		413.00
6194	1505267813	1200		262.30		  56969539		-999.00
6195	1505271413	3600		261.78		  56969539		-999.00
6196	1505275013	3600		261.81		  56969539		-999.00
6197	1505278613	3600		262.04		  56969539		-999.00
6198	1505266613	-12000		262.30		  56969539		-999.00
6194	1505280510	1200		266.56		  11581227		393.00
6194	1505284110	3600		266.58		  12274384		395.50
6194	1505287710	3600		266.50		   9666644		394.50
6194	1505291310	3600		256.72		   7771166		 13.00
6194	1505294910	3600		256.03		   9954962		 13.00
6194	1505298510	3600		256.03		   7831050		 13.00
6194	1505301821	3311		256.03		   5818824		 13.00
6195	1505303021	1200		256.03		   5818824		-999.00
6196	1505306621	3600		256.03		   5818824		-999.00
6197	1505310221	3600		256.03		   5818824		-999.00
6198	1505313821	3600		256.03		   5818824		-999.00
6199	1505317421	3600		256.03		   5818824		-999.00
6200	1505321021	3600		256.03		   5818824		-999.00
6201	1505324621	3600		256.03		   5818824		-999.00
6202	1505328221	3600		256.03		   5818824		-999.00
6203	1505331821	3600		256.03		   5818824		-999.00
6204	1505335421	3600		256.03		   5818824		-999.00
6205	1505339021	3600		256.03		   5818824		-999.00
6206	1505342621	3600		256.03		   5818824		-999.00
6207	1505346221	3600		256.03		   5818824		-999.00
6208	1505349821	3600		256.03		   5818824		-999.00
6209	1505353421	3600		256.03		   5818824		-999.00
6210	1505357021	3600		256.03		   5818824		-999.00
6211	1505360621	3600		256.03		   5818824		-999.00
6212	1505364221	3600		256.03		   5818824		-999.00
6213	1505367821	3600		256.03		   5818824		-999.00
6214	1505371421	3600		256.03		   5818824		-999.00
6215	1505375021	3600		256.03		   5818824		-999.00
6216	1505378621	3600		256.03		   5818824		-999.00
6217	1505382221	3600		256.03		   5818824		-999.00
6218	1505385821	3600		256.03		   5818824		-999.00
6219	1505389421	3600		256.03		   5818824		-999.00
6220	1505393021	3600		256.03		   5818824		-999.00
6221	1505396621	3600		256.03		   5818824		-999.00
6222	1505400221	3600		256.03		   5818824		-999.00
6223	1505403821	3600		256.03		   5818824		-999.00
6224	1505407421	3600		255.87		   5818824		-999.00
6225	1505411021	3600		255.87		   5818824		-999.00
6226	1505414621	3600		255.87		   5818824		-999.00
6227	1505418221	3600		255.87		   5818824		-999.00
6228	1505421821	3600		255.87		   5818824		-999.00
6229	1505425421	3600		255.87		   5818824		-999.00
6230	1505429021	3600		255.87		   5818824		-999.00
6231	1505432621	3600		255.87		   5818824		-999.00
6232	1505436221	3600		255.87		   5818824		-999.00
6233	1505439821	3600		255.87		   5818824		-999.00
6234	1505443421	3600		255.87		   5818824		-999.00
6235	1505447021	3600		255.87		   5818824		-999.00
6236	1505450621	3600		255.87		   5818824		-999.00
6237	1505454221	3600		255.87		   5818824		-999.00
6238	1505457821	3600		255.87		   5818824		-999.00
6239	1505461421	3600		255.87		   5818824		-999.00
6240	1505465021	3600		255.87		   5818824		-999.00
6241	1505468621	3600		255.96		   5818824		-999.00
6242	1505472221	3600		255.96		   5818824		-999.00
6243	1505475821	3600		255.96		   5818824		-999.00
6244	1505479421	3600		255.96		   5818824		-999.00
6245	1505483021	3600		255.97		   5818824		-999.00
6246	1505486621	3600		255.97		   5818824		-999.00
6247	1505490221	3600		255.97		   5818824		-999.00
6248	1505493821	3600		255.97		   5818824		-999.00
6249	1505497421	3600		255.97		   5818824		-999.00
6250	1505501021	3600		255.97		   5818824		-999.00
6251	1505504621	3600		255.97		   5818824		-999.00
6252	1505508221	3600		255.97		   5818824		-999.00
6253	1505511821	3600		255.97		   5818824		-999.00
6254	1505515421	3600		255.97		   5818824		-999.00
6255	1505519021	3600		255.97		   5818824		-999.00
6256	1505522621	3600		255.97		   5818824		-999.00
6257	1505526221	3600		255.97		   5818824		-999.00
6258	1505529821	3600		255.97		   5818824		-999.00
6259	1505533421	3600		255.97		   5818824		-999.00
6260	1505537021	3600		255.97		   5818824		-999.00
6261	1505540621	3600		255.97		   5818824		-999.00
6262	1505544221	3600		255.97		   5818824		-999.00
6263	1505547821	3600		255.97		   5818824		-999.00
6264	1505551421	3600		255.97		   5818824		-999.00
6265	1505555021	3600		255.97		   5818824		-999.00
6266	1505558621	3600		255.97		   5818824		-999.00
6267	1505562221	3600		255.97		   5818824		-999.00
6268	1505565821	3600		255.97		   5818824		-999.00
6269	1505569421	3600		255.97		   5818824		-999.00
6270	1505573021	3600		255.97		   5818824		-999.00
6271	1505576621	3600		255.97		   5818824		-999.00
6272	1505580221	3600		255.97		   5818824		-999.00
6273	1505583821	3600		255.97		   5818824		-999.00
6274	1505587421	3600		255.97		   5818824		-999.00
6275	1505591021	3600		255.97		   5818824		-999.00
6276	1505594621	3600		255.97		   5818824		-999.00
6277	1505598221	3600		255.97		   5818824		-999.00
6278	1505601821	3600		255.97		   5818824		-999.00
6279	1505605421	3600		255.97		   5818824		-999.00
6280	1505609021	3600		255.97		   5818824		-999.00
6281	1505612621	3600		255.97		   5818824		-999.00
6282	1505616221	3600		255.97		   5818824		-999.00
6283	1505619821	3600		255.97		   5818824		-999.00
6284	1505623421	3600		255.97		   5818824		-999.00
6285	1505627021	3600		255.97		   5818824		-999.00
6286	1505630621	3600		255.97		   5818824		-999.00
6287	1505634221	3600		255.97		   5818824		-999.00
6288	1505637821	3600		255.97		   5818824		-999.00
6289	1505641421	3600		255.80		   5818824		-999.00
6290	1505645021	3600		255.97		   5818824		-999.00
6291	1505648621	3600		255.80		   5818824		-999.00
6292	1505652221	3600		255.80		   5818824		-999.00
6293	1505655821	3600		255.80		   5818824		-999.00
6294	1505659421	3600		255.97		   5818824		-999.00
6295	1505663021	3600		255.97		   5818824		-999.00
6296	1505666621	3600		255.97		   5818824		-999.00
6297	1505670221	3600		255.97		   5818824		-999.00
6298	1505673821	3600		255.97		   5818824		-999.00
6299	1505677421	3600		255.97		   5818824		-999.00
6300	1505681021	3600		255.97		   5818824		-999.00
6301	1505684621	3600		255.80		   5818824		-999.00
6302	1505688221	3600		255.80		   5818824		-999.00
6303	1505691821	3600		255.80		   5818824		-999.00
6304	1505695421	3600		255.97		   5818824		-999.00
6305	1505699021	3600		255.97		   5818824		-999.00
6306	1505702621	3600		255.97		   5818824		-999.00
6307	1505706221	3600		255.97		   5818824		-999.00
6308	1505709821	3600		255.97		   5818824		-999.00
6309	1505713421	3600		256.14		   5818824		-999.00
6310	1505717021	3600		259.14		   5818824		-999.00
6311	1505720621	3600		256.28		   5818824		-999.00
6312	1505724221	3600		259.45		   5818824		-999.00
6313	1505727821	3600		259.45		   5818824		-999.00
6314	1505731421	3600		261.73		   5818824		-999.00
6315	1505735021	3600		261.73		   5818824		-999.00
6316	1505738621	3600		265.73		   5818824		-999.00
6317	1505742221	3600		265.73		   5818824		-999.00
6318	1505745821	3600		265.73		   5818824		-999.00
6319	1505749421	3600		265.73		   5818824		-999.00
6320	1505753021	3600		265.90		   5818824		-999.00
6321	1505756621	3600		265.90		   5818824		-999.00
6322	1505760221	3600		266.25		   5818824		-999.00
6323	1505763821	3600		266.25		   5818824		-999.00
6324	1505767421	3600		266.25		   5818824		-999.00
6325	1505771021	3600		266.25		   5818824		-999.00
6326	1505774621	3600		266.25		   5818824		-999.00
6327	1505778221	3600		266.25		   5818824		-999.00
6328	1505781821	3600		266.25		   5818824		-999.00
6329	1505785421	3600		266.25		   5818824		-999.00
6330	1505789021	3600		266.25		   5818824		-999.00
6331	1505792621	3600		266.25		   5818824		-999.00
6332	1505796221	3600		266.25		   5818824		-999.00
6333	1505799821	3600		266.25		   5818824		-999.00
6334	1505803421	3600		266.25		   5818824		-999.00
6335	1505807021	3600		266.22		   5818824		-999.00
6336	1505810621	3600		266.22		   5818824		-999.00
6337	1505814221	3600		266.22		   5818824		-999.00
6338	1505817821	3600		266.22		   5818824		-999.00
6339	1505821421	3600		266.22		   5818824		-999.00
6340	1505825021	3600		266.22		   5818824		-999.00
6341	1505828621	3600		266.22		   5818824		-999.00
6342	1505832221	3600		266.22		   5818824		-999.00
6343	1505835821	3600		266.05		   5818824		-999.00
6344	1505839421	3600		266.05		   5818824		-999.00
6345	1505843021	3600		266.22		   5818824		-999.00
6346	1505846621	3600		266.05		   5818824		-999.00
6347	1505850221	3600		266.05		   5818824		-999.00
6348	1505853821	3600		266.05		   5818824		-999.00
6349	1505857421	3600		266.05		   5818824		-999.00
6350	1505861021	3600		266.05		   5818824		-999.00
6351	1505864621	3600		266.05		   5818824		-999.00
6352	1505868221	3600		266.05		   5818824		-999.00
6353	1505871821	3600		266.05		   5818824		-999.00
6354	1505875421	3600		266.05		   5818824		-999.00
6355	1505879021	3600		266.22		   5818824		-999.00
6356	1505882621	3600		266.22		   5818824		-999.00
6357	1505886221	3600		266.22		   5818824		-999.00
6358	1505889821	3600		266.22		   5818824		-999.00
6359	1505893421	3600		266.22		   5818824		-999.00
6360	1505897021	3600		265.71		   5818824		-999.00
6361	1505900621	3600		266.22		   5818824		-999.00
6362	1505904221	3600		266.16		   5818824		-999.00
6363	1505907821	3600		266.16		   5818824		-999.00
6364	1505911421	3600		256.72		   5818824		-999.00
6365	1505915021	3600		256.21		   5818824		-999.00
6366	1505918621	3600		256.21		   5818824		-999.00
6367	1505922221	3600		256.21		   5818824		-999.00
6368	1505925821	3600		256.21		   5818824		-999.00
6369	1505929421	3600		256.21		   5818824		-999.00
6370	1505933021	3600		259.44		   5818824		-999.00
6371	1505936621	3600		265.60		   5818824		-999.00
6372	1505940221	3600		266.43		   5818824		-999.00
6373	1505943821	3600		262.09		   5818824		-999.00
6374	1505947421	3600		262.09		   5818824		-999.00
6375	1505951021	3600		262.09		   5818824		-999.00
6376	1505954621	3600		262.09		   5818824		-999.00
6377	1505958221	3600		262.09		   5818824		-999.00
6378	1505961821	3600		262.09		   5818824		-999.00
6379	1505965421	3600		262.09		   5818824		-999.00
6380	1505969021	3600		266.09		   5818824		-999.00
6381	1505972621	3600		266.09		   5818824		-999.00
6382	1505976221	3600		266.09		   5818824		-999.00
6383	1505979821	3600		266.10		   5818824		-999.00
6384	1505983421	3600		266.10		   5818824		-999.00
6385	1505987021	3600		266.27		   5818824		-999.00
6386	1505990621	3600		262.27		   5818824		-999.00
6387	1505994221	3600		262.10		   5818824		-999.00
6388	1505997821	3600		262.10		   5818824		-999.00
6389	1506001421	3600		261.76		   5818824		-999.00
6390	1506005021	3600		261.93		   5818824		-999.00
6391	1506008621	3600		262.10		   5818824		-999.00
6392	1506012221	3600		261.93		   5818824		-999.00
6393	1506015821	3600		262.10		   5818824		-999.00
6394	1506019421	3600		261.76		   5818824		-999.00
6395	1506023021	3600		262.10		   5818824		-999.00
6396	1506026621	3600		262.10		   5818824		-999.00
6397	1506030221	3600		261.76		   5818824		-999.00
6398	1506033821	3600		261.76		   5818824		-999.00
6399	1506037421	3600		262.10		   5818824		-999.00
6400	1506041021	3600		261.76		   5818824		-999.00
6401	1506044621	3600		261.76		   5818824		-999.00
6402	1506048221	3600		262.10		   5818824		-999.00
6403	1506051821	3600		261.93		   5818824		-999.00
6404	1506055421	3600		261.93		   5818824		-999.00
6405	1506059021	3600		262.10		   5818824		-999.00
6406	1506062621	3600		262.10		   5818824		-999.00
6407	1506066221	3600		261.76		   5818824		-999.00
6408	1506069821	3600		261.76		   5818824		-999.00
6409	1506073421	3600		262.27		   5818824		-999.00
6410	1506077021	3600		266.10		   5818824		-999.00
6411	1506080621	3600		262.10		   5818824		-999.00
6412	1506084221	3600		262.10		   5818824		-999.00
6413	1506087821	3600		262.10		   5818824		-999.00
6414	1506091421	3600		261.76		   5818824		-999.00
6415	1506095021	3600		256.34		   5818824		-999.00
6416	1505301821	-793200		256.03		   5818824		-999.00
6230	1506097353	1200		255.96		     51812		 13.00
6230	1506100953	3600		255.96		     47525		 13.00
6230	1506103661	2708		255.96		     40674		 13.00
6231	1506104861	1200		255.96		     40674		-999.00
6232	1506108461	3600		255.96		     40674		-999.00
6233	1506112061	3600		255.96		     40674		-999.00
6234	1506115661	3600		255.96		     40674		-999.00
6235	1506119261	3600		255.96		     40674		-999.00
6236	1506122861	3600		255.96		     40674		-999.00
6237	1506126461	3600		255.79		     40674		-999.00
6238	1506130061	3600		255.79		     40674		-999.00
6239	1506133661	3600		255.79		     40674		-999.00
6240	1506137261	3600		255.79		     40674		-999.00
6241	1506140861	3600		255.96		     40674		-999.00
6242	1506144461	3600		255.96		     40674		-999.00
6243	1506148061	3600		255.62		     40674		-999.00
6244	1506151661	3600		255.62		     40674		-999.00
6245	1506155261	3600		255.79		     40674		-999.00
6246	1506158861	3600		261.77		     40674		-999.00
6247	1506103661	-55200		255.96		     40674		-999.00
6236	1506163260	1200		266.18		   2178281		378.50
6236	1506166860	3600		266.35		   2264770		379.00
6236	1506170460	3600		266.35		   2119695		379.00
6236	1506174060	3600		266.34		   1979020		387.50
6236	1506174452	392		266.34		   1944236		387.50
6237	1506175652	1200		261.77		   1944236		-999.00
6238	1506179252	3600		261.94		   1944236		-999.00
6239	1506182852	3600		261.94		   1944236		-999.00
6240	1506174452	-8400		262.28		   1944236		-999.00
6238	1506186718	1200		266.99		  29117476		387.50
6238	1506190318	3600		266.94		  21914225		369.50
6238	1506193918	3600		266.30		    453078		378.00
6238	1506197518	3600		266.30		    456089		377.50
6238	1506201118	3600		266.30		    461531		377.50
6238	1506204718	3600		266.30		    451290		377.50
6238	1506206288	1570		266.30		    461622		377.50
6239	1506207488	1200		261.77		    461622		-999.00
6240	1506211088	3600		261.75		    461622		-999.00
6241	1506206288	-4800		261.94		    461622		-999.00
6239	1506215748	1200		268.08		  60812190		394.00
6239	1506219348	3600		268.17		  63664158		394.50
6239	1506222948	3600		268.03		  59116768		398.50
6239	1506226548	3600		267.86		  53361134		397.50
6239	1506230148	3600		267.75		  49518795		396.50
6239	1506233748	3600		267.65		  46336009		396.50
6239	1506235806	2058		267.49		  40883752		395.50
6240	1506237006	1200		266.26		  40883752		-999.00
6241	1506240606	3600		261.92		  40883752		-999.00
6242	1506244206	3600		261.92		  40883752		-999.00
6243	1506235806	-8400		262.26		  40883752		-999.00
6240	1506245466	1200		268.67		  80218503		409.00
6240	1506249066	3600		268.72		  81897239		411.00
6240	1506252666	3600		268.57		  77003867		411.00
6240	1506256266	3600		268.46		  73238286		410.00
6240	1506259866	3600		268.30		  67980274		409.50
6240	1506263466	3600		268.21		  65064948		408.50
6240	1506267066	3600		268.07		  60245181		408.50
6240	1506270666	3600		267.93		  55720614		407.50
6240	1506274266	3600		267.80		  51226946		408.50
6240	1506277866	3600		267.73		  49114594		407.50
6240	1506281466	3600		267.64		  46150601		406.50
6240	1506285066	3600		267.55		  43093486		406.50
6240	1506287847	2781		267.45		  39558423		403.00
6241	1506289047	1200		266.26		  39558423		-999.00
6242	1506292647	3600		262.26		  39558423		-999.00
6243	1506296247	3600		261.92		  39558423		-999.00
6244	1506287847	-8400		262.26		  39558423		-999.00
6241	1506298039	1200		269.13		  95555605		424.50
6241	1506301639	3600		269.18		  97357850		425.50
6241	1506305239	3600		268.98		  90806364		424.00
6241	1506308839	3600		268.82		  85263367		423.00
6241	1506312439	3600		268.61		  78319838		423.50
6241	1506316039	3600		268.51		  74949492		422.50
6241	1506319639	3600		268.33		  69050721		420.50
6241	1506323239	3600		268.21		  64858745		420.00
6241	1506326839	3600		268.07		  60360484		419.00
6241	1506330439	3600		267.94		  55931596		418.00
6241	1506334039	3600		267.82		  52075764		418.00
6241	1506337639	3600		267.71		  48746188		417.50
6241	1506341239	3600		267.60		  45262570		416.50
6241	1506343449	2210		267.46		  40579214		414.50
6242	1506344649	1200		266.24		  40579214		-999.00
6243	1506348249	3600		261.82		  40579214		-999.00
6244	1506351849	3600		261.82		  40579214		-999.00
6245	1506355449	3600		261.82		  40579214		-999.00
6246	1506359049	3600		261.82		  40579214		-999.00
6247	1506343449	-15600		262.24		  40579214		-999.00
6243	1506360492	1200		268.98		  94130981		432.50
6243	1506364092	3600		269.14		  99456545		432.50
6243	1506367692	3600		268.95		  93118509		434.00
6243	1506371292	3600		268.79		  87645199		431.50
6243	1506374892	3600		268.61		  81696904		432.00
6243	1506378492	3600		268.47		  76994623		430.50
6243	1506382092	3600		268.32		  72045781		430.00
6243	1506385692	3600		268.16		  66819912		428.50
6243	1506389292	3600		268.05		  63043868		429.00
6243	1506392892	3600		267.96		  60012112		427.00
6243	1506396492	3600		267.80		  54808562		426.00
6243	1506400092	3600		267.68		  50754676		426.50
6243	1506403692	3600		267.60		  47879792		426.00
6243	1506405939	2247		267.47		  43500797		424.50
6244	1506407139	1200		266.15		  43500797		-999.00
6245	1506410739	3600		266.15		  43500797		-999.00
6246	1506414339	3600		266.27		  43500797		-999.00
6247	1506417939	3600		261.76		  43500797		-999.00
6248	1506421539	3600		262.12		  43500797		-999.00
6249	1506405939	-15600		262.16		  43500797		-999.00
6245	1506423986	1200		269.11		  99620691		443.00
6245	1506427586	3600		269.32		 100880693		443.50
6245	1506431186	3600		269.12		  94169468		443.00
6245	1506434786	3600		268.96		  88865453		441.00
6245	1506438386	3600		268.76		  82216001		441.50
6245	1506441986	3600		268.65		  78462664		440.50
6245	1506445586	3600		268.46		  72205957		439.00
6245	1506449186	3600		268.33		  67871922		438.50
6245	1506452786	3600		268.19		  63065381		437.50
6245	1506456386	3600		268.06		  58741107		436.50
6245	1506459986	3600		267.92		  54380806		434.50
6245	1506463586	3600		267.83		  51090072		431.00
6245	1506466944	3358		267.74		  48298426		432.50
6246	1506468144	1200		261.77		  48298426		-999.00
6247	1506471744	3600		262.12		  48298426		-999.00
6248	1506475344	3600		261.77		  48298426		-999.00
6249	1506478944	3600		261.77		  48298426		-999.00
6250	1506482544	3600		261.77		  48298426		-999.00
6251	1506486144	3600		261.77		  48298426		-999.00
6252	1506466944	-19200		262.29		  48298426		-999.00
6247	1506489822	1200		269.26		 104496100		446.50
6247	1506493422	3600		269.42		 104286443		451.00
6247	1506497022	3600		269.18		  96128357		446.00
6247	1506500622	3600		268.99		  89835348		449.00
6247	1506504222	3600		268.79		  83309567		450.00
6247	1506507822	3600		268.65		  78670273		448.00
6247	1506511422	3600		268.42		  71003037		446.00
6247	1506513911	2489		268.27		  66053303		446.00
6248	1506515111	1200		266.12		  66053303		-999.00
6249	1506518711	3600		266.12		  66053303		-999.00
6250	1506522311	3600		266.12		  66053303		-999.00
6251	1506525911	3600		262.12		  66053303		-999.00
6252	1506529511	3600		261.78		  66053303		-999.00
6253	1506533111	3600		261.78		  66053303		-999.00
6254	1506536711	3600		261.78		  66053303		-999.00
6255	1506513911	-22800		262.29		  66053303		-999.00
6252	1506538570	1200		268.44		  77383956		451.00
6252	1506542170	3600		268.87		  91703141		453.50
6252	1506545770	3600		268.71		  86072157		453.00
6252	1506549370	3600		268.56		  81232261		450.50
6252	1506552970	3600		268.39		  75619799		451.50
6252	1506556570	3600		268.31		  72760327		450.50
6252	1506560170	3600		268.14		  67366929		449.50
6252	1506563770	3600		268.01		  62943483		448.00
6252	1506567370	3600		267.89		  58963109		448.50
6252	1506570970	3600		267.81		  56198894		448.00
6252	1506574570	3600		267.68		  51983814		447.00
6252	1506578170	3600		267.60		  49057889		446.00
6252	1506581770	3600		267.52		  46400691		445.00
6252	1506583296	1526		267.34		  40555662		441.50
6253	1506584496	1200		262.12		  40555662		-999.00
6254	1506588096	3600		261.78		  40555662		-999.00
6255	1506591696	3600		261.95		  40555662		-999.00
6256	1506583296	-8400		262.12		  40555662		-999.00
6253	1506595663	1200		269.41		 109459381		462.00
6253	1506599263	3600		269.53		 102227680		466.50
6253	1506602863	3600		269.38		  97332454		463.50
6253	1506606463	3600		269.19		  90886603		464.50
6253	1506610063	3600		268.98		  84036127		462.50
6253	1506613663	3600		268.79		  77519937		461.50
6253	1506617263	3600		268.46		  72855936		461.00
6253	1506620863	3600		268.35		  68968105		460.00
6253	1506624463	3600		268.14		  62138364		457.50
6253	1506628063	3600		268.02		  58138959		457.50
6253	1506631663	3600		267.91		  54449978		457.00
6253	1506635263	3600		267.85		  52330787		456.00
6253	1506638863	3600		267.71		  47828754		455.50
6253	1506642463	3600		267.64		  45468778		453.50
6253	1506643848	1385		267.42		  38186895		453.50
6254	1506645048	1200		266.10		  38186895		-999.00
6255	1506648648	3600		266.10		  38186895		-999.00
6256	1506652248	3600		265.76		  38186895		-999.00
6257	1506643848	-8400		266.28		  38186895		-999.00
6255	1506656806	1200		269.18		 102576273		472.50
6255	1506660406	3600		269.72		 109115250		478.00
6255	1506664006	3600		269.67		 107327004		477.50
6255	1506667606	3600		269.42		  99135644		474.50
6255	1506671206	3600		269.28		  94495383		476.50
6255	1506674806	3600		269.05		  86673168		473.50
6255	1506678406	3600		268.87		  80738894		474.50
6255	1506682006	3600		268.75		  76614361		472.50
6255	1506685606	3600		268.57		  70756655		468.50
6255	1506689206	3600		268.38		  64365819		468.00
6255	1506692806	3600		268.24		  59832685		468.00
6255	1506696406	3600		268.13		  56030379		466.50
6255	1506700006	3600		268.03		  52729049		467.50
6255	1506703606	3600		267.97		  50701438		465.00
6255	1506707206	3600		267.83		  46244263		464.50
6255	1506710806	3600		267.73		  42668319		463.50
6255	1506714406	3600		267.66		  40363724		461.50
6255	1506718006	3600		262.11		  36302019		 13.50
6255	1506718725	719		262.11		  36483171		 13.50
6256	1506719925	1200		262.11		  36483171		-999.00
6257	1506723525	3600		262.11		  36483171		-999.00
6258	1506727125	3600		261.76		  36483171		-999.00
6259	1506730725	3600		261.76		  36483171		-999.00
6260	1506734325	3600		261.76		  36483171		-999.00
6261	1506737925	3600		261.76		  36483171		-999.00
6262	1506741525	3600		262.11		  36483171		-999.00
6263	1506718725	-22800		262.11		  36483171		-999.00
6258	1506744173	1200		262.11		   2136639		 13.00
6258	1506747773	3600		268.32		  73851294		477.00
6258	1506751373	3600		268.79		  89525807		477.50
6258	1506754973	3600		268.64		  84364878		478.50
6258	1506758573	3600		268.46		  78445750		475.50
6258	1506762173	3600		268.33		  73972259		476.50
6258	1506765773	3600		268.20		  69725344		475.00
6258	1506769373	3600		268.04		  64388614		474.00
6258	1506772973	3600		267.92		  60341979		473.00
6258	1506776573	3600		267.82		  57268282		473.00
6258	1506780173	3600		267.73		  54227792		472.50
6258	1506783773	3600		267.62		  50557472		472.00
6258	1506787373	3600		267.54		  47932084		471.00
6258	1506790973	3600		262.11		  43523268		 13.50
6258	1506793166	2193		262.11		  41739343		 13.50
6259	1506794366	1200		262.11		  41739343		-999.00
6260	1506797966	3600		265.76		  41739343		-999.00
6261	1506801566	3600		265.60		  41739343		-999.00
6262	1506793166	-8400		266.11		  41739343		-999.00
6259	1506803444	1200		268.74		  87444718		488.50
6259	1506807044	3600		269.12		  94565568		487.00
6259	1506810644	3600		268.91		  87550252		487.50
6259	1506814244	3600		268.74		  81957471		485.00
6259	1506817844	3600		268.53		  74899753		485.00
6259	1506821444	3600		268.36		  69207876		482.50
6259	1506825044	3600		268.23		  64761672		483.00
6259	1506828644	3600		268.13		  61645028		480.50
6259	1506832244	3600		267.99		  56990195		481.00
6259	1506835844	3600		267.89		  53395321		479.00
6259	1506839444	3600		267.77		  49424066		478.00
6259	1506843044	3600		267.72		  47779155		477.50
6259	1506846644	3600		267.62		  44487600		478.50
6259	1506850244	3600		267.55		  42061720		475.50
6259	1506853844	3600		267.44		  38622266		475.00
6259	1506856365	2521		267.31		  34278746		474.50
6260	1506857565	1200		266.10		  34278746		-999.00
6261	1506861165	3600		262.11		  34278746		-999.00
6262	1506864765	3600		266.11		  34278746		-999.00
6263	1506868365	3600		261.77		  34278746		-999.00
6264	1506871965	3600		261.77		  34278746		-999.00
6265	1506856365	-15600		262.28		  34278746		-999.00
6261	1506873937	1200		268.96		  95031007		489.50
6261	1506877537	3600		269.47		 106107285		502.00
6261	1506881137	3600		269.38		  97427187		499.00
6261	1506884455	3318		269.18		  90814306		496.50
6262	1506885655	1200		266.28		  90814306		-999.00
6263	1506889255	3600		262.11		  90814306		-999.00
6264	1506892855	3600		262.11		  90814306		-999.00
6265	1506884455	-8400		262.45		  90814306		-999.00
6262	1506895215	1200		269.03		  97277409		502.00
6262	1506898815	3600		269.80		 105628464		498.50
6262	1506902415	3600		269.53		  96543987		498.50
6262	1506906015	3600		269.32		  89743923		498.50
6262	1506906984	969		269.23		  86508467		498.50
6263	1506908184	1200		266.29		  86508467		-999.00
6264	1506911784	3600		262.11		  86508467		-999.00
6265	1506906984	-4800		262.63		  86508467		-999.00
6263	1506916355	1200		269.19		 102402761		507.50
6263	1506919955	3600		269.69		 107657265		507.00
6263	1506923555	3600		269.43		  99084011		507.00
6263	1506925167	1612		269.30		  94684985		505.00
6264	1506926367	1200		266.29		  94684985		-999.00
6265	1506929967	3600		266.29		  94684985		-999.00
6266	1506933567	3600		261.95		  94684985		-999.00
6267	1506937167	3600		261.78		  94684985		-999.00
6268	1506940767	3600		261.78		  94684985		-999.00
6269	1506944367	3600		262.12		  94684985		-999.00
6270	1506947967	3600		266.12		  94684985		-999.00
6271	1506951567	3600		266.12		  94684985		-999.00
6272	1506955167	3600		262.12		  94684985		-999.00
6273	1506925167	-30000		262.46		  94684985		-999.00
6266	1506959949	1200		269.16		 101475345		501.50
6266	1506963549	3600		269.54		 102763229		505.00
6266	1506967149	3600		269.23		  92193633		501.00
6266	1506970749	3600		269.00		  84555525		501.00
6266	1506974349	3600		268.78		  77195836		499.50
6266	1506977949	3600		268.61		  71692566		497.50
6266	1506981549	3600		268.41		  64998432		496.00
6266	1506985149	3600		268.32		  62009026		496.50
6266	1506988749	3600		268.18		  57403765		494.50
6266	1506992349	3600		268.07		  53603978		493.00
6266	1506995949	3600		267.95		  49638239		493.00
6266	1506999549	3600		267.88		  47348764		492.00
6266	1507001729	2180		267.81		  45097304		492.00
6267	1507002929	1200		266.46		  45097304		-999.00
6268	1507006529	3600		266.46		  45097304		-999.00
6269	1507010129	3600		266.46		  45097304		-999.00
6270	1507013729	3600		266.11		  45097304		-999.00
6271	1507017329	3600		262.12		  45097304		-999.00
6272	1507020929	3600		262.12		  45097304		-999.00
6273	1507001729	-19200		262.46		  45097304		-999.00
6268	1507025299	1200		269.30		 105959961		510.50
6268	1507028899	3600		269.72		 108441846		516.50
6268	1507032499	3600		269.43		  98832302		515.00
6268	1507036099	3600		269.28		  93985260		511.00
6268	1507039699	3600		269.09		  87395062		511.50
6268	1507043299	3600		268.85		  79392725		509.00
6268	1507046899	3600		268.66		  73059129		507.00
6268	1507050499	3600		268.54		  69199754		505.00
6268	1507054099	3600		268.36		  63296378		504.50
6268	1507057699	3600		268.22		  58713866		501.50
6268	1507061211	3512		267.99		  50991757		499.50
6269	1507062411	1200		262.11		  50991757		-999.00
6270	1507066011	3600		266.11		  50991757		-999.00
6271	1507069611	3600		266.28		  50991757		-999.00
6272	1507073211	3600		262.11		  50991757		-999.00
6273	1507076811	3600		261.77		  50991757		-999.00
6274	1507061211	-15600		262.46		  50991757		-999.00
6269	1507081001	1200		269.63		 111923951		515.50
6269	1507084601	3600		269.74		 109823657		524.50
6269	1507084876	275		269.88		 114435944		524.50
6270	1507086076	1200		266.28		 114435944		-999.00
6271	1507089676	3600		266.45		 114435944		-999.00
6272	1507093276	3600		266.45		 114435944		-999.00
6273	1507096876	3600		261.92		 114435944		-999.00
6274	1507100476	3600		261.58		 114435944		-999.00
6275	1507084876	-15600		262.45		 114435944		-999.00
6271	1507102752	1200		269.67		 113658007		520.50
6271	1507106352	3600		269.81		 112463553		527.00
6271	1507109952	3600		269.54		 103493512		524.50
6271	1507113552	3600		269.44		 100120515		521.50
6271	1507117152	3600		269.18		  91312922		520.00
6271	1507120752	3600		268.90		  82147053		518.00
6271	1507124352	3600		268.73		  76198375		518.00
6271	1507127952	3600		268.56		  70790638		515.50
6271	1507131552	3600		268.39		  64948457		512.50
6271	1507135152	3600		268.26		  60588196		513.00
6271	1507138752	3600		268.11		  55775405		510.50
6271	1507142352	3600		268.00		  52075433		507.00
6271	1507144397	2045		267.70		  42140579		503.50
6272	1507145597	1200		261.91		  42140579		-999.00
6273	1507149197	3600		262.08		  42140579		-999.00
6274	1507152797	3600		261.74		  42140579		-999.00
6275	1507156397	3600		262.08		  42140579		-999.00
6276	1507144397	-12000		262.44		  42140579		-999.00
6272	1507158351	1200		270.10		 116549828		523.00
6272	1507161951	3600		270.03		 114343505		532.50
6272	1507165551	3600		269.47		 101498411		535.00
6272	1507169151	3600		269.40		  98969813		530.50
6272	1507172751	3600		269.09		  88729360		528.50
6272	1507176351	3600		268.84		  80447306		526.00
6272	1507179951	3600		268.64		  73787404		528.00
6272	1507183551	3600		268.53		  69953740		523.50
6272	1507187151	3600		268.37		  64568229		523.50
6272	1507190751	3600		268.21		  59230573		520.00
6272	1507194351	3600		268.06		  54441827		517.50
6272	1507197951	3600		267.87		  48149409		511.50
6272	1507200417	2466		267.91		  49232992		512.50
6273	1507201617	1200		262.07		  49232992		-999.00
6274	1507205217	3600		261.73		  49232992		-999.00
6275	1507208817	3600		262.07		  49232992		-999.00
6276	1507212417	3600		261.90		  49232992		-999.00
6277	1507216017	3600		261.90		  49232992		-999.00
6278	1507219617	3600		262.07		  49232992		-999.00
6279	1507200417	-19200		262.43		  49232992		-999.00
6275	1507223530	1200		269.82		 113678278		538.00
6275	1507227130	3600		269.85		 114616479		545.50
6275	1507230730	3600		269.57		 105256849		545.00
6275	1507234330	3600		269.50		 102943070		540.50
6275	1507237930	3600		269.20		  92838404		529.50
6275	1507241530	3600		268.92		  83445757		535.00
6275	1507245130	3600		268.72		  76859691		532.50
6275	1507248730	3600		268.58		  72293252		528.00
6275	1507252330	3600		268.39		  65789791		527.50
6275	1507255930	3600		268.24		  60907514		527.00
6275	1507259530	3600		268.09		  55982478		526.00
6275	1507263130	3600		267.97		  52000857		523.00
6275	1507266730	3600		267.83		  47293599		522.50
6275	1507268645	1915		267.64		  40936843		520.50
6276	1507269845	1200		262.06		  40936843		-999.00
6277	1507273445	3600		266.06		  40936843		-999.00
6278	1507277045	3600		262.38		  40936843		-999.00
6279	1507280645	3600		261.87		  40936843		-999.00
6280	1507284245	3600		262.05		  40936843		-999.00
6281	1507268645	-15600		262.41		  40936843		-999.00
6276	1507286966	1200		270.01		 114793527		538.00
6276	1507290566	3600		269.62		 107469642		552.00
6276	1507294166	3600		269.56		 105575238		549.50
6276	1507297766	3600		269.28		  96256332		544.00
6276	1507301366	3600		269.03		  87754211		543.50
6276	1507304419	3053		268.81		  80467801		542.50
6277	1507305619	1200		266.40		  80467801		-999.00
6278	1507309219	3600		266.40		  80467801		-999.00
6279	1507312819	3600		266.40		  80467801		-999.00
6280	1507316419	3600		261.89		  80467801		-999.00
6281	1507320019	3600		261.89		  80467801		-999.00
6282	1507304419	-15600		262.40		  80467801		-999.00
6278	1507322050	1200		269.87		 115775021		552.50
6278	1507325650	3600		269.62		 107471760		556.50
6278	1507329250	3600		269.71		 104834873		554.00
6278	1507332850	3600		269.45		  96274938		550.00
6278	1507336450	3600		269.16		  86434180		547.00
6278	1507340050	3600		268.95		  79323764		544.50
6278	1507343112	3062		268.75		  72939361		545.00
6279	1507344312	1200		266.40		  72939361		-999.00
6280	1507347912	3600		261.89		  72939361		-999.00
6281	1507351512	3600		261.89		  72939361		-999.00
6282	1507343112	-8400		262.57		  72939361		-999.00
6279	1507355687	1200		269.81		 114117934		556.00
6279	1507359287	3600		269.80		 113763054		561.50
6279	1507362887	3600		269.55		 105388273		562.00
6279	1507365727	2840		269.75		 106000221		544.50
6280	1507366927	1200		262.20		 106000221		-999.00
6281	1507370527	3600		266.37		 106000221		-999.00
6282	1507374127	3600		266.03		 106000221		-999.00
6283	1507377727	3600		266.20		 106000221		-999.00
6284	1507381327	3600		266.37		 106000221		-999.00
6285	1507384927	3600		266.37		 106000221		-999.00
6286	1507388527	3600		266.37		 106000221		-999.00
6287	1507392127	3600		266.37		 106000221		-999.00
6288	1507395727	3600		266.37		 106000221		-999.00
6289	1507399327	3600		266.37		 106000221		-999.00
6290	1507402927	3600		266.37		 106000221		-999.00
6291	1507406527	3600		266.37		 106000221		-999.00
6292	1507410127	3600		266.37		 106000221		-999.00
6293	1507413727	3600		261.86		 106000221		-999.00
6294	1507417327	3600		262.03		 106000221		-999.00
6295	1507365727	-51600		262.57		 106000221		-999.00
6283	1507419857	1200		269.73		 111927349		555.00
6283	1507423457	3600		269.76		 112798769		561.00
6283	1507427057	3600		269.67		 104206805		561.50
6283	1507430657	3600		269.61		 102275167		555.50
6283	1507434257	3600		269.32		  92451944		544.50
6283	1507437857	3600		269.05		  83651445		548.00
6283	1507441457	3600		268.86		  77306378		547.50
6283	1507445057	3600		268.73		  72750887		548.00
6283	1507448657	3600		268.56		  67260895		545.00
6283	1507452257	3600		268.38		  61194705		544.00
6283	1507455857	3600		268.25		  56890526		542.00
6283	1507459457	3600		268.10		  51927588		541.00
6283	1507462000	2543		267.75		  45809660		536.00
6284	1507463200	1200		262.03		  45809660		-999.00
6285	1507466800	3600		262.03		  45809660		-999.00
6286	1507470400	3600		262.01		  45809660		-999.00
6287	1507462000	-8400		262.37		  45809660		-999.00
6284	1507471720	1200		269.76		 113796851		566.00
6284	1507475320	3600		269.69		 111482527		535.00
6284	1507478920	3600		269.52		 105583463		568.00
6284	1507482520	3600		269.40		 101521717		563.00
6284	1507486120	3600		269.11		  92016984		560.00
6284	1507489720	3600		268.86		  83582484		559.50
6284	1507493320	3600		268.67		  77215167		558.00
6284	1507494556	1236		268.60		  74945721		559.50
6285	1507495756	1200		266.35		  74945721		-999.00
6286	1507499356	3600		261.83		  74945721		-999.00
6287	1507494556	-4800		262.35		  74945721		-999.00
6285	1507503721	1200		269.75		 113572450		569.00
6285	1507507321	3600		269.72		 112821356		573.50
6285	1507510921	3600		269.53		 106488102		575.50
6285	1507514521	3600		269.42		 102698380		569.50
6285	1507518121	3600		269.10		  92132614		568.00
6285	1507521721	3600		268.87		  84292714		566.00
6285	1507525321	3600		268.65		  77091021		564.50
6285	1507528921	3600		268.53		  73092692		562.00
6285	1507530896	1975		268.40		  68713992		561.00
6286	1507532096	1200		262.17		  68713992		-999.00
6287	1507535696	3600		266.34		  68713992		-999.00
6288	1507539296	3600		266.34		  68713992		-999.00
6289	1507542896	3600		266.34		  68713992		-999.00
6290	1507546496	3600		266.34		  68713992		-999.00
6291	1507550096	3600		266.34		  68713992		-999.00
6292	1507553696	3600		266.34		  68713992		-999.00
6293	1507557296	3600		266.34		  68713992		-999.00
6294	1507560896	3600		266.34		  68713992		-999.00
6295	1507564496	3600		262.00		  68713992		-999.00
6296	1507568096	3600		262.00		  68713992		-999.00
6297	1507530896	-37200		262.34		  68713992		-999.00
6287	1507572726	1200		269.65		 110430787		577.50
6287	1507576326	3600		269.91		 113182442		581.00
6287	1507579926	3600		269.71		 106594151		575.00
6287	1507583526	3600		269.79		 108951834		581.00
6287	1507587126	3600		269.47		  98401285		578.00
6287	1507590726	3600		269.17		  88471424		576.50
6287	1507594326	3600		268.98		  82116673		571.50
6287	1507597926	3600		268.81		  76549297		571.00
6287	1507601526	3600		268.64		  70751060		570.00
6287	1507605126	3600		268.47		  64951027		567.00
6287	1507608726	3600		268.30		  59402971		563.00
6287	1507612326	3600		268.17		  55090667		563.50
6287	1507615926	3600		268.06		  51366568		565.00
6287	1507619526	3600		267.91		  46569056		555.50
6287	1507619736	210		267.97		  48456853		556.00
6288	1507620936	1200		266.33		  48456853		-999.00
6289	1507624536	3600		261.99		  48456853		-999.00
6290	1507628136	3600		262.16		  48456853		-999.00
6291	1507619736	-8400		262.52		  48456853		-999.00
6288	1507631237	1200		269.67		 111128860		559.00
6288	1507634837	3600		269.90		 113019889		593.50
6288	1507638437	3600		269.52		 106090833		587.00
6288	1507642037	3600		269.71		 106700729		586.50
6288	1507645637	3600		269.39		  96095469		584.50
6288	1507649237	3600		269.11		  86710448		581.50
6288	1507652837	3600		268.91		  79940453		579.00
6288	1507656437	3600		268.75		  74770282		577.00
6288	1507660037	3600		268.60		  69523910		575.00
6288	1507663637	3600		268.40		  62843615		572.00
6288	1507667237	3600		268.22		  56918530		570.50
6288	1507670837	3600		268.11		  53308361		569.50
6288	1507673622	2785		267.75		  47068806		563.00
6289	1507674822	1200		261.63		  47068806		-999.00
6290	1507678422	3600		261.97		  47068806		-999.00
6291	1507682022	3600		261.80		  47068806		-999.00
6292	1507685622	3600		261.80		  47068806		-999.00
6293	1507689222	3600		262.14		  47068806		-999.00
6294	1507692822	3600		261.96		  47068806		-999.00
6295	1507696422	3600		261.96		  47068806		-999.00
6296	1507673622	-22800		262.34		  47068806		-999.00
6291	1507699392	1200		269.74		 114528332		589.00
6291	1507702992	3600		269.69		 113147991		599.50
6291	1507706592	3600		269.68		 106716534		600.50
6291	1507710192	3600		269.62		 104929821		592.50
6291	1507713792	3600		269.28		  93543389		589.00
6291	1507717392	3600		269.06		  85982683		587.00
6291	1507720992	3600		268.82		  78264584		585.50
6291	1507724592	3600		268.70		  74101287		582.00
6291	1507728192	3600		268.50		  67440335		580.50
6291	1507731792	3600		268.35		  62342000		581.00
6291	1507735392	3600		268.23		  58453047		576.50
6291	1507738992	3600		268.08		  53289542		577.00
6291	1507742592	3600		267.98		  50001688		575.00
6291	1507746192	3600		267.89		  47165200		574.50
6291	1507749792	3600		267.80		  44071394		573.00
6291	1507753392	3600		267.69		  40548326		570.50
6291	1507756992	3600		267.59		  37248325		570.50
6291	1507760592	3600		267.54		  35300592		569.50
6291	1507764192	3600		267.46		  32844785		568.50
6291	1507766508	2316		267.34		  28930718		565.50
6292	1507767708	1200		265.96		  28930718		-999.00
6293	1507771308	3600		265.96		  28930718		-999.00
6294	1507774908	3600		265.96		  28930718		-999.00
6295	1507778508	3600		265.96		  28930718		-999.00
6296	1507782108	3600		265.96		  28930718		-999.00
6297	1507785708	3600		265.24		  28930718		-999.00
6298	1507789308	3600		266.13		  28930718		-999.00
6299	1507792908	3600		260.87		  28930718		-999.00
6300	1507796508	3600		260.18		  28930718		-999.00
6301	1507800108	3600		260.01		  28930718		-999.00
6302	1507803708	3600		260.01		  28930718		-999.00
6303	1507807308	3600		260.01		  28930718		-999.00
6304	1507810908	3600		260.01		  28930718		-999.00
6305	1507814508	3600		260.01		  28930718		-999.00
6306	1507818108	3600		260.01		  28930718		-999.00
6307	1507821708	3600		265.60		  28930718		-999.00
6308	1507825308	3600		266.29		  28930718		-999.00
6309	1507828908	3600		265.77		  28930718		-999.00
6310	1507766508	-62400		266.48		  28930718		-999.00
6295	1507833686	1200		266.12		         0		570.00
6295	1507837286	3600		266.29		         2		574.00
6295	1507840886	3600		266.29		         2		576.00
6295	1507844486	3600		266.29		         2		577.00
6295	1507848086	3600		266.29		         0		578.00
6295	1507851686	3600		266.29		         0		577.50
6295	1507855286	3600		256.32		         0		 13.00
6295	1507855861	575		256.32		         0		 13.00
6296	1507857061	1200		255.96		         0		-999.00
6297	1507860661	3600		255.96		         0		-999.00
6298	1507864261	3600		255.96		         0		-999.00
6299	1507867861	3600		255.96		         0		-999.00
6300	1507871461	3600		255.96		         0		-999.00
6301	1507875061	3600		255.96		         0		-999.00
6302	1507878661	3600		255.96		         0		-999.00
6303	1507882261	3600		255.79		         0		-999.00
6304	1507885861	3600		255.79		         0		-999.00
6305	1507889461	3600		255.79		         0		-999.00
6306	1507893061	3600		255.79		         0		-999.00
6307	1507896661	3600		255.79		         0		-999.00
6308	1507900261	3600		255.79		         0		-999.00
6309	1507903861	3600		256.13		         0		-999.00
6310	1507907461	3600		260.30		         0		-999.00
6311	1507911061	3600		265.68		         0		-999.00
6312	1507914661	3600		266.21		         0		-999.00
6313	1507855861	-58800		260.14		         0		-999.00
6297	1507918159	1200		269.68		 110036299		593.50
6297	1507921759	3600		269.81		 114076278		594.50
6297	1507925359	3600		269.59		 107015106		602.00
6297	1507928959	3600		269.51		 104248460		573.50
6297	1507932559	3600		269.22		  94680751		591.50
6297	1507936159	3600		268.96		  85980354		588.50
6297	1507939759	3600		268.75		  78941539		590.50
6297	1507943359	3600		268.69		  77043784		588.50
6297	1507946959	3600		268.49		  70387057		586.50
6297	1507950559	3600		268.34		  65216067		584.00
6297	1507954159	3600		268.18		  59953047		582.50
6297	1507957759	3600		268.05		  55633680		580.50
6297	1507961359	3600		267.91		  50727727		581.00
6297	1507964959	3600		267.78		  46606975		564.50
6297	1507965973	1014		262.38		  43310126		 13.50
6298	1507967173	1200		262.01		  43310126		-999.00
6299	1507970773	3600		261.84		  43310126		-999.00
6300	1507965973	-4800		262.38		  43310126		-999.00
6298	1507975427	1200		269.75		 113499247		606.00
6298	1507979027	3600		269.72		 112261539		610.00
6298	1507982627	3600		269.71		 111933807		611.50
6298	1507986227	3600		269.53		 105955717		604.50
6298	1507989827	3600		269.58		 107630750		605.50
6298	1507993427	3600		269.20		  94886292		606.00
6298	1507997027	3600		268.97		  87362731		603.00
6298	1508000627	3600		268.77		  80577003		599.00
6298	1508004227	3600		268.57		  73858895		597.50
6298	1508007827	3600		268.37		  67316019		596.00
6298	1508011427	3600		268.23		  62615291		595.00
6298	1508015027	3600		268.07		  57466133		593.50
6298	1508018627	3600		267.96		  53523469		592.00
6298	1508022227	3600		267.85		  49846263		589.00
6298	1508025827	3600		267.72		  45532995		588.50
6298	1508029427	3600		267.63		  42607596		586.50
6298	1508033027	3600		267.54		  39567050		586.50
6298	1508035883	2856		267.42		  35631569		581.00
6299	1508037083	1200		262.01		  35631569		-999.00
6300	1508040683	3600		261.84		  35631569		-999.00
6301	1508044283	3600		261.84		  35631569		-999.00
6302	1508047883	3600		261.84		  35631569		-999.00
6303	1508035883	-12000		262.35		  35631569		-999.00
6300	1508052242	1200		269.76		 113766948		619.00
6300	1508055842	3600		269.74		 112909086		620.50
6300	1508059442	3600		269.74		 112969383		621.50
6300	1508063042	3600		269.55		 106832683		627.50
6300	1508066642	3600		269.59		 108102575		620.50
6300	1508070242	3600		269.24		  96401696		616.00
6300	1508073842	3600		269.01		  88677961		615.50
6300	1508075760	1918		268.88		  84413329		611.00
6301	1508076960	1200		266.35		  84413329		-999.00
6302	1508080560	3600		266.35		  84413329		-999.00
6303	1508084160	3600		266.35		  84413329		-999.00
6304	1508087760	3600		262.18		  84413329		-999.00
6305	1508091360	3600		261.84		  84413329		-999.00
6306	1508094960	3600		261.84		  84413329		-999.00
6307	1508098560	3600		261.84		  84413329		-999.00
6308	1508075760	-22800		262.35		  84413329		-999.00
6303	1508102748	1200		269.77		 113944352		618.00
6303	1508106348	3600		269.71		 111960511		624.50
6303	1508109948	3600		269.72		 112220552		625.50
6303	1508113548	3600		269.55		 106677079		630.00
6303	1508117148	3600		269.55		 106672765		624.50
6303	1508120748	3600		269.21		  95272587		620.50
6303	1508124348	3600		268.94		  86408288		618.00
6303	1508127948	3600		268.78		  81086211		616.50
6303	1508131548	3600		268.58		  74302787		615.00
6303	1508135148	3600		268.41		  68656513		612.50
6303	1508138748	3600		268.25		  63336776		612.00
6303	1508142348	3600		268.11		  58642874		609.50
6303	1508145948	3600		267.99		  54502900		608.50
6303	1508149548	3600		267.81		  48759887		606.00
6303	1508150038	490		267.97		  53887516		607.00
6304	1508151238	1200		262.00		  53887516		-999.00
6305	1508154838	3600		262.00		  53887516		-999.00
6306	1508158438	3600		262.00		  53887516		-999.00
6307	1508162038	3600		261.83		  53887516		-999.00
6308	1508165638	3600		262.17		  53887516		-999.00
6309	1508150038	-15600		262.35		  53887516		-999.00
6304	1508168326	1200		269.62		 109452078		631.00
6304	1508171926	3600		269.85		 116866738		634.50
6304	1508175526	3600		269.71		 112498862		635.50
6304	1508179126	3600		269.56		 107341298		631.50
6304	1508182726	3600		269.48		 104763712		632.00
6304	1508186326	3600		269.16		  93897738		629.00
6304	1508189926	3600		268.95		  86929395		626.50
6304	1508193526	3600		268.73		  79685890		624.50
6304	1508197126	3600		268.55		  73530781		622.50
6304	1508200726	3600		268.35		  67012823		620.00
6304	1508204326	3600		268.20		  61997662		619.50
6304	1508207926	3600		268.06		  57309654		616.00
6304	1508211515	3589		267.89		  51702122		610.50
6305	1508212715	1200		266.17		  51702122		-999.00
6306	1508216315	3600		262.00		  51702122		-999.00
6307	1508219915	3600		261.83		  51702122		-999.00
6308	1508211515	-8400		262.34		  51702122		-999.00
6305	1508222237	1200		269.74		 113408988		636.50
6305	1508225837	3600		269.74		 113210670		645.00
6305	1508229437	3600		269.74		 113428115		646.00
6305	1508233037	3600		269.52		 106068272		636.50
6305	1508236637	3600		269.61		 108849165		619.00
6305	1508240237	3600		269.28		  97919474		637.50
6305	1508243837	3600		269.04		  89969526		640.00
6305	1508247437	3600		268.86		  84082710		635.00
6305	1508251037	3600		268.63		  76397752		632.00
6305	1508254637	3600		268.42		  69390535		631.50
6305	1508258237	3600		268.27		  64224091		628.50
6305	1508261837	3600		268.11		  59037377		628.00
6305	1508265437	3600		268.00		  55181183		626.50
6305	1508268001	2564		267.79		  48401274		618.00
6306	1508269201	1200		261.83		  48401274		-999.00
6307	1508272801	3600		261.83		  48401274		-999.00
6308	1508268001	-4800		262.34		  48401274		-999.00
6306	1508277190	1200		269.79		 114913397		653.50
6306	1508280790	3600		269.75		 113563480		655.00
6306	1508284390	3600		269.74		 113315791		654.50
6306	1508287990	3600		269.55		 107008990		637.00
6306	1508291590	3600		269.64		 110009421		655.00
6306	1508295190	3600		269.33		  99617720		652.50
6306	1508298790	3600		269.05		  90485250		649.50
6306	1508302390	3600		268.87		  84415656		646.50
6306	1508305990	3600		268.63		  76315977		643.00
6306	1508308822	2832		268.48		  71211000		641.50
6307	1508310022	1200		266.34		  71211000		-999.00
6308	1508313622	3600		261.82		  71211000		-999.00
6309	1508308822	-4800		262.34		  71211000		-999.00
6307	1508318336	1200		269.77		 114658778		635.50
6307	1508321936	3600		269.75		 113835280		653.00
6307	1508325536	3600		269.73		 113314253		664.50
6307	1508329136	3600		269.72		 112878548		664.50
6307	1508332736	3600		269.55		 107387682		664.00
6307	1508336336	3600		269.37		 101427091		660.50
6307	1508339936	3600		269.10		  92217686		657.50
6307	1508343536	3600		268.90		  85650743		655.50
6307	1508346486	2950		268.73		  80031291		652.00
6308	1508347686	1200		261.82		  80031291		-999.00
6309	1508351286	3600		261.82		  80031291		-999.00
6310	1508354886	3600		261.82		  80031291		-999.00
6311	1508358486	3600		262.33		  80031291		-999.00
6312	1508362086	3600		261.82		  80031291		-999.00
6313	1508346486	-15600		262.33		  80031291		-999.00
6308	1508365058	1200		269.78		 114942250		657.50
6308	1508368658	3600		269.73		 113389825		670.50
6308	1508372258	3600		269.73		 113455383		670.00
6308	1508375858	3600		269.54		 107159972		657.00
6308	1508379458	3600		269.67		 111347069		669.50
6308	1508383058	3600		269.30		  99117440		665.00
6308	1508386658	3600		269.01		  89480911		660.00
6308	1508390258	3600		268.86		  84355849		660.00
6308	1508393858	3600		268.62		  76380837		658.00
6308	1508397458	3600		268.45		  70708462		652.50
6308	1508401058	3600		268.26		  64262711		652.50
6308	1508404658	3600		268.13		  60039819		650.00
6308	1508408258	3600		267.95		  53872533		648.00
6308	1508409840	1582		267.73		  46527550		642.00
6309	1508411040	1200		261.98		  46527550		-999.00
6310	1508414640	3600		261.98		  46527550		-999.00
6311	1508418240	3600		261.81		  46527550		-999.00
6312	1508409840	-8400		262.33		  46527550		-999.00
6309	1508420823	1200		269.78		 115194332		669.00
6309	1508422917	2094		269.72		 113239792		679.50
6310	1508424117	1200		262.32		 113239792		-999.00
6311	1508427717	3600		262.32		 113239792		-999.00
6312	1508431317	3600		262.15		 113239792		-999.00
6313	1508434917	3600		261.81		 113239792		-999.00
6314	1508422917	-12000		262.32		 113239792		-999.00
6311	1508438805	1200		269.77		 115054614		669.50
6311	1508442405	3600		269.71		 112981835		680.00
6311	1508446005	3600		269.73		 113712085		681.50
6311	1508449605	3600		269.53		 107098844		677.00
6311	1508453205	3600		269.80		 110589448		678.50
6311	1508456805	3600		269.46		  99218663		674.50
6311	1508460405	3600		269.19		  90130876		676.00
6311	1508464005	3600		269.01		  83948574		671.00
6311	1508467605	3600		268.77		  76097285		668.00
6311	1508471205	3600		268.58		  69918827		669.00
6311	1508474805	3600		268.44		  65275124		668.50
6311	1508478405	3600		268.28		  59815703		665.00
6311	1508482005	3600		267.91		  53265289		651.00
6311	1508484113	2108		262.32		  52720447		 13.50
6312	1508485313	1200		261.98		  52720447		-999.00
6313	1508488913	3600		261.78		  52720447		-999.00
6314	1508492513	3600		261.84		  52720447		-999.00
6315	1508484113	-8400		262.32		  52720447		-999.00
6312	1508495418	1200		269.76		 113643787		683.50
6312	1508499018	3600		269.71		 111950875		685.50
6312	1508502618	3600		269.71		 112108065		689.50
6312	1508506218	3600		269.84		 107078417		694.50
6312	1508509818	3600		269.81		 106210303		686.00
6312	1508513418	3600		269.51		  96149144		678.50
6312	1508517018	3600		269.27		  88268125		682.00
6312	1508520618	3600		269.06		  81172105		678.00
6312	1508524218	3600		268.85		  74223282		675.50
6312	1508527818	3600		268.63		  66825294		673.50
6312	1508531418	3600		268.46		  61316853		669.00
6312	1508535018	3600		262.62		  54573700		 13.50
6312	1508535189	171		262.62		  49793181		 13.50
6313	1508536389	1200		266.11		  49793181		-999.00
6314	1508539989	3600		261.77		  49793181		-999.00
6315	1508543589	3600		261.94		  49793181		-999.00
6316	1508535189	-8400		262.62		  49793181		-999.00
6313	1508545207	1200		269.83		 112418065		692.50
6313	1508548713	3506		270.04		 113952588		662.50
6314	1508549913	1200		266.45		 113952588		-999.00
6315	1508553513	3600		261.75		 113952588		-999.00
6316	1508557113	3600		262.09		 113952588		-999.00
6317	1508548713	-8400		262.62		 113952588		-999.00
6314	1508558535	1200		269.94		 111226555		692.50
6314	1508562135	3600		270.00		 113193857		697.00
6314	1508565735	3600		269.97		 112323711		698.00
6314	1508569335	3600		269.77		 105817785		680.00
6314	1508572935	3600		269.74		 104688279		692.50
6314	1508576535	3600		269.45		  94886883		690.50
6314	1508580135	3600		269.21		  86997369		692.00
6314	1508583735	3600		269.03		  81122704		688.00
6314	1508587335	3600		268.91		  76953181		686.50
6314	1508590935	3600		268.69		  69559334		680.00
6314	1508594535	3600		268.49		  63089596		681.50
6314	1508598135	3600		268.34		  58078744		677.00
6314	1508601735	3600		268.23		  54227613		676.00
6314	1508605335	3600		268.05		  48308624		676.50
6314	1508608935	3600		262.60		  46857378		 13.50
6314	1508612535	3600		261.89		   6547933		 12.50
6314	1508615073	2538		261.89		         0		 12.50
6315	1508616273	1200		261.73		         0		-999.00
6316	1508619873	3600		262.07		         0		-999.00
6317	1508623473	3600		262.07		         0		-999.00
6318	1508615073	-8400		261.89		         0		-999.00
6315	1508625002	1200		269.79		 112335951		700.50
6315	1508628602	3600		270.00		 113815801		706.50
6315	1508632202	3600		269.98		 112917402		707.50
6315	1508635802	3600		269.87		 109389473		665.00
6315	1508639402	3600		269.88		 109685402		708.00
6315	1508643002	3600		269.57		  99299091		704.00
6315	1508646602	3600		269.31		  90568266		703.00
6315	1508650202	3600		269.07		  82572577		698.50
6315	1508653802	3600		268.87		  76023981		696.00
6315	1508657402	3600		268.68		  69579028		694.00
6315	1508661002	3600		268.53		  64586848		692.50
6315	1508662786	1784		268.43		  61398378		692.00
6316	1508663986	1200		266.59		  61398378		-999.00
6317	1508667586	3600		266.58		  61398378		-999.00
6318	1508671186	3600		266.07		  61398378		-999.00
6319	1508674786	3600		262.04		  61398378		-999.00
6320	1508678386	3600		262.04		  61398378		-999.00
6321	1508681986	3600		266.56		  61398378		-999.00
6322	1508685586	3600		262.03		  61398378		-999.00
6323	1508662786	-22800		262.59		  61398378		-999.00
6317	1508690090	1200		269.92		 112671096		703.00
6317	1508693690	3600		269.97		 114313482		715.50
6317	1508697290	3600		269.94		 113056009		717.50
6317	1508700890	3600		269.74		 106583725		714.50
6317	1508704490	3600		269.79		 108109004		715.50
6317	1508708090	3600		269.44		  96508886		709.00
6317	1508711690	3600		269.18		  87899580		708.00
6317	1508715290	3600		268.94		  79780845		705.50
6317	1508718890	3600		268.80		  75151118		702.50
6317	1508722490	3600		268.63		  69394887		701.00
6317	1508726090	3600		268.40		  61857826		697.50
6317	1508729690	3600		268.19		  54991265		696.00
6317	1508733290	3600		268.14		  53105662		694.50
6317	1508736021	2731		268.06		  50598624		693.00
6318	1508737221	1200		262.03		  50598624		-999.00
6319	1508740821	3600		262.03		  50598624		-999.00
6320	1508744421	3600		262.03		  50598624		-999.00
6321	1508748021	3600		262.20		  50598624		-999.00
6322	1508736021	-12000		262.54		  50598624		-999.00
6318	1508749759	1200		269.98		 114418119		707.00
6318	1508753359	3600		269.92		 112625338		723.50
6318	1508756959	3600		269.87		 110975726		680.00
6318	1508757812	853		268.60		  68590970		708.50
6319	1508759012	1200		262.19		  68590970		-999.00
6320	1508762612	3600		262.36		  68590970		-999.00
6321	1508766212	3600		262.36		  68590970		-999.00
6322	1508769812	3600		262.01		  68590970		-999.00
6323	1508773412	3600		262.01		  68590970		-999.00
6324	1508777012	3600		262.01		  68590970		-999.00
6325	1508780612	3600		262.01		  68590970		-999.00
6326	1508784212	3600		262.01		  68590970		-999.00
6327	1508787812	3600		262.01		  68590970		-999.00
6328	1508791412	3600		262.01		  68590970		-999.00
6329	1508757812	-33600		262.54		  68590970		-999.00
6323	1508796103	1200		269.85		 110999218		707.50
6323	1508799703	3600		269.82		 110214254		725.00
6323	1508803303	3600		269.81		 109823358		727.00
6323	1508806903	3600		269.63		 103641235		718.00
6323	1508810503	3600		269.75		 107710761		719.00
6323	1508814103	3600		269.40		  96160493		721.00
6323	1508817703	3600		269.17		  88506193		718.00
6323	1508821303	3600		268.98		  82145237		712.50
6323	1508824903	3600		268.77		  75249884		710.50
6323	1508828503	3600		268.57		  68548888		709.00
6323	1508832103	3600		268.41		  63226788		708.00
6323	1508835703	3600		268.29		  58974133		706.00
6323	1508839303	3600		268.06		  51537793		693.50
6323	1508839887	584		268.05		  51112389		695.00
6324	1508841087	1200		262.00		  51112389		-999.00
6325	1508844687	3600		262.00		  51112389		-999.00
6326	1508848287	3600		262.00		  51112389		-999.00
6327	1508851887	3600		262.00		  51112389		-999.00
6328	1508855487	3600		262.00		  51112389		-999.00
6329	1508859087	3600		262.00		  51112389		-999.00
6330	1508839887	-19200		262.52		  51112389		-999.00
6324	1508861149	1200		269.77		 108539585		722.50
6324	1508864749	3600		269.92		 113772045		729.00
6324	1508868349	3600		269.92		 113502696		729.00
6324	1508871949	3600		269.69		 105862834		725.00
6324	1508875549	3600		269.83		 110688202		727.50
6324	1508879149	3600		269.46		  98364840		723.50
6324	1508882749	3600		269.19		  89494908		720.50
6324	1508886349	3600		269.03		  83963995		719.00
6324	1508889949	3600		268.79		  76134698		716.00
6324	1508893549	3600		268.62		  70441793		714.00
6324	1508897149	3600		268.46		  64903378		710.50
6324	1508900749	3600		268.26		  58458133		709.50
6324	1508904349	3600		268.13		  54004670		708.50
6324	1508907949	3600		268.01		  50070820		705.00
6324	1508911549	3600		267.92		  46928594		705.00
6324	1508915149	3600		267.82		  43727305		704.50
6324	1508918170	3021		267.71		  40078301		701.50
6325	1508919370	1200		262.00		  40078301		-999.00
6326	1508922970	3600		262.00		  40078301		-999.00
6327	1508926570	3600		262.00		  40078301		-999.00
6328	1508930170	3600		262.00		  40078301		-999.00
6329	1508918170	-12000		262.51		  40078301		-999.00
6325	1508932018	1200		269.95		 114725190		736.00
6325	1508935618	3600		269.90		 113160961		740.50
6325	1508939218	3600		269.90		 113046744		742.50
6325	1508942818	3600		269.65		 104669525		741.00
6325	1508946418	3600		269.58		 102441623		736.00
6325	1508950018	3600		269.31		  93332673		732.50
6325	1508953618	3600		269.06		  84902921		731.50
6325	1508957218	3600		268.89		  79485754		728.00
6325	1508960818	3600		268.68		  72374475		723.50
6325	1508964418	3600		268.51		  66814463		723.00
6325	1508968018	3600		268.34		  61155284		721.50
6325	1508971618	3600		268.21		  56800244		719.50
6325	1508975218	3600		268.10		  52967145		716.50
6325	1508978818	3600		267.97		  48684102		716.50
6325	1508982418	3600		267.89		  45937567		713.00
6325	1508985380	2962		267.74		  40844942		709.00
6326	1508986580	1200		261.99		  40844942		-999.00
6327	1508990180	3600		266.50		  40844942		-999.00
6328	1508993780	3600		261.98		  40844942		-999.00
6329	1508997380	3600		262.15		  40844942		-999.00
6330	1509000980	3600		262.15		  40844942		-999.00
6331	1509004580	3600		262.15		  40844942		-999.00
6332	1509008180	3600		262.15		  40844942		-999.00
6333	1509011780	3600		262.15		  40844942		-999.00
6334	1509015380	3600		262.15		  40844942		-999.00
6335	1509018980	3600		262.15		  40844942		-999.00
6336	1509022580	3600		261.98		  40844942		-999.00
6337	1509026180	3600		256.10		  40844942		-999.00
6338	1509029780	3600		257.00		  40844942		-999.00
6339	1509033380	3600		259.30		  40844942		-999.00
6340	1509036980	3600		261.54		  40844942		-999.00
6341	1509040580	3600		262.06		  40844942		-999.00
6342	1508985380	-55200		262.51		  40844942		-999.00
6336	1509043424	1200		266.31		   8593217		698.50
6336	1509047024	3600		266.48		   8342757		687.00
6336	1509050624	3600		266.47		   8105204		683.50
6336	1509054224	3600		266.45		   7524103		684.50
6336	1509056801	2577		266.41		   6182975		680.50
6337	1509058001	1200		266.40		   6182975		-999.00
6338	1509061601	3600		261.88		   6182975		-999.00
6339	1509065201	3600		261.88		   6182975		-999.00
6340	1509068801	3600		261.88		   6182975		-999.00
6341	1509056801	-12000		262.23		   6182975		-999.00
6337	1509072995	1200		269.78		 112766221		740.50
6337	1509076595	3600		269.99		 113987079		741.00
6337	1509080195	3600		269.94		 112478543		743.50
6337	1509083795	3600		269.78		 107191111		749.00
6337	1509087395	3600		269.77		 106640852		740.00
6337	1509090995	3600		269.43		  95514680		734.50
6337	1509091839	844		268.40		  66829619		723.00
6338	1509093039	1200		262.37		  66829619		-999.00
6339	1509096639	3600		262.37		  66829619		-999.00
6340	1509100239	3600		262.37		  66829619		-999.00
6341	1509103839	3600		262.37		  66829619		-999.00
6342	1509107439	3600		262.37		  66829619		-999.00
6343	1509111039	3600		265.86		  66829619		-999.00
6344	1509114639	3600		266.37		  66829619		-999.00
6345	1509118239	3600		259.49		  66829619		-999.00
6346	1509121839	3600		266.20		  66829619		-999.00
6347	1509125439	3600		261.68		  66829619		-999.00
6348	1509129039	3600		262.20		  66829619		-999.00
6349	1509132639	3600		261.69		  66829619		-999.00
6350	1509136239	3600		261.69		  66829619		-999.00
6351	1509091839	-44400		262.40		  66829619		-999.00
6341	1509140377	1200		269.70		 110734663		743.00
6341	1509142561	2184		269.91		 112127900		744.50
6342	1509143761	1200		266.37		 112127900		-999.00
6343	1509147361	3600		266.54		 112127900		-999.00
6344	1509150961	3600		266.54		 112127900		-999.00
6345	1509154561	3600		261.68		 112127900		-999.00
6346	1509158161	3600		261.68		 112127900		-999.00
6347	1509161761	3600		261.68		 112127900		-999.00
6348	1509142561	-19200		262.54		 112127900		-999.00
6343	1509165362	1200		269.91		 112482819		741.00
6343	1509168962	3600		269.95		 113917455		748.50
6343	1509172562	3600		269.91		 112288024		750.50
6343	1509176162	3600		269.69		 105118592		750.00
6343	1509179762	3600		269.55		 100591947		741.50
6343	1509183362	3600		269.24		  90029956		740.50
6343	1509186962	3600		269.00		  82029878		737.00
6343	1509190562	3600		268.82		  76011315		733.50
6343	1509194162	3600		268.65		  70373393		730.50
6343	1509197762	3600		268.48		  64624640		732.50
6343	1509201362	3600		268.33		  59827974		728.00
6343	1509204962	3600		268.21		  55819482		728.00
6343	1509206860	1898		268.10		  52119979		725.50
6344	1509208060	1200		266.54		  52119979		-999.00
6345	1509211660	3600		261.66		  52119979		-999.00
6346	1509215260	3600		262.18		  52119979		-999.00
6347	1509206860	-8400		262.54		  52119979		-999.00
6344	1509216496	1200		269.85		 111134442		753.50
6344	1509220096	3600		269.90		 112748718		759.00
6344	1509223696	3600		269.87		 111585810		760.00
6344	1509227296	3600		269.68		 105449446		751.50
6344	1509230896	3600		269.69		 105597120		757.50
6344	1509233361	2465		269.46		  98035902		755.00
6345	1509234561	1200		266.35		  98035902		-999.00
6346	1509238161	3600		261.84		  98035902		-999.00
6347	1509245361	3600		261.84		  98035902		-999.00
6348	1509248961	3600		261.84		  98035902		-999.00
6349	1509252561	3600		262.19		  98035902		-999.00
6350	1509256161	3600		262.19		  98035902		-999.00
6351	1509259761	3600		261.68		  98035902		-999.00
6352	1509263361	3600		262.19		  98035902		-999.00
6353	1509266961	3600		262.19		  98035902		-999.00
6354	1509270561	3600		262.19		  98035902		-999.00
6355	1509233361	-33600		262.52		  98035902		-999.00
6346	1509273715	1200		269.96		 114282997		756.50
6346	1509277315	3600		269.92		 113112844		757.50
6346	1509280915	3600		269.57		 112841855		719.00
6346	1509284515	3600		269.42		 107703466		744.50
6346	1509288115	3600		269.36		 105752781		730.50
6346	1509291715	3600		269.40		  95832002		753.50
6346	1509295315	3600		269.16		  87661929		751.50
6346	1509298915	3600		268.97		  81385013		750.00
6346	1509302515	3600		268.78		  75094867		746.50
6346	1509306115	3600		268.59		  68704630		746.50
6346	1509309715	3600		268.44		  63779415		743.50
6346	1509313315	3600		268.29		  58811757		742.00
6346	1509316915	3600		268.17		  54920634		741.00
6346	1509320515	3600		268.06		  51168931		740.50
6346	1509324115	3600		267.95		  47446668		738.50
6346	1509327715	3600		267.86		  44278435		732.50
6346	1509331315	3600		267.75		  40735388		734.00
6346	1509334915	3600		267.62		  36339507		729.50
6346	1509335058	143		262.53		  37215952		 11.50
6347	1509336258	1200		261.83		  37215952		-999.00
6348	1509339858	3600		262.17		  37215952		-999.00
6349	1509343458	3600		266.52		  37215952		-999.00
6350	1509347058	3600		266.52		  37215952		-999.00
6351	1509350658	3600		262.18		  37215952		-999.00
6352	1509354258	3600		261.66		  37215952		-999.00
6353	1509357858	3600		262.18		  37215952		-999.00
6354	1509335058	-22800		262.53		  37215952		-999.00
6347	1509360447	1200		269.96		 114497075		767.50
6347	1509364047	3600		269.91		 112902388		773.00
6347	1509367647	3600		269.92		 113373027		772.00
6347	1509371247	3600		269.81		 109700380		754.50
6347	1509373889	2642		269.62		 103109642		772.50
6348	1509375089	1200		266.52		 103109642		-999.00
6349	1509378689	3600		265.47		 103109642		-999.00
6350	1509382289	3600		262.19		 103109642		-999.00
6351	1509385889	3600		261.68		 103109642		-999.00
6352	1509389489	3600		261.68		 103109642		-999.00
6353	1509373889	-15600		262.52		 103109642		-999.00
6348	1509392461	1200		269.96		 114344435		774.00
6348	1509396061	3600		269.92		 113025326		777.00
6348	1509399661	3600		269.93		 113366584		779.00
6348	1509403261	3600		269.77		 108014729		731.00
6348	1509406861	3600		269.78		 108491424		773.00
6348	1509407899	1038		269.51		  99492718		774.50
6349	1509409099	1200		266.53		  99492718		-999.00
6350	1509412699	3600		266.53		  99492718		-999.00
6351	1509416299	3600		265.85		  99492718		-999.00
6352	1509419899	3600		265.68		  99492718		-999.00
6353	1509407899	-12000		266.53		  99492718		-999.00
6349	1509421547	1200		269.94		 113814868		776.50
6349	1509425147	3600		269.90		 112386251		783.00
6349	1509428747	3600		269.87		 111373405		781.50
6349	1509431369	2622		269.87		 111503670		781.50
6350	1509432569	1200		266.36		 111503670		-999.00
6351	1509436169	3600		266.36		 111503670		-999.00
6352	1509439769	3600		262.53		 111503670		-999.00
6353	1509443369	3600		262.53		 111503670		-999.00
6354	1509446969	3600		262.53		 111503670		-999.00
6355	1509450569	3600		262.53		 111503670		-999.00
6356	1509454169	3600		262.18		 111503670		-999.00
6357	1509457769	3600		262.18		 111503670		-999.00
6358	1509431369	-26400		262.53		 111503670		-999.00
6351	1509460899	1200		259.44		 112395921		 20.00
6351	1509463247	2348		269.90		 116243294		765.50
6352	1509464447	1200		266.41		 116243294		-999.00
6353	1509468047	3600		266.41		 116243294		-999.00
6354	1509471647	3600		266.41		 116243294		-999.00
6355	1509475247	3600		266.41		 116243294		-999.00
6356	1509478847	3600		266.41		 116243294		-999.00
6357	1509482447	3600		266.41		 116243294		-999.00
6358	1509486047	3600		266.41		 116243294		-999.00
6359	1509489647	3600		266.41		 116243294		-999.00
6360	1509493247	3600		266.41		 116243294		-999.00
6361	1509496847	3600		266.41		 116243294		-999.00
6362	1509500447	3600		266.41		 116243294		-999.00
6363	1509504047	3600		266.41		 116243294		-999.00
6364	1509507647	3600		266.41		 116243294		-999.00
6365	1509511247	3600		266.41		 116243294		-999.00
6366	1509514847	3600		266.41		 116243294		-999.00
6367	1509518447	3600		266.41		 116243294		-999.00
6368	1509522047	3600		265.71		 116243294		-999.00
6369	1509525647	3600		265.88		 116243294		-999.00
6370	1509529247	3600		262.22		 116243294		-999.00
6371	1509532847	3600		262.22		 116243294		-999.00
6372	1509536447	3600		266.39		 116243294		-999.00
6373	1509540047	3600		266.39		 116243294		-999.00
6374	1509543647	3600		262.22		 116243294		-999.00
6375	1509547247	3600		262.22		 116243294		-999.00
6376	1509550847	3600		262.22		 116243294		-999.00
6377	1509554447	3600		262.22		 116243294		-999.00
6378	1509463247	-91200		262.41		 116243294		-999.00
6355	1509558458	1200		269.99		 114418069		760.50
6355	1509560666	2208		269.97		 113635309		775.00
6356	1509561866	1200		266.39		 113635309		-999.00
6357	1509565466	3600		261.88		 113635309		-999.00
6358	1509569066	3600		261.88		 113635309		-999.00
6359	1509560666	-8400		262.56		 113635309		-999.00
6356	1509573756	1200		269.82		 114364813		771.00
6356	1509577356	3600		269.99		 114441670		754.00
6356	1509580956	3600		269.95		 112854529		776.50
6356	1509584556	3600		269.74		 105958848		779.00
6356	1509588156	3600		269.69		 104181037		773.50
6356	1509591756	3600		269.35		  92940157		768.00
6356	1509595356	3600		269.13		  85631514		770.50
6356	1509598956	3600		268.96		  80028693		765.00
6356	1509602556	3600		268.75		  73114450		762.00
6356	1509606156	3600		268.41		  67402789		742.50
6356	1509609756	3600		268.25		  61944879		756.50
6356	1509613356	3600		268.12		  57780248		756.00
6356	1509616034	2678		262.39		  49920933		 23.00
6357	1509617234	1200		262.39		  49920933		-999.00
6358	1509620834	3600		262.22		  49920933		-999.00
6359	1509624434	3600		262.22		  49920933		-999.00
6360	1509628034	3600		261.88		  49920933		-999.00
6361	1509631634	3600		261.88		  49920933		-999.00
6362	1509635234	3600		261.88		  49920933		-999.00
6363	1509616034	-19200		262.39		  49920933		-999.00
6358	1509636992	1200		271.06		 149976042		782.50
6358	1509640592	3600		270.46		 129976814		799.50
6358	1509644192	3600		270.32		 125374338		791.50
6358	1509647792	3600		269.83		 109047753		795.00
6358	1509651392	3600		269.69		 104181774		782.00
6358	1509654992	3600		269.37		  93703544		783.00
6358	1509658592	3600		269.11		  85127551		778.50
6358	1509662192	3600		268.88		  77306116		775.50
6358	1509665792	3600		268.74		  72773274		774.50
6358	1509669392	3600		268.57		  66982457		772.00
6358	1509672992	3600		268.26		  62289291		757.00
6358	1509676592	3600		268.11		  57358306		765.00
6358	1509680192	3600		268.00		  53602467		761.50
6358	1509683792	3600		267.88		  49666151		762.50
6358	1509686642	2850		267.81		  47300102		761.50
6359	1509687842	1200		266.39		  47300102		-999.00
6360	1509691442	3600		262.39		  47300102		-999.00
6361	1509695042	3600		262.39		  47300102		-999.00
6362	1509698642	3600		266.39		  47300102		-999.00
6363	1509702242	3600		262.22		  47300102		-999.00
6364	1509705842	3600		261.88		  47300102		-999.00
6365	1509709442	3600		261.88		  47300102		-999.00
6366	1509686642	-22800		262.39		  47300102		-999.00
6360	1509712486	1200		269.82		 114387780		790.00
6360	1509716086	3600		269.95		 113106362		798.50
6360	1509719686	3600		269.95		 113085669		797.50
6360	1509723286	3600		269.81		 108340200		806.00
6360	1509726886	3600		269.79		 107657160		794.50
6360	1509730486	3600		269.48		  97324404		790.00
6360	1509734086	3600		269.19		  87819867		787.00
6360	1509737686	3600		268.85		  81852280		783.50
6360	1509741286	3600		268.64		  75083201		783.00
6360	1509744886	3600		268.47		  69248168		778.50
6360	1509748486	3600		268.30		  63784857		779.00
6360	1509752086	3600		268.15		  58656459		774.00
6360	1509755686	3600		268.03		  54789268		774.00
6360	1509759286	3600		267.91		  50720955		773.00
6360	1509762886	3600		267.82		  47524143		770.00
6360	1509766486	3600		267.71		  44097084		769.00
6360	1509770086	3600		267.61		  40827552		752.00
6360	1509773686	3600		267.55		  38520008		769.00
6360	1509777286	3600		267.50		  37082018		768.00
6360	1509780886	3600		267.44		  35165821		763.00
6360	1509784486	3600		267.38		  33090201		756.50
6360	1509788086	3600		267.33		  31485645		761.50
6360	1509791686	3600		266.78		  13102314		734.00
6360	1509795286	3600		267.02		  20899757		754.00
6360	1509798558	3272		267.18		  26249227		755.00
6361	1509799758	1200		262.22		  26249227		-999.00
6362	1509803358	3600		266.39		  26249227		-999.00
6363	1509806958	3600		266.39		  26249227		-999.00
6364	1509810558	3600		261.88		  26249227		-999.00
6365	1509798558	-12000		262.39		  26249227		-999.00
6362	1509814717	1200		269.83		 114656379		798.00
6362	1509818317	3600		269.81		 114025863		805.00
6362	1509821917	3600		269.77		 112614058		807.00
6362	1509825517	3600		269.77		 112795742		807.50
6362	1509829117	3600		269.58		 106240094		805.00
6362	1509832717	3600		269.44		 101677821		802.00
6362	1509836317	3600		269.13		  91438292		799.50
6362	1509839917	3600		268.97		  86066502		794.50
6362	1509843517	3600		268.75		  78675327		794.00
6362	1509847117	3600		268.48		  69721636		787.00
6362	1509850717	3600		268.30		  63798244		784.00
6362	1509854317	3600		268.14		  58447539		782.50
6362	1509857917	3600		268.04		  54871293		780.00
6362	1509861517	3600		267.91		  50725581		779.00
6362	1509865117	3600		267.82		  47693718		778.50
6362	1509868717	3600		267.72		  44433379		778.50
6362	1509872317	3600		267.64		  41683355		772.50
6362	1509875917	3600		267.52		  37787294		777.00
6362	1509879517	3600		267.45		  35367719		775.50
6362	1509883117	3600		267.38		  32927289		774.00
6362	1509886717	3600		267.31		  30615565		772.50
6362	1509890317	3600		267.27		  29286591		773.00
6362	1509893917	3600		267.22		  27732095		773.50
6362	1509897517	3600		267.20		  26848646		772.50
6362	1509899516	1999		267.10		  23809501		767.50
6363	1509900716	1200		262.22		  23809501		-999.00
6364	1509904316	3600		266.39		  23809501		-999.00
6365	1509907916	3600		261.88		  23809501		-999.00
6366	1509911516	3600		266.39		  23809501		-999.00
6367	1509915116	3600		266.39		  23809501		-999.00
6368	1509918716	3600		266.39		  23809501		-999.00
6369	1509922316	3600		266.39		  23809501		-999.00
6370	1509925916	3600		261.88		  23809501		-999.00
6371	1509929516	3600		261.88		  23809501		-999.00
6372	1509899516	-30000		262.39		  23809501		-999.00
6364	1509933299	1200		269.83		 114401696		815.00
6364	1509936899	3600		269.82		 114077323		818.00
6364	1509940499	3600		269.80		 113337808		818.50
6364	1509944099	3600		269.58		 106228879		813.00
6364	1509947699	3600		269.65		 108340970		816.50
6364	1509951299	3600		269.32		  97609993		812.50
6364	1509954899	3600		269.08		  89279524		810.50
6364	1509958499	3600		268.87		  82555665		807.00
6364	1509962099	3600		268.68		  76089780		805.50
6364	1509965699	3600		268.50		  70274224		803.00
6364	1509969299	3600		268.33		  64388294		801.00
6364	1509972899	3600		268.20		  60021280		800.50
6364	1509976499	3600		267.99		  53177544		784.00
6364	1509980099	3600		267.96		  52095183		794.50
6364	1509983699	3600		267.85		  48343780		792.00
6364	1509987299	3600		267.76		  45295479		791.00
6364	1509990899	3600		267.68		  42648221		791.00
6364	1509994499	3600		267.60		  39956821		790.50
6364	1509998099	3600		267.18		  26172253		772.50
6364	1510001699	3600		267.01		  20433173		792.50
6364	1510005299	3600		267.40		  33589156		786.50
6364	1510008899	3600		267.35		  31741417		785.50
6364	1510012499	3600		267.29		  29730211		784.50
6364	1510016099	3600		267.25		  28430942		783.00
6364	1510019699	3600		267.20		  26921637		783.00
6364	1510023299	3600		267.16		  25301148		782.00
6364	1510026899	3600		267.11		  23899829		781.50
6364	1510030499	3600		267.05		  21767827		777.00
6364	1510030750	251		267.10		  23581967		537.50
6365	1510031950	1200		262.40		  23581967		-999.00
6366	1510035550	3600		260.49		  23581967		-999.00
6367	1510039150	3600		262.03		  23581967		-999.00
6368	1510042750	3600		261.69		  23581967		-999.00
6369	1510046350	3600		261.52		  23581967		-999.00
6370	1510049950	3600		261.86		  23581967		-999.00
6371	1510053550	3600		262.20		  23581967		-999.00
6372	1510057150	3600		266.37		  23581967		-999.00
6373	1510060750	3600		266.37		  23581967		-999.00
6374	1510064350	3600		266.37		  23581967		-999.00
6375	1510067950	3600		266.37		  23581967		-999.00
6376	1510071550	3600		266.37		  23581967		-999.00
6377	1510075150	3600		266.37		  23581967		-999.00
6378	1510078750	3600		266.37		  23581967		-999.00
6379	1510082350	3600		266.37		  23581967		-999.00
6380	1510085950	3600		266.37		  23581967		-999.00
6381	1510089550	3600		266.37		  23581967		-999.00
6382	1510093150	3600		266.37		  23581967		-999.00
6383	1510096750	3600		266.37		  23581967		-999.00
6384	1510100350	3600		266.37		  23581967		-999.00
6385	1510103950	3600		266.37		  23581967		-999.00
6386	1510107550	3600		266.37		  23581967		-999.00
6387	1510111150	3600		266.37		  23581967		-999.00
6388	1510114750	3600		266.37		  23581967		-999.00
6389	1510118350	3600		266.37		  23581967		-999.00
6390	1510121950	3600		266.37		  23581967		-999.00
6391	1510125550	3600		266.37		  23581967		-999.00
6392	1510129150	3600		266.20		  23581967		-999.00
6393	1510132750	3600		262.14		  23581967		-999.00
6394	1510136350	3600		262.14		  23581967		-999.00
6395	1510139950	3600		262.14		  23581967		-999.00
6396	1510143550	3600		262.31		  23581967		-999.00
6397	1510147150	3600		261.97		  23581967		-999.00
6398	1510150750	3600		262.14		  23581967		-999.00
6399	1510154350	3600		262.14		  23581967		-999.00
6400	1510157950	3600		262.14		  23581967		-999.00
6401	1510161550	3600		262.14		  23581967		-999.00
6402	1510165150	3600		262.14		  23581967		-999.00
6403	1510168750	3600		262.14		  23581967		-999.00
6404	1510172350	3600		262.14		  23581967		-999.00
6405	1510175950	3600		262.14		  23581967		-999.00
6406	1510179550	3600		266.31		  23581967		-999.00
6407	1510183150	3600		261.97		  23581967		-999.00
6408	1510186750	3600		262.14		  23581967		-999.00
6409	1510030750	-156000		262.40		  23581967		-999.00
6370	1510188441	1200		269.92		 114745018		815.50
6370	1510192041	3600		270.08		 114368361		812.50
6370	1510195641	3600		270.00		 111897687		824.50
6370	1510199241	3600		269.62		 104717661		816.00
6370	1510202841	3600		269.67		 100643139		815.50
6370	1510206441	3600		269.39		  91379233		813.00
6370	1510210041	3600		269.18		  84313000		811.00
6370	1510213641	3600		268.84		  78676483		801.50
6370	1510217241	3600		268.16		  61746519		768.00
6370	1510220841	3600		266.52		   7130171		764.50
6370	1510221340	499		266.33		    848659		764.00
6371	1510222540	1200		266.48		    848659		-999.00
6372	1510226140	3600		266.12		    848659		-999.00
6373	1510229740	3600		266.12		    848659		-999.00
6374	1510233340	3600		266.29		    848659		-999.00
6375	1510221340	-12000		266.31		    848659		-999.00
6371	1510234657	1200		269.86		 113251513		815.50
6371	1510238257	3600		270.03		 113449291		830.50
6371	1510241857	3600		270.02		 113007722		831.00
6371	1510245457	3600		269.79		 105356232		835.50
6371	1510249057	3600		269.67		 101442563		824.50
6371	1510252657	3600		269.41		  92813007		821.50
6371	1510256257	3600		269.17		  84607405		821.50
6371	1510259857	3600		269.00		  79081840		817.00
6371	1510263457	3600		268.82		  72918136		813.00
6371	1510267057	3600		268.63		  66667850		812.50
6371	1510270657	3600		268.49		  62071065		810.00
6371	1510274257	3600		268.34		  57166412		809.50
6371	1510277857	3600		268.23		  53382990		808.00
6371	1510281457	3600		268.11		  49469140		805.00
6371	1510285057	3600		268.02		  46300769		802.00
6371	1510288657	3600		267.94		  43822432		801.50
6371	1510292257	3600		267.86		  40930208		802.00
6371	1510295857	3600		267.75		  37325927		801.00
6371	1510299457	3600		267.73		  36633523		798.00
6371	1510303057	3600		267.68		  34834807		799.50
6371	1510306657	3600		267.61		  32774854		796.50
6371	1510310257	3600		267.57		  31263975		797.00
6371	1510313857	3600		267.52		  29628168		796.50
6371	1510317457	3600		266.75		  15494638		767.50
6371	1510319386	1929		266.39		   3361239		774.50
6372	1510320586	1200		262.29		   3361239		-999.00
6373	1510324186	3600		262.29		   3361239		-999.00
6374	1510327786	3600		262.12		   3361239		-999.00
6375	1510331386	3600		262.12		   3361239		-999.00
6376	1510334986	3600		262.29		   3361239		-999.00
6377	1510338586	3600		262.12		   3361239		-999.00
6378	1510342186	3600		262.12		   3361239		-999.00
6379	1510345786	3600		261.43		   3361239		-999.00
6380	1510349386	3600		262.11		   3361239		-999.00
6381	1510352986	3600		261.94		   3361239		-999.00
6382	1510356586	3600		261.94		   3361239		-999.00
6383	1510360186	3600		261.94		   3361239		-999.00
6384	1510363786	3600		261.94		   3361239		-999.00
6385	1510367386	3600		261.94		   3361239		-999.00
6386	1510370986	3600		261.94		   3361239		-999.00
6387	1510374586	3600		261.94		   3361239		-999.00
6388	1510378186	3600		261.94		   3361239		-999.00
6389	1510381786	3600		261.95		   3361239		-999.00
6390	1510385386	3600		261.95		   3361239		-999.00
6391	1510388986	3600		261.95		   3361239		-999.00
6392	1510392586	3600		261.95		   3361239		-999.00
6393	1510396186	3600		261.95		   3361239		-999.00
6394	1510399786	3600		261.95		   3361239		-999.00
6395	1510403386	3600		261.95		   3361239		-999.00
6396	1510406986	3600		261.95		   3361239		-999.00
6397	1510410586	3600		261.95		   3361239		-999.00
6398	1510414186	3600		261.94		   3361239		-999.00
6399	1510417786	3600		261.94		   3361239		-999.00
6400	1510421386	3600		261.94		   3361239		-999.00
6401	1510424986	3600		261.94		   3361239		-999.00
6402	1510319386	-105600		262.29		   3361239		-999.00
6380	1510426207	1200		266.28		     35193		810.50
6380	1510429807	3600		266.46		     15882		804.50
6380	1510433407	3600		266.46		     13674		806.50
6380	1510437007	3600		266.46		     24822		804.50
6380	1510440607	3600		266.46		     25723		802.50
6380	1510444207	3600		266.46		     23403		802.00
6380	1510447807	3600		266.46		     24097		801.50
6380	1510451407	3600		266.46		     22551		808.00
6380	1510455007	3600		266.46		     22926		799.50
6380	1510458607	3600		266.46		     22521		799.50
6380	1510461234	2627		266.46		     20524		799.50
6381	1510462434	1200		265.95		     20524		-999.00
6382	1510466034	3600		265.95		     20524		-999.00
6383	1510461234	-4800		266.12		     20524		-999.00
6381	1510468600	1200		266.19		   2443722		764.00
6381	1510472200	3600		266.19		   2211122		762.00
6381	1510475800	3600		266.18		   1934445		761.50
6381	1510479400	3600		266.17		   1560976		760.50
6381	1510483000	3600		266.33		   1282882		762.00
6381	1510486600	3600		261.95		   1540012		 22.50
6381	1510489140	2540		261.95		   1464509		 22.50
6382	1510490340	1200		266.29		   1464509		-999.00
6383	1510493940	3600		262.12		   1464509		-999.00
6384	1510489140	-4800		261.95		   1464509		-999.00
6382	1510497351	1200		266.28		   5463831		765.50
6382	1510499523	2172		266.31		   6190747		762.50
6383	1510500723	1200		266.29		   6190747		-999.00
6384	1510504323	3600		266.29		   6190747		-999.00
6385	1510507923	3600		261.95		   6190747		-999.00
6386	1510499523	-8400		262.12		   6190747		-999.00
6384	1510510034	1200		266.46		   5586632		765.50
6384	1510513634	3600		266.48		   6224306		764.50
6384	1510517234	3600		266.46		   5614305		762.50
6384	1510520834	3600		266.45		   5192772		766.50
6384	1510524434	3600		266.43		   4788556		763.50
6384	1510528034	3600		266.43		   4501178		762.00
6384	1510531634	3600		266.42		   4202490		763.50
6384	1510535234	3600		266.41		   3979672		763.00
6384	1510538834	3600		266.40		   3729123		762.00
6384	1510542434	3600		266.40		   3536921		761.50
6384	1510546034	3600		266.39		   3373750		764.50
6384	1510547156	1122		266.39		   3231294		763.00
6385	1510548356	1200		266.46		   3231294		-999.00
6386	1510551956	3600		262.12		   3231294		-999.00
6387	1510555556	3600		261.95		   3231294		-999.00
6388	1510547156	-8400		262.29		   3231294		-999.00
6385	1510557400	1200		266.52		   7747212		752.50
6385	1510561000	3600		266.55		   8828897		765.50
6385	1510564600	3600		266.52		   7791367		764.00
6385	1510568200	3600		266.51		   7307056		764.00
6385	1510571800	3600		266.49		   6758563		765.50
6385	1510575400	3600		266.48		   6327261		762.00
6385	1510579000	3600		266.47		   5999322		763.50
6385	1510582600	3600		266.46		   5633074		764.50
6385	1510586200	3600		266.45		   5389630		761.50
6385	1510589800	3600		266.44		   5088267		761.50
6385	1510593400	3600		266.44		   4888093		779.50
6385	1510597000	3600		266.43		   4695315		763.00
6385	1510600600	3600		266.42		   4454675		758.50
6385	1510604200	3600		266.42		   4235462		762.00
6385	1510607800	3600		266.41		   4083210		765.50
6385	1510611400	3600		266.41		   3897518		762.50
6385	1510615000	3600		266.40		   3742289		762.00
6385	1510618600	3600		266.40		   3632293		760.00
6385	1510622200	3600		266.39		   3474166		761.50
6385	1510625800	3600		266.39		   3364843		762.50
6385	1510629400	3600		266.39		   3223888		761.50
6385	1510633000	3600		266.38		   3130591		761.50
6385	1510636600	3600		266.38		   3000663		760.00
6385	1510640200	3600		266.38		   2899219		762.00
6385	1510643800	3600		266.37		   2822938		762.00
6385	1510647400	3600		266.37		   2711050		760.00
6385	1510648816	1416		266.36		   2236971		761.50
6386	1510650016	1200		261.95		   2236971		-999.00
6387	1510653616	3600		262.29		   2236971		-999.00
6388	1510648816	-4800		262.29		   2236971		-999.00
6386	1510657518	1200		266.37		   8180495		765.00
6386	1510661118	3600		266.40		   9488673		762.50
6386	1510664718	3600		266.38		   8502529		761.50
6386	1510668318	3600		266.36		   7859208		763.00
6386	1510671918	3600		266.51		   7252360		761.00
6386	1510675518	3600		266.49		   6830281		762.00
6386	1510679118	3600		266.48		   6419988		761.50
6386	1510682718	3600		266.47		   6020550		759.50
6386	1510686318	3600		266.46		   5736272		761.50
6386	1510689918	3600		266.45		   5414137		760.50
6386	1510693518	3600		266.44		   5157587		760.00
6386	1510697118	3600		266.44		   4944257		761.50
6386	1510697835	717		266.43		   4829351		760.50
6387	1510699035	1200		266.46		   4829351		-999.00
6388	1510702635	3600		261.94		   4829351		-999.00
6389	1510697835	-4800		262.29		   4829351		-999.00
6390	1510704714	1200		266.28		   4829351		-999.00
6391	1510708314	3600		261.94		   4829351		-999.00
6392	1510703514	-4800		262.11		   4829351		-999.00
6393	1510712452	1200		266.46		   4829351		-999.00
6394	1510716052	3600		261.95		   4829351		-999.00
6395	1510711252	-4800		262.28		   4829351		-999.00
6389	1510718119	1200		266.59		   9858537		764.50
6389	1510721719	3600		266.56		   8849235		761.50
6389	1510725319	3600		266.53		   8064690		760.50
6389	1510728919	3600		266.51		   7414860		762.00
6389	1510732519	3600		266.50		   6924657		760.00
6389	1510736119	3600		266.48		   6438583		760.50
6389	1510739719	3600		266.47		   6113030		759.50
6389	1510742286	2567		266.46		   5809497		760.00
6390	1510743486	1200		266.46		   5809497		-999.00
6391	1510747086	3600		266.26		   5809497		-999.00
6392	1510750686	3600		262.09		   5809497		-999.00
6393	1510754286	3600		262.09		   5809497		-999.00
6394	1510742286	-12000		262.29		   5809497		-999.00
6390	1510756364	1200		266.38		   9692993		755.00
6390	1510759964	3600		266.36		   8845073		761.00
6390	1510763564	3600		266.33		   8084051		761.00
6390	1510767164	3600		266.31		   7416510		759.50
6390	1510770764	3600		266.30		   6923959		758.00
6390	1510774364	3600		266.29		   6545187		762.00
6390	1510777964	3600		266.27		   6131368		759.00
6390	1510781564	3600		266.27		   5864583		760.00
6390	1510783750	2186		266.26		   5635982		761.50
6391	1510784950	1200		266.44		   5635982		-999.00
6392	1510788550	3600		266.44		   5635982		-999.00
6393	1510792150	3600		266.44		   5635982		-999.00
6394	1510795750	3600		266.44		   5635982		-999.00
6395	1510799350	3600		262.27		   5635982		-999.00
6396	1510802950	3600		261.93		   5635982		-999.00
6397	1510783750	-19200		262.09		   5635982		-999.00
6392	1510805469	1200		266.71		   9272145		761.00
6392	1510809069	3600		266.69		   8418144		760.50
6392	1510812669	3600		266.68		   8030587		761.00
6392	1510816269	3600		266.66		   7355445		761.00
6392	1510819869	3600		266.64		   6877638		758.50
6392	1510823469	3600		266.63		   6502291		759.50
6392	1510827069	3600		266.62		   6091496		759.00
6392	1510830669	3600		266.61		   5799700		759.00
6392	1510834269	3600		266.60		   5464774		756.50
6392	1510836884	2615		266.60		   5300243		760.00
6393	1510838084	1200		262.44		   5300243		-999.00
6394	1510841684	3600		262.44		   5300243		-999.00
6395	1510845284	3600		262.44		   5300243		-999.00
6396	1510848884	3600		265.92		   5300243		-999.00
6397	1510852484	3600		262.09		   5300243		-999.00
6398	1510856084	3600		261.92		   5300243		-999.00
6399	1510859684	3600		266.43		   5300243		-999.00
6400	1510863284	3600		261.90		   5300243		-999.00
6401	1510836884	-26400		262.44		   5300243		-999.00
6396	1510866432	1200		266.26		   5865952		750.50
6396	1510870032	3600		266.24		   5325715		758.50
6396	1510873632	3600		266.22		   4717286		756.50
6396	1510877232	3600		266.21		   4332370		756.00
6396	1510880832	3600		266.20		   3991985		755.50
6396	1510884432	3600		266.19		   3747128		756.00
6396	1510888032	3600		266.18		   3490806		758.50
6396	1510891632	3600		266.18		   3316408		756.00
6396	1510895232	3600		266.17		   3118818		758.00
6396	1510898832	3600		266.17		   2953080		756.00
6396	1510902432	3600		266.16		   2827368		755.50
6396	1510906032	3600		266.16		   2685160		754.50
6396	1510909632	3600		266.16		   2585344		756.00
6396	1510913232	3600		266.32		   2473541		750.00
6396	1510916832	3600		266.32		   2353664		754.00
6396	1510920432	3600		266.32		   2272662		754.00
6396	1510924032	3600		266.32		   2182614		753.50
6396	1510927632	3600		266.31		   2084358		754.00
6396	1510931232	3600		266.31		   2039621		754.50
6396	1510934832	3600		266.31		   1952535		752.50
6396	1510938432	3600		266.31		   1896193		753.00
6396	1510942032	3600		266.30		   1818895		754.00
6396	1510945632	3600		266.30		   1768656		753.00
6396	1510949232	3600		266.30		   1699269		754.50
6396	1510952832	3600		266.30		   1654009		750.00
6396	1510956432	3600		266.30		   1601095		755.00
6396	1510960032	3600		266.30		   1550623		754.00
6396	1510963632	3600		266.29		   1492456		755.00
6396	1510967232	3600		266.29		   1457225		752.50
6396	1510970832	3600		266.29		   1405277		752.00
6396	1510974432	3600		266.29		   1373731		752.50
6396	1510978032	3600		266.29		   1325372		754.00
6396	1510981632	3600		266.29		   1295480		754.00
6396	1510985232	3600		266.29		   1249935		750.00
6396	1510988832	3600		266.29		   1215496		753.50
6396	1510992432	3600		266.29		   1186959		753.00
6396	1510996032	3600		266.28		   1091249		752.00
6396	1510999057	3025		266.28		   1128972		752.50
6397	1511000257	1200		262.25		   1128972		-999.00
6398	1511003857	3600		262.08		   1128972		-999.00
6399	1510999057	-4800		262.25		   1128972		-999.00
6397	1511006405	1200		266.30		   7239327		757.00
6397	1511010005	3600		266.43		   6146509		754.50
6397	1511013605	3600		266.60		   5975764		754.00
6397	1511017205	3600		266.58		   5460334		755.00
6397	1511020805	3600		266.57		   5109460		753.50
6397	1511024405	3600		266.56		   4754470		753.50
6397	1511028005	3600		266.56		   4506696		752.50
6397	1511031605	3600		266.55		   4234105		753.00
6397	1511035205	3600		266.54		   4016287		753.50
6397	1511038805	3600		266.54		   3856033		753.50
6397	1511042405	3600		266.53		   3652735		753.00
6397	1511046005	3600		266.53		   3510537		752.50
6397	1511049605	3600		266.52		   3334523		752.50
6397	1511053205	3600		266.52		   3216901		753.50
6397	1511056805	3600		266.51		   3068894		753.00
6397	1511060405	3600		266.51		   2969562		753.00
6397	1511064005	3600		266.51		   2857562		753.50
6397	1511067605	3600		266.50		   2732789		753.50
6397	1511071205	3600		266.50		   2648175		752.50
6397	1511074805	3600		266.50		   2535804		753.00
6397	1511078405	3600		266.49		   2463926		753.00
6397	1511082005	3600		266.49		   2365840		752.50
6397	1511085605	3600		266.49		   2300179		754.00
6397	1511089205	3600		266.49		   2222862		753.00
6397	1511092805	3600		266.48		   2150161		752.50
6397	1511096405	3600		266.48		   2070426		750.50
6397	1511100005	3600		266.48		   2019091		751.50
6397	1511103605	3600		266.48		   1944698		752.50
6397	1511107205	3600		266.48		   1898315		751.50
6397	1511110805	3600		266.47		   1830059		751.00
6397	1511114396	3591		266.47		   1689518		752.50
6398	1511115596	1200		262.42		   1689518		-999.00
6399	1511119196	3600		261.91		   1689518		-999.00
6400	1511114396	-4800		262.42		   1689518		-999.00
6398	1511121946	1200		266.63		   7039330		752.00
6398	1511125546	3600		266.60		   5970438		754.50
6398	1511129146	3600		266.59		   5782737		754.50
6398	1511132746	3600		266.58		   5285841		754.00
6398	1511136346	3600		266.57		   4911389		751.50
6398	1511139946	3600		266.56		   4637100		751.50
6398	1511143546	3600		266.55		   4330554		753.50
6398	1511147146	3600		266.54		   4123359		752.50
6398	1511150746	3600		266.54		   3867619		753.00
6398	1511154346	3600		266.53		   3699294		752.50
6398	1511157946	3600		266.53		   3530400		751.00
6398	1511161546	3600		266.52		   3370856		751.50
6398	1511165146	3600		273.26		   3266463		1497.00
6398	1511167533	2387		273.94		   3098455		 23.00
6399	1511168733	1200		273.51		   3098455		-999.00
6400	1511172333	3600		273.51		   3098455		-999.00
6401	1511175933	3600		282.09		   3098455		-999.00
6402	1511167533	-8400		273.85		   3098455		-999.00
6399	1511177151	1200		282.29		   6756643		 23.00
6399	1511180751	3600		280.37		   6150348		 15.50
6399	1511184351	3600		284.70		   5155663		 14.00
6399	1511187951	3600		286.90		   5072693		 14.50
6399	1511191551	3600		288.26		   4703671		 16.00
6399	1511195151	3600		280.31		   4370662		 20.00
6399	1511198751	3600		273.71		   4156852		 23.00
6399	1511202351	3600		265.90		   3914191		703.00
6399	1511205951	3600		265.89		   3651056		689.00
6399	1511209551	3600		265.86		   2565785		698.00
6399	1511213151	3600		265.84		   1932422		697.50
6399	1511216751	3600		265.84		   1925640		693.50
6399	1511220351	3600		265.84		   1943873		695.00
6399	1511223951	3600		265.84		   1924233		696.00
6399	1511227551	3600		265.84		   1931302		697.00
6399	1511231151	3600		265.84		   1924948		696.00
6399	1511234751	3600		265.84		   1933852		696.50
6399	1511238351	3600		265.84		   1922940		697.00
6399	1511240507	2156		265.84		   1932132		696.00
6400	1511241707	1200		261.27		   1932132		-999.00
6401	1511245307	3600		261.61		   1932132		-999.00
6402	1511248907	3600		261.27		   1932132		-999.00
6403	1511252507	3600		259.62		   1932132		-999.00
6404	1511256107	3600		260.87		   1932132		-999.00
6405	1511259707	3600		262.20		   1932132		-999.00
6406	1511263307	3600		262.16		   1932132		-999.00
6407	1511240507	-22800		261.78		   1932132		-999.00
6402	1511266689	1200		266.50		    104004		750.00
6402	1511266841	152		266.50		    151649		750.00
6403	1511268041	1200		265.99		    151649		-999.00
6404	1511271641	3600		266.33		    151649		-999.00
6405	1511275241	3600		262.16		    151649		-999.00
6406	1511278841	3600		262.16		    151649		-999.00
6407	1511266841	-12000		262.16		    151649		-999.00
6404	1511281528	1200		267.19		  34360280		757.00
6404	1511285128	3600		266.46		   9960869		749.50
6404	1511288075	2947		266.36		   6633549		771.00
6405	1511289275	1200		266.16		   6633549		-999.00
6406	1511292875	3600		262.15		   6633549		-999.00
6407	1511296475	3600		262.15		   6633549		-999.00
6408	1511288075	-8400		262.33		   6633549		-999.00
6405	1511297765	1200		269.49		  99872792		801.00
6405	1511301365	3600		266.54		   7081445		753.00
6405	1511304965	3600		266.51		   6121118		751.50
6405	1511308565	3600		266.51		   6073670		750.50
6405	1511312165	3600		266.51		   6117395		754.50
6405	1511315765	3600		266.51		   6065232		752.00
6405	1511319365	3600		266.51		   6083351		751.50
6405	1511322965	3600		266.51		   6086840		750.00
6405	1511326565	3600		266.50		   6051406		751.50
6405	1511330165	3600		266.51		   6108151		751.00
6405	1511333765	3600		266.53		   6869012		755.50
6405	1511334092	327		266.48		   5281449		756.50
6406	1511335292	1200		262.15		   5281449		-999.00
6407	1511338892	3600		262.15		   5281449		-999.00
6408	1511342492	3600		262.15		   5281449		-999.00
6409	1511346092	3600		262.15		   5281449		-999.00
6410	1511349692	3600		262.15		   5281449		-999.00
6411	1511353292	3600		262.15		   5281449		-999.00
6412	1511356892	3600		262.15		   5281449		-999.00
6413	1511360492	3600		262.15		   5281449		-999.00
6414	1511364092	3600		262.15		   5281449		-999.00
6415	1511367692	3600		262.15		   5281449		-999.00
6416	1511371292	3600		262.15		   5281449		-999.00
6417	1511374892	3600		262.15		   5281449		-999.00
6418	1511378492	3600		262.15		   5281449		-999.00
6419	1511382092	3600		262.15		   5281449		-999.00
6420	1511334092	-48000		262.32		   5281449		-999.00
6411	1511384750	1200		267.13		  26986456		732.50
6411	1511388350	3600		266.52		   6503637		751.00
6411	1511391950	3600		266.51		   6104058		751.00
6411	1511395550	3600		266.51		   6075293		750.00
6411	1511399150	3600		266.51		   6092468		751.50
6411	1511402750	3600		266.50		   6039243		751.00
6411	1511406350	3600		266.51		   6089859		749.50
6411	1511409950	3600		266.50		   6052744		750.50
6411	1511413550	3600		266.51		   6098166		750.00
6411	1511417150	3600		266.51		   6060868		749.50
6411	1511420750	3600		266.51		   6092424		751.50
6411	1511424350	3600		266.51		   6075046		750.50
6411	1511427950	3600		266.51		   6088701		751.00
6411	1511431550	3600		266.50		   6046611		751.00
6411	1511435150	3600		266.51		   6102088		751.00
6411	1511438750	3600		266.50		   6044033		752.00
6411	1511442350	3600		266.51		   6072257		753.00
6411	1511445233	2883		266.50		   6025398		752.50
6412	1511446433	1200		262.49		   6025398		-999.00
6413	1511450033	3600		262.15		   6025398		-999.00
6414	1511453633	3600		262.15		   6025398		-999.00
6415	1511457233	3600		262.15		   6025398		-999.00
6416	1511460833	3600		262.15		   6025398		-999.00
6417	1511445233	-15600		262.32		   6025398		-999.00
6413	1511463430	1200		266.88		  18571884		744.50
6413	1511467030	3600		266.51		   6100618		753.50
6413	1511470630	3600		266.51		   6098166		751.50
6413	1511474230	3600		266.51		   6096740		763.50
6413	1511477830	3600		266.51		   6099550		755.00
6413	1511481430	3600		266.51		   6143901		751.50
6413	1511485030	3600		266.51		   6089861		752.00
6413	1511488630	3600		266.51		   6111062		747.50
6413	1511492230	3600		266.51		   6097658		753.00
6413	1511495830	3600		266.51		   6062844		751.00
6413	1511499430	3600		266.51		   6094388		752.00
6413	1511503030	3600		266.51		   6111720		751.00
6413	1511506630	3600		266.51		   6099508		751.50
6413	1511510230	3600		266.51		   6086855		751.50
6413	1511513830	3600		266.51		   6063895		751.00
6413	1511517430	3600		266.51		   6088486		752.50
6413	1511521030	3600		266.51		   6107227		752.00
6413	1511524630	3600		266.51		   6096835		751.00
6413	1511528230	3600		266.51		   6072232		752.00
6413	1511531830	3600		266.51		   6083864		751.00
6413	1511535430	3600		266.50		   6054128		751.50
6413	1511539030	3600		266.50		   6017757		752.00
6413	1511542630	3600		266.51		   6058899		751.00
6413	1511546230	3600		266.51		   6103546		751.50
6413	1511549830	3600		266.51		   6057184		751.50
6413	1511553430	3600		266.51		   6123683		752.50
6413	1511557030	3600		266.51		   6079178		752.50
6413	1511560630	3600		266.51		   6065673		752.50
6413	1511564230	3600		266.50		   6017801		754.00
6413	1511565273	1043		266.50		   6018007		754.50
6414	1511566473	1200		266.15		   6018007		-999.00
6415	1511570073	3600		266.49		   6018007		-999.00
6416	1511573673	3600		266.49		   6018007		-999.00
6417	1511577273	3600		261.98		   6018007		-999.00
6418	1511565273	-12000		262.32		   6018007		-999.00
6415	1511581573	1200		266.67		  11517130		732.50
6415	1511585173	3600		266.50		   6046801		750.50
6415	1511588773	3600		266.51		   6100255		751.50
6415	1511592373	3600		266.50		   6054199		751.00
6415	1511595973	3600		266.51		   6102900		751.00
6415	1511599573	3600		266.50		   6052010		751.00
6415	1511603173	3600		266.51		   6100073		751.50
6415	1511606773	3600		266.51		   6109123		751.50
6415	1511610373	3600		266.51		   6106674		751.50
6415	1511613973	3600		266.51		   6070156		752.00
6415	1511617573	3600		266.51		   6066867		752.50
6415	1511621173	3600		266.51		   6104001		752.50
6415	1511624773	3600		266.51		   6058840		751.50
6415	1511628373	3600		266.51		   6103166		751.00
6415	1511631973	3600		266.51		   6060150		751.00
6415	1511635573	3600		266.51		   6098574		751.00
6415	1511639173	3600		266.50		   6035709		750.50
6415	1511642623	3450		266.50		   6047712		751.50
6416	1511643823	1200		266.49		   6047712		-999.00
6417	1511647423	3600		262.32		   6047712		-999.00
6418	1511651023	3600		262.15		   6047712		-999.00
6419	1511654623	3600		261.98		   6047712		-999.00
6420	1511642623	-12000		262.32		   6047712		-999.00
6417	1511659070	1200		266.35		   6526958		755.00
6417	1511662670	3600		266.34		   6103233		752.00
6417	1511666270	3600		266.33		   6044721		752.50
6417	1511669870	3600		266.34		   6111524		751.00
6417	1511673470	3600		266.33		   6054062		751.50
6417	1511677070	3600		266.33		   6046793		750.50
6417	1511680670	3600		266.34		   6104506		751.00
6417	1511684270	3600		266.34		   6057330		751.00
6417	1511687870	3600		266.50		   5881270		772.00
6417	1511688687	817		266.74		  13876127		753.00
6418	1511689887	1200		262.15		  13876127		-999.00
6419	1511776287	86400		256.10		  13876127		-999.00
6420	1511862687	86400		256.10		  13876127		-999.00
6421	1511949087	86400		256.10		  13876127		-999.00
6422	1512035487	86400		256.61		  13876127		-999.00
6423	1512121887	86400		256.10		  13876127		-999.00
6424	1512208287	86400		256.10		  13876127		-999.00
6425	1512294687	86400		256.10		  13876127		-999.00
6426	1512381087	86400		266.18		  13876127		-999.00
6427	1512467487	86400		262.32		  13876127		-999.00
6428	1512553887	86400		263.17		  13876127		-999.00
6429	1512640287	86400		277.18		  13876127		-999.00
6430	1512726687	86400		278.37		  13876127		-999.00
6431	1512813087	86400		278.54		  13876127		-999.00
6432	1512899487	86400		278.54		  13876127		-999.00
6433	1512985887	86400		278.54		  13876127		-999.00
6434	1513072287	86400		278.54		  13876127		-999.00
6435	1513158687	86400		278.54		  13876127		-999.00
6436	1513245087	86400		278.71		  13876127		-999.00
6437	1513331487	86400		278.71		  13876127		-999.00
6438	1513417887	86400		279.39		  13876127		-999.00
6439	1513504287	86400		279.22		  13876127		-999.00
6440	1513590687	86400		279.05		  13876127		-999.00
6441	1513677087	86400		279.05		  13876127		-999.00
6442	1513763487	86400		288.44		  13876127		-999.00
6443	1513849887	86400		293.23		  13876127		-999.00
6444	1513936287	86400		294.60		  13876127		-999.00
6445	1514022687	86400		283.83		  13876127		-999.00
6446	1514109087	86400		282.47		  13876127		-999.00
6447	1514195487	86400		282.13		  13876127		-999.00
6448	1514281887	86400		282.13		  13876127		-999.00
6449	1514368287	86400		282.13		  13876127		-999.00
6450	1514454687	86400		282.13		  13876127		-999.00
6451	1514541087	86400		282.13		  13876127		-999.00
6452	1514627487	86400		282.13		  13876127		-999.00
6453	1514713887	86400		282.13		  13876127		-999.00
6454	1514800287	86400		282.13		  13876127		-999.00
6455	1514886687	86400		282.13		  13876127		-999.00
6456	1514973087	86400		282.13		  13876127		-999.00
6457	1515059487	86400		282.13		  13876127		-999.00
6458	1515145887	86400		282.13		  13876127		-999.00
6459	1515232287	86400		282.13		  13876127		-999.00
6460	1515318687	86400		282.13		  13876127		-999.00
6461	1515405087	86400		282.13		  13876127		-999.00
6462	1515491487	86400		286.22		  13876127		-999.00
6463	1515577887	86400		287.42		  13876127		-999.00
6464	1515664287	86400		286.90		  13876127		-999.00
6465	1515750687	86400		286.73		  13876127		-999.00
6466	1515837087	86400		286.73		  13876127		-999.00
6467	1515923487	86400		286.73		  13876127		-999.00
6468	1516009887	86400		286.73		  13876127		-999.00
6469	1516096287	86400		291.52		  13876127		-999.00
6470	1516182687	86400		293.06		  13876127		-999.00
6471	1516269087	86400		293.57		  13876127		-999.00
6472	1516355487	86400		293.57		  13876127		-999.00
6473	1516441887	86400		293.57		  13876127		-999.00
6474	1516528287	86400		293.57		  13876127		-999.00
6475	1516614687	86400		293.57		  13876127		-999.00
6476	1516701087	86400		293.57		  13876127		-999.00
6477	1516787487	86400		293.57		  13876127		-999.00
6478	1516873887	86400		293.57		  13876127		-999.00
6479	1516960287	86400		293.57		  13876127		-999.00
6480	1517046687	86400		293.57		  13876127		-999.00
6481	1517133087	86400		293.57		  13876127		-999.00
6482	1517219487	86400		293.57		  13876127		-999.00
6483	1517305887	86400		293.57		  13876127		-999.00
6484	1517392287	86400		293.57		  13876127		-999.00
6485	1517478687	86400		293.57		  13876127		-999.00
6486	1517565087	86400		293.57		  13876127		-999.00
6487	1517651487	86400		293.57		  13876127		-999.00
6488	1517737887	86400		293.57		  13876127		-999.00
6489	1517824287	86400		293.57		  13876127		-999.00
6490	1517910687	86400		293.57		  13876127		-999.00
6491	1517997087	86400		293.57		  13876127		-999.00
6492	1518083487	86400		293.57		  13876127		-999.00
6493	1518169887	86400		297.57		  13876127		-999.00
6494	1518256287	86400		297.57		  13876127		-999.00
6495	1518342687	86400		297.57		  13876127		-999.00
6496	1518429087	86400		297.57		  13876127		-999.00
6497	1518515487	86400		298.43		  13876127		-999.00
6498	1518601887	86400		296.96		  13876127		-999.00
6499	1518688287	86400		297.17		  13876127		-999.00
6500	1518774687	86400		297.17		  13876127		-999.00
6501	1518861087	86400		297.00		  13876127		-999.00
6502	1518947487	86400		297.00		  13876127		-999.00
6503	1519033887	86400		295.63		  13876127		-999.00
6504	1519120287	86400		296.66		  13876127		-999.00
6505	1519206687	86400		294.23		  13876127		-999.00
6506	1519293087	86400		290.67		  13876127		-999.00
6507	1519379487	86400		289.71		  13876127		-999.00
6508	1519465887	86400		291.68		  13876127		-999.00
6509	1519552287	86400		289.64		  13876127		-999.00
6510	1519638687	86400		290.66		  13876127		-999.00
6511	1519725087	86400		292.92		  13876127		-999.00
6512	1519811487	86400		256.88		  13876127		-999.00
6513	1519897887	86400		265.94		  13876127		-999.00
6514	1519984287	86400		261.95		  13876127		-999.00
6515	1520070687	86400		261.95		  13876127		-999.00
6516	1520157087	86400		265.95		  13876127		-999.00
6517	1520243487	86400		261.95		  13876127		-999.00
6518	1520329887	86400		266.12		  13876127		-999.00
6519	1520416287	86400		265.93		  13876127		-999.00
6520	1520502687	86400		265.85		  13876127		-999.00
6521	1520589087	86400		264.66		  13876127		-999.00
6522	1520675487	86400		266.38		  13876127		-999.00
6523	1520761887	86400		266.38		  13876127		-999.00
6524	1520848287	86400		266.21		  13876127		-999.00
6525	1520934687	86400		266.22		  13876127		-999.00
6526	1521021087	86400		266.18		  13876127		-999.00
6527	1521107487	86400		266.01		  13876127		-999.00
6528	1521193887	86400		266.35		  13876127		-999.00
6529	1521280287	86400		266.35		  13876127		-999.00
6530	1521366687	86400		266.35		  13876127		-999.00
6531	1521453087	86400		265.77		  13876127		-999.00
6532	1521539487	86400		260.37		  13876127		-999.00
6533	1521625887	86400		259.29		  13876127		-999.00
6534	1521712287	86400		266.13		  13876127		-999.00
6535	1521798687	86400		265.95		  13876127		-999.00
6536	1521885087	86400		266.12		  13876127		-999.00
6537	1521967887	86400		266.29		  13876127		-999.00
6538	1522054287	86400		256.71		  13876127		-999.00
6539	1522140687	86400		262.30		  13876127		-999.00
6540	1522227087	86400		262.30		  13876127		-999.00
6541	1522313487	86400		266.26		  13876127		-999.00
6542	1522399887	86400		262.09		  13876127		-999.00
6543	1522486287	86400		262.09		  13876127		-999.00
6544	1522572687	86400		262.09		  13876127		-999.00
6545	1522659087	86400		261.58		  13876127		-999.00
6546	1522745487	86400		261.91		  13876127		-999.00
6547	1522831887	86400		261.91		  13876127		-999.00
6548	1522918287	86400		262.08		  13876127		-999.00
6549	1523004687	86400		262.09		  13876127		-999.00
6550	1523091087	86400		265.58		  13876127		-999.00
6551	1523177487	86400		261.58		  13876127		-999.00
6552	1523263887	86400		262.08		  13876127		-999.00
6553	1523350287	86400		256.54		  13876127		-999.00
6554	1523436687	86400		262.43		  13876127		-999.00
6555	1523523087	86400		262.04		  13876127		-999.00
6556	1523609487	86400		273.29		  13876127		-999.00
6557	1523695887	86400		262.09		  13876127		-999.00
6558	1523782287	86400		261.92		  13876127		-999.00
6559	1523868687	86400		262.09		  13876127		-999.00
6560	1523955087	86400		261.91		  13876127		-999.00
6561	1511688687	-12270000		262.32		  13876127		-999.00
6570	1523956453	1200		262.08		    104884		 14.50
6570	1523960053	3600		262.08		    112242		411.00
6570	1523963653	3600		262.08		     96796		426.00
6570	1523967253	3600		262.08		     87124		420.50
6570	1523970853	3600		262.08		     78939		427.00
6570	1523974453	3600		262.08		     72690		403.00
6570	1523978053	3600		262.08		     65591		 14.00
6570	1523981653	3600		261.74		     48015		 14.00
6570	1523981975	322		261.74		     22092		 14.00
-999	1523983175	1200		262.08		         0		-999.00
-999	1523986775	3600		261.74		         0		-999.00
-999	1523990375	3600		261.74		         0		-999.00
-999	1523993975	3600		262.08		         0		-999.00
-999	1523996969	2994		261.74		         0		-999.00
6573	1523998169	1200		266.08		     58179		418.00
6573	1524001769	3600		266.25		     54343		405.00
6573	1524005369	3600		266.25		     49350		416.00
6573	1524008969	3600		266.25		     47869		412.50
6573	1524012569	3600		266.25		     44823		406.50
6573	1524016169	3600		266.25		     42072		412.50
6573	1524019769	3600		261.74		     38710		 14.00
6573	1524021023	1254		261.74		     40678		 14.00
-999	1524022223	1200		266.25		         0		-999.00
-999	1524025823	3600		266.25		         0		-999.00
-999	1524029423	3600		266.08		         0		-999.00
-999	1524033023	3600		266.25		         0		-999.00
-999	1524036623	3600		266.25		         0		-999.00
-999	1524040223	3600		266.25		         0		-999.00
-999	1524043823	3600		266.25		         0		-999.00
-999	1524047423	3600		266.25		         0		-999.00
-999	1524051023	3600		266.25		         0		-999.00
-999	1524054623	3600		262.07		         0		-999.00
-999	1524058223	3600		262.07		         0		-999.00
-999	1524061823	3600		262.24		         0		-999.00
-999	1524065423	3600		262.07		         0		-999.00
-999	1524069023	3600		262.07		         0		-999.00
-999	1524072623	3600		261.73		         0		-999.00
-999	1524076085	3462		261.73		         0		-999.00
6574	1524077285	1200		266.08		    378711		407.50
6574	1524080885	3600		266.08		    389640		408.50
6574	1524084485	3600		266.08		    365874		408.50
6574	1524088085	3600		266.08		    332594		408.50
6574	1524091685	3600		266.08		    306448		402.00
6574	1524095285	3600		266.08		    281220		422.00
6574	1524098885	3600		266.24		    268021		410.00
6574	1524102485	3600		266.07		    243310		406.50
6574	1524106085	3600		266.07		    224864		410.00
6574	1524109685	3600		266.07		    213086		414.00
6574	1524113285	3600		266.07		    216616		401.00
6574	1524116885	3600		266.07		    215278		412.50
6574	1524117698	813		266.24		    189133		412.50
-999	1524118898	1200		261.90		         0		-999.00
-999	1524122498	3600		262.24		         0		-999.00
-999	1524126098	3600		261.73		         0		-999.00
-999	1524129698	3600		262.07		         0		-999.00
-999	1524133298	3600		261.90		         0		-999.00
-999	1524136898	3600		261.90		         0		-999.00
-999	1524140498	3600		261.73		         0		-999.00
-999	1524144098	3600		261.90		         0		-999.00
-999	1524147698	3600		261.73		         0		-999.00
-999	1524151298	3600		261.73		         0		-999.00
-999	1524154898	3600		262.24		         0		-999.00
-999	1524158498	3600		261.90		         0		-999.00
-999	1524162098	3600		261.73		         0		-999.00
-999	1524165698	3600		261.73		         0		-999.00
-999	1524169298	3600		262.24		         0		-999.00
-999	1524169357	59		262.24		         0		-999.00
6579	1524170557	1200		266.34		   3403433		424.50
6579	1524174157	3600		266.35		   3628266		414.50
6579	1524177757	3600		266.33		   3209324		420.50
6579	1524181357	3600		266.32		   2938408		421.50
6579	1524184957	3600		266.32		   2709852		416.50
6579	1524188557	3600		266.48		   2479612		418.50
6579	1524192157	3600		266.31		   2294966		405.50
6579	1524195757	3600		266.30		   2121091		410.50
6579	1524199357	3600		266.30		   1983452		411.50
6579	1524202957	3600		266.29		   1920113		411.50
6579	1524206557	3600		266.29		   1803962		414.00
6579	1524210157	3600		266.12		   1640894		411.00
6579	1524212278	2121		266.12		   1789564		411.00
-999	1524213478	1200		266.07		         0		-999.00
-999	1524217078	3600		266.07		         0		-999.00
-999	1524220678	3600		266.24		         0		-999.00
-999	1524224278	3600		266.24		         0		-999.00
-999	1524227878	3600		262.24		         0		-999.00
-999	1524231478	3600		261.73		         0		-999.00
-999	1524235078	3600		261.90		         0		-999.00
-999	1524238678	3600		261.90		         0		-999.00
-999	1524239302	624		261.73		         0		-999.00
6583	1524240502	1200		266.13		   2198646		412.00
6583	1524244102	3600		266.31		   2388845		411.50
6583	1524247702	3600		266.30		   2241185		411.50
6583	1524251302	3600		266.30		   2144838		410.50
6583	1524254902	3600		266.30		   2022063		409.50
6583	1524258502	3600		266.29		   1869216		409.50
6583	1524260400	1898		266.29		   1778418		408.50
-999	1524261600	1200		261.90		         0		-999.00
-999	1524265200	3600		261.73		         0		-999.00
-999	1524268800	3600		261.73		         0		-999.00
-999	1524269059	259		261.73		         0		-999.00
6584	1524270259	1200		266.01		   3635757		409.50
6584	1524273859	3600		266.00		   3366134		411.50
6584	1524277459	3600		265.99		   3209362		411.50
6584	1524281059	3600		265.98		   2940399		411.50
6584	1524284659	3600		265.98		   2669397		412.50
6584	1524288259	3600		265.97		   2531644		412.50
6584	1524291859	3600		265.97		   2457770		413.50
6584	1524293708	1849		265.98		   2723454		411.50
-999	1524294908	1200		262.24		         0		-999.00
-999	1524298508	3600		262.24		         0		-999.00
-999	1524302108	3600		261.73		         0		-999.00
-999	1524305708	3600		261.73		         0		-999.00
-999	1524309308	3600		261.73		         0		-999.00
-999	1524312908	3600		261.73		         0		-999.00
-999	1524316508	3600		261.90		         0		-999.00
-999	1524320108	3600		261.90		         0		-999.00
-999	1524323708	3600		261.73		         0		-999.00
-999	1524327308	3600		261.73		         0		-999.00
-999	1524330908	3600		262.07		         0		-999.00
-999	1524334508	3600		261.73		         0		-999.00
-999	1524338108	3600		261.73		         0		-999.00
-999	1524338145	37		261.73		         0		-999.00
6592	1524339345	1200		265.91		    289420		409.00
6592	1524342945	3600		266.24		    231245		421.50
6592	1524346545	3600		266.24		    257459		407.50
6592	1524348606	2061		266.25		    295955		409.00
-999	1524349806	1200		261.90		         0		-999.00
-999	1524353406	3600		261.73		         0		-999.00
-999	1524357006	3600		261.73		         0		-999.00
-999	1524360606	3600		265.90		         0		-999.00
-999	1524364206	3600		265.90		         0		-999.00
-999	1524367806	3600		265.90		         0		-999.00
-999	1524371406	3600		261.73		         0		-999.00
-999	1524374961	3555		261.73		         0		-999.00
6594	1524376161	1200		266.26		  17838902		417.00
6594	1524379761	3600		266.81		  19123662		429.00
6594	1524383361	3600		266.76		  17413724		411.00
6594	1524386961	3600		266.73		  16339615		414.50
6594	1524390561	3600		266.69		  15016757		412.00
6594	1524394161	3600		266.66		  14133779		412.50
6594	1524397761	3600		266.12		  13011445		414.50
6594	1524401361	3600		266.09		  12142591		415.50
6594	1524404961	3600		266.07		  11590850		415.50
6594	1524408224	3263		266.04		  10440758		417.50
-999	1524409424	1200		262.07		         0		-999.00
-999	1524413024	3600		266.24		         0		-999.00
-999	1524416624	3600		265.73		         0		-999.00
-999	1524420224	3600		265.73		         0		-999.00
-999	1524420891	667		265.73		         0		-999.00
6595	1524422091	1200		266.75		  17194420		417.00
6595	1524425691	3600		266.77		  17867862		419.00
6595	1524429291	3600		266.73		  16489165		419.00
6595	1524432891	3600		266.13		   2082740		408.50
6595	1524436491	3600		266.07		    221885		412.50
6595	1524440091	3600		266.07		    225461		411.50
6595	1524443691	3600		266.30		   7766430		418.00
6595	1524447291	3600		266.47		  13433812		417.00
6595	1524450891	3600		266.44		  12435214		418.00
6595	1524453560	2669		266.44		  12488892		419.00
-999	1524454760	1200		256.47		         0		-999.00
-999	1524458360	3600		255.95		         0		-999.00
-999	1524461960	3600		255.95		         0		-999.00
-999	1524465560	3600		255.95		         0		-999.00
-999	1524469160	3600		255.95		         0		-999.00
-999	1524472760	3600		255.95		         0		-999.00
-999	1524476360	3600		255.95		         0		-999.00
-999	1524479960	3600		255.95		         0		-999.00
-999	1524483560	3600		255.95		         0		-999.00
-999	1524487160	3600		255.95		         0		-999.00
-999	1524490760	3600		255.95		         0		-999.00
-999	1524494360	3600		255.95		         0		-999.00
-999	1524497960	3600		255.95		         0		-999.00
-999	1524501560	3600		255.95		         0		-999.00
-999	1524505160	3600		255.78		         0		-999.00
-999	1524508760	3600		255.95		         0		-999.00
-999	1524512360	3600		255.95		         0		-999.00
-999	1524515960	3600		255.95		         0		-999.00
-999	1524519560	3600		255.95		         0		-999.00
-999	1524523160	3600		255.95		         0		-999.00
-999	1524526760	3600		255.95		         0		-999.00
-999	1524530360	3600		255.95		         0		-999.00
-999	1524533960	3600		255.95		         0		-999.00
-999	1524537560	3600		255.95		         0		-999.00
-999	1524541160	3600		255.95		         0		-999.00
-999	1524544760	3600		255.95		         0		-999.00
-999	1524548360	3600		255.95		         0		-999.00
-999	1524551960	3600		255.95		         0		-999.00
-999	1524555560	3600		255.95		         0		-999.00
-999	1524559160	3600		255.95		         0		-999.00
-999	1524562760	3600		255.95		         0		-999.00
-999	1524566360	3600		255.95		         0		-999.00
-999	1524569960	3600		261.64		         0		-999.00
-999	1524573560	3600		259.31		         0		-999.00
-999	1524577160	3600		261.48		         0		-999.00
-999	1524580760	3600		261.48		         0		-999.00
-999	1524584360	3600		262.37		         0		-999.00
-999	1524587960	3600		262.03		         0		-999.00
-999	1524591560	3600		261.86		         0		-999.00
-999	1524594926	3366		261.86		         0		-999.00
6611	1524596126	1200		266.73		  17587498		418.00
6611	1524599726	3600		266.75		  18383417		419.00
6611	1524603326	3600		266.71		  17037390		413.50
6611	1524606926	3600		266.68		  15968420		417.50
6611	1524610526	3600		266.64		  14731205		418.50
6611	1524614126	3600		266.62		  13983305		436.50
6611	1524617726	3600		266.59		  13039945		418.50
6611	1524621326	3600		266.56		  12115103		419.50
6611	1524624926	3600		266.53		  10856675		433.50
6611	1524628526	3600		266.53		  10848138		417.00
6611	1524632126	3600		262.20		  10271142		 14.50
6611	1524632893	767		262.20		  10665265		 14.50
-999	1524634093	1200		262.20		         0		-999.00
-999	1524637693	3600		262.20		         0		-999.00
-999	1524641293	3600		261.65		         0		-999.00
-999	1524644893	3600		261.65		         0		-999.00
-999	1524648493	3600		261.65		         0		-999.00
-999	1524651418	2925		261.65		         0		-999.00
6612	1524652618	1200		267.19		  33910720		426.00
6612	1524656218	3600		267.27		  36802875		425.00
6612	1524659818	3600		267.18		  33666188		426.00
6612	1524663418	3600		267.12		  31592903		421.50
6612	1524667018	3600		267.03		  28732218		432.00
6612	1524670618	3600		267.00		  27532102		425.00
6612	1524674218	3600		266.93		  25245287		423.00
6612	1524677818	3600		266.87		  23211933		423.00
6612	1524681418	3600		266.80		  21132893		421.00
6612	1524682360	942		266.84		  22387224		424.00
-999	1524683560	1200		266.00		         0		-999.00
-999	1524687160	3600		262.17		         0		-999.00
-999	1524690760	3600		262.18		         0		-999.00
-999	1524691431	671		261.66		         0		-999.00
6613	1524692631	1200		267.22		  34811556		432.00
6613	1524693036	405		267.17		  33110864		431.00
-999	1524694236	1200		266.18		         0		-999.00
-999	1524697836	3600		261.66		         0		-999.00
-999	1524699992	2156		261.66		         0		-999.00
6614	1524701192	1200		267.25		  35674147		430.00
6614	1524704792	3600		267.29		  37217431		430.50
6614	1524708392	3600		267.22		  34874580		431.50
6614	1524711992	3600		267.16		  32697202		430.50
6614	1524715592	3600		267.06		  29559201		429.50
6614	1524719192	3600		267.00		  27313355		429.00
6614	1524719201	9		266.18		         0		429.00
-999	1524720401	1200		266.18		         0		-999.00
-999	1524724001	3600		261.66		         0		-999.00
-999	1524727601	3600		266.18		         0		-999.00
-999	1524731201	3600		262.01		         0		-999.00
-999	1524734801	3600		256.00		         0		-999.00
-999	1524738401	3600		255.83		         0		-999.00
-999	1524742001	3600		255.83		         0		-999.00
-999	1524745601	3600		255.83		         0		-999.00
-999	1524749201	3600		262.73		         0		-999.00
-999	1524752801	3600		262.23		         0		-999.00
-999	1524756401	3600		262.23		         0		-999.00
-999	1524758045	1644		262.23		         0		-999.00
6615	1524759245	1200		262.23		  34660732		 13.50
6615	1524762845	3600		262.23		  36877107		 13.50
6615	1524766445	3600		267.26		  34364077		444.00
6615	1524770045	3600		267.19		  31941102		430.50
6615	1524773645	3600		266.94		  29230387		430.50
6615	1524776692	3047		266.84		  26062087		428.00
-999	1524777892	1200		266.06		         0		-999.00
-999	1524781492	3600		261.55		         0		-999.00
-999	1524785092	3600		261.55		         0		-999.00
-999	1524788692	3600		261.55		         0		-999.00
-999	1524789854	1162		261.55		         0		-999.00
6616	1524791054	1200		267.74		  55904644		442.00
6616	1524794654	3600		267.82		  58606202		442.00
6616	1524798254	3600		267.70		  54746318		439.00
6616	1524801854	3600		267.59		  50975145		439.00
6616	1524805454	3600		267.49		  47539312		438.00
6616	1524809054	3600		267.39		  44340063		438.00
6616	1524812654	3600		267.31		  41557461		438.00
6616	1524816254	3600		267.21		  38320852		438.00
6616	1524819854	3600		262.06		  35381834		 14.00
6616	1524820718	864		262.06		  40462298		 14.00
-999	1524821918	1200		262.06		         0		-999.00
-999	1524825518	3600		261.55		         0		-999.00
-999	1524829118	3600		261.89		         0		-999.00
-999	1524832718	3600		261.89		         0		-999.00
-999	1524832839	121		261.89		         0		-999.00
6617	1524834039	1200		267.68		  53970711		446.00
6617	1524837639	3600		267.76		  56808564		446.00
6617	1524841239	3600		267.62		  52107306		442.50
6617	1524844839	3600		267.50		  48055340		442.50
6617	1524848439	3600		267.39		  44210721		442.50
6617	1524852039	3600		267.32		  42070006		442.50
6617	1524855639	3600		267.26		  39942995		442.50
6617	1524859239	3600		267.18		  37290704		442.50
6617	1524862839	3600		267.10		  34691451		442.50
6617	1524864081	1242		266.94		  29234527		439.00
-999	1524865281	1200		262.06		         0		-999.00
-999	1524868881	3600		261.55		         0		-999.00
-999	1524872481	3600		262.06		         0		-999.00
-999	1524876081	3600		261.55		         0		-999.00
-999	1524877512	1431		261.56		         0		-999.00
6618	1524878712	1200		267.64		  52204031		447.00
6618	1524882312	3600		267.71		  54664666		450.50
6618	1524885912	3600		267.58		  50488969		447.00
6618	1524889512	3600		267.50		  47684761		447.00
6618	1524892123	2611		267.33		  41945769		444.00
-999	1524893323	1200		261.56		         0		-999.00
-999	1524896923	3600		262.09		         0		-999.00
-999	1524900523	3600		261.58		         0		-999.00
-999	1524904123	3600		261.59		         0		-999.00
-999	1524907723	3600		261.59		         0		-999.00
-999	1524911323	3600		261.59		         0		-999.00
-999	1524914923	3600		261.59		         0		-999.00
-999	1524918523	3600		261.59		         0		-999.00
-999	1524922123	3600		261.59		         0		-999.00
-999	1524925723	3600		261.93		         0		-999.00
-999	1524929323	3600		262.10		         0		-999.00
-999	1524932923	3600		262.10		         0		-999.00
-999	1524936523	3600		261.93		         0		-999.00
-999	1524936687	164		262.10		         0		-999.00
6620	1524937887	1200		268.17		  69031657		457.00
6620	1524941487	3600		268.28		  72693210		457.00
6620	1524945087	3600		268.06		  65368893		454.50
6620	1524948687	3600		268.03		  64470256		454.50
6620	1524952287	3600		267.86		  58658579		454.50
6620	1524955131	2844		267.78		  56078512		454.50
-999	1524956331	1200		266.10		         0		-999.00
-999	1524959931	3600		261.59		         0		-999.00
-999	1524963531	3600		262.10		         0		-999.00
-999	1524964619	1088		261.59		         0		-999.00
6621	1524965819	1200		268.18		  69513398		447.00
6621	1524969419	3600		268.36		  75364000		461.00
6621	1524973019	3600		268.15		  68384593		461.00
6621	1524976619	3600		267.98		  62903469		457.50
6621	1524980219	3600		267.81		  57171536		456.00
6621	1524983819	3600		267.71		  53888260		465.00
6621	1524987419	3600		267.63		  50980100		454.50
6621	1524991019	3600		267.51		  47165179		454.50
6621	1524994619	3600		267.40		  43341912		454.50
6621	1524998219	3600		267.32		  40713828		454.50
6621	1525001774	3555		267.21		  37156952		446.50
-999	1525002974	1200		261.59		         0		-999.00
-999	1525006574	3600		262.10		         0		-999.00
-999	1525010174	3600		262.10		         0		-999.00
-999	1525013774	3600		262.10		         0		-999.00
-999	1525017374	3600		261.59		         0		-999.00
-999	1525020974	3600		266.10		         0		-999.00
-999	1525024574	3600		261.59		         0		-999.00
-999	1525028174	3600		261.59		         0		-999.00
-999	1525031774	3600		261.59		         0		-999.00
-999	1525035374	3600		261.59		         0		-999.00
-999	1525038774	3400		261.59		         0		-999.00
6624	1525039974	1200		268.05		  65064400		461.00
6624	1525043574	3600		268.13		  67882896		461.00
6624	1525047174	3600		267.99		  63081979		461.00
6624	1525050774	3600		267.87		  58952529		461.00
6624	1525054374	3600		267.74		  54737173		461.00
6624	1525057974	3600		267.63		  51088480		461.00
6624	1525061574	3600		267.50		  46629697		461.00
6624	1525065174	3600		267.39		  43171270		461.00
6624	1525068774	3600		267.29		  39867547		459.00
6624	1525072374	3600		267.23		  37916160		459.00
6624	1525075974	3600		267.15		  35150335		459.00
6624	1525079089	3115		267.13		  34499464		457.00
-999	1525080289	1200		262.10		         0		-999.00
-999	1525083889	3600		261.59		         0		-999.00
-999	1525087489	3600		262.10		         0		-999.00
-999	1525091089	3600		262.10		         0		-999.00
-999	1525094689	3600		262.10		         0		-999.00
-999	1525098289	3600		261.59		         0		-999.00
-999	1525101889	3600		261.59		         0		-999.00
-999	1525105489	3600		261.59		         0		-999.00
-999	1525108047	2558		261.59		         0		-999.00
6628	1525109247	1200		268.69		  86301370		473.00
6628	1525112847	3600		268.75		  88487385		480.00
6628	1525116447	3600		268.58		  82900162		476.50
6628	1525120047	3600		268.41		  77005150		476.50
6628	1525123647	3600		268.21		  70337947		476.50
6628	1525127247	3600		268.06		  65595692		473.00
6628	1525130847	3600		267.92		  60889834		473.00
6628	1525134447	3600		267.79		  56293395		470.50
6628	1525138047	3600		267.66		  52245433		470.50
6628	1525141647	3600		267.55		  48500156		470.50
6628	1525145247	3600		267.47		  45611915		470.50
6628	1525148847	3600		267.41		  43704804		470.50
6628	1525151330	2483		262.10		  41441855		 14.50
-999	1525152530	1200		266.10		         0		-999.00
-999	1525156130	3600		262.10		         0		-999.00
-999	1525159730	3600		262.10		         0		-999.00
-999	1525162052	2322		262.10		         0		-999.00
6629	1525163252	1200		269.18		 102615067		496.50
6629	1525166852	3600		269.31		 107124148		496.00
6629	1525170452	3600		269.15		 101791382		496.00
6629	1525174052	3600		268.92		  94246375		485.50
6629	1525177652	3600		268.69		  86305000		492.50
6629	1525181252	3600		268.45		  78456234		489.00
6629	1525184852	3600		268.28		  72774814		485.00
6629	1525188452	3600		268.10		  66796142		485.00
6629	1525192052	3600		267.95		  61762247		485.00
6629	1525195652	3600		267.84		  58004894		485.00
6629	1525199252	3600		267.72		  54214532		485.00
6629	1525200188	936		267.63		  51060464		485.00
-999	1525201388	1200		266.10		         0		-999.00
-999	1525204988	3600		266.10		         0		-999.00
-999	1525208588	3600		265.59		         0		-999.00
-999	1525212188	3600		265.59		         0		-999.00
-999	1525215788	3600		266.10		         0		-999.00
-999	1525219388	3600		261.59		         0		-999.00
-999	1525222988	3600		261.59		         0		-999.00
-999	1525226588	3600		261.59		         0		-999.00
-999	1525226930	342		261.59		         0		-999.00
6633	1525228130	1200		269.05		  98404310		501.50
6633	1525229721	1591		269.35		 108352130		501.50
-999	1525230921	1200		266.10		         0		-999.00
-999	1525234521	3600		268.26		         0		-999.00
-999	1525238121	3600		260.37		         0		-999.00
-999	1525241721	3600		261.98		         0		-999.00
-999	1525245321	3600		261.98		         0		-999.00
-999	1525246903	1582		262.14		         0		-999.00
6636	1525248103	1200		269.25		  97897805		506.00
6636	1525251703	3600		269.54		 107694285		504.00
6636	1525255303	3600		269.21		  96557170		499.00
6636	1525256334	1031		269.16		  94899353		499.00
-999	1525257534	1200		266.14		         0		-999.00
-999	1525261134	3600		265.80		         0		-999.00
-999	1525264734	3600		262.14		         0		-999.00
-999	1525268334	3600		266.31		         0		-999.00
-999	1525271934	3600		266.31		         0		-999.00
-999	1525275534	3600		266.14		         0		-999.00
-999	1525279134	3600		260.90		         0		-999.00
-999	1525282734	3600		262.13		         0		-999.00
-999	1525286334	3600		261.79		         0		-999.00
-999	1525289432	3098		261.79		         0		-999.00
6638	1525290632	1200		269.66		 111906636		499.00
6638	1525294232	3600		269.80		 116518942		508.00
6638	1525297832	3600		269.65		 111625041		508.00
6638	1525301432	3600		269.37		 102128177		506.50
6638	1525305032	3600		269.09		  93002558		506.50
6638	1525308632	3600		268.87		  85713485		503.00
6638	1525312232	3600		268.65		  78185666		506.50
6638	1525315832	3600		268.49		  72801736		501.50
6638	1525319432	3600		268.32		  67077394		498.00
6638	1525323032	3600		268.15		  61533126		494.50
6638	1525326632	3600		268.01		  57007530		494.50
6638	1525330232	3600		267.87		  52104490		491.00
6638	1525333832	3600		267.88		  52721847		494.50
6638	1525337432	3600		267.72		  47200566		492.00
6638	1525341032	3600		262.30		  43799791		 15.00
6638	1525341071	39		262.30		  39049958		 15.00
-999	1525342271	1200		261.96		         0		-999.00
-999	1525345871	3600		262.13		         0		-999.00
-999	1525349471	3600		261.96		         0		-999.00
-999	1525352253	2782		261.79		         0		-999.00
6639	1525353453	1200		269.64		 111173686		525.50
6639	1525357053	3600		269.85		 118208152		524.50
6639	1525360653	3600		269.65		 111677542		517.50
6639	1525364253	3600		269.37		 102163052		517.50
6639	1525367853	3600		269.12		  94015112		517.50
6639	1525371453	3600		268.88		  85837144		514.00
6639	1525375053	3600		268.70		  79733212		514.00
6639	1525378653	3600		268.51		  73649603		510.50
6639	1525382253	3600		268.33		  67537380		510.50
6639	1525385853	3600		268.19		  62804093		510.50
6639	1525389453	3600		268.03		  57536596		507.00
6639	1525393053	3600		267.85		  51711018		508.00
6639	1525394989	1936		267.96		  55183799		511.50
-999	1525396189	1200		266.30		         0		-999.00
-999	1525399789	3600		262.12		         0		-999.00
-999	1525403389	3600		261.78		         0		-999.00
-999	1525406989	3600		261.78		         0		-999.00
-999	1525410589	3600		261.78		         0		-999.00
-999	1525414040	3451		261.78		         0		-999.00
6640	1525415240	1200		269.29		  99903593		528.50
6640	1525418840	3600		269.46		 105644943		525.50
6640	1525422440	3600		269.27		  99386719		522.00
6640	1525426040	3600		268.96		  89055210		521.00
6640	1525429640	3600		268.74		  81757399		515.00
6640	1525433240	3600		268.50		  73698078		518.00
6640	1525436840	3600		268.29		  66720346		514.50
6640	1525440440	3600		268.08		  59534868		511.00
6640	1525444040	3600		267.92		  54356249		511.00
6640	1525446994	2954		267.71		  47214189		505.50
-999	1525448194	1200		265.95		         0		-999.00
-999	1525451794	3600		262.29		         0		-999.00
-999	1525455250	3456		261.77		         0		-999.00
6641	1525456450	1200		270.20		 130537313		545.50
6641	1525460050	3600		270.24		 131969671		538.50
6641	1525463650	3600		269.97		 122889164		543.50
6641	1525467250	3600		269.68		 113162159		540.00
6641	1525470850	3600		269.53		 108165471		540.00
6641	1525474450	3600		269.26		  99079574		536.50
6641	1525478050	3600		268.98		  89963047		533.00
6641	1525480726	2676		268.82		  84711642		533.00
-999	1525481926	1200		266.28		         0		-999.00
-999	1525485526	3600		262.27		         0		-999.00
-999	1525489126	3600		262.27		         0		-999.00
-999	1525489628	502		262.27		         0		-999.00
6642	1525490828	1200		270.17		 129991861		551.50
6642	1525494428	3600		270.33		 135164258		548.00
6642	1525498028	3600		269.77		 116680318		544.50
6642	1525501628	3600		269.44		 105443313		544.50
6642	1525503557	1929		269.22		  98365405		541.00
-999	1525504757	1200		266.27		         0		-999.00
-999	1525508357	3600		262.09		         0		-999.00
-999	1525511957	3600		262.09		         0		-999.00
-999	1525514208	2251		262.27		         0		-999.00
6643	1525515408	1200		270.35		 136075380		562.50
6643	1525515661	253		270.14		 129101455		559.00
-999	1525516861	1200		266.27		         0		-999.00
-999	1525520461	3600		266.27		         0		-999.00
-999	1525524061	3600		265.74		         0		-999.00
-999	1525527661	3600		265.74		         0		-999.00
-999	1525528039	378		265.74		         0		-999.00
6645	1525529239	1200		270.23		 132646093		558.00
6645	1525532839	3600		270.53		 142551680		560.00
6645	1525534478	1639		270.32		 135777525		557.50
-999	1525535678	1200		266.25		         0		-999.00
-999	1525539278	3600		266.25		         0		-999.00
-999	1525542878	3600		266.25		         0		-999.00
-999	1525546478	3600		266.25		         0		-999.00
-999	1525550078	3600		266.25		         0		-999.00
-999	1525553678	3600		266.25		         0		-999.00
-999	1525557278	3600		266.25		         0		-999.00
-999	1525560878	3600		262.25		         0		-999.00
-999	1525564478	3600		262.25		         0		-999.00
-999	1525565957	1479		261.74		         0		-999.00
6646	1525567157	1200		270.15		 129957997		560.00
6646	1525570757	3600		270.47		 140540257		561.00
6646	1525572881	2124		270.23		 132801651		557.50
-999	1525574081	1200		266.25		         0		-999.00
-999	1525577681	3600		266.25		         0		-999.00
-999	1525581281	3600		266.25		         0		-999.00
-999	1525584881	3600		265.74		         0		-999.00
-999	1525588481	3600		261.74		         0		-999.00
-999	1525592081	3600		261.74		         0		-999.00
-999	1525595681	3600		261.74		         0		-999.00
-999	1525597558	1877		261.91		         0		-999.00
6648	1525598758	1200		269.93		 122303264		558.50
6648	1525602358	3600		270.29		 134574512		554.50
6648	1525605958	3600		269.83		 119119750		554.50
6648	1525609558	3600		269.47		 107179766		537.00
6648	1525613158	3600		269.17		  97103767		546.00
6648	1525616758	3600		269.05		  93174968		542.50
6648	1525620358	3600		268.82		  85483787		535.50
6648	1525623958	3600		268.61		  78475659		544.50
6648	1525627558	3600		268.42		  72039229		541.00
6648	1525631158	3600		268.21		  65234429		541.00
6648	1525634758	3600		268.06		  60014783		537.50
6648	1525638358	3600		267.89		  54602156		537.50
6648	1525641958	3600		267.87		  53711334		537.50
6648	1525644792	2834		267.77		  50432658		532.00
-999	1525645992	1200		266.26		         0		-999.00
-999	1525649592	3600		266.26		         0		-999.00
-999	1525653192	3600		266.26		         0		-999.00
-999	1525656792	3600		266.26		         0		-999.00
-999	1525660392	3600		266.26		         0		-999.00
-999	1525663992	3600		261.74		         0		-999.00
-999	1525667592	3600		261.74		         0		-999.00
-999	1525668846	1254		261.74		         0		-999.00
6650	1525670046	1200		269.94		 122679862		568.50
6650	1525673646	3600		270.02		 125569738		566.00
6650	1525677246	3600		269.81		 118455544		562.50
6650	1525680846	3600		269.47		 107010897		562.50
6650	1525684446	3600		269.31		 101644060		561.50
6650	1525688046	3600		269.10		  94810448		558.00
6650	1525691462	3416		268.89		  87771619		558.00
-999	1525692662	1200		266.26		         0		-999.00
-999	1525696262	3600		266.26		         0		-999.00
-999	1525699862	3600		261.74		         0		-999.00
-999	1525703462	3600		262.26		         0		-999.00
-999	1525707062	3600		261.90		         0		-999.00
-999	1525710662	3600		261.73		         0		-999.00
-999	1525714262	3600		261.73		         0		-999.00
-999	1525717862	3600		261.73		         0		-999.00
-999	1525720697	2835		261.73		         0		-999.00
6654	1525721897	1200		269.74		 116724441		574.00
6654	1525725497	3600		270.11		 128982629		574.50
6654	1525729097	3600		269.85		 120359165		567.50
6654	1525732697	3600		269.49		 108418048		567.50
6654	1525736297	3600		269.22		  99469856		564.00
6654	1525739897	3600		269.02		  92618315		564.00
6654	1525743497	3600		268.77		  84268003		560.50
6654	1525747097	3600		262.24		  74311214		 14.00
6654	1525747107	10		262.24		 151536162		 14.00
-999	1525748307	1200		262.24		         0		-999.00
-999	1525751907	3600		261.73		         0		-999.00
-999	1525755507	3600		262.07		         0		-999.00
-999	1525759107	3600		262.06		         0		-999.00
-999	1525762707	3600		262.23		         0		-999.00
-999	1525766307	3600		261.86		         0		-999.00
-999	1525769907	3600		262.22		         0		-999.00
-999	1525773507	3600		262.22		         0		-999.00
-999	1525777107	3600		261.71		         0		-999.00
-999	1525780707	3600		261.71		         0		-999.00
-999	1525784307	3600		261.71		         0		-999.00
-999	1525787907	3600		261.88		         0		-999.00
-999	1525791507	3600		261.88		         0		-999.00
-999	1525795107	3600		262.04		         0		-999.00
-999	1525798707	3600		262.21		         0		-999.00
-999	1525802307	3600		262.21		         0		-999.00
-999	1525805907	3600		262.21		         0		-999.00
-999	1525809507	3600		262.21		         0		-999.00
-999	1525813107	3600		262.21		         0		-999.00
-999	1525815134	2027		261.70		         0		-999.00
6659	1525816334	1200		269.76		 118448195		575.50
6659	1525819934	3600		269.95		 124819572		575.50
6659	1525823534	3600		269.59		 112638204		574.50
6659	1525827134	3600		269.31		 103275388		571.00
6659	1525830734	3600		269.10		  96381508		567.50
6659	1525834334	3600		268.89		  89454943		569.50
6659	1525837670	3336		268.77		  85305787		565.00
-999	1525838870	1200		261.70		         0		-999.00
-999	1525842470	3600		259.64		         0		-999.00
-999	1525846070	3600		257.13		         0		-999.00
-999	1525849670	3600		259.48		         0		-999.00
-999	1525853270	3600		261.68		         0		-999.00
-999	1525856870	3600		266.21		         0		-999.00
-999	1525860470	3600		266.39		         0		-999.00
-999	1525864070	3600		266.39		         0		-999.00
-999	1525867670	3600		262.22		         0		-999.00
-999	1525871270	3600		266.39		         0		-999.00
-999	1525874870	3600		266.39		         0		-999.00
-999	1525878470	3600		261.88		         0		-999.00
-999	1525882070	3600		261.88		         0		-999.00
-999	1525885670	3600		261.89		         0		-999.00
-999	1525889270	3600		262.23		         0		-999.00
-999	1525891581	2311		262.23		         0		-999.00
6662	1525892781	1200		269.88		 121816384		580.50
6662	1525896381	3600		270.13		 130268412		584.50
6662	1525899981	3600		269.75		 117475251		577.50
6662	1525903581	3600		269.50		 108974663		577.00
6662	1525907181	3600		269.25		 100794839		577.00
6662	1525910781	3600		269.06		  94560543		577.00
6662	1525914381	3600		268.85		  87468891		571.50
6662	1525917981	3600		268.64		  80367089		571.50
6662	1525921581	3600		268.45		  73984809		571.50
6662	1525925181	3600		268.29		  68759765		568.00
6662	1525928781	3600		268.13		  63561781		568.00
6662	1525932381	3600		267.98		  58486865		564.50
6662	1525935981	3600		267.81		  52626433		557.50
6662	1525939581	3600		262.06		  51950367		 12.00
6662	1525941185	1604		262.06		  54643633		 14.00
-999	1525942385	1200		262.06		         0		-999.00
-999	1525945985	3600		262.06		         0		-999.00
-999	1525949090	3105		261.55		         0		-999.00
6663	1525950290	1200		269.87		 120880412		597.50
6663	1525953890	3600		270.11		 128964329		595.50
6663	1525957490	3600		269.84		 119945621		595.50
6663	1525957821	331		268.91		  88839943		595.50
-999	1525959021	1200		266.07		         0		-999.00
-999	1525962621	3600		266.07		         0		-999.00
-999	1525966221	3600		266.07		         0		-999.00
-999	1525969821	3600		266.07		         0		-999.00
-999	1525973421	3600		262.07		         0		-999.00
-999	1525977021	3600		262.07		         0		-999.00
-999	1525979595	2574		261.56		         0		-999.00
6666	1525980795	1200		269.61		 117985028		594.00
6666	1525984395	3600		270.07		 127571923		596.00
6666	1525987995	3600		269.67		 114272230		592.00
6666	1525991595	3600		269.47		 107553739		595.50
6666	1525995195	3600		269.22		  99255875		592.00
6666	1525998795	3600		268.99		  91603585		588.50
6666	1526002395	3600		268.74		  83368689		585.00
6666	1526005995	3600		268.57		  77639344		585.00
6666	1526009595	3600		268.38		  71092173		581.50
6666	1526013195	3600		268.20		  65116581		581.50
6666	1526016795	3600		268.05		  60156947		578.00
6666	1526020395	3600		267.90		  55092477		578.00
6666	1526023995	3600		267.78		  51319637		574.50
6666	1526026958	2963		262.07		  47204721		 15.00
-999	1526028158	1200		262.07		         0		-999.00
-999	1526031758	3600		261.90		         0		-999.00
-999	1526035358	3600		261.90		         0		-999.00
-999	1526038958	3600		262.07		         0		-999.00
-999	1526042558	3600		261.90		         0		-999.00
-999	1526046158	3600		261.90		         0		-999.00
-999	1526049758	3600		262.07		         0		-999.00
-999	1526050466	708		261.90		         0		-999.00
6672	1526051666	1200		269.80		 118493653		604.50
6672	1526055266	3600		270.00		 125213793		606.50
6672	1526058866	3600		269.66		 113874037		606.50
6672	1526062466	3600		269.39		 104952607		595.00
6672	1526066066	3600		269.10		  95172713		598.50
6672	1526068963	2897		268.88		  87846207		598.50
-999	1526070163	1200		266.24		         0		-999.00
-999	1526073763	3600		266.24		         0		-999.00
-999	1526077363	3600		266.24		         0		-999.00
-999	1526080963	3600		262.24		         0		-999.00
-999	1526084563	3600		262.06		         0		-999.00
-999	1526086746	2183		262.06		         0		-999.00
6674	1526087946	1200		269.95		 123761430		605.00
6674	1526091546	3600		270.04		 126740011		612.00
6674	1526095146	3600		269.83		 119975456		608.50
6674	1526098746	3600		269.61		 112678209		612.00
6674	1526102346	3600		269.37		 104555175		608.50
6674	1526105946	3600		269.09		  95133435		605.00
6674	1526109546	3600		268.87		  87980105		601.50
6674	1526113146	3600		268.66		  80956611		601.50
6674	1526116746	3600		268.45		  74047975		598.00
6674	1526120346	3600		268.28		  68265273		598.00
6674	1526123946	3600		268.10		  62132402		594.50
6674	1526127546	3600		267.97		  57812033		594.50
6674	1526131146	3600		267.87		  54589727		594.50
6674	1526134746	3600		267.94		  56767158		594.50
6674	1526136871	2125		267.73		  49730078		594.50
-999	1526138071	1200		262.23		         0		-999.00
-999	1526141671	3600		262.03		         0		-999.00
-999	1526144057	2386		261.69		         0		-999.00
6675	1526145257	1200		270.39		 133895415		631.50
6675	1526148857	3600		270.57		 139871688		630.50
6675	1526152457	3600		270.30		 130958812		627.00
6675	1526156057	3600		269.97		 119807556		626.00
6675	1526159657	3600		269.70		 111043763		622.50
6675	1526163257	3600		269.46		 102992015		622.50
6675	1526166857	3600		269.20		  94371020		618.50
6675	1526170457	3600		269.02		  88253839		618.50
6675	1526174057	3600		268.82		  81642554		614.50
6675	1526177657	3600		268.63		  75364302		611.00
6675	1526181257	3600		268.47		  69943967		611.00
6675	1526184857	3600		268.33		  65261266		606.50
6675	1526188457	3600		267.95		  58167908		603.00
6675	1526192057	3600		268.05		  61505735		610.00
6675	1526193215	1158		268.00		  59922483		610.00
-999	1526194415	1200		266.03		         0		-999.00
-999	1526198015	3600		266.03		         0		-999.00
-999	1526201615	3600		266.03		         0		-999.00
-999	1526205215	3600		266.03		         0		-999.00
-999	1526205397	182		266.03		         0		-999.00
6677	1526206597	1200		270.16		 126366843		643.50
6677	1526210197	3600		270.35		 132589840		636.50
6677	1526213797	3600		270.17		 126629610		644.00
6677	1526217397	3600		269.95		 119375176		643.50
6677	1526220997	3600		269.69		 110489680		636.00
6677	1526224597	3600		269.43		 101801054		632.50
6677	1526228197	3600		269.16		  93022212		629.00
6677	1526231797	3600		268.97		  86563031		629.00
6677	1526235397	3600		268.76		  79399372		625.50
6677	1526238997	3600		268.58		  73621565		622.00
6677	1526242597	3600		268.38		  67052841		622.00
6677	1526246197	3600		268.23		  61795838		618.50
6677	1526249797	3600		268.05		  55943656		608.00
6677	1526253397	3600		267.90		  56588020		617.00
6677	1526253988	591		268.00		  60112159		617.00
-999	1526255188	1200		261.67		         0		-999.00
-999	1526258788	3600		262.06		         0		-999.00
-999	1526262388	3600		262.06		         0		-999.00
-999	1526265988	3600		261.55		         0		-999.00
-999	1526269588	3600		262.06		         0		-999.00
-999	1526269876	288		262.06		         0		-999.00
6681	1526271076	1200		269.90		 122460657		648.00
6681	1526274676	3600		270.11		 123924922		649.50
6681	1526278276	3600		269.95		 118573782		646.00
6681	1526281876	3600		269.72		 110669385		646.00
6681	1526285476	3600		269.45		 101733562		645.00
6681	1526289076	3600		269.15		  91796416		641.50
6681	1526292676	3600		268.94		  84880486		638.00
6681	1526296276	3600		268.73		  77890681		634.50
6681	1526299876	3600		268.56		  72088974		634.50
6681	1526303476	3600		268.47		  69143771		633.00
6681	1526307076	3600		268.34		  64929722		633.00
6681	1526310676	3600		268.31		  63900068		629.50
6681	1526314276	3600		268.13		  57898166		627.00
6681	1526317876	3600		267.83		  53328497		621.50
6681	1526320377	2501		267.77		  51480501		625.00
-999	1526321577	1200		262.06		         0		-999.00
-999	1526325177	3600		266.06		         0		-999.00
-999	1526328777	3600		262.06		         0		-999.00
-999	1526332377	3600		261.65		         0		-999.00
-999	1526335977	3600		261.64		         0		-999.00
-999	1526336568	591		261.64		         0		-999.00
6683	1526337768	1200		270.20		 129207302		661.50
6683	1526338662	894		270.48		 138409707		634.00
-999	1526339862	1200		265.98		         0		-999.00
-999	1526343462	3600		261.63		         0		-999.00
-999	1526347062	3600		261.63		         0		-999.00
-999	1526350662	3600		262.14		         0		-999.00
-999	1526354262	3600		266.14		         0		-999.00
-999	1526357862	3600		262.14		         0		-999.00
-999	1526361462	3600		261.97		         0		-999.00
-999	1526365062	3600		261.97		         0		-999.00
-999	1526368662	3600		266.14		         0		-999.00
-999	1526372262	3600		261.97		         0		-999.00
-999	1526375862	3600		262.13		         0		-999.00
-999	1526379462	3600		262.13		         0		-999.00
-999	1526383062	3600		261.62		         0		-999.00
-999	1526386662	3600		261.63		         0		-999.00
-999	1526390262	3600		262.14		         0		-999.00
-999	1526393862	3600		261.63		         0		-999.00
-999	1526397212	3350		261.97		         0		-999.00
6688	1526398412	1200		267.34		  45788437		616.00
6688	1526402012	3600		267.60		  48830150		627.50
6688	1526405612	3600		267.45		  43897471		614.50
6688	1526409212	3600		267.39		  41800152		614.50
6688	1526412812	3600		267.30		  38862363		608.00
6688	1526413919	1107		267.05		  30593368		598.00
-999	1526415119	1200		261.80		         0		-999.00
-999	1526418719	3600		261.97		         0		-999.00
-999	1526422319	3600		262.14		         0		-999.00
-999	1526425919	3600		261.63		         0		-999.00
-999	1526428498	2579		261.97		         0		-999.00
6690	1526429698	1200		267.98		  61435787		622.00
6690	1526433298	3600		268.08		  64863751		623.50
6690	1526436898	3600		267.89		  58481960		621.50
6690	1526440498	3600		267.74		  53577176		621.50
6690	1526444098	3600		267.61		  49194307		618.00
6690	1526447698	3600		267.51		  45669355		618.00
6690	1526451298	3600		267.40		  42127099		618.00
6690	1526454898	3600		267.32		  39576235		614.50
6690	1526458498	3600		267.29		  38506313		618.00
6690	1526460261	1763		267.31		  39072707		612.50
-999	1526461461	1200		266.14		         0		-999.00
-999	1526465061	3600		262.14		         0		-999.00
-999	1526468661	3600		261.61		         0		-999.00
-999	1526472261	3600		261.61		         0		-999.00
-999	1526475861	3600		261.61		         0		-999.00
-999	1526479461	3600		261.95		         0		-999.00
-999	1526482078	2617		262.12		         0		-999.00
-999	1526483842	1200		266.12		         0		-999.00
-999	1526487442	3600		262.12		         0		-999.00
-999	1526490917	3475		262.12		         0		-999.00
6693	1526492117	1200		268.85		  90858860		625.00
6693	1526495717	3600		269.10		  99436097		645.00
6693	1526499317	3600		268.83		  90400043		638.00
6693	1526502917	3600		268.68		  85347517		638.50
6693	1526506517	3600		268.44		  77289065		635.00
6693	1526510117	3600		268.24		  70808438		635.00
6693	1526513717	3600		268.10		  65859436		632.00
6693	1526517317	3600		267.95		  60849155		632.00
6693	1526520917	3600		267.94		  60602326		632.00
6693	1526524517	3600		267.78		  55286266		631.00
6693	1526526352	1835		267.73		  53829987		631.00
-999	1526527552	1200		266.12		         0		-999.00
-999	1526531152	3600		261.89		         0		-999.00
-999	1526534752	3600		262.24		         0		-999.00
-999	1526536049	1297		262.24		         0		-999.00
6694	1526537249	1200		269.61		 112347203		662.00
6694	1526540849	3600		269.84		 119834372		659.00
6694	1526544449	3600		269.57		 110978741		658.50
6694	1526548049	3600		269.32		 102704390		655.00
6694	1526551649	3600		269.02		  92725866		650.50
6694	1526555249	3600		268.79		  84969812		647.00
6694	1526558849	3600		268.60		  78802551		647.00
6694	1526562449	3600		268.40		  72031987		643.00
6694	1526566049	3600		268.23		  66405138		643.00
6694	1526569649	3600		268.15		  63501297		646.50
6694	1526570269	620		268.03		  59526635		 14.00
-999	1526571469	1200		266.24		         0		-999.00
-999	1526575069	3600		262.01		         0		-999.00
-999	1526578669	3600		266.01		         0		-999.00
-999	1526582269	3600		266.01		         0		-999.00
-999	1526585869	3600		266.18		         0		-999.00
-999	1526589469	3600		262.18		         0		-999.00
-999	1526593069	3600		262.01		         0		-999.00
-999	1526595789	2720		262.01		         0		-999.00
6696	1526596989	1200		269.95		 120069981		674.00
6696	1526600589	3600		270.17		 127252433		673.50
6696	1526604189	3600		269.88		 117512412		666.50
6696	1526607789	3600		269.67		 110691360		668.50
6696	1526611389	3600		269.41		 101867842		665.00
6696	1526614989	3600		269.13		  92514040		661.50
6696	1526618589	3600		268.97		  87313952		658.00
6696	1526622189	3600		268.76		  80438594		658.00
6696	1526625789	3600		268.58		  74426547		654.50
6696	1526626810	1021		267.85		  55800521		642.00
-999	1526628010	1200		266.18		         0		-999.00
-999	1526631610	3600		266.18		         0		-999.00
-999	1526635210	3600		262.18		         0		-999.00
-999	1526638810	3600		259.93		         0		-999.00
-999	1526642410	3600		262.06		         0		-999.00
-999	1526646010	3600		261.89		         0		-999.00
-999	1526649610	3600		261.55		         0		-999.00
-999	1526653210	3600		261.89		         0		-999.00
-999	1526656810	3600		261.89		         0		-999.00
-999	1526660410	3600		261.89		         0		-999.00
-999	1526664010	3600		261.89		         0		-999.00
-999	1526667610	3600		261.89		         0		-999.00
-999	1526668468	858		261.89		         0		-999.00
6699	1526669668	1200		265.90		    477526		608.50
6699	1526673268	3600		266.07		    425422		647.50
6699	1526676868	3600		266.24		    359991		608.50
6699	1526679748	2880		262.23		    511791		 12.00
-999	1526680948	1200		265.89		         0		-999.00
-999	1526684548	3600		261.89		         0		-999.00
-999	1526688148	3600		261.89		         0		-999.00
-999	1526688844	696		261.89		         0		-999.00
6700	1526690044	1200		269.61		 112848424		667.00
6700	1526693644	3600		269.93		 123389702		670.50
6700	1526697244	3600		269.54		 110566619		666.50
6700	1526700844	3600		269.23		 100187388		663.00
6700	1526704444	3600		269.04		  93647558		670.00
6700	1526708044	3600		268.95		  90690103		666.50
6700	1526711644	3600		268.75		  83983612		663.00
6700	1526715244	3600		268.54		  77082496		658.50
6700	1526718844	3600		268.36		  71012433		658.50
6700	1526722444	3600		268.22		  66380254		658.50
6700	1526726044	3600		268.14		  63918975		655.00
6700	1526729644	3600		268.01		  59484549		655.00
6700	1526733244	3600		267.82		  53131769		631.50
6700	1526733931	687		267.83		  53415780		645.00
-999	1526735131	1200		261.89		         0		-999.00
-999	1526738731	3600		261.89		         0		-999.00
-999	1526742331	3600		265.90		         0		-999.00
-999	1526745931	3600		265.90		         0		-999.00
-999	1526749531	3600		265.90		         0		-999.00
-999	1526753131	3600		261.90		         0		-999.00
-999	1526756067	2936		261.90		         0		-999.00
6702	1526757267	1200		269.90		 121977998		688.00
6702	1526760867	3600		270.25		 133544828		684.50
6702	1526764467	3600		269.82		 119144248		681.00
6702	1526768030	3563		269.49		 108167510		677.50
-999	1526769230	1200		266.06		         0		-999.00
-999	1526772830	3600		261.92		         0		-999.00
-999	1526776430	3600		266.09		         0		-999.00
-999	1526780030	3600		261.91		         0		-999.00
-999	1526783630	3600		262.26		         0		-999.00
-999	1526787230	3600		261.91		         0		-999.00
-999	1526790830	3600		261.91		         0		-999.00
-999	1526794430	3600		261.91		         0		-999.00
-999	1526795464	1034		261.91		         0		-999.00
6706	1526796664	1200		267.45		  51290380		656.00
6706	1526800264	3600		267.54		  54181437		640.00
6706	1526803864	3600		267.43		  50711380		650.50
6706	1526807464	3600		267.30		  46282614		650.50
6706	1526808387	923		266.92		  33786061		640.00
-999	1526809587	1200		261.91		         0		-999.00
-999	1526813187	3600		261.92		         0		-999.00
-999	1526816787	3600		261.92		         0		-999.00
-999	1526820387	3600		266.27		         0		-999.00
-999	1526823987	3600		266.27		         0		-999.00
-999	1526827587	3600		265.93		         0		-999.00
-999	1526831187	3600		266.27		         0		-999.00
-999	1526834787	3600		261.93		         0		-999.00
-999	1526838387	3600		261.93		         0		-999.00
-999	1526839146	759		261.93		         0		-999.00
6709	1526840346	1200		269.90		 121001175		688.00
6709	1526843946	3600		270.25		 132813998		689.50
6709	1526847546	3600		269.86		 119941915		685.00
6709	1526851146	3600		269.52		 108405703		681.50
6709	1526854746	3600		269.19		  97588046		681.50
6709	1526858346	3600		269.07		  93586494		681.00
6709	1526861946	3600		268.91		  88146816		677.50
6709	1526865546	3600		268.72		  81713295		674.00
6709	1526869146	3600		268.34		  74815026		660.50
6709	1526872746	3600		268.17		  69187751		671.00
6709	1526873547	801		268.18		  69378520		674.50
-999	1526874747	1200		265.93		         0		-999.00
-999	1526878347	3600		266.27		         0		-999.00
-999	1526881947	3600		266.27		         0		-999.00
-999	1526885547	3600		260.80		         0		-999.00
-999	1526889147	3600		261.41		         0		-999.00
-999	1526892747	3600		261.93		         0		-999.00
-999	1526895864	3117		261.93		         0		-999.00
6710	1526897064	1200		269.75		 115660739		697.50
6710	1526900664	3600		270.10		 127602965		701.50
6710	1526904264	3600		269.84		 118780897		692.00
6710	1526907864	3600		269.55		 109251132		688.00
6710	1526911464	3600		269.26		  99547424		690.00
6710	1526915064	3600		269.05		  92328894		686.50
6710	1526918664	3600		268.81		  84314447		683.00
6710	1526922264	3600		268.64		  78783966		683.00
6710	1526925140	2876		268.59		  77008067		683.00
-999	1526926340	1200		265.94		         0		-999.00
-999	1526929940	3600		266.11		         0		-999.00
-999	1526933540	3600		266.11		         0		-999.00
-999	1526937140	3600		261.58		         0		-999.00
-999	1526940740	3600		261.90		         0		-999.00
-999	1526944181	3441		261.90		         0		-999.00
6711	1526945381	1200		269.63		 112766816		663.50
6711	1526948981	3600		269.90		 121504349		704.00
6711	1526952581	3600		269.64		 112958268		698.50
6711	1526956181	3600		269.34		 103107245		695.50
6711	1526959781	3600		269.10		  94848074		695.50
6711	1526963381	3600		268.86		  86977602		690.00
6711	1526966981	3600		268.64		  79544446		686.50
6711	1526970581	3600		268.46		  73612165		671.00
6711	1526974181	3600		268.10		  67256990		683.50
6711	1526977781	3600		267.92		  61196390		679.50
6711	1526981381	3600		267.88		  59859751		683.00
6711	1526984981	3600		267.79		  57032696		679.50
6711	1526988581	3600		267.60		  50501675		671.50
6711	1526991910	3329		261.91		  47572414		 15.00
-999	1526993110	1200		265.91		         0		-999.00
-999	1526996710	3600		261.90		         0		-999.00
-999	1527000111	3401		261.90		         0		-999.00
6712	1527001311	1200		270.07		 121515091		718.50
6712	1527004911	3600		270.26		 128161496		717.00
6712	1527008511	3600		270.02		 119911662		710.50
6712	1527012111	3600		269.74		 110501280		710.50
6712	1527015711	3600		269.47		 101781919		707.00
6712	1527019311	3600		269.19		  92367048		703.50
6712	1527022911	3600		269.01		  86184942		703.50
6712	1527026511	3600		268.78		  78661499		700.00
6712	1527030111	3600		268.58		  72034845		696.50
6712	1527033711	3600		268.41		  66284287		693.00
6712	1527037311	3600		268.28		  61937962		683.00
6712	1527037656	345		268.34		  64021729		686.50
-999	1527038856	1200		261.90		         0		-999.00
-999	1527042456	3600		261.85		         0		-999.00
-999	1527046056	3600		261.86		         0		-999.00
-999	1527047343	1287		262.20		         0		-999.00
6714	1527048543	1200		269.60		 113382433		710.00
6714	1527052143	3600		270.24		 128829748		729.50
6714	1527055743	3600		270.04		 122265539		722.50
6714	1527059343	3600		269.73		 111990541		723.00
6714	1527062943	3600		269.45		 102532487		719.50
6714	1527066543	3600		269.22		  94895315		716.00
6714	1527070143	3600		268.98		  87005062		712.00
6714	1527073743	3600		268.80		  80787909		708.50
6714	1527077343	3600		268.59		  74009404		708.50
6714	1527080943	3600		268.42		  68231470		705.00
6714	1527084543	3600		268.32		  65001727		705.00
6714	1527088143	3600		268.19		  60540114		701.50
6714	1527091743	3600		268.16		  59451708		701.50
6714	1527095343	3600		267.99		  53818932		698.00
6714	1527097678	2335		267.89		  50672820		698.00
-999	1527098878	1200		265.86		         0		-999.00
-999	1527102478	3600		266.03		         0		-999.00
-999	1527106078	3600		261.71		         0		-999.00
-999	1527109678	3600		262.05		         0		-999.00
-999	1527113278	3600		262.05		         0		-999.00
-999	1527116878	3600		262.05		         0		-999.00
-999	1527120478	3600		262.05		         0		-999.00
-999	1527124078	3600		261.88		         0		-999.00
-999	1527127678	3600		266.06		         0		-999.00
-999	1527131278	3600		266.06		         0		-999.00
-999	1527134878	3600		266.23		         0		-999.00
-999	1527138478	3600		266.23		         0		-999.00
-999	1527142078	3600		265.89		         0		-999.00
-999	1527145678	3600		266.06		         0		-999.00
-999	1527149278	3600		265.89		         0		-999.00
-999	1527152878	3600		266.06		         0		-999.00
-999	1527156478	3600		266.23		         0		-999.00
-999	1527160078	3600		266.23		         0		-999.00
-999	1527163678	3600		266.23		         0		-999.00
-999	1527167278	3600		265.89		         0		-999.00
-999	1527170878	3600		265.89		         0		-999.00
-999	1527174478	3600		266.23		         0		-999.00
-999	1527178078	3600		266.23		         0		-999.00
-999	1527181678	3600		266.23		         0		-999.00
-999	1527185278	3600		261.89		         0		-999.00
-999	1527188878	3600		261.89		         0		-999.00
-999	1527192478	3600		261.89		         0		-999.00
-999	1527196078	3600		261.89		         0		-999.00
-999	1527196563	485		262.06		         0		-999.00
6719	1527197763	1200		270.04		 126843079		674.50
6719	1527201363	3600		270.49		 136100416		735.50
6719	1527204963	3600		270.17		 125462141		728.50
6719	1527208563	3600		269.80		 113173705		725.50
6719	1527212163	3600		269.37		 104419973		723.50
6719	1527215763	3600		269.09		  95302302		720.00
6719	1527219363	3600		268.85		  87346532		716.50
6719	1527222963	3600		268.48		  80513708		714.50
6719	1527225511	2548		261.89		  75035360		 14.00
-999	1527226711	1200		266.06		         0		-999.00
-999	1527230311	3600		266.06		         0		-999.00
-999	1527233911	3600		266.06		         0		-999.00
-999	1527237511	3600		266.06		         0		-999.00
-999	1527241111	3600		261.89		         0		-999.00
-999	1527244711	3600		261.89		         0		-999.00
-999	1527248311	3600		261.88		         0		-999.00
-999	1527251911	3600		261.97		         0		-999.00
-999	1527255511	3600		261.80		         0		-999.00
-999	1527259111	3600		261.80		         0		-999.00
-999	1527262145	3034		261.97		         0		-999.00
6724	1527263345	1200		269.32		 106094464		723.50
6724	1527265712	2367		268.86		  90933580		724.50
-999	1527266912	1200		266.14		         0		-999.00
-999	1527270512	3600		266.14		         0		-999.00
-999	1527274112	3600		266.14		         0		-999.00
-999	1527277712	3600		266.14		         0		-999.00
-999	1527281312	3600		266.14		         0		-999.00
-999	1527284912	3600		266.14		         0		-999.00
-999	1527288512	3600		266.14		         0		-999.00
-999	1527292112	3600		266.14		         0		-999.00
-999	1527295712	3600		266.14		         0		-999.00
-999	1527299312	3600		266.14		         0		-999.00
-999	1527302912	3600		266.14		         0		-999.00
-999	1527306512	3600		266.14		         0		-999.00
-999	1527310112	3600		266.14		         0		-999.00
-999	1527313712	3600		266.14		         0		-999.00
-999	1527317312	3600		266.14		         0		-999.00
-999	1527320912	3600		266.14		         0		-999.00
-999	1527324512	3600		261.80		         0		-999.00
-999	1527328112	3600		261.97		         0		-999.00
-999	1527331712	3600		261.97		         0		-999.00
-999	1527335312	3600		261.80		         0		-999.00
-999	1527337470	2158		261.97		         0		-999.00
6729	1527338670	1200		269.87		 118657944		736.00
6729	1527342270	3600		270.08		 125759274		733.50
6729	1527345870	3600		269.85		 118128713		733.50
6729	1527349470	3600		269.57		 108825508		730.00
6729	1527353070	3600		269.33		 100781907		726.50
6729	1527356670	3600		269.10		  93033827		723.00
6729	1527360270	3600		268.91		  86755902		723.00
6729	1527363870	3600		268.72		  80571820		719.50
6729	1527367470	3600		268.53		  74084493		716.00
6729	1527371070	3600		268.39		  69439341		716.00
6729	1527374670	3600		268.24		  64472302		716.00
6729	1527378270	3600		268.25		  64914049		716.00
6729	1527379580	1310		267.87		  51968640		705.50
-999	1527380780	1200		266.14		         0		-999.00
-999	1527384380	3600		266.14		         0		-999.00
-999	1527387980	3600		266.14		         0		-999.00
-999	1527391580	3600		266.14		         0		-999.00
-999	1527395180	3600		265.97		         0		-999.00
-999	1527398780	3600		266.31		         0		-999.00
-999	1527402380	3600		266.31		         0		-999.00
-999	1527405980	3600		266.31		         0		-999.00
-999	1527409580	3600		266.31		         0		-999.00
-999	1527413180	3600		266.31		         0		-999.00
-999	1527416780	3600		266.31		         0		-999.00
-999	1527420380	3600		266.31		         0		-999.00
-999	1527423980	3600		266.31		         0		-999.00
-999	1527427580	3600		266.31		         0		-999.00
-999	1527431180	3600		266.31		         0		-999.00
-999	1527434780	3600		266.31		         0		-999.00
-999	1527438380	3600		261.80		         0		-999.00
-999	1527441980	3600		261.66		         0		-999.00
-999	1527444196	2216		262.01		         0		-999.00
6731	1527445396	1200		269.75		 119238906		736.00
6731	1527448996	3600		270.16		 126961947		745.00
6731	1527452596	3600		269.88		 117706870		737.50
6731	1527455247	2651		269.62		 109133841		737.50
-999	1527456447	1200		266.00		         0		-999.00
-999	1527460047	3600		260.95		         0		-999.00
-999	1527463647	3600		266.19		         0		-999.00
-999	1527467247	3600		262.02		         0		-999.00
-999	1527470847	3600		262.02		         0		-999.00
-999	1527471111	264		262.02		         0		-999.00
6733	1527472311	1200		269.67		 110471860		746.00
6733	1527475911	3600		270.01		 121697047		744.00
6733	1527479511	3600		269.51		 110622705		740.00
6733	1527483111	3600		269.28		 102962389		735.50
6733	1527486711	3600		269.01		  94139470		732.00
6733	1527490311	3600		268.81		  87427612		732.00
6733	1527491331	1020		268.61		  80803199		732.00
-999	1527492531	1200		266.02		         0		-999.00
-999	1527496131	3600		265.91		         0		-999.00
-999	1527499731	3600		266.08		         0		-999.00
-999	1527503331	3600		265.91		         0		-999.00
-999	1527506931	3600		265.74		         0		-999.00
-999	1527510531	3600		266.08		         0		-999.00
-999	1527514131	3600		266.08		         0		-999.00
-999	1527517731	3600		266.08		         0		-999.00
-999	1527521331	3600		261.91		         0		-999.00
-999	1527524931	3600		262.08		         0		-999.00
-999	1527528531	3600		261.91		         0		-999.00
-999	1527532131	3600		261.89		         0		-999.00
-999	1527532773	642		262.06		         0		-999.00
-999	1527534651	1200		266.06		         0		-999.00
-999	1527538251	3600		262.06		         0		-999.00
-999	1527541851	3600		262.06		         0		-999.00
-999	1527541997	146		262.06		         0		-999.00
6738	1527543197	1200		269.82		 119400767		749.50
6738	1527546797	3600		270.05		 127161512		750.50
6738	1527550397	3600		269.76		 111864808		753.00
6738	1527553997	3600		269.66		 108371265		746.00
6738	1527557597	3600		269.37		  98875590		741.50
6738	1527561197	3600		268.82		  92051884		722.00
6738	1527564797	3600		268.61		  84980501		736.00
6738	1527568397	3600		268.40		  77982336		732.50
6738	1527571997	3600		268.25		  72789241		732.50
6738	1527575597	3600		268.08		  67084807		729.00
6738	1527579197	3600		267.94		  62652307		729.00
6738	1527582797	3600		267.93		  62110261		729.00
6738	1527585526	2729		267.77		  57025388		722.50
-999	1527586726	1200		261.89		         0		-999.00
-999	1527590326	3600		261.55		         0		-999.00
-999	1527593926	3600		260.58		         0		-999.00
-999	1527597526	3600		261.91		         0		-999.00
-999	1527601126	3600		262.08		         0		-999.00
-999	1527604726	3600		262.08		         0		-999.00
-999	1527608326	3600		262.08		         0		-999.00
-999	1527611926	3600		262.08		         0		-999.00
-999	1527615526	3600		262.08		         0		-999.00
-999	1527619126	3600		262.08		         0		-999.00
-999	1527622726	3600		262.07		         0		-999.00
-999	1527626326	3600		261.90		         0		-999.00
-999	1527629926	3600		261.90		         0		-999.00
-999	1527633526	3600		261.90		         0		-999.00
-999	1527637126	3600		261.90		         0		-999.00
-999	1527640726	3600		261.90		         0		-999.00
-999	1527644326	3600		261.90		         0		-999.00
-999	1527647926	3600		261.90		         0		-999.00
-999	1527651526	3600		261.90		         0		-999.00
-999	1527655126	3600		266.07		         0		-999.00
-999	1527658726	3600		261.90		         0		-999.00
-999	1527662326	3600		261.90		         0		-999.00
-999	1527664472	2146		261.90		         0		-999.00
6741	1527665672	1200		269.78		 118196872		739.00
6741	1527669272	3600		270.03		 126435557		754.00
6741	1527672872	3600		269.75		 117008538		754.00
6741	1527676472	3600		269.47		 107714866		750.50
6741	1527680072	3600		269.21		  99033523		747.00
6741	1527683672	3600		269.02		  92926201		746.50
6741	1527687272	3600		268.81		  85667727		739.50
6741	1527690872	3600		268.63		  79895701		739.50
6741	1527694472	3600		268.45		  73656594		739.50
6741	1527696790	2318		268.12		  62860690		732.50
-999	1527697990	1200		262.07		         0		-999.00
-999	1527701590	3600		266.24		         0		-999.00
-999	1527705190	3600		261.49		         0		-999.00
-999	1527708790	3600		266.00		         0		-999.00
-999	1527712390	3600		266.17		         0		-999.00
-999	1527715990	3600		266.17		         0		-999.00
-999	1527719590	3600		266.17		         0		-999.00
-999	1527723190	3600		261.98		         0		-999.00
-999	1527726790	3600		261.98		         0		-999.00
-999	1527727278	488		261.98		         0		-999.00
6744	1527728478	1200		269.57		 113786503		757.00
6744	1527732078	3600		269.86		 123485007		757.50
6744	1527735678	3600		269.46		 110193913		755.00
6744	1527739278	3600		269.32		 105470031		755.00
6744	1527739555	277		269.30		 104743224		755.00
-999	1527740755	1200		266.15		         0		-999.00
-999	1527744355	3600		266.15		         0		-999.00
-999	1527747955	3600		261.98		         0		-999.00
-999	1527751555	3600		261.63		         0		-999.00
-999	1527755155	3600		266.15		         0		-999.00
-999	1527758755	3600		266.15		         0		-999.00
-999	1527762355	3600		266.15		         0		-999.00
-999	1527765955	3600		261.81		         0		-999.00
-999	1527769555	3600		261.64		         0		-999.00
-999	1527773155	3600		261.82		         0		-999.00
-999	1527776755	3600		262.13		         0		-999.00
-999	1527779405	2650		262.13		         0		-999.00
6747	1527780605	1200		267.58		  48373655		733.00
6747	1527784205	3600		267.68		  51561127		729.50
6747	1527787805	3600		267.51		  45880917		726.00
6747	1527790438	2633		267.32		  39505329		722.50
-999	1527791638	1200		262.13		         0		-999.00
-999	1527795238	3600		262.13		         0		-999.00
-999	1527798838	3600		262.13		         0		-999.00
-999	1527802438	3600		262.13		         0		-999.00
-999	1527806038	3600		266.13		         0		-999.00
-999	1527809638	3600		261.95		         0		-999.00
-999	1527813238	3600		262.12		         0		-999.00
-999	1527814336	1098		261.95		         0		-999.00
6749	1527815536	1200		270.00		 123587672		777.00
6749	1527819136	3600		270.20		 130258231		766.50
6749	1527822736	3600		269.86		 118888319		763.50
6749	1527826336	3600		269.58		 109661444		759.50
6749	1527829936	3600		269.36		 102324128		759.50
6749	1527833536	3600		268.92		  93412973		749.00
6749	1527837136	3600		268.72		  86789754		752.00
6749	1527840736	3600		268.50		  79472443		749.50
6749	1527844336	3600		268.33		  73703156		746.50
6749	1527847936	3600		268.11		  66462621		743.50
6749	1527851536	3600		268.02		  63457454		743.50
6749	1527855136	3600		267.91		  59665709		743.50
6749	1527858736	3600		267.81		  56182087		739.50
6749	1527862336	3600		267.57		  48278308		737.00
6749	1527863535	1199		267.56		  47887359		737.00
-999	1527864735	1200		261.95		         0		-999.00
-999	1527868335	3600		261.61		         0		-999.00
-999	1527871935	3600		262.12		         0		-999.00
-999	1527874885	2950		262.12		         0		-999.00
6751	1527876085	1200		269.71		 119597536		779.00
6751	1527879685	3600		270.22		 131061182		779.00
6751	1527883285	3600		269.86		 118866236		773.50
6751	1527886885	3600		269.58		 109569860		773.50
6751	1527890485	3600		269.31		 100641901		771.50
6751	1527894085	3600		269.09		  93188092		768.00
6751	1527897685	3600		268.84		  85134960		764.50
6751	1527901285	3600		268.67		  79275690		760.50
6751	1527904885	3600		268.47		  72758053		760.50
6751	1527908485	3600		268.30		  67136130		750.00
6751	1527912085	3600		268.13		  61225502		753.50
6751	1527915685	3600		268.04		  58459561		750.00
6751	1527919285	3600		267.96		  55501443		750.00
6751	1527921017	1732		267.50		  46085264		740.50
-999	1527922217	1200		266.12		         0		-999.00
-999	1527925817	3600		262.12		         0		-999.00
-999	1527929234	3417		262.12		         0		-999.00
6752	1527930434	1200		269.86		 124710395		788.50
6752	1527934034	3600		270.23		 131337601		794.00
6752	1527937634	3600		269.96		 122173350		789.00
6752	1527941234	3600		269.60		 110491361		785.00
6752	1527944428	3194		269.37		 102558530		781.50
-999	1527945628	1200		266.12		         0		-999.00
-999	1527949228	3600		266.12		         0		-999.00
-999	1527952828	3600		266.12		         0		-999.00
-999	1527956428	3600		266.12		         0		-999.00
-999	1527960028	3600		266.12		         0		-999.00
-999	1527963628	3600		266.12		         0		-999.00
-999	1527967228	3600		266.12		         0		-999.00
-999	1527970828	3600		266.12		         0		-999.00
-999	1527974428	3600		266.12		         0		-999.00
-999	1527978028	3600		266.11		         0		-999.00
-999	1527981628	3600		266.11		         0		-999.00
-999	1527985228	3600		266.11		         0		-999.00
-999	1527988828	3600		266.11		         0		-999.00
-999	1527992428	3600		266.11		         0		-999.00
-999	1527996028	3600		266.11		         0		-999.00
-999	1527999628	3600		266.11		         0		-999.00
-999	1528003228	3600		266.11		         0		-999.00
-999	1528006828	3600		266.11		         0		-999.00
-999	1528010428	3600		266.11		         0		-999.00
-999	1528014028	3600		266.11		         0		-999.00
-999	1528017628	3600		266.11		         0		-999.00
-999	1528021228	3600		266.11		         0		-999.00
-999	1528024828	3600		262.11		         0		-999.00
-999	1528028428	3600		262.11		         0		-999.00
-999	1528032028	3600		262.11		         0		-999.00
-999	1528035628	3600		262.11		         0		-999.00
-999	1528036390	762		262.11		         0		-999.00
6755	1528037590	1200		269.70		 119718989		784.50
6755	1528039694	2104		270.28		 133507353		788.50
-999	1528040894	1200		266.11		         0		-999.00
-999	1528044494	3600		266.11		         0		-999.00
-999	1528048094	3600		266.11		         0		-999.00
-999	1528051694	3600		266.11		         0		-999.00
-999	1528055294	3600		266.11		         0		-999.00
-999	1528058894	3600		266.11		         0		-999.00
-999	1528062494	3600		266.11		         0		-999.00
-999	1528066094	3600		266.11		         0		-999.00
-999	1528069694	3600		261.77		         0		-999.00
-999	1528073294	3600		262.11		         0		-999.00
-999	1528075258	1964		262.11		         0		-999.00
6757	1528076458	1200		269.63		 117339894		791.50
6757	1528080058	3600		270.08		 126886069		791.00
6757	1528083658	3600		269.77		 116579385		787.00
6757	1528087258	3600		269.48		 106727940		783.50
6757	1528090858	3600		269.20		  97317847		780.50
6757	1528094458	3600		268.99		  90468719		777.00
6757	1528098058	3600		268.75		  82438328		770.00
6757	1528101658	3600		268.56		  76258062		770.00
6757	1528105258	3600		268.37		  69719480		770.00
6757	1528108858	3600		268.20		  64185881		766.50
6757	1528112458	3600		268.09		  60329413		763.00
6757	1528116058	3600		267.97		  56282988		763.00
6757	1528119658	3600		267.59		  49418881		756.50
6757	1528121351	1693		262.11		  48030143		 12.00
-999	1528122551	1200		261.77		         0		-999.00
-999	1528126151	3600		261.94		         0		-999.00
-999	1528129751	3600		262.10		         0		-999.00
-999	1528133351	3600		266.10		         0		-999.00
-999	1528136951	3600		266.10		         0		-999.00
-999	1528140551	3600		261.59		         0		-999.00
-999	1528144151	3600		262.12		         0		-999.00
-999	1528145255	1104		262.12		         0		-999.00
6759	1528146455	1200		269.74		 115118515		802.00
6759	1528150055	3600		270.05		 125401677		800.50
6759	1528153655	3600		269.75		 115427809		796.50
6759	1528157255	3600		269.48		 106578082		793.00
6759	1528160855	3600		269.19		  96883668		789.50
6759	1528164455	3600		268.98		  89625757		786.00
6759	1528168055	3600		268.74		  81799550		782.50
6759	1528171655	3600		268.55		  75469353		782.00
6759	1528175255	3600		268.39		  70226884		778.50
6759	1528178855	3600		268.27		  65980502		778.00
6759	1528182455	3600		268.20		  63634440		774.50
6759	1528186055	3600		267.85		  57791155		775.00
6759	1528189655	3600		267.66		  51608182		761.50
6759	1528191198	1543		262.12		  43891060		 14.50
-999	1528192398	1200		261.77		         0		-999.00
-999	1528195998	3600		261.60		         0		-999.00
-999	1528199598	3600		261.87		         0		-999.00
-999	1528203198	3600		262.04		         0		-999.00
-999	1528206798	3600		262.22		         0		-999.00
-999	1528210398	3600		262.05		         0		-999.00
-999	1528213998	3600		262.05		         0		-999.00
-999	1528215170	1172		262.05		         0		-999.00
6761	1528216370	1200		270.06		 128079426		813.50
6761	1528219970	3600		269.70		 115902479		817.50
6761	1528223570	3600		269.59		 112185819		820.00
6761	1528227170	3600		269.31		 103083749		815.50
6761	1528230770	3600		269.07		  94889748		812.00
6761	1528234370	3600		268.68		  87816818		781.00
6761	1528237970	3600		268.47		  80509074		788.00
6761	1528241570	3600		268.29		  74780174		784.50
6761	1528245170	3600		268.12		  68957806		784.50
6761	1528248770	3600		267.99		  64793724		784.50
6761	1528252370	3600		267.91		  61948889		781.00
6761	1528253825	1455		267.58		  50999657		770.00
-999	1528255025	1200		262.05		         0		-999.00
-999	1528258625	3600		259.74		         0		-999.00
-999	1528262225	3600		259.74		         0		-999.00
-999	1528265825	3600		261.88		         0		-999.00
-999	1528269425	3600		261.64		         0		-999.00
-999	1528273025	3600		261.81		         0		-999.00
-999	1528273399	374		261.98		         0		-999.00
6762	1528274599	1200		269.99		 127789639		803.50
6762	1528278199	3600		269.72		 118933980		816.00
6762	1528281799	3600		269.56		 113540512		791.50
6762	1528285399	3600		269.21		 101949927		802.50
6762	1528288999	3600		269.01		  95171051		799.00
6762	1528292599	3600		268.78		  87401120		795.50
6762	1528296199	3600		268.56		  80320209		795.50
6762	1528299799	3600		268.43		  75878673		792.00
6762	1528301921	2122		268.33		  72579838		792.00
-999	1528303121	1200		261.81		         0		-999.00
-999	1528306721	3600		260.93		         0		-999.00
-999	1528310321	3600		266.18		         0		-999.00
-999	1528313921	3600		261.66		         0		-999.00
-999	1528317521	3600		261.84		         0		-999.00
-999	1528318263	742		262.01		         0		-999.00
6763	1528319463	1200		270.05		 129020506		814.00
6763	1528323063	3600		269.92		 118970914		827.00
6763	1528326663	3600		269.91		 118707132		821.50
6763	1528330263	3600		269.68		 111153909		821.50
6763	1528333863	3600		269.52		 105633520		818.00
6763	1528337463	3600		269.34		  99708528		816.50
6763	1528341063	3600		269.20		  95178192		813.00
6763	1528344663	3600		269.02		  89154867		809.50
6763	1528348263	3600		268.87		  84099381		809.50
6763	1528351863	3600		268.71		  78613604		806.00
6763	1528352082	219		268.50		  71731637		806.00
-999	1528353282	1200		262.01		         0		-999.00
-999	1528356882	3600		261.84		         0		-999.00
-999	1528360482	3600		261.84		         0		-999.00
-999	1528364082	3600		261.84		         0		-999.00
-999	1528367682	3600		261.66		         0		-999.00
-999	1528371282	3600		262.01		         0		-999.00
-999	1528374882	3600		262.01		         0		-999.00
-999	1528378482	3600		261.22		         0		-999.00
-999	1528382082	3600		261.32		         0		-999.00
-999	1528385682	3600		265.66		         0		-999.00
-999	1528389282	3600		266.20		         0		-999.00
-999	1528392882	3600		266.20		         0		-999.00
-999	1528396482	3600		266.20		         0		-999.00
-999	1528400082	3600		266.20		         0		-999.00
-999	1528403682	3600		266.20		         0		-999.00
-999	1528407282	3600		266.20		         0		-999.00
-999	1528410882	3600		266.20		         0		-999.00
-999	1528414482	3600		266.20		         0		-999.00
-999	1528418082	3600		266.20		         0		-999.00
-999	1528421682	3600		261.86		         0		-999.00
-999	1528425282	3600		262.03		         0		-999.00
-999	1528428882	3600		262.03		         0		-999.00
-999	1528432482	3600		262.03		         0		-999.00
-999	1528434403	1921		262.03		         0		-999.00
6768	1528435603	1200		270.33		 137634785		808.50
6768	1528439203	3600		269.84		 121226636		826.50
6768	1528441298	2095		269.84		 121333648		826.50
-999	1528442498	1200		266.20		         0		-999.00
-999	1528446098	3600		266.20		         0		-999.00
-999	1528449698	3600		266.20		         0		-999.00
-999	1528453298	3600		266.20		         0		-999.00
-999	1528456898	3600		266.20		         0		-999.00
-999	1528460498	3600		266.20		         0		-999.00
-999	1528464098	3600		266.20		         0		-999.00
-999	1528467698	3600		266.20		         0		-999.00
-999	1528471298	3600		266.20		         0		-999.00
-999	1528474898	3600		265.69		         0		-999.00
-999	1528478498	3600		265.62		         0		-999.00
-999	1528482098	3600		265.96		         0		-999.00
-999	1528483455	1357		265.96		         0		-999.00
6770	1528484655	1200		270.68		 140202314		819.00
6770	1528488255	3600		270.28		 127024402		824.00
6770	1528491855	3600		270.10		 121068771		820.00
6770	1528495455	3600		269.80		 110999286		823.50
6770	1528499055	3600		269.53		 101872886		816.50
6770	1528502655	3600		269.30		  94416814		816.50
6770	1528506255	3600		269.06		  86239364		813.00
6770	1528509855	3600		268.84		  78856539		806.00
6770	1528513455	3600		268.60		  71113279		806.00
6770	1528517055	3600		268.44		  65800522		802.50
6770	1528520655	3600		268.36		  62859319		802.50
6770	1528524255	3600		268.21		  57960182		799.00
6770	1528527855	3600		268.09		  54049819		799.00
6770	1528530522	2667		267.51		  46239241		791.00
-999	1528531722	1200		266.13		         0		-999.00
-999	1528535322	3600		266.13		         0		-999.00
-999	1528538922	3600		261.62		         0		-999.00
-999	1528542522	3600		261.61		         0		-999.00
-999	1528544802	2280		262.13		         0		-999.00
6772	1528546002	1200		270.17		 129148002		832.00
6772	1528549602	3600		270.04		 118997243		841.50
6772	1528553202	3600		269.88		 113632775		834.50
6772	1528556802	3600		269.57		 103368157		827.50
6772	1528560402	3600		269.35		  95935346		827.50
6772	1528564002	3600		268.79		  88933561		810.50
6772	1528567602	3600		268.62		  83081378		821.00
6772	1528571202	3600		268.41		  76028582		817.50
6772	1528574802	3600		268.21		  69490461		814.00
6772	1528578402	3600		268.03		  63412078		814.00
6772	1528582002	3600		267.95		  60844860		810.50
6772	1528585602	3600		267.87		  58063672		810.50
6772	1528589202	3600		267.73		  53601598		807.00
6772	1528592802	3600		267.59		  48810354		807.00
6772	1528596254	3452		267.40		  42564624		801.50
-999	1528597454	1200		262.13		         0		-999.00
-999	1528601054	3600		261.59		         0		-999.00
-999	1528604654	3600		262.10		         0		-999.00
-999	1528604817	163		262.10		         0		-999.00
6773	1528606017	1200		270.18		 124474483		840.50
6773	1528609617	3600		269.85		 113546847		846.00
6773	1528613217	3600		269.73		 109608201		841.50
6773	1528616817	3600		269.46		 100497908		838.00
6773	1528620417	3600		269.24		  93111596		836.50
6773	1528624017	3600		269.03		  86004504		831.00
6773	1528627617	3600		268.80		  78301181		827.50
6773	1528631217	3600		268.59		  71454390		824.00
6773	1528634817	3600		268.44		  66482668		824.00
6773	1528638417	3600		268.34		  63005635		824.00
6773	1528642017	3600		268.24		  59778379		820.50
6773	1528645617	3600		268.12		  55730860		817.00
6773	1528649217	3600		267.99		  51346500		817.00
6773	1528652363	3146		267.80		  45123144		815.00
-999	1528653563	1200		261.92		         0		-999.00
-999	1528657163	3600		261.06		         0		-999.00
-999	1528660536	3373		262.09		         0		-999.00
6774	1528661736	1200		270.41		 132502693		878.50
6774	1528665336	3600		270.11		 122515204		880.50
6774	1528668936	3600		269.94		 116623654		875.00
6774	1528672536	3600		269.67		 107850309		868.00
6774	1528676136	3600		269.40		  98727844		864.00
6774	1528679736	3600		269.20		  92155969		867.50
6774	1528683336	3600		268.97		  84606216		860.50
6774	1528686936	3600		268.74		  76857590		857.00
6774	1528690536	3600		268.58		  71510721		857.00
6774	1528694136	3600		268.09		  66441880		854.00
6774	1528697736	3600		267.96		  62231641		854.00
6774	1528701336	3600		268.07		  60149610		850.50
6774	1528704936	3600		267.98		  57122991		850.50
6774	1528708536	3600		267.82		  51729654		840.00
6774	1528711358	2822		267.60		  44587636		835.00
-999	1528712558	1200		261.92		         0		-999.00
-999	1528716158	3600		261.91		         0		-999.00
-999	1528719758	3600		261.94		         0		-999.00
-999	1528723358	3600		261.94		         0		-999.00
-999	1528726634	3276		261.94		         0		-999.00
6776	1528727834	1200		270.46		 133219372		862.00
6776	1528731434	3600		270.02		 118789569		862.00
6776	1528734189	2755		269.92		 115407582		858.50
-999	1528735389	1200		265.95		         0		-999.00
-999	1528738989	3600		265.95		         0		-999.00
-999	1528742589	3600		266.29		         0		-999.00
-999	1528746189	3600		266.29		         0		-999.00
-999	1528749789	3600		261.95		         0		-999.00
-999	1528753389	3600		261.85		         0		-999.00
-999	1528754376	987		262.02		         0		-999.00
6778	1528755576	1200		270.53		 139067478		875.50
6778	1528759176	3600		270.00		 121414295		863.00
6778	1528762776	3600		269.98		 120802323		867.00
6778	1528766376	3600		269.69		 111181810		863.50
6778	1528769691	3315		269.30		  98262656		844.50
-999	1528770891	1200		262.02		         0		-999.00
-999	1528774491	3600		256.20		         0		-999.00
-999	1528778091	3600		255.69		         0		-999.00
-999	1528781691	3600		255.69		         0		-999.00
-999	1528785291	3600		255.69		         0		-999.00
-999	1528788891	3600		255.69		         0		-999.00
-999	1528792491	3600		255.69		         0		-999.00
-999	1528796091	3600		255.69		         0		-999.00
-999	1528799691	3600		255.69		         0		-999.00
-999	1528803291	3600		255.69		         0		-999.00
-999	1528806891	3600		255.69		         0		-999.00
-999	1528810491	3600		255.69		         0		-999.00
-999	1528814091	3600		255.69		         0		-999.00
-999	1528817691	3600		255.86		         0		-999.00
-999	1528821291	3600		255.86		         0		-999.00
-999	1528824891	3600		255.86		         0		-999.00
-999	1528828491	3600		255.86		         0		-999.00
-999	1528832091	3600		255.86		         0		-999.00
-999	1528835691	3600		255.86		         0		-999.00
-999	1528839291	3600		255.86		         0		-999.00
-999	1528842891	3600		255.86		         0		-999.00
-999	1528846491	3600		255.86		         0		-999.00
-999	1528850091	3600		255.86		         0		-999.00
-999	1528853691	3600		255.86		         0		-999.00
-999	1528857291	3600		255.86		         0		-999.00
-999	1528860891	3600		255.86		         0		-999.00
-999	1528864491	3600		255.86		         0		-999.00
-999	1528868091	3600		255.86		         0		-999.00
-999	1528871691	3600		255.86		         0		-999.00
-999	1528875291	3600		255.86		         0		-999.00
-999	1528878891	3600		255.86		         0		-999.00
-999	1528882491	3600		255.86		         0		-999.00
-999	1528886091	3600		255.86		         0		-999.00
-999	1528889691	3600		255.86		         0		-999.00
-999	1528893291	3600		255.86		         0		-999.00
-999	1528896891	3600		255.86		         0		-999.00
-999	1528900491	3600		255.86		         0		-999.00
-999	1528904091	3600		255.86		         0		-999.00
-999	1528907691	3600		255.86		         0		-999.00
-999	1528911291	3600		255.86		         0		-999.00
-999	1528914891	3600		255.86		         0		-999.00
-999	1528918491	3600		255.86		         0		-999.00
-999	1528922091	3600		255.86		         0		-999.00
-999	1528925691	3600		255.86		         0		-999.00
-999	1528929291	3600		255.86		         0		-999.00
-999	1528932891	3600		255.86		         0		-999.00
-999	1528936491	3600		255.86		         0		-999.00
-999	1528940091	3600		255.86		         0		-999.00
-999	1528943691	3600		255.86		         0		-999.00
-999	1528947291	3600		255.86		         0		-999.00
-999	1528950891	3600		255.86		         0		-999.00
-999	1528954491	3600		255.86		         0		-999.00
-999	1528958091	3600		255.86		         0		-999.00
-999	1528961691	3600		255.86		         0		-999.00
-999	1528965291	3600		255.86		         0		-999.00
-999	1528968891	3600		255.86		         0		-999.00
-999	1528972491	3600		255.86		         0		-999.00
-999	1528976091	3600		255.86		         0		-999.00
-999	1528979691	3600		255.86		         0		-999.00
-999	1528983291	3600		255.86		         0		-999.00
-999	1528986891	3600		255.86		         0		-999.00
-999	1528990491	3600		255.86		         0		-999.00
-999	1528994091	3600		255.86		         0		-999.00
-999	1528997691	3600		255.86		         0		-999.00
-999	1529001291	3600		255.86		         0		-999.00
-999	1529004891	3600		255.86		         0		-999.00
-999	1529008491	3600		255.86		         0		-999.00
-999	1529012091	3600		255.86		         0		-999.00
-999	1529015691	3600		255.86		         0		-999.00
-999	1529019291	3600		255.86		         0		-999.00
-999	1529022891	3600		255.86		         0		-999.00
-999	1529026491	3600		255.86		         0		-999.00
-999	1529030091	3600		255.86		         0		-999.00
-999	1529033691	3600		255.86		         0		-999.00
-999	1529037291	3600		255.86		         0		-999.00
-999	1529040891	3600		255.86		         0		-999.00
-999	1529044491	3600		255.86		         0		-999.00
-999	1529048091	3600		255.86		         0		-999.00
-999	1529051691	3600		255.86		         0		-999.00
-999	1529055291	3600		255.86		         0		-999.00
-999	1529058891	3600		255.86		         0		-999.00
-999	1529062491	3600		255.86		         0		-999.00
-999	1529066091	3600		255.86		         0		-999.00
-999	1529069691	3600		255.86		         0		-999.00
-999	1529073291	3600		255.86		         0		-999.00
-999	1529076891	3600		255.86		         0		-999.00
-999	1529080491	3600		255.86		         0		-999.00
-999	1529084091	3600		255.86		         0		-999.00
-999	1529087691	3600		255.86		         0		-999.00
-999	1529091291	3600		255.86		         0		-999.00
-999	1529094891	3600		255.86		         0		-999.00
-999	1529098491	3600		255.86		         0		-999.00
-999	1529102091	3600		255.86		         0		-999.00
-999	1529105691	3600		255.86		         0		-999.00
-999	1529109291	3600		255.86		         0		-999.00
-999	1529112891	3600		255.86		         0		-999.00
-999	1529116491	3600		255.86		         0		-999.00
-999	1529120091	3600		255.86		         0		-999.00
-999	1529123691	3600		255.86		         0		-999.00
-999	1529127291	3600		255.86		         0		-999.00
-999	1529130891	3600		255.86		         0		-999.00
-999	1529134491	3600		255.86		         0		-999.00
-999	1529138091	3600		255.86		         0		-999.00
-999	1529141691	3600		255.86		         0		-999.00
-999	1529145291	3600		255.86		         0		-999.00
-999	1529148891	3600		255.86		         0		-999.00
-999	1529152491	3600		255.86		         0		-999.00
-999	1529156091	3600		255.86		         0		-999.00
-999	1529159691	3600		255.86		         0		-999.00
-999	1529163291	3600		255.86		         0		-999.00
-999	1529166891	3600		255.86		         0		-999.00
-999	1529170491	3600		255.86		         0		-999.00
-999	1529174091	3600		255.86		         0		-999.00
-999	1529177691	3600		255.86		         0		-999.00
-999	1529181291	3600		255.86		         0		-999.00
-999	1529184891	3600		255.86		         0		-999.00
-999	1529188491	3600		255.86		         0		-999.00
-999	1529192091	3600		255.86		         0		-999.00
-999	1529195691	3600		255.86		         0		-999.00
-999	1529199291	3600		255.86		         0		-999.00
-999	1529202891	3600		255.86		         0		-999.00
-999	1529206491	3600		255.86		         0		-999.00
-999	1529210091	3600		255.86		         0		-999.00
-999	1529213691	3600		255.86		         0		-999.00
-999	1529217291	3600		255.86		         0		-999.00
-999	1529220891	3600		255.86		         0		-999.00
-999	1529224491	3600		255.86		         0		-999.00
-999	1529228091	3600		255.86		         0		-999.00
-999	1529231691	3600		255.86		         0		-999.00
-999	1529235291	3600		255.86		         0		-999.00
-999	1529238891	3600		255.86		         0		-999.00
-999	1529242491	3600		255.86		         0		-999.00
-999	1529246091	3600		255.86		         0		-999.00
-999	1529249691	3600		255.86		         0		-999.00
-999	1529253291	3600		255.86		         0		-999.00
-999	1529256891	3600		255.86		         0		-999.00
-999	1529260491	3600		255.86		         0		-999.00
-999	1529264091	3600		255.86		         0		-999.00
-999	1529267691	3600		255.86		         0		-999.00
-999	1529271291	3600		255.86		         0		-999.00
-999	1529274891	3600		255.86		         0		-999.00
-999	1529278491	3600		255.86		         0		-999.00
-999	1529282091	3600		255.86		         0		-999.00
-999	1529285691	3600		255.86		         0		-999.00
-999	1529289291	3600		255.86		         0		-999.00
-999	1529292891	3600		255.86		         0		-999.00
-999	1529296491	3600		255.86		         0		-999.00
-999	1529300091	3600		255.86		         0		-999.00
-999	1529303691	3600		256.03		         0		-999.00
-999	1529307291	3600		256.03		         0		-999.00
-999	1529310891	3600		260.03		         0		-999.00
-999	1529314491	3600		256.20		         0		-999.00
-999	1529318091	3600		256.20		         0		-999.00
-999	1529321691	3600		256.20		         0		-999.00
-999	1529325291	3600		256.20		         0		-999.00
-999	1529328891	3600		256.37		         0		-999.00
-999	1529332491	3600		256.37		         0		-999.00
-999	1529336091	3600		256.71		         0		-999.00
-999	1529339691	3600		266.02		         0		-999.00
-999	1529343291	3600		266.02		         0		-999.00
-999	1529346891	3600		266.02		         0		-999.00
-999	1529350491	3600		259.84		         0		-999.00
-999	1529354091	3600		259.67		         0		-999.00
-999	1529357691	3600		259.67		         0		-999.00
-999	1529361291	3600		259.84		         0		-999.00
-999	1529364891	3600		259.84		         0		-999.00
-999	1529368491	3600		259.84		         0		-999.00
-999	1529372091	3600		259.84		         0		-999.00
-999	1529375691	3600		259.84		         0		-999.00
-999	1529379291	3600		260.01		         0		-999.00
-999	1529382891	3600		266.49		         0		-999.00
-999	1529386491	3600		266.66		         0		-999.00
-999	1529390091	3600		266.07		         0		-999.00
-999	1529393691	3600		266.07		         0		-999.00
-999	1529397291	3600		266.07		         0		-999.00
-999	1529400891	3600		266.07		         0		-999.00
-999	1529404491	3600		266.07		         0		-999.00
-999	1529408091	3600		266.07		         0		-999.00
-999	1529411691	3600		266.07		         0		-999.00
-999	1529415291	3600		266.07		         0		-999.00
-999	1529418891	3600		266.07		         0		-999.00
-999	1529422491	3600		266.07		         0		-999.00
-999	1529426091	3600		266.07		         0		-999.00
-999	1529429691	3600		266.07		         0		-999.00
-999	1529433291	3600		266.07		         0		-999.00
-999	1529436891	3600		266.07		         0		-999.00
-999	1529440491	3600		266.07		         0		-999.00
-999	1529444091	3600		266.07		         0		-999.00
-999	1529447691	3600		266.07		         0		-999.00
-999	1529451291	3600		266.07		         0		-999.00
-999	1529454891	3600		266.07		         0		-999.00
-999	1529458491	3600		266.07		         0		-999.00
-999	1529462091	3600		266.07		         0		-999.00
-999	1529465691	3600		266.07		         0		-999.00
-999	1529469291	3600		266.07		         0		-999.00
-999	1529472891	3600		266.07		         0		-999.00
-999	1529476491	3600		266.07		         0		-999.00
-999	1529480091	3600		266.07		         0		-999.00
-999	1529483691	3600		266.07		         0		-999.00
-999	1529487291	3600		266.24		         0		-999.00
-999	1529490891	3600		266.07		         0		-999.00
-999	1529494491	3600		261.90		         0		-999.00
-999	1529498091	3600		261.90		         0		-999.00
-999	1529501691	3600		257.76		         0		-999.00
-999	1529505291	3600		257.76		         0		-999.00
-999	1529508891	3600		257.76		         0		-999.00
-999	1529512491	3600		257.76		         0		-999.00
-999	1529516091	3600		257.76		         0		-999.00
-999	1529519691	3600		266.18		         0		-999.00
-999	1529523291	3600		266.18		         0		-999.00
-999	1529526891	3600		266.18		         0		-999.00
-999	1529530491	3600		266.18		         0		-999.00
-999	1529534091	3600		266.18		         0		-999.00
-999	1529537691	3600		266.18		         0		-999.00
-999	1529541291	3600		266.18		         0		-999.00
-999	1529544891	3600		266.18		         0		-999.00
-999	1529548491	3600		266.18		         0		-999.00
-999	1529552091	3600		266.18		         0		-999.00
-999	1529555691	3600		262.06		         0		-999.00
-999	1529559291	3600		262.06		         0		-999.00
-999	1529562891	3600		257.71		         0		-999.00
-999	1529566491	3600		257.71		         0		-999.00
-999	1529570091	3600		256.46		         0		-999.00
-999	1529573691	3600		256.12		         0		-999.00
-999	1529577291	3600		255.95		         0		-999.00
-999	1529580891	3600		255.95		         0		-999.00
-999	1529584491	3600		256.46		         0		-999.00
-999	1529588091	3600		265.98		         0		-999.00
-999	1529591691	3600		265.98		         0		-999.00
-999	1529595291	3600		265.98		         0		-999.00
-999	1529598891	3600		266.28		         0		-999.00
-999	1529602491	3600		262.28		         0		-999.00
-999	1529606091	3600		261.94		         0		-999.00
-999	1529609691	3600		261.94		         0		-999.00
-999	1529613291	3600		261.94		         0		-999.00
-999	1529616891	3600		261.77		         0		-999.00
-999	1529620491	3600		261.94		         0		-999.00
-999	1529624091	3600		266.11		         0		-999.00
-999	1529627691	3600		266.11		         0		-999.00
-999	1529631291	3600		266.11		         0		-999.00
-999	1529634891	3600		266.11		         0		-999.00
-999	1529638491	3600		261.77		         0		-999.00
-999	1529642091	3600		261.94		         0		-999.00
-999	1529645691	3600		266.11		         0		-999.00
-999	1529649291	3600		266.11		         0		-999.00
-999	1529652891	3600		261.94		         0		-999.00
-999	1529656491	3600		261.94		         0		-999.00
-999	1529660091	3600		261.77		         0		-999.00
-999	1529663691	3600		261.94		         0		-999.00
-999	1529667291	3600		261.77		         0		-999.00
-999	1529670891	3600		261.94		         0		-999.00
-999	1529674491	3600		261.94		         0		-999.00
-999	1529678091	3600		261.94		         0		-999.00
-999	1529681691	3600		261.94		         0		-999.00
-999	1529685291	3600		261.94		         0		-999.00
-999	1529688891	3600		261.94		         0		-999.00
-999	1529692491	3600		261.94		         0		-999.00
-999	1529696091	3600		262.11		         0		-999.00
-999	1529699691	3600		261.94		         0		-999.00
-999	1529703291	3600		261.94		         0		-999.00
-999	1529706891	3600		261.94		         0		-999.00
-999	1529710491	3600		266.11		         0		-999.00
-999	1529714091	3600		266.11		         0		-999.00
-999	1529717691	3600		266.11		         0		-999.00
-999	1529721291	3600		261.94		         0		-999.00
-999	1529724891	3600		261.94		         0		-999.00
-999	1529728491	3600		261.94		         0		-999.00
-999	1529732091	3600		261.94		         0		-999.00
-999	1529735691	3600		261.94		         0		-999.00
-999	1529739291	3600		261.94		         0		-999.00
-999	1529742891	3600		261.94		         0		-999.00
-999	1529746491	3600		261.94		         0		-999.00
-999	1529750091	3600		261.76		         0		-999.00
-999	1529753691	3600		261.93		         0		-999.00
-999	1529757291	3600		262.10		         0		-999.00
-999	1529760891	3600		262.10		         0		-999.00
-999	1529764491	3600		265.93		         0		-999.00
-999	1529768091	3600		261.93		         0		-999.00
-999	1529771691	3600		262.27		         0		-999.00
-999	1529775291	3600		262.27		         0		-999.00
-999	1529778891	3600		261.76		         0		-999.00
-999	1529782491	3600		261.93		         0		-999.00
-999	1529786091	3600		261.93		         0		-999.00
-999	1529789691	3600		261.93		         0		-999.00
-999	1529793291	3600		266.10		         0		-999.00
-999	1529796891	3600		266.10		         0		-999.00
-999	1529800491	3600		261.93		         0		-999.00
-999	1529804091	3600		261.93		         0		-999.00
-999	1529807691	3600		262.27		         0		-999.00
-999	1529811291	3600		262.27		         0		-999.00
-999	1529814891	3600		261.93		         0		-999.00
-999	1529818491	3600		261.76		         0		-999.00
-999	1529822091	3600		261.76		         0		-999.00
-999	1529825691	3600		261.93		         0		-999.00
-999	1529829291	3600		261.93		         0		-999.00
-999	1529832891	3600		261.93		         0		-999.00
-999	1529836491	3600		261.93		         0		-999.00
-999	1529840091	3600		266.10		         0		-999.00
-999	1529843691	3600		266.10		         0		-999.00
-999	1529847291	3600		266.10		         0		-999.00
-999	1529850891	3600		266.10		         0		-999.00
-999	1529854491	3600		266.10		         0		-999.00
-999	1529858091	3600		266.10		         0		-999.00
-999	1529861691	3600		262.10		         0		-999.00
-999	1529865291	3600		261.93		         0		-999.00
-999	1529868891	3600		261.93		         0		-999.00
-999	1529872491	3600		261.93		         0		-999.00
-999	1529876091	3600		261.93		         0		-999.00
-999	1529879691	3600		262.10		         0		-999.00
-999	1529883291	3600		261.93		         0		-999.00
-999	1529886891	3600		261.93		         0		-999.00
-999	1529890491	3600		261.93		         0		-999.00
-999	1529894091	3600		261.93		         0		-999.00
-999	1529897691	3600		261.76		         0		-999.00
-999	1529901291	3600		261.93		         0		-999.00
-999	1529904891	3600		261.93		         0		-999.00
-999	1529908491	3600		262.10		         0		-999.00
-999	1529912091	3600		261.93		         0		-999.00
-999	1529915691	3600		261.93		         0		-999.00
-999	1529919291	3600		261.93		         0		-999.00
-999	1529922891	3600		261.76		         0		-999.00
-999	1529926491	3600		261.93		         0		-999.00
-999	1529930091	3600		261.93		         0		-999.00
-999	1529933691	3600		261.93		         0		-999.00
-999	1529937291	3600		261.93		         0		-999.00
-999	1529940891	3600		261.93		         0		-999.00
-999	1529944491	3600		261.93		         0		-999.00
-999	1529947542	3051		261.93		         0		-999.00
6843	1529948742	1200		266.10		    111523		781.50
6843	1529952342	3600		266.10		    119233		788.50
6843	1529952918	576		262.10		    126600		 14.00
-999	1529954118	1200		261.93		         0		-999.00
-999	1529957718	3600		261.93		         0		-999.00
-999	1529961318	3600		261.93		         0		-999.00
-999	1529964918	3600		261.76		         0		-999.00
-999	1529968518	3600		261.93		         0		-999.00
-999	1529972118	3600		265.93		         0		-999.00
-999	1529975718	3600		265.93		         0		-999.00
-999	1529979318	3600		262.10		         0		-999.00
-999	1529982918	3600		261.92		         0		-999.00
-999	1529986518	3600		261.92		         0		-999.00
-999	1529988949	2431		261.92		         0		-999.00
6847	1529990149	1200		266.20		   9230509		788.50
6847	1529993749	3600		266.18		   8578874		785.00
6847	1529997349	3600		266.16		   8053233		793.00
6847	1530000949	3600		266.15		   7571622		793.00
6847	1530004549	3600		266.44		   5628500		833.50
6847	1530006799	2250		266.20		   3394931		769.50
-999	1530007999	1200		261.93		         0		-999.00
-999	1530011599	3600		261.39		         0		-999.00
-999	1530015199	3600		261.90		         0		-999.00
-999	1530018799	3600		261.90		         0		-999.00
-999	1530022399	3600		261.90		         0		-999.00
-999	1530025999	3600		261.90		         0		-999.00
-999	1530029599	3600		261.90		         0		-999.00
-999	1530033199	3600		261.90		         0		-999.00
-999	1530033217	18		261.90		         0		-999.00
6850	1530034417	1200		266.27		  12593630		773.50
6850	1530038017	3600		266.50		  20091454		807.00
6850	1530041617	3600		266.80		  30191357		807.00
6850	1530045217	3600		266.77		  29210665		800.00
6850	1530047066	1849		266.75		  28338078		808.50
-999	1530048266	1200		266.24		         0		-999.00
-999	1530051866	3600		261.90		         0		-999.00
-999	1530055466	3600		266.24		         0		-999.00
-999	1530059066	3600		261.89		         0		-999.00
-999	1530062666	3600		266.23		         0		-999.00
-999	1530066266	3600		266.23		         0		-999.00
-999	1530069866	3600		266.23		         0		-999.00
-999	1530073466	3600		266.23		         0		-999.00
-999	1530077066	3600		266.23		         0		-999.00
-999	1530080666	3600		266.23		         0		-999.00
-999	1530084266	3600		266.23		         0		-999.00
-999	1530087866	3600		266.23		         0		-999.00
-999	1530091466	3600		266.23		         0		-999.00
-999	1530095066	3600		266.23		         0		-999.00
-999	1530098666	3600		266.23		         0		-999.00
-999	1530102266	3600		261.88		         0		-999.00
-999	1530105866	3600		261.86		         0		-999.00
-999	1530109466	3600		261.86		         0		-999.00
-999	1530113066	3600		261.86		         0		-999.00
-999	1530116666	3600		261.86		         0		-999.00
-999	1530120266	3600		261.86		         0		-999.00
-999	1530123866	3600		261.69		         0		-999.00
-999	1530125808	1942		261.86		         0		-999.00
6854	1530127008	1200		268.08		  62455785		826.00
6854	1530130608	3600		267.98		  58999566		820.00
6854	1530134208	3600		267.21		  33331817		819.50
6854	1530137677	3469		267.74		  50960679		812.00
-999	1530138877	1200		266.21		         0		-999.00
-999	1530142477	3600		261.69		         0		-999.00
-999	1530146077	3600		261.87		         0		-999.00
-999	1530149677	3600		261.87		         0		-999.00
-999	1530153277	3600		261.87		         0		-999.00
-999	1530156877	3600		261.87		         0		-999.00
-999	1530160158	3281		261.87		         0		-999.00
6858	1530161358	1200		267.99		  59215085		833.50
6858	1530161874	516		268.18		  65580772		833.50
-999	1530163074	1200		266.21		         0		-999.00
-999	1530166674	3600		266.21		         0		-999.00
-999	1530170274	3600		266.21		         0		-999.00
-999	1530173874	3600		266.21		         0		-999.00
-999	1530177474	3600		261.52		         0		-999.00
-999	1530181074	3600		261.86		         0		-999.00
-999	1530184674	3600		261.86		         0		-999.00
-999	1530188274	3600		261.86		         0		-999.00
-999	1530191874	3600		261.86		         0		-999.00
-999	1530193780	1906		261.86		         0		-999.00
6860	1530194980	1200		269.40		 106552068		846.50
6860	1530198580	3600		269.55		 111503616		853.00
6860	1530202180	3600		269.36		 105256035		858.50
6860	1530205780	3600		269.25		 101411451		855.00
6860	1530209380	3600		269.12		  97334099		854.00
6860	1530212980	3600		268.99		  92939309		854.00
6860	1530216580	3600		268.83		  87685596		850.50
6860	1530220180	3600		268.73		  84310298		850.50
6860	1530223780	3600		268.58		  79275104		850.50
6860	1530226251	2471		268.37		  72138244		843.00
-999	1530227451	1200		262.20		         0		-999.00
-999	1530231051	3600		261.69		         0		-999.00
-999	1530234651	3600		261.85		         0		-999.00
-999	1530238251	3600		261.85		         0		-999.00
-999	1530241851	3600		261.85		         0		-999.00
-999	1530245451	3600		261.85		         0		-999.00
-999	1530249051	3600		261.85		         0		-999.00
-999	1530252651	3600		261.85		         0		-999.00
-999	1530256251	3600		261.85		         0		-999.00
-999	1530259851	3600		261.85		         0		-999.00
-999	1530263451	3600		261.85		         0		-999.00
-999	1530267051	3600		261.85		         0		-999.00
-999	1530270651	3600		261.85		         0		-999.00
-999	1530274251	3600		261.85		         0		-999.00
-999	1530277851	3600		261.85		         0		-999.00
-999	1530281451	3600		261.85		         0		-999.00
-999	1530284852	3401		262.19		         0		-999.00
6864	1530286052	1200		266.19		     34554		795.50
6864	1530289652	3600		265.85		     35058		815.50
6864	1530293252	3600		266.02		     34792		803.00
6864	1530296852	3600		266.02		     34309		813.50
6864	1530300452	3600		266.02		     34404		813.50
6864	1530304052	3600		266.02		     34102		813.50
6864	1530307652	3600		266.02		     34261		813.50
6864	1530311252	3600		266.02		     34157		813.50
6864	1530314852	3600		266.02		     34294		813.50
6864	1530318452	3600		266.02		     34145		813.50
6864	1530320411	1959		266.02		     34121		813.50
-999	1530321611	1200		261.85		         0		-999.00
-999	1530325211	3600		261.85		         0		-999.00
-999	1530328811	3600		261.85		         0		-999.00
-999	1530332411	3600		261.85		         0		-999.00
-999	1530336011	3600		261.68		         0		-999.00
-999	1530339611	3600		261.85		         0		-999.00
-999	1530343211	3600		261.85		         0		-999.00
-999	1530345165	1954		261.85		         0		-999.00
6868	1530346365	1200		265.85		     45135		793.00
6868	1530349965	3600		266.19		     55225		797.50
6868	1530353565	3600		266.19		     33322		804.50
6868	1530357165	3600		266.19		     18247		816.00
6868	1530360765	3600		266.19		     28145		808.00
6868	1530364365	3600		255.83		     46030		  0.00
6868	1530367965	3600		255.83		     59039		 11.50
6868	1530371565	3600		265.69		     58436		769.00
6868	1530375165	3600		265.69		     59278		735.00
6868	1530378765	3600		255.93		     59427		  0.00
6868	1530382365	3600		255.59		     58181		  0.00
6868	1530385965	3600		255.59		     58295		 21.00
6868	1530389565	3600		265.85		     59254		791.00
6868	1530393165	3600		266.37		     27757		830.50
6868	1530396765	3600		266.19		     30265		826.00
6868	1530400365	3600		266.19		     14159		846.50
6868	1530403965	3600		266.19		     26105		830.00
6868	1530407565	3600		266.19		     31681		804.00
6868	1530411165	3600		266.19		     41889		814.00
6868	1530414765	3600		266.19		     49540		806.00
6868	1530418365	3600		266.19		     38745		819.00
6868	1530421965	3600		266.19		     27381		826.00
6868	1530423984	2019		266.19		     53421		788.50
-999	1530425184	1200		261.67		         0		-999.00
-999	1530428784	3600		261.84		         0		-999.00
-999	1530432384	3600		261.84		         0		-999.00
-999	1530435984	3600		261.67		         0		-999.00
-999	1530439584	3600		262.01		         0		-999.00
-999	1530443184	3600		261.67		         0		-999.00
-999	1530446784	3600		262.01		         0		-999.00
-999	1530450384	3600		262.01		         0		-999.00
-999	1530453984	3600		262.01		         0		-999.00
-999	1530457584	3600		262.01		         0		-999.00
-999	1530461184	3600		262.01		         0		-999.00
-999	1530464784	3600		261.66		         0		-999.00
-999	1530468384	3600		261.67		         0		-999.00
-999	1530471984	3600		262.01		         0		-999.00
-999	1530475584	3600		261.84		         0		-999.00
-999	1530479184	3600		262.01		         0		-999.00
-999	1530480394	1210		262.01		         0		-999.00
-999	1530482621	1200		266.18		         0		-999.00
-999	1530486221	3600		262.18		         0		-999.00
-999	1530489821	3600		262.18		         0		-999.00
-999	1530493421	3600		262.01		         0		-999.00
-999	1530497021	3600		261.84		         0		-999.00
-999	1530500621	3600		262.01		         0		-999.00
-999	1530504221	3600		261.32		         0		-999.00
-999	1530507821	3600		261.66		         0		-999.00
-999	1530511421	3600		262.18		         0		-999.00
-999	1530511830	409		262.18		         0		-999.00
6877	1530513030	1200		265.84		     27504		763.00
6877	1530516630	3600		266.19		     22939		830.00
6877	1530520230	3600		266.19		     23504		824.00
6877	1530520583	353		266.19		     19917		824.00
-999	1530521783	1200		261.68		         0		-999.00
-999	1530525383	3600		261.85		         0		-999.00
-999	1530528983	3600		261.85		         0		-999.00
-999	1530532583	3600		262.02		         0		-999.00
-999	1530535650	3067		262.02		         0		-999.00
6879	1530536850	1200		266.19		     49894		789.50
6879	1530540450	3600		266.02		     69285		785.50
6879	1530544050	3600		266.02		     63374		796.00
6879	1530545455	1405		262.19		     61421		 26.50
-999	1530546655	1200		261.68		         0		-999.00
-999	1530550255	3600		261.85		         0		-999.00
-999	1530553855	3600		265.85		         0		-999.00
-999	1530557455	3600		266.19		         0		-999.00
-999	1530561055	3600		266.19		         0		-999.00
-999	1530564655	3600		261.68		         0		-999.00
-999	1530568255	3600		262.02		         0		-999.00
-999	1530571855	3600		262.02		         0		-999.00
-999	1530575455	3600		261.85		         0		-999.00
-999	1530579055	3600		261.68		         0		-999.00
-999	1530582655	3600		262.02		         0		-999.00
-999	1530586255	3600		262.02		         0		-999.00
-999	1530587294	1039		262.02		         0		-999.00
6881	1530588494	1200		266.19		    119490		790.00
6881	1530592094	3600		266.19		    157441		793.50
6881	1530595694	3600		266.19		    143476		793.50
6881	1530599294	3600		266.19		    135217		789.00
6881	1530602894	3600		266.19		    123347		792.50
6881	1530606494	3600		266.19		    117978		792.50
6881	1530610094	3600		266.19		    111366		792.50
6881	1530610131	37		266.19		    126435		792.50
-999	1530611331	1200		266.19		         0		-999.00
-999	1530614931	3600		261.66		         0		-999.00
-999	1530618531	3600		261.66		         0		-999.00
-999	1530622131	3600		262.00		         0		-999.00
-999	1530625731	3600		262.00		         0		-999.00
-999	1530626054	323		262.00		         0		-999.00
6882	1530627254	1200		266.17		    113212		791.50
6882	1530630854	3600		266.00		    150739		793.00
6882	1530634454	3600		266.00		    138221		793.50
6882	1530638054	3600		266.00		    128673		793.50
6882	1530641654	3600		266.00		    123239		786.50
6882	1530645254	3600		266.00		    116073		793.50
6882	1530648854	3600		266.00		    111580		793.50
6882	1530652454	3600		266.00		    106204		793.50
6882	1530656054	3600		266.00		    103236		790.00
6882	1530659654	3600		266.00		     99943		790.00
6882	1530663254	3600		266.00		     96340		790.00
6882	1530666854	3600		266.00		     94294		790.00
6882	1530670454	3600		266.00		     91592		790.00
6882	1530674054	3600		266.00		     90195		790.00
6882	1530677654	3600		266.00		     87697		791.50
6882	1530680056	2402		266.17		     74617		793.50
-999	1530681256	1200		261.66		         0		-999.00
-999	1530684856	3600		261.66		         0		-999.00
-999	1530688456	3600		261.83		         0		-999.00
-999	1530692056	3600		262.00		         0		-999.00
-999	1530692443	387		262.00		         0		-999.00
6884	1530693643	1200		266.17		     73608		794.50
6884	1530697243	3600		266.17		     99661		791.00
6884	1530700498	3255		266.17		     94889		791.00
-999	1530701698	1200		261.66		         0		-999.00
-999	1530705298	3600		262.00		         0		-999.00
-999	1530708898	3600		262.00		         0		-999.00
-999	1530712498	3600		262.00		         0		-999.00
-999	1530716098	3600		261.83		         0		-999.00
-999	1530719698	3600		262.00		         0		-999.00
-999	1530723298	3600		262.00		         0		-999.00
-999	1530726898	3600		262.00		         0		-999.00
-999	1530728000	1102		262.00		         0		-999.00
6885	1530729200	1200		266.18		    182315		794.50
6885	1530732800	3600		266.18		    181083		784.00
6885	1530735623	2823		266.18		    186123		791.00
-999	1530736823	1200		266.17		         0		-999.00
-999	1530740423	3600		266.17		         0		-999.00
-999	1530744023	3600		266.17		         0		-999.00
-999	1530747623	3600		266.17		         0		-999.00
-999	1530751223	3600		266.17		         0		-999.00
-999	1530754823	3600		262.17		         0		-999.00
-999	1530758423	3600		261.84		         0		-999.00
-999	1530762023	3600		262.01		         0		-999.00
-999	1530765623	3600		266.18		         0		-999.00
-999	1530769223	3600		266.18		         0		-999.00
-999	1530772823	3600		266.18		         0		-999.00
-999	1530776423	3600		261.67		         0		-999.00
-999	1530780023	3600		262.01		         0		-999.00
-999	1530783623	3600		262.01		         0		-999.00
-999	1530785343	1720		262.01		         0		-999.00
6890	1530786543	1200		266.19		    204376		791.00
6890	1530790143	3600		266.02		    253482		790.50
6890	1530793743	3600		266.02		    245400		786.50
6890	1530797343	3600		266.02		    237823		790.00
6890	1530800943	3600		266.02		    234446		786.50
6890	1530804543	3600		266.02		    228897		790.00
6890	1530808143	3600		266.02		    225729		790.00
6890	1530811743	3600		266.02		    232287		790.00
6890	1530815343	3600		266.02		    222288		785.00
6890	1530818943	3600		266.02		    220586		785.00
6890	1530822543	3600		266.02		    219044		784.50
6890	1530826143	3600		266.02		    216209		788.00
6890	1530829743	3600		266.02		    216409		788.00
6890	1530833343	3600		265.68		    215365		730.50
6890	1530836943	3600		266.02		    214506		789.00
6890	1530840543	3600		266.02		    212357		789.00
6890	1530844143	3600		266.02		    213057		780.50
6890	1530847743	3600		266.02		    211061		787.50
6890	1530851343	3600		266.02		    211810		790.50
6890	1530854943	3600		266.02		    211082		787.00
6890	1530858543	3600		266.02		    209080		787.00
6890	1530862143	3600		266.02		    209789		790.50
6890	1530865743	3600		266.02		    207775		750.50
6890	1530867678	1935		265.68		    213371		786.00
-999	1530868878	1200		261.67		         0		-999.00
-999	1530872478	3600		261.84		         0		-999.00
-999	1530876078	3600		261.67		         0		-999.00
-999	1530879678	3600		262.01		         0		-999.00
-999	1530879802	124		262.01		         0		-999.00
6891	1530881002	1200		266.02		    305020		790.00
6891	1530884602	3600		266.02		    426194		786.50
6891	1530888202	3600		266.02		    235254		786.50
6891	1530891802	3600		266.02		    220166		790.00
6891	1530895402	3600		266.02		    212829		786.50
6891	1530899002	3600		266.02		    208237		786.50
6891	1530902602	3600		266.02		    203646		786.50
6891	1530906202	3600		266.02		    198208		786.50
6891	1530906619	417		266.02		    195311		786.50
-999	1530907819	1200		266.18		         0		-999.00
-999	1530911419	3600		261.99		         0		-999.00
-999	1530915019	3600		261.99		         0		-999.00
-999	1530916923	1904		261.99		         0		-999.00
6892	1530918123	1200		266.17		    257214		789.50
6892	1530921723	3600		266.17		    247417		789.50
6892	1530925323	3600		266.17		    261395		789.50
6892	1530928923	3600		266.17		    272512		786.00
6892	1530932523	3600		266.17		    261443		786.00
6892	1530936123	3600		266.17		    254763		786.00
6892	1530939723	3600		266.17		    248084		786.00
6892	1530943323	3600		266.17		    238631		786.00
6892	1530946923	3600		266.17		    231334		786.00
6892	1530950523	3600		266.17		    225969		786.00
6892	1530954123	3600		266.17		    223579		786.00
6892	1530957723	3600		262.16		    216230		 26.50
6892	1530957741	18		262.16		    229518		 26.50
-999	1530958941	1200		261.82		         0		-999.00
-999	1530962541	3600		261.82		         0		-999.00
-999	1530966141	3600		261.99		         0		-999.00
-999	1530969741	3600		261.99		         0		-999.00
-999	1530973341	3600		261.99		         0		-999.00
-999	1530976941	3600		261.99		         0		-999.00
-999	1530980541	3600		266.16		         0		-999.00
-999	1530984141	3600		266.16		         0		-999.00
-999	1530987741	3600		266.16		         0		-999.00
-999	1530991341	3600		266.16		         0		-999.00
-999	1530994941	3600		261.99		         0		-999.00
-999	1530998541	3600		261.99		         0		-999.00
-999	1531002141	3600		261.99		         0		-999.00
-999	1531005741	3600		261.99		         0		-999.00
-999	1531008288	2547		261.99		         0		-999.00
6901	1531009488	1200		267.66		  49873419		804.00
6901	1531013088	3600		267.67		  50150459		815.00
6901	1531016688	3600		267.57		  46753449		814.50
6901	1531020288	3600		267.47		  43552917		814.50
6901	1531023888	3600		267.37		  40065138		811.00
6901	1531027488	3600		267.28		  37155638		811.00
6901	1531031088	3600		267.20		  34636010		811.00
6901	1531034688	3600		267.13		  32269471		811.00
6901	1531038288	3600		267.09		  30834263		811.00
6901	1531041888	3600		267.03		  28737271		811.00
6901	1531045488	3600		266.98		  27248972		807.50
6901	1531049088	3600		266.93		  25599707		807.50
6901	1531052688	3600		266.92		  25171196		807.50
6901	1531056288	3600		266.91		  24738104		807.50
6901	1531059613	3325		266.86		  23211547		802.50
-999	1531060813	1200		262.16		         0		-999.00
-999	1531064413	3600		261.99		         0		-999.00
-999	1531068013	3600		261.93		         0		-999.00
-999	1531071613	3600		261.76		         0		-999.00
-999	1531072329	716		262.11		         0		-999.00
6904	1531073529	1200		270.19		 130348422		861.50
6904	1531077129	3600		269.73		 115246543		851.50
6904	1531080729	3600		269.79		 117149533		860.50
6904	1531084329	3600		269.50		 107390423		857.00
6904	1531087929	3600		269.23		  98309380		849.00
6904	1531091529	3600		269.01		  90961164		851.00
6904	1531092073	544		269.01		  91053250		851.00
-999	1531093273	1200		266.28		         0		-999.00
-999	1531096873	3600		266.28		         0		-999.00
-999	1531100473	3600		266.28		         0		-999.00
-999	1531104073	3600		266.28		         0		-999.00
-999	1531107673	3600		266.28		         0		-999.00
-999	1531111273	3600		264.33		         0		-999.00
-999	1531114873	3600		265.90		         0		-999.00
-999	1531118473	3600		265.90		         0		-999.00
-999	1531122073	3600		265.90		         0		-999.00
-999	1531125673	3600		265.90		         0		-999.00
-999	1531129273	3600		265.90		         0		-999.00
-999	1531132873	3600		265.72		         0		-999.00
-999	1531136473	3600		265.71		         0		-999.00
-999	1531140073	3600		266.22		         0		-999.00
-999	1531143673	3600		266.22		         0		-999.00
-999	1531147273	3600		266.22		         0		-999.00
-999	1531150873	3600		266.22		         0		-999.00
-999	1531154473	3600		261.88		         0		-999.00
-999	1531158073	3600		261.88		         0		-999.00
-999	1531161673	3600		261.88		         0		-999.00
-999	1531162717	1044		261.88		         0		-999.00
6909	1531163917	1200		269.96		 118961554		875.50
6909	1531167517	3600		270.05		 121728085		865.00
6909	1531171117	3600		269.92		 117628148		876.00
6909	1531174717	3600		269.98		 119697423		873.00
6909	1531178317	3600		269.79		 113120829		869.50
6909	1531181917	3600		269.66		 108985627		869.00
6909	1531185517	3600		269.46		 102360802		869.00
6909	1531189117	3600		269.33		  97797188		869.00
6909	1531192717	3600		269.21		  93765876		865.50
6909	1531196317	3600		268.76		  90078397		850.00
6909	1531199917	3600		268.94		  84978497		864.50
6909	1531203517	3600		268.84		  81609369		864.50
6909	1531207117	3600		267.53		  54944041		824.00
6909	1531210717	3600		265.97		   2760128		819.00
6909	1531214317	3600		265.97		   2742585		816.50
6909	1531217917	3600		265.97		   2751342		816.50
6909	1531221517	3600		265.96		   2721456		816.00
6909	1531225117	3600		265.97		   2732439		816.00
6909	1531228717	3600		265.97		   2741448		816.00
6909	1531232317	3600		265.96		   2721159		816.00
6909	1531235917	3600		265.97		   2762440		816.00
6909	1531239517	3600		265.97		   2740560		816.00
6909	1531243117	3600		265.97		   2755869		816.00
6909	1531246717	3600		265.97		   2722528		816.00
6909	1531250317	3600		265.97		   2739976		816.00
6909	1531253917	3600		265.97		   2725313		816.00
6909	1531257517	3600		265.97		   2759647		816.00
6909	1531261117	3600		265.97		   2741149		759.50
6909	1531264717	3600		265.97		   2745771		811.50
6909	1531268317	3600		265.97		   2726568		813.50
6909	1531270951	2634		265.97		   2723616		813.50
-999	1531272151	1200		265.88		         0		-999.00
-999	1531275751	3600		261.89		         0		-999.00
-999	1531279351	3600		262.06		         0		-999.00
-999	1531282951	3600		262.06		         0		-999.00
-999	1531286551	3600		262.06		         0		-999.00
-999	1531290151	3600		262.06		         0		-999.00
-999	1531292973	2822		262.06		         0		-999.00
6911	1531294173	1200		269.40		 105927489		881.50
6911	1531297773	3600		266.40		  11410236		814.50
6911	1531301373	3600		266.13		   2597472		814.50
6911	1531304973	3600		266.13		   2585043		814.50
6911	1531308573	3600		266.13		   2571999		814.50
6911	1531312173	3600		266.13		   2576868		814.50
6911	1531315773	3600		266.13		   2599700		814.50
6911	1531319373	3600		266.13		   2587475		814.50
6911	1531322973	3600		268.38		  77540708		798.00
6911	1531326573	3600		269.15		  97485218		870.50
6911	1531330173	3600		269.00		  92442128		867.00
6911	1531330446	273		269.10		  95923851		867.00
-999	1531331646	1200		266.06		         0		-999.00
-999	1531335246	3600		262.06		         0		-999.00
-999	1531338846	3600		262.13		         0		-999.00
-999	1531340789	1943		262.13		         0		-999.00
6912	1531341989	1200		269.52		 112834292		868.50
6912	1531345589	3600		270.03		 124321216		888.00
6912	1531349189	3600		269.79		 116361653		885.50
6912	1531352789	3600		269.74		 114540599		885.50
6912	1531356389	3600		269.55		 108189104		885.50
6912	1531359989	3600		269.42		 103970765		882.00
6912	1531363589	3600		269.28		  99181419		884.00
6912	1531367189	3600		269.14		  94522267		880.50
6912	1531370789	3600		269.03		  91014618		880.50
6912	1531374389	3600		263.42		  86397326		  9.50
6912	1531377989	3600		268.60		  83066269		871.00
6912	1531381589	3600		268.52		  80296989		874.50
6912	1531385189	3600		268.41		  76913404		877.50
6912	1531388789	3600		268.30		  73194277		874.00
6912	1531389121	332		269.25		 104757902		874.00
-999	1531390321	1200		266.11		         0		-999.00
-999	1531393921	3600		261.77		         0		-999.00
-999	1531397521	3600		261.94		         0		-999.00
-999	1531401121	3600		262.11		         0		-999.00
-999	1531404721	3600		262.11		         0		-999.00
-999	1531406363	1642		262.11		         0		-999.00
6913	1531407563	1200		265.94		         0		786.00
6913	1531411163	3600		266.28		         0		826.50
6913	1531414763	3600		262.10		    171290		 26.00
6913	1531414793	30		262.10		    434650		 26.00
-999	1531415993	1200		261.76		         0		-999.00
-999	1531419593	3600		262.07		         0		-999.00
-999	1531423193	3600		262.06		         0		-999.00
-999	1531426793	3600		262.06		         0		-999.00
-999	1531430393	3600		262.06		         0		-999.00
-999	1531433993	3600		262.06		         0		-999.00
-999	1531437593	3600		262.06		         0		-999.00
-999	1531441193	3600		262.06		         0		-999.00
-999	1531444793	3600		261.89		         0		-999.00
-999	1531448393	3600		262.06		         0		-999.00
-999	1531449741	1348		262.06		         0		-999.00
6919	1531450941	1200		269.80		 113220389		904.00
6919	1531454541	3600		270.12		 123809872		903.00
6919	1531458141	3600		269.94		 118051748		899.50
6919	1531461741	3600		269.74		 111208806		899.50
6919	1531465341	3600		269.55		 104967981		896.50
6919	1531468941	3600		269.47		 102356908		896.50
6919	1531472541	3600		269.31		  96999654		896.50
6919	1531476141	3600		269.19		  92940387		893.00
6919	1531479741	3600		269.05		  88143702		893.00
6919	1531483341	3600		268.94		  84454892		893.00
6919	1531486941	3600		268.84		  81296893		889.50
6919	1531490541	3600		268.72		  77175394		889.50
6919	1531494141	3600		268.63		  74228187		889.50
6919	1531497741	3600		268.52		  70706929		889.50
6919	1531501341	3600		268.44		  68036145		886.00
6919	1531504941	3600		268.34		  64530344		886.00
6919	1531508541	3600		268.26		  61948146		886.00
6919	1531512141	3600		268.18		  59330418		882.50
6919	1531515741	3600		268.09		  56246367		882.50
6919	1531519341	3600		268.03		  54240323		882.50
6919	1531522823	3482		267.88		  49138835		866.50
-999	1531524023	1200		262.05		         0		-999.00
-999	1531527623	3600		262.05		         0		-999.00
-999	1531531223	3600		266.39		         0		-999.00
-999	1531534823	3600		266.39		         0		-999.00
-999	1531538423	3600		266.39		         0		-999.00
-999	1531542023	3600		266.39		         0		-999.00
-999	1531545623	3600		266.39		         0		-999.00
-999	1531549223	3600		266.22		         0		-999.00
-999	1531552823	3600		266.39		         0		-999.00
-999	1531556423	3600		266.39		         0		-999.00
-999	1531560023	3600		266.39		         0		-999.00
-999	1531563623	3600		262.05		         0		-999.00
-999	1531567223	3600		262.05		         0		-999.00
-999	1531569876	2653		261.88		         0		-999.00
6921	1531571076	1200		269.79		 113327640		911.00
6921	1531574400	3324		270.03		 121366703		913.00
-999	1531575600	1200		266.05		         0		-999.00
-999	1531579200	3600		261.52		         0		-999.00
-999	1531582800	3600		261.88		         0		-999.00
-999	1531586400	3600		261.88		         0		-999.00
-999	1531587067	667		262.05		         0		-999.00
6923	1531588267	1200		269.71		 110606002		908.50
6923	1531591867	3600		270.02		 121159274		915.00
6923	1531595467	3600		269.71		 110641847		911.50
6923	1531599067	3600		269.44		 101804014		908.00
6923	1531602667	3600		269.21		  93864491		904.00
6923	1531606267	3600		268.98		  86264311		900.50
6923	1531609867	3600		268.79		  79969063		897.00
6923	1531613467	3600		268.60		  73629119		897.00
6923	1531617067	3600		268.45		  68588504		893.50
6923	1531620667	3600		268.38		  66355045		893.50
6923	1531621613	946		268.34		  65005505		893.50
-999	1531622813	1200		266.39		         0		-999.00
-999	1531626413	3600		261.67		         0		-999.00
-999	1531630013	3600		262.02		         0		-999.00
-999	1531632178	2165		262.02		         0		-999.00
6924	1531633378	1200		269.50		 104673282		926.50
6924	1531636978	3600		269.81		 115112534		924.00
6924	1531640578	3600		269.51		 104997103		917.00
6924	1531644178	3600		269.25		  96507273		914.00
6924	1531647778	3600		268.99		  87711107		914.00
6924	1531650256	2478		268.82		  82082490		911.50
-999	1531651456	1200		266.01		         0		-999.00
-999	1531655056	3600		261.66		         0		-999.00
-999	1531658656	3600		261.68		         0		-999.00
-999	1531660744	2088		262.02		         0		-999.00
6925	1531661944	1200		269.64		 114856332		931.00
6925	1531665544	3600		270.03		 122059827		931.00
6925	1531666868	1324		269.79		 114216244		931.50
-999	1531668068	1200		266.02		         0		-999.00
-999	1531671668	3600		266.02		         0		-999.00
-999	1531675268	3600		266.02		         0		-999.00
-999	1531678868	3600		266.19		         0		-999.00
-999	1531682468	3600		262.02		         0		-999.00
-999	1531686068	3600		262.02		         0		-999.00
-999	1531686405	337		262.02		         0		-999.00
-999	1531688756	1200		266.36		         0		-999.00
-999	1531692356	3600		262.01		         0		-999.00
-999	1531695956	3600		262.01		         0		-999.00
-999	1531699556	3600		262.01		         0		-999.00
-999	1531700179	623		262.01		         0		-999.00
6929	1531701379	1200		267.56		  46235630		877.00
6929	1531704979	3600		267.65		  48977934		887.50
6929	1531708579	3600		267.48		  43389303		887.50
6929	1531712179	3600		267.45		  42391323		884.50
6929	1531715779	3600		267.33		  38559528		881.00
6929	1531718198	2419		267.19		  33834611		875.00
-999	1531719398	1200		262.18		         0		-999.00
-999	1531722998	3600		262.00		         0		-999.00
-999	1531726598	3600		266.17		         0		-999.00
-999	1531730198	3600		266.34		         0		-999.00
-999	1531733798	3600		261.81		         0		-999.00
-999	1531737398	3600		261.98		         0		-999.00
-999	1531740998	3600		261.81		         0		-999.00
-999	1531744598	3600		261.98		         0		-999.00
-999	1531748198	3600		261.98		         0		-999.00
-999	1531748282	84		261.98		         0		-999.00
6931	1531749482	1200		269.69		 112492053		928.50
6931	1531753082	3600		270.01		 123129692		933.50
6931	1531756682	3600		269.70		 112694531		926.50
6931	1531760282	3600		269.41		 103138012		925.00
6931	1531763882	3600		269.15		  94467801		918.00
6931	1531767482	3600		268.91		  86609184		918.00
6931	1531771082	3600		268.74		  80705360		914.50
6931	1531774682	3600		268.53		  73896805		907.50
6931	1531778282	3600		268.38		  68662194		907.50
6931	1531781882	3600		268.30		  66074522		907.50
6931	1531785482	3600		268.21		  63046496		907.50
6931	1531789082	3600		268.05		  57747831		904.00
6931	1531792682	3600		267.82		  50138642		873.50
6931	1531793312	630		267.82		  50272740		892.50
-999	1531794512	1200		261.97		         0		-999.00
-999	1531798112	3600		261.97		         0		-999.00
-999	1531801712	3600		261.97		         0		-999.00
-999	1531805312	3600		261.81		         0		-999.00
-999	1531808912	3600		261.98		         0		-999.00
-999	1531812512	3600		261.81		         0		-999.00
-999	1531816112	3600		261.81		         0		-999.00
-999	1531819712	3600		261.81		         0		-999.00
-999	1531823312	3600		261.81		         0		-999.00
-999	1531826912	3600		261.81		         0		-999.00
-999	1531830512	3600		261.81		         0		-999.00
-999	1531834112	3600		261.98		         0		-999.00
-999	1531837712	3600		261.98		         0		-999.00
-999	1531841312	3600		266.32		         0		-999.00
-999	1531844912	3600		266.32		         0		-999.00
-999	1531848512	3600		261.81		         0		-999.00
-999	1531852112	3600		265.81		         0		-999.00
-999	1531855712	3600		261.80		         0		-999.00
-999	1531859215	3503		261.80		         0		-999.00
6939	1531860415	1200		267.50		  45390360		883.00
6939	1531864015	3600		267.62		  49225398		890.00
6939	1531867615	3600		267.50		  45226003		883.50
6939	1531871215	3600		267.32		  39381638		876.00
6939	1531871540	325		267.26		  37230850		876.00
-999	1531872740	1200		261.80		         0		-999.00
-999	1531876340	3600		261.80		         0		-999.00
-999	1531879280	2940		261.80		         0		-999.00
6940	1531880480	1200		269.89		 119247810		940.50
6940	1531884080	3600		270.12		 126928889		943.50
6940	1531887680	3600		269.79		 116120543		936.50
6940	1531891280	3600		269.51		 106701957		928.50
6940	1531894880	3600		269.23		  97332525		929.50
6940	1531898480	3600		269.00		  89812989		926.00
6940	1531902080	3600		268.80		  82905870		922.00
6940	1531905306	3226		268.50		  73145438		906.00
-999	1531906506	1200		262.31		         0		-999.00
-999	1531910106	3600		256.95		         0		-999.00
-999	1531913706	3600		256.43		         0		-999.00
-999	1531917306	3600		261.58		         0		-999.00
-999	1531920906	3600		266.24		         0		-999.00
-999	1531924506	3600		266.24		         0		-999.00
-999	1531928106	3600		266.24		         0		-999.00
-999	1531931706	3600		266.24		         0		-999.00
-999	1531935306	3600		262.24		         0		-999.00
-999	1531938906	3600		266.41		         0		-999.00
-999	1531942506	3600		256.96		         0		-999.00
-999	1531946106	3600		266.03		         0		-999.00
-999	1531949706	3600		266.55		         0		-999.00
-999	1531953306	3600		262.02		         0		-999.00
-999	1531956906	3600		262.18		         0		-999.00
-999	1531960506	3600		262.36		         0		-999.00
-999	1531960698	192		262.19		         0		-999.00
6942	1531961898	1200		269.90		 117830926		943.50
6942	1531965498	3600		270.31		 126990369		944.00
6942	1531969098	3600		269.99		 116195117		944.50
6942	1531972698	3600		269.69		 106055975		937.50
6942	1531976298	3600		269.44		  97809809		934.00
6942	1531979898	3600		269.19		  89501070		930.50
6942	1531983498	3600		269.00		  83178486		930.50
6942	1531987098	3600		268.45		  76231760		882.00
6942	1531990698	3600		268.30		  71399818		925.50
6942	1531994298	3600		268.20		  68007032		925.50
6942	1531997898	3600		268.13		  65791622		925.50
6942	1531999158	1260		268.04		  62632235		922.00
-999	1532000358	1200		265.99		         0		-999.00
-999	1532003958	3600		261.64		         0		-999.00
-999	1532007558	3600		266.15		         0		-999.00
-999	1532011158	3600		266.15		         0		-999.00
-999	1532014758	3600		266.15		         0		-999.00
-999	1532018358	3600		261.98		         0		-999.00
-999	1532021958	3600		262.15		         0		-999.00
-999	1532023119	1161		262.15		         0		-999.00
6944	1532024319	1200		269.81		 116166643		951.00
6944	1532027919	3600		270.20		 123415801		957.00
6944	1532030477	2558		269.99		 116680319		949.00
-999	1532031677	1200		266.14		         0		-999.00
-999	1532035277	3600		266.14		         0		-999.00
-999	1532038877	3600		266.31		         0		-999.00
-999	1532042477	3600		261.94		         0		-999.00
-999	1532046077	3600		261.77		         0		-999.00
-999	1532047477	1400		262.10		         0		-999.00
6946	1532048677	1200		270.11		 122237991		963.50
6946	1532051447	2770		270.33		 129693775		957.00
-999	1532052647	1200		265.92		         0		-999.00
-999	1532056247	3600		262.09		         0		-999.00
-999	1532059847	3600		261.92		         0		-999.00
-999	1532063447	3600		262.09		         0		-999.00
-999	1532067047	3600		262.09		         0		-999.00
-999	1532070647	3600		262.09		         0		-999.00
-999	1532074247	3600		262.09		         0		-999.00
-999	1532077847	3600		262.09		         0		-999.00
-999	1532081447	3600		261.58		         0		-999.00
-999	1532085047	3600		262.09		         0		-999.00
-999	1532088647	3600		262.04		         0		-999.00
-999	1532092247	3600		262.04		         0		-999.00
-999	1532094468	2221		262.04		         0		-999.00
6953	1532095668	1200		269.93		 118459333		966.00
6953	1532099268	3600		270.26		 129253960		959.00
6953	1532102868	3600		270.08		 117749316		952.00
6953	1532106468	3600		269.77		 107479036		951.50
6953	1532110068	3600		269.51		  98763364		946.50
6953	1532113668	3600		269.28		  90918191		944.00
6953	1532117268	3600		269.09		  84804356		938.00
6953	1532120868	3600		268.47		  77255441		928.00
6953	1532124468	3600		268.29		  71001296		935.00
6953	1532128068	3600		268.20		  68066907		931.50
6953	1532131668	3600		268.07		  63727786		928.00
6953	1532135268	3600		267.97		  60567987		928.00
6953	1532138868	3600		267.81		  55166218		928.00
6953	1532142468	3600		267.59		  47789622		924.50
6953	1532142902	434		267.65		  49645746		924.50
-999	1532144102	1200		262.15		         0		-999.00
-999	1532147702	3600		262.02		         0		-999.00
-999	1532151302	3600		262.02		         0		-999.00
-999	1532153802	2500		262.02		         0		-999.00
6956	1532155002	1200		269.16		  98719678		959.50
6956	1532158602	3600		269.98		 125766501		892.00
6956	1532162202	3600		269.69		 116154741		954.00
6956	1532165802	3600		269.36		 105269361		960.50
6956	1532169402	3600		269.12		  97202848		958.00
6956	1532173002	3600		268.88		  89091657		903.00
6956	1532176602	3600		268.66		  81871121		945.00
6956	1532180202	3600		268.44		  74680730		945.00
6956	1532183802	3600		268.27		  68888092		898.50
6956	1532187402	3600		268.23		  67563675		942.00
6956	1532191002	3600		268.09		  62901522		891.50
6956	1532193430	2428		267.99		  59594118		939.50
-999	1532194630	1200		262.02		         0		-999.00
-999	1532198230	3600		261.91		         0		-999.00
-999	1532201515	3285		261.90		         0		-999.00
6957	1532202715	1200		269.77		 110570321		975.50
6957	1532206315	3600		270.08		 120800684		977.00
6957	1532209915	3600		269.82		 112319724		974.50
6957	1532213515	3600		269.49		 101259849		967.50
6957	1532217115	3600		269.26		  93535432		965.00
6957	1532220715	3600		269.07		  87235142		946.50
6957	1532224315	3600		268.83		  79165555		957.00
6957	1532225351	1036		268.75		  76711561		957.00
-999	1532226551	1200		266.08		         0		-999.00
-999	1532230151	3600		261.91		         0		-999.00
-999	1532233751	3600		261.93		         0		-999.00
-999	1532236066	2315		262.13		         0		-999.00
6960	1532237266	1200		269.89		 119223951		995.00
6960	1532240866	3600		270.13		 127343787		990.50
6960	1532244466	3600		269.83		 117233335		983.50
6960	1532248066	3600		269.54		 107413936		977.00
6960	1532251666	3600		269.27		  98479745		911.00
6960	1532255266	3600		268.99		  89332967		970.50
6960	1532258866	3600		268.82		  83579202		967.00
6960	1532262466	3600		268.60		  76276845		963.50
6960	1532266066	3600		268.43		  70715456		960.00
6960	1532268937	2871		268.27		  65269592		960.00
-999	1532270137	1200		266.11		         0		-999.00
-999	1532273737	3600		261.94		         0		-999.00
-999	1532277087	3350		261.93		         0		-999.00
6961	1532278287	1200		269.84		 117474415		981.50
6961	1532281887	3600		270.13		 126978273		985.50
6961	1532285487	3600		269.69		 118064009		971.00
6961	1532289087	3600		269.36		 107079476		989.00
6961	1532292687	3600		269.11		  99051627		985.00
6961	1532296287	3600		268.89		  91435982		978.00
6961	1532299887	3600		268.66		  83941564		978.00
6961	1532303487	3600		268.48		  77911015		974.50
6961	1532307087	3600		268.29		  71605699		971.00
6961	1532310687	3600		268.16		  67205406		968.00
6961	1532311766	1079		267.67		  50803751		957.00
-999	1532312966	1200		266.16		         0		-999.00
-999	1532316566	3600		263.74		         0		-999.00
-999	1532320166	3600		267.61		         0		-999.00
-999	1532323766	3600		270.81		         0		-999.00
-999	1532327366	3600		271.57		         0		-999.00
-999	1532330966	3600		271.76		         0		-999.00
-999	1532334566	3600		271.95		         0		-999.00
-999	1532338166	3600		272.15		         0		-999.00
-999	1532341766	3600		272.15		         0		-999.00
-999	1532345366	3600		272.15		         0		-999.00
-999	1532348966	3600		272.15		         0		-999.00
-999	1532352566	3600		273.54		         0		-999.00
-999	1532356166	3600		274.67		         0		-999.00
-999	1532359766	3600		275.80		         0		-999.00
-999	1532363366	3600		276.95		         0		-999.00
-999	1532366966	3600		276.95		         0		-999.00
-999	1532370566	3600		276.95		         0		-999.00
-999	1532374166	3600		276.95		         0		-999.00
-999	1532377766	3600		276.95		         0		-999.00
-999	1532378245	479		276.95		         0		-999.00
6966	1532379445	1200		276.95		         0		 11.00
6966	1532383045	3600		276.95		         0		 11.00
6966	1532384487	1442		276.95		         0		 11.00
-999	1532385687	1200		276.95		         0		-999.00
-999	1532389287	3600		276.95		         0		-999.00
-999	1532392887	3600		276.95		         0		-999.00
-999	1532396487	3600		277.14		         0		-999.00
-999	1532400087	3600		277.14		         0		-999.00
-999	1532403687	3600		277.14		         0		-999.00
-999	1532407287	3600		277.14		         0		-999.00
-999	1532410887	3600		277.52		         0		-999.00
-999	1532414487	3600		277.72		         0		-999.00
-999	1532418087	3600		279.30		         0		-999.00
-999	1532421687	3600		279.82		         0		-999.00
-999	1532425287	3600		280.42		         0		-999.00
-999	1532428887	3600		280.42		         0		-999.00
-999	1532432487	3600		281.62		         0		-999.00
-999	1532436087	3600		282.20		         0		-999.00
-999	1532439687	3600		282.80		         0		-999.00
-999	1532443287	3600		283.38		         0		-999.00
-999	1532446887	3600		283.97		         0		-999.00
-999	1532450487	3600		283.97		         0		-999.00
-999	1532454087	3600		284.55		         0		-999.00
-999	1532457687	3600		284.55		         0		-999.00
-999	1532461287	3600		284.74		         0		-999.00
-999	1532464887	3600		285.15		         0		-999.00
-999	1532468487	3600		285.15		         0		-999.00
-999	1532472087	3600		285.15		         0		-999.00
-999	1532475687	3600		285.15		         0		-999.00
-999	1532479287	3600		285.15		         0		-999.00
-999	1532482887	3600		285.15		         0		-999.00
-999	1532486487	3600		285.15		         0		-999.00
-999	1532490087	3600		285.15		         0		-999.00
-999	1532493687	3600		285.15		         0		-999.00
-999	1532497287	3600		285.15		         0		-999.00
-999	1532500887	3600		285.15		         0		-999.00
-999	1532504487	3600		285.15		         0		-999.00
-999	1532508087	3600		285.15		         0		-999.00
-999	1532511687	3600		285.15		         0		-999.00
-999	1532515287	3600		285.15		         0		-999.00
-999	1532518887	3600		285.15		         0		-999.00
-999	1532522487	3600		285.15		         0		-999.00
-999	1532526087	3600		285.15		         0		-999.00
-999	1532529687	3600		285.15		         0		-999.00
-999	1532533287	3600		285.15		         0		-999.00
-999	1532536887	3600		285.15		         0		-999.00
-999	1532540487	3600		285.15		         0		-999.00
-999	1532544087	3600		285.15		         0		-999.00
-999	1532547687	3600		285.15		         0		-999.00
-999	1532551287	3600		285.15		         0		-999.00
-999	1532554887	3600		285.15		         0		-999.00
-999	1532558487	3600		285.15		         0		-999.00
-999	1532562087	3600		285.15		         0		-999.00
-999	1532565687	3600		285.15		         0		-999.00
-999	1532569287	3600		285.15		         0		-999.00
-999	1532572887	3600		285.15		         0		-999.00
-999	1532576487	3600		285.15		         0		-999.00
-999	1532580087	3600		285.15		         0		-999.00
-999	1532583687	3600		285.15		         0		-999.00
-999	1532587287	3600		285.15		         0		-999.00
-999	1532590887	3600		285.15		         0		-999.00
-999	1532594487	3600		285.15		         0		-999.00
-999	1532598087	3600		285.15		         0		-999.00
-999	1532601687	3600		285.15		         0		-999.00
-999	1532605287	3600		285.15		         0		-999.00
-999	1532608887	3600		285.15		         0		-999.00
-999	1532612487	3600		285.15		         0		-999.00
-999	1532616087	3600		285.15		         0		-999.00
-999	1532619687	3600		285.15		         0		-999.00
-999	1532623287	3600		285.15		         0		-999.00
-999	1532626887	3600		285.15		         0		-999.00
-999	1532630487	3600		285.15		         0		-999.00
-999	1532634087	3600		285.15		         0		-999.00
-999	1532637687	3600		285.15		         0		-999.00
-999	1532641287	3600		285.15		         0		-999.00
-999	1532644887	3600		285.15		         0		-999.00
-999	1532648487	3600		285.15		         0		-999.00
-999	1532652087	3600		285.15		         0		-999.00
-999	1532655687	3600		285.15		         0		-999.00
-999	1532659287	3600		285.15		         0		-999.00
-999	1532662887	3600		285.15		         0		-999.00
-999	1532666487	3600		285.15		         0		-999.00
-999	1532670087	3600		285.15		         0		-999.00
-999	1532673687	3600		285.15		         0		-999.00
-999	1532677287	3600		285.15		         0		-999.00
-999	1532680887	3600		285.15		         0		-999.00
-999	1532684487	3600		285.15		         0		-999.00
-999	1532688087	3600		285.15		         0		-999.00
-999	1532691687	3600		285.15		         0		-999.00
-999	1532695287	3600		285.15		         0		-999.00
-999	1532698887	3600		285.15		         0		-999.00
-999	1532702487	3600		285.15		         0		-999.00
-999	1532706087	3600		285.15		         0		-999.00
-999	1532709687	3600		285.15		         0		-999.00
-999	1532713287	3600		285.15		         0		-999.00
-999	1532716887	3600		285.15		         0		-999.00
-999	1532720487	3600		285.15		         0		-999.00
-999	1532724087	3600		285.15		         0		-999.00
-999	1532727687	3600		285.15		         0		-999.00
-999	1532731287	3600		285.15		         0		-999.00
-999	1532734887	3600		285.15		         0		-999.00
-999	1532738487	3600		285.15		         0		-999.00
-999	1532742087	3600		273.26		         0		-999.00
-999	1532745687	3600		256.29		         0		-999.00
-999	1532749287	3600		265.77		         0		-999.00
-999	1532752887	3600		265.77		         0		-999.00
-999	1532756487	3600		266.36		         0		-999.00
-999	1532760087	3600		266.36		         0		-999.00
-999	1532763687	3600		266.36		         0		-999.00
-999	1532767287	3600		266.36		         0		-999.00
-999	1532770887	3600		266.19		         0		-999.00
-999	1532774487	3600		266.19		         0		-999.00
-999	1532778087	3600		266.19		         0		-999.00
-999	1532781687	3600		266.19		         0		-999.00
-999	1532785287	3600		266.19		         0		-999.00
-999	1532788887	3600		266.19		         0		-999.00
-999	1532792487	3600		266.19		         0		-999.00
-999	1532796087	3600		266.19		         0		-999.00
-999	1532799687	3600		266.19		         0		-999.00
-999	1532803287	3600		266.19		         0		-999.00
-999	1532806887	3600		266.19		         0		-999.00
-999	1532810487	3600		266.19		         0		-999.00
-999	1532814087	3600		266.19		         0		-999.00
-999	1532817687	3600		266.19		         0		-999.00
-999	1532821287	3600		266.19		         0		-999.00
-999	1532824887	3600		266.19		         0		-999.00
-999	1532828487	3600		266.19		         0		-999.00
-999	1532832087	3600		266.19		         0		-999.00
-999	1532835687	3600		266.19		         0		-999.00
-999	1532839287	3600		266.19		         0		-999.00
-999	1532842887	3600		266.19		         0		-999.00
-999	1532846487	3600		266.02		         0		-999.00
-999	1532850087	3600		266.02		         0		-999.00
-999	1532853687	3600		266.02		         0		-999.00
-999	1532857287	3600		266.02		         0		-999.00
-999	1532860887	3600		266.02		         0		-999.00
-999	1532864487	3600		266.02		         0		-999.00
-999	1532868087	3600		266.02		         0		-999.00
-999	1532871687	3600		266.20		         0		-999.00
-999	1532875287	3600		266.20		         0		-999.00
-999	1532878887	3600		266.20		         0		-999.00
-999	1532882487	3600		266.20		         0		-999.00
-999	1532886087	3600		266.01		         0		-999.00
-999	1532889687	3600		266.01		         0		-999.00
-999	1532893287	3600		266.01		         0		-999.00
-999	1532896887	3600		266.01		         0		-999.00
-999	1532900487	3600		266.01		         0		-999.00
-999	1532904087	3600		266.01		         0		-999.00
-999	1532907687	3600		266.01		         0		-999.00
-999	1532911287	3600		262.01		         0		-999.00
-999	1532914887	3600		261.63		         0		-999.00
-999	1532918487	3600		266.18		         0		-999.00
-999	1532922087	3600		266.18		         0		-999.00
-999	1532925687	3600		262.01		         0		-999.00
-999	1532929287	3600		261.83		         0		-999.00
-999	1532932070	2783		262.20		         0		-999.00
6998	1532933270	1200		266.20		     28953		851.00
6998	1532936870	3600		266.20		     31959		868.50
6998	1532940470	3600		262.20		     33915		 21.00
6998	1532940528	58		262.20		         0		 21.00
-999	1532941728	1200		261.68		         0		-999.00
-999	1532945328	3600		262.04		         0		-999.00
-999	1532948928	3600		266.03		         0		-999.00
-999	1532952528	3600		266.03		         0		-999.00
-999	1532956128	3600		266.03		         0		-999.00
-999	1532959728	3600		261.85		         0		-999.00
-999	1532963328	3600		261.87		         0		-999.00
-999	1532966928	3600		261.87		         0		-999.00
-999	1532970528	3600		261.69		         0		-999.00
-999	1532974128	3600		261.69		         0		-999.00
-999	1532977728	3600		261.69		         0		-999.00
-999	1532981328	3600		261.87		         0		-999.00
-999	1532984928	3600		261.87		         0		-999.00
-999	1532988528	3600		261.68		         0		-999.00
-999	1532992128	3600		261.68		         0		-999.00
-999	1532995728	3600		261.85		         0		-999.00
-999	1532996491	763		262.22		         0		-999.00
7003	1532997691	1200		266.22		     72867		826.50
7003	1533001291	3600		266.22		     80898		848.00
7003	1533004891	3600		266.22		     75070		848.00
7003	1533008491	3600		266.22		     69711		777.50
7003	1533012091	3600		266.22		     65518		848.50
7003	1533013801	1710		266.22		     63474		850.00
-999	1533015001	1200		265.85		         0		-999.00
-999	1533018601	3600		265.85		         0		-999.00
-999	1533022201	3600		265.85		         0		-999.00
-999	1533025801	3600		265.85		         0		-999.00
-999	1533029401	3600		265.85		         0		-999.00
-999	1533033001	3600		265.85		         0		-999.00
-999	1533036601	3600		265.85		         0		-999.00
-999	1533040201	3600		265.85		         0		-999.00
-999	1533043801	3600		266.32		         0		-999.00
-999	1533047401	3600		266.32		         0		-999.00
-999	1533051001	3600		266.32		         0		-999.00
-999	1533054601	3600		266.32		         0		-999.00
-999	1533058201	3600		266.32		         0		-999.00
-999	1533061801	3600		266.31		         0		-999.00
-999	1533065401	3600		266.07		         0		-999.00
-999	1533069001	3600		261.99		         0		-999.00
-999	1533072601	3600		261.99		         0		-999.00
-999	1533076201	3600		261.87		         0		-999.00
-999	1533079801	3600		262.07		         0		-999.00
-999	1533083401	3600		262.14		         0		-999.00
-999	1533083517	116		262.10		         0		-999.00
7005	1533084717	1200		266.97		  25016969		863.00
7005	1533088317	3600		267.08		  27755355		863.00
7005	1533091917	3600		267.02		  25741103		859.50
7005	1533095517	3600		266.94		  23982490		859.50
7005	1533099117	3600		266.89		  22463282		859.50
7005	1533102717	3600		266.84		  20889971		859.50
7005	1533106317	3600		266.75		  19708024		856.00
7005	1533109917	3600		266.71		  18385664		856.00
7005	1533113517	3600		266.69		  17447711		856.00
7005	1533117117	3600		266.74		  17987313		856.00
7005	1533118503	1386		262.01		  15955822		 20.00
-999	1533119703	1200		261.87		         0		-999.00
-999	1533123303	3600		261.69		         0		-999.00
-999	1533126903	3600		262.14		         0		-999.00
-999	1533129789	2886		262.17		         0		-999.00
7006	1533130989	1200		268.95		  84840628		908.50
7006	1533134589	3600		269.22		  93763271		907.50
7006	1533138189	3600		269.00		  86588740		903.00
7006	1533141789	3600		268.80		  79950469		898.50
7006	1533143817	2028		268.66		  75090473		898.50
-999	1533145017	1200		266.39		         0		-999.00
-999	1533148617	3600		266.41		         0		-999.00
-999	1533152217	3600		266.26		         0		-999.00
-999	1533155817	3600		266.45		         0		-999.00
-999	1533159417	3600		266.18		         0		-999.00
-999	1533163017	3600		266.18		         0		-999.00
-999	1533166617	3600		266.17		         0		-999.00
-999	1533170217	3600		266.19		         0		-999.00
-999	1533170637	420		266.23		         0		-999.00
7008	1533171837	1200		269.55		 101604278		927.50
7008	1533175437	3600		269.89		 112904774		924.00
7008	1533175459	22		268.50		  66822695		924.00
-999	1533176659	1200		266.42		         0		-999.00
-999	1533180259	3600		266.42		         0		-999.00
-999	1533183859	3600		266.42		         0		-999.00
-999	1533187459	3600		266.42		         0		-999.00
-999	1533191059	3600		266.21		         0		-999.00
-999	1533194659	3600		262.05		         0		-999.00
-999	1533198259	3600		262.14		         0		-999.00
-999	1533201859	3600		262.14		         0		-999.00
-999	1533205459	3600		266.36		         0		-999.00
-999	1533209059	3600		261.94		         0		-999.00
-999	1533212659	3600		262.13		         0		-999.00
-999	1533213404	745		262.25		         0		-999.00
7013	1533214604	1200		269.79		 107368473		933.50
7013	1533218204	3600		270.06		 118528167		928.00
7013	1533221236	3032		269.84		 111445951		926.00
-999	1533222436	1200		266.43		         0		-999.00
-999	1533226036	3600		266.48		         0		-999.00
-999	1533229636	3600		266.43		         0		-999.00
-999	1533233236	3600		266.43		         0		-999.00
-999	1533236836	3600		266.40		         0		-999.00
-999	1533240436	3600		266.40		         0		-999.00
-999	1533244036	3600		266.40		         0		-999.00
-999	1533247636	3600		266.40		         0		-999.00
-999	1533251236	3600		266.40		         0		-999.00
-999	1533254836	3600		266.40		         0		-999.00
-999	1533258436	3600		266.40		         0		-999.00
-999	1533262036	3600		261.92		         0		-999.00
-999	1533265636	3600		262.15		         0		-999.00
-999	1533269236	3600		262.18		         0		-999.00
-999	1533272836	3600		261.61		         0		-999.00
-999	1533274014	1178		262.11		         0		-999.00
7017	1533275214	1200		269.56		 101535265		926.50
7017	1533278814	3600		269.86		 110622022		925.00
7017	1533282414	3600		269.40		  98911659		921.00
7017	1533286014	3600		269.18		  91584281		916.50
7017	1533289614	3600		268.94		  83392520		912.00
7017	1533293214	3600		268.69		  76431125		908.50
7017	1533296814	3600		268.47		  68973719		901.00
7017	1533300414	3600		268.36		  66747150		904.50
7017	1533304014	3600		267.94		  60230306		887.00
7017	1533307614	3600		268.03		  55906891		901.00
7017	1533311214	3600		267.89		  51216075		897.00
7017	1533314814	3600		267.70		  45974188		897.00
7017	1533318414	3600		267.54		  42149249		893.50
7017	1533321179	2765		261.89		  36410683		 20.00
-999	1533322379	1200		261.93		         0		-999.00
-999	1533325979	3600		266.18		         0		-999.00
-999	1533329579	3600		266.14		         0		-999.00
-999	1533333179	3600		266.23		         0		-999.00
-999	1533333399	220		266.15		         0		-999.00
7018	1533334599	1200		269.49		 101112544		933.00
7018	1533338199	3600		269.76		 110573479		934.00
7018	1533341799	3600		269.50		 101803117		930.50
7018	1533345399	3600		269.21		  92123646		928.00
7018	1533348999	3600		268.98		  84403309		924.00
7018	1533352599	3600		268.68		  77129693		922.50
7018	1533356199	3600		268.42		  70035474		915.50
7018	1533359799	3600		268.36		  68067660		916.50
7018	1533363399	3600		268.16		  61656207		916.50
7018	1533366999	3600		268.03		  57190467		913.00
7018	1533370599	3600		267.88		  52286849		910.00
7018	1533374199	3600		267.74		  47428161		910.00
7018	1533377799	3600		267.60		  42893377		906.00
7018	1533381399	3600		267.45		  39494530		902.50
7018	1533383326	1927		267.15		  33226046		893.50
-999	1533384526	1200		262.32		         0		-999.00
-999	1533388126	3600		262.03		         0		-999.00
-999	1533391726	3600		262.21		         0		-999.00
-999	1533395326	3600		262.29		         0		-999.00
-999	1533396613	1287		261.90		         0		-999.00
7020	1533397813	1200		269.74		 107030651		955.50
7020	1533401413	3600		270.03		 115430691		961.00
7020	1533405013	3600		269.88		 111600429		955.50
7020	1533408613	3600		269.52		 100763902		952.00
7020	1533412213	3600		269.22		  93053313		945.00
7020	1533415813	3600		268.95		  85776353		940.00
7020	1533419150	3337		268.76		  77948852		936.50
-999	1533420350	1200		266.05		         0		-999.00
-999	1533423950	3600		266.36		         0		-999.00
-999	1533427550	3600		266.40		         0		-999.00
-999	1533431150	3600		266.44		         0		-999.00
-999	1533434750	3600		261.49		         0		-999.00
-999	1533438350	3600		262.21		         0		-999.00
-999	1533441950	3600		262.22		         0		-999.00
-999	1533444430	2480		262.28		         0		-999.00
7024	1533445630	1200		269.89		 112607284		964.50
7024	1533449230	3600		270.16		 120679356		964.50
7024	1533452830	3600		269.76		 111194490		950.00
7024	1533456430	3600		269.46		 101070849		948.00
7024	1533460030	3600		269.17		  90977870		949.00
7024	1533463630	3600		268.97		  84283371		942.00
7024	1533467230	3600		268.69		  76324029		942.00
7024	1533470830	3600		268.44		  69423543		938.50
7024	1533474430	3600		268.40		  67311716		936.00
7024	1533478030	3600		268.21		  62484154		932.50
7024	1533481630	3600		268.02		  56185945		931.50
7024	1533485230	3600		267.70		  50116409		902.00
7024	1533485867	637		267.04		  32088003		911.50
-999	1533487067	1200		262.24		         0		-999.00
-999	1533490667	3600		262.28		         0		-999.00
-999	1533494267	3600		261.82		         0		-999.00
-999	1533497867	3600		261.67		         0		-999.00
-999	1533501461	3594		262.15		         0		-999.00
7026	1533502661	1200		270.10		 118895806		979.00
7026	1533506261	3600		270.32		 126168422		978.00
7026	1533509861	3600		270.07		 118653723		972.50
7026	1533510947	1086		269.00		  88225083		957.00
-999	1533512147	1200		261.72		         0		-999.00
-999	1533515747	3600		266.42		         0		-999.00
-999	1533519347	3600		266.42		         0		-999.00
-999	1533522947	3600		261.69		         0		-999.00
-999	1533526547	3600		261.73		         0		-999.00
-999	1533530147	3600		262.27		         0		-999.00
-999	1533533747	3600		262.12		         0		-999.00
-999	1533537347	3600		262.22		         0		-999.00
-999	1533539492	2145		261.64		         0		-999.00
7031	1533540692	1200		269.64		 111696323		959.50
7031	1533544292	3600		270.14		 120919249		974.00
7031	1533547892	3600		269.82		 110201440		970.50
7031	1533551492	3600		269.58		 102165060		967.00
7031	1533555092	3600		269.24		  93112709		960.00
7031	1533558692	3600		268.98		  85995689		959.00
7031	1533562292	3600		268.76		  78577107		948.50
7031	1533565892	3600		268.54		  72565277		952.00
7031	1533569492	3600		268.36		  66450719		948.50
7031	1533573092	3600		268.34		  64563386		947.50
7031	1533576692	3600		268.12		  59700516		944.00
7031	1533580292	3600		268.00		  55769385		944.00
7031	1533583892	3600		267.88		  51508295		940.50
7031	1533587492	3600		267.71		  46497675		937.50
7031	1533589647	2155		267.41		  40342433		924.00
-999	1533590847	1200		266.09		         0		-999.00
-999	1533594447	3600		261.78		         0		-999.00
-999	1533598047	3600		262.28		         0		-999.00
-999	1533601647	3600		262.24		         0		-999.00
-999	1533605247	3600		262.14		         0		-999.00
-999	1533605306	59		262.10		         0		-999.00
7033	1533606506	1200		269.04		  92491620		956.50
7033	1533610106	3600		269.56		 101355935		976.00
7033	1533613706	3600		269.35		  94521835		972.50
7033	1533617306	3600		269.08		  87998562		965.50
7033	1533620906	3600		268.82		  80582212		965.50
7033	1533624506	3600		268.67		  75437556		962.00
7033	1533628106	3600		268.51		  70231786		958.50
7033	1533631706	3600		268.29		  65919617		958.00
7033	1533635306	3600		268.20		  62850874		954.50
7033	1533638906	3600		268.06		  61859339		945.00
7033	1533640690	1784		267.89		  52180714		952.00
-999	1533641890	1200		261.72		         0		-999.00
-999	1533645490	3600		261.99		         0		-999.00
-999	1533649090	3600		262.06		         0		-999.00
-999	1533649889	799		262.26		         0		-999.00
7035	1533651089	1200		270.24		 119767713		1010.00
7035	1533652277	1188		270.49		 131946282		1002.00
-999	1533653477	1200		266.43		         0		-999.00
-999	1533657077	3600		265.79		         0		-999.00
-999	1533660677	3600		266.09		         0		-999.00
-999	1533662881	2204		266.27		         0		-999.00
7036	1533664081	1200		267.72		  45817580		950.00
7036	1533667681	3600		267.73		  49929229		940.50
7036	1533671281	3600		267.62		  44959988		944.00
7036	1533674881	3600		267.51		  41287596		940.50
7036	1533676330	1449		267.19		  33382407		937.50
-999	1533677530	1200		262.29		         0		-999.00
-999	1533681130	3600		262.27		         0		-999.00
-999	1533684730	3600		261.64		         0		-999.00
-999	1533685600	870		262.32		         0		-999.00
7037	1533686800	1200		269.54		 102176430		986.00
7037	1533690400	3600		269.79		 108544330		995.50
7037	1533694000	3600		269.65		 105396015		986.00
7037	1533697600	3600		269.33		  95593784		981.50
7037	1533701200	3600		269.08		  87496826		978.00
7037	1533704800	3600		268.82		  80059532		974.50
7037	1533708400	3600		268.59		  72361970		971.00
7037	1533712000	3600		268.46		  70401400		968.00
7037	1533715600	3600		268.23		  63811277		964.00
7037	1533719200	3600		268.05		  57347917		963.00
7037	1533722800	3600		267.93		  53301024		959.00
7037	1533726400	3600		267.81		  49919466		955.00
7037	1533730000	3600		267.37		  43116926		938.00
7037	1533733600	3600		262.10		  40500212		 23.50
7037	1533734206	606		267.33		  38085025		947.00
-999	1533735406	1200		265.81		         0		-999.00
-999	1533739006	3600		261.48		         0		-999.00
-999	1533742606	3600		261.98		         0		-999.00
-999	1533746206	3600		266.47		         0		-999.00
-999	1533749806	3600		266.48		         0		-999.00
-999	1533753406	3600		266.48		         0		-999.00
-999	1533757006	3600		266.48		         0		-999.00
-999	1533760606	3600		266.48		         0		-999.00
-999	1533764206	3600		266.48		         0		-999.00
-999	1533767806	3600		266.48		         0		-999.00
-999	1533771406	3600		262.20		         0		-999.00
-999	1533775006	3600		262.20		         0		-999.00
-999	1533777409	2403		262.27		         0		-999.00
7039	1533778609	1200		270.19		 128557649		979.50
7039	1533782209	3600		269.95		 117985443		993.50
7039	1533785809	3600		269.93		 113631431		993.00
7039	1533789409	3600		269.55		 103369459		987.00
7039	1533793009	3600		269.27		  95459687		983.50
7039	1533796609	3600		269.00		  86462522		980.00
7039	1533800209	3600		268.75		  79297650		976.50
7039	1533803809	3600		268.33		  73609045		951.00
7039	1533807409	3600		268.45		  69654776		973.00
7039	1533811009	3600		268.27		  63643016		973.00
7039	1533814609	3600		268.14		  59092293		969.00
7039	1533818209	3600		267.92		  52885974		965.50
7039	1533821543	3334		267.64		  46315631		962.00
-999	1533822743	1200		261.71		         0		-999.00
-999	1533826343	3600		261.36		         0		-999.00
-999	1533829943	3600		261.96		         0		-999.00
-999	1533831641	1698		262.31		         0		-999.00
7040	1533832841	1200		269.47		 100237782		1002.00
7040	1533836441	3600		269.92		 112427678		1002.00
7040	1533840041	3600		269.57		 103150305		997.50
7040	1533843641	3600		269.25		  93952617		990.50
7040	1533847241	3600		268.96		  85376595		990.50
7040	1533850841	3600		268.76		  78657723		983.50
7040	1533854441	3600		268.55		  71468165		980.00
7040	1533858041	3600		268.50		  69725148		980.00
7040	1533861641	3600		268.20		  62295459		976.50
7040	1533865241	3600		267.96		  58600932		974.00
7040	1533868841	3600		267.92		  52850211		970.50
7040	1533869763	922		267.85		  50579684		970.50
-999	1533870963	1200		266.07		         0		-999.00
-999	1533874563	3600		266.14		         0		-999.00
-999	1533878163	3600		266.46		         0		-999.00
-999	1533881763	3600		265.98		         0		-999.00
-999	1533885363	3600		262.06		         0		-999.00
-999	1533888963	3600		262.13		         0		-999.00
-999	1533892563	3600		262.24		         0		-999.00
-999	1533896163	3600		266.43		         0		-999.00
-999	1533899763	3600		266.43		         0		-999.00
-999	1533903363	3600		262.21		         0		-999.00
-999	1533906703	3340		262.29		         0		-999.00
7042	1533907903	1200		269.94		 116008895		1005.00
7042	1533911503	3600		270.22		 125594211		1007.00
7042	1533915103	3600		270.05		 117249772		1013.00
7042	1533918703	3600		269.66		 106506075		1009.00
7042	1533922303	3600		269.30		  99095579		996.50
7042	1533925903	3600		269.10		  89750551		993.50
7042	1533929503	3600		268.84		  82602229		993.50
7042	1533933103	3600		268.66		  76519301		993.50
7042	1533936703	3600		268.53		  72022842		994.00
7042	1533940303	3600		268.39		  68809271		987.00
7042	1533943903	3600		268.26		  63251620		988.00
7042	1533947503	3600		268.15		  59343965		984.50
7042	1533951103	3600		267.89		  53302389		981.00
7042	1533953849	2746		267.52		  46417437		966.50
-999	1533955049	1200		262.31		         0		-999.00
-999	1533958649	3600		261.93		         0		-999.00
-999	1533962249	3600		262.25		         0		-999.00
-999	1533965849	3600		262.25		         0		-999.00
-999	1533969449	3600		262.14		         0		-999.00
-999	1533969520	71		262.03		         0		-999.00
7043	1533970720	1200		268.74		  78843344		1001.50
7043	1533974320	3600		268.83		  83445472		986.00
7043	1533977920	3600		268.58		  74252120		993.00
7043	1533981520	3600		268.38		  68486030		989.00
7043	1533985120	3600		268.28		  64569619		988.50
7043	1533988720	3600		268.18		  62150006		988.50
7043	1533992320	3600		268.05		  58030339		990.50
7043	1533995920	3600		267.95		  54435850		983.50
7043	1533999520	3600		267.85		  51248855		983.50
7043	1534003120	3600		267.77		  48446745		983.50
7043	1534006720	3600		267.72		  46791482		980.00
7043	1534008923	2203		267.66		  45015366		980.00
-999	1534010123	1200		266.41		         0		-999.00
-999	1534013723	3600		262.16		         0		-999.00
-999	1534017323	3600		261.64		         0		-999.00
-999	1534019096	1773		262.32		         0		-999.00
7045	1534020296	1200		269.93		 115180111		1030.00
7045	1534023896	3600		270.20		 126488996		1024.00
7045	1534027496	3600		270.01		 116820286		1026.00
7045	1534031096	3600		269.69		 107156538		1021.00
7045	1534034696	3600		269.35		  96978677		1018.00
7045	1534038296	3600		269.13		  89391838		1010.00
7045	1534041896	3600		268.80		  80903423		1008.00
7045	1534045496	3600		268.60		  74471974		1002.00
7045	1534049096	3600		268.39		  68577304		1003.00
7045	1534052696	3600		268.32		  66429860		1003.00
7045	1534056296	3600		268.15		  60511711		996.00
7045	1534058999	2703		268.00		  55636550		996.00
-999	1534060199	1200		266.35		         0		-999.00
-999	1534063799	3600		266.48		         0		-999.00
-999	1534067399	3600		266.48		         0		-999.00
-999	1534070999	3600		266.48		         0		-999.00
-999	1534074599	3600		262.23		         0		-999.00
-999	1534077152	2553		262.16		         0		-999.00
7047	1534078352	1200		270.21		 123794662		1045.00
7047	1534081952	3600		270.61		 136772290		1043.00
7047	1534085552	3600		270.26		 125014916		1040.00
7047	1534089152	3600		269.89		 114063161		1037.00
7047	1534092752	3600		269.61		 105679732		1028.00
7047	1534096352	3600		269.32		  96076126		1026.00
7047	1534099952	3600		269.11		  89095490		1025.00
7047	1534103382	3430		268.85		  81910448		1020.00
-999	1534104582	1200		266.09		         0		-999.00
-999	1534108182	3600		266.40		         0		-999.00
-999	1534111782	3600		266.44		         0		-999.00
-999	1534115382	3600		266.44		         0		-999.00
-999	1534118982	3600		266.44		         0		-999.00
-999	1534122582	3600		262.29		         0		-999.00
-999	1534124348	1766		262.26		         0		-999.00
7048	1534125548	1200		270.27		 125189162		1053.00
7048	1534129148	3600		270.57		 133817429		1054.00
7048	1534132748	3600		270.21		 122896168		1047.00
7048	1534136348	3600		269.68		 108509117		1037.00
7048	1534137972	1624		269.62		 106342040		1028.00
-999	1534139172	1200		266.24		         0		-999.00
-999	1534142772	3600		266.48		         0		-999.00
-999	1534146372	3600		265.64		         0		-999.00
-999	1534149972	3600		266.29		         0		-999.00
-999	1534153572	3600		265.66		         0		-999.00
-999	1534155160	1588		266.29		         0		-999.00
7052	1534156360	1200		270.15		 119972330		1056.00
7052	1534159960	3600		270.35		 126536512		1053.00
7052	1534163560	3600		270.07		 118626854		1049.00
7052	1534167160	3600		269.76		 109333355		1042.00
7052	1534170760	3600		269.46		 100691205		1036.00
7052	1534174360	3600		269.21		  92067311		1036.00
7052	1534177960	3600		268.95		  84600273		1029.00
7052	1534181560	3600		268.72		  77078984		1028.00
7052	1534185160	3600		268.57		  72049863		1028.00
7052	1534188760	3600		268.38		  68123582		1018.00
7052	1534192360	3600		268.18		  61514916		1016.00
7052	1534195960	3600		268.07		  57632135		1016.00
7052	1534199337	3377		267.89		  52721182		1013.00
-999	1534200537	1200		266.45		         0		-999.00
-999	1534204137	3600		262.26		         0		-999.00
-999	1534207737	3600		261.94		         0		-999.00
-999	1534210358	2621		262.30		         0		-999.00
7053	1534211558	1200		270.29		 124007740		1075.00
7053	1534215158	3600		270.70		 138931204		1066.00
7053	1534218758	3600		270.35		 126031534		1063.00
7053	1534222358	3600		269.95		 115152742		1057.00
7053	1534225958	3600		269.66		 106442528		1054.00
7053	1534229558	3600		269.38		  97003502		1046.00
7053	1534231837	2279		269.20		  91031352		1042.00
-999	1534233037	1200		265.88		         0		-999.00
-999	1534236637	3600		262.34		         0		-999.00
-999	1534240237	3600		262.20		         0		-999.00
-999	1534243220	2983		262.28		         0		-999.00
-999	1534245116	1200		266.40		         0		-999.00
-999	1534248716	3600		262.16		         0		-999.00
-999	1534251884	3168		262.26		         0		-999.00
7055	1534253084	1200		270.41		 128122328		1080.00
7055	1534256684	3600		270.71		 138196956		1076.00
7055	1534260284	3600		269.84		 127924696		986.00
7055	1534263884	3600		269.97		 117064040		1060.00
7055	1534267484	3600		269.69		 106705706		1057.00
7055	1534271084	3600		269.41		  98591222		1053.00
7055	1534274684	3600		269.11		  89921559		1045.00
7055	1534278284	3600		268.85		  82617110		1044.00
7055	1534281720	3436		268.63		  75662224		1041.00
-999	1534282920	1200		266.38		         0		-999.00
-999	1534286520	3600		261.72		         0		-999.00
-999	1534290120	3600		262.24		         0		-999.00
-999	1534291280	1160		262.07		         0		-999.00
7056	1534292480	1200		270.33		 124349834		1084.00
7056	1534296080	3600		270.69		 137726756		1080.00
7056	1534299680	3600		270.31		 124836590		1076.00
7056	1534303280	3600		270.01		 116220837		1068.00
7056	1534306880	3600		269.62		 105932776		1069.00
7056	1534310480	3600		269.38		  97866594		1058.00
7056	1534314080	3600		269.16		  90674075		1055.00
7056	1534317680	3600		268.93		  82777310		1051.00
7056	1534321280	3600		268.68		  75909648		1050.00
7056	1534324880	3600		268.53		  70828017		1051.00
7056	1534328480	3600		268.42		  68519296		1046.00
7056	1534332080	3600		268.20		  61114078		1041.00
7056	1534335680	3600		268.08		  57206814		1041.00
7056	1534339280	3600		267.92		  51788090		1035.00
7056	1534342880	3600		267.73		  46805749		1034.00
7056	1534346480	3600		267.58		  43166145		1031.00
7056	1534350080	3600		267.47		  39667303		1030.00
7056	1534353680	3600		266.85		  37144667		947.50
7056	1534357280	3600		267.22		  33633927		1022.00
7056	1534360880	3600		267.16		  30364477		1027.00
7056	1534364480	3600		267.14		  29576563		1023.00
7056	1534368080	3600		267.08		  27750786		1023.00
7056	1534371680	3600		267.05		  26535076		1021.00
7056	1534375280	3600		267.00		  25052760		1021.00
7056	1534378880	3600		266.94		  23694936		1021.00
7056	1534382480	3600		266.91		  22395787		1020.00
7056	1534386080	3600		266.87		  21335131		1019.00
7056	1534387045	965		266.87		  21161562		1019.00
-999	1534388245	1200		261.93		         0		-999.00
-999	1534391845	3600		261.63		         0		-999.00
-999	1534395445	3600		262.23		         0		-999.00
-999	1534399045	3600		266.50		         0		-999.00
-999	1534402645	3600		266.15		         0		-999.00
-999	1534406245	3600		266.35		         0		-999.00
-999	1534409845	3600		266.56		         0		-999.00
-999	1534413445	3600		266.56		         0		-999.00
-999	1534417045	3600		266.46		         0		-999.00
-999	1534420645	3600		266.53		         0		-999.00
-999	1534424245	3600		266.55		         0		-999.00
-999	1534427845	3600		266.49		         0		-999.00
-999	1534431445	3600		266.49		         0		-999.00
-999	1534435045	3600		266.52		         0		-999.00
-999	1534438645	3600		266.48		         0		-999.00
-999	1534442245	3600		266.48		         0		-999.00
-999	1534445845	3600		266.32		         0		-999.00
-999	1534449445	3600		266.27		         0		-999.00
-999	1534453045	3600		266.47		         0		-999.00
-999	1534456645	3600		262.00		         0		-999.00
-999	1534460245	3600		262.19		         0		-999.00
-999	1534463845	3600		262.19		         0		-999.00
-999	1534467445	3600		262.19		         0		-999.00
-999	1534471045	3600		262.19		         0		-999.00
-999	1534474645	3600		261.81		         0		-999.00
-999	1534475239	594		261.65		         0		-999.00
7058	1534476439	1200		269.81		 118355404		1017.00
7058	1534480039	3600		270.41		 125985421		1089.00
7058	1534483639	3600		270.14		 121202790		1081.00
7058	1534487239	3600		269.83		 110867975		1074.00
7058	1534490839	3600		269.52		 100669743		1068.00
7058	1534494439	3600		269.25		  93128398		1064.00
7058	1534498039	3600		269.00		  84736879		1063.00
7058	1534501639	3600		268.78		  77470905		1060.00
7058	1534505239	3600		268.54		  71874134		1052.00
7058	1534508839	3600		268.38		  66797405		1055.00
7058	1534512439	3600		268.16		  60552530		1049.00
7058	1534516039	3600		267.96		  54270279		1047.00
7058	1534519639	3600		267.88		  51732162		1043.00
7058	1534523239	3600		267.52		  44919036		1031.00
7058	1534523411	172		267.42		  40020477		1035.00
-999	1534524611	1200		261.75		         0		-999.00
-999	1534528211	3600		262.27		         0		-999.00
-999	1534531811	3600		262.20		         0		-999.00
-999	1534533194	1383		262.28		         0		-999.00
7061	1534534394	1200		270.36		 126964715		1103.00
7061	1534537994	3600		270.64		 135991755		1102.00
7061	1534541594	3600		270.32		 125290450		1094.00
7061	1534545194	3600		270.00		 115735750		1088.00
7061	1534548794	3600		269.65		 105278552		1084.00
7061	1534552394	3600		269.39		  96738871		1079.00
7061	1534555994	3600		269.16		  89040053		1080.00
7061	1534559594	3600		268.94		  83152923		1074.00
7061	1534563194	3600		268.62		  75842159		1066.00
7061	1534566794	3600		268.54		  70607768		1070.00
7061	1534570394	3600		268.36		  65850352		1062.00
7061	1534573994	3600		268.17		  60711071		1063.00
7061	1534577594	3600		268.00		  55218224		1056.00
7061	1534581194	3600		267.65		  47292589		1047.00
7061	1534584283	3089		262.04		  45274446		 22.50
-999	1534585483	1200		261.69		         0		-999.00
-999	1534589083	3600		262.24		         0		-999.00
-999	1534592683	3600		262.18		         0		-999.00
-999	1534593033	350		262.18		         0		-999.00
7063	1534594233	1200		270.13		 121871177		1103.00
7063	1534597833	3600		270.48		 130735730		1110.00
7063	1534601433	3600		270.02		 121640923		1089.00
7063	1534605033	3600		269.79		 109802420		1096.00
7063	1534608633	3600		269.53		 100852959		1094.00
7063	1534612233	3600		269.28		  92787156		1088.00
7063	1534615833	3600		269.03		  84429643		1082.00
7063	1534619433	3600		268.74		  77983007		1079.00
7063	1534623033	3600		268.55		  71485723		1078.00
7063	1534626633	3600		268.34		  66010297		1072.00
7063	1534630233	3600		268.19		  60984577		1072.00
7063	1534633006	2773		268.07		  56803983		1068.00
-999	1534634206	1200		266.00		         0		-999.00
-999	1534637806	3600		262.20		         0		-999.00
-999	1534641406	3600		262.23		         0		-999.00
-999	1534645006	3600		266.52		         0		-999.00
-999	1534648606	3600		266.49		         0		-999.00
-999	1534652206	3600		261.96		         0		-999.00
-999	1534655806	3600		261.66		         0		-999.00
-999	1534657022	1216		262.30		         0		-999.00
7065	1534658222	1200		270.06		 122408320		1099.00
7065	1534661822	3600		270.66		 134979797		1117.00
7065	1534665422	3600		270.28		 124590649		1110.00
7065	1534669022	3600		269.94		 113217262		1107.00
7065	1534672622	3600		269.62		 104134184		1102.00
7065	1534676222	3600		269.27		  94818610		1096.00
7065	1534679822	3600		269.05		  87580767		1091.00
7065	1534683422	3600		268.84		  80328643		1089.00
7065	1534687022	3600		268.64		  73826832		1085.00
7065	1534690622	3600		268.51		  69524478		1083.00
7065	1534694222	3600		268.24		  62885602		1076.00
7065	1534697822	3600		268.08		  57588839		1077.00
7065	1534701422	3600		267.94		  54109103		1074.00
7065	1534703871	2449		267.58		  46194476		1062.00
-999	1534705071	1200		262.40		         0		-999.00
-999	1534708671	3600		262.05		         0		-999.00
-999	1534712271	3600		262.28		         0		-999.00
-999	1534715871	3600		262.28		         0		-999.00
-999	1534719471	3600		261.70		         0		-999.00
-999	1534721378	1907		262.14		         0		-999.00
7069	1534722578	1200		269.96		 114172942		1122.00
7069	1534726178	3600		270.23		 124533147		1124.00
7069	1534729778	3600		269.95		 115191334		1112.00
7069	1534733378	3600		269.66		 105710394		1108.00
7069	1534736978	3600		269.41		  97078720		1105.00
7069	1534740578	3600		269.11		  88378853		1102.00
7069	1534744178	3600		268.86		  81188076		1097.00
7069	1534747778	3600		268.64		  73990530		1093.00
7069	1534751378	3600		268.51		  69662560		1092.00
7069	1534754978	3600		268.31		  65225290		1087.00
7069	1534758578	3600		268.09		  59269395		1085.00
7069	1534762178	3600		267.93		  53971139		1080.00
7069	1534765778	3600		267.73		  47295205		1073.00
7069	1534769062	3284		267.43		  41118621		1065.00
-999	1534770262	1200		261.73		         0		-999.00
-999	1534773862	3600		266.20		         0		-999.00
-999	1534777462	3600		266.04		         0		-999.00
-999	1534781062	3600		266.08		         0		-999.00
-999	1534784662	3600		261.48		         0		-999.00
-999	1534788262	3600		262.16		         0		-999.00
-999	1534791862	3600		266.53		         0		-999.00
-999	1534795462	3600		266.53		         0		-999.00
-999	1534799062	3600		266.40		         0		-999.00
-999	1534802662	3600		266.52		         0		-999.00
-999	1534806262	3600		266.52		         0		-999.00
-999	1534809862	3600		266.52		         0		-999.00
-999	1534813462	3600		266.52		         0		-999.00
-999	1534817062	3600		266.52		         0		-999.00
-999	1534820662	3600		266.52		         0		-999.00
-999	1534824262	3600		266.52		         0		-999.00
-999	1534827862	3600		266.55		         0		-999.00
-999	1534831462	3600		266.36		         0		-999.00
-999	1534835062	3600		261.82		         0		-999.00
-999	1534838662	3600		266.23		         0		-999.00
-999	1534842262	3600		266.31		         0		-999.00
-999	1534845862	3600		266.03		         0		-999.00
-999	1534849462	3600		266.19		         0		-999.00
-999	1534853062	3600		266.10		         0		-999.00
-999	1534856662	3600		266.05		         0		-999.00
-999	1534860262	3600		266.29		         0		-999.00
-999	1534863862	3600		266.51		         0		-999.00
-999	1534867462	3600		266.36		         0		-999.00
-999	1534871062	3600		266.36		         0		-999.00
-999	1534874662	3600		266.29		         0		-999.00
-999	1534878262	3600		266.40		         0		-999.00
-999	1534881862	3600		265.94		         0		-999.00
-999	1534885462	3600		266.48		         0		-999.00
-999	1534889062	3600		266.48		         0		-999.00
-999	1534892662	3600		266.48		         0		-999.00
-999	1534896262	3600		266.48		         0		-999.00
-999	1534899862	3600		266.48		         0		-999.00
-999	1534903462	3600		266.48		         0		-999.00
-999	1534907062	3600		266.48		         0		-999.00
-999	1534910662	3600		266.48		         0		-999.00
-999	1534914262	3600		266.37		         0		-999.00
-999	1534917862	3600		266.49		         0		-999.00
-999	1534921462	3600		266.27		         0		-999.00
-999	1534925062	3600		266.14		         0		-999.00
-999	1534928662	3600		265.94		         0		-999.00
-999	1534932262	3600		266.05		         0		-999.00
-999	1534935862	3600		266.48		         0		-999.00
-999	1534939462	3600		266.27		         0		-999.00
-999	1534943062	3600		266.41		         0		-999.00
-999	1534946662	3600		266.18		         0		-999.00
-999	1534950262	3600		262.11		         0		-999.00
-999	1534953862	3600		262.12		         0		-999.00
-999	1534957462	3600		262.22		         0		-999.00
-999	1534961062	3600		262.18		         0		-999.00
-999	1534964662	3600		261.95		         0		-999.00
-999	1534968262	3600		262.01		         0		-999.00
-999	1534971862	3600		262.19		         0		-999.00
-999	1534975462	3600		262.19		         0		-999.00
-999	1534979062	3600		262.19		         0		-999.00
-999	1534982662	3600		262.19		         0		-999.00
-999	1534986262	3600		262.19		         0		-999.00
-999	1534989862	3600		262.17		         0		-999.00
-999	1534993462	3600		262.17		         0		-999.00
-999	1534997062	3600		262.15		         0		-999.00
-999	1535000662	3600		262.15		         0		-999.00
-999	1535004262	3600		261.91		         0		-999.00
-999	1535007862	3600		262.14		         0		-999.00
-999	1535011462	3600		261.92		         0		-999.00
-999	1535015062	3600		262.15		         0		-999.00
-999	1535018662	3600		262.15		         0		-999.00
-999	1535022262	3600		262.09		         0		-999.00
-999	1535023071	809		262.22		         0		-999.00
7078	1535024271	1200		269.90		 112934177		1107.00
7078	1535027871	3600		270.20		 121869872		1111.00
7078	1535030682	2811		269.94		 113340614		1107.00
-999	1535031882	1200		266.00		         0		-999.00
-999	1535035482	3600		266.36		         0		-999.00
-999	1535039082	3600		266.59		         0		-999.00
-999	1535042682	3600		266.49		         0		-999.00
-999	1535046282	3600		261.73		         0		-999.00
-999	1535049882	3600		262.22		         0		-999.00
-999	1535051403	1521		262.06		         0		-999.00
7080	1535052603	1200		270.31		 125420669		1125.00
7080	1535056203	3600		270.61		 133840415		1124.00
7080	1535059803	3600		270.24		 123420374		1113.00
7080	1535063403	3600		269.92		 112909177		1110.00
7080	1535067003	3600		269.58		 102750905		1107.00
7080	1535070603	3600		269.35		  96274907		1101.00
7080	1535074203	3600		269.06		  87861488		1096.00
7080	1535077803	3600		268.87		  81596724		1093.00
7080	1535081403	3600		268.72		  74677720		1091.00
7080	1535085003	3600		268.44		  68086095		1087.00
7080	1535088603	3600		268.39		  66654883		1090.00
7080	1535092203	3600		268.19		  61386135		1086.00
7080	1535095803	3600		268.02		  55863251		1081.00
7080	1535095826	23		267.92		  52388475		1081.00
-999	1535097026	1200		265.97		         0		-999.00
-999	1535100626	3600		266.35		         0		-999.00
-999	1535104226	3600		261.73		         0		-999.00
-999	1535107826	3600		262.22		         0		-999.00
-999	1535111280	3454		262.22		         0		-999.00
7083	1535112480	1200		269.86		 113500443		1121.00
7083	1535116080	3600		270.10		 120352613		1124.00
7083	1535119680	3600		269.84		 111681834		1119.00
7083	1535123280	3600		269.57		 101997391		1114.00
7083	1535126880	3600		269.33		  94016079		1109.00
7083	1535130480	3600		268.97		  85822715		1106.00
7083	1535134080	3600		268.84		  79003470		1104.00
7083	1535137680	3600		268.63		  71959581		1097.00
7083	1535141280	3600		268.39		  65310940		1096.00
7083	1535144880	3600		268.16		  60754070		1088.00
7083	1535148480	3600		268.01		  55558726		1089.00
7083	1535152080	3600		267.87		  50913985		1085.00
7083	1535152634	554		267.80		  48581332		1085.00
-999	1535153834	1200		266.31		         0		-999.00
-999	1535157434	3600		266.48		         0		-999.00
-999	1535161034	3600		266.48		         0		-999.00
-999	1535164634	3600		266.46		         0		-999.00
-999	1535168234	3600		266.46		         0		-999.00
-999	1535171834	3600		266.46		         0		-999.00
-999	1535175434	3600		266.49		         0		-999.00
-999	1535179034	3600		266.49		         0		-999.00
-999	1535182634	3600		265.73		         0		-999.00
-999	1535186234	3600		266.22		         0		-999.00
-999	1535189834	3600		266.22		         0		-999.00
-999	1535191851	2017		265.64		         0		-999.00
7087	1535193051	1200		270.18		 121014459		1147.00
7087	1535196651	3600		270.50		 131771707		1136.00
7087	1535200251	3600		270.22		 122459282		1135.00
7087	1535203851	3600		269.91		 112014218		1130.00
7087	1535207451	3600		269.50		 102186138		1124.00
7087	1535211051	3600		269.20		  93157991		1119.00
7087	1535214651	3600		268.97		  85718244		1115.00
7087	1535218251	3600		268.74		  77925087		1109.00
7087	1535221851	3600		268.51		  70364497		1108.00
7087	1535225451	3600		268.41		  67508718		1105.00
7087	1535229051	3600		268.19		  61480102		1102.00
7087	1535232651	3600		268.04		  56564863		1095.00
7087	1535236251	3600		267.85		  50201719		1094.00
7087	1535238176	1925		267.48		  42770258		1085.00
-999	1535239376	1200		262.09		         0		-999.00
-999	1535242976	3600		262.30		         0		-999.00
-999	1535246576	3600		262.31		         0		-999.00
-999	1535246754	178		262.21		         0		-999.00
7088	1535247954	1200		270.11		 117988274		1154.00
7088	1535251462	3508		270.44		 134120735		1128.00
-999	1535252662	1200		265.93		         0		-999.00
-999	1535256262	3600		262.18		         0		-999.00
-999	1535259862	3600		262.26		         0		-999.00
-999	1535263462	3600		262.26		         0		-999.00
-999	1535267062	3600		261.72		         0		-999.00
-999	1535267678	616		262.21		         0		-999.00
7090	1535268878	1200		270.27		 123975515		1152.00
7090	1535272478	3600		270.57		 133044881		1158.00
7090	1535276078	3600		270.19		 121306801		1149.00
7090	1535279678	3600		270.02		 112961905		1149.00
7090	1535283278	3600		269.62		 103133994		1139.00
7090	1535286878	3600		269.35		  94113972		1134.00
7090	1535290478	3600		269.12		  86660914		1129.00
7090	1535294078	3600		268.85		  80142345		1125.00
7090	1535297678	3600		268.58		  72693014		1124.00
7090	1535301278	3600		268.44		  67815354		1123.00
7090	1535304878	3600		268.33		  64067264		1121.00
7090	1535308478	3600		267.99		  59562512		1103.00
7090	1535312078	3600		267.85		  50562495		1111.00
7090	1535313102	1024		267.87		  51193971		1111.00
-999	1535314302	1200		262.07		         0		-999.00
-999	1535317902	3600		261.86		         0		-999.00
-999	1535321348	3446		262.24		         0		-999.00
7091	1535322548	1200		270.23		 121039248		1171.00
7091	1535326148	3600		270.51		 130537404		1167.00
7091	1535329748	3600		270.23		 120952590		1161.00
7091	1535333348	3600		269.88		 110459462		1154.00
7091	1535336948	3600		269.62		 101888109		1152.00
7091	1535340548	3600		269.27		  93797422		1148.00
7091	1535344148	3600		269.04		  86134817		1143.00
7091	1535347748	3600		268.84		  79325079		1139.00
7091	1535351348	3600		268.37		  71557186		1113.00
7091	1535354948	3600		268.48		  67424209		1130.00
7091	1535358548	3600		268.36		  63631491		1128.00
7091	1535362148	3600		268.14		  57167137		1125.00
7091	1535365748	3600		268.04		  54052386		1123.00
7091	1535368639	2891		267.69		  46020718		1114.00
-999	1535369839	1200		262.07		         0		-999.00
-999	1535373439	3600		266.11		         0		-999.00
-999	1535377039	3600		262.19		         0		-999.00
-999	1535380639	3600		262.23		         0		-999.00
-999	1535384239	3600		261.85		         0		-999.00
-999	1535385389	1150		262.34		         0		-999.00
7092	1535386589	1200		270.07		 117400364		1163.00
7092	1535390189	3600		270.34		 124864271		1168.00
7092	1535393789	3600		269.95		 115002585		1164.00
7092	1535395985	2196		269.80		 108591545		1156.00
-999	1535397185	1200		265.87		         0		-999.00
-999	1535400785	3600		266.40		         0		-999.00
-999	1535404385	3600		261.81		         0		-999.00
-999	1535407985	3600		262.24		         0		-999.00
-999	1535410972	2987		262.14		         0		-999.00
7095	1535412172	1200		270.07		 118759930		1160.00
7095	1535415772	3600		270.32		 126093632		1171.00
7095	1535419372	3600		270.04		 116628765		1163.00
7095	1535422972	3600		269.69		 106259702		1160.00
7095	1535426572	3600		269.46		  98591616		1154.00
7095	1535430172	3600		269.21		  90022870		1150.00
7095	1535431917	1745		269.07		  85424929		1149.00
-999	1535433117	1200		266.26		         0		-999.00
-999	1535436717	3600		265.94		         0		-999.00
-999	1535440317	3600		266.40		         0		-999.00
-999	1535443917	3600		261.48		         0		-999.00
-999	1535447517	3600		262.09		         0		-999.00
-999	1535451117	3600		262.22		         0		-999.00
-999	1535454717	3600		262.19		         0		-999.00
-999	1535456340	1623		262.31		         0		-999.00
7097	1535457540	1200		270.20		 120913289		1186.00
7097	1535461140	3600		270.36		 127442642		1180.00
7097	1535464740	3600		270.09		 118610847		1172.00
7097	1535468340	3600		269.81		 108506301		1167.00
7097	1535471940	3600		269.44		  98841871		1158.00
7097	1535475540	3600		269.17		  91044536		1155.00
7097	1535479140	3600		268.93		  82723743		1150.00
7097	1535482740	3600		268.69		  76203237		1147.00
7097	1535486340	3600		268.45		  69329288		1139.00
7097	1535489940	3600		268.38		  66835896		1139.00
7097	1535493540	3600		268.12		  59577954		1134.00
7097	1535497140	3600		268.02		  56350943		1133.00
7097	1535500740	3600		267.85		  50535016		1128.00
7097	1535504340	3600		267.70		  45761211		1123.00
7097	1535505368	1028		267.26		  36009606		1114.00
-999	1535506568	1200		261.70		         0		-999.00
-999	1535510168	3600		262.32		         0		-999.00
-999	1535512996	2828		261.67		         0		-999.00
7098	1535514196	1200		270.17		 121198375		1185.00
7098	1535517796	3600		270.52		 131391823		1190.00
7098	1535521396	3600		270.18		 121265011		1182.00
7098	1535524996	3600		269.86		 110822447		1178.00
7098	1535528596	3600		269.55		 101666079		1174.00
7098	1535532089	3493		269.22		  93071460		1164.00
-999	1535533289	1200		265.87		         0		-999.00
-999	1535536889	3600		266.10		         0		-999.00
-999	1535540489	3600		262.22		         0		-999.00
-999	1535544089	3600		262.34		         0		-999.00
-999	1535544488	399		262.34		         0		-999.00
7099	1535545688	1200		269.98		 117445177		1184.00
7099	1535549288	3600		270.38		 127052181		1187.00
7099	1535551174	1886		270.12		 118267207		1192.00
-999	1535552374	1200		266.33		         0		-999.00
-999	1535555974	3600		266.32		         0		-999.00
-999	1535559574	3600		266.44		         0		-999.00
-999	1535563174	3600		266.55		         0		-999.00
-999	1535566774	3600		262.30		         0		-999.00
-999	1535570374	3600		261.91		         0		-999.00
-999	1535570740	366		262.10		         0		-999.00
7101	1535571940	1200		270.43		 127935064		1203.00
7101	1535575540	3600		270.67		 136132392		1197.00
7101	1535579140	3600		270.26		 123758800		1190.00
7101	1535580041	901		270.12		 119145979		1187.00
-999	1535581241	1200		266.22		         0		-999.00
-999	1535584841	3600		266.53		         0		-999.00
-999	1535588441	3600		266.53		         0		-999.00
-999	1535592041	3600		266.53		         0		-999.00
-999	1535595641	3600		266.53		         0		-999.00
-999	1535599241	3600		266.53		         0		-999.00
-999	1535602841	3600		266.53		         0		-999.00
-999	1535606441	3600		266.53		         0		-999.00
-999	1535610041	3600		266.15		         0		-999.00
-999	1535613641	3600		266.23		         0		-999.00
-999	1535614998	1357		266.25		         0		-999.00
7105	1535616198	1200		270.27		 123694841		1199.00
7105	1535619798	3600		270.54		 131474293		1193.00
7105	1535623398	3600		270.19		 121041214		1190.00
7105	1535626998	3600		269.79		 110146885		1184.00
7105	1535630598	3600		269.55		 102017888		1176.00
7105	1535634198	3600		269.29		  93296529		1173.00
7105	1535637798	3600		269.02		  85789297		1166.00
7105	1535641398	3600		268.84		  79662342		1164.00
7105	1535644998	3600		268.53		  71076166		1159.00
7105	1535648598	3600		268.39		  66588569		1161.00
7105	1535652198	3600		268.28		  62697749		1156.00
7105	1535655798	3600		268.03		  56642665		1148.00
7105	1535659398	3600		267.93		  53197393		1149.00
7105	1535662998	3600		267.58		  46932408		1134.00
7105	1535663769	771		267.63		  45842195		1142.00
-999	1535664969	1200		262.36		         0		-999.00
-999	1535668569	3600		262.26		         0		-999.00
-999	1535672169	3600		266.46		         0		-999.00
-999	1535675769	3600		262.00		         0		-999.00
-999	1535679369	3600		261.76		         0		-999.00
-999	1535680532	1163		262.21		         0		-999.00
7108	1535681732	1200		270.36		 125730956		1204.00
7108	1535685332	3600		270.58		 133349526		1204.00
7108	1535688932	3600		270.26		 122562002		1198.00
7108	1535692532	3600		269.93		 112821360		1192.00
7108	1535696132	3600		269.62		 102686229		1193.00
7108	1535699732	3600		269.32		  94901304		1183.00
7108	1535703332	3600		269.04		  86864727		1175.00
7108	1535706932	3600		268.85		  80514985		1177.00
7108	1535710532	3600		268.65		  73651938		1173.00
7108	1535714132	3600		268.22		  67329141		1116.00
7108	1535717732	3600		268.32		  64070664		1163.00
7108	1535721332	3600		268.22		  60705407		1162.00
7108	1535724932	3600		267.80		  52126389		1150.00
7108	1535725313	381		267.57		  44599654		1150.00
-999	1535726513	1200		261.72		         0		-999.00
-999	1535730113	3600		262.32		         0		-999.00
-999	1535733713	3600		262.02		         0		-999.00
-999	1535733821	108		261.94		         0		-999.00
-999	1535735942	1200		266.46		         0		-999.00
-999	1535739542	3600		262.09		         0		-999.00
-999	1535742103	2561		262.31		         0		-999.00
7110	1535743303	1200		270.13		 120561108		1204.00
7110	1535746903	3600		270.44		 128086894		1210.00
7110	1535750503	3600		270.01		 117249139		1205.00
7110	1535754103	3600		269.77		 109226756		1203.00
7110	1535757703	3600		269.52		 100967762		1195.00
7110	1535761303	3600		269.26		  92353751		1193.00
7110	1535764903	3600		269.01		  85435983		1183.00
7110	1535768503	3600		268.82		  79005120		1182.00
7110	1535772103	3600		268.57		  72084245		1179.00
7110	1535775703	3600		268.42		  67077842		1178.00
7110	1535779303	3600		268.34		  64266765		1174.00
7110	1535782903	3600		267.98		  58933592		1156.00
7110	1535783443	540		267.89		  55902144		1160.00
-999	1535784643	1200		261.64		         0		-999.00
-999	1535788243	3600		262.27		         0		-999.00
-999	1535791843	3600		261.75		         0		-999.00
-999	1535792877	1034		262.31		         0		-999.00
-999	1535795063	1200		266.48		         0		-999.00
-999	1535798663	3600		266.48		         0		-999.00
-999	1535802263	3600		266.48		         0		-999.00
-999	1535805863	3600		266.48		         0		-999.00
-999	1535809463	3600		266.45		         0		-999.00
-999	1535813063	3600		266.45		         0		-999.00
-999	1535816663	3600		266.45		         0		-999.00
-999	1535820263	3600		266.49		         0		-999.00
-999	1535823863	3600		262.06		         0		-999.00
-999	1535826450	2587		262.15		         0		-999.00
-999	1535828222	1200		266.07		         0		-999.00
-999	1535831822	3600		266.49		         0		-999.00
-999	1535835422	3600		266.49		         0		-999.00
-999	1535839022	3600		266.49		         0		-999.00
-999	1535842622	3600		262.23		         0		-999.00
-999	1535846222	3600		262.23		         0		-999.00
-999	1535848779	2557		262.28		         0		-999.00
7117	1535849979	1200		270.39		 127477188		1230.00
7117	1535853579	3600		270.65		 134715725		1224.00
7117	1535857179	3600		270.30		 124551372		1214.00
7117	1535860779	3600		269.98		 113923917		1208.00
7117	1535864379	3600		269.60		 103645547		1200.00
7117	1535864581	202		269.83		 111137771		1200.00
-999	1535865781	1200		266.41		         0		-999.00
-999	1535869381	3600		266.45		         0		-999.00
-999	1535872981	3600		266.45		         0		-999.00
-999	1535876581	3600		260.90		         0		-999.00
-999	1535880181	3600		262.22		         0		-999.00
-999	1535880182	1		262.22		         0		-999.00
7118	1535881382	1200		270.59		 130630920		1242.00
7118	1535884982	3600		270.87		 142305785		1230.00
7118	1535888582	3600		270.48		 129700831		1224.00
7118	1535892182	3600		270.00		 118982510		1199.00
7118	1535895782	3600		269.67		 108042027		1205.00
7118	1535899382	3600		269.46		  99636903		1204.00
7118	1535902982	3600		269.24		  90888200		1203.00
7118	1535904414	1432		268.45		  75354297		1178.00
-999	1535905614	1200		262.43		         0		-999.00
-999	1535909214	3600		266.48		         0		-999.00
-999	1535912814	3600		261.68		         0		-999.00
-999	1535916414	3600		262.20		         0		-999.00
-999	1535917171	757		262.32		         0		-999.00
7120	1535918371	1200		270.49		 130698952		1237.00
7120	1535921971	3600		270.77		 138922232		1239.00
7120	1535925571	3600		270.40		 127706822		1226.00
7120	1535929171	3600		269.95		 115098908		1222.00
7120	1535932771	3600		269.74		 106800907		1217.00
7120	1535936371	3600		269.12		  92890771		1191.00
7120	1535936549	178		269.68		 111710940		1195.00
-999	1535937749	1200		262.44		         0		-999.00
-999	1535941349	3600		262.33		         0		-999.00
-999	1535944949	3600		261.72		         0		-999.00
-999	1535948549	3600		262.19		         0		-999.00
-999	1535949364	815		262.31		         0		-999.00
7122	1535950564	1200		270.28		 121806018		1248.00
7122	1535954164	3600		270.70		 137307884		1240.00
7122	1535957764	3600		270.29		 123827155		1226.00
7122	1535961364	3600		269.99		 113826220		1225.00
7122	1535964964	3600		269.61		 102565525		1221.00
7122	1535968564	3600		269.25		  93200300		1215.00
7122	1535972164	3600		269.03		  85821525		1207.00
7122	1535972423	259		268.91		  81780616		1207.00
-999	1535973623	1200		266.20		         0		-999.00
-999	1535977223	3600		266.15		         0		-999.00
-999	1535980823	3600		261.51		         0		-999.00
-999	1535984423	3600		262.32		         0		-999.00
-999	1535985541	1118		262.31		         0		-999.00
7123	1535986741	1200		270.36		 126357945		1245.00
7123	1535990341	3600		270.59		 133915055		1246.00
7123	1535993941	3600		270.30		 124380216		1239.00
7123	1535997541	3600		269.93		 113089114		1235.00
7123	1536001141	3600		269.67		 104644019		1227.00
7123	1536004741	3600		269.38		  95841611		1219.00
7123	1536008341	3600		269.07		  88058329		1217.00
7123	1536011941	3600		268.88		  81762110		1215.00
7123	1536015541	3600		268.68		  75094481		1208.00
7123	1536019141	3600		268.47		  69518360		1204.00
7123	1536022741	3600		268.28		  63109987		1197.00
7123	1536026309	3568		267.94		  57195920		1182.00
-999	1536027509	1200		266.42		         0		-999.00
-999	1536031109	3600		261.82		         0		-999.00
-999	1536033290	2181		262.35		         0		-999.00
7124	1536034490	1200		270.54		 129882243		1262.00
7124	1536038090	3600		270.75		 136627888		1260.00
7124	1536041690	3600		270.36		 126183064		1250.00
7124	1536045290	3600		269.97		 114300295		1244.00
7124	1536048890	3600		269.66		 104963203		1237.00
7124	1536052490	3600		269.37		  95570461		1228.00
7124	1536056090	3600		269.11		  88043885		1223.00
7124	1536059690	3600		268.79		  80265960		1213.00
7124	1536063290	3600		268.60		  73661553		1218.00
7124	1536066890	3600		268.52		  71082278		1218.00
7124	1536070490	3600		268.36		  65773689		1214.00
7124	1536074090	3600		268.20		  61696605		1208.00
7124	1536077690	3600		267.77		  51188018		1191.00
7124	1536078019	329		267.46		  40775904		1191.00
-999	1536079219	1200		261.83		         0		-999.00
-999	1536082819	3600		262.24		         0		-999.00
-999	1536085704	2885		262.31		         0		-999.00
7125	1536086904	1200		270.26		 121829851		1265.00
7125	1536090504	3600		270.47		 128573064		1254.00
7125	1536094104	3600		270.07		 117970071		1250.00
7125	1536097704	3600		269.83		 109936604		1246.00
7125	1536101304	3600		269.55		 100531416		1243.00
7125	1536104904	3600		269.30		  93178367		1237.00
7125	1536108504	3600		268.99		  85308375		1232.00
7125	1536112104	3600		268.81		  79355323		1229.00
7125	1536115704	3600		268.61		  72756186		1221.00
7125	1536119304	3600		268.41		  67505939		1224.00
7125	1536121786	2482		268.36		  65699207		1217.00
-999	1536122986	1200		261.68		         0		-999.00
-999	1536126586	3600		266.46		         0		-999.00
-999	1536130186	3600		265.86		         0		-999.00
-999	1536133786	3600		266.41		         0		-999.00
-999	1536137386	3600		266.27		         0		-999.00
-999	1536140986	3600		266.18		         0		-999.00
-999	1536141634	648		266.30		         0		-999.00
7127	1536142834	1200		270.31		 124929473		1273.00
7127	1536146434	3600		270.60		 131701314		1274.00
7127	1536150034	3600		270.24		 123488481		1259.00
7127	1536153634	3600		269.86		 112159570		1255.00
7127	1536157234	3600		269.61		 103560094		1251.00
7127	1536160834	3600		269.33		  94169489		1246.00
7127	1536164434	3600		269.08		  86976130		1237.00
7127	1536168034	3600		268.84		  79246118		1236.00
7127	1536171634	3600		268.59		  73067561		1231.00
7127	1536175234	3600		268.28		  69164824		1200.00
7127	1536178834	3600		268.25		  62188575		1222.00
7127	1536182434	3600		268.06		  58142554		1213.00
7127	1536185562	3128		267.71		  50535392		1198.00
-999	1536186762	1200		266.38		         0		-999.00
-999	1536190362	3600		261.99		         0		-999.00
-999	1536192661	2299		262.33		         0		-999.00
7128	1536193861	1200		270.29		 123428336		1274.00
7128	1536197461	3600		270.52		 131121608		1276.00
7128	1536201061	3600		270.13		 119190644		1268.00
7128	1536204661	3600		269.85		 110053903		1263.00
7128	1536208261	3600		269.49		  99417453		1256.00
7128	1536211861	3600		269.24		  92405005		1252.00
7128	1536215461	3600		268.99		  83961352		1245.00
7128	1536216485	1024		268.82		  79799584		1246.00
-999	1536217685	1200		266.05		         0		-999.00
-999	1536221285	3600		262.04		         0		-999.00
-999	1536224885	3600		262.06		         0		-999.00
-999	1536228485	3600		262.31		         0		-999.00
-999	1536232085	3600		261.62		         0		-999.00
-999	1536234138	2053		262.11		         0		-999.00
7131	1536235338	1200		270.34		 125892260		1292.00
7131	1536238938	3600		270.56		 133186687		1282.00
7131	1536242538	3600		270.23		 122202671		1273.00
7131	1536246138	3600		269.89		 112524052		1268.00
7131	1536249738	3600		269.58		 102463263		1266.00
7131	1536253338	3600		269.31		  94389558		1259.00
7131	1536256938	3600		269.03		  86242315		1250.00
7131	1536260538	3600		268.84		  80012939		1247.00
7131	1536264138	3600		268.53		  70889780		1242.00
7131	1536267738	3600		268.40		  66421525		1241.00
7131	1536268413	675		268.35		  65046264		1241.00
-999	1536269613	1200		266.40		         0		-999.00
-999	1536273213	3600		266.28		         0		-999.00
-999	1536275070	1857		266.39		         0		-999.00
7132	1536276270	1200		269.93		 111877847		1285.00
7132	1536279870	3600		270.30		 124131733		1285.00
7132	1536283470	3600		270.01		 114707205		1278.00
7132	1536287070	3600		269.65		 104887384		1271.00
7132	1536290670	3600		269.41		  96890646		1266.00
7132	1536294270	3600		269.15		  88358589		1260.00
7132	1536295684	1414		269.03		  84274909		1258.00
-999	1536296884	1200		266.12		         0		-999.00
-999	1536300484	3600		265.99		         0		-999.00
-999	1536304084	3600		266.37		         0		-999.00
-999	1536307684	3600		262.22		         0		-999.00
-999	1536311284	3600		262.14		         0		-999.00
-999	1536311348	64		262.10		         0		-999.00
7133	1536312548	1200		269.98		 116051101		1282.00
7133	1536316148	3600		270.36		 126492534		1283.00
7133	1536319748	3600		270.02		 114983274		1279.00
7133	1536323348	3600		269.69		 105278313		1275.00
7133	1536323858	510		269.51		  99324456		1275.00
-999	1536325058	1200		266.25		         0		-999.00
-999	1536328658	3600		262.22		         0		-999.00
-999	1536332258	3600		262.31		         0		-999.00
-999	1536335160	2902		262.31		         0		-999.00
7135	1536336360	1200		270.00		 113661899		1296.00
7135	1536339960	3600		270.11		 118654778		1281.00
7135	1536343560	3600		269.88		 110886482		1280.00
7135	1536347160	3600		269.63		 104159944		1276.00
7135	1536347926	766		268.24		  66980057		1247.00
-999	1536349126	1200		261.78		         0		-999.00
-999	1536352726	3600		266.42		         0		-999.00
-999	1536356326	3600		266.49		         0		-999.00
-999	1536359926	3600		261.96		         0		-999.00
-999	1536362297	2371		262.19		         0		-999.00
7137	1536363497	1200		270.02		 114468799		1301.00
7137	1536367097	3600		270.32		 124419333		1292.00
7137	1536370697	3600		269.99		 114860600		1286.00
7137	1536374297	3600		269.73		 106134081		1279.00
7137	1536377897	3600		269.42		  97132707		1274.00
7137	1536381497	3600		269.23		  90018480		1275.00
7137	1536385097	3600		268.94		  82837584		1265.00
7137	1536388697	3600		268.74		  76161219		1261.00
7137	1536392297	3600		268.47		  69789786		1256.00
7137	1536395897	3600		268.42		  68212461		1255.00
7137	1536399497	3600		268.24		  62384514		1248.00
7137	1536403097	3600		268.06		  56388750		1247.00
7137	1536406697	3600		267.68		  48470855		1228.00
7137	1536409379	2682		261.94		  46364195		 13.50
-999	1536410579	1200		261.98		         0		-999.00
-999	1536414179	3600		261.90		         0		-999.00
-999	1536417779	3600		261.86		         0		-999.00
-999	1536420728	2949		262.33		         0		-999.00
7139	1536421928	1200		269.76		 108108169		1299.00
7139	1536425528	3600		270.12		 118797052		1301.00
7139	1536429128	3600		269.31		 110027525		1190.00
7139	1536432728	3600		269.01		 102705822		1178.00
7139	1536436328	3600		269.33		  93919333		1282.00
7139	1536439928	3600		269.06		  86380345		1276.00
7139	1536443528	3600		268.84		  80170412		1274.00
7139	1536447128	3600		268.66		  74283187		1267.00
7139	1536450728	3600		268.51		  69253089		1268.00
7139	1536454328	3600		268.44		  66915668		1260.00
7139	1536457928	3600		268.23		  61215836		1263.00
7139	1536461528	3600		268.14		  58247280		1259.00
7139	1536465128	3600		267.84		  51998431		1245.00
7139	1536465786	658		262.01		  38230493		 13.00
-999	1536466986	1200		262.40		         0		-999.00
-999	1536470586	3600		262.01		         0		-999.00
-999	1536474186	3600		262.11		         0		-999.00
-999	1536474695	509		262.23		         0		-999.00
-999	1536476173	1200		266.53		         0		-999.00
-999	1536479773	3600		266.53		         0		-999.00
-999	1536483373	3600		266.53		         0		-999.00
-999	1536486973	3600		262.09		         0		-999.00
-999	1536490573	3600		262.24		         0		-999.00
-999	1536494173	3600		262.24		         0		-999.00
-999	1536497773	3600		262.21		         0		-999.00
-999	1536501373	3600		262.19		         0		-999.00
-999	1536501467	94		262.15		         0		-999.00
7144	1536502667	1200		270.43		 124520606		1328.00
7144	1536506267	3600		270.59		 135229154		1311.00
7144	1536509867	3600		270.23		 124841104		1300.00
7144	1536513467	3600		269.94		 112495440		1304.00
7144	1536517067	3600		269.13		 104210025		1191.00
7144	1536520667	3600		269.31		  95371628		1286.00
7144	1536524267	3600		269.07		  86970449		1279.00
7144	1536527867	3600		268.87		  80378168		1277.00
7144	1536531467	3600		268.60		  72522234		1269.00
7144	1536534383	2916		268.46		  68015655		1277.00
-999	1536535583	1200		266.22		         0		-999.00
-999	1536539183	3600		261.37		         0		-999.00
-999	1536542783	3600		262.31		         0		-999.00
-999	1536543057	274		262.16		         0		-999.00
7145	1536544257	1200		270.15		 118551743		1326.00
7145	1536547857	3600		270.45		 128716709		1318.00
7145	1536551457	3600		270.12		 118658529		1313.00
7145	1536555057	3600		269.78		 108680872		1302.00
7145	1536558657	3600		269.54		 100524819		1301.00
7145	1536562257	3600		269.25		  92058249		1294.00
7145	1536565857	3600		269.02		  84562130		1292.00
7145	1536569457	3600		268.55		  78177859		1214.00
7145	1536573057	3600		268.58		  71532568		1280.00
7145	1536575398	2341		268.45		  67470760		1279.00
-999	1536576598	1200		261.76		         0		-999.00
-999	1536580198	3600		265.98		         0		-999.00
-999	1536583798	3600		266.51		         0		-999.00
-999	1536587398	3600		266.02		         0		-999.00
-999	1536590998	3600		266.40		         0		-999.00
-999	1536594598	3600		266.56		         0		-999.00
-999	1536598198	3600		266.57		         0		-999.00
-999	1536601798	3600		266.57		         0		-999.00
-999	1536605398	3600		266.57		         0		-999.00
-999	1536608998	3600		266.57		         0		-999.00
-999	1536612598	3600		266.57		         0		-999.00
-999	1536616198	3600		266.57		         0		-999.00
-999	1536619798	3600		266.57		         0		-999.00
-999	1536623398	3600		266.57		         0		-999.00
-999	1536626998	3600		266.57		         0		-999.00
-999	1536630598	3600		266.57		         0		-999.00
-999	1536634198	3600		266.57		         0		-999.00
-999	1536637798	3600		266.57		         0		-999.00
-999	1536641398	3600		266.57		         0		-999.00
-999	1536644998	3600		266.57		         0		-999.00
-999	1536648598	3600		266.31		         0		-999.00
-999	1536652198	3600		266.01		         0		-999.00
-999	1536655798	3600		266.54		         0		-999.00
-999	1536659398	3600		265.99		         0		-999.00
-999	1536662998	3600		265.90		         0		-999.00
-999	1536666598	3600		265.79		         0		-999.00
-999	1536670198	3600		265.59		         0		-999.00
-999	1536673798	3600		266.22		         0		-999.00
-999	1536677398	3600		266.22		         0		-999.00
-999	1536680998	3600		266.22		         0		-999.00
-999	1536684598	3600		266.22		         0		-999.00
-999	1536688198	3600		266.12		         0		-999.00
-999	1536691798	3600		266.20		         0		-999.00
-999	1536695398	3600		266.20		         0		-999.00
-999	1536698998	3600		266.25		         0		-999.00
-999	1536702598	3600		266.21		         0		-999.00
-999	1536706198	3600		266.21		         0		-999.00
-999	1536709798	3600		266.21		         0		-999.00
-999	1536713398	3600		266.21		         0		-999.00
-999	1536716998	3600		266.21		         0		-999.00
-999	1536720598	3600		266.22		         0		-999.00
-999	1536724198	3600		259.95		         0		-999.00
-999	1536727798	3600		259.62		         0		-999.00
-999	1536731398	3600		259.67		         0		-999.00
-999	1536734998	3600		259.80		         0		-999.00
-999	1536738598	3600		259.90		         0		-999.00
-999	1536742198	3600		259.88		         0		-999.00
-999	1536745798	3600		259.80		         0		-999.00
-999	1536749398	3600		259.77		         0		-999.00
-999	1536752998	3600		259.92		         0		-999.00
-999	1536756598	3600		259.92		         0		-999.00
-999	1536760198	3600		259.73		         0		-999.00
-999	1536763798	3600		259.71		         0		-999.00
-999	1536767398	3600		259.92		         0		-999.00
-999	1536770998	3600		259.87		         0		-999.00
-999	1536774598	3600		259.92		         0		-999.00
-999	1536778198	3600		259.77		         0		-999.00
-999	1536781798	3600		259.92		         0		-999.00
-999	1536785398	3600		259.88		         0		-999.00
-999	1536788998	3600		259.92		         0		-999.00
-999	1536792598	3600		259.84		         0		-999.00
-999	1536796198	3600		259.85		         0		-999.00
-999	1536799798	3600		259.92		         0		-999.00
-999	1536803398	3600		259.88		         0		-999.00
-999	1536806998	3600		259.84		         0		-999.00
-999	1536810598	3600		259.78		         0		-999.00
-999	1536814198	3600		259.92		         0		-999.00
-999	1536817798	3600		259.92		         0		-999.00
-999	1536821398	3600		259.72		         0		-999.00
-999	1536824998	3600		259.89		         0		-999.00
-999	1536828598	3600		259.86		         0		-999.00
-999	1536832198	3600		259.85		         0		-999.00
-999	1536835798	3600		259.80		         0		-999.00
-999	1536839398	3600		259.93		         0		-999.00
-999	1536842998	3600		259.88		         0		-999.00
-999	1536846598	3600		259.92		         0		-999.00
-999	1536850198	3600		259.76		         0		-999.00
-999	1536853798	3600		259.73		         0		-999.00
-999	1536857398	3600		259.96		         0		-999.00
-999	1536860998	3600		259.86		         0		-999.00
-999	1536864598	3600		259.92		         0		-999.00
-999	1536868198	3600		259.88		         0		-999.00
-999	1536871798	3600		259.86		         0		-999.00
-999	1536875398	3600		259.69		         0		-999.00
-999	1536878998	3600		259.80		         0		-999.00
-999	1536882598	3600		259.93		         0		-999.00
-999	1536886198	3600		259.85		         0		-999.00
-999	1536889798	3600		259.88		         0		-999.00
-999	1536893398	3600		259.92		         0		-999.00
-999	1536896998	3600		259.82		         0		-999.00
-999	1536900598	3600		259.77		         0		-999.00
-999	1536904198	3600		259.90		         0		-999.00
-999	1536907798	3600		259.96		         0		-999.00
-999	1536911398	3600		259.78		         0		-999.00
-999	1536914998	3600		259.92		         0		-999.00
-999	1536918598	3600		259.88		         0		-999.00
-999	1536922198	3600		259.88		         0		-999.00
-999	1536925798	3600		259.77		         0		-999.00
-999	1536929398	3600		259.88		         0		-999.00
-999	1536932998	3600		259.85		         0		-999.00
-999	1536936598	3600		259.89		         0		-999.00
-999	1536940198	3600		259.77		         0		-999.00
-999	1536943798	3600		259.84		         0		-999.00
-999	1536947398	3600		259.92		         0		-999.00
-999	1536950998	3600		259.78		         0		-999.00
-999	1536954598	3600		259.88		         0		-999.00
-999	1536958198	3600		259.93		         0		-999.00
-999	1536961798	3600		259.77		         0		-999.00
-999	1536965398	3600		259.92		         0		-999.00
-999	1536968998	3600		259.80		         0		-999.00
-999	1536972598	3600		259.77		         0		-999.00
-999	1536976198	3600		259.77		         0		-999.00
-999	1536979798	3600		259.93		         0		-999.00
-999	1536983398	3600		259.77		         0		-999.00
-999	1536986998	3600		259.84		         0		-999.00
-999	1536990598	3600		259.88		         0		-999.00
-999	1536994198	3600		259.82		         0		-999.00
-999	1536997798	3600		259.88		         0		-999.00
-999	1537001398	3600		259.76		         0		-999.00
-999	1537004998	3600		259.81		         0		-999.00
-999	1537008598	3600		259.80		         0		-999.00
-999	1537012198	3600		259.85		         0		-999.00
-999	1537015798	3600		259.92		         0		-999.00
-999	1537019398	3600		259.77		         0		-999.00
-999	1537022998	3600		259.73		         0		-999.00
-999	1537026598	3600		259.85		         0		-999.00
-999	1537030198	3600		259.84		         0		-999.00
-999	1537033798	3600		259.92		         0		-999.00
-999	1537037398	3600		259.78		         0		-999.00
-999	1537040998	3600		259.80		         0		-999.00
-999	1537044598	3600		259.68		         0		-999.00
-999	1537048198	3600		259.85		         0		-999.00
-999	1537051798	3600		259.87		         0		-999.00
-999	1537055398	3600		259.76		         0		-999.00
-999	1537058998	3600		259.72		         0		-999.00
-999	1537062598	3600		259.87		         0		-999.00
-999	1537066198	3600		259.84		         0		-999.00
-999	1537069798	3600		259.87		         0		-999.00
-999	1537073398	3600		259.76		         0		-999.00
-999	1537076998	3600		259.92		         0		-999.00
-999	1537080042	3044		259.85		         0		-999.00
7188	1537081242	1200		259.80		         0		 12.50
7188	1537084842	3600		259.80		         0		 12.50
7188	1537088442	3600		259.88		         0		 12.50
7188	1537092042	3600		259.83		         0		 12.50
7188	1537095642	3600		259.70		         0		 12.50
7188	1537096150	508		259.69		         0		 12.50
-999	1537097350	1200		259.76		         0		-999.00
-999	1537100950	3600		259.91		         0		-999.00
-999	1537104550	3600		259.83		         0		-999.00
-999	1537108150	3600		259.80		         0		-999.00
-999	1537111750	3600		259.80		         0		-999.00
-999	1537115350	3600		259.78		         0		-999.00
-999	1537118950	3600		259.87		         0		-999.00
-999	1537122550	3600		259.83		         0		-999.00
-999	1537126150	3600		259.77		         0		-999.00
-999	1537129750	3600		259.71		         0		-999.00
-999	1537133350	3600		259.80		         0		-999.00
-999	1537136950	3600		259.87		         0		-999.00
-999	1537140550	3600		259.75		         0		-999.00
-999	1537144150	3600		259.76		         0		-999.00
-999	1537147750	3600		259.80		         0		-999.00
-999	1537151350	3600		259.87		         0		-999.00
-999	1537154950	3600		259.80		         0		-999.00
-999	1537158550	3600		259.71		         0		-999.00
-999	1537162150	3600		260.09		         0		-999.00
-999	1537165750	3600		260.25		         0		-999.00
-999	1537169350	3600		260.78		         0		-999.00
-999	1537172950	3600		260.86		         0		-999.00
-999	1537176550	3600		266.26		         0		-999.00
-999	1537180150	3600		262.13		         0		-999.00
-999	1537183750	3600		266.17		         0		-999.00
-999	1537187350	3600		266.23		         0		-999.00
-999	1537190950	3600		266.19		         0		-999.00
-999	1537194550	3600		266.18		         0		-999.00
-999	1537198150	3600		266.14		         0		-999.00
-999	1537201750	3600		266.48		         0		-999.00
-999	1537205350	3600		266.44		         0		-999.00
-999	1537208950	3600		266.48		         0		-999.00
-999	1537212550	3600		266.46		         0		-999.00
-999	1537216150	3600		266.18		         0		-999.00
-999	1537219750	3600		266.41		         0		-999.00
-999	1537223350	3600		266.41		         0		-999.00
-999	1537226950	3600		266.41		         0		-999.00
-999	1537230550	3600		266.41		         0		-999.00
-999	1537234150	3600		266.41		         0		-999.00
-999	1537237750	3600		266.44		         0		-999.00
-999	1537241350	3600		266.44		         0		-999.00
-999	1537244950	3600		266.31		         0		-999.00
-999	1537248550	3600		266.42		         0		-999.00
-999	1537252150	3600		265.88		         0		-999.00
-999	1537255750	3600		266.15		         0		-999.00
-999	1537259350	3600		266.29		         0		-999.00
-999	1537262950	3600		266.21		         0		-999.00
-999	1537266550	3600		266.39		         0		-999.00
-999	1537270150	3600		266.35		         0		-999.00
-999	1537273750	3600		266.43		         0		-999.00
-999	1537277350	3600		266.27		         0		-999.00
-999	1537280950	3600		266.31		         0		-999.00
-999	1537284550	3600		265.91		         0		-999.00
-999	1537288150	3600		266.06		         0		-999.00
-999	1537291750	3600		266.24		         0		-999.00
-999	1537295350	3600		266.38		         0		-999.00
-999	1537298950	3600		266.42		         0		-999.00
-999	1537302550	3600		266.42		         0		-999.00
-999	1537306150	3600		266.40		         0		-999.00
-999	1537309750	3600		266.40		         0		-999.00
-999	1537313350	3600		266.40		         0		-999.00
-999	1537316950	3600		266.40		         0		-999.00
-999	1537320550	3600		266.40		         0		-999.00
-999	1537324150	3600		266.40		         0		-999.00
-999	1537327750	3600		266.40		         0		-999.00
-999	1537331350	3600		265.78		         0		-999.00
-999	1537334950	3600		266.01		         0		-999.00
-999	1537338550	3600		266.13		         0		-999.00
-999	1537342150	3600		266.13		         0		-999.00
-999	1537345750	3600		266.09		         0		-999.00
-999	1537349350	3600		266.11		         0		-999.00
-999	1537352950	3600		266.10		         0		-999.00
-999	1537356550	3600		265.98		         0		-999.00
-999	1537360150	3600		265.34		         0		-999.00
-999	1537363750	3600		265.60		         0		-999.00
-999	1537367350	3600		265.24		         0		-999.00
-999	1537370950	3600		265.55		         0		-999.00
-999	1537374550	3600		265.50		         0		-999.00
-999	1537378150	3600		265.57		         0		-999.00
-999	1537381750	3600		265.57		         0		-999.00
-999	1537385350	3600		265.77		         0		-999.00
-999	1537388950	3600		265.61		         0		-999.00
-999	1537392550	3600		265.61		         0		-999.00
-999	1537396150	3600		265.61		         0		-999.00
-999	1537399750	3600		265.61		         0		-999.00
-999	1537403350	3600		265.58		         0		-999.00
-999	1537406950	3600		265.75		         0		-999.00
-999	1537410550	3600		265.78		         0		-999.00
-999	1537414150	3600		265.82		         0		-999.00
-999	1537417750	3600		265.53		         0		-999.00
-999	1537421350	3600		265.57		         0		-999.00
-999	1537424950	3600		267.00		         0		-999.00
-999	1537428550	3600		266.80		         0		-999.00
-999	1537432150	3600		256.36		         0		-999.00
-999	1537435750	3600		261.28		         0		-999.00
-999	1537439350	3600		261.35		         0		-999.00
-999	1537442950	3600		265.57		         0		-999.00
-999	1537446550	3600		265.46		         0		-999.00
-999	1537450150	3600		265.54		         0		-999.00
-999	1537453750	3600		265.62		         0		-999.00
-999	1537457350	3600		265.46		         0		-999.00
-999	1537460950	3600		265.77		         0		-999.00
-999	1537464550	3600		265.77		         0		-999.00
-999	1537468150	3600		265.56		         0		-999.00
-999	1537471750	3600		265.56		         0		-999.00
-999	1537475350	3600		265.56		         0		-999.00
-999	1537478950	3600		265.60		         0		-999.00
-999	1537482550	3600		265.56		         0		-999.00
-999	1537486150	3600		265.79		         0		-999.00
-999	1537489750	3600		265.87		         0		-999.00
-999	1537493350	3600		265.87		         0		-999.00
-999	1537496950	3600		265.87		         0		-999.00
-999	1537500550	3600		265.75		         0		-999.00
-999	1537504150	3600		265.81		         0		-999.00
-999	1537507750	3600		265.39		         0		-999.00
-999	1537511350	3600		265.35		         0		-999.00
-999	1537514950	3600		265.43		         0		-999.00
-999	1537518550	3600		255.96		         0		-999.00
-999	1537522150	3600		255.89		         0		-999.00
-999	1537525750	3600		255.95		         0		-999.00
-999	1537529350	3600		256.03		         0		-999.00
-999	1537532950	3600		256.08		         0		-999.00
-999	1537536550	3600		265.69		         0		-999.00
-999	1537540150	3600		265.51		         0		-999.00
-999	1537543750	3600		265.84		         0		-999.00
-999	1537547350	3600		265.51		         0		-999.00
-999	1537550950	3600		261.38		         0		-999.00
-999	1537554550	3600		261.57		         0		-999.00
-999	1537558150	3600		261.61		         0		-999.00
-999	1537561750	3600		261.61		         0		-999.00
-999	1537565350	3600		261.14		         0		-999.00
-999	1537568950	3600		261.60		         0		-999.00
-999	1537572550	3600		261.60		         0		-999.00
-999	1537576150	3600		261.18		         0		-999.00
-999	1537579750	3600		261.67		         0		-999.00
-999	1537583350	3600		261.63		         0		-999.00
-999	1537586950	3600		261.66		         0		-999.00
-999	1537590550	3600		261.63		         0		-999.00
-999	1537594150	3600		261.66		         0		-999.00
-999	1537597750	3600		261.66		         0		-999.00
-999	1537601350	3600		261.26		         0		-999.00
-999	1537604950	3600		261.57		         0		-999.00
-999	1537608550	3600		261.54		         0		-999.00
-999	1537612150	3600		261.54		         0		-999.00
-999	1537615750	3600		261.54		         0		-999.00
-999	1537619350	3600		261.54		         0		-999.00
-999	1537622950	3600		261.54		         0		-999.00
-999	1537626550	3600		261.54		         0		-999.00
-999	1537630150	3600		261.50		         0		-999.00
-999	1537633750	3600		261.50		         0		-999.00
-999	1537637350	3600		261.50		         0		-999.00
-999	1537640950	3600		261.42		         0		-999.00
-999	1537644550	3600		261.42		         0		-999.00
-999	1537648150	3600		261.15		         0		-999.00
-999	1537651750	3600		261.76		         0		-999.00
-999	1537655350	3600		261.77		         0		-999.00
-999	1537658950	3600		261.81		         0		-999.00
-999	1537662550	3600		261.73		         0		-999.00
-999	1537666150	3600		261.53		         0		-999.00
-999	1537669750	3600		261.87		         0		-999.00
-999	1537673350	3600		261.68		         0		-999.00
-999	1537676950	3600		261.35		         0		-999.00
-999	1537680550	3600		261.81		         0		-999.00
-999	1537684150	3600		261.38		         0		-999.00
-999	1537687750	3600		261.54		         0		-999.00
-999	1537691350	3600		261.58		         0		-999.00
-999	1537694950	3600		261.33		         0		-999.00
-999	1537696196	1246		261.14		         0		-999.00
7211	1537697396	1200		265.40		   2489744		1081.00
7211	1537700996	3600		265.71		   2697568		1115.00
7211	1537704596	3600		265.73		   2444476		1114.00
7211	1537708196	3600		265.51		   2295316		1093.00
7211	1537710680	2484		265.53		   2283886		 13.50
-999	1537711880	1200		265.65		         0		-999.00
-999	1537715480	3600		265.09		         0		-999.00
-999	1537719080	3600		265.44		         0		-999.00
-999	1537719764	684		265.57		         0		-999.00
7212	1537720964	1200		266.29		  28048077		1071.00
7212	1537724564	3600		266.68		  30884725		1136.00
7212	1537728164	3600		266.46		  28128077		1127.00
7212	1537731764	3600		266.23		  27044165		1103.00
7212	1537735364	3600		266.22		  25937480		1101.00
7212	1537738964	3600		266.40		  24211052		1116.00
7212	1537739545	581		266.32		  21584470		1130.00
-999	1537740745	1200		261.22		         0		-999.00
-999	1537744345	3600		261.47		         0		-999.00
-999	1537746460	2115		261.73		         0		-999.00
7213	1537747660	1200		267.64		  65205193		1113.00
7213	1537751260	3600		267.84		  68856418		1158.00
7213	1537754860	3600		267.76		  64123255		1163.00
7213	1537758460	3600		267.61		  60465077		1156.00
7213	1537762060	3600		267.00		  56038193		1067.00
7213	1537763357	1297		266.63		  46242727		1064.00
-999	1537764557	1200		261.42		         0		-999.00
-999	1537768157	3600		261.42		         0		-999.00
-999	1537771757	3600		261.39		         0		-999.00
-999	1537775357	3600		265.66		         0		-999.00
-999	1537778957	3600		265.86		         0		-999.00
-999	1537782557	3600		261.44		         0		-999.00
-999	1537786157	3600		261.66		         0		-999.00
-999	1537789599	3442		261.69		         0		-999.00
7217	1537790799	1200		269.66		 121074416		1215.00
7217	1537794399	3600		269.86		 127699741		1216.00
7217	1537797999	3600		269.56		 118260091		1209.00
7217	1537801599	3600		269.24		 108597861		1205.00
7217	1537805199	3600		269.00		  98709902		1204.00
7217	1537808799	3600		268.66		  91454251		1187.00
7217	1537812399	3600		268.41		  83692611		1183.00
7217	1537815999	3600		268.20		  76542177		1186.00
7217	1537819599	3600		267.97		  70906637		1180.00
7217	1537821176	1577		267.62		  61854520		1176.00
-999	1537822376	1200		261.84		         0		-999.00
-999	1537825976	3600		261.44		         0		-999.00
-999	1537829576	3600		265.98		         0		-999.00
-999	1537833176	3600		265.98		         0		-999.00
-999	1537836776	3600		261.30		         0		-999.00
-999	1537838838	2062		261.79		         0		-999.00
7218	1537840038	1200		269.53		 115176403		1218.00
7218	1537843638	3600		269.84		 125499754		1224.00
7218	1537847238	3600		269.53		 115322929		1221.00
7218	1537850838	3600		269.14		 106618710		1208.00
7218	1537854438	3600		268.89		  96988729		1208.00
7218	1537858038	3600		268.68		  90229451		1203.00
7218	1537861638	3600		268.41		  82476762		1198.00
7218	1537865238	3600		268.17		  75655197		1194.00
7218	1537868838	3600		267.85		  71332646		1171.00
7218	1537872438	3600		267.95		  67855043		1189.00
7218	1537876038	3600		267.76		  61962681		1186.00
7218	1537877431	1393		267.26		  51504110		1170.00
-999	1537878631	1200		261.91		         0		-999.00
-999	1537882231	3600		261.18		         0		-999.00
-999	1537885831	3600		261.73		         0		-999.00
-999	1537889431	3600		261.78		         0		-999.00
-999	1537892405	2974		261.67		         0		-999.00
7220	1537893605	1200		265.68		    312184		1142.00
7220	1537897205	3600		261.60		    226670		 13.50
7220	1537898111	906		261.60		    324188		 13.50
-999	1537899311	1200		261.01		         0		-999.00
-999	1537902911	3600		261.69		         0		-999.00
-999	1537906511	3600		261.76		         0		-999.00
-999	1537906841	330		261.76		         0		-999.00
7221	1537908041	1200		269.43		 114276345		1222.00
7221	1537911641	3600		269.59		 121165276		1226.00
7221	1537915241	3600		269.43		 111661260		1226.00
7221	1537918841	3600		269.16		 104101320		1219.00
7221	1537922441	3600		268.86		  95788575		1215.00
7221	1537926041	3600		268.66		  88876882		1211.00
7221	1537929641	3600		268.34		  81756463		1206.00
7221	1537933241	3600		268.16		  75869134		1203.00
7221	1537936841	3600		267.97		  69657598		1197.00
7221	1537940441	3600		267.87		  66346968		1198.00
7221	1537944041	3600		267.74		  61995765		1196.00
7221	1537947641	3600		267.55		  57212771		1189.00
7221	1537951241	3600		267.40		  51066848		1183.00
7221	1537954841	3600		267.23		  46673757		1186.00
7221	1537958441	3600		261.21		  40678936		 13.00
7221	1537960388	1947		261.20		  40063770		 13.00
-999	1537961588	1200		261.44		         0		-999.00
-999	1537965188	3600		261.73		         0		-999.00
-999	1537968788	3600		265.64		         0		-999.00
-999	1537972388	3600		265.99		         0		-999.00
-999	1537975988	3600		265.99		         0		-999.00
-999	1537979588	3600		265.88		         0		-999.00
-999	1537983188	3600		265.98		         0		-999.00
-999	1537986788	3600		265.90		         0		-999.00
-999	1537990388	3600		265.98		         0		-999.00
-999	1537993988	3600		265.74		         0		-999.00
-999	1537997588	3600		265.98		         0		-999.00
-999	1538001188	3600		265.98		         0		-999.00
-999	1538004788	3600		265.98		         0		-999.00
-999	1538008388	3600		265.98		         0		-999.00
-999	1538011988	3600		265.98		         0		-999.00
-999	1538015588	3600		265.98		         0		-999.00
-999	1538019188	3600		265.98		         0		-999.00
-999	1538022788	3600		265.98		         0		-999.00
-999	1538026388	3600		265.98		         0		-999.00
-999	1538029988	3600		265.50		         0		-999.00
-999	1538033588	3600		265.73		         0		-999.00
-999	1538037188	3600		265.49		         0		-999.00
-999	1538040788	3600		265.73		         0		-999.00
-999	1538044388	3600		265.73		         0		-999.00
-999	1538047988	3600		265.73		         0		-999.00
-999	1538051588	3600		261.42		         0		-999.00
-999	1538055188	3600		261.28		         0		-999.00
-999	1538058788	3600		261.60		         0		-999.00
-999	1538062388	3600		261.32		         0		-999.00
-999	1538065988	3600		265.93		         0		-999.00
-999	1538069588	3600		265.93		         0		-999.00
-999	1538073188	3600		265.93		         0		-999.00
-999	1538076788	3600		265.93		         0		-999.00
-999	1538080388	3600		265.93		         0		-999.00
-999	1538083988	3600		265.93		         0		-999.00
-999	1538087588	3600		265.93		         0		-999.00
-999	1538091188	3600		265.93		         0		-999.00
-999	1538094788	3600		265.93		         0		-999.00
-999	1538098388	3600		265.93		         0		-999.00
-999	1538101988	3600		265.93		         0		-999.00
-999	1538105588	3600		265.61		         0		-999.00
-999	1538109188	3600		265.61		         0		-999.00
-999	1538112788	3600		265.61		         0		-999.00
-999	1538116388	3600		265.63		         0		-999.00
-999	1538119988	3600		265.52		         0		-999.00
-999	1538123588	3600		265.88		         0		-999.00
-999	1538127188	3600		265.88		         0		-999.00
-999	1538130788	3600		265.88		         0		-999.00
-999	1538134388	3600		265.42		         0		-999.00
-999	1538137988	3600		265.94		         0		-999.00
-999	1538141588	3600		260.96		         0		-999.00
-999	1538145188	3600		265.94		         0		-999.00
-999	1538148788	3600		265.87		         0		-999.00
-999	1538152388	3600		265.77		         0		-999.00
-999	1538155988	3600		265.93		         0		-999.00
-999	1538159588	3600		265.89		         0		-999.00
-999	1538163188	3600		265.86		         0		-999.00
-999	1538166788	3600		265.86		         0		-999.00
-999	1538170388	3600		265.86		         0		-999.00
-999	1538173988	3600		261.63		         0		-999.00
-999	1538177588	3600		261.46		         0		-999.00
-999	1538178386	798		261.70		         0		-999.00
7234	1538179586	1200		269.51		 115988694		1227.00
7234	1538183186	3600		269.89		 127146108		1225.00
7234	1538186786	3600		269.45		 116456314		1221.00
7234	1538190386	3600		268.64		 108779273		1112.00
7234	1538193986	3600		268.72		  98574735		1195.00
7234	1538197586	3600		268.40		  91332444		1183.00
7234	1538201186	3600		268.16		  83346513		1176.00
7234	1538204786	3600		268.00		  78062864		1180.00
7234	1538208386	3600		268.02		  70945917		1192.00
7234	1538211986	3600		267.87		  67593947		1189.00
7234	1538215586	3600		267.66		  60513784		1186.00
7234	1538219186	3600		267.56		  57046991		1185.00
7234	1538222786	3600		267.16		  48783565		1176.00
7234	1538223189	403		267.00		  43663463		1176.00
-999	1538224389	1200		261.55		         0		-999.00
-999	1538227989	3600		261.75		         0		-999.00
-999	1538231589	3600		265.68		         0		-999.00
-999	1538235189	3600		261.69		         0		-999.00
-999	1538238789	3600		261.49		         0		-999.00
-999	1538239060	271		261.57		         0		-999.00
7236	1538240260	1200		269.60		 119081570		1249.00
7236	1538243860	3600		269.97		 130215736		1242.00
7236	1538247460	3600		269.48		 119555430		1227.00
7236	1538251060	3600		269.24		 110028392		1231.00
7236	1538254660	3600		268.95		 100477707		1225.00
7236	1538258260	3600		268.67		  91206641		1222.00
7236	1538261860	3600		268.45		  85394539		1214.00
7236	1538265460	3600		268.24		  78442765		1212.00
7236	1538269060	3600		268.05		  72201984		1209.00
7236	1538271393	2333		267.98		  69926756		1204.00
-999	1538272593	1200		265.36		         0		-999.00
-999	1538276193	3600		265.74		         0		-999.00
-999	1538279793	3600		265.98		         0		-999.00
-999	1538283393	3600		265.98		         0		-999.00
-999	1538286993	3600		265.98		         0		-999.00
-999	1538290593	3600		261.69		         0		-999.00
-999	1538294193	3600		261.69		         0		-999.00
-999	1538297793	3600		261.61		         0		-999.00
-999	1538298993	1200		261.65		         0		-999.00
7239	1538300193	1200		269.77		 122849368		1262.00
7239	1538303793	3600		269.98		 131204837		1252.00
7239	1538307393	3600		269.53		 120061564		1235.00
7239	1538310993	3600		269.32		 110525211		1239.00
7239	1538314593	3600		269.02		 101884267		1233.00
7239	1538318193	3600		268.68		  92773415		1229.00
7239	1538320938	2745		268.49		  86600339		1222.00
-999	1538322138	1200		265.66		         0		-999.00
-999	1538325738	3600		261.77		         0		-999.00
-999	1538329338	3600		261.76		         0		-999.00
-999	1538329691	353		261.76		         0		-999.00
7240	1538330891	1200		269.48		 115868925		1254.00
7240	1538334491	3600		269.82		 127555897		1254.00
7240	1538338091	3600		269.51		 117349431		1250.00
7240	1538341691	3600		269.20		 107000776		1244.00
7240	1538345291	3600		268.97		  99447337		1239.00
7240	1538348891	3600		268.67		  91129308		1238.00
7240	1538352491	3600		268.43		  84365451		1228.00
7240	1538354676	2185		268.27		  79155208		1228.00
-999	1538355876	1200		265.27		         0		-999.00
-999	1538359476	3600		265.63		         0		-999.00
-999	1538363076	3600		265.95		         0		-999.00
-999	1538366676	3600		261.77		         0		-999.00
-999	1538370276	3600		261.20		         0		-999.00
-999	1538372031	1755		261.81		         0		-999.00
7242	1538373231	1200		269.57		 117937728		1266.00
7242	1538376831	3600		269.70		 123668600		1245.00
7242	1538380431	3600		269.59		 117105941		1257.00
7242	1538384031	3600		269.28		 106844248		1254.00
7242	1538387631	3600		268.92		  98857199		1247.00
7242	1538391231	3600		268.66		  90216049		1244.00
7242	1538394831	3600		268.45		  83631050		1244.00
7242	1538394958	127		265.94		         0		1244.00
-999	1538396158	1200		265.51		         0		-999.00
-999	1538399758	3600		265.85		         0		-999.00
-999	1538403358	3600		261.44		         0		-999.00
-999	1538406958	3600		265.80		         0		-999.00
-999	1538410558	3600		266.02		         0		-999.00
-999	1538414158	3600		266.02		         0		-999.00
-999	1538417758	3600		266.02		         0		-999.00
-999	1538421358	3600		261.51		         0		-999.00
-999	1538424958	3600		261.67		         0		-999.00
-999	1538428558	3600		261.51		         0		-999.00
-999	1538429446	888		261.78		         0		-999.00
7245	1538430646	1200		269.57		 115810898		1267.00
7245	1538434246	3600		269.78		 124033563		1269.00
7245	1538437846	3600		269.46		 113375280		1266.00
7245	1538441446	3600		269.04		 104111178		1250.00
7245	1538445046	3600		268.85		  95080454		1251.00
7245	1538448646	3600		268.53		  85026133		1247.00
7245	1538449005	359		267.99		  67035079		1243.00
-999	1538450205	1200		265.63		         0		-999.00
-999	1538453805	3600		261.00		         0		-999.00
-999	1538457405	3600		261.67		         0		-999.00
-999	1538461005	3600		261.76		         0		-999.00
-999	1538464605	3600		261.76		         0		-999.00
-999	1538468205	3600		261.76		         0		-999.00
-999	1538471805	3600		261.35		         0		-999.00
-999	1538475405	3600		261.55		         0		-999.00
-999	1538479005	3600		261.55		         0		-999.00
-999	1538482605	3600		261.55		         0		-999.00
-999	1538486205	3600		261.55		         0		-999.00
-999	1538489805	3600		261.55		         0		-999.00
-999	1538493405	3600		261.55		         0		-999.00
-999	1538497005	3600		261.55		         0		-999.00
-999	1538500605	3600		261.18		         0		-999.00
-999	1538504205	3600		261.70		         0		-999.00
-999	1538507805	3600		261.74		         0		-999.00
-999	1538511405	3600		265.98		         0		-999.00
-999	1538515005	3600		261.79		         0		-999.00
-999	1538518605	3600		261.75		         0		-999.00
-999	1538521910	3305		261.82		         0		-999.00
7252	1538523110	1200		269.88		 126993624		1276.00
7252	1538526710	3600		270.17		 135263453		1281.00
7252	1538530310	3600		269.77		 124075609		1268.00
7252	1538533910	3600		269.49		 114649768		1263.00
7252	1538537510	3600		269.20		 105239994		1258.00
7252	1538541110	3600		268.91		  95675974		1255.00
7252	1538544710	3600		268.55		  86214895		1247.00
7252	1538548310	3600		268.35		  79605941		1245.00
7252	1538551910	3600		268.12		  73368620		1236.00
7252	1538555510	3600		267.96		  67890427		1238.00
7252	1538559110	3600		267.97		  68825230		1241.00
7252	1538559404	294		268.02		  70548859		1237.00
-999	1538560604	1200		265.45		         0		-999.00
-999	1538564204	3600		261.77		         0		-999.00
-999	1538567804	3600		261.79		         0		-999.00
-999	1538568022	218		261.67		         0		-999.00
7253	1538569222	1200		269.70		 121444660		1279.00
7253	1538572822	3600		269.90		 128260463		1283.00
7253	1538576422	3600		269.42		 116924299		1254.00
7253	1538580022	3600		269.13		 106225810		1267.00
7253	1538583622	3600		268.98		  99321089		1260.00
7253	1538587222	3600		268.60		  90381629		1252.00
7253	1538590822	3600		268.39		  83327877		1249.00
7253	1538592255	1433		268.28		  79684241		1243.00
-999	1538593455	1200		265.51		         0		-999.00
-999	1538597055	3600		265.82		         0		-999.00
-999	1538600655	3600		265.94		         0		-999.00
-999	1538604255	3600		261.73		         0		-999.00
-999	1538607855	3600		261.69		         0		-999.00
-999	1538610453	2598		261.79		         0		-999.00
7256	1538611653	1200		269.68		 120778338		1279.00
7256	1538615253	3600		270.01		 131889987		1281.00
7256	1538618853	3600		269.68		 120740672		1279.00
7256	1538622453	3600		269.34		 110823650		1268.00
7256	1538626053	3600		269.09		 102436425		1269.00
7256	1538629653	3600		268.73		  93804171		1260.00
7256	1538633253	3600		268.56		  85492466		1257.00
7256	1538636853	3600		268.26		  79214944		1249.00
7256	1538640453	3600		267.96		  69191598		1246.00
7256	1538642668	2215		261.43		  67759358		 14.50
-999	1538643868	1200		261.17		         0		-999.00
-999	1538647468	3600		261.22		         0		-999.00
-999	1538651068	3600		265.37		         0		-999.00
-999	1538654668	3600		265.72		         0		-999.00
-999	1538658268	3600		265.75		         0		-999.00
-999	1538661868	3600		265.51		         0		-999.00
-999	1538665468	3600		265.73		         0		-999.00
-999	1538669068	3600		265.85		         0		-999.00
-999	1538672668	3600		265.96		         0		-999.00
-999	1538676268	3600		265.96		         0		-999.00
-999	1538679868	3600		261.69		         0		-999.00
-999	1538683468	3600		261.69		         0		-999.00
-999	1538684393	925		261.74		         0		-999.00
7259	1538685593	1200		269.70		 122642694		1288.00
7259	1538689193	3600		270.09		 134294150		1292.00
7259	1538692793	3600		269.74		 122905496		1288.00
7259	1538696393	3600		269.48		 114229191		1277.00
7259	1538699993	3600		269.13		 105130964		1275.00
7259	1538703593	3600		268.22		  96291861		1166.00
7259	1538707193	3600		268.36		  89835304		1235.00
7259	1538710793	3600		268.23		  83129614		1238.00
7259	1538714393	3600		267.95		  76488348		1230.00
7259	1538717993	3600		267.91		  71283716		1238.00
7259	1538720121	2128		267.87		  71311172		1232.00
-999	1538721321	1200		261.08		         0		-999.00
-999	1538724921	3600		261.25		         0		-999.00
-999	1538728521	3600		261.32		         0		-999.00
-999	1538732121	3600		261.04		         0		-999.00
-999	1538735721	3600		261.23		         0		-999.00
-999	1538739321	3600		265.76		         0		-999.00
-999	1538742921	3600		265.38		         0		-999.00
-999	1538746521	3600		265.61		         0		-999.00
-999	1538750121	3600		265.65		         0		-999.00
-999	1538753721	3600		265.65		         0		-999.00
-999	1538757321	3600		265.55		         0		-999.00
-999	1538760921	3600		266.22		         0		-999.00
-999	1538764521	3600		266.22		         0		-999.00
-999	1538768121	3600		266.22		         0		-999.00
-999	1538771721	3600		266.16		         0		-999.00
-999	1538775321	3600		266.20		         0		-999.00
-999	1538778921	3600		266.20		         0		-999.00
-999	1538782521	3600		266.20		         0		-999.00
-999	1538786121	3600		266.20		         0		-999.00
-999	1538789721	3600		266.20		         0		-999.00
-999	1538793321	3600		266.20		         0		-999.00
-999	1538796921	3600		266.20		         0		-999.00
-999	1538800521	3600		266.20		         0		-999.00
-999	1538804121	3600		266.20		         0		-999.00
-999	1538807721	3600		266.20		         0		-999.00
-999	1538811321	3600		265.93		         0		-999.00
-999	1538814921	3600		265.83		         0		-999.00
-999	1538818521	3600		265.83		         0		-999.00
-999	1538822121	3600		265.95		         0		-999.00
-999	1538825721	3600		265.94		         0		-999.00
-999	1538829321	3600		261.75		         0		-999.00
-999	1538832921	3600		261.65		         0		-999.00
-999	1538836521	3600		261.65		         0		-999.00
-999	1538840121	3600		261.18		         0		-999.00
-999	1538843721	3600		261.52		         0		-999.00
-999	1538847321	3600		261.36		         0		-999.00
-999	1538850921	3600		265.69		         0		-999.00
-999	1538854521	3600		265.89		         0		-999.00
-999	1538858121	3600		261.26		         0		-999.00
-999	1538861721	3600		261.52		         0		-999.00
-999	1538863030	1309		261.62		         0		-999.00
7264	1538864230	1200		269.40		 117005844		1270.00
7264	1538867830	3600		269.68		 121450978		1284.00
7264	1538871430	3600		269.44		 114828370		1273.00
7264	1538875030	3600		269.11		 103708751		1271.00
7264	1538878630	3600		268.76		  95663395		1264.00
7264	1538882230	3600		268.49		  86669575		1258.00
7264	1538885830	3600		268.26		  79243562		1254.00
7264	1538889430	3600		268.01		  71958765		1246.00
7264	1538893030	3600		267.82		  65502001		1245.00
7264	1538896630	3600		267.62		  59949225		1243.00
7264	1538900230	3600		267.47		  54731190		1238.00
7264	1538903830	3600		267.24		  49757373		1231.00
7264	1538907430	3600		267.20		  46043890		1227.00
7264	1538911030	3600		266.97		  42659703		1227.00
7264	1538914630	3600		261.35		  37402056		 12.50
7264	1538918230	3600		261.53		   8227260		 12.50
7264	1538921830	3600		261.57		  16903382		 12.50
7264	1538922448	618		261.57		  36024019		 12.50
-999	1538923648	1200		265.87		         0		-999.00
-999	1538927248	3600		265.86		         0		-999.00
-999	1538930848	3600		265.94		         0		-999.00
-999	1538934448	3600		261.65		         0		-999.00
-999	1538938048	3600		261.33		         0		-999.00
-999	1538940544	2496		261.79		         0		-999.00
7265	1538941744	1200		269.71		 122789246		1301.00
7265	1538945344	3600		269.87		 127842846		1297.00
7265	1538945357	13		272.44		 213700365		1293.00
-999	1538946557	1200		265.52		         0		-999.00
-999	1538950157	3600		261.47		         0		-999.00
-999	1538953757	3600		261.69		         0		-999.00
-999	1538955000	1243		261.62		         0		-999.00
7266	1538956200	1200		269.40		 112837292		1296.00
7266	1538959800	3600		269.56		 122099584		1282.00
7266	1538963400	3600		269.28		 110244975		1283.00
7266	1538967000	3600		268.93		 101190911		1271.00
7266	1538970600	3600		268.74		  93495188		1276.00
7266	1538974200	3600		268.51		  85903502		1273.00
7266	1538977800	3600		268.24		  79954053		1265.00
7266	1538981400	3600		268.06		  73951269		1265.00
7266	1538985000	3600		267.93		  69496860		1261.00
7266	1538988600	3600		267.78		  64702067		1258.00
7266	1538992200	3600		267.70		  61726062		1256.00
7266	1538993758	1558		267.29		  55004713		1208.00
-999	1538994958	1200		265.68		         0		-999.00
-999	1538998558	3600		261.73		         0		-999.00
-999	1539002158	3600		261.59		         0		-999.00
-999	1539005758	3600		261.66		         0		-999.00
-999	1539009358	3600		261.69		         0		-999.00
-999	1539012958	3600		261.69		         0		-999.00
-999	1539016558	3600		261.46		         0		-999.00
-999	1539020158	3600		265.94		         0		-999.00
-999	1539023758	3600		265.98		         0		-999.00
-999	1539027358	3600		261.72		         0		-999.00
-999	1539030958	3600		261.55		         0		-999.00
-999	1539032817	1859		261.75		         0		-999.00
7270	1539034017	1200		269.41		 117842937		1285.00
7270	1539037617	3600		269.70		 123701475		1300.00
7270	1539041217	3600		269.45		 115170129		1297.00
7270	1539044817	3600		269.18		 106297035		1290.00
7270	1539048417	3600		268.91		  97319467		1285.00
7270	1539052017	3600		268.60		  89300579		1278.00
7270	1539055617	3600		268.30		  80799066		1266.00
7270	1539059217	3600		268.10		  74110540		1267.00
7270	1539062817	3600		267.99		  70359371		1267.00
7270	1539066417	3600		267.82		  65857501		1263.00
7270	1539070017	3600		267.65		  60383632		1256.00
7270	1539073617	3600		267.43		  54212796		1251.00
7270	1539077217	3600		267.28		  49331419		1249.00
7270	1539080817	3600		267.15		  44774083		1249.00
7270	1539084417	3600		267.04		  41350467		1245.00
7270	1539086714	2297		266.75		  35508805		1231.00
-999	1539087914	1200		261.42		         0		-999.00
-999	1539091514	3600		261.11		         0		-999.00
-999	1539094678	3164		261.58		         0		-999.00
7271	1539095878	1200		269.34		 114080417		1298.00
7271	1539099478	3600		269.70		 122084093		1311.00
7271	1539103078	3600		269.22		 111394656		1287.00
7271	1539106678	3600		269.00		 101880227		1295.00
7271	1539108273	1595		268.84		  95375865		1295.00
-999	1539109473	1200		261.26		         0		-999.00
-999	1539113073	3600		265.72		         0		-999.00
-999	1539116673	3600		265.87		         0		-999.00
-999	1539120273	3600		265.90		         0		-999.00
-999	1539123873	3600		265.90		         0		-999.00
-999	1539127473	3600		265.90		         0		-999.00
-999	1539131073	3600		265.94		         0		-999.00
-999	1539134673	3600		265.94		         0		-999.00
-999	1539138273	3600		265.98		         0		-999.00
-999	1539141873	3600		265.98		         0		-999.00
-999	1539145473	3600		265.98		         0		-999.00
-999	1539149073	3600		265.98		         0		-999.00
-999	1539152673	3600		265.70		         0		-999.00
-999	1539156273	3600		261.65		         0		-999.00
-999	1539159873	3600		261.58		         0		-999.00
-999	1539163473	3600		265.55		         0		-999.00
-999	1539167073	3600		265.68		         0		-999.00
-999	1539170673	3600		265.57		         0		-999.00
-999	1539174273	3600		265.56		         0		-999.00
-999	1539177873	3600		265.73		         0		-999.00
-999	1539181473	3600		265.50		         0		-999.00
-999	1539185073	3600		265.92		         0		-999.00
-999	1539188673	3600		265.86		         0		-999.00
-999	1539192273	3600		265.90		         0		-999.00
-999	1539195873	3600		265.98		         0		-999.00
-999	1539199473	3600		261.69		         0		-999.00
-999	1539203073	3600		261.59		         0		-999.00
-999	1539206673	3600		261.08		         0		-999.00
-999	1539207241	568		261.12		         0		-999.00
7274	1539208441	1200		269.56		 118577862		1301.00
7274	1539212041	3600		269.18		 105670009		1309.00
7274	1539215641	3600		269.63		 120657341		1305.00
7274	1539219241	3600		269.33		 110834370		1299.00
7274	1539222841	3600		269.04		 102414536		1297.00
7274	1539225050	2209		268.31		  87091568		1265.00
-999	1539226250	1200		265.48		         0		-999.00
-999	1539229850	3600		265.77		         0		-999.00
-999	1539233450	3600		265.75		         0		-999.00
-999	1539237050	3600		265.74		         0		-999.00
-999	1539240650	3600		265.42		         0		-999.00
-999	1539244250	3600		265.70		         0		-999.00
-999	1539247850	3600		265.71		         0		-999.00
-999	1539251450	3600		265.71		         0		-999.00
-999	1539255050	3600		265.39		         0		-999.00
-999	1539258650	3600		265.10		         0		-999.00
-999	1539262250	3600		265.37		         0		-999.00
-999	1539265850	3600		265.37		         0		-999.00
-999	1539269450	3600		265.37		         0		-999.00
-999	1539273050	3600		265.37		         0		-999.00
-999	1539276650	3600		265.37		         0		-999.00
-999	1539280250	3600		265.37		         0		-999.00
-999	1539283850	3600		265.37		         0		-999.00
-999	1539287450	3600		265.37		         0		-999.00
-999	1539291050	3600		265.37		         0		-999.00
-999	1539294650	3600		265.37		         0		-999.00
-999	1539298250	3600		265.37		         0		-999.00
-999	1539301850	3600		265.37		         0		-999.00
-999	1539305450	3600		265.37		         0		-999.00
-999	1539309050	3600		265.37		         0		-999.00
-999	1539312650	3600		265.37		         0		-999.00
-999	1539316250	3600		265.37		         0		-999.00
-999	1539319850	3600		265.37		         0		-999.00
-999	1539323450	3600		265.37		         0		-999.00
-999	1539327050	3600		265.37		         0		-999.00
-999	1539330650	3600		265.59		         0		-999.00
-999	1539334250	3600		265.58		         0		-999.00
-999	1539337850	3600		265.65		         0		-999.00
-999	1539341450	3600		265.62		         0		-999.00
-999	1539345050	3600		265.65		         0		-999.00
-999	1539348650	3600		265.65		         0		-999.00
-999	1539352250	3600		265.65		         0		-999.00
-999	1539355850	3600		265.65		         0		-999.00
-999	1539359450	3600		265.65		         0		-999.00
-999	1539363050	3600		265.62		         0		-999.00
-999	1539366650	3600		265.65		         0		-999.00
-999	1539370250	3600		265.65		         0		-999.00
-999	1539373850	3600		265.62		         0		-999.00
-999	1539377450	3600		265.65		         0		-999.00
-999	1539381050	3600		265.62		         0		-999.00
-999	1539384650	3600		265.65		         0		-999.00
-999	1539388250	3600		265.65		         0		-999.00
-999	1539391850	3600		265.65		         0		-999.00
-999	1539395450	3600		265.59		         0		-999.00
-999	1539399050	3600		265.62		         0		-999.00
-999	1539402650	3600		265.59		         0		-999.00
-999	1539406250	3600		265.59		         0		-999.00
-999	1539409850	3600		265.62		         0		-999.00
-999	1539413450	3600		265.62		         0		-999.00
-999	1539417050	3600		265.62		         0		-999.00
-999	1539420650	3600		265.59		         0		-999.00
-999	1539424250	3600		265.59		         0		-999.00
-999	1539427850	3600		265.62		         0		-999.00
-999	1539431450	3600		265.62		         0		-999.00
-999	1539435050	3600		265.62		         0		-999.00
-999	1539438650	3600		265.62		         0		-999.00
-999	1539442250	3600		265.61		         0		-999.00
-999	1539445850	3600		265.28		         0		-999.00
-999	1539449450	3600		261.16		         0		-999.00
-999	1539453050	3600		261.49		         0		-999.00
-999	1539456650	3600		261.54		         0		-999.00
-999	1539460250	3600		261.66		         0		-999.00
-999	1539463850	3600		261.58		         0		-999.00
-999	1539467450	3600		261.61		         0		-999.00
-999	1539471050	3600		261.71		         0		-999.00
-999	1539471160	110		261.82		         0		-999.00
7299	1539472360	1200		265.75		      9644		1263.00
7299	1539475960	3600		265.86		      8773		1276.00
7299	1539479560	3600		265.90		      7408		1279.00
7299	1539483160	3600		265.90		      6356		1278.00
7299	1539486760	3600		265.90		      5457		1278.00
7299	1539489333	2573		265.90		      4938		1275.00
-999	1539490533	1200		261.23		         0		-999.00
-999	1539494133	3600		261.60		         0		-999.00
-999	1539495803	1670		261.60		         0		-999.00
7300	1539497003	1200		265.82		     10473		1274.00
7300	1539500603	3600		265.82		      9433		1272.00
7300	1539504203	3600		265.82		      7862		1274.00
7300	1539507803	3600		265.90		      6683		1275.00
7300	1539508416	613		261.75		      6429		 16.00
-999	1539509616	1200		261.67		         0		-999.00
-999	1539513216	3600		261.32		         0		-999.00
-999	1539516816	3600		261.32		         0		-999.00
-999	1539520416	3600		261.36		         0		-999.00
-999	1539524016	3600		261.32		         0		-999.00
-999	1539527616	3600		261.32		         0		-999.00
-999	1539531216	3600		261.32		         0		-999.00
-999	1539534816	3600		261.32		         0		-999.00
-999	1539538416	3600		261.32		         0		-999.00
-999	1539542016	3600		261.36		         0		-999.00
-999	1539545616	3600		261.59		         0		-999.00
-999	1539549216	3600		261.48		         0		-999.00
-999	1539552816	3600		261.11		         0		-999.00
-999	1539556416	3600		261.49		         0		-999.00
-999	1539558801	2385		261.51		         0		-999.00
-999	1539560753	1200		261.61		         0		-999.00
-999	1539564353	3600		261.60		         0		-999.00
-999	1539567953	3600		261.60		         0		-999.00
-999	1539571553	3600		261.60		         0		-999.00
-999	1539575153	3600		261.64		         0		-999.00
-999	1539578753	3600		265.82		         0		-999.00
-999	1539582353	3600		265.88		         0		-999.00
-999	1539585953	3600		265.51		         0		-999.00
-999	1539589553	3600		265.51		         0		-999.00
-999	1539593153	3600		265.61		         0		-999.00
-999	1539596753	3600		265.81		         0		-999.00
-999	1539600353	3600		265.88		         0		-999.00
-999	1539603953	3600		265.88		         0		-999.00
-999	1539607553	3600		261.53		         0		-999.00
-999	1539611153	3600		261.64		         0		-999.00
-999	1539614753	3600		261.65		         0		-999.00
-999	1539618353	3600		265.60		         0		-999.00
-999	1539621953	3600		265.92		         0		-999.00
-999	1539625553	3600		265.37		         0		-999.00
-999	1539629153	3600		265.97		         0		-999.00
-999	1539632753	3600		265.97		         0		-999.00
-999	1539636353	3600		265.96		         0		-999.00
-999	1539639953	3600		265.96		         0		-999.00
-999	1539643553	3600		265.96		         0		-999.00
-999	1539647153	3600		265.96		         0		-999.00
-999	1539650753	3600		265.96		         0		-999.00
-999	1539654353	3600		265.96		         0		-999.00
-999	1539657953	3600		265.96		         0		-999.00
-999	1539661553	3600		265.96		         0		-999.00
-999	1539665153	3600		261.30		         0		-999.00
-999	1539668753	3600		261.11		         0		-999.00
-999	1539671013	2260		261.65		         0		-999.00
7308	1539672213	1200		266.52		  28950489		1198.00
7308	1539675813	3600		266.65		  29292528		1229.00
7308	1539679413	3600		266.51		  25909200		 13.50
7308	1539679704	291		266.31		  24223581		 13.50
-999	1539680904	1200		265.65		         0		-999.00
-999	1539684504	3600		261.14		         0		-999.00
-999	1539687326	2822		261.62		         0		-999.00
7309	1539688526	1200		269.45		 113170399		1304.00
7309	1539692126	3600		269.78		 124227226		1304.00
7309	1539695726	3600		269.42		 113477707		1293.00
7309	1539699326	3600		269.10		 104269035		1282.00
7309	1539702926	3600		268.81		  94441630		1281.00
7309	1539706526	3600		268.59		  87133384		1278.00
7309	1539710126	3600		268.28		  79271849		1268.00
7309	1539713726	3600		268.12		  73171880		1274.00
7309	1539717326	3600		268.06		  71228933		1268.00
7309	1539720926	3600		267.92		  66515914		1264.00
7309	1539724526	3600		267.74		  60517004		1261.00
7309	1539728126	3600		267.49		  54926011		1256.00
7309	1539731726	3600		267.32		  49310370		1252.00
7309	1539735326	3600		266.81		  45373433		1169.00
7309	1539738926	3600		267.10		  41533814		1246.00
7309	1539741251	2325		266.83		  36449719		1243.00
-999	1539742451	1200		261.25		         0		-999.00
-999	1539746051	3600		261.56		         0		-999.00
-999	1539749651	3600		261.69		         0		-999.00
-999	1539749719	68		261.65		         0		-999.00
7310	1539750919	1200		269.28		 108719692		1313.00
7310	1539754519	3600		269.65		 120377936		1312.00
7310	1539758119	3600		269.37		 111012300		1307.00
7310	1539761719	3600		269.07		 101042587		1302.00
7310	1539765319	3600		268.77		  92645113		1299.00
7310	1539768919	3600		268.53		  84681950		1294.00
7310	1539772519	3600		268.33		  77802690		1288.00
7310	1539776119	3600		268.09		  71290901		1291.00
7310	1539779719	3600		268.02		  69051426		1275.00
7310	1539783319	3600		267.87		  63993763		1278.00
7310	1539786919	3600		267.60		  57780683		1272.00
7310	1539790519	3600		267.42		  51820489		1268.00
7310	1539791993	1474		266.98		  42369208		1258.00
-999	1539793193	1200		261.46		         0		-999.00
-999	1539796793	3600		261.58		         0		-999.00
-999	1539800393	3600		261.34		         0		-999.00
-999	1539803993	3600		261.48		         0		-999.00
-999	1539807593	3600		261.70		         0		-999.00
-999	1539808150	557		261.78		         0		-999.00
7314	1539809350	1200		269.57		 116489238		1320.00
7314	1539812950	3600		269.87		 126395430		1320.00
7314	1539816550	3600		269.45		 117593659		1308.00
7314	1539820150	3600		269.17		 106302781		1316.00
7314	1539823750	3600		268.90		  97119903		1305.00
7314	1539827350	3600		268.59		  89501290		1297.00
7314	1539830950	3600		268.38		  82410269		1298.00
7314	1539834550	3600		268.18		  75794450		1292.00
7314	1539838150	3600		268.05		  71611235		1292.00
7314	1539841750	3600		267.91		  66939053		1289.00
7314	1539845350	3600		267.70		  60017099		1283.00
7314	1539848950	3600		267.60		  57529253		1277.00
7314	1539852550	3600		267.41		  51993201		1273.00
7314	1539856150	3600		267.24		  47533998		1270.00
7314	1539859750	3600		267.11		  43222521		1266.00
7314	1539862157	2407		266.72		  38040623		1253.00
-999	1539863357	1200		265.86		         0		-999.00
-999	1539866957	3600		260.85		         0		-999.00
-999	1539870557	3600		261.58		         0		-999.00
-999	1539871567	1010		261.59		         0		-999.00
7315	1539872767	1200		268.72		  93149747		1316.00
7315	1539876367	3600		269.36		 113169990		1325.00
7315	1539879967	3600		269.10		 104793442		1320.00
7315	1539883567	3600		268.85		  96371159		1307.00
7315	1539887167	3600		268.62		  88603745		1309.00
7315	1539890767	3600		268.41		  81693457		1308.00
7315	1539894367	3600		268.14		  73796650		1300.00
7315	1539897967	3600		267.94		  68247443		1302.00
7315	1539901567	3600		267.86		  65609936		1290.00
7315	1539905167	3600		267.69		  59963958		1285.00
7315	1539908767	3600		267.62		  59016689		1287.00
7315	1539912311	3544		267.29		  54180001		1274.00
-999	1539913511	1200		265.54		         0		-999.00
-999	1539917111	3600		260.38		         0		-999.00
-999	1539920711	3600		261.28		         0		-999.00
-999	1539924007	3296		261.80		         0		-999.00
7317	1539925207	1200		269.63		 120428510		1341.00
7317	1539927350	2143		269.85		 129107174		1338.00
-999	1539928550	1200		265.54		         0		-999.00
-999	1539932150	3600		261.44		         0		-999.00
-999	1539935750	3600		265.65		         0		-999.00
-999	1539939350	3600		265.86		         0		-999.00
-999	1539942950	3600		261.63		         0		-999.00
-999	1539946550	3600		261.61		         0		-999.00
-999	1539950150	3600		261.67		         0		-999.00
-999	1539953346	3196		261.55		         0		-999.00
7320	1539954546	1200		269.59		 118194366		1347.00
7320	1539958146	3600		269.10		 102201002		1343.00
7320	1539961746	3600		269.54		 117128452		1333.00
7320	1539965346	3600		269.26		 107604307		1326.00
7320	1539968946	3600		268.93		  99311704		1323.00
7320	1539972546	3600		268.63		  90776617		1310.00
7320	1539976146	3600		268.40		  83118579		1306.00
7320	1539979746	3600		268.20		  76400237		1306.00
7320	1539983346	3600		268.00		  71022339		1299.00
7320	1539986946	3600		267.91		  68024634		1302.00
7320	1539990546	3600		267.71		  62858505		1299.00
7320	1539994146	3600		267.60		  59193777		1290.00
7320	1539997746	3600		267.41		  52685854		1290.00
7320	1540001346	3600		267.27		  48115065		1287.00
7320	1540004946	3600		267.10		  43735384		1279.00
7320	1540007845	2899		266.87		  38694317		1270.00
-999	1540009045	1200		265.70		         0		-999.00
-999	1540012645	3600		261.76		         0		-999.00
-999	1540016118	3473		261.76		         0		-999.00
7321	1540017318	1200		269.57		 117602975		1359.00
7321	1540020918	3600		269.87		 128665594		1348.00
7321	1540024518	3600		269.51		 116628535		1342.00
7321	1540028118	3600		269.21		 106666738		1335.00
7321	1540031718	3600		268.90		  98209787		1330.00
7321	1540035318	3600		268.59		  89208705		1322.00
7321	1540038918	3600		268.34		  82260508		1321.00
7321	1540042518	3600		268.14		  75313858		1317.00
7321	1540046118	3600		268.03		  71704455		1312.00
7321	1540049718	3600		267.88		  66832795		1310.00
7321	1540053318	3600		267.69		  60577710		1303.00
7321	1540056918	3600		267.49		  56409078		1303.00
7321	1540060518	3600		267.38		  52911871		1298.00
7321	1540064118	3600		267.25		  48516528		1295.00
7321	1540067718	3600		267.13		  44326166		1291.00
7321	1540069996	2278		266.84		  38741595		1277.00
-999	1540071196	1200		261.38		         0		-999.00
-999	1540074796	3600		260.78		         0		-999.00
-999	1540078396	3600		261.73		         0		-999.00
-999	1540081996	3600		261.74		         0		-999.00
-999	1540085596	3600		261.77		         0		-999.00
-999	1540089035	3439		261.61		         0		-999.00
7324	1540090235	1200		269.40		 113211181		1364.00
7324	1540093835	3600		269.73		 122346132		1363.00
7324	1540097435	3600		269.41		 111785371		1351.00
7324	1540101035	3600		268.89		 103198482		1323.00
7324	1540104635	3600		268.78		  94693311		1340.00
7324	1540108235	3600		268.51		  85872669		1330.00
7324	1540111835	3600		268.26		  79231098		1328.00
7324	1540115435	3600		268.06		  72532529		1323.00
7324	1540119035	3600		268.00		  70339246		1321.00
7324	1540122635	3600		267.83		  66014879		1316.00
7324	1540124572	1937		267.33		  56113602		1294.00
-999	1540125772	1200		265.86		         0		-999.00
-999	1540129372	3600		265.86		         0		-999.00
-999	1540132972	3600		261.27		         0		-999.00
-999	1540136572	3600		261.50		         0		-999.00
-999	1540140172	3600		261.48		         0		-999.00
-999	1540143772	3600		261.69		         0		-999.00
-999	1540147372	3600		261.69		         0		-999.00
-999	1540148981	1609		261.73		         0		-999.00
7328	1540150181	1200		269.75		 122721954		1376.00
7328	1540153781	3600		269.95		 130239481		1371.00
7328	1540157381	3600		269.65		 120180072		1367.00
7328	1540160981	3600		269.34		 110990483		1360.00
7328	1540164581	3600		269.06		 101815960		1352.00
7328	1540168181	3600		268.79		  94040726		1349.00
7328	1540171781	3600		268.51		  86213718		1345.00
7328	1540175381	3600		268.32		  79659888		1338.00
7328	1540178981	3600		268.11		  72929928		1337.00
7328	1540182581	3600		268.03		  70180824		1332.00
7328	1540185337	2756		267.61		  62505714		1313.00
-999	1540186537	1200		261.81		         0		-999.00
-999	1540190137	3600		265.51		         0		-999.00
-999	1540193737	3600		265.78		         0		-999.00
-999	1540197337	3600		261.37		         0		-999.00
-999	1540200937	3600		261.48		         0		-999.00
-999	1540204537	3600		261.40		         0		-999.00
-999	1540208137	3600		261.52		         0		-999.00
-999	1540209983	1846		261.42		         0		-999.00
7331	1540211183	1200		269.39		 118098051		1345.00
7331	1540214783	3600		269.63		 126138424		1332.00
7331	1540218033	3250		269.38		 117714024		1332.00
-999	1540219233	1200		265.42		         0		-999.00
-999	1540222833	3600		265.41		         0		-999.00
-999	1540226433	3600		265.44		         0		-999.00
-999	1540230033	3600		261.53		         0		-999.00
-999	1540233633	3600		261.53		         0		-999.00
-999	1540235879	2246		261.57		         0		-999.00
7333	1540237079	1200		269.59		 124434961		1337.00
7333	1540240679	3600		269.79		 133493233		1336.00
7333	1540244279	3600		269.49		 121874808		1333.00
7333	1540247879	3600		269.10		 112472090		1327.00
7333	1540251479	3600		268.85		 102929153		1325.00
7333	1540255079	3600		268.55		  93426158		1319.00
7333	1540258679	3600		268.34		  87716119		1312.00
7333	1540262279	3600		268.12		  80387841		1306.00
7333	1540265879	3600		267.70		  74322692		1239.00
7333	1540269479	3600		267.67		  72884894		1286.00
7333	1540273079	3600		267.16		  67654871		1198.00
7333	1540276679	3600		267.46		  62182403		1291.00
7333	1540280279	3600		267.27		  55790465		1290.00
7333	1540283879	3600		267.09		  51105506		1281.00
7333	1540286140	2261		261.02		  43757578		 14.00
-999	1540287340	1200		265.64		         0		-999.00
-999	1540290940	3600		260.33		         0		-999.00
-999	1540294540	3600		261.56		         0		-999.00
-999	1540298140	3600		261.44		         0		-999.00
-999	1540298215	75		261.39		         0		-999.00
7334	1540299415	1200		268.57		  95380802		1333.00
7334	1540303015	3600		268.91		 105641264		1330.00
7334	1540306615	3600		268.72		  99069060		1323.00
7334	1540310215	3600		268.49		  91412385		1324.00
7334	1540313815	3600		268.23		  83960419		1316.00
7334	1540317415	3600		268.05		  78020540		1313.00
7334	1540321015	3600		267.82		  71516223		1310.00
7334	1540324615	3600		267.74		  67661900		1307.00
7334	1540328215	3600		267.62		  64661133		1303.00
7334	1540331815	3600		267.44		  59983918		1298.00
7334	1540335415	3600		267.28		  56276084		1294.00
7334	1540339015	3600		267.10		  50162686		1294.00
7334	1540342615	3600		266.99		  46537130		1290.00
7334	1540346215	3600		261.27		  41146215		 13.00
7334	1540346492	277		261.15		  42688718		 13.00
-999	1540347692	1200		265.61		         0		-999.00
-999	1540351292	3600		255.67		         0		-999.00
-999	1540354892	3600		255.85		         0		-999.00
-999	1540358492	3600		255.77		         0		-999.00
-999	1540362092	3600		255.65		         0		-999.00
-999	1540365692	3600		255.67		         0		-999.00
-999	1540369292	3600		255.70		         0		-999.00
-999	1540372892	3600		255.59		         0		-999.00
-999	1540376492	3600		255.59		         0		-999.00
-999	1540380092	3600		255.69		         0		-999.00
-999	1540383692	3600		255.83		         0		-999.00
-999	1540387292	3600		255.84		         0		-999.00
-999	1540390892	3600		255.67		         0		-999.00
-999	1540394492	3600		255.62		         0		-999.00
-999	1540398092	3600		255.61		         0		-999.00
-999	1540401692	3600		255.81		         0		-999.00
-999	1540405292	3600		255.66		         0		-999.00
-999	1540408892	3600		255.71		         0		-999.00
-999	1540412492	3600		255.63		         0		-999.00
-999	1540416092	3600		255.80		         0		-999.00
-999	1540419692	3600		255.66		         0		-999.00
-999	1540423292	3600		255.84		         0		-999.00
-999	1540426892	3600		255.70		         0		-999.00
-999	1540430492	3600		255.64		         0		-999.00
-999	1540434092	3600		255.85		         0		-999.00
-999	1540437692	3600		255.91		         0		-999.00
-999	1540441292	3600		255.88		         0		-999.00
-999	1540444892	3600		255.68		         0		-999.00
-999	1540448492	3600		255.68		         0		-999.00
-999	1540452092	3600		255.70		         0		-999.00
-999	1540455692	3600		255.77		         0		-999.00
-999	1540459292	3600		255.72		         0		-999.00
-999	1540462892	3600		255.66		         0		-999.00
-999	1540466492	3600		255.73		         0		-999.00
-999	1540470092	3600		255.70		         0		-999.00
-999	1540473692	3600		255.80		         0		-999.00
-999	1540477292	3600		255.68		         0		-999.00
-999	1540480892	3600		255.71		         0		-999.00
-999	1540484492	3600		255.73		         0		-999.00
-999	1540488092	3600		255.92		         0		-999.00
-999	1540491692	3600		255.68		         0		-999.00
-999	1540495292	3600		255.69		         0		-999.00
-999	1540498892	3600		255.66		         0		-999.00
-999	1540502492	3600		255.68		         0		-999.00
-999	1540506092	3600		255.76		         0		-999.00
-999	1540509692	3600		255.71		         0		-999.00
-999	1540513292	3600		255.66		         0		-999.00
-999	1540516892	3600		255.76		         0		-999.00
-999	1540520492	3600		261.12		         0		-999.00
-999	1540524092	3600		261.44		         0		-999.00
-999	1540527084	2992		261.53		         0		-999.00
7358	1540528284	1200		265.50		   2884866		1251.00
7358	1540531884	3600		265.53		   4389634		1251.00
7358	1540534973	3089		265.55		   2571617		1256.00
-999	1540536173	1200		256.19		         0		-999.00
-999	1540539773	3600		255.70		         0		-999.00
-999	1540543373	3600		255.71		         0		-999.00
-999	1540546973	3600		255.74		         0		-999.00
-999	1540550573	3600		255.76		         0		-999.00
-999	1540554173	3600		255.89		         0		-999.00
-999	1540557773	3600		255.56		         0		-999.00
-999	1540561373	3600		255.71		         0		-999.00
-999	1540564973	3600		255.64		         0		-999.00
-999	1540568573	3600		255.83		         0		-999.00
-999	1540572173	3600		255.72		         0		-999.00
-999	1540575773	3600		255.75		         0		-999.00
-999	1540579373	3600		255.84		         0		-999.00
-999	1540582973	3600		255.80		         0		-999.00
-999	1540586573	3600		255.70		         0		-999.00
-999	1540590173	3600		255.81		         0		-999.00
-999	1540593773	3600		255.68		         0		-999.00
-999	1540597373	3600		255.81		         0		-999.00
-999	1540600973	3600		255.74		         0		-999.00
-999	1540604573	3600		255.86		         0		-999.00
-999	1540608173	3600		255.91		         0		-999.00
-999	1540611773	3600		255.80		         0		-999.00
-999	1540615373	3600		255.66		         0		-999.00
-999	1540618973	3600		255.69		         0		-999.00
-999	1540622573	3600		255.75		         0		-999.00
-999	1540626173	3600		255.72		         0		-999.00
-999	1540629773	3600		255.66		         0		-999.00
-999	1540633373	3600		255.67		         0		-999.00
-999	1540636973	3600		255.70		         0		-999.00
-999	1540640573	3600		255.74		         0		-999.00
-999	1540644173	3600		255.81		         0		-999.00
-999	1540647773	3600		255.89		         0		-999.00
-999	1540651373	3600		255.68		         0		-999.00
-999	1540654973	3600		255.79		         0		-999.00
-999	1540658573	3600		255.70		         0		-999.00
-999	1540662173	3600		255.81		         0		-999.00
-999	1540665773	3600		255.93		         0		-999.00
-999	1540669373	3600		255.94		         0		-999.00
-999	1540672973	3600		255.71		         0		-999.00
-999	1540676573	3600		255.65		         0		-999.00
-999	1540680173	3600		255.85		         0		-999.00
-999	1540683773	3600		255.77		         0		-999.00
-999	1540687373	3600		255.77		         0		-999.00
-999	1540694573	3600		255.73		         0		-999.00
-999	1540698173	3600		255.72		         0		-999.00
-999	1540701773	3600		255.80		         0		-999.00
-999	1540705373	3600		255.77		         0		-999.00
-999	1540708973	3600		255.85		         0		-999.00
-999	1540712573	3600		255.68		         0		-999.00
-999	1540716173	3600		255.77		         0		-999.00
-999	1540719773	3600		255.62		         0		-999.00
-999	1540723373	3600		255.69		         0		-999.00
-999	1540726973	3600		255.72		         0		-999.00
-999	1540730573	3600		255.64		         0		-999.00
-999	1540734173	3600		255.73		         0		-999.00
-999	1540737773	3600		255.84		         0		-999.00
-999	1540741373	3600		255.67		         0		-999.00
-999	1540744973	3600		255.74		         0		-999.00
-999	1540748573	3600		255.63		         0		-999.00
-999	1540752173	3600		255.89		         0		-999.00
-999	1540755773	3600		255.83		         0		-999.00
-999	1540759373	3600		255.68		         0		-999.00
-999	1540762973	3600		255.73		         0		-999.00
-999	1540766573	3600		255.66		         0		-999.00
-999	1540770173	3600		255.74		         0		-999.00
-999	1540773773	3600		255.83		         0		-999.00
-999	1540777373	3600		255.94		         0		-999.00
-999	1540780973	3600		255.74		         0		-999.00
-999	1540784573	3600		255.84		         0		-999.00
-999	1540788173	3600		255.78		         0		-999.00
-999	1540791773	3600		255.88		         0		-999.00
-999	1540795373	3600		255.74		         0		-999.00
-999	1540798973	3600		255.69		         0		-999.00
-999	1540802573	3600		255.92		         0		-999.00
-999	1540806173	3600		255.95		         0		-999.00
-999	1540809773	3600		255.87		         0		-999.00
-999	1540813373	3600		255.81		         0		-999.00
-999	1540816973	3600		255.62		         0		-999.00
-999	1540820573	3600		255.62		         0		-999.00
-999	1540824173	3600		255.85		         0		-999.00
-999	1540827773	3600		255.68		         0		-999.00
-999	1540831373	3600		255.81		         0		-999.00
-999	1540834973	3600		255.69		         0		-999.00
-999	1540838573	3600		255.80		         0		-999.00
-999	1540842173	3600		255.88		         0		-999.00
-999	1540845773	3600		255.73		         0		-999.00
-999	1540849373	3600		255.84		         0		-999.00
-999	1540852973	3600		255.63		         0		-999.00
-999	1540856573	3600		255.74		         0		-999.00
-999	1540860173	3600		255.59		         0		-999.00
-999	1540863773	3600		255.81		         0		-999.00
-999	1540867373	3600		255.69		         0		-999.00
-999	1540870973	3600		255.63		         0		-999.00
-999	1540874573	3600		255.80		         0		-999.00
-999	1540878173	3600		255.76		         0		-999.00
-999	1540881773	3600		255.63		         0		-999.00
-999	1540885373	3600		255.95		         0		-999.00
-999	1540888973	3600		255.79		         0		-999.00
-999	1540892573	3600		255.90		         0		-999.00
-999	1540896173	3600		255.72		         0		-999.00
-999	1540899773	3600		255.70		         0		-999.00
-999	1540903373	3600		255.72		         0		-999.00
-999	1540906973	3600		255.74		         0		-999.00
-999	1540910573	3600		255.78		         0		-999.00
-999	1540914173	3600		255.80		         0		-999.00
-999	1540917773	3600		255.89		         0		-999.00
-999	1540921373	3600		255.86		         0		-999.00
-999	1540924973	3600		255.90		         0		-999.00
-999	1540928573	3600		255.94		         0		-999.00
-999	1540932173	3600		255.84		         0		-999.00
-999	1540935773	3600		255.62		         0		-999.00
-999	1540939373	3600		255.77		         0		-999.00
-999	1540942973	3600		255.87		         0		-999.00
-999	1540946573	3600		255.70		         0		-999.00
-999	1540950173	3600		255.75		         0		-999.00
-999	1540953773	3600		255.74		         0		-999.00
-999	1540957373	3600		255.78		         0		-999.00
-999	1540960973	3600		255.70		         0		-999.00
-999	1540964573	3600		255.77		         0		-999.00
-999	1540968173	3600		255.99		         0		-999.00
-999	1540971773	3600		256.38		         0		-999.00
-999	1540975373	3600		255.75		         0		-999.00
-999	1540978973	3600		256.47		         0		-999.00
-999	1540982573	3600		265.44		         0		-999.00
-999	1540986173	3600		265.40		         0		-999.00
-999	1540989773	3600		264.86		         0		-999.00
-999	1540993373	3600		264.81		         0		-999.00
-999	1540996973	3600		264.85		         0		-999.00
-999	1541000573	3600		265.33		         0		-999.00
-999	1541004173	3600		265.25		         0		-999.00
-999	1541007773	3600		265.40		         0		-999.00
-999	1541011373	3600		265.40		         0		-999.00
-999	1541014973	3600		265.40		         0		-999.00
-999	1541018573	3600		265.41		         0		-999.00
-999	1541022173	3600		265.56		         0		-999.00
-999	1541025773	3600		265.22		         0		-999.00
-999	1541029373	3600		265.68		         0		-999.00
-999	1541032973	3600		265.68		         0		-999.00
-999	1541036573	3600		265.24		         0		-999.00
-999	1541040173	3600		265.64		         0		-999.00
-999	1541043773	3600		265.64		         0		-999.00
-999	1541047373	3600		265.64		         0		-999.00
-999	1541050973	3600		265.64		         0		-999.00
-999	1541054573	3600		265.21		         0		-999.00
-999	1541058173	3600		265.66		         0		-999.00
-999	1541061773	3600		265.16		         0		-999.00
-999	1541065373	3600		265.42		         0		-999.00
-999	1541068973	3600		265.42		         0		-999.00
-999	1541072573	3600		265.42		         0		-999.00
-999	1541076173	3600		265.45		         0		-999.00
-999	1541079773	3600		265.42		         0		-999.00
-999	1541083373	3600		265.39		         0		-999.00
-999	1541086973	3600		265.46		         0		-999.00
-999	1541090573	3600		265.42		         0		-999.00
-999	1541094173	3600		265.42		         0		-999.00
-999	1541097773	3600		265.64		         0		-999.00
-999	1541101373	3600		265.64		         0		-999.00
-999	1541104973	3600		265.65		         0		-999.00
-999	1541108573	3600		265.65		         0		-999.00
-999	1541112173	3600		265.65		         0		-999.00
-999	1541115773	3600		265.65		         0		-999.00
-999	1541119373	3600		265.65		         0		-999.00
-999	1541122973	3600		265.65		         0		-999.00
-999	1541126573	3600		265.65		         0		-999.00
-999	1541130173	3600		265.65		         0		-999.00
-999	1541133773	3600		265.65		         0		-999.00
-999	1541137373	3600		265.65		         0		-999.00
-999	1541140973	3600		265.54		         0		-999.00
-999	1541144573	3600		265.65		         0		-999.00
-999	1541148173	3600		261.09		         0		-999.00
-999	1541151773	3600		261.13		         0		-999.00
-999	1541155373	3600		261.17		         0		-999.00
-999	1541158973	3600		261.17		         0		-999.00
-999	1541162573	3600		261.13		         0		-999.00
-999	1541166173	3600		261.22		         0		-999.00
-999	1541169773	3600		261.16		         0		-999.00
-999	1541173373	3600		261.15		         0		-999.00
-999	1541176973	3600		261.20		         0		-999.00
-999	1541180573	3600		265.51		         0		-999.00
-999	1541184173	3600		265.35		         0		-999.00
-999	1541187773	3600		265.37		         0		-999.00
-999	1541191373	3600		261.06		         0		-999.00
-999	1541194973	3600		261.50		         0		-999.00
-999	1541198573	3600		261.48		         0		-999.00
-999	1541202173	3600		261.51		         0		-999.00
-999	1541205773	3600		261.44		         0		-999.00
-999	1541209373	3600		261.44		         0		-999.00
-999	1541212973	3600		261.48		         0		-999.00
-999	1541216573	3600		261.48		         0		-999.00
-999	1541220173	3600		261.48		         0		-999.00
-999	1541223773	3600		261.44		         0		-999.00
-999	1541227373	3600		261.48		         0		-999.00
-999	1541230973	3600		261.48		         0		-999.00
-999	1541234573	3600		265.61		         0		-999.00
-999	1541238173	3600		265.67		         0		-999.00
-999	1541241773	3600		265.64		         0		-999.00
-999	1541245373	3600		265.60		         0		-999.00
-999	1541248973	3600		265.67		         0		-999.00
-999	1541252573	3600		265.67		         0		-999.00
-999	1541256173	3600		265.69		         0		-999.00
-999	1541259773	3600		265.07		         0		-999.00
-999	1541263373	3600		265.45		         0		-999.00
-999	1541266973	3600		265.28		         0		-999.00
-999	1541270573	3600		265.46		         0		-999.00
-999	1541274173	3600		265.46		         0		-999.00
-999	1541277773	3600		265.46		         0		-999.00
-999	1541281373	3600		265.46		         0		-999.00
-999	1541284973	3600		265.46		         0		-999.00
-999	1541288573	3600		265.46		         0		-999.00
-999	1541292173	3600		265.46		         0		-999.00
-999	1541295773	3600		265.30		         0		-999.00
-999	1541299373	3600		265.56		         0		-999.00
-999	1541302973	3600		265.71		         0		-999.00
-999	1541306573	3600		261.41		         0		-999.00
-999	1541310173	3600		261.31		         0		-999.00
-999	1541313773	3600		261.44		         0		-999.00
-999	1541317373	3600		261.44		         0		-999.00
-999	1541320973	3600		261.12		         0		-999.00
-999	1541324573	3600		261.51		         0		-999.00
-999	1541328173	3600		261.42		         0		-999.00
-999	1541331773	3600		261.13		         0		-999.00
-999	1541335373	3600		261.42		         0		-999.00
-999	1541338973	3600		261.42		         0		-999.00
-999	1541342573	3600		261.44		         0		-999.00
-999	1541346173	3600		261.42		         0		-999.00
-999	1541349773	3600		261.42		         0		-999.00
-999	1541353373	3600		261.52		         0		-999.00
-999	1541356973	3600		261.40		         0		-999.00
-999	1541360573	3600		261.57		         0		-999.00
-999	1541364173	3600		261.41		         0		-999.00
-999	1541367773	3600		261.51		         0		-999.00
-999	1541371373	3600		261.48		         0		-999.00
-999	1541374973	3600		261.44		         0		-999.00
-999	1541378573	3600		261.44		         0		-999.00
-999	1541379670	1097		261.13		         0		-999.00
7406	1541380870	1200		265.64		      6126		1304.00
7406	1541384470	3600		265.75		      5499		1310.00
7406	1541385214	744		265.75		      5062		1313.00
-999	1541386414	1200		261.42		         0		-999.00
-999	1541388838	2424		261.39		         0		-999.00
7407	1541390038	1200		265.68		      6246		1307.00
7407	1541393638	3600		265.71		      5594		1305.00
7407	1541395651	2013		265.71		      5076		1306.00
-999	1541396851	1200		260.96		         0		-999.00
-999	1541400451	3600		265.65		         0		-999.00
-999	1541404051	3600		265.65		         0		-999.00
-999	1541407651	3600		265.18		         0		-999.00
-999	1541411251	3600		265.19		         0		-999.00
-999	1541414851	3600		265.59		         0		-999.00
-999	1541418451	3600		264.96		         0		-999.00
-999	1541422051	3600		265.06		         0		-999.00
-999	1541425651	3600		265.11		         0		-999.00
-999	1541429251	3600		265.23		         0		-999.00
-999	1541432851	3600		264.97		         0		-999.00
-999	1541436451	3600		265.32		         0		-999.00
-999	1541440051	3600		265.30		         0		-999.00
-999	1541443651	3600		265.42		         0		-999.00
-999	1541447251	3600		265.42		         0		-999.00
-999	1541450851	3600		265.07		         0		-999.00
-999	1541454451	3600		265.06		         0		-999.00
-999	1541458051	3600		265.42		         0		-999.00
-999	1541461651	3600		264.96		         0		-999.00
-999	1541465251	3600		265.28		         0		-999.00
-999	1541468851	3600		264.99		         0		-999.00
-999	1541472451	3600		265.44		         0		-999.00
-999	1541476051	3600		265.23		         0		-999.00
-999	1541479651	3600		265.44		         0		-999.00
-999	1541483251	3600		265.37		         0		-999.00
-999	1541486851	3600		265.37		         0		-999.00
-999	1541490451	3600		265.46		         0		-999.00
-999	1541494051	3600		265.03		         0		-999.00
-999	1541497651	3600		265.19		         0		-999.00
-999	1541501251	3600		265.19		         0		-999.00
-999	1541504851	3600		265.19		         0		-999.00
-999	1541508451	3600		265.28		         0		-999.00
-999	1541512051	3600		265.15		         0		-999.00
-999	1541515651	3600		265.41		         0		-999.00
-999	1541519251	3600		265.23		         0		-999.00
-999	1541522851	3600		264.85		         0		-999.00
-999	1541526451	3600		265.42		         0		-999.00
-999	1541530051	3600		265.10		         0		-999.00
-999	1541533651	3600		265.36		         0		-999.00
-999	1541537251	3600		265.40		         0		-999.00
-999	1541540851	3600		265.38		         0		-999.00
-999	1541544451	3600		265.38		         0		-999.00
-999	1541548051	3600		265.38		         0		-999.00
-999	1541551651	3600		265.42		         0		-999.00
-999	1541555251	3600		265.44		         0		-999.00
-999	1541558851	3600		265.44		         0		-999.00
-999	1541562451	3600		264.91		         0		-999.00
-999	1541566051	3600		265.32		         0		-999.00
-999	1541569651	3600		265.49		         0		-999.00
-999	1541573251	3600		265.43		         0		-999.00
-999	1541576851	3600		264.98		         0		-999.00
-999	1541580451	3600		265.16		         0		-999.00
-999	1541584051	3600		265.45		         0		-999.00
-999	1541587651	3600		265.46		         0		-999.00
-999	1541591251	3600		265.42		         0		-999.00
-999	1541594851	3600		264.97		         0		-999.00
-999	1541598451	3600		265.51		         0		-999.00
-999	1541602051	3600		265.20		         0		-999.00
-999	1541605651	3600		265.26		         0		-999.00
-999	1541609251	3600		265.40		         0		-999.00
-999	1541612851	3600		265.45		         0		-999.00
-999	1541616451	3600		265.52		         0		-999.00
-999	1541620051	3600		265.40		         0		-999.00
-999	1541623651	3600		265.40		         0		-999.00
-999	1541627251	3600		265.40		         0		-999.00
-999	1541630851	3600		265.32		         0		-999.00
-999	1541634451	3600		265.33		         0		-999.00
-999	1541638051	3600		265.42		         0		-999.00
-999	1541641651	3600		265.42		         0		-999.00
-999	1541645251	3600		265.41		         0		-999.00
-999	1541648851	3600		265.44		         0		-999.00
-999	1541652451	3600		265.40		         0		-999.00
-999	1541656051	3600		265.40		         0		-999.00
-999	1541659651	3600		265.66		         0		-999.00
-999	1541663251	3600		265.39		         0		-999.00
-999	1541666851	3600		265.09		         0		-999.00
-999	1541670451	3600		265.61		         0		-999.00
-999	1541674051	3600		261.24		         0		-999.00
-999	1541677651	3600		261.42		         0		-999.00
-999	1541681251	3600		261.31		         0		-999.00
-999	1541684851	3600		261.10		         0		-999.00
-999	1541688451	3600		261.10		         0		-999.00
-999	1541692051	3600		261.08		         0		-999.00
-999	1541695651	3600		261.13		         0		-999.00
-999	1541699251	3600		261.40		         0		-999.00
-999	1541702851	3600		261.30		         0		-999.00
-999	1541704762	1911		261.56		         0		-999.00
7427	1541705962	1200		265.64		         0		1298.00
7427	1541709562	3600		265.72		         0		1299.00
7427	1541713162	3600		265.34		         0		1255.00
7427	1541716762	3600		265.69		         0		1294.00
7427	1541720362	3600		265.69		         0		1292.00
7427	1541723962	3600		261.18		         0		 24.50
7427	1541727562	3600		261.46		         0		 24.50
7427	1541730071	2509		261.46		         0		 24.50
-999	1541731271	1200		265.48		         0		-999.00
-999	1541734871	3600		261.42		         0		-999.00
-999	1541737501	2630		261.52		         0		-999.00
7428	1541738701	1200		265.67		         0		1301.00
7428	1541742301	3600		265.75		         0		1302.00
7428	1541745901	3600		265.75		         0		1299.00
7428	1541748853	2952		261.25		         0		 22.00
-999	1541750053	1200		265.69		         0		-999.00
-999	1541753653	3600		261.25		         0		-999.00
-999	1541757253	3600		260.93		         0		-999.00
-999	1541760853	3600		261.17		         0		-999.00
-999	1541764453	3600		261.40		         0		-999.00
-999	1541768053	3600		261.05		         0		-999.00
-999	1541771653	3600		261.48		         0		-999.00
-999	1541775253	3600		265.56		         0		-999.00
-999	1541778853	3600		261.26		         0		-999.00
-999	1541782453	3600		261.40		         0		-999.00
-999	1541786053	3600		261.31		         0		-999.00
-999	1541789653	3600		261.45		         0		-999.00
-999	1541793253	3600		261.13		         0		-999.00
-999	1541796853	3600		261.44		         0		-999.00
-999	1541800453	3600		260.77		         0		-999.00
-999	1541801729	1276		261.62		         0		-999.00
7433	1541802929	1200		265.24		         0		1206.00
7433	1541806529	3600		265.24		         4		1175.00
7433	1541810129	3600		265.50		         4		1250.00
7433	1541813729	3600		265.53		         4		1259.00
7433	1541816982	3253		265.57		         2		1264.00
-999	1541818182	1200		265.57		         0		-999.00
-999	1541821782	3600		261.37		         0		-999.00
-999	1541825382	3600		261.44		         0		-999.00
-999	1541828982	3600		261.44		         0		-999.00
-999	1541832582	3600		265.59		         0		-999.00
-999	1541836182	3600		265.67		         0		-999.00
-999	1541839782	3600		265.67		         0		-999.00
-999	1541843382	3600		265.67		         0		-999.00
-999	1541846982	3600		265.67		         0		-999.00
-999	1541850582	3600		265.67		         0		-999.00
-999	1541854182	3600		261.39		         0		-999.00
-999	1541857782	3600		261.42		         0		-999.00
-999	1541861176	3394		261.35		         0		-999.00
7435	1541862376	1200		265.08		         6		1189.00
7435	1541865976	3600		265.43		         6		1229.00
7435	1541869576	3600		265.43		         4		1237.00
7435	1541873176	3600		265.52		         4		1241.00
7435	1541876776	3600		265.52		         2		1253.00
7435	1541880376	3600		261.56		         2		 25.00
7435	1541881359	983		261.52		         0		 25.00
-999	1541882559	1200		265.69		         0		-999.00
-999	1541886159	3600		261.24		         0		-999.00
-999	1541889759	3600		261.40		         0		-999.00
-999	1541893359	3600		261.56		         0		-999.00
-999	1541893540	181		261.56		         0		-999.00
7436	1541894740	1200		265.23		        18		1196.00
7436	1541898340	3600		265.38		        14		1212.00
7436	1541901940	3600		265.23		        10		1197.00
7436	1541905540	3600		265.40		         8		1216.00
7436	1541909140	3600		265.42		         6		1217.00
7436	1541912740	3600		265.42		         6		1227.00
7436	1541913797	1057		261.57		         0		 23.50
-999	1541914997	1200		265.61		         0		-999.00
-999	1541918597	3600		261.39		         0		-999.00
-999	1541922197	3600		261.39		         0		-999.00
-999	1541925797	3600		261.38		         0		-999.00
-999	1541929397	3600		261.24		         0		-999.00
-999	1541930043	646		261.40		         0		-999.00
7437	1541931243	1200		265.43		        18		1220.00
7437	1541934843	3600		265.44		        14		1218.00
7437	1541938443	3600		265.39		        10		1218.00
7437	1541942043	3600		261.41		         8		 23.00
7437	1541944030	1987		261.41		         4		 23.00
-999	1541945230	1200		265.56		         0		-999.00
-999	1541948830	3600		260.98		         0		-999.00
-999	1541952430	3600		261.42		         0		-999.00
-999	1541956030	3600		261.39		         0		-999.00
-999	1541959110	3080		261.36		         0		-999.00
7438	1541960310	1200		265.31		        12		1206.00
7438	1541963910	3600		265.39		        12		1217.00
7438	1541967510	3600		265.39		        10		1214.00
7438	1541971110	3600		265.34		         8		1213.00
7438	1541974710	3600		265.26		         6		1198.00
7438	1541978310	3600		265.44		         6		1221.00
7438	1541981910	3600		265.44		         4		1229.00
7438	1541983104	1194		265.46		         0		1231.00
-999	1541984304	1200		265.56		         0		-999.00
-999	1541987904	3600		261.39		         0		-999.00
-999	1541991504	3600		261.39		         0		-999.00
-999	1541995104	3600		261.39		         0		-999.00
-999	1541998704	3600		261.39		         0		-999.00
-999	1542001295	2591		261.44		         0		-999.00
7439	1542002495	1200		265.30		        12		1203.00
7439	1542006095	3600		265.41		        18		1216.00
7439	1542009695	3600		265.40		        14		1212.00
7439	1542013295	3600		265.40		        10		1215.00
7439	1542016895	3600		265.13		         8		1147.00
7439	1542020495	3600		265.40		         8		1215.00
7439	1542024095	3600		265.40		         6		1220.00
7439	1542026471	2376		265.42		         3		1213.00
-999	1542027671	1200		261.44		         0		-999.00
-999	1542031271	3600		261.43		         0		-999.00
-999	1542034871	3600		261.46		         0		-999.00
-999	1542038471	3600		261.33		         0		-999.00
-999	1542042071	3600		261.45		         0		-999.00
-999	1542045671	3600		261.64		         0		-999.00
-999	1542045735	64		261.64		         0		-999.00
7440	1542046935	1200		265.14		        18		1191.00
7440	1542050535	3600		265.40		        21		1215.00
7440	1542054135	3600		265.40		        16		1212.00
7440	1542057735	3600		265.20		        12		1155.00
7440	1542061335	3600		265.40		        10		1217.00
7440	1542064935	3600		265.59		         4		1269.00
7440	1542068535	3600		265.59		         0		1269.00
7440	1542072135	3600		265.59		         0		1273.00
7440	1542073432	1297		265.59		         0		1268.00
-999	1542074632	1200		261.44		         0		-999.00
-999	1542078232	3600		261.40		         0		-999.00
-999	1542081832	3600		261.40		         0		-999.00
-999	1542085432	3600		260.86		         0		-999.00
-999	1542086935	1503		261.53		         0		-999.00
7441	1542088135	1200		265.14		        12		1191.00
7441	1542091735	3600		265.57		         0		1272.00
7441	1542095335	3600		265.57		         0		1274.00
7441	1542098935	3600		265.58		         0		1277.00
7441	1542102535	3600		265.69		         0		1289.00
7441	1542106135	3600		265.66		         0		1281.00
7441	1542109735	3600		265.55		         0		1263.00
7441	1542113335	3600		265.32		         2		1199.00
7441	1542113689	354		265.28		         0		1199.00
-999	1542114889	1200		265.36		         0		-999.00
-999	1542118489	3600		265.67		         0		-999.00
-999	1542122089	3600		265.18		         0		-999.00
-999	1542125689	3600		261.21		         0		-999.00
-999	1542129289	3600		261.40		         0		-999.00
-999	1542131775	2486		261.29		         0		-999.00
7442	1542132975	1200		265.30		        12		1236.00
7442	1542136575	3600		265.64		        10		1256.00
7442	1542140175	3600		265.38		         4		1242.00
7442	1542143775	3600		265.41		         2		1210.00
7442	1542145549	1774		265.37		         5		1209.00
-999	1542146749	1200		265.61		         0		-999.00
-999	1542150349	3600		261.40		         0		-999.00
-999	1542153949	3600		261.17		         0		-999.00
-999	1542157549	3600		261.44		         0		-999.00
-999	1542161149	3600		261.41		         0		-999.00
-999	1542164749	3600		261.41		         0		-999.00
-999	1542168349	3600		261.44		         0		-999.00
-999	1542171949	3600		261.40		         0		-999.00
-999	1542175549	3600		265.56		         0		-999.00
-999	1542179149	3600		261.39		         0		-999.00
-999	1542182749	3600		265.62		         0		-999.00
-999	1542186349	3600		265.41		         0		-999.00
-999	1542189949	3600		265.56		         0		-999.00
-999	1542193549	3600		265.65		         0		-999.00
-999	1542197149	3600		265.62		         0		-999.00
-999	1542200749	3600		265.36		         0		-999.00
-999	1542204349	3600		265.36		         0		-999.00
-999	1542207949	3600		265.44		         0		-999.00
-999	1542208537	588		265.44		         0		-999.00
7443	1542209737	1200		265.51		        12		1225.00
7443	1542213337	3600		265.39		         8		1207.00
7443	1542216937	3600		265.50		         4		1236.00
7443	1542220537	3600		265.32		         4		1231.00
7443	1542224137	3600		265.59		         2		1268.00
7443	1542227737	3600		265.63		         4		1256.00
7443	1542230151	2414		265.29		         7		1198.00
-999	1542231351	1200		261.23		         0		-999.00
-999	1542234951	3600		261.35		         0		-999.00
-999	1542238551	3600		261.35		         0		-999.00
-999	1542242151	3600		260.89		         0		-999.00
-999	1542243419	1268		261.57		         0		-999.00
7444	1542244619	1200		265.15		        18		1187.00
7444	1542248219	3600		265.39		        16		1209.00
7444	1542251819	3600		265.39		        16		1208.00
7444	1542255419	3600		265.39		        14		1210.00
7444	1542259019	3600		265.39		        12		1205.00
7444	1542262619	3600		265.39		        10		1210.00
7444	1542266219	3600		265.39		         8		1214.00
7444	1542269819	3600		261.48		         6		 18.00
7444	1542269906	87		261.60		         0		 23.50
-999	1542271106	1200		265.26		         0		-999.00
-999	1542274706	3600		265.38		         0		-999.00
-999	1542278306	3600		265.56		         0		-999.00
-999	1542281906	3600		265.60		         0		-999.00
-999	1542285506	3600		265.62		         0		-999.00
-999	1542289106	3600		265.62		         0		-999.00
-999	1542292706	3600		265.38		         0		-999.00
-999	1542296306	3600		265.41		         0		-999.00
-999	1542299906	3600		264.88		         0		-999.00
-999	1542303506	3600		265.23		         0		-999.00
-999	1542305639	2133		265.67		         0		-999.00
7446	1542306839	1200		265.12		        18		1191.00
7446	1542310439	3600		265.38		        16		1209.00
7446	1542314039	3600		265.38		        16		1208.00
7446	1542317639	3600		265.38		        16		1211.00
7446	1542321239	3600		265.38		        12		1205.00
7446	1542324839	3600		265.38		        10		1210.00
7446	1542328439	3600		265.42		         8		1207.00
7446	1542332039	3600		261.58		         6		 25.00
7446	1542332137	98		261.65		         0		 25.00
-999	1542333337	1200		261.18		         0		-999.00
-999	1542336937	3600		261.46		         0		-999.00
-999	1542340537	3600		261.59		         0		-999.00
-999	1542344137	3600		261.39		         0		-999.00
-999	1542347737	3600		261.30		         0		-999.00
-999	1542349926	2189		261.53		         0		-999.00
7448	1542351126	1200		265.18		        12		1185.00
7448	1542354726	3600		265.44		        16		1214.00
7448	1542358326	3600		265.44		        16		1213.00
7448	1542361926	3600		265.44		        16		1217.00
7448	1542365526	3600		265.44		        14		1213.00
7448	1542369126	3600		265.44		        10		1210.00
7448	1542372726	3600		265.44		         8		1213.00
7448	1542376326	3600		265.53		         8		 25.00
7448	1542376477	151		265.53		         0		 25.00
-999	1542377677	1200		265.60		         0		-999.00
-999	1542381277	3600		261.31		         0		-999.00
-999	1542384877	3600		260.91		         0		-999.00
-999	1542385871	994		261.26		         0		-999.00
7449	1542387071	1200		265.43		        12		1208.00
7449	1542390671	3600		265.43		        16		1216.00
7449	1542394271	3600		265.43		        16		1213.00
7449	1542397871	3600		265.43		        16		1209.00
7449	1542401471	3600		265.43		        14		1214.00
7449	1542405071	3600		265.43		        10		1212.00
7449	1542408671	3600		265.43		         8		1214.00
7449	1542412271	3600		261.53		         6		 75.00
7449	1542412457	186		261.61		         0		 25.00
-999	1542413657	1200		265.65		         0		-999.00
-999	1542417257	3600		261.43		         0		-999.00
-999	1542420857	3600		261.11		         0		-999.00
-999	1542421820	963		261.67		         0		-999.00
7450	1542423020	1200		265.24		        18		1191.00
7450	1542426620	3600		265.47		        16		1215.00
7450	1542430220	3600		265.47		        16		1208.00
7450	1542433820	3600		265.47		        14		1207.00
7450	1542437420	3600		265.47		        12		1206.00
7450	1542441020	3600		265.47		        10		1211.00
7450	1542444620	3600		265.47		         8		1211.00
7450	1542448220	3600		261.60		         6		 25.00
7450	1542448221	1		261.60		         0		 25.00
-999	1542449421	1200		265.60		         0		-999.00
-999	1542453021	3600		261.26		         0		-999.00
-999	1542456621	3600		261.40		         0		-999.00
-999	1542460221	3600		265.63		         0		-999.00
-999	1542463821	3600		261.02		         0		-999.00
-999	1542467421	3600		260.96		         0		-999.00
-999	1542471021	3600		265.43		         0		-999.00
-999	1542474621	3600		265.47		         0		-999.00
-999	1542478221	3600		265.60		         0		-999.00
-999	1542481821	3600		265.60		         0		-999.00
-999	1542485421	3600		265.60		         0		-999.00
-999	1542489021	3600		265.60		         0		-999.00
-999	1542492621	3600		265.61		         0		-999.00
-999	1542496221	3600		265.61		         0		-999.00
-999	1542499821	3600		265.61		         0		-999.00
-999	1542503421	3600		265.61		         0		-999.00
-999	1542507021	3600		265.61		         0		-999.00
-999	1542510621	3600		265.61		         0		-999.00
-999	1542514221	3600		261.41		         0		-999.00
-999	1542517821	3600		260.94		         0		-999.00
-999	1542519376	1555		261.64		         0		-999.00
7453	1542520576	1200		265.23		        18		1185.00
7453	1542524176	3600		265.11		        16		1136.00
7453	1542527776	3600		265.46		        16		1207.00
7453	1542531376	3600		265.46		        16		1207.00
7453	1542534976	3600		265.46		        14		1208.00
7453	1542538576	3600		265.45		        10		1213.00
7453	1542542176	3600		265.45		         8		1209.00
7453	1542545776	3600		265.45		         8		1211.00
7453	1542549376	3600		265.45		         6		1214.00
7453	1542552976	3600		265.51		         6		1218.00
7453	1542556576	3600		261.62		         4		 22.00
7453	1542560176	3600		265.30		         4		1209.00
7453	1542563776	3600		265.52		         4		1235.00
7453	1542564598	822		265.52		         0		1236.00
-999	1542565798	1200		265.69		         0		-999.00
-999	1542569398	3600		265.57		         0		-999.00
-999	1542572998	3600		261.41		         0		-999.00
-999	1542576598	3600		261.49		         0		-999.00
-999	1542580198	3600		261.67		         0		-999.00
-999	1542580523	325		261.67		         0		-999.00
7454	1542581723	1200		265.28		        18		1186.00
7454	1542585323	3600		265.50		        16		1209.00
7454	1542588923	3600		265.32		        16		1194.00
7454	1542592523	3600		265.44		        14		1210.00
7454	1542596123	3600		265.44		        12		1208.00
7454	1542599723	3600		265.44		         8		1204.00
7454	1542603323	3600		265.44		         8		1210.00
7454	1542606923	3600		265.44		         6		1215.00
7454	1542610523	3600		265.73		         4		1273.00
7454	1542614123	3600		265.69		         0		1274.00
7454	1542617723	3600		265.69		         0		1277.00
7454	1542621323	3600		261.50		         0		 24.50
7454	1542624923	3600		261.50		         0		 24.50
7454	1542628523	3600		261.50		         0		 24.50
7454	1542632123	3600		261.53		         0		 24.50
7454	1542635723	3600		261.59		         4		 24.50
7454	1542638917	3194		265.62		         0		1273.00
-999	1542640117	1200		265.64		         0		-999.00
-999	1542643717	3600		261.26		         0		-999.00
-999	1542647317	3600		261.40		         0		-999.00
-999	1542650917	3600		260.91		         0		-999.00
-999	1542654517	3600		261.21		         0		-999.00
-999	1542658117	3600		261.61		         0		-999.00
-999	1542658869	752		261.61		         0		-999.00
7456	1542660069	1200		265.22		        18		1193.00
7456	1542663669	3600		265.40		        16		1210.00
7456	1542667269	3600		265.40		        16		1207.00
7456	1542670869	3600		265.42		        14		1205.00
7456	1542674469	3600		265.42		        12		1205.00
7456	1542678069	3600		265.43		        10		1206.00
7456	1542681669	3600		265.43		         8		1200.00
7456	1542683471	1802		265.43		         5		1214.00
-999	1542684671	1200		265.64		         0		-999.00
-999	1542688271	3600		265.31		         0		-999.00
-999	1542691871	3600		265.35		         0		-999.00
-999	1542695471	3600		264.89		         0		-999.00
-999	1542699071	3600		264.91		         0		-999.00
-999	1542702671	3600		264.89		         0		-999.00
-999	1542704636	1965		265.52		         0		-999.00
7457	1542705836	1200		265.41		        18		1198.00
7457	1542709436	3600		265.41		        16		1205.00
7457	1542713036	3600		265.41		        16		1204.00
7457	1542716636	3600		265.41		        16		1206.00
7457	1542720236	3600		265.41		        12		1207.00
7457	1542723836	3600		265.41		        10		1203.00
7457	1542727436	3600		265.41		         8		1206.00
7457	1542730798	3362		265.55		         7		1260.00
-999	1542731998	1200		260.97		         0		-999.00
-999	1542735598	3600		261.42		         0		-999.00
-999	1542739198	3600		261.07		         0		-999.00
-999	1542742798	3600		261.40		         0		-999.00
-999	1542746398	3600		260.94		         0		-999.00
-999	1542749998	3600		261.31		         0		-999.00
-999	1542751786	1788		261.63		         0		-999.00
-999	1542753479	1200		265.67		         0		-999.00
-999	1542757079	3600		261.44		         0		-999.00
-999	1542760679	3600		261.40		         0		-999.00
-999	1542760888	209		261.63		         0		-999.00
7460	1542762088	1200		265.21		        18		1179.00
7460	1542765688	3600		265.44		        21		1207.00
7460	1542769288	3600		265.44		        16		1209.00
7460	1542772888	3600		265.44		        12		1204.00
7460	1542776488	3600		265.44		        10		1206.00
7460	1542778386	1898		261.57		         9		 24.50
-999	1542779586	1200		265.61		         0		-999.00
-999	1542783186	3600		265.62		         0		-999.00
-999	1542786786	3600		261.41		         0		-999.00
-999	1542790386	3600		261.18		         0		-999.00
-999	1542793986	3600		261.44		         0		-999.00
-999	1542797586	3600		261.44		         0		-999.00
-999	1542801186	3600		261.07		         0		-999.00
-999	1542804786	3600		260.91		         0		-999.00
-999	1542808386	3600		261.18		         0		-999.00
-999	1542811986	3600		261.36		         0		-999.00
-999	1542815586	3600		261.10		         0		-999.00
-999	1542819186	3600		261.43		         0		-999.00
-999	1542822786	3600		261.43		         0		-999.00
-999	1542826386	3600		261.43		         0		-999.00
-999	1542829986	3600		261.43		         0		-999.00
-999	1542833586	3600		261.09		         0		-999.00
-999	1542837186	3600		261.35		         0		-999.00
-999	1542840786	3600		261.39		         0		-999.00
-999	1542844386	3600		261.44		         0		-999.00
-999	1542847986	3600		261.44		         0		-999.00
-999	1542851586	3600		261.60		         0		-999.00
-999	1542851892	306		261.60		         0		-999.00
7464	1542853092	1200		265.18		        18		1181.00
7464	1542856692	3600		265.40		        21		1208.00
7464	1542860292	3600		265.40		        16		1205.00
7464	1542863892	3600		265.40		        12		1204.00
7464	1542867492	3600		265.40		        10		1204.00
7464	1542871092	3600		265.48		         8		1208.00
7464	1542874692	3600		265.44		         6		1209.00
7464	1542875361	669		265.48		         0		1210.00
-999	1542876561	1200		265.12		         0		-999.00
-999	1542880161	3600		265.12		         0		-999.00
-999	1542883761	3600		265.35		         0		-999.00
-999	1542887361	3600		265.34		         0		-999.00
-999	1542890961	3600		265.56		         0		-999.00
-999	1542894561	3600		264.78		         0		-999.00
-999	1542898161	3600		265.42		         0		-999.00
-999	1542901761	3600		265.31		         0		-999.00
-999	1542905361	3600		264.97		         0		-999.00
-999	1542906538	1177		265.18		         0		-999.00
7466	1542907738	1200		265.34		        25		1200.00
7466	1542911338	3600		265.45		        25		1203.00
7466	1542914938	3600		265.46		        23		1209.00
7466	1542918538	3600		265.43		        16		1207.00
7466	1542922138	3600		265.46		        12		1204.00
7466	1542925738	3600		265.43		        10		1207.00
7466	1542929338	3600		265.46		         8		1206.00
7466	1542932938	3600		265.46		         6		1212.00
7466	1542936538	3600		265.46		         6		1212.00
7466	1542937594	1056		265.46		         0		1209.00
-999	1542938794	1200		261.44		         0		-999.00
-999	1542942394	3600		265.60		         0		-999.00
-999	1542945994	3600		265.62		         0		-999.00
-999	1542949594	3600		261.55		         0		-999.00
-999	1542953194	3600		261.46		         0		-999.00
-999	1542956794	3600		260.93		         0		-999.00
-999	1542959938	3144		261.39		         0		-999.00
7467	1542961138	1200		265.39		        31		1203.00
7467	1542964738	3600		265.43		        29		1204.00
7467	1542968338	3600		265.43		        27		1204.00
7467	1542971938	3600		265.43		        21		1205.00
7467	1542975538	3600		265.47		        14		1203.00
7467	1542979138	3600		265.43		        12		1199.00
7467	1542982738	3600		265.47		        10		1202.00
7467	1542986338	3600		265.47		         8		1205.00
7467	1542988659	2321		265.47		         7		1208.00
-999	1542989859	1200		265.52		         0		-999.00
-999	1542993459	3600		260.99		         0		-999.00
-999	1542997059	3600		261.14		         0		-999.00
-999	1542998590	1531		261.48		         0		-999.00
7468	1542999790	1200		265.31		        37		1186.00
7468	1543003390	3600		265.45		        35		1205.00
7468	1543006990	3600		265.45		        27		1202.00
7468	1543010590	3600		265.45		        21		1205.00
7468	1543014190	3600		265.45		        16		1203.00
7468	1543017790	3600		265.45		        12		1201.00
7468	1543021390	3600		265.45		        10		1200.00
7468	1543024990	3600		265.45		         8		1202.00
7468	1543028590	3600		265.45		         6		1210.00
7468	1543032190	3600		265.45		         6		1212.00
7468	1543033992	1802		265.45		         5		1212.00
-999	1543035192	1200		265.02		         0		-999.00
-999	1543038792	3600		265.15		         0		-999.00
-999	1543042392	3600		261.18		         0		-999.00
-999	1543045992	3600		261.13		         0		-999.00
-999	1543049592	3600		261.06		         0		-999.00
-999	1543053192	3600		261.17		         0		-999.00
-999	1543056792	3600		260.94		         0		-999.00
-999	1543060392	3600		261.18		         0		-999.00
-999	1543062922	2530		261.13		         0		-999.00
7471	1543064122	1200		265.40		        31		1199.00
7471	1543067722	3600		265.44		        33		1207.00
7471	1543071322	3600		265.44		        25		1202.00
7471	1543074922	3600		265.44		        18		1202.00
7471	1543078522	3600		265.44		        14		1202.00
7471	1543082122	3600		265.44		        12		1202.00
7471	1543085722	3600		265.44		        10		1203.00
7471	1543089322	3600		265.44		         8		1204.00
7471	1543092184	2862		265.41		         5		1203.00
-999	1543093384	1200		265.67		         0		-999.00
-999	1543096984	3600		261.13		         0		-999.00
-999	1543100584	3600		261.07		         0		-999.00
-999	1543101900	1316		261.43		         0		-999.00
7472	1543103100	1200		265.35		        37		1189.00
7472	1543106700	3600		265.47		        33		1203.00
7472	1543110300	3600		265.47		        25		1202.00
7472	1543113900	3600		265.47		        18		1202.00
7472	1543117500	3600		265.47		        14		1203.00
7472	1543121100	3600		265.47		        12		1202.00
7472	1543124700	3600		265.47		        10		1204.00
7472	1543128300	3600		265.46		         8		1207.00
7472	1543130105	1805		265.33		         5		1197.00
-999	1543131305	1200		261.48		         0		-999.00
-999	1543134905	3600		261.13		         0		-999.00
-999	1543138505	3600		261.11		         0		-999.00
-999	1543139344	839		261.14		         0		-999.00
7473	1543140544	1200		265.43		        44		1197.00
7473	1543144144	3600		265.47		        37		1207.00
7473	1543147744	3600		265.47		        27		1204.00
7473	1543151344	3600		265.47		        21		1205.00
7473	1543154944	3600		265.47		        14		1203.00
7473	1543158544	3600		265.47		        12		1202.00
7473	1543162144	3600		265.47		        10		1204.00
7473	1543165744	3600		265.47		         8		1205.00
7473	1543169344	3600		265.46		         6		1208.00
7473	1543172944	3600		265.50		         6		1210.00
7473	1543174617	1673		265.50		         0		1217.00
-999	1543175817	1200		265.58		         0		-999.00
-999	1543179417	3600		265.64		         0		-999.00
-999	1543183017	3600		265.22		         0		-999.00
-999	1543186617	3600		261.13		         0		-999.00
-999	1543190217	3600		261.13		         0		-999.00
-999	1543191204	987		261.17		         0		-999.00
7474	1543192404	1200		265.42		        37		1201.00
7474	1543196004	3600		265.42		        33		1203.00
7474	1543199604	3600		265.46		        25		1201.00
7474	1543203204	3600		265.46		        18		1202.00
7474	1543206804	3600		265.46		        14		1202.00
7474	1543210404	3600		265.46		        12		1197.00
7474	1543212421	2017		265.46		         8		1203.00
-999	1543213621	1200		265.59		         0		-999.00
-999	1543217221	3600		265.66		         0		-999.00
-999	1543220821	3600		265.65		         0		-999.00
-999	1543224421	3600		265.31		         0		-999.00
-999	1543228021	3600		265.70		         0		-999.00
-999	1543231621	3600		265.70		         0		-999.00
-999	1543235221	3600		265.13		         0		-999.00
-999	1543238821	3600		264.97		         0		-999.00
-999	1543242421	3600		265.16		         0		-999.00
-999	1543246021	3600		265.16		         0		-999.00
-999	1543248391	2370		265.16		         0		-999.00
7475	1543249591	1200		265.17		         0		 23.50
7475	1543250194	603		265.50		        25		 23.50
-999	1543251394	1200		265.22		         0		-999.00
-999	1543254994	3600		265.64		         0		-999.00
-999	1543258594	3600		265.65		         0		-999.00
-999	1543262194	3600		261.07		         0		-999.00
-999	1543265794	3600		261.19		         0		-999.00
-999	1543267648	1854		261.10		         0		-999.00
7477	1543268848	1200		263.77		        81		1249.00
7477	1543272448	3600		263.83		        72		1268.00
7477	1543276048	3600		263.83		        54		1266.00
7477	1543279648	3600		263.83		        40		1260.00
7477	1543283248	3600		263.83		        31		1268.00
7477	1543286848	3600		263.83		        27		1262.00
7477	1543290448	3600		263.83		        22		1270.00
7477	1543294048	3600		263.83		        18		1267.00
7477	1543297648	3600		263.90		        13		1267.00
7477	1543299439	1791		263.89		         0		1276.00
-999	1543300639	1200		263.84		         0		-999.00
-999	1543309279	8640		255.67		         0		-999.00
-999	1543317919	8640		255.93		         0		-999.00
-999	1543326559	8640		256.01		         0		-999.00
-999	1543335199	8640		255.84		         0		-999.00
-999	1543343839	8640		256.02		         0		-999.00
-999	1543352479	8640		260.58		         0		-999.00
-999	1543299439	-53040		260.62		         0		-999.00
7480	1543357817	1200		263.88		        95		1270.00
7480	1543361417	3600		263.88		        81		1266.00
7480	1543365017	3600		263.88		        58		1263.00
7480	1543368617	3600		263.88		        45		1262.00
7480	1543372217	3600		263.88		        36		1266.00
7480	1543375817	3600		263.88		        27		1266.00
7480	1543379417	3600		263.88		        22		1261.00
7480	1543383017	3600		263.88		        18		1261.00
7480	1543385005	1988		263.88		        19		1265.00
-999	1543386205	1200		260.30		         0		-999.00
-999	1543394845	8640		260.47		         0		-999.00
-999	1543385005	-9840		260.62		         0		-999.00
7481	1543396841	1200		263.87		        95		1266.00
7481	1543400441	3600		263.87		        81		1263.00
7481	1543404041	3600		263.87		        58		1264.00
7481	1543407641	3600		263.87		        45		1273.00
7481	1543411241	3600		263.87		        36		1272.00
7481	1543414841	3600		263.87		        27		1270.00
7481	1543418441	3600		263.87		        22		1265.00
7481	1543422041	3600		263.87		        18		1268.00
7481	1543425641	3600		260.62		        18		 12.00
7481	1543425864	223		260.69		         0		 12.00
-999	1543427064	1200		260.21		         0		-999.00
-999	1543435704	8640		260.28		         0		-999.00
-999	1543425864	-9840		260.69		         0		-999.00
7482	1543440604	1200		263.85		        81		1265.00
7482	1543441115	511		263.85		        77		1271.00
-999	1543442315	1200		263.89		         0		-999.00
-999	1543450955	8640		260.41		         0		-999.00
-999	1543441115	-9840		260.84		         0		-999.00
7483	1543452791	1200		263.85		        54		1270.00
7483	1543456391	3600		263.85		        49		1263.00
7483	1543459991	3600		263.85		        36		1262.00
7483	1543463591	3600		263.91		        22		1260.00
7483	1543467191	3600		263.86		        22		1266.00
7483	1543470791	3600		263.86		        18		1271.00
7483	1543474391	3600		263.86		        13		1264.00
7483	1543477991	3600		263.86		         9		1266.00
7483	1543481591	3600		263.85		         0		1269.00
7483	1543485191	3600		263.85		         0		1265.00
7483	1543488791	3600		263.73		         0		1085.00
7483	1543492391	3600		263.92		         0		1276.00
7483	1543495991	3600		263.87		         0		1266.00
7483	1543498469	2478		263.87		         0		1262.00
-999	1543499669	1200		260.25		         0		-999.00
-999	1543508309	8640		263.87		         0		-999.00
-999	1543516949	8640		260.53		         0		-999.00
-999	1543498469	-18480		260.62		         0		-999.00
7485	1543520947	1200		263.86		        67		1258.00
7485	1543524547	3600		263.87		        58		1265.00
7485	1543528147	3600		263.81		        45		1262.00
7485	1543531747	3600		263.87		        36		1261.00
7485	1543535347	3600		263.87		        27		1265.00
7485	1543538947	3600		263.87		        22		1271.00
7485	1543542547	3600		263.87		        18		1265.00
7485	1543546147	3600		263.87		        18		1267.00
7485	1543548014	1867		263.87		        10		1267.00
-999	1543549214	1200		260.22		         0		-999.00
-999	1543557854	8640		260.50		         0		-999.00
-999	1543548014	-9840		260.66		         0		-999.00
7486	1543564733	1200		263.87		        67		1254.00
7486	1543568333	3600		263.87		        58		1263.00
7486	1543571933	3600		263.87		        45		1263.00
7486	1543575533	3600		263.87		        36		1266.00
7486	1543579133	3600		263.87		        27		1269.00
7486	1543582733	3600		263.87		        22		1264.00
7486	1543586333	3600		263.87		        18		1264.00
7486	1543589933	3600		263.87		        13		1267.00
7486	1543590875	942		263.87		         0		1262.00
-999	1543592075	1200		263.53		         0		-999.00
-999	1543600715	8640		260.44		         0		-999.00
-999	1543590875	-9840		260.57		         0		-999.00
7487	1543602296	1200		263.77		        81		1246.00
7487	1543605896	3600		263.90		        67		1260.00
7487	1543609496	3600		263.90		        49		1271.00
7487	1543613096	3600		263.90		        40		1267.00
7487	1543616696	3600		263.90		        31		1263.00
7487	1543620296	3600		263.90		        27		1268.00
7487	1543623896	3600		263.90		        22		1263.00
7487	1543627496	3600		263.90		        18		1267.00
7487	1543631096	3600		263.90		        13		1273.00
7487	1543631664	568		263.89		         0		1276.00
-999	1543632864	1200		260.28		         0		-999.00
-999	1543641504	8640		260.45		         0		-999.00
-999	1543631664	-9840		260.48		         0		-999.00
7488	1543644041	1200		263.78		        81		1254.00
7488	1543647641	3600		263.90		        72		1265.00
7488	1543651241	3600		263.90		        54		1265.00
7488	1543654841	3600		263.90		        40		1269.00
7488	1543658441	3600		263.90		        31		1264.00
7488	1543662041	3600		263.82		        27		1264.00
7488	1543665641	3600		263.82		        22		1257.00
7488	1543669241	3600		263.89		        18		1268.00
7488	1543671975	2734		263.87		        13		1266.00
-999	1543673175	1200		263.11		         0		-999.00
-999	1543671975	-1200		263.59		         0		-999.00
7489	1543682837	1200		263.86		        81		1265.00
7489	1543684236	1399		263.86		        74		1266.00
-999	1543685436	1200		263.64		         0		-999.00
-999	1543684236	-1200		263.85		         0		-999.00
7490	1543694267	1200		263.88		        81		1260.00
7490	1543697867	3600		263.88		        72		1264.00
7490	1543701467	3600		263.88		        54		1263.00
7490	1543705067	3600		263.88		        40		1263.00
7490	1543708667	3600		263.88		        31		1264.00
7490	1543712267	3600		263.88		        27		1263.00
7490	1543715867	3600		263.88		        22		1261.00
7490	1543719467	3600		263.88		        18		1263.00
7490	1543723067	3600		263.88		        13		1270.00
7490	1543723749	682		263.88		         0		1268.00
-999	1543724949	1200		260.29		         0		-999.00
-999	1543723749	-1200		260.51		         0		-999.00
7491	1543734520	1200		263.80		        81		1257.00
7491	1543738120	3600		263.86		        72		1263.00
7491	1543741720	3600		263.86		        49		1262.00
7491	1543745320	3600		263.80		        40		1266.00
7491	1543748920	3600		263.86		        31		1266.00
7491	1543750678	1758		263.86		        22		1261.00
-999	1543751878	1200		263.62		         0		-999.00
-999	1543750678	-1200		263.86		         0		-999.00
7492	1543759968	1200		263.88		        27		1257.00
7492	1543763407	3439		263.88		        25		1268.00
-999	1543764607	1200		264.02		         0		-999.00
-999	1543773247	8640		255.83		         0		-999.00
-999	1543781887	8640		255.70		         0		-999.00
-999	1543790527	8640		255.67		         0		-999.00
-999	1543799167	8640		255.75		         0		-999.00
-999	1543807807	8640		255.92		         0		-999.00
-999	1543816447	8640		255.78		         0		-999.00
-999	1543825087	8640		255.93		         0		-999.00
-999	1543833727	8640		256.04		         0		-999.00
-999	1543842367	8640		255.85		         0		-999.00
-999	1543851007	8640		260.31		         0		-999.00
-999	1543859647	8640		260.35		         0		-999.00
-999	1543868287	8640		267.76		         0		-999.00
-999	1543876927	8640		270.24		         0		-999.00
-999	1543885567	8640		279.26		         0		-999.00
-999	1543894207	8640		287.57		         0		-999.00
-999	1543902847	8640		289.80		         0		-999.00
-999	1543911487	8640		284.83		         0		-999.00
-999	1543920127	8640		277.28		         0		-999.00
-999	1543928767	8640		280.28		         0		-999.00
-999	1543937407	8640		273.72		         0		-999.00
-999	1543946047	8640		273.65		         0		-999.00
-999	1543954687	8640		273.70		         0		-999.00
-999	1543963327	8640		273.82		         0		-999.00
-999	1543971967	8640		273.82		         0		-999.00
-999	1543980607	8640		273.76		         0		-999.00
-999	1543989247	8640		273.82		         0		-999.00
-999	1543997887	8640		256.91		         0		-999.00
-999	1544006527	8640		257.05		         0		-999.00
-999	1544015167	8640		257.28		         0		-999.00
-999	1544023807	8640		259.53		         0		-999.00
-999	1544032447	8640		256.16		         0		-999.00
-999	1544041087	8640		255.88		         0		-999.00
-999	1544049727	8640		256.08		         0		-999.00
-999	1544058367	8640		256.19		         0		-999.00
-999	1544067007	8640		256.05		         0		-999.00
-999	1544075647	8640		256.23		         0		-999.00
-999	1544084287	8640		256.13		         0		-999.00
-999	1544092927	8640		263.91		         0		-999.00
-999	1544101567	8640		263.88		         0		-999.00
-999	1544110207	8640		263.51		         0		-999.00
-999	1544118847	8640		263.85		         0		-999.00
-999	1544127487	8640		263.85		         0		-999.00
-999	1544136127	8640		263.85		         0		-999.00
-999	1544144767	8640		263.85		         0		-999.00
-999	1544153407	8640		263.89		         0		-999.00
-999	1544162047	8640		263.95		         0		-999.00
-999	1544170687	8640		263.95		         0		-999.00
-999	1544179327	8640		263.71		         0		-999.00
-999	1544187967	8640		260.34		         0		-999.00
-999	1544196607	8640		263.72		         0		-999.00
-999	1544205247	8640		263.89		         0		-999.00
-999	1544213887	8640		263.89		         0		-999.00
-999	1544222527	8640		263.89		         0		-999.00
-999	1544231167	8640		263.89		         0		-999.00
-999	1544239807	8640		263.89		         0		-999.00
-999	1544248447	8640		263.89		         0		-999.00
-999	1544257087	8640		263.89		         0		-999.00
-999	1544265727	8640		263.89		         0		-999.00
-999	1544274367	8640		263.89		         0		-999.00
-999	1544283007	8640		263.89		         0		-999.00
-999	1544291647	8640		263.89		         0		-999.00
-999	1544300287	8640		263.89		         0		-999.00
-999	1544308927	8640		263.89		         0		-999.00
-999	1544317567	8640		263.89		         0		-999.00
-999	1544326207	8640		263.89		         0		-999.00
-999	1544334847	8640		263.89		         0		-999.00
-999	1544343487	8640		263.89		         0		-999.00
-999	1544352127	8640		263.89		         0		-999.00
-999	1544360767	8640		260.28		         0		-999.00
-999	1544369407	8640		259.98		         0		-999.00
-999	1544378047	8640		263.78		         0		-999.00
-999	1544386687	8640		251.88		         0		-999.00
-999	1544395327	8640		264.23		         0		-999.00
-999	1544403967	8640		266.89		         0		-999.00
-999	1544412607	8640		267.76		         0		-999.00
-999	1544421247	8640		267.99		         0		-999.00
-999	1544429887	8640		268.11		         0		-999.00
-999	1544438527	8640		268.23		         0		-999.00
-999	1544447167	8640		268.23		         0		-999.00
-999	1544455807	8640		269.53		         0		-999.00
-999	1544464447	8640		271.27		         0		-999.00
-999	1544473087	8640		272.60		         0		-999.00
-999	1544481727	8640		273.78		         0		-999.00
-999	1544490367	8640		274.75		         0		-999.00
-999	1544499007	8640		275.54		         0		-999.00
-999	1544507647	8640		276.21		         0		-999.00
-999	1544516287	8640		276.80		         0		-999.00
-999	1544524927	8640		277.20		         0		-999.00
-999	1544533567	8640		277.55		         0		-999.00
-999	1544542207	8640		277.84		         0		-999.00
-999	1544550847	8640		278.08		         0		-999.00
-999	1544559487	8640		278.26		         0		-999.00
-999	1544568127	8640		278.38		         0		-999.00
-999	1544576767	8640		278.54		         0		-999.00
-999	1544585407	8640		278.66		         0		-999.00
-999	1544594047	8640		278.72		         0		-999.00
-999	1544602687	8640		278.78		         0		-999.00
-999	1544611327	8640		278.84		         0		-999.00
-999	1544619967	8640		278.90		         0		-999.00
-999	1544628607	8640		278.95		         0		-999.00
-999	1544637247	8640		278.95		         0		-999.00
-999	1544645887	8640		278.95		         0		-999.00
-999	1544654527	8640		279.01		         0		-999.00
-999	1544663167	8640		279.01		         0		-999.00
-999	1544671807	8640		279.01		         0		-999.00
-999	1544680447	8640		279.07		         0		-999.00
-999	1544689087	8640		279.07		         0		-999.00
-999	1544697727	8640		279.07		         0		-999.00
-999	1544706367	8640		279.07		         0		-999.00
-999	1544715007	8640		279.07		         0		-999.00
-999	1544723647	8640		279.07		         0		-999.00
-999	1544732287	8640		279.07		         0		-999.00
-999	1544740927	8640		279.07		         0		-999.00
-999	1544749567	8640		279.07		         0		-999.00
-999	1544758207	8640		279.07		         0		-999.00
-999	1544766847	8640		279.07		         0		-999.00
-999	1544775487	8640		279.13		         0		-999.00
-999	1544784127	8640		279.20		         0		-999.00
-999	1544792767	8640		279.20		         0		-999.00
-999	1544801407	8640		279.20		         0		-999.00
-999	1544810047	8640		279.04		         0		-999.00
-999	1544818687	8640		278.87		         0		-999.00
-999	1544827327	8640		278.75		         0		-999.00
-999	1544835967	8640		278.69		         0		-999.00
-999	1544844607	8640		278.62		         0		-999.00
-999	1544853247	8640		278.51		         0		-999.00
-999	1544861887	8640		278.51		         0		-999.00
-999	1544870527	8640		278.51		         0		-999.00
-999	1544879167	8640		278.51		         0		-999.00
-999	1544887807	8640		278.45		         0		-999.00
-999	1544896447	8640		278.39		         0		-999.00
-999	1544905087	8640		278.39		         0		-999.00
-999	1544913727	8640		278.39		         0		-999.00
-999	1544922367	8640		278.39		         0		-999.00
-999	1544931007	8640		278.39		         0		-999.00
-999	1544939647	8640		278.39		         0		-999.00
-999	1544948287	8640		278.39		         0		-999.00
-999	1544956927	8640		278.39		         0		-999.00
-999	1544965567	8640		278.39		         0		-999.00
-999	1544974207	8640		278.39		         0		-999.00
-999	1544982847	8640		278.39		         0		-999.00
-999	1544991487	8640		278.39		         0		-999.00
-999	1545000127	8640		278.39		         0		-999.00
-999	1545008767	8640		278.39		         0		-999.00
-999	1545017407	8640		278.39		         0		-999.00
-999	1545026047	8640		278.39		         0		-999.00
-999	1545034687	8640		278.39		         0		-999.00
-999	1545043327	8640		278.39		         0		-999.00
-999	1545051967	8640		278.39		         0		-999.00
-999	1545060607	8640		278.39		         0		-999.00
-999	1545069247	8640		278.39		         0		-999.00
-999	1545077887	8640		278.39		         0		-999.00
-999	1545086527	8640		278.39		         0		-999.00
-999	1545095167	8640		278.39		         0		-999.00
-999	1545103807	8640		278.39		         0		-999.00
-999	1545112447	8640		278.39		         0		-999.00
-999	1545121087	8640		278.39		         0		-999.00
-999	1545129727	8640		278.39		         0		-999.00
-999	1545138367	8640		278.39		         0		-999.00
-999	1545147007	8640		278.39		         0		-999.00
-999	1545155647	8640		278.39		         0		-999.00
-999	1545164287	8640		278.45		         0		-999.00
-999	1545172927	8640		278.45		         0		-999.00
-999	1545181567	8640		278.45		         0		-999.00
-999	1545190207	8640		278.50		         0		-999.00
-999	1545198847	8640		278.55		         0		-999.00
-999	1545207487	8640		278.78		         0		-999.00
-999	1545216127	8640		279.20		         0		-999.00
-999	1545224767	8640		279.49		         0		-999.00
-999	1545233407	8640		279.61		         0		-999.00
-999	1545242047	8640		279.61		         0		-999.00
-999	1545250687	8640		279.50		         0		-999.00
-999	1545259327	8640		279.33		         0		-999.00
-999	1545267967	8640		279.21		         0		-999.00
-999	1545276607	8640		279.10		         0		-999.00
-999	1545285247	8640		278.98		         0		-999.00
-999	1545293887	8640		278.93		         0		-999.00
-999	1545302527	8640		278.81		         0		-999.00
-999	1545311167	8640		278.92		         0		-999.00
-999	1545319807	8640		279.09		         0		-999.00
-999	1545328447	8640		279.26		         0		-999.00
-999	1545337087	8640		279.37		         0		-999.00
-999	1545345727	8640		279.37		         0		-999.00
-999	1545354367	8640		279.27		         0		-999.00
-999	1545363007	8640		279.15		         0		-999.00
-999	1545371647	8640		279.04		         0		-999.00
-999	1545380287	8640		278.98		         0		-999.00
-999	1545388927	8640		278.93		         0		-999.00
-999	1545397567	8640		278.87		         0		-999.00
-999	1545406207	8640		278.81		         0		-999.00
-999	1545414847	8640		278.81		         0		-999.00
-999	1545423487	8640		278.81		         0		-999.00
-999	1545432127	8640		278.81		         0		-999.00
-999	1545440767	8640		278.69		         0		-999.00
-999	1545449407	8640		278.69		         0		-999.00
-999	1545458047	8640		278.69		         0		-999.00
-999	1545466687	8640		278.69		         0		-999.00
-999	1545475327	8640		278.69		         0		-999.00
-999	1545483967	8640		278.69		         0		-999.00
-999	1545492607	8640		278.69		         0		-999.00
-999	1545501247	8640		278.69		         0		-999.00
-999	1545509887	8640		278.69		         0		-999.00
-999	1545518527	8640		278.69		         0		-999.00
-999	1545527167	8640		278.69		         0		-999.00
-999	1545535807	8640		278.69		         0		-999.00
-999	1545544447	8640		278.69		         0		-999.00
-999	1545553087	8640		278.69		         0		-999.00
-999	1545561727	8640		278.69		         0		-999.00
-999	1545570367	8640		278.69		         0		-999.00
-999	1545579007	8640		278.69		         0		-999.00
-999	1545587647	8640		278.69		         0		-999.00
-999	1545596287	8640		278.62		         0		-999.00
-999	1545604927	8640		278.62		         0		-999.00
-999	1545613567	8640		278.62		         0		-999.00
-999	1545622207	8640		278.62		         0		-999.00
-999	1545630847	8640		278.62		         0		-999.00
-999	1545639487	8640		278.62		         0		-999.00
7916	1656973970	1200		265.32		        63		746.00
7916	1656977570	3600		265.36		        52		747.50
7916	1656980921	3351		265.36		        44		744.50
7917	1656982121	1200		261.03		        44		-999.00
7918	1656985721	3600		261.15		        44		-999.00
7919	1656989321	3600		261.23		        44		-999.00
7920	1656992921	3600		261.28		        44		-999.00
7921	1656996521	3600		265.12		        44		-999.00
7922	1657000121	3600		265.35		        44		-999.00
7923	1657003721	3600		265.24		        44		-999.00
7924	1657007321	3600		265.19		        44		-999.00
7925	1657010921	3600		264.91		        44		-999.00
7926	1657014521	3600		265.34		        44		-999.00
7927	1657018121	3600		265.21		        44		-999.00
7928	1657021721	3600		265.17		        44		-999.00
7929	1656980921	-40800		265.28		        44		-999.00
7920	1657026428	1200		265.12		     35638		735.00
7920	1657030028	3600		265.38		     34923		749.00
7920	1657033628	3600		265.27		     33503		741.00
7920	1657037228	3600		265.36		     37458		748.00
7920	1657040828	3600		265.24		     38437		739.00
7920	1657044428	3600		265.06		     39314		704.00
7920	1657048028	3600		265.32		     38860		744.00
7920	1657051628	3600		265.25		     39408		738.00
7920	1657055228	3600		265.33		     39122		740.50
7920	1657058612	3384		265.45		     36976		745.50
7921	1657059812	1200		261.08		     36976		-999.00
7922	1657063412	3600		261.21		     36976		-999.00
7923	1657067012	3600		261.64		     36976		-999.00
7924	1657058612	-8400		261.38		     36976		-999.00
7921	1657068844	1200		265.17		     77441		729.00
7921	1657072444	3600		265.33		     80893		740.00
7921	1657076044	3600		265.26		     76662		736.00
7921	1657079644	3600		265.37		     83577		736.50
7921	1657083244	3600		265.37		     83743		736.50
7921	1657086844	3600		265.29		     84511		205.00
7921	1657090444	3600		265.29		     82960		755.50
7921	1657094044	3600		265.26		     78422		734.00
7921	1657097644	3600		265.26		     73325		734.00
7921	1657101244	3600		265.41		     64885		737.50
7921	1657102777	1533		261.28		     56275		 13.50
7922	1657103977	1200		260.78		     56275		-999.00
7923	1657107577	3600		261.02		     56275		-999.00
7924	1657111177	3600		261.22		     56275		-999.00
7925	1657114777	3600		261.18		     56275		-999.00
7926	1657118377	3600		265.18		     56275		-999.00
7927	1657121977	3600		265.27		     56275		-999.00
7928	1657125577	3600		265.16		     56275		-999.00
7929	1657129177	3600		265.28		     56275		-999.00
7930	1657132777	3600		265.31		     56275		-999.00
7931	1657136377	3600		264.90		     56275		-999.00
7932	1657139977	3600		261.02		     56275		-999.00
7933	1657143577	3600		261.23		     56275		-999.00
7934	1657102777	-40800		261.24		     56275		-999.00
7923	1657147263	1200		265.15		    308625		725.50
7923	1657150863	3600		265.27		    312427		732.50
7923	1657154463	3600		265.22		    295532		733.50
7923	1657158063	3600		265.26		    275154		733.50
7923	1657161663	3600		265.26		    289677		734.00
7923	1657165263	3600		265.26		    278839		734.00
7923	1657168863	3600		265.26		    277324		731.00
7923	1657172463	3600		265.26		    275792		734.00
7923	1657176063	3600		265.26		    317605		730.50
7923	1657179663	3600		265.26		    297898		730.00
7923	1657183263	3600		265.27		    264728		731.00
7923	1657183449	186		261.26		    292450		 14.00
7924	1657184649	1200		261.26		    292450		-999.00
7925	1657188249	3600		260.94		    292450		-999.00
7926	1657191849	3600		261.06		    292450		-999.00
7927	1657195449	3600		261.17		    292450		-999.00
7928	1657199049	3600		261.21		    292450		-999.00
7929	1657202649	3600		261.17		    292450		-999.00
7930	1657206249	3600		260.95		    292450		-999.00
7931	1657209849	3600		261.19		    292450		-999.00
7932	1657213449	3600		261.20		    292450		-999.00
7933	1657217049	3600		261.28		    292450		-999.00
7934	1657220649	3600		261.20		    292450		-999.00
7935	1657224249	3600		261.28		    292450		-999.00
7936	1657227849	3600		261.20		    292450		-999.00
7937	1657231449	3600		261.28		    292450		-999.00
7938	1657235049	3600		261.24		    292450		-999.00
7939	1657238649	3600		261.20		    292450		-999.00
7940	1657242249	3600		261.28		    292450		-999.00
7941	1657245849	3600		261.20		    292450		-999.00
7942	1657249449	3600		261.28		    292450		-999.00
7943	1657253049	3600		261.20		    292450		-999.00
7944	1657256649	3600		261.24		    292450		-999.00
7945	1657260249	3600		261.08		    292450		-999.00
7946	1657263849	3600		261.21		    292450		-999.00
7947	1657267449	3600		260.97		    292450		-999.00
7948	1657271049	3600		261.18		    292450		-999.00
7949	1657274649	3600		261.26		    292450		-999.00
7950	1657278249	3600		261.30		    292450		-999.00
7951	1657281849	3600		261.26		    292450		-999.00
7952	1657285449	3600		261.26		    292450		-999.00
7953	1657289049	3600		261.30		    292450		-999.00
7954	1657292649	3600		261.30		    292450		-999.00
7955	1657296249	3600		261.33		    292450		-999.00
7956	1657299849	3600		260.91		    292450		-999.00
7957	1657303449	3600		261.10		    292450		-999.00
7958	1657307049	3600		261.12		    292450		-999.00
7959	1657310649	3600		261.29		    292450		-999.00
7960	1657314249	3600		261.29		    292450		-999.00
7961	1657317849	3600		261.25		    292450		-999.00
7962	1657321449	3600		261.29		    292450		-999.00
7963	1657325049	3600		261.36		    292450		-999.00
7964	1657328649	3600		261.29		    292450		-999.00
7965	1657332249	3600		261.29		    292450		-999.00
7966	1657335849	3600		261.29		    292450		-999.00
7967	1657339449	3600		261.29		    292450		-999.00
7968	1657343049	3600		261.29		    292450		-999.00
7969	1657346649	3600		261.25		    292450		-999.00
7970	1657350249	3600		260.95		    292450		-999.00
7971	1657353849	3600		260.83		    292450		-999.00
7972	1657357449	3600		261.06		    292450		-999.00
7973	1657361049	3600		261.07		    292450		-999.00
7974	1657364649	3600		261.31		    292450		-999.00
7975	1657368249	3600		261.31		    292450		-999.00
7976	1657371849	3600		261.31		    292450		-999.00
7977	1657375449	3600		261.31		    292450		-999.00
7978	1657379049	3600		261.26		    292450		-999.00
7979	1657382649	3600		261.06		    292450		-999.00
7980	1657386249	3600		261.30		    292450		-999.00
7981	1657389849	3600		261.27		    292450		-999.00
7982	1657393449	3600		261.27		    292450		-999.00
7983	1657397049	3600		261.27		    292450		-999.00
7984	1657400649	3600		261.27		    292450		-999.00
7985	1657404249	3600		261.31		    292450		-999.00
7986	1657407849	3600		261.31		    292450		-999.00
7987	1657411449	3600		261.31		    292450		-999.00
7988	1657415049	3600		261.31		    292450		-999.00
7989	1657418649	3600		261.27		    292450		-999.00
7990	1657422249	3600		261.31		    292450		-999.00
7991	1657425849	3600		261.23		    292450		-999.00
7992	1657429449	3600		261.27		    292450		-999.00
7993	1657433049	3600		261.21		    292450		-999.00
7994	1657436649	3600		261.28		    292450		-999.00
7995	1657440249	3600		260.92		    292450		-999.00
7996	1657443849	3600		261.25		    292450		-999.00
7997	1657447449	3600		261.12		    292450		-999.00
7998	1657183449	-264000		261.29		    292450		-999.00
7960	1657449293	1200		265.16		   2527705		722.00
7960	1657452893	3600		265.44		   2443458		741.50
7960	1657456493	3600		265.39		   2591915		740.50
7960	1657460093	3600		265.36		   2659091		740.50
7960	1657463693	3600		265.40		   2658095		734.00
7960	1657467293	3600		265.32		   2470115		738.00
7960	1657470893	3600		265.32		   2327432		735.00
7960	1657474493	3600		265.31		   2173089		737.50
7960	1657478093	3600		265.32		   1894246		735.00
7960	1657479562	1469		265.33		   1966399		735.00
7961	1657480762	1200		261.20		   1966399		-999.00
7962	1657484362	3600		261.19		   1966399		-999.00
7963	1657487962	3600		260.84		   1966399		-999.00
7964	1657491562	3600		260.87		   1966399		-999.00
7965	1657495162	3600		261.17		   1966399		-999.00
7966	1657498762	3600		261.32		   1966399		-999.00
7967	1657479562	-19200		261.27		   1966399		-999.00
7963	1657500446	1200		265.47		   2141274		747.50
7963	1657504046	3600		265.41		   2277801		743.00
7963	1657507646	3600		265.41		   2225536		740.50
7963	1657511246	3600		265.43		   2827298		741.50
7963	1657514846	3600		265.43		   2745355		741.50
7963	1657518446	3600		265.42		   2549794		741.50
7963	1657522046	3600		265.42		   2359384		738.00
7963	1657525646	3600		265.32		   2252355		734.50
7963	1657529246	3600		265.18		   2127256		723.50
7963	1657532846	3600		265.40		   1834030		739.50
7963	1657534325	1479		261.04		   1625454		 13.50
7964	1657535525	1200		260.74		   1625454		-999.00
7965	1657539125	3600		261.24		   1625454		-999.00
7966	1657542725	3600		261.16		   1625454		-999.00
7967	1657534325	-8400		260.92		   1625454		-999.00
7965	1657544407	1200		265.39		   2612539		742.50
7965	1657544771	364		265.40		   2975454		742.50
7966	1657545971	1200		265.33		   2975454		-999.00
7967	1657549571	3600		261.02		   2975454		-999.00
7968	1657544771	-4800		261.44		   2975454		-999.00
7966	1657553938	1200		265.24		   2671073		713.50
7966	1657557538	3600		265.36		   2892932		740.00
7966	1657561138	3600		265.39		   2844731		740.00
7966	1657564738	3600		265.40		   2851880		738.00
7966	1657568338	3600		265.43		   2682006		739.50
7966	1657571857	3519		265.18		   1813487		724.50
7967	1657573057	1200		261.30		   1813487		-999.00
7968	1657576657	3600		261.25		   1813487		-999.00
7969	1657580257	3600		260.98		   1813487		-999.00
7970	1657571857	-8400		261.13		   1813487		-999.00
7967	1657583609	1200		265.38		   2263699		742.00
7967	1657587209	3600		265.34		   2201764		740.50
7967	1657590809	3600		265.34		   2124308		737.00
7967	1657594409	3600		265.34		   2089200		737.00
7967	1657598009	3600		265.43		   1912432		749.00
7967	1657601609	3600		265.33		       347		746.00
7967	1657605209	3600		265.40		       320		748.00
7967	1657607002	1793		265.36		       288		741.00
7968	1657608202	1200		265.02		       288		-999.00
7969	1657611802	3600		265.14		       288		-999.00
7970	1657615402	3600		265.26		       288		-999.00
7971	1657619002	3600		265.29		       288		-999.00
7972	1657622602	3600		265.24		       288		-999.00
7973	1657626202	3600		265.20		       288		-999.00
7974	1657629802	3600		264.91		       288		-999.00
7975	1657633402	3600		265.15		       288		-999.00
7976	1657637002	3600		265.23		       288		-999.00
7977	1657640602	3600		265.44		       288		-999.00
7978	1657644202	3600		265.44		       288		-999.00
7979	1657647802	3600		265.37		       288		-999.00
7980	1657651402	3600		265.41		       288		-999.00
7981	1657655002	3600		261.28		       288		-999.00
7982	1657658602	3600		261.28		       288		-999.00
7983	1657662202	3600		261.28		       288		-999.00
7984	1657607002	-55200		261.32		       288		-999.00
7969	1657666665	1200		265.57		  14380244		736.00
7969	1657670265	3600		265.79		  14193252		747.00
7969	1657673865	3600		265.79		  14336541		744.00
7969	1657677465	3600		263.01		  14650118		 13.00
7969	1657679362	1897		266.59		  12229366		 13.00
7970	1657680562	1200		266.70		  12229366		-999.00
7971	1657684162	3600		267.09		  12229366		-999.00
7972	1657687762	3600		267.74		  12229366		-999.00
7973	1657691362	3600		275.43		  12229366		-999.00
7974	1657694962	3600		275.14		  12229366		-999.00
7975	1657698562	3600		256.16		  12229366		-999.00
7976	1657702162	3600		256.16		  12229366		-999.00
7977	1657705762	3600		266.56		  12229366		-999.00
7978	1657709362	3600		266.87		  12229366		-999.00
7979	1657712962	3600		256.12		  12229366		-999.00
7980	1657716562	3600		260.35		  12229366		-999.00
7981	1657720162	3600		261.28		  12229366		-999.00
7982	1657723762	3600		261.28		  12229366		-999.00
7983	1657727362	3600		261.33		  12229366		-999.00
7984	1657730962	3600		261.33		  12229366		-999.00
7985	1657734562	3600		261.33		  12229366		-999.00
7986	1657738162	3600		261.33		  12229366		-999.00
7987	1657741762	3600		261.33		  12229366		-999.00
7988	1657745362	3600		261.33		  12229366		-999.00
7989	1657748962	3600		261.09		  12229366		-999.00
7990	1657752562	3600		261.19		  12229366		-999.00
7991	1657756162	3600		261.27		  12229366		-999.00
7992	1657759762	3600		261.26		  12229366		-999.00
7993	1657763362	3600		261.20		  12229366		-999.00
7994	1657766962	3600		264.85		  12229366		-999.00
7995	1657770562	3600		260.81		  12229366		-999.00
7996	1657774162	3600		261.31		  12229366		-999.00
7997	1657777762	3600		260.89		  12229366		-999.00
7998	1657781362	3600		264.77		  12229366		-999.00
7999	1657784962	3600		265.19		  12229366		-999.00
8000	1657788562	3600		261.21		  12229366		-999.00
8001	1657792162	3600		261.19		  12229366		-999.00
8002	1657795762	3600		261.19		  12229366		-999.00
8003	1657799362	3600		261.27		  12229366		-999.00
8004	1657802962	3600		261.05		  12229366		-999.00
8005	1657806562	3600		261.27		  12229366		-999.00
8006	1657810162	3600		261.16		  12229366		-999.00
8007	1657679362	-130800		266.63		  12229366		-999.00
7978	1657811793	1200		265.47		   5041138		751.00
7978	1657815393	3600		265.68		   9111586		752.50
7978	1657818993	3600		265.70		   9837747		749.00
7978	1657822593	3600		265.70		  10014381		749.00
7978	1657826193	3600		265.71		  10062198		745.50
7978	1657829793	3600		265.59		  10147840		745.50
7978	1657833393	3600		265.64		  10408967		745.50
7978	1657836993	3600		265.59		  10370760		742.00
7978	1657840593	3600		265.59		  10120232		742.50
7978	1657844193	3600		265.61		   9554448		742.50
7978	1657847793	3600		265.60		   9125973		742.50
7978	1657850961	3168		265.52		   7863426		736.50
7979	1657852161	1200		261.26		   7863426		-999.00
7980	1657855761	3600		261.36		   7863426		-999.00
7981	1657859361	3600		261.36		   7863426		-999.00
7982	1657862961	3600		261.06		   7863426		-999.00
7983	1657866561	3600		260.83		   7863426		-999.00
7984	1657870161	3600		261.28		   7863426		-999.00
7985	1657873761	3600		261.03		   7863426		-999.00
7986	1657877361	3600		265.22		   7863426		-999.00
7987	1657880961	3600		265.30		   7863426		-999.00
7988	1657884561	3600		265.06		   7863426		-999.00
7989	1657888161	3600		265.18		   7863426		-999.00
7990	1657891761	3600		265.22		   7863426		-999.00
7991	1657895361	3600		265.44		   7863426		-999.00
7992	1657898961	3600		265.36		   7863426		-999.00
7993	1657902561	3600		265.40		   7863426		-999.00
7994	1657906161	3600		265.36		   7863426		-999.00
7995	1657909761	3600		265.44		   7863426		-999.00
7996	1657913361	3600		261.37		   7863426		-999.00
7997	1657916961	3600		261.33		   7863426		-999.00
7998	1657920561	3600		261.33		   7863426		-999.00
7999	1657924161	3600		261.33		   7863426		-999.00
8000	1657927761	3600		261.29		   7863426		-999.00
8001	1657931361	3600		261.29		   7863426		-999.00
8002	1657934961	3600		261.29		   7863426		-999.00
8003	1657938561	3600		261.29		   7863426		-999.00
8004	1657942161	3600		261.25		   7863426		-999.00
8005	1657945761	3600		261.25		   7863426		-999.00
8006	1657949361	3600		261.25		   7863426		-999.00
8007	1657952961	3600		261.25		   7863426		-999.00
8008	1657956561	3600		261.25		   7863426		-999.00
8009	1657960161	3600		261.25		   7863426		-999.00
8010	1657963761	3600		261.25		   7863426		-999.00
8011	1657967361	3600		261.13		   7863426		-999.00
8012	1657970961	3600		261.25		   7863426		-999.00
8013	1657974561	3600		261.25		   7863426		-999.00
8014	1657978161	3600		261.13		   7863426		-999.00
8015	1657981761	3600		261.25		   7863426		-999.00
8016	1657985361	3600		261.25		   7863426		-999.00
8017	1657988961	3600		261.23		   7863426		-999.00
8018	1657992561	3600		261.27		   7863426		-999.00
8019	1657996161	3600		261.20		   7863426		-999.00
8020	1657999761	3600		261.32		   7863426		-999.00
8021	1658003361	3600		261.32		   7863426		-999.00
8022	1658006961	3600		261.30		   7863426		-999.00
8023	1658010561	3600		261.30		   7863426		-999.00
8024	1658014161	3600		261.30		   7863426		-999.00
8025	1658017761	3600		261.30		   7863426		-999.00
8026	1658021361	3600		261.30		   7863426		-999.00
8027	1658024961	3600		261.30		   7863426		-999.00
8028	1658028561	3600		261.30		   7863426		-999.00
8029	1658032161	3600		261.30		   7863426		-999.00
8030	1658035761	3600		261.30		   7863426		-999.00
8031	1658039361	3600		261.30		   7863426		-999.00
8032	1658042961	3600		261.30		   7863426		-999.00
8033	1658046561	3600		261.30		   7863426		-999.00
8034	1658050161	3600		261.30		   7863426		-999.00
8035	1658053761	3600		261.31		   7863426		-999.00
8036	1658057361	3600		261.31		   7863426		-999.00
8037	1658060961	3600		261.27		   7863426		-999.00
8038	1658064561	3600		261.27		   7863426		-999.00
8039	1658068161	3600		261.27		   7863426		-999.00
8040	1658071761	3600		261.30		   7863426		-999.00
8041	1658075361	3600		261.33		   7863426		-999.00
8042	1658078961	3600		261.30		   7863426		-999.00
8043	1658082561	3600		261.30		   7863426		-999.00
8044	1658086161	3600		261.26		   7863426		-999.00
8045	1658089761	3600		261.26		   7863426		-999.00
8046	1658093361	3600		260.99		   7863426		-999.00
8047	1658096961	3600		261.42		   7863426		-999.00
8048	1658100561	3600		260.93		   7863426		-999.00
8049	1658104161	3600		261.29		   7863426		-999.00
8050	1657850961	-253200		261.28		   7863426		-999.00
8007	1658107997	1200		265.57		   9470056		740.50
8007	1658111597	3600		265.64		  10647990		748.50
8007	1658115197	3600		265.58		   9876332		745.00
8007	1658118797	3600		265.68		  10862123		747.00
8007	1658121712	2915		265.72		  10634309		750.00
8008	1658122912	1200		265.05		  10634309		-999.00
8009	1658126512	3600		261.25		  10634309		-999.00
8010	1658130112	3600		261.24		  10634309		-999.00
8011	1658133712	3600		261.24		  10634309		-999.00
8012	1658137312	3600		261.26		  10634309		-999.00
8013	1658140912	3600		260.77		  10634309		-999.00
8014	1658144512	3600		261.14		  10634309		-999.00
8015	1658148112	3600		261.18		  10634309		-999.00
8016	1658151712	3600		261.24		  10634309		-999.00
8017	1658155312	3600		261.24		  10634309		-999.00
8018	1658158912	3600		261.28		  10634309		-999.00
8019	1658162512	3600		261.28		  10634309		-999.00
8020	1658166112	3600		260.90		  10634309		-999.00
8021	1658169712	3600		261.49		  10634309		-999.00
8022	1658173312	3600		261.26		  10634309		-999.00
8023	1658176912	3600		261.26		  10634309		-999.00
8024	1658180512	3600		261.30		  10634309		-999.00
8025	1658184112	3600		261.30		  10634309		-999.00
8026	1658187712	3600		261.03		  10634309		-999.00
8027	1658191312	3600		261.30		  10634309		-999.00
8028	1658194912	3600		261.30		  10634309		-999.00
8029	1658198512	3600		261.20		  10634309		-999.00
8030	1658202112	3600		261.32		  10634309		-999.00
8031	1658205712	3600		261.22		  10634309		-999.00
8032	1658209312	3600		261.26		  10634309		-999.00
8033	1658212912	3600		260.84		  10634309		-999.00
8034	1658216512	3600		261.21		  10634309		-999.00
8035	1658220112	3600		261.09		  10634309		-999.00
8036	1658223712	3600		261.30		  10634309		-999.00
8037	1658227312	3600		261.27		  10634309		-999.00
8038	1658230912	3600		261.03		  10634309		-999.00
8039	1658234512	3600		260.80		  10634309		-999.00
8040	1658238112	3600		261.24		  10634309		-999.00
8041	1658241712	3600		261.26		  10634309		-999.00
8042	1658245312	3600		261.24		  10634309		-999.00
8043	1658121712	-123600		261.64		  10634309		-999.00
8016	1658248079	1200		265.75		  20020764		717.00
8016	1658251679	3600		265.87		  17625647		750.50
8016	1658255279	3600		266.20		  17012095		787.50
8016	1658255595	316		265.69		         0		787.50
8017	1658256795	1200		265.47		         0		-999.00
8018	1658260395	3600		261.26		         0		-999.00
8019	1658263995	3600		261.34		         0		-999.00
8020	1658255595	-8400		261.58		         0		-999.00
8017	1658265574	1200		265.65		  16458037		740.00
8017	1658269174	3600		265.97		  20993952		750.00
8017	1658272774	3600		266.00		  21905718		750.00
8017	1658276374	3600		266.01		  22218630		749.50
8017	1658279974	3600		266.01		  22220578		749.50
8017	1658283574	3600		265.98		  21328887		746.00
8017	1658287174	3600		265.98		  21274938		749.50
8017	1658290774	3600		265.97		  21009983		749.50
8017	1658294374	3600		266.13		  19557784		781.50
8017	1658294511	137		265.54		         0		781.50
8018	1658295711	1200		265.64		         0		-999.00
8019	1658299311	3600		261.09		         0		-999.00
8020	1658302911	3600		260.85		         0		-999.00
8021	1658294511	-8400		261.58		         0		-999.00
8018	1658306621	1200		265.88		  20626110		748.00
8018	1658309828	3207		265.97		  20282236		748.00
8019	1658311028	1200		265.06		  20282236		-999.00
8020	1658314628	3600		261.16		  20282236		-999.00
8021	1658318228	3600		261.29		  20282236		-999.00
8022	1658309828	-8400		261.52		  20282236		-999.00
8019	1658320634	1200		265.99		  21607653		752.50
8019	1658324234	3600		265.90		  20422668		748.50
8019	1658325849	1615		265.93		  19955664		748.50
8020	1658327049	1200		265.59		  19955664		-999.00
8021	1658330649	3600		261.12		  19955664		-999.00
8022	1658334249	3600		261.28		  19955664		-999.00
8023	1658325849	-8400		261.52		  19955664		-999.00
8020	1658336909	1200		265.94		  20898085		753.00
8020	1658340509	3600		265.93		  20328026		749.50
8020	1658344109	3600		265.91		  19720830		749.50
8020	1658345317	1208		265.90		  19527756		749.50
8021	1658346517	1200		265.61		  19527756		-999.00
8022	1658350117	3600		261.22		  19527756		-999.00
8023	1658353717	3600		261.07		  19527756		-999.00
8024	1658357317	3600		261.04		  19527756		-999.00
8025	1658360917	3600		261.35		  19527756		-999.00
8026	1658345317	-15600		261.34		  19527756		-999.00
8022	1658362484	1200		265.57		  11066624		738.00
8022	1658366084	3600		265.30		    628708		741.50
8022	1658369684	3600		265.30		    632374		741.50
8022	1658370850	1166		265.30		    629857		741.50
8023	1658372050	1200		265.33		    629857		-999.00
8024	1658375650	3600		261.28		    629857		-999.00
8025	1658370850	-4800		261.51		    629857		-999.00
8023	1658379906	1200		265.45		   8972202		731.00
8023	1658383415	3509		265.23		    620896		738.00
8024	1658384615	1200		261.07		    620896		-999.00
8025	1658388215	3600		265.03		    620896		-999.00
8026	1658391815	3600		265.38		    620896		-999.00
8027	1658395415	3600		265.22		    620896		-999.00
8028	1658399015	3600		261.12		    620896		-999.00
8029	1658402615	3600		261.24		    620896		-999.00
8030	1658406215	3600		261.17		    620896		-999.00
8031	1658409815	3600		261.02		    620896		-999.00
8032	1658413415	3600		260.98		    620896		-999.00
8033	1658417015	3600		261.17		    620896		-999.00
8034	1658420615	3600		260.91		    620896		-999.00
8035	1658424215	3600		261.23		    620896		-999.00
8036	1658427815	3600		261.27		    620896		-999.00
8037	1658431415	3600		261.32		    620896		-999.00
8038	1658435015	3600		261.28		    620896		-999.00
8039	1658383415	-51600		261.50		    620896		-999.00
8027	1658438529	1200		266.03		  25549630		731.50
8027	1658442129	3600		266.27		  31594478		757.00
8027	1658445729	3600		266.31		  31588150		759.00
8027	1658449329	3600		266.20		  29107682		756.00
8027	1658452929	3600		266.20		  26206807		756.00
8027	1658456529	3600		266.04		  25195816		750.00
8027	1658460129	3600		265.94		  22055516		748.50
8027	1658460721	592		265.94		  21929226		752.00
8028	1658461921	1200		261.27		  21929226		-999.00
8029	1658465521	3600		261.28		  21929226		-999.00
8030	1658469121	3600		261.32		  21929226		-999.00
8031	1658472721	3600		260.89		  21929226		-999.00
8032	1658476321	3600		261.19		  21929226		-999.00
8033	1658479921	3600		261.23		  21929226		-999.00
8034	1658483521	3600		261.31		  21929226		-999.00
8035	1658487121	3600		261.27		  21929226		-999.00
8036	1658490721	3600		261.27		  21929226		-999.00
8037	1658494321	3600		261.27		  21929226		-999.00
8038	1658497921	3600		261.26		  21929226		-999.00
8039	1658501521	3600		261.18		  21929226		-999.00
8040	1658505121	3600		261.30		  21929226		-999.00
8041	1658460721	-44400		261.32		  21929226		-999.00
8030	1658506336	1200		266.27		  29269493		769.00
8030	1658509936	3600		266.35		  39698778		751.00
8030	1658510500	564		266.35		  42927969		742.00
8031	1658511700	1200		265.61		  42927969		-999.00
8032	1658515300	3600		265.50		  42927969		-999.00
8033	1658518900	3600		265.53		  42927969		-999.00
8034	1658522500	3600		265.49		  42927969		-999.00
8035	1658526100	3600		261.19		  42927969		-999.00
8036	1658529700	3600		261.30		  42927969		-999.00
8037	1658533300	3600		261.30		  42927969		-999.00
8038	1658536900	3600		261.30		  42927969		-999.00
8039	1658540500	3600		261.30		  42927969		-999.00
8040	1658544100	3600		261.30		  42927969		-999.00
8041	1658547700	3600		261.30		  42927969		-999.00
8042	1658551300	3600		264.90		  42927969		-999.00
8043	1658554900	3600		265.41		  42927969		-999.00
8044	1658558500	3600		261.11		  42927969		-999.00
8045	1658562100	3600		261.27		  42927969		-999.00
8046	1658565700	3600		261.14		  42927969		-999.00
8047	1658569300	3600		261.30		  42927969		-999.00
8048	1658510500	-58800		261.44		  42927969		-999.00
8033	1658574094	1200		266.61		  38465154		768.00
8033	1658577694	3600		266.51		  37489521		766.50
8033	1658581294	3600		266.57		  39432716		767.00
8033	1658584894	3600		266.44		  39743373		754.00
8033	1658588494	3600		266.55		  40235418		761.50
8033	1658592094	3600		266.47		  40520604		754.00
8033	1658595694	3600		266.52		  37378559		760.50
8033	1658599294	3600		266.53		  37568056		763.00
8033	1658602894	3600		266.27		  33808536		753.50
8033	1658603069	175		261.29		  30448625		 13.50
8034	1658604269	1200		261.37		  30448625		-999.00
8035	1658607869	3600		265.49		  30448625		-999.00
8036	1658611469	3600		265.57		  30448625		-999.00
8037	1658615069	3600		265.53		  30448625		-999.00
8038	1658618669	3600		265.53		  30448625		-999.00
8039	1658622269	3600		265.53		  30448625		-999.00
8040	1658625869	3600		265.49		  30448625		-999.00
8041	1658629469	3600		265.49		  30448625		-999.00
8042	1658633069	3600		265.49		  30448625		-999.00
8043	1658636669	3600		265.49		  30448625		-999.00
8044	1658640269	3600		265.49		  30448625		-999.00
8045	1658643869	3600		265.06		  30448625		-999.00
8046	1658647469	3600		265.06		  30448625		-999.00
8047	1658651069	3600		265.43		  30448625		-999.00
8048	1658654669	3600		265.51		  30448625		-999.00
8049	1658658269	3600		265.47		  30448625		-999.00
8050	1658661869	3600		265.47		  30448625		-999.00
8051	1658665469	3600		265.44		  30448625		-999.00
8052	1658669069	3600		265.44		  30448625		-999.00
8053	1658672669	3600		265.47		  30448625		-999.00
8054	1658676269	3600		265.47		  30448625		-999.00
8055	1658679869	3600		265.44		  30448625		-999.00
8056	1658683469	3600		261.24		  30448625		-999.00
8057	1658687069	3600		261.28		  30448625		-999.00
8058	1658690669	3600		261.09		  30448625		-999.00
8059	1658694269	3600		261.26		  30448625		-999.00
8060	1658697869	3600		261.26		  30448625		-999.00
8061	1658701469	3600		261.26		  30448625		-999.00
8062	1658705069	3600		261.26		  30448625		-999.00
8063	1658708669	3600		261.26		  30448625		-999.00
8064	1658712269	3600		261.26		  30448625		-999.00
8065	1658715869	3600		261.26		  30448625		-999.00
8066	1658719469	3600		261.26		  30448625		-999.00
8067	1658723069	3600		261.26		  30448625		-999.00
8068	1658726669	3600		261.26		  30448625		-999.00
8069	1658730269	3600		261.06		  30448625		-999.00
8070	1658733869	3600		261.22		  30448625		-999.00
8071	1658737469	3600		261.11		  30448625		-999.00
8072	1658603069	-134400		261.29		  30448625		-999.00
8073	1658742177	1200		265.60		  30448625		-999.00
8074	1658745777	3600		265.30		  30448625		-999.00
8075	1658749377	3600		265.34		  30448625		-999.00
8076	1658752977	3600		265.13		  30448625		-999.00
8077	1658756577	3600		264.80		  30448625		-999.00
8078	1658760177	3600		265.32		  30448625		-999.00
8079	1658763777	3600		264.90		  30448625		-999.00
8080	1658740977	-22800		265.53		  30448625		-999.00
8046	1658765029	1200		266.41		  37883145		761.50
8046	1658768629	3600		266.57		  45728942		759.50
8046	1658771734	3105		266.42		  49284893		711.00
8047	1658772934	1200		265.62		  49284893		-999.00
8048	1658776534	3600		261.36		  49284893		-999.00
8049	1658780134	3600		261.27		  49284893		-999.00
8050	1658783734	3600		261.28		  49284893		-999.00
8051	1658787334	3600		261.28		  49284893		-999.00
8052	1658790934	3600		261.27		  49284893		-999.00
8053	1658794534	3600		261.35		  49284893		-999.00
8054	1658798134	3600		261.28		  49284893		-999.00
8055	1658801734	3600		261.28		  49284893		-999.00
8056	1658805334	3600		265.40		  49284893		-999.00
8057	1658808934	3600		265.40		  49284893		-999.00
8058	1658812534	3600		265.21		  49284893		-999.00
8059	1658816134	3600		264.94		  49284893		-999.00
8060	1658819734	3600		265.06		  49284893		-999.00
8061	1658823334	3600		265.21		  49284893		-999.00
8062	1658826934	3600		265.29		  49284893		-999.00
8063	1658830534	3600		265.29		  49284893		-999.00
8064	1658834134	3600		265.00		  49284893		-999.00
8065	1658837734	3600		265.44		  49284893		-999.00
8066	1658841334	3600		265.36		  49284893		-999.00
8067	1658844934	3600		265.28		  49284893		-999.00
8068	1658848534	3600		265.40		  49284893		-999.00
8069	1658852134	3600		265.03		  49284893		-999.00
8070	1658855734	3600		265.40		  49284893		-999.00
8071	1658859334	3600		265.36		  49284893		-999.00
8072	1658862934	3600		261.22		  49284893		-999.00
8073	1658866534	3600		261.27		  49284893		-999.00
8074	1658870134	3600		261.02		  49284893		-999.00
8075	1658873734	3600		261.27		  49284893		-999.00
8076	1658877334	3600		261.26		  49284893		-999.00
8077	1658880934	3600		261.26		  49284893		-999.00
8078	1658884534	3600		261.26		  49284893		-999.00
8079	1658888134	3600		261.26		  49284893		-999.00
8080	1658891734	3600		261.28		  49284893		-999.00
8081	1658895334	3600		265.29		  49284893		-999.00
8082	1658898934	3600		265.37		  49284893		-999.00
8083	1658902534	3600		265.36		  49284893		-999.00
8084	1658906134	3600		265.38		  49284893		-999.00
8085	1658909734	3600		265.42		  49284893		-999.00
8086	1658913334	3600		265.36		  49284893		-999.00
8087	1658916934	3600		265.03		  49284893		-999.00
8088	1658920534	3600		260.97		  49284893		-999.00
8089	1658924134	3600		261.25		  49284893		-999.00
8090	1658927734	3600		261.25		  49284893		-999.00
8091	1658931334	3600		261.14		  49284893		-999.00
8092	1658934934	3600		261.28		  49284893		-999.00
8093	1658771734	-163200		261.43		  49284893		-999.00
8057	1658938498	1200		266.44		  35412039		766.00
8057	1658940388	1890		266.11		  28043269		758.00
8058	1658941588	1200		265.23		  28043269		-999.00
8059	1658945188	3600		261.30		  28043269		-999.00
8060	1658948788	3600		261.18		  28043269		-999.00
8061	1658940388	-8400		261.50		  28043269		-999.00
8058	1658951946	1200		265.94		  21208395		758.50
8058	1658955104	3158		265.71		  21572319		 13.50
8059	1658956304	1200		265.30		  21572319		-999.00
8060	1658959904	3600		265.19		  21572319		-999.00
8061	1658955104	-4800		265.10		  21572319		-999.00
8059	1658963940	1200		266.55		  37843134		767.50
8059	1658967540	3600		266.56		  38797255		765.50
8059	1658971140	3600		266.54		  38144252		766.50
8059	1658974740	3600		266.56		  38741717		766.50
8059	1658978340	3600		266.55		  38573357		766.00
8059	1658980880	2540		266.57		  39074314		766.00
8060	1658982080	1200		265.69		  39074314		-999.00
8061	1658985680	3600		265.54		  39074314		-999.00
8062	1658989280	3600		265.54		  39074314		-999.00
8063	1658992880	3600		265.02		  39074314		-999.00
8064	1658996480	3600		261.02		  39074314		-999.00
8065	1659000080	3600		261.19		  39074314		-999.00
8066	1659003680	3600		261.11		  39074314		-999.00
8067	1659007280	3600		260.80		  39074314		-999.00
8068	1659010880	3600		261.16		  39074314		-999.00
8069	1659014480	3600		261.29		  39074314		-999.00
8070	1659018080	3600		261.40		  39074314		-999.00
8071	1658980880	-37200		261.43		  39074314		-999.00
8072	1659021637	1200		265.57		  39074314		-999.00
8073	1659025237	3600		261.33		  39074314		-999.00
8074	1659020437	-4800		261.41		  39074314		-999.00
8063	1659029019	1200		266.64		  39750388		776.50
8063	1659032619	3600		266.95		  48419367		777.50
8063	1659036219	3600		266.85		  47679232		775.50
8063	1659039819	3600		266.87		  47775323		773.00
8063	1659043419	3600		266.75		  43853909		775.50
8063	1659047019	3600		266.69		  41613585		774.00
8063	1659050619	3600		266.60		  38941916		771.00
8063	1659054219	3600		266.53		  36483627		770.50
8063	1659057819	3600		266.48		  34678527		770.50
8063	1659061419	3600		266.41		  32609550		766.50
8063	1659065019	3600		266.37		  31101744		767.50
8063	1659068619	3600		265.87		  29513500		718.50
8063	1659072219	3600		266.14		  25300409		763.00
8063	1659072807	588		266.15		  25605172		763.00
8064	1659074007	1200		265.62		  25605172		-999.00
8065	1659077607	3600		265.17		  25605172		-999.00
8066	1659081207	3600		265.20		  25605172		-999.00
8067	1659084807	3600		265.26		  25605172		-999.00
8068	1659088407	3600		265.26		  25605172		-999.00
8069	1659092007	3600		265.26		  25605172		-999.00
8070	1659072807	-19200		265.38		  25605172		-999.00
8067	1659096564	1200		266.57		  48426357		730.50
8067	1659100164	3600		266.89		  50324648		774.50
8067	1659103764	3600		267.11		  55106367		780.50
8067	1659107364	3600		267.11		  55187241		782.50
8067	1659110964	3600		267.11		  55702818		778.50
8067	1659114564	3600		266.99		  51932350		778.50
8067	1659116576	2012		266.87		  50781997		773.50
8068	1659117776	1200		264.90		  50781997		-999.00
8069	1659121376	3600		261.15		  50781997		-999.00
8070	1659124976	3600		261.38		  50781997		-999.00
8071	1659116576	-8400		261.50		  50781997		-999.00
8068	1659126285	1200		266.88		  48394046		786.50
8068	1659129885	3600		266.85		  51304896		775.50
8068	1659133485	3600		267.02		  51920441		786.00
8068	1659137085	3600		266.97		  50373090		783.00
8068	1659139547	2462		267.08		  54055193		784.00
8069	1659140747	1200		265.58		  54055193		-999.00
8070	1659144347	3600		261.32		  54055193		-999.00
8071	1659147947	3600		261.32		  54055193		-999.00
8072	1659151547	3600		261.14		  54055193		-999.00
8073	1659155147	3600		261.32		  54055193		-999.00
8074	1659158747	3600		261.28		  54055193		-999.00
8075	1659162347	3600		261.30		  54055193		-999.00
8076	1659165947	3600		261.45		  54055193		-999.00
8077	1659139547	-26400		261.38		  54055193		-999.00
8072	1659168944	1200		266.50		  34246586		790.50
8072	1659172544	3600		267.06		  52875629		790.50
8072	1659176144	3600		267.03		  52048161		786.00
8072	1659179744	3600		267.02		  51599579		786.00
8072	1659183344	3600		266.54		  51626970		726.00
8072	1659186944	3600		266.96		  47945898		791.00
8072	1659190544	3600		266.66		  49978523		765.00
8072	1659194144	3600		266.84		  46583171		785.50
8072	1659197744	3600		266.76		  43761407		781.50
8072	1659201344	3600		266.67		  40798249		781.50
8072	1659204944	3600		266.59		  38286438		781.50
8072	1659208544	3600		266.54		  36909512		779.50
8072	1659212144	3600		266.19		  31649429		756.00
8072	1659212876	732		266.28		  32149917		769.00
8073	1659214076	1200		261.41		  32149917		-999.00
8074	1659217676	3600		261.40		  32149917		-999.00
8075	1659212876	-4800		261.36		  32149917		-999.00
8073	1659222440	1200		266.74		  43309940		793.00
8073	1659226040	3600		266.98		  51271272		793.00
8073	1659229640	3600		267.04		  51248710		789.50
8073	1659233240	3600		266.99		  51061041		796.50
8073	1659236840	3600		267.00		  51217681		793.00
8073	1659238263	1423		266.86		  46785715		790.00
8074	1659239463	1200		265.62		  46785715		-999.00
8075	1659243063	3600		265.61		  46785715		-999.00
8076	1659246663	3600		265.66		  46785715		-999.00
8077	1659250263	3600		261.00		  46785715		-999.00
8078	1659253863	3600		261.11		  46785715		-999.00
8079	1659257463	3600		265.36		  46785715		-999.00
8080	1659261063	3600		265.57		  46785715		-999.00
8081	1659264663	3600		265.61		  46785715		-999.00
8082	1659268263	3600		265.57		  46785715		-999.00
8083	1659271863	3600		261.33		  46785715		-999.00
8084	1659275463	3600		260.90		  46785715		-999.00
8085	1659279063	3600		265.60		  46785715		-999.00
8086	1659282663	3600		261.30		  46785715		-999.00
8087	1659238263	-44400		261.39		  46785715		-999.00
8076	1659287453	1200		266.55		  41565896		784.50
8076	1659291053	3600		267.37		  63582264		802.00
8076	1659294653	3600		267.37		  64850196		799.50
8076	1659298253	3600		267.39		  64267465		801.50
8076	1659301853	3600		267.45		  65052520		802.00
8076	1659305453	3600		267.19		  58742773		798.00
8076	1659309053	3600		266.99		  60430108		774.00
8076	1659312653	3600		266.82		  56653511		774.00
8076	1659314151	1498		267.02		  54607687		786.50
8077	1659315351	1200		265.61		  54607687		-999.00
8078	1659318951	3600		265.61		  54607687		-999.00
8079	1659322551	3600		265.65		  54607687		-999.00
8080	1659326151	3600		265.65		  54607687		-999.00
8081	1659329751	3600		265.65		  54607687		-999.00
8082	1659333351	3600		265.61		  54607687		-999.00
8083	1659336951	3600		265.00		  54607687		-999.00
8084	1659340551	3600		261.12		  54607687		-999.00
8085	1659344151	3600		265.04		  54607687		-999.00
8086	1659347751	3600		265.04		  54607687		-999.00
8087	1659351351	3600		265.38		  54607687		-999.00
8088	1659354951	3600		261.31		  54607687		-999.00
8089	1659314151	-40800		261.23		  54607687		-999.00
8078	1659359310	1200		266.45		  41064515		777.00
8078	1659362910	3600		267.41		  62580237		806.50
8078	1659365364	2454		267.41		  63790099		803.50
8079	1659366564	1200		265.63		  63790099		-999.00
8080	1659370164	3600		261.30		  63790099		-999.00
8081	1659365364	-4800		261.45		  63790099		-999.00
8079	1659373903	1200		266.55		  41537106		789.50
8079	1659377503	3600		267.37		  62524858		802.00
8079	1659381103	3600		267.41		  66383798		798.00
8079	1659382172	1069		267.43		  65874259		801.00
8080	1659383372	1200		265.63		  65874259		-999.00
8081	1659386972	3600		265.63		  65874259		-999.00
8082	1659390572	3600		265.63		  65874259		-999.00
8083	1659394172	3600		265.60		  65874259		-999.00
8084	1659397772	3600		265.60		  65874259		-999.00
8085	1659401372	3600		265.60		  65874259		-999.00
8086	1659404972	3600		261.30		  65874259		-999.00
8087	1659408572	3600		261.24		  65874259		-999.00
8088	1659382172	-26400		261.26		  65874259		-999.00
8081	1659411023	1200		266.46		  38024195		792.00
8081	1659414623	3600		267.11		  54594739		802.00
8081	1659418223	3600		267.39		  64275668		801.50
8081	1659421823	3600		267.42		  63773088		804.50
8081	1659425423	3600		267.31		  58768233		807.50
8081	1659429023	3600		267.32		  60601543		805.50
8081	1659432623	3600		267.16		  56696273		803.00
8081	1659436223	3600		267.12		  53731972		804.50
8081	1659439823	3600		267.03		  50871234		805.50
8081	1659441839	2016		266.86		  49017121		795.00
8082	1659443039	1200		261.50		  49017121		-999.00
8083	1659446639	3600		260.85		  49017121		-999.00
8084	1659450239	3600		261.36		  49017121		-999.00
8085	1659453839	3600		261.36		  49017121		-999.00
8086	1659441839	-12000		261.39		  49017121		-999.00
8083	1659457805	1200		266.47		  39274239		795.00
8083	1659461405	3600		267.42		  63782088		815.00
8083	1659465005	3600		267.45		  64505937		810.50
8083	1659468605	3600		267.45		  64709200		814.50
8083	1659472205	3600		267.29		  63041904		788.50
8083	1659475805	3600		267.29		  60365212		808.50
8083	1659479405	3600		267.30		  59690603		807.50
8083	1659483005	3600		267.19		  55944365		806.00
8083	1659486605	3600		267.06		  52779538		805.50
8083	1659490205	3600		266.51		  50556242		745.50
8083	1659493805	3600		266.90		  47527042		806.00
8083	1659494947	1142		266.02		  23079597		801.00
8084	1659496147	1200		265.53		  23079597		-999.00
8085	1659499747	3600		265.10		  23079597		-999.00
8086	1659503347	3600		265.65		  23079597		-999.00
8087	1659506947	3600		264.85		  23079597		-999.00
8088	1659510547	3600		264.91		  23079597		-999.00
8089	1659514147	3600		265.08		  23079597		-999.00
8090	1659517747	3600		260.68		  23079597		-999.00
8091	1659521347	3600		260.91		  23079597		-999.00
8092	1659524947	3600		265.66		  23079597		-999.00
8093	1659528547	3600		260.74		  23079597		-999.00
8094	1659532147	3600		265.57		  23079597		-999.00
8095	1659535747	3600		265.57		  23079597		-999.00
8096	1659539347	3600		264.95		  23079597		-999.00
8097	1659542947	3600		265.60		  23079597		-999.00
8098	1659546547	3600		261.38		  23079597		-999.00
8099	1659550147	3600		261.31		  23079597		-999.00
8100	1659553747	3600		261.34		  23079597		-999.00
8101	1659494947	-58800		261.32		  23079597		-999.00
8087	1659558222	1200		267.02		  51558231		818.50
8087	1659559988	1766		267.82		  78087202		816.00
8088	1659561188	1200		265.50		  78087202		-999.00
8089	1659564788	3600		261.24		  78087202		-999.00
8090	1659559988	-4800		261.40		  78087202		-999.00
8088	1659569099	1200		266.96		  50575478		815.50
8088	1659572699	3600		267.95		  79751505		824.00
8088	1659576299	3600		267.97		  80295055		826.00
8088	1659579899	3600		267.88		  80023182		825.00
8088	1659583499	3600		267.90		  79578957		824.50
8088	1659587099	3600		267.95		  79614224		826.00
8088	1659590699	3600		267.71		  73516945		822.50
8088	1659594299	3600		267.76		  74798778		825.00
8088	1659597899	3600		267.61		  69768711		821.50
8088	1659601499	3600		267.50		  66104752		818.00
8088	1659605099	3600		267.15		  57002136		819.00
8088	1659605836	737		267.18		  60423569		 13.50
8089	1659607036	1200		264.89		  60423569		-999.00
8090	1659610636	3600		264.76		  60423569		-999.00
8091	1659614236	3600		265.18		  60423569		-999.00
8092	1659617836	3600		265.26		  60423569		-999.00
8093	1659621436	3600		265.63		  60423569		-999.00
8094	1659625036	3600		265.66		  60423569		-999.00
8095	1659628636	3600		261.01		  60423569		-999.00
8096	1659632236	3600		261.09		  60423569		-999.00
8097	1659605836	-26400		261.31		  60423569		-999.00
8091	1659635703	1200		267.56		  70329374		826.00
8091	1659639303	3600		268.42		  97971634		822.00
8091	1659640464	1161		267.68		  68432758		847.00
8092	1659641664	1200		265.27		  68432758		-999.00
8093	1659645264	3600		261.07		  68432758		-999.00
8094	1659648864	3600		261.08		  68432758		-999.00
8095	1659652464	3600		261.10		  68432758		-999.00
8096	1659656064	3600		261.10		  68432758		-999.00
8097	1659640464	-15600		261.48		  68432758		-999.00
8094	1659659948	1200		266.86		  49983068		819.00
8094	1659663548	3600		268.38		  93868513		844.00
8094	1659667148	3600		268.38		  93640734		841.50
8094	1659670748	3600		268.18		  87572223		834.00
8094	1659674348	3600		267.99		  81284205		834.00
8094	1659677948	3600		267.83		  77171702		833.50
8094	1659681548	3600		267.67		  72126104		829.50
8094	1659685148	3600		267.51		  68150466		829.50
8094	1659688748	3600		267.28		  64471210		814.00
8094	1659690634	1886		266.86		  52074731		779.50
8095	1659691834	1200		260.99		  52074731		-999.00
8096	1659695434	3600		260.88		  52074731		-999.00
8097	1659699034	3600		260.95		  52074731		-999.00
8098	1659702634	3600		265.62		  52074731		-999.00
8099	1659706234	3600		265.67		  52074731		-999.00
8100	1659709834	3600		265.60		  52074731		-999.00
8101	1659713434	3600		265.64		  52074731		-999.00
8102	1659717034	3600		265.61		  52074731		-999.00
8103	1659720634	3600		265.67		  52074731		-999.00
8104	1659724234	3600		265.63		  52074731		-999.00
8105	1659727834	3600		265.65		  52074731		-999.00
8106	1659731434	3600		261.13		  52074731		-999.00
8107	1659735034	3600		261.08		  52074731		-999.00
8108	1659738634	3600		261.08		  52074731		-999.00
8109	1659690634	-48000		260.95		  52074731		-999.00
8098	1659742363	1200		268.08		  83942439		842.00
8098	1659742952	589		268.73		 103978588		851.50
8099	1659744152	1200		265.55		 103978588		-999.00
8100	1659747752	3600		261.05		 103978588		-999.00
8101	1659742952	-4800		261.21		 103978588		-999.00
8099	1659752145	1200		268.04		  83641622		846.00
8099	1659753308	1163		267.72		  80817718		811.00
8100	1659754508	1200		265.67		  80817718		-999.00
8101	1659758108	3600		265.62		  80817718		-999.00
8102	1659761708	3600		265.62		  80817718		-999.00
8103	1659765308	3600		265.62		  80817718		-999.00
8104	1659768908	3600		265.36		  80817718		-999.00
8105	1659772508	3600		265.19		  80817718		-999.00
8106	1659776108	3600		264.83		  80817718		-999.00
8107	1659779708	3600		265.08		  80817718		-999.00
8108	1659783308	3600		265.08		  80817718		-999.00
8109	1659786908	3600		264.99		  80817718		-999.00
8110	1659753308	-33600		265.33		  80817718		-999.00
8100	1659788492	1200		267.66		  72896719		826.50
8100	1659790213	1721		268.17		  84793959		850.50
8101	1659791413	1200		265.01		  84793959		-999.00
8102	1659795013	3600		261.03		  84793959		-999.00
8103	1659798613	3600		260.94		  84793959		-999.00
8104	1659790213	-8400		261.42		  84793959		-999.00
8102	1659800735	1200		267.87		  79846763		838.50
8102	1659804335	3600		268.48		 105521862		828.00
8102	1659807935	3600		268.51		  98721168		847.00
8102	1659811535	3600		268.02		  99155745		771.00
8102	1659815135	3600		268.27		  91911509		844.00
8102	1659818735	3600		268.15		  86516712		848.00
8102	1659822335	3600		267.88		  80814699		838.00
8102	1659825935	3600		267.83		  76430528		839.00
8102	1659829535	3600		267.70		  72152912		840.00
8102	1659833135	3600		267.53		  68114847		837.50
8102	1659836735	3600		267.42		  64588124		838.00
8102	1659840335	3600		267.31		  60734335		836.50
8102	1659843935	3600		267.24		  58196917		835.00
8102	1659847535	3600		267.10		  54823694		833.50
8102	1659851135	3600		266.78		  48374881		826.00
8102	1659852431	1296		266.95		  49851908		837.00
8103	1659853631	1200		260.89		  49851908		-999.00
8104	1659857231	3600		260.86		  49851908		-999.00
8105	1659860831	3600		261.09		  49851908		-999.00
8106	1659852431	-8400		261.40		  49851908		-999.00
8103	1659863957	1200		267.65		  73499614		841.50
8103	1659867557	3600		268.40		  96663108		856.50
8103	1659871157	3600		268.55		  98781487		863.00
8103	1659874757	3600		268.37		  94394888		857.00
8103	1659878357	3600		268.20		  87893750		857.00
8103	1659881957	3600		267.39		  69889798		824.00
8103	1659882517	560		265.40		         0		836.00
8104	1659883717	1200		260.88		         0		-999.00
8105	1659887317	3600		265.58		         0		-999.00
8106	1659890917	3600		265.62		         0		-999.00
8107	1659894517	3600		265.62		         0		-999.00
8108	1659898117	3600		265.66		         0		-999.00
8109	1659901717	3600		265.66		         0		-999.00
8110	1659905317	3600		265.60		         0		-999.00
8111	1659908917	3600		265.65		         0		-999.00
8112	1659912517	3600		265.65		         0		-999.00
8113	1659916117	3600		265.65		         0		-999.00
8114	1659919717	3600		265.65		         0		-999.00
8115	1659923317	3600		265.65		         0		-999.00
8116	1659926917	3600		261.15		         0		-999.00
8117	1659882517	-44400		261.52		         0		-999.00
8106	1659931499	1200		267.88		  83053749		844.00
8106	1659935099	3600		268.82		 104333507		871.00
8106	1659938699	3600		268.26		  89511130		857.00
8106	1659942299	3600		260.97		  54645240		 13.00
8106	1659942652	353		260.97		         0		 13.00
8107	1659943852	1200		261.44		         0		-999.00
8108	1659947452	3600		265.17		         0		-999.00
8109	1659951052	3600		261.10		         0		-999.00
8110	1659954652	3600		261.09		         0		-999.00
8111	1659958252	3600		261.04		         0		-999.00
8112	1659961852	3600		261.08		         0		-999.00
8113	1659965452	3600		261.02		         0		-999.00
8114	1659969052	3600		260.98		         0		-999.00
8115	1659942652	-26400		261.01		         0		-999.00
8116	1659971480	1200		265.69		         0		-999.00
8117	1659975080	3600		261.07		         0		-999.00
8118	1659978680	3600		260.99		         0		-999.00
8119	1659982280	3600		261.12		         0		-999.00
8120	1659985880	3600		261.12		         0		-999.00
8121	1659989480	3600		261.03		         0		-999.00
8122	1659993080	3600		261.11		         0		-999.00
8123	1659996680	3600		261.11		         0		-999.00
8124	1659970280	-26400		261.49		         0		-999.00
8125	1660001045	1200		265.65		         0		-999.00
8126	1660004645	3600		260.95		         0		-999.00
8127	1659999845	-4800		261.58		         0		-999.00
8112	1660007684	1200		268.03		  84298052		858.00
8112	1660011284	3600		269.23		 119247332		882.00
8112	1660014884	3600		269.13		 114442360		882.00
8112	1660018484	3600		269.10		 114905277		881.00
8112	1660022084	3600		268.79		 105906988		875.50
8112	1660025684	3600		268.60		  99499007		871.50
8112	1660029284	3600		268.23		  92236044		858.00
8112	1660032884	3600		268.17		  86455505		865.00
8112	1660036484	3600		268.01		  81203343		862.50
8112	1660040084	3600		267.87		  76674684		862.00
8112	1660043684	3600		267.69		  71736643		859.00
8112	1660047035	3351		267.54		  68139223		859.00
8113	1660048235	1200		261.09		  68139223		-999.00
8114	1660051835	3600		261.15		  68139223		-999.00
8115	1660055435	3600		261.04		  68139223		-999.00
8116	1660047035	-8400		261.27		  68139223		-999.00
8113	1660058051	1200		268.04		  83566126		868.00
8113	1660061651	3600		268.96		 111938198		887.00
8113	1660065251	3600		268.87		 109749170		877.50
8113	1660068851	3600		268.90		 109081657		880.50
8113	1660072451	3600		268.72		 100738276		884.50
8113	1660076051	3600		268.47		  93436427		883.50
8113	1660079651	3600		268.21		  87484082		877.00
8113	1660083251	3600		268.04		  81710743		877.00
8113	1660084406	1155		267.47		  69316232		839.50
8114	1660085606	1200		265.35		  69316232		-999.00
8115	1660089206	3600		265.26		  69316232		-999.00
8116	1660092806	3600		265.66		  69316232		-999.00
8117	1660096406	3600		265.66		  69316232		-999.00
8118	1660100006	3600		265.69		  69316232		-999.00
8119	1660103606	3600		265.69		  69316232		-999.00
8120	1660107206	3600		265.52		  69316232		-999.00
8121	1660110806	3600		264.73		  69316232		-999.00
8122	1660114406	3600		260.97		  69316232		-999.00
8123	1660118006	3600		261.15		  69316232		-999.00
8124	1660121606	3600		265.16		  69316232		-999.00
8125	1660125206	3600		265.24		  69316232		-999.00
8126	1660128806	3600		265.06		  69316232		-999.00
8127	1660132406	3600		265.47		  69316232		-999.00
8128	1660136006	3600		265.14		  69316232		-999.00
8129	1660139606	3600		264.98		  69316232		-999.00
8130	1660143206	3600		265.54		  69316232		-999.00
8131	1660146806	3600		260.86		  69316232		-999.00
8132	1660150406	3600		261.05		  69316232		-999.00
8133	1660084406	-66000		261.28		  69316232		-999.00
8115	1660153979	1200		268.25		  93119334		873.00
8115	1660157579	3600		269.30		 121059059		894.00
8115	1660161179	3600		269.11		 116249626		889.00
8115	1660164779	3600		268.68		 103134221		887.00
8115	1660168379	3600		268.74		 102622985		888.50
8115	1660171979	3600		268.51		  95233399		887.00
8115	1660175579	3600		268.32		  88712146		882.50
8115	1660179179	3600		268.09		  83645217		883.50
8115	1660182779	3600		267.96		  79229745		880.00
8115	1660186379	3600		267.78		  74439161		875.50
8115	1660189979	3600		267.67		  70722881		880.00
8115	1660191963	1984		267.58		  67557202		874.00
8116	1660193163	1200		265.29		  67557202		-999.00
8117	1660196763	3600		260.94		  67557202		-999.00
8118	1660200363	3600		261.39		  67557202		-999.00
8119	1660203963	3600		261.38		  67557202		-999.00
8120	1660207563	3600		260.86		  67557202		-999.00
8121	1660211163	3600		261.24		  67557202		-999.00
8122	1660214763	3600		261.16		  67557202		-999.00
8123	1660218363	3600		261.20		  67557202		-999.00
8124	1660221963	3600		260.97		  67557202		-999.00
8125	1660225563	3600		261.07		  67557202		-999.00
8126	1660229163	3600		261.24		  67557202		-999.00
8127	1660232763	3600		261.08		  67557202		-999.00
8128	1660236363	3600		261.10		  67557202		-999.00
8129	1660191963	-44400		261.44		  67557202		-999.00
8118	1660241096	1200		268.26		  91596950		892.00
8118	1660244696	3600		269.20		 116241492		912.50
8118	1660248296	3600		269.13		 114462247		907.00
8118	1660251896	3600		268.99		 112681224		900.50
8118	1660255496	3600		268.76		 104732271		901.00
8118	1660259096	3600		268.58		  96676827		900.00
8118	1660262696	3600		268.24		  90265067		892.50
8118	1660266296	3600		268.04		  83657982		892.00
8118	1660269896	3600		267.91		  79359607		889.50
8118	1660273496	3600		267.82		  75168831		884.50
8118	1660277096	3600		261.44		  65316454		 12.50
8118	1660277127	31		261.44		         0		 12.50
8119	1660278327	1200		260.90		         0		-999.00
8120	1660281927	3600		261.12		         0		-999.00
8121	1660285527	3600		261.08		         0		-999.00
8122	1660289127	3600		265.11		         0		-999.00
8123	1660292727	3600		265.19		         0		-999.00
8124	1660296327	3600		265.23		         0		-999.00
8125	1660299927	3600		265.23		         0		-999.00
8126	1660303527	3600		265.23		         0		-999.00
8127	1660307127	3600		265.23		         0		-999.00
8128	1660310727	3600		265.23		         0		-999.00
8129	1660314327	3600		261.27		         0		-999.00
8130	1660317927	3600		261.04		         0		-999.00
8131	1660321527	3600		261.12		         0		-999.00
8132	1660277127	-44400		261.44		         0		-999.00
8120	1660324593	1200		267.79		  77764785		885.00
8120	1660328193	3600		268.31		  93232676		894.00
8120	1660331793	3600		268.45		  94095810		896.50
8120	1660335393	3600		268.13		  87032001		892.00
8120	1660337985	2592		268.09		  82051185		892.00
8121	1660339185	1200		265.57		  82051185		-999.00
8122	1660342785	3600		261.05		  82051185		-999.00
8123	1660346385	3600		261.09		  82051185		-999.00
8124	1660349985	3600		261.09		  82051185		-999.00
8125	1660337985	-12000		261.32		  82051185		-999.00
8121	1660352795	1200		267.57		  74131990		872.00
8121	1660355215	2420		267.76		  82836655		862.50
8122	1660356415	1200		265.59		  82836655		-999.00
8123	1660360015	3600		265.67		  82836655		-999.00
8124	1660363615	3600		265.67		  82836655		-999.00
8125	1660367215	3600		265.18		  82836655		-999.00
8126	1660370815	3600		261.03		  82836655		-999.00
8127	1660374415	3600		265.66		  82836655		-999.00
8128	1660378015	3600		265.66		  82836655		-999.00
8129	1660381615	3600		265.36		  82836655		-999.00
8130	1660385215	3600		265.43		  82836655		-999.00
8131	1660388815	3600		265.73		  82836655		-999.00
8132	1660392415	3600		261.18		  82836655		-999.00
8133	1660355215	-37200		261.37		  82836655		-999.00
8124	1660395388	1200		268.21		  91546097		893.00
8124	1660398988	3600		268.58		 116528115		824.50
8124	1660402588	3600		269.23		 117820106		916.50
8124	1660406188	3600		268.96		 108519628		911.50
8124	1660409788	3600		268.66		 102194200		901.50
8124	1660413388	3600		268.51		  95640654		906.50
8124	1660416988	3600		268.31		  89005218		900.50
8124	1660420588	3600		268.15		  83523279		900.00
8124	1660424188	3600		267.90		  77474160		897.00
8124	1660427788	3600		267.90		  76440359		898.50
8124	1660431388	3600		267.73		  71748508		898.50
8124	1660434988	3600		267.63		  68568874		899.00
8124	1660438588	3600		267.52		  64830590		895.00
8124	1660442188	3600		267.18		  57404768		884.50
8124	1660442594	406		261.32		  50093696		 13.00
8125	1660443794	1200		261.56		  50093696		-999.00
8126	1660447394	3600		261.01		  50093696		-999.00
8127	1660450994	3600		261.12		  50093696		-999.00
8128	1660442594	-8400		261.33		  50093696		-999.00
8129	1660454059	1200		256.14		  50093696		-999.00
8130	1660457659	3600		265.67		  50093696		-999.00
8131	1660461259	3600		265.72		  50093696		-999.00
8132	1660464859	3600		265.68		  50093696		-999.00
8133	1660468459	3600		265.63		  50093696		-999.00
8134	1660472059	3600		265.64		  50093696		-999.00
8135	1660475659	3600		265.64		  50093696		-999.00
8136	1660479259	3600		265.02		  50093696		-999.00
8137	1660482859	3600		265.14		  50093696		-999.00
8138	1660486459	3600		265.08		  50093696		-999.00
8139	1660490059	3600		265.08		  50093696		-999.00
8140	1660493659	3600		265.11		  50093696		-999.00
8141	1660452859	-40800		265.25		  50093696		-999.00
8142	1660497206	1200		265.61		  50093696		-999.00
8143	1660500806	3600		265.65		  50093696		-999.00
8144	1660504406	3600		265.02		  50093696		-999.00
8145	1660508006	3600		265.62		  50093696		-999.00
8146	1660511606	3600		265.67		  50093696		-999.00
8147	1660515206	3600		265.64		  50093696		-999.00
8148	1660518806	3600		265.64		  50093696		-999.00
8149	1660522406	3600		261.27		  50093696		-999.00
8150	1660526006	3600		260.98		  50093696		-999.00
8151	1660529606	3600		265.65		  50093696		-999.00
8152	1660533206	3600		265.69		  50093696		-999.00
8153	1660536806	3600		265.69		  50093696		-999.00
8154	1660540406	3600		265.65		  50093696		-999.00
8155	1660544006	3600		265.61		  50093696		-999.00
8156	1660547606	3600		265.61		  50093696		-999.00
8157	1660551206	3600		265.57		  50093696		-999.00
8158	1660554806	3600		265.53		  50093696		-999.00
8159	1660558406	3600		265.53		  50093696		-999.00
8160	1660562006	3600		260.96		  50093696		-999.00
8161	1660565606	3600		261.11		  50093696		-999.00
8162	1660569206	3600		265.16		  50093696		-999.00
8163	1660572806	3600		265.28		  50093696		-999.00
8164	1660576406	3600		265.68		  50093696		-999.00
8165	1660580006	3600		265.71		  50093696		-999.00
8166	1660583606	3600		261.04		  50093696		-999.00
8167	1660587206	3600		261.12		  50093696		-999.00
8168	1660496006	-91200		261.25		  50093696		-999.00
8132	1660589788	1200		267.71		  88511115		836.00
8132	1660593388	3600		269.28		 116782506		947.50
8132	1660596721	3333		269.35		 121965874		934.50
8133	1660597921	1200		265.59		 121965874		-999.00
8134	1660601521	3600		265.58		 121965874		-999.00
8135	1660605121	3600		265.66		 121965874		-999.00
8136	1660608721	3600		265.66		 121965874		-999.00
8137	1660612321	3600		265.66		 121965874		-999.00
8138	1660615921	3600		261.20		 121965874		-999.00
8139	1660619521	3600		261.11		 121965874		-999.00
8140	1660623121	3600		261.11		 121965874		-999.00
8141	1660626721	3600		261.11		 121965874		-999.00
8142	1660630321	3600		261.13		 121965874		-999.00
8143	1660633921	3600		261.13		 121965874		-999.00
8144	1660637521	3600		260.98		 121965874		-999.00
8145	1660641121	3600		261.07		 121965874		-999.00
8146	1660644721	3600		261.07		 121965874		-999.00
8147	1660648321	3600		261.07		 121965874		-999.00
8148	1660651921	3600		264.93		 121965874		-999.00
8149	1660655521	3600		265.61		 121965874		-999.00
8150	1660659121	3600		265.04		 121965874		-999.00
8151	1660662721	3600		265.63		 121965874		-999.00
8152	1660666321	3600		265.22		 121965874		-999.00
8153	1660669921	3600		265.57		 121965874		-999.00
8154	1660673521	3600		265.60		 121965874		-999.00
8155	1660677121	3600		265.57		 121965874		-999.00
8156	1660680721	3600		265.60		 121965874		-999.00
8157	1660684321	3600		265.64		 121965874		-999.00
8158	1660687921	3600		265.57		 121965874		-999.00
8159	1660691521	3600		265.60		 121965874		-999.00
8160	1660695121	3600		261.20		 121965874		-999.00
8161	1660698721	3600		260.95		 121965874		-999.00
8162	1660702321	3600		261.04		 121965874		-999.00
8163	1660705921	3600		261.06		 121965874		-999.00
8164	1660596721	-109200		261.56		 121965874		-999.00
8136	1660708422	1200		267.46		  68690671		886.00
8136	1660712022	3600		268.24		  88487866		913.50
8136	1660715622	3600		268.51		  96094965		915.50
8136	1660719222	3600		268.28		  89737393		915.00
8136	1660722822	3600		268.04		  83642207		907.50
8136	1660726422	3600		267.86		  77570464		910.00
8136	1660730022	3600		267.75		  74005128		906.00
8136	1660733622	3600		267.62		  69695012		903.50
8136	1660737222	3600		267.52		  66146258		901.00
8136	1660740822	3600		267.36		  62499239		899.00
8136	1660744422	3600		267.28		  58823359		902.00
8136	1660745228	806		267.09		  54946165		881.50
8137	1660746428	1200		265.65		  54946165		-999.00
8138	1660750028	3600		265.53		  54946165		-999.00
8139	1660753628	3600		265.58		  54946165		-999.00
8140	1660757228	3600		265.66		  54946165		-999.00
8141	1660760828	3600		265.66		  54946165		-999.00
8142	1660764428	3600		265.66		  54946165		-999.00
8143	1660768028	3600		265.66		  54946165		-999.00
8144	1660771628	3600		265.66		  54946165		-999.00
8145	1660775228	3600		265.67		  54946165		-999.00
8146	1660778828	3600		265.64		  54946165		-999.00
8147	1660782428	3600		265.65		  54946165		-999.00
8148	1660786028	3600		265.65		  54946165		-999.00
8149	1660789628	3600		265.65		  54946165		-999.00
8150	1660793228	3600		265.65		  54946165		-999.00
8151	1660796828	3600		265.61		  54946165		-999.00
8152	1660800428	3600		265.66		  54946165		-999.00
8153	1660804028	3600		265.62		  54946165		-999.00
8154	1660807628	3600		265.68		  54946165		-999.00
8155	1660811228	3600		265.62		  54946165		-999.00
8156	1660814828	3600		265.34		  54946165		-999.00
8157	1660818428	3600		265.34		  54946165		-999.00
8158	1660822028	3600		265.34		  54946165		-999.00
8159	1660825628	3600		265.34		  54946165		-999.00
8160	1660829228	3600		265.59		  54946165		-999.00
8161	1660832828	3600		265.22		  54946165		-999.00
8162	1660836428	3600		260.92		  54946165		-999.00
8163	1660840028	3600		261.09		  54946165		-999.00
8164	1660843628	3600		260.93		  54946165		-999.00
8165	1660847228	3600		265.60		  54946165		-999.00
8166	1660850828	3600		265.60		  54946165		-999.00
8167	1660854428	3600		265.60		  54946165		-999.00
8168	1660858028	3600		260.92		  54946165		-999.00
8169	1660861628	3600		261.16		  54946165		-999.00
8170	1660745228	-116400		261.03		  54946165		-999.00
8142	1660864259	1200		267.77		  87644898		846.00
8142	1660867859	3600		269.40		 126666844		930.50
8142	1660871459	3600		268.94		 114767294		921.50
8142	1660873767	2308		269.07		 115343187		927.00
8143	1660874967	1200		265.58		 115343187		-999.00
8144	1660878567	3600		260.92		 115343187		-999.00
8145	1660882167	3600		261.12		 115343187		-999.00
8146	1660873767	-8400		261.21		 115343187		-999.00
8143	1660885961	1200		268.27		  93105592		924.00
8143	1660889561	3600		269.38		 125132219		936.00
8143	1660893161	3600		269.37		 124463217		935.50
8143	1660896761	3600		269.14		 116980025		941.00
8143	1660900361	3600		268.86		 107983844		934.50
8143	1660903961	3600		268.67		 100341565		932.50
8143	1660907561	3600		268.42		  94705415		930.50
8143	1660911161	3600		268.23		  88365223		924.50
8143	1660914761	3600		268.09		  83454382		927.00
8143	1660918361	3600		267.94		  79713784		923.00
8143	1660921961	3600		267.75		  73428000		922.50
8143	1660925561	3600		267.05		  70155864		839.50
8143	1660929161	3600		267.64		  68108711		919.50
8143	1660932761	3600		267.21		  64467013		899.50
8143	1660936361	3600		267.26		  55754518		919.00
8143	1660936774	413		261.40		  57719549		 13.00
8144	1660937974	1200		260.95		  57719549		-999.00
8145	1660941574	3600		261.18		  57719549		-999.00
8146	1660936774	-4800		261.32		  57719549		-999.00
8144	1660945287	1200		268.57		  98359327		944.50
8144	1660946104	817		268.56		 102043794		896.50
8145	1660947304	1200		265.65		 102043794		-999.00
8146	1660950904	3600		265.68		 102043794		-999.00
8147	1660954504	3600		265.68		 102043794		-999.00
8148	1660958104	3600		265.68		 102043794		-999.00
8149	1660961704	3600		265.68		 102043794		-999.00
8150	1660965304	3600		265.68		 102043794		-999.00
8151	1660968904	3600		265.70		 102043794		-999.00
8152	1660972504	3600		265.70		 102043794		-999.00
8153	1660976104	3600		265.57		 102043794		-999.00
8154	1660979704	3600		261.10		 102043794		-999.00
8155	1660946104	-33600		261.22		 102043794		-999.00
8146	1660983654	1200		268.74		 104674985		947.50
8146	1660987254	3600		269.67		 133131673		950.50
8146	1660990854	3600		269.57		 128667016		957.00
8146	1660994454	3600		269.31		 121174499		956.00
8146	1660998054	3600		269.10		 114100831		951.50
8146	1661001654	3600		268.86		 106367057		948.50
8146	1661005254	3600		268.67		  99983522		947.00
8146	1661008854	3600		268.35		  93077013		939.00
8146	1661012454	3600		268.19		  87845272		937.00
8146	1661016054	3600		268.04		  82763368		938.00
8146	1661019654	3600		267.75		  77013011		904.00
8146	1661019702	48		265.44		         0		900.50
8147	1661020902	1200		265.04		         0		-999.00
8148	1661024502	3600		260.97		         0		-999.00
8149	1661028102	3600		261.09		         0		-999.00
8150	1661019702	-8400		261.44		         0		-999.00
8147	1661029914	1200		268.32		  94586564		938.00
8147	1661033514	3600		269.31		 125243575		957.50
8147	1661037114	3600		269.34		 122658317		963.50
8147	1661040714	3600		269.14		 116017447		961.00
8147	1661044314	3600		268.31		 107716835		868.00
8147	1661046507	2193		268.17		 103093687		868.50
8148	1661047707	1200		265.49		 103093687		-999.00
8149	1661051307	3600		265.60		 103093687		-999.00
8150	1661054907	3600		261.19		 103093687		-999.00
8151	1661058507	3600		261.11		 103093687		-999.00
8152	1661046507	-12000		261.16		 103093687		-999.00
8148	1661060805	1200		268.86		 105311144		972.50
8148	1661064405	3600		269.75		 133543867		979.00
8148	1661068005	3600		269.50		 132379076		960.50
8148	1661071605	3600		269.15		 121809412		949.50
8148	1661075205	3600		269.06		 112316603		966.50
8148	1661078805	3600		268.80		 105168566		961.50
8148	1661082405	3600		268.60		  98350181		961.50
8148	1661086005	3600		268.41		  91292723		964.50
8148	1661089605	3600		268.11		  85896104		947.50
8148	1661093205	3600		267.99		  80453744		953.00
8148	1661096805	3600		267.71		  76930078		935.50
8148	1661097130	325		267.57		  69322849		944.00
8149	1661098330	1200		265.53		  69322849		-999.00
8150	1661101930	3600		261.05		  69322849		-999.00
8151	1661105530	3600		261.09		  69322849		-999.00
8152	1661097130	-8400		261.45		  69322849		-999.00
8149	1661109518	1200		268.45		  96489139		966.50
8149	1661113118	3600		269.37		 120490964		987.00
8149	1661116718	3600		268.96		 118396372		952.50
8149	1661120318	3600		269.03		 109099971		979.50
8149	1661123918	3600		268.97		 110325626		972.50
8149	1661127518	3600		268.75		 103439350		975.00
8149	1661131118	3600		268.58		  97451734		968.00
8149	1661134718	3600		268.33		  91664410		965.00
8149	1661138318	3600		268.17		  85870325		964.00
8149	1661141918	3600		268.01		  81355625		962.00
8149	1661145518	3600		267.88		  77094472		959.00
8149	1661149118	3600		267.75		  72723362		961.00
8149	1661152718	3600		267.65		  69482139		958.50
8149	1661156318	3600		267.54		  65752008		953.00
8149	1661159918	3600		267.40		  62390031		954.00
8149	1661163180	3262		267.29		  60147668		950.00
8150	1661164380	1200		261.07		  60147668		-999.00
8151	1661167980	3600		261.50		  60147668		-999.00
8152	1661171580	3600		265.61		  60147668		-999.00
8153	1661175180	3600		265.09		  60147668		-999.00
8154	1661178780	3600		265.31		  60147668		-999.00
8155	1661182380	3600		265.27		  60147668		-999.00
8156	1661185980	3600		265.71		  60147668		-999.00
8157	1661189580	3600		265.68		  60147668		-999.00
8158	1661193180	3600		261.06		  60147668		-999.00
8159	1661196780	3600		261.11		  60147668		-999.00
8160	1661200380	3600		261.13		  60147668		-999.00
8161	1661203980	3600		261.01		  60147668		-999.00
8162	1661163180	-40800		261.34		  60147668		-999.00
8151	1661205634	1200		267.59		  75005177		937.00
8151	1661209234	3600		268.96		 110786950		985.50
8151	1661212834	3600		268.91		 120009810		946.50
8151	1661216434	3600		269.28		 118542430		991.00
8151	1661220034	3600		269.18		 116098805		986.50
8151	1661223634	3600		268.99		 109979474		986.00
8151	1661227234	3600		268.75		 103212240		980.00
8151	1661230834	3600		268.52		  95600829		980.50
8151	1661234434	3600		268.35		  89912480		978.00
8151	1661238034	3600		268.14		  84480510		979.00
8151	1661241634	3600		267.93		  78704797		972.00
8151	1661245234	3600		267.79		  73827288		973.50
8151	1661248834	3600		267.29		  64535950		 13.00
8151	1661249130	296		267.31		  70479784		 13.00
8152	1661250330	1200		264.91		  70479784		-999.00
8153	1661253930	3600		265.54		  70479784		-999.00
8154	1661257530	3600		265.54		  70479784		-999.00
8155	1661261130	3600		265.29		  70479784		-999.00
8156	1661264730	3600		261.41		  70479784		-999.00
8157	1661268330	3600		261.16		  70479784		-999.00
8158	1661271930	3600		265.58		  70479784		-999.00
8159	1661275530	3600		265.74		  70479784		-999.00
8160	1661279130	3600		265.67		  70479784		-999.00
8161	1661282730	3600		265.71		  70479784		-999.00
8162	1661286330	3600		265.67		  70479784		-999.00
8163	1661289930	3600		265.67		  70479784		-999.00
8164	1661293530	3600		265.62		  70479784		-999.00
8165	1661297130	3600		265.74		  70479784		-999.00
8166	1661300730	3600		265.74		  70479784		-999.00
8167	1661304330	3600		265.74		  70479784		-999.00
8168	1661307930	3600		265.74		  70479784		-999.00
8169	1661311530	3600		265.74		  70479784		-999.00
8170	1661315130	3600		265.67		  70479784		-999.00
8171	1661318730	3600		265.28		  70479784		-999.00
8172	1661322330	3600		265.32		  70479784		-999.00
8173	1661325930	3600		265.32		  70479784		-999.00
8174	1661329530	3600		265.32		  70479784		-999.00
8175	1661333130	3600		265.32		  70479784		-999.00
8176	1661336730	3600		265.32		  70479784		-999.00
8177	1661340330	3600		265.32		  70479784		-999.00
8178	1661343930	3600		265.32		  70479784		-999.00
8179	1661347530	3600		265.56		  70479784		-999.00
8180	1661351130	3600		265.64		  70479784		-999.00
8181	1661354730	3600		265.64		  70479784		-999.00
8182	1661358330	3600		265.56		  70479784		-999.00
8183	1661361930	3600		265.63		  70479784		-999.00
8184	1661365530	3600		265.41		  70479784		-999.00
8185	1661369130	3600		265.69		  70479784		-999.00
8186	1661372730	3600		265.65		  70479784		-999.00
8187	1661376330	3600		265.65		  70479784		-999.00
8188	1661379930	3600		265.65		  70479784		-999.00
8189	1661383530	3600		265.65		  70479784		-999.00
8190	1661387130	3600		265.32		  70479784		-999.00
8191	1661390730	3600		265.60		  70479784		-999.00
8192	1661394330	3600		265.60		  70479784		-999.00
8193	1661397930	3600		265.07		  70479784		-999.00
8194	1661401530	3600		265.66		  70479784		-999.00
8195	1661405130	3600		265.66		  70479784		-999.00
8196	1661408730	3600		265.57		  70479784		-999.00
8197	1661412330	3600		265.62		  70479784		-999.00
8198	1661415930	3600		265.66		  70479784		-999.00
8199	1661419530	3600		265.32		  70479784		-999.00
8200	1661423130	3600		265.41		  70479784		-999.00
8201	1661426730	3600		265.52		  70479784		-999.00
8202	1661430330	3600		265.49		  70479784		-999.00
8203	1661433930	3600		265.64		  70479784		-999.00
8204	1661437530	3600		265.33		  70479784		-999.00
8205	1661441130	3600		265.61		  70479784		-999.00
8206	1661444730	3600		265.54		  70479784		-999.00
8207	1661448330	3600		265.65		  70479784		-999.00
8208	1661451930	3600		265.58		  70479784		-999.00
8209	1661455530	3600		265.65		  70479784		-999.00
8210	1661459130	3600		265.58		  70479784		-999.00
8211	1661462730	3600		265.54		  70479784		-999.00
8212	1661466330	3600		265.58		  70479784		-999.00
8213	1661469930	3600		265.59		  70479784		-999.00
8214	1661473530	3600		265.62		  70479784		-999.00
8215	1661477130	3600		265.55		  70479784		-999.00
8216	1661480730	3600		265.55		  70479784		-999.00
8217	1661484330	3600		265.55		  70479784		-999.00
8218	1661487930	3600		265.55		  70479784		-999.00
8219	1661491530	3600		265.62		  70479784		-999.00
8220	1661495130	3600		264.98		  70479784		-999.00
8221	1661498730	3600		265.67		  70479784		-999.00
8222	1661502330	3600		265.53		  70479784		-999.00
8223	1661505930	3600		265.53		  70479784		-999.00
8224	1661509530	3600		265.55		  70479784		-999.00
8225	1661513130	3600		265.61		  70479784		-999.00
8226	1661516730	3600		265.57		  70479784		-999.00
8227	1661520330	3600		265.25		  70479784		-999.00
8228	1661523930	3600		265.13		  70479784		-999.00
8229	1661527530	3600		265.44		  70479784		-999.00
8230	1661531130	3600		265.56		  70479784		-999.00
8231	1661534730	3600		265.56		  70479784		-999.00
8232	1661538330	3600		265.57		  70479784		-999.00
8233	1661541930	3600		265.57		  70479784		-999.00
8234	1661545530	3600		265.57		  70479784		-999.00
8235	1661549130	3600		265.57		  70479784		-999.00
8236	1661552730	3600		265.57		  70479784		-999.00
8237	1661556330	3600		265.57		  70479784		-999.00
8238	1661559930	3600		265.57		  70479784		-999.00
8239	1661563530	3600		265.57		  70479784		-999.00
8240	1661567130	3600		265.57		  70479784		-999.00
8241	1661570730	3600		265.57		  70479784		-999.00
8242	1661574330	3600		265.57		  70479784		-999.00
8243	1661577930	3600		265.57		  70479784		-999.00
8244	1661581530	3600		265.57		  70479784		-999.00
8245	1661585130	3600		265.57		  70479784		-999.00
8246	1661588730	3600		265.57		  70479784		-999.00
8247	1661592330	3600		265.57		  70479784		-999.00
8248	1661595930	3600		265.57		  70479784		-999.00
8249	1661599530	3600		265.57		  70479784		-999.00
8250	1661603130	3600		265.57		  70479784		-999.00
8251	1661606730	3600		265.57		  70479784		-999.00
8252	1661610330	3600		265.57		  70479784		-999.00
8253	1661613930	3600		265.56		  70479784		-999.00
8254	1661617530	3600		265.56		  70479784		-999.00
8255	1661621130	3600		265.56		  70479784		-999.00
8256	1661624730	3600		265.56		  70479784		-999.00
8257	1661628330	3600		265.56		  70479784		-999.00
8258	1661631930	3600		265.56		  70479784		-999.00
8259	1661635530	3600		265.56		  70479784		-999.00
8260	1661639130	3600		265.56		  70479784		-999.00
8261	1661642730	3600		265.56		  70479784		-999.00
8262	1661646330	3600		265.56		  70479784		-999.00
8263	1661649930	3600		265.56		  70479784		-999.00
8264	1661653530	3600		265.56		  70479784		-999.00
8265	1661657130	3600		265.56		  70479784		-999.00
8266	1661660730	3600		265.56		  70479784		-999.00
8267	1661664330	3600		265.56		  70479784		-999.00
8268	1661667930	3600		265.56		  70479784		-999.00
8269	1661671530	3600		265.51		  70479784		-999.00
8270	1661675130	3600		265.55		  70479784		-999.00
8271	1661678730	3600		265.51		  70479784		-999.00
8272	1661682330	3600		265.47		  70479784		-999.00
8273	1661685930	3600		265.51		  70479784		-999.00
8274	1661689530	3600		265.49		  70479784		-999.00
8275	1661693130	3600		265.31		  70479784		-999.00
8276	1661696730	3600		265.48		  70479784		-999.00
8277	1661700330	3600		265.52		  70479784		-999.00
8278	1661703930	3600		265.48		  70479784		-999.00
8279	1661707530	3600		265.52		  70479784		-999.00
8280	1661711130	3600		265.48		  70479784		-999.00
8281	1661714730	3600		265.48		  70479784		-999.00
8282	1661718330	3600		265.48		  70479784		-999.00
8283	1661721930	3600		265.48		  70479784		-999.00
8284	1661725530	3600		265.48		  70479784		-999.00
8285	1661729130	3600		265.48		  70479784		-999.00
8286	1661732730	3600		265.48		  70479784		-999.00
8287	1661736330	3600		265.48		  70479784		-999.00
8288	1661739930	3600		265.52		  70479784		-999.00
8289	1661743530	3600		265.56		  70479784		-999.00
8290	1661747130	3600		265.48		  70479784		-999.00
8291	1661750730	3600		265.32		  70479784		-999.00
8292	1661754330	3600		265.52		  70479784		-999.00
8293	1661757930	3600		265.14		  70479784		-999.00
8294	1661761530	3600		265.16		  70479784		-999.00
8295	1661765130	3600		265.52		  70479784		-999.00
8296	1661768730	3600		265.53		  70479784		-999.00
8297	1661772330	3600		265.47		  70479784		-999.00
8298	1661775930	3600		265.21		  70479784		-999.00
8299	1661779530	3600		265.56		  70479784		-999.00
8300	1661783130	3600		265.51		  70479784		-999.00
8301	1661786730	3600		265.49		  70479784		-999.00
8302	1661790330	3600		264.99		  70479784		-999.00
8303	1661793930	3600		265.41		  70479784		-999.00
8304	1661797530	3600		265.48		  70479784		-999.00
8305	1661801130	3600		265.44		  70479784		-999.00
8306	1661804730	3600		265.48		  70479784		-999.00
8307	1661808330	3600		265.48		  70479784		-999.00
8308	1661811930	3600		265.48		  70479784		-999.00
8309	1661815530	3600		265.41		  70479784		-999.00
8310	1661819130	3600		265.48		  70479784		-999.00
8311	1661822730	3600		265.48		  70479784		-999.00
8312	1661826330	3600		265.41		  70479784		-999.00
8313	1661829930	3600		265.52		  70479784		-999.00
8314	1661833530	3600		265.43		  70479784		-999.00
8315	1661837130	3600		265.42		  70479784		-999.00
8316	1661840730	3600		260.95		  70479784		-999.00
8317	1661844330	3600		260.19		  70479784		-999.00
8318	1661847930	3600		260.34		  70479784		-999.00
8319	1661851530	3600		261.32		  70479784		-999.00
8320	1661855130	3600		261.40		  70479784		-999.00
8321	1661858730	3600		265.18		  70479784		-999.00
8322	1661862330	3600		265.32		  70479784		-999.00
8323	1661865930	3600		265.33		  70479784		-999.00
8324	1661869530	3600		255.67		  70479784		-999.00
8325	1661873130	3600		255.69		  70479784		-999.00
8326	1661876730	3600		255.83		  70479784		-999.00
8327	1661880330	3600		255.81		  70479784		-999.00
8328	1661883930	3600		255.76		  70479784		-999.00
8329	1661887530	3600		255.75		  70479784		-999.00
8330	1661891130	3600		255.98		  70479784		-999.00
8331	1661894730	3600		255.92		  70479784		-999.00
8332	1661898330	3600		256.02		  70479784		-999.00
8333	1661901930	3600		255.87		  70479784		-999.00
8334	1661905530	3600		255.98		  70479784		-999.00
8335	1661909130	3600		255.97		  70479784		-999.00
8336	1661912730	3600		256.08		  70479784		-999.00
8337	1661916330	3600		266.10		  70479784		-999.00
8338	1661919930	3600		277.68		  70479784		-999.00
8339	1661923530	3600		283.53		  70479784		-999.00
8340	1661927130	3600		284.79		  70479784		-999.00
8341	1661930730	3600		285.76		  70479784		-999.00
8342	1661934330	3600		286.39		  70479784		-999.00
8343	1661937930	3600		286.21		  70479784		-999.00
8344	1661941530	3600		286.09		  70479784		-999.00
8345	1661945130	3600		286.09		  70479784		-999.00
8346	1661948730	3600		286.09		  70479784		-999.00
8347	1661952330	3600		286.09		  70479784		-999.00
8348	1661955930	3600		286.09		  70479784		-999.00
8349	1661959530	3600		286.05		  70479784		-999.00
8350	1661963130	3600		286.05		  70479784		-999.00
8351	1661966730	3600		286.05		  70479784		-999.00
8352	1661970330	3600		286.05		  70479784		-999.00
8353	1661973930	3600		286.05		  70479784		-999.00
8354	1661977530	3600		286.05		  70479784		-999.00
8355	1661981130	3600		286.05		  70479784		-999.00
8356	1661984730	3600		286.05		  70479784		-999.00
8357	1661988330	3600		286.05		  70479784		-999.00
8358	1661991930	3600		286.05		  70479784		-999.00
8359	1661995530	3600		286.05		  70479784		-999.00
8360	1661999130	3600		286.05		  70479784		-999.00
8361	1662002730	3600		286.05		  70479784		-999.00
8362	1662006330	3600		286.05		  70479784		-999.00
8363	1662009930	3600		286.05		  70479784		-999.00
8364	1662013530	3600		286.05		  70479784		-999.00
8365	1662017130	3600		286.05		  70479784		-999.00
8366	1662020730	3600		286.09		  70479784		-999.00
8367	1662024330	3600		286.09		  70479784		-999.00
8368	1662027930	3600		286.21		  70479784		-999.00
8369	1662031530	3600		286.21		  70479784		-999.00
8370	1662035130	3600		286.21		  70479784		-999.00
8371	1662038730	3600		286.17		  70479784		-999.00
8372	1662042330	3600		286.09		  70479784		-999.00
8373	1662045930	3600		286.09		  70479784		-999.00
8374	1662049530	3600		286.09		  70479784		-999.00
8375	1662053130	3600		286.09		  70479784		-999.00
8376	1662056730	3600		286.05		  70479784		-999.00
8377	1662060330	3600		286.05		  70479784		-999.00
8378	1662063930	3600		286.05		  70479784		-999.00
8379	1662067530	3600		286.05		  70479784		-999.00
8380	1662071130	3600		286.05		  70479784		-999.00
8381	1662074730	3600		286.05		  70479784		-999.00
8382	1662078330	3600		286.05		  70479784		-999.00
8383	1662081930	3600		286.05		  70479784		-999.00
8384	1662085530	3600		286.02		  70479784		-999.00
8385	1662089130	3600		286.02		  70479784		-999.00
8386	1662092730	3600		286.02		  70479784		-999.00
8387	1662096330	3600		286.02		  70479784		-999.00
8388	1662099930	3600		285.99		  70479784		-999.00
8389	1662103530	3600		285.99		  70479784		-999.00
8390	1662107130	3600		285.99		  70479784		-999.00
8391	1662110730	3600		285.99		  70479784		-999.00
8392	1662114330	3600		285.99		  70479784		-999.00
8393	1662117930	3600		285.99		  70479784		-999.00
8394	1662121530	3600		285.99		  70479784		-999.00
8395	1662125130	3600		285.99		  70479784		-999.00
8396	1662128730	3600		285.99		  70479784		-999.00
8397	1662132330	3600		285.99		  70479784		-999.00
8398	1662135930	3600		285.99		  70479784		-999.00
8399	1662139530	3600		285.99		  70479784		-999.00
8400	1662143130	3600		285.99		  70479784		-999.00
8401	1662146730	3600		285.99		  70479784		-999.00
8402	1662150330	3600		285.99		  70479784		-999.00
8403	1662153930	3600		285.99		  70479784		-999.00
8404	1662157530	3600		285.99		  70479784		-999.00
8405	1662161130	3600		285.99		  70479784		-999.00
8406	1662164730	3600		285.99		  70479784		-999.00
8407	1662168330	3600		285.99		  70479784		-999.00
8408	1662171930	3600		285.99		  70479784		-999.00
8409	1662175530	3600		285.99		  70479784		-999.00
8410	1662179130	3600		285.99		  70479784		-999.00
8411	1662182730	3600		285.99		  70479784		-999.00
8412	1662186330	3600		285.99		  70479784		-999.00
8413	1662189930	3600		285.99		  70479784		-999.00
8414	1662193530	3600		285.99		  70479784		-999.00
8415	1662197130	3600		285.99		  70479784		-999.00
8416	1662200730	3600		285.99		  70479784		-999.00
8417	1662204330	3600		285.99		  70479784		-999.00
8418	1662207930	3600		285.99		  70479784		-999.00
8419	1662211530	3600		285.99		  70479784		-999.00
8420	1662215130	3600		285.99		  70479784		-999.00
8421	1662218730	3600		285.99		  70479784		-999.00
8422	1662222330	3600		285.99		  70479784		-999.00
8423	1662225930	3600		285.99		  70479784		-999.00
8424	1662229530	3600		285.99		  70479784		-999.00
8425	1662233130	3600		285.99		  70479784		-999.00
8426	1662236730	3600		285.99		  70479784		-999.00
8427	1662240330	3600		285.99		  70479784		-999.00
8428	1662243930	3600		285.99		  70479784		-999.00
8429	1662247530	3600		285.99		  70479784		-999.00
8430	1662251130	3600		285.99		  70479784		-999.00
8431	1662254730	3600		285.99		  70479784		-999.00
8432	1662258330	3600		285.99		  70479784		-999.00
8433	1662261930	3600		285.99		  70479784		-999.00
8434	1662265530	3600		285.99		  70479784		-999.00
8435	1662269130	3600		285.99		  70479784		-999.00
8436	1662272730	3600		285.99		  70479784		-999.00
8437	1662276330	3600		285.99		  70479784		-999.00
8438	1662279930	3600		285.99		  70479784		-999.00
8439	1662283530	3600		285.99		  70479784		-999.00
8440	1662287130	3600		285.99		  70479784		-999.00
8441	1662290730	3600		285.99		  70479784		-999.00
8442	1662294330	3600		285.99		  70479784		-999.00
8443	1662297930	3600		285.99		  70479784		-999.00
8444	1662301530	3600		285.99		  70479784		-999.00
8445	1662305130	3600		285.99		  70479784		-999.00
8446	1662308730	3600		285.99		  70479784		-999.00
8447	1662312330	3600		285.99		  70479784		-999.00
8448	1662315930	3600		285.99		  70479784		-999.00
8449	1662319530	3600		285.99		  70479784		-999.00
8450	1662323130	3600		285.99		  70479784		-999.00
8451	1662326730	3600		285.99		  70479784		-999.00
8452	1662330330	3600		285.99		  70479784		-999.00
8453	1662333930	3600		285.99		  70479784		-999.00
8454	1662337530	3600		285.99		  70479784		-999.00
8455	1662341130	3600		285.99		  70479784		-999.00
8456	1662344730	3600		285.99		  70479784		-999.00
8457	1662348330	3600		285.99		  70479784		-999.00
8458	1662351930	3600		285.99		  70479784		-999.00
8459	1662355530	3600		285.99		  70479784		-999.00
8460	1662359130	3600		285.99		  70479784		-999.00
8461	1662362730	3600		285.99		  70479784		-999.00
8462	1662366330	3600		285.99		  70479784		-999.00
8463	1662369930	3600		285.99		  70479784		-999.00
8464	1662373530	3600		285.99		  70479784		-999.00
8465	1662377130	3600		285.99		  70479784		-999.00
8466	1662380730	3600		285.99		  70479784		-999.00
8467	1662384330	3600		285.99		  70479784		-999.00
8468	1662387930	3600		285.99		  70479784		-999.00
8469	1662391530	3600		285.99		  70479784		-999.00
8470	1662395130	3600		285.99		  70479784		-999.00
8471	1662398730	3600		285.99		  70479784		-999.00
8472	1662402330	3600		285.99		  70479784		-999.00
8473	1662405930	3600		285.99		  70479784		-999.00
8474	1662409530	3600		285.99		  70479784		-999.00
8475	1662413130	3600		285.99		  70479784		-999.00
8476	1662416730	3600		285.99		  70479784		-999.00
8477	1662420330	3600		285.99		  70479784		-999.00
8478	1662423930	3600		285.99		  70479784		-999.00
8479	1662427530	3600		285.99		  70479784		-999.00
8480	1662431130	3600		285.99		  70479784		-999.00
8481	1662434730	3600		285.99		  70479784		-999.00
8482	1662438330	3600		285.99		  70479784		-999.00
8483	1662441930	3600		285.99		  70479784		-999.00
8484	1662445530	3600		285.99		  70479784		-999.00
8485	1662449130	3600		285.99		  70479784		-999.00
8486	1662452730	3600		285.99		  70479784		-999.00
8487	1662456330	3600		285.99		  70479784		-999.00
8488	1662459930	3600		285.99		  70479784		-999.00
8489	1662463530	3600		285.99		  70479784		-999.00
8490	1662467130	3600		285.99		  70479784		-999.00
8491	1662470730	3600		285.99		  70479784		-999.00
8492	1662474330	3600		285.99		  70479784		-999.00
8493	1662477930	3600		285.99		  70479784		-999.00
8494	1662481530	3600		285.99		  70479784		-999.00
8495	1662485130	3600		285.99		  70479784		-999.00
8496	1662488730	3600		285.99		  70479784		-999.00
8497	1662492330	3600		286.02		  70479784		-999.00
8498	1662495930	3600		286.02		  70479784		-999.00
8499	1662499530	3600		286.02		  70479784		-999.00
8500	1662503130	3600		285.99		  70479784		-999.00
8501	1662506730	3600		285.99		  70479784		-999.00
8502	1662510330	3600		285.99		  70479784		-999.00
8503	1662513930	3600		285.99		  70479784		-999.00
8504	1662517530	3600		285.99		  70479784		-999.00
8505	1662521130	3600		285.99		  70479784		-999.00
8506	1662524730	3600		285.99		  70479784		-999.00
8507	1662528330	3600		285.99		  70479784		-999.00
8508	1662531930	3600		286.77		  70479784		-999.00
8509	1662535530	3600		287.14		  70479784		-999.00
8510	1662539130	3600		287.38		  70479784		-999.00
8511	1662542730	3600		287.60		  70479784		-999.00
8512	1662546330	3600		287.68		  70479784		-999.00
8513	1662549930	3600		287.72		  70479784		-999.00
8514	1662553530	3600		287.76		  70479784		-999.00
8515	1662557130	3600		287.84		  70479784		-999.00
8516	1662560730	3600		287.84		  70479784		-999.00
8517	1662564330	3600		287.84		  70479784		-999.00
8518	1662567930	3600		287.84		  70479784		-999.00
8519	1662571530	3600		287.84		  70479784		-999.00
8520	1662575130	3600		287.84		  70479784		-999.00
8521	1662578730	3600		287.84		  70479784		-999.00
8522	1662582330	3600		287.84		  70479784		-999.00
8523	1662585930	3600		287.84		  70479784		-999.00
8524	1662589530	3600		287.84		  70479784		-999.00
8525	1662593130	3600		287.84		  70479784		-999.00
8526	1662596730	3600		287.84		  70479784		-999.00
8527	1662600330	3600		287.84		  70479784		-999.00
8528	1662603930	3600		287.84		  70479784		-999.00
8529	1662607530	3600		287.88		  70479784		-999.00
8530	1662611130	3600		287.96		  70479784		-999.00
8531	1662614730	3600		287.96		  70479784		-999.00
8532	1662618330	3600		287.96		  70479784		-999.00
8533	1662621930	3600		287.96		  70479784		-999.00
8534	1662625530	3600		287.72		  70479784		-999.00
8535	1662629130	3600		286.80		  70479784		-999.00
8536	1662632730	3600		286.09		  70479784		-999.00
8537	1662636330	3600		285.74		  70479784		-999.00
8538	1662639930	3600		285.50		  70479784		-999.00
8539	1662643530	3600		285.38		  70479784		-999.00
8540	1662647130	3600		285.30		  70479784		-999.00
8541	1662650730	3600		285.26		  70479784		-999.00
8542	1662654330	3600		285.22		  70479784		-999.00
8543	1662657930	3600		285.22		  70479784		-999.00
8544	1662661530	3600		285.19		  70479784		-999.00
8545	1662665130	3600		285.19		  70479784		-999.00
8546	1662668730	3600		285.16		  70479784		-999.00
8547	1662672330	3600		285.16		  70479784		-999.00
8548	1662675930	3600		285.16		  70479784		-999.00
8549	1662679530	3600		285.16		  70479784		-999.00
8550	1662683130	3600		285.16		  70479784		-999.00
8551	1662686730	3600		285.16		  70479784		-999.00
8552	1662690330	3600		285.16		  70479784		-999.00
8553	1662693930	3600		285.16		  70479784		-999.00
8554	1662697530	3600		285.16		  70479784		-999.00
8555	1662701130	3600		285.16		  70479784		-999.00
8556	1662704730	3600		272.23		  70479784		-999.00
8557	1662708330	3600		271.86		  70479784		-999.00
8558	1662711930	3600		271.98		  70479784		-999.00
8559	1662715530	3600		271.98		  70479784		-999.00
8560	1662719130	3600		271.97		  70479784		-999.00
8561	1662722730	3600		272.05		  70479784		-999.00
8562	1662726330	3600		272.05		  70479784		-999.00
8563	1662729930	3600		272.02		  70479784		-999.00
8564	1662733530	3600		272.15		  70479784		-999.00
8565	1662737130	3600		272.12		  70479784		-999.00
8566	1662740730	3600		272.11		  70479784		-999.00
8567	1662744330	3600		271.83		  70479784		-999.00
8568	1662747930	3600		271.99		  70479784		-999.00
8569	1662751530	3600		272.04		  70479784		-999.00
8570	1662755130	3600		272.05		  70479784		-999.00
8571	1662758730	3600		272.01		  70479784		-999.00
8572	1662762330	3600		272.08		  70479784		-999.00
8573	1662765930	3600		272.04		  70479784		-999.00
8574	1662769530	3600		272.07		  70479784		-999.00
8575	1662773130	3600		272.01		  70479784		-999.00
8576	1662776730	3600		272.01		  70479784		-999.00
8577	1662780330	3600		272.02		  70479784		-999.00
8578	1662783930	3600		272.03		  70479784		-999.00
8579	1662787530	3600		272.02		  70479784		-999.00
8580	1662791130	3600		272.00		  70479784		-999.00
8581	1662794730	3600		272.10		  70479784		-999.00
8582	1662798330	3600		272.07		  70479784		-999.00
8583	1662801930	3600		271.90		  70479784		-999.00
8584	1662805530	3600		272.01		  70479784		-999.00
8585	1662809130	3600		272.00		  70479784		-999.00
8586	1662812730	3600		272.11		  70479784		-999.00
8587	1662816330	3600		272.12		  70479784		-999.00
8588	1662819930	3600		272.16		  70479784		-999.00
8589	1662823530	3600		272.17		  70479784		-999.00
8590	1662827130	3600		272.08		  70479784		-999.00
8591	1662830730	3600		272.17		  70479784		-999.00
8592	1662834330	3600		272.02		  70479784		-999.00
8593	1662837930	3600		272.09		  70479784		-999.00
8594	1662841530	3600		272.12		  70479784		-999.00
8595	1662845130	3600		272.12		  70479784		-999.00
8596	1662848730	3600		272.18		  70479784		-999.00
8597	1662852330	3600		272.18		  70479784		-999.00
8598	1662855930	3600		272.18		  70479784		-999.00
8599	1662859530	3600		272.19		  70479784		-999.00
8600	1662863130	3600		271.96		  70479784		-999.00
8601	1662866730	3600		272.15		  70479784		-999.00
8602	1662870330	3600		272.16		  70479784		-999.00
8603	1662873930	3600		272.19		  70479784		-999.00
8604	1662877530	3600		272.22		  70479784		-999.00
8605	1662881130	3600		272.22		  70479784		-999.00
8606	1662884730	3600		272.24		  70479784		-999.00
8607	1662888330	3600		272.27		  70479784		-999.00
8608	1662891930	3600		272.16		  70479784		-999.00
8609	1662895530	3600		272.15		  70479784		-999.00
8610	1662899130	3600		272.15		  70479784		-999.00
8611	1662902730	3600		272.20		  70479784		-999.00
8612	1662906330	3600		272.23		  70479784		-999.00
8613	1662909930	3600		272.23		  70479784		-999.00
8614	1662913530	3600		272.28		  70479784		-999.00
8615	1662917130	3600		272.28		  70479784		-999.00
8616	1662920730	3600		272.32		  70479784		-999.00
8617	1662924330	3600		272.13		  70479784		-999.00
8618	1662927930	3600		272.17		  70479784		-999.00
8619	1662931530	3600		272.19		  70479784		-999.00
8620	1662935130	3600		272.26		  70479784		-999.00
8621	1662938730	3600		272.23		  70479784		-999.00
8622	1662942330	3600		272.28		  70479784		-999.00
8623	1662945930	3600		272.27		  70479784		-999.00
8624	1662949530	3600		272.07		  70479784		-999.00
8625	1662953130	3600		272.11		  70479784		-999.00
8626	1662956730	3600		272.19		  70479784		-999.00
8627	1662960330	3600		272.16		  70479784		-999.00
8628	1662963930	3600		272.19		  70479784		-999.00
8629	1662967530	3600		272.20		  70479784		-999.00
8630	1662971130	3600		272.23		  70479784		-999.00
8631	1662974730	3600		272.26		  70479784		-999.00
8632	1662978330	3600		272.23		  70479784		-999.00
8633	1662981930	3600		272.28		  70479784		-999.00
8634	1662985530	3600		272.06		  70479784		-999.00
8635	1662989130	3600		272.13		  70479784		-999.00
8636	1662992730	3600		272.14		  70479784		-999.00
8637	1662996330	3600		272.15		  70479784		-999.00
8638	1662999930	3600		272.20		  70479784		-999.00
8639	1663003530	3600		272.27		  70479784		-999.00
8640	1663007130	3600		272.24		  70479784		-999.00
8641	1663010730	3600		272.24		  70479784		-999.00
8642	1663014330	3600		272.06		  70479784		-999.00
8643	1663017930	3600		272.14		  70479784		-999.00
8644	1663021530	3600		272.20		  70479784		-999.00
8645	1663025130	3600		272.23		  70479784		-999.00
8646	1663028730	3600		272.26		  70479784		-999.00
8647	1663032330	3600		272.28		  70479784		-999.00
8648	1663035930	3600		272.24		  70479784		-999.00
8649	1663039530	3600		272.25		  70479784		-999.00
8650	1663043130	3600		272.14		  70479784		-999.00
8651	1663046730	3600		272.14		  70479784		-999.00
8652	1663050330	3600		272.18		  70479784		-999.00
8653	1663053930	3600		272.20		  70479784		-999.00
8654	1663057530	3600		272.20		  70479784		-999.00
8655	1663061130	3600		272.23		  70479784		-999.00
8656	1663064730	3600		272.21		  70479784		-999.00
8657	1663068330	3600		272.25		  70479784		-999.00
8658	1663071930	3600		272.25		  70479784		-999.00
8659	1663075530	3600		272.07		  70479784		-999.00
8660	1663079130	3600		272.15		  70479784		-999.00
8661	1663082730	3600		272.16		  70479784		-999.00
8662	1663086330	3600		272.26		  70479784		-999.00
8663	1663089930	3600		272.24		  70479784		-999.00
8664	1663093530	3600		272.23		  70479784		-999.00
8665	1663097130	3600		272.27		  70479784		-999.00
8666	1663100730	3600		272.30		  70479784		-999.00
8667	1663104330	3600		272.11		  70479784		-999.00
8668	1663107930	3600		272.17		  70479784		-999.00
8669	1663111530	3600		272.16		  70479784		-999.00
8670	1663115130	3600		272.20		  70479784		-999.00
8671	1663118730	3600		272.22		  70479784		-999.00
8672	1663122330	3600		272.25		  70479784		-999.00
8673	1663125930	3600		272.11		  70479784		-999.00
8674	1663129530	3600		272.15		  70479784		-999.00
8675	1663133130	3600		272.11		  70479784		-999.00
8676	1663136730	3600		272.18		  70479784		-999.00
8677	1663140330	3600		272.23		  70479784		-999.00
8678	1663143930	3600		269.18		  70479784		-999.00
8679	1663147530	3600		255.68		  70479784		-999.00
8680	1663151130	3600		255.80		  70479784		-999.00
8681	1663154730	3600		255.96		  70479784		-999.00
8682	1663158330	3600		255.79		  70479784		-999.00
8683	1663161930	3600		260.64		  70479784		-999.00
8684	1663165530	3600		265.25		  70479784		-999.00
8685	1663169130	3600		265.18		  70479784		-999.00
8686	1663172730	3600		264.73		  70479784		-999.00
8687	1663176330	3600		265.16		  70479784		-999.00
8688	1663179930	3600		265.24		  70479784		-999.00
8689	1663183530	3600		265.28		  70479784		-999.00
8690	1663187130	3600		265.24		  70479784		-999.00
8691	1663190730	3600		265.20		  70479784		-999.00
8692	1663194330	3600		265.20		  70479784		-999.00
8693	1663197930	3600		265.20		  70479784		-999.00
8694	1663201530	3600		265.20		  70479784		-999.00
8695	1663205130	3600		265.20		  70479784		-999.00
8696	1663208730	3600		265.20		  70479784		-999.00
8697	1663212330	3600		265.27		  70479784		-999.00
8698	1663215930	3600		265.10		  70479784		-999.00
8699	1663219530	3600		265.18		  70479784		-999.00
8700	1663223130	3600		265.24		  70479784		-999.00
8701	1663226730	3600		265.24		  70479784		-999.00
8702	1663230330	3600		264.95		  70479784		-999.00
8703	1663233930	3600		265.19		  70479784		-999.00
8704	1663237530	3600		265.20		  70479784		-999.00
8705	1663241130	3600		265.25		  70479784		-999.00
8706	1663244730	3600		265.10		  70479784		-999.00
8707	1663248330	3600		265.25		  70479784		-999.00
8708	1663251930	3600		264.94		  70479784		-999.00
8709	1663255530	3600		265.14		  70479784		-999.00
8710	1663259130	3600		265.23		  70479784		-999.00
8711	1663262730	3600		265.35		  70479784		-999.00
8712	1663266330	3600		265.43		  70479784		-999.00
8713	1663269930	3600		265.43		  70479784		-999.00
8714	1663273530	3600		265.43		  70479784		-999.00
8715	1663277130	3600		265.43		  70479784		-999.00
8716	1663280730	3600		265.43		  70479784		-999.00
8717	1663284330	3600		265.43		  70479784		-999.00
8718	1663287930	3600		265.43		  70479784		-999.00
8719	1663291530	3600		265.43		  70479784		-999.00
8720	1663295130	3600		265.43		  70479784		-999.00
8721	1663298730	3600		265.43		  70479784		-999.00
8722	1663302330	3600		265.12		  70479784		-999.00
8723	1663305930	3600		264.88		  70479784		-999.00
8724	1663309530	3600		264.71		  70479784		-999.00
8725	1663313130	3600		265.08		  70479784		-999.00
8726	1663316730	3600		265.17		  70479784		-999.00
8727	1663320330	3600		265.23		  70479784		-999.00
8728	1663323930	3600		265.32		  70479784		-999.00
8729	1663327530	3600		265.08		  70479784		-999.00
8730	1663331130	3600		265.30		  70479784		-999.00
8731	1663334730	3600		265.10		  70479784		-999.00
8732	1663338330	3600		260.95		  70479784		-999.00
8733	1663341930	3600		261.06		  70479784		-999.00
8734	1663345530	3600		261.10		  70479784		-999.00
8735	1663349130	3600		261.06		  70479784		-999.00
8736	1663352730	3600		261.10		  70479784		-999.00
8737	1663356330	3600		261.10		  70479784		-999.00
8738	1663359930	3600		261.10		  70479784		-999.00
8739	1663363530	3600		261.14		  70479784		-999.00
8740	1663367130	3600		261.10		  70479784		-999.00
8741	1663370730	3600		261.10		  70479784		-999.00
8742	1663374330	3600		261.14		  70479784		-999.00
8743	1663377930	3600		261.14		  70479784		-999.00
8744	1663381530	3600		261.14		  70479784		-999.00
8745	1663385130	3600		261.18		  70479784		-999.00
8746	1663388730	3600		260.84		  70479784		-999.00
8747	1663392330	3600		261.31		  70479784		-999.00
8748	1663395930	3600		261.32		  70479784		-999.00
8749	1663399530	3600		261.36		  70479784		-999.00
8750	1663403130	3600		261.25		  70479784		-999.00
8751	1663406730	3600		261.25		  70479784		-999.00
8752	1663410330	3600		261.25		  70479784		-999.00
8753	1663413930	3600		260.94		  70479784		-999.00
8754	1663417530	3600		261.17		  70479784		-999.00
8755	1663421130	3600		261.17		  70479784		-999.00
8756	1663424730	3600		261.17		  70479784		-999.00
8757	1663428330	3600		261.17		  70479784		-999.00
8758	1663431930	3600		261.17		  70479784		-999.00
8759	1663435530	3600		261.17		  70479784		-999.00
8760	1663439130	3600		261.17		  70479784		-999.00
8761	1663442730	3600		261.17		  70479784		-999.00
8762	1663446330	3600		261.17		  70479784		-999.00
8763	1663449930	3600		261.17		  70479784		-999.00
8764	1663453530	3600		261.17		  70479784		-999.00
8765	1663457130	3600		261.17		  70479784		-999.00
8766	1663460730	3600		261.17		  70479784		-999.00
8767	1663464330	3600		261.17		  70479784		-999.00
8768	1663467930	3600		261.17		  70479784		-999.00
8769	1663471530	3600		261.17		  70479784		-999.00
8770	1663475130	3600		261.17		  70479784		-999.00
8771	1663478730	3600		261.17		  70479784		-999.00
8772	1663482330	3600		261.17		  70479784		-999.00
8773	1663485930	3600		261.17		  70479784		-999.00
8774	1663489530	3600		261.17		  70479784		-999.00
8775	1663493130	3600		261.17		  70479784		-999.00
8776	1663496730	3600		261.17		  70479784		-999.00
8777	1663500330	3600		261.17		  70479784		-999.00
8778	1663503930	3600		261.17		  70479784		-999.00
8779	1663507530	3600		261.17		  70479784		-999.00
8780	1663511130	3600		261.13		  70479784		-999.00
8781	1663514730	3600		261.13		  70479784		-999.00
8782	1663518330	3600		261.13		  70479784		-999.00
8783	1663521930	3600		261.13		  70479784		-999.00
8784	1663525530	3600		261.17		  70479784		-999.00
8785	1663529130	3600		265.45		  70479784		-999.00
8786	1663532730	3600		265.49		  70479784		-999.00
8787	1663536330	3600		265.49		  70479784		-999.00
8788	1663539930	3600		265.49		  70479784		-999.00
8789	1663543530	3600		265.49		  70479784		-999.00
8790	1663547130	3600		265.49		  70479784		-999.00
8791	1663550730	3600		265.49		  70479784		-999.00
8792	1663554330	3600		265.49		  70479784		-999.00
8793	1663557930	3600		265.49		  70479784		-999.00
8794	1663561530	3600		265.49		  70479784		-999.00
8795	1663565130	3600		265.49		  70479784		-999.00
8796	1663568730	3600		265.27		  70479784		-999.00
8797	1663572330	3600		265.27		  70479784		-999.00
8798	1663575930	3600		265.34		  70479784		-999.00
8799	1663579530	3600		265.43		  70479784		-999.00
8800	1663583130	3600		264.97		  70479784		-999.00
8801	1663586730	3600		265.16		  70479784		-999.00
8802	1663590330	3600		265.18		  70479784		-999.00
8803	1663593930	3600		265.46		  70479784		-999.00
8804	1663597530	3600		265.09		  70479784		-999.00
8805	1663601130	3600		265.32		  70479784		-999.00
8806	1663604730	3600		265.40		  70479784		-999.00
8807	1663608330	3600		265.51		  70479784		-999.00
8808	1663611930	3600		265.51		  70479784		-999.00
8809	1663615530	3600		265.51		  70479784		-999.00
8810	1663619130	3600		265.51		  70479784		-999.00
8811	1663622730	3600		265.51		  70479784		-999.00
8812	1663626330	3600		261.07		  70479784		-999.00
8813	1663629930	3600		261.16		  70479784		-999.00
8814	1663633530	3600		261.16		  70479784		-999.00
8815	1663637130	3600		261.16		  70479784		-999.00
8816	1663640730	3600		261.13		  70479784		-999.00
8817	1663644330	3600		261.21		  70479784		-999.00
8818	1663647930	3600		261.21		  70479784		-999.00
8819	1663651530	3600		261.16		  70479784		-999.00
8820	1663655130	3600		261.20		  70479784		-999.00
8821	1663658730	3600		261.16		  70479784		-999.00
8822	1663662330	3600		261.16		  70479784		-999.00
8823	1663665930	3600		261.16		  70479784		-999.00
8824	1663669530	3600		261.13		  70479784		-999.00
8825	1663673130	3600		261.21		  70479784		-999.00
8826	1663676730	3600		261.21		  70479784		-999.00
8827	1663680330	3600		261.15		  70479784		-999.00
8828	1663683930	3600		265.57		  70479784		-999.00
8829	1663687530	3600		265.53		  70479784		-999.00
8830	1663691130	3600		265.44		  70479784		-999.00
8831	1663694730	3600		265.52		  70479784		-999.00
8832	1663698330	3600		264.97		  70479784		-999.00
8833	1663701930	3600		265.51		  70479784		-999.00
8834	1663705530	3600		265.51		  70479784		-999.00
8835	1663709130	3600		265.51		  70479784		-999.00
8836	1663712730	3600		265.05		  70479784		-999.00
8837	1663716330	3600		265.07		  70479784		-999.00
8838	1663719930	3600		265.11		  70479784		-999.00
8839	1663723530	3600		265.13		  70479784		-999.00
8840	1663727130	3600		265.15		  70479784		-999.00
8841	1663730730	3600		265.19		  70479784		-999.00
8842	1663734330	3600		265.19		  70479784		-999.00
8843	1663737930	3600		265.21		  70479784		-999.00
8844	1663741530	3600		265.21		  70479784		-999.00
8845	1663745130	3600		265.36		  70479784		-999.00
8846	1663748730	3600		265.21		  70479784		-999.00
8847	1663752330	3600		265.17		  70479784		-999.00
8848	1663755930	3600		265.28		  70479784		-999.00
8849	1663759530	3600		265.40		  70479784		-999.00
8850	1663763130	3600		265.40		  70479784		-999.00
8851	1663766730	3600		265.45		  70479784		-999.00
8852	1663770330	3600		265.49		  70479784		-999.00
8853	1663773930	3600		261.01		  70479784		-999.00
8854	1663777530	3600		261.19		  70479784		-999.00
8855	1663781130	3600		261.19		  70479784		-999.00
8856	1663784730	3600		261.19		  70479784		-999.00
8857	1663788330	3600		261.19		  70479784		-999.00
8858	1663791930	3600		261.19		  70479784		-999.00
8859	1663795530	3600		261.16		  70479784		-999.00
8860	1663799130	3600		261.08		  70479784		-999.00
8861	1663802730	3600		261.20		  70479784		-999.00
8862	1663806330	3600		261.21		  70479784		-999.00
8863	1663809930	3600		261.12		  70479784		-999.00
8864	1663813530	3600		261.19		  70479784		-999.00
8865	1663817130	3600		261.19		  70479784		-999.00
8866	1663820730	3600		261.20		  70479784		-999.00
8867	1663824330	3600		261.18		  70479784		-999.00
8868	1663827930	3600		261.22		  70479784		-999.00
8869	1663831530	3600		261.06		  70479784		-999.00
8870	1663835130	3600		261.16		  70479784		-999.00
8871	1663838730	3600		261.19		  70479784		-999.00
8872	1663842330	3600		261.18		  70479784		-999.00
8873	1663845930	3600		261.18		  70479784		-999.00
8874	1663849530	3600		261.09		  70479784		-999.00
8875	1663853130	3600		265.27		  70479784		-999.00
8876	1663856730	3600		265.43		  70479784		-999.00
8877	1663860330	3600		265.49		  70479784		-999.00
8878	1663863930	3600		265.49		  70479784		-999.00
8879	1663867530	3600		265.49		  70479784		-999.00
8880	1663871130	3600		265.49		  70479784		-999.00
8881	1663874730	3600		265.49		  70479784		-999.00
8882	1663878330	3600		265.49		  70479784		-999.00
8883	1663881930	3600		265.53		  70479784		-999.00
8884	1663885530	3600		261.33		  70479784		-999.00
8885	1663889130	3600		261.16		  70479784		-999.00
8886	1663892730	3600		261.16		  70479784		-999.00
8887	1663896330	3600		261.16		  70479784		-999.00
8888	1663899930	3600		261.16		  70479784		-999.00
8889	1663903530	3600		261.08		  70479784		-999.00
8890	1663907130	3600		261.20		  70479784		-999.00
8891	1663910730	3600		261.20		  70479784		-999.00
8892	1663914330	3600		261.20		  70479784		-999.00
8893	1663917930	3600		261.17		  70479784		-999.00
8894	1663921530	3600		261.13		  70479784		-999.00
8895	1663925130	3600		261.15		  70479784		-999.00
8896	1663928730	3600		261.15		  70479784		-999.00
8897	1663932330	3600		261.19		  70479784		-999.00
8898	1663935930	3600		261.19		  70479784		-999.00
8899	1663939530	3600		261.19		  70479784		-999.00
8900	1663943130	3600		261.19		  70479784		-999.00
8901	1661249130	-2694000		260.99		  70479784		-999.00
8177	1663945426	1200		265.32		     31286		868.00
8177	1663949026	3600		265.40		     43808		875.00
8177	1663952626	3600		265.34		     43761		866.00
8177	1663956226	3600		261.33		     38100		 21.50
8177	1663956279	53		261.33		         0		 21.50
8178	1663957479	1200		260.93		         0		-999.00
8179	1663961079	3600		261.12		         0		-999.00
8180	1663956279	-4800		261.33		         0		-999.00
8178	1663965675	1200		265.24		     94460		854.50
8178	1663969275	3600		265.63		    125162		898.50
8178	1663972875	3600		265.56		     57688		886.00
8178	1663976475	3600		265.64		     56255		912.00
8178	1663980075	3600		265.34		     60445		875.00
8178	1663983675	3600		265.20		     96990		855.00
8178	1663987275	3600		265.32		     72103		873.00
8178	1663990875	3600		265.26		     64712		853.00
8178	1663994475	3600		265.17		     63172		841.50
8178	1663998075	3600		265.48		     64731		876.50
8178	1664001675	3600		265.32		     70522		879.00
8178	1664005275	3600		265.61		     39218		909.00
8178	1664008875	3600		265.30		     50882		859.50
8178	1664012475	3600		265.32		     34953		849.50
8178	1664016075	3600		265.17		    111196		843.50
8178	1664019675	3600		265.36		    141381		855.00
8178	1664023275	3600		265.44		    124709		868.00
8178	1664026875	3600		265.46		     51540		888.50
8178	1664030475	3600		265.21		     90696		845.00
8178	1664034075	3600		265.33		     62316		850.50
8178	1664037675	3600		265.37		    120622		858.50
8178	1664041275	3600		265.37		    119235		854.00
8178	1664044875	3600		265.11		    108691		835.50
8178	1664048475	3600		265.38		    139407		853.50
8178	1664052075	3600		265.34		    139698		854.00
8178	1664055675	3600		265.34		    139288		854.00
8178	1664059275	3600		265.34		    140651		851.00
8178	1664062875	3600		265.34		    140361		854.50
8178	1664066475	3600		265.34		    141940		851.50
8178	1664070075	3600		265.34		    141650		851.50
8178	1664073675	3600		265.34		    142198		851.50
8178	1664077275	3600		265.34		    143546		851.50
8178	1664080875	3600		265.31		    143783		850.00
8178	1664084475	3600		265.35		    142644		850.00
8178	1664088075	3600		265.31		     94592		847.50
8178	1664091675	3600		265.09		     82231		836.50
8178	1664095275	3600		265.36		     94193		852.50
8178	1664098875	3600		265.36		     89604		850.00
8178	1664102475	3600		265.36		    108354		852.00
8178	1664106075	3600		265.36		    108002		856.50
8178	1664109675	3600		265.21		     62013		839.50
8178	1664113275	3600		265.67		     61714		910.00
8178	1664116875	3600		265.16		     99709		839.50
8178	1664120475	3600		265.28		    119294		849.00
8178	1664124075	3600		265.34		    133975		852.50
8178	1664127675	3600		265.34		    133666		852.50
8178	1664131275	3600		265.34		    132207		849.00
8178	1664134875	3600		265.34		    131848		852.00
8178	1664138475	3600		265.34		    132885		852.00
8178	1664142075	3600		265.34		    132121		852.00
8178	1664145675	3600		265.34		    133433		852.00
8178	1664149275	3600		265.34		    132932		849.00
8178	1664152875	3600		265.34		    134035		853.00
8178	1664156475	3600		265.34		    132941		849.50
8178	1664160075	3600		265.34		    132680		849.50
8178	1664163675	3600		265.34		    132399		849.50
8178	1664167275	3600		265.34		    127609		849.50
8178	1664170875	3600		265.50		    117231		869.50
8178	1664171028	153		265.50		         0		869.50
8179	1664172228	1200		265.33		         0		-999.00
8180	1664175828	3600		265.34		         0		-999.00
8181	1664179428	3600		265.43		         0		-999.00
8182	1664183028	3600		265.48		         0		-999.00
8183	1664186628	3600		261.16		         0		-999.00
8184	1664190228	3600		261.15		         0		-999.00
8185	1664193828	3600		261.15		         0		-999.00
8186	1664197428	3600		261.15		         0		-999.00
8187	1664171028	-26400		261.50		         0		-999.00
8181	1664201624	1200		265.38		    139610		863.00
8181	1664205224	3600		265.38		    136854		861.50
8181	1664208824	3600		265.36		    137822		862.00
8181	1664212424	3600		265.36		    136879		859.00
8181	1664213459	1035		265.36		    138661		859.00
8182	1664214659	1200		260.94		    138661		-999.00
8183	1664218259	3600		261.20		    138661		-999.00
8184	1664221859	3600		261.11		    138661		-999.00
8185	1664225459	3600		261.06		    138661		-999.00
8186	1664229059	3600		261.09		    138661		-999.00
8187	1664213459	-15600		261.23		    138661		-999.00
8182	1664214659	1200		260.94		    138661		-999.00
8183	1664218259	3600		261.20		    138661		-999.00
8184	1664221859	3600		261.11		    138661		-999.00
8185	1664225459	3600		261.06		    138661		-999.00
8186	1664229059	3600		261.09		    138661		-999.00
8187	1664213459	-15600		261.23		    138661		-999.00
8188	1664233288	1200		261.12		    138661		-999.00
8189	1664236888	3600		261.16		    138661		-999.00
8190	1664240488	3600		261.16		    138661		-999.00
8191	1664244088	3600		261.12		    138661		-999.00
8192	1664247688	3600		261.19		    138661		-999.00
8193	1664251288	3600		261.16		    138661		-999.00
8194	1664254888	3600		261.12		    138661		-999.00
8195	1664258488	3600		260.92		    138661		-999.00
8196	1664262088	3600		261.16		    138661		-999.00
8197	1664265688	3600		261.09		    138661		-999.00
8198	1664269288	3600		261.13		    138661		-999.00
8199	1664272888	3600		261.13		    138661		-999.00
8200	1664276488	3600		261.11		    138661		-999.00
8201	1664280088	3600		261.15		    138661		-999.00
8202	1664283688	3600		261.11		    138661		-999.00
8203	1664287288	3600		261.15		    138661		-999.00
8204	1664290888	3600		261.05		    138661		-999.00
8205	1664294488	3600		261.07		    138661		-999.00
8206	1664298088	3600		261.14		    138661		-999.00
8207	1664301688	3600		261.07		    138661		-999.00
8208	1664305288	3600		261.11		    138661		-999.00
8209	1664308888	3600		261.09		    138661		-999.00
8210	1664312488	3600		261.08		    138661		-999.00
8211	1664316088	3600		261.18		    138661		-999.00
8212	1664319688	3600		261.17		    138661		-999.00
8213	1664323288	3600		261.08		    138661		-999.00
8214	1664326888	3600		261.16		    138661		-999.00
8215	1664330488	3600		261.16		    138661		-999.00
8216	1664334088	3600		261.18		    138661		-999.00
8217	1664337688	3600		265.42		    138661		-999.00
8218	1664341288	3600		265.44		    138661		-999.00
8219	1664344888	3600		265.41		    138661		-999.00
8220	1664348488	3600		265.31		    138661		-999.00
8221	1664352088	3600		265.38		    138661		-999.00
8222	1664355688	3600		265.39		    138661		-999.00
8223	1664359288	3600		265.43		    138661		-999.00
8224	1664362888	3600		265.43		    138661		-999.00
8225	1664366488	3600		265.39		    138661		-999.00
8226	1664370088	3600		265.43		    138661		-999.00
8227	1664373688	3600		265.09		    138661		-999.00
8228	1664377288	3600		261.06		    138661		-999.00
8229	1664380888	3600		261.09		    138661		-999.00
8230	1664384488	3600		261.12		    138661		-999.00
8231	1664388088	3600		261.12		    138661		-999.00
8232	1664391688	3600		261.12		    138661		-999.00
8233	1664395288	3600		261.10		    138661		-999.00
8234	1664398888	3600		261.08		    138661		-999.00
8235	1664402488	3600		261.08		    138661		-999.00
8236	1664406088	3600		261.12		    138661		-999.00
8237	1664409688	3600		261.12		    138661		-999.00
8238	1664413288	3600		261.12		    138661		-999.00
8239	1664416888	3600		261.08		    138661		-999.00
8240	1664420488	3600		261.12		    138661		-999.00
8241	1664424088	3600		261.12		    138661		-999.00
8242	1664427688	3600		261.12		    138661		-999.00
8243	1664431288	3600		261.12		    138661		-999.00
8244	1664434888	3600		261.13		    138661		-999.00
8245	1664438488	3600		261.13		    138661		-999.00
8246	1664442088	3600		261.15		    138661		-999.00
8247	1664445688	3600		261.15		    138661		-999.00
8248	1664449288	3600		261.15		    138661		-999.00
8249	1664452888	3600		261.08		    138661		-999.00
8250	1664232088	-220800		261.45		    138661		-999.00
8210	1664455324	1200		265.45		   5463055		857.50
8210	1664458924	3600		265.55		   5313139		868.00
8210	1664462524	3600		265.38		   5240825		853.50
8210	1664466124	3600		265.33		   5155355		840.00
8210	1664469724	3600		265.61		   6227192		870.50
8210	1664473324	3600		265.33		   8314752		822.00
8210	1664476924	3600		265.54		   3329871		867.50
8210	1664478684	1760		265.60		   6728692		866.50
8211	1664479884	1200		265.36		   6728692		-999.00
8212	1664483484	3600		265.53		   6728692		-999.00
8213	1664487084	3600		260.96		   6728692		-999.00
8214	1664490684	3600		261.10		   6728692		-999.00
8215	1664478684	-12000		261.34		   6728692		-999.00
8211	1664493171	1200		265.56		   6029370		865.00
8211	1664496771	3600		265.66		   8048702		869.50
8211	1664500371	3600		265.64		   7457405		867.50
8211	1664501041	670		265.65		   7635131		864.00
8212	1664502241	1200		260.94		   7635131		-999.00
8213	1664505841	3600		261.12		   7635131		-999.00
8214	1664501041	-4800		261.28		   7635131		-999.00
8212	1664509042	1200		266.01		  19245109		869.50
8212	1664512642	3600		266.47		  31296863		884.00
8212	1664516242	3600		265.82		  11554079		879.50
8212	1664519842	3600		266.09		  27414374		839.50
8212	1664520159	317		266.34		  35881798		836.00
8213	1664521359	1200		260.98		  35881798		-999.00
8214	1664524959	3600		261.26		  35881798		-999.00
8215	1664528559	3600		261.16		  35881798		-999.00
8216	1664532159	3600		261.15		  35881798		-999.00
8217	1664535759	3600		261.08		  35881798		-999.00
8218	1664539359	3600		261.20		  35881798		-999.00
8219	1664520159	-19200		261.42		  35881798		-999.00
8214	1664543644	1200		266.49		  36868567		875.50
8214	1664547244	3600		265.33		   8365010		835.00
8214	1664550844	3600		265.27		         0		847.00
8214	1664551919	1075		265.44		         0		885.00
8215	1664553119	1200		265.78		         0		-999.00
8216	1664556719	3600		265.69		         0		-999.00
8217	1664560319	3600		261.16		         0		-999.00
8218	1664551919	-8400		261.44		         0		-999.00
8216	1664564824	1200		266.74		  44079898		888.50
8216	1664568424	3600		266.99		  56145170		880.50
8216	1664572024	3600		266.58		  51667031		823.00
8216	1664575624	3600		266.92		  47603022		893.00
8216	1664579224	3600		266.81		  43859631		893.50
8216	1664582824	3600		266.73		  41375106		890.50
8216	1664586424	3600		266.65		  38456321		888.00
8216	1664590024	3600		266.59		  36434918		888.50
8216	1664593624	3600		266.52		  34167208		889.00
8216	1664594071	447		266.44		  31609042		889.00
8217	1664595271	1200		265.57		  31609042		-999.00
8218	1664598871	3600		261.15		  31609042		-999.00
8219	1664602471	3600		261.15		  31609042		-999.00
8220	1664606071	3600		261.15		  31609042		-999.00
8221	1664609671	3600		261.15		  31609042		-999.00
8222	1664613271	3600		261.15		  31609042		-999.00
8223	1664594071	-19200		261.49		  31609042		-999.00
8220	1664615149	1200		268.21		  85985067		928.00
8220	1664618749	3600		268.25		 107177646		840.00
8220	1664622349	3600		268.64		  99300841		927.50
8220	1664625949	3600		268.44		  92471489		930.00
8220	1664629549	3600		268.33		  89027332		925.00
8220	1664633149	3600		268.14		  83998805		920.50
8220	1664636749	3600		267.84		  78885804		909.00
8220	1664640349	3600		267.79		  74457467		916.00
8220	1664643949	3600		267.68		  70697095		913.50
8220	1664647549	3600		267.57		  66997241		911.00
8220	1664651149	3600		267.47		  63873113		912.00
8220	1664654749	3600		267.34		  60799356		907.50
8220	1664658349	3600		266.95		  54104725		889.00
8220	1664658943	594		266.97		  53401526		896.00
8221	1664660143	1200		261.11		  53401526		-999.00
8222	1664663743	3600		261.00		  53401526		-999.00
8223	1664667343	3600		261.11		  53401526		-999.00
8224	1664670943	3600		261.03		  53401526		-999.00
8225	1664658943	-12000		261.07		  53401526		-999.00
8221	1664672327	1200		268.19		  85866764		942.00
8221	1664675927	3600		268.72		 103618580		938.00
8221	1664679527	3600		268.44		  94338652		933.50
8221	1664683127	3600		268.25		  87828814		931.50
8221	1664686727	3600		268.05		  81350582		930.00
8221	1664690327	3600		267.85		  75853577		926.50
8221	1664693927	3600		267.75		  72458127		923.50
8221	1664697527	3600		267.59		  68260553		919.50
8221	1664701127	3600		267.47		  65518050		920.50
8221	1664704727	3600		267.34		  61268182		917.00
8221	1664708327	3600		267.25		  58321270		919.00
8221	1664711927	3600		267.17		  55814138		915.50
8221	1664715527	3600		260.94		  53514051		 22.00
8221	1664717030	1503		260.94		  52223859		 22.00
8222	1664718230	1200		261.13		  52223859		-999.00
8223	1664721830	3600		261.07		  52223859		-999.00
8224	1664725430	3600		261.11		  52223859		-999.00
8225	1664717030	-8400		261.02		  52223859		-999.00
8222	1664729864	1200		268.47		  99181892		936.50
8222	1664733464	3600		269.58		 128586890		967.00
8222	1664737064	3600		269.58		 126184756		971.50
8222	1664740664	3600		269.15		 115445830		961.50
8222	1664744264	3600		268.88		 107703867		956.50
8222	1664745477	1213		268.71		 102094314		952.50
8223	1664746677	1200		261.05		 102094314		-999.00
8224	1664750277	3600		261.13		 102094314		-999.00
8225	1664753877	3600		261.13		 102094314		-999.00
8226	1664757477	3600		265.61		 102094314		-999.00
8227	1664761077	3600		265.54		 102094314		-999.00
8228	1664764677	3600		265.61		 102094314		-999.00
8229	1664768277	3600		265.67		 102094314		-999.00
8230	1664771877	3600		265.42		 102094314		-999.00
8231	1664775477	3600		265.09		 102094314		-999.00
8232	1664779077	3600		260.90		 102094314		-999.00
8233	1664782677	3600		261.11		 102094314		-999.00
8234	1664786277	3600		261.11		 102094314		-999.00
8235	1664745477	-40800		261.18		 102094314		-999.00
8223	1664791054	1200		268.70		 103464203		955.50
8223	1664794654	3600		269.63		 130536254		972.50
8223	1664798254	3600		269.49		 125826803		967.50
8223	1664801854	3600		269.15		 115327218		965.50
8223	1664805454	3600		268.86		 107230319		959.50
8223	1664809054	3600		268.64		  99758616		958.00
8223	1664812654	3600		268.46		  93844912		956.00
8223	1664816254	3600		268.25		  87751609		951.00
8223	1664817946	1692		268.14		  84262816		952.00
8224	1664819146	1200		264.97		  84262816		-999.00
8225	1664822746	3600		261.07		  84262816		-999.00
8226	1664826346	3600		261.11		  84262816		-999.00
8227	1664829946	3600		261.17		  84262816		-999.00
8228	1664817946	-12000		261.61		  84262816		-999.00
8225	1664832855	1200		268.37		  93840691		957.50
8225	1664836455	3600		269.55		 128165739		979.50
8225	1664840055	3600		269.23		 117566172		975.50
8225	1664843655	3600		268.89		 106057765		973.50
8225	1664847255	3600		268.69		  99475058		967.00
8225	1664850855	3600		268.35		  93361278		953.00
8225	1664854455	3600		268.20		  87057264		960.50
8225	1664858055	3600		268.02		  81105873		958.00
8225	1664861655	3600		267.92		  77558962		955.50
8225	1664865255	3600		267.88		  76488934		954.00
8225	1664868855	3600		267.79		  73284248		954.00
8225	1664872455	3600		267.28		  65216211		931.50
8225	1664874559	2104		267.22		  58250144		946.00
8226	1664875759	1200		260.85		  58250144		-999.00
8227	1664879359	3600		261.17		  58250144		-999.00
8228	1664882959	3600		261.14		  58250144		-999.00
8229	1664874559	-8400		261.12		  58250144		-999.00
8226	1664884497	1200		265.35		    224342		912.50
8226	1664888097	3600		265.35		    214905		913.00
8226	1664891142	3045		265.35		    207716		910.50
8227	1664892342	1200		260.90		    207716		-999.00
8228	1664895942	3600		261.08		    207716		-999.00
8229	1664899542	3600		261.12		    207716		-999.00
8230	1664903142	3600		261.10		    207716		-999.00
8231	1664906742	3600		261.09		    207716		-999.00
8232	1664910342	3600		261.09		    207716		-999.00
8233	1664913942	3600		261.10		    207716		-999.00
8234	1664891142	-22800		261.21		    207716		-999.00
8228	1664917286	1200		268.70		 103927449		983.00
8228	1664920886	3600		269.85		 136909698		1001.00
8228	1664924486	3600		269.70		 131823155		992.50
8228	1664928086	3600		269.28		 123458170		974.50
8228	1664931686	3600		269.06		 113478619		988.50
8228	1664935286	3600		268.82		 107509228		978.50
8228	1664938886	3600		268.58		 100747984		976.50
8228	1664942486	3600		268.46		  94372646		977.50
8228	1664946086	3600		268.23		  88942338		976.50
8228	1664946665	579		268.14		  86150841		976.00
8229	1664947865	1200		265.50		  86150841		-999.00
8230	1664951465	3600		265.15		  86150841		-999.00
8231	1664955065	3600		265.29		  86150841		-999.00
8232	1664958665	3600		265.47		  86150841		-999.00
8233	1664962265	3600		265.66		  86150841		-999.00
8234	1664965865	3600		260.93		  86150841		-999.00
8235	1664969465	3600		261.09		  86150841		-999.00
8236	1664973065	3600		265.55		  86150841		-999.00
8237	1664976665	3600		260.92		  86150841		-999.00
8238	1664980265	3600		261.16		  86150841		-999.00
8239	1664983865	3600		261.08		  86150841		-999.00
8240	1664987465	3600		261.04		  86150841		-999.00
8241	1664946665	-40800		261.60		  86150841		-999.00
8230	1664990014	1200		268.79		 124329211		902.00
8230	1664993614	3600		270.19		 145290761		1021.00
8230	1664995346	1732		270.32		 149810148		1015.00
8231	1664996546	1200		264.97		 149810148		-999.00
8232	1665000146	3600		265.59		 149810148		-999.00
8233	1665003746	3600		265.69		 149810148		-999.00
8234	1665007346	3600		265.69		 149810148		-999.00
8235	1665010946	3600		265.69		 149810148		-999.00
8236	1665014546	3600		265.69		 149810148		-999.00
8237	1665018146	3600		261.19		 149810148		-999.00
8238	1665021746	3600		261.11		 149810148		-999.00
8239	1665025346	3600		261.10		 149810148		-999.00
8240	1664995346	-30000		261.83		 149810148		-999.00
8232	1665026848	1200		265.32		    236996		920.50
8232	1665030448	3600		265.32		    228171		923.50
8232	1665034048	3600		265.32		    218082		923.50
8232	1665036859	2811		265.32		    205276		920.00
8233	1665038059	1200		260.90		    205276		-999.00
8234	1665041659	3600		261.06		    205276		-999.00
8235	1665036859	-4800		261.18		    205276		-999.00
8233	1665045872	1200		265.61		   9557527		925.50
8233	1665049472	3600		265.69		   9673581		928.50
8233	1665053072	3600		265.54		   8956160		916.50
8233	1665054040	968		261.08		   8246755		 22.00
8234	1665055240	1200		260.89		   8246755		-999.00
8235	1665058840	3600		261.12		   8246755		-999.00
8236	1665062440	3600		261.12		   8246755		-999.00
8237	1665066040	3600		261.13		   8246755		-999.00
8238	1665069640	3600		261.11		   8246755		-999.00
8239	1665073240	3600		261.08		   8246755		-999.00
8240	1665076840	3600		265.27		   8246755		-999.00
8241	1665080440	3600		265.64		   8246755		-999.00
8242	1665084040	3600		265.64		   8246755		-999.00
8243	1665087640	3600		265.64		   8246755		-999.00
8244	1665091240	3600		265.64		   8246755		-999.00
8245	1665094840	3600		265.64		   8246755		-999.00
8246	1665098440	3600		265.64		   8246755		-999.00
8247	1665102040	3600		265.64		   8246755		-999.00
8248	1665105640	3600		265.64		   8246755		-999.00
8249	1665109240	3600		265.64		   8246755		-999.00
8250	1665112840	3600		265.64		   8246755		-999.00
8251	1665116440	3600		265.64		   8246755		-999.00
8252	1665120040	3600		265.64		   8246755		-999.00
8253	1665123640	3600		265.32		   8246755		-999.00
8254	1665127240	3600		265.65		   8246755		-999.00
8255	1665130840	3600		261.12		   8246755		-999.00
8256	1665134440	3600		261.12		   8246755		-999.00
8257	1665138040	3600		261.05		   8246755		-999.00
8258	1665141640	3600		261.01		   8246755		-999.00
8259	1665145240	3600		261.05		   8246755		-999.00
8260	1665148840	3600		261.06		   8246755		-999.00
8261	1665054040	-94800		260.97		   8246755		-999.00
8236	1665153442	1200		267.47		  61874650		975.50
8236	1665157042	3600		269.34		 117510742		1015.00
8236	1665160642	3600		270.01		 142292400		1002.00
8236	1665164242	3600		269.59		 129405250		999.50
8236	1665167842	3600		269.33		 120619722		998.50
8236	1665171442	3600		268.99		 111122494		995.00
8236	1665175042	3600		268.80		 104694932		990.50
8236	1665178642	3600		268.59		  97415159		987.00
8236	1665182242	3600		268.39		  91890517		980.00
8236	1665185842	3600		268.21		  86320479		983.00
8236	1665189442	3600		268.03		  81441321		979.00
8236	1665193042	3600		267.92		  77549310		979.50
8236	1665196448	3406		267.79		  73466893		973.50
8237	1665197648	1200		265.52		  73466893		-999.00
8238	1665201248	3600		265.64		  73466893		-999.00
8239	1665204848	3600		265.65		  73466893		-999.00
8240	1665208448	3600		265.69		  73466893		-999.00
8241	1665212048	3600		261.18		  73466893		-999.00
8242	1665215648	3600		261.10		  73466893		-999.00
8243	1665219248	3600		261.10		  73466893		-999.00
8244	1665196448	-22800		261.59		  73466893		-999.00
8238	1665222056	1200		267.88		  89394345		919.00
8238	1665225656	3600		269.43		 122795414		1015.00
8238	1665229256	3600		269.70		 132124032		1014.00
8238	1665232856	3600		269.38		 121614312		1003.00
8238	1665236456	3600		269.10		 113530003		1006.00
8238	1665240056	3600		268.77		 105225237		1000.50
8238	1665243656	3600		268.57		  98529983		995.00
8238	1665247256	3600		268.41		  93332385		992.50
8238	1665250856	3600		268.23		  87262778		992.50
8238	1665254456	3600		268.10		  82844745		989.00
8238	1665257519	3063		267.96		  78416488		989.00
8239	1665258719	1200		265.23		  78416488		-999.00
8240	1665262319	3600		265.51		  78416488		-999.00
8241	1665265919	3600		265.62		  78416488		-999.00
8242	1665269519	3600		265.66		  78416488		-999.00
8243	1665273119	3600		265.57		  78416488		-999.00
8244	1665276719	3600		265.69		  78416488		-999.00
8245	1665280319	3600		265.69		  78416488		-999.00
8246	1665283919	3600		265.71		  78416488		-999.00
8247	1665287519	3600		265.70		  78416488		-999.00
8248	1665291119	3600		265.62		  78416488		-999.00
8249	1665294719	3600		265.75		  78416488		-999.00
8250	1665298319	3600		265.79		  78416488		-999.00
8251	1665301919	3600		265.33		  78416488		-999.00
8252	1665305519	3600		265.57		  78416488		-999.00
8253	1665309119	3600		265.74		  78416488		-999.00
8254	1665312719	3600		265.74		  78416488		-999.00
8255	1665316319	3600		265.70		  78416488		-999.00
8256	1665319919	3600		261.02		  78416488		-999.00
8257	1665323519	3600		261.14		  78416488		-999.00
8258	1665327119	3600		261.18		  78416488		-999.00
8259	1665330719	3600		261.18		  78416488		-999.00
8260	1665334319	3600		261.18		  78416488		-999.00
8261	1665337919	3600		261.18		  78416488		-999.00
8262	1665257519	-80400		261.61		  78416488		-999.00
8245	1665342036	1200		268.55		  94087685		1019.00
8245	1665345636	3600		269.92		 139190154		1022.00
8245	1665349236	3600		269.98		 140120567		1030.00
8245	1665352836	3600		269.88		 137915890		1027.00
8245	1665356436	3600		269.57		 127713360		1020.00
8245	1665360036	3600		268.67		 118725734		922.00
8245	1665363636	3600		268.91		 109983047		1007.00
8245	1665367236	3600		268.76		 103610530		1010.00
8245	1665370836	3600		268.46		  96410102		1000.00
8245	1665374436	3600		268.39		  91639230		1007.00
8245	1665378036	3600		268.16		  85199504		1004.00
8245	1665381636	3600		268.05		  81432712		1002.00
8245	1665385236	3600		267.93		  77362887		1003.00
8245	1665387078	1842		267.24		  63459457		975.50
8246	1665388278	1200		261.02		  63459457		-999.00
8247	1665391878	3600		261.10		  63459457		-999.00
8248	1665395478	3600		261.16		  63459457		-999.00
8249	1665399078	3600		261.11		  63459457		-999.00
8250	1665402678	3600		261.09		  63459457		-999.00
8251	1665387078	-15600		261.02		  63459457		-999.00
8247	1665403955	1200		268.70		 102375046		1019.00
8247	1665407555	3600		269.47		 122905599		1042.00
8247	1665411155	3600		269.95		 138789017		1049.00
8247	1665414755	3600		269.95		 139297027		1041.00
8247	1665418355	3600		269.63		 128715456		1035.00
8247	1665421955	3600		269.32		 119075616		1030.00
8247	1665425555	3600		269.06		 111935464		1029.00
8247	1665429155	3600		268.86		 105286372		1025.00
8247	1665432755	3600		268.46		  97605776		1009.00
8247	1665436355	3600		268.43		  92994605		1024.00
8247	1665439955	3600		268.20		  87892961		1011.00
8247	1665443555	3600		268.06		  83174318		1012.00
8247	1665447155	3600		267.91		  78108800		1012.00
8247	1665450755	3600		267.81		  74823109		1009.00
8247	1665451369	614		267.84		  75705431		1009.00
8248	1665452569	1200		265.52		  75705431		-999.00
8249	1665456169	3600		261.11		  75705431		-999.00
8250	1665451369	-4800		261.57		  75705431		-999.00
8248	1665460253	1200		268.41		  89494591		1039.00
8248	1665463853	3600		269.74		 133587334		1048.00
8248	1665467453	3600		269.79		 135022081		1056.00
8248	1665471053	3600		269.86		 135065573		1059.00
8248	1665474653	3600		269.70		 131976971		1059.00
8248	1665476587	1934		269.46		 124028431		1054.00
8249	1665477787	1200		265.02		 124028431		-999.00
8250	1665481387	3600		260.90		 124028431		-999.00
8251	1665484987	3600		261.39		 124028431		-999.00
8252	1665488587	3600		261.20		 124028431		-999.00
8253	1665492187	3600		261.14		 124028431		-999.00
8254	1665495787	3600		261.12		 124028431		-999.00
8255	1665499387	3600		261.14		 124028431		-999.00
8256	1665502987	3600		261.21		 124028431		-999.00
8257	1665506587	3600		261.12		 124028431		-999.00
8258	1665510187	3600		265.16		 124028431		-999.00
8259	1665513787	3600		260.73		 124028431		-999.00
8260	1665517387	3600		261.14		 124028431		-999.00
8261	1665520987	3600		261.11		 124028431		-999.00
8262	1665524587	3600		261.15		 124028431		-999.00
8263	1665528187	3600		261.15		 124028431		-999.00
8264	1665476587	-51600		261.71		 124028431		-999.00
8253	1665530881	1200		268.53		  94007198		1050.00
8253	1665534481	3600		269.77		 132893911		1061.00
8253	1665538081	3600		269.87		 136820893		1067.00
8253	1665541681	3600		269.92		 138213579		1061.00
8253	1665543776	2095		269.28		 120562324		1054.00
8254	1665544976	1200		260.96		 120562324		-999.00
8255	1665548576	3600		261.08		 120562324		-999.00
8256	1665552176	3600		261.02		 120562324		-999.00
8257	1665555776	3600		261.10		 120562324		-999.00
8258	1665559376	3600		265.57		 120562324		-999.00
8259	1665562976	3600		265.27		 120562324		-999.00
8260	1665566576	3600		265.26		 120562324		-999.00
8261	1665570176	3600		265.26		 120562324		-999.00
8262	1665573776	3600		265.62		 120562324		-999.00
8263	1665577376	3600		265.68		 120562324		-999.00
8264	1665580976	3600		260.88		 120562324		-999.00
8265	1665584576	3600		261.12		 120562324		-999.00
8266	1665588176	3600		261.10		 120562324		-999.00
8267	1665591776	3600		261.10		 120562324		-999.00
8268	1665595376	3600		261.12		 120562324		-999.00
8269	1665598976	3600		261.14		 120562324		-999.00
8270	1665602576	3600		261.10		 120562324		-999.00
8271	1665606176	3600		261.07		 120562324		-999.00
8272	1665609776	3600		261.11		 120562324		-999.00
8273	1665613376	3600		261.13		 120562324		-999.00
8274	1665616976	3600		261.12		 120562324		-999.00
8275	1665620576	3600		261.12		 120562324		-999.00
8276	1665543776	-76800		261.44		 120562324		-999.00
8260	1665623048	1200		268.62		  96496109		1052.00
8260	1665626648	3600		269.76		 133302207		1066.00
8260	1665630248	3600		269.80		 134770875		1061.00
8260	1665633848	3600		269.80		 134531856		1071.00
8260	1665637448	3600		269.76		 133442543		1063.00
8260	1665641048	3600		269.56		 127627476		1055.00
8260	1665644648	3600		269.22		 118780282		1055.00
8260	1665648248	3600		269.01		 111790821		1053.00
8260	1665651848	3600		268.77		 104034540		1045.00
8260	1665655448	3600		268.60		  98176248		1044.00
8260	1665659048	3600		268.33		  91732073		1028.00
8260	1665662648	3600		268.17		  86611036		1033.00
8260	1665666248	3600		268.04		  82293070		1037.00
8260	1665667919	1671		267.57		  66517815		1035.00
8261	1665669119	1200		261.05		  66517815		-999.00
8262	1665672719	3600		261.08		  66517815		-999.00
8263	1665676319	3600		261.12		  66517815		-999.00
8264	1665679919	3600		261.06		  66517815		-999.00
8265	1665683519	3600		261.15		  66517815		-999.00
8266	1665687119	3600		261.18		  66517815		-999.00
8267	1665690719	3600		261.14		  66517815		-999.00
8268	1665694319	3600		261.14		  66517815		-999.00
8269	1665697919	3600		261.07		  66517815		-999.00
8270	1665667919	-30000		261.30		  66517815		-999.00
8263	1665701121	1200		268.19		  86856295		1044.00
8263	1665704721	3600		269.76		 131524075		1077.00
8263	1665708176	3455		269.79		 133841435		1073.00
8264	1665709376	1200		265.56		 133841435		-999.00
8265	1665712976	3600		265.63		 133841435		-999.00
8266	1665716576	3600		265.00		 133841435		-999.00
8267	1665720176	3600		265.06		 133841435		-999.00
8268	1665723776	3600		265.66		 133841435		-999.00
8269	1665727376	3600		265.71		 133841435		-999.00
8270	1665730976	3600		265.46		 133841435		-999.00
8271	1665734576	3600		265.69		 133841435		-999.00
8272	1665738176	3600		265.65		 133841435		-999.00
8273	1665741776	3600		265.65		 133841435		-999.00
8274	1665745376	3600		265.75		 133841435		-999.00
8275	1665748976	3600		265.69		 133841435		-999.00
8276	1665752576	3600		265.71		 133841435		-999.00
8277	1665756176	3600		265.71		 133841435		-999.00
8278	1665759776	3600		265.71		 133841435		-999.00
8279	1665763376	3600		260.89		 133841435		-999.00
8280	1665766976	3600		261.15		 133841435		-999.00
8281	1665770576	3600		261.07		 133841435		-999.00
8282	1665708176	-62400		261.74		 133841435		-999.00
8267	1665773313	1200		269.25		 116629185		1066.00
8267	1665776913	3600		269.84		 137220412		1073.00
8267	1665779072	2159		269.79		 133940267		1072.00
8268	1665780272	1200		265.30		 133940267		-999.00
8269	1665783872	3600		265.65		 133940267		-999.00
8270	1665787472	3600		260.94		 133940267		-999.00
8271	1665791072	3600		261.14		 133940267		-999.00
8272	1665794672	3600		261.08		 133940267		-999.00
8273	1665779072	-15600		261.74		 133940267		-999.00
8269	1665796010	1200		268.33		  89267279		1056.00
8269	1665796701	691		269.38		 121714306		1065.00
8270	1665797901	1200		265.71		 121714306		-999.00
8271	1665801501	3600		265.72		 121714306		-999.00
8272	1665805101	3600		261.36		 121714306		-999.00
8273	1665808701	3600		261.01		 121714306		-999.00
8274	1665812301	3600		261.10		 121714306		-999.00
8275	1665815901	3600		261.15		 121714306		-999.00
8276	1665796701	-19200		261.73		 121714306		-999.00
8272	1665820178	1200		269.41		 128658413		1053.00
8272	1665821279	1101		269.81		 138326021		1067.00
8273	1665822479	1200		265.55		 138326021		-999.00
8274	1665826079	3600		261.20		 138326021		-999.00
8275	1665829679	3600		261.12		 138326021		-999.00
8276	1665821279	-8400		261.66		 138326021		-999.00
8273	1665832920	1200		269.23		 122095787		1059.00
8273	1665836520	3600		269.86		 136795329		1072.00
8273	1665840120	3600		269.76		 135749647		1068.00
8273	1665843720	3600		269.85		 136423956		1083.00
8273	1665847320	3600		269.65		 132009066		1069.00
8273	1665848467	1147		268.80		 124476439		957.50
8274	1665849667	1200		265.28		 124476439		-999.00
8275	1665853267	3600		260.90		 124476439		-999.00
8276	1665856867	3600		261.11		 124476439		-999.00
8277	1665848467	-8400		261.39		 124476439		-999.00
8274	1665859419	1200		268.32		  88868974		1061.00
8274	1665863019	3600		269.63		 131031768		1075.00
8274	1665866619	3600		269.82		 135118662		1082.00
8274	1665870219	3600		269.82		 134905090		1080.00
8274	1665873819	3600		269.71		 131413832		1084.00
8274	1665877419	3600		269.35		 120428652		1077.00
8274	1665881019	3600		269.10		 113110949		1070.00
8274	1665884619	3600		268.80		 104550318		1069.00
8274	1665888219	3600		268.62		  98703190		1066.00
8274	1665891819	3600		268.43		  92089184		1062.00
8274	1665895419	3600		268.25		  87407232		1060.00
8274	1665899019	3600		268.09		  82209083		1057.00
8274	1665902619	3600		267.94		  77328277		1056.00
8274	1665906219	3600		267.83		  73544131		1051.00
8274	1665909819	3600		267.70		  69361182		1051.00
8274	1665913419	3600		267.59		  65555131		1048.00
8274	1665917019	3600		267.43		  62659293		1046.00
8274	1665919777	2758		267.15		  53271267		1043.00
8275	1665920977	1200		260.97		  53271267		-999.00
8276	1665924577	3600		261.17		  53271267		-999.00
8277	1665928177	3600		261.11		  53271267		-999.00
8278	1665931777	3600		261.01		  53271267		-999.00
8279	1665919777	-12000		261.37		  53271267		-999.00
8276	1665933647	1200		269.38		 122467107		1089.00
8276	1665937247	3600		269.76		 132814455		1097.00
8276	1665940847	3600		269.78		 133347707		1100.00
8276	1665944447	3600		269.55		 130573961		1088.00
8276	1665948047	3600		269.52		 125810183		1095.00
8276	1665951647	3600		269.24		 116195777		1088.00
8276	1665955247	3600		268.90		 106197284		1080.00
8276	1665958847	3600		268.64		  99125893		1082.00
8276	1665962447	3600		268.49		  95194645		1079.00
8276	1665966047	3600		268.32		  89679990		1074.00
8276	1665969647	3600		268.15		  84028267		1072.00
8276	1665973247	3600		268.01		  79828321		1072.00
8276	1665975303	2056		267.50		  67306881		1053.00
8277	1665976503	1200		261.09		  67306881		-999.00
8278	1665980103	3600		255.55		  67306881		-999.00
8279	1665983703	3600		255.40		  67306881		-999.00
8280	1665987303	3600		255.65		  67306881		-999.00
8281	1665990903	3600		255.65		  67306881		-999.00
8282	1665994503	3600		255.93		  67306881		-999.00
8283	1665998103	3600		255.72		  67306881		-999.00
8284	1666001703	3600		255.66		  67306881		-999.00
8285	1666005303	3600		255.70		  67306881		-999.00
8286	1666008903	3600		255.71		  67306881		-999.00
8287	1666012503	3600		255.89		  67306881		-999.00
8288	1666016103	3600		255.67		  67306881		-999.00
8289	1666019703	3600		255.64		  67306881		-999.00
8290	1666023303	3600		255.80		  67306881		-999.00
8291	1666026903	3600		255.84		  67306881		-999.00
8292	1666030503	3600		255.68		  67306881		-999.00
8293	1666034103	3600		255.67		  67306881		-999.00
8294	1666037703	3600		255.72		  67306881		-999.00
8295	1666041303	3600		255.60		  67306881		-999.00
8296	1666044903	3600		255.76		  67306881		-999.00
8297	1666048503	3600		255.75		  67306881		-999.00
8298	1666052103	3600		255.74		  67306881		-999.00
8299	1666055703	3600		255.70		  67306881		-999.00
8300	1666059303	3600		255.78		  67306881		-999.00
8301	1666062903	3600		255.65		  67306881		-999.00
8302	1666066503	3600		255.85		  67306881		-999.00
8303	1666070103	3600		255.72		  67306881		-999.00
8304	1666073703	3600		255.74		  67306881		-999.00
8305	1666077303	3600		255.62		  67306881		-999.00
8306	1666080903	3600		255.81		  67306881		-999.00
8307	1666084503	3600		255.68		  67306881		-999.00
8308	1666088103	3600		255.76		  67306881		-999.00
8309	1666091703	3600		255.64		  67306881		-999.00
8310	1666095303	3600		255.70		  67306881		-999.00
8311	1666098903	3600		255.81		  67306881		-999.00
8312	1666102503	3600		255.57		  67306881		-999.00
8313	1666106103	3600		255.72		  67306881		-999.00
8314	1666109703	3600		255.74		  67306881		-999.00
8315	1666113303	3600		255.84		  67306881		-999.00
8316	1666116903	3600		255.67		  67306881		-999.00
8317	1666120503	3600		255.67		  67306881		-999.00
8318	1666124103	3600		255.71		  67306881		-999.00
8319	1666127703	3600		255.82		  67306881		-999.00
8320	1666131303	3600		255.67		  67306881		-999.00
8321	1666134903	3600		255.66		  67306881		-999.00
8322	1666138503	3600		255.88		  67306881		-999.00
8323	1666142103	3600		255.70		  67306881		-999.00
8324	1666145703	3600		255.58		  67306881		-999.00
8325	1666149303	3600		255.82		  67306881		-999.00
8326	1666152903	3600		255.79		  67306881		-999.00
8327	1666156503	3600		261.28		  67306881		-999.00
8328	1666160103	3600		261.34		  67306881		-999.00
8329	1666163703	3600		261.34		  67306881		-999.00
8330	1666167303	3600		261.18		  67306881		-999.00
8331	1665975303	-192000		261.32		  67306881		-999.00
8332	1666170176	1200		265.40		  67306881		-999.00
8333	1666173776	3600		261.00		  67306881		-999.00
8334	1666177376	3600		261.14		  67306881		-999.00
8335	1666180976	3600		261.16		  67306881		-999.00
8336	1666168976	-12000		261.48		  67306881		-999.00
8293	1666185728	1200		265.88		  18621233		1019.00
8293	1666188217	2489		266.02		  19584144		1033.00
8294	1666189417	1200		264.96		  19584144		-999.00
8295	1666193017	3600		261.17		  19584144		-999.00
8296	1666196617	3600		260.94		  19584144		-999.00
8297	1666200217	3600		261.14		  19584144		-999.00
8298	1666203817	3600		261.18		  19584144		-999.00
8299	1666207417	3600		265.07		  19584144		-999.00
8300	1666211017	3600		260.97		  19584144		-999.00
8301	1666214617	3600		261.17		  19584144		-999.00
8302	1666188217	-26400		261.44		  19584144		-999.00
8295	1666217798	1200		268.65		  96033747		1104.00
8295	1666221398	3600		269.74		 130982037		1118.00
8295	1666224998	3600		269.71		 129873633		1111.00
8295	1666228598	3600		269.63		 127249745		1118.00
8295	1666232198	3600		269.78		 132225292		1112.00
8295	1666235798	3600		269.75		 131695844		1112.00
8295	1666239398	3600		269.36		 120823977		1101.00
8295	1666242998	3600		269.04		 113718948		1093.00
8295	1666246598	3600		268.84		 105529536		1096.00
8295	1666250198	3600		268.66		  99591355		1090.00
8295	1666253798	3600		268.31		  91889742		1080.00
8295	1666255729	1931		267.62		  80640573		1001.00
8296	1666256929	1200		260.97		  80640573		-999.00
8297	1666260529	3600		261.16		  80640573		-999.00
8298	1666264129	3600		261.16		  80640573		-999.00
8299	1666255729	-8400		261.20		  80640573		-999.00
8297	1666267485	1200		268.53		  93968538		1106.00
8297	1666271085	3600		269.91		 136022184		1127.00
8297	1666274685	3600		270.10		 142352657		1125.00
8297	1666278285	3600		270.12		 143105694		1128.00
8297	1666281885	3600		270.05		 141901643		1119.00
8297	1666285485	3600		269.72		 132493997		1121.00
8297	1666289085	3600		268.70		 123964200		991.00
8297	1666292685	3600		269.08		 116209575		1093.00
8297	1666296285	3600		268.95		 107929786		1106.00
8297	1666299885	3600		268.65		 102048633		1092.00
8297	1666301187	1302		268.52		  97879491		1100.00
8298	1666302387	1200		264.98		  97879491		-999.00
8299	1666305987	3600		265.62		  97879491		-999.00
8300	1666309587	3600		265.62		  97879491		-999.00
8301	1666313187	3600		265.66		  97879491		-999.00
8302	1666316787	3600		265.65		  97879491		-999.00
8303	1666320387	3600		265.65		  97879491		-999.00
8304	1666323987	3600		265.65		  97879491		-999.00
8305	1666327587	3600		265.39		  97879491		-999.00
8306	1666331187	3600		265.31		  97879491		-999.00
8307	1666334787	3600		265.36		  97879491		-999.00
8308	1666338387	3600		261.08		  97879491		-999.00
8309	1666341987	3600		261.20		  97879491		-999.00
8310	1666301187	-40800		261.58		  97879491		-999.00
8299	1666344733	1200		265.92		  17792972		1044.00
8299	1666344889	156		266.21		  27310647		1044.00
8300	1666346089	1200		265.35		  27310647		-999.00
8301	1666349689	3600		261.19		  27310647		-999.00
8302	1666353289	3600		261.11		  27310647		-999.00
8303	1666356889	3600		261.09		  27310647		-999.00
8304	1666360489	3600		261.14		  27310647		-999.00
8305	1666344889	-15600		261.39		  27310647		-999.00
8301	1666365198	1200		265.91		  19296858		1035.00
8301	1666368798	3600		266.08		  21194672		1047.00
8301	1666372398	3600		266.07		  20805394		1047.00
8301	1666375893	3495		265.49		  17874538		973.00
8302	1666377093	1200		265.71		  17874538		-999.00
8303	1666380693	3600		261.13		  17874538		-999.00
8304	1666384293	3600		261.08		  17874538		-999.00
8305	1666375893	-8400		260.95		  17874538		-999.00
8302	1666385803	1200		268.57		  95381919		1115.00
8302	1666389403	3600		270.13		 145477939		1131.00
8302	1666393003	3600		270.18		 145828726		1136.00
8302	1666396603	3600		270.13		 145536861		1126.00
8302	1666400203	3600		269.86		 136554183		1126.00
8302	1666403803	3600		269.58		 127452184		1120.00
8302	1666407403	3600		269.32		 118667537		1121.00
8302	1666411003	3600		269.02		 111484802		1119.00
8302	1666414603	3600		268.82		 104709888		1115.00
8302	1666418203	3600		268.66		  98712685		1108.00
8302	1666421803	3600		268.45		  93166669		1105.00
8302	1666425403	3600		268.19		  85889273		1103.00
8302	1666429003	3600		268.04		  80798282		1102.00
8302	1666432603	3600		267.65		  75595416		1071.00
8302	1666433336	733		267.42		  66369053		1082.00
8303	1666434536	1200		261.06		  66369053		-999.00
8304	1666438136	3600		261.06		  66369053		-999.00
8305	1666441736	3600		265.57		  66369053		-999.00
8306	1666445336	3600		261.16		  66369053		-999.00
8307	1666433336	-12000		261.06		  66369053		-999.00
8304	1666448469	1200		268.57		  96327926		1124.00
8304	1666452069	3600		270.13		 144358488		1142.00
8304	1666455669	3600		270.07		 142207512		1156.00
8304	1666459269	3600		270.15		 145021644		1151.00
8304	1666462869	3600		270.04		 142492592		1148.00
8304	1666466469	3600		269.89		 134804997		1151.00
8304	1666470069	3600		269.42		 124911365		1134.00
8304	1666471337	1268		269.35		 121266625		1130.00
8305	1666472537	1200		265.51		 121266625		-999.00
8306	1666476137	3600		261.15		 121266625		-999.00
8307	1666479737	3600		261.18		 121266625		-999.00
8308	1666471337	-8400		261.71		 121266625		-999.00
8305	1666481174	1200		268.83		 101819036		1145.00
8305	1666484774	3600		270.17		 145067767		1152.00
8305	1666488374	3600		270.19		 144608213		1160.00
8305	1666491974	3600		270.20		 146264005		1154.00
8305	1666495574	3600		270.07		 141866350		1151.00
8305	1666499174	3600		269.79		 134958652		1153.00
8305	1666502774	3600		269.49		 124773632		1146.00
8305	1666506374	3600		269.26		 117310247		1138.00
8305	1666509974	3600		268.98		 108896391		1141.00
8305	1666513574	3600		268.74		 102421457		1134.00
8305	1666517174	3600		268.62		  97075096		1132.00
8305	1666520774	3600		268.36		  91134205		1126.00
8305	1666524320	3546		267.89		  81338051		1107.00
8306	1666525520	1200		265.57		  81338051		-999.00
8307	1666529120	3600		261.18		  81338051		-999.00
8308	1666524320	-4800		261.10		  81338051		-999.00
8306	1666533319	1200		268.61		  97234979		1147.00
8306	1666536919	3600		270.09		 142056961		1172.00
8306	1666540519	3600		270.11		 142786085		1166.00
8306	1666544119	3600		269.95		 140418738		1159.00
8306	1666547719	3600		269.95		 141367775		1152.00
8306	1666551319	3600		269.82		 135786444		1161.00
8306	1666554919	3600		268.90		 125790584		1043.00
8306	1666558519	3600		269.11		 119299713		1139.00
8306	1666562119	3600		268.97		 110186587		1151.00
8306	1666565719	3600		268.77		 103705889		1152.00
8306	1666569319	3600		268.60		  98018139		1143.00
8306	1666572919	3600		268.42		  91869894		1141.00
8306	1666576519	3600		268.27		  87767801		1139.00
8306	1666579928	3409		267.65		  77405697		1084.00
8307	1666581128	1200		261.17		  77405697		-999.00
8308	1666584728	3600		261.17		  77405697		-999.00
8309	1666588328	3600		261.39		  77405697		-999.00
8310	1666591928	3600		260.99		  77405697		-999.00
8311	1666595528	3600		261.18		  77405697		-999.00
8312	1666599128	3600		261.04		  77405697		-999.00
8313	1666579928	-19200		261.08		  77405697		-999.00
8307	1666600994	1200		266.44		  33125823		1101.00
8307	1666604594	3600		266.74		  40671395		1106.00
8307	1666607820	3226		266.59		  37030230		1102.00
8308	1666609020	1200		265.00		  37030230		-999.00
8309	1666612620	3600		265.36		  37030230		-999.00
8310	1666616220	3600		265.71		  37030230		-999.00
8311	1666619820	3600		260.91		  37030230		-999.00
8312	1666623420	3600		261.06		  37030230		-999.00
8313	1666607820	-15600		261.48		  37030230		-999.00
8309	1666625078	1200		266.02		  23780687		1081.00
8309	1666628678	3600		266.11		  21659242		1097.00
8309	1666632278	3600		266.08		  21802309		1093.00
8309	1666633670	1392		261.20		  21805817		 22.00
8310	1666634870	1200		264.96		  21805817		-999.00
8311	1666638470	3600		261.03		  21805817		-999.00
8312	1666642070	3600		261.09		  21805817		-999.00
8313	1666645670	3600		261.11		  21805817		-999.00
8314	1666633670	-12000		261.01		  21805817		-999.00
8311	1666650175	1200		268.84		 103435266		1176.00
8311	1666653775	3600		270.01		 142347852		1168.00
8311	1666657375	3600		270.11		 141930649		1180.00
8311	1666660975	3600		270.01		 141427185		1175.00
8311	1666664575	3600		270.10		 141517422		1187.00
8311	1666668175	3600		269.90		 137560800		1175.00
8311	1666671775	3600		269.54		 126687904		1168.00
8311	1666675375	3600		268.61		 118770643		1046.00
8311	1666678975	3600		268.96		 110932880		1149.00
8311	1666682575	3600		268.74		 102162805		1159.00
8311	1666686175	3600		268.50		  94083638		1150.00
8311	1666689775	3600		268.15		  89897040		1140.00
8311	1666692480	2705		268.05		  85363489		1138.00
8312	1666693680	1200		260.99		  85363489		-999.00
8313	1666697280	3600		260.83		  85363489		-999.00
8314	1666692480	-4800		261.09		  85363489		-999.00
8312	1666701848	1200		266.88		  45601181		1121.00
8312	1666701972	124		265.51		         0		1121.00
8313	1666703172	1200		265.61		         0		-999.00
8314	1666706772	3600		261.11		         0		-999.00
8315	1666701972	-4800		261.51		         0		-999.00
8313	1666709975	1200		266.73		  45710920		1107.00
8313	1666713575	3600		266.82		  43609524		1120.00
8313	1666717175	3600		266.81		  43374772		1114.00
8313	1666718222	1047		261.11		  42829838		 22.50
8314	1666719422	1200		261.03		  42829838		-999.00
8315	1666723022	3600		261.14		  42829838		-999.00
8316	1666726622	3600		261.07		  42829838		-999.00
8317	1666730222	3600		261.17		  42829838		-999.00
8318	1666718222	-12000		260.99		  42829838		-999.00
8314	1666734892	1200		268.18		  85255273		1160.00
8314	1666738492	3600		269.53		 124107358		1180.00
8314	1666742092	3600		269.44		 123218144		1175.00
8314	1666745692	3600		269.43		 122360065		1178.00
8314	1666749292	3600		269.43		 123323944		1170.00
8314	1666752892	3600		268.78		 113684881		1107.00
8314	1666753347	455		268.56		 102084827		1153.00
8315	1666754547	1200		261.05		 102084827		-999.00
8316	1666758147	3600		261.33		 102084827		-999.00
8317	1666761747	3600		265.45		 102084827		-999.00
8318	1666765347	3600		265.00		 102084827		-999.00
8319	1666768947	3600		265.15		 102084827		-999.00
8320	1666772547	3600		265.15		 102084827		-999.00
8321	1666776147	3600		265.15		 102084827		-999.00
8322	1666779747	3600		265.15		 102084827		-999.00
8323	1666783347	3600		265.15		 102084827		-999.00
8324	1666786947	3600		264.93		 102084827		-999.00
8325	1666790547	3600		265.73		 102084827		-999.00
8326	1666794147	3600		265.33		 102084827		-999.00
8327	1666797747	3600		260.92		 102084827		-999.00
8328	1666801347	3600		261.07		 102084827		-999.00
8329	1666753347	-48000		261.48		 102084827		-999.00
8315	1666803053	1200		269.87		 142647925		1165.00
8315	1666806653	3600		270.02		 142466505		1180.00
8315	1666810253	3600		270.10		 142946137		1197.00
8315	1666813853	3600		270.09		 142651324		1197.00
8315	1666817453	3600		269.98		 139039982		1202.00
8315	1666821053	3600		270.05		 141383586		1197.00
8315	1666824653	3600		269.93		 139446469		1189.00
8315	1666828253	3600		269.53		 126233992		1189.00
8315	1666831853	3600		269.10		 112554472		1182.00
8315	1666835453	3600		269.06		 111433124		1174.00
8315	1666839053	3600		268.84		 105141453		1169.00
8315	1666842653	3600		268.59		  96801953		1168.00
8315	1666846253	3600		268.36		  90372564		1167.00
8315	1666849853	3600		268.23		  85973300		1158.00
8315	1666853453	3600		267.99		  79564696		1161.00
8315	1666857053	3600		267.88		  75847420		1156.00
8315	1666860081	3028		267.14		  65741212		1077.00
8316	1666861281	1200		261.57		  65741212		-999.00
8317	1666864881	3600		261.20		  65741212		-999.00
8318	1666868481	3600		261.15		  65741212		-999.00
8319	1666860081	-8400		261.22		  65741212		-999.00
8316	1666870866	1200		268.96		 107136336		1198.00
8316	1666874466	3600		270.00		 139925787		1205.00
8316	1666878066	3600		270.10		 143323682		1212.00
8316	1666881666	3600		270.08		 141569416		1219.00
8316	1666885266	3600		270.10		 143180940		1216.00
8316	1666885914	648		270.07		 142362349		1215.00
8317	1666887114	1200		265.06		 142362349		-999.00
8318	1666890714	3600		260.95		 142362349		-999.00
8319	1666894314	3600		261.19		 142362349		-999.00
8320	1666885914	-8400		261.80		 142362349		-999.00
8317	1666896545	1200		268.78		 105970121		1184.00
8317	1666900145	3600		270.01		 140706690		1213.00
8317	1666903745	3600		270.11		 142903865		1217.00
8317	1666907345	3600		270.07		 141537347		1209.00
8317	1666910945	3600		270.08		 141761226		1220.00
8317	1666914545	3600		270.06		 141223278		1218.00
8317	1666918145	3600		269.78		 133154098		1206.00
8317	1666921745	3600		269.43		 123913443		1201.00
8317	1666925345	3600		269.12		 113542324		1196.00
8317	1666928945	3600		268.89		 105940873		1194.00
8317	1666932545	3600		268.64		  98255118		1196.00
8317	1666936145	3600		268.46		  93116330		1188.00
8317	1666939745	3600		268.25		  86304294		1181.00
8317	1666943345	3600		267.68		  76720684		1151.00
8317	1666944112	767		267.88		  78251743		1175.00
8318	1666945312	1200		265.02		  78251743		-999.00
8319	1666948912	3600		261.13		  78251743		-999.00
8320	1666952512	3600		261.14		  78251743		-999.00
8321	1666944112	-8400		261.02		  78251743		-999.00
8319	1666955618	1200		269.15		 112728095		1222.00
8319	1666959218	3600		270.02		 140202138		1222.00
8319	1666962818	3600		270.06		 141740196		1228.00
8319	1666966418	3600		269.99		 141512805		1228.00
8319	1666966532	114		270.15		 146615527		1229.00
8320	1666967732	1200		265.22		 146615527		-999.00
8321	1666971332	3600		260.97		 146615527		-999.00
8322	1666974932	3600		261.21		 146615527		-999.00
8323	1666978532	3600		261.16		 146615527		-999.00
8324	1666966532	-12000		261.75		 146615527		-999.00
8320	1666981707	1200		268.71		 106627626		1192.00
8320	1666985307	3600		269.96		 140301847		1230.00
8320	1666988907	3600		270.12		 144587383		1227.00
8320	1666992507	3600		270.06		 142649839		1237.00
8320	1666996107	3600		270.14		 143840555		1241.00
8320	1666999707	3600		269.95		 138849482		1229.00
8320	1667002321	2614		269.67		 129697847		1231.00
8321	1667003521	1200		265.45		 129697847		-999.00
8322	1667007121	3600		265.54		 129697847		-999.00
8323	1667010721	3600		261.07		 129697847		-999.00
8324	1667014321	3600		261.19		 129697847		-999.00
8325	1667002321	-12000		261.78		 129697847		-999.00
8321	1667017362	1200		268.97		 107682694		1227.00
8321	1667020962	3600		269.96		 139293993		1242.00
8321	1667024562	3600		270.03		 141443607		1246.00
8321	1667028162	3600		270.12		 141965363		1247.00
8321	1667031762	3600		270.00		 140498912		1239.00
8321	1667035362	3600		270.02		 141301276		1240.00
8321	1667038962	3600		269.89		 137032289		1240.00
8321	1667042562	3600		269.63		 128240017		1234.00
8321	1667046162	3600		269.30		 118194565		1229.00
8321	1667049762	3600		269.02		 109057055		1222.00
8321	1667053362	3600		268.83		 102721854		1221.00
8321	1667056962	3600		268.52		  95029782		1212.00
8321	1667060562	3600		268.31		  89301996		1214.00
8321	1667064162	3600		268.13		  83300054		1210.00
8321	1667067762	3600		267.68		  74912046		1158.00
8321	1667068580	818		267.36		  64156228		1189.00
8322	1667069780	1200		261.56		  64156228		-999.00
8323	1667073380	3600		260.93		  64156228		-999.00
8324	1667076980	3600		261.20		  64156228		-999.00
8325	1667068580	-8400		261.16		  64156228		-999.00
8322	1667079796	1200		269.59		 133868605		1225.00
8322	1667083396	3600		269.97		 138733266		1255.00
8322	1667086996	3600		270.03		 139309658		1263.00
8322	1667090596	3600		270.08		 142327991		1263.00
8322	1667097796	3600		269.85		 144499764		1227.00
8322	1667101396	3600		269.69		 131579969		1250.00
8322	1667104996	3600		269.78		 133513475		1253.00
8322	1667106692	1696		269.47		 123182399		1249.00
8323	1667107892	1200		261.67		 123182399		-999.00
8324	1667111492	3600		261.05		 123182399		-999.00
8325	1667115092	3600		261.20		 123182399		-999.00
8326	1667118692	3600		261.17		 123182399		-999.00
8327	1667106692	-12000		261.77		 123182399		-999.00
8324	1667121922	1200		268.93		 105643580		1251.00
8324	1667125522	3600		270.03		 139792993		1259.00
8324	1667127843	2321		270.11		 141093460		1265.00
8325	1667129043	1200		265.22		 141093460		-999.00
8326	1667132643	3600		265.40		 141093460		-999.00
8327	1667136243	3600		265.63		 141093460		-999.00
8328	1667139843	3600		265.65		 141093460		-999.00
8329	1667143443	3600		265.70		 141093460		-999.00
8330	1667147043	3600		265.70		 141093460		-999.00
8331	1667150643	3600		265.70		 141093460		-999.00
8332	1667154243	3600		265.70		 141093460		-999.00
8333	1667157843	3600		265.70		 141093460		-999.00
8334	1667161443	3600		265.70		 141093460		-999.00
8335	1667165043	3600		261.22		 141093460		-999.00
8336	1667168643	3600		261.21		 141093460		-999.00
8337	1667172243	3600		261.22		 141093460		-999.00
8338	1667175843	3600		261.19		 141093460		-999.00
8339	1667179443	3600		261.19		 141093460		-999.00
8340	1667127843	-51600		261.84		 141093460		-999.00
8327	1667181293	1200		268.94		 128186891		1116.00
8327	1667184893	3600		269.54		 126842980		1252.00
8327	1667188493	3600		269.87		 140255846		1244.00
8327	1667192093	3600		270.10		 141746773		1267.00
8327	1667195693	3600		270.02		 140249772		1261.00
8327	1667199293	3600		269.90		 140373823		1240.00
8327	1667202893	3600		269.39		 123482723		1243.00
8327	1667203298	405		269.04		 111870556		1247.00
8328	1667204498	1200		261.11		 111870556		-999.00
8329	1667208098	3600		261.56		 111870556		-999.00
8330	1667211698	3600		261.13		 111870556		-999.00
8331	1667215298	3600		261.17		 111870556		-999.00
8332	1667218898	3600		261.17		 111870556		-999.00
8333	1667222498	3600		261.13		 111870556		-999.00
8334	1667226098	3600		260.84		 111870556		-999.00
8335	1667229698	3600		261.21		 111870556		-999.00
8336	1667203298	-26400		261.09		 111870556		-999.00
8330	1667234368	1200		268.87		 103270258		1258.00
8330	1667237968	3600		270.05		 140027632		1275.00
8330	1667241568	3600		269.99		 140800775		1261.00
8330	1667243878	2310		270.02		 140386172		1270.00
8331	1667245078	1200		265.36		 140386172		-999.00
8332	1667248678	3600		265.26		 140386172		-999.00
8333	1667252278	3600		265.53		 140386172		-999.00
8334	1667255878	3600		265.67		 140386172		-999.00
8335	1667259478	3600		260.98		 140386172		-999.00
8336	1667263078	3600		261.20		 140386172		-999.00
8337	1667266678	3600		261.15		 140386172		-999.00
8338	1667270278	3600		261.20		 140386172		-999.00
8339	1667243878	-26400		261.81		 140386172		-999.00
8331	1667274232	1200		268.84		 112140357		1200.00
8331	1667277832	3600		269.98		 138292847		1279.00
8331	1667281432	3600		270.00		 140163086		1268.00
8331	1667285032	3600		270.06		 140837548		1275.00
8331	1667288632	3600		269.89		 135217786		1270.00
8331	1667292232	3600		270.17		 144437348		1274.00
8331	1667295832	3600		269.89		 136315124		1265.00
8331	1667299432	3600		269.54		 125922403		1259.00
8331	1667303032	3600		269.15		 113855055		1246.00
8331	1667306632	3600		269.03		 109579991		1247.00
8331	1667310232	3600		268.74		 100611499		1248.00
8331	1667310913	681		268.54		  94989325		1251.00
8332	1667312113	1200		265.06		  94989325		-999.00
8333	1667315713	3600		260.96		  94989325		-999.00
8334	1667319313	3600		261.19		  94989325		-999.00
8335	1667310913	-8400		261.69		  94989325		-999.00
8333	1667323837	1200		269.16		 112871438		1275.00
8333	1667327437	3600		270.06		 141675703		1281.00
8333	1667331037	3600		270.12		 143545821		1284.00
8333	1667334637	3600		270.21		 143912854		1285.00
8333	1667338237	3600		270.05		 142484378		1275.00
8333	1667341837	3600		270.14		 143097706		1286.00
8333	1667345437	3600		269.91		 137773781		1281.00
8333	1667349037	3600		269.63		 128492300		1267.00
8333	1667352637	3600		269.31		 117706414		1269.00
8333	1667356237	3600		269.04		 110028848		1263.00
8333	1667359837	3600		268.67		 101519273		1252.00
8333	1667363437	3600		268.51		  94024987		1251.00
8333	1667367037	3600		268.34		  88168002		1253.00
8333	1667370637	3600		268.09		  81620545		1242.00
8333	1667374237	3600		267.85		  76042466		1225.00
8333	1667375845	1608		267.56		  63878669		1244.00
8334	1667377045	1200		261.16		  63878669		-999.00
8335	1667380645	3600		261.02		  63878669		-999.00
8336	1667384245	3600		261.17		  63878669		-999.00
8337	1667375845	-8400		261.23		  63878669		-999.00
8334	1667386462	1200		269.90		 142906741		1264.00
8334	1667390062	3600		269.75		 130181188		1300.00
8334	1667393662	3600		270.15		 142094934		1302.00
8334	1667397262	3600		270.13		 141329083		1296.00
8334	1667400862	3600		270.18		 143260045		1310.00
8334	1667404462	3600		270.17		 142587742		1305.00
8334	1667408062	3600		270.22		 144268915		1309.00
8334	1667411662	3600		269.99		 136979812		1302.00
8334	1667415262	3600		269.66		 127793536		1292.00
8334	1667418862	3600		269.39		 118873458		1285.00
8334	1667422462	3600		269.06		 109920436		1278.00
8334	1667426062	3600		268.83		 101881017		1278.00
8334	1667429164	3102		268.64		  95884541		1272.00
8335	1667430364	1200		261.04		  95884541		-999.00
8336	1667433964	3600		261.20		  95884541		-999.00
8337	1667437564	3600		261.16		  95884541		-999.00
8338	1667429164	-8400		261.76		  95884541		-999.00
8335	1667439420	1200		269.09		 107901960		1303.00
8335	1667443020	3600		270.11		 141769959		1312.00
8335	1667446620	3600		270.25		 145005062		1318.00
8335	1667450220	3600		270.22		 142613532		1321.00
8335	1667453820	3600		270.21		 143866467		1316.00
8335	1667457420	3600		270.03		 140821022		1312.00
8335	1667461020	3600		269.74		 129713361		1304.00
8335	1667464620	3600		269.45		 121337408		1299.00
8335	1667467115	2495		269.28		 115770578		1292.00
8336	1667468315	1200		261.06		 115770578		-999.00
8337	1667471915	3600		261.20		 115770578		-999.00
8338	1667475515	3600		261.51		 115770578		-999.00
8339	1667479115	3600		261.04		 115770578		-999.00
8340	1667482715	3600		261.24		 115770578		-999.00
8341	1667486315	3600		261.17		 115770578		-999.00
8342	1667489915	3600		261.15		 115770578		-999.00
8343	1667493515	3600		261.23		 115770578		-999.00
8344	1667497115	3600		261.20		 115770578		-999.00
8345	1667500715	3600		261.21		 115770578		-999.00
8346	1667504315	3600		261.19		 115770578		-999.00
8347	1667467115	-37200		261.37		 115770578		-999.00
8342	1667505704	1200		268.88		 104745476		1298.00
8342	1667509304	3600		270.07		 140530275		1315.00
8342	1667512904	3600		270.23		 145837245		1325.00
8342	1667516504	3600		270.20		 143540517		1327.00
8342	1667520104	3600		270.24		 144908810		1325.00
8342	1667523704	3600		270.14		 142916344		1317.00
8342	1667527304	3600		269.72		 131419369		1319.00
8342	1667530904	3600		269.46		 122912616		1304.00
8342	1667534504	3600		269.18		 113606377		1306.00
8342	1667538104	3600		268.93		 104944766		1295.00
8342	1667540588	2484		268.40		  87701902		1303.00
8343	1667541788	1200		265.49		  87701902		-999.00
8344	1667545388	3600		265.06		  87701902		-999.00
8345	1667548988	3600		261.20		  87701902		-999.00
8346	1667552588	3600		265.43		  87701902		-999.00
8347	1667556188	3600		261.56		  87701902		-999.00
8348	1667559788	3600		265.44		  87701902		-999.00
8349	1667563388	3600		265.68		  87701902		-999.00
8350	1667566988	3600		261.53		  87701902		-999.00
8351	1667570588	3600		261.19		  87701902		-999.00
8352	1667574188	3600		261.23		  87701902		-999.00
8353	1667577788	3600		261.21		  87701902		-999.00
8354	1667581388	3600		261.21		  87701902		-999.00
8355	1667584988	3600		261.20		  87701902		-999.00
8356	1667588588	3600		261.11		  87701902		-999.00
8357	1667592188	3600		261.25		  87701902		-999.00
8358	1667540588	-51600		261.35		  87701902		-999.00
8345	1667596617	1200		268.71		 101095783		1302.00
8345	1667600217	3600		270.16		 141471158		1335.00
8345	1667603817	3600		270.14		 142182518		1325.00
8345	1667607417	3600		270.20		 142975748		1338.00
8345	1667611017	3600		270.03		 140703899		1311.00
8345	1667614617	3600		270.04		 137067160		1331.00
8345	1667616422	1805		269.93		 134817704		1329.00
8346	1667617622	1200		265.40		 134817704		-999.00
8347	1667621222	3600		265.68		 134817704		-999.00
8348	1667624822	3600		265.72		 134817704		-999.00
8349	1667628422	3600		261.07		 134817704		-999.00
8350	1667632022	3600		261.22		 134817704		-999.00
8351	1667616422	-15600		261.89		 134817704		-999.00
8347	1667634638	1200		268.72		  96500519		1318.00
8347	1667638238	3600		270.08		 138973266		1337.00
8347	1667641838	3600		270.18		 142276987		1338.00
8347	1667645438	3600		270.09		 140587444		1330.00
8347	1667649038	3600		270.16		 141638415		1336.00
8347	1667652638	3600		270.03		 138467074		1334.00
8347	1667656238	3600		269.67		 128230919		1316.00
8347	1667659838	3600		269.36		 117714523		1322.00
8347	1667663438	3600		268.60		 104172167		1248.00
8347	1667663961	523		268.40		  93573833		1289.00
8348	1667665161	1200		257.23		  93573833		-999.00
8349	1667668761	3600		255.68		  93573833		-999.00
8350	1667672361	3600		255.59		  93573833		-999.00
8351	1667675961	3600		255.72		  93573833		-999.00
8352	1667679561	3600		255.75		  93573833		-999.00
8353	1667683161	3600		255.84		  93573833		-999.00
8354	1667686761	3600		255.78		  93573833		-999.00
8355	1667690361	3600		255.84		  93573833		-999.00
8356	1667693961	3600		255.83		  93573833		-999.00
8357	1667697561	3600		255.77		  93573833		-999.00
8358	1667701161	3600		255.82		  93573833		-999.00
8359	1667704761	3600		255.89		  93573833		-999.00
8360	1667708361	3600		255.83		  93573833		-999.00
8361	1667711961	3600		255.78		  93573833		-999.00
8362	1667715561	3600		255.80		  93573833		-999.00
8363	1667719161	3600		255.89		  93573833		-999.00
8364	1667722761	3600		255.88		  93573833		-999.00
8365	1667726361	3600		255.82		  93573833		-999.00
8366	1667729961	3600		255.96		  93573833		-999.00
8367	1667733561	3600		255.85		  93573833		-999.00
8368	1667737161	3600		255.70		  93573833		-999.00
8369	1667740761	3600		255.85		  93573833		-999.00
8370	1667744361	3600		256.02		  93573833		-999.00
8371	1667747961	3600		255.75		  93573833		-999.00
8372	1667751561	3600		255.72		  93573833		-999.00
8373	1667755161	3600		255.96		  93573833		-999.00
8374	1667758761	3600		255.83		  93573833		-999.00
8375	1667762361	3600		255.64		  93573833		-999.00
8376	1667765961	3600		255.88		  93573833		-999.00
8377	1667769561	3600		255.81		  93573833		-999.00
8378	1667773161	3600		255.70		  93573833		-999.00
8379	1667776761	3600		255.84		  93573833		-999.00
8380	1667780361	3600		255.79		  93573833		-999.00
8381	1667783961	3600		255.77		  93573833		-999.00
8382	1667787561	3600		255.69		  93573833		-999.00
8383	1667791161	3600		255.99		  93573833		-999.00
8384	1667794761	3600		255.83		  93573833		-999.00
8385	1667798361	3600		255.78		  93573833		-999.00
8386	1667801961	3600		255.87		  93573833		-999.00
8387	1667805561	3600		255.83		  93573833		-999.00
8388	1667809161	3600		255.81		  93573833		-999.00
8389	1667812761	3600		255.67		  93573833		-999.00
8390	1667816361	3600		255.89		  93573833		-999.00
8391	1667819961	3600		255.77		  93573833		-999.00
8392	1667823561	3600		255.85		  93573833		-999.00
8393	1667827161	3600		255.82		  93573833		-999.00
8394	1667830761	3600		255.65		  93573833		-999.00
8395	1667834361	3600		255.77		  93573833		-999.00
8396	1667837961	3600		255.88		  93573833		-999.00
8397	1667841561	3600		255.70		  93573833		-999.00
8398	1667845161	3600		255.68		  93573833		-999.00
8399	1667848761	3600		255.97		  93573833		-999.00
8400	1667852361	3600		255.67		  93573833		-999.00
8401	1667855961	3600		255.68		  93573833		-999.00
8402	1667859561	3600		255.98		  93573833		-999.00
8403	1667863161	3600		255.81		  93573833		-999.00
8404	1667866761	3600		255.70		  93573833		-999.00
8405	1667870361	3600		255.89		  93573833		-999.00
8406	1667873961	3600		255.87		  93573833		-999.00
8407	1667877561	3600		255.73		  93573833		-999.00
8408	1667881161	3600		255.95		  93573833		-999.00
8409	1667884761	3600		255.75		  93573833		-999.00
8410	1667888361	3600		255.72		  93573833		-999.00
8411	1667891961	3600		255.94		  93573833		-999.00
8412	1667895561	3600		255.64		  93573833		-999.00
8413	1667899161	3600		255.78		  93573833		-999.00
8414	1667902761	3600		255.73		  93573833		-999.00
8415	1667906361	3600		255.68		  93573833		-999.00
8416	1667909961	3600		255.76		  93573833		-999.00
8417	1667913561	3600		255.87		  93573833		-999.00
8418	1667917161	3600		255.79		  93573833		-999.00
8419	1667920761	3600		255.97		  93573833		-999.00
8420	1667924361	3600		255.81		  93573833		-999.00
8421	1667927961	3600		255.86		  93573833		-999.00
8422	1667931561	3600		255.85		  93573833		-999.00
8423	1667935161	3600		255.75		  93573833		-999.00
8424	1667938761	3600		255.79		  93573833		-999.00
8425	1667942361	3600		255.86		  93573833		-999.00
8426	1667945961	3600		255.68		  93573833		-999.00
8427	1667949561	3600		255.88		  93573833		-999.00
8428	1667953161	3600		255.87		  93573833		-999.00
8429	1667956761	3600		255.70		  93573833		-999.00
8430	1667960361	3600		255.97		  93573833		-999.00
8431	1667963961	3600		255.71		  93573833		-999.00
8432	1667967561	3600		255.70		  93573833		-999.00
8433	1667971161	3600		255.83		  93573833		-999.00
8434	1667974761	3600		255.72		  93573833		-999.00
8435	1667978361	3600		261.42		  93573833		-999.00
8436	1667981961	3600		261.23		  93573833		-999.00
8437	1667985561	3600		261.29		  93573833		-999.00
8438	1667989161	3600		261.20		  93573833		-999.00
8439	1667992761	3600		261.27		  93573833		-999.00
8440	1667996361	3600		261.32		  93573833		-999.00
8441	1667999961	3600		261.31		  93573833		-999.00
8442	1668003561	3600		261.32		  93573833		-999.00
8443	1668007161	3600		261.28		  93573833		-999.00
8444	1668010761	3600		261.31		  93573833		-999.00
8445	1668014361	3600		261.31		  93573833		-999.00
8446	1668017961	3600		261.32		  93573833		-999.00
8447	1668021561	3600		261.31		  93573833		-999.00
8448	1668025161	3600		261.31		  93573833		-999.00
8449	1668028761	3600		261.22		  93573833		-999.00
8450	1668032361	3600		261.30		  93573833		-999.00
8451	1667663961	-368400		261.39		  93573833		-999.00
8379	1668036350	1200		265.30		     45994		1212.00
8379	1668039950	3600		265.46		     44842		1235.00
8379	1668043550	3600		265.46		     44977		1223.00
8379	1668047150	3600		265.46		     45433		1224.00
8379	1668050750	3600		265.41		     37584		1220.00
8379	1668054350	3600		265.45		     37872		1231.00
8379	1668057950	3600		265.45		     37230		1222.00
8379	1668061550	3600		265.29		     37347		1195.00
8379	1668065150	3600		265.44		     46846		1219.00
8379	1668068750	3600		265.44		     46920		1216.00
8379	1668072350	3600		265.28		     47848		1204.00
8379	1668075950	3600		265.44		     47441		1213.00
8379	1668079550	3600		265.47		     48314		1212.00
8379	1668083150	3600		265.28		     48166		1196.00
8379	1668086750	3600		265.44		     48745		1215.00
8379	1668090350	3600		265.44		     48789		1217.00
8379	1668093950	3600		265.47		     49521		1210.00
8379	1668095276	1326		265.47		     49677		1212.00
8380	1668096476	1200		261.11		     49677		-999.00
8381	1668100076	3600		261.29		     49677		-999.00
8382	1668103676	3600		261.15		     49677		-999.00
8383	1668095276	-8400		261.70		     49677		-999.00
8381	1668106308	1200		265.32		    133971		1197.00
8381	1668109908	3600		265.42		    134217		1176.00
8381	1668113508	3600		265.42		    133043		1221.00
8381	1668117108	3600		265.49		    133980		1223.00
8381	1668120708	3600		265.40		     87200		1209.00
8381	1668124308	3600		265.60		     55945		1269.00
8381	1668127908	3600		265.47		     55634		1219.00
8381	1668131508	3600		265.34		    120967		1211.00
8381	1668135108	3600		265.46		    138496		1220.00
8381	1668138708	3600		265.46		    140150		1217.00
8381	1668142308	3600		265.46		    140941		1220.00
8381	1668145908	3600		265.46		    141087		1185.00
8381	1668149508	3600		265.76		     77270		1267.00
8381	1668153108	3600		265.45		     78437		1202.00
8381	1668156708	3600		265.12		     63812		1150.00
8381	1668160308	3600		265.79		     50968		1288.00
8381	1668163908	3600		265.85		     66306		1287.00
8381	1668167508	3600		265.43		     88309		1209.00
8381	1668171108	3600		265.28		    140638		1176.00
8381	1668174708	3600		265.47		    140986		1206.00
8381	1668178308	3600		265.56		    142531		1217.00
8381	1668181908	3600		265.33		    141276		1196.00
8381	1668185508	3600		265.45		    141153		1208.00
8381	1668189108	3600		265.46		    140094		1201.00
8381	1668189727	619		265.46		    142587		1208.00
8382	1668190927	1200		261.42		    142587		-999.00
8383	1668194527	3600		261.30		    142587		-999.00
8384	1668198127	3600		261.30		    142587		-999.00
8385	1668189727	-8400		261.59		    142587		-999.00
8383	1668202010	1200		266.32		  28147929		1226.00
8383	1668205610	3600		266.32		  27958005		1228.00
8383	1668209060	3450		266.36		  28114506		1228.00
8384	1668210260	1200		265.75		  28114506		-999.00
8385	1668213860	3600		261.21		  28114506		-999.00
8386	1668217460	3600		261.19		  28114506		-999.00
8387	1668209060	-8400		261.40		  28114506		-999.00
8385	1668219996	1200		268.59		  99822096		1273.00
8385	1668223596	3600		268.62		  95381443		1281.00
8385	1668227196	3600		267.75		  80830394		1199.00
8385	1668230796	3600		266.09		  13258279		1286.00
8385	1668234396	3600		268.85		 104905850		1289.00
8385	1668237996	3600		269.04		 108964231		1295.00
8385	1668241596	3600		269.01		 107854186		1305.00
8385	1668245196	3600		268.92		 104875246		1291.00
8385	1668248796	3600		268.69		  97425210		1290.00
8385	1668252396	3600		268.46		  90672035		1291.00
8385	1668255996	3600		268.20		  84526955		1283.00
8385	1668259596	3600		268.03		  78856432		1278.00
8385	1668262158	2562		267.60		  68235321		1263.00
8386	1668263358	1200		260.81		  68235321		-999.00
8387	1668266958	3600		261.19		  68235321		-999.00
8388	1668270558	3600		261.19		  68235321		-999.00
8389	1668262158	-8400		261.17		  68235321		-999.00
8387	1668273044	1200		269.08		 108326694		1324.00
8387	1668276644	3600		270.15		 141290658		1334.00
8387	1668280244	3600		270.23		 142972870		1340.00
8387	1668283844	3600		270.21		 143405258		1339.00
8387	1668287444	3600		270.16		 143265055		1336.00
8387	1668291044	3600		270.31		 145756909		1348.00
8387	1668294644	3600		270.02		 139894381		1332.00
8387	1668298244	3600		269.73		 130080141		1330.00
8387	1668301844	3600		269.35		 118895703		1325.00
8387	1668305444	3600		269.13		 111361232		1313.00
8387	1668309044	3600		268.87		 102724830		1311.00
8387	1668312644	3600		268.42		  88976744		1306.00
8387	1668316244	3600		268.28		  84461942		1306.00
8387	1668319844	3600		268.08		  78740233		1301.00
8387	1668323444	3600		267.91		  74445022		1299.00
8387	1668326876	3432		267.68		  69762446		1293.00
8388	1668328076	1200		261.06		  69762446		-999.00
8389	1668331676	3600		261.24		  69762446		-999.00
8390	1668335276	3600		261.56		  69762446		-999.00
8391	1668338876	3600		261.09		  69762446		-999.00
8392	1668342476	3600		261.22		  69762446		-999.00
8393	1668326876	-15600		261.09		  69762446		-999.00
8389	1668346545	1200		269.02		 107833685		1339.00
8389	1668350145	3600		270.08		 141326247		1349.00
8389	1668353745	3600		269.88		 143776324		1253.00
8389	1668356676	2931		270.16		 144072419		1354.00
8390	1668357876	1200		265.31		 144072419		-999.00
8391	1668361476	3600		265.54		 144072419		-999.00
8392	1668365076	3600		265.68		 144072419		-999.00
8393	1668368676	3600		265.72		 144072419		-999.00
8394	1668372276	3600		265.72		 144072419		-999.00
8395	1668375876	3600		265.73		 144072419		-999.00
8396	1668379476	3600		265.74		 144072419		-999.00
8397	1668383076	3600		265.74		 144072419		-999.00
8398	1668386676	3600		265.74		 144072419		-999.00
8399	1668390276	3600		265.74		 144072419		-999.00
8400	1668393876	3600		265.74		 144072419		-999.00
8401	1668397476	3600		265.74		 144072419		-999.00
8402	1668401076	3600		265.74		 144072419		-999.00
8403	1668404676	3600		261.22		 144072419		-999.00
8404	1668408276	3600		261.31		 144072419		-999.00
8405	1668356676	-51600		261.84		 144072419		-999.00
8406	1668412935	1200		265.81		 144072419		-999.00
8407	1668416535	3600		265.28		 144072419		-999.00
8408	1668420135	3600		265.85		 144072419		-999.00
8409	1668423735	3600		265.10		 144072419		-999.00
8410	1668427335	3600		265.75		 144072419		-999.00
8411	1668430935	3600		261.22		 144072419		-999.00
8412	1668434535	3600		261.23		 144072419		-999.00
8413	1668411735	-22800		261.57		 144072419		-999.00
8395	1668439196	1200		268.76		  98276817		1338.00
8395	1668442796	3600		270.17		 142001557		1351.00
8395	1668446396	3600		270.26		 143091589		1359.00
8395	1668449996	3600		270.15		 141851840		1354.00
8395	1668453596	3600		269.66		 143362788		1220.00
8395	1668457196	3600		270.17		 141890493		1356.00
8395	1668460796	3600		269.75		 133873350		1334.00
8395	1668464396	3600		269.42		 124303009		1328.00
8395	1668467996	3600		269.26		 115673426		1331.00
8395	1668471596	3600		268.99		 106623669		1328.00
8395	1668475196	3600		268.76		 100199413		1326.00
8395	1668478796	3600		268.52		  93462559		1319.00
8395	1668482396	3600		268.36		  89088716		1317.00
8395	1668485996	3600		268.05		  81425401		1304.00
8395	1668487150	1154		267.53		  65355493		1304.00
8396	1668488350	1200		261.16		  65355493		-999.00
8397	1668491950	3600		260.99		  65355493		-999.00
8398	1668495550	3600		261.26		  65355493		-999.00
8399	1668499150	3600		261.26		  65355493		-999.00
8400	1668502750	3600		261.26		  65355493		-999.00
8401	1668506350	3600		261.25		  65355493		-999.00
8402	1668487150	-19200		261.28		  65355493		-999.00
8398	1668507721	1200		269.71		 137809584		1331.00
8398	1668511321	3600		270.32		 146599270		1371.00
8398	1668514921	3600		270.18		 144224405		1359.00
8398	1668518521	3600		270.20		 143508684		1375.00
8398	1668522121	3600		270.23		 144713238		1358.00
8398	1668525721	3600		270.08		 139509481		1367.00
8398	1668529321	3600		269.75		 131023897		1354.00
8398	1668532921	3600		269.37		 119641415		1356.00
8398	1668536521	3600		269.08		 109988121		1343.00
8398	1668540121	3600		268.84		 101980027		1338.00
8398	1668543721	3600		268.58		  94735935		1331.00
8398	1668547113	3392		268.44		  89980503		1329.00
8399	1668548313	1200		265.12		  89980503		-999.00
8400	1668551913	3600		261.25		  89980503		-999.00
8401	1668555513	3600		261.25		  89980503		-999.00
8402	1668547113	-8400		261.74		  89980503		-999.00
8399	1668559005	1200		268.86		 102175737		1357.00
8399	1668562605	3600		269.94		 139771527		1362.00
8399	1668566205	3600		270.02		 140473067		1366.00
8399	1668569805	3600		270.14		 142060884		1382.00
8399	1668573405	3600		270.15		 142466249		1378.00
8399	1668577005	3600		270.11		 141252536		1380.00
8399	1668580605	3600		270.06		 139678710		1381.00
8399	1668584205	3600		269.78		 130091197		1369.00
8399	1668585618	1413		269.54		 123672182		1366.00
8400	1668586818	1200		265.37		 123672182		-999.00
8401	1668590418	3600		265.44		 123672182		-999.00
8402	1668594018	3600		265.66		 123672182		-999.00
8403	1668597618	3600		261.23		 123672182		-999.00
8404	1668585618	-12000		261.83		 123672182		-999.00
8401	1668602285	1200		269.09		 109170240		1378.00
8401	1668605885	3600		270.14		 140460086		1386.00
8401	1668609485	3600		270.14		 141567351		1379.00
8401	1668613085	3600		270.13		 140115086		1393.00
8401	1668616685	3600		270.09		 140033780		1385.00
8401	1668620285	3600		269.95		 141265124		1374.00
8401	1668623885	3600		269.98		 139412458		1381.00
8401	1668627485	3600		269.68		 128121731		1381.00
8401	1668631085	3600		269.40		 120165070		1376.00
8401	1668634685	3600		269.13		 111151688		1369.00
8401	1668638285	3600		268.88		 104096639		1356.00
8401	1668640282	1997		268.32		  85661162		1359.00
8402	1668641482	1200		265.61		  85661162		-999.00
8403	1668645082	3600		261.24		  85661162		-999.00
8404	1668640282	-4800		261.37		  85661162		-999.00
8402	1668649282	1200		269.13		 109426130		1377.00
8402	1668652882	3600		270.07		 141395952		1386.00
8402	1668656482	3600		270.03		 140338020		1389.00
8402	1668660082	3600		270.18		 142667974		1403.00
8402	1668663682	3600		270.12		 142380246		1389.00
8402	1668667282	3600		270.18		 142364048		1406.00
8402	1668670882	3600		270.08		 140950710		1394.00
8402	1668674482	3600		269.83		 131751519		1392.00
8402	1668676916	2434		269.23		 111897294		1392.00
8403	1668678116	1200		261.18		 111897294		-999.00
8404	1668681716	3600		261.24		 111897294		-999.00
8405	1668685316	3600		261.27		 111897294		-999.00
8406	1668688916	3600		261.25		 111897294		-999.00
8407	1668692516	3600		261.24		 111897294		-999.00
8408	1668696116	3600		261.25		 111897294		-999.00
8409	1668699716	3600		261.18		 111897294		-999.00
8410	1668703316	3600		261.04		 111897294		-999.00
8411	1668706916	3600		261.26		 111897294		-999.00
8412	1668710516	3600		261.22		 111897294		-999.00
8413	1668714116	3600		261.21		 111897294		-999.00
8414	1668717716	3600		261.25		 111897294		-999.00
8415	1668721316	3600		261.25		 111897294		-999.00
8416	1668724916	3600		261.25		 111897294		-999.00
8417	1668728516	3600		261.22		 111897294		-999.00
8418	1668732116	3600		261.25		 111897294		-999.00
8419	1668735716	3600		261.24		 111897294		-999.00
8420	1668739316	3600		261.19		 111897294		-999.00
8421	1668742916	3600		261.22		 111897294		-999.00
8422	1668746516	3600		265.81		 111897294		-999.00
8423	1668750116	3600		265.77		 111897294		-999.00
8424	1668753716	3600		265.75		 111897294		-999.00
8425	1668757316	3600		265.74		 111897294		-999.00
8426	1668760916	3600		265.85		 111897294		-999.00
8427	1668764516	3600		265.83		 111897294		-999.00
8428	1668768116	3600		265.79		 111897294		-999.00
8429	1668771716	3600		261.19		 111897294		-999.00
8430	1668775316	3600		261.22		 111897294		-999.00
8431	1668778916	3600		261.15		 111897294		-999.00
8432	1668782516	3600		261.21		 111897294		-999.00
8433	1668676916	-105600		261.32		 111897294		-999.00
8412	1668783861	1200		265.57		         0		1347.00
8412	1668787461	3600		265.81		         0		1373.00
8412	1668791061	3600		265.81		         0		1373.00
8412	1668791849	788		261.35		         0		 22.50
8413	1668793049	1200		261.18		         0		-999.00
8414	1668796649	3600		261.26		         0		-999.00
8415	1668800249	3600		261.24		         0		-999.00
8416	1668803849	3600		261.24		         0		-999.00
8417	1668791849	-12000		261.11		         0		-999.00
8413	1668807408	1200		265.68		         0		1355.00
8413	1668811008	3600		265.85		         0		1374.00
8413	1668814608	3600		265.84		         0		1367.00
8413	1668818208	3600		265.87		         0		1371.00
8413	1668821808	3600		265.83		         0		1366.00
8413	1668825408	3600		265.82		         0		1363.00
8413	1668829008	3600		265.85		         0		1363.00
8413	1668832608	3600		265.85		         0		1357.00
8413	1668836208	3600		265.75		         0		1354.00
8413	1668839491	3283		265.79		         0		1350.00
8414	1668840691	1200		261.25		         0		-999.00
8415	1668844291	3600		261.28		         0		-999.00
8416	1668847891	3600		261.27		         0		-999.00
8417	1668851491	3600		261.27		         0		-999.00
8418	1668855091	3600		261.27		         0		-999.00
8419	1668858691	3600		261.27		         0		-999.00
8420	1668862291	3600		261.16		         0		-999.00
8421	1668865891	3600		261.27		         0		-999.00
8422	1668869491	3600		261.22		         0		-999.00
8423	1668873091	3600		261.23		         0		-999.00
8424	1668876691	3600		261.24		         0		-999.00
8425	1668880291	3600		261.23		         0		-999.00
8426	1668883891	3600		261.27		         0		-999.00
8427	1668887491	3600		261.28		         0		-999.00
8428	1668891091	3600		261.19		         0		-999.00
8429	1668894691	3600		261.22		         0		-999.00
8430	1668898291	3600		261.22		         0		-999.00
8431	1668901891	3600		261.22		         0		-999.00
8432	1668905491	3600		261.22		         0		-999.00
8433	1668909091	3600		261.24		         0		-999.00
8434	1668912691	3600		261.22		         0		-999.00
8435	1668916291	3600		261.25		         0		-999.00
8436	1668919891	3600		261.25		         0		-999.00
8437	1668923491	3600		261.25		         0		-999.00
8438	1668927091	3600		261.24		         0		-999.00
8439	1668930691	3600		261.25		         0		-999.00
8440	1668934291	3600		261.28		         0		-999.00
8441	1668937891	3600		261.28		         0		-999.00
8442	1668941491	3600		261.26		         0		-999.00
8443	1668945091	3600		261.25		         0		-999.00
8444	1668948691	3600		261.28		         0		-999.00
8445	1668952291	3600		261.24		         0		-999.00
8446	1668955891	3600		261.24		         0		-999.00
8447	1668959491	3600		261.24		         0		-999.00
8448	1668963091	3600		261.24		         0		-999.00
8449	1668966691	3600		261.25		         0		-999.00
8450	1668970291	3600		261.18		         0		-999.00
8451	1668973891	3600		261.22		         0		-999.00
8452	1668977491	3600		261.27		         0		-999.00
8453	1668981091	3600		261.27		         0		-999.00
8454	1668984691	3600		261.21		         0		-999.00
8455	1668988291	3600		261.21		         0		-999.00
8456	1668991891	3600		261.25		         0		-999.00
8457	1668995491	3600		261.25		         0		-999.00
8458	1668999091	3600		261.25		         0		-999.00
8459	1669002691	3600		261.25		         0		-999.00
8460	1669006291	3600		261.25		         0		-999.00
8461	1669009891	3600		261.25		         0		-999.00
8462	1669013491	3600		261.25		         0		-999.00
8463	1669017091	3600		261.25		         0		-999.00
8464	1669020691	3600		261.26		         0		-999.00
8465	1669024291	3600		261.28		         0		-999.00
8466	1668839491	-184800		261.30		         0		-999.00
8456	1669027950	1200		269.90		 159711033		1233.00
8456	1669031550	3600		270.05		 140522194		1383.00
8456	1669035150	3600		271.21		 172616060		1422.00
8456	1669038750	3600		270.84		 170606125		1375.00
8456	1669042350	3600		270.14		 141046002		1399.00
8456	1669045950	3600		270.17		 142189593		1396.00
8456	1669049550	3600		270.13		 140633215		1393.00
8456	1669053150	3600		269.97		 135467065		1391.00
8456	1669056750	3600		269.56		 125665782		1381.00
8456	1669060350	3600		269.30		 116830163		1372.00
8456	1669063950	3600		269.07		 109243213		1374.00
8456	1669067550	3600		268.80		 101270589		1364.00
8456	1669069541	1991		268.68		  97488888		1364.00
8457	1669070741	1200		265.55		  97488888		-999.00
8458	1669074341	3600		261.03		  97488888		-999.00
8459	1669077941	3600		261.10		  97488888		-999.00
8460	1669081541	3600		261.25		  97488888		-999.00
8461	1669085141	3600		261.25		  97488888		-999.00
8462	1669088741	3600		255.90		  97488888		-999.00
8463	1669092341	3600		255.54		  97488888		-999.00
8464	1669095941	3600		255.68		  97488888		-999.00
8465	1669099541	3600		255.81		  97488888		-999.00
8466	1669103141	3600		255.72		  97488888		-999.00
8467	1669106741	3600		255.80		  97488888		-999.00
8468	1669110341	3600		255.94		  97488888		-999.00
8469	1669113941	3600		255.93		  97488888		-999.00
8470	1669117541	3600		255.62		  97488888		-999.00
8471	1669121141	3600		255.72		  97488888		-999.00
8472	1669124741	3600		255.84		  97488888		-999.00
8473	1669128341	3600		255.73		  97488888		-999.00
8474	1669131941	3600		255.68		  97488888		-999.00
8475	1669135541	3600		255.84		  97488888		-999.00
8476	1669139141	3600		255.82		  97488888		-999.00
8477	1669142741	3600		255.71		  97488888		-999.00
8478	1669146341	3600		255.80		  97488888		-999.00
8479	1669149941	3600		255.81		  97488888		-999.00
8480	1669153541	3600		255.84		  97488888		-999.00
8481	1669157141	3600		255.99		  97488888		-999.00
8482	1669160741	3600		255.72		  97488888		-999.00
8483	1669164341	3600		255.73		  97488888		-999.00
8484	1669167941	3600		255.76		  97488888		-999.00
8485	1669171541	3600		255.76		  97488888		-999.00
8486	1669175141	3600		255.80		  97488888		-999.00
8487	1669178741	3600		255.99		  97488888		-999.00
8488	1669182341	3600		255.70		  97488888		-999.00
8489	1669185941	3600		260.43		  97488888		-999.00
8490	1669189541	3600		265.37		  97488888		-999.00
8491	1669193141	3600		261.44		  97488888		-999.00
8492	1669196741	3600		265.56		  97488888		-999.00
8493	1669200341	3600		265.72		  97488888		-999.00
8494	1669203941	3600		261.16		  97488888		-999.00
8495	1669207541	3600		261.26		  97488888		-999.00
8496	1669211141	3600		261.20		  97488888		-999.00
8497	1669214741	3600		261.24		  97488888		-999.00
8498	1669218341	3600		261.17		  97488888		-999.00
8499	1669221941	3600		261.26		  97488888		-999.00
8500	1669225541	3600		261.26		  97488888		-999.00
8501	1669229141	3600		261.08		  97488888		-999.00
8502	1669232741	3600		261.18		  97488888		-999.00
8503	1669069541	-163200		261.76		  97488888		-999.00
8471	1669234735	1200		269.36		 118978442		1391.00
8471	1669237837	3102		270.08		 140395056		1404.00
8472	1669239037	1200		265.56		 140395056		-999.00
8473	1669242637	3600		265.83		 140395056		-999.00
8474	1669246237	3600		265.83		 140395056		-999.00
8475	1669249837	3600		265.83		 140395056		-999.00
8476	1669253437	3600		261.44		 140395056		-999.00
8477	1669257037	3600		261.14		 140395056		-999.00
8478	1669260637	3600		261.24		 140395056		-999.00
8479	1669264237	3600		261.24		 140395056		-999.00
8480	1669267837	3600		261.25		 140395056		-999.00
8481	1669237837	-30000		261.91		 140395056		-999.00
8474	1669269085	1200		269.35		 122485272		1371.00
8474	1669272685	3600		270.49		 150785679		1417.00
8474	1669276285	3600		270.76		 158309363		1425.00
8474	1669279885	3600		270.69		 157463161		1418.00
8474	1669283485	3600		270.74		 158536952		1427.00
8474	1669287085	3600		270.68		 157877721		1417.00
8474	1669290685	3600		270.37		 148703602		1415.00
8474	1669294285	3600		269.79		 133804921		1398.00
8474	1669296834	2549		269.26		 115857489		1394.00
8475	1669298034	1200		261.08		 115857489		-999.00
8476	1669301634	3600		261.44		 115857489		-999.00
8477	1669305234	3600		261.29		 115857489		-999.00
8478	1669308834	3600		261.02		 115857489		-999.00
8479	1669312434	3600		261.25		 115857489		-999.00
8480	1669316034	3600		261.25		 115857489		-999.00
8481	1669296834	-19200		261.18		 115857489		-999.00
8479	1669320799	1200		265.59		    142804		1335.00
8479	1669324399	3600		265.43		    176055		1292.00
8479	1669327418	3019		265.25		    135355		1270.00
8480	1669328618	1200		261.06		    135355		-999.00
8481	1669332218	3600		261.25		    135355		-999.00
8482	1669335818	3600		261.18		    135355		-999.00
8483	1669339418	3600		261.26		    135355		-999.00
8484	1669343018	3600		261.25		    135355		-999.00
8485	1669346618	3600		261.19		    135355		-999.00
8486	1669350218	3600		261.24		    135355		-999.00
8487	1669353818	3600		261.26		    135355		-999.00
8488	1669357418	3600		261.26		    135355		-999.00
8489	1669327418	-30000		261.26		    135355		-999.00
8484	1669360340	1200		268.89		 103306837		1395.00
8484	1669363940	3600		270.04		 138805290		1422.00
8484	1669367540	3600		270.24		 144708171		1418.00
8484	1669371140	3600		270.33		 147855689		1421.00
8484	1669374740	3600		270.19		 141985511		1422.00
8484	1669378340	3600		270.14		 143110994		1409.00
8484	1669380582	2242		269.92		 134606202		1410.00
8485	1669381782	1200		265.21		 134606202		-999.00
8486	1669385382	3600		265.74		 134606202		-999.00
8487	1669388982	3600		265.27		 134606202		-999.00
8488	1669392582	3600		265.75		 134606202		-999.00
8489	1669396182	3600		261.29		 134606202		-999.00
8490	1669399782	3600		261.27		 134606202		-999.00
8491	1669403382	3600		261.26		 134606202		-999.00
8492	1669406982	3600		261.26		 134606202		-999.00
8493	1669410582	3600		261.22		 134606202		-999.00
8494	1669414182	3600		261.06		 134606202		-999.00
8495	1669417782	3600		261.25		 134606202		-999.00
8496	1669380582	-37200		261.88		 134606202		-999.00
8489	1669420850	1200		269.09		 107284178		1412.00
8489	1669424450	3600		270.00		 137447528		1417.00
8489	1669428050	3600		270.02		 139794858		1410.00
8489	1669431650	3600		270.04		 137994377		1413.00
8489	1669435250	3600		270.07		 139007605		1424.00
8489	1669438850	3600		270.02		 137401320		1422.00
8489	1669442450	3600		269.98		 135948640		1415.00
8489	1669446050	3600		269.66		 128026974		1412.00
8489	1669449650	3600		269.39		 117635981		1409.00
8489	1669453250	3600		269.08		 109957686		1404.00
8489	1669456850	3600		268.84		 101687379		1396.00
8489	1669460450	3600		268.62		  95244457		1393.00
8489	1669464050	3600		268.42		  88743840		1388.00
8489	1669467650	3600		268.27		  83758967		1379.00
8489	1669471250	3600		268.09		  78765191		1378.00
8489	1669474850	3600		267.75		  72664494		1355.00
8489	1669477106	2256		267.66		  64763517		1370.00
8490	1669478306	1200		261.24		  64763517		-999.00
8491	1669481906	3600		261.18		  64763517		-999.00
8492	1669485506	3600		261.26		  64763517		-999.00
8493	1669489106	3600		261.26		  64763517		-999.00
8494	1669492706	3600		261.28		  64763517		-999.00
8495	1669496306	3600		261.28		  64763517		-999.00
8496	1669477106	-19200		261.20		  64763517		-999.00
8491	1669501085	1200		269.18		 111765011		1429.00
8491	1669504685	3600		269.97		 135480539		1432.00
8491	1669508285	3600		269.94		 135830376		1429.00
8491	1669511885	3600		270.06		 138315260		1441.00
8491	1669515485	3600		270.00		 136558725		1436.00
8491	1669519085	3600		270.06		 138464343		1435.00
8491	1669522685	3600		270.06		 138424770		1441.00
8491	1669526285	3600		269.91		 135803606		1425.00
8491	1669529885	3600		269.53		 123280087		1428.00
8491	1669532087	2202		269.38		 118380495		1425.00
8492	1669533287	1200		261.41		 118380495		-999.00
8493	1669536887	3600		265.58		 118380495		-999.00
8494	1669540487	3600		265.74		 118380495		-999.00
8495	1669544087	3600		265.74		 118380495		-999.00
8496	1669547687	3600		261.20		 118380495		-999.00
8497	1669551287	3600		261.28		 118380495		-999.00
8498	1669554887	3600		261.25		 118380495		-999.00
8499	1669558487	3600		261.26		 118380495		-999.00
8500	1669562087	3600		261.32		 118380495		-999.00
8501	1669565687	3600		261.25		 118380495		-999.00
8502	1669569287	3600		261.28		 118380495		-999.00
8503	1669572887	3600		261.20		 118380495		-999.00
8504	1669576487	3600		261.28		 118380495		-999.00
8505	1669580087	3600		261.25		 118380495		-999.00
8506	1669532087	-48000		261.42		 118380495		-999.00
8496	1669584842	1200		268.91		 103593739		1432.00
8496	1669588442	3600		270.09		 139097225		1443.00
8496	1669592042	3600		270.02		 139089132		1434.00
8496	1669595642	3600		270.00		 137460880		1448.00
8496	1669599242	3600		270.06		 139333837		1445.00
8496	1669602842	3600		269.99		 136837906		1446.00
8496	1669606442	3600		269.64		 126533092		1437.00
8496	1669608061	1619		268.67		 101230955		1404.00
8540	1680760761	1200		265.51		       230		1152.00
8540	1680764361	3600		265.59		       215		1167.00
8540	1680766373	2012		265.64		       201		1165.00
8541	1680767573	1200		261.12		       201		-999.00
8542	1680766373	-1200		261.16		       201		-999.00
8541	1680772290	1200		265.46		       249		1146.00
8541	1680775890	3600		265.66		       217		1164.00
8541	1680776563	673		265.62		       205		1165.00
8542	1680777763	1200		265.62		       205		-999.00
8543	1680781363	3600		265.54		       205		-999.00
8544	1680784963	3600		261.23		       205		-999.00
8545	1680776563	-8400		261.66		       205		-999.00
8542	1680787504	1200		265.44		       185		1146.00
8542	1680791104	3600		265.60		       181		1155.00
8542	1680793447	2343		265.60		       131		1161.00
8543	1680794647	1200		265.58		       131		-999.00
8544	1680798247	3600		265.65		       131		-999.00
8545	1680801847	3600		261.11		       131		-999.00
8546	1680805447	3600		261.23		       131		-999.00
8547	1680809047	3600		261.23		       131		-999.00
8548	1680812647	3600		261.22		       131		-999.00
8549	1680816247	3600		261.22		       131		-999.00
8550	1680819847	3600		261.22		       131		-999.00
8551	1680823447	3600		267.11		       131		-999.00
8552	1680827047	3600		269.10		       131		-999.00
8553	1680830647	3600		269.65		       131		-999.00
8554	1680834247	3600		270.29		       131		-999.00
8555	1680837847	3600		271.03		       131		-999.00
8556	1680841447	3600		283.51		       131		-999.00
8557	1680845047	3600		256.05		       131		-999.00
8558	1680848647	3600		261.07		       131		-999.00
8559	1680852247	3600		261.24		       131		-999.00
8560	1680855847	3600		261.28		       131		-999.00
8561	1680859447	3600		261.28		       131		-999.00
8562	1680863047	3600		261.25		       131		-999.00
8563	1680793447	-69600		261.47		       131		-999.00
8550	1680867215	1200		265.13		      1036		1081.00
8550	1680870815	3600		265.68		       874		1175.00
8550	1680874415	3600		265.29		       691		1092.00
8550	1680878015	3600		265.65		       565		1173.00
8550	1680881615	3600		265.64		       467		1155.00
8550	1680885215	3600		265.73		       392		1174.00
8550	1680888815	3600		265.65		       332		1161.00
8550	1680892415	3600		265.65		       285		1170.00
8550	1680896015	3600		265.61		       245		1162.00
8550	1680899615	3600		265.65		       215		1169.00
8550	1680902169	2554		265.65		       190		1162.00
8551	1680903369	1200		261.25		       190		-999.00
8552	1680906969	3600		261.26		       190		-999.00
8553	1680910569	3600		261.25		       190		-999.00
8554	1680914169	3600		261.25		       190		-999.00
8555	1680917769	3600		261.25		       190		-999.00
8556	1680921369	3600		261.29		       190		-999.00
8557	1680924969	3600		261.26		       190		-999.00
8558	1680928569	3600		261.27		       190		-999.00
8559	1680932169	3600		261.27		       190		-999.00
8560	1680935769	3600		261.27		       190		-999.00
8561	1680939369	3600		261.27		       190		-999.00
8562	1680942969	3600		261.27		       190		-999.00
8563	1680946569	3600		261.24		       190		-999.00
8564	1680950169	3600		261.31		       190		-999.00
8565	1680953769	3600		261.27		       190		-999.00
8566	1680957369	3600		261.27		       190		-999.00
8567	1680960969	3600		261.27		       190		-999.00
8568	1680964569	3600		261.29		       190		-999.00
8569	1680968169	3600		261.25		       190		-999.00
8570	1680971769	3600		261.29		       190		-999.00
8571	1680975369	3600		261.29		       190		-999.00
8572	1680978969	3600		261.29		       190		-999.00
8573	1680982569	3600		261.30		       190		-999.00
8574	1680986169	3600		261.30		       190		-999.00
8575	1680989769	3600		261.30		       190		-999.00
8576	1680993369	3600		261.30		       190		-999.00
8577	1680996969	3600		261.30		       190		-999.00
8578	1681000569	3600		261.22		       190		-999.00
8579	1681004169	3600		261.26		       190		-999.00
8580	1681007769	3600		261.28		       190		-999.00
8581	1681011369	3600		261.28		       190		-999.00
8582	1681014969	3600		261.23		       190		-999.00
8583	1680902169	-112800		261.35		       190		-999.00
8558	1681017626	1200		265.54		       934		1163.00
8558	1681020073	2447		265.65		       783		1175.00
8559	1681021273	1200		261.12		       783		-999.00
8560	1681020073	-1200		261.65		       783		-999.00
8559	1681025285	1200		265.64		       780		1178.00
8559	1681028885	3600		265.64		       701		1173.00
8559	1681032485	3600		265.64		       535		1168.00
8559	1681036085	3600		265.64		       418		1166.00
8559	1681039685	3600		265.32		       337		1099.00
8559	1681043285	3600		265.62		       277		1157.00
8559	1681045180	1895		265.62		       235		1158.00
8560	1681046380	1200		261.25		       235		-999.00
8561	1681049980	3600		261.23		       235		-999.00
8562	1681053580	3600		261.17		       235		-999.00
8563	1681057180	3600		261.26		       235		-999.00
8564	1681060780	3600		261.27		       235		-999.00
8565	1681064380	3600		261.27		       235		-999.00
8566	1681067980	3600		261.25		       235		-999.00
8567	1681071580	3600		261.21		       235		-999.00
8568	1681075180	3600		261.20		       235		-999.00
8569	1681078780	3600		261.21		       235		-999.00
8570	1681082380	3600		261.24		       235		-999.00
8571	1681085980	3600		261.21		       235		-999.00
8572	1681089580	3600		261.27		       235		-999.00
8573	1681093180	3600		261.15		       235		-999.00
8574	1681096780	3600		261.24		       235		-999.00
8575	1681100380	3600		261.25		       235		-999.00
8576	1681103980	3600		261.28		       235		-999.00
8577	1681107580	3600		261.28		       235		-999.00
8578	1681111180	3600		261.28		       235		-999.00
8579	1681114780	3600		261.26		       235		-999.00
8580	1681118380	3600		261.26		       235		-999.00
8581	1681121980	3600		261.26		       235		-999.00
8582	1681125580	3600		261.26		       235		-999.00
8583	1681129180	3600		261.26		       235		-999.00
8584	1681132780	3600		261.19		       235		-999.00
8585	1681136380	3600		261.23		       235		-999.00
8586	1681139980	3600		261.23		       235		-999.00
8587	1681143580	3600		261.29		       235		-999.00
8588	1681147180	3600		265.63		       235		-999.00
8589	1681150780	3600		261.23		       235		-999.00
8590	1681154380	3600		261.21		       235		-999.00
8591	1681157980	3600		261.21		       235		-999.00
8592	1681161580	3600		261.21		       235		-999.00
8593	1681165180	3600		261.24		       235		-999.00
8594	1681168780	3600		261.27		       235		-999.00
8595	1681172380	3600		261.25		       235		-999.00
8596	1681175980	3600		261.28		       235		-999.00
8597	1681179580	3600		261.24		       235		-999.00
8598	1681183180	3600		261.28		       235		-999.00
8599	1681186780	3600		261.24		       235		-999.00
8600	1681190380	3600		261.28		       235		-999.00
8601	1681193980	3600		261.27		       235		-999.00
8602	1681197580	3600		261.27		       235		-999.00
8603	1681201180	3600		261.23		       235		-999.00
8604	1681204780	3600		261.23		       235		-999.00
8605	1681208380	3600		261.25		       235		-999.00
8606	1681211980	3600		261.25		       235		-999.00
8607	1681215580	3600		261.25		       235		-999.00
8608	1681219180	3600		261.25		       235		-999.00
8609	1681222780	3600		261.25		       235		-999.00
8610	1681226380	3600		261.25		       235		-999.00
8611	1681229980	3600		261.28		       235		-999.00
8612	1681233580	3600		261.28		       235		-999.00
8613	1681237180	3600		261.28		       235		-999.00
8614	1681240780	3600		261.28		       235		-999.00
8615	1681244380	3600		261.28		       235		-999.00
8616	1681247980	3600		261.28		       235		-999.00
8617	1681251580	3600		261.28		       235		-999.00
8618	1681255180	3600		261.28		       235		-999.00
8619	1681258780	3600		261.26		       235		-999.00
8620	1681262380	3600		261.26		       235		-999.00
8621	1681265980	3600		261.26		       235		-999.00
8622	1681269580	3600		261.26		       235		-999.00
8623	1681273180	3600		265.44		       235		-999.00
8624	1681276780	3600		265.65		       235		-999.00
8625	1681280380	3600		265.11		       235		-999.00
8626	1681283980	3600		265.33		       235		-999.00
8627	1681287580	3600		265.66		       235		-999.00
8628	1681291180	3600		265.30		       235		-999.00
8629	1681294780	3600		265.28		       235		-999.00
8630	1681298380	3600		265.60		       235		-999.00
8631	1681301980	3600		265.60		       235		-999.00
8632	1681305580	3600		261.25		       235		-999.00
8633	1681309180	3600		261.25		       235		-999.00
8634	1681312780	3600		261.25		       235		-999.00
8635	1681316380	3600		261.25		       235		-999.00
8636	1681319980	3600		261.25		       235		-999.00
8637	1681323580	3600		261.25		       235		-999.00
8638	1681327180	3600		261.25		       235		-999.00
8639	1681330780	3600		261.25		       235		-999.00
8640	1681334380	3600		261.27		       235		-999.00
8641	1681337980	3600		261.24		       235		-999.00
8642	1681341580	3600		261.23		       235		-999.00
8643	1681345180	3600		261.22		       235		-999.00
8644	1681045180	-300000		261.66		       235		-999.00
8580	1681347095	1200		265.51		         0		1161.00
8580	1681350695	3600		265.66		         0		1167.00
8580	1681354295	3600		265.62		         0		1169.00
8580	1681357895	3600		265.66		         0		1165.00
8580	1681360130	2235		265.62		         0		1165.00
8637	1682090281	1200		265.50		     61561		1147.00
8637	1682093881	3600		264.97		     93272		1020.00
8637	1682097481	3600		265.42		    105627		1137.00
8637	1682101081	3600		265.32		    107496		1088.00
8637	1682104681	3600		265.48		    107059		1142.00
8637	1682108281	3600		265.47		    108260		1132.00
8637	1682111881	3600		265.47		    106485		1137.00
8637	1682115481	3600		265.47		    100443		1130.00
8637	1682116313	832		265.44		     92039		1128.00
8638	1682117513	1200		261.15		     92039		-999.00
8639	1682121113	3600		261.27		     92039		-999.00
8640	1682124713	3600		261.28		     92039		-999.00
8641	1682116313	-8400		261.62		     92039		-999.00
8639	1682128506	1200		265.47		    224847		1137.00
8639	1682132106	3600		265.47		    387918		1137.00
8639	1682135706	3600		265.47		    418251		1132.00
8639	1682139306	3600		265.46		    421453		1129.00
8639	1682142906	3600		265.46		    408368		1130.00
8639	1682146506	3600		265.45		    374848		1135.00
8639	1682150106	3600		265.46		    343014		1166.00
8639	1682153706	3600		265.46		    282839		1134.00
8639	1682157306	3600		265.46		    263221		1131.00
8639	1682160906	3600		265.46		    252558		1131.00
8639	1682164506	3600		265.46		    235146		1129.00
8639	1682168106	3600		261.27		    189211		 11.50
8639	1682169013	907		265.66		         0		1162.00
8640	1682170213	1200		261.13		         0		-999.00
8641	1682173813	3600		261.24		         0		-999.00
8642	1682177413	3600		261.22		         0		-999.00
8643	1682181013	3600		261.23		         0		-999.00
8644	1682184613	3600		261.25		         0		-999.00
8645	1682169013	-15600		261.55		         0		-999.00
8642	1682189336	1200		265.52		   2112445		1139.00
8642	1682192936	3600		265.55		   3070242		1140.00
8642	1682196536	3600		265.54		   3031418		1134.00
8642	1682200136	3600		265.54		   2983010		1137.00
8642	1682203736	3600		265.55		   3090893		1137.00
8642	1682207336	3600		265.55		   3074381		1133.00
8642	1682210936	3600		265.55		   3129194		1133.00
8642	1682214536	3600		265.38		   3099754		1080.00
8642	1682218136	3600		265.53		   2872254		1134.00
8642	1682219904	1768		261.25		   2923926		 11.50
8643	1682221104	1200		261.21		   2923926		-999.00
8644	1682224704	3600		261.21		   2923926		-999.00
8645	1682228304	3600		261.23		   2923926		-999.00
8646	1682231904	3600		261.17		   2923926		-999.00
8647	1682235504	3600		261.22		   2923926		-999.00
8648	1682239104	3600		261.23		   2923926		-999.00
8649	1682242704	3600		261.21		   2923926		-999.00
8650	1682219904	-22800		261.17		   2923926		-999.00
8644	1682244555	1200		265.52		   2243959		1141.00
8644	1682248155	3600		265.58		   3265428		1141.00
8644	1682251755	3600		265.60		   4005008		1136.00
8644	1682255355	3600		265.40		   3987430		1083.00
8644	1682258955	3600		265.58		   3544098		1141.00
8644	1682262555	3600		265.57		   3434748		1134.00
8644	1682266155	3600		265.57		   3203440		1135.00
8644	1682269755	3600		265.57		   2942119		1132.00
8644	1682273355	3600		265.56		   2714207		1129.00
8644	1682276955	3600		265.56		   2524093		1135.00
8644	1682280555	3600		265.51		   2228943		1131.00
8644	1682281515	960		265.51		   2340420		1131.00
8645	1682282715	1200		261.17		   2340420		-999.00
8646	1682286315	3600		261.23		   2340420		-999.00
8647	1682281515	-4800		261.28		   2340420		-999.00
8645	1682290315	1200		265.51		   2056465		1137.00
8645	1682293915	3600		265.54		   3105339		1139.00
8645	1682297515	3600		265.61		   3971942		1139.00
8645	1682301115	3600		265.61		   3986039		1136.00
8645	1682304715	3600		265.60		   3723504		1135.00
8645	1682308315	3600		265.59		   3472283		1135.00
8645	1682311915	3600		265.58		   3198899		1130.00
8645	1682315515	3600		265.53		   2996494		1131.00
8645	1682319115	3600		265.57		   2781693		1130.00
8645	1682322715	3600		265.56		   2605955		1130.00
8645	1682326315	3600		265.52		   2461839		1133.00
8645	1682327485	1170		265.50		   1752193		1135.00
8646	1682328685	1200		261.16		   1752193		-999.00
8647	1682332285	3600		261.26		   1752193		-999.00
8648	1682335885	3600		261.20		   1752193		-999.00
8649	1682339485	3600		261.28		   1752193		-999.00
8650	1682343085	3600		261.26		   1752193		-999.00
8651	1682346685	3600		261.26		   1752193		-999.00
8652	1682350285	3600		261.26		   1752193		-999.00
8653	1682353885	3600		261.26		   1752193		-999.00
8654	1682357485	3600		261.26		   1752193		-999.00
8655	1682361085	3600		261.26		   1752193		-999.00
8656	1682364685	3600		261.26		   1752193		-999.00
8657	1682368285	3600		261.26		   1752193		-999.00
8658	1682371885	3600		261.22		   1752193		-999.00
8659	1682375485	3600		261.24		   1752193		-999.00
8660	1682379085	3600		261.15		   1752193		-999.00
8661	1682327485	-51600		261.29		   1752193		-999.00
8654	1682380928	1200		265.55		   2497507		1142.00
8654	1682383198	2270		265.57		   3225092		1149.00
8655	1682384398	1200		265.17		   3225092		-999.00
8656	1682387998	3600		265.25		   3225092		-999.00
8657	1682391598	3600		265.25		   3225092		-999.00
8658	1682395198	3600		265.25		   3225092		-999.00
8659	1682398798	3600		265.19		   3225092		-999.00
8660	1682402398	3600		261.23		   3225092		-999.00
8661	1682405998	3600		265.26		   3225092		-999.00
8662	1682409598	3600		265.43		   3225092		-999.00
8663	1682413198	3600		265.37		   3225092		-999.00
8664	1682416798	3600		265.37		   3225092		-999.00
8665	1682420398	3600		260.31		   3225092		-999.00
8666	1682423998	3600		255.63		   3225092		-999.00
8667	1682427598	3600		255.63		   3225092		-999.00
8668	1682431198	3600		262.22		   3225092		-999.00
8669	1682434798	3600		267.22		   3225092		-999.00
8670	1682438398	3600		267.30		   3225092		-999.00
8671	1682441998	3600		267.37		   3225092		-999.00
8672	1682445598	3600		267.45		   3225092		-999.00
8673	1682449198	3600		267.30		   3225092		-999.00
8674	1682452798	3600		267.34		   3225092		-999.00
8675	1682456398	3600		267.37		   3225092		-999.00
8676	1682459998	3600		267.45		   3225092		-999.00
8677	1682463598	3600		267.45		   3225092		-999.00
8678	1682467198	3600		267.27		   3225092		-999.00
8679	1682470798	3600		267.30		   3225092		-999.00
8680	1682474398	3600		267.34		   3225092		-999.00
8681	1682477998	3600		267.37		   3225092		-999.00
8682	1682481598	3600		267.37		   3225092		-999.00
8683	1682485198	3600		267.41		   3225092		-999.00
8684	1682488798	3600		267.45		   3225092		-999.00
8685	1682492398	3600		267.45		   3225092		-999.00
8686	1682495998	3600		267.45		   3225092		-999.00
8687	1682499598	3600		267.23		   3225092		-999.00
8688	1682503198	3600		267.34		   3225092		-999.00
8689	1682506798	3600		267.34		   3225092		-999.00
8690	1682510398	3600		267.37		   3225092		-999.00
8691	1682513998	3600		267.37		   3225092		-999.00
8692	1682517598	3600		267.45		   3225092		-999.00
8693	1682521198	3600		267.45		   3225092		-999.00
8694	1682524798	3600		267.23		   3225092		-999.00
8695	1682528398	3600		267.34		   3225092		-999.00
8696	1682531998	3600		267.34		   3225092		-999.00
8697	1682535598	3600		267.37		   3225092		-999.00
8698	1682539198	3600		267.37		   3225092		-999.00
8699	1682542798	3600		267.45		   3225092		-999.00
8700	1682546398	3600		267.45		   3225092		-999.00
8701	1682549998	3600		267.45		   3225092		-999.00
8702	1682553598	3600		267.23		   3225092		-999.00
8703	1682557198	3600		267.30		   3225092		-999.00
8704	1682560798	3600		267.34		   3225092		-999.00
8705	1682564398	3600		267.34		   3225092		-999.00
8706	1682567998	3600		267.37		   3225092		-999.00
8707	1682571598	3600		267.41		   3225092		-999.00
8708	1682575198	3600		267.45		   3225092		-999.00
8709	1682578798	3600		267.45		   3225092		-999.00
8710	1682582398	3600		267.45		   3225092		-999.00
8711	1682585998	3600		267.23		   3225092		-999.00
8712	1682589598	3600		267.45		   3225092		-999.00
8713	1682593198	3600		255.72		   3225092		-999.00
8714	1682596798	3600		261.36		   3225092		-999.00
8715	1682600398	3600		261.36		   3225092		-999.00
8716	1682603998	3600		261.40		   3225092		-999.00
8717	1682607598	3600		265.54		   3225092		-999.00
8718	1682611198	3600		261.26		   3225092		-999.00
8719	1682614798	3600		261.23		   3225092		-999.00
8720	1682618398	3600		261.06		   3225092		-999.00
8721	1682621998	3600		261.28		   3225092		-999.00
8722	1682383198	-238800		261.48		   3225092		-999.00
8675	1682626216	1200		265.58		  10030598		1097.00
8675	1682629816	3600		266.15		  19937615		1163.00
8675	1682633416	3600		266.07		  23488784		1125.00
8675	1682637016	3600		266.23		  23027664		1154.00
8675	1682640616	3600		266.25		  24564140		1152.00
8675	1682644158	3542		266.22		  22611000		1156.00
8676	1682645358	1200		265.76		  22611000		-999.00
8677	1682648958	3600		261.25		  22611000		-999.00
8678	1682652558	3600		265.65		  22611000		-999.00
8679	1682656158	3600		265.73		  22611000		-999.00
8680	1682659758	3600		265.73		  22611000		-999.00
8681	1682663358	3600		265.69		  22611000		-999.00
8682	1682666958	3600		261.23		  22611000		-999.00
8683	1682670558	3600		265.57		  22611000		-999.00
8684	1682674158	3600		261.22		  22611000		-999.00
8685	1682677758	3600		261.24		  22611000		-999.00
8686	1682681358	3600		261.25		  22611000		-999.00
8687	1682684958	3600		261.23		  22611000		-999.00
8688	1682688558	3600		261.27		  22611000		-999.00
8689	1682692158	3600		261.26		  22611000		-999.00
8690	1682695758	3600		261.26		  22611000		-999.00
8691	1682699358	3600		261.24		  22611000		-999.00
8692	1682702958	3600		261.11		  22611000		-999.00
8693	1682706558	3600		261.15		  22611000		-999.00
8694	1682710158	3600		261.02		  22611000		-999.00
8695	1682713758	3600		261.22		  22611000		-999.00
8696	1682717358	3600		265.22		  22611000		-999.00
8697	1682720958	3600		265.58		  22611000		-999.00
8698	1682724558	3600		265.54		  22611000		-999.00
8699	1682728158	3600		265.54		  22611000		-999.00
8700	1682731758	3600		265.54		  22611000		-999.00
8701	1682735358	3600		265.58		  22611000		-999.00
8702	1682738958	3600		261.11		  22611000		-999.00
8703	1682742558	3600		261.15		  22611000		-999.00
8704	1682746158	3600		261.11		  22611000		-999.00
8705	1682644158	-102000		261.54		  22611000		-999.00
8685	1682748199	1200		265.70		  10356774		1138.00
8685	1682751799	3600		265.68		  16525992		1083.00
8685	1682755399	3600		266.21		  25923525		1151.00
8685	1682758999	3600		266.00		  25003492		1084.00
8685	1682762599	3600		265.98		  16308253		1148.00
8685	1682766199	3600		266.10		  21613806		1147.00
8685	1682769799	3600		266.05		  19970179		1146.00
8685	1682773399	3600		266.02		  18876362		1145.00
8685	1682776351	2952		265.94		  16266302		1147.00
8686	1682777551	1200		260.96		  16266302		-999.00
8687	1682781151	3600		261.25		  16266302		-999.00
8688	1682784751	3600		261.14		  16266302		-999.00
8689	1682776351	-8400		261.32		  16266302		-999.00
8686	1682786191	1200		265.77		  10553990		1139.00
8686	1682789791	3600		266.07		  20499499		1154.00
8686	1682793391	3600		266.27		  27257390		1152.00
8686	1682796991	3600		265.88		  18804776		1130.00
8686	1682800591	3600		266.21		  24692925		1149.00
8686	1682804191	3600		266.15		  22652510		1145.00
8686	1682807791	3600		266.09		  20750901		1149.00
8686	1682811391	3600		266.05		  19363470		1146.00
8686	1682814991	3600		266.01		  17948499		1149.00
8686	1682816475	1484		265.89		  13958690		1144.00
8687	1682817675	1200		261.04		  13958690		-999.00
8688	1682821275	3600		261.22		  13958690		-999.00
8689	1682824875	3600		261.21		  13958690		-999.00
8690	1682828475	3600		261.25		  13958690		-999.00
8691	1682832075	3600		261.25		  13958690		-999.00
8692	1682835675	3600		261.25		  13958690		-999.00
8693	1682816475	-19200		261.39		  13958690		-999.00
8690	1682838939	1200		265.88		  14080733		1152.00
8690	1682842539	3600		266.20		  22055493		1162.00
8690	1682846139	3600		266.33		  26695222		1164.00
8690	1682849739	3600		266.17		  26782906		1143.00
8690	1682853339	3600		265.97		  14795733		1153.00
8690	1682856939	3600		266.08		  18481416		1157.00
8690	1682860539	3600		266.19		  22211126		1152.00
8690	1682864139	3600		266.15		  20676451		1158.00
8690	1682864351	212		261.44		  20100881		 11.50
8691	1682865551	1200		261.09		  20100881		-999.00
8692	1682869151	3600		261.24		  20100881		-999.00
8693	1682864351	-4800		261.40		  20100881		-999.00
8691	1682873042	1200		265.99		  16922179		1158.00
8691	1682876642	3600		266.33		  25972885		1163.00
8691	1682880242	3600		266.36		  27194593		1164.00
8691	1682883842	3600		266.20		  22834516		1160.00
8691	1682885458	1616		266.36		  27385532		1159.00
8692	1682886658	1200		265.04		  27385532		-999.00
8693	1682890258	3600		261.30		  27385532		-999.00
8694	1682893858	3600		261.15		  27385532		-999.00
8695	1682885458	-8400		261.54		  27385532		-999.00
8692	1682896912	1200		265.99		  18000749		1154.00
8692	1682899051	2139		266.31		  26011424		1161.00
8693	1682900251	1200		265.85		  26011424		-999.00
8694	1682903851	3600		265.74		  26011424		-999.00
8695	1682907451	3600		265.74		  26011424		-999.00
8696	1682911051	3600		265.74		  26011424		-999.00
8697	1682914651	3600		265.74		  26011424		-999.00
8698	1682918251	3600		261.53		  26011424		-999.00
8699	1682921851	3600		261.20		  26011424		-999.00
8700	1682925451	3600		261.26		  26011424		-999.00
8701	1682929051	3600		261.26		  26011424		-999.00
8702	1682932651	3600		261.22		  26011424		-999.00
8703	1682899051	-33600		261.49		  26011424		-999.00
8695	1682933984	1200		266.41		  29872477		1163.00
8695	1682937584	3600		267.13		  49236997		1193.00
8695	1682941184	3600		267.14		  62889123		1100.00
8695	1682944784	3600		267.17		  52137698		1180.00
8695	1682948384	3600		267.29		  56210696		1178.00
8695	1682951984	3600		267.15		  51955890		1176.00
8695	1682955584	3600		267.06		  48681597		1184.00
8695	1682959184	3600		266.96		  45134688		1182.00
8695	1682961557	2373		266.34		  32111447		1152.00
8696	1682962757	1200		261.25		  32111447		-999.00
8697	1682966357	3600		261.26		  32111447		-999.00
8698	1682969957	3600		261.24		  32111447		-999.00
8699	1682961557	-8400		261.35		  32111447		-999.00
8696	1682973309	1200		266.48		  33083662		1165.00
8696	1682976909	3600		267.43		  58130726		1202.00
8696	1682980509	3600		267.37		  59027636		1196.00
8696	1682984109	3600		267.54		  64810443		1193.00
8696	1682987709	3600		267.38		  59294736		1184.00
8696	1682991309	3600		267.24		  54831391		1182.00
8696	1682994909	3600		267.14		  51325538		1185.00
8696	1682998509	3600		267.03		  47580654		1186.00
8696	1683002109	3600		266.95		  44844682		1179.00
8696	1683005709	3600		266.84		  41832393		1178.00
8696	1683009309	3600		266.78		  39663792		1179.00
8696	1683012909	3600		266.66		  35879010		1167.00
8696	1683013403	494		266.49		  31384375		1165.00
8697	1683014603	1200		261.55		  31384375		-999.00
8698	1683018203	3600		261.25		  31384375		-999.00
8699	1683021803	3600		261.25		  31384375		-999.00
8700	1683025403	3600		261.24		  31384375		-999.00
8701	1683029003	3600		261.44		  31384375		-999.00
8702	1683032603	3600		261.36		  31384375		-999.00
8703	1683036203	3600		261.44		  31384375		-999.00
8704	1683039803	3600		261.22		  31384375		-999.00
8705	1683043403	3600		261.26		  31384375		-999.00
8706	1683047003	3600		261.22		  31384375		-999.00
8707	1683050603	3600		261.28		  31384375		-999.00
8708	1683054203	3600		261.28		  31384375		-999.00
8709	1683057803	3600		265.33		  31384375		-999.00
8710	1683061403	3600		261.15		  31384375		-999.00
8711	1683065003	3600		261.22		  31384375		-999.00
8712	1683013403	-51600		261.44		  31384375		-999.00
8701	1683069326	1200		266.67		  39599487		1182.00
8701	1683072926	3600		267.56		  64125742		1209.00
8701	1683076526	3600		267.70		  68768038		1202.00
8701	1683080126	3600		267.71		  69092812		1209.00
8701	1683083726	3600		267.66		  67186339		1203.00
8701	1683087326	3600		267.52		  62559138		1200.00
8701	1683090926	3600		267.36		  57299411		1196.00
8701	1683094526	3600		267.24		  53453890		1192.00
8701	1683095469	943		267.14		  49934625		1197.00
8702	1683096669	1200		265.10		  49934625		-999.00
8703	1683100269	3600		261.06		  49934625		-999.00
8704	1683103869	3600		261.21		  49934625		-999.00
8705	1683107469	3600		261.26		  49934625		-999.00
8706	1683111069	3600		261.29		  49934625		-999.00
8707	1683114669	3600		261.26		  49934625		-999.00
8708	1683118269	3600		261.29		  49934625		-999.00
8709	1683121869	3600		261.23		  49934625		-999.00
8710	1683125469	3600		261.26		  49934625		-999.00
8711	1683129069	3600		261.23		  49934625		-999.00
8712	1683132669	3600		261.25		  49934625		-999.00
8713	1683136269	3600		261.25		  49934625		-999.00
8714	1683139869	3600		261.25		  49934625		-999.00
8715	1683143469	3600		261.25		  49934625		-999.00
8716	1683147069	3600		261.25		  49934625		-999.00
8717	1683150669	3600		261.25		  49934625		-999.00
8718	1683154269	3600		261.25		  49934625		-999.00
8719	1683157869	3600		261.25		  49934625		-999.00
8720	1683161469	3600		261.25		  49934625		-999.00
8721	1683165069	3600		261.25		  49934625		-999.00
8722	1683168669	3600		261.25		  49934625		-999.00
8723	1683172269	3600		265.58		  49934625		-999.00
8724	1683175869	3600		265.28		  49934625		-999.00
8725	1683179469	3600		265.66		  49934625		-999.00
8726	1683183069	3600		265.12		  49934625		-999.00
8727	1683186669	3600		265.40		  49934625		-999.00
8728	1683190269	3600		265.55		  49934625		-999.00
8729	1683193869	3600		265.52		  49934625		-999.00
8730	1683197469	3600		261.11		  49934625		-999.00
8731	1683201069	3600		261.21		  49934625		-999.00
8732	1683204669	3600		261.25		  49934625		-999.00
8733	1683208269	3600		261.25		  49934625		-999.00
8734	1683211869	3600		261.23		  49934625		-999.00
8735	1683215469	3600		261.23		  49934625		-999.00
8736	1683219069	3600		261.23		  49934625		-999.00
8737	1683222669	3600		261.23		  49934625		-999.00
8738	1683226269	3600		261.23		  49934625		-999.00
8739	1683229869	3600		261.23		  49934625		-999.00
8740	1683233469	3600		261.23		  49934625		-999.00
8741	1683237069	3600		261.23		  49934625		-999.00
8742	1683240669	3600		261.23		  49934625		-999.00
8743	1683244269	3600		265.33		  49934625		-999.00
8744	1683247869	3600		265.69		  49934625		-999.00
8745	1683251469	3600		265.69		  49934625		-999.00
8746	1683255069	3600		265.73		  49934625		-999.00
8747	1683258669	3600		265.73		  49934625		-999.00
8748	1683262269	3600		265.69		  49934625		-999.00
8749	1683265869	3600		265.65		  49934625		-999.00
8750	1683269469	3600		265.18		  49934625		-999.00
8751	1683273069	3600		265.35		  49934625		-999.00
8752	1683276669	3600		261.28		  49934625		-999.00
8753	1683095469	-181200		261.64		  49934625		-999.00
8723	1683280690	1200		265.77		  16094903		1118.00
8723	1683284290	3600		266.18		  23748125		1169.00
8723	1683287890	3600		266.31		  26150200		1173.00
8723	1683291490	3600		266.35		  26065908		1177.00
8723	1683295090	3600		266.31		  25985605		1170.00
8723	1683298405	3315		266.19		  20844246		1173.00
8724	1683299605	1200		265.87		  20844246		-999.00
8725	1683303205	3600		261.07		  20844246		-999.00
8726	1683306805	3600		261.26		  20844246		-999.00
8727	1683310405	3600		261.26		  20844246		-999.00
8728	1683298405	-12000		261.44		  20844246		-999.00
8724	1683314294	1200		266.71		  40986331		1177.00
8724	1683317894	3600		267.29		  54576230		1199.00
8724	1683321494	3600		267.51		  62846238		1208.00
8724	1683324838	3344		267.65		  67330477		1203.00
8725	1683326038	1200		261.11		  67330477		-999.00
8726	1683329638	3600		265.79		  67330477		-999.00
8727	1683333238	3600		261.05		  67330477		-999.00
8728	1683336838	3600		261.15		  67330477		-999.00
8729	1683324838	-12000		261.11		  67330477		-999.00
8725	1683339048	1200		266.60		  37906705		1179.00
8725	1683342648	3600		267.33		  58522376		1201.00
8725	1683346248	3600		267.57		  66413795		1201.00
8725	1683349848	3600		267.58		  66961709		1204.00
8725	1683353448	3600		267.33		  63682716		1179.00
8725	1683354671	1223		266.72		  38382053		1208.00
8726	1683355871	1200		261.26		  38382053		-999.00
8727	1683359471	3600		261.15		  38382053		-999.00
8728	1683363071	3600		261.19		  38382053		-999.00
8729	1683354671	-8400		261.45		  38382053		-999.00
8728	1683366136	1200		266.85		  47814527		1176.00
8728	1683369736	3600		267.52		  65225524		1213.00
8728	1683373336	3600		267.81		  73778298		1207.00
8728	1683376936	3600		267.88		  74574748		1211.00
8728	1683378504	1568		267.85		  73759691		1211.00
8729	1683379704	1200		261.04		  73759691		-999.00
8730	1683383304	3600		261.18		  73759691		-999.00
8731	1683386904	3600		261.18		  73759691		-999.00
8732	1683378504	-8400		261.64		  73759691		-999.00
8729	1683390518	1200		266.81		  44664948		1194.00
8729	1683394118	3600		267.74		  70339733		1217.00
8729	1683397718	3600		267.47		  73847742		1122.00
8729	1683401318	3600		267.45		  74983420		1116.00
8729	1683404918	3600		267.78		  74073488		1212.00
8729	1683408518	3600		267.27		  61147850		1190.00
8729	1683412118	3600		267.59		  66404237		1206.00
8729	1683415718	3600		267.39		  61082695		1204.00
8729	1683419318	3600		267.24		  56188987		1197.00
8729	1683422918	3600		267.12		  52120380		1196.00
8729	1683426518	3600		267.01		  48522703		1196.00
8729	1683426721	203		267.14		  52713238		1196.00
8730	1683427921	1200		265.70		  52713238		-999.00
8731	1683431521	3600		261.15		  52713238		-999.00
8732	1683435121	3600		261.18		  52713238		-999.00
8733	1683426721	-8400		261.56		  52713238		-999.00
8730	1683438203	1200		266.74		  43530717		1190.00
8730	1683441803	3600		267.66		  68012593		1221.00
8730	1683445403	3600		267.88		  74765679		1219.00
8730	1683449003	3600		267.85		  73908670		1217.00
8730	1683452603	3600		267.82		  73836855		1212.00
8730	1683456203	3600		267.71		  69067216		1211.00
8730	1683459803	3600		267.47		  63726144		1209.00
8730	1683463403	3600		267.34		  59490657		1209.00
8730	1683467003	3600		267.21		  54962754		1204.00
8730	1683470603	3600		267.03		  50357039		1199.00
8730	1683474203	3600		266.95		  46479466		1201.00
8730	1683477693	3490		266.59		  40988556		1179.00
8731	1683478893	1200		261.02		  40988556		-999.00
8732	1683482493	3600		261.09		  40988556		-999.00
8733	1683477693	-4800		261.08		  40988556		-999.00
8731	1683486107	1200		267.56		  69084323		1211.00
8731	1683489707	3600		268.70		  97007206		1268.00
8731	1683493307	3600		269.01		 119051174		1214.00
8731	1683496907	3600		268.64		  95916818		1254.00
8731	1683500507	3600		268.43		  92549948		1235.00
8731	1683504107	3600		268.85		 103472006		1252.00
8731	1683507707	3600		268.73		 101930074		1244.00
8731	1683511307	3600		267.86		  84575116		1208.00
8731	1683511541	234		268.25		  97720283		1210.00
8732	1683512741	1200		265.40		  97720283		-999.00
8733	1683516341	3600		265.51		  97720283		-999.00
8734	1683519941	3600		265.49		  97720283		-999.00
8735	1683523541	3600		265.53		  97720283		-999.00
8736	1683527141	3600		265.03		  97720283		-999.00
8737	1683530741	3600		264.92		  97720283		-999.00
8738	1683534341	3600		261.17		  97720283		-999.00
8739	1683537941	3600		261.24		  97720283		-999.00
8740	1683541541	3600		261.24		  97720283		-999.00
8741	1683545141	3600		261.20		  97720283		-999.00
8742	1683548741	3600		261.28		  97720283		-999.00
8743	1683552341	3600		261.29		  97720283		-999.00
8744	1683555941	3600		261.36		  97720283		-999.00
8745	1683559541	3600		261.32		  97720283		-999.00
8746	1683563141	3600		261.36		  97720283		-999.00
8747	1683566741	3600		261.31		  97720283		-999.00
8748	1683570341	3600		261.28		  97720283		-999.00
8749	1683573941	3600		261.24		  97720283		-999.00
8750	1683511541	-62400		261.32		  97720283		-999.00
8736	1683576337	1200		267.41		  65284414		1210.00
8736	1683579937	3600		268.11		  80906405		1257.00
8736	1683583537	3600		269.12		 117560757		1258.00
8736	1683587137	3600		269.27		 117228344		1270.00
8736	1683590737	3600		269.22		 115527026		1271.00
8736	1683594337	3600		269.33		 116760471		1279.00
8736	1683597937	3600		268.79		  98611864		1276.00
8736	1683601537	3600		269.08		 110990575		1265.00
8736	1683605137	3600		268.85		 104008135		1269.00
8736	1683608737	3600		268.59		  96860113		1259.00
8736	1683612337	3600		268.42		  91057809		1252.00
8736	1683615937	3600		268.22		  84395896		1250.00
8736	1683618731	2794		268.06		  80298094		1242.00
8737	1683619931	1200		261.02		  80298094		-999.00
8738	1683623531	3600		261.21		  80298094		-999.00
8739	1683627131	3600		261.22		  80298094		-999.00
8740	1683630731	3600		261.18		  80298094		-999.00
8741	1683634331	3600		261.07		  80298094		-999.00
8742	1683637931	3600		261.19		  80298094		-999.00
8743	1683618731	-19200		261.14		  80298094		-999.00
8738	1683642353	1200		267.59		  67903521		1240.00
8738	1683645953	3600		268.53		 104550068		1207.00
8738	1683649553	3600		269.27		 117312227		1282.00
8738	1683653153	3600		269.26		 116702752		1289.00
8738	1683656753	3600		268.77		 110064662		1224.00
8738	1683660353	3600		268.43		  93688542		1257.00
8738	1683663953	3600		268.52		  95282114		1264.00
8738	1683667553	3600		268.25		  87502219		1257.00
8738	1683671153	3600		268.06		  81094740		1251.00
8738	1683673388	2235		267.91		  76230884		1248.00
8739	1683674588	1200		261.17		  76230884		-999.00
8740	1683678188	3600		261.20		  76230884		-999.00
8741	1683681788	3600		261.15		  76230884		-999.00
8742	1683673388	-8400		261.30		  76230884		-999.00
8739	1683683786	1200		266.75		  43252021		1227.00
8739	1683687386	3600		268.03		  75965390		1281.00
8739	1683690986	3600		269.33		 116155080		1293.00
8739	1683694586	3600		269.24		 115927667		1289.00
8739	1683698186	3600		269.26		 115596857		1290.00
8739	1683701786	3600		268.96		 106248884		1281.00
8739	1683705386	3600		268.65		  97403318		1279.00
8739	1683708986	3600		268.37		  89035640		1273.00
8739	1683712586	3600		268.16		  82254223		1264.00
8739	1683716186	3600		267.97		  77283222		1262.00
8739	1683716578	392		267.92		  74487171		1262.00
8740	1683717778	1200		261.13		  74487171		-999.00
8741	1683721378	3600		261.25		  74487171		-999.00
8742	1683724978	3600		261.24		  74487171		-999.00
8743	1683728578	3600		261.24		  74487171		-999.00
8744	1683732178	3600		261.44		  74487171		-999.00
8745	1683735778	3600		261.25		  74487171		-999.00
8746	1683739378	3600		261.25		  74487171		-999.00
8747	1683716578	-22800		261.43		  74487171		-999.00
8741	1683740579	1200		266.82		  42516684		1248.00
8741	1683744179	3600		268.06		  76267107		1287.00
8741	1683747779	3600		269.38		 118955346		1295.00
8741	1683751379	3600		269.17		 114093892		1296.00
8741	1683754979	3600		268.87		 104023459		1285.00
8741	1683758579	3600		268.59		  94649364		1282.00
8741	1683762179	3600		268.33		  87386562		1282.00
8741	1683765779	3600		268.12		  80371334		1274.00
8741	1683766730	951		267.99		  77268536		1278.00
8742	1683767930	1200		265.55		  77268536		-999.00
8743	1683771530	3600		261.25		  77268536		-999.00
8744	1683775130	3600		261.24		  77268536		-999.00
8745	1683778730	3600		261.28		  77268536		-999.00
8746	1683782330	3600		261.31		  77268536		-999.00
8747	1683785930	3600		261.22		  77268536		-999.00
8748	1683789530	3600		261.21		  77268536		-999.00
8749	1683766730	-22800		261.71		  77268536		-999.00
8746	1683791989	1200		267.00		  46088794		1265.00
8746	1683795589	3600		268.82		  97595508		1329.00
8746	1683799189	3600		270.06		 142610278		1315.00
8746	1683802789	3600		269.73		 130287010		1312.00
8746	1683806389	3600		268.69		 101364998		1293.00
8746	1683809989	3600		269.08		 109807030		1302.00
8746	1683813589	3600		268.82		 102225361		1299.00
8746	1683817189	3600		268.58		  94097724		1299.00
8746	1683820789	3600		268.36		  88394128		1289.00
8746	1683824389	3600		268.18		  82260865		1283.00
8746	1683827084	2695		261.20		  78214089		 18.50
8747	1683828284	1200		261.28		  78214089		-999.00
8748	1683831884	3600		261.42		  78214089		-999.00
8749	1683835484	3600		261.42		  78214089		-999.00
8750	1683839084	3600		261.38		  78214089		-999.00
8751	1683842684	3600		261.30		  78214089		-999.00
8752	1683846284	3600		261.24		  78214089		-999.00
8753	1683827084	-19200		261.16		  78214089		-999.00
8754	1683849134	1200		265.69		  78214089		-999.00
8755	1683852734	3600		261.43		  78214089		-999.00
8756	1683856334	3600		261.10		  78214089		-999.00
8757	1683859934	3600		265.79		  78214089		-999.00
8758	1683863534	3600		265.82		  78214089		-999.00
8759	1683867134	3600		265.22		  78214089		-999.00
8760	1683870734	3600		265.74		  78214089		-999.00
8761	1683874334	3600		265.48		  78214089		-999.00
8762	1683877934	3600		265.47		  78214089		-999.00
8763	1683881534	3600		265.63		  78214089		-999.00
8764	1683885134	3600		265.87		  78214089		-999.00
8765	1683888734	3600		261.09		  78214089		-999.00
8766	1683892334	3600		261.28		  78214089		-999.00
8767	1683847934	-44400		261.65		  78214089		-999.00
8754	1683896244	1200		267.36		  56058241		1284.00
8754	1683899844	3600		269.24		 111996795		1342.00
8754	1683903444	3600		270.47		 152725643		1340.00
8754	1683907044	3600		270.50		 152689468		1345.00
8754	1683910644	3600		270.40		 149362138		1340.00
8754	1683914244	3600		270.06		 138957230		1330.00
8754	1683917844	3600		269.60		 126420321		1322.00
8754	1683921444	3600		269.30		 116450535		1316.00
8754	1683925044	3600		269.06		 108379610		1317.00
8754	1683928644	3600		268.81		  99932304		1313.00
8754	1683932244	3600		268.56		  93749871		1305.00
8754	1683935844	3600		268.32		  87029545		1297.00
8754	1683939444	3600		268.20		  81915497		1304.00
8754	1683943044	3600		267.98		  76827359		1293.00
8754	1683943481	437		267.98		  75386711		1294.00
8755	1683944681	1200		265.68		  75386711		-999.00
8756	1683948281	3600		261.14		  75386711		-999.00
8757	1683951881	3600		261.28		  75386711		-999.00
8758	1683955481	3600		261.18		  75386711		-999.00
8759	1683959081	3600		261.26		  75386711		-999.00
8760	1683962681	3600		261.29		  75386711		-999.00
8761	1683966281	3600		261.28		  75386711		-999.00
8762	1683969881	3600		261.28		  75386711		-999.00
8763	1683973481	3600		261.30		  75386711		-999.00
8764	1683977081	3600		261.30		  75386711		-999.00
8765	1683980681	3600		261.30		  75386711		-999.00
8766	1683984281	3600		261.15		  75386711		-999.00
8767	1683987881	3600		261.27		  75386711		-999.00
8768	1683991481	3600		261.27		  75386711		-999.00
8769	1683995081	3600		261.27		  75386711		-999.00
8770	1683998681	3600		265.78		  75386711		-999.00
8771	1684002281	3600		265.85		  75386711		-999.00
8772	1684005881	3600		261.27		  75386711		-999.00
8773	1684009481	3600		261.27		  75386711		-999.00
8774	1684013081	3600		261.27		  75386711		-999.00
8775	1684016681	3600		265.64		  75386711		-999.00
8776	1684020281	3600		265.76		  75386711		-999.00
8777	1684023881	3600		265.80		  75386711		-999.00
8778	1684027481	3600		261.24		  75386711		-999.00
8779	1684031081	3600		265.79		  75386711		-999.00
8780	1684034681	3600		261.24		  75386711		-999.00
8781	1684038281	3600		261.20		  75386711		-999.00
8782	1684041881	3600		261.20		  75386711		-999.00
8783	1684045481	3600		261.24		  75386711		-999.00
8784	1684049081	3600		261.24		  75386711		-999.00
8785	1684052681	3600		261.24		  75386711		-999.00
8786	1683943481	-109200		261.30		  75386711		-999.00
8771	1684054343	1200		267.65		  66084583		1300.00
8771	1684057943	3600		269.86		 135806412		1341.00
8771	1684061543	3600		270.52		 152419970		1358.00
8771	1684065143	3600		270.46		 151787141		1356.00
8771	1684068743	3600		270.17		 148676777		1327.00
8771	1684072343	3600		269.91		 135024060		1339.00
8771	1684075943	3600		269.50		 122411972		1333.00
8771	1684079543	3600		269.18		 113314532		1327.00
8771	1684083143	3600		268.88		 104432956		1320.00
8771	1684086743	3600		268.63		  96159127		1319.00
8771	1684090343	3600		268.46		  90221456		1316.00
8771	1684093943	3600		268.26		  83683791		1311.00
8771	1684097465	3522		261.33		  78508026		 18.00
8772	1684098665	1200		261.11		  78508026		-999.00
8773	1684102265	3600		261.19		  78508026		-999.00
8774	1684105865	3600		261.21		  78508026		-999.00
8775	1684109465	3600		261.25		  78508026		-999.00
8776	1684113065	3600		261.25		  78508026		-999.00
8777	1684116665	3600		261.23		  78508026		-999.00
8778	1684120265	3600		261.27		  78508026		-999.00
8779	1684097465	-22800		261.13		  78508026		-999.00
8773	1684123043	1200		267.50		  61199908		1314.00
8773	1684126643	3600		269.16		 108983785		1364.00
8773	1684130243	3600		270.54		 152440665		1368.00
8773	1684133843	3600		270.51		 151678979		1375.00
8773	1684137443	3600		270.49		 152535339		1371.00
8773	1684141043	3600		270.45		 151299302		1369.00
8773	1684144643	3600		270.11		 141338298		1367.00
8773	1684148243	3600		269.64		 127807206		1347.00
8773	1684151843	3600		269.34		 117821687		1346.00
8773	1684155443	3600		269.03		 108760908		1342.00
8773	1684159043	3600		268.76		  99811872		1339.00
8773	1684162643	3600		268.57		  93303971		1334.00
8773	1684165877	3234		268.39		  87272618		1329.00
8774	1684167077	1200		261.11		  87272618		-999.00
8775	1684170677	3600		265.66		  87272618		-999.00
8776	1684174277	3600		261.09		  87272618		-999.00
8777	1684177877	3600		261.27		  87272618		-999.00
8778	1684181477	3600		261.28		  87272618		-999.00
8779	1684165877	-15600		261.47		  87272618		-999.00
8775	1684183244	1200		267.71		  66882486		1319.00
8775	1684186844	3600		269.78		 129134260		1379.00
8775	1684190444	3600		270.49		 151517391		1385.00
8775	1684194044	3600		270.53		 152849796		1386.00
8775	1684197644	3600		270.36		 153395535		1356.00
8775	1684201244	3600		270.24		 144261591		1373.00
8775	1684204844	3600		269.82		 133017298		1368.00
8775	1684204879	35		268.27		  81094996		1363.00
8776	1684206079	1200		265.34		  81094996		-999.00
8777	1684209679	3600		265.70		  81094996		-999.00
8778	1684213279	3600		265.74		  81094996		-999.00
8779	1684216879	3600		265.73		  81094996		-999.00
8780	1684220479	3600		261.01		  81094996		-999.00
8781	1684224079	3600		261.24		  81094996		-999.00
8782	1684227679	3600		261.28		  81094996		-999.00
8783	1684231279	3600		261.25		  81094996		-999.00
8784	1684204879	-26400		261.83		  81094996		-999.00
8778	1684235156	1200		265.52		     90428		1273.00
8778	1684238756	3600		265.50		     92226		1262.00
8778	1684242356	3600		265.58		    151274		1274.00
8778	1684245956	3600		265.48		    220796		1263.00
8778	1684249556	3600		265.50		    158462		1264.00
8778	1684253156	3600		265.45		    218308		1254.00
8778	1684255916	2760		265.49		    237138		1266.00
8779	1684257116	1200		265.71		    237138		-999.00
8780	1684260716	3600		261.18		    237138		-999.00
8781	1684264316	3600		261.29		    237138		-999.00
8782	1684267916	3600		261.27		    237138		-999.00
8783	1684271516	3600		265.74		    237138		-999.00
8784	1684275116	3600		265.82		    237138		-999.00
8785	1684278716	3600		261.09		    237138		-999.00
8786	1684282316	3600		261.33		    237138		-999.00
8787	1684255916	-26400		261.59		    237138		-999.00
8782	1684285707	1200		267.60		  64362390		1326.00
8782	1684289307	3600		269.71		 127843314		1384.00
8782	1684292907	3600		270.49		 151319114		1395.00
8782	1684296507	3600		270.43		 152981849		1376.00
8782	1684300107	3600		270.46		 150834823		1391.00
8782	1684303707	3600		270.13		 141165355		1381.00
8782	1684307307	3600		269.45		 118554929		1380.00
8782	1684310907	3600		269.19		 115211846		1349.00
8782	1684314507	3600		269.01		 106606052		1355.00
8782	1684318006	3499		268.41		  92752368		1335.00
8783	1684319206	1200		261.06		  92752368		-999.00
8784	1684322806	3600		265.32		  92752368		-999.00
8785	1684326406	3600		265.56		  92752368		-999.00
8786	1684330006	3600		262.02		  92752368		-999.00
8787	1684333606	3600		260.96		  92752368		-999.00
8788	1684337206	3600		265.68		  92752368		-999.00
8789	1684340806	3600		265.75		  92752368		-999.00
8790	1684344406	3600		265.77		  92752368		-999.00
8791	1684348006	3600		261.27		  92752368		-999.00
8792	1684351606	3600		261.27		  92752368		-999.00
8793	1684355206	3600		265.73		  92752368		-999.00
8794	1684358806	3600		265.85		  92752368		-999.00
8795	1684362406	3600		265.97		  92752368		-999.00
8796	1684366006	3600		265.85		  92752368		-999.00
8797	1684369606	3600		265.96		  92752368		-999.00
8798	1684373206	3600		265.39		  92752368		-999.00
8799	1684376806	3600		265.71		  92752368		-999.00
8800	1684380406	3600		265.81		  92752368		-999.00
8801	1684384006	3600		265.81		  92752368		-999.00
8802	1684387606	3600		265.76		  92752368		-999.00
8803	1684391206	3600		261.10		  92752368		-999.00
8804	1684394806	3600		261.30		  92752368		-999.00
8805	1684398406	3600		265.75		  92752368		-999.00
8806	1684402006	3600		261.32		  92752368		-999.00
8807	1684405606	3600		261.23		  92752368		-999.00
8808	1684318006	-87600		261.53		  92752368		-999.00
8786	1684407889	1200		267.71		  67122337		1343.00
8786	1684411489	3600		269.79		 128008160		1404.00
8786	1684415089	3600		270.32		 150329391		1390.00
8786	1684418689	3600		270.38		 145682446		1412.00
8786	1684422289	3600		270.41		 149148342		1406.00
8786	1684425889	3600		270.29		 144917559		1401.00
8786	1684429489	3600		269.90		 134328271		1394.00
8786	1684433089	3600		269.56		 122865290		1386.00
8786	1684436689	3600		269.30		 114222161		1372.00
8786	1684440289	3600		268.95		 105289636		1369.00
8786	1684443889	3600		268.73		  97820556		1366.00
8786	1684447489	3600		268.51		  91773571		1361.00
8786	1684451089	3600		268.31		  85383746		1361.00
8786	1684454689	3600		268.16		  80272250		1358.00
8786	1684458289	3600		267.26		  57075720		1328.00
8786	1684461889	3600		267.73		  66134589		1351.00
8786	1684462557	668		267.79		  68136289		1347.00
8787	1684463757	1200		265.69		  68136289		-999.00
8788	1684467357	3600		261.18		  68136289		-999.00
8789	1684470957	3600		261.31		  68136289		-999.00
8790	1684474557	3600		261.33		  68136289		-999.00
8791	1684478157	3600		261.27		  68136289		-999.00
8792	1684481757	3600		261.27		  68136289		-999.00
8793	1684485357	3600		261.31		  68136289		-999.00
8794	1684488957	3600		261.31		  68136289		-999.00
8795	1684492557	3600		265.83		  68136289		-999.00
8796	1684496157	3600		261.32		  68136289		-999.00
8797	1684499757	3600		261.32		  68136289		-999.00
8798	1684503357	3600		265.73		  68136289		-999.00
8799	1684506957	3600		261.25		  68136289		-999.00
8800	1684510557	3600		261.24		  68136289		-999.00
8801	1684462557	-48000		261.42		  68136289		-999.00
8794	1684511976	1200		266.89		  44246161		1338.00
8794	1684515576	3600		269.77		 126916590		1419.00
8794	1684519176	3600		270.31		 144922132		1421.00
8794	1684522776	3600		270.36		 146413104		1422.00
8794	1684522986	210		261.68		 148798844		 18.50
8795	1684524186	1200		261.11		 148798844		-999.00
8796	1684527786	3600		265.67		 148798844		-999.00
8797	1684531386	3600		265.79		 148798844		-999.00
8798	1684534986	3600		265.83		 148798844		-999.00
8799	1684538586	3600		261.27		 148798844		-999.00
8800	1684542186	3600		261.30		 148798844		-999.00
8801	1684522986	-19200		261.35		 148798844		-999.00
8796	1684546540	1200		267.81		  68499420		1377.00
8796	1684550140	3600		269.85		 129570188		1426.00
8796	1684553740	3600		270.31		 144958242		1417.00
8796	1684554852	1112		270.30		 144569612		1424.00
8797	1684556052	1200		265.50		 144569612		-999.00
8798	1684559652	3600		265.79		 144569612		-999.00
8799	1684563252	3600		265.79		 144569612		-999.00
8800	1684566852	3600		265.81		 144569612		-999.00
8801	1684570452	3600		265.81		 144569612		-999.00
8802	1684574052	3600		265.81		 144569612		-999.00
8803	1684577652	3600		265.83		 144569612		-999.00
8804	1684581252	3600		265.87		 144569612		-999.00
8805	1684584852	3600		265.90		 144569612		-999.00
8806	1684588452	3600		265.86		 144569612		-999.00
8807	1684592052	3600		265.86		 144569612		-999.00
8808	1684595652	3600		265.86		 144569612		-999.00
8809	1684599252	3600		265.86		 144569612		-999.00
8810	1684602852	3600		265.86		 144569612		-999.00
8811	1684606452	3600		265.86		 144569612		-999.00
8812	1684610052	3600		265.86		 144569612		-999.00
8813	1684613652	3600		261.32		 144569612		-999.00
8814	1684617252	3600		261.25		 144569612		-999.00
8815	1684620852	3600		261.29		 144569612		-999.00
8816	1684624452	3600		261.26		 144569612		-999.00
8817	1684628052	3600		261.26		 144569612		-999.00
8818	1684631652	3600		261.26		 144569612		-999.00
8819	1684554852	-76800		261.96		 144569612		-999.00
8804	1684634787	1200		267.44		  62312281		1346.00
8804	1684638387	3600		269.45		 118400748		1416.00
8804	1684641987	3600		270.28		 145061081		1414.00
8804	1684645587	3600		270.22		 143112084		1429.00
8804	1684649187	3600		270.24		 144638714		1413.00
8804	1684650368	1181		270.14		 140460474		1421.00
8805	1684651568	1200		265.49		 140460474		-999.00
8806	1684655168	3600		261.22		 140460474		-999.00
8807	1684658768	3600		261.20		 140460474		-999.00
8808	1684662368	3600		261.20		 140460474		-999.00
8809	1684665968	3600		261.20		 140460474		-999.00
8810	1684669568	3600		261.20		 140460474		-999.00
8811	1684650368	-19200		261.93		 140460474		-999.00
8807	1684673937	1200		267.55		  64852397		1357.00
8807	1684677537	3600		269.97		 133496099		1435.00
8807	1684678788	1251		270.54		 155031303		1423.00
8808	1684679988	1200		265.47		 155031303		-999.00
8809	1684683588	3600		261.20		 155031303		-999.00
8810	1684687188	3600		265.71		 155031303		-999.00
8811	1684690788	3600		265.79		 155031303		-999.00
8812	1684694388	3600		265.79		 155031303		-999.00
8813	1684697988	3600		265.79		 155031303		-999.00
8814	1684701588	3600		265.79		 155031303		-999.00
8815	1684705188	3600		265.83		 155031303		-999.00
8816	1684708788	3600		261.23		 155031303		-999.00
8817	1684712388	3600		261.23		 155031303		-999.00
8818	1684715988	3600		261.16		 155031303		-999.00
8819	1684678788	-37200		261.72		 155031303		-999.00
8811	1684718061	1200		267.76		  71705491		1357.00
8811	1684720723	2662		269.51		 123455584		1420.00
8812	1684721923	1200		265.56		 123455584		-999.00
8813	1684725523	3600		261.28		 123455584		-999.00
8814	1684729123	3600		261.24		 123455584		-999.00
8815	1684732723	3600		261.23		 123455584		-999.00
8816	1684736323	3600		261.23		 123455584		-999.00
8817	1684739923	3600		261.27		 123455584		-999.00
8818	1684743523	3600		261.04		 123455584		-999.00
8819	1684747123	3600		261.06		 123455584		-999.00
8820	1684750723	3600		261.24		 123455584		-999.00
8821	1684754323	3600		261.24		 123455584		-999.00
8822	1684757923	3600		261.24		 123455584		-999.00
8823	1684761523	3600		261.39		 123455584		-999.00
8824	1684765123	3600		261.26		 123455584		-999.00
8825	1684768723	3600		261.26		 123455584		-999.00
8826	1684720723	-48000		261.93		 123455584		-999.00
8816	1684772267	1200		267.97		  76436436		1376.00
8816	1684775867	3600		269.97		 140267864		1408.00
8816	1684779467	3600		270.54		 154246700		1425.00
8816	1684781657	2190		270.50		 152964404		1431.00
8817	1684782857	1200		265.43		 152964404		-999.00
8818	1684786457	3600		261.05		 152964404		-999.00
8819	1684790057	3600		261.20		 152964404		-999.00
8820	1684781657	-8400		261.91		 152964404		-999.00
8817	1684794343	1200		267.83		  71586190		1368.00
8817	1684797943	3600		269.84		 137336268		1411.00
8817	1684801543	3600		270.54		 154229749		1430.00
8817	1684805143	3600		270.46		 152755107		1424.00
8817	1684808743	3600		270.51		 154670838		1430.00
8817	1684812343	3600		270.52		 152630764		1437.00
8817	1684815943	3600		270.30		 147845066		1427.00
8817	1684819543	3600		269.87		 135035430		1407.00
8817	1684823143	3600		269.58		 125407133		1410.00
8817	1684826743	3600		269.15		 116341280		1381.00
8817	1684830343	3600		269.00		 107279358		1400.00
8817	1684833943	3600		268.71		  99051061		1386.00
8817	1684837543	3600		268.26		  84797627		1383.00
8817	1684839094	1551		261.10		  88378810		 18.00
8818	1684840294	1200		261.17		  88378810		-999.00
8819	1684843894	3600		264.95		  88378810		-999.00
8820	1684847494	3600		261.07		  88378810		-999.00
8821	1684851094	3600		265.64		  88378810		-999.00
8822	1684854694	3600		260.98		  88378810		-999.00
8823	1684858294	3600		261.22		  88378810		-999.00
8824	1684861894	3600		261.22		  88378810		-999.00
8825	1684865494	3600		261.22		  88378810		-999.00
8826	1684869094	3600		261.22		  88378810		-999.00
8827	1684872694	3600		261.26		  88378810		-999.00
8828	1684876294	3600		261.22		  88378810		-999.00
8829	1684839094	-37200		261.06		  88378810		-999.00
8821	1684879030	1200		267.99		  77913715		1390.00
8821	1684882630	3600		270.23		 148822366		1420.00
8821	1684886230	3600		270.68		 158540991		1455.00
8821	1684889830	3600		270.68		 158491809		1456.00
8821	1684893430	3600		270.68		 158561439		1454.00
8821	1684897030	3600		270.69		 159012852		1459.00
8821	1684900630	3600		270.58		 156367020		1447.00
8821	1684904230	3600		270.26		 147125468		1435.00
8821	1684907830	3600		269.73		 134624059		1418.00
8821	1684911430	3600		269.57		 125604893		1424.00
8821	1684915030	3600		269.27		 115704586		1422.00
8821	1684918630	3600		269.05		 108429445		1410.00
8821	1684922230	3600		268.74		 100330419		1402.00
8821	1684925830	3600		268.56		  94347752		1406.00
8821	1684929430	3600		268.38		  88223359		1395.00
8821	1684930062	632		268.26		  84173676		1394.00
8822	1684931262	1200		261.04		  84173676		-999.00
8823	1684934862	3600		261.48		  84173676		-999.00
8824	1684938462	3600		261.20		  84173676		-999.00
8825	1684942062	3600		261.20		  84173676		-999.00
8826	1684930062	-12000		261.29		  84173676		-999.00
8822	1684943510	1200		267.90		  75880893		1395.00
8822	1684947110	3600		270.12		 140866691		1459.00
8822	1684950710	3600		270.56		 160514261		1440.00
8822	1684954310	3600		270.77		 160222164		1473.00
8822	1684957910	3600		270.72		 158437072		1474.00
8822	1684961510	3600		270.70		 158282521		1466.00
8822	1684965110	3600		270.39		 155524919		1435.00
8822	1684968710	3600		270.15		 142293099		1461.00
8822	1684972310	3600		269.81		 131309387		1453.00
8822	1684975910	3600		269.39		 120220367		1442.00
8822	1684979510	3600		269.19		 112074083		1435.00
8822	1684983110	3600		268.90		 103664097		1429.00
8822	1684985688	2578		268.75		  98613377		1426.00
8823	1684986888	1200		265.26		  98613377		-999.00
8824	1684990488	3600		265.34		  98613377		-999.00
8825	1684994088	3600		265.36		  98613377		-999.00
8826	1684997688	3600		265.45		  98613377		-999.00
8827	1685001288	3600		265.35		  98613377		-999.00
8828	1685004888	3600		265.47		  98613377		-999.00
8829	1685008488	3600		261.39		  98613377		-999.00
8830	1685012088	3600		261.47		  98613377		-999.00
8831	1685015688	3600		265.78		  98613377		-999.00
8832	1685019288	3600		265.74		  98613377		-999.00
8833	1685022888	3600		261.03		  98613377		-999.00
8834	1685026488	3600		261.20		  98613377		-999.00
8835	1685030088	3600		265.70		  98613377		-999.00
8836	1685033688	3600		261.26		  98613377		-999.00
8837	1685037288	3600		265.76		  98613377		-999.00
8838	1685040888	3600		261.36		  98613377		-999.00
8839	1685044488	3600		261.26		  98613377		-999.00
8840	1685048088	3600		261.26		  98613377		-999.00
8841	1685051688	3600		261.14		  98613377		-999.00
8842	1685055288	3600		261.25		  98613377		-999.00
8843	1685058888	3600		261.25		  98613377		-999.00
8844	1685062488	3600		265.67		  98613377		-999.00
8845	1685066088	3600		261.29		  98613377		-999.00
8846	1685069688	3600		261.22		  98613377		-999.00
8847	1685073288	3600		261.22		  98613377		-999.00
8848	1685076888	3600		261.22		  98613377		-999.00
8849	1685080488	3600		261.22		  98613377		-999.00
8850	1685084088	3600		261.19		  98613377		-999.00
8851	1685087688	3600		261.20		  98613377		-999.00
8852	1685091288	3600		261.24		  98613377		-999.00
8853	1685094888	3600		261.23		  98613377		-999.00
8854	1685098488	3600		265.77		  98613377		-999.00
8855	1685102088	3600		265.72		  98613377		-999.00
8856	1685105688	3600		265.72		  98613377		-999.00
8857	1685109288	3600		265.72		  98613377		-999.00
8858	1685112888	3600		265.79		  98613377		-999.00
8859	1685116488	3600		265.80		  98613377		-999.00
8860	1685120088	3600		265.81		  98613377		-999.00
8861	1685123688	3600		265.75		  98613377		-999.00
8862	1685127288	3600		261.11		  98613377		-999.00
8863	1685130888	3600		261.19		  98613377		-999.00
8864	1685134488	3600		261.19		  98613377		-999.00
8865	1685138088	3600		261.19		  98613377		-999.00
8866	1685141688	3600		261.19		  98613377		-999.00
8867	1685145288	3600		261.19		  98613377		-999.00
8868	1685148888	3600		261.19		  98613377		-999.00
8869	1685152488	3600		261.19		  98613377		-999.00
8870	1685156088	3600		261.19		  98613377		-999.00
8871	1685159688	3600		261.18		  98613377		-999.00
8872	1685163288	3600		261.20		  98613377		-999.00
8873	1685166888	3600		261.20		  98613377		-999.00
8874	1685170488	3600		265.67		  98613377		-999.00
8875	1685174088	3600		265.75		  98613377		-999.00
8876	1685177688	3600		265.75		  98613377		-999.00
8877	1685181288	3600		265.75		  98613377		-999.00
8878	1685184888	3600		265.75		  98613377		-999.00
8879	1685188488	3600		265.75		  98613377		-999.00
8880	1685192088	3600		265.75		  98613377		-999.00
8881	1685195688	3600		265.76		  98613377		-999.00
8882	1685199288	3600		265.76		  98613377		-999.00
8883	1685202888	3600		261.12		  98613377		-999.00
8884	1685206488	3600		261.20		  98613377		-999.00
8885	1685210088	3600		261.20		  98613377		-999.00
8886	1685213688	3600		261.20		  98613377		-999.00
8887	1685217288	3600		261.20		  98613377		-999.00
8888	1685220888	3600		261.20		  98613377		-999.00
8889	1685224488	3600		261.20		  98613377		-999.00
8890	1685228088	3600		261.20		  98613377		-999.00
8891	1685231688	3600		261.20		  98613377		-999.00
8892	1685235288	3600		261.16		  98613377		-999.00
8893	1685238888	3600		261.20		  98613377		-999.00
8894	1685242488	3600		261.16		  98613377		-999.00
8895	1685246088	3600		261.16		  98613377		-999.00
8896	1685249688	3600		261.16		  98613377		-999.00
8897	1685253288	3600		261.16		  98613377		-999.00
8898	1685256888	3600		261.20		  98613377		-999.00
8899	1685260488	3600		261.20		  98613377		-999.00
8900	1685264088	3600		261.12		  98613377		-999.00
8901	1685267688	3600		261.20		  98613377		-999.00
8902	1685271288	3600		261.20		  98613377		-999.00
8903	1685274888	3600		261.20		  98613377		-999.00
8904	1685278488	3600		261.20		  98613377		-999.00
8905	1685282088	3600		261.20		  98613377		-999.00
8906	1685285688	3600		261.20		  98613377		-999.00
8907	1685289288	3600		261.20		  98613377		-999.00
8908	1685292888	3600		261.20		  98613377		-999.00
8909	1685296488	3600		261.20		  98613377		-999.00
8910	1685300088	3600		261.20		  98613377		-999.00
8911	1685303688	3600		261.24		  98613377		-999.00
8912	1685307288	3600		261.24		  98613377		-999.00
8913	1685310888	3600		261.24		  98613377		-999.00
8914	1685314488	3600		261.24		  98613377		-999.00
8915	1685318088	3600		261.24		  98613377		-999.00
8916	1685321688	3600		261.24		  98613377		-999.00
8917	1685325288	3600		261.24		  98613377		-999.00
8918	1685328888	3600		261.24		  98613377		-999.00
8919	1685332488	3600		261.24		  98613377		-999.00
8920	1685336088	3600		261.24		  98613377		-999.00
8921	1685339688	3600		261.40		  98613377		-999.00
8922	1685343288	3600		261.47		  98613377		-999.00
8923	1685346888	3600		261.47		  98613377		-999.00
8924	1685350488	3600		261.25		  98613377		-999.00
8925	1685354088	3600		261.23		  98613377		-999.00
8926	1685357688	3600		261.23		  98613377		-999.00
8927	1685361288	3600		261.23		  98613377		-999.00
8928	1685364888	3600		261.23		  98613377		-999.00
8929	1685368488	3600		261.23		  98613377		-999.00
8930	1685372088	3600		261.23		  98613377		-999.00
8931	1685375688	3600		265.69		  98613377		-999.00
8932	1685379288	3600		261.34		  98613377		-999.00
8933	1685382888	3600		261.05		  98613377		-999.00
8934	1685386488	3600		261.25		  98613377		-999.00
8935	1685390088	3600		261.25		  98613377		-999.00
8936	1685393688	3600		261.29		  98613377		-999.00
8937	1685397288	3600		261.26		  98613377		-999.00
8938	1685400888	3600		261.26		  98613377		-999.00
8939	1685404488	3600		261.26		  98613377		-999.00
8940	1685408088	3600		261.26		  98613377		-999.00
8941	1685411688	3600		261.26		  98613377		-999.00
8942	1685415288	3600		261.26		  98613377		-999.00
8943	1685418888	3600		261.29		  98613377		-999.00
8944	1685422488	3600		261.29		  98613377		-999.00
8945	1685426088	3600		265.63		  98613377		-999.00
8946	1685429688	3600		265.72		  98613377		-999.00
8947	1685433288	3600		265.19		  98613377		-999.00
8948	1685436888	3600		265.64		  98613377		-999.00
8949	1685440488	3600		261.14		  98613377		-999.00
8950	1685444088	3600		261.27		  98613377		-999.00
8951	1685447688	3600		261.27		  98613377		-999.00
8952	1685451288	3600		261.27		  98613377		-999.00
8953	1685454888	3600		261.25		  98613377		-999.00
8954	1685458488	3600		261.25		  98613377		-999.00
8955	1684985688	-472800		261.79		  98613377		-999.00
8850	1685461680	1200		266.21		  23557459		1351.00
8850	1685465280	3600		266.74		  38282954		1366.00
8850	1685468880	3600		266.83		  41083546		1361.00
8850	1685472392	3512		266.85		  41116887		1366.00
8851	1685473592	1200		265.36		  41116887		-999.00
8852	1685477192	3600		261.25		  41116887		-999.00
8853	1685480792	3600		261.29		  41116887		-999.00
8854	1685484392	3600		261.23		  41116887		-999.00
8855	1685472392	-12000		261.33		  41116887		-999.00
8853	1685486057	1200		266.39		  28144908		1362.00
8853	1685489657	3600		267.36		  56177515		1391.00
8853	1685493257	3600		267.83		  72109435		1396.00
8853	1685496857	3600		267.75		  69045426		1382.00
8853	1685497163	306		265.68		         0		1382.00
8854	1685498363	1200		261.17		         0		-999.00
8855	1685501963	3600		261.21		         0		-999.00
8856	1685505563	3600		265.74		         0		-999.00
8857	1685509163	3600		265.81		         0		-999.00
8858	1685512763	3600		265.85		         0		-999.00
8859	1685516363	3600		265.32		         0		-999.00
8860	1685519963	3600		261.26		         0		-999.00
8861	1685523563	3600		265.44		         0		-999.00
8862	1685527163	3600		265.35		         0		-999.00
8863	1685530763	3600		265.36		         0		-999.00
8864	1685534363	3600		265.76		         0		-999.00
8865	1685537963	3600		265.77		         0		-999.00
8866	1685541563	3600		265.77		         0		-999.00
8867	1685545163	3600		265.81		         0		-999.00
8868	1685548763	3600		265.73		         0		-999.00
8869	1685552363	3600		265.74		         0		-999.00
8870	1685555963	3600		265.71		         0		-999.00
8871	1685559563	3600		265.73		         0		-999.00
8872	1685563163	3600		265.27		         0		-999.00
8873	1685566763	3600		265.72		         0		-999.00
8874	1685570363	3600		265.72		         0		-999.00
8875	1685573963	3600		265.69		         0		-999.00
8876	1685577563	3600		265.72		         0		-999.00
8877	1685581163	3600		265.69		         0		-999.00
8878	1685584763	3600		265.72		         0		-999.00
8879	1685588363	3600		265.72		         0		-999.00
8880	1685591963	3600		265.79		         0		-999.00
8881	1685595563	3600		265.72		         0		-999.00
8882	1685599163	3600		261.15		         0		-999.00
8883	1685602763	3600		261.20		         0		-999.00
8884	1685606363	3600		261.24		         0		-999.00
8885	1685609963	3600		261.17		         0		-999.00
8886	1685613563	3600		261.09		         0		-999.00
8887	1685617163	3600		261.14		         0		-999.00
8888	1685497163	-120000		261.43		         0		-999.00
8858	1685618820	1200		266.75		  39985612		1363.00
8858	1685622420	3600		268.08		  78211643		1402.00
8858	1685626020	3600		268.85		 103013733		1415.00
8858	1685629620	3600		268.44		  91931897		1392.00
8858	1685633220	3600		268.36		  88067589		1391.00
8858	1685636820	3600		267.99		  80010233		1386.00
8858	1685639129	2309		267.95		  76029082		1387.00
8859	1685640329	1200		265.23		  76029082		-999.00
8860	1685643929	3600		261.19		  76029082		-999.00
8861	1685647529	3600		261.23		  76029082		-999.00
8862	1685639129	-8400		261.16		  76029082		-999.00
8860	1685651029	1200		266.77		  44932347		1360.00
8860	1685654629	3600		268.28		  83880206		1429.00
8860	1685658229	3600		268.97		 116612096		1381.00
8860	1685661829	3600		268.99		 112412903		1399.00
8860	1685665429	3600		268.78		 101620369		1417.00
8860	1685669029	3600		268.45		  92272289		1403.00
8860	1685672629	3600		268.25		  85369712		1403.00
8860	1685676229	3600		268.04		  78587266		1402.00
8860	1685679829	3600		267.85		  73575583		1392.00
8860	1685683429	3600		267.61		  68158233		1375.00
8860	1685686777	3348		267.45		  60851616		1385.00
8861	1685687977	1200		261.15		  60851616		-999.00
8862	1685691577	3600		261.05		  60851616		-999.00
8863	1685695177	3600		261.22		  60851616		-999.00
8864	1685698777	3600		261.22		  60851616		-999.00
8865	1685702377	3600		265.23		  60851616		-999.00
8866	1685705977	3600		265.50		  60851616		-999.00
8867	1685709577	3600		261.07		  60851616		-999.00
8868	1685713177	3600		261.22		  60851616		-999.00
8869	1685686777	-26400		261.29		  60851616		-999.00
8863	1685715712	1200		266.79		  45891661		1359.00
8863	1685719312	3600		268.36		  87484771		1433.00
8863	1685722912	3600		268.89		 105006594		1431.00
8863	1685726512	3600		268.88		 104899756		1423.00
8863	1685730112	3600		268.83		 103165998		1426.00
8863	1685733712	3600		268.44		  93798341		1403.00
8863	1685734375	663		268.50		  91819016		1424.00
8864	1685735575	1200		265.51		  91819016		-999.00
8865	1685739175	3600		261.08		  91819016		-999.00
8866	1685742775	3600		261.13		  91819016		-999.00
8867	1685734375	-8400		261.67		  91819016		-999.00
8865	1685745665	1200		266.94		  45663888		1390.00
8865	1685749265	3600		268.35		  85920505		1432.00
8865	1685752865	3600		268.94		 105648313		1431.00
8865	1685756465	3600		268.91		 106107944		1431.00
8865	1685760065	3600		268.77		 101347571		1425.00
8865	1685763665	3600		268.50		  92380204		1416.00
8865	1685767265	3600		268.24		  85075652		1413.00
8865	1685770865	3600		268.02		  77695304		1408.00
8865	1685774465	3600		267.82		  72191559		1398.00
8865	1685778065	3600		267.54		  66526086		1391.00
8865	1685781665	3600		267.49		  62164304		1397.00
8865	1685782804	1139		266.96		  47074872		1383.00
8866	1685784004	1200		261.25		  47074872		-999.00
8867	1685787604	3600		261.14		  47074872		-999.00
8868	1685782804	-4800		261.30		  47074872		-999.00
8866	1685790561	1200		267.22		  55713375		1402.00
8866	1685794161	3600		268.93		 105364135		1454.00
8866	1685794851	690		269.41		 122351566		1446.00
8867	1685796051	1200		265.35		 122351566		-999.00
8868	1685799651	3600		265.69		 122351566		-999.00
8869	1685803251	3600		265.76		 122351566		-999.00
8870	1685806851	3600		265.72		 122351566		-999.00
8871	1685810451	3600		265.80		 122351566		-999.00
8872	1685814051	3600		265.77		 122351566		-999.00
8873	1685817651	3600		265.77		 122351566		-999.00
8874	1685821251	3600		261.41		 122351566		-999.00
8875	1685824851	3600		261.20		 122351566		-999.00
8876	1685828451	3600		261.20		 122351566		-999.00
8877	1685794851	-33600		261.74		 122351566		-999.00
8870	1685830087	1200		267.21		  53315346		1400.00
8870	1685833687	3600		268.69		  96009717		1456.00
8870	1685837287	3600		269.42		 120365192		1454.00
8870	1685840887	3600		269.42		 120436826		1452.00
8870	1685844487	3600		269.39		 119251992		1451.00
8870	1685848087	3600		268.99		 108342597		1436.00
8870	1685851687	3600		268.70		  99356772		1429.00
8870	1685855287	3600		268.42		  90185968		1430.00
8870	1685858887	3600		268.22		  83357835		1425.00
8870	1685862487	3600		267.93		  76421533		1414.00
8870	1685865870	3383		267.66		  67980589		1408.00
8871	1685867070	1200		261.13		  67980589		-999.00
8872	1685870670	3600		261.31		  67980589		-999.00
8873	1685874270	3600		261.19		  67980589		-999.00
8874	1685877870	3600		261.19		  67980589		-999.00
8875	1685865870	-12000		261.07		  67980589		-999.00
8872	1685882021	1200		267.68		  67370650		1427.00
8872	1685885621	3600		269.91		 135369596		1494.00
8872	1685889221	3600		270.51		 152650843		1493.00
8872	1685891942	2721		270.45		 153058027		1487.00
8873	1685893142	1200		265.50		 153058027		-999.00
8874	1685896742	3600		261.13		 153058027		-999.00
8875	1685891942	-4800		261.93		 153058027		-999.00
8873	1685900610	1200		267.23		  69087843		1309.00
8873	1685904210	3600		270.00		 137636888		1498.00
8873	1685907810	3600		270.59		 156004320		1498.00
8873	1685911410	3600		269.89		 156393041		1331.00
8873	1685915010	3600		270.23		 149480758		1475.00
8873	1685918610	3600		269.81		 136058469		1467.00
8873	1685922210	3600		269.41		 121769877		1469.00
8873	1685925810	3600		269.10		 112389924		1459.00
8873	1685929410	3600		268.81		 102775745		1449.00
8873	1685933010	3600		268.58		  95079167		1445.00
8873	1685936610	3600		268.39		  88899834		1442.00
8873	1685940210	3600		268.11		  82158644		1436.00
8873	1685943810	3600		267.82		  76473602		1389.00
8873	1685944955	1145		267.43		  61344509		1422.00
8874	1685946155	1200		261.06		  61344509		-999.00
8875	1685949755	3600		261.22		  61344509		-999.00
8876	1685953355	3600		261.13		  61344509		-999.00
8877	1685956955	3600		261.58		  61344509		-999.00
8878	1685960555	3600		261.24		  61344509		-999.00
8879	1685944955	-15600		261.26		  61344509		-999.00
8877	1685964321	1200		267.32		  59703062		1421.00
8877	1685967921	3600		269.19		 109085438		1508.00
8877	1685971521	3600		270.62		 155815992		1519.00
8877	1685975121	3600		270.44		 150427263		1505.00
8877	1685978721	3600		269.97		 137103624		1489.00
8877	1685982321	3600		269.55		 122969565		1481.00
8877	1685985921	3600		269.27		 113858716		1478.00
8877	1685989521	3600		268.89		 103917227		1476.00
8877	1685993121	3600		268.65		  96734992		1470.00
8877	1685996721	3600		268.42		  89128951		1466.00
8877	1685999295	2574		268.25		  84691615		1449.00
8878	1686000495	1200		265.20		  84691615		-999.00
8879	1686004095	3600		265.66		  84691615		-999.00
8880	1686007695	3600		265.70		  84691615		-999.00
8881	1686011295	3600		261.15		  84691615		-999.00
8882	1686014895	3600		261.27		  84691615		-999.00
8883	1685999295	-15600		261.71		  84691615		-999.00
8880	1686017216	1200		267.46		  61349030		1444.00
8880	1686020816	3600		269.93		 132986669		1524.00
8880	1686024416	3600		270.60		 155219449		1523.00
8880	1686028016	3600		270.68		 156501357		1534.00
8880	1686031616	3600		270.56		 153902678		1527.00
8880	1686035216	3600		270.10		 143101542		1501.00
8880	1686038816	3600		269.77		 129717948		1507.00
8880	1686042416	3600		269.40		 119868665		1498.00
8880	1686046016	3600		269.10		 109600635		1486.00
8880	1686049616	3600		268.89		 102049113		1493.00
8880	1686053216	3600		268.56		  93758960		1476.00
8880	1686056816	3600		268.39		  88144606		1474.00
8880	1686060416	3600		268.17		  81908405		1467.00
8880	1686064016	3600		268.01		  76740060		1464.00
8880	1686067616	3600		267.88		  72453979		1460.00
8880	1686071216	3600		267.75		  68148640		1455.00
8880	1686073817	2601		267.40		  60215443		1442.00
8881	1686075017	1200		265.27		  60215443		-999.00
8882	1686078617	3600		261.06		  60215443		-999.00
8883	1686082217	3600		261.29		  60215443		-999.00
8884	1686073817	-8400		261.28		  60215443		-999.00
8882	1686084886	1200		267.74		  70610093		1469.00
8882	1686088486	3600		270.02		 136350750		1543.00
8882	1686092086	3600		270.72		 156724169		1543.00
8882	1686095686	3600		270.65		 155574665		1556.00
8882	1686099286	3600		270.58		 154686274		1538.00
8882	1686102886	3600		270.16		 141689306		1536.00
8882	1686106486	3600		269.74		 129250894		1523.00
8882	1686110086	3600		269.41		 119206573		1509.00
8882	1686113686	3600		269.12		 109738530		1505.00
8882	1686117286	3600		268.83		 101331689		1503.00
8882	1686120886	3600		268.63		  94913909		1492.00
8882	1686122035	1149		268.43		  89371880		1487.00
8883	1686123235	1200		261.11		  89371880		-999.00
8884	1686126835	3600		265.54		  89371880		-999.00
8885	1686130435	3600		265.59		  89371880		-999.00
8886	1686134035	3600		265.51		  89371880		-999.00
8887	1686137635	3600		265.43		  89371880		-999.00
8888	1686141235	3600		265.66		  89371880		-999.00
8889	1686144835	3600		265.74		  89371880		-999.00
8890	1686148435	3600		265.71		  89371880		-999.00
8891	1686152035	3600		265.79		  89371880		-999.00
8892	1686155635	3600		265.79		  89371880		-999.00
8893	1686159235	3600		265.77		  89371880		-999.00
8894	1686162835	3600		265.81		  89371880		-999.00
8895	1686166435	3600		261.06		  89371880		-999.00
8896	1686170035	3600		261.27		  89371880		-999.00
8897	1686173635	3600		261.27		  89371880		-999.00
8898	1686122035	-51600		261.75		  89371880		-999.00
8885	1686178075	1200		267.78		  69105196		1482.00
8885	1686181675	3600		270.04		 136954410		1539.00
8885	1686185275	3600		270.62		 156207871		1542.00
8885	1686188875	3600		270.60		 155665716		1558.00
8885	1686192475	3600		270.41		 150548026		1536.00
8885	1686196075	3600		269.65		 128662232		1519.00
8885	1686199675	3600		269.53		 124636529		1511.00
8885	1686203275	3600		269.09		 115661612		1482.00
8885	1686206875	3600		268.89		 105187646		1500.00
8885	1686210475	3600		268.67		  97765223		1494.00
8885	1686214075	3600		268.34		  89706352		1489.00
8885	1686217156	3081		268.20		  85083773		1486.00
8886	1686218356	1200		261.17		  85083773		-999.00
8887	1686221956	3600		261.07		  85083773		-999.00
8888	1686225556	3600		261.20		  85083773		-999.00
8889	1686229156	3600		261.14		  85083773		-999.00
8890	1686232756	3600		261.23		  85083773		-999.00
8891	1686236356	3600		261.23		  85083773		-999.00
8892	1686239956	3600		261.23		  85083773		-999.00
8893	1686243556	3600		261.08		  85083773		-999.00
8894	1686247156	3600		261.21		  85083773		-999.00
8895	1686250756	3600		261.21		  85083773		-999.00
8896	1686217156	-33600		261.31		  85083773		-999.00
8887	1686253850	1200		267.63		  65979638		1488.00
8887	1686257450	3600		269.79		 131815378		1551.00
8887	1686261050	3600		270.61		 156289285		1558.00
8887	1686264650	3600		270.62		 156450226		1566.00
8887	1686268250	3600		270.02		 140218317		1540.00
8887	1686270642	2392		269.94		 136237209		1541.00
8888	1686271842	1200		265.54		 136237209		-999.00
8889	1686275442	3600		265.61		 136237209		-999.00
8890	1686279042	3600		265.66		 136237209		-999.00
8891	1686282642	3600		261.02		 136237209		-999.00
8892	1686286242	3600		261.22		 136237209		-999.00
8893	1686289842	3600		261.26		 136237209		-999.00
8894	1686293442	3600		261.23		 136237209		-999.00
8895	1686297042	3600		261.23		 136237209		-999.00
8896	1686300642	3600		265.71		 136237209		-999.00
8897	1686304242	3600		261.26		 136237209		-999.00
8898	1686307842	3600		261.25		 136237209		-999.00
8899	1686270642	-37200		261.86		 136237209		-999.00
8891	1686310181	1200		268.76		 102825497		1519.00
8891	1686313781	3600		270.37		 149743293		1557.00
8891	1686317381	3600		270.45		 152603937		1562.00
8891	1686320981	3600		270.49		 153231389		1569.00
8891	1686324581	3600		270.38		 152397595		1551.00
8891	1686328181	3600		270.11		 141769888		1548.00
8891	1686331781	3600		269.66		 127987667		1542.00
8891	1686335381	3600		269.30		 117465554		1527.00
8891	1686338981	3600		268.95		 107004235		1519.00
8891	1686342581	3600		268.71		  99001106		1516.00
8891	1686346181	3600		268.41		  91457840		1510.00
8891	1686349781	3600		268.12		  85126957		1481.00
8891	1686353381	3600		268.02		  78232050		1492.00
8891	1686356981	3600		267.87		  73178469		1499.00
8891	1686359440	2459		267.72		  69509522		1491.00
8892	1686360640	1200		261.14		  69509522		-999.00
8893	1686364240	3600		261.09		  69509522		-999.00
8894	1686367840	3600		261.20		  69509522		-999.00
8895	1686371440	3600		261.20		  69509522		-999.00
8896	1686359440	-12000		261.39		  69509522		-999.00
8894	1686375142	1200		267.79		  71075643		1514.00
8894	1686378742	3600		270.08		 140169879		1574.00
8894	1686382342	3600		270.53		 154038762		1574.00
8894	1686385942	3600		270.46		 152506357		1574.00
8894	1686389542	3600		270.48		 153495948		1574.00
8894	1686393142	3600		270.13		 141775559		1565.00
8894	1686396742	3600		269.64		 129105235		1546.00
8894	1686400342	3600		269.27		 116789948		1537.00
8894	1686403942	3600		268.98		 107125621		1529.00
8894	1686407542	3600		268.71		  99368009		1525.00
8894	1686410936	3394		268.41		  92166968		1518.00
8895	1686412136	1200		265.35		  92166968		-999.00
8896	1686415736	3600		265.58		  92166968		-999.00
8897	1686419336	3600		265.62		  92166968		-999.00
8898	1686422936	3600		265.51		  92166968		-999.00
8899	1686426536	3600		265.69		  92166968		-999.00
8900	1686430136	3600		261.13		  92166968		-999.00
8901	1686433736	3600		261.18		  92166968		-999.00
8902	1686410936	-22800		261.69		  92166968		-999.00
8895	1686435772	1200		267.71		  67052589		1511.00
8895	1686439372	3600		269.85		 134003196		1569.00
8895	1686442972	3600		270.46		 152909584		1581.00
8895	1686446572	3600		270.50		 154117592		1582.00
8895	1686450172	3600		270.46		 152801255		1576.00
8895	1686453772	3600		270.52		 153694065		1583.00
8895	1686457372	3600		270.18		 143666490		1571.00
8895	1686460972	3600		269.69		 129840960		1563.00
8895	1686464572	3600		269.34		 119414547		1547.00
8895	1686466144	1572		269.12		 111097333		1545.00
8896	1686467344	1200		265.28		 111097333		-999.00
8897	1686470944	3600		261.07		 111097333		-999.00
8898	1686474544	3600		261.24		 111097333		-999.00
8899	1686466144	-8400		261.79		 111097333		-999.00
8896	1686476753	1200		267.43		  77604935		1390.00
8896	1686480353	3600		270.21		 145225831		1585.00
8896	1686483953	3600		270.49		 154925094		1577.00
8896	1686487553	3600		270.50		 154151392		1592.00
8896	1686491153	3600		270.46		 152555778		1588.00
8896	1686494753	3600		270.50		 153981771		1594.00
8896	1686498353	3600		270.14		 141864882		1584.00
8896	1686501953	3600		269.69		 129636082		1572.00
8896	1686504576	2623		269.37		 118877007		1558.00
8897	1686505776	1200		265.46		 118877007		-999.00
8898	1686509376	3600		261.18		 118877007		-999.00
8899	1686512976	3600		261.17		 118877007		-999.00
8900	1686516576	3600		265.68		 118877007		-999.00
8901	1686520176	3600		265.87		 118877007		-999.00
8902	1686523776	3600		265.92		 118877007		-999.00
8903	1686527376	3600		265.91		 118877007		-999.00
8904	1686530976	3600		265.91		 118877007		-999.00
8905	1686534576	3600		265.87		 118877007		-999.00
8906	1686538176	3600		265.83		 118877007		-999.00
8907	1686541776	3600		265.79		 118877007		-999.00
8908	1686545376	3600		265.79		 118877007		-999.00
8909	1686548976	3600		265.76		 118877007		-999.00
8910	1686552576	3600		265.68		 118877007		-999.00
8911	1686556176	3600		265.19		 118877007		-999.00
8912	1686559776	3600		265.27		 118877007		-999.00
8913	1686563376	3600		265.59		 118877007		-999.00
8914	1686566976	3600		265.58		 118877007		-999.00
8915	1686570576	3600		265.68		 118877007		-999.00
8916	1686574176	3600		265.58		 118877007		-999.00
8917	1686577776	3600		265.68		 118877007		-999.00
8918	1686581376	3600		265.72		 118877007		-999.00
8919	1686584976	3600		265.70		 118877007		-999.00
8920	1686588576	3600		265.77		 118877007		-999.00
8921	1686592176	3600		265.73		 118877007		-999.00
8922	1686595776	3600		265.73		 118877007		-999.00
8923	1686599376	3600		265.73		 118877007		-999.00
8924	1686602976	3600		265.73		 118877007		-999.00
8925	1686606576	3600		265.73		 118877007		-999.00
8926	1686610176	3600		265.73		 118877007		-999.00
8927	1686613776	3600		261.17		 118877007		-999.00
8928	1686504576	-109200		261.80		 118877007		-999.00
8901	1686617242	1200		267.77		  67742699		1546.00
8901	1686620842	3600		269.93		 133126759		1611.00
8901	1686624442	3600		270.44		 152385197		1605.00
8901	1686628042	3600		270.48		 153699326		1612.00
8901	1686631642	3600		270.50		 152935903		1616.00
8901	1686635242	3600		270.42		 151668998		1597.00
8901	1686638842	3600		270.01		 140084230		1587.00
8901	1686639722	880		261.15		 132503975		 19.50
8902	1686640922	1200		265.40		 132503975		-999.00
8903	1686644522	3600		265.62		 132503975		-999.00
8904	1686648122	3600		255.92		 132503975		-999.00
8905	1686651722	3600		255.69		 132503975		-999.00
8906	1686655322	3600		256.01		 132503975		-999.00
8907	1686658922	3600		255.87		 132503975		-999.00
8908	1686662522	3600		255.82		 132503975		-999.00
8909	1686666122	3600		255.89		 132503975		-999.00
8910	1686669722	3600		255.82		 132503975		-999.00
8911	1686673322	3600		255.74		 132503975		-999.00
8912	1686676922	3600		255.98		 132503975		-999.00
8913	1686680522	3600		255.94		 132503975		-999.00
8914	1686684122	3600		255.80		 132503975		-999.00
8915	1686687722	3600		255.77		 132503975		-999.00
8916	1686691322	3600		255.88		 132503975		-999.00
8917	1686694922	3600		255.76		 132503975		-999.00
8918	1686698522	3600		255.70		 132503975		-999.00
8919	1686702122	3600		255.81		 132503975		-999.00
8920	1686705722	3600		255.90		 132503975		-999.00
8921	1686709322	3600		255.78		 132503975		-999.00
8922	1686712922	3600		255.75		 132503975		-999.00
8923	1686716522	3600		255.88		 132503975		-999.00
8924	1686720122	3600		255.89		 132503975		-999.00
8925	1686723722	3600		255.77		 132503975		-999.00
8926	1686727322	3600		255.96		 132503975		-999.00
8927	1686730922	3600		255.85		 132503975		-999.00
8928	1686734522	3600		255.80		 132503975		-999.00
8929	1686738122	3600		255.89		 132503975		-999.00
8930	1686741722	3600		255.87		 132503975		-999.00
8931	1686745322	3600		255.78		 132503975		-999.00
8932	1686748922	3600		255.75		 132503975		-999.00
8933	1686752522	3600		256.01		 132503975		-999.00
8934	1686756122	3600		256.07		 132503975		-999.00
8935	1686759722	3600		255.84		 132503975		-999.00
8936	1686763322	3600		255.86		 132503975		-999.00
8937	1686766922	3600		255.77		 132503975		-999.00
8938	1686770522	3600		255.83		 132503975		-999.00
8939	1686774122	3600		255.88		 132503975		-999.00
8940	1686777722	3600		255.99		 132503975		-999.00
8941	1686781322	3600		255.85		 132503975		-999.00
8942	1686784922	3600		255.75		 132503975		-999.00
8943	1686788522	3600		255.84		 132503975		-999.00
8944	1686792122	3600		255.88		 132503975		-999.00
8945	1686795722	3600		255.89		 132503975		-999.00
8946	1686799322	3600		255.86		 132503975		-999.00
8947	1686802922	3600		255.88		 132503975		-999.00
8948	1686806522	3600		255.64		 132503975		-999.00
8949	1686810122	3600		255.87		 132503975		-999.00
8950	1686813722	3600		255.91		 132503975		-999.00
8951	1686817322	3600		255.90		 132503975		-999.00
8952	1686820922	3600		255.93		 132503975		-999.00
8953	1686824522	3600		255.95		 132503975		-999.00
8954	1686828122	3600		255.88		 132503975		-999.00
8955	1686831722	3600		255.85		 132503975		-999.00
8956	1686835322	3600		255.84		 132503975		-999.00
8957	1686838922	3600		255.90		 132503975		-999.00
8958	1686842522	3600		255.89		 132503975		-999.00
8959	1686846122	3600		255.93		 132503975		-999.00
8960	1686849722	3600		255.77		 132503975		-999.00
8961	1686853322	3600		255.92		 132503975		-999.00
8962	1686856922	3600		255.84		 132503975		-999.00
8963	1686860522	3600		255.80		 132503975		-999.00
8964	1686864122	3600		255.71		 132503975		-999.00
8965	1686867722	3600		255.82		 132503975		-999.00
8966	1686871322	3600		255.88		 132503975		-999.00
8967	1686874922	3600		255.98		 132503975		-999.00
8968	1686878522	3600		255.96		 132503975		-999.00
8969	1686882122	3600		255.88		 132503975		-999.00
8970	1686885722	3600		255.96		 132503975		-999.00
8971	1686889322	3600		256.00		 132503975		-999.00
8972	1686892922	3600		255.97		 132503975		-999.00
8973	1686896522	3600		255.93		 132503975		-999.00
8974	1686900122	3600		255.78		 132503975		-999.00
8975	1686903722	3600		255.96		 132503975		-999.00
8976	1686907322	3600		255.75		 132503975		-999.00
8977	1686910922	3600		255.76		 132503975		-999.00
8978	1686914522	3600		255.81		 132503975		-999.00
8979	1686918122	3600		255.81		 132503975		-999.00
8980	1686921722	3600		255.94		 132503975		-999.00
8981	1686925322	3600		256.03		 132503975		-999.00
8982	1686928922	3600		256.01		 132503975		-999.00
8983	1686932522	3600		255.97		 132503975		-999.00
8984	1686936122	3600		255.91		 132503975		-999.00
8985	1686939722	3600		255.96		 132503975		-999.00
8986	1686943322	3600		255.86		 132503975		-999.00
8987	1686946922	3600		255.84		 132503975		-999.00
8988	1686950522	3600		255.84		 132503975		-999.00
8989	1686954122	3600		255.75		 132503975		-999.00
8990	1686957722	3600		255.88		 132503975		-999.00
8991	1686961322	3600		255.90		 132503975		-999.00
8992	1686964922	3600		255.84		 132503975		-999.00
8993	1686968522	3600		255.92		 132503975		-999.00
8994	1686972122	3600		256.03		 132503975		-999.00
8995	1686975722	3600		255.84		 132503975		-999.00
8996	1686979322	3600		255.85		 132503975		-999.00
8997	1686982922	3600		255.92		 132503975		-999.00
8998	1686986522	3600		255.75		 132503975		-999.00
8999	1686990122	3600		255.76		 132503975		-999.00
9000	1686993722	3600		255.82		 132503975		-999.00
9001	1686997322	3600		255.95		 132503975		-999.00
9002	1687000922	3600		255.88		 132503975		-999.00
9003	1687004522	3600		255.99		 132503975		-999.00
9004	1687008122	3600		255.97		 132503975		-999.00
9005	1687011722	3600		255.79		 132503975		-999.00
9006	1687015322	3600		255.89		 132503975		-999.00
9007	1687018922	3600		255.81		 132503975		-999.00
9008	1687022522	3600		255.99		 132503975		-999.00
9009	1687026122	3600		255.91		 132503975		-999.00
9010	1687029722	3600		255.92		 132503975		-999.00
9011	1687033322	3600		255.95		 132503975		-999.00
9012	1687036922	3600		255.96		 132503975		-999.00
9013	1687040522	3600		255.87		 132503975		-999.00
9014	1687044122	3600		255.89		 132503975		-999.00
9015	1687047722	3600		255.86		 132503975		-999.00
9016	1687051322	3600		255.96		 132503975		-999.00
9017	1687054922	3600		255.92		 132503975		-999.00
9018	1687058522	3600		255.99		 132503975		-999.00
9019	1687062122	3600		255.84		 132503975		-999.00
9020	1687065722	3600		255.88		 132503975		-999.00
9021	1687069322	3600		255.74		 132503975		-999.00
9022	1687072922	3600		255.76		 132503975		-999.00
9023	1687076522	3600		255.83		 132503975		-999.00
9024	1687080122	3600		255.89		 132503975		-999.00
9025	1687083722	3600		255.79		 132503975		-999.00
9026	1687087322	3600		255.77		 132503975		-999.00
9027	1687090922	3600		255.76		 132503975		-999.00
9028	1687094522	3600		255.79		 132503975		-999.00
9029	1687098122	3600		255.87		 132503975		-999.00
9030	1687101722	3600		255.76		 132503975		-999.00
9031	1687105322	3600		255.75		 132503975		-999.00
9032	1687108922	3600		255.81		 132503975		-999.00
9033	1687112522	3600		255.86		 132503975		-999.00
9034	1687116122	3600		255.84		 132503975		-999.00
9035	1687119722	3600		256.01		 132503975		-999.00
9036	1687123322	3600		256.02		 132503975		-999.00
9037	1687126922	3600		255.79		 132503975		-999.00
9038	1687130522	3600		255.86		 132503975		-999.00
9039	1687134122	3600		255.74		 132503975		-999.00
9040	1687137722	3600		255.85		 132503975		-999.00
9041	1687141322	3600		255.89		 132503975		-999.00
9042	1687144922	3600		255.75		 132503975		-999.00
9043	1687148522	3600		255.85		 132503975		-999.00
9044	1687152122	3600		255.80		 132503975		-999.00
9045	1687155722	3600		255.82		 132503975		-999.00
9046	1687159322	3600		255.82		 132503975		-999.00
9047	1687162922	3600		255.76		 132503975		-999.00
9048	1687166522	3600		255.71		 132503975		-999.00
9049	1687170122	3600		255.83		 132503975		-999.00
9050	1687173722	3600		255.82		 132503975		-999.00
9051	1687177322	3600		261.38		 132503975		-999.00
9052	1687180922	3600		265.05		 132503975		-999.00
9053	1687184522	3600		265.30		 132503975		-999.00
9054	1687188122	3600		265.50		 132503975		-999.00
9055	1687191722	3600		265.74		 132503975		-999.00
9056	1687195322	3600		265.53		 132503975		-999.00
9057	1687198922	3600		265.63		 132503975		-999.00
9058	1687202522	3600		265.67		 132503975		-999.00
9059	1687206122	3600		265.71		 132503975		-999.00
9060	1687209722	3600		265.63		 132503975		-999.00
9061	1687213322	3600		265.71		 132503975		-999.00
9062	1687216922	3600		265.71		 132503975		-999.00
9063	1687220522	3600		265.71		 132503975		-999.00
9064	1687224122	3600		265.71		 132503975		-999.00
9065	1687227722	3600		265.71		 132503975		-999.00
9066	1687231322	3600		265.71		 132503975		-999.00
9067	1687234922	3600		265.71		 132503975		-999.00
9068	1687238522	3600		265.56		 132503975		-999.00
9069	1687242122	3600		265.29		 132503975		-999.00
9070	1687245722	3600		265.32		 132503975		-999.00
9071	1687249322	3600		265.16		 132503975		-999.00
9072	1687252922	3600		264.92		 132503975		-999.00
9073	1687256522	3600		265.06		 132503975		-999.00
9074	1687260122	3600		265.18		 132503975		-999.00
9075	1687263722	3600		265.42		 132503975		-999.00
9076	1687267322	3600		265.35		 132503975		-999.00
9077	1687270922	3600		265.65		 132503975		-999.00
9078	1687274522	3600		265.62		 132503975		-999.00
9079	1687278122	3600		265.62		 132503975		-999.00
9080	1687281722	3600		265.57		 132503975		-999.00
9081	1687285322	3600		265.66		 132503975		-999.00
9082	1687288922	3600		265.57		 132503975		-999.00
9083	1687292522	3600		265.57		 132503975		-999.00
9084	1687296122	3600		265.66		 132503975		-999.00
9085	1687299722	3600		265.64		 132503975		-999.00
9086	1687303322	3600		265.64		 132503975		-999.00
9087	1687306922	3600		265.64		 132503975		-999.00
9088	1687310522	3600		265.64		 132503975		-999.00
9089	1687314122	3600		265.64		 132503975		-999.00
9090	1687317722	3600		265.64		 132503975		-999.00
9091	1687321322	3600		265.64		 132503975		-999.00
9092	1687324922	3600		265.64		 132503975		-999.00
9093	1687328522	3600		265.24		 132503975		-999.00
9094	1687332122	3600		261.27		 132503975		-999.00
9095	1687335722	3600		261.41		 132503975		-999.00
9096	1687339322	3600		265.23		 132503975		-999.00
9097	1687342922	3600		265.35		 132503975		-999.00
9098	1687346522	3600		265.35		 132503975		-999.00
9099	1687350122	3600		265.36		 132503975		-999.00
9100	1687353722	3600		265.38		 132503975		-999.00
9101	1687357322	3600		265.68		 132503975		-999.00
9102	1687360922	3600		265.20		 132503975		-999.00
9103	1687364522	3600		265.24		 132503975		-999.00
9104	1687368122	3600		265.62		 132503975		-999.00
9105	1687371722	3600		265.64		 132503975		-999.00
9106	1687375322	3600		265.64		 132503975		-999.00
9107	1687378922	3600		265.64		 132503975		-999.00
9108	1687382522	3600		265.64		 132503975		-999.00
9109	1687386122	3600		265.62		 132503975		-999.00
9110	1687389722	3600		265.61		 132503975		-999.00
9111	1687393322	3600		265.61		 132503975		-999.00
9112	1687396922	3600		265.61		 132503975		-999.00
9113	1687400522	3600		265.61		 132503975		-999.00
9114	1687404122	3600		265.61		 132503975		-999.00
9115	1687407722	3600		265.16		 132503975		-999.00
9116	1687411322	3600		265.36		 132503975		-999.00
9117	1687414922	3600		265.33		 132503975		-999.00
9118	1687418522	3600		265.32		 132503975		-999.00
9119	1687422122	3600		265.32		 132503975		-999.00
9120	1687425722	3600		265.29		 132503975		-999.00
9121	1687429322	3600		265.41		 132503975		-999.00
9122	1687432922	3600		265.41		 132503975		-999.00
9123	1687436522	3600		265.41		 132503975		-999.00
9124	1687440122	3600		265.61		 132503975		-999.00
9125	1687443722	3600		265.57		 132503975		-999.00
9126	1687447322	3600		265.22		 132503975		-999.00
9127	1687450922	3600		265.35		 132503975		-999.00
9128	1687454522	3600		265.53		 132503975		-999.00
9129	1687458122	3600		265.60		 132503975		-999.00
9130	1687461722	3600		265.60		 132503975		-999.00
9131	1687465322	3600		265.60		 132503975		-999.00
9132	1687468922	3600		265.60		 132503975		-999.00
9133	1687472522	3600		265.60		 132503975		-999.00
9134	1687476122	3600		265.60		 132503975		-999.00
9135	1687479722	3600		265.60		 132503975		-999.00
9136	1687483322	3600		265.60		 132503975		-999.00
9137	1687486922	3600		265.60		 132503975		-999.00
9138	1687490522	3600		265.60		 132503975		-999.00
9139	1687494122	3600		265.60		 132503975		-999.00
9140	1687497722	3600		265.46		 132503975		-999.00
9141	1687501322	3600		265.43		 132503975		-999.00
9142	1687504922	3600		265.43		 132503975		-999.00
9143	1687508522	3600		265.39		 132503975		-999.00
9144	1687512122	3600		265.43		 132503975		-999.00
9145	1687515722	3600		265.39		 132503975		-999.00
9146	1687519322	3600		265.31		 132503975		-999.00
9147	1687522922	3600		265.48		 132503975		-999.00
9148	1687526522	3600		265.57		 132503975		-999.00
9149	1687530122	3600		265.46		 132503975		-999.00
9150	1687533722	3600		265.02		 132503975		-999.00
9151	1687537322	3600		265.56		 132503975		-999.00
9152	1687540922	3600		265.56		 132503975		-999.00
9153	1687544522	3600		265.45		 132503975		-999.00
9154	1687548122	3600		265.57		 132503975		-999.00
9155	1687551722	3600		265.57		 132503975		-999.00
9156	1687555322	3600		265.65		 132503975		-999.00
9157	1687558922	3600		265.69		 132503975		-999.00
9158	1687562522	3600		265.69		 132503975		-999.00
9159	1687566122	3600		265.69		 132503975		-999.00
9160	1687569722	3600		265.69		 132503975		-999.00
9161	1687573322	3600		265.69		 132503975		-999.00
9162	1687576922	3600		265.69		 132503975		-999.00
9163	1687580522	3600		265.69		 132503975		-999.00
9164	1687584122	3600		265.65		 132503975		-999.00
9165	1687587722	3600		265.61		 132503975		-999.00
9166	1687591322	3600		265.60		 132503975		-999.00
9167	1687594922	3600		265.48		 132503975		-999.00
9168	1687598522	3600		265.52		 132503975		-999.00
9169	1687602122	3600		265.67		 132503975		-999.00
9170	1687605722	3600		265.63		 132503975		-999.00
9171	1687609322	3600		265.67		 132503975		-999.00
9172	1687612922	3600		265.66		 132503975		-999.00
9173	1687616522	3600		265.66		 132503975		-999.00
9174	1687620122	3600		261.23		 132503975		-999.00
9175	1687623722	3600		261.22		 132503975		-999.00
9176	1687627322	3600		261.21		 132503975		-999.00
9177	1687630922	3600		261.17		 132503975		-999.00
9178	1687634522	3600		261.17		 132503975		-999.00
9179	1687638122	3600		261.17		 132503975		-999.00
9180	1687641722	3600		261.14		 132503975		-999.00
9181	1687645322	3600		261.21		 132503975		-999.00
9182	1687648922	3600		261.17		 132503975		-999.00
9183	1687652522	3600		261.14		 132503975		-999.00
9184	1687656122	3600		261.14		 132503975		-999.00
9185	1687659722	3600		261.14		 132503975		-999.00
9186	1687663322	3600		261.16		 132503975		-999.00
9187	1687666922	3600		261.16		 132503975		-999.00
9188	1687670522	3600		261.17		 132503975		-999.00
9189	1687674122	3600		261.13		 132503975		-999.00
9190	1687677722	3600		261.13		 132503975		-999.00
9191	1687681322	3600		261.17		 132503975		-999.00
9192	1687684922	3600		261.13		 132503975		-999.00
9193	1687688522	3600		261.13		 132503975		-999.00
9194	1687692122	3600		261.13		 132503975		-999.00
9195	1687695722	3600		261.17		 132503975		-999.00
9196	1687699322	3600		261.13		 132503975		-999.00
9197	1687702922	3600		261.13		 132503975		-999.00
9198	1687706522	3600		261.13		 132503975		-999.00
9199	1687710122	3600		261.13		 132503975		-999.00
9200	1687713722	3600		261.13		 132503975		-999.00
9201	1687717322	3600		261.13		 132503975		-999.00
9202	1687720922	3600		261.13		 132503975		-999.00
9203	1687724522	3600		261.11		 132503975		-999.00
9204	1687728122	3600		261.12		 132503975		-999.00
9205	1687731722	3600		261.17		 132503975		-999.00
9206	1687735322	3600		261.11		 132503975		-999.00
9207	1687738922	3600		261.13		 132503975		-999.00
9208	1687742522	3600		261.13		 132503975		-999.00
9209	1687746122	3600		261.13		 132503975		-999.00
9210	1687749722	3600		261.13		 132503975		-999.00
9211	1687753322	3600		261.13		 132503975		-999.00
9212	1687756922	3600		261.09		 132503975		-999.00
9213	1687760522	3600		261.11		 132503975		-999.00
9214	1687764122	3600		261.15		 132503975		-999.00
9215	1687767722	3600		261.15		 132503975		-999.00
9216	1687771322	3600		261.15		 132503975		-999.00
9217	1687774922	3600		261.15		 132503975		-999.00
9218	1687778522	3600		261.08		 132503975		-999.00
9219	1687782122	3600		261.12		 132503975		-999.00
9220	1687785722	3600		261.15		 132503975		-999.00
9221	1687789322	3600		261.11		 132503975		-999.00
9222	1687792922	3600		261.17		 132503975		-999.00
9223	1687796522	3600		261.21		 132503975		-999.00
9224	1687800122	3600		261.21		 132503975		-999.00
9225	1687803722	3600		261.21		 132503975		-999.00
9226	1687807322	3600		261.21		 132503975		-999.00
9227	1687810922	3600		261.01		 132503975		-999.00
9228	1687814522	3600		261.15		 132503975		-999.00
9229	1687818122	3600		261.20		 132503975		-999.00
9230	1687821722	3600		261.20		 132503975		-999.00
9231	1687825322	3600		260.96		 132503975		-999.00
9232	1687828922	3600		261.20		 132503975		-999.00
9233	1687832522	3600		265.57		 132503975		-999.00
9234	1687836122	3600		265.60		 132503975		-999.00
9235	1687839722	3600		265.41		 132503975		-999.00
9236	1687843322	3600		265.35		 132503975		-999.00
9237	1687846922	3600		265.18		 132503975		-999.00
9238	1687850522	3600		265.31		 132503975		-999.00
9239	1687854122	3600		265.24		 132503975		-999.00
9240	1687857722	3600		265.24		 132503975		-999.00
9241	1687861322	3600		265.24		 132503975		-999.00
9242	1687864922	3600		265.24		 132503975		-999.00
9243	1687868522	3600		265.24		 132503975		-999.00
9244	1687872122	3600		265.24		 132503975		-999.00
9245	1687875722	3600		265.62		 132503975		-999.00
9246	1687879322	3600		265.66		 132503975		-999.00
9247	1687882922	3600		261.06		 132503975		-999.00
9248	1687886522	3600		261.23		 132503975		-999.00
9249	1687890122	3600		261.23		 132503975		-999.00
9250	1687893722	3600		261.23		 132503975		-999.00
9251	1687897322	3600		261.23		 132503975		-999.00
9252	1687900922	3600		261.23		 132503975		-999.00
9253	1687904522	3600		261.23		 132503975		-999.00
9254	1687908122	3600		265.53		 132503975		-999.00
9255	1687911722	3600		265.68		 132503975		-999.00
9256	1687915322	3600		265.72		 132503975		-999.00
9257	1687918922	3600		265.68		 132503975		-999.00
9258	1687922522	3600		265.68		 132503975		-999.00
9259	1687926122	3600		265.72		 132503975		-999.00
9260	1687929722	3600		265.33		 132503975		-999.00
9261	1687933322	3600		261.19		 132503975		-999.00
9262	1687936922	3600		261.27		 132503975		-999.00
9263	1687940522	3600		261.18		 132503975		-999.00
9264	1686639722	-1300800		261.11		 132503975		-999.00
8997	1687942253	1200		265.46		     51051		1453.00
8997	1687945853	3600		265.43		     74957		1448.00
8997	1687949453	3600		265.47		     74535		1441.00
8997	1687953053	3600		265.47		     73067		1440.00
8997	1687956653	3600		265.47		     73707		1443.00
8997	1687960253	3600		265.47		     72787		1440.00
8997	1687963853	3600		265.12		     56250		1355.00
8997	1687965573	1720		265.45		     52953		1438.00
8998	1687966773	1200		261.06		     52953		-999.00
8999	1687970373	3600		261.26		     52953		-999.00
9000	1687973973	3600		261.29		     52953		-999.00
9001	1687965573	-8400		261.64		     52953		-999.00
8999	1687977456	1200		265.50		     45879		1453.00
8999	1687981056	3600		265.46		     41951		1445.00
8999	1687984656	3600		265.40		     33891		1430.00
8999	1687988256	3600		265.29		     39161		1416.00
8999	1687991856	3600		265.74		     32024		1540.00
8999	1687995456	3600		265.23		     34187		1405.00
8999	1687999056	3600		265.39		     74328		1425.00
8999	1688002656	3600		265.43		     74714		1432.00
8999	1688006256	3600		265.39		     74712		1428.00
8999	1688009856	3600		265.14		     66225		1400.00
8999	1688013456	3600		265.80		     32122		1547.00
8999	1688017056	3600		265.43		     28561		1458.00
8999	1688020656	3600		265.45		     34836		1454.00
8999	1688024256	3600		265.61		     29137		1481.00
8999	1688027856	3600		265.81		     41858		1539.00
8999	1688031456	3600		265.26		     47053		1408.00
8999	1688035056	3600		265.37		     74194		1426.00
8999	1688038656	3600		265.37		     75075		1424.00
8999	1688042256	3600		265.37		     74680		1426.00
8999	1688045856	3600		265.37		     75446		1424.00
8999	1688049456	3600		265.37		     74665		1422.00
8999	1688053056	3600		265.37		     56617		1427.00
8999	1688056656	3600		265.37		     58621		1427.00
8999	1688060256	3600		265.65		     40520		1480.00
8999	1688062778	2522		265.26		     67412		1403.00
9095	1693551832	1200		265.52		      1152		1531.00
9095	1693552464	632		265.48		      1110		1532.00
9096	1693553664	1200		260.93		      1110		-999.00
9097	1693557264	3600		265.64		      1110		-999.00
9098	1693560864	3600		265.66		      1110		-999.00
9099	1693564464	3600		265.60		      1110		-999.00
9100	1693568064	3600		265.69		      1110		-999.00
9101	1693571664	3600		261.05		      1110		-999.00
9102	1693575264	3600		261.13		      1110		-999.00
9103	1693578864	3600		261.23		      1110		-999.00
9104	1693582464	3600		261.23		      1110		-999.00
9105	1693586064	3600		261.23		      1110		-999.00
9106	1693589664	3600		261.23		      1110		-999.00
9107	1693593264	3600		261.23		      1110		-999.00
9108	1693596864	3600		261.23		      1110		-999.00
9109	1693600464	3600		261.23		      1110		-999.00
9110	1693604064	3600		261.23		      1110		-999.00
9111	1693607664	3600		261.23		      1110		-999.00
9112	1693611264	3600		261.23		      1110		-999.00
9113	1693614864	3600		261.23		      1110		-999.00
9114	1693618464	3600		261.18		      1110		-999.00
9115	1693622064	3600		265.46		      1110		-999.00
9116	1693625664	3600		265.65		      1110		-999.00
9117	1693629264	3600		265.61		      1110		-999.00
9118	1693632864	3600		265.61		      1110		-999.00
9119	1693636464	3600		265.62		      1110		-999.00
9120	1693640064	3600		265.61		      1110		-999.00
9121	1693643664	3600		265.61		      1110		-999.00
9122	1693647264	3600		261.19		      1110		-999.00
9123	1693650864	3600		261.10		      1110		-999.00
9124	1693654464	3600		261.19		      1110		-999.00
9125	1693658064	3600		261.15		      1110		-999.00
9126	1693661664	3600		261.17		      1110		-999.00
9127	1693665264	3600		261.11		      1110		-999.00
9128	1693668864	3600		261.21		      1110		-999.00
9129	1693672464	3600		261.21		      1110		-999.00
9130	1693676064	3600		261.21		      1110		-999.00
9131	1693679664	3600		261.21		      1110		-999.00
9132	1693683264	3600		261.17		      1110		-999.00
9133	1693686864	3600		261.21		      1110		-999.00
9134	1693690464	3600		261.07		      1110		-999.00
9135	1693694064	3600		261.18		      1110		-999.00
9136	1693697664	3600		261.18		      1110		-999.00
9137	1693701264	3600		261.18		      1110		-999.00
9138	1693704864	3600		261.22		      1110		-999.00
9139	1693708464	3600		261.20		      1110		-999.00
9140	1693712064	3600		260.90		      1110		-999.00
9141	1693715664	3600		261.12		      1110		-999.00
9142	1693719264	3600		261.24		      1110		-999.00
9143	1693722864	3600		265.60		      1110		-999.00
9144	1693726464	3600		265.61		      1110		-999.00
9145	1693730064	3600		265.61		      1110		-999.00
9146	1693733664	3600		265.61		      1110		-999.00
9147	1693737264	3600		265.57		      1110		-999.00
9148	1693740864	3600		261.14		      1110		-999.00
9149	1693744464	3600		261.19		      1110		-999.00
9150	1693748064	3600		261.23		      1110		-999.00
9151	1693751664	3600		261.19		      1110		-999.00
9152	1693755264	3600		261.24		      1110		-999.00
9153	1693758864	3600		261.20		      1110		-999.00
9154	1693762464	3600		261.20		      1110		-999.00
9155	1693766064	3600		261.19		      1110		-999.00
9156	1693769664	3600		260.97		      1110		-999.00
9157	1693773264	3600		261.22		      1110		-999.00
9158	1693776864	3600		261.22		      1110		-999.00
9159	1693780464	3600		261.16		      1110		-999.00
9160	1693784064	3600		261.24		      1110		-999.00
9161	1693787664	3600		261.21		      1110		-999.00
9162	1693791264	3600		261.21		      1110		-999.00
9163	1693794864	3600		261.22		      1110		-999.00
9164	1693798464	3600		261.18		      1110		-999.00
9165	1693802064	3600		261.18		      1110		-999.00
9166	1693805664	3600		261.20		      1110		-999.00
9167	1693809264	3600		261.19		      1110		-999.00
9168	1693812864	3600		261.19		      1110		-999.00
9169	1693816464	3600		261.19		      1110		-999.00
9170	1693820064	3600		261.19		      1110		-999.00
9171	1693823664	3600		261.19		      1110		-999.00
9172	1693827264	3600		261.19		      1110		-999.00
9173	1693830864	3600		261.06		      1110		-999.00
9174	1693834464	3600		261.19		      1110		-999.00
9175	1693838064	3600		261.18		      1110		-999.00
9176	1693841664	3600		261.18		      1110		-999.00
9177	1693845264	3600		261.18		      1110		-999.00
9178	1693848864	3600		261.18		      1110		-999.00
9179	1693852464	3600		261.18		      1110		-999.00
9180	1693856064	3600		261.18		      1110		-999.00
9181	1693859664	3600		261.21		      1110		-999.00
9182	1693863264	3600		261.21		      1110		-999.00
9183	1693866864	3600		261.14		      1110		-999.00
9184	1693870464	3600		261.22		      1110		-999.00
9185	1693874064	3600		261.22		      1110		-999.00
9186	1693877664	3600		261.22		      1110		-999.00
9187	1693881264	3600		261.22		      1110		-999.00
9188	1693884864	3600		261.22		      1110		-999.00
9189	1693888464	3600		261.14		      1110		-999.00
9190	1693892064	3600		261.14		      1110		-999.00
9191	1693895664	3600		261.14		      1110		-999.00
9192	1693899264	3600		261.14		      1110		-999.00
9193	1693902864	3600		261.14		      1110		-999.00
9194	1693906464	3600		261.14		      1110		-999.00
9195	1693910064	3600		261.16		      1110		-999.00
9196	1693913664	3600		261.20		      1110		-999.00
9197	1693917264	3600		261.16		      1110		-999.00
9198	1693920864	3600		261.16		      1110		-999.00
9199	1693924464	3600		261.20		      1110		-999.00
9200	1693928064	3600		261.20		      1110		-999.00
9201	1693931664	3600		261.20		      1110		-999.00
9202	1693935264	3600		261.16		      1110		-999.00
9203	1693938864	3600		261.16		      1110		-999.00
9204	1693942464	3600		261.20		      1110		-999.00
9205	1693946064	3600		261.16		      1110		-999.00
9206	1693949664	3600		261.21		      1110		-999.00
9207	1693953264	3600		261.21		      1110		-999.00
9208	1693956864	3600		261.21		      1110		-999.00
9209	1693960464	3600		261.23		      1110		-999.00
9210	1693964064	3600		261.16		      1110		-999.00
9211	1693967664	3600		261.20		      1110		-999.00
9212	1693971264	3600		261.20		      1110		-999.00
9213	1693974864	3600		261.12		      1110		-999.00
9214	1693978464	3600		261.21		      1110		-999.00
9215	1693982064	3600		261.13		      1110		-999.00
9216	1693985664	3600		265.44		      1110		-999.00
9217	1693989264	3600		265.53		      1110		-999.00
9218	1693992864	3600		265.53		      1110		-999.00
9219	1693996464	3600		265.60		      1110		-999.00
9220	1694000064	3600		265.60		      1110		-999.00
9221	1694003664	3600		265.57		      1110		-999.00
9222	1694007264	3600		265.62		      1110		-999.00
9223	1694010864	3600		265.62		      1110		-999.00
9224	1694014464	3600		265.63		      1110		-999.00
9225	1694018064	3600		265.61		      1110		-999.00
9226	1694021664	3600		265.61		      1110		-999.00
9227	1694025264	3600		265.46		      1110		-999.00
9228	1694028864	3600		265.25		      1110		-999.00
9229	1694032464	3600		265.49		      1110		-999.00
9230	1694036064	3600		265.61		      1110		-999.00
9231	1694039664	3600		265.61		      1110		-999.00
9232	1694043264	3600		265.61		      1110		-999.00
9233	1694046864	3600		265.61		      1110		-999.00
9234	1694050464	3600		265.61		      1110		-999.00
9235	1694054064	3600		265.61		      1110		-999.00
9236	1694057664	3600		265.61		      1110		-999.00
9237	1694061264	3600		265.61		      1110		-999.00
9238	1694064864	3600		265.57		      1110		-999.00
9239	1694068464	3600		265.58		      1110		-999.00
9240	1694072064	3600		265.58		      1110		-999.00
9241	1694075664	3600		265.58		      1110		-999.00
9242	1694079264	3600		261.19		      1110		-999.00
9243	1694082864	3600		261.24		      1110		-999.00
9244	1694086464	3600		261.16		      1110		-999.00
9245	1693552464	-534000		261.19		      1110		-999.00
9128	1694090072	1200		265.47		     22959		1524.00
9128	1694093672	3600		265.47		     23332		1517.00
9128	1694097272	3600		265.47		     23387		1514.00
9128	1694100872	3600		265.45		     23925		1508.00
9128	1694104472	3600		265.49		     24185		1511.00
9128	1694108072	3600		265.49		     24764		1511.00
9128	1694111672	3600		265.45		     24887		1506.00
9128	1694115272	3600		265.49		     25504		1506.00
9128	1694118872	3600		265.49		     25636		1509.00
9128	1694122472	3600		265.45		     26093		1507.00
9128	1694126072	3600		265.49		     26658		1499.00
9128	1694129672	3600		265.41		     26893		1492.00
9128	1694132095	2423		261.63		     27166		 10.50
9129	1694133295	1200		261.15		     27166		-999.00
9130	1694136895	3600		265.62		     27166		-999.00
9131	1694140495	3600		265.53		     27166		-999.00
9132	1694144095	3600		261.36		     27166		-999.00
9133	1694147695	3600		261.24		     27166		-999.00
9134	1694151295	3600		261.16		     27166		-999.00
9135	1694154895	3600		261.16		     27166		-999.00
9136	1694158495	3600		261.16		     27166		-999.00
9137	1694162095	3600		261.16		     27166		-999.00
9138	1694165695	3600		261.16		     27166		-999.00
9139	1694169295	3600		261.16		     27166		-999.00
9140	1694172895	3600		261.20		     27166		-999.00
9141	1694176495	3600		261.16		     27166		-999.00
9142	1694180095	3600		261.27		     27166		-999.00
9143	1694183695	3600		261.19		     27166		-999.00
9144	1694187295	3600		261.15		     27166		-999.00
9145	1694190895	3600		261.15		     27166		-999.00
9146	1694194495	3600		261.15		     27166		-999.00
9147	1694198095	3600		261.15		     27166		-999.00
9148	1694201695	3600		261.15		     27166		-999.00
9149	1694205295	3600		261.19		     27166		-999.00
9150	1694208895	3600		261.15		     27166		-999.00
9151	1694212495	3600		261.15		     27166		-999.00
9152	1694216095	3600		261.19		     27166		-999.00
9153	1694219695	3600		261.15		     27166		-999.00
9154	1694223295	3600		261.15		     27166		-999.00
9155	1694226895	3600		261.15		     27166		-999.00
9156	1694230495	3600		261.23		     27166		-999.00
9157	1694234095	3600		261.23		     27166		-999.00
9158	1694237695	3600		261.15		     27166		-999.00
9159	1694241295	3600		261.19		     27166		-999.00
9160	1694244895	3600		261.15		     27166		-999.00
9161	1694248495	3600		261.23		     27166		-999.00
9162	1694252095	3600		261.15		     27166		-999.00
9163	1694255695	3600		261.23		     27166		-999.00
9164	1694132095	-123600		261.56		     27166		-999.00
9132	1694260024	1200		261.23		        25		  8.50
9132	1694263624	3600		261.19		       147		  8.50
9132	1694267224	3600		261.23		        17		  8.50
9132	1694270824	3600		261.23		        14		  8.50
9132	1694274424	3600		261.23		        14		  8.50
9132	1694278024	3600		261.19		        21		  8.50
9132	1694281624	3600		261.19		        32		  8.50
9132	1694285224	3600		261.15		        34		  8.50
9132	1694288824	3600		261.23		         2		  8.50
9132	1694290016	1192		261.23		         0		  8.50
9133	1694291216	1200		261.23		         0		-999.00
9134	1694294816	3600		261.15		         0		-999.00
9135	1694298416	3600		261.15		         0		-999.00
9136	1694302016	3600		261.19		         0		-999.00
9137	1694305616	3600		261.19		         0		-999.00
9138	1694309216	3600		261.15		         0		-999.00
9139	1694312816	3600		261.23		         0		-999.00
9140	1694316416	3600		261.15		         0		-999.00
9141	1694320016	3600		261.15		         0		-999.00
9142	1694323616	3600		261.15		         0		-999.00
9143	1694290016	-33600		261.23		         0		-999.00
9135	1694327675	1200		261.15		        19		  8.50
9135	1694331275	3600		261.19		        14		  8.50
9135	1694334875	3600		261.15		        12		  8.50
9135	1694338475	3600		261.15		        19		  8.50
9135	1694342075	3600		261.15		         8		  8.50
9135	1694343925	1850		261.15		         9		  8.50
9136	1694345125	1200		261.15		         9		-999.00
9137	1694348725	3600		261.15		         9		-999.00
9138	1694352325	3600		261.15		         9		-999.00
9139	1694355925	3600		261.15		         9		-999.00
9140	1694359525	3600		261.15		         9		-999.00
9141	1694363125	3600		261.15		         9		-999.00
9142	1694366725	3600		261.19		         9		-999.00
9143	1694370325	3600		261.15		         9		-999.00
9144	1694343925	-26400		261.15		         9		-999.00
9136	1694372695	1200		261.15		        19		  8.50
9136	1694376295	3600		261.15		        14		  8.50
9136	1694379895	3600		261.15		        12		  8.50
9136	1694383495	3600		261.15		        10		  8.50
9136	1694387095	3600		261.15		        10		  8.50
9136	1694387405	310		261.15		         0		  8.50
9137	1694388605	1200		261.15		         0		-999.00
9138	1694392205	3600		261.15		         0		-999.00
9139	1694395805	3600		261.15		         0		-999.00
9140	1694399405	3600		261.15		         0		-999.00
9141	1694403005	3600		261.15		         0		-999.00
9142	1694406605	3600		261.19		         0		-999.00
9143	1694410205	3600		261.15		         0		-999.00
9144	1694413805	3600		261.15		         0		-999.00
9145	1694417405	3600		261.19		         0		-999.00
9146	1694387405	-30000		261.15		         0		-999.00
9138	1694421354	1200		261.12		        12		  8.50
9138	1694424954	3600		261.16		        10		  8.50
9138	1694428554	3600		261.15		         8		  8.50
9138	1694430595	2041		261.15		         8		  8.50
9139	1694431795	1200		261.15		         8		-999.00
9140	1694435395	3600		265.53		         8		-999.00
9141	1694438995	3600		265.51		         8		-999.00
9142	1694442595	3600		265.60		         8		-999.00
9143	1694446195	3600		265.60		         8		-999.00
9144	1694449795	3600		265.60		         8		-999.00
9145	1694453395	3600		265.60		         8		-999.00
9146	1694456995	3600		265.60		         8		-999.00
9147	1694460595	3600		265.60		         8		-999.00
9148	1694464195	3600		265.58		         8		-999.00
9149	1694467795	3600		265.58		         8		-999.00
9150	1694471395	3600		265.62		         8		-999.00
9151	1694474995	3600		265.58		         8		-999.00
9152	1694478595	3600		265.58		         8		-999.00
9153	1694482195	3600		265.58		         8		-999.00
9154	1694485795	3600		265.58		         8		-999.00
9155	1694489395	3600		265.62		         8		-999.00
9156	1694492995	3600		265.62		         8		-999.00
9157	1694496595	3600		265.56		         8		-999.00
9158	1694500195	3600		265.58		         8		-999.00
9159	1694503795	3600		265.11		         8		-999.00
9160	1694507395	3600		265.26		         8		-999.00
9161	1694510995	3600		265.36		         8		-999.00
9162	1694514595	3600		265.15		         8		-999.00
9163	1694518195	3600		265.30		         8		-999.00
9164	1694521795	3600		265.02		         8		-999.00
9165	1694525395	3600		265.61		         8		-999.00
9166	1694528995	3600		265.32		         8		-999.00
9167	1694532595	3600		265.63		         8		-999.00
9168	1694536195	3600		265.63		         8		-999.00
9169	1694539795	3600		265.14		         8		-999.00
9170	1694543395	3600		261.18		         8		-999.00
9171	1694546995	3600		261.22		         8		-999.00
9172	1694550595	3600		261.22		         8		-999.00
9173	1694554195	3600		261.23		         8		-999.00
9174	1694557795	3600		261.22		         8		-999.00
9175	1694561395	3600		261.20		         8		-999.00
9176	1694564995	3600		261.20		         8		-999.00
9177	1694568595	3600		261.20		         8		-999.00
9178	1694572195	3600		261.20		         8		-999.00
9179	1694575795	3600		261.20		         8		-999.00
9180	1694579395	3600		265.61		         8		-999.00
9181	1694582995	3600		265.64		         8		-999.00
9182	1694586595	3600		265.14		         8		-999.00
9183	1694590195	3600		265.26		         8		-999.00
9184	1694593795	3600		265.26		         8		-999.00
9185	1694597395	3600		261.21		         8		-999.00
9186	1694600995	3600		260.98		         8		-999.00
9187	1694604595	3600		261.17		         8		-999.00
9188	1694608195	3600		261.17		         8		-999.00
9189	1694611795	3600		261.22		         8		-999.00
9190	1694615395	3600		261.22		         8		-999.00
9191	1694618995	3600		261.19		         8		-999.00
9192	1694622595	3600		261.19		         8		-999.00
9193	1694626195	3600		261.20		         8		-999.00
9194	1694629795	3600		261.23		         8		-999.00
9195	1694633395	3600		261.20		         8		-999.00
9196	1694636995	3600		265.23		         8		-999.00
9197	1694640595	3600		265.61		         8		-999.00
9198	1694644195	3600		265.57		         8		-999.00
9199	1694647795	3600		261.13		         8		-999.00
9200	1694651395	3600		261.17		         8		-999.00
9201	1694654995	3600		261.20		         8		-999.00
9202	1694658595	3600		261.20		         8		-999.00
9203	1694662195	3600		261.16		         8		-999.00
9204	1694665795	3600		261.16		         8		-999.00
9205	1694669395	3600		261.11		         8		-999.00
9206	1694672995	3600		261.20		         8		-999.00
9207	1694676595	3600		261.20		         8		-999.00
9208	1694680195	3600		261.20		         8		-999.00
9209	1694683795	3600		261.24		         8		-999.00
9210	1694687395	3600		261.18		         8		-999.00
9211	1694690995	3600		261.19		         8		-999.00
9212	1694694595	3600		261.19		         8		-999.00
9213	1694698195	3600		261.19		         8		-999.00
9214	1694701795	3600		261.19		         8		-999.00
9215	1694705395	3600		261.19		         8		-999.00
9216	1694708995	3600		261.19		         8		-999.00
9217	1694712595	3600		261.13		         8		-999.00
9218	1694716195	3600		261.15		         8		-999.00
9219	1694719795	3600		261.15		         8		-999.00
9220	1694723395	3600		261.15		         8		-999.00
9221	1694726995	3600		261.15		         8		-999.00
9222	1694430595	-296400		261.15		         8		-999.00
9153	1694729276	1200		261.15		        12		  8.50
9153	1694732876	3600		261.15		        14		  8.50
9153	1694736476	3600		261.15		        12		  8.50
9153	1694740076	3600		261.15		        10		  8.50
9153	1694743676	3600		261.15		        10		  8.50
9153	1694747276	3600		261.15		        10		  8.50
9153	1694749132	1856		261.15		         9		  8.50
9154	1694750332	1200		261.15		         9		-999.00
9155	1694753932	3600		261.15		         9		-999.00
9156	1694757532	3600		265.39		         9		-999.00
9157	1694761132	3600		265.46		         9		-999.00
9158	1694764732	3600		265.50		         9		-999.00
9159	1694768332	3600		265.58		         9		-999.00
9160	1694771932	3600		265.26		         9		-999.00
9161	1694775532	3600		260.98		         9		-999.00
9162	1694779132	3600		261.20		         9		-999.00
9163	1694782732	3600		261.20		         9		-999.00
9164	1694786332	3600		261.20		         9		-999.00
9165	1694749132	-37200		261.15		         9		-999.00
9154	1694790666	1200		261.20		        19		 10.50
9154	1694794266	3600		261.20		        14		 10.50
9154	1694797866	3600		261.20		        12		 10.50
9154	1694801466	3600		261.20		        12		 10.50
9154	1694805066	3600		261.15		        10		 10.50
9154	1694808666	3600		261.20		        10		 10.50
9154	1694812266	3600		261.20		         8		 10.50
9154	1694815866	3600		261.20		         8		 10.50
9154	1694819466	3600		261.20		         6		 10.50
9154	1694823066	3600		261.20		         6		 10.50
9154	1694826666	3600		261.15		         6		 10.50
9154	1694830266	3600		261.15		         6		 10.50
9154	1694833866	3600		261.15		         6		 10.50
9154	1694837466	3600		261.15		         4		 10.50
9154	1694841066	3600		261.20		         4		 10.50
9154	1694844666	3600		261.20		         4		 10.50
9154	1694845168	502		261.20		         0		 10.50
9155	1694846368	1200		261.20		         0		-999.00
9156	1694849968	3600		261.17		         0		-999.00
9157	1694853568	3600		265.45		         0		-999.00
9158	1694857168	3600		265.57		         0		-999.00
9159	1694860768	3600		265.44		         0		-999.00
9160	1694864368	3600		265.58		         0		-999.00
9161	1694867968	3600		265.55		         0		-999.00
9162	1694871568	3600		265.67		         0		-999.00
9163	1694875168	3600		265.59		         0		-999.00
9164	1694878768	3600		261.22		         0		-999.00
9165	1694882368	3600		261.18		         0		-999.00
9166	1694885968	3600		261.18		         0		-999.00
9167	1694889568	3600		261.18		         0		-999.00
9168	1694893168	3600		261.14		         0		-999.00
9169	1694896768	3600		261.14		         0		-999.00
9170	1694845168	-51600		261.20		         0		-999.00
9156	1694898022	1200		261.10		        19		  9.00
9156	1694901622	3600		261.14		         8		  9.00
9156	1694905222	3600		261.10		         4		  9.00
9156	1694908822	3600		261.14		         2		  9.00
9156	1694912422	3600		261.14		         2		  9.00
9156	1694916022	3600		261.14		         4		  9.00
9156	1694919622	3600		261.14		         4		  9.00
9156	1694921019	1397		261.14		         0		  9.00
9157	1694922219	1200		261.14		         0		-999.00
9158	1694925819	3600		261.14		         0		-999.00
9159	1694929419	3600		261.14		         0		-999.00
9160	1694933019	3600		261.14		         0		-999.00
9161	1694936619	3600		261.14		         0		-999.00
9162	1694940219	3600		261.14		         0		-999.00
9163	1694943819	3600		261.14		         0		-999.00
9164	1694947419	3600		261.14		         0		-999.00
9165	1694951019	3600		261.14		         0		-999.00
9166	1694954619	3600		261.14		         0		-999.00
9167	1694958219	3600		261.14		         0		-999.00
9168	1694921019	-37200		261.14		         0		-999.00
9159	1694959485	1200		261.14		        32		  9.00
9159	1694963085	3600		261.14		        27		  9.00
9159	1694966685	3600		261.14		        21		  9.00
9159	1694970285	3600		261.14		        17		  9.00
9159	1694973885	3600		261.14		        14		  9.00
9159	1694977485	3600		261.14		        12		  9.00
9159	1694981085	3600		261.10		        10		  9.00
9159	1694984685	3600		261.14		         8		  9.00
9159	1694988285	3600		261.10		         8		  9.00
9159	1694991885	3600		261.10		         8		  9.00
9159	1694995485	3600		261.10		         6		  9.00
9159	1694999085	3600		261.14		         6		  9.00
9159	1695002685	3600		261.10		         4		  9.00
9159	1695005379	2694		261.14		         3		  9.00
9160	1695006579	1200		261.14		         3		-999.00
9161	1695010179	3600		261.14		         3		-999.00
9162	1695013779	3600		261.10		         3		-999.00
9163	1695017379	3600		261.14		         3		-999.00
9164	1695020979	3600		261.14		         3		-999.00
9165	1695024579	3600		261.14		         3		-999.00
9166	1695028179	3600		261.14		         3		-999.00
9167	1695031779	3600		265.22		         3		-999.00
9168	1695035379	3600		265.57		         3		-999.00
9169	1695038979	3600		265.58		         3		-999.00
9170	1695042579	3600		265.59		         3		-999.00
9171	1695046179	3600		265.62		         3		-999.00
9172	1695049779	3600		265.44		         3		-999.00
9173	1695053379	3600		265.20		         3		-999.00
9174	1695056979	3600		265.58		         3		-999.00
9175	1695060579	3600		265.58		         3		-999.00
9176	1695064179	3600		265.58		         3		-999.00
9177	1695067779	3600		261.05		         3		-999.00
9178	1695071379	3600		261.17		         3		-999.00
9179	1695074979	3600		261.17		         3		-999.00
9180	1695005379	-69600		261.14		         3		-999.00
9162	1695079439	1200		261.17		        19		 10.50
9162	1695083039	3600		261.17		        14		 10.50
9162	1695086639	3600		261.17		        12		 10.50
9162	1695090239	3600		261.17		        10		 10.50
9162	1695093839	3600		261.17		        10		 10.50
9162	1695097439	3600		261.17		        10		 10.50
9162	1695101039	3600		261.17		         8		 10.50
9162	1695104639	3600		261.17		         4		 10.50
9162	1695105903	1264		261.13		         0		 10.50
9163	1695107103	1200		261.17		         0		-999.00
9164	1695110703	3600		261.17		         0		-999.00
9165	1695114303	3600		261.14		         0		-999.00
9166	1695117903	3600		261.14		         0		-999.00
9167	1695121503	3600		261.18		         0		-999.00
9168	1695125103	3600		261.22		         0		-999.00
9169	1695128703	3600		261.22		         0		-999.00
9170	1695132303	3600		261.22		         0		-999.00
9171	1695135903	3600		261.22		         0		-999.00
9172	1695139503	3600		261.18		         0		-999.00
9173	1695143103	3600		261.18		         0		-999.00
9174	1695146703	3600		261.18		         0		-999.00
9175	1695150303	3600		261.18		         0		-999.00
9176	1695153903	3600		261.18		         0		-999.00
9177	1695157503	3600		261.18		         0		-999.00
9178	1695105903	-51600		261.13		         0		-999.00
9168	1695160784	1200		265.26		    165590		1464.00
9168	1695164384	3600		265.37		    156412		1480.00
9168	1695167984	3600		265.37		    149198		1475.00
9168	1695171584	3600		265.33		    142561		1476.00
9168	1695175184	3600		265.37		    135640		1476.00
9168	1695178784	3600		265.37		    130897		1467.00
9168	1695182384	3600		265.37		    118262		1475.00
9168	1695182945	561		265.37		    120390		1469.00
9169	1695184145	1200		260.94		    120390		-999.00
9170	1695187745	3600		261.17		    120390		-999.00
9171	1695191345	3600		261.17		    120390		-999.00
9172	1695194945	3600		261.17		    120390		-999.00
9173	1695198545	3600		261.17		    120390		-999.00
9174	1695202145	3600		261.10		    120390		-999.00
9175	1695205745	3600		261.14		    120390		-999.00
9176	1695209345	3600		261.06		    120390		-999.00
9177	1695212945	3600		261.10		    120390		-999.00
9178	1695216545	3600		261.06		    120390		-999.00
9179	1695220145	3600		261.12		    120390		-999.00
9180	1695223745	3600		261.09		    120390		-999.00
9181	1695227345	3600		261.08		    120390		-999.00
9182	1695230945	3600		261.11		    120390		-999.00
9183	1695234545	3600		261.11		    120390		-999.00
9184	1695238145	3600		261.11		    120390		-999.00
9185	1695241745	3600		261.11		    120390		-999.00
9186	1695245345	3600		261.11		    120390		-999.00
9187	1695248945	3600		261.11		    120390		-999.00
9188	1695252545	3600		261.11		    120390		-999.00
9189	1695256145	3600		261.11		    120390		-999.00
9190	1695259745	3600		261.17		    120390		-999.00
9191	1695263345	3600		261.13		    120390		-999.00
9192	1695266945	3600		261.17		    120390		-999.00
9193	1695270545	3600		261.09		    120390		-999.00
9194	1695274145	3600		256.04		    120390		-999.00
9195	1695277745	3600		255.28		    120390		-999.00
9196	1695281345	3600		255.54		    120390		-999.00
9197	1695284945	3600		255.61		    120390		-999.00
9198	1695288545	3600		255.74		    120390		-999.00
9199	1695292145	3600		255.59		    120390		-999.00
9200	1695295745	3600		255.54		    120390		-999.00
9201	1695299345	3600		255.58		    120390		-999.00
9202	1695302945	3600		255.61		    120390		-999.00
9203	1695306545	3600		255.58		    120390		-999.00
9204	1695310145	3600		255.58		    120390		-999.00
9205	1695313745	3600		255.55		    120390		-999.00
9206	1695317345	3600		255.61		    120390		-999.00
9207	1695320945	3600		255.65		    120390		-999.00
9208	1695324545	3600		255.80		    120390		-999.00
9209	1695328145	3600		255.64		    120390		-999.00
9210	1695331745	3600		255.66		    120390		-999.00
9211	1695335345	3600		255.69		    120390		-999.00
9212	1695338945	3600		255.82		    120390		-999.00
9213	1695342545	3600		255.81		    120390		-999.00
9214	1695346145	3600		255.66		    120390		-999.00
9215	1695349745	3600		255.68		    120390		-999.00
9216	1695353345	3600		255.78		    120390		-999.00
9217	1695356945	3600		255.69		    120390		-999.00
9218	1695360545	3600		255.54		    120390		-999.00
9219	1695364145	3600		255.77		    120390		-999.00
9220	1695367745	3600		261.33		    120390		-999.00
9221	1695371345	3600		261.17		    120390		-999.00
9222	1695374945	3600		261.24		    120390		-999.00
9223	1695378545	3600		261.27		    120390		-999.00
9224	1695382145	3600		261.30		    120390		-999.00
9225	1695385745	3600		260.92		    120390		-999.00
9226	1695389345	3600		261.11		    120390		-999.00
9227	1695392945	3600		261.15		    120390		-999.00
9228	1695396545	3600		261.15		    120390		-999.00
9229	1695400145	3600		261.12		    120390		-999.00
9230	1695403745	3600		261.19		    120390		-999.00
9231	1695407345	3600		261.15		    120390		-999.00
9232	1695410945	3600		261.11		    120390		-999.00
9233	1695414545	3600		261.11		    120390		-999.00
9234	1695418145	3600		261.09		    120390		-999.00
9235	1695421745	3600		261.10		    120390		-999.00
9236	1695425345	3600		261.08		    120390		-999.00
9237	1695428945	3600		261.12		    120390		-999.00
9238	1695432545	3600		261.12		    120390		-999.00
9239	1695436145	3600		261.13		    120390		-999.00
9240	1695439745	3600		261.13		    120390		-999.00
9241	1695443345	3600		261.13		    120390		-999.00
9242	1695446945	3600		261.13		    120390		-999.00
9243	1695450545	3600		261.13		    120390		-999.00
9244	1695454145	3600		261.13		    120390		-999.00
9245	1695457745	3600		261.21		    120390		-999.00
9246	1695461345	3600		261.21		    120390		-999.00
9247	1695464945	3600		261.21		    120390		-999.00
9248	1695468545	3600		261.21		    120390		-999.00
9249	1695472145	3600		261.19		    120390		-999.00
9250	1695475745	3600		261.24		    120390		-999.00
9251	1695479345	3600		261.24		    120390		-999.00
9252	1695482945	3600		261.24		    120390		-999.00
9253	1695486545	3600		261.24		    120390		-999.00
9254	1695490145	3600		261.16		    120390		-999.00
9255	1695493745	3600		261.20		    120390		-999.00
9256	1695497345	3600		261.14		    120390		-999.00
9257	1695500945	3600		261.19		    120390		-999.00
9258	1695504545	3600		261.19		    120390		-999.00
9259	1695508145	3600		261.19		    120390		-999.00
9260	1695511745	3600		261.19		    120390		-999.00
9261	1695515345	3600		261.19		    120390		-999.00
9262	1695518945	3600		261.19		    120390		-999.00
9263	1695522545	3600		261.19		    120390		-999.00
9264	1695526145	3600		261.19		    120390		-999.00
9265	1695529745	3600		261.19		    120390		-999.00
9266	1695533345	3600		261.23		    120390		-999.00
9267	1695536945	3600		261.20		    120390		-999.00
9268	1695540545	3600		261.18		    120390		-999.00
9269	1695544145	3600		261.22		    120390		-999.00
9270	1695547745	3600		260.89		    120390		-999.00
9271	1695551345	3600		261.01		    120390		-999.00
9272	1695554945	3600		261.20		    120390		-999.00
9273	1695558545	3600		261.25		    120390		-999.00
9274	1695562145	3600		265.33		    120390		-999.00
9275	1695565745	3600		265.57		    120390		-999.00
9276	1695569345	3600		265.61		    120390		-999.00
9277	1695572945	3600		265.57		    120390		-999.00
9278	1695576545	3600		265.57		    120390		-999.00
9279	1695580145	3600		265.57		    120390		-999.00
9280	1695583745	3600		265.64		    120390		-999.00
9281	1695587345	3600		265.64		    120390		-999.00
9282	1695590945	3600		265.64		    120390		-999.00
9283	1695594545	3600		265.64		    120390		-999.00
9284	1695598145	3600		265.64		    120390		-999.00
9285	1695601745	3600		265.64		    120390		-999.00
9286	1695605345	3600		265.64		    120390		-999.00
9287	1695608945	3600		265.64		    120390		-999.00
9288	1695612545	3600		265.64		    120390		-999.00
9289	1695616145	3600		265.64		    120390		-999.00
9290	1695619745	3600		265.63		    120390		-999.00
9291	1695623345	3600		265.14		    120390		-999.00
9292	1695626945	3600		265.46		    120390		-999.00
9293	1695630545	3600		265.69		    120390		-999.00
9294	1695634145	3600		265.31		    120390		-999.00
9295	1695637745	3600		265.05		    120390		-999.00
9296	1695641345	3600		265.27		    120390		-999.00
9297	1695644945	3600		265.27		    120390		-999.00
9298	1695648545	3600		265.24		    120390		-999.00
9299	1695652145	3600		265.62		    120390		-999.00
9300	1695655745	3600		261.16		    120390		-999.00
9301	1695659345	3600		261.25		    120390		-999.00
9302	1695662945	3600		260.94		    120390		-999.00
9303	1695666545	3600		261.25		    120390		-999.00
9304	1695670145	3600		261.19		    120390		-999.00
9305	1695673745	3600		261.23		    120390		-999.00
9306	1695677345	3600		261.19		    120390		-999.00
9307	1695680945	3600		261.27		    120390		-999.00
9308	1695684545	3600		261.23		    120390		-999.00
9309	1695688145	3600		261.18		    120390		-999.00
9310	1695691745	3600		261.13		    120390		-999.00
9311	1695695345	3600		261.25		    120390		-999.00
9312	1695698945	3600		261.25		    120390		-999.00
9313	1695702545	3600		261.23		    120390		-999.00
9314	1695706145	3600		261.24		    120390		-999.00
9315	1695709745	3600		261.27		    120390		-999.00
9316	1695713345	3600		261.20		    120390		-999.00
9317	1695716945	3600		261.18		    120390		-999.00
9318	1695720545	3600		261.24		    120390		-999.00
9319	1695724145	3600		261.26		    120390		-999.00
9320	1695727745	3600		261.22		    120390		-999.00
9321	1695731345	3600		261.23		    120390		-999.00
9322	1695734945	3600		261.26		    120390		-999.00
9323	1695738545	3600		261.27		    120390		-999.00
9324	1695742145	3600		261.19		    120390		-999.00
9325	1695182945	-559200		261.45		    120390		-999.00
9192	1695744417	1200		265.51		         0		1537.00
9192	1695748017	3600		265.60		         0		1566.00
9192	1695751617	3600		265.28		         0		1433.00
9192	1695754393	2776		265.24		         0		1418.00
9193	1695755593	1200		261.07		         0		-999.00
9194	1695759193	3600		265.40		         0		-999.00
9195	1695762793	3600		265.61		         0		-999.00
9196	1695766393	3600		261.05		         0		-999.00
9197	1695769993	3600		261.21		         0		-999.00
9198	1695754393	-15600		261.19		         0		-999.00
9193	1695774047	1200		265.32		         6		1479.00
9193	1695777647	3600		265.43		         6		1493.00
9193	1695781247	3600		265.47		         4		1509.00
9193	1695784847	3600		265.51		         4		1521.00
9193	1695788447	3600		265.52		         2		1533.00
9193	1695790730	2283		265.60		         0		1547.00
9194	1695791930	1200		265.32		         0		-999.00
9195	1695795530	3600		261.07		         0		-999.00
9196	1695799130	3600		261.25		         0		-999.00
9197	1695802730	3600		261.21		         0		-999.00
9198	1695790730	-12000		261.48		         0		-999.00
9194	1695804567	1200		265.30		         6		1472.00
9194	1695808167	3600		265.40		         6		1489.00
9194	1695811767	3600		265.44		         4		1501.00
9194	1695812313	546		265.44		         0		1499.00
9195	1695813513	1200		261.12		         0		-999.00
9196	1695817113	3600		261.18		         0		-999.00
9197	1695820713	3600		261.24		         0		-999.00
9198	1695824313	3600		261.24		         0		-999.00
9199	1695827913	3600		261.26		         0		-999.00
9200	1695831513	3600		261.11		         0		-999.00
9201	1695835113	3600		261.21		         0		-999.00
9202	1695812313	-22800		261.63		         0		-999.00
9197	1695839124	1200		265.34		         6		1475.00
9197	1695842724	3600		265.22		         6		1467.00
9197	1695846324	3600		265.28		         0		1423.00
9197	1695849330	3006		265.57		         0		1527.00
9198	1695850530	1200		261.06		         0		-999.00
9199	1695854130	3600		261.20		         0		-999.00
9200	1695857730	3600		261.16		         0		-999.00
9201	1695861330	3600		261.19		         0		-999.00
9202	1695849330	-12000		261.55		         0		-999.00
9200	1695864644	1200		265.36		         6		1479.00
9200	1695868189	3545		265.44		         4		1499.00
