Fill	Timestamp [s]	Duration [s]	Temperature [K]	Fluence [n_eq/cm2/s]	Leakage_current [mA/cm2]
6570	1523956453	1200		261.10		    179161		 13.00
6570	1523960053	3600		261.10		    191730		579.50
6570	1523963653	3600		261.27		    165345		612.00
6570	1523967253	3600		261.10		    148823		602.00
6570	1523970853	3600		261.27		    134842		613.00
6570	1523974453	3600		261.10		    124168		563.00
6570	1523978053	3600		261.27		    112042		 13.00
6570	1523981653	3600		261.10		     82018		 12.00
6570	1523981975	322		261.10		     37738		 12.00
-999	1523983175	1200		261.10		         0		-999.00
-999	1523986775	3600		261.09		         0		-999.00
-999	1523990375	3600		260.92		         0		-999.00
-999	1523993975	3600		261.09		         0		-999.00
-999	1523996969	2994		261.09		         0		-999.00
6573	1523998169	1200		264.09		     99380		600.00
6573	1524001769	3600		264.09		     92829		565.00
6573	1524005369	3600		264.26		     84299		582.50
6573	1524008969	3600		264.09		     81770		576.50
6573	1524012569	3600		264.09		     76566		568.00
6573	1524016169	3600		264.09		     71867		576.50
6573	1524019769	3600		261.09		     66123		 12.00
6573	1524021023	1254		261.09		     69485		 12.00
-999	1524022223	1200		264.60		         0		-999.00
-999	1524025823	3600		264.60		         0		-999.00
-999	1524029423	3600		264.26		         0		-999.00
-999	1524033023	3600		264.26		         0		-999.00
-999	1524036623	3600		264.26		         0		-999.00
-999	1524040223	3600		264.60		         0		-999.00
-999	1524043823	3600		264.60		         0		-999.00
-999	1524047423	3600		264.60		         0		-999.00
-999	1524051023	3600		264.60		         0		-999.00
-999	1524054623	3600		261.08		         0		-999.00
-999	1524058223	3600		261.25		         0		-999.00
-999	1524061823	3600		261.07		         0		-999.00
-999	1524065423	3600		261.08		         0		-999.00
-999	1524069023	3600		261.08		         0		-999.00
-999	1524072623	3600		260.91		         0		-999.00
-999	1524076085	3462		260.91		         0		-999.00
6574	1524077285	1200		264.10		    646906		575.50
6574	1524080885	3600		264.10		    665576		575.00
6574	1524084485	3600		264.10		    624979		562.00
6574	1524088085	3600		264.10		    568131		574.50
6574	1524091685	3600		264.10		    523469		575.00
6574	1524095285	3600		264.09		    480375		600.50
6574	1524098885	3600		264.09		    457828		573.00
6574	1524102485	3600		264.09		    415617		568.50
6574	1524106085	3600		264.09		    384108		575.00
6574	1524109685	3600		264.09		    363990		582.50
6574	1524113285	3600		264.09		    370019		560.00
6574	1524116885	3600		264.09		    367734		575.50
6574	1524117698	813		264.26		    323073		579.00
-999	1524118898	1200		261.08		         0		-999.00
-999	1524122498	3600		261.08		         0		-999.00
-999	1524126098	3600		261.08		         0		-999.00
-999	1524129698	3600		261.08		         0		-999.00
-999	1524133298	3600		261.08		         0		-999.00
-999	1524136898	3600		261.08		         0		-999.00
-999	1524140498	3600		261.08		         0		-999.00
-999	1524144098	3600		261.08		         0		-999.00
-999	1524147698	3600		260.91		         0		-999.00
-999	1524151298	3600		260.91		         0		-999.00
-999	1524154898	3600		261.08		         0		-999.00
-999	1524158498	3600		261.08		         0		-999.00
-999	1524162098	3600		260.91		         0		-999.00
-999	1524165698	3600		260.91		         0		-999.00
-999	1524169298	3600		261.08		         0		-999.00
-999	1524169357	59		261.08		         0		-999.00
6579	1524170557	1200		264.25		   5813675		596.50
6579	1524174157	3600		264.44		   6197730		574.00
6579	1524177757	3600		264.41		   5482101		584.50
6579	1524181357	3600		264.40		   5019328		583.50
6579	1524184957	3600		264.22		   4628913		577.50
6579	1524188557	3600		264.72		   4235622		582.50
6579	1524192157	3600		264.37		   3920214		570.00
6579	1524195757	3600		264.36		   3623205		578.50
6579	1524199357	3600		264.35		   3388092		580.50
6579	1524202957	3600		264.35		   3279898		579.00
6579	1524206557	3600		264.51		   3081490		581.50
6579	1524210157	3600		264.16		   2802942		577.50
6579	1524212278	2121		264.17		   3056896		578.50
-999	1524213478	1200		264.42		         0		-999.00
-999	1524217078	3600		264.42		         0		-999.00
-999	1524220678	3600		264.42		         0		-999.00
-999	1524224278	3600		264.42		         0		-999.00
-999	1524227878	3600		261.08		         0		-999.00
-999	1524231478	3600		260.91		         0		-999.00
-999	1524235078	3600		261.08		         0		-999.00
-999	1524238678	3600		261.08		         0		-999.00
-999	1524239302	624		261.08		         0		-999.00
6583	1524240502	1200		264.36		   3755683		583.00
6583	1524244102	3600		264.20		   4080576		580.00
6583	1524247702	3600		264.19		   3828347		580.00
6583	1524251302	3600		264.19		   3663769		578.50
6583	1524254902	3600		264.18		   3454047		576.00
6583	1524258502	3600		264.18		   3192957		576.50
6583	1524260400	1898		264.17		   3037857		574.50
-999	1524261600	1200		261.07		         0		-999.00
-999	1524265200	3600		260.90		         0		-999.00
-999	1524268800	3600		260.90		         0		-999.00
-999	1524269059	259		260.90		         0		-999.00
6584	1524270259	1200		264.26		   6210525		579.00
6584	1524273859	3600		264.25		   5749962		581.50
6584	1524277459	3600		264.24		   5482166		582.00
6584	1524281059	3600		264.22		   5022730		581.00
6584	1524284659	3600		264.21		   4559809		581.00
6584	1524288259	3600		264.20		   4324502		580.50
6584	1524291859	3600		264.20		   4198312		583.00
6584	1524293708	1849		264.21		   4652149		580.50
-999	1524294908	1200		261.42		         0		-999.00
-999	1524298508	3600		261.08		         0		-999.00
-999	1524302108	3600		260.91		         0		-999.00
-999	1524305708	3600		260.91		         0		-999.00
-999	1524309308	3600		260.91		         0		-999.00
-999	1524312908	3600		261.08		         0		-999.00
-999	1524316508	3600		261.08		         0		-999.00
-999	1524320108	3600		261.08		         0		-999.00
-999	1524323708	3600		260.91		         0		-999.00
-999	1524327308	3600		260.91		         0		-999.00
-999	1524330908	3600		261.08		         0		-999.00
-999	1524334508	3600		260.91		         0		-999.00
-999	1524338108	3600		260.91		         0		-999.00
-999	1524338145	37		260.91		         0		-999.00
6592	1524339345	1200		264.10		    494382		579.00
6592	1524342945	3600		264.10		    395009		575.00
6592	1524346545	3600		264.10		    439786		574.00
6592	1524348606	2061		264.11		    505544		576.00
-999	1524349806	1200		261.09		         0		-999.00
-999	1524353406	3600		260.92		         0		-999.00
-999	1524357006	3600		261.09		         0		-999.00
-999	1524360606	3600		264.09		         0		-999.00
-999	1524364206	3600		264.09		         0		-999.00
-999	1524367806	3600		264.09		         0		-999.00
-999	1524371406	3600		263.92		         0		-999.00
-999	1524374961	3555		264.08		         0		-999.00
6594	1524376161	1200		265.00		  30472045		602.50
6594	1524379761	3600		265.06		  32666644		612.50
6594	1524383361	3600		264.98		  29745764		588.50
6594	1524386961	3600		264.92		  27910993		592.00
6594	1524390561	3600		264.85		  25651314		590.00
6594	1524394161	3600		264.81		  24143029		588.50
6594	1524397761	3600		264.75		  22225883		591.00
6594	1524401361	3600		264.71		  20741723		593.50
6594	1524404961	3600		264.68		  19799251		593.50
6594	1524408224	3263		264.62		  17834688		596.00
-999	1524409424	1200		261.08		         0		-999.00
-999	1524413024	3600		264.08		         0		-999.00
-999	1524416624	3600		260.74		         0		-999.00
-999	1524420224	3600		260.74		         0		-999.00
-999	1524420891	667		260.91		         0		-999.00
6595	1524422091	1200		264.96		  29371154		601.50
6595	1524425691	3600		265.00		  30521513		602.50
6595	1524429291	3600		264.93		  28166451		603.00
6595	1524432891	3600		264.19		   3557693		574.00
6595	1524436491	3600		264.09		    379020		582.00
6595	1524440091	3600		264.09		    385128		581.00
6595	1524443691	3600		264.48		  13266456		597.50
6595	1524447291	3600		264.77		  22947360		597.00
6595	1524450891	3600		264.72		  21241575		596.00
6595	1524453560	2669		264.72		  21333268		599.50
-999	1524454760	1200		255.91		         0		-999.00
-999	1524458360	3600		255.91		         0		-999.00
-999	1524461960	3600		255.91		         0		-999.00
-999	1524465560	3600		255.91		         0		-999.00
-999	1524469160	3600		255.91		         0		-999.00
-999	1524472760	3600		255.91		         0		-999.00
-999	1524476360	3600		255.91		         0		-999.00
-999	1524479960	3600		255.91		         0		-999.00
-999	1524483560	3600		255.91		         0		-999.00
-999	1524487160	3600		255.91		         0		-999.00
-999	1524490760	3600		255.91		         0		-999.00
-999	1524494360	3600		255.91		         0		-999.00
-999	1524497960	3600		255.91		         0		-999.00
-999	1524501560	3600		255.91		         0		-999.00
-999	1524505160	3600		255.91		         0		-999.00
-999	1524508760	3600		255.91		         0		-999.00
-999	1524512360	3600		255.91		         0		-999.00
-999	1524515960	3600		255.91		         0		-999.00
-999	1524519560	3600		255.91		         0		-999.00
-999	1524523160	3600		255.91		         0		-999.00
-999	1524526760	3600		255.91		         0		-999.00
-999	1524530360	3600		255.91		         0		-999.00
-999	1524533960	3600		255.91		         0		-999.00
-999	1524537560	3600		255.91		         0		-999.00
-999	1524541160	3600		255.91		         0		-999.00
-999	1524544760	3600		255.91		         0		-999.00
-999	1524548360	3600		255.91		         0		-999.00
-999	1524551960	3600		255.91		         0		-999.00
-999	1524555560	3600		255.91		         0		-999.00
-999	1524559160	3600		255.91		         0		-999.00
-999	1524562760	3600		255.91		         0		-999.00
-999	1524566360	3600		255.91		         0		-999.00
-999	1524569960	3600		261.04		         0		-999.00
-999	1524573560	3600		259.70		         0		-999.00
-999	1524577160	3600		261.76		         0		-999.00
-999	1524580760	3600		261.76		         0		-999.00
-999	1524584360	3600		261.59		         0		-999.00
-999	1524587960	3600		261.42		         0		-999.00
-999	1524591560	3600		261.08		         0		-999.00
-999	1524594926	3366		260.72		         0		-999.00
6611	1524596126	1200		265.13		  30042600		606.00
6611	1524599726	3600		265.18		  31402174		602.00
6611	1524603326	3600		265.11		  29102918		594.50
6611	1524606926	3600		265.05		  27276925		599.50
6611	1524610526	3600		264.99		  25163541		602.50
6611	1524614126	3600		264.95		  23885993		624.50
6611	1524617726	3600		264.90		  22274566		599.50
6611	1524621326	3600		264.85		  20694769		601.50
6611	1524624926	3600		264.79		  18545148		620.50
6611	1524628526	3600		264.79		  18530565		593.50
6611	1524632126	3600		261.23		  17544953		 13.00
6611	1524632893	767		261.23		  18218186		 13.00
-999	1524634093	1200		261.23		         0		-999.00
-999	1524637693	3600		261.23		         0		-999.00
-999	1524641293	3600		261.04		         0		-999.00
-999	1524644893	3600		260.87		         0		-999.00
-999	1524648493	3600		260.70		         0		-999.00
-999	1524651418	2925		260.71		         0		-999.00
6612	1524652618	1200		265.95		  57925591		630.00
6612	1524656218	3600		266.10		  62865910		624.50
6612	1524659818	3600		265.94		  57507887		624.50
6612	1524663418	3600		265.84		  53966344		613.50
6612	1524667018	3600		265.69		  49079782		617.50
6612	1524670618	3600		265.63		  47029768		618.50
6612	1524674218	3600		265.51		  43123478		612.50
6612	1524677818	3600		265.41		  39650145		613.00
6612	1524681418	3600		265.30		  36098771		610.50
6612	1524682360	942		265.36		  38241393		615.50
-999	1524683560	1200		264.05		         0		-999.00
-999	1524687160	3600		261.21		         0		-999.00
-999	1524690760	3600		261.21		         0		-999.00
-999	1524691431	671		260.87		         0		-999.00
6613	1524692631	1200		265.99		  59464380		635.50
6613	1524693036	405		265.90		  56559294		634.50
-999	1524694236	1200		264.21		         0		-999.00
-999	1524697836	3600		260.87		         0		-999.00
-999	1524699992	2156		260.87		         0		-999.00
6614	1524701192	1200		266.03		  60937841		636.50
6614	1524704792	3600		266.11		  63574047		633.50
6614	1524708392	3600		265.99		  59572037		631.50
6614	1524711992	3600		265.88		  55852684		629.00
6614	1524715592	3600		265.72		  50492417		627.00
6614	1524719192	3600		265.61		  46656109		624.50
6614	1524719201	9		264.21		         0		623.50
-999	1524720401	1200		264.21		         0		-999.00
-999	1524724001	3600		260.87		         0		-999.00
-999	1524727601	3600		264.21		         0		-999.00
-999	1524731201	3600		264.21		         0		-999.00
-999	1524734801	3600		258.81		         0		-999.00
-999	1524738401	3600		258.81		         0		-999.00
-999	1524742001	3600		258.81		         0		-999.00
-999	1524745601	3600		258.81		         0		-999.00
-999	1524749201	3600		264.34		         0		-999.00
-999	1524752801	3600		264.02		         0		-999.00
-999	1524756401	3600		264.18		         0		-999.00
-999	1524758045	1644		264.18		         0		-999.00
6615	1524759245	1200		261.35		  59206746		 13.00
6615	1524762845	3600		261.35		  62992713		 13.00
6615	1524766445	3600		266.11		  58700007		641.00
6615	1524770045	3600		265.99		  54561130		628.00
6615	1524773645	3600		265.85		  49930743		627.50
6615	1524776692	3047		265.69		  44518719		624.00
-999	1524777892	1200		264.34		         0		-999.00
-999	1524781492	3600		263.83		         0		-999.00
-999	1524785092	3600		263.83		         0		-999.00
-999	1524788692	3600		263.83		         0		-999.00
-999	1524789854	1162		263.65		         0		-999.00
6616	1524791054	1200		267.36		  95495158		674.00
6616	1524794654	3600		267.50		 100109902		663.00
6616	1524798254	3600		267.31		  93516529		658.50
6616	1524801854	3600		267.11		  87074688		657.00
6616	1524805454	3600		266.94		  81205671		655.00
6616	1524809054	3600		266.77		  75740780		651.00
6616	1524812654	3600		266.63		  70987597		646.50
6616	1524816254	3600		266.46		  65458888		646.50
6616	1524819854	3600		261.33		  60438518		 12.50
6616	1524820718	864		261.33		  69116861		 12.50
-999	1524821918	1200		261.16		         0		-999.00
-999	1524825518	3600		260.82		         0		-999.00
-999	1524829118	3600		260.97		         0		-999.00
-999	1524832718	3600		260.97		         0		-999.00
-999	1524832839	121		260.97		         0		-999.00
6617	1524834039	1200		267.25		  92191653		673.00
6617	1524837639	3600		267.39		  97039215		670.00
6617	1524841239	3600		267.15		  89008624		662.50
6617	1524844839	3600		266.95		  82087139		661.50
6617	1524848439	3600		266.75		  75519840		658.00
6617	1524852039	3600		266.64		  71863116		654.50
6617	1524855639	3600		266.53		  68229799		653.50
6617	1524859239	3600		266.39		  63699210		653.00
6617	1524862839	3600		266.26		  59259220		650.00
6617	1524864081	1242		265.81		  49937814		647.50
-999	1524865281	1200		261.14		         0		-999.00
-999	1524868881	3600		260.80		         0		-999.00
-999	1524872481	3600		261.14		         0		-999.00
-999	1524876081	3600		260.80		         0		-999.00
-999	1524877512	1431		260.81		         0		-999.00
6618	1524878712	1200		267.00		  89173847		679.00
6618	1524882312	3600		267.29		  93377053		675.00
6618	1524885912	3600		267.08		  86244213		671.50
6618	1524889512	3600		266.94		  81454124		667.00
6618	1524892123	2611		266.47		  71650896		661.50
-999	1524893323	1200		260.81		         0		-999.00
-999	1524896923	3600		261.15		         0		-999.00
-999	1524900523	3600		260.80		         0		-999.00
-999	1524904123	3600		260.80		         0		-999.00
-999	1524907723	3600		260.80		         0		-999.00
-999	1524911323	3600		260.80		         0		-999.00
-999	1524914923	3600		260.80		         0		-999.00
-999	1524918523	3600		260.80		         0		-999.00
-999	1524922123	3600		260.81		         0		-999.00
-999	1524925723	3600		260.81		         0		-999.00
-999	1524929323	3600		261.33		         0		-999.00
-999	1524932923	3600		260.99		         0		-999.00
-999	1524936523	3600		260.99		         0		-999.00
-999	1524936687	164		261.16		         0		-999.00
6620	1524937887	1200		268.21		 117918450		710.00
6620	1524941487	3600		268.40		 124173039		692.50
6620	1524945087	3600		268.02		 111661792		697.00
6620	1524948687	3600		267.98		 110126759		690.00
6620	1524952287	3600		267.68		 100199373		683.00
6620	1524955131	2844		267.55		  95792155		681.50
-999	1524956331	1200		264.13		         0		-999.00
-999	1524959931	3600		260.79		         0		-999.00
-999	1524963531	3600		261.30		         0		-999.00
-999	1524964619	1088		260.79		         0		-999.00
6621	1524965819	1200		267.86		 118741351		690.50
6621	1524969419	3600		268.50		 128735227		702.00
6621	1524973019	3600		268.14		 116813149		698.00
6621	1524976619	3600		267.86		 107450406		691.00
6621	1524980219	3600		267.40		  97659236		688.00
6621	1524983819	3600		267.23		  92050811		669.00
6621	1524987419	3600		267.08		  87083153		682.50
6621	1524991019	3600		266.89		  80566584		679.00
6621	1524994619	3600		266.69		  74035759		675.50
6621	1524998219	3600		266.56		  69546520		672.50
6621	1525001774	3555		266.20		  63470738		665.50
-999	1525002974	1200		260.79		         0		-999.00
-999	1525006574	3600		261.30		         0		-999.00
-999	1525010174	3600		260.79		         0		-999.00
-999	1525013774	3600		261.30		         0		-999.00
-999	1525017374	3600		260.79		         0		-999.00
-999	1525020974	3600		264.30		         0		-999.00
-999	1525024574	3600		260.79		         0		-999.00
-999	1525028174	3600		260.79		         0		-999.00
-999	1525031774	3600		260.79		         0		-999.00
-999	1525035374	3600		260.79		         0		-999.00
-999	1525038774	3400		260.79		         0		-999.00
6624	1525039974	1200		267.81		 111141663		713.50
6624	1525043574	3600		267.96		 115956159		701.50
6624	1525047174	3600		267.71		 107755333		703.50
6624	1525050774	3600		267.50		 100701492		696.50
6624	1525054374	3600		267.29		  93500908		693.00
6624	1525057974	3600		267.10		  87268285		689.50
6624	1525061574	3600		266.87		  79651885		686.00
6624	1525065174	3600		266.69		  73744271		686.00
6624	1525068774	3600		266.52		  68100921		682.00
6624	1525072374	3600		266.42		  64767601		681.50
6624	1525075974	3600		266.28		  60043077		682.00
6624	1525079089	3115		266.08		  58931271		679.50
-999	1525080289	1200		261.31		         0		-999.00
-999	1525083889	3600		260.80		         0		-999.00
-999	1525087489	3600		261.31		         0		-999.00
-999	1525091089	3600		261.14		         0		-999.00
-999	1525094689	3600		261.14		         0		-999.00
-999	1525098289	3600		260.80		         0		-999.00
-999	1525101889	3600		260.80		         0		-999.00
-999	1525105489	3600		260.80		         0		-999.00
-999	1525108047	2558		260.80		         0		-999.00
6628	1525109247	1200		269.06		 147418216		745.00
6628	1525112847	3600		269.17		 151152322		744.50
6628	1525116447	3600		268.89		 141608343		741.00
6628	1525120047	3600		268.59		 131538606		730.50
6628	1525123647	3600		268.24		 120149827		727.00
6628	1525127247	3600		268.00		 112049206		720.50
6628	1525130847	3600		267.76		 104010755		717.00
6628	1525134447	3600		267.52		  96159214		715.00
6628	1525138047	3600		267.32		  89244568		710.00
6628	1525141647	3600		267.13		  82846964		706.00
6628	1525145247	3600		266.98		  77913330		698.50
6628	1525148847	3600		266.88		  74655644		701.50
6628	1525151330	2483		261.28		  70790120		 12.50
-999	1525152530	1200		264.28		         0		-999.00
-999	1525156130	3600		260.94		         0		-999.00
-999	1525159730	3600		260.94		         0		-999.00
-999	1525162052	2322		261.28		         0		-999.00
6629	1525163252	1200		270.08		 175284937		790.00
6629	1525166852	3600		270.14		 182987255		786.00
6629	1525170452	3600		269.86		 173877935		775.50
6629	1525174052	3600		269.48		 160989710		754.00
6629	1525177652	3600		269.07		 147424418		761.00
6629	1525181252	3600		268.67		 134017318		754.00
6629	1525184852	3600		268.38		 124312433		747.50
6629	1525188452	3600		268.07		 114099789		740.50
6629	1525192052	3600		267.81		 105500994		738.00
6629	1525195652	3600		267.62		  99082760		734.50
6629	1525199252	3600		267.42		  92608143		731.00
6629	1525200188	936		267.26		  87220429		727.50
-999	1525201388	1200		264.31		         0		-999.00
-999	1525204988	3600		264.31		         0		-999.00
-999	1525208588	3600		260.80		         0		-999.00
-999	1525212188	3600		260.80		         0		-999.00
-999	1525215788	3600		264.31		         0		-999.00
-999	1525219388	3600		260.80		         0		-999.00
-999	1525222988	3600		260.80		         0		-999.00
-999	1525226588	3600		260.80		         0		-999.00
-999	1525226930	342		260.80		         0		-999.00
6633	1525228130	1200		269.76		 168092208		799.00
6633	1525229721	1591		270.27		 185084869		792.00
-999	1525230921	1200		264.20		         0		-999.00
-999	1525234521	3600		264.43		         0		-999.00
-999	1525238121	3600		260.20		         0		-999.00
-999	1525241721	3600		261.15		         0		-999.00
-999	1525245321	3600		260.97		         0		-999.00
-999	1525246903	1582		261.14		         0		-999.00
6636	1525248103	1200		269.84		 167227006		806.00
6636	1525251703	3600		270.35		 183961152		789.00
6636	1525255303	3600		269.77		 164936961		783.00
6636	1525256334	1031		269.69		 162105114		779.50
-999	1525257534	1200		264.45		         0		-999.00
-999	1525261134	3600		263.94		         0		-999.00
-999	1525264734	3600		260.94		         0		-999.00
-999	1525268334	3600		264.45		         0		-999.00
-999	1525271934	3600		264.45		         0		-999.00
-999	1525275534	3600		264.11		         0		-999.00
-999	1525279134	3600		260.25		         0		-999.00
-999	1525282734	3600		260.97		         0		-999.00
-999	1525286334	3600		260.97		         0		-999.00
-999	1525289432	3098		260.97		         0		-999.00
6638	1525290632	1200		270.22		 191156602		717.00
6638	1525294232	3600		270.80		 199035249		812.00
6638	1525297832	3600		270.55		 190675589		801.50
6638	1525301432	3600		270.06		 174453241		796.50
6638	1525305032	3600		269.59		 158865047		786.00
6638	1525308632	3600		269.22		 146414003		779.00
6638	1525312232	3600		268.49		 133555140		729.50
6638	1525315832	3600		268.21		 124358420		766.00
6638	1525319432	3600		267.92		 114580219		756.50
6638	1525323032	3600		267.64		 105109614		751.00
6638	1525326632	3600		267.40		  97379084		744.00
6638	1525330232	3600		267.15		  89003813		740.50
6638	1525333832	3600		267.19		  90058370		744.00
6638	1525337432	3600		266.90		  80627032		739.50
6638	1525341032	3600		261.48		  74817897		 13.00
6638	1525341071	39		261.48		  66704331		 13.00
-999	1525342271	1200		261.14		         0		-999.00
-999	1525345871	3600		261.31		         0		-999.00
-999	1525349471	3600		261.13		         0		-999.00
-999	1525352253	2782		260.96		         0		-999.00
6639	1525353453	1200		270.52		 189904592		851.50
6639	1525357053	3600		271.05		 201920722		839.00
6639	1525360653	3600		270.72		 190765268		820.50
6639	1525364253	3600		270.23		 174512813		810.00
6639	1525367853	3600		269.81		 160594672		803.50
6639	1525371453	3600		269.23		 146625235		797.50
6639	1525375053	3600		268.91		 136198624		790.50
6639	1525378653	3600		268.60		 125806729		783.50
6639	1525382253	3600		267.95		 115365957		780.00
6639	1525385853	3600		267.71		 107280654		774.00
6639	1525389453	3600		267.44		  98282825		766.50
6639	1525393053	3600		267.14		  88331693		772.00
6639	1525394989	1936		267.31		  94263825		772.00
-999	1525396189	1200		264.15		         0		-999.00
-999	1525399789	3600		260.96		         0		-999.00
-999	1525403389	3600		260.96		         0		-999.00
-999	1525406989	3600		260.96		         0		-999.00
-999	1525410589	3600		260.96		         0		-999.00
-999	1525414040	3451		260.80		         0		-999.00
6640	1525415240	1200		269.93		 170653253		837.00
6640	1525418840	3600		270.22		 180460509		828.00
6640	1525422440	3600		269.90		 169770340		817.50
6640	1525426040	3600		269.37		 152122269		805.00
6640	1525429640	3600		268.66		 139656300		794.50
6640	1525433240	3600		268.25		 125889534		791.50
6640	1525436840	3600		267.89		 113970316		781.00
6640	1525440440	3600		267.52		 101696232		776.00
6640	1525444040	3600		267.26		  92850221		769.00
6640	1525446994	2954		266.89		  80650302		756.50
-999	1525448194	1200		263.95		         0		-999.00
-999	1525451794	3600		261.46		         0		-999.00
-999	1525455250	3456		260.78		         0		-999.00
6641	1525456450	1200		271.56		 222981140		893.00
6641	1525460050	3600		271.64		 225427864		862.00
6641	1525463650	3600		271.17		 209916730		863.00
6641	1525467250	3600		270.67		 193301261		856.00
6641	1525470850	3600		270.42		 184766021		848.50
6641	1525474450	3600		269.95		 169245681		840.50
6641	1525478050	3600		269.48		 153673018		831.00
6641	1525480726	2676		269.21		 144702677		827.00
-999	1525481926	1200		263.97		         0		-999.00
-999	1525485526	3600		261.46		         0		-999.00
-999	1525489126	3600		261.46		         0		-999.00
-999	1525489628	502		261.46		         0		-999.00
6642	1525490828	1200		271.67		 222049411		904.50
6642	1525494428	3600		271.94		 230884791		877.00
6642	1525498028	3600		270.99		 199310908		862.00
6642	1525501628	3600		270.42		 180116089		855.50
6642	1525503557	1929		270.05		 168025752		848.50
-999	1525504757	1200		264.45		         0		-999.00
-999	1525508357	3600		264.24		         0		-999.00
-999	1525511957	3600		264.07		         0		-999.00
-999	1525514208	2251		264.24		         0		-999.00
6643	1525515408	1200		271.91		 232441151		919.00
6643	1525515661	253		271.55		 220528438		915.50
-999	1525516861	1200		264.06		         0		-999.00
-999	1525520461	3600		264.06		         0		-999.00
-999	1525524061	3600		263.72		         0		-999.00
-999	1525527661	3600		263.72		         0		-999.00
-999	1525528039	378		263.72		         0		-999.00
6645	1525529239	1200		271.74		 226583315		920.50
6645	1525532839	3600		272.25		 243503833		905.00
6645	1525534478	1639		271.90		 231932362		901.50
-999	1525535678	1200		264.20		         0		-999.00
-999	1525539278	3600		264.20		         0		-999.00
-999	1525542878	3600		264.20		         0		-999.00
-999	1525546478	3600		264.20		         0		-999.00
-999	1525550078	3600		264.20		         0		-999.00
-999	1525553678	3600		264.20		         0		-999.00
-999	1525557278	3600		264.20		         0		-999.00
-999	1525560878	3600		261.20		         0		-999.00
-999	1525564478	3600		261.48		         0		-999.00
-999	1525565957	1479		261.14		         0		-999.00
6646	1525567157	1200		271.75		 221991564		922.00
6646	1525570757	3600		272.29		 240067962		912.00
6646	1525572881	2124		271.90		 226849035		898.00
-999	1525574081	1200		264.17		         0		-999.00
-999	1525577681	3600		261.17		         0		-999.00
-999	1525581281	3600		261.17		         0		-999.00
-999	1525584881	3600		260.83		         0		-999.00
-999	1525588481	3600		260.82		         0		-999.00
-999	1525592081	3600		260.82		         0		-999.00
-999	1525595681	3600		260.82		         0		-999.00
-999	1525597558	1877		261.15		         0		-999.00
6648	1525598758	1200		271.33		 208915908		908.50
6648	1525602358	3600		271.75		 229877400		902.00
6648	1525605958	3600		271.13		 203477895		876.00
6648	1525609558	3600		270.16		 183082261		843.00
6648	1525613158	3600		269.64		 165870647		861.50
6648	1525616758	3600		269.44		 159159555		853.50
6648	1525620358	3600		269.04		 146021639		843.50
6648	1525623958	3600		268.68		 134050499		843.50
6648	1525627558	3600		268.36		 123055922		826.50
6648	1525631158	3600		268.01		 111432103		819.50
6648	1525634758	3600		267.74		 102516012		812.50
6648	1525638358	3600		267.46		  93270274		809.00
6648	1525641958	3600		267.42		  91748591		812.00
6648	1525644792	2834		266.89		  86148025		804.00
-999	1525645992	1200		264.14		         0		-999.00
-999	1525649592	3600		261.29		         0		-999.00
-999	1525653192	3600		264.29		         0		-999.00
-999	1525656792	3600		264.29		         0		-999.00
-999	1525660392	3600		264.29		         0		-999.00
-999	1525663992	3600		260.78		         0		-999.00
-999	1525667592	3600		260.78		         0		-999.00
-999	1525668846	1254		260.78		         0		-999.00
6650	1525670046	1200		271.24		 209559204		927.50
6650	1525673646	3600		271.39		 214495631		911.00
6650	1525677246	3600		271.02		 202343312		894.50
6650	1525680846	3600		270.44		 182793803		883.50
6650	1525684446	3600		269.82		 173626282		883.50
6650	1525688046	3600		269.47		 161953247		869.50
6650	1525691462	3416		269.11		 149929666		865.50
-999	1525692662	1200		264.10		         0		-999.00
-999	1525696262	3600		264.10		         0		-999.00
-999	1525699862	3600		260.76		         0		-999.00
-999	1525703462	3600		261.27		         0		-999.00
-999	1525707062	3600		261.06		         0		-999.00
-999	1525710662	3600		260.72		         0		-999.00
-999	1525714262	3600		260.72		         0		-999.00
-999	1525717862	3600		260.72		         0		-999.00
-999	1525720697	2835		260.72		         0		-999.00
6654	1525721897	1200		270.88		 199386278		940.50
6654	1525725497	3600		271.51		 220325461		924.00
6654	1525729097	3600		271.07		 205595038		902.50
6654	1525732697	3600		270.46		 185197469		891.50
6654	1525736297	3600		270.00		 169912353		884.50
6654	1525739897	3600		269.65		 158208692		874.00
6654	1525743497	3600		269.22		 143944862		867.00
6654	1525747097	3600		261.53		 126936880		 12.50
6654	1525747107	10		261.53		 258850940		 12.50
-999	1525748307	1200		261.33		         0		-999.00
-999	1525751907	3600		260.82		         0		-999.00
-999	1525755507	3600		260.99		         0		-999.00
-999	1525759107	3600		261.16		         0		-999.00
-999	1525762707	3600		261.33		         0		-999.00
-999	1525766307	3600		261.16		         0		-999.00
-999	1525769907	3600		261.33		         0		-999.00
-999	1525773507	3600		261.33		         0		-999.00
-999	1525777107	3600		260.82		         0		-999.00
-999	1525780707	3600		261.52		         0		-999.00
-999	1525784307	3600		261.52		         0		-999.00
-999	1525787907	3600		260.84		         0		-999.00
-999	1525791507	3600		261.01		         0		-999.00
-999	1525795107	3600		261.01		         0		-999.00
-999	1525798707	3600		261.35		         0		-999.00
-999	1525802307	3600		261.35		         0		-999.00
-999	1525805907	3600		261.01		         0		-999.00
-999	1525809507	3600		261.01		         0		-999.00
-999	1525813107	3600		261.01		         0		-999.00
-999	1525815134	2027		260.84		         0		-999.00
6659	1525816334	1200		270.99		 202330758		940.50
6659	1525819934	3600		271.32		 213214214		919.50
6659	1525823534	3600		270.70		 192406252		906.00
6659	1525827134	3600		270.22		 176412883		895.00
6659	1525830734	3600		269.86		 164636900		888.00
6659	1525834334	3600		269.51		 152805085		884.50
6659	1525837670	3336		268.93		 145717582		880.50
-999	1525838870	1200		260.88		         0		-999.00
-999	1525842470	3600		259.08		         0		-999.00
-999	1525846070	3600		258.57		         0		-999.00
-999	1525849670	3600		258.74		         0		-999.00
-999	1525853270	3600		260.87		         0		-999.00
-999	1525856870	3600		264.38		         0		-999.00
-999	1525860470	3600		264.38		         0		-999.00
-999	1525864070	3600		264.38		         0		-999.00
-999	1525867670	3600		260.90		         0		-999.00
-999	1525871270	3600		264.32		         0		-999.00
-999	1525874870	3600		264.32		         0		-999.00
-999	1525878470	3600		260.81		         0		-999.00
-999	1525882070	3600		260.81		         0		-999.00
-999	1525885670	3600		260.81		         0		-999.00
-999	1525889270	3600		261.15		         0		-999.00
-999	1525891581	2311		261.32		         0		-999.00
6662	1525892781	1200		271.22		 208084230		939.00
6662	1525896381	3600		271.66		 222521808		933.50
6662	1525899981	3600		271.00		 200668795		916.00
6662	1525903581	3600		270.36		 186148268		912.00
6662	1525907181	3600		269.94		 172175660		905.00
6662	1525910781	3600		269.62		 161526365		895.50
6662	1525914381	3600		269.08		 149412553		888.00
6662	1525917981	3600		268.72		 137281400		877.50
6662	1525921581	3600		268.39		 126379322		877.00
6662	1525925181	3600		268.12		 117454009		865.50
6662	1525928781	3600		267.86		 108574922		858.50
6662	1525932381	3600		267.60		  99906054		853.50
6662	1525935981	3600		266.96		  89895385		841.50
6662	1525939581	3600		261.26		  88740543		 12.50
6662	1525941185	1604		261.25		  93341124		 12.50
-999	1525942385	1200		261.24		         0		-999.00
-999	1525945985	3600		261.07		         0		-999.00
-999	1525949090	3105		260.73		         0		-999.00
6663	1525950290	1200		271.08		 206485421		973.00
6663	1525953890	3600		271.50		 220294201		954.50
6663	1525957490	3600		271.04		 204888631		950.00
6663	1525957821	331		269.44		 151754555		950.00
-999	1525959021	1200		264.49		         0		-999.00
-999	1525962621	3600		264.32		         0		-999.00
-999	1525966221	3600		264.32		         0		-999.00
-999	1525969821	3600		264.32		         0		-999.00
-999	1525973421	3600		261.31		         0		-999.00
-999	1525977021	3600		261.14		         0		-999.00
-999	1525979595	2574		260.63		         0		-999.00
6666	1525980795	1200		270.94		 201539586		964.50
6666	1525984395	3600		271.43		 217915723		952.50
6666	1525987995	3600		270.74		 195197461		937.50
6666	1525991595	3600		270.39		 183721074		936.00
6666	1525995195	3600		269.97		 169546834		920.50
6666	1525998795	3600		269.58		 156475351		912.50
6666	1526002395	3600		269.16		 142408671		905.50
6666	1526005995	3600		268.86		 132621922		898.00
6666	1526009595	3600		268.53		 121438181		887.50
6666	1526013195	3600		268.22		 111230799		880.50
6666	1526016795	3600		267.80		 102758854		874.00
6666	1526020395	3600		267.54		  94107830		870.50
6666	1526023995	3600		267.17		  87663143		862.50
6666	1526026958	2963		261.20		  80634128		 13.00
-999	1526028158	1200		261.20		         0		-999.00
-999	1526031758	3600		261.03		         0		-999.00
-999	1526035358	3600		261.03		         0		-999.00
-999	1526038958	3600		261.20		         0		-999.00
-999	1526042558	3600		261.20		         0		-999.00
-999	1526046158	3600		261.03		         0		-999.00
-999	1526049758	3600		261.20		         0		-999.00
-999	1526050466	708		261.03		         0		-999.00
6672	1526051666	1200		271.02		 202408409		982.50
6672	1526055266	3600		271.36		 213887613		964.50
6672	1526058866	3600		270.78		 194517276		957.00
6672	1526062466	3600		270.32		 179277873		933.00
6672	1526066066	3600		269.82		 162572061		933.00
6672	1526068963	2897		269.45		 150057074		922.50
-999	1526070163	1200		264.23		         0		-999.00
-999	1526073763	3600		264.23		         0		-999.00
-999	1526077363	3600		264.23		         0		-999.00
-999	1526080963	3600		261.23		         0		-999.00
-999	1526084563	3600		261.23		         0		-999.00
-999	1526086746	2183		261.23		         0		-999.00
6674	1526087946	1200		271.30		 211406717		981.50
6674	1526091546	3600		271.45		 216494667		982.00
6674	1526095146	3600		271.10		 204939595		971.00
6674	1526098746	3600		270.73		 192474588		966.50
6674	1526102346	3600		270.31		 178598989		955.50
6674	1526105946	3600		269.83		 162504968		945.00
6674	1526109546	3600		269.46		 150285797		934.00
6674	1526113146	3600		269.10		 138288410		923.50
6674	1526116746	3600		268.40		 126487220		918.50
6674	1526120346	3600		268.10		 116609329		907.50
6674	1526123946	3600		267.79		 106133286		902.00
6674	1526127546	3600		267.57		  98753320		894.50
6674	1526131146	3600		267.40		  93249043		898.00
6674	1526134746	3600		267.52		  96968486		894.50
6674	1526136871	2125		266.82		  84947892		853.50
-999	1526138071	1200		261.27		         0		-999.00
-999	1526141671	3600		261.27		         0		-999.00
-999	1526144057	2386		260.76		         0		-999.00
6675	1526145257	1200		271.88		 228717380		1038.00
6675	1526148857	3600		272.19		 238925926		1019.00
6675	1526152457	3600		271.73		 223701136		1005.00
6675	1526156057	3600		271.16		 204652791		997.00
6675	1526159657	3600		270.71		 189682662		982.00
6675	1526163257	3600		270.30		 175928832		975.00
6675	1526166857	3600		269.86		 161202625		961.00
6675	1526170457	3600		269.54		 150753384		954.50
6675	1526174057	3600		268.83		 139460123		946.50
6675	1526177657	3600		268.51		 128735743		938.50
6675	1526181257	3600		268.23		 119476838		930.00
6675	1526184857	3600		267.99		 111477947		925.00
6675	1526188457	3600		267.29		  99361219		908.00
6675	1526192057	3600		267.80		 105062826		924.50
6675	1526193215	1158		267.72		 102358347		921.00
-999	1526194415	1200		264.12		         0		-999.00
-999	1526198015	3600		261.48		         0		-999.00
-999	1526201615	3600		261.31		         0		-999.00
-999	1526205215	3600		261.31		         0		-999.00
-999	1526205397	182		261.31		         0		-999.00
6677	1526206597	1200		271.52		 215857230		1053.00
6677	1526210197	3600		271.84		 226487225		1017.00
6677	1526213797	3600		271.53		 216306083		1026.00
6677	1526217397	3600		271.15		 203914208		1024.00
6677	1526220997	3600		270.70		 188736187		1008.00
6677	1526224597	3600		269.90		 173894457		991.00
6677	1526228197	3600		269.45		 158898620		980.50
6677	1526231797	3600		269.12		 147865180		969.50
6677	1526235397	3600		268.76		 135628367		960.00
6677	1526238997	3600		268.46		 125758835		949.00
6677	1526242597	3600		268.12		 114538278		942.00
6677	1526246197	3600		267.85		 105558373		936.00
6677	1526249797	3600		267.21		  95561797		910.50
6677	1526253397	3600		267.25		  96662486		936.00
6677	1526253988	591		267.43		 102682348		932.50
-999	1526255188	1200		260.83		         0		-999.00
-999	1526258788	3600		261.32		         0		-999.00
-999	1526262388	3600		261.32		         0		-999.00
-999	1526265988	3600		260.81		         0		-999.00
-999	1526269588	3600		261.15		         0		-999.00
-999	1526269876	288		261.32		         0		-999.00
6681	1526271076	1200		271.19		 209184764		1051.00
6681	1526274676	3600		271.43		 211685990		1042.00
6681	1526278276	3600		271.16		 202545283		1023.00
6681	1526281876	3600		270.75		 189043156		1019.00
6681	1526285476	3600		269.93		 173779167		1008.00
6681	1526289076	3600		269.42		 156804741		989.50
6681	1526292676	3600		269.06		 144991091		979.50
6681	1526296276	3600		268.70		 133051251		968.00
6681	1526299876	3600		268.41		 123140896		968.00
6681	1526303476	3600		268.26		 118109960		964.50
6681	1526307076	3600		268.04		 110911610		965.50
6681	1526310676	3600		267.99		 109152775		951.00
6681	1526314276	3600		267.68		  98900450		949.00
6681	1526317876	3600		267.10		  91094636		934.50
6681	1526320377	2501		267.00		  87937928		933.50
-999	1526321577	1200		261.36		         0		-999.00
-999	1526325177	3600		264.36		         0		-999.00
-999	1526328777	3600		261.02		         0		-999.00
-999	1526332377	3600		260.93		         0		-999.00
-999	1526335977	3600		260.92		         0		-999.00
-999	1526336568	591		260.92		         0		-999.00
6683	1526337768	1200		271.61		 220709242		1078.00
6683	1526338662	894		271.92		 236428601		952.50
-999	1526339862	1200		264.13		         0		-999.00
-999	1526343462	3600		260.94		         0		-999.00
-999	1526347062	3600		260.94		         0		-999.00
-999	1526350662	3600		261.27		         0		-999.00
-999	1526354262	3600		264.43		         0		-999.00
-999	1526357862	3600		261.43		         0		-999.00
-999	1526361462	3600		261.09		         0		-999.00
-999	1526365062	3600		260.92		         0		-999.00
-999	1526368662	3600		264.43		         0		-999.00
-999	1526372262	3600		260.92		         0		-999.00
-999	1526375862	3600		261.43		         0		-999.00
-999	1526379462	3600		260.92		         0		-999.00
-999	1526383062	3600		260.92		         0		-999.00
-999	1526386662	3600		260.93		         0		-999.00
-999	1526390262	3600		261.44		         0		-999.00
-999	1526393862	3600		260.93		         0		-999.00
-999	1526397212	3350		261.10		         0		-999.00
6688	1526398412	1200		266.78		  78214862		919.00
6688	1526402012	3600		266.94		  83410652		898.50
6688	1526405612	3600		266.69		  74984753		912.00
6688	1526409212	3600		266.58		  71402155		903.00
6688	1526412812	3600		266.43		  66383886		892.50
6688	1526413919	1107		266.00		  52258958		880.00
-999	1526415119	1200		260.92		         0		-999.00
-999	1526418719	3600		261.08		         0		-999.00
-999	1526422319	3600		261.42		         0		-999.00
-999	1526425919	3600		260.91		         0		-999.00
-999	1526428498	2579		261.08		         0		-999.00
6690	1526429698	1200		267.74		 104943342		944.00
6690	1526433298	3600		267.91		 110798918		938.50
6690	1526436898	3600		267.59		  99897676		932.50
6690	1526440498	3600		267.34		  91519425		925.50
6690	1526444098	3600		267.11		  84032699		917.50
6690	1526447698	3600		266.93		  78011449		914.00
6690	1526451298	3600		266.75		  71960640		910.00
6690	1526454898	3600		266.62		  67603306		906.50
6690	1526458498	3600		266.56		  65775688		920.50
6690	1526460261	1763		266.41		  66743191		902.00
-999	1526461461	1200		264.23		         0		-999.00
-999	1526465061	3600		261.40		         0		-999.00
-999	1526468661	3600		260.86		         0		-999.00
-999	1526472261	3600		260.86		         0		-999.00
-999	1526475861	3600		260.86		         0		-999.00
-999	1526479461	3600		260.90		         0		-999.00
-999	1526482078	2617		261.41		         0		-999.00
-999	1526483842	1200		264.25		         0		-999.00
-999	1526487442	3600		264.24		         0		-999.00
-999	1526490917	3475		264.41		         0		-999.00
6693	1526492117	1200		269.08		 155203227		892.00
6693	1526495717	3600		269.86		 169854686		999.00
6693	1526499317	3600		269.39		 154419485		979.00
6693	1526502917	3600		269.13		 145788865		979.50
6693	1526506517	3600		268.72		 132023583		970.00
6693	1526510117	3600		268.39		 120953510		962.50
6693	1526513717	3600		268.13		 112499727		956.00
6693	1526517317	3600		267.88		 103941269		949.00
6693	1526520917	3600		267.87		 103519641		955.00
6693	1526524517	3600		267.24		  94438856		946.50
6693	1526526352	1835		267.16		  91951271		939.50
-999	1526527552	1200		263.89		         0		-999.00
-999	1526531152	3600		261.18		         0		-999.00
-999	1526534752	3600		261.35		         0		-999.00
-999	1526536049	1297		261.35		         0		-999.00
6694	1526537249	1200		270.58		 191909170		1067.00
6694	1526540849	3600		271.14		 204698598		1044.00
6694	1526544449	3600		270.68		 189571592		1036.00
6694	1526548049	3600		270.26		 175437516		1019.00
6694	1526551649	3600		269.38		 158392408		1008.00
6694	1526555249	3600		268.98		 145143677		996.50
6694	1526558849	3600		268.66		 134608890		986.00
6694	1526562449	3600		268.31		 123043551		978.50
6694	1526566049	3600		268.03		 113431885		975.00
6694	1526569649	3600		267.88		 108471603		984.50
6694	1526570269	620		261.28		 101682168		 13.00
-999	1526571469	1200		264.28		         0		-999.00
-999	1526575069	3600		261.27		         0		-999.00
-999	1526578669	3600		264.27		         0		-999.00
-999	1526582269	3600		264.27		         0		-999.00
-999	1526585869	3600		264.27		         0		-999.00
-999	1526589469	3600		261.27		         0		-999.00
-999	1526593069	3600		261.27		         0		-999.00
-999	1526595789	2720		261.27		         0		-999.00
6696	1526596989	1200		271.17		 205101060		1092.00
6696	1526600589	3600		271.54		 217369976		1072.00
6696	1526604189	3600		271.04		 200732274		1053.00
6696	1526607789	3600		270.69		 189080694		1047.00
6696	1526611389	3600		270.24		 174008543		1035.00
6696	1526614989	3600		269.76		 158030572		1029.00
6696	1526618589	3600		269.49		 149147888		1017.00
6696	1526622189	3600		269.14		 137403544		1009.00
6696	1526625789	3600		268.66		 127133889		997.50
6696	1526626810	1021		267.19		  95317297		973.00
-999	1526628010	1200		264.33		         0		-999.00
-999	1526631610	3600		264.33		         0		-999.00
-999	1526635210	3600		261.33		         0		-999.00
-999	1526638810	3600		261.16		         0		-999.00
-999	1526642410	3600		261.33		         0		-999.00
-999	1526646010	3600		261.16		         0		-999.00
-999	1526649610	3600		260.80		         0		-999.00
-999	1526653210	3600		261.15		         0		-999.00
-999	1526656810	3600		261.15		         0		-999.00
-999	1526660410	3600		261.15		         0		-999.00
-999	1526664010	3600		260.80		         0		-999.00
-999	1526667610	3600		260.98		         0		-999.00
-999	1526668468	858		260.98		         0		-999.00
6699	1526669668	1200		264.00		    815700		859.50
6699	1526673268	3600		264.00		    726698		882.00
6699	1526676868	3600		264.17		    614929		860.50
6699	1526679748	2880		261.15		    874231		 12.50
-999	1526680948	1200		263.80		         0		-999.00
-999	1526684548	3600		260.97		         0		-999.00
-999	1526688148	3600		260.80		         0		-999.00
-999	1526688844	696		261.14		         0		-999.00
6700	1526690044	1200		270.82		 192765345		1068.00
6700	1526693644	3600		271.36		 210771738		1065.00
6700	1526697244	3600		270.70		 188867613		1052.00
6700	1526700844	3600		270.17		 171138025		1033.00
6700	1526704444	3600		269.67		 159966824		1040.00
6700	1526708044	3600		269.51		 154914960		1030.00
6700	1526711644	3600		269.17		 143459070		1016.00
6700	1526715244	3600		268.82		 131670727		1009.00
6700	1526718844	3600		268.34		 121301970		997.50
6700	1526722444	3600		268.10		 113389378		998.00
6700	1526726044	3600		267.97		 109185073		988.00
6700	1526729644	3600		267.74		 101610278		983.50
6700	1526733244	3600		267.06		  90758590		894.50
6700	1526733931	687		267.08		  91243732		965.00
-999	1526735131	1200		260.83		         0		-999.00
-999	1526738731	3600		260.66		         0		-999.00
-999	1526742331	3600		264.00		         0		-999.00
-999	1526745931	3600		264.17		         0		-999.00
-999	1526749531	3600		264.00		         0		-999.00
-999	1526753131	3600		260.83		         0		-999.00
-999	1526756067	2936		261.18		         0		-999.00
6702	1526757267	1200		271.30		 208360295		1123.00
6702	1526760867	3600		271.90		 228118515		1089.00
6702	1526764467	3600		271.16		 203519743		1072.00
6702	1526768030	3563		270.60		 184769505		1064.00
-999	1526769230	1200		263.94		         0		-999.00
-999	1526772830	3600		261.13		         0		-999.00
-999	1526776430	3600		264.13		         0		-999.00
-999	1526780030	3600		261.30		         0		-999.00
-999	1526783630	3600		261.30		         0		-999.00
-999	1526787230	3600		261.28		         0		-999.00
-999	1526790830	3600		261.11		         0		-999.00
-999	1526794430	3600		260.77		         0		-999.00
-999	1526795464	1034		261.11		         0		-999.00
6706	1526796664	1200		267.25		  87613167		983.50
6706	1526800264	3600		267.06		  92551612		951.00
6706	1526803864	3600		266.88		  86624131		966.50
6706	1526807464	3600		266.66		  79059005		959.50
6706	1526808387	923		266.01		  57712651		948.50
-999	1526809587	1200		260.77		         0		-999.00
-999	1526813187	3600		261.12		         0		-999.00
-999	1526816787	3600		261.12		         0		-999.00
-999	1526820387	3600		264.29		         0		-999.00
-999	1526823987	3600		264.29		         0		-999.00
-999	1526827587	3600		264.12		         0		-999.00
-999	1526831187	3600		264.29		         0		-999.00
-999	1526834787	3600		260.77		         0		-999.00
-999	1526838387	3600		260.77		         0		-999.00
-999	1526839146	759		260.77		         0		-999.00
6709	1526840346	1200		271.30		 206691706		1122.00
6709	1526843946	3600		271.90		 226870126		1107.00
6709	1526847546	3600		270.90		 204882300		1088.00
6709	1526851146	3600		270.31		 185176381		1071.00
6709	1526854746	3600		269.75		 166697883		1055.00
6709	1526858346	3600		269.55		 159862514		1057.00
6709	1526861946	3600		269.27		 150570569		1046.00
6709	1526865546	3600		268.94		 139580962		1032.00
6709	1526869146	3600		268.25		 127797480		1006.00
6709	1526872746	3600		267.96		 118185086		1019.00
6709	1526873547	801		267.97		 118510953		1026.00
-999	1526874747	1200		263.90		         0		-999.00
-999	1526878347	3600		264.24		         0		-999.00
-999	1526881947	3600		264.24		         0		-999.00
-999	1526885547	3600		260.72		         0		-999.00
-999	1526889147	3600		260.89		         0		-999.00
-999	1526892747	3600		260.89		         0		-999.00
-999	1526895864	3117		261.40		         0		-999.00
6710	1526897064	1200		270.76		 197569283		1127.00
6710	1526900664	3600		271.37		 217968748		1118.00
6710	1526904264	3600		270.92		 202899073		1090.00
6710	1526907864	3600		270.54		 186620525		1076.00
6710	1526911464	3600		270.04		 170044853		1071.00
6710	1526915064	3600		269.67		 157714309		1058.00
6710	1526918664	3600		268.90		 144024196		1052.00
6710	1526922264	3600		268.62		 134577143		1053.00
6710	1526925140	2876		268.53		 131543588		1038.00
-999	1526926340	1200		263.88		         0		-999.00
-999	1526929940	3600		264.05		         0		-999.00
-999	1526933540	3600		264.05		         0		-999.00
-999	1526937140	3600		260.71		         0		-999.00
-999	1526940740	3600		261.22		         0		-999.00
-999	1526944181	3441		261.05		         0		-999.00
6711	1526945381	1200		270.73		 192625945		1051.00
6711	1526948981	3600		271.17		 207551218		1114.00
6711	1526952581	3600		270.57		 192952978		1100.00
6711	1526956181	3600		270.06		 176125664		1091.00
6711	1526959781	3600		269.64		 162017519		1074.00
6711	1526963381	3600		269.06		 148573343		1060.00
6711	1526966981	3600		268.68		 135876178		1054.00
6711	1526970581	3600		268.21		 125742778		1017.00
6711	1526974181	3600		268.05		 114887001		1033.00
6711	1526977781	3600		267.74		 104534409		1023.00
6711	1526981381	3600		267.67		 102251189		1024.00
6711	1526984981	3600		267.53		  97422073		1017.00
6711	1526988581	3600		267.02		  86265917		1003.00
6711	1526991910	3329		260.92		  81262214		 12.50
-999	1526993110	1200		263.92		         0		-999.00
-999	1526996710	3600		260.92		         0		-999.00
-999	1527000111	3401		261.09		         0		-999.00
6712	1527001311	1200		271.28		 207569567		1166.00
6712	1527004911	3600		271.62		 218922819		1148.00
6712	1527008511	3600		271.20		 204830622		1125.00
6712	1527012111	3600		270.72		 188756002		1111.00
6712	1527015711	3600		270.27		 173861770		1098.00
6712	1527019311	3600		269.62		 157779482		1088.00
6712	1527022911	3600		269.30		 147219337		1077.00
6712	1527026511	3600		268.91		 134367947		1070.00
6712	1527030111	3600		268.57		 123048434		1056.00
6712	1527033711	3600		268.28		 113225449		1051.00
6712	1527037311	3600		267.55		 105801146		1031.00
6712	1527037656	345		267.65		 109360595		1035.00
-999	1527038856	1200		260.86		         0		-999.00
-999	1527042456	3600		261.03		         0		-999.00
-999	1527046056	3600		261.03		         0		-999.00
-999	1527047343	1287		261.38		         0		-999.00
6714	1527048543	1200		270.56		 193677529		1151.00
6714	1527052143	3600		271.70		 220064313		1168.00
6714	1527055743	3600		271.36		 208851467		1137.00
6714	1527059343	3600		270.83		 191299927		1132.00
6714	1527062943	3600		270.35		 175143876		1119.00
6714	1527066543	3600		269.96		 162098215		1107.00
6714	1527070143	3600		269.38		 148620249		1094.00
6714	1527073743	3600		269.06		 138000236		1084.00
6714	1527077343	3600		268.55		 126421335		1075.00
6714	1527080943	3600		268.25		 116551587		1066.00
6714	1527084543	3600		268.08		 111034607		1065.00
6714	1527088143	3600		267.51		 103413371		1063.00
6714	1527091743	3600		267.45		 101554179		1051.00
6714	1527095343	3600		267.16		  91932387		1042.00
6714	1527097678	2335		267.00		  86558264		1040.00
-999	1527098878	1200		263.89		         0		-999.00
-999	1527102478	3600		263.89		         0		-999.00
-999	1527106078	3600		260.83		         0		-999.00
-999	1527109678	3600		261.17		         0		-999.00
-999	1527113278	3600		261.17		         0		-999.00
-999	1527116878	3600		261.17		         0		-999.00
-999	1527120478	3600		261.17		         0		-999.00
-999	1527124078	3600		261.00		         0		-999.00
-999	1527127678	3600		264.00		         0		-999.00
-999	1527131278	3600		264.00		         0		-999.00
-999	1527134878	3600		264.17		         0		-999.00
-999	1527138478	3600		264.17		         0		-999.00
-999	1527142078	3600		264.17		         0		-999.00
-999	1527145678	3600		264.00		         0		-999.00
-999	1527149278	3600		264.00		         0		-999.00
-999	1527152878	3600		264.00		         0		-999.00
-999	1527156478	3600		264.34		         0		-999.00
-999	1527160078	3600		264.34		         0		-999.00
-999	1527163678	3600		264.34		         0		-999.00
-999	1527167278	3600		263.99		         0		-999.00
-999	1527170878	3600		263.99		         0		-999.00
-999	1527174478	3600		264.33		         0		-999.00
-999	1527178078	3600		264.33		         0		-999.00
-999	1527181678	3600		264.33		         0		-999.00
-999	1527185278	3600		261.16		         0		-999.00
-999	1527188878	3600		260.99		         0		-999.00
-999	1527192478	3600		260.99		         0		-999.00
-999	1527196078	3600		261.17		         0		-999.00
-999	1527196563	485		261.34		         0		-999.00
6719	1527197763	1200		271.01		 216670725		961.50
6719	1527201363	3600		272.03		 232483917		1176.00
6719	1527204963	3600		271.49		 214311836		1160.00
6719	1527208563	3600		270.86		 193320983		1144.00
6719	1527212163	3600		270.06		 178368039		1128.00
6719	1527215763	3600		269.60		 162793423		1120.00
6719	1527219363	3600		269.19		 149203540		1102.00
6719	1527222963	3600		268.84		 137531853		1091.00
6719	1527225511	2548		260.84		 128173852		 12.50
-999	1527226711	1200		264.02		         0		-999.00
-999	1527230311	3600		263.85		         0		-999.00
-999	1527233911	3600		264.02		         0		-999.00
-999	1527237511	3600		264.02		         0		-999.00
-999	1527241111	3600		260.85		         0		-999.00
-999	1527244711	3600		260.85		         0		-999.00
-999	1527248311	3600		261.02		         0		-999.00
-999	1527251911	3600		261.02		         0		-999.00
-999	1527255511	3600		260.85		         0		-999.00
-999	1527259111	3600		260.85		         0		-999.00
-999	1527262145	3034		261.36		         0		-999.00
6724	1527263345	1200		270.15		 181228370		1143.00
6724	1527265712	2367		269.34		 155330862		1133.00
-999	1527266912	1200		264.17		         0		-999.00
-999	1527270512	3600		264.17		         0		-999.00
-999	1527274112	3600		264.17		         0		-999.00
-999	1527277712	3600		264.17		         0		-999.00
-999	1527281312	3600		264.17		         0		-999.00
-999	1527284912	3600		264.17		         0		-999.00
-999	1527288512	3600		264.17		         0		-999.00
-999	1527292112	3600		264.17		         0		-999.00
-999	1527295712	3600		264.17		         0		-999.00
-999	1527299312	3600		264.17		         0		-999.00
-999	1527302912	3600		264.17		         0		-999.00
-999	1527306512	3600		264.17		         0		-999.00
-999	1527310112	3600		264.17		         0		-999.00
-999	1527313712	3600		264.17		         0		-999.00
-999	1527317312	3600		264.17		         0		-999.00
-999	1527320912	3600		264.34		         0		-999.00
-999	1527324512	3600		260.83		         0		-999.00
-999	1527328112	3600		261.00		         0		-999.00
-999	1527331712	3600		261.17		         0		-999.00
-999	1527335312	3600		260.83		         0		-999.00
-999	1527337470	2158		261.34		         0		-999.00
6729	1527338670	1200		271.12		 202689048		1189.00
6729	1527342270	3600		271.48		 214819393		1169.00
6729	1527345870	3600		271.09		 201785026		1158.00
6729	1527349470	3600		270.61		 185893484		1143.00
6729	1527353070	3600		270.20		 172153571		1134.00
6729	1527356670	3600		269.80		 158918461		1118.00
6729	1527360270	3600		269.48		 148194639		1110.00
6729	1527363870	3600		269.00		 137631118		1105.00
6729	1527367470	3600		268.66		 126549600		1093.00
6729	1527371070	3600		268.43		 118614847		1083.00
6729	1527374670	3600		268.17		 110130254		1080.00
6729	1527378270	3600		268.19		 110884836		1080.00
6729	1527379580	1310		267.16		  88771757		1065.00
-999	1527380780	1200		264.14		         0		-999.00
-999	1527384380	3600		264.14		         0		-999.00
-999	1527387980	3600		264.14		         0		-999.00
-999	1527391580	3600		264.14		         0		-999.00
-999	1527395180	3600		264.14		         0		-999.00
-999	1527398780	3600		264.31		         0		-999.00
-999	1527402380	3600		264.31		         0		-999.00
-999	1527405980	3600		264.31		         0		-999.00
-999	1527409580	3600		264.31		         0		-999.00
-999	1527413180	3600		264.31		         0		-999.00
-999	1527416780	3600		264.31		         0		-999.00
-999	1527420380	3600		264.31		         0		-999.00
-999	1527423980	3600		264.31		         0		-999.00
-999	1527427580	3600		264.31		         0		-999.00
-999	1527431180	3600		264.31		         0		-999.00
-999	1527434780	3600		264.31		         0		-999.00
-999	1527438380	3600		260.97		         0		-999.00
-999	1527441980	3600		260.93		         0		-999.00
-999	1527444196	2216		261.27		         0		-999.00
6731	1527445396	1200		270.89		 203681434		1185.00
6731	1527448996	3600		271.63		 216873774		1181.00
6731	1527452596	3600		271.16		 201064442		1169.00
6731	1527455247	2651		270.72		 186420172		1156.00
-999	1527456447	1200		263.99		         0		-999.00
-999	1527460047	3600		260.82		         0		-999.00
-999	1527463647	3600		264.16		         0		-999.00
-999	1527467247	3600		261.16		         0		-999.00
-999	1527470847	3600		261.16		         0		-999.00
-999	1527471111	264		261.16		         0		-999.00
6733	1527472311	1200		270.69		 188705748		1202.00
6733	1527475911	3600		271.27		 207880381		1174.00
6733	1527479511	3600		270.36		 188963419		1156.00
6733	1527483111	3600		269.97		 175878224		1147.00
6733	1527486711	3600		269.52		 160807097		1133.00
6733	1527490311	3600		269.17		 149342040		1125.00
6733	1527491331	1020		268.83		 138026354		1126.00
-999	1527492531	1200		263.84		         0		-999.00
-999	1527496131	3600		261.01		         0		-999.00
-999	1527499731	3600		261.01		         0		-999.00
-999	1527503331	3600		260.84		         0		-999.00
-999	1527506931	3600		260.84		         0		-999.00
-999	1527510531	3600		261.18		         0		-999.00
-999	1527514131	3600		261.18		         0		-999.00
-999	1527517731	3600		261.18		         0		-999.00
-999	1527521331	3600		260.84		         0		-999.00
-999	1527524931	3600		261.18		         0		-999.00
-999	1527528531	3600		261.01		         0		-999.00
-999	1527532131	3600		261.01		         0		-999.00
-999	1527532773	642		261.18		         0		-999.00
-999	1527534651	1200		264.19		         0		-999.00
-999	1527538251	3600		261.02		         0		-999.00
-999	1527541851	3600		261.19		         0		-999.00
-999	1527541997	146		261.19		         0		-999.00
6738	1527543197	1200		271.20		 203957922		1206.00
6738	1527546797	3600		271.59		 217214667		1197.00
6738	1527550397	3600		270.79		 191085152		1189.00
6738	1527553997	3600		270.61		 185117555		1170.00
6738	1527557597	3600		270.13		 168897239		1151.00
6738	1527561197	3600		269.43		 157241126		1113.00
6738	1527564797	3600		269.07		 145161936		1129.00
6738	1527568397	3600		268.71		 133207815		1121.00
6738	1527571997	3600		268.44		 124337077		1111.00
6738	1527575597	3600		268.15		 114592881		1099.00
6738	1527579197	3600		267.92		 107021377		1096.00
6738	1527582797	3600		267.90		 106095463		1103.00
6738	1527585526	2729		267.29		  97409589		1087.00
-999	1527586726	1200		260.84		         0		-999.00
-999	1527590326	3600		260.90		         0		-999.00
-999	1527593926	3600		260.61		         0		-999.00
-999	1527597526	3600		260.95		         0		-999.00
-999	1527601126	3600		261.12		         0		-999.00
-999	1527604726	3600		261.12		         0		-999.00
-999	1527608326	3600		261.12		         0		-999.00
-999	1527611926	3600		261.12		         0		-999.00
-999	1527615526	3600		261.12		         0		-999.00
-999	1527619126	3600		261.12		         0		-999.00
-999	1527622726	3600		261.12		         0		-999.00
-999	1527626326	3600		261.12		         0		-999.00
-999	1527629926	3600		261.12		         0		-999.00
-999	1527633526	3600		261.12		         0		-999.00
-999	1527637126	3600		261.12		         0		-999.00
-999	1527640726	3600		261.12		         0		-999.00
-999	1527644326	3600		261.12		         0		-999.00
-999	1527647926	3600		261.12		         0		-999.00
-999	1527651526	3600		261.12		         0		-999.00
-999	1527655126	3600		264.29		         0		-999.00
-999	1527658726	3600		260.95		         0		-999.00
-999	1527662326	3600		260.95		         0		-999.00
-999	1527664472	2146		261.12		         0		-999.00
6741	1527665672	1200		270.86		 201901454		1196.00
6741	1527669272	3600		271.45		 215974606		1193.00
6741	1527672872	3600		270.97		 199871566		1185.00
6741	1527676472	3600		270.49		 183996308		1174.00
6741	1527680072	3600		270.05		 169167017		1164.00
6741	1527683672	3600		269.73		 158734615		1151.00
6741	1527687272	3600		269.36		 146335840		1142.00
6741	1527690872	3600		269.06		 136476186		1130.00
6741	1527694472	3600		268.74		 125818671		1123.00
6741	1527696790	2318		267.83		 107377332		1107.00
-999	1527697990	1200		261.10		         0		-999.00
-999	1527701590	3600		264.10		         0		-999.00
-999	1527705190	3600		260.91		         0		-999.00
-999	1527708790	3600		264.08		         0		-999.00
-999	1527712390	3600		264.25		         0		-999.00
-999	1527715990	3600		264.25		         0		-999.00
-999	1527719590	3600		264.25		         0		-999.00
-999	1527723190	3600		261.07		         0		-999.00
-999	1527726790	3600		261.24		         0		-999.00
-999	1527727278	488		261.24		         0		-999.00
6744	1527728478	1200		270.75		 194367753		1219.00
6744	1527732078	3600		271.25		 210934536		1203.00
6744	1527735678	3600		270.57		 188230965		1183.00
6744	1527739278	3600		270.33		 180161727		1181.00
6744	1527739555	277		270.29		 178920211		1185.00
-999	1527740755	1200		263.90		         0		-999.00
-999	1527744355	3600		263.90		         0		-999.00
-999	1527747955	3600		260.90		         0		-999.00
-999	1527751555	3600		260.90		         0		-999.00
-999	1527755155	3600		264.24		         0		-999.00
-999	1527758755	3600		264.24		         0		-999.00
-999	1527762355	3600		264.24		         0		-999.00
-999	1527765955	3600		260.89		         0		-999.00
-999	1527769555	3600		260.88		         0		-999.00
-999	1527773155	3600		260.88		         0		-999.00
-999	1527776755	3600		261.50		         0		-999.00
-999	1527779405	2650		261.50		         0		-999.00
6747	1527780605	1200		266.78		  82630878		1093.00
6747	1527784205	3600		266.94		  88075651		1075.00
6747	1527787805	3600		266.65		  78372835		1067.00
6747	1527790438	2633		266.32		  67482186		1060.00
-999	1527791638	1200		264.30		         0		-999.00
-999	1527795238	3600		264.13		         0		-999.00
-999	1527798838	3600		264.13		         0		-999.00
-999	1527802438	3600		264.13		         0		-999.00
-999	1527806038	3600		264.30		         0		-999.00
-999	1527809638	3600		260.95		         0		-999.00
-999	1527813238	3600		261.29		         0		-999.00
-999	1527814336	1098		261.29		         0		-999.00
6749	1527815536	1200		271.44		 211109906		1258.00
6749	1527819136	3600		271.78		 222504418		1216.00
6749	1527822736	3600		271.20		 203082569		1208.00
6749	1527826336	3600		270.73		 187321412		1196.00
6749	1527829936	3600		270.35		 174787960		1181.00
6749	1527833536	3600		269.54		 159566110		1159.00
6749	1527837136	3600		269.20		 148252464		1157.00
6749	1527840736	3600		268.83		 135753184		1144.00
6749	1527844336	3600		268.36		 125898207		1128.00
6749	1527847936	3600		267.99		 113530076		1118.00
6749	1527851536	3600		267.84		 108396712		1118.00
6749	1527855136	3600		267.64		 101919730		1116.00
6749	1527858736	3600		267.47		  95969080		1104.00
6749	1527862336	3600		266.72		  82468008		1097.00
6749	1527863535	1199		266.70		  81800196		1093.00
-999	1527864735	1200		260.91		         0		-999.00
-999	1527868335	3600		260.51		         0		-999.00
-999	1527871935	3600		261.22		         0		-999.00
-999	1527874885	2950		261.22		         0		-999.00
6751	1527876085	1200		271.24		 204294040		1265.00
6751	1527879685	3600		271.83		 223876002		1238.00
6751	1527883285	3600		271.03		 203044848		1221.00
6751	1527886885	3600		270.55		 187164971		1212.00
6751	1527890485	3600		270.09		 171914415		1185.00
6751	1527894085	3600		269.71		 159181972		1187.00
6751	1527897685	3600		269.30		 145425779		1170.00
6751	1527901285	3600		269.00		 135417095		1160.00
6751	1527904885	3600		268.67		 124283803		1149.00
6751	1527908485	3600		268.21		 114680550		1136.00
6751	1527912085	3600		267.90		 104584137		1138.00
6751	1527915685	3600		267.76		  99859414		1123.00
6751	1527919285	3600		267.61		  94806418		1122.00
6751	1527921017	1732		266.62		  78721895		1102.00
-999	1527922217	1200		264.26		         0		-999.00
-999	1527925817	3600		261.09		         0		-999.00
-999	1527929234	3417		261.28		         0		-999.00
6752	1527930434	1200		271.55		 213027719		1277.00
6752	1527934034	3600		271.89		 224348176		1267.00
6752	1527937634	3600		271.25		 208693992		1246.00
6752	1527941234	3600		270.65		 188739059		1231.00
6752	1527944428	3194		270.24		 175188362		1219.00
-999	1527945628	1200		264.06		         0		-999.00
-999	1527949228	3600		264.06		         0		-999.00
-999	1527952828	3600		264.06		         0		-999.00
-999	1527956428	3600		264.06		         0		-999.00
-999	1527960028	3600		264.06		         0		-999.00
-999	1527963628	3600		264.06		         0		-999.00
-999	1527967228	3600		264.23		         0		-999.00
-999	1527970828	3600		264.23		         0		-999.00
-999	1527974428	3600		264.23		         0		-999.00
-999	1527978028	3600		264.04		         0		-999.00
-999	1527981628	3600		264.21		         0		-999.00
-999	1527985228	3600		264.21		         0		-999.00
-999	1527988828	3600		264.21		         0		-999.00
-999	1527992428	3600		264.21		         0		-999.00
-999	1527996028	3600		264.21		         0		-999.00
-999	1527999628	3600		264.21		         0		-999.00
-999	1528003228	3600		264.21		         0		-999.00
-999	1528006828	3600		264.21		         0		-999.00
-999	1528010428	3600		264.21		         0		-999.00
-999	1528014028	3600		264.21		         0		-999.00
-999	1528017628	3600		264.21		         0		-999.00
-999	1528021228	3600		264.21		         0		-999.00
-999	1528024828	3600		261.20		         0		-999.00
-999	1528028428	3600		261.20		         0		-999.00
-999	1528032028	3600		261.20		         0		-999.00
-999	1528035628	3600		261.37		         0		-999.00
-999	1528036390	762		261.20		         0		-999.00
6755	1528037590	1200		271.18		 204501502		1272.00
6755	1528039694	2104		271.88		 228054500		1259.00
-999	1528040894	1200		264.00		         0		-999.00
-999	1528044494	3600		264.17		         0		-999.00
-999	1528048094	3600		264.17		         0		-999.00
-999	1528051694	3600		264.17		         0		-999.00
-999	1528055294	3600		264.17		         0		-999.00
-999	1528058894	3600		264.17		         0		-999.00
-999	1528062494	3600		264.34		         0		-999.00
-999	1528066094	3600		264.34		         0		-999.00
-999	1528069694	3600		261.00		         0		-999.00
-999	1528073294	3600		261.17		         0		-999.00
-999	1528075258	1964		261.17		         0		-999.00
6757	1528076458	1200		271.21		 200437582		1277.00
6757	1528080058	3600		271.70		 216744161		1253.00
6757	1528083658	3600		271.17		 199138496		1238.00
6757	1528087258	3600		270.67		 182310461		1220.00
6757	1528090858	3600		270.18		 166236335		1209.00
6757	1528094458	3600		269.83		 154536796		1195.00
6757	1528098058	3600		269.08		 140819448		1183.00
6757	1528101658	3600		268.76		 130262445		1172.00
6757	1528105258	3600		268.43		 119093374		1160.00
6757	1528108858	3600		268.15		 109640996		1154.00
6757	1528112458	3600		267.95		 103053456		1142.00
6757	1528116058	3600		267.74		  96141438		1140.00
6757	1528119658	3600		267.02		  84416311		1130.00
6757	1528121351	1693		260.97		  82044098		 12.50
-999	1528122551	1200		260.98		         0		-999.00
-999	1528126151	3600		260.98		         0		-999.00
-999	1528129751	3600		261.31		         0		-999.00
-999	1528133351	3600		264.31		         0		-999.00
-999	1528136951	3600		264.31		         0		-999.00
-999	1528140551	3600		260.80		         0		-999.00
-999	1528144151	3600		261.31		         0		-999.00
-999	1528145255	1104		261.31		         0		-999.00
6759	1528146455	1200		271.03		 196643067		1285.00
6759	1528150055	3600		271.56		 214208553		1271.00
6759	1528153655	3600		271.05		 197171398		1254.00
6759	1528157255	3600		270.59		 182054478		1235.00
6759	1528160855	3600		270.10		 165494679		1218.00
6759	1528164455	3600		269.73		 153096865		1196.00
6759	1528168055	3600		269.33		 139728301		1186.00
6759	1528171655	3600		268.83		 128915189		1189.00
6759	1528175255	3600		268.56		 119960111		1176.00
6759	1528178855	3600		268.17		 112706530		1174.00
6759	1528182455	3600		268.05		 108699036		1165.00
6759	1528186055	3600		267.75		  98717656		1159.00
6759	1528189655	3600		267.26		  88156030		1125.00
6759	1528191198	1543		261.10		  74973801		 12.50
-999	1528192398	1200		260.93		         0		-999.00
-999	1528195998	3600		260.90		         0		-999.00
-999	1528199598	3600		261.19		         0		-999.00
-999	1528203198	3600		261.19		         0		-999.00
-999	1528206798	3600		261.19		         0		-999.00
-999	1528210398	3600		261.19		         0		-999.00
-999	1528213998	3600		261.19		         0		-999.00
-999	1528215170	1172		261.19		         0		-999.00
6761	1528216370	1200		271.65		 218782629		1306.00
6761	1528219970	3600		270.88		 197982220		1302.00
6761	1528223570	3600		270.86		 191633497		1299.00
6761	1528227170	3600		270.39		 176085529		1284.00
6761	1528230770	3600		269.97		 162088706		1264.00
6761	1528234370	3600		269.25		 150006874		1203.00
6761	1528237970	3600		268.88		 137523936		1201.00
6761	1528241570	3600		268.59		 127737947		1191.00
6761	1528245170	3600		268.29		 117792300		1183.00
6761	1528248770	3600		268.07		 110679301		1182.00
6761	1528252370	3600		267.93		 105819812		1172.00
6761	1528253825	1455		266.85		  87116560		1155.00
-999	1528255025	1200		261.24		         0		-999.00
-999	1528258625	3600		260.72		         0		-999.00
-999	1528262225	3600		260.72		         0		-999.00
-999	1528265825	3600		260.91		         0		-999.00
-999	1528269425	3600		260.91		         0		-999.00
-999	1528273025	3600		261.25		         0		-999.00
-999	1528273399	374		261.25		         0		-999.00
6762	1528274599	1200		271.68		 218287620		1292.00
6762	1528278199	3600		271.24		 203160566		1289.00
6762	1528281799	3600		270.63		 193947556		1240.00
6762	1528285399	3600		270.03		 174148758		1249.00
6762	1528288999	3600		269.68		 162569222		1238.00
6762	1528292599	3600		269.29		 149296787		1225.00
6762	1528296199	3600		268.92		 137201320		1213.00
6762	1528299799	3600		268.70		 129614382		1205.00
6762	1528301921	2122		268.53		 123979379		1203.00
-999	1528303121	1200		260.79		         0		-999.00
-999	1528306721	3600		260.96		         0		-999.00
-999	1528310321	3600		264.13		         0		-999.00
-999	1528313921	3600		260.96		         0		-999.00
-999	1528317521	3600		260.96		         0		-999.00
-999	1528318263	742		261.30		         0		-999.00
6763	1528319463	1200		271.82		 220390161		1293.00
6763	1528323063	3600		271.27		 203223656		1320.00
6763	1528326663	3600		271.26		 202773070		1295.00
6763	1528330263	3600		270.87		 189870810		1283.00
6763	1528333863	3600		270.59		 180440996		1274.00
6763	1528337463	3600		270.28		 170320046		1265.00
6763	1528341063	3600		270.05		 162581420		1258.00
6763	1528344663	3600		269.74		 152292501		1249.00
6763	1528348263	3600		269.48		 143656825		1239.00
6763	1528351863	3600		268.86		 134286133		1229.00
6763	1528352082	219		268.51		 122530500		1231.00
-999	1528353282	1200		260.97		         0		-999.00
-999	1528356882	3600		260.97		         0		-999.00
-999	1528360482	3600		260.97		         0		-999.00
-999	1528364082	3600		260.97		         0		-999.00
-999	1528367682	3600		260.92		         0		-999.00
-999	1528371282	3600		261.26		         0		-999.00
-999	1528374882	3600		261.26		         0		-999.00
-999	1528378482	3600		260.58		         0		-999.00
-999	1528382082	3600		260.58		         0		-999.00
-999	1528385682	3600		264.09		         0		-999.00
-999	1528389282	3600		264.26		         0		-999.00
-999	1528392882	3600		264.26		         0		-999.00
-999	1528396482	3600		264.26		         0		-999.00
-999	1528400082	3600		264.26		         0		-999.00
-999	1528403682	3600		264.26		         0		-999.00
-999	1528407282	3600		264.26		         0		-999.00
-999	1528410882	3600		264.26		         0		-999.00
-999	1528414482	3600		264.26		         0		-999.00
-999	1528418082	3600		264.26		         0		-999.00
-999	1528421682	3600		260.91		         0		-999.00
-999	1528425282	3600		261.25		         0		-999.00
-999	1528428882	3600		261.25		         0		-999.00
-999	1528432482	3600		261.25		         0		-999.00
-999	1528434403	1921		261.25		         0		-999.00
6768	1528435603	1200		272.22		 235104894		1292.00
6768	1528439203	3600		271.35		 207076835		1317.00
6768	1528441298	2095		271.36		 207259629		1307.00
-999	1528442498	1200		263.88		         0		-999.00
-999	1528446098	3600		264.05		         0		-999.00
-999	1528449698	3600		264.22		         0		-999.00
-999	1528453298	3600		264.22		         0		-999.00
-999	1528456898	3600		264.22		         0		-999.00
-999	1528460498	3600		264.22		         0		-999.00
-999	1528464098	3600		264.22		         0		-999.00
-999	1528467698	3600		264.22		         0		-999.00
-999	1528471298	3600		264.22		         0		-999.00
-999	1528474898	3600		260.88		         0		-999.00
-999	1528478498	3600		260.77		         0		-999.00
-999	1528482098	3600		261.28		         0		-999.00
-999	1528483455	1357		261.28		         0		-999.00
6770	1528484655	1200		272.39		 239490696		1318.00
6770	1528488255	3600		271.64		 216980459		1313.00
6770	1528491855	3600		271.34		 206807172		1285.00
6770	1528495455	3600		270.82		 189606686		1289.00
6770	1528499055	3600		270.35		 174017159		1269.00
6770	1528502655	3600		269.97		 161280849		1260.00
6770	1528506255	3600		269.55		 147312299		1244.00
6770	1528509855	3600		269.00		 134701110		1224.00
6770	1528513455	3600		268.61		 121474234		1215.00
6770	1528517055	3600		268.34		 112399092		1206.00
6770	1528520655	3600		268.18		 107374989		1208.00
6770	1528524255	3600		267.76		  99006385		1190.00
6770	1528527855	3600		267.56		  92326784		1186.00
6770	1528530522	2667		266.64		  78984916		1176.00
-999	1528531722	1200		264.26		         0		-999.00
-999	1528535322	3600		264.09		         0		-999.00
-999	1528538922	3600		261.10		         0		-999.00
-999	1528542522	3600		260.90		         0		-999.00
-999	1528544802	2280		261.24		         0		-999.00
6772	1528546002	1200		271.75		 220607948		1329.00
6772	1528549602	3600		271.16		 203268631		1331.00
6772	1528553202	3600		270.89		 194105157		1304.00
6772	1528556802	3600		270.36		 176571349		1282.00
6772	1528560402	3600		269.98		 163874776		1275.00
6772	1528564002	3600		269.28		 151914471		1250.00
6772	1528567602	3600		268.98		 141917892		1254.00
6772	1528571202	3600		268.62		 129870452		1239.00
6772	1528574802	3600		268.29		 118702170		1227.00
6772	1528578402	3600		267.98		 108319201		1217.00
6772	1528582002	3600		267.84		 103933933		1215.00
6772	1528585602	3600		267.70		  99183164		1209.00
6772	1528589202	3600		267.47		  91561142		1206.00
6772	1528592802	3600		267.23		  83376837		1194.00
6772	1528596254	3452		266.56		  72708012		1185.00
-999	1528597454	1200		261.21		         0		-999.00
-999	1528601054	3600		261.02		         0		-999.00
-999	1528604654	3600		261.38		         0		-999.00
-999	1528604817	163		261.38		         0		-999.00
6773	1528606017	1200		271.45		 212624739		1339.00
6773	1528609617	3600		270.86		 193958377		1335.00
6773	1528613217	3600		270.66		 187230464		1319.00
6773	1528616817	3600		270.19		 171668449		1299.00
6773	1528620417	3600		269.81		 159051303		1287.00
6773	1528624017	3600		269.28		 146911117		1271.00
6773	1528627617	3600		268.89		 133752459		1255.00
6773	1528631217	3600		268.54		 122056913		1248.00
6773	1528634817	3600		268.28		 113564320		1237.00
6773	1528638417	3600		268.10		 107624923		1238.00
6773	1528642017	3600		267.94		 102112192		1225.00
6773	1528645617	3600		267.73		  95198303		1219.00
6773	1528649217	3600		267.50		  87709030		1215.00
6773	1528652363	3146		266.65		  77078422		1206.00
-999	1528653563	1200		261.00		         0		-999.00
-999	1528657163	3600		260.83		         0		-999.00
-999	1528660536	3373		261.35		         0		-999.00
6774	1528661736	1200		272.04		 226338361		1422.00
6774	1528665336	3600		271.35		 209277939		1411.00
6774	1528668936	3600		271.04		 199214115		1388.00
6774	1528672536	3600		270.59		 184227669		1364.00
6774	1528676136	3600		270.13		 168644862		1342.00
6774	1528679736	3600		269.79		 157418921		1350.00
6774	1528683336	3600		269.40		 144522589		1335.00
6774	1528686936	3600		268.84		 131286546		1318.00
6774	1528690536	3600		268.56		 122153136		1309.00
6774	1528694136	3600		267.95		 113494646		1302.00
6774	1528697736	3600		267.74		 106302804		1300.00
6774	1528701336	3600		267.63		 102746321		1285.00
6774	1528704936	3600		267.47		  97576313		1281.00
6774	1528708536	3600		267.20		  88363526		1262.00
6774	1528711358	2822		266.65		  76163679		1253.00
-999	1528712558	1200		261.03		         0		-999.00
-999	1528716158	3600		264.05		         0		-999.00
-999	1528719758	3600		264.39		         0		-999.00
-999	1528723358	3600		264.39		         0		-999.00
-999	1528726634	3276		264.22		         0		-999.00
6776	1528727834	1200		272.11		 227562578		1376.00
6776	1528731434	3600		271.32		 202913887		1360.00
6776	1528734189	2755		271.14		 197136846		1346.00
-999	1528735389	1200		264.00		         0		-999.00
-999	1528738989	3600		264.17		         0		-999.00
-999	1528742589	3600		264.17		         0		-999.00
-999	1528746189	3600		264.17		         0		-999.00
-999	1528749789	3600		261.00		         0		-999.00
-999	1528753389	3600		261.00		         0		-999.00
-999	1528754376	987		261.34		         0		-999.00
6778	1528755576	1200		272.37		 237552191		1410.00
6778	1528759176	3600		271.41		 207397389		1366.00
6778	1528762776	3600		271.38		 206352031		1366.00
6778	1528766376	3600		270.89		 189918469		1351.00
6778	1528769691	3315		269.69		 167850237		1312.00
-999	1528770891	1200		264.31		         0		-999.00
-999	1528774491	3600		258.96		         0		-999.00
-999	1528778091	3600		258.62		         0		-999.00
-999	1528781691	3600		258.62		         0		-999.00
-999	1528785291	3600		258.79		         0		-999.00
-999	1528788891	3600		258.79		         0		-999.00
-999	1528792491	3600		258.79		         0		-999.00
-999	1528796091	3600		258.79		         0		-999.00
-999	1528799691	3600		258.79		         0		-999.00
-999	1528803291	3600		258.79		         0		-999.00
-999	1528806891	3600		258.79		         0		-999.00
-999	1528810491	3600		258.79		         0		-999.00
-999	1528814091	3600		258.79		         0		-999.00
-999	1528817691	3600		258.79		         0		-999.00
-999	1528821291	3600		258.79		         0		-999.00
-999	1528824891	3600		258.79		         0		-999.00
-999	1528828491	3600		258.79		         0		-999.00
-999	1528832091	3600		258.79		         0		-999.00
-999	1528835691	3600		258.79		         0		-999.00
-999	1528839291	3600		258.79		         0		-999.00
-999	1528842891	3600		258.79		         0		-999.00
-999	1528846491	3600		258.79		         0		-999.00
-999	1528850091	3600		258.79		         0		-999.00
-999	1528853691	3600		258.96		         0		-999.00
-999	1528857291	3600		258.96		         0		-999.00
-999	1528860891	3600		258.96		         0		-999.00
-999	1528864491	3600		258.96		         0		-999.00
-999	1528868091	3600		258.96		         0		-999.00
-999	1528871691	3600		258.96		         0		-999.00
-999	1528875291	3600		258.96		         0		-999.00
-999	1528878891	3600		258.96		         0		-999.00
-999	1528882491	3600		258.96		         0		-999.00
-999	1528886091	3600		258.96		         0		-999.00
-999	1528889691	3600		258.96		         0		-999.00
-999	1528893291	3600		258.96		         0		-999.00
-999	1528896891	3600		258.96		         0		-999.00
-999	1528900491	3600		258.96		         0		-999.00
-999	1528904091	3600		258.96		         0		-999.00
-999	1528907691	3600		258.96		         0		-999.00
-999	1528911291	3600		258.96		         0		-999.00
-999	1528914891	3600		258.96		         0		-999.00
-999	1528918491	3600		258.96		         0		-999.00
-999	1528922091	3600		258.96		         0		-999.00
-999	1528925691	3600		258.96		         0		-999.00
-999	1528929291	3600		258.96		         0		-999.00
-999	1528932891	3600		258.96		         0		-999.00
-999	1528936491	3600		258.96		         0		-999.00
-999	1528940091	3600		258.96		         0		-999.00
-999	1528943691	3600		258.96		         0		-999.00
-999	1528947291	3600		258.96		         0		-999.00
-999	1528950891	3600		258.96		         0		-999.00
-999	1528954491	3600		258.96		         0		-999.00
-999	1528958091	3600		258.96		         0		-999.00
-999	1528961691	3600		258.79		         0		-999.00
-999	1528965291	3600		258.79		         0		-999.00
-999	1528968891	3600		258.79		         0		-999.00
-999	1528972491	3600		258.79		         0		-999.00
-999	1528976091	3600		258.79		         0		-999.00
-999	1528979691	3600		258.96		         0		-999.00
-999	1528983291	3600		258.96		         0		-999.00
-999	1528986891	3600		258.96		         0		-999.00
-999	1528990491	3600		258.96		         0		-999.00
-999	1528994091	3600		258.96		         0		-999.00
-999	1528997691	3600		258.96		         0		-999.00
-999	1529001291	3600		258.96		         0		-999.00
-999	1529004891	3600		258.79		         0		-999.00
-999	1529008491	3600		258.79		         0		-999.00
-999	1529012091	3600		258.79		         0		-999.00
-999	1529015691	3600		258.79		         0		-999.00
-999	1529019291	3600		258.79		         0		-999.00
-999	1529022891	3600		258.79		         0		-999.00
-999	1529026491	3600		258.96		         0		-999.00
-999	1529030091	3600		258.96		         0		-999.00
-999	1529033691	3600		258.96		         0		-999.00
-999	1529037291	3600		258.79		         0		-999.00
-999	1529040891	3600		258.79		         0		-999.00
-999	1529044491	3600		258.79		         0		-999.00
-999	1529048091	3600		258.79		         0		-999.00
-999	1529051691	3600		258.79		         0		-999.00
-999	1529055291	3600		258.79		         0		-999.00
-999	1529058891	3600		258.79		         0		-999.00
-999	1529062491	3600		258.79		         0		-999.00
-999	1529066091	3600		258.79		         0		-999.00
-999	1529069691	3600		258.79		         0		-999.00
-999	1529073291	3600		258.79		         0		-999.00
-999	1529076891	3600		258.79		         0		-999.00
-999	1529080491	3600		258.79		         0		-999.00
-999	1529084091	3600		258.79		         0		-999.00
-999	1529087691	3600		258.79		         0		-999.00
-999	1529091291	3600		258.79		         0		-999.00
-999	1529094891	3600		258.79		         0		-999.00
-999	1529098491	3600		258.79		         0		-999.00
-999	1529102091	3600		258.79		         0		-999.00
-999	1529105691	3600		258.79		         0		-999.00
-999	1529109291	3600		258.79		         0		-999.00
-999	1529112891	3600		258.79		         0		-999.00
-999	1529116491	3600		258.79		         0		-999.00
-999	1529120091	3600		258.79		         0		-999.00
-999	1529123691	3600		258.79		         0		-999.00
-999	1529127291	3600		258.79		         0		-999.00
-999	1529130891	3600		258.79		         0		-999.00
-999	1529134491	3600		258.79		         0		-999.00
-999	1529138091	3600		258.79		         0		-999.00
-999	1529141691	3600		258.79		         0		-999.00
-999	1529145291	3600		258.79		         0		-999.00
-999	1529148891	3600		258.79		         0		-999.00
-999	1529152491	3600		258.79		         0		-999.00
-999	1529156091	3600		258.79		         0		-999.00
-999	1529159691	3600		258.79		         0		-999.00
-999	1529163291	3600		258.79		         0		-999.00
-999	1529166891	3600		258.79		         0		-999.00
-999	1529170491	3600		258.79		         0		-999.00
-999	1529174091	3600		258.79		         0		-999.00
-999	1529177691	3600		258.79		         0		-999.00
-999	1529181291	3600		258.79		         0		-999.00
-999	1529184891	3600		258.79		         0		-999.00
-999	1529188491	3600		258.79		         0		-999.00
-999	1529192091	3600		258.79		         0		-999.00
-999	1529195691	3600		258.79		         0		-999.00
-999	1529199291	3600		258.79		         0		-999.00
-999	1529202891	3600		258.79		         0		-999.00
-999	1529206491	3600		258.79		         0		-999.00
-999	1529210091	3600		258.79		         0		-999.00
-999	1529213691	3600		258.79		         0		-999.00
-999	1529217291	3600		258.79		         0		-999.00
-999	1529220891	3600		258.79		         0		-999.00
-999	1529224491	3600		258.79		         0		-999.00
-999	1529228091	3600		258.79		         0		-999.00
-999	1529231691	3600		258.79		         0		-999.00
-999	1529235291	3600		258.79		         0		-999.00
-999	1529238891	3600		258.79		         0		-999.00
-999	1529242491	3600		258.79		         0		-999.00
-999	1529246091	3600		258.79		         0		-999.00
-999	1529249691	3600		258.79		         0		-999.00
-999	1529253291	3600		258.79		         0		-999.00
-999	1529256891	3600		258.79		         0		-999.00
-999	1529260491	3600		258.79		         0		-999.00
-999	1529264091	3600		258.79		         0		-999.00
-999	1529267691	3600		258.79		         0		-999.00
-999	1529271291	3600		258.79		         0		-999.00
-999	1529274891	3600		258.62		         0		-999.00
-999	1529278491	3600		258.79		         0		-999.00
-999	1529282091	3600		258.79		         0		-999.00
-999	1529285691	3600		258.79		         0		-999.00
-999	1529289291	3600		258.79		         0		-999.00
-999	1529292891	3600		258.79		         0		-999.00
-999	1529296491	3600		258.79		         0		-999.00
-999	1529300091	3600		258.79		         0		-999.00
-999	1529303691	3600		258.79		         0		-999.00
-999	1529307291	3600		258.79		         0		-999.00
-999	1529310891	3600		258.62		         0		-999.00
-999	1529314491	3600		258.96		         0		-999.00
-999	1529318091	3600		258.96		         0		-999.00
-999	1529321691	3600		258.96		         0		-999.00
-999	1529325291	3600		258.96		         0		-999.00
-999	1529328891	3600		258.79		         0		-999.00
-999	1529332491	3600		259.13		         0		-999.00
-999	1529336091	3600		259.30		         0		-999.00
-999	1529339691	3600		264.47		         0		-999.00
-999	1529343291	3600		264.47		         0		-999.00
-999	1529346891	3600		264.47		         0		-999.00
-999	1529350491	3600		258.82		         0		-999.00
-999	1529354091	3600		258.82		         0		-999.00
-999	1529357691	3600		258.82		         0		-999.00
-999	1529361291	3600		258.82		         0		-999.00
-999	1529364891	3600		258.82		         0		-999.00
-999	1529368491	3600		258.82		         0		-999.00
-999	1529372091	3600		258.82		         0		-999.00
-999	1529375691	3600		258.82		         0		-999.00
-999	1529379291	3600		258.82		         0		-999.00
-999	1529382891	3600		264.81		         0		-999.00
-999	1529386491	3600		264.64		         0		-999.00
-999	1529390091	3600		264.60		         0		-999.00
-999	1529393691	3600		264.60		         0		-999.00
-999	1529397291	3600		264.60		         0		-999.00
-999	1529400891	3600		264.60		         0		-999.00
-999	1529404491	3600		264.60		         0		-999.00
-999	1529408091	3600		264.60		         0		-999.00
-999	1529411691	3600		264.60		         0		-999.00
-999	1529415291	3600		264.60		         0		-999.00
-999	1529418891	3600		264.60		         0		-999.00
-999	1529422491	3600		264.60		         0		-999.00
-999	1529426091	3600		264.60		         0		-999.00
-999	1529429691	3600		264.60		         0		-999.00
-999	1529433291	3600		264.60		         0		-999.00
-999	1529436891	3600		264.60		         0		-999.00
-999	1529440491	3600		264.60		         0		-999.00
-999	1529444091	3600		264.60		         0		-999.00
-999	1529447691	3600		264.60		         0		-999.00
-999	1529451291	3600		264.60		         0		-999.00
-999	1529454891	3600		264.60		         0		-999.00
-999	1529458491	3600		264.60		         0		-999.00
-999	1529462091	3600		264.60		         0		-999.00
-999	1529465691	3600		264.60		         0		-999.00
-999	1529469291	3600		264.60		         0		-999.00
-999	1529472891	3600		264.60		         0		-999.00
-999	1529476491	3600		264.60		         0		-999.00
-999	1529480091	3600		264.60		         0		-999.00
-999	1529483691	3600		264.60		         0		-999.00
-999	1529487291	3600		264.60		         0		-999.00
-999	1529490891	3600		264.26		         0		-999.00
-999	1529494491	3600		261.07		         0		-999.00
-999	1529498091	3600		261.07		         0		-999.00
-999	1529501691	3600		260.53		         0		-999.00
-999	1529505291	3600		260.53		         0		-999.00
-999	1529508891	3600		260.53		         0		-999.00
-999	1529512491	3600		260.53		         0		-999.00
-999	1529516091	3600		260.53		         0		-999.00
-999	1529519691	3600		264.61		         0		-999.00
-999	1529523291	3600		264.61		         0		-999.00
-999	1529526891	3600		264.61		         0		-999.00
-999	1529530491	3600		264.61		         0		-999.00
-999	1529534091	3600		264.61		         0		-999.00
-999	1529537691	3600		264.61		         0		-999.00
-999	1529541291	3600		264.61		         0		-999.00
-999	1529544891	3600		264.61		         0		-999.00
-999	1529548491	3600		264.61		         0		-999.00
-999	1529552091	3600		264.61		         0		-999.00
-999	1529555691	3600		263.69		         0		-999.00
-999	1529559291	3600		263.69		         0		-999.00
-999	1529562891	3600		260.52		         0		-999.00
-999	1529566491	3600		260.52		         0		-999.00
-999	1529570091	3600		255.92		         0		-999.00
-999	1529573691	3600		255.92		         0		-999.00
-999	1529577291	3600		255.92		         0		-999.00
-999	1529580891	3600		255.92		         0		-999.00
-999	1529584491	3600		255.92		         0		-999.00
-999	1529588091	3600		264.46		         0		-999.00
-999	1529591691	3600		264.46		         0		-999.00
-999	1529595291	3600		264.80		         0		-999.00
-999	1529598891	3600		264.67		         0		-999.00
-999	1529602491	3600		264.67		         0		-999.00
-999	1529606091	3600		261.32		         0		-999.00
-999	1529609691	3600		261.32		         0		-999.00
-999	1529613291	3600		261.15		         0		-999.00
-999	1529616891	3600		260.98		         0		-999.00
-999	1529620491	3600		261.32		         0		-999.00
-999	1529624091	3600		264.49		         0		-999.00
-999	1529627691	3600		264.49		         0		-999.00
-999	1529631291	3600		264.49		         0		-999.00
-999	1529634891	3600		264.49		         0		-999.00
-999	1529638491	3600		260.97		         0		-999.00
-999	1529642091	3600		261.31		         0		-999.00
-999	1529645691	3600		264.48		         0		-999.00
-999	1529649291	3600		264.48		         0		-999.00
-999	1529652891	3600		264.31		         0		-999.00
-999	1529656491	3600		264.31		         0		-999.00
-999	1529660091	3600		263.97		         0		-999.00
-999	1529663691	3600		264.31		         0		-999.00
-999	1529667291	3600		263.97		         0		-999.00
-999	1529670891	3600		264.14		         0		-999.00
-999	1529674491	3600		264.31		         0		-999.00
-999	1529678091	3600		264.14		         0		-999.00
-999	1529681691	3600		264.31		         0		-999.00
-999	1529685291	3600		264.14		         0		-999.00
-999	1529688891	3600		264.14		         0		-999.00
-999	1529692491	3600		264.14		         0		-999.00
-999	1529696091	3600		264.32		         0		-999.00
-999	1529699691	3600		264.32		         0		-999.00
-999	1529703291	3600		264.15		         0		-999.00
-999	1529706891	3600		264.15		         0		-999.00
-999	1529710491	3600		264.51		         0		-999.00
-999	1529714091	3600		264.51		         0		-999.00
-999	1529717691	3600		264.51		         0		-999.00
-999	1529721291	3600		261.15		         0		-999.00
-999	1529724891	3600		261.15		         0		-999.00
-999	1529728491	3600		261.15		         0		-999.00
-999	1529732091	3600		261.15		         0		-999.00
-999	1529735691	3600		261.15		         0		-999.00
-999	1529739291	3600		261.15		         0		-999.00
-999	1529742891	3600		261.15		         0		-999.00
-999	1529746491	3600		261.15		         0		-999.00
-999	1529750091	3600		261.15		         0		-999.00
-999	1529753691	3600		261.32		         0		-999.00
-999	1529757291	3600		261.32		         0		-999.00
-999	1529760891	3600		261.32		         0		-999.00
-999	1529764491	3600		264.50		         0		-999.00
-999	1529768091	3600		261.15		         0		-999.00
-999	1529771691	3600		261.32		         0		-999.00
-999	1529775291	3600		261.32		         0		-999.00
-999	1529778891	3600		260.81		         0		-999.00
-999	1529782491	3600		261.15		         0		-999.00
-999	1529786091	3600		261.15		         0		-999.00
-999	1529789691	3600		261.15		         0		-999.00
-999	1529793291	3600		264.51		         0		-999.00
-999	1529796891	3600		264.51		         0		-999.00
-999	1529800491	3600		261.17		         0		-999.00
-999	1529804091	3600		261.17		         0		-999.00
-999	1529807691	3600		261.51		         0		-999.00
-999	1529811291	3600		261.51		         0		-999.00
-999	1529814891	3600		261.17		         0		-999.00
-999	1529818491	3600		261.00		         0		-999.00
-999	1529822091	3600		261.00		         0		-999.00
-999	1529825691	3600		261.17		         0		-999.00
-999	1529829291	3600		261.17		         0		-999.00
-999	1529832891	3600		261.17		         0		-999.00
-999	1529836491	3600		261.17		         0		-999.00
-999	1529840091	3600		264.51		         0		-999.00
-999	1529843691	3600		264.51		         0		-999.00
-999	1529847291	3600		264.51		         0		-999.00
-999	1529850891	3600		264.51		         0		-999.00
-999	1529854491	3600		264.51		         0		-999.00
-999	1529858091	3600		264.51		         0		-999.00
-999	1529861691	3600		261.17		         0		-999.00
-999	1529865291	3600		261.17		         0		-999.00
-999	1529868891	3600		261.17		         0		-999.00
-999	1529872491	3600		261.17		         0		-999.00
-999	1529876091	3600		261.17		         0		-999.00
-999	1529879691	3600		261.17		         0		-999.00
-999	1529883291	3600		261.17		         0		-999.00
-999	1529886891	3600		261.17		         0		-999.00
-999	1529890491	3600		261.17		         0		-999.00
-999	1529894091	3600		261.17		         0		-999.00
-999	1529897691	3600		260.83		         0		-999.00
-999	1529901291	3600		261.17		         0		-999.00
-999	1529904891	3600		261.17		         0		-999.00
-999	1529908491	3600		261.34		         0		-999.00
-999	1529912091	3600		261.17		         0		-999.00
-999	1529915691	3600		261.17		         0		-999.00
-999	1529919291	3600		261.17		         0		-999.00
-999	1529922891	3600		261.17		         0		-999.00
-999	1529926491	3600		261.17		         0		-999.00
-999	1529930091	3600		261.17		         0		-999.00
-999	1529933691	3600		261.17		         0		-999.00
-999	1529937291	3600		261.17		         0		-999.00
-999	1529940891	3600		261.17		         0		-999.00
-999	1529944491	3600		261.17		         0		-999.00
-999	1529947542	3051		261.17		         0		-999.00
6843	1529948742	1200		264.35		    190501		1100.00
6843	1529952342	3600		264.35		    203672		1116.00
6843	1529952918	576		261.34		    216255		 45.00
-999	1529954118	1200		261.17		         0		-999.00
-999	1529957718	3600		261.17		         0		-999.00
-999	1529961318	3600		261.17		         0		-999.00
-999	1529964918	3600		260.83		         0		-999.00
-999	1529968518	3600		261.17		         0		-999.00
-999	1529972118	3600		264.51		         0		-999.00
-999	1529975718	3600		264.51		         0		-999.00
-999	1529979318	3600		261.34		         0		-999.00
-999	1529982918	3600		261.17		         0		-999.00
-999	1529986518	3600		261.17		         0		-999.00
-999	1529988949	2431		261.17		         0		-999.00
6847	1529990149	1200		264.64		  15767365		1128.00
6847	1529993749	3600		264.61		  14654255		1118.00
6847	1529997349	3600		264.58		  13756366		1139.00
6847	1530000949	3600		264.56		  12933689		1124.00
6847	1530004549	3600		264.46		   9614488		1122.00
6847	1530006799	2250		264.34		   5799152		1090.00
-999	1530007999	1200		264.17		         0		-999.00
-999	1530011599	3600		263.49		         0		-999.00
-999	1530015199	3600		264.17		         0		-999.00
-999	1530018799	3600		264.17		         0		-999.00
-999	1530022399	3600		264.17		         0		-999.00
-999	1530025999	3600		264.17		         0		-999.00
-999	1530029599	3600		264.17		         0		-999.00
-999	1530033199	3600		264.17		         0		-999.00
-999	1530033217	18		264.17		         0		-999.00
6850	1530034417	1200		264.82		  21512178		1085.00
6850	1530038017	3600		265.37		  34319807		1183.00
6850	1530041617	3600		265.89		  51572252		1179.00
6850	1530045217	3600		265.84		  49897054		1168.00
6850	1530047066	1849		265.79		  48406519		1178.00
-999	1530048266	1200		264.34		         0		-999.00
-999	1530051866	3600		261.17		         0		-999.00
-999	1530055466	3600		264.51		         0		-999.00
-999	1530059066	3600		261.16		         0		-999.00
-999	1530062666	3600		264.35		         0		-999.00
-999	1530066266	3600		264.35		         0		-999.00
-999	1530069866	3600		264.52		         0		-999.00
-999	1530073466	3600		264.52		         0		-999.00
-999	1530077066	3600		264.52		         0		-999.00
-999	1530080666	3600		264.52		         0		-999.00
-999	1530084266	3600		264.52		         0		-999.00
-999	1530087866	3600		264.52		         0		-999.00
-999	1530091466	3600		264.52		         0		-999.00
-999	1530095066	3600		264.52		         0		-999.00
-999	1530098666	3600		264.52		         0		-999.00
-999	1530102266	3600		261.18		         0		-999.00
-999	1530105866	3600		260.80		         0		-999.00
-999	1530109466	3600		261.14		         0		-999.00
-999	1530113066	3600		261.14		         0		-999.00
-999	1530116666	3600		261.13		         0		-999.00
-999	1530120266	3600		261.10		         0		-999.00
-999	1530123866	3600		260.89		         0		-999.00
-999	1530125808	1942		261.35		         0		-999.00
6854	1530127008	1200		267.89		 106685680		1249.00
6854	1530130608	3600		267.54		 100781839		1235.00
6854	1530134208	3600		266.06		  56936722		1240.00
6854	1530137677	3469		266.96		  87049978		1217.00
-999	1530138877	1200		264.35		         0		-999.00
-999	1530142477	3600		260.67		         0		-999.00
-999	1530146077	3600		261.35		         0		-999.00
-999	1530149677	3600		261.35		         0		-999.00
-999	1530153277	3600		261.35		         0		-999.00
-999	1530156877	3600		261.18		         0		-999.00
-999	1530160158	3281		261.35		         0		-999.00
6858	1530161358	1200		267.72		 101149985		1278.00
6858	1530161874	516		268.05		 112023720		1277.00
-999	1530163074	1200		264.34		         0		-999.00
-999	1530166674	3600		264.34		         0		-999.00
-999	1530170274	3600		264.34		         0		-999.00
-999	1530173874	3600		264.34		         0		-999.00
-999	1530177474	3600		260.83		         0		-999.00
-999	1530181074	3600		261.00		         0		-999.00
-999	1530184674	3600		261.34		         0		-999.00
-999	1530188274	3600		261.34		         0		-999.00
-999	1530191874	3600		261.34		         0		-999.00
-999	1530193780	1906		261.00		         0		-999.00
6860	1530194980	1200		270.33		 182010040		1341.00
6860	1530198580	3600		270.76		 190468172		1340.00
6860	1530202180	3600		270.44		 179796183		1354.00
6860	1530205780	3600		270.24		 173228945		1343.00
6860	1530209380	3600		270.03		 166264096		1337.00
6860	1530212980	3600		269.81		 158757007		1330.00
6860	1530216580	3600		269.54		 149782723		1321.00
6860	1530220180	3600		269.36		 144017108		1312.00
6860	1530223780	3600		269.11		 135416093		1306.00
6860	1530226251	2471		268.20		 123225057		1305.00
-999	1530227451	1200		261.32		         0		-999.00
-999	1530231051	3600		260.64		         0		-999.00
-999	1530234651	3600		260.98		         0		-999.00
-999	1530238251	3600		261.15		         0		-999.00
-999	1530241851	3600		261.15		         0		-999.00
-999	1530245451	3600		261.15		         0		-999.00
-999	1530249051	3600		261.15		         0		-999.00
-999	1530252651	3600		261.15		         0		-999.00
-999	1530256251	3600		261.15		         0		-999.00
-999	1530259851	3600		261.15		         0		-999.00
-999	1530263451	3600		261.15		         0		-999.00
-999	1530267051	3600		261.15		         0		-999.00
-999	1530270651	3600		261.15		         0		-999.00
-999	1530274251	3600		261.15		         0		-999.00
-999	1530277851	3600		261.15		         0		-999.00
-999	1530281451	3600		261.15		         0		-999.00
-999	1530284852	3401		261.32		         0		-999.00
6864	1530286052	1200		264.15		     59024		1096.00
6864	1530289652	3600		264.15		     59886		1129.00
6864	1530293252	3600		264.15		     59432		1118.00
6864	1530296852	3600		264.15		     58606		1127.00
6864	1530300452	3600		264.15		     58769		1128.00
6864	1530304052	3600		264.15		     58253		1126.00
6864	1530307652	3600		264.15		     58524		1130.00
6864	1530311252	3600		264.15		     58347		1127.00
6864	1530314852	3600		264.15		     58581		1126.00
6864	1530318452	3600		264.15		     58325		1125.00
6864	1530320411	1959		264.15		     58286		1127.00
-999	1530321611	1200		261.15		         0		-999.00
-999	1530325211	3600		261.15		         0		-999.00
-999	1530328811	3600		261.15		         0		-999.00
-999	1530332411	3600		261.15		         0		-999.00
-999	1530336011	3600		260.98		         0		-999.00
-999	1530339611	3600		261.15		         0		-999.00
-999	1530343211	3600		261.15		         0		-999.00
-999	1530345165	1954		261.15		         0		-999.00
6868	1530346365	1200		264.15		     77099		1121.00
6868	1530349965	3600		264.32		     94335		1123.00
6868	1530353565	3600		264.31		     56920		1125.00
6868	1530357165	3600		264.31		     31170		1161.00
6868	1530360765	3600		264.31		     48077		1117.00
6868	1530364365	3600		255.80		     78627		  0.00
6868	1530367965	3600		255.80		    100850		  0.00
6868	1530371565	3600		263.95		     99819		1104.00
6868	1530375165	3600		263.95		    101257		1040.00
6868	1530378765	3600		255.84		    101513		  0.00
6868	1530382365	3600		255.84		     99383		  0.00
6868	1530385965	3600		255.84		     99578		  0.00
6868	1530389565	3600		263.99		    101218		1119.00
6868	1530393165	3600		264.32		     47414		1151.00
6868	1530396765	3600		264.32		     51699		1193.00
6868	1530400365	3600		264.32		     24186		1129.00
6868	1530403965	3600		264.32		     44593		1212.00
6868	1530407565	3600		264.15		     54117		1086.00
6868	1530411165	3600		264.16		     71554		1119.00
6868	1530414765	3600		264.16		     84624		1117.00
6868	1530418365	3600		264.33		     66185		1191.00
6868	1530421965	3600		264.32		     46773		1192.00
6868	1530423984	2019		264.16		     91252		1091.00
-999	1530425184	1200		260.98		         0		-999.00
-999	1530428784	3600		261.15		         0		-999.00
-999	1530432384	3600		261.15		         0		-999.00
-999	1530435984	3600		261.15		         0		-999.00
-999	1530439584	3600		261.15		         0		-999.00
-999	1530443184	3600		260.98		         0		-999.00
-999	1530446784	3600		261.15		         0		-999.00
-999	1530450384	3600		261.15		         0		-999.00
-999	1530453984	3600		261.15		         0		-999.00
-999	1530457584	3600		261.15		         0		-999.00
-999	1530461184	3600		261.15		         0		-999.00
-999	1530464784	3600		260.98		         0		-999.00
-999	1530468384	3600		260.98		         0		-999.00
-999	1530471984	3600		261.15		         0		-999.00
-999	1530475584	3600		261.15		         0		-999.00
-999	1530479184	3600		261.15		         0		-999.00
-999	1530480394	1210		261.32		         0		-999.00
-999	1530482621	1200		264.27		         0		-999.00
-999	1530486221	3600		261.27		         0		-999.00
-999	1530489821	3600		261.27		         0		-999.00
-999	1530493421	3600		261.10		         0		-999.00
-999	1530497021	3600		261.10		         0		-999.00
-999	1530500621	3600		261.10		         0		-999.00
-999	1530504221	3600		260.55		         0		-999.00
-999	1530507821	3600		261.07		         0		-999.00
-999	1530511421	3600		261.41		         0		-999.00
-999	1530511830	409		261.41		         0		-999.00
6877	1530513030	1200		263.90		     46982		1045.00
6877	1530516630	3600		264.41		     39184		1124.00
6877	1530520230	3600		264.24		     40149		1121.00
6877	1530520583	353		264.24		     34022		1121.00
-999	1530521783	1200		261.07		         0		-999.00
-999	1530525383	3600		261.04		         0		-999.00
-999	1530528983	3600		261.04		         0		-999.00
-999	1530532583	3600		261.04		         0		-999.00
-999	1530535650	3067		261.21		         0		-999.00
6879	1530536850	1200		264.22		     85229		1111.00
6879	1530540450	3600		264.04		    118352		1108.00
6879	1530544050	3600		264.04		    108255		1122.00
6879	1530545455	1405		261.21		    104918		 11.00
-999	1530546655	1200		261.04		         0		-999.00
-999	1530550255	3600		261.04		         0		-999.00
-999	1530553855	3600		264.04		         0		-999.00
-999	1530557455	3600		264.38		         0		-999.00
-999	1530561055	3600		264.38		         0		-999.00
-999	1530564655	3600		261.01		         0		-999.00
-999	1530568255	3600		261.18		         0		-999.00
-999	1530571855	3600		261.18		         0		-999.00
-999	1530575455	3600		261.01		         0		-999.00
-999	1530579055	3600		261.01		         0		-999.00
-999	1530582655	3600		261.18		         0		-999.00
-999	1530586255	3600		261.18		         0		-999.00
-999	1530587294	1039		261.18		         0		-999.00
6881	1530588494	1200		264.19		    204111		1114.00
6881	1530592094	3600		264.19		    268938		1120.00
6881	1530595694	3600		264.19		    245083		1116.00
6881	1530599294	3600		264.19		    230975		1113.00
6881	1530602894	3600		264.19		    210698		1120.00
6881	1530606494	3600		264.19		    201527		1118.00
6881	1530610094	3600		264.19		    190234		1117.00
6881	1530610131	37		264.19		    215974		1117.00
-999	1530611331	1200		264.36		         0		-999.00
-999	1530614931	3600		260.96		         0		-999.00
-999	1530618531	3600		260.96		         0		-999.00
-999	1530622131	3600		261.13		         0		-999.00
-999	1530625731	3600		261.13		         0		-999.00
-999	1530626054	323		261.13		         0		-999.00
6882	1530627254	1200		264.14		    193387		1111.00
6882	1530630854	3600		264.14		    257489		1122.00
6882	1530634454	3600		264.14		    236106		1117.00
6882	1530638054	3600		264.14		    219797		1120.00
6882	1530641654	3600		264.14		    210515		1111.00
6882	1530645254	3600		264.14		    198274		1121.00
6882	1530648854	3600		264.14		    190598		1120.00
6882	1530652454	3600		264.14		    181416		1119.00
6882	1530656054	3600		264.14		    176346		1117.00
6882	1530659654	3600		264.14		    170721		1114.00
6882	1530663254	3600		264.13		    164567		1116.00
6882	1530666854	3600		264.13		    161071		1117.00
6882	1530670454	3600		264.13		    156455		1115.00
6882	1530674054	3600		264.13		    154070		1113.00
6882	1530677654	3600		264.13		    149803		1115.00
6882	1530680056	2402		264.13		    127460		1115.00
-999	1530681256	1200		260.96		         0		-999.00
-999	1530684856	3600		260.77		         0		-999.00
-999	1530688456	3600		261.11		         0		-999.00
-999	1530692056	3600		261.11		         0		-999.00
-999	1530692443	387		261.11		         0		-999.00
6884	1530693643	1200		264.12		    125736		1119.00
6884	1530697243	3600		264.13		    170239		1116.00
6884	1530700498	3255		264.12		    162088		1115.00
-999	1530701698	1200		260.95		         0		-999.00
-999	1530705298	3600		261.12		         0		-999.00
-999	1530708898	3600		261.12		         0		-999.00
-999	1530712498	3600		261.12		         0		-999.00
-999	1530716098	3600		261.12		         0		-999.00
-999	1530719698	3600		261.12		         0		-999.00
-999	1530723298	3600		261.12		         0		-999.00
-999	1530726898	3600		261.12		         0		-999.00
-999	1530728000	1102		261.12		         0		-999.00
6885	1530729200	1200		264.30		    311426		1120.00
6885	1530732800	3600		264.13		    309322		1110.00
6885	1530735623	2823		264.13		    317931		1117.00
-999	1530736823	1200		264.29		         0		-999.00
-999	1530740423	3600		264.29		         0		-999.00
-999	1530744023	3600		264.29		         0		-999.00
-999	1530747623	3600		264.29		         0		-999.00
-999	1530751223	3600		264.29		         0		-999.00
-999	1530754823	3600		261.29		         0		-999.00
-999	1530758423	3600		261.10		         0		-999.00
-999	1530762023	3600		261.10		         0		-999.00
-999	1530765623	3600		264.62		         0		-999.00
-999	1530769223	3600		264.45		         0		-999.00
-999	1530772823	3600		264.45		         0		-999.00
-999	1530776423	3600		260.94		         0		-999.00
-999	1530780023	3600		261.10		         0		-999.00
-999	1530783623	3600		261.27		         0		-999.00
-999	1530785343	1720		261.27		         0		-999.00
6890	1530786543	1200		264.28		    349111		1115.00
6890	1530790143	3600		264.12		    432993		1121.00
6890	1530793743	3600		264.12		    419188		1112.00
6890	1530797343	3600		264.12		    406245		1112.00
6890	1530800943	3600		264.12		    400475		1103.00
6890	1530804543	3600		264.12		    390998		1113.00
6890	1530808143	3600		264.11		    385586		1116.00
6890	1530811743	3600		264.12		    396789		1114.00
6890	1530815343	3600		264.11		    379709		1113.00
6890	1530818943	3600		264.11		    376801		1113.00
6890	1530822543	3600		264.11		    374166		1106.00
6890	1530826143	3600		264.11		    369323		1111.00
6890	1530829743	3600		264.11		    369666		1112.00
6890	1530833343	3600		263.94		    367882		1032.00
6890	1530836943	3600		264.11		    366415		1112.00
6890	1530840543	3600		264.11		    362743		1111.00
6890	1530844143	3600		263.94		    363940		1102.00
6890	1530847743	3600		264.11		    360531		1108.00
6890	1530851343	3600		264.11		    361810		1116.00
6890	1530854943	3600		264.11		    360567		1111.00
6890	1530858543	3600		264.11		    357147		1110.00
6890	1530862143	3600		264.11		    358358		1116.00
6890	1530865743	3600		264.11		    354917		1061.00
6890	1530867678	1935		264.11		    364476		1116.00
-999	1530868878	1200		260.93		         0		-999.00
-999	1530872478	3600		260.93		         0		-999.00
-999	1530876078	3600		260.91		         0		-999.00
-999	1530879678	3600		261.25		         0		-999.00
-999	1530879802	124		261.25		         0		-999.00
6891	1530881002	1200		264.10		    521030		1121.00
6891	1530884602	3600		264.10		    728017		1112.00
6891	1530888202	3600		264.09		    401856		1113.00
6891	1530891802	3600		264.09		    376083		1114.00
6891	1530895402	3600		264.09		    363551		1110.00
6891	1530899002	3600		264.09		    355706		1109.00
6891	1530902602	3600		264.09		    347865		1111.00
6891	1530906202	3600		264.09		    338575		1114.00
6891	1530906619	417		264.09		    333626		1111.00
-999	1530907819	1200		264.27		         0		-999.00
-999	1530911419	3600		261.09		         0		-999.00
-999	1530915019	3600		261.27		         0		-999.00
-999	1530916923	1904		261.27		         0		-999.00
6892	1530918123	1200		264.11		    439368		1113.00
6892	1530921723	3600		264.11		    422633		1111.00
6892	1530925323	3600		264.11		    446510		1112.00
6892	1530928923	3600		264.11		    465500		1111.00
6892	1530932523	3600		264.11		    446593		1113.00
6892	1530936123	3600		264.11		    435180		1114.00
6892	1530939723	3600		264.11		    423772		1110.00
6892	1530943323	3600		264.11		    407625		1111.00
6892	1530946923	3600		264.11		    395160		1109.00
6892	1530950523	3600		264.11		    385997		1108.00
6892	1530954123	3600		264.11		    381914		1106.00
6892	1530957723	3600		261.10		    369359		 11.00
6892	1530957741	18		261.10		    392058		 11.00
-999	1530958941	1200		261.10		         0		-999.00
-999	1530962541	3600		261.10		         0		-999.00
-999	1530966141	3600		261.10		         0		-999.00
-999	1530969741	3600		261.10		         0		-999.00
-999	1530973341	3600		261.10		         0		-999.00
-999	1530976941	3600		261.10		         0		-999.00
-999	1530980541	3600		264.28		         0		-999.00
-999	1530984141	3600		264.28		         0		-999.00
-999	1530987741	3600		264.28		         0		-999.00
-999	1530991341	3600		264.28		         0		-999.00
-999	1530994941	3600		261.11		         0		-999.00
-999	1530998541	3600		261.11		         0		-999.00
-999	1531002141	3600		261.11		         0		-999.00
-999	1531005741	3600		261.11		         0		-999.00
-999	1531008288	2547		261.11		         0		-999.00
6901	1531009488	1200		267.02		  85192744		1184.00
6901	1531013088	3600		267.03		  85665978		1217.00
6901	1531016688	3600		266.86		  79863275		1210.00
6901	1531020288	3600		266.69		  74396193		1203.00
6901	1531023888	3600		266.51		  68438440		1199.00
6901	1531027488	3600		266.36		  63468494		1195.00
6901	1531031088	3600		266.23		  59164517		1189.00
6901	1531034688	3600		266.11		  55122044		1188.00
6901	1531038288	3600		266.04		  52670451		1186.00
6901	1531041888	3600		265.93		  49088412		1184.00
6901	1531045488	3600		265.86		  46546131		1181.00
6901	1531049088	3600		265.77		  43728890		1177.00
6901	1531052688	3600		265.75		  42996916		1176.00
6901	1531056288	3600		265.73		  42257119		1177.00
6901	1531059613	3325		265.65		  39649486		1167.00
-999	1531060813	1200		264.29		         0		-999.00
-999	1531064413	3600		264.12		         0		-999.00
-999	1531068013	3600		264.12		         0		-999.00
-999	1531071613	3600		264.12		         0		-999.00
-999	1531072329	716		264.29		         0		-999.00
6904	1531073529	1200		271.86		 222658481		1386.00
6904	1531077129	3600		270.56		 196861762		1357.00
6904	1531080729	3600		271.00		 200112411		1366.00
6904	1531084329	3600		270.50		 183442101		1351.00
6904	1531087929	3600		269.85		 167930052		1328.00
6904	1531091529	3600		269.48		 155377981		1325.00
6904	1531092073	544		269.48		 155535279		1322.00
-999	1531093273	1200		264.13		         0		-999.00
-999	1531096873	3600		264.13		         0		-999.00
-999	1531100473	3600		264.13		         0		-999.00
-999	1531104073	3600		264.30		         0		-999.00
-999	1531107673	3600		264.30		         0		-999.00
-999	1531111273	3600		260.62		         0		-999.00
-999	1531114873	3600		261.13		         0		-999.00
-999	1531118473	3600		261.13		         0		-999.00
-999	1531122073	3600		261.13		         0		-999.00
-999	1531125673	3600		261.13		         0		-999.00
-999	1531129273	3600		261.13		         0		-999.00
-999	1531132873	3600		260.77		         0		-999.00
-999	1531136473	3600		260.75		         0		-999.00
-999	1531140073	3600		264.28		         0		-999.00
-999	1531143673	3600		264.28		         0		-999.00
-999	1531147273	3600		264.28		         0		-999.00
-999	1531150873	3600		264.28		         0		-999.00
-999	1531154473	3600		261.11		         0		-999.00
-999	1531158073	3600		261.11		         0		-999.00
-999	1531161673	3600		261.11		         0		-999.00
-999	1531162717	1044		261.28		         0		-999.00
6909	1531163917	1200		271.24		 203207667		1419.00
6909	1531167517	3600		271.38		 207933399		1372.00
6909	1531171117	3600		271.17		 200929971		1399.00
6909	1531174717	3600		271.27		 204464664		1393.00
6909	1531178317	3600		270.94		 193230662		1384.00
6909	1531181917	3600		270.56		 186166995		1375.00
6909	1531185517	3600		270.22		 174850607		1363.00
6909	1531189117	3600		269.98		 167055135		1363.00
6909	1531192717	3600		269.78		 160168932		1357.00
6909	1531196317	3600		269.41		 153870056		1328.00
6909	1531199917	3600		269.15		 145158512		1341.00
6909	1531203517	3600		268.98		 139403437		1332.00
6909	1531207117	3600		266.91		  93854275		1174.00
6909	1531210717	3600		264.24		   4714795		1169.00
6909	1531214317	3600		264.24		   4684828		1163.00
6909	1531217917	3600		264.24		   4699786		1163.00
6909	1531221517	3600		264.24		   4648736		1166.00
6909	1531225117	3600		264.24		   4667495		1164.00
6909	1531228717	3600		264.24		   4682886		1162.00
6909	1531232317	3600		264.24		   4648228		1159.00
6909	1531235917	3600		264.24		   4718744		1162.00
6909	1531239517	3600		264.24		   4681369		1161.00
6909	1531243117	3600		264.24		   4707519		1159.00
6909	1531246717	3600		264.24		   4650566		1159.00
6909	1531250317	3600		264.24		   4680371		1162.00
6909	1531253917	3600		264.24		   4655323		1163.00
6909	1531257517	3600		264.24		   4713973		1160.00
6909	1531261117	3600		264.07		   4682374		1076.00
6909	1531264717	3600		264.24		   4690269		1161.00
6909	1531268317	3600		264.24		   4657467		1160.00
6909	1531270951	2634		264.24		   4652424		1161.00
-999	1531272151	1200		264.10		         0		-999.00
-999	1531275751	3600		261.16		         0		-999.00
-999	1531279351	3600		261.16		         0		-999.00
-999	1531282951	3600		261.16		         0		-999.00
-999	1531286551	3600		261.16		         0		-999.00
-999	1531290151	3600		261.16		         0		-999.00
-999	1531292973	2822		261.16		         0		-999.00
6911	1531294173	1200		270.50		 180943148		1415.00
6911	1531297773	3600		264.78		  19490729		1155.00
6911	1531301373	3600		264.33		   4436949		1155.00
6911	1531304973	3600		264.33		   4415717		1157.00
6911	1531308573	3600		264.33		   4393437		1152.00
6911	1531312173	3600		264.33		   4401754		1152.00
6911	1531315773	3600		264.33		   4440754		1151.00
6911	1531319373	3600		264.33		   4419872		1155.00
6911	1531322973	3600		268.69		 132453434		1247.00
6911	1531326573	3600		269.88		 166522235		1361.00
6911	1531330173	3600		269.62		 157907733		1353.00
6911	1531330446	273		269.80		 163855139		1353.00
-999	1531331646	1200		264.00		         0		-999.00
-999	1531335246	3600		261.17		         0		-999.00
-999	1531338846	3600		261.17		         0		-999.00
-999	1531340789	1943		261.17		         0		-999.00
6912	1531341989	1200		270.51		 192741205		1401.00
6912	1531345589	3600		271.44		 212362932		1418.00
6912	1531349189	3600		271.03		 198766570		1416.00
6912	1531352789	3600		270.94		 195655884		1404.00
6912	1531356389	3600		270.61		 184806391		1395.00
6912	1531359989	3600		270.39		 177600711		1391.00
6912	1531363589	3600		270.15		 169419649		1393.00
6912	1531367189	3600		269.91		 161460984		1380.00
6912	1531370789	3600		269.73		 155469290		1373.00
6912	1531374389	3600		263.53		 147582127		 17.00
6912	1531377989	3600		268.88		 141892084		1350.00
6912	1531381589	3600		268.74		 137161657		1350.00
6912	1531385189	3600		268.56		 131381887		1349.00
6912	1531388789	3600		268.37		 125028951		1341.00
6912	1531389121	332		269.99		 178945283		1337.00
-999	1531390321	1200		264.11		         0		-999.00
-999	1531393921	3600		261.11		         0		-999.00
-999	1531397521	3600		261.06		         0		-999.00
-999	1531401121	3600		261.06		         0		-999.00
-999	1531404721	3600		261.06		         0		-999.00
-999	1531406363	1642		261.06		         0		-999.00
6913	1531407563	1200		264.06		         0		1109.00
6913	1531411163	3600		264.06		         0		1162.00
6913	1531414763	3600		261.06		    292595		 10.50
6913	1531414793	30		261.06		    742460		 10.50
-999	1531415993	1200		261.06		         0		-999.00
-999	1531419593	3600		261.21		         0		-999.00
-999	1531423193	3600		261.04		         0		-999.00
-999	1531426793	3600		261.04		         0		-999.00
-999	1531430393	3600		261.04		         0		-999.00
-999	1531433993	3600		261.04		         0		-999.00
-999	1531437593	3600		261.04		         0		-999.00
-999	1531441193	3600		261.04		         0		-999.00
-999	1531444793	3600		261.04		         0		-999.00
-999	1531448393	3600		261.04		         0		-999.00
-999	1531449741	1348		261.21		         0		-999.00
6919	1531450941	1200		270.85		 193400728		1465.00
6919	1531454541	3600		271.56		 211489464		1449.00
6919	1531458141	3600		271.26		 201653556		1433.00
6919	1531461741	3600		270.91		 189964583		1420.00
6919	1531465341	3600		270.59		 179304135		1418.00
6919	1531468941	3600		270.46		 174843955		1414.00
6919	1531472541	3600		270.18		 165692805		1401.00
6919	1531476141	3600		269.98		 158758849		1396.00
6919	1531479741	3600		269.73		 150565251		1390.00
6919	1531483341	3600		269.54		 144264101		1385.00
6919	1531486941	3600		269.38		 138869672		1379.00
6919	1531490541	3600		269.00		 131829413		1376.00
6919	1531494141	3600		268.85		 126795055		1376.00
6919	1531497741	3600		268.50		 120780115		1367.00
6919	1531501341	3600		268.36		 116217937		1361.00
6919	1531504941	3600		268.18		 110229400		1352.00
6919	1531508541	3600		268.05		 105818544		1349.00
6919	1531512141	3600		267.91		 101346994		1343.00
6919	1531515741	3600		267.76		  96078881		1337.00
6919	1531519341	3600		267.65		  92652199		1332.00
6919	1531522823	3482		267.02		  83937943		1309.00
-999	1531524023	1200		261.00		         0		-999.00
-999	1531527623	3600		261.31		         0		-999.00
-999	1531531223	3600		264.31		         0		-999.00
-999	1531534823	3600		264.31		         0		-999.00
-999	1531538423	3600		264.31		         0		-999.00
-999	1531542023	3600		264.31		         0		-999.00
-999	1531545623	3600		264.31		         0		-999.00
-999	1531549223	3600		264.14		         0		-999.00
-999	1531552823	3600		264.31		         0		-999.00
-999	1531556423	3600		264.31		         0		-999.00
-999	1531560023	3600		264.31		         0		-999.00
-999	1531563623	3600		261.31		         0		-999.00
-999	1531567223	3600		261.14		         0		-999.00
-999	1531569876	2653		260.97		         0		-999.00
6921	1531571076	1200		270.79		 193583932		1476.00
6921	1531574400	3324		271.20		 207316093		1456.00
-999	1531575600	1200		264.09		         0		-999.00
-999	1531579200	3600		260.74		         0		-999.00
-999	1531582800	3600		261.08		         0		-999.00
-999	1531586400	3600		261.08		         0		-999.00
-999	1531587067	667		261.25		         0		-999.00
6923	1531588267	1200		270.82		 188934886		1459.00
6923	1531591867	3600		271.37		 206961768		1457.00
6923	1531595467	3600		270.83		 188996116		1438.00
6923	1531599067	3600		270.37		 173899512		1426.00
6923	1531602667	3600		269.80		 160337384		1411.00
6923	1531606267	3600		269.41		 147354914		1396.00
6923	1531609867	3600		269.08		 136601500		1384.00
6923	1531613467	3600		268.76		 125771740		1372.00
6923	1531617067	3600		268.50		 117161464		1368.00
6923	1531620667	3600		268.39		 113346317		1366.00
6923	1531621613	946		268.32		 111041060		1367.00
-999	1531622813	1200		264.07		         0		-999.00
-999	1531626413	3600		261.06		         0		-999.00
-999	1531630013	3600		261.40		         0		-999.00
-999	1531632178	2165		261.40		         0		-999.00
6924	1531633378	1200		270.33		 178800737		1486.00
6924	1531636978	3600		270.86		 196632851		1467.00
6924	1531640578	3600		270.34		 179353881		1439.00
6924	1531644178	3600		269.91		 164851728		1428.00
6924	1531647778	3600		269.46		 149826300		1414.00
6924	1531650256	2478		269.00		 140211613		1408.00
-999	1531651456	1200		264.10		         0		-999.00
-999	1531655056	3600		260.73		         0		-999.00
-999	1531658656	3600		261.07		         0		-999.00
-999	1531660744	2088		261.25		         0		-999.00
6925	1531661944	1200		270.88		 196195213		1500.00
6925	1531665544	3600		271.25		 208500074		1481.00
6925	1531666868	1324		270.85		 195101827		1480.00
-999	1531668068	1200		264.14		         0		-999.00
-999	1531671668	3600		264.14		         0		-999.00
-999	1531675268	3600		264.14		         0		-999.00
-999	1531678868	3600		264.14		         0		-999.00
-999	1531682468	3600		261.11		         0		-999.00
-999	1531686068	3600		261.11		         0		-999.00
-999	1531686405	337		261.11		         0		-999.00
-999	1531688756	1200		264.15		         0		-999.00
-999	1531692356	3600		261.15		         0		-999.00
-999	1531695956	3600		261.15		         0		-999.00
-999	1531699556	3600		261.15		         0		-999.00
-999	1531700179	623		261.15		         0		-999.00
6929	1531701379	1200		266.86		  78978748		1314.00
6929	1531704979	3600		267.17		  83663094		1317.00
6929	1531708579	3600		266.89		  74116711		1316.00
6929	1531712179	3600		266.84		  72411983		1311.00
6929	1531715779	3600		266.64		  65866589		1301.00
6929	1531718198	2419		266.23		  57795584		1285.00
-999	1531719398	1200		261.15		         0		-999.00
-999	1531722998	3600		261.13		         0		-999.00
-999	1531726598	3600		264.13		         0		-999.00
-999	1531730198	3600		264.13		         0		-999.00
-999	1531733798	3600		261.13		         0		-999.00
-999	1531737398	3600		261.13		         0		-999.00
-999	1531740998	3600		261.13		         0		-999.00
-999	1531744598	3600		261.13		         0		-999.00
-999	1531748198	3600		261.13		         0		-999.00
-999	1531748282	84		261.13		         0		-999.00
6931	1531749482	1200		270.86		 192156599		1506.00
6931	1531753082	3600		271.41		 210327595		1490.00
6931	1531756682	3600		270.88		 192502468		1460.00
6931	1531760282	3600		270.39		 176178221		1449.00
6931	1531763882	3600		269.94		 161367945		1431.00
6931	1531767482	3600		269.54		 147944017		1419.00
6931	1531771082	3600		269.24		 137859229		1405.00
6931	1531774682	3600		268.89		 126228995		1391.00
6931	1531778282	3600		268.45		 117287341		1380.00
6931	1531781882	3600		268.32		 112867134		1380.00
6931	1531785482	3600		268.16		 107694722		1371.00
6931	1531789082	3600		267.72		  98643652		1363.00
6931	1531792682	3600		267.16		  85645791		1255.00
6931	1531793312	630		267.00		  85874855		1338.00
-999	1531794512	1200		261.07		         0		-999.00
-999	1531798112	3600		261.24		         0		-999.00
-999	1531801712	3600		261.07		         0		-999.00
-999	1531805312	3600		261.09		         0		-999.00
-999	1531808912	3600		261.24		         0		-999.00
-999	1531812512	3600		261.07		         0		-999.00
-999	1531816112	3600		261.02		         0		-999.00
-999	1531819712	3600		261.02		         0		-999.00
-999	1531823312	3600		261.16		         0		-999.00
-999	1531826912	3600		261.10		         0		-999.00
-999	1531830512	3600		261.10		         0		-999.00
-999	1531834112	3600		261.10		         0		-999.00
-999	1531837712	3600		261.10		         0		-999.00
-999	1531841312	3600		264.44		         0		-999.00
-999	1531844912	3600		264.44		         0		-999.00
-999	1531848512	3600		261.08		         0		-999.00
-999	1531852112	3600		263.89		         0		-999.00
-999	1531855712	3600		261.20		         0		-999.00
-999	1531859215	3503		261.16		         0		-999.00
6939	1531860415	1200		266.83		  77534875		1321.00
6939	1531864015	3600		267.02		  84085807		1323.00
6939	1531867615	3600		266.82		  77254125		1312.00
6939	1531871215	3600		266.52		  67270900		1294.00
6939	1531871540	325		266.41		  63596969		1294.00
-999	1531872740	1200		260.99		         0		-999.00
-999	1531876340	3600		261.17		         0		-999.00
-999	1531879280	2940		261.17		         0		-999.00
6940	1531880480	1200		271.22		 203696644		1532.00
6940	1531884080	3600		271.62		 216817304		1509.00
6940	1531887680	3600		271.06		 198354711		1483.00
6940	1531891280	3600		270.58		 182266077		1464.00
6940	1531894880	3600		269.93		 166261408		1454.00
6940	1531898480	3600		269.55		 153416692		1435.00
6940	1531902080	3600		269.02		 141618094		1422.00
6940	1531905306	3226		268.35		 124945526		1386.00
-999	1531906506	1200		261.25		         0		-999.00
-999	1531910106	3600		256.00		         0		-999.00
-999	1531913706	3600		256.00		         0		-999.00
-999	1531917306	3600		261.18		         0		-999.00
-999	1531920906	3600		264.65		         0		-999.00
-999	1531924506	3600		264.26		         0		-999.00
-999	1531928106	3600		264.26		         0		-999.00
-999	1531931706	3600		264.26		         0		-999.00
-999	1531935306	3600		264.26		         0		-999.00
-999	1531938906	3600		264.36		         0		-999.00
-999	1531942506	3600		256.12		         0		-999.00
-999	1531946106	3600		264.65		         0		-999.00
-999	1531949706	3600		264.82		         0		-999.00
-999	1531953306	3600		261.31		         0		-999.00
-999	1531956906	3600		261.65		         0		-999.00
-999	1531960506	3600		261.60		         0		-999.00
-999	1531960698	192		261.40		         0		-999.00
6942	1531961898	1200		271.33		 201276352		1527.00
6942	1531965498	3600		271.63		 216922324		1504.00
6942	1531969098	3600		271.08		 198482098		1494.00
6942	1531972698	3600		270.56		 181162625		1475.00
6942	1531976298	3600		270.14		 167076695		1459.00
6942	1531979898	3600		269.54		 152883878		1446.00
6942	1531983498	3600		269.22		 142083771		1434.00
6942	1531987098	3600		268.67		 130217517		1342.00
6942	1531990698	3600		268.26		 121963694		1414.00
6942	1531994298	3600		268.08		 116168206		1414.00
6942	1531997898	3600		267.97		 112383889		1403.00
6942	1531999158	1260		267.81		 106987089		1399.00
-999	1532000358	1200		263.92		         0		-999.00
-999	1532003958	3600		260.89		         0		-999.00
-999	1532007558	3600		264.40		         0		-999.00
-999	1532011158	3600		264.40		         0		-999.00
-999	1532014758	3600		264.22		         0		-999.00
-999	1532018358	3600		260.99		         0		-999.00
-999	1532021958	3600		261.34		         0		-999.00
-999	1532023119	1161		261.31		         0		-999.00
6944	1532024319	1200		271.19		 198433458		1533.00
6944	1532027919	3600		271.56		 210816320		1526.00
6944	1532030477	2558		271.05		 199310909		1508.00
-999	1532031677	1200		264.18		         0		-999.00
-999	1532035277	3600		264.18		         0		-999.00
-999	1532038877	3600		264.18		         0		-999.00
-999	1532042477	3600		261.17		         0		-999.00
-999	1532046077	3600		261.00		         0		-999.00
-999	1532047477	1400		261.52		         0		-999.00
6946	1532048677	1200		271.53		 208804409		1562.00
6946	1532051447	2770		271.92		 221540226		1526.00
-999	1532052647	1200		264.01		         0		-999.00
-999	1532056247	3600		261.18		         0		-999.00
-999	1532059847	3600		261.16		         0		-999.00
-999	1532063447	3600		261.33		         0		-999.00
-999	1532067047	3600		261.33		         0		-999.00
-999	1532070647	3600		261.33		         0		-999.00
-999	1532074247	3600		261.33		         0		-999.00
-999	1532077847	3600		261.33		         0		-999.00
-999	1532081447	3600		260.78		         0		-999.00
-999	1532085047	3600		261.12		         0		-999.00
-999	1532088647	3600		261.29		         0		-999.00
-999	1532092247	3600		261.29		         0		-999.00
-999	1532094468	2221		261.46		         0		-999.00
6953	1532095668	1200		271.25		 202349784		1572.00
6953	1532099268	3600		271.80		 220788944		1538.00
6953	1532102868	3600		271.28		 201136948		1507.00
6953	1532106468	3600		270.75		 183593468		1497.00
6953	1532110068	3600		270.31		 168705538		1482.00
6953	1532113668	3600		269.91		 155304575		1471.00
6953	1532117268	3600		269.20		 144861049		1449.00
6953	1532120868	3600		268.81		 131966147		1420.00
6953	1532124468	3600		268.49		 121282947		1422.00
6953	1532128068	3600		268.34		 116270483		1422.00
6953	1532131668	3600		268.12		 108858486		1410.00
6953	1532135268	3600		267.95		 103460984		1405.00
6953	1532138868	3600		267.68		  94233793		1393.00
6953	1532142468	3600		266.74		  81633245		1388.00
6953	1532142902	434		266.84		  84803837		1384.00
-999	1532144102	1200		261.33		         0		-999.00
-999	1532147702	3600		261.14		         0		-999.00
-999	1532151302	3600		261.15		         0		-999.00
-999	1532153802	2500		261.38		         0		-999.00
6956	1532155002	1200		269.91		 168630913		1560.00
6956	1532158602	3600		271.29		 214831738		1415.00
6956	1532162202	3600		271.17		 198413127		1513.00
6956	1532165802	3600		270.61		 179818946		1509.00
6956	1532169402	3600		270.00		 166039895		1496.00
6956	1532173002	3600		269.40		 152184527		1388.00
6956	1532176602	3600		269.03		 139850556		1459.00
6956	1532180202	3600		268.66		 127568080		1450.00
6956	1532183802	3600		268.37		 117673216		1358.00
6956	1532187402	3600		268.30		 115410874		1433.00
6956	1532191002	3600		268.06		 107447080		1344.00
6956	1532193430	2428		267.89		 101797441		1422.00
-999	1532194630	1200		260.93		         0		-999.00
-999	1532198230	3600		261.25		         0		-999.00
-999	1532201515	3285		261.01		         0		-999.00
6957	1532202715	1200		270.82		 188873937		1582.00
6957	1532206315	3600		271.34		 206349232		1557.00
6957	1532209915	3600		270.91		 191862231		1534.00
6957	1532213515	3600		270.34		 172969981		1512.00
6957	1532217115	3600		269.94		 159775292		1503.00
6957	1532220715	3600		269.28		 149013266		1464.00
6957	1532224315	3600		268.86		 135228965		1475.00
6957	1532225351	1036		268.74		 131037103		1471.00
-999	1532226551	1200		264.08		         0		-999.00
-999	1532230151	3600		261.27		         0		-999.00
-999	1532233751	3600		261.25		         0		-999.00
-999	1532236066	2315		261.25		         0		-999.00
6960	1532237266	1200		271.42		 203655889		1611.00
6960	1532240866	3600		271.84		 217526025		1588.00
6960	1532244466	3600		271.32		 200255559		1555.00
6960	1532248066	3600		270.81		 183482265		1536.00
6960	1532251666	3600		269.98		 168221065		1404.00
6960	1532255266	3600		269.51		 152596728		1507.00
6960	1532258866	3600		269.21		 142768265		1490.00
6960	1532262466	3600		268.84		 130294531		1482.00
6960	1532266066	3600		268.55		 120794680		1465.00
6960	1532268937	2871		268.27		 111492169		1457.00
-999	1532270137	1200		264.01		         0		-999.00
-999	1532273737	3600		261.19		         0		-999.00
-999	1532277087	3350		261.35		         0		-999.00
6961	1532278287	1200		271.13		 200667368		1594.00
6961	1532281887	3600		271.61		 216901661		1577.00
6961	1532285487	3600		270.98		 201674500		1544.00
6961	1532289087	3600		270.59		 182910948		1557.00
6961	1532292687	3600		270.01		 169197942		1537.00
6961	1532296287	3600		269.62		 156189055		1520.00
6961	1532299887	3600		269.23		 143387245		1510.00
6961	1532303487	3600		268.92		 133085985		1497.00
6961	1532307087	3600		268.60		 122315375		1487.00
6961	1532310687	3600		268.37		 114798885		1476.00
6961	1532311766	1079		266.99		  86781918		1458.00
-999	1532312966	1200		264.22		         0		-999.00
-999	1532316566	3600		263.72		         0		-999.00
-999	1532320166	3600		267.80		         0		-999.00
-999	1532323766	3600		271.19		         0		-999.00
-999	1532327366	3600		271.95		         0		-999.00
-999	1532330966	3600		272.34		         0		-999.00
-999	1532334566	3600		272.34		         0		-999.00
-999	1532338166	3600		272.34		         0		-999.00
-999	1532341766	3600		272.34		         0		-999.00
-999	1532345366	3600		272.34		         0		-999.00
-999	1532348966	3600		272.70		         0		-999.00
-999	1532352566	3600		273.87		         0		-999.00
-999	1532356166	3600		275.02		         0		-999.00
-999	1532359766	3600		276.14		         0		-999.00
-999	1532363366	3600		276.72		         0		-999.00
-999	1532366966	3600		276.72		         0		-999.00
-999	1532370566	3600		276.72		         0		-999.00
-999	1532374166	3600		277.11		         0		-999.00
-999	1532377766	3600		277.30		         0		-999.00
-999	1532378245	479		277.30		         0		-999.00
6966	1532379445	1200		277.30		         0		 17.50
6966	1532383045	3600		277.30		         0		 17.50
6966	1532384487	1442		277.30		         0		 17.50
-999	1532385687	1200		277.30		         0		-999.00
-999	1532389287	3600		277.30		         0		-999.00
-999	1532392887	3600		277.30		         0		-999.00
-999	1532396487	3600		277.30		         0		-999.00
-999	1532400087	3600		277.30		         0		-999.00
-999	1532403687	3600		277.30		         0		-999.00
-999	1532407287	3600		277.30		         0		-999.00
-999	1532410887	3600		277.30		         0		-999.00
-999	1532414487	3600		277.86		         0		-999.00
-999	1532418087	3600		279.04		         0		-999.00
-999	1532421687	3600		280.02		         0		-999.00
-999	1532425287	3600		280.22		         0		-999.00
-999	1532428887	3600		280.22		         0		-999.00
-999	1532432487	3600		281.39		         0		-999.00
-999	1532436087	3600		281.97		         0		-999.00
-999	1532439687	3600		282.57		         0		-999.00
-999	1532443287	3600		283.15		         0		-999.00
-999	1532446887	3600		283.74		         0		-999.00
-999	1532450487	3600		283.74		         0		-999.00
-999	1532454087	3600		284.32		         0		-999.00
-999	1532457687	3600		284.32		         0		-999.00
-999	1532461287	3600		284.91		         0		-999.00
-999	1532464887	3600		284.91		         0		-999.00
-999	1532468487	3600		284.91		         0		-999.00
-999	1532472087	3600		284.91		         0		-999.00
-999	1532475687	3600		284.91		         0		-999.00
-999	1532479287	3600		284.91		         0		-999.00
-999	1532482887	3600		284.91		         0		-999.00
-999	1532486487	3600		284.91		         0		-999.00
-999	1532490087	3600		284.91		         0		-999.00
-999	1532493687	3600		284.91		         0		-999.00
-999	1532497287	3600		284.91		         0		-999.00
-999	1532500887	3600		284.91		         0		-999.00
-999	1532504487	3600		284.91		         0		-999.00
-999	1532508087	3600		284.91		         0		-999.00
-999	1532511687	3600		284.91		         0		-999.00
-999	1532515287	3600		284.91		         0		-999.00
-999	1532518887	3600		284.91		         0		-999.00
-999	1532522487	3600		284.91		         0		-999.00
-999	1532526087	3600		284.91		         0		-999.00
-999	1532529687	3600		284.91		         0		-999.00
-999	1532533287	3600		284.91		         0		-999.00
-999	1532536887	3600		284.91		         0		-999.00
-999	1532540487	3600		284.91		         0		-999.00
-999	1532544087	3600		284.91		         0		-999.00
-999	1532547687	3600		284.91		         0		-999.00
-999	1532551287	3600		284.91		         0		-999.00
-999	1532554887	3600		284.91		         0		-999.00
-999	1532558487	3600		284.91		         0		-999.00
-999	1532562087	3600		284.91		         0		-999.00
-999	1532565687	3600		284.91		         0		-999.00
-999	1532569287	3600		284.91		         0		-999.00
-999	1532572887	3600		284.91		         0		-999.00
-999	1532576487	3600		284.91		         0		-999.00
-999	1532580087	3600		284.91		         0		-999.00
-999	1532583687	3600		284.91		         0		-999.00
-999	1532587287	3600		284.91		         0		-999.00
-999	1532590887	3600		284.91		         0		-999.00
-999	1532594487	3600		284.91		         0		-999.00
-999	1532598087	3600		284.91		         0		-999.00
-999	1532601687	3600		284.91		         0		-999.00
-999	1532605287	3600		284.91		         0		-999.00
-999	1532608887	3600		284.91		         0		-999.00
-999	1532612487	3600		284.91		         0		-999.00
-999	1532616087	3600		284.91		         0		-999.00
-999	1532619687	3600		284.91		         0		-999.00
-999	1532623287	3600		284.91		         0		-999.00
-999	1532626887	3600		284.91		         0		-999.00
-999	1532630487	3600		284.91		         0		-999.00
-999	1532634087	3600		284.91		         0		-999.00
-999	1532637687	3600		284.91		         0		-999.00
-999	1532641287	3600		284.91		         0		-999.00
-999	1532644887	3600		284.91		         0		-999.00
-999	1532648487	3600		284.91		         0		-999.00
-999	1532652087	3600		284.91		         0		-999.00
-999	1532655687	3600		284.91		         0		-999.00
-999	1532659287	3600		284.91		         0		-999.00
-999	1532662887	3600		284.91		         0		-999.00
-999	1532666487	3600		284.91		         0		-999.00
-999	1532670087	3600		284.91		         0		-999.00
-999	1532673687	3600		284.91		         0		-999.00
-999	1532677287	3600		284.91		         0		-999.00
-999	1532680887	3600		284.91		         0		-999.00
-999	1532684487	3600		284.91		         0		-999.00
-999	1532688087	3600		284.91		         0		-999.00
-999	1532691687	3600		284.91		         0		-999.00
-999	1532695287	3600		284.91		         0		-999.00
-999	1532698887	3600		284.91		         0		-999.00
-999	1532702487	3600		284.91		         0		-999.00
-999	1532706087	3600		284.91		         0		-999.00
-999	1532709687	3600		284.91		         0		-999.00
-999	1532713287	3600		284.91		         0		-999.00
-999	1532716887	3600		284.91		         0		-999.00
-999	1532720487	3600		284.91		         0		-999.00
-999	1532724087	3600		284.91		         0		-999.00
-999	1532727687	3600		284.91		         0		-999.00
-999	1532731287	3600		284.91		         0		-999.00
-999	1532734887	3600		284.91		         0		-999.00
-999	1532738487	3600		284.91		         0		-999.00
-999	1532742087	3600		273.03		         0		-999.00
-999	1532745687	3600		255.87		         0		-999.00
-999	1532749287	3600		264.53		         0		-999.00
-999	1532752887	3600		264.31		         0		-999.00
-999	1532756487	3600		264.51		         0		-999.00
-999	1532760087	3600		264.51		         0		-999.00
-999	1532763687	3600		264.51		         0		-999.00
-999	1532767287	3600		264.69		         0		-999.00
-999	1532770887	3600		264.49		         0		-999.00
-999	1532774487	3600		264.49		         0		-999.00
-999	1532778087	3600		264.49		         0		-999.00
-999	1532781687	3600		264.49		         0		-999.00
-999	1532785287	3600		264.49		         0		-999.00
-999	1532788887	3600		264.49		         0		-999.00
-999	1532792487	3600		264.49		         0		-999.00
-999	1532796087	3600		264.49		         0		-999.00
-999	1532799687	3600		264.49		         0		-999.00
-999	1532803287	3600		264.49		         0		-999.00
-999	1532806887	3600		264.49		         0		-999.00
-999	1532810487	3600		264.49		         0		-999.00
-999	1532814087	3600		264.49		         0		-999.00
-999	1532817687	3600		264.49		         0		-999.00
-999	1532821287	3600		264.49		         0		-999.00
-999	1532824887	3600		264.49		         0		-999.00
-999	1532828487	3600		264.49		         0		-999.00
-999	1532832087	3600		264.49		         0		-999.00
-999	1532835687	3600		264.49		         0		-999.00
-999	1532839287	3600		264.49		         0		-999.00
-999	1532842887	3600		264.49		         0		-999.00
-999	1532846487	3600		264.31		         0		-999.00
-999	1532850087	3600		264.31		         0		-999.00
-999	1532853687	3600		264.31		         0		-999.00
-999	1532857287	3600		264.31		         0		-999.00
-999	1532860887	3600		264.31		         0		-999.00
-999	1532864487	3600		264.31		         0		-999.00
-999	1532868087	3600		264.31		         0		-999.00
-999	1532871687	3600		264.68		         0		-999.00
-999	1532875287	3600		264.68		         0		-999.00
-999	1532878887	3600		264.68		         0		-999.00
-999	1532882487	3600		264.68		         0		-999.00
-999	1532886087	3600		264.66		         0		-999.00
-999	1532889687	3600		264.66		         0		-999.00
-999	1532893287	3600		264.66		         0		-999.00
-999	1532896887	3600		264.66		         0		-999.00
-999	1532900487	3600		264.66		         0		-999.00
-999	1532904087	3600		264.66		         0		-999.00
-999	1532907687	3600		264.66		         0		-999.00
-999	1532911287	3600		261.05		         0		-999.00
-999	1532914887	3600		260.86		         0		-999.00
-999	1532918487	3600		264.60		         0		-999.00
-999	1532922087	3600		264.60		         0		-999.00
-999	1532925687	3600		261.19		         0		-999.00
-999	1532929287	3600		261.00		         0		-999.00
-999	1532932070	2783		261.19		         0		-999.00
6998	1532933270	1200		264.02		     49457		1153.00
6998	1532936870	3600		264.02		     54592		441.00
6998	1532940470	3600		261.20		     57933		 12.00
6998	1532940528	58		261.20		         0		 12.00
-999	1532941728	1200		261.04		         0		-999.00
-999	1532945328	3600		261.06		         0		-999.00
-999	1532948928	3600		264.44		         0		-999.00
-999	1532952528	3600		264.63		         0		-999.00
-999	1532956128	3600		264.63		         0		-999.00
-999	1532959728	3600		261.06		         0		-999.00
-999	1532963328	3600		261.08		         0		-999.00
-999	1532966928	3600		261.08		         0		-999.00
-999	1532970528	3600		261.08		         0		-999.00
-999	1532974128	3600		261.08		         0		-999.00
-999	1532977728	3600		261.08		         0		-999.00
-999	1532981328	3600		261.08		         0		-999.00
-999	1532984928	3600		261.08		         0		-999.00
-999	1532988528	3600		261.08		         0		-999.00
-999	1532992128	3600		261.08		         0		-999.00
-999	1532995728	3600		261.07		         0		-999.00
-999	1532996491	763		261.24		         0		-999.00
7003	1532997691	1200		264.07		    124471		1152.00
7003	1533001291	3600		264.07		    138189		1187.00
7003	1533004891	3600		264.07		    128233		1182.00
7003	1533008491	3600		264.07		    119080		1183.00
7003	1533012091	3600		264.07		    111916		1184.00
7003	1533013801	1710		264.07		    108426		1184.00
-999	1533015001	1200		264.07		         0		-999.00
-999	1533018601	3600		264.24		         0		-999.00
-999	1533022201	3600		264.24		         0		-999.00
-999	1533025801	3600		264.24		         0		-999.00
-999	1533029401	3600		264.24		         0		-999.00
-999	1533033001	3600		264.24		         0		-999.00
-999	1533036601	3600		264.24		         0		-999.00
-999	1533040201	3600		264.24		         0		-999.00
-999	1533043801	3600		264.67		         0		-999.00
-999	1533047401	3600		264.67		         0		-999.00
-999	1533051001	3600		264.67		         0		-999.00
-999	1533054601	3600		264.67		         0		-999.00
-999	1533058201	3600		264.67		         0		-999.00
-999	1533061801	3600		264.67		         0		-999.00
-999	1533065401	3600		264.47		         0		-999.00
-999	1533069001	3600		261.20		         0		-999.00
-999	1533072601	3600		261.23		         0		-999.00
-999	1533076201	3600		261.07		         0		-999.00
-999	1533079801	3600		261.36		         0		-999.00
-999	1533083401	3600		261.28		         0		-999.00
-999	1533083517	116		261.24		         0		-999.00
7005	1533084717	1200		265.84		  42733470		1259.00
7005	1533088317	3600		265.95		  47411124		1250.00
7005	1533091917	3600		265.77		  43970421		1242.00
7005	1533095517	3600		265.68		  40966394		1237.00
7005	1533099117	3600		265.60		  38371314		1238.00
7005	1533102717	3600		265.52		  35683817		1237.00
7005	1533106317	3600		265.43		  33664840		1233.00
7005	1533109917	3600		265.36		  31406011		1241.00
7005	1533113517	3600		265.31		  29803820		1239.00
7005	1533117117	3600		265.34		  30725556		1233.00
7005	1533118503	1386		261.08		  27255406		 11.50
-999	1533119703	1200		261.14		         0		-999.00
-999	1533123303	3600		260.99		         0		-999.00
-999	1533126903	3600		261.42		         0		-999.00
-999	1533129789	2886		261.45		         0		-999.00
7006	1533130989	1200		269.40		 144923007		1420.00
7006	1533134589	3600		269.82		 160164482		1401.00
7006	1533138189	3600		269.37		 147909096		1385.00
7006	1533141789	3600		268.99		 136569739		1376.00
7006	1533143817	2028		268.74		 128267994		1371.00
-999	1533145017	1200		264.31		         0		-999.00
-999	1533148617	3600		264.37		         0		-999.00
-999	1533152217	3600		264.28		         0		-999.00
-999	1533155817	3600		264.51		         0		-999.00
-999	1533159417	3600		261.37		         0		-999.00
-999	1533163017	3600		261.37		         0		-999.00
-999	1533166617	3600		261.34		         0		-999.00
-999	1533170217	3600		261.47		         0		-999.00
-999	1533170637	420		261.51		         0		-999.00
7008	1533171837	1200		270.44		 173558328		1476.00
7008	1533175437	3600		270.91		 192861601		1450.00
7008	1533175459	22		268.55		 114145146		1450.00
-999	1533176659	1200		264.38		         0		-999.00
-999	1533180259	3600		264.41		         0		-999.00
-999	1533183859	3600		264.49		         0		-999.00
-999	1533187459	3600		264.53		         0		-999.00
-999	1533191059	3600		264.36		         0		-999.00
-999	1533194659	3600		261.31		         0		-999.00
-999	1533198259	3600		261.36		         0		-999.00
-999	1533201859	3600		261.36		         0		-999.00
-999	1533205459	3600		264.62		         0		-999.00
-999	1533209059	3600		261.20		         0		-999.00
-999	1533212659	3600		261.36		         0		-999.00
-999	1533213404	745		261.48		         0		-999.00
7013	1533214604	1200		270.87		 183404606		1504.00
7013	1533218204	3600		271.24		 202467365		1474.00
7013	1533221236	3032		270.79		 190369669		1442.00
-999	1533222436	1200		264.36		         0		-999.00
-999	1533226036	3600		264.36		         0		-999.00
-999	1533229636	3600		264.41		         0		-999.00
-999	1533233236	3600		264.49		         0		-999.00
-999	1533236836	3600		264.53		         0		-999.00
-999	1533240436	3600		264.53		         0		-999.00
-999	1533244036	3600		264.57		         0		-999.00
-999	1533247636	3600		264.57		         0		-999.00
-999	1533251236	3600		264.57		         0		-999.00
-999	1533254836	3600		264.57		         0		-999.00
-999	1533258436	3600		264.57		         0		-999.00
-999	1533262036	3600		261.21		         0		-999.00
-999	1533265636	3600		261.36		         0		-999.00
-999	1533269236	3600		261.36		         0		-999.00
-999	1533272836	3600		260.90		         0		-999.00
-999	1533274014	1178		261.23		         0		-999.00
7017	1533275214	1200		270.37		 173440440		1470.00
7017	1533278814	3600		270.84		 188962251		1448.00
7017	1533282414	3600		270.12		 168958851		1429.00
7017	1533286014	3600		269.71		 156442376		1417.00
7017	1533289614	3600		269.12		 142449379		1403.00
7017	1533293214	3600		268.77		 130558067		1385.00
7017	1533296814	3600		268.30		 117819481		1368.00
7017	1533300414	3600		268.19		 114016102		1373.00
7017	1533304014	3600		267.65		 102884165		1335.00
7017	1533307614	3600		267.58		  95498996		1351.00
7017	1533311214	3600		267.34		  87486241		1345.00
7017	1533314814	3600		267.01		  78532159		1332.00
7017	1533318414	3600		266.81		  71998476		1324.00
7017	1533321179	2765		260.99		  62195976		 11.50
-999	1533322379	1200		261.09		         0		-999.00
-999	1533325979	3600		264.31		         0		-999.00
-999	1533329579	3600		264.40		         0		-999.00
-999	1533333179	3600		264.51		         0		-999.00
-999	1533333399	220		264.23		         0		-999.00
7018	1533334599	1200		270.32		 172718358		1477.00
7018	1533338199	3600		270.72		 188879331		1474.00
7018	1533341799	3600		270.27		 173897981		1453.00
7018	1533345399	3600		269.77		 157363709		1439.00
7018	1533348999	3600		269.25		 144175989		1426.00
7018	1533352599	3600		268.81		 131751348		1407.00
7018	1533356199	3600		268.41		 119633150		1392.00
7018	1533359799	3600		268.25		 116271770		1396.00
7018	1533363399	3600		267.93		 105319858		1379.00
7018	1533366999	3600		267.70		  97691574		1371.00
7018	1533370599	3600		267.33		  89315315		1365.00
7018	1533374199	3600		267.08		  81015804		1354.00
7018	1533377799	3600		266.85		  73269581		1345.00
7018	1533381399	3600		266.60		  67463740		1336.00
7018	1533383326	1927		266.19		  56756046		1324.00
-999	1533384526	1200		261.55		         0		-999.00
-999	1533388126	3600		261.35		         0		-999.00
-999	1533391726	3600		261.40		         0		-999.00
-999	1533395326	3600		261.52		         0		-999.00
-999	1533396613	1287		260.96		         0		-999.00
7020	1533397813	1200		270.76		 182827546		1537.00
7020	1533401413	3600		271.16		 197176320		1524.00
7020	1533405013	3600		270.85		 190633547		1502.00
7020	1533408613	3600		270.26		 172122815		1487.00
7020	1533412213	3600		269.72		 158951746		1468.00
7020	1533415813	3600		269.34		 146521394		1450.00
7020	1533419150	3337		268.91		 133150617		1436.00
-999	1533420350	1200		264.08		         0		-999.00
-999	1533423950	3600		264.32		         0		-999.00
-999	1533427550	3600		264.32		         0		-999.00
-999	1533431150	3600		264.36		         0		-999.00
-999	1533434750	3600		260.73		         0		-999.00
-999	1533438350	3600		261.42		         0		-999.00
-999	1533441950	3600		261.44		         0		-999.00
-999	1533444430	2480		261.58		         0		-999.00
7024	1533445630	1200		271.06		 192353435		1547.00
7024	1533449230	3600		271.40		 206141981		1525.00
7024	1533452830	3600		270.76		 189940130		1498.00
7024	1533456430	3600		270.16		 172647135		1480.00
7024	1533460030	3600		269.66		 155406517		1475.00
7024	1533463630	3600		269.27		 143971113		1451.00
7024	1533467230	3600		268.82		 130375130		1438.00
7024	1533470830	3600		268.40		 118587861		1427.00
7024	1533474430	3600		268.26		 114980482		1425.00
7024	1533478030	3600		267.98		 106734140		1404.00
7024	1533481630	3600		267.64		  95975671		1396.00
7024	1533485230	3600		266.91		  85607814		1289.00
7024	1533485867	637		266.14		  54812064		1362.00
-999	1533487067	1200		261.52		         0		-999.00
-999	1533490667	3600		261.46		         0		-999.00
-999	1533494267	3600		261.05		         0		-999.00
-999	1533497867	3600		260.87		         0		-999.00
-999	1533501461	3594		261.45		         0		-999.00
7026	1533502661	1200		271.39		 203095358		1582.00
7026	1533506261	3600		271.74		 215518291		1556.00
7026	1533509861	3600		271.22		 202681837		1540.00
7026	1533510947	1086		269.52		 150704264		1516.00
-999	1533512147	1200		260.92		         0		-999.00
-999	1533515747	3600		264.36		         0		-999.00
-999	1533519347	3600		264.36		         0		-999.00
-999	1533522947	3600		260.92		         0		-999.00
-999	1533526547	3600		261.07		         0		-999.00
-999	1533530147	3600		261.43		         0		-999.00
-999	1533533747	3600		261.32		         0		-999.00
-999	1533537347	3600		261.48		         0		-999.00
-999	1533539492	2145		260.90		         0		-999.00
7031	1533540692	1200		270.82		 190797350		1546.00
7031	1533544292	3600		271.42		 206551761		1544.00
7031	1533547892	3600		270.75		 188243822		1522.00
7031	1533551492	3600		270.31		 174516244		1510.00
7031	1533555092	3600		269.76		 159053206		1488.00
7031	1533558692	3600		269.40		 146896058		1477.00
7031	1533562292	3600		268.90		 134223790		1450.00
7031	1533565892	3600		268.59		 123954507		1450.00
7031	1533569492	3600		268.24		 113509745		1438.00
7031	1533573092	3600		268.13		 110285841		1427.00
7031	1533576692	3600		267.85		 101979188		1416.00
7031	1533580292	3600		267.61		  95264110		1410.00
7031	1533583892	3600		267.35		  87985406		1401.00
7031	1533587492	3600		267.03		  79426368		1396.00
7031	1533589647	2155		266.60		  68912110		1375.00
-999	1533590847	1200		264.04		         0		-999.00
-999	1533594447	3600		261.04		         0		-999.00
-999	1533598047	3600		261.48		         0		-999.00
-999	1533601647	3600		261.44		         0		-999.00
-999	1533605247	3600		261.27		         0		-999.00
-999	1533605306	59		261.23		         0		-999.00
7033	1533606506	1200		269.68		 157992274		1505.00
7033	1533610106	3600		270.28		 173134113		1531.00
7033	1533613706	3600		269.86		 161460245		1512.00
7033	1533617306	3600		269.53		 150317324		1488.00
7033	1533620906	3600		269.07		 137648868		1479.00
7033	1533624506	3600		268.80		 128860873		1467.00
7033	1533628106	3600		268.42		 119968486		1459.00
7033	1533631706	3600		268.22		 112602527		1448.00
7033	1533635306	3600		268.06		 107360565		1446.00
7033	1533638906	3600		267.83		 105666844		1434.00
7033	1533640690	1784		267.40		  89134017		1435.00
-999	1533641890	1200		260.94		         0		-999.00
-999	1533645490	3600		261.34		         0		-999.00
-999	1533649090	3600		261.32		         0		-999.00
-999	1533649889	799		261.48		         0		-999.00
7035	1533651089	1200		271.54		 204584732		1631.00
7035	1533652277	1188		272.05		 225387912		1609.00
-999	1533653477	1200		264.36		         0		-999.00
-999	1533657077	3600		261.10		         0		-999.00
-999	1533660677	3600		261.32		         0		-999.00
-999	1533662881	2204		261.59		         0		-999.00
7036	1533664081	1200		267.07		  78264644		1418.00
7036	1533667681	3600		267.12		  85288078		1394.00
7036	1533671281	3600		266.98		  76799723		1392.00
7036	1533674881	3600		266.76		  70526619		1387.00
7036	1533676330	1449		266.22		  57023138		1376.00
-999	1533677530	1200		261.48		         0		-999.00
-999	1533681130	3600		261.52		         0		-999.00
-999	1533684730	3600		260.92		         0		-999.00
-999	1533685600	870		261.57		         0		-999.00
7037	1533686800	1200		270.46		 174535666		1569.00
7037	1533690400	3600		270.79		 185413180		1575.00
7037	1533694000	3600		270.48		 180035295		1544.00
7037	1533697600	3600		269.90		 163291326		1525.00
7037	1533701200	3600		269.49		 149460270		1508.00
7037	1533704800	3600		268.99		 136756039		1491.00
7037	1533708400	3600		268.59		 123607222		1478.00
7037	1533712000	3600		268.45		 120258216		1471.00
7037	1533715600	3600		268.04		 109001105		1457.00
7037	1533719200	3600		267.69		  97960526		1429.00
7037	1533722800	3600		267.41		  91047708		1426.00
7037	1533726400	3600		267.23		  85271401		1428.00
7037	1533730000	3600		266.61		  73651441		1386.00
7037	1533733600	3600		266.23		  69181625		 11.50
7037	1533734206	606		266.55		  65056053		1402.00
-999	1533735406	1200		263.91		         0		-999.00
-999	1533739006	3600		260.73		         0		-999.00
-999	1533742606	3600		261.24		         0		-999.00
-999	1533746206	3600		264.39		         0		-999.00
-999	1533749806	3600		264.43		         0		-999.00
-999	1533753406	3600		264.43		         0		-999.00
-999	1533757006	3600		264.43		         0		-999.00
-999	1533760606	3600		264.43		         0		-999.00
-999	1533764206	3600		264.43		         0		-999.00
-999	1533767806	3600		264.47		         0		-999.00
-999	1533771406	3600		261.39		         0		-999.00
-999	1533775006	3600		261.43		         0		-999.00
-999	1533777409	2403		261.52		         0		-999.00
7039	1533778609	1200		271.62		 219599519		1553.00
7039	1533782209	3600		271.19		 201540296		1568.00
7039	1533785809	3600		270.93		 194102862		1557.00
7039	1533789409	3600		270.36		 176573573		1535.00
7039	1533793009	3600		269.89		 163062264		1518.00
7039	1533796609	3600		269.38		 147693493		1505.00
7039	1533800209	3600		268.94		 135454607		1493.00
7039	1533803809	3600		268.36		 125737449		1448.00
7039	1533807409	3600		268.39		 118982848		1473.00
7039	1533811009	3600		268.05		 108713684		1462.00
7039	1533814609	3600		267.78		 100940233		1451.00
7039	1533818209	3600		267.39		  90338728		1437.00
7039	1533821543	3334		266.97		  79115404		1431.00
-999	1533822743	1200		260.97		         0		-999.00
-999	1533826343	3600		261.26		         0		-999.00
-999	1533829943	3600		261.21		         0		-999.00
-999	1533831641	1698		261.57		         0		-999.00
7040	1533832841	1200		270.26		 171224108		1578.00
7040	1533836441	3600		270.92		 192046635		1571.00
7040	1533840041	3600		270.32		 176199218		1543.00
7040	1533843641	3600		269.77		 160487919		1528.00
7040	1533847241	3600		269.27		 145838535		1517.00
7040	1533850841	3600		268.85		 134361497		1500.00
7040	1533854441	3600		268.48		 122080443		1485.00
7040	1533858041	3600		268.39		 119103057		1483.00
7040	1533861641	3600		267.93		 106411816		1468.00
7040	1533865241	3600		267.75		 100100901		1460.00
7040	1533868841	3600		267.38		  90277638		1448.00
7040	1533869763	922		267.26		  86399171		1445.00
-999	1533870963	1200		263.98		         0		-999.00
-999	1533874563	3600		264.05		         0		-999.00
-999	1533878163	3600		264.37		         0		-999.00
-999	1533881763	3600		263.98		         0		-999.00
-999	1533885363	3600		261.35		         0		-999.00
-999	1533888963	3600		261.30		         0		-999.00
-999	1533892563	3600		261.44		         0		-999.00
-999	1533896163	3600		264.40		         0		-999.00
-999	1533899763	3600		264.40		         0		-999.00
-999	1533903363	3600		261.36		         0		-999.00
-999	1533906703	3340		261.52		         0		-999.00
7042	1533907903	1200		271.07		 198163997		1595.00
7042	1533911503	3600		271.50		 214537435		1593.00
7042	1533915103	3600		271.15		 200283637		1586.00
7042	1533918703	3600		270.52		 181931477		1571.00
7042	1533922303	3600		270.01		 169273020		1543.00
7042	1533925903	3600		269.46		 153310036		1523.00
7042	1533929503	3600		269.10		 141099420		1521.00
7042	1533933103	3600		268.78		 130708689		1510.00
7042	1533936703	3600		268.55		 123027930		1512.00
7042	1533940303	3600		268.32		 117538575		1494.00
7042	1533943903	3600		268.04		 108045110		1491.00
7042	1533947503	3600		267.73		 101370135		1472.00
7042	1533951103	3600		267.42		  91050040		1463.00
7042	1533953849	2746		266.88		  79289307		1440.00
-999	1533955049	1200		261.47		         0		-999.00
-999	1533958649	3600		261.19		         0		-999.00
-999	1533962249	3600		261.42		         0		-999.00
-999	1533965849	3600		261.42		         0		-999.00
-999	1533969449	3600		261.18		         0		-999.00
-999	1533969520	71		261.14		         0		-999.00
7043	1533970720	1200		269.05		 134678570		1544.00
7043	1533974320	3600		269.06		 142539830		1504.00
7043	1533977920	3600		268.62		 126835936		1506.00
7043	1533981520	3600		268.33		 116986422		1486.00
7043	1533985120	3600		268.09		 110296489		1491.00
7043	1533988720	3600		267.96		 106163357		1482.00
7043	1533992320	3600		267.72		  99126226		1481.00
7043	1533995920	3600		267.46		  92986194		1467.00
7043	1533999520	3600		267.30		  87542236		1462.00
7043	1534003120	3600		267.12		  82755728		1463.00
7043	1534006720	3600		267.03		  79928242		1453.00
7043	1534008923	2203		266.94		  76894318		1455.00
-999	1534010123	1200		264.33		         0		-999.00
-999	1534013723	3600		261.43		         0		-999.00
-999	1534017323	3600		260.96		         0		-999.00
-999	1534019096	1773		261.57		         0		-999.00
7045	1534020296	1200		271.16		 196748285		1663.00
7045	1534023896	3600		271.58		 216065889		1622.00
7045	1534027496	3600		271.05		 199549999		1610.00
7045	1534031096	3600		270.55		 183042583		1592.00
7045	1534034696	3600		269.96		 165656972		1574.00
7045	1534038296	3600		269.53		 152697290		1556.00
7045	1534041896	3600		269.02		 138197555		1539.00
7045	1534045496	3600		268.65		 127211487		1527.00
7045	1534049096	3600		268.27		 117142333		1514.00
7045	1534052696	3600		268.16		 113474114		1511.00
7045	1534056296	3600		267.86		 103364854		1495.00
7045	1534058999	2703		267.57		  95037206		1494.00
-999	1534060199	1200		264.25		         0		-999.00
-999	1534063799	3600		264.36		         0		-999.00
-999	1534067399	3600		264.36		         0		-999.00
-999	1534070999	3600		264.36		         0		-999.00
-999	1534074599	3600		264.53		         0		-999.00
-999	1534077152	2553		264.40		         0		-999.00
7047	1534078352	1200		271.61		 211463483		1696.00
7047	1534081952	3600		272.27		 233631599		1685.00
7047	1534085552	3600		271.55		 213547896		1643.00
7047	1534089152	3600		270.91		 194840335		1631.00
7047	1534092752	3600		270.45		 180519934		1601.00
7047	1534096352	3600		269.92		 164115254		1592.00
7047	1534099952	3600		269.52		 152191074		1578.00
7047	1534103382	3430		269.07		 139917734		1566.00
-999	1534104582	1200		264.09		         0		-999.00
-999	1534108182	3600		264.33		         0		-999.00
-999	1534111782	3600		264.33		         0		-999.00
-999	1534115382	3600		264.33		         0		-999.00
-999	1534118982	3600		264.36		         0		-999.00
-999	1534122582	3600		261.51		         0		-999.00
-999	1534124348	1766		261.56		         0		-999.00
7048	1534125548	1200		271.74		 213845539		1695.00
7048	1534129148	3600		272.08		 228584167		1666.00
7048	1534132748	3600		271.44		 209928694		1653.00
7048	1534136348	3600		270.60		 185353031		1636.00
7048	1534137972	1624		270.43		 181651275		1613.00
-999	1534139172	1200		264.23		         0		-999.00
-999	1534142772	3600		264.35		         0		-999.00
-999	1534146372	3600		260.97		         0		-999.00
-999	1534149972	3600		261.53		         0		-999.00
-999	1534153572	3600		260.97		         0		-999.00
-999	1534155160	1588		261.49		         0		-999.00
7052	1534156360	1200		271.46		 204934255		1700.00
7052	1534159960	3600		271.68		 216147054		1673.00
7052	1534163560	3600		271.23		 202635940		1643.00
7052	1534167160	3600		270.68		 186760978		1630.00
7052	1534170760	3600		270.20		 171998636		1609.00
7052	1534174360	3600		269.72		 157267478		1595.00
7052	1534177960	3600		269.21		 144512438		1580.00
7052	1534181560	3600		268.82		 131664727		1564.00
7052	1534185160	3600		268.57		 123074087		1566.00
7052	1534188760	3600		268.25		 116367294		1539.00
7052	1534192360	3600		267.95		 105078508		1530.00
7052	1534195960	3600		267.63		  98446023		1524.00
7052	1534199337	3377		267.34		  90057233		1513.00
-999	1534200537	1200		264.39		         0		-999.00
-999	1534204137	3600		261.44		         0		-999.00
-999	1534207737	3600		261.11		         0		-999.00
-999	1534210358	2621		261.59		         0		-999.00
7053	1534211558	1200		271.76		 211827459		1742.00
7053	1534215158	3600		272.34		 237319410		1703.00
7053	1534218758	3600		271.65		 215284461		1678.00
7053	1534222358	3600		271.01		 196701534		1664.00
7053	1534225958	3600		270.49		 181822925		1640.00
7053	1534229558	3600		269.96		 165699378		1628.00
7053	1534231837	2279		269.62		 155497874		1615.00
-999	1534233037	1200		263.83		         0		-999.00
-999	1534236637	3600		261.47		         0		-999.00
-999	1534240237	3600		261.47		         0		-999.00
-999	1534243220	2983		261.53		         0		-999.00
-999	1534245116	1200		264.34		         0		-999.00
-999	1534248716	3600		261.41		         0		-999.00
-999	1534251884	3168		261.49		         0		-999.00
7055	1534253084	1200		271.96		 218855913		1743.00
7055	1534256684	3600		272.36		 236065185		1719.00
7055	1534260284	3600		271.19		 218518321		1540.00
7055	1534263884	3600		271.07		 199966373		1665.00
7055	1534267484	3600		270.50		 182272481		1642.00
7055	1534271084	3600		270.09		 168411487		1627.00
7055	1534274684	3600		269.52		 153602148		1608.00
7055	1534278284	3600		269.11		 141124839		1593.00
7055	1534281720	3436		268.68		 129244647		1588.00
-999	1534282920	1200		264.35		         0		-999.00
-999	1534286520	3600		260.97		         0		-999.00
-999	1534290120	3600		261.51		         0		-999.00
-999	1534291280	1160		261.28		         0		-999.00
7056	1534292480	1200		271.73		 212411817		1760.00
7056	1534296080	3600		272.29		 235261999		1725.00
7056	1534299680	3600		271.57		 213243283		1699.00
7056	1534303280	3600		271.03		 198526031		1680.00
7056	1534306880	3600		270.54		 180952178		1667.00
7056	1534310480	3600		270.01		 167173693		1642.00
7056	1534314080	3600		269.64		 154887580		1628.00
7056	1534317680	3600		269.16		 141398491		1609.00
7056	1534321280	3600		268.73		 129667292		1603.00
7056	1534324880	3600		268.47		 120986954		1603.00
7056	1534328480	3600		268.31		 117043245		1584.00
7056	1534332080	3600		267.85		 104393805		1565.00
7056	1534335680	3600		267.65		  97719497		1558.00
7056	1534339280	3600		267.34		  88463346		1546.00
7056	1534342880	3600		267.04		  79952613		1537.00
7056	1534346480	3600		266.86		  73735518		1528.00
7056	1534350080	3600		266.64		  67758868		1522.00
7056	1534353680	3600		265.94		  63449752		1394.00
7056	1534357280	3600		266.24		  57452779		1500.00
7056	1534360880	3600		266.13		  51867971		1513.00
7056	1534364480	3600		266.05		  50522073		1503.00
7056	1534368080	3600		265.89		  47403319		1496.00
7056	1534371680	3600		265.83		  45326668		1491.00
7056	1534375280	3600		265.75		  42794606		1485.00
7056	1534378880	3600		265.67		  40475200		1491.00
7056	1534382480	3600		265.60		  38256021		1482.00
7056	1534386080	3600		265.55		  36444229		1479.00
7056	1534387045	965		265.54		  36147743		1479.00
-999	1534388245	1200		261.25		         0		-999.00
-999	1534391845	3600		260.94		         0		-999.00
-999	1534395445	3600		261.48		         0		-999.00
-999	1534399045	3600		264.48		         0		-999.00
-999	1534402645	3600		264.08		         0		-999.00
-999	1534406245	3600		264.35		         0		-999.00
-999	1534409845	3600		264.46		         0		-999.00
-999	1534413445	3600		264.46		         0		-999.00
-999	1534417045	3600		264.46		         0		-999.00
-999	1534420645	3600		264.46		         0		-999.00
-999	1534424245	3600		264.50		         0		-999.00
-999	1534427845	3600		264.53		         0		-999.00
-999	1534431445	3600		264.49		         0		-999.00
-999	1534435045	3600		264.52		         0		-999.00
-999	1534438645	3600		264.52		         0		-999.00
-999	1534442245	3600		264.52		         0		-999.00
-999	1534445845	3600		264.37		         0		-999.00
-999	1534449445	3600		264.32		         0		-999.00
-999	1534453045	3600		264.50		         0		-999.00
-999	1534456645	3600		261.19		         0		-999.00
-999	1534460245	3600		261.40		         0		-999.00
-999	1534463845	3600		261.40		         0		-999.00
-999	1534467445	3600		261.44		         0		-999.00
-999	1534471045	3600		261.44		         0		-999.00
-999	1534474645	3600		261.12		         0		-999.00
-999	1534475239	594		260.72		         0		-999.00
7058	1534476439	1200		271.03		 202172255		1637.00
7058	1534480039	3600		271.78		 215205693		1732.00
7058	1534483639	3600		271.33		 207036101		1687.00
7058	1534487239	3600		270.80		 189382384		1679.00
7058	1534490839	3600		270.20		 171961974		1656.00
7058	1534494439	3600		269.77		 159080005		1636.00
7058	1534498039	3600		269.30		 144745785		1621.00
7058	1534501639	3600		268.84		 132334199		1609.00
7058	1534505239	3600		268.52		 122773911		1594.00
7058	1534508839	3600		268.22		 114101947		1586.00
7058	1534512439	3600		267.90		 103434581		1573.00
7058	1534516039	3600		267.49		  92703368		1564.00
7058	1534519639	3600		267.40		  88367810		1551.00
7058	1534523239	3600		266.82		  76729768		1527.00
7058	1534523411	172		266.61		  68362152		1533.00
-999	1534524611	1200		261.07		         0		-999.00
-999	1534528211	3600		261.48		         0		-999.00
-999	1534531811	3600		261.46		         0		-999.00
-999	1534533194	1383		261.57		         0		-999.00
7061	1534534394	1200		271.82		 216878502		1783.00
7061	1534537994	3600		272.27		 232298305		1751.00
7061	1534541594	3600		271.64		 214018556		1728.00
7061	1534545194	3600		271.04		 197697415		1707.00
7061	1534548794	3600		270.46		 179834646		1686.00
7061	1534552394	3600		269.98		 165247340		1669.00
7061	1534555994	3600		269.55		 152096378		1659.00
7061	1534559594	3600		269.21		 142040104		1638.00
7061	1534563194	3600		268.71		 129552009		1622.00
7061	1534566794	3600		268.44		 120610730		1624.00
7061	1534570394	3600		268.16		 112484210		1601.00
7061	1534573994	3600		267.86		 103705397		1597.00
7061	1534577594	3600		267.55		  94322630		1581.00
7061	1534581194	3600		266.98		  80784223		1550.00
7061	1534584283	3089		261.15		  77336874		 11.50
-999	1534585483	1200		260.99		         0		-999.00
-999	1534589083	3600		261.44		         0		-999.00
-999	1534592683	3600		261.41		         0		-999.00
-999	1534593033	350		261.45		         0		-999.00
7063	1534594233	1200		271.46		 208177826		1779.00
7063	1534597833	3600		271.94		 223320072		1763.00
7063	1534601433	3600		271.23		 207784510		1709.00
7063	1534605033	3600		270.74		 187562225		1711.00
7063	1534608633	3600		270.18		 172274939		1694.00
7063	1534612233	3600		269.76		 158497103		1677.00
7063	1534615833	3600		269.26		 144220971		1656.00
7063	1534619433	3600		268.86		 133208961		1647.00
7063	1534623033	3600		268.53		 122110435		1628.00
7063	1534626633	3600		268.14		 112757426		1616.00
7063	1534630233	3600		267.88		 104172595		1613.00
7063	1534633006	2773		267.63		  97031390		1598.00
-999	1534634206	1200		263.93		         0		-999.00
-999	1534637806	3600		261.39		         0		-999.00
-999	1534641406	3600		261.45		         0		-999.00
-999	1534645006	3600		264.40		         0		-999.00
-999	1534648606	3600		264.39		         0		-999.00
-999	1534652206	3600		261.19		         0		-999.00
-999	1534655806	3600		260.96		         0		-999.00
-999	1534657022	1216		261.57		         0		-999.00
7065	1534658222	1200		271.37		 209095361		1766.00
7065	1534661822	3600		272.19		 230569700		1782.00
7065	1534665422	3600		271.58		 212823172		1752.00
7065	1534669022	3600		270.93		 193395388		1732.00
7065	1534672622	3600		270.42		 177879862		1706.00
7065	1534676222	3600		269.87		 161967189		1691.00
7065	1534679822	3600		269.42		 149603656		1676.00
7065	1534683422	3600		269.05		 137215727		1658.00
7065	1534687022	3600		268.67		 126109468		1649.00
7065	1534690622	3600		268.42		 118760276		1633.00
7065	1534694222	3600		268.01		 107419885		1626.00
7065	1534697822	3600		267.73		  98372065		1620.00
7065	1534701422	3600		267.45		  92428052		1603.00
7065	1534703871	2449		266.96		  78908449		1580.00
-999	1534705071	1200		261.60		         0		-999.00
-999	1534708671	3600		261.29		         0		-999.00
-999	1534712271	3600		261.49		         0		-999.00
-999	1534715871	3600		261.49		         0		-999.00
-999	1534719471	3600		260.98		         0		-999.00
-999	1534721378	1907		261.26		         0		-999.00
7069	1534722578	1200		271.14		 195027860		1792.00
7069	1534726178	3600		271.54		 212724948		1769.00
7069	1534729778	3600		270.95		 196767456		1737.00
7069	1534733378	3600		270.50		 180572310		1720.00
7069	1534736978	3600		269.98		 165827863		1705.00
7069	1534740578	3600		269.51		 150966930		1689.00
7069	1534744178	3600		269.06		 138683794		1667.00
7069	1534747778	3600		268.69		 126389094		1654.00
7069	1534751378	3600		268.47		 118996145		1652.00
7069	1534754978	3600		268.12		 111416493		1630.00
7069	1534758578	3600		267.77		 101242756		1631.00
7069	1534762178	3600		267.50		  92192385		1609.00
7069	1534765778	3600		267.08		  80788691		1592.00
7069	1534769062	3284		266.64		  70237978		1568.00
-999	1534770262	1200		261.06		         0		-999.00
-999	1534773862	3600		264.20		         0		-999.00
-999	1534777462	3600		263.98		         0		-999.00
-999	1534781062	3600		264.01		         0		-999.00
-999	1534784662	3600		260.87		         0		-999.00
-999	1534788262	3600		261.40		         0		-999.00
-999	1534791862	3600		264.46		         0		-999.00
-999	1534795462	3600		264.42		         0		-999.00
-999	1534799062	3600		264.42		         0		-999.00
-999	1534802662	3600		264.46		         0		-999.00
-999	1534806262	3600		264.46		         0		-999.00
-999	1534809862	3600		264.46		         0		-999.00
-999	1534813462	3600		264.46		         0		-999.00
-999	1534817062	3600		264.46		         0		-999.00
-999	1534820662	3600		264.46		         0		-999.00
-999	1534824262	3600		264.46		         0		-999.00
-999	1534827862	3600		264.54		         0		-999.00
-999	1534831462	3600		264.35		         0		-999.00
-999	1534835062	3600		261.08		         0		-999.00
-999	1534838662	3600		264.37		         0		-999.00
-999	1534842262	3600		264.35		         0		-999.00
-999	1534845862	3600		264.14		         0		-999.00
-999	1534849462	3600		264.37		         0		-999.00
-999	1534853062	3600		264.47		         0		-999.00
-999	1534856662	3600		264.22		         0		-999.00
-999	1534860262	3600		264.47		         0		-999.00
-999	1534863862	3600		264.57		         0		-999.00
-999	1534867462	3600		264.50		         0		-999.00
-999	1534871062	3600		264.46		         0		-999.00
-999	1534874662	3600		264.51		         0		-999.00
-999	1534878262	3600		264.51		         0		-999.00
-999	1534881862	3600		264.19		         0		-999.00
-999	1534885462	3600		264.61		         0		-999.00
-999	1534889062	3600		264.61		         0		-999.00
-999	1534892662	3600		264.61		         0		-999.00
-999	1534896262	3600		264.61		         0		-999.00
-999	1534899862	3600		264.61		         0		-999.00
-999	1534903462	3600		264.65		         0		-999.00
-999	1534907062	3600		264.65		         0		-999.00
-999	1534910662	3600		264.65		         0		-999.00
-999	1534914262	3600		264.53		         0		-999.00
-999	1534917862	3600		264.65		         0		-999.00
-999	1534921462	3600		264.58		         0		-999.00
-999	1534925062	3600		264.45		         0		-999.00
-999	1534928662	3600		264.24		         0		-999.00
-999	1534932262	3600		264.34		         0		-999.00
-999	1534935862	3600		264.69		         0		-999.00
-999	1534939462	3600		264.61		         0		-999.00
-999	1534943062	3600		264.64		         0		-999.00
-999	1534946662	3600		264.41		         0		-999.00
-999	1534950262	3600		261.40		         0		-999.00
-999	1534953862	3600		261.43		         0		-999.00
-999	1534957462	3600		261.44		         0		-999.00
-999	1534961062	3600		261.44		         0		-999.00
-999	1534964662	3600		261.18		         0		-999.00
-999	1534968262	3600		261.31		         0		-999.00
-999	1534971862	3600		261.46		         0		-999.00
-999	1534975462	3600		261.42		         0		-999.00
-999	1534979062	3600		261.42		         0		-999.00
-999	1534982662	3600		261.42		         0		-999.00
-999	1534986262	3600		261.42		         0		-999.00
-999	1534989862	3600		261.48		         0		-999.00
-999	1534993462	3600		261.46		         0		-999.00
-999	1534997062	3600		261.48		         0		-999.00
-999	1535000662	3600		261.48		         0		-999.00
-999	1535004262	3600		261.27		         0		-999.00
-999	1535007862	3600		261.44		         0		-999.00
-999	1535011462	3600		261.18		         0		-999.00
-999	1535015062	3600		261.43		         0		-999.00
-999	1535018662	3600		261.43		         0		-999.00
-999	1535022262	3600		261.41		         0		-999.00
-999	1535023071	809		261.57		         0		-999.00
7078	1535024271	1200		271.01		 192911826		1765.00
7078	1535027871	3600		271.40		 208175596		1753.00
7078	1535030682	2811		270.96		 193606095		1735.00
-999	1535031882	1200		263.93		         0		-999.00
-999	1535035482	3600		264.37		         0		-999.00
-999	1535039082	3600		264.57		         0		-999.00
-999	1535042682	3600		264.57		         0		-999.00
-999	1535046282	3600		261.16		         0		-999.00
-999	1535049882	3600		261.53		         0		-999.00
-999	1535051403	1521		261.41		         0		-999.00
7080	1535052603	1200		271.73		 214240995		1825.00
7080	1535056203	3600		272.16		 228623430		1784.00
7080	1535059803	3600		271.42		 210824133		1757.00
7080	1535063403	3600		270.89		 192869122		1737.00
7080	1535067003	3600		270.29		 175516972		1717.00
7080	1535070603	3600		269.96		 164454805		1699.00
7080	1535074203	3600		269.45		 150083178		1679.00
7080	1535077803	3600		269.09		 139381838		1667.00
7080	1535081403	3600		268.66		 127562937		1650.00
7080	1535085003	3600		268.32		 116303260		1639.00
7080	1535088603	3600		268.25		 113858493		1642.00
7080	1535092203	3600		267.95		 104858527		1629.00
7080	1535095803	3600		267.58		  95424450		1611.00
7080	1535095826	23		267.40		  89488910		1611.00
-999	1535097026	1200		263.96		         0		-999.00
-999	1535100626	3600		264.23		         0		-999.00
-999	1535104226	3600		261.12		         0		-999.00
-999	1535107826	3600		261.50		         0		-999.00
-999	1535111280	3454		261.51		         0		-999.00
7083	1535112480	1200		271.07		 193879111		1785.00
7083	1535116080	3600		271.33		 205583846		1768.00
7083	1535119680	3600		270.85		 190772601		1743.00
7083	1535123280	3600		270.28		 174229836		1728.00
7083	1535126880	3600		269.83		 160596322		1710.00
7083	1535130480	3600		269.32		 146600587		1696.00
7083	1535134080	3600		268.99		 134952095		1685.00
7083	1535137680	3600		268.51		 122919869		1664.00
7083	1535141280	3600		268.17		 111562798		1657.00
7083	1535144880	3600		267.86		 103778846		1633.00
7083	1535148480	3600		267.60		  94904267		1624.00
7083	1535152080	3600		267.25		  86970216		1616.00
7083	1535152634	554		267.13		  82985628		1612.00
-999	1535153834	1200		264.25		         0		-999.00
-999	1535157434	3600		264.36		         0		-999.00
-999	1535161034	3600		264.36		         0		-999.00
-999	1535164634	3600		264.38		         0		-999.00
-999	1535168234	3600		264.42		         0		-999.00
-999	1535171834	3600		264.42		         0		-999.00
-999	1535175434	3600		264.42		         0		-999.00
-999	1535179034	3600		264.47		         0		-999.00
-999	1535182634	3600		261.10		         0		-999.00
-999	1535186234	3600		261.45		         0		-999.00
-999	1535189834	3600		261.48		         0		-999.00
-999	1535191851	2017		261.01		         0		-999.00
7087	1535193051	1200		271.51		 206714397		1849.00
7087	1535196651	3600		271.94		 225089707		1802.00
7087	1535200251	3600		271.40		 209182414		1786.00
7087	1535203851	3600		270.86		 191340372		1763.00
7087	1535207451	3600		270.26		 174552250		1741.00
7087	1535211051	3600		269.71		 159130554		1724.00
7087	1535214651	3600		269.33		 146422132		1706.00
7087	1535218251	3600		268.85		 133110024		1686.00
7087	1535221851	3600		268.42		 120195180		1673.00
7087	1535225451	3600		268.25		 115316996		1663.00
7087	1535229051	3600		267.91		 105019040		1658.00
7087	1535232651	3600		267.62		  96622930		1639.00
7087	1535236251	3600		267.25		  85753539		1625.00
7087	1535238176	1925		266.75		  73059272		1610.00
-999	1535239376	1200		261.39		         0		-999.00
-999	1535242976	3600		261.66		         0		-999.00
-999	1535246576	3600		261.60		         0		-999.00
-999	1535246754	178		261.32		         0		-999.00
7088	1535247954	1200		271.38		 201545131		1860.00
7088	1535251462	3508		271.89		 229102267		1788.00
-999	1535252662	1200		263.89		         0		-999.00
-999	1535256262	3600		261.50		         0		-999.00
-999	1535259862	3600		261.49		         0		-999.00
-999	1535263462	3600		261.49		         0		-999.00
-999	1535267062	3600		261.18		         0		-999.00
-999	1535267678	616		261.49		         0		-999.00
7090	1535268878	1200		271.69		 211772412		1853.00
7090	1535272478	3600		272.07		 227264516		1833.00
7090	1535276078	3600		271.43		 207213770		1805.00
7090	1535279678	3600		270.99		 192959191		1797.00
7090	1535283278	3600		270.34		 176171356		1763.00
7090	1535286878	3600		269.87		 160763542		1752.00
7090	1535290478	3600		269.41		 148032382		1730.00
7090	1535294078	3600		269.07		 136897497		1711.00
7090	1535297678	3600		268.57		 124172704		1698.00
7090	1535301278	3600		268.32		 115840787		1695.00
7090	1535304878	3600		268.12		 109438376		1686.00
7090	1535308478	3600		267.73		 101743452		1649.00
7090	1535312078	3600		267.29		  86369809		1655.00
7090	1535313102	1024		267.33		  87448484		1649.00
-999	1535314302	1200		261.35		         0		-999.00
-999	1535317902	3600		261.25		         0		-999.00
-999	1535321348	3446		261.56		         0		-999.00
7091	1535322548	1200		271.58		 206756741		1877.00
7091	1535326148	3600		271.94		 222981295		1857.00
7091	1535329748	3600		271.37		 206608714		1827.00
7091	1535333348	3600		270.83		 188684571		1798.00
7091	1535336948	3600		270.32		 174043161		1782.00
7091	1535340548	3600		269.84		 160222818		1772.00
7091	1535344148	3600		269.38		 147133714		1757.00
7091	1535347748	3600		269.00		 135501460		1738.00
7091	1535351348	3600		268.35		 122232506		1689.00
7091	1535354948	3600		268.30		 115172641		1710.00
7091	1535358548	3600		268.11		 108693998		1696.00
7091	1535362148	3600		267.72		  97651723		1683.00
7091	1535365748	3600		267.52		  92331169		1670.00
7091	1535368639	2891		267.05		  78611639		1657.00
-999	1535369839	1200		261.37		         0		-999.00
-999	1535373439	3600		264.50		         0		-999.00
-999	1535377039	3600		261.46		         0		-999.00
-999	1535380639	3600		261.53		         0		-999.00
-999	1535384239	3600		261.23		         0		-999.00
-999	1535385389	1150		261.60		         0		-999.00
7092	1535386589	1200		271.25		 200540875		1855.00
7092	1535390189	3600		271.64		 213290568		1835.00
7092	1535393789	3600		271.03		 196445038		1817.00
7092	1535395985	2196		270.70		 185493833		1803.00
-999	1535397185	1200		263.86		         0		-999.00
-999	1535400785	3600		264.34		         0		-999.00
-999	1535404385	3600		261.18		         0		-999.00
-999	1535407985	3600		261.51		         0		-999.00
-999	1535410972	2987		261.21		         0		-999.00
7095	1535412172	1200		271.27		 202863258		1852.00
7095	1535415772	3600		271.64		 215390537		1842.00
7095	1535419372	3600		271.08		 199222846		1819.00
7095	1535422972	3600		270.51		 181510627		1798.00
7095	1535426572	3600		270.09		 168412161		1779.00
7095	1535430172	3600		269.53		 153775205		1757.00
7095	1535431917	1745		269.29		 145921098		1757.00
-999	1535433117	1200		264.28		         0		-999.00
-999	1535436717	3600		263.90		         0		-999.00
-999	1535440317	3600		264.28		         0		-999.00
-999	1535443917	3600		260.75		         0		-999.00
-999	1535447517	3600		261.39		         0		-999.00
-999	1535451117	3600		261.50		         0		-999.00
-999	1535454717	3600		261.48		         0		-999.00
-999	1535456340	1623		261.63		         0		-999.00
7097	1535457540	1200		271.51		 206541582		1895.00
7097	1535461140	3600		271.77		 217694887		1860.00
7097	1535464740	3600		271.21		 202608597		1837.00
7097	1535468340	3600		270.68		 185348220		1820.00
7097	1535471940	3600		270.11		 168839641		1788.00
7097	1535475540	3600		269.64		 155520394		1769.00
7097	1535479140	3600		269.13		 141306987		1754.00
7097	1535482740	3600		268.75		 130168795		1740.00
7097	1535486340	3600		268.33		 118426857		1715.00
7097	1535489940	3600		268.20		 114167696		1712.00
7097	1535493540	3600		267.79		 101769829		1690.00
7097	1535497140	3600		267.62		  96257516		1684.00
7097	1535500740	3600		267.25		  86322870		1678.00
7097	1535504340	3600		267.01		  78168355		1667.00
7097	1535505368	1028		266.36		  61510865		1650.00
-999	1535506568	1200		261.07		         0		-999.00
-999	1535510168	3600		261.66		         0		-999.00
-999	1535512996	2828		261.07		         0		-999.00
7098	1535514196	1200		271.49		 207028559		1901.00
7098	1535517796	3600		271.98		 224440796		1882.00
7098	1535521396	3600		271.34		 207142385		1852.00
7098	1535524996	3600		270.77		 189304614		1835.00
7098	1535528596	3600		270.26		 173663896		1811.00
7098	1535532089	3493		269.74		 158982744		1791.00
-999	1535533289	1200		264.05		         0		-999.00
-999	1535536889	3600		264.23		         0		-999.00
-999	1535540489	3600		261.55		         0		-999.00
-999	1535544089	3600		261.56		         0		-999.00
-999	1535544488	399		261.56		         0		-999.00
7099	1535545688	1200		271.16		 200617424		1892.00
7099	1535549288	3600		271.70		 217027909		1867.00
7099	1535551174	1886		271.25		 202021599		1874.00
-999	1535552374	1200		264.31		         0		-999.00
-999	1535555974	3600		264.19		         0		-999.00
-999	1535559574	3600		264.40		         0		-999.00
-999	1535563174	3600		264.40		         0		-999.00
-999	1535566774	3600		261.61		         0		-999.00
-999	1535570374	3600		261.33		         0		-999.00
-999	1535570740	366		261.39		         0		-999.00
7101	1535571940	1200		271.96		 218536032		1956.00
7101	1535575540	3600		272.25		 232538538		1900.00
7101	1535579140	3600		271.47		 211402224		1867.00
7101	1535580041	901		271.26		 203522699		1869.00
-999	1535581241	1200		264.21		         0		-999.00
-999	1535584841	3600		264.44		         0		-999.00
-999	1535588441	3600		264.44		         0		-999.00
-999	1535592041	3600		264.44		         0		-999.00
-999	1535595641	3600		264.40		         0		-999.00
-999	1535599241	3600		264.40		         0		-999.00
-999	1535602841	3600		264.40		         0		-999.00
-999	1535606441	3600		264.40		         0		-999.00
-999	1535610041	3600		261.47		         0		-999.00
-999	1535613641	3600		261.51		         0		-999.00
-999	1535614998	1357		261.51		         0		-999.00
7105	1535616198	1200		271.71		 211292970		1921.00
7105	1535619798	3600		272.02		 224581671		1882.00
7105	1535623398	3600		271.38		 206760100		1861.00
7105	1535626998	3600		270.74		 188150633		1840.00
7105	1535630598	3600		270.31		 174264847		1816.00
7105	1535634198	3600		269.80		 159367202		1805.00
7105	1535637798	3600		269.33		 146543505		1785.00
7105	1535641398	3600		268.98		 136077566		1775.00
7105	1535644998	3600		268.48		 121410838		1754.00
7105	1535648598	3600		268.25		 113745218		1752.00
7105	1535652198	3600		267.99		 107098999		1731.00
7105	1535655798	3600		267.68		  96755830		1719.00
7105	1535659398	3600		267.50		  90870687		1712.00
7105	1535662998	3600		266.96		  80168969		1679.00
7105	1535663769	771		266.98		  78306691		1694.00
-999	1535664969	1200		261.63		         0		-999.00
-999	1535668569	3600		261.61		         0		-999.00
-999	1535672169	3600		264.38		         0		-999.00
-999	1535675769	3600		261.25		         0		-999.00
-999	1535679369	3600		261.14		         0		-999.00
-999	1535680532	1163		261.50		         0		-999.00
7108	1535681732	1200		271.81		 214771020		1934.00
7108	1535685332	3600		272.05		 227784905		1908.00
7108	1535688932	3600		271.53		 209357878		1880.00
7108	1535692532	3600		270.91		 192719116		1859.00
7108	1535696132	3600		270.36		 175406493		1845.00
7108	1535699732	3600		269.88		 162108445		1824.00
7108	1535703332	3600		269.39		 148380532		1795.00
7108	1535706932	3600		269.02		 137534033		1791.00
7108	1535710532	3600		268.67		 125810718		1773.00
7108	1535714132	3600		268.05		 115010247		1673.00
7108	1535717732	3600		268.08		 109444184		1744.00
7108	1535721332	3600		267.91		 103695721		1741.00
7108	1535724932	3600		267.27		  89041221		1709.00
7108	1535725313	381		266.93		  76184208		1713.00
-999	1535726513	1200		261.14		         0		-999.00
-999	1535730113	3600		261.67		         0		-999.00
-999	1535733713	3600		261.12		         0		-999.00
-999	1535733821	108		261.05		         0		-999.00
-999	1535735942	1200		264.42		         0		-999.00
-999	1535739542	3600		261.42		         0		-999.00
-999	1535742103	2561		261.64		         0		-999.00
7110	1535743303	1200		271.40		 205939992		1917.00
7110	1535746903	3600		271.82		 218795385		1910.00
7110	1535750503	3600		271.16		 200282556		1885.00
7110	1535754103	3600		270.74		 186578887		1868.00
7110	1535757703	3600		270.24		 172471044		1843.00
7110	1535761303	3600		269.77		 157756769		1830.00
7110	1535764903	3600		269.29		 145939980		1809.00
7110	1535768503	3600		268.96		 134954913		1795.00
7110	1535772103	3600		268.53		 123132817		1781.00
7110	1535775703	3600		268.28		 114580983		1777.00
7110	1535779303	3600		268.10		 109779160		1757.00
7110	1535782903	3600		267.62		 100669144		1726.00
7110	1535783443	540		267.54		  95490888		1738.00
-999	1535784643	1200		260.92		         0		-999.00
-999	1535788243	3600		261.65		         0		-999.00
-999	1535791843	3600		261.14		         0		-999.00
-999	1535792877	1034		261.66		         0		-999.00
-999	1535795063	1200		264.41		         0		-999.00
-999	1535798663	3600		264.41		         0		-999.00
-999	1535802263	3600		264.41		         0		-999.00
-999	1535805863	3600		264.41		         0		-999.00
-999	1535809463	3600		264.43		         0		-999.00
-999	1535813063	3600		264.43		         0		-999.00
-999	1535816663	3600		264.43		         0		-999.00
-999	1535820263	3600		264.39		         0		-999.00
-999	1535823863	3600		261.48		         0		-999.00
-999	1535826450	2587		261.49		         0		-999.00
-999	1535828222	1200		264.15		         0		-999.00
-999	1535831822	3600		264.43		         0		-999.00
-999	1535835422	3600		264.47		         0		-999.00
-999	1535839022	3600		264.43		         0		-999.00
-999	1535842622	3600		261.59		         0		-999.00
-999	1535846222	3600		261.50		         0		-999.00
-999	1535848779	2557		261.56		         0		-999.00
7117	1535849979	1200		271.92		 217753898		1973.00
7117	1535853579	3600		272.16		 230118617		1937.00
7117	1535857179	3600		271.60		 212756079		1907.00
7117	1535860779	3600		270.98		 194602480		1884.00
7117	1535864379	3600		270.38		 177045181		1857.00
7117	1535864581	202		270.73		 189843243		1853.00
-999	1535865781	1200		264.39		         0		-999.00
-999	1535869381	3600		264.35		         0		-999.00
-999	1535872981	3600		264.38		         0		-999.00
-999	1535876581	3600		260.81		         0		-999.00
-999	1535880181	3600		261.24		         0		-999.00
-999	1535880182	1		261.24		         0		-999.00
7118	1535881382	1200		272.13		 223141037		2009.00
7118	1535884982	3600		272.62		 243083801		1952.00
7118	1535888582	3600		271.89		 221552279		1931.00
7118	1535892182	3600		271.15		 203243464		1880.00
7118	1535895782	3600		270.61		 184555157		1877.00
7118	1535899382	3600		270.15		 170197698		1856.00
7118	1535902982	3600		269.67		 155253344		1848.00
7118	1535904414	1432		268.61		 128718653		1802.00
-999	1535905614	1200		261.64		         0		-999.00
-999	1535909214	3600		264.40		         0		-999.00
-999	1535912814	3600		261.14		         0		-999.00
-999	1535916414	3600		261.50		         0		-999.00
-999	1535917171	757		261.62		         0		-999.00
7120	1535918371	1200		272.02		 223257249		2003.00
7120	1535921971	3600		272.44		 237304085		1972.00
7120	1535925571	3600		271.78		 218146154		1929.00
7120	1535929171	3600		271.04		 196609577		1912.00
7120	1535932771	3600		270.58		 182435102		1884.00
7120	1535936371	3600		269.61		 158674095		1834.00
7120	1535936549	178		270.61		 190822318		1838.00
-999	1535937749	1200		261.61		         0		-999.00
-999	1535941349	3600		261.57		         0		-999.00
-999	1535944949	3600		261.10		         0		-999.00
-999	1535948549	3600		261.53		         0		-999.00
-999	1535949364	815		261.61		         0		-999.00
7122	1535950564	1200		271.65		 208066522		2015.00
7122	1535954164	3600		272.35		 234546489		1970.00
7122	1535957764	3600		271.53		 211518987		1924.00
7122	1535961364	3600		270.98		 194435596		1908.00
7122	1535964964	3600		270.32		 175200310		1884.00
7122	1535968564	3600		269.76		 159202826		1860.00
7122	1535972164	3600		269.34		 146598555		1839.00
7122	1535972423	259		269.13		 139695958		1839.00
-999	1535973623	1200		264.15		         0		-999.00
-999	1535977223	3600		264.18		         0		-999.00
-999	1535980823	3600		260.79		         0		-999.00
-999	1535984423	3600		261.66		         0		-999.00
-999	1535985541	1118		261.63		         0		-999.00
7123	1535986741	1200		271.85		 215842031		1994.00
7123	1535990341	3600		272.11		 228750928		1973.00
7123	1535993941	3600		271.59		 212463714		1948.00
7123	1535997541	3600		270.97		 193176487		1925.00
7123	1536001141	3600		270.45		 178750750		1902.00
7123	1536004741	3600		269.93		 163714659		1878.00
7123	1536008341	3600		269.53		 150419418		1863.00
7123	1536011941	3600		269.13		 139664347		1850.00
7123	1536015541	3600		268.78		 128274840		1826.00
7123	1536019141	3600		268.42		 118749826		1804.00
7123	1536022741	3600		267.98		 107803176		1799.00
7123	1536026309	3568		267.58		  97700889		1771.00
-999	1536027509	1200		264.40		         0		-999.00
-999	1536031109	3600		261.30		         0		-999.00
-999	1536033290	2181		261.68		         0		-999.00
7124	1536034490	1200		272.13		 221862163		2038.00
7124	1536038090	3600		272.28		 233384934		2000.00
7124	1536041690	3600		271.68		 215543302		1968.00
7124	1536045290	3600		271.00		 195245401		1938.00
7124	1536048890	3600		270.49		 179295974		1916.00
7124	1536052490	3600		269.93		 163251486		1892.00
7124	1536056090	3600		269.51		 150394745		1874.00
7124	1536059690	3600		268.95		 137108653		1845.00
7124	1536063290	3600		268.69		 125827143		1841.00
7124	1536066890	3600		268.55		 121421277		1842.00
7124	1536070490	3600		268.19		 112353256		1829.00
7124	1536074090	3600		267.94		 105388865		1802.00
7124	1536077690	3600		267.25		  87438315		1768.00
7124	1536078019	329		266.71		  69652556		1773.00
-999	1536079219	1200		261.24		         0		-999.00
-999	1536082819	3600		261.58		         0		-999.00
-999	1536085704	2885		261.61		         0		-999.00
7125	1536086904	1200		271.63		 208107234		2025.00
7125	1536090504	3600		271.86		 219625850		1970.00
7125	1536094104	3600		271.28		 201514037		1954.00
7125	1536097704	3600		270.75		 187791435		1933.00
7125	1536101304	3600		270.23		 171725687		1921.00
7125	1536104904	3600		269.81		 159165360		1902.00
7125	1536108504	3600		269.36		 145722002		1881.00
7125	1536112104	3600		268.98		 135553123		1867.00
7125	1536115704	3600		268.60		 124280614		1850.00
7125	1536119304	3600		268.29		 115312251		1846.00
7125	1536121786	2482		268.20		 112226028		1828.00
-999	1536122986	1200		261.11		         0		-999.00
-999	1536126586	3600		264.37		         0		-999.00
-999	1536130186	3600		264.38		         0		-999.00
-999	1536133786	3600		264.41		         0		-999.00
-999	1536137386	3600		261.60		         0		-999.00
-999	1536140986	3600		261.48		         0		-999.00
-999	1536141634	648		261.60		         0		-999.00
7127	1536142834	1200		271.80		 213401944		2037.00
7127	1536146434	3600		272.08		 224969462		2015.00
7127	1536150034	3600		271.51		 210940471		1972.00
7127	1536153634	3600		270.85		 191588659		1952.00
7127	1536157234	3600		270.41		 176899212		1928.00
7127	1536160834	3600		269.85		 160858374		1908.00
7127	1536164434	3600		269.48		 148570828		1886.00
7127	1536168034	3600		269.01		 135366582		1874.00
7127	1536171634	3600		268.62		 124812498		1856.00
7127	1536175234	3600		268.15		 118145923		1799.00
7127	1536178834	3600		267.96		 106229239		1826.00
7127	1536182434	3600		267.68		  99317909		1794.00
7127	1536185562	3128		267.15		  86323513		1770.00
-999	1536186762	1200		264.35		         0		-999.00
-999	1536190362	3600		261.45		         0		-999.00
-999	1536192661	2299		261.68		         0		-999.00
7128	1536193861	1200		271.68		 210837732		2033.00
7128	1536197461	3600		272.04		 223979220		2011.00
7128	1536201061	3600		271.31		 203598994		1986.00
7128	1536204661	3600		270.77		 187991802		1959.00
7128	1536208261	3600		270.15		 169822839		1937.00
7128	1536211861	3600		269.79		 157844319		1918.00
7128	1536215461	3600		269.24		 143421046		1894.00
7128	1536216485	1024		269.02		 136312000		1895.00
-999	1536217685	1200		264.02		         0		-999.00
-999	1536221285	3600		261.53		         0		-999.00
-999	1536224885	3600		261.48		         0		-999.00
-999	1536228485	3600		261.64		         0		-999.00
-999	1536232085	3600		261.07		         0		-999.00
-999	1536234138	2053		261.18		         0		-999.00
7131	1536235338	1200		271.87		 215046556		2073.00
7131	1536238938	3600		272.14		 227506745		2026.00
7131	1536242538	3600		271.50		 208744076		1990.00
7131	1536246138	3600		270.87		 192211260		1968.00
7131	1536249738	3600		270.32		 175025627		1951.00
7131	1536253338	3600		269.91		 161234293		1929.00
7131	1536256938	3600		269.41		 147317340		1908.00
7131	1536260538	3600		269.09		 136676449		1888.00
7131	1536264138	3600		268.51		 121092457		1869.00
7131	1536267738	3600		268.28		 113459876		1863.00
7131	1536268413	675		268.17		 111110685		1857.00
-999	1536269613	1200		264.44		         0		-999.00
-999	1536273213	3600		261.63		         0		-999.00
-999	1536275070	1857		261.67		         0		-999.00
7132	1536276270	1200		271.09		 191107425		2046.00
7132	1536279870	3600		271.57		 212039261		2019.00
7132	1536283470	3600		271.05		 195940476		1997.00
7132	1536287070	3600		270.47		 179166461		1968.00
7132	1536290670	3600		269.99		 165506599		1939.00
7132	1536294270	3600		269.55		 150932315		1931.00
7132	1536295684	1414		269.35		 143956657		1919.00
-999	1536296884	1200		264.14		         0		-999.00
-999	1536300484	3600		263.91		         0		-999.00
-999	1536304084	3600		264.40		         0		-999.00
-999	1536307684	3600		261.52		         0		-999.00
-999	1536311284	3600		261.23		         0		-999.00
-999	1536311348	64		261.19		         0		-999.00
7133	1536312548	1200		271.22		 198236092		2028.00
7133	1536316148	3600		271.67		 216071932		2020.00
7133	1536319748	3600		271.04		 196412052		1991.00
7133	1536323348	3600		270.50		 179834239		1967.00
7133	1536323858	510		270.19		 169663983		1961.00
-999	1536325058	1200		264.22		         0		-999.00
-999	1536328658	3600		261.68		         0		-999.00
-999	1536332258	3600		261.64		         0		-999.00
-999	1536335160	2902		261.57		         0		-999.00
7135	1536336360	1200		271.21		 194154907		2054.00
7135	1536339960	3600		271.29		 202683639		1994.00
7135	1536343560	3600		270.86		 189413997		1993.00
7135	1536347160	3600		270.40		 177923864		1969.00
7135	1536347926	766		268.25		 114413950		1912.00
-999	1536349126	1200		261.25		         0		-999.00
-999	1536352726	3600		264.39		         0		-999.00
-999	1536356326	3600		264.41		         0		-999.00
-999	1536359926	3600		261.43		         0		-999.00
-999	1536362297	2371		261.32		         0		-999.00
7137	1536363497	1200		271.24		 195533236		2069.00
7137	1536367097	3600		271.64		 212530533		2020.00
7137	1536370697	3600		271.12		 196202503		2004.00
7137	1536374297	3600		270.60		 181296043		1977.00
7137	1536377897	3600		270.01		 165920083		1958.00
7137	1536381497	3600		269.67		 153767707		1945.00
7137	1536385097	3600		269.27		 141501449		1920.00
7137	1536388697	3600		268.81		 130097021		1906.00
7137	1536392297	3600		268.41		 119213471		1884.00
7137	1536395897	3600		268.33		 116519116		1888.00
7137	1536399497	3600		268.03		 106563937		1865.00
7137	1536403097	3600		267.65		  96322098		1851.00
7137	1536406697	3600		267.05		  82796912		1812.00
7137	1536409379	2682		261.06		  79198360		 12.00
-999	1536410579	1200		261.48		         0		-999.00
-999	1536414179	3600		261.35		         0		-999.00
-999	1536417779	3600		261.34		         0		-999.00
-999	1536420728	2949		261.60		         0		-999.00
7139	1536421928	1200		270.87		 184668140		2045.00
7139	1536425528	3600		271.30		 202926668		2014.00
7139	1536429128	3600		270.20		 187946745		1813.00
7139	1536432728	3600		269.77		 175439962		1802.00
7139	1536436328	3600		269.89		 160431063		1960.00
7139	1536439928	3600		269.44		 147553119		1946.00
7139	1536443528	3600		269.00		 136945441		1926.00
7139	1536447128	3600		268.70		 126889004		1903.00
7139	1536450728	3600		268.44		 118296696		1902.00
7139	1536454328	3600		268.28		 114303962		1886.00
7139	1536457928	3600		267.98		 104567626		1886.00
7139	1536461528	3600		267.76		  99496800		1869.00
7139	1536465128	3600		267.29		  88822645		1836.00
7139	1536465786	658		266.01		  65304538		 12.00
-999	1536466986	1200		264.65		         0		-999.00
-999	1536470586	3600		264.62		         0		-999.00
-999	1536474186	3600		264.45		         0		-999.00
-999	1536474695	509		264.56		         0		-999.00
-999	1536476173	1200		264.46		         0		-999.00
-999	1536479773	3600		264.42		         0		-999.00
-999	1536483373	3600		264.48		         0		-999.00
-999	1536486973	3600		261.34		         0		-999.00
-999	1536490573	3600		261.52		         0		-999.00
-999	1536494173	3600		261.52		         0		-999.00
-999	1536497773	3600		261.55		         0		-999.00
-999	1536501373	3600		261.28		         0		-999.00
-999	1536501467	94		261.24		         0		-999.00
7144	1536502667	1200		271.83		 212703525		2129.00
7144	1536506267	3600		272.21		 230995645		2060.00
7144	1536509867	3600		271.56		 213250994		2032.00
7144	1536513467	3600		270.93		 192162386		2024.00
7144	1536517067	3600		269.86		 178009410		1821.00
7144	1536520667	3600		269.91		 162911844		1981.00
7144	1536524267	3600		269.40		 148561123		1950.00
7144	1536527867	3600		269.03		 137300326		1930.00
7144	1536531467	3600		268.63		 123880981		1912.00
7144	1536534383	2916		268.36		 116182936		1915.00
-999	1536535583	1200		264.27		         0		-999.00
-999	1536539183	3600		263.97		         0		-999.00
-999	1536542783	3600		264.57		         0		-999.00
-999	1536543057	274		264.23		         0		-999.00
7145	1536544257	1200		271.47		 202507638		2119.00
7145	1536547857	3600		271.84		 219871221		2071.00
7145	1536551457	3600		271.29		 202690046		2051.00
7145	1536555057	3600		270.67		 185646419		2018.00
7145	1536558657	3600		270.24		 171714419		1999.00
7145	1536562257	3600		269.73		 157251998		1979.00
7145	1536565857	3600		269.31		 144447283		1965.00
7145	1536569457	3600		268.67		 133541803		1821.00
7145	1536573057	3600		268.56		 122190454		1932.00
7145	1536575398	2341		268.31		 115252157		1917.00
-999	1536576598	1200		261.23		         0		-999.00
-999	1536580198	3600		264.44		         0		-999.00
-999	1536583798	3600		264.44		         0		-999.00
-999	1536587398	3600		264.01		         0		-999.00
-999	1536590998	3600		264.34		         0		-999.00
-999	1536594598	3600		264.48		         0		-999.00
-999	1536598198	3600		264.48		         0		-999.00
-999	1536601798	3600		264.48		         0		-999.00
-999	1536605398	3600		264.48		         0		-999.00
-999	1536608998	3600		264.48		         0		-999.00
-999	1536612598	3600		264.48		         0		-999.00
-999	1536616198	3600		264.48		         0		-999.00
-999	1536619798	3600		264.48		         0		-999.00
-999	1536623398	3600		264.48		         0		-999.00
-999	1536626998	3600		264.48		         0		-999.00
-999	1536630598	3600		264.48		         0		-999.00
-999	1536634198	3600		264.48		         0		-999.00
-999	1536637798	3600		264.48		         0		-999.00
-999	1536641398	3600		264.48		         0		-999.00
-999	1536644998	3600		264.56		         0		-999.00
-999	1536648598	3600		264.37		         0		-999.00
-999	1536652198	3600		264.19		         0		-999.00
-999	1536655798	3600		264.55		         0		-999.00
-999	1536659398	3600		264.60		         0		-999.00
-999	1536662998	3600		264.40		         0		-999.00
-999	1536666598	3600		264.36		         0		-999.00
-999	1536670198	3600		264.15		         0		-999.00
-999	1536673798	3600		264.55		         0		-999.00
-999	1536677398	3600		264.55		         0		-999.00
-999	1536680998	3600		264.55		         0		-999.00
-999	1536684598	3600		264.55		         0		-999.00
-999	1536688198	3600		264.50		         0		-999.00
-999	1536691798	3600		264.55		         0		-999.00
-999	1536695398	3600		264.55		         0		-999.00
-999	1536698998	3600		264.60		         0		-999.00
-999	1536702598	3600		264.52		         0		-999.00
-999	1536706198	3600		264.52		         0		-999.00
-999	1536709798	3600		264.52		         0		-999.00
-999	1536713398	3600		264.52		         0		-999.00
-999	1536716998	3600		264.56		         0		-999.00
-999	1536720598	3600		264.58		         0		-999.00
-999	1536724198	3600		258.80		         0		-999.00
-999	1536727798	3600		258.53		         0		-999.00
-999	1536731398	3600		258.67		         0		-999.00
-999	1536734998	3600		258.78		         0		-999.00
-999	1536738598	3600		258.94		         0		-999.00
-999	1536742198	3600		258.94		         0		-999.00
-999	1536745798	3600		258.71		         0		-999.00
-999	1536749398	3600		258.86		         0		-999.00
-999	1536752998	3600		258.92		         0		-999.00
-999	1536756598	3600		258.88		         0		-999.00
-999	1536760198	3600		258.70		         0		-999.00
-999	1536763798	3600		258.70		         0		-999.00
-999	1536767398	3600		259.00		         0		-999.00
-999	1536770998	3600		258.92		         0		-999.00
-999	1536774598	3600		258.92		         0		-999.00
-999	1536778198	3600		258.88		         0		-999.00
-999	1536781798	3600		258.91		         0		-999.00
-999	1536785398	3600		258.96		         0		-999.00
-999	1536788998	3600		258.87		         0		-999.00
-999	1536792598	3600		258.80		         0		-999.00
-999	1536796198	3600		258.87		         0		-999.00
-999	1536799798	3600		258.93		         0		-999.00
-999	1536803398	3600		258.89		         0		-999.00
-999	1536806998	3600		258.93		         0		-999.00
-999	1536810598	3600		258.89		         0		-999.00
-999	1536814198	3600		258.97		         0		-999.00
-999	1536817798	3600		258.93		         0		-999.00
-999	1536821398	3600		258.76		         0		-999.00
-999	1536824998	3600		258.85		         0		-999.00
-999	1536828598	3600		258.89		         0		-999.00
-999	1536832198	3600		258.82		         0		-999.00
-999	1536835798	3600		258.79		         0		-999.00
-999	1536839398	3600		258.95		         0		-999.00
-999	1536842998	3600		258.91		         0		-999.00
-999	1536846598	3600		258.90		         0		-999.00
-999	1536850198	3600		258.75		         0		-999.00
-999	1536853798	3600		258.78		         0		-999.00
-999	1536857398	3600		258.94		         0		-999.00
-999	1536860998	3600		258.86		         0		-999.00
-999	1536864598	3600		258.89		         0		-999.00
-999	1536868198	3600		258.97		         0		-999.00
-999	1536871798	3600		258.90		         0		-999.00
-999	1536875398	3600		258.78		         0		-999.00
-999	1536878998	3600		258.82		         0		-999.00
-999	1536882598	3600		258.94		         0		-999.00
-999	1536886198	3600		258.93		         0		-999.00
-999	1536889798	3600		258.86		         0		-999.00
-999	1536893398	3600		258.91		         0		-999.00
-999	1536896998	3600		258.90		         0		-999.00
-999	1536900598	3600		258.81		         0		-999.00
-999	1536904198	3600		258.97		         0		-999.00
-999	1536907798	3600		258.97		         0		-999.00
-999	1536911398	3600		258.79		         0		-999.00
-999	1536914998	3600		258.83		         0		-999.00
-999	1536918598	3600		258.98		         0		-999.00
-999	1536922198	3600		258.98		         0		-999.00
-999	1536925798	3600		258.81		         0		-999.00
-999	1536929398	3600		258.97		         0		-999.00
-999	1536932998	3600		258.89		         0		-999.00
-999	1536936598	3600		258.93		         0		-999.00
-999	1536940198	3600		258.89		         0		-999.00
-999	1536943798	3600		258.79		         0		-999.00
-999	1536947398	3600		258.91		         0		-999.00
-999	1536950998	3600		258.84		         0		-999.00
-999	1536954598	3600		258.81		         0		-999.00
-999	1536958198	3600		258.85		         0		-999.00
-999	1536961798	3600		258.77		         0		-999.00
-999	1536965398	3600		258.86		         0		-999.00
-999	1536968998	3600		258.85		         0		-999.00
-999	1536972598	3600		258.85		         0		-999.00
-999	1536976198	3600		258.85		         0		-999.00
-999	1536979798	3600		258.92		         0		-999.00
-999	1536983398	3600		258.76		         0		-999.00
-999	1536986998	3600		258.85		         0		-999.00
-999	1536990598	3600		258.92		         0		-999.00
-999	1536994198	3600		258.85		         0		-999.00
-999	1536997798	3600		258.82		         0		-999.00
-999	1537001398	3600		258.82		         0		-999.00
-999	1537004998	3600		258.92		         0		-999.00
-999	1537008598	3600		258.80		         0		-999.00
-999	1537012198	3600		258.88		         0		-999.00
-999	1537015798	3600		258.92		         0		-999.00
-999	1537019398	3600		258.77		         0		-999.00
-999	1537022998	3600		258.73		         0		-999.00
-999	1537026598	3600		258.96		         0		-999.00
-999	1537030198	3600		258.85		         0		-999.00
-999	1537033798	3600		258.92		         0		-999.00
-999	1537037398	3600		258.83		         0		-999.00
-999	1537040998	3600		258.71		         0		-999.00
-999	1537044598	3600		258.67		         0		-999.00
-999	1537048198	3600		258.94		         0		-999.00
-999	1537051798	3600		258.79		         0		-999.00
-999	1537055398	3600		258.79		         0		-999.00
-999	1537058998	3600		258.78		         0		-999.00
-999	1537062598	3600		258.93		         0		-999.00
-999	1537066198	3600		258.86		         0		-999.00
-999	1537069798	3600		258.85		         0		-999.00
-999	1537073398	3600		258.68		         0		-999.00
-999	1537076998	3600		258.90		         0		-999.00
-999	1537080042	3044		258.86		         0		-999.00
7188	1537081242	1200		258.85		         0		 17.50
7188	1537084842	3600		258.78		         0		 17.50
7188	1537088442	3600		258.90		         0		 17.50
7188	1537092042	3600		258.83		         0		 17.50
7188	1537095642	3600		258.78		         0		 17.50
7188	1537096150	508		258.75		         0		 17.50
-999	1537097350	1200		258.78		         0		-999.00
-999	1537100950	3600		258.92		         0		-999.00
-999	1537104550	3600		258.88		         0		-999.00
-999	1537108150	3600		258.85		         0		-999.00
-999	1537111750	3600		258.80		         0		-999.00
-999	1537115350	3600		258.81		         0		-999.00
-999	1537118950	3600		258.92		         0		-999.00
-999	1537122550	3600		258.80		         0		-999.00
-999	1537126150	3600		258.75		         0		-999.00
-999	1537129750	3600		258.62		         0		-999.00
-999	1537133350	3600		258.92		         0		-999.00
-999	1537136950	3600		258.85		         0		-999.00
-999	1537140550	3600		258.88		         0		-999.00
-999	1537144150	3600		258.80		         0		-999.00
-999	1537147750	3600		258.81		         0		-999.00
-999	1537151350	3600		258.96		         0		-999.00
-999	1537154950	3600		258.96		         0		-999.00
-999	1537158550	3600		258.73		         0		-999.00
-999	1537162150	3600		258.80		         0		-999.00
-999	1537165750	3600		258.89		         0		-999.00
-999	1537169350	3600		259.15		         0		-999.00
-999	1537172950	3600		259.25		         0		-999.00
-999	1537176550	3600		264.42		         0		-999.00
-999	1537180150	3600		261.53		         0		-999.00
-999	1537183750	3600		264.68		         0		-999.00
-999	1537187350	3600		264.72		         0		-999.00
-999	1537190950	3600		264.72		         0		-999.00
-999	1537194550	3600		264.68		         0		-999.00
-999	1537198150	3600		264.66		         0		-999.00
-999	1537201750	3600		264.81		         0		-999.00
-999	1537205350	3600		264.70		         0		-999.00
-999	1537208950	3600		264.70		         0		-999.00
-999	1537212550	3600		264.80		         0		-999.00
-999	1537216150	3600		264.61		         0		-999.00
-999	1537219750	3600		264.80		         0		-999.00
-999	1537223350	3600		264.80		         0		-999.00
-999	1537226950	3600		264.80		         0		-999.00
-999	1537230550	3600		264.80		         0		-999.00
-999	1537234150	3600		264.80		         0		-999.00
-999	1537237750	3600		264.78		         0		-999.00
-999	1537241350	3600		264.78		         0		-999.00
-999	1537244950	3600		264.71		         0		-999.00
-999	1537248550	3600		264.78		         0		-999.00
-999	1537252150	3600		264.39		         0		-999.00
-999	1537255750	3600		264.62		         0		-999.00
-999	1537259350	3600		264.66		         0		-999.00
-999	1537262950	3600		264.66		         0		-999.00
-999	1537266550	3600		264.81		         0		-999.00
-999	1537270150	3600		264.81		         0		-999.00
-999	1537273750	3600		264.82		         0		-999.00
-999	1537277350	3600		264.71		         0		-999.00
-999	1537280950	3600		264.68		         0		-999.00
-999	1537284550	3600		264.45		         0		-999.00
-999	1537288150	3600		264.60		         0		-999.00
-999	1537291750	3600		264.68		         0		-999.00
-999	1537295350	3600		264.79		         0		-999.00
-999	1537298950	3600		264.79		         0		-999.00
-999	1537302550	3600		264.79		         0		-999.00
-999	1537306150	3600		264.81		         0		-999.00
-999	1537309750	3600		264.81		         0		-999.00
-999	1537313350	3600		264.81		         0		-999.00
-999	1537316950	3600		264.81		         0		-999.00
-999	1537320550	3600		264.81		         0		-999.00
-999	1537324150	3600		264.81		         0		-999.00
-999	1537327750	3600		264.81		         0		-999.00
-999	1537331350	3600		264.42		         0		-999.00
-999	1537334950	3600		264.62		         0		-999.00
-999	1537338550	3600		264.70		         0		-999.00
-999	1537342150	3600		264.70		         0		-999.00
-999	1537345750	3600		264.70		         0		-999.00
-999	1537349350	3600		264.61		         0		-999.00
-999	1537352950	3600		264.61		         0		-999.00
-999	1537356550	3600		264.49		         0		-999.00
-999	1537360150	3600		263.85		         0		-999.00
-999	1537363750	3600		264.11		         0		-999.00
-999	1537367350	3600		263.86		         0		-999.00
-999	1537370950	3600		264.11		         0		-999.00
-999	1537374550	3600		264.06		         0		-999.00
-999	1537378150	3600		264.13		         0		-999.00
-999	1537381750	3600		264.13		         0		-999.00
-999	1537385350	3600		264.27		         0		-999.00
-999	1537388950	3600		264.13		         0		-999.00
-999	1537392550	3600		264.13		         0		-999.00
-999	1537396150	3600		264.13		         0		-999.00
-999	1537399750	3600		264.13		         0		-999.00
-999	1537403350	3600		264.06		         0		-999.00
-999	1537406950	3600		264.14		         0		-999.00
-999	1537410550	3600		264.27		         0		-999.00
-999	1537414150	3600		264.27		         0		-999.00
-999	1537417750	3600		264.10		         0		-999.00
-999	1537421350	3600		264.10		         0		-999.00
-999	1537424950	3600		258.17		         0		-999.00
-999	1537428550	3600		263.98		         0		-999.00
-999	1537432150	3600		255.60		         0		-999.00
-999	1537435750	3600		261.10		         0		-999.00
-999	1537439350	3600		260.93		         0		-999.00
-999	1537442950	3600		264.23		         0		-999.00
-999	1537446550	3600		263.93		         0		-999.00
-999	1537450150	3600		264.04		         0		-999.00
-999	1537453750	3600		264.11		         0		-999.00
-999	1537457350	3600		263.97		         0		-999.00
-999	1537460950	3600		264.23		         0		-999.00
-999	1537464550	3600		264.19		         0		-999.00
-999	1537468150	3600		264.02		         0		-999.00
-999	1537471750	3600		264.10		         0		-999.00
-999	1537475350	3600		264.10		         0		-999.00
-999	1537478950	3600		264.10		         0		-999.00
-999	1537482550	3600		264.10		         0		-999.00
-999	1537486150	3600		264.21		         0		-999.00
-999	1537489750	3600		264.21		         0		-999.00
-999	1537493350	3600		264.27		         0		-999.00
-999	1537496950	3600		264.27		         0		-999.00
-999	1537500550	3600		264.18		         0		-999.00
-999	1537504150	3600		264.18		         0		-999.00
-999	1537507750	3600		263.93		         0		-999.00
-999	1537511350	3600		264.04		         0		-999.00
-999	1537514950	3600		264.11		         0		-999.00
-999	1537518550	3600		255.41		         0		-999.00
-999	1537522150	3600		255.50		         0		-999.00
-999	1537525750	3600		255.61		         0		-999.00
-999	1537529350	3600		255.69		         0		-999.00
-999	1537532950	3600		255.68		         0		-999.00
-999	1537536550	3600		264.32		         0		-999.00
-999	1537540150	3600		264.04		         0		-999.00
-999	1537543750	3600		264.28		         0		-999.00
-999	1537547350	3600		264.04		         0		-999.00
-999	1537550950	3600		260.87		         0		-999.00
-999	1537554550	3600		261.00		         0		-999.00
-999	1537558150	3600		261.07		         0		-999.00
-999	1537561750	3600		261.09		         0		-999.00
-999	1537565350	3600		260.65		         0		-999.00
-999	1537568950	3600		261.06		         0		-999.00
-999	1537572550	3600		261.06		         0		-999.00
-999	1537576150	3600		260.69		         0		-999.00
-999	1537579750	3600		261.16		         0		-999.00
-999	1537583350	3600		261.09		         0		-999.00
-999	1537586950	3600		261.15		         0		-999.00
-999	1537590550	3600		261.11		         0		-999.00
-999	1537594150	3600		261.15		         0		-999.00
-999	1537597750	3600		261.15		         0		-999.00
-999	1537601350	3600		260.84		         0		-999.00
-999	1537604950	3600		261.07		         0		-999.00
-999	1537608550	3600		261.07		         0		-999.00
-999	1537612150	3600		261.07		         0		-999.00
-999	1537615750	3600		261.07		         0		-999.00
-999	1537619350	3600		261.07		         0		-999.00
-999	1537622950	3600		261.07		         0		-999.00
-999	1537626550	3600		261.07		         0		-999.00
-999	1537630150	3600		261.03		         0		-999.00
-999	1537633750	3600		261.00		         0		-999.00
-999	1537637350	3600		261.03		         0		-999.00
-999	1537640950	3600		260.96		         0		-999.00
-999	1537644550	3600		260.96		         0		-999.00
-999	1537648150	3600		260.69		         0		-999.00
-999	1537651750	3600		261.21		         0		-999.00
-999	1537655350	3600		261.22		         0		-999.00
-999	1537658950	3600		261.22		         0		-999.00
-999	1537662550	3600		261.25		         0		-999.00
-999	1537666150	3600		260.95		         0		-999.00
-999	1537669750	3600		261.23		         0		-999.00
-999	1537673350	3600		261.13		         0		-999.00
-999	1537676950	3600		260.92		         0		-999.00
-999	1537680550	3600		261.25		         0		-999.00
-999	1537684150	3600		260.83		         0		-999.00
-999	1537687750	3600		261.01		         0		-999.00
-999	1537691350	3600		261.08		         0		-999.00
-999	1537694950	3600		260.45		         0		-999.00
-999	1537696196	1246		260.28		         0		-999.00
7211	1537697396	1200		263.65		   4252930		1549.00
7211	1537700996	3600		263.98		   4607930		1607.00
7211	1537704596	3600		264.03		   4175603		1606.00
7211	1537708196	3600		263.75		   3920812		1569.00
7211	1537710680	2484		260.61		   3901287		 12.00
-999	1537711880	1200		261.13		         0		-999.00
-999	1537715480	3600		260.62		         0		-999.00
-999	1537719080	3600		260.92		         0		-999.00
-999	1537719764	684		261.11		         0		-999.00
7212	1537720964	1200		265.19		  47911146		1576.00
7212	1537724564	3600		265.66		  52756650		1675.00
7212	1537728164	3600		265.38		  48047800		1660.00
7212	1537731764	3600		265.08		  46196284		1618.00
7212	1537735364	3600		265.05		  44305868		1613.00
7212	1537738964	3600		265.08		  41356819		1609.00
7212	1537739545	581		265.02		  36870145		1656.00
-999	1537740745	1200		260.76		         0		-999.00
-999	1537744345	3600		260.92		         0		-999.00
-999	1537746460	2115		261.22		         0		-999.00
7213	1537747660	1200		267.49		 111382163		1694.00
7213	1537751260	3600		267.76		 117619109		1767.00
7213	1537754860	3600		267.55		 109534019		1761.00
7213	1537758460	3600		267.37		 103285195		1759.00
7213	1537762060	3600		266.56		  95723283		1598.00
7213	1537763357	1297		266.02		  78990870		1599.00
-999	1537764557	1200		261.00		         0		-999.00
-999	1537768157	3600		260.97		         0		-999.00
-999	1537771757	3600		260.97		         0		-999.00
-999	1537775357	3600		263.81		         0		-999.00
-999	1537778957	3600		264.10		         0		-999.00
-999	1537782557	3600		260.94		         0		-999.00
-999	1537786157	3600		261.17		         0		-999.00
-999	1537789599	3442		260.87		         0		-999.00
7217	1537790799	1200		270.95		 206816815		1974.00
7217	1537794399	3600		271.25		 218134057		1944.00
7217	1537797999	3600		270.71		 202009443		1922.00
7217	1537801599	3600		270.12		 185504622		1906.00
7217	1537805199	3600		269.64		 168614215		1898.00
7217	1537808799	3600		269.15		 156220261		1850.00
7217	1537812399	3600		268.72		 142961988		1840.00
7217	1537815999	3600		268.35		 130747765		1833.00
7217	1537819599	3600		267.91		 121121252		1821.00
7217	1537821176	1577		267.45		 105658613		1807.00
-999	1537822376	1200		264.23		         0		-999.00
-999	1537825976	3600		263.88		         0		-999.00
-999	1537829576	3600		263.94		         0		-999.00
-999	1537833176	3600		263.98		         0		-999.00
-999	1537836776	3600		260.85		         0		-999.00
-999	1537838838	2062		261.25		         0		-999.00
7218	1537840038	1200		270.64		 196741950		1970.00
7218	1537843638	3600		271.16		 214376086		1957.00
7218	1537847238	3600		270.56		 196992244		1944.00
7218	1537850838	3600		270.01		 182123877		1909.00
7218	1537854438	3600		269.48		 165674142		1894.00
7218	1537858038	3600		269.09		 154128083		1876.00
7218	1537861638	3600		268.66		 140885100		1858.00
7218	1537865238	3600		268.28		 129232644		1843.00
7218	1537868838	3600		267.80		 121848952		1808.00
7218	1537872438	3600		267.83		 115908583		1820.00
7218	1537876038	3600		267.53		 105843371		1814.00
7218	1537877431	1393		266.78		  87978257		1785.00
-999	1537878631	1200		261.27		         0		-999.00
-999	1537882231	3600		260.66		         0		-999.00
-999	1537885831	3600		261.18		         0		-999.00
-999	1537889431	3600		261.19		         0		-999.00
-999	1537892405	2974		260.76		         0		-999.00
7220	1537893605	1200		263.81		    533267		1628.00
7220	1537897205	3600		260.72		    387193		 12.50
7220	1537898111	906		260.68		    553772		 12.50
-999	1537899311	1200		260.33		         0		-999.00
-999	1537902911	3600		261.10		         0		-999.00
-999	1537906511	3600		261.17		         0		-999.00
-999	1537906841	330		261.17		         0		-999.00
7221	1537908041	1200		270.59		 195204491		1990.00
7221	1537911641	3600		270.82		 206972020		1955.00
7221	1537915241	3600		270.38		 190737457		1945.00
7221	1537918841	3600		269.87		 177823723		1925.00
7221	1537922441	3600		269.44		 163624064		1897.00
7221	1537926041	3600		269.01		 151817653		1891.00
7221	1537929641	3600		268.65		 139654700		1869.00
7221	1537933241	3600		268.26		 129598087		1851.00
7221	1537936841	3600		267.95		 118987670		1837.00
7221	1537940441	3600		267.74		 113332519		1832.00
7221	1537944041	3600		267.47		 105899885		1824.00
7221	1537947641	3600		267.18		  97729673		1801.00
7221	1537951241	3600		266.87		  87231335		1791.00
7221	1537954841	3600		266.56		  79727147		1784.00
7221	1537958441	3600		260.32		  69486919		 12.00
7221	1537960388	1947		260.41		  68436105		 12.00
-999	1537961588	1200		260.96		         0		-999.00
-999	1537965188	3600		261.21		         0		-999.00
-999	1537968788	3600		264.17		         0		-999.00
-999	1537972388	3600		264.02		         0		-999.00
-999	1537975988	3600		263.94		         0		-999.00
-999	1537979588	3600		263.94		         0		-999.00
-999	1537983188	3600		263.94		         0		-999.00
-999	1537986788	3600		263.94		         0		-999.00
-999	1537990388	3600		263.94		         0		-999.00
-999	1537993988	3600		263.83		         0		-999.00
-999	1537997588	3600		264.02		         0		-999.00
-999	1538001188	3600		264.02		         0		-999.00
-999	1538004788	3600		264.02		         0		-999.00
-999	1538008388	3600		264.02		         0		-999.00
-999	1538011988	3600		264.02		         0		-999.00
-999	1538015588	3600		264.02		         0		-999.00
-999	1538019188	3600		264.02		         0		-999.00
-999	1538022788	3600		264.02		         0		-999.00
-999	1538026388	3600		264.05		         0		-999.00
-999	1538029988	3600		263.64		         0		-999.00
-999	1538033588	3600		263.91		         0		-999.00
-999	1538037188	3600		263.72		         0		-999.00
-999	1538040788	3600		263.94		         0		-999.00
-999	1538044388	3600		263.94		         0		-999.00
-999	1538047988	3600		263.94		         0		-999.00
-999	1538051588	3600		260.82		         0		-999.00
-999	1538055188	3600		260.80		         0		-999.00
-999	1538058788	3600		261.10		         0		-999.00
-999	1538062388	3600		260.83		         0		-999.00
-999	1538065988	3600		264.15		         0		-999.00
-999	1538069588	3600		264.15		         0		-999.00
-999	1538073188	3600		264.15		         0		-999.00
-999	1538076788	3600		264.15		         0		-999.00
-999	1538080388	3600		264.15		         0		-999.00
-999	1538083988	3600		264.15		         0		-999.00
-999	1538087588	3600		264.15		         0		-999.00
-999	1538091188	3600		264.15		         0		-999.00
-999	1538094788	3600		264.15		         0		-999.00
-999	1538098388	3600		264.19		         0		-999.00
-999	1538101988	3600		264.19		         0		-999.00
-999	1538105588	3600		261.10		         0		-999.00
-999	1538109188	3600		261.10		         0		-999.00
-999	1538112788	3600		261.10		         0		-999.00
-999	1538116388	3600		261.10		         0		-999.00
-999	1538119988	3600		261.08		         0		-999.00
-999	1538123588	3600		264.18		         0		-999.00
-999	1538127188	3600		264.21		         0		-999.00
-999	1538130788	3600		264.24		         0		-999.00
-999	1538134388	3600		263.84		         0		-999.00
-999	1538137988	3600		264.24		         0		-999.00
-999	1538141588	3600		263.29		         0		-999.00
-999	1538145188	3600		264.24		         0		-999.00
-999	1538148788	3600		264.13		         0		-999.00
-999	1538152388	3600		264.13		         0		-999.00
-999	1538155988	3600		264.24		         0		-999.00
-999	1538159588	3600		264.24		         0		-999.00
-999	1538163188	3600		264.24		         0		-999.00
-999	1538166788	3600		264.24		         0		-999.00
-999	1538170388	3600		264.24		         0		-999.00
-999	1538173988	3600		261.08		         0		-999.00
-999	1538177588	3600		260.98		         0		-999.00
-999	1538178386	798		261.21		         0		-999.00
7234	1538179586	1200		270.69		 198129490		1995.00
7234	1538183186	3600		271.22		 217188354		1969.00
7234	1538186786	3600		270.55		 198928269		1947.00
7234	1538190386	3600		269.60		 185814507		1763.00
7234	1538193986	3600		269.53		 168383326		1907.00
7234	1538197586	3600		269.01		 156012193		1871.00
7234	1538201186	3600		268.60		 142370791		1870.00
7234	1538204786	3600		268.26		 133345370		1846.00
7234	1538208386	3600		267.94		 121188349		1840.00
7234	1538211986	3600		267.72		 115462584		1827.00
7234	1538215586	3600		267.32		 103368396		1812.00
7234	1538219186	3600		267.14		  97446490		1803.00
7234	1538222786	3600		266.57		  83331077		1777.00
7234	1538223189	403		266.31		  74585025		1781.00
-999	1538224389	1200		260.99		         0		-999.00
-999	1538227989	3600		261.20		         0		-999.00
-999	1538231589	3600		263.65		         0		-999.00
-999	1538235189	3600		261.13		         0		-999.00
-999	1538238789	3600		261.01		         0		-999.00
-999	1538239060	271		260.76		         0		-999.00
7236	1538240260	1200		270.89		 203412676		2037.00
7236	1538243860	3600		271.33		 222431830		2000.00
7236	1538247460	3600		270.63		 204222114		1961.00
7236	1538251060	3600		270.18		 187948226		1953.00
7236	1538254660	3600		269.62		 171633942		1919.00
7236	1538258260	3600		269.10		 155797300		1903.00
7236	1538261860	3600		268.80		 145869186		1891.00
7236	1538265460	3600		268.41		 133994310		1878.00
7236	1538269060	3600		268.05		 123333938		1860.00
7236	1538271393	2333		267.92		 119447439		1859.00
-999	1538272593	1200		263.33		         0		-999.00
-999	1538276193	3600		263.76		         0		-999.00
-999	1538279793	3600		263.95		         0		-999.00
-999	1538283393	3600		263.99		         0		-999.00
-999	1538286993	3600		263.94		         0		-999.00
-999	1538290593	3600		261.12		         0		-999.00
-999	1538294193	3600		261.08		         0		-999.00
-999	1538297793	3600		261.08		         0		-999.00
-999	1538298993	1200		261.14		         0		-999.00
7239	1538300193	1200		271.14		 209848751		2059.00
7239	1538303793	3600		271.43		 224121391		2013.00
7239	1538307393	3600		270.70		 205086682		1964.00
7239	1538310993	3600		270.25		 188796880		1963.00
7239	1538314593	3600		269.72		 174036599		1941.00
7239	1538318193	3600		269.21		 158473630		1922.00
7239	1538320938	2745		268.85		 147928908		1904.00
-999	1538322138	1200		263.64		         0		-999.00
-999	1538325738	3600		261.27		         0		-999.00
-999	1538329338	3600		261.27		         0		-999.00
-999	1538329691	353		261.30		         0		-999.00
7240	1538330891	1200		270.73		 197924903		2035.00
7240	1538334491	3600		271.22		 217888347		2010.00
7240	1538338091	3600		270.61		 200453873		1989.00
7240	1538341691	3600		270.04		 182776513		1964.00
7240	1538345291	3600		269.60		 169873886		1945.00
7240	1538348891	3600		269.14		 155665200		1930.00
7240	1538352491	3600		268.72		 144111321		1903.00
7240	1538354676	2185		268.41		 135211290		1896.00
-999	1538355876	1200		263.39		         0		-999.00
-999	1538359476	3600		263.61		         0		-999.00
-999	1538363076	3600		263.92		         0		-999.00
-999	1538366676	3600		261.27		         0		-999.00
-999	1538370276	3600		260.74		         0		-999.00
-999	1538372031	1755		261.28		         0		-999.00
7242	1538373231	1200		270.87		 201458789		2057.00
7242	1538376831	3600		270.85		 211248146		1941.00
7242	1538380431	3600		270.63		 200037949		2001.00
7242	1538384031	3600		270.11		 182509135		1982.00
7242	1538387631	3600		269.58		 168865824		1963.00
7242	1538391231	3600		269.11		 154105190		1941.00
7242	1538394831	3600		268.72		 142856832		1920.00
7242	1538394958	127		264.43		         0		1920.00
-999	1538396158	1200		263.55		         0		-999.00
-999	1538399758	3600		263.86		         0		-999.00
-999	1538403358	3600		260.91		         0		-999.00
-999	1538406958	3600		263.76		         0		-999.00
-999	1538410558	3600		263.99		         0		-999.00
-999	1538414158	3600		263.99		         0		-999.00
-999	1538417758	3600		263.99		         0		-999.00
-999	1538421358	3600		261.01		         0		-999.00
-999	1538424958	3600		261.17		         0		-999.00
-999	1538428558	3600		261.06		         0		-999.00
-999	1538429446	888		261.28		         0		-999.00
7245	1538430646	1200		270.75		 197825782		2049.00
7245	1538434246	3600		271.09		 211871569		2031.00
7245	1538437846	3600		270.46		 193665310		2012.00
7245	1538441446	3600		269.86		 177840562		1976.00
7245	1538445046	3600		269.44		 162414467		1960.00
7245	1538448646	3600		268.85		 145239882		1944.00
7245	1538449005	359		267.93		 114507937		1937.00
-999	1538450205	1200		263.71		         0		-999.00
-999	1538453805	3600		260.52		         0		-999.00
-999	1538457405	3600		261.24		         0		-999.00
-999	1538461005	3600		261.19		         0		-999.00
-999	1538464605	3600		261.23		         0		-999.00
-999	1538468205	3600		261.23		         0		-999.00
-999	1538471805	3600		260.89		         0		-999.00
-999	1538475405	3600		261.12		         0		-999.00
-999	1538479005	3600		261.15		         0		-999.00
-999	1538482605	3600		261.15		         0		-999.00
-999	1538486205	3600		261.15		         0		-999.00
-999	1538489805	3600		261.15		         0		-999.00
-999	1538493405	3600		261.15		         0		-999.00
-999	1538497005	3600		261.12		         0		-999.00
-999	1538500605	3600		260.74		         0		-999.00
-999	1538504205	3600		261.19		         0		-999.00
-999	1538507805	3600		261.19		         0		-999.00
-999	1538511405	3600		264.18		         0		-999.00
-999	1538515005	3600		261.21		         0		-999.00
-999	1538518605	3600		261.21		         0		-999.00
-999	1538521910	3305		261.27		         0		-999.00
7252	1538523110	1200		271.36		 216927884		2090.00
7252	1538526710	3600		271.70		 231054234		2059.00
7252	1538530310	3600		271.05		 211943390		2031.00
7252	1538533910	3600		270.49		 195842364		1999.00
7252	1538537510	3600		270.01		 179768782		1978.00
7252	1538541110	3600		269.44		 163431721		1958.00
7252	1538544710	3600		268.88		 147270502		1933.00
7252	1538548310	3600		268.54		 135981223		1920.00
7252	1538551910	3600		268.14		 125326761		1902.00
7252	1538555510	3600		267.86		 115969024		1900.00
7252	1538559110	3600		267.86		 117565836		1900.00
7252	1538559404	294		267.95		 120510102		1894.00
-999	1538560604	1200		263.49		         0		-999.00
-999	1538564204	3600		261.19		         0		-999.00
-999	1538567804	3600		260.90		         0		-999.00
-999	1538568022	218		260.78		         0		-999.00
7253	1538569222	1200		271.04		 207449257		2083.00
7253	1538572822	3600		271.30		 219091872		2058.00
7253	1538576422	3600		270.50		 199727672		1991.00
7253	1538580022	3600		270.03		 181452733		2006.00
7253	1538583622	3600		269.61		 169658232		1980.00
7253	1538587222	3600		269.08		 154388031		1955.00
7253	1538590822	3600		268.72		 142338958		1942.00
7253	1538592255	1433		268.49		 136114973		1927.00
-999	1538593455	1200		263.60		         0		-999.00
-999	1538597055	3600		263.85		         0		-999.00
-999	1538600655	3600		263.84		         0		-999.00
-999	1538604255	3600		261.13		         0		-999.00
-999	1538607855	3600		261.13		         0		-999.00
-999	1538610453	2598		261.25		         0		-999.00
7256	1538611653	1200		270.91		 206311060		2081.00
7256	1538615253	3600		271.47		 225291750		2067.00
7256	1538618853	3600		270.82		 206246720		2040.00
7256	1538622453	3600		270.28		 189306668		2012.00
7256	1538626053	3600		269.81		 174979784		2000.00
7256	1538629653	3600		269.23		 160234346		1973.00
7256	1538633253	3600		268.84		 146036463		1961.00
7256	1538636853	3600		268.44		 135313330		1935.00
7256	1538640453	3600		267.90		 118191658		1924.00
7256	1538642668	2215		260.51		 115745134		 12.00
-999	1538643868	1200		260.72		         0		-999.00
-999	1538647468	3600		260.72		         0		-999.00
-999	1538651068	3600		263.94		         0		-999.00
-999	1538654668	3600		263.68		         0		-999.00
-999	1538658268	3600		263.78		         0		-999.00
-999	1538661868	3600		263.47		         0		-999.00
-999	1538665468	3600		263.73		         0		-999.00
-999	1538669068	3600		263.81		         0		-999.00
-999	1538672668	3600		263.92		         0		-999.00
-999	1538676268	3600		263.92		         0		-999.00
-999	1538679868	3600		261.10		         0		-999.00
-999	1538683468	3600		261.19		         0		-999.00
-999	1538684393	925		261.19		         0		-999.00
7259	1538685593	1200		271.06		 209495715		2104.00
7259	1538689193	3600		271.64		 229398491		2079.00
7259	1538692793	3600		270.94		 209944629		2056.00
7259	1538696393	3600		270.45		 195123943		2027.00
7259	1538699993	3600		269.94		 179582540		2008.00
7259	1538703593	3600		268.96		 164483767		1842.00
7259	1538707193	3600		268.96		 153454810		1966.00
7259	1538710793	3600		268.61		 142000289		1959.00
7259	1538714393	3600		268.27		 130655815		1941.00
7259	1538717993	3600		268.04		 121765370		1941.00
7259	1538720121	2128		268.00		 121812270		1934.00
-999	1538721321	1200		263.79		         0		-999.00
-999	1538724921	3600		263.97		         0		-999.00
-999	1538728521	3600		264.08		         0		-999.00
-999	1538732121	3600		263.72		         0		-999.00
-999	1538735721	3600		264.02		         0		-999.00
-999	1538739321	3600		263.92		         0		-999.00
-999	1538742921	3600		264.10		         0		-999.00
-999	1538746521	3600		264.25		         0		-999.00
-999	1538750121	3600		264.25		         0		-999.00
-999	1538753721	3600		264.25		         0		-999.00
-999	1538757321	3600		264.21		         0		-999.00
-999	1538760921	3600		264.08		         0		-999.00
-999	1538764521	3600		264.08		         0		-999.00
-999	1538768121	3600		264.08		         0		-999.00
-999	1538771721	3600		264.05		         0		-999.00
-999	1538775321	3600		264.09		         0		-999.00
-999	1538778921	3600		264.09		         0		-999.00
-999	1538782521	3600		264.09		         0		-999.00
-999	1538786121	3600		264.09		         0		-999.00
-999	1538789721	3600		264.09		         0		-999.00
-999	1538793321	3600		264.09		         0		-999.00
-999	1538796921	3600		264.09		         0		-999.00
-999	1538800521	3600		264.13		         0		-999.00
-999	1538804121	3600		264.13		         0		-999.00
-999	1538807721	3600		264.16		         0		-999.00
-999	1538811321	3600		263.98		         0		-999.00
-999	1538814921	3600		264.02		         0		-999.00
-999	1538818521	3600		264.02		         0		-999.00
-999	1538822121	3600		264.10		         0		-999.00
-999	1538825721	3600		264.13		         0		-999.00
-999	1538829321	3600		261.24		         0		-999.00
-999	1538832921	3600		261.14		         0		-999.00
-999	1538836521	3600		261.14		         0		-999.00
-999	1538840121	3600		260.80		         0		-999.00
-999	1538843721	3600		261.14		         0		-999.00
-999	1538847321	3600		260.97		         0		-999.00
-999	1538850921	3600		264.09		         0		-999.00
-999	1538854521	3600		264.20		         0		-999.00
-999	1538858121	3600		260.93		         0		-999.00
-999	1538861721	3600		261.14		         0		-999.00
-999	1538863030	1309		261.11		         0		-999.00
7264	1538864230	1200		270.59		 199866964		2052.00
7264	1538867830	3600		270.89		 207460050		2050.00
7264	1538871430	3600		270.48		 196147449		2016.00
7264	1538875030	3600		269.88		 177153145		1997.00
7264	1538878630	3600		269.35		 163410233		1974.00
7264	1538882230	3600		268.84		 148047178		1948.00
7264	1538885830	3600		268.46		 135362214		1935.00
7264	1538889430	3600		268.01		 122918475		1913.00
7264	1538893030	3600		267.61		 111889165		1903.00
7264	1538896630	3600		267.32		 102404027		1883.00
7264	1538900230	3600		266.98		  93490688		1869.00
7264	1538903830	3600		266.71		  84994517		1858.00
7264	1538907430	3600		266.47		  78651221		1841.00
7264	1538911030	3600		266.22		  72870424		1838.00
7264	1538914630	3600		260.47		  63889420		 12.00
7264	1538918230	3600		260.66		  14053635		 12.00
7264	1538921830	3600		260.70		  28874007		 12.00
7264	1538922448	618		260.70		  61535485		 12.00
-999	1538923648	1200		263.80		         0		-999.00
-999	1538927248	3600		263.87		         0		-999.00
-999	1538930848	3600		263.94		         0		-999.00
-999	1538934448	3600		261.10		         0		-999.00
-999	1538938048	3600		260.91		         0		-999.00
-999	1538940544	2496		261.27		         0		-999.00
7265	1538941744	1200		271.04		 209746052		2121.00
7265	1538945344	3600		271.22		 218378506		2071.00
7265	1538945357	13		275.62		 365038547		2071.00
-999	1538946557	1200		263.55		         0		-999.00
-999	1538950157	3600		263.96		         0		-999.00
-999	1538953757	3600		264.10		         0		-999.00
-999	1538955000	1243		264.15		         0		-999.00
7266	1538956200	1200		270.50		 192746330		2093.00
7266	1538959800	3600		270.81		 208567985		2046.00
7266	1538963400	3600		270.13		 188318187		2027.00
7266	1538967000	3600		269.63		 172852223		1993.00
7266	1538970600	3600		269.27		 159706548		1988.00
7266	1538974200	3600		268.81		 146738586		1973.00
7266	1538977800	3600		268.50		 136575861		1950.00
7266	1538981400	3600		268.11		 126322030		1947.00
7266	1538985000	3600		267.88		 118713099		1936.00
7266	1538988600	3600		267.64		 110522734		1919.00
7266	1538992200	3600		267.49		 105439184		1924.00
7266	1538993758	1558		266.62		  93957914		1738.00
-999	1538994958	1200		263.74		         0		-999.00
-999	1538998558	3600		261.23		         0		-999.00
-999	1539002158	3600		261.06		         0		-999.00
-999	1539005758	3600		261.17		         0		-999.00
-999	1539009358	3600		261.17		         0		-999.00
-999	1539012958	3600		261.17		         0		-999.00
-999	1539016558	3600		261.02		         0		-999.00
-999	1539020158	3600		263.90		         0		-999.00
-999	1539023758	3600		264.02		         0		-999.00
-999	1539027358	3600		261.23		         0		-999.00
-999	1539030958	3600		261.05		         0		-999.00
-999	1539032817	1859		261.25		         0		-999.00
7270	1539034017	1200		270.57		 201296870		2084.00
7270	1539037617	3600		271.02		 211304303		2078.00
7270	1539041217	3600		270.50		 196731233		2051.00
7270	1539044817	3600		270.00		 181574397		2031.00
7270	1539048417	3600		269.46		 166239103		2012.00
7270	1539052017	3600		269.05		 152541404		1988.00
7270	1539055617	3600		268.49		 138019295		1958.00
7270	1539059217	3600		268.15		 126594092		1944.00
7270	1539062817	3600		267.88		 120186424		1927.00
7270	1539066417	3600		267.65		 112496422		1932.00
7270	1539070017	3600		267.37		 103146072		1908.00
7270	1539073617	3600		266.97		  92605177		1888.00
7270	1539077217	3600		266.72		  84266910		1883.00
7270	1539080817	3600		266.49		  76482163		1870.00
7270	1539084417	3600		266.23		  70634013		1861.00
7270	1539086714	2297		265.75		  60655406		1832.00
-999	1539087914	1200		260.96		         0		-999.00
-999	1539091514	3600		260.72		         0		-999.00
-999	1539094678	3164		260.94		         0		-999.00
7271	1539095878	1200		270.44		 194869811		2101.00
7271	1539099478	3600		270.89		 208541525		2086.00
7271	1539103078	3600		270.20		 190282049		2041.00
7271	1539106678	3600		269.68		 174029699		2036.00
7271	1539108273	1595		269.38		 162919082		2036.00
-999	1539109473	1200		260.78		         0		-999.00
-999	1539113073	3600		263.66		         0		-999.00
-999	1539116673	3600		263.85		         0		-999.00
-999	1539120273	3600		263.92		         0		-999.00
-999	1539123873	3600		263.92		         0		-999.00
-999	1539127473	3600		263.92		         0		-999.00
-999	1539131073	3600		263.92		         0		-999.00
-999	1539134673	3600		263.92		         0		-999.00
-999	1539138273	3600		263.92		         0		-999.00
-999	1539141873	3600		263.92		         0		-999.00
-999	1539145473	3600		263.92		         0		-999.00
-999	1539149073	3600		263.92		         0		-999.00
-999	1539152673	3600		263.76		         0		-999.00
-999	1539156273	3600		261.10		         0		-999.00
-999	1539159873	3600		261.06		         0		-999.00
-999	1539163473	3600		264.09		         0		-999.00
-999	1539167073	3600		263.75		         0		-999.00
-999	1539170673	3600		263.68		         0		-999.00
-999	1539174273	3600		263.66		         0		-999.00
-999	1539177873	3600		263.85		         0		-999.00
-999	1539181473	3600		263.66		         0		-999.00
-999	1539185073	3600		264.05		         0		-999.00
-999	1539188673	3600		264.02		         0		-999.00
-999	1539192273	3600		264.03		         0		-999.00
-999	1539195873	3600		264.08		         0		-999.00
-999	1539199473	3600		261.21		         0		-999.00
-999	1539203073	3600		261.08		         0		-999.00
-999	1539206673	3600		260.72		         0		-999.00
-999	1539207241	568		260.23		         0		-999.00
7274	1539208441	1200		270.74		 202552253		2057.00
7274	1539212041	3600		270.13		 180503325		2106.00
7274	1539215641	3600		270.82		 206104375		2083.00
7274	1539219241	3600		270.28		 189324980		2057.00
7274	1539222841	3600		269.77		 174942394		2040.00
7274	1539225050	2209		268.66		 148768017		1974.00
-999	1539226250	1200		263.50		         0		-999.00
-999	1539229850	3600		261.23		         0		-999.00
-999	1539233450	3600		261.21		         0		-999.00
-999	1539237050	3600		261.09		         0		-999.00
-999	1539240650	3600		260.92		         0		-999.00
-999	1539244250	3600		261.21		         0		-999.00
-999	1539247850	3600		261.19		         0		-999.00
-999	1539251450	3600		261.19		         0		-999.00
-999	1539255050	3600		260.86		         0		-999.00
-999	1539258650	3600		260.72		         0		-999.00
-999	1539262250	3600		260.98		         0		-999.00
-999	1539265850	3600		260.98		         0		-999.00
-999	1539269450	3600		260.98		         0		-999.00
-999	1539273050	3600		260.95		         0		-999.00
-999	1539276650	3600		260.95		         0		-999.00
-999	1539280250	3600		260.95		         0		-999.00
-999	1539283850	3600		260.98		         0		-999.00
-999	1539287450	3600		260.95		         0		-999.00
-999	1539291050	3600		260.98		         0		-999.00
-999	1539294650	3600		260.95		         0		-999.00
-999	1539298250	3600		260.98		         0		-999.00
-999	1539301850	3600		260.98		         0		-999.00
-999	1539305450	3600		260.95		         0		-999.00
-999	1539309050	3600		260.98		         0		-999.00
-999	1539312650	3600		260.98		         0		-999.00
-999	1539316250	3600		260.98		         0		-999.00
-999	1539319850	3600		260.95		         0		-999.00
-999	1539323450	3600		260.98		         0		-999.00
-999	1539327050	3600		260.98		         0		-999.00
-999	1539330650	3600		261.10		         0		-999.00
-999	1539334250	3600		261.12		         0		-999.00
-999	1539337850	3600		261.12		         0		-999.00
-999	1539341450	3600		261.15		         0		-999.00
-999	1539345050	3600		261.15		         0		-999.00
-999	1539348650	3600		261.15		         0		-999.00
-999	1539352250	3600		261.15		         0		-999.00
-999	1539355850	3600		261.15		         0		-999.00
-999	1539359450	3600		261.15		         0		-999.00
-999	1539363050	3600		261.15		         0		-999.00
-999	1539366650	3600		261.15		         0		-999.00
-999	1539370250	3600		261.15		         0		-999.00
-999	1539373850	3600		261.15		         0		-999.00
-999	1539377450	3600		261.15		         0		-999.00
-999	1539381050	3600		261.15		         0		-999.00
-999	1539384650	3600		261.19		         0		-999.00
-999	1539388250	3600		261.15		         0		-999.00
-999	1539391850	3600		261.15		         0		-999.00
-999	1539395450	3600		261.15		         0		-999.00
-999	1539399050	3600		261.15		         0		-999.00
-999	1539402650	3600		261.15		         0		-999.00
-999	1539406250	3600		261.15		         0		-999.00
-999	1539409850	3600		261.15		         0		-999.00
-999	1539413450	3600		261.15		         0		-999.00
-999	1539417050	3600		261.15		         0		-999.00
-999	1539420650	3600		261.15		         0		-999.00
-999	1539424250	3600		261.15		         0		-999.00
-999	1539427850	3600		261.15		         0		-999.00
-999	1539431450	3600		261.15		         0		-999.00
-999	1539435050	3600		261.15		         0		-999.00
-999	1539438650	3600		261.15		         0		-999.00
-999	1539442250	3600		261.13		         0		-999.00
-999	1539445850	3600		260.93		         0		-999.00
-999	1539449450	3600		260.85		         0		-999.00
-999	1539453050	3600		261.08		         0		-999.00
-999	1539456650	3600		261.13		         0		-999.00
-999	1539460250	3600		261.13		         0		-999.00
-999	1539463850	3600		261.11		         0		-999.00
-999	1539467450	3600		261.16		         0		-999.00
-999	1539471050	3600		261.25		         0		-999.00
-999	1539471160	110		261.28		         0		-999.00
7299	1539472360	1200		263.72		     16475		1700.00
7299	1539475960	3600		263.83		     14986		1715.00
7299	1539479560	3600		263.83		     12655		1724.00
7299	1539483160	3600		263.83		     10857		1720.00
7299	1539486760	3600		263.83		      9322		1720.00
7299	1539489333	2573		263.83		      8435		1715.00
-999	1539490533	1200		263.81		         0		-999.00
-999	1539494133	3600		264.15		         0		-999.00
-999	1539495803	1670		264.15		         0		-999.00
7300	1539497003	1200		263.90		     17891		1726.00
7300	1539500603	3600		263.83		     16114		1718.00
7300	1539504203	3600		263.83		     13430		1720.00
7300	1539507803	3600		263.83		     11415		1717.00
7300	1539508416	613		261.12		     10983		 13.00
-999	1539509616	1200		261.25		         0		-999.00
-999	1539513216	3600		260.98		         0		-999.00
-999	1539516816	3600		260.98		         0		-999.00
-999	1539520416	3600		260.98		         0		-999.00
-999	1539524016	3600		260.95		         0		-999.00
-999	1539527616	3600		260.98		         0		-999.00
-999	1539531216	3600		260.98		         0		-999.00
-999	1539534816	3600		260.98		         0		-999.00
-999	1539538416	3600		260.98		         0		-999.00
-999	1539542016	3600		260.94		         0		-999.00
-999	1539545616	3600		261.15		         0		-999.00
-999	1539549216	3600		261.05		         0		-999.00
-999	1539552816	3600		260.72		         0		-999.00
-999	1539556416	3600		261.00		         0		-999.00
-999	1539558801	2385		260.69		         0		-999.00
-999	1539560753	1200		261.13		         0		-999.00
-999	1539564353	3600		261.17		         0		-999.00
-999	1539567953	3600		261.13		         0		-999.00
-999	1539571553	3600		261.13		         0		-999.00
-999	1539575153	3600		261.17		         0		-999.00
-999	1539578753	3600		264.25		         0		-999.00
-999	1539582353	3600		264.30		         0		-999.00
-999	1539585953	3600		264.03		         0		-999.00
-999	1539589553	3600		264.10		         0		-999.00
-999	1539593153	3600		264.23		         0		-999.00
-999	1539596753	3600		264.28		         0		-999.00
-999	1539600353	3600		264.28		         0		-999.00
-999	1539603953	3600		264.28		         0		-999.00
-999	1539607553	3600		261.02		         0		-999.00
-999	1539611153	3600		261.15		         0		-999.00
-999	1539614753	3600		261.17		         0		-999.00
-999	1539618353	3600		264.08		         0		-999.00
-999	1539621953	3600		264.38		         0		-999.00
-999	1539625553	3600		263.96		         0		-999.00
-999	1539629153	3600		264.36		         0		-999.00
-999	1539632753	3600		264.36		         0		-999.00
-999	1539636353	3600		264.38		         0		-999.00
-999	1539639953	3600		264.34		         0		-999.00
-999	1539643553	3600		264.34		         0		-999.00
-999	1539647153	3600		264.34		         0		-999.00
-999	1539650753	3600		264.34		         0		-999.00
-999	1539654353	3600		264.34		         0		-999.00
-999	1539657953	3600		264.34		         0		-999.00
-999	1539661553	3600		264.34		         0		-999.00
-999	1539665153	3600		260.85		         0		-999.00
-999	1539668753	3600		260.72		         0		-999.00
-999	1539671013	2260		260.80		         0		-999.00
7308	1539672213	1200		265.31		  49452626		1713.00
7308	1539675813	3600		265.57		  50036890		1805.00
7308	1539679413	3600		265.24		  44257560		383.50
7308	1539679704	291		260.72		  41378221		 12.50
-999	1539680904	1200		261.18		         0		-999.00
-999	1539684504	3600		260.76		         0		-999.00
-999	1539687326	2822		261.18		         0		-999.00
7309	1539688526	1200		270.57		 193315336		2112.00
7309	1539692126	3600		271.05		 212202379		2081.00
7309	1539695726	3600		270.50		 193840273		2060.00
7309	1539699326	3600		269.84		 178110210		2020.00
7309	1539702926	3600		269.33		 161323241		2011.00
7309	1539706526	3600		268.96		 148839445		1987.00
7309	1539710126	3600		268.47		 135410533		1966.00
7309	1539713726	3600		268.15		 124990693		1960.00
7309	1539717326	3600		268.04		 121671791		1955.00
7309	1539720926	3600		267.72		 113621110		1937.00
7309	1539724526	3600		267.37		 103373895		1918.00
7309	1539728126	3600		267.02		  93823476		1907.00
7309	1539731726	3600		266.73		  84230955		1895.00
7309	1539735326	3600		266.15		  77505961		1749.00
7309	1539738926	3600		266.29		  70947202		1875.00
7309	1539741251	2325		265.91		  62262658		1864.00
-999	1539742451	1200		260.86		         0		-999.00
-999	1539746051	3600		264.05		         0		-999.00
-999	1539749651	3600		263.81		         0		-999.00
-999	1539749719	68		263.74		         0		-999.00
7310	1539750919	1200		270.30		 185712730		2114.00
7310	1539754519	3600		270.89		 205627102		2095.00
7310	1539758119	3600		270.33		 189628916		2076.00
7310	1539761719	3600		269.77		 172598859		2051.00
7310	1539765319	3600		269.24		 158254467		2030.00
7310	1539768919	3600		268.83		 144651957		2011.00
7310	1539772519	3600		268.41		 132900946		1994.00
7310	1539776119	3600		268.07		 121777643		2003.00
7310	1539779719	3600		267.92		 117952218		1965.00
7310	1539783319	3600		267.66		 109312823		1961.00
7310	1539786919	3600		267.30		  98699769		1936.00
7310	1539790519	3600		266.92		  88518688		1925.00
7310	1539791993	1474		266.26		  72374205		1901.00
-999	1539793193	1200		261.03		         0		-999.00
-999	1539796793	3600		261.10		         0		-999.00
-999	1539800393	3600		261.03		         0		-999.00
-999	1539803993	3600		260.99		         0		-999.00
-999	1539807593	3600		261.27		         0		-999.00
-999	1539808150	557		261.30		         0		-999.00
7314	1539809350	1200		270.82		 198984509		2147.00
7314	1539812950	3600		271.08		 215906061		2085.00
7314	1539816550	3600		270.53		 200871058		2079.00
7314	1539820150	3600		270.03		 181584213		2075.00
7314	1539823750	3600		269.52		 165898210		2048.00
7314	1539827350	3600		269.09		 152884253		2026.00
7314	1539830950	3600		268.64		 140771518		2013.00
7314	1539834550	3600		268.27		 129470513		1995.00
7314	1539838150	3600		268.06		 122324831		1991.00
7314	1539841750	3600		267.78		 114343906		1971.00
7314	1539845350	3600		267.38		 102519968		1956.00
7314	1539848950	3600		267.21		  98270281		1945.00
7314	1539852550	3600		266.84		  88813712		1924.00
7314	1539856150	3600		266.61		  81196594		1913.00
7314	1539859750	3600		266.35		  73831817		1905.00
7314	1539862157	2407		265.96		  64980206		1877.00
-999	1539863357	1200		263.86		         0		-999.00
-999	1539866957	3600		260.83		         0		-999.00
-999	1539870557	3600		261.10		         0		-999.00
-999	1539871567	1010		260.70		         0		-999.00
7315	1539872767	1200		269.35		 159116472		2114.00
7315	1539876367	3600		270.37		 193314637		2101.00
7315	1539879967	3600		269.94		 179005991		2079.00
7315	1539883567	3600		269.39		 164619221		2045.00
7315	1539887167	3600		269.03		 151351086		2040.00
7315	1539890767	3600		268.64		 139547075		2026.00
7315	1539894367	3600		268.20		 126057913		2008.00
7315	1539897967	3600		267.92		 116578872		2002.00
7315	1539901567	3600		267.66		 112073536		1975.00
7315	1539905167	3600		267.33		 102429193		1964.00
7315	1539908767	3600		267.28		 100811088		1960.00
7315	1539912311	3544		266.94		  92549158		1939.00
-999	1539913511	1200		263.59		         0		-999.00
-999	1539917111	3600		260.58		         0		-999.00
-999	1539920711	3600		260.98		         0		-999.00
-999	1539924007	3296		261.27		         0		-999.00
7317	1539925207	1200		270.90		 205713492		2180.00
7317	1539927350	2143		271.31		 220538205		2149.00
-999	1539928550	1200		263.61		         0		-999.00
-999	1539932150	3600		261.06		         0		-999.00
-999	1539935750	3600		264.23		         0		-999.00
-999	1539939350	3600		263.77		         0		-999.00
-999	1539942950	3600		261.09		         0		-999.00
-999	1539946550	3600		261.07		         0		-999.00
-999	1539950150	3600		261.22		         0		-999.00
-999	1539953346	3196		261.09		         0		-999.00
7320	1539954546	1200		270.90		 201897173		2200.00
7320	1539958146	3600		269.96		 174577640		2159.00
7320	1539961746	3600		270.65		 200076402		2122.00
7320	1539965346	3600		270.09		 183807453		2094.00
7320	1539968946	3600		269.58		 169642200		2078.00
7320	1539972546	3600		269.07		 155062742		2037.00
7320	1539976146	3600		268.64		 141981439		2024.00
7320	1539979746	3600		268.30		 130505305		2010.00
7320	1539983346	3600		267.98		 121318892		1996.00
7320	1539986946	3600		267.83		 116198273		1993.00
7320	1539990546	3600		267.52		 107373598		1983.00
7320	1539994146	3600		267.29		 101113586		1957.00
7320	1539997746	3600		266.89		  89996888		1944.00
7320	1540001346	3600		266.65		  82189161		1929.00
7320	1540004946	3600		266.38		  74707880		1921.00
7320	1540007845	2899		266.01		  66096833		1902.00
-999	1540009045	1200		263.78		         0		-999.00
-999	1540012645	3600		261.25		         0		-999.00
-999	1540016118	3473		261.23		         0		-999.00
7321	1540017318	1200		270.88		 200886971		2213.00
7321	1540020918	3600		271.26		 219783909		2160.00
7321	1540024518	3600		270.56		 199222453		2133.00
7321	1540028118	3600		270.01		 182205917		2117.00
7321	1540031718	3600		269.53		 167759928		2085.00
7321	1540035318	3600		269.03		 152384465		2060.00
7321	1540038918	3600		268.60		 140515700		2046.00
7321	1540042518	3600		268.25		 128649576		2028.00
7321	1540046118	3600		268.05		 122484069		2024.00
7321	1540049718	3600		267.69		 114162399		2003.00
7321	1540053318	3600		267.37		 103477592		1989.00
7321	1540056918	3600		267.11		  96356821		1984.00
7321	1540060518	3600		266.90		  90382964		1966.00
7321	1540064118	3600		266.67		  82874931		1953.00
7321	1540067718	3600		266.42		  75717040		1940.00
7321	1540069996	2278		265.97		  66177592		1915.00
-999	1540071196	1200		260.96		         0		-999.00
-999	1540074796	3600		260.85		         0		-999.00
-999	1540078396	3600		261.23		         0		-999.00
-999	1540081996	3600		261.26		         0		-999.00
-999	1540085596	3600		261.26		         0		-999.00
-999	1540089035	3439		261.13		         0		-999.00
7324	1540090235	1200		270.51		 193384999		2210.00
7324	1540093835	3600		271.00		 208989134		2175.00
7324	1540097435	3600		270.34		 190949460		2137.00
7324	1540101035	3600		269.65		 176281515		2079.00
7324	1540104635	3600		269.35		 161753157		2073.00
7324	1540108235	3600		268.89		 146685918		2070.00
7324	1540111835	3600		268.40		 135340925		2052.00
7324	1540115435	3600		268.06		 123898566		2029.00
7324	1540119035	3600		267.91		 120152047		2021.00
7324	1540122635	3600		267.69		 112765252		2011.00
7324	1540124572	1937		266.97		  95852095		1966.00
-999	1540125772	1200		263.90		         0		-999.00
-999	1540129372	3600		263.83		         0		-999.00
-999	1540132972	3600		260.87		         0		-999.00
-999	1540136572	3600		261.05		         0		-999.00
-999	1540140172	3600		261.02		         0		-999.00
-999	1540143772	3600		261.15		         0		-999.00
-999	1540147372	3600		261.15		         0		-999.00
-999	1540148981	1609		261.24		         0		-999.00
7328	1540150181	1200		271.13		 209631105		2233.00
7328	1540153781	3600		271.36		 222472390		2193.00
7328	1540157381	3600		270.85		 205289114		2177.00
7328	1540160981	3600		270.25		 189591649		2152.00
7328	1540164581	3600		269.78		 173919919		2128.00
7328	1540168181	3600		269.38		 160638425		2108.00
7328	1540171781	3600		268.90		 147268492		2082.00
7328	1540175381	3600		268.53		 136073375		2064.00
7328	1540178981	3600		268.11		 124577396		2053.00
7328	1540182581	3600		267.97		 119881433		2046.00
7328	1540185337	2756		267.41		 106770969		2008.00
-999	1540186537	1200		261.26		         0		-999.00
-999	1540190137	3600		263.46		         0		-999.00
-999	1540193737	3600		263.78		         0		-999.00
-999	1540197337	3600		260.98		         0		-999.00
-999	1540200937	3600		260.96		         0		-999.00
-999	1540204537	3600		260.93		         0		-999.00
-999	1540208137	3600		261.02		         0		-999.00
-999	1540209983	1846		260.90		         0		-999.00
7331	1540211183	1200		270.64		 201732649		2210.00
7331	1540214783	3600		270.93		 215467049		2133.00
7331	1540218033	3250		270.42		 201076663		2136.00
-999	1540219233	1200		263.54		         0		-999.00
-999	1540222833	3600		263.37		         0		-999.00
-999	1540226433	3600		264.13		         0		-999.00
-999	1540230033	3600		260.88		         0		-999.00
-999	1540233633	3600		261.03		         0		-999.00
-999	1540235879	2246		261.10		         0		-999.00
7333	1540237079	1200		270.98		 212557228		2196.00
7333	1540240679	3600		271.30		 228030381		2168.00
7333	1540244279	3600		270.71		 208184028		2147.00
7333	1540247879	3600		270.11		 192122499		2118.00
7333	1540251479	3600		269.66		 175821452		2103.00
7333	1540255079	3600		269.11		 159588632		2089.00
7333	1540258679	3600		268.71		 149834862		2061.00
7333	1540262279	3600		268.30		 137316848		2036.00
7333	1540265879	3600		267.72		 126956487		1912.00
7333	1540269479	3600		267.68		 124500469		1996.00
7333	1540273079	3600		267.03		 115566652		1846.00
7333	1540276679	3600		267.19		 106218695		1984.00
7333	1540280279	3600		266.87		  95300120		1976.00
7333	1540283879	3600		266.55		  87297369		1953.00
7333	1540286140	2261		260.15		  74745790		 12.00
-999	1540287340	1200		263.76		         0		-999.00
-999	1540290940	3600		260.42		         0		-999.00
-999	1540294540	3600		261.08		         0		-999.00
-999	1540298140	3600		260.60		         0		-999.00
-999	1540298215	75		260.53		         0		-999.00
7334	1540299415	1200		269.32		 162927515		2130.00
7334	1540303015	3600		269.75		 180454224		2114.00
7334	1540306615	3600		269.38		 169227721		2095.00
7334	1540310215	3600		268.99		 156148747		2081.00
7334	1540313815	3600		268.53		 143419453		2061.00
7334	1540317415	3600		268.22		 133273074		2043.00
7334	1540321015	3600		267.78		 122162534		2029.00
7334	1540324615	3600		267.59		 115578659		2023.00
7334	1540328215	3600		267.43		 110452812		2011.00
7334	1540331815	3600		267.11		 102463289		1996.00
7334	1540335415	3600		266.92		  96129643		1983.00
7334	1540339015	3600		266.60		  85686864		1967.00
7334	1540342615	3600		266.34		  79493764		1953.00
7334	1540346215	3600		260.45		  70285114		 12.00
7334	1540346492	277		260.26		  72919985		 12.00
-999	1540347692	1200		263.61		         0		-999.00
-999	1540351292	3600		255.89		         0		-999.00
-999	1540354892	3600		255.87		         0		-999.00
-999	1540358492	3600		255.83		         0		-999.00
-999	1540362092	3600		255.62		         0		-999.00
-999	1540365692	3600		255.52		         0		-999.00
-999	1540369292	3600		255.81		         0		-999.00
-999	1540372892	3600		255.46		         0		-999.00
-999	1540376492	3600		255.49		         0		-999.00
-999	1540380092	3600		255.49		         0		-999.00
-999	1540383692	3600		255.56		         0		-999.00
-999	1540387292	3600		255.97		         0		-999.00
-999	1540390892	3600		255.67		         0		-999.00
-999	1540394492	3600		255.51		         0		-999.00
-999	1540398092	3600		255.44		         0		-999.00
-999	1540401692	3600		256.08		         0		-999.00
-999	1540405292	3600		255.94		         0		-999.00
-999	1540408892	3600		255.46		         0		-999.00
-999	1540412492	3600		255.37		         0		-999.00
-999	1540416092	3600		255.56		         0		-999.00
-999	1540419692	3600		255.49		         0		-999.00
-999	1540423292	3600		255.67		         0		-999.00
-999	1540426892	3600		255.66		         0		-999.00
-999	1540430492	3600		255.36		         0		-999.00
-999	1540434092	3600		256.03		         0		-999.00
-999	1540437692	3600		255.89		         0		-999.00
-999	1540441292	3600		255.89		         0		-999.00
-999	1540444892	3600		255.73		         0		-999.00
-999	1540448492	3600		255.70		         0		-999.00
-999	1540452092	3600		255.44		         0		-999.00
-999	1540455692	3600		255.53		         0		-999.00
-999	1540459292	3600		255.97		         0		-999.00
-999	1540462892	3600		255.66		         0		-999.00
-999	1540466492	3600		255.59		         0		-999.00
-999	1540470092	3600		255.89		         0		-999.00
-999	1540473692	3600		255.85		         0		-999.00
-999	1540477292	3600		255.46		         0		-999.00
-999	1540480892	3600		255.76		         0		-999.00
-999	1540484492	3600		255.48		         0		-999.00
-999	1540488092	3600		255.97		         0		-999.00
-999	1540491692	3600		255.71		         0		-999.00
-999	1540495292	3600		255.44		         0		-999.00
-999	1540498892	3600		255.58		         0		-999.00
-999	1540502492	3600		255.67		         0		-999.00
-999	1540506092	3600		255.55		         0		-999.00
-999	1540509692	3600		255.76		         0		-999.00
-999	1540513292	3600		255.56		         0		-999.00
-999	1540516892	3600		255.64		         0		-999.00
-999	1540520492	3600		260.94		         0		-999.00
-999	1540524092	3600		261.13		         0		-999.00
-999	1540527084	2992		260.65		         0		-999.00
7358	1540528284	1200		263.75		   4927868		1797.00
7358	1540531884	3600		263.84		   7498282		1801.00
7358	1540534973	3089		263.84		   4392784		1810.00
-999	1540536173	1200		255.52		         0		-999.00
-999	1540539773	3600		255.89		         0		-999.00
-999	1540543373	3600		255.66		         0		-999.00
-999	1540546973	3600		255.60		         0		-999.00
-999	1540550573	3600		255.58		         0		-999.00
-999	1540554173	3600		255.93		         0		-999.00
-999	1540557773	3600		255.76		         0		-999.00
-999	1540561373	3600		255.80		         0		-999.00
-999	1540564973	3600		255.72		         0		-999.00
-999	1540568573	3600		255.67		         0		-999.00
-999	1540572173	3600		255.49		         0		-999.00
-999	1540575773	3600		255.66		         0		-999.00
-999	1540579373	3600		255.87		         0		-999.00
-999	1540582973	3600		255.59		         0		-999.00
-999	1540586573	3600		255.78		         0		-999.00
-999	1540590173	3600		256.01		         0		-999.00
-999	1540593773	3600		255.95		         0		-999.00
-999	1540597373	3600		255.99		         0		-999.00
-999	1540600973	3600		255.99		         0		-999.00
-999	1540604573	3600		255.89		         0		-999.00
-999	1540608173	3600		255.80		         0		-999.00
-999	1540611773	3600		255.93		         0		-999.00
-999	1540615373	3600		255.91		         0		-999.00
-999	1540618973	3600		255.61		         0		-999.00
-999	1540622573	3600		255.54		         0		-999.00
-999	1540626173	3600		255.84		         0		-999.00
-999	1540629773	3600		255.91		         0		-999.00
-999	1540633373	3600		255.65		         0		-999.00
-999	1540636973	3600		255.46		         0		-999.00
-999	1540640573	3600		255.54		         0		-999.00
-999	1540644173	3600		255.64		         0		-999.00
-999	1540647773	3600		255.85		         0		-999.00
-999	1540651373	3600		255.70		         0		-999.00
-999	1540654973	3600		255.95		         0		-999.00
-999	1540658573	3600		255.47		         0		-999.00
-999	1540662173	3600		256.01		         0		-999.00
-999	1540665773	3600		255.88		         0		-999.00
-999	1540669373	3600		255.99		         0		-999.00
-999	1540672973	3600		255.66		         0		-999.00
-999	1540676573	3600		255.46		         0		-999.00
-999	1540680173	3600		255.71		         0		-999.00
-999	1540683773	3600		255.76		         0		-999.00
-999	1540687373	3600		255.57		         0		-999.00
-999	1540694573	3600		255.78		         0		-999.00
-999	1540698173	3600		255.95		         0		-999.00
-999	1540701773	3600		255.99		         0		-999.00
-999	1540705373	3600		255.50		         0		-999.00
-999	1540708973	3600		255.71		         0		-999.00
-999	1540712573	3600		255.89		         0		-999.00
-999	1540716173	3600		255.89		         0		-999.00
-999	1540719773	3600		255.45		         0		-999.00
-999	1540723373	3600		255.66		         0		-999.00
-999	1540726973	3600		255.84		         0		-999.00
-999	1540730573	3600		255.52		         0		-999.00
-999	1540734173	3600		255.83		         0		-999.00
-999	1540737773	3600		255.89		         0		-999.00
-999	1540741373	3600		255.82		         0		-999.00
-999	1540744973	3600		255.81		         0		-999.00
-999	1540748573	3600		255.63		         0		-999.00
-999	1540752173	3600		255.60		         0		-999.00
-999	1540755773	3600		255.87		         0		-999.00
-999	1540759373	3600		255.66		         0		-999.00
-999	1540762973	3600		255.47		         0		-999.00
-999	1540766573	3600		255.54		         0		-999.00
-999	1540770173	3600		255.78		         0		-999.00
-999	1540773773	3600		255.55		         0		-999.00
-999	1540777373	3600		255.76		         0		-999.00
-999	1540780973	3600		255.84		         0		-999.00
-999	1540784573	3600		255.91		         0		-999.00
-999	1540788173	3600		255.68		         0		-999.00
-999	1540791773	3600		255.78		         0		-999.00
-999	1540795373	3600		255.48		         0		-999.00
-999	1540798973	3600		255.46		         0		-999.00
-999	1540802573	3600		255.73		         0		-999.00
-999	1540806173	3600		255.97		         0		-999.00
-999	1540809773	3600		255.80		         0		-999.00
-999	1540813373	3600		255.60		         0		-999.00
-999	1540816973	3600		255.52		         0		-999.00
-999	1540820573	3600		255.51		         0		-999.00
-999	1540824173	3600		255.93		         0		-999.00
-999	1540827773	3600		255.51		         0		-999.00
-999	1540831373	3600		255.62		         0		-999.00
-999	1540834973	3600		255.70		         0		-999.00
-999	1540838573	3600		255.65		         0		-999.00
-999	1540842173	3600		255.81		         0		-999.00
-999	1540845773	3600		255.56		         0		-999.00
-999	1540849373	3600		255.71		         0		-999.00
-999	1540852973	3600		255.48		         0		-999.00
-999	1540856573	3600		255.80		         0		-999.00
-999	1540860173	3600		255.68		         0		-999.00
-999	1540863773	3600		255.56		         0		-999.00
-999	1540867373	3600		255.91		         0		-999.00
-999	1540870973	3600		255.72		         0		-999.00
-999	1540874573	3600		255.70		         0		-999.00
-999	1540878173	3600		255.65		         0		-999.00
-999	1540881773	3600		255.54		         0		-999.00
-999	1540885373	3600		255.97		         0		-999.00
-999	1540888973	3600		255.97		         0		-999.00
-999	1540892573	3600		255.88		         0		-999.00
-999	1540896173	3600		255.55		         0		-999.00
-999	1540899773	3600		255.62		         0		-999.00
-999	1540903373	3600		255.58		         0		-999.00
-999	1540906973	3600		255.72		         0		-999.00
-999	1540910573	3600		255.83		         0		-999.00
-999	1540914173	3600		255.52		         0		-999.00
-999	1540917773	3600		255.83		         0		-999.00
-999	1540921373	3600		255.87		         0		-999.00
-999	1540924973	3600		255.99		         0		-999.00
-999	1540928573	3600		255.95		         0		-999.00
-999	1540932173	3600		255.95		         0		-999.00
-999	1540935773	3600		255.59		         0		-999.00
-999	1540939373	3600		255.50		         0		-999.00
-999	1540942973	3600		255.62		         0		-999.00
-999	1540946573	3600		255.87		         0		-999.00
-999	1540950173	3600		255.85		         0		-999.00
-999	1540953773	3600		255.85		         0		-999.00
-999	1540957373	3600		255.85		         0		-999.00
-999	1540960973	3600		255.63		         0		-999.00
-999	1540964573	3600		255.65		         0		-999.00
-999	1540968173	3600		255.76		         0		-999.00
-999	1540971773	3600		256.27		         0		-999.00
-999	1540975373	3600		255.47		         0		-999.00
-999	1540978973	3600		258.23		         0		-999.00
-999	1540982573	3600		263.98		         0		-999.00
-999	1540986173	3600		264.11		         0		-999.00
-999	1540989773	3600		263.98		         0		-999.00
-999	1540993373	3600		263.93		         0		-999.00
-999	1540996973	3600		263.93		         0		-999.00
-999	1541000573	3600		264.00		         0		-999.00
-999	1541004173	3600		263.94		         0		-999.00
-999	1541007773	3600		264.10		         0		-999.00
-999	1541011373	3600		264.10		         0		-999.00
-999	1541014973	3600		264.10		         0		-999.00
-999	1541018573	3600		264.10		         0		-999.00
-999	1541022173	3600		263.95		         0		-999.00
-999	1541025773	3600		263.72		         0		-999.00
-999	1541029373	3600		264.13		         0		-999.00
-999	1541032973	3600		264.13		         0		-999.00
-999	1541036573	3600		263.78		         0		-999.00
-999	1541040173	3600		264.13		         0		-999.00
-999	1541043773	3600		264.13		         0		-999.00
-999	1541047373	3600		264.13		         0		-999.00
-999	1541050973	3600		264.13		         0		-999.00
-999	1541054573	3600		263.68		         0		-999.00
-999	1541058173	3600		264.13		         0		-999.00
-999	1541061773	3600		263.72		         0		-999.00
-999	1541065373	3600		263.95		         0		-999.00
-999	1541068973	3600		263.95		         0		-999.00
-999	1541072573	3600		263.99		         0		-999.00
-999	1541076173	3600		263.99		         0		-999.00
-999	1541079773	3600		264.11		         0		-999.00
-999	1541083373	3600		264.13		         0		-999.00
-999	1541086973	3600		263.97		         0		-999.00
-999	1541090573	3600		263.97		         0		-999.00
-999	1541094173	3600		263.97		         0		-999.00
-999	1541097773	3600		264.08		         0		-999.00
-999	1541101373	3600		264.08		         0		-999.00
-999	1541104973	3600		264.15		         0		-999.00
-999	1541108573	3600		264.15		         0		-999.00
-999	1541112173	3600		264.15		         0		-999.00
-999	1541115773	3600		264.15		         0		-999.00
-999	1541119373	3600		264.15		         0		-999.00
-999	1541122973	3600		264.15		         0		-999.00
-999	1541126573	3600		264.15		         0		-999.00
-999	1541130173	3600		264.15		         0		-999.00
-999	1541133773	3600		264.15		         0		-999.00
-999	1541137373	3600		264.15		         0		-999.00
-999	1541140973	3600		264.04		         0		-999.00
-999	1541144573	3600		264.15		         0		-999.00
-999	1541148173	3600		260.69		         0		-999.00
-999	1541151773	3600		260.85		         0		-999.00
-999	1541155373	3600		260.89		         0		-999.00
-999	1541158973	3600		260.89		         0		-999.00
-999	1541162573	3600		260.86		         0		-999.00
-999	1541166173	3600		260.90		         0		-999.00
-999	1541169773	3600		260.89		         0		-999.00
-999	1541173373	3600		260.85		         0		-999.00
-999	1541176973	3600		260.87		         0		-999.00
-999	1541180573	3600		264.10		         0		-999.00
-999	1541184173	3600		263.94		         0		-999.00
-999	1541187773	3600		263.98		         0		-999.00
-999	1541191373	3600		260.74		         0		-999.00
-999	1541194973	3600		261.11		         0		-999.00
-999	1541198573	3600		261.04		         0		-999.00
-999	1541202173	3600		261.06		         0		-999.00
-999	1541205773	3600		261.02		         0		-999.00
-999	1541209373	3600		261.02		         0		-999.00
-999	1541212973	3600		261.02		         0		-999.00
-999	1541216573	3600		261.02		         0		-999.00
-999	1541220173	3600		261.02		         0		-999.00
-999	1541223773	3600		261.02		         0		-999.00
-999	1541227373	3600		261.02		         0		-999.00
-999	1541230973	3600		261.02		         0		-999.00
-999	1541234573	3600		264.07		         0		-999.00
-999	1541238173	3600		264.17		         0		-999.00
-999	1541241773	3600		264.14		         0		-999.00
-999	1541245373	3600		264.06		         0		-999.00
-999	1541248973	3600		264.17		         0		-999.00
-999	1541252573	3600		264.17		         0		-999.00
-999	1541256173	3600		264.17		         0		-999.00
-999	1541259773	3600		260.77		         0		-999.00
-999	1541263373	3600		260.98		         0		-999.00
-999	1541266973	3600		260.91		         0		-999.00
-999	1541270573	3600		261.02		         0		-999.00
-999	1541274173	3600		261.02		         0		-999.00
-999	1541277773	3600		261.02		         0		-999.00
-999	1541281373	3600		261.02		         0		-999.00
-999	1541284973	3600		261.02		         0		-999.00
-999	1541288573	3600		261.02		         0		-999.00
-999	1541292173	3600		261.02		         0		-999.00
-999	1541295773	3600		260.87		         0		-999.00
-999	1541299373	3600		261.05		         0		-999.00
-999	1541302973	3600		264.17		         0		-999.00
-999	1541306573	3600		261.00		         0		-999.00
-999	1541310173	3600		260.92		         0		-999.00
-999	1541313773	3600		261.06		         0		-999.00
-999	1541317373	3600		261.02		         0		-999.00
-999	1541320973	3600		260.83		         0		-999.00
-999	1541324573	3600		261.11		         0		-999.00
-999	1541328173	3600		261.01		         0		-999.00
-999	1541331773	3600		260.82		         0		-999.00
-999	1541335373	3600		261.01		         0		-999.00
-999	1541338973	3600		261.01		         0		-999.00
-999	1541342573	3600		261.01		         0		-999.00
-999	1541346173	3600		261.01		         0		-999.00
-999	1541349773	3600		261.01		         0		-999.00
-999	1541353373	3600		261.10		         0		-999.00
-999	1541356973	3600		261.02		         0		-999.00
-999	1541360573	3600		261.10		         0		-999.00
-999	1541364173	3600		261.02		         0		-999.00
-999	1541367773	3600		261.10		         0		-999.00
-999	1541371373	3600		261.11		         0		-999.00
-999	1541374973	3600		261.00		         0		-999.00
-999	1541378573	3600		261.00		         0		-999.00
-999	1541379670	1097		260.83		         0		-999.00
7406	1541380870	1200		263.63		     10464		1770.00
7406	1541384470	3600		263.71		      9394		1779.00
7406	1541385214	744		263.71		      8648		1786.00
-999	1541386414	1200		261.02		         0		-999.00
-999	1541388838	2424		260.98		         0		-999.00
7407	1541390038	1200		263.69		     10669		1771.00
7407	1541393638	3600		263.69		      9556		1775.00
7407	1541395651	2013		263.69		      8671		1776.00
-999	1541396851	1200		260.67		         0		-999.00
-999	1541400451	3600		264.13		         0		-999.00
-999	1541404051	3600		264.13		         0		-999.00
-999	1541407651	3600		263.76		         0		-999.00
-999	1541411251	3600		263.80		         0		-999.00
-999	1541414851	3600		264.06		         0		-999.00
-999	1541418451	3600		260.68		         0		-999.00
-999	1541422051	3600		260.77		         0		-999.00
-999	1541425651	3600		260.82		         0		-999.00
-999	1541429251	3600		260.81		         0		-999.00
-999	1541432851	3600		260.70		         0		-999.00
-999	1541436451	3600		260.92		         0		-999.00
-999	1541440051	3600		260.89		         0		-999.00
-999	1541443651	3600		261.00		         0		-999.00
-999	1541447251	3600		261.00		         0		-999.00
-999	1541450851	3600		260.77		         0		-999.00
-999	1541454451	3600		260.77		         0		-999.00
-999	1541458051	3600		261.05		         0		-999.00
-999	1541461651	3600		260.66		         0		-999.00
-999	1541465251	3600		260.89		         0		-999.00
-999	1541468851	3600		260.75		         0		-999.00
-999	1541472451	3600		261.05		         0		-999.00
-999	1541476051	3600		260.87		         0		-999.00
-999	1541479651	3600		261.02		         0		-999.00
-999	1541483251	3600		260.96		         0		-999.00
-999	1541486851	3600		261.00		         0		-999.00
-999	1541490451	3600		261.06		         0		-999.00
-999	1541494051	3600		260.73		         0		-999.00
-999	1541497651	3600		260.89		         0		-999.00
-999	1541501251	3600		260.93		         0		-999.00
-999	1541504851	3600		260.85		         0		-999.00
-999	1541508451	3600		260.87		         0		-999.00
-999	1541512051	3600		260.76		         0		-999.00
-999	1541515651	3600		260.96		         0		-999.00
-999	1541519251	3600		260.80		         0		-999.00
-999	1541522851	3600		260.59		         0		-999.00
-999	1541526451	3600		261.04		         0		-999.00
-999	1541530051	3600		260.78		         0		-999.00
-999	1541533651	3600		260.94		         0		-999.00
-999	1541537251	3600		260.98		         0		-999.00
-999	1541540851	3600		260.98		         0		-999.00
-999	1541544451	3600		260.98		         0		-999.00
-999	1541548051	3600		260.98		         0		-999.00
-999	1541551651	3600		260.98		         0		-999.00
-999	1541555251	3600		261.00		         0		-999.00
-999	1541558851	3600		261.00		         0		-999.00
-999	1541562451	3600		260.64		         0		-999.00
-999	1541566051	3600		260.92		         0		-999.00
-999	1541569651	3600		261.13		         0		-999.00
-999	1541573251	3600		260.94		         0		-999.00
-999	1541576851	3600		260.74		         0		-999.00
-999	1541580451	3600		260.90		         0		-999.00
-999	1541584051	3600		261.05		         0		-999.00
-999	1541587651	3600		261.05		         0		-999.00
-999	1541591251	3600		261.05		         0		-999.00
-999	1541594851	3600		260.67		         0		-999.00
-999	1541598451	3600		261.10		         0		-999.00
-999	1541602051	3600		260.81		         0		-999.00
-999	1541605651	3600		260.88		         0		-999.00
-999	1541609251	3600		261.06		         0		-999.00
-999	1541612851	3600		261.00		         0		-999.00
-999	1541616451	3600		261.08		         0		-999.00
-999	1541620051	3600		261.01		         0		-999.00
-999	1541623651	3600		261.00		         0		-999.00
-999	1541627251	3600		261.00		         0		-999.00
-999	1541630851	3600		260.89		         0		-999.00
-999	1541634451	3600		260.91		         0		-999.00
-999	1541638051	3600		260.98		         0		-999.00
-999	1541641651	3600		260.98		         0		-999.00
-999	1541645251	3600		261.02		         0		-999.00
-999	1541648851	3600		261.00		         0		-999.00
-999	1541652451	3600		261.00		         0		-999.00
-999	1541656051	3600		261.00		         0		-999.00
-999	1541659651	3600		264.27		         0		-999.00
-999	1541663251	3600		263.97		         0		-999.00
-999	1541666851	3600		263.72		         0		-999.00
-999	1541670451	3600		264.11		         0		-999.00
-999	1541674051	3600		260.93		         0		-999.00
-999	1541677651	3600		260.98		         0		-999.00
-999	1541681251	3600		260.91		         0		-999.00
-999	1541684851	3600		260.77		         0		-999.00
-999	1541688451	3600		260.81		         0		-999.00
-999	1541692051	3600		260.74		         0		-999.00
-999	1541695651	3600		260.68		         0		-999.00
-999	1541699251	3600		261.00		         0		-999.00
-999	1541702851	3600		260.94		         0		-999.00
-999	1541704762	1911		261.08		         0		-999.00
7427	1541705962	1200		263.64		         0		1764.00
7427	1541709562	3600		263.66		         0		1773.00
7427	1541713162	3600		263.30		         0		1714.00
7427	1541716762	3600		263.66		         0		1785.00
7427	1541720362	3600		263.70		         0		1796.00
7427	1541723962	3600		260.71		         0		 12.00
7427	1541727562	3600		260.97		         0		 12.00
7427	1541730071	2509		261.01		         0		 12.00
-999	1541731271	1200		264.03		         0		-999.00
-999	1541734871	3600		261.00		         0		-999.00
-999	1541737501	2630		261.11		         0		-999.00
7428	1541738701	1200		263.71		         0		1775.00
7428	1541742301	3600		263.71		         0		1783.00
7428	1541745901	3600		263.71		         0		1788.00
7428	1541748853	2952		260.79		         0		 12.00
-999	1541750053	1200		264.24		         0		-999.00
-999	1541753653	3600		260.98		         0		-999.00
-999	1541757253	3600		260.68		         0		-999.00
-999	1541760853	3600		260.85		         0		-999.00
-999	1541764453	3600		261.07		         0		-999.00
-999	1541768053	3600		260.68		         0		-999.00
-999	1541771653	3600		261.10		         0		-999.00
-999	1541775253	3600		264.19		         0		-999.00
-999	1541778853	3600		260.91		         0		-999.00
-999	1541782453	3600		260.96		         0		-999.00
-999	1541786053	3600		260.92		         0		-999.00
-999	1541789653	3600		261.04		         0		-999.00
-999	1541793253	3600		260.76		         0		-999.00
-999	1541796853	3600		261.03		         0		-999.00
-999	1541800453	3600		260.47		         0		-999.00
-999	1541801729	1276		261.10		         0		-999.00
7433	1541802929	1200		263.42		         0		1717.00
7433	1541806529	3600		263.39		         7		1666.00
7433	1541810129	3600		263.64		         7		1763.00
7433	1541813729	3600		263.64		         7		1765.00
7433	1541816982	3253		263.68		         4		1762.00
-999	1541818182	1200		264.13		         0		-999.00
-999	1541821782	3600		260.93		         0		-999.00
-999	1541825382	3600		261.05		         0		-999.00
-999	1541828982	3600		261.05		         0		-999.00
-999	1541832582	3600		264.13		         0		-999.00
-999	1541836182	3600		264.17		         0		-999.00
-999	1541839782	3600		264.17		         0		-999.00
-999	1541843382	3600		264.21		         0		-999.00
-999	1541846982	3600		264.21		         0		-999.00
-999	1541850582	3600		264.21		         0		-999.00
-999	1541854182	3600		260.98		         0		-999.00
-999	1541857782	3600		261.00		         0		-999.00
-999	1541861176	3394		260.81		         0		-999.00
7435	1541862376	1200		263.25		        10		1698.00
7435	1541865976	3600		263.63		        10		1752.00
7435	1541869576	3600		263.59		         7		1747.00
7435	1541873176	3600		263.63		         7		1749.00
7435	1541876776	3600		263.63		         3		1750.00
7435	1541880376	3600		261.00		         3		 12.00
7435	1541881359	983		261.00		         0		 12.00
-999	1541882559	1200		264.24		         0		-999.00
-999	1541886159	3600		260.79		         0		-999.00
-999	1541889759	3600		260.97		         0		-999.00
-999	1541893359	3600		260.84		         0		-999.00
-999	1541893540	181		260.91		         0		-999.00
7436	1541894740	1200		263.41		        32		1725.00
7436	1541898340	3600		263.55		        25		1748.00
7436	1541901940	3600		263.42		        18		1719.00
7436	1541905540	3600		263.60		        14		1750.00
7436	1541909140	3600		263.59		        10		1745.00
7436	1541912740	3600		263.63		        10		1749.00
7436	1541913797	1057		260.98		         0		 12.00
-999	1541914997	1200		264.19		         0		-999.00
-999	1541918597	3600		260.91		         0		-999.00
-999	1541922197	3600		260.91		         0		-999.00
-999	1541925797	3600		260.98		         0		-999.00
-999	1541929397	3600		260.79		         0		-999.00
-999	1541930043	646		260.94		         0		-999.00
7437	1541931243	1200		263.65		        32		1757.00
7437	1541934843	3600		263.64		        25		1751.00
7437	1541938443	3600		263.63		        18		1756.00
7437	1541942043	3600		260.84		        14		 12.00
7437	1541944030	1987		260.92		         7		 12.00
-999	1541945230	1200		264.13		         0		-999.00
-999	1541948830	3600		260.67		         0		-999.00
-999	1541952430	3600		261.03		         0		-999.00
-999	1541956030	3600		260.99		         0		-999.00
-999	1541959110	3080		260.95		         0		-999.00
7438	1541960310	1200		263.53		        21		1746.00
7438	1541963910	3600		263.59		        21		1754.00
7438	1541967510	3600		263.56		        18		1752.00
7438	1541971110	3600		263.55		        14		1741.00
7438	1541974710	3600		263.42		        10		1713.00
7438	1541978310	3600		263.58		        10		1742.00
7438	1541981910	3600		263.58		         7		1746.00
7438	1541983104	1194		263.58		         0		1744.00
-999	1541984304	1200		264.03		         0		-999.00
-999	1541987904	3600		260.98		         0		-999.00
-999	1541991504	3600		260.94		         0		-999.00
-999	1541995104	3600		260.94		         0		-999.00
-999	1541998704	3600		260.94		         0		-999.00
-999	1542001295	2591		261.05		         0		-999.00
7439	1542002495	1200		263.45		        21		1728.00
7439	1542006095	3600		263.60		        32		1751.00
7439	1542009695	3600		263.59		        25		1747.00
7439	1542013295	3600		263.59		        18		1745.00
7439	1542016895	3600		263.31		        14		1646.00
7439	1542020495	3600		263.59		        14		1741.00
7439	1542024095	3600		263.59		        10		1748.00
7439	1542026471	2376		263.57		         6		1727.00
-999	1542027671	1200		261.03		         0		-999.00
-999	1542031271	3600		261.03		         0		-999.00
-999	1542034871	3600		261.02		         0		-999.00
-999	1542038471	3600		260.95		         0		-999.00
-999	1542042071	3600		260.98		         0		-999.00
-999	1542045671	3600		260.99		         0		-999.00
-999	1542045735	64		260.99		         0		-999.00
7440	1542046935	1200		263.35		        32		1705.00
7440	1542050535	3600		263.63		        36		1751.00
7440	1542054135	3600		263.59		        28		1745.00
7440	1542057735	3600		263.41		        21		1662.00
7440	1542061335	3600		263.57		        18		1750.00
7440	1542064935	3600		263.60		         7		1744.00
7440	1542068535	3600		263.60		         0		1738.00
7440	1542072135	3600		263.60		         0		1739.00
7440	1542073432	1297		263.60		         0		1744.00
-999	1542074632	1200		264.02		         0		-999.00
-999	1542078232	3600		263.96		         0		-999.00
-999	1542081832	3600		263.96		         0		-999.00
-999	1542085432	3600		263.61		         0		-999.00
-999	1542086935	1503		264.05		         0		-999.00
7441	1542088135	1200		263.31		        21		1707.00
7441	1542091735	3600		263.62		         0		1749.00
7441	1542095335	3600		263.62		         0		1744.00
7441	1542098935	3600		263.57		         0		1745.00
7441	1542102535	3600		263.67		         0		1761.00
7441	1542106135	3600		263.63		         0		1744.00
7441	1542109735	3600		263.47		         0		1717.00
7441	1542113335	3600		263.45		         3		1705.00
7441	1542113689	354		263.45		         0		1705.00
-999	1542114889	1200		264.07		         0		-999.00
-999	1542118489	3600		264.19		         0		-999.00
-999	1542122089	3600		263.77		         0		-999.00
-999	1542125689	3600		260.79		         0		-999.00
-999	1542129289	3600		260.98		         0		-999.00
-999	1542131775	2486		260.92		         0		-999.00
7442	1542132975	1200		263.43		        21		1711.00
7442	1542136575	3600		264.03		        18		1941.00
7442	1542140175	3600		263.41		         7		1696.00
7442	1542143775	3600		263.55		         3		1729.00
7442	1542145549	1774		263.51		         8		1729.00
-999	1542146749	1200		264.13		         0		-999.00
-999	1542150349	3600		261.02		         0		-999.00
-999	1542153949	3600		260.78		         0		-999.00
-999	1542157549	3600		261.04		         0		-999.00
-999	1542161149	3600		260.96		         0		-999.00
-999	1542164749	3600		260.96		         0		-999.00
-999	1542168349	3600		261.03		         0		-999.00
-999	1542171949	3600		260.99		         0		-999.00
-999	1542175549	3600		264.10		         0		-999.00
-999	1542179149	3600		260.93		         0		-999.00
-999	1542182749	3600		264.21		         0		-999.00
-999	1542186349	3600		264.06		         0		-999.00
-999	1542189949	3600		264.10		         0		-999.00
-999	1542193549	3600		264.21		         0		-999.00
-999	1542197149	3600		264.13		         0		-999.00
-999	1542200749	3600		260.93		         0		-999.00
-999	1542204349	3600		260.96		         0		-999.00
-999	1542207949	3600		261.02		         0		-999.00
-999	1542208537	588		261.02		         0		-999.00
7443	1542209737	1200		263.67		        21		1769.00
7443	1542213337	3600		263.57		        14		1736.00
7443	1542216937	3600		263.92		         7		1911.00
7443	1542220537	3600		263.33		         7		1688.00
7443	1542224137	3600		263.63		         3		1743.00
7443	1542227737	3600		264.15		         7		1956.00
7443	1542230151	2414		263.46		        12		1712.00
-999	1542231351	1200		260.82		         0		-999.00
-999	1542234951	3600		260.94		         0		-999.00
-999	1542238551	3600		260.94		         0		-999.00
-999	1542242151	3600		260.60		         0		-999.00
-999	1542243419	1268		260.99		         0		-999.00
7444	1542244619	1200		263.37		        32		1708.00
7444	1542248219	3600		263.60		        28		1745.00
7444	1542251819	3600		263.60		        28		1739.00
7444	1542255419	3600		263.60		        25		1742.00
7444	1542259019	3600		263.60		        21		1736.00
7444	1542262619	3600		263.60		        18		1743.00
7444	1542266219	3600		263.60		        14		1741.00
7444	1542269819	3600		260.75		        10		 12.00
7444	1542269906	87		261.00		         0		 12.00
-999	1542271106	1200		263.84		         0		-999.00
-999	1542274706	3600		263.96		         0		-999.00
-999	1542278306	3600		264.08		         0		-999.00
-999	1542281906	3600		264.15		         0		-999.00
-999	1542285506	3600		264.15		         0		-999.00
-999	1542289106	3600		264.11		         0		-999.00
-999	1542292706	3600		260.95		         0		-999.00
-999	1542296306	3600		261.04		         0		-999.00
-999	1542299906	3600		260.55		         0		-999.00
-999	1542303506	3600		260.79		         0		-999.00
-999	1542305639	2133		260.96		         0		-999.00
7446	1542306839	1200		263.33		        32		1700.00
7446	1542310439	3600		263.63		        28		1741.00
7446	1542314039	3600		263.59		        28		1741.00
7446	1542317639	3600		263.55		        28		1740.00
7446	1542321239	3600		263.59		        21		1738.00
7446	1542324839	3600		263.59		        18		1740.00
7446	1542328439	3600		263.59		        14		1739.00
7446	1542332039	3600		260.94		        10		 12.00
7446	1542332137	98		261.02		         0		 12.00
-999	1542333337	1200		260.79		         0		-999.00
-999	1542336937	3600		261.02		         0		-999.00
-999	1542340537	3600		260.94		         0		-999.00
-999	1542344137	3600		260.98		         0		-999.00
-999	1542347737	3600		260.91		         0		-999.00
-999	1542349926	2189		260.86		         0		-999.00
7448	1542351126	1200		263.36		        21		1703.00
7448	1542354726	3600		263.64		        28		1754.00
7448	1542358326	3600		263.64		        28		1750.00
7448	1542361926	3600		263.62		        28		1755.00
7448	1542365526	3600		263.62		        25		1746.00
7448	1542369126	3600		263.62		        18		1748.00
7448	1542372726	3600		263.62		        14		1744.00
7448	1542376326	3600		263.94		        14		 12.00
7448	1542376477	151		263.94		         0		 12.00
-999	1542377677	1200		264.24		         0		-999.00
-999	1542381277	3600		263.89		         0		-999.00
-999	1542384877	3600		263.63		         0		-999.00
-999	1542385871	994		263.88		         0		-999.00
7449	1542387071	1200		263.60		        21		1737.00
7449	1542390671	3600		263.64		        28		1754.00
7449	1542394271	3600		263.64		        28		1749.00
7449	1542397871	3600		263.64		        28		1745.00
7449	1542401471	3600		263.64		        25		1752.00
7449	1542405071	3600		263.64		        18		1744.00
7449	1542408671	3600		263.64		        14		1747.00
7449	1542412271	3600		263.64		        10		832.00
7449	1542412457	186		260.99		         0		 12.00
-999	1542413657	1200		264.20		         0		-999.00
-999	1542417257	3600		261.00		         0		-999.00
-999	1542420857	3600		260.73		         0		-999.00
-999	1542421820	963		261.12		         0		-999.00
7450	1542423020	1200		263.38		        32		1711.00
7450	1542426620	3600		263.62		        28		1747.00
7450	1542430220	3600		263.62		        28		1744.00
7450	1542433820	3600		263.62		        25		1742.00
7450	1542437420	3600		263.62		        21		1740.00
7450	1542441020	3600		263.65		        18		1743.00
7450	1542444620	3600		263.62		        14		1737.00
7450	1542448220	3600		263.98		        10		 12.00
7450	1542448221	1		263.98		         0		 12.00
-999	1542449421	1200		264.19		         0		-999.00
-999	1542453021	3600		260.86		         0		-999.00
-999	1542456621	3600		260.98		         0		-999.00
-999	1542460221	3600		264.21		         0		-999.00
-999	1542463821	3600		260.70		         0		-999.00
-999	1542467421	3600		260.62		         0		-999.00
-999	1542471021	3600		264.07		         0		-999.00
-999	1542474621	3600		264.01		         0		-999.00
-999	1542478221	3600		264.13		         0		-999.00
-999	1542481821	3600		264.21		         0		-999.00
-999	1542485421	3600		264.21		         0		-999.00
-999	1542489021	3600		264.21		         0		-999.00
-999	1542492621	3600		264.17		         0		-999.00
-999	1542496221	3600		264.17		         0		-999.00
-999	1542499821	3600		264.17		         0		-999.00
-999	1542503421	3600		264.17		         0		-999.00
-999	1542507021	3600		264.17		         0		-999.00
-999	1542510621	3600		264.13		         0		-999.00
-999	1542514221	3600		261.08		         0		-999.00
-999	1542517821	3600		260.66		         0		-999.00
-999	1542519376	1555		260.92		         0		-999.00
7453	1542520576	1200		263.36		        32		1700.00
7453	1542524176	3600		263.28		        28		1636.00
7453	1542527776	3600		263.58		        28		1743.00
7453	1542531376	3600		263.58		        28		1747.00
7453	1542534976	3600		263.66		        25		1743.00
7453	1542538576	3600		263.68		        18		1746.00
7453	1542542176	3600		263.61		        14		1741.00
7453	1542545776	3600		263.64		        14		1740.00
7453	1542549376	3600		263.61		        10		1737.00
7453	1542552976	3600		263.68		        10		1738.00
7453	1542556576	3600		261.05		         7		 11.50
7453	1542560176	3600		263.39		         7		1711.00
7453	1542563776	3600		263.63		         7		1741.00
7453	1542564598	822		263.63		         0		1746.00
-999	1542565798	1200		264.22		         0		-999.00
-999	1542569398	3600		264.10		         0		-999.00
-999	1542572998	3600		260.94		         0		-999.00
-999	1542576598	3600		261.06		         0		-999.00
-999	1542580198	3600		261.11		         0		-999.00
-999	1542580523	325		261.11		         0		-999.00
7454	1542581723	1200		263.38		        32		1706.00
7454	1542585323	3600		263.65		        28		1743.00
7454	1542588923	3600		263.47		        28		1717.00
7454	1542592523	3600		263.63		        25		1746.00
7454	1542596123	3600		263.63		        21		1741.00
7454	1542599723	3600		263.63		        14		1737.00
7454	1542603323	3600		263.66		        14		1737.00
7454	1542606923	3600		263.63		        10		1736.00
7454	1542610523	3600		263.69		         7		1749.00
7454	1542614123	3600		263.69		         0		1740.00
7454	1542617723	3600		263.69		         0		1738.00
7454	1542621323	3600		264.07		         0		 13.00
7454	1542624923	3600		264.07		         0		 13.00
7454	1542628523	3600		264.07		         0		 13.00
7454	1542632123	3600		264.07		         0		 13.00
7454	1542635723	3600		264.06		         7		 13.00
7454	1542638917	3194		263.57		         0		1733.00
-999	1542640117	1200		264.18		         0		-999.00
-999	1542643717	3600		260.91		         0		-999.00
-999	1542647317	3600		261.04		         0		-999.00
-999	1542650917	3600		260.60		         0		-999.00
-999	1542654517	3600		260.79		         0		-999.00
-999	1542658117	3600		261.02		         0		-999.00
-999	1542658869	752		261.02		         0		-999.00
7456	1542660069	1200		263.46		        32		1716.00
7456	1542663669	3600		263.61		        28		1744.00
7456	1542667269	3600		263.61		        28		1742.00
7456	1542670869	3600		263.61		        25		1738.00
7456	1542674469	3600		263.61		        21		1733.00
7456	1542678069	3600		263.61		        18		1737.00
7456	1542681669	3600		263.58		        14		1727.00
7456	1542683471	1802		263.61		         8		1741.00
-999	1542684671	1200		264.15		         0		-999.00
-999	1542688271	3600		260.88		         0		-999.00
-999	1542691871	3600		260.98		         0		-999.00
-999	1542695471	3600		260.60		         0		-999.00
-999	1542699071	3600		260.59		         0		-999.00
-999	1542702671	3600		260.56		         0		-999.00
-999	1542704636	1965		260.89		         0		-999.00
7457	1542705836	1200		263.58		        32		1730.00
7457	1542709436	3600		263.61		        28		1739.00
7457	1542713036	3600		263.61		        28		1738.00
7457	1542716636	3600		263.61		        28		1736.00
7457	1542720236	3600		263.61		        21		1736.00
7457	1542723836	3600		263.61		        18		1735.00
7457	1542727436	3600		263.61		        14		1737.00
7457	1542730798	3362		263.60		        12		1715.00
-999	1542731998	1200		260.59		         0		-999.00
-999	1542735598	3600		261.08		         0		-999.00
-999	1542739198	3600		260.78		         0		-999.00
-999	1542742798	3600		260.96		         0		-999.00
-999	1542746398	3600		260.61		         0		-999.00
-999	1542749998	3600		260.89		         0		-999.00
-999	1542751786	1788		261.07		         0		-999.00
-999	1542753479	1200		264.21		         0		-999.00
-999	1542757079	3600		261.02		         0		-999.00
-999	1542760679	3600		260.96		         0		-999.00
-999	1542760888	209		261.00		         0		-999.00
7460	1542762088	1200		263.35		        32		1699.00
7460	1542765688	3600		263.63		        36		1741.00
7460	1542769288	3600		263.63		        28		1741.00
7460	1542772888	3600		263.63		        21		1729.00
7460	1542776488	3600		263.63		        18		1737.00
7460	1542778386	1898		260.97		        16		 12.00
-999	1542779586	1200		264.10		         0		-999.00
-999	1542783186	3600		264.21		         0		-999.00
-999	1542786786	3600		261.04		         0		-999.00
-999	1542790386	3600		260.83		         0		-999.00
-999	1542793986	3600		260.98		         0		-999.00
-999	1542797586	3600		261.02		         0		-999.00
-999	1542801186	3600		260.75		         0		-999.00
-999	1542804786	3600		260.60		         0		-999.00
-999	1542808386	3600		260.74		         0		-999.00
-999	1542811986	3600		260.93		         0		-999.00
-999	1542815586	3600		260.80		         0		-999.00
-999	1542819186	3600		261.03		         0		-999.00
-999	1542822786	3600		261.03		         0		-999.00
-999	1542826386	3600		261.03		         0		-999.00
-999	1542829986	3600		260.99		         0		-999.00
-999	1542833586	3600		260.71		         0		-999.00
-999	1542837186	3600		260.96		         0		-999.00
-999	1542840786	3600		260.94		         0		-999.00
-999	1542844386	3600		261.05		         0		-999.00
-999	1542847986	3600		261.02		         0		-999.00
-999	1542851586	3600		260.96		         0		-999.00
-999	1542851892	306		260.96		         0		-999.00
7464	1542853092	1200		263.43		        32		1703.00
7464	1542856692	3600		263.65		        36		1741.00
7464	1542860292	3600		263.65		        28		1739.00
7464	1542863892	3600		263.62		        21		1736.00
7464	1542867492	3600		263.65		        18		1732.00
7464	1542871092	3600		263.65		        14		1738.00
7464	1542874692	3600		263.65		        10		1734.00
7464	1542875361	669		263.65		         0		1736.00
-999	1542876561	1200		260.73		         0		-999.00
-999	1542880161	3600		260.76		         0		-999.00
-999	1542883761	3600		260.98		         0		-999.00
-999	1542887361	3600		260.94		         0		-999.00
-999	1542890961	3600		264.13		         0		-999.00
-999	1542894561	3600		260.52		         0		-999.00
-999	1542898161	3600		260.98		         0		-999.00
-999	1542901761	3600		260.91		         0		-999.00
-999	1542905361	3600		260.64		         0		-999.00
-999	1542906538	1177		260.76		         0		-999.00
7466	1542907738	1200		263.56		        43		1731.00
7466	1542911338	3600		263.63		        43		1740.00
7466	1542914938	3600		263.67		        39		1742.00
7466	1542918538	3600		263.63		        28		1743.00
7466	1542922138	3600		263.63		        21		1736.00
7466	1542925738	3600		263.63		        18		1736.00
7466	1542929338	3600		263.63		        14		1740.00
7466	1542932938	3600		263.63		        10		1740.00
7466	1542936538	3600		263.63		        10		1735.00
7466	1542937594	1056		263.63		         0		1733.00
-999	1542938794	1200		261.00		         0		-999.00
-999	1542942394	3600		264.15		         0		-999.00
-999	1542945994	3600		264.15		         0		-999.00
-999	1542949594	3600		261.00		         0		-999.00
-999	1542953194	3600		261.02		         0		-999.00
-999	1542956794	3600		260.61		         0		-999.00
-999	1542959938	3144		261.01		         0		-999.00
7467	1542961138	1200		263.62		        54		1735.00
7467	1542964738	3600		263.62		        50		1740.00
7467	1542968338	3600		263.61		        46		1742.00
7467	1542971938	3600		263.61		        36		1736.00
7467	1542975538	3600		263.61		        25		1736.00
7467	1542979138	3600		263.61		        21		1729.00
7467	1542982738	3600		263.61		        18		1732.00
7467	1542986338	3600		263.61		        14		1731.00
7467	1542988659	2321		263.61		        12		1733.00
-999	1542989859	1200		264.15		         0		-999.00
-999	1542993459	3600		260.64		         0		-999.00
-999	1542997059	3600		260.86		         0		-999.00
-999	1542998590	1531		261.11		         0		-999.00
7468	1542999790	1200		263.48		        64		1708.00
7468	1543003390	3600		263.63		        61		1738.00
7468	1543006990	3600		263.62		        46		1738.00
7468	1543010590	3600		263.62		        36		1737.00
7468	1543014190	3600		263.62		        28		1732.00
7468	1543017790	3600		263.62		        21		1733.00
7468	1543021390	3600		263.62		        18		1732.00
7468	1543024990	3600		263.62		        14		1731.00
7468	1543028590	3600		263.62		        10		1737.00
7468	1543032190	3600		263.62		        10		1733.00
7468	1543033992	1802		263.62		         8		1729.00
-999	1543035192	1200		260.73		         0		-999.00
-999	1543038792	3600		260.86		         0		-999.00
-999	1543042392	3600		260.64		         0		-999.00
-999	1543045992	3600		260.85		         0		-999.00
-999	1543049592	3600		260.81		         0		-999.00
-999	1543053192	3600		260.85		         0		-999.00
-999	1543056792	3600		260.65		         0		-999.00
-999	1543060392	3600		260.89		         0		-999.00
-999	1543062922	2530		260.82		         0		-999.00
7471	1543064122	1200		263.60		        54		1729.00
7471	1543067722	3600		263.64		        57		1741.00
7471	1543071322	3600		263.64		        43		1743.00
7471	1543074922	3600		263.64		        32		1736.00
7471	1543078522	3600		263.64		        25		1738.00
7471	1543082122	3600		263.64		        21		1740.00
7471	1543085722	3600		263.64		        18		1736.00
7471	1543089322	3600		263.64		        14		1729.00
7471	1543092184	2862		263.60		        10		1733.00
-999	1543093384	1200		264.21		         0		-999.00
-999	1543096984	3600		260.81		         0		-999.00
-999	1543100584	3600		260.80		         0		-999.00
-999	1543101900	1316		261.07		         0		-999.00
7472	1543103100	1200		263.51		        64		1713.00
7472	1543106700	3600		263.63		        57		1735.00
7472	1543110300	3600		263.63		        43		1736.00
7472	1543113900	3600		263.63		        32		1736.00
7472	1543117500	3600		263.63		        25		1736.00
7472	1543121100	3600		263.63		        21		1735.00
7472	1543124700	3600		263.63		        18		1733.00
7472	1543128300	3600		263.62		        14		1740.00
7472	1543130105	1805		263.52		         8		1719.00
-999	1543131305	1200		261.10		         0		-999.00
-999	1543134905	3600		260.85		         0		-999.00
-999	1543138505	3600		260.84		         0		-999.00
-999	1543139344	839		260.84		         0		-999.00
7473	1543140544	1200		263.63		        75		1732.00
7473	1543144144	3600		263.63		        64		1740.00
7473	1543147744	3600		263.63		        46		1738.00
7473	1543151344	3600		263.63		        36		1740.00
7473	1543154944	3600		263.63		        25		1736.00
7473	1543158544	3600		263.63		        21		1734.00
7473	1543162144	3600		263.63		        18		1734.00
7473	1543165744	3600		263.63		        14		1736.00
7473	1543169344	3600		263.63		        10		1733.00
7473	1543172944	3600		263.63		        10		1736.00
7473	1543174617	1673		263.63		         0		1730.00
-999	1543175817	1200		264.18		         0		-999.00
-999	1543179417	3600		264.17		         0		-999.00
-999	1543183017	3600		263.90		         0		-999.00
-999	1543186617	3600		263.82		         0		-999.00
-999	1543190217	3600		263.88		         0		-999.00
-999	1543191204	987		263.88		         0		-999.00
7474	1543192404	1200		263.63		        64		1738.00
7474	1543196004	3600		263.63		        57		1742.00
7474	1543199604	3600		263.63		        43		1740.00
7474	1543203204	3600		263.63		        32		1734.00
7474	1543206804	3600		263.63		        25		1735.00
7474	1543210404	3600		263.63		        21		1728.00
7474	1543212421	2017		263.63		        15		1735.00
-999	1543213621	1200		264.15		         0		-999.00
-999	1543217221	3600		264.19		         0		-999.00
-999	1543220821	3600		264.20		         0		-999.00
-999	1543224421	3600		263.99		         0		-999.00
-999	1543228021	3600		264.18		         0		-999.00
-999	1543231621	3600		264.18		         0		-999.00
-999	1543235221	3600		263.76		         0		-999.00
-999	1543238821	3600		260.61		         0		-999.00
-999	1543242421	3600		260.83		         0		-999.00
-999	1543246021	3600		260.87		         0		-999.00
-999	1543248391	2370		260.87		         0		-999.00
7475	1543249591	1200		260.88		         0		 11.50
7475	1543250194	603		260.99		        42		 11.50
-999	1543251394	1200		263.98		         0		-999.00
-999	1543254994	3600		264.24		         0		-999.00
-999	1543258594	3600		264.17		         0		-999.00
-999	1543262194	3600		260.76		         0		-999.00
-999	1543265794	3600		260.92		         0		-999.00
-999	1543267648	1854		260.85		         0		-999.00
7477	1543268848	1200		263.56		        64		1723.00
7477	1543272448	3600		263.64		        57		1736.00
7477	1543276048	3600		263.64		        43		1736.00
7477	1543279648	3600		263.64		        32		1733.00
7477	1543283248	3600		263.64		        25		1735.00
7477	1543286848	3600		263.64		        21		1730.00
7477	1543290448	3600		263.64		        18		1734.00
7477	1543294048	3600		263.64		        14		1733.00
7477	1543297648	3600		263.68		        10		1734.00
7477	1543299439	1791		263.98		         0		1856.00
-999	1543300639	1200		264.03		         0		-999.00
-999	1543304239	3600		255.46		         0		-999.00
-999	1543307839	3600		255.48		         0		-999.00
-999	1543311439	3600		255.50		         0		-999.00
-999	1543315039	3600		255.78		         0		-999.00
-999	1543318639	3600		255.75		         0		-999.00
-999	1543322239	3600		256.06		         0		-999.00
-999	1543325839	3600		256.01		         0		-999.00
-999	1543329439	3600		255.97		         0		-999.00
-999	1543333039	3600		255.97		         0		-999.00
-999	1543336639	3600		255.54		         0		-999.00
-999	1543340239	3600		255.84		         0		-999.00
-999	1543343839	3600		256.16		         0		-999.00
-999	1543347439	3600		261.53		         0		-999.00
-999	1543351039	3600		261.60		         0		-999.00
-999	1543354639	3600		261.56		         0		-999.00
-999	1543356617	1978		261.56		         0		-999.00
7480	1543357817	1200		263.71		        75		1747.00
7480	1543361417	3600		263.71		        64		1741.00
7480	1543365017	3600		263.71		        46		1739.00
7480	1543368617	3600		263.71		        36		1735.00
7480	1543372217	3600		263.68		        28		1734.00
7480	1543375817	3600		263.68		        21		1735.00
7480	1543379417	3600		263.69		        18		1734.00
7480	1543383017	3600		263.69		        14		1734.00
7480	1543385005	1988		263.69		        15		1731.00
-999	1543386205	1200		261.27		         0		-999.00
-999	1543389805	3600		261.27		         0		-999.00
-999	1543393405	3600		261.49		         0		-999.00
-999	1543395641	2236		261.53		         0		-999.00
7481	1543396841	1200		264.69		        75		2111.00
7481	1543400441	3600		263.72		        64		1737.00
7481	1543404041	3600		263.72		        46		1736.00
7481	1543407641	3600		263.72		        36		1744.00
7481	1543411241	3600		263.72		        28		1740.00
7481	1543414841	3600		263.72		        21		1731.00
7481	1543418441	3600		263.72		        18		1735.00
7481	1543422041	3600		263.72		        14		1737.00
7481	1543425641	3600		261.08		        14		 12.00
7481	1543425864	223		261.15		         0		 12.00
-999	1543427064	1200		261.26		         0		-999.00
-999	1543430664	3600		261.61		         0		-999.00
-999	1543434264	3600		261.42		         0		-999.00
-999	1543437864	3600		261.49		         0		-999.00
-999	1543439404	1540		261.48		         0		-999.00
7482	1543440604	1200		263.72		        64		1745.00
7482	1543441115	511		263.72		        61		1751.00
-999	1543442315	1200		264.32		         0		-999.00
-999	1543445915	3600		261.50		         0		-999.00
-999	1543449515	3600		261.50		         0		-999.00
-999	1543451591	2076		261.46		         0		-999.00
7483	1543452791	1200		263.73		        43		1746.00
7483	1543456391	3600		263.69		        39		1741.00
7483	1543459991	3600		263.72		        28		1739.00
7483	1543463591	3600		264.55		        18		2090.00
7483	1543467191	3600		263.68		        18		1738.00
7483	1543470791	3600		263.68		        14		1742.00
7483	1543474391	3600		263.68		        10		1735.00
7483	1543477991	3600		263.62		         7		1518.00
7483	1543481591	3600		263.70		         0		1736.00
7483	1543485191	3600		263.70		         0		1733.00
7483	1543488791	3600		263.70		         0		1737.00
7483	1543492391	3600		263.71		         0		1746.00
7483	1543495991	3600		263.75		         0		1743.00
7483	1543498469	2478		263.71		         0		1737.00
-999	1543499669	1200		261.24		         0		-999.00
-999	1543503269	3600		264.07		         0		-999.00
-999	1543506869	3600		264.15		         0		-999.00
-999	1543510469	3600		263.72		         0		-999.00
-999	1543514069	3600		263.89		         0		-999.00
-999	1543517669	3600		263.89		         0		-999.00
-999	1543519747	2078		263.83		         0		-999.00
7485	1543520947	1200		263.64		        54		1732.00
7485	1543524547	3600		263.64		        46		1734.00
7485	1543528147	3600		263.69		        36		1735.00
7485	1543531747	3600		263.69		        28		1735.00
7485	1543535347	3600		263.69		        21		1736.00
7485	1543538947	3600		263.69		        18		1737.00
7485	1543542547	3600		263.69		        14		1729.00
7485	1543546147	3600		263.69		        14		1736.00
7485	1543548014	1867		263.69		         8		1730.00
-999	1543549214	1200		260.66		         0		-999.00
-999	1543552814	3600		260.91		         0		-999.00
-999	1543556414	3600		260.91		         0		-999.00
-999	1543560014	3600		260.87		         0		-999.00
-999	1543563533	3519		260.74		         0		-999.00
7486	1543564733	1200		263.67		        54		1731.00
7486	1543568333	3600		263.67		        46		1736.00
7486	1543571933	3600		263.67		        36		1736.00
7486	1543575533	3600		263.67		        28		1738.00
7486	1543579133	3600		263.67		        21		1735.00
7486	1543582733	3600		263.67		        18		1732.00
7486	1543586333	3600		263.67		        14		1734.00
7486	1543589933	3600		263.67		        10		1731.00
7486	1543590875	942		263.67		         0		1730.00
-999	1543592075	1200		263.77		         0		-999.00
-999	1543595675	3600		260.86		         0		-999.00
-999	1543599275	3600		260.82		         0		-999.00
-999	1543601096	1821		260.84		         0		-999.00
7487	1543602296	1200		263.56		        64		1719.00
7487	1543605896	3600		263.68		        54		1733.00
7487	1543609496	3600		263.64		        39		1738.00
7487	1543613096	3600		263.64		        32		1733.00
7487	1543616696	3600		263.64		        25		1730.00
7487	1543620296	3600		263.64		        21		1732.00
7487	1543623896	3600		263.64		        18		1728.00
7487	1543627496	3600		263.64		        14		1729.00
7487	1543631096	3600		263.73		        10		1741.00
7487	1543631664	568		263.78		         0		1746.00
-999	1543632864	1200		260.71		         0		-999.00
-999	1543636464	3600		260.87		         0		-999.00
-999	1543640064	3600		260.87		         0		-999.00
-999	1543642841	2777		260.84		         0		-999.00
7488	1543644041	1200		263.60		        64		1721.00
7488	1543647641	3600		263.64		        57		1736.00
7488	1543651241	3600		263.64		        43		1734.00
7488	1543654841	3600		263.64		        32		1733.00
7488	1543658441	3600		263.64		        25		1733.00
7488	1543662041	3600		263.67		        21		1733.00
7488	1543665641	3600		263.65		        18		1726.00
7488	1543669241	3600		263.65		        14		1734.00
7488	1543671975	2734		263.62		        10		1730.00
-999	1543673175	1200		260.59		         0		-999.00
-999	1543676775	3600		260.69		         0		-999.00
-999	1543680375	3600		260.86		         0		-999.00
-999	1543681637	1262		260.85		         0		-999.00
7489	1543682837	1200		263.65		        64		1738.00
7489	1543684236	1399		263.65		        59		1736.00
-999	1543685436	1200		263.82		         0		-999.00
-999	1543689036	3600		260.80		         0		-999.00
-999	1543692636	3600		260.84		         0		-999.00
-999	1543693067	431		260.84		         0		-999.00
7490	1543694267	1200		263.63		        64		1733.00
7490	1543697867	3600		263.63		        57		1733.00
7490	1543701467	3600		263.63		        43		1732.00
7490	1543705067	3600		263.63		        32		1726.00
7490	1543708667	3600		263.63		        25		1730.00
7490	1543712267	3600		263.63		        21		1727.00
7490	1543715867	3600		263.63		        18		1725.00
7490	1543719467	3600		263.63		        14		1729.00
7490	1543723067	3600		263.75		        10		1767.00
7490	1543723749	682		263.76		         0		1733.00
-999	1543724949	1200		260.72		         0		-999.00
-999	1543728549	3600		260.88		         0		-999.00
-999	1543732149	3600		260.80		         0		-999.00
-999	1543733320	1171		260.90		         0		-999.00
7491	1543734520	1200		263.62		        64		1723.00
7491	1543738120	3600		263.66		        57		1731.00
7491	1543741720	3600		263.66		        39		1730.00
7491	1543745320	3600		263.66		        32		1728.00
7491	1543748920	3600		263.66		        25		1726.00
7491	1543750678	1758		263.66		        17		1729.00
-999	1543751878	1200		263.85		         0		-999.00
-999	1543755478	3600		260.74		         0		-999.00
-999	1543758768	3290		260.82		         0		-999.00
7492	1543759968	1200		263.64		        21		1727.00
7492	1543763407	3439		263.64		        20		1735.00
