Fill	Timestamp [s]	Duration [s]	Temperature [K]	Fluence [n_eq/cm2/s]	Leakage_current [mA/cm2]
5698	1495543942	1200		265.44		    210284		  6.00
5698	1495547542	3600		265.44		    214687		  6.00
5698	1495551142	3600		265.44		    194486		  6.00
5698	1495554742	3600		265.44		    175359		  6.00
5698	1495558342	3600		265.43		    149569		  6.00
5698	1495561942	3600		265.43		     94263		  6.00
5698	1495565542	3600		265.43		     88169		  6.00
5698	1495569142	3600		265.43		     85838		  6.00
5698	1495572742	3600		265.43		     84476		  6.00
5698	1495573934	1192		260.83		     71741		  1.50
5699	1495575134	1200		260.83		     71741		-999.00
5700	1495578734	3600		265.51		     71741		-999.00
5701	1495573934	-4800		260.83		     71741		-999.00
5699	1495581879	1200		265.52		    126795		  7.00
5699	1495585479	3600		265.52		    134647		  7.00
5699	1495589079	3600		265.52		    125581		  7.00
5699	1495592679	3600		265.52		    118759		  7.00
5699	1495595130	2451		265.52		    112247		  7.00
5700	1495596330	1200		265.51		    112247		-999.00
5701	1495599930	3600		260.58		    112247		-999.00
5702	1495603530	3600		260.41		    112247		-999.00
5703	1495607130	3600		260.41		    112247		-999.00
5704	1495610730	3600		260.41		    112247		-999.00
5705	1495614330	3600		264.67		    112247		-999.00
5706	1495617930	3600		265.57		    112247		-999.00
5707	1495621530	3600		265.23		    112247		-999.00
5708	1495625130	3600		265.23		    112247		-999.00
5709	1495628730	3600		265.40		    112247		-999.00
5710	1495632330	3600		265.23		    112247		-999.00
5711	1495635930	3600		265.23		    112247		-999.00
5712	1495639530	3600		265.40		    112247		-999.00
5713	1495643130	3600		265.57		    112247		-999.00
5714	1495646730	3600		265.57		    112247		-999.00
5715	1495650330	3600		265.57		    112247		-999.00
5716	1495653930	3600		265.57		    112247		-999.00
5717	1495657530	3600		265.57		    112247		-999.00
5718	1495661130	3600		265.57		    112247		-999.00
5719	1495664730	3600		265.40		    112247		-999.00
5720	1495595130	-69600		265.51		    112247		-999.00
5704	1495668562	1200		265.41		    519516		  6.00
5704	1495672162	3600		265.58		    545739		  6.00
5704	1495675762	3600		265.58		    508983		  6.00
5704	1495679362	3600		265.58		    476974		  6.00
5704	1495682962	3600		265.58		    453331		  6.00
5704	1495686562	3600		265.58		    428049		  6.00
5704	1495690162	3600		265.58		    405484		  6.00
5704	1495693762	3600		265.58		    387568		  6.00
5704	1495693931	169		265.58		    353964		  6.00
5705	1495695131	1200		260.72		    353964		-999.00
5706	1495698731	3600		260.72		    353964		-999.00
5707	1495702331	3600		260.55		    353964		-999.00
5708	1495705931	3600		260.55		    353964		-999.00
5709	1495709531	3600		260.55		    353964		-999.00
5710	1495713131	3600		260.55		    353964		-999.00
5711	1495716731	3600		260.55		    353964		-999.00
5712	1495720331	3600		260.72		    353964		-999.00
5713	1495723931	3600		260.72		    353964		-999.00
5714	1495727531	3600		260.72		    353964		-999.00
5715	1495731131	3600		260.72		    353964		-999.00
5716	1495734731	3600		260.72		    353964		-999.00
5717	1495738331	3600		260.72		    353964		-999.00
5718	1495741931	3600		260.72		    353964		-999.00
5719	1495745531	3600		265.70		    353964		-999.00
5720	1495749131	3600		265.70		    353964		-999.00
5721	1495752731	3600		265.70		    353964		-999.00
5722	1495693931	-58800		265.57		    353964		-999.00
5710	1495754614	1200		265.52		    395402		  6.50
5710	1495758214	3600		265.35		    409394		  6.50
5710	1495761814	3600		265.34		    388696		  6.50
5710	1495765414	3600		265.34		    369222		  6.50
5710	1495769014	3600		265.34		    347007		  6.50
5710	1495772614	3600		265.34		    332752		  6.50
5710	1495775424	2810		260.98		    319625		  1.00
5711	1495776624	1200		260.63		    319625		-999.00
5712	1495780224	3600		260.46		    319625		-999.00
5713	1495783824	3600		260.46		    319625		-999.00
5714	1495787424	3600		260.46		    319625		-999.00
5715	1495791024	3600		260.46		    319625		-999.00
5716	1495794624	3600		260.46		    319625		-999.00
5717	1495798224	3600		260.46		    319625		-999.00
5718	1495801824	3600		260.46		    319625		-999.00
5719	1495805424	3600		260.80		    319625		-999.00
5720	1495809024	3600		260.46		    319625		-999.00
5721	1495812624	3600		260.46		    319625		-999.00
5722	1495816224	3600		260.46		    319625		-999.00
5723	1495819824	3600		260.46		    319625		-999.00
5724	1495823424	3600		260.46		    319625		-999.00
5725	1495827024	3600		266.00		    319625		-999.00
5726	1495830624	3600		265.83		    319625		-999.00
5727	1495834224	3600		265.83		    319625		-999.00
5728	1495837824	3600		265.83		    319625		-999.00
5729	1495841424	3600		265.83		    319625		-999.00
5730	1495845024	3600		265.66		    319625		-999.00
5731	1495848624	3600		265.66		    319625		-999.00
5732	1495852224	3600		265.66		    319625		-999.00
5733	1495775424	-76800		260.80		    319625		-999.00
5717	1495854712	1200		265.60		   3922952		  7.00
5717	1495858312	3600		265.60		   3715421		  7.00
5717	1495861912	3600		265.60		   3726015		  7.00
5717	1495865512	3600		265.60		   3680374		  7.00
5717	1495869112	3600		265.59		   3557063		  7.00
5717	1495872712	3600		265.59		   3452367		  7.00
5717	1495876312	3600		265.59		   3308535		  7.00
5717	1495879912	3600		265.58		   3212545		  7.00
5717	1495883512	3600		265.58		   3161070		  7.00
5717	1495887112	3600		265.58		   3046576		  7.00
5717	1495887832	720		265.58		   2963292		  7.00
5718	1495889032	1200		265.32		   2963292		-999.00
5719	1495892632	3600		265.32		   2963292		-999.00
5720	1495896232	3600		265.32		   2963292		-999.00
5721	1495899832	3600		265.32		   2963292		-999.00
5722	1495887832	-12000		265.49		   2963292		-999.00
5718	1495901776	1200		265.42		   3592434		  7.00
5718	1495905376	3600		265.42		   3425039		  7.00
5718	1495908976	3600		265.40		   2804379		  7.00
5718	1495912576	3600		265.59		   3327669		  7.00
5718	1495916176	3600		265.58		   3225013		  7.00
5718	1495919776	3600		265.58		   3126091		  7.00
5718	1495923376	3600		265.75		   3050558		  7.00
5718	1495926976	3600		265.74		   2941243		  7.00
5718	1495930417	3441		265.74		   2755240		  7.00
5719	1495931617	1200		265.49		   2755240		-999.00
5720	1495935217	3600		265.66		   2755240		-999.00
5721	1495938817	3600		265.66		   2755240		-999.00
5722	1495942417	3600		265.31		   2755240		-999.00
5723	1495946017	3600		265.65		   2755240		-999.00
5724	1495930417	-15600		265.66		   2755240		-999.00
5719	1495948490	1200		265.72		   2924901		  7.00
5719	1495952090	3600		265.57		   3545798		  7.00
5719	1495955690	3600		265.57		   3432314		  7.00
5719	1495959290	3600		265.74		   3342166		  7.00
5719	1495962646	3356		265.73		   3214572		  7.00
5720	1495963846	1200		265.30		   3214572		-999.00
5721	1495967446	3600		265.30		   3214572		-999.00
5722	1495971046	3600		265.47		   3214572		-999.00
5723	1495974646	3600		265.13		   3214572		-999.00
5724	1495978246	3600		265.30		   3214572		-999.00
5725	1495981846	3600		265.30		   3214572		-999.00
5726	1495985446	3600		265.30		   3214572		-999.00
5727	1495989046	3600		265.30		   3214572		-999.00
5728	1495992646	3600		265.30		   3214572		-999.00
5729	1495962646	-30000		265.64		   3214572		-999.00
5722	1495997092	1200		266.19		  18976776		 10.00
5722	1496000692	3600		266.23		  20289436		 10.00
5722	1496004292	3600		266.21		  19632216		 10.00
5722	1496007892	3600		266.20		  19343390		 10.00
5722	1496011492	3600		266.18		  18706360		 10.00
5722	1496015092	3600		266.16		  17979698		 10.00
5722	1496018692	3600		266.15		  17468494		 10.00
5722	1496022292	3600		266.13		  16867802		 10.00
5722	1496025892	3600		266.12		  16504121		 10.00
5722	1496029492	3600		266.10		  15947366		 10.00
5722	1496033092	3600		266.09		  15604672		 10.00
5722	1496035085	1993		266.08		  15306922		 10.00
5723	1496036285	1200		260.66		  15306922		-999.00
5724	1496039885	3600		260.49		  15306922		-999.00
5725	1496043485	3600		260.49		  15306922		-999.00
5726	1496047085	3600		260.49		  15306922		-999.00
5727	1496050685	3600		260.49		  15306922		-999.00
5728	1496054285	3600		260.49		  15306922		-999.00
5729	1496057885	3600		266.17		  15306922		-999.00
5730	1496061485	3600		266.03		  15306922		-999.00
5731	1496065085	3600		265.93		  15306922		-999.00
5732	1496068685	3600		265.36		  15306922		-999.00
5733	1496072285	3600		265.86		  15306922		-999.00
5734	1496075885	3600		260.69		  15306922		-999.00
5735	1496079485	3600		260.69		  15306922		-999.00
5736	1496083085	3600		260.52		  15306922		-999.00
5737	1496086685	3600		260.52		  15306922		-999.00
5738	1496090285	3600		260.52		  15306922		-999.00
5739	1496093885	3600		260.52		  15306922		-999.00
5740	1496097485	3600		260.52		  15306922		-999.00
5741	1496101085	3600		260.52		  15306922		-999.00
5742	1496104685	3600		260.52		  15306922		-999.00
5743	1496108285	3600		260.69		  15306922		-999.00
5744	1496111885	3600		260.69		  15306922		-999.00
5745	1496115485	3600		260.69		  15306922		-999.00
5746	1496119085	3600		265.29		  15306922		-999.00
5747	1496122685	3600		260.71		  15306922		-999.00
5748	1496126285	3600		265.63		  15306922		-999.00
5749	1496035085	-91200		265.62		  15306922		-999.00
5730	1496127791	1200		266.04		  20430314		 12.00
5730	1496131391	3600		266.08		  21644570		 12.50
5730	1496134991	3600		266.04		  20268878		 12.50
5730	1496138591	3600		266.00		  19137642		 12.50
5730	1496142191	3600		265.98		  18199845		 12.50
5730	1496145791	3600		265.94		  17128124		 12.50
5730	1496149391	3600		265.92		  16263658		 12.50
5730	1496152991	3600		265.80		  12298699		 10.50
5730	1496156591	3600		265.87		  14788416		 13.00
5730	1496160191	3600		265.72		   9543420		  7.00
5730	1496163791	3600		265.84		  13753966		 12.50
5730	1496167391	3600		265.82		  13117708		 12.50
5730	1496170991	3600		265.80		  12472066		 13.00
5730	1496174591	3600		265.80		  12212987		 12.50
5730	1496178191	3600		265.78		  11575525		 12.50
5730	1496181791	3600		265.77		  11204168		 12.50
5730	1496183059	1268		265.76		  11117752		 12.50
5731	1496184259	1200		265.43		  11117752		-999.00
5732	1496187859	3600		265.43		  11117752		-999.00
5733	1496191459	3600		265.43		  11117752		-999.00
5734	1496195059	3600		265.43		  11117752		-999.00
5735	1496198659	3600		265.42		  11117752		-999.00
5736	1496202259	3600		265.42		  11117752		-999.00
5737	1496205859	3600		265.42		  11117752		-999.00
5738	1496209459	3600		265.42		  11117752		-999.00
5739	1496213059	3600		265.42		  11117752		-999.00
5740	1496216659	3600		265.42		  11117752		-999.00
5741	1496220259	3600		265.42		  11117752		-999.00
5742	1496223859	3600		265.42		  11117752		-999.00
5743	1496227459	3600		265.43		  11117752		-999.00
5744	1496231059	3600		265.43		  11117752		-999.00
5745	1496234659	3600		265.43		  11117752		-999.00
5746	1496238259	3600		265.43		  11117752		-999.00
5747	1496241859	3600		265.43		  11117752		-999.00
5748	1496245459	3600		265.43		  11117752		-999.00
5749	1496249059	3600		265.43		  11117752		-999.00
5750	1496252659	3600		265.43		  11117752		-999.00
5751	1496256259	3600		265.43		  11117752		-999.00
5752	1496259859	3600		265.43		  11117752		-999.00
5753	1496263459	3600		265.43		  11117752		-999.00
5754	1496267059	3600		265.41		  11117752		-999.00
5755	1496270659	3600		265.41		  11117752		-999.00
5756	1496274259	3600		265.41		  11117752		-999.00
5757	1496277859	3600		265.41		  11117752		-999.00
5758	1496281459	3600		265.41		  11117752		-999.00
5759	1496285059	3600		265.41		  11117752		-999.00
5760	1496288659	3600		265.41		  11117752		-999.00
5761	1496292259	3600		265.41		  11117752		-999.00
5762	1496295859	3600		265.41		  11117752		-999.00
5763	1496299459	3600		265.41		  11117752		-999.00
5764	1496303059	3600		265.41		  11117752		-999.00
5765	1496306659	3600		265.41		  11117752		-999.00
5766	1496310259	3600		265.41		  11117752		-999.00
5767	1496313859	3600		265.41		  11117752		-999.00
5768	1496317459	3600		265.41		  11117752		-999.00
5769	1496321059	3600		265.41		  11117752		-999.00
5770	1496324659	3600		265.41		  11117752		-999.00
5771	1496328259	3600		260.69		  11117752		-999.00
5772	1496331859	3600		260.52		  11117752		-999.00
5773	1496335459	3600		260.52		  11117752		-999.00
5774	1496339059	3600		260.52		  11117752		-999.00
5775	1496342659	3600		260.52		  11117752		-999.00
5776	1496346259	3600		260.52		  11117752		-999.00
5777	1496349859	3600		260.52		  11117752		-999.00
5778	1496353459	3600		260.52		  11117752		-999.00
5779	1496357059	3600		260.69		  11117752		-999.00
5780	1496360659	3600		260.69		  11117752		-999.00
5781	1496364259	3600		260.69		  11117752		-999.00
5782	1496367859	3600		260.69		  11117752		-999.00
5783	1496371459	3600		260.52		  11117752		-999.00
5784	1496375059	3600		260.52		  11117752		-999.00
5785	1496378659	3600		266.42		  11117752		-999.00
5786	1496382259	3600		266.10		  11117752		-999.00
5787	1496385859	3600		260.46		  11117752		-999.00
5788	1496389459	3600		265.53		  11117752		-999.00
5789	1496393059	3600		265.87		  11117752		-999.00
5790	1496396659	3600		265.66		  11117752		-999.00
5791	1496400259	3600		265.66		  11117752		-999.00
5792	1496403859	3600		265.31		  11117752		-999.00
5793	1496407459	3600		265.48		  11117752		-999.00
5794	1496411059	3600		260.75		  11117752		-999.00
5795	1496414659	3600		260.58		  11117752		-999.00
5796	1496418259	3600		260.58		  11117752		-999.00
5797	1496421859	3600		260.58		  11117752		-999.00
5798	1496425459	3600		260.58		  11117752		-999.00
5799	1496429059	3600		260.58		  11117752		-999.00
5800	1496432659	3600		260.58		  11117752		-999.00
5801	1496436259	3600		260.58		  11117752		-999.00
5802	1496439859	3600		260.58		  11117752		-999.00
5803	1496443459	3600		260.58		  11117752		-999.00
5804	1496447059	3600		260.75		  11117752		-999.00
5805	1496450659	3600		260.75		  11117752		-999.00
5806	1496454259	3600		265.75		  11117752		-999.00
5807	1496457859	3600		265.40		  11117752		-999.00
5808	1496183059	-274800		265.43		  11117752		-999.00
5737	1496460061	1200		266.04		  21363481		 14.00
5737	1496463661	3600		265.74		  11452250		 11.00
5737	1496467261	3600		265.41		    388379		 11.00
5737	1496470861	3600		265.41		    387240		 11.00
5737	1496474461	3600		265.41		    380732		 11.00
5737	1496478061	3600		265.41		    383038		 11.00
5737	1496481661	3600		260.93		    402868		  2.50
5737	1496485261	3600		260.59		    460834		  2.50
5737	1496487110	1849		260.59		    501556		  2.50
5738	1496488310	1200		260.58		    501556		-999.00
5739	1496491910	3600		260.58		    501556		-999.00
5740	1496495510	3600		260.58		    501556		-999.00
5741	1496499110	3600		260.58		    501556		-999.00
5742	1496502710	3600		260.58		    501556		-999.00
5743	1496506310	3600		260.58		    501556		-999.00
5744	1496509910	3600		260.58		    501556		-999.00
5745	1496513510	3600		260.58		    501556		-999.00
5746	1496517110	3600		260.75		    501556		-999.00
5747	1496520710	3600		260.58		    501556		-999.00
5748	1496524310	3600		260.58		    501556		-999.00
5749	1496527910	3600		260.58		    501556		-999.00
5750	1496531510	3600		265.96		    501556		-999.00
5751	1496535110	3600		265.94		    501556		-999.00
5752	1496538710	3600		265.60		    501556		-999.00
5753	1496542310	3600		265.60		    501556		-999.00
5754	1496545910	3600		265.22		    501556		-999.00
5755	1496549510	3600		265.21		    501556		-999.00
5756	1496553110	3600		265.21		    501556		-999.00
5757	1496556710	3600		265.21		    501556		-999.00
5758	1496560310	3600		265.21		    501556		-999.00
5759	1496563910	3600		265.20		    501556		-999.00
5760	1496567510	3600		265.20		    501556		-999.00
5761	1496571110	3600		265.19		    501556		-999.00
5762	1496574710	3600		265.36		    501556		-999.00
5763	1496578310	3600		265.36		    501556		-999.00
5764	1496581910	3600		265.36		    501556		-999.00
5765	1496585510	3600		265.19		    501556		-999.00
5766	1496589110	3600		265.19		    501556		-999.00
5767	1496592710	3600		265.19		    501556		-999.00
5768	1496596310	3600		265.19		    501556		-999.00
5769	1496599910	3600		265.53		    501556		-999.00
5770	1496603510	3600		265.19		    501556		-999.00
5771	1496607110	3600		265.19		    501556		-999.00
5772	1496610710	3600		265.36		    501556		-999.00
5773	1496487110	-123600		260.58		    501556		-999.00
5746	1496614138	1200		266.64		  36811031		 16.50
5746	1496617738	3600		266.54		  33670908		 16.50
5746	1496621338	3600		266.40		  28917004		 16.50
5746	1496624938	3600		266.57		  34464973		 16.50
5746	1496628538	3600		266.50		  32142057		 16.50
5746	1496632138	3600		266.45		  30631462		 16.50
5746	1496635738	3600		266.42		  29454394		 16.50
5746	1496639338	3600		266.36		  27550317		 16.50
5746	1496642938	3600		266.32		  26234033		 16.50
5746	1496646538	3600		266.29		  25247055		 16.50
5746	1496650138	3600		266.22		  22899163		 17.00
5746	1496651353	1215		266.24		  23402485		 17.00
5747	1496652553	1200		265.19		  23402485		-999.00
5748	1496656153	3600		265.53		  23402485		-999.00
5749	1496659753	3600		265.53		  23402485		-999.00
5750	1496663353	3600		265.53		  23402485		-999.00
5751	1496666953	3600		265.53		  23402485		-999.00
5752	1496670553	3600		265.53		  23402485		-999.00
5753	1496674153	3600		265.53		  23402485		-999.00
5754	1496677753	3600		265.18		  23402485		-999.00
5755	1496681353	3600		265.52		  23402485		-999.00
5756	1496684953	3600		265.52		  23402485		-999.00
5757	1496688553	3600		265.52		  23402485		-999.00
5758	1496651353	-37200		265.53		  23402485		-999.00
5759	1496692113	1200		265.52		  23402485		-999.00
5760	1496695713	3600		265.50		  23402485		-999.00
5761	1496699313	3600		265.50		  23402485		-999.00
5762	1496702913	3600		265.50		  23402485		-999.00
5763	1496690913	-12000		265.52		  23402485		-999.00
5750	1496704583	1200		266.49		  32880619		 18.00
5750	1496708183	3600		266.56		  35326287		 18.00
5750	1496711783	3600		266.50		  33131950		 18.00
5750	1496715383	3600		266.45		  31525553		 18.00
5750	1496718983	3600		266.41		  30215805		 18.00
5750	1496722583	3600		266.36		  28608979		 18.00
5750	1496724041	1458		266.35		  28068340		 18.00
5751	1496725241	1200		265.50		  28068340		-999.00
5752	1496728841	3600		265.50		  28068340		-999.00
5753	1496732441	3600		265.50		  28068340		-999.00
5754	1496736041	3600		265.50		  28068340		-999.00
5755	1496739641	3600		262.50		  28068340		-999.00
5756	1496743241	3600		260.77		  28068340		-999.00
5757	1496746841	3600		260.43		  28068340		-999.00
5758	1496750441	3600		260.43		  28068340		-999.00
5759	1496754041	3600		260.43		  28068340		-999.00
5760	1496757641	3600		260.43		  28068340		-999.00
5761	1496761241	3600		260.60		  28068340		-999.00
5762	1496764841	3600		260.60		  28068340		-999.00
5763	1496768441	3600		260.60		  28068340		-999.00
5764	1496772041	3600		260.60		  28068340		-999.00
5765	1496775641	3600		260.77		  28068340		-999.00
5766	1496779241	3600		260.77		  28068340		-999.00
5767	1496782841	3600		260.77		  28068340		-999.00
5768	1496786441	3600		260.77		  28068340		-999.00
5769	1496790041	3600		260.77		  28068340		-999.00
5770	1496793641	3600		260.77		  28068340		-999.00
5771	1496797241	3600		260.77		  28068340		-999.00
5772	1496800841	3600		260.77		  28068340		-999.00
5773	1496804441	3600		260.77		  28068340		-999.00
5774	1496808041	3600		260.77		  28068340		-999.00
5775	1496811641	3600		260.77		  28068340		-999.00
5776	1496815241	3600		260.77		  28068340		-999.00
5777	1496818841	3600		260.77		  28068340		-999.00
5778	1496822441	3600		260.77		  28068340		-999.00
5779	1496826041	3600		260.77		  28068340		-999.00
5780	1496829641	3600		260.77		  28068340		-999.00
5781	1496833241	3600		260.77		  28068340		-999.00
5782	1496836841	3600		260.77		  28068340		-999.00
5783	1496840441	3600		260.77		  28068340		-999.00
5784	1496844041	3600		260.77		  28068340		-999.00
5785	1496847641	3600		260.77		  28068340		-999.00
5786	1496851241	3600		260.77		  28068340		-999.00
5787	1496854841	3600		260.77		  28068340		-999.00
5788	1496858441	3600		260.77		  28068340		-999.00
5789	1496862041	3600		260.77		  28068340		-999.00
5790	1496865641	3600		260.77		  28068340		-999.00
5791	1496869241	3600		260.77		  28068340		-999.00
5792	1496872841	3600		260.77		  28068340		-999.00
5793	1496876441	3600		260.77		  28068340		-999.00
5794	1496880041	3600		260.77		  28068340		-999.00
5795	1496883641	3600		260.77		  28068340		-999.00
5796	1496887241	3600		260.77		  28068340		-999.00
5797	1496890841	3600		260.77		  28068340		-999.00
5798	1496894441	3600		260.77		  28068340		-999.00
5799	1496898041	3600		260.94		  28068340		-999.00
5800	1496901641	3600		260.77		  28068340		-999.00
5801	1496905241	3600		260.77		  28068340		-999.00
5802	1496908841	3600		260.77		  28068340		-999.00
5803	1496912441	3600		260.77		  28068340		-999.00
5804	1496916041	3600		260.77		  28068340		-999.00
5805	1496919641	3600		260.77		  28068340		-999.00
5806	1496923241	3600		260.77		  28068340		-999.00
5807	1496926841	3600		260.77		  28068340		-999.00
5808	1496930441	3600		260.77		  28068340		-999.00
5809	1496934041	3600		260.77		  28068340		-999.00
5810	1496937641	3600		260.77		  28068340		-999.00
5811	1496941241	3600		260.77		  28068340		-999.00
5812	1496944841	3600		260.77		  28068340		-999.00
5813	1496948441	3600		260.77		  28068340		-999.00
5814	1496952041	3600		260.77		  28068340		-999.00
5815	1496955641	3600		260.77		  28068340		-999.00
5816	1496959241	3600		260.77		  28068340		-999.00
5817	1496962841	3600		260.77		  28068340		-999.00
5818	1496966441	3600		260.77		  28068340		-999.00
5819	1496970041	3600		260.77		  28068340		-999.00
5820	1496973641	3600		260.77		  28068340		-999.00
5821	1496977241	3600		260.77		  28068340		-999.00
5822	1496980841	3600		260.77		  28068340		-999.00
5823	1496984441	3600		260.77		  28068340		-999.00
5824	1496988041	3600		260.77		  28068340		-999.00
5825	1496991641	3600		264.59		  28068340		-999.00
5826	1496995241	3600		265.46		  28068340		-999.00
5827	1496998841	3600		265.63		  28068340		-999.00
5828	1497002441	3600		265.39		  28068340		-999.00
5829	1497006041	3600		265.39		  28068340		-999.00
5830	1497009641	3600		265.22		  28068340		-999.00
5831	1497013241	3600		265.56		  28068340		-999.00
5832	1497016841	3600		260.62		  28068340		-999.00
5833	1497020441	3600		260.45		  28068340		-999.00
5834	1497024041	3600		260.45		  28068340		-999.00
5835	1497027641	3600		260.45		  28068340		-999.00
5836	1497031241	3600		260.45		  28068340		-999.00
5837	1497034841	3600		260.45		  28068340		-999.00
5838	1497038441	3600		260.45		  28068340		-999.00
5839	1497042041	3600		260.62		  28068340		-999.00
5840	1497045641	3600		260.79		  28068340		-999.00
5841	1497049241	3600		260.79		  28068340		-999.00
5842	1497052841	3600		260.79		  28068340		-999.00
5843	1497056441	3600		260.62		  28068340		-999.00
5844	1497060041	3600		260.62		  28068340		-999.00
5845	1497063641	3600		260.62		  28068340		-999.00
5846	1497067241	3600		260.62		  28068340		-999.00
5847	1497070841	3600		260.62		  28068340		-999.00
5848	1497074441	3600		260.62		  28068340		-999.00
5849	1497078041	3600		260.79		  28068340		-999.00
5850	1497081641	3600		260.45		  28068340		-999.00
5851	1497085241	3600		260.45		  28068340		-999.00
5852	1497088841	3600		260.62		  28068340		-999.00
5853	1497092441	3600		260.62		  28068340		-999.00
5854	1497096041	3600		260.62		  28068340		-999.00
5855	1497099641	3600		260.62		  28068340		-999.00
5856	1497103241	3600		260.62		  28068340		-999.00
5857	1497106841	3600		260.45		  28068340		-999.00
5858	1497110441	3600		260.45		  28068340		-999.00
5859	1497114041	3600		260.45		  28068340		-999.00
5860	1497117641	3600		260.45		  28068340		-999.00
5861	1497121241	3600		260.45		  28068340		-999.00
5862	1497124841	3600		260.62		  28068340		-999.00
5863	1497128441	3600		260.45		  28068340		-999.00
5864	1497132041	3600		260.45		  28068340		-999.00
5865	1497135641	3600		260.45		  28068340		-999.00
5866	1497139241	3600		260.45		  28068340		-999.00
5867	1497142841	3600		260.45		  28068340		-999.00
5868	1497146441	3600		260.45		  28068340		-999.00
5869	1497150041	3600		260.62		  28068340		-999.00
5870	1497153641	3600		260.62		  28068340		-999.00
5871	1497157241	3600		260.79		  28068340		-999.00
5872	1497160841	3600		260.79		  28068340		-999.00
5873	1497164441	3600		260.79		  28068340		-999.00
5874	1497168041	3600		260.45		  28068340		-999.00
5875	1497171641	3600		260.45		  28068340		-999.00
5876	1497175241	3600		260.45		  28068340		-999.00
5877	1497178841	3600		260.45		  28068340		-999.00
5878	1497182441	3600		260.45		  28068340		-999.00
5879	1497186041	3600		260.62		  28068340		-999.00
5880	1497189641	3600		260.45		  28068340		-999.00
5881	1497193241	3600		260.45		  28068340		-999.00
5882	1497196841	3600		260.45		  28068340		-999.00
5883	1497200441	3600		260.62		  28068340		-999.00
5884	1497204041	3600		260.62		  28068340		-999.00
5885	1497207641	3600		260.62		  28068340		-999.00
5886	1497211241	3600		260.79		  28068340		-999.00
5887	1497214841	3600		260.45		  28068340		-999.00
5888	1497218441	3600		260.45		  28068340		-999.00
5889	1497222041	3600		260.45		  28068340		-999.00
5890	1497225641	3600		260.45		  28068340		-999.00
5891	1497229241	3600		260.45		  28068340		-999.00
5892	1497232841	3600		260.62		  28068340		-999.00
5893	1497236441	3600		260.79		  28068340		-999.00
5894	1497240041	3600		260.79		  28068340		-999.00
5895	1497243641	3600		260.79		  28068340		-999.00
5896	1497247241	3600		265.55		  28068340		-999.00
5897	1497250841	3600		265.55		  28068340		-999.00
5898	1496724041	-526800		265.50		  28068340		-999.00
5822	1497254345	1200		265.52		    289762		 15.50
5822	1497257945	3600		265.52		    303308		  7.00
5822	1497261545	3600		265.52		    300893		  7.00
5822	1497261701	156		265.52		    388094		  7.00
5823	1497262901	1200		264.48		    388094		-999.00
5824	1497266501	3600		265.16		    388094		-999.00
5825	1497270101	3600		265.16		    388094		-999.00
5826	1497273701	3600		265.16		    388094		-999.00
5827	1497277301	3600		265.47		    388094		-999.00
5828	1497261701	-15600		265.51		    388094		-999.00
5824	1497281954	1200		267.07		  53290804		 23.50
5824	1497285554	3600		266.96		  49646054		 22.00
5824	1497289154	3600		262.47		  48115225		  8.00
5824	1497292754	3600		262.47		  45221219		  7.50
5824	1497293422	668		262.47		  30678654		  7.50
5825	1497294622	1200		262.47		  30678654		-999.00
5826	1497298222	3600		262.47		  30678654		-999.00
5827	1497301822	3600		262.47		  30678654		-999.00
5828	1497293422	-8400		262.47		  30678654		-999.00
5825	1497304989	1200		267.90		  81201578		 21.00
5825	1497305984	995		268.08		  87175514		 29.00
5826	1497307184	1200		265.46		  87175514		-999.00
5827	1497310784	3600		265.46		  87175514		-999.00
5828	1497314384	3600		265.46		  87175514		-999.00
5829	1497317984	3600		265.46		  87175514		-999.00
5830	1497321584	3600		265.46		  87175514		-999.00
5831	1497325184	3600		265.46		  87175514		-999.00
5832	1497328784	3600		265.46		  87175514		-999.00
5833	1497332384	3600		265.46		  87175514		-999.00
5834	1497335984	3600		265.46		  87175514		-999.00
5835	1497339584	3600		265.46		  87175514		-999.00
5836	1497343184	3600		265.46		  87175514		-999.00
5837	1497346784	3600		265.46		  87175514		-999.00
5838	1497350384	3600		265.46		  87175514		-999.00
5839	1497353984	3600		265.46		  87175514		-999.00
5840	1497357584	3600		265.46		  87175514		-999.00
5841	1497361184	3600		265.46		  87175514		-999.00
5842	1497364784	3600		265.46		  87175514		-999.00
5843	1497368384	3600		265.46		  87175514		-999.00
5844	1497371984	3600		265.46		  87175514		-999.00
5845	1497375584	3600		265.46		  87175514		-999.00
5846	1497379184	3600		265.46		  87175514		-999.00
5847	1497382784	3600		265.46		  87175514		-999.00
5848	1497386384	3600		265.46		  87175514		-999.00
5849	1497389984	3600		265.46		  87175514		-999.00
5850	1497393584	3600		265.45		  87175514		-999.00
5851	1497397184	3600		265.45		  87175514		-999.00
5852	1497400784	3600		265.45		  87175514		-999.00
5853	1497404384	3600		265.45		  87175514		-999.00
5854	1497407984	3600		265.45		  87175514		-999.00
5855	1497411584	3600		265.45		  87175514		-999.00
5856	1497305984	-105600		265.63		  87175514		-999.00
5830	1497415818	1200		268.06		  75467154		 29.50
5830	1497419418	3600		268.12		  77442691		 29.50
5830	1497423018	3600		267.89		  70035887		 29.50
5830	1497426618	3600		267.50		  62508604		 28.00
5830	1497430218	3600		267.55		  64328680		 28.00
5830	1497433818	3600		267.12		  55657308		 28.00
5830	1497437418	3600		267.19		  57765409		 28.00
5830	1497441018	3600		266.97		  50484089		 28.50
5830	1497443221	2203		267.07		  53965574		 28.50
5831	1497444421	1200		265.45		  53965574		-999.00
5832	1497448021	3600		265.45		  53965574		-999.00
5833	1497451621	3600		265.45		  53965574		-999.00
5834	1497455221	3600		262.45		  53965574		-999.00
5835	1497458821	3600		262.45		  53965574		-999.00
5836	1497462421	3600		262.45		  53965574		-999.00
5837	1497443221	-19200		262.45		  53965574		-999.00
5833	1497464685	1200		267.54		  69452113		 31.50
5833	1497468285	3600		267.67		  73905490		 31.50
5833	1497471885	3600		267.53		  69060469		 31.50
5833	1497475485	3600		267.39		  64461165		 31.50
5833	1497477032	1547		267.32		  62308678		 31.50
5834	1497478232	1200		265.45		  62308678		-999.00
5835	1497481832	3600		265.45		  62308678		-999.00
5836	1497485432	3600		265.45		  62308678		-999.00
5837	1497489032	3600		262.45		  62308678		-999.00
5838	1497492632	3600		262.45		  62308678		-999.00
5839	1497477032	-15600		262.45		  62308678		-999.00
5834	1497494478	1200		267.51		  68661092		 34.50
5834	1497498078	3600		267.65		  73282914		 34.50
5834	1497501678	3600		267.48		  67443546		 34.50
5834	1497505278	3600		267.34		  63024596		 34.50
5834	1497508878	3600		267.23		  59296206		 34.50
5834	1497512478	3600		267.12		  55433117		 34.50
5834	1497516078	3600		267.02		  52164653		 34.50
5834	1497519678	3600		262.45		  47847999		  8.50
5834	1497522631	2953		262.45		  44508953		  8.50
5835	1497523831	1200		262.45		  44508953		-999.00
5836	1497527431	3600		262.45		  44508953		-999.00
5837	1497531031	3600		262.45		  44508953		-999.00
5838	1497534631	3600		262.45		  44508953		-999.00
5839	1497538231	3600		262.45		  44508953		-999.00
5840	1497541831	3600		262.45		  44508953		-999.00
5841	1497545431	3600		262.11		  44508953		-999.00
5842	1497549031	3600		262.45		  44508953		-999.00
5843	1497552631	3600		262.45		  44508953		-999.00
5844	1497556231	3600		262.45		  44508953		-999.00
5845	1497559831	3600		262.45		  44508953		-999.00
5846	1497522631	-37200		262.45		  44508953		-999.00
5837	1497561154	1200		268.35		  85122520		 41.50
5837	1497564754	3600		268.52		  90738404		 41.50
5837	1497568354	3600		268.29		  83273093		 41.50
5837	1497571954	3600		268.10		  76895269		 41.50
5837	1497575554	3600		267.94		  71465522		 41.50
5837	1497579154	3600		267.47		  67383144		 41.50
5837	1497582754	3600		267.36		  63619541		 41.50
5837	1497586354	3600		267.23		  59212994		 41.50
5837	1497589954	3600		267.10		  54864237		 33.00
5837	1497593554	3600		266.95		  49724130		 40.00
5837	1497597154	3600		266.92		  49001731		 40.50
5837	1497600754	3600		266.93		  49153959		 40.50
5837	1497601904	1150		266.90		  48109955		 40.50
5838	1497603104	1200		265.45		  48109955		-999.00
5839	1497606704	3600		262.45		  48109955		-999.00
5840	1497610304	3600		262.45		  48109955		-999.00
5841	1497601904	-8400		262.45		  48109955		-999.00
5838	1497611661	1200		268.62		  94264174		 47.00
5838	1497615261	3600		268.20		  86044620		 47.00
5838	1497618861	3600		267.84		  79521079		 46.50
5838	1497621644	2783		267.82		  78921606		 46.50
5839	1497622844	1200		265.45		  78921606		-999.00
5840	1497626444	3600		265.45		  78921606		-999.00
5841	1497630044	3600		262.45		  78921606		-999.00
5842	1497633644	3600		262.45		  78921606		-999.00
5843	1497621644	-12000		262.45		  78921606		-999.00
5839	1497635310	1200		268.40		  86832048		 51.00
5839	1497638910	3600		268.22		  92343352		 51.00
5839	1497642510	3600		268.38		  86311887		 51.00
5839	1497646110	3600		268.24		  81555021		 51.00
5839	1497649710	3600		267.66		  73533179		 50.00
5839	1497653310	3600		267.65		  73113428		 50.00
5839	1497656910	3600		267.48		  67402686		 50.00
5839	1497657191	281		267.44		  66334665		 50.00
5840	1497658391	1200		265.45		  66334665		-999.00
5841	1497661991	3600		262.45		  66334665		-999.00
5842	1497665591	3600		262.45		  66334665		-999.00
5843	1497657191	-8400		262.45		  66334665		-999.00
5840	1497669586	1200		268.05		  86845291		 54.50
5840	1497673186	3600		268.57		  92876418		 54.50
5840	1497676786	3600		268.34		  85202679		 54.50
5840	1497680386	3600		267.70		  75029486		 55.00
5840	1497683986	3600		267.79		  78050114		 55.00
5840	1497687586	3600		267.63		  72634418		 55.00
5840	1497691186	3600		267.40		  64994998		 54.50
5840	1497694363	3177		267.34		  63133579		 54.50
5841	1497695563	1200		262.45		  63133579		-999.00
5842	1497699163	3600		262.45		  63133579		-999.00
5843	1497702763	3600		262.45		  63133579		-999.00
5844	1497706363	3600		262.45		  63133579		-999.00
5845	1497709963	3600		262.29		  63133579		-999.00
5846	1497713563	3600		262.29		  63133579		-999.00
5847	1497717163	3600		262.46		  63133579		-999.00
5848	1497694363	-22800		262.45		  63133579		-999.00
5842	1497721255	1200		269.08		 109663564		 62.00
5842	1497724855	3600		269.49		 117642182		 64.50
5842	1497728455	3600		269.24		 109281203		 64.50
5842	1497732055	3600		268.70		 102805454		 64.50
5842	1497735655	3600		268.49		  95703745		 64.50
5842	1497739255	3600		268.30		  89175717		 64.00
5842	1497742855	3600		268.22		  86609148		 64.00
5842	1497746455	3600		268.09		  82280476		 64.00
5842	1497750055	3600		267.88		  75342358		 65.00
5842	1497753655	3600		267.85		  74453615		 65.00
5842	1497756016	2361		267.78		  71886179		 65.00
5843	1497757216	1200		265.62		  71886179		-999.00
5844	1497760816	3600		265.62		  71886179		-999.00
5845	1497764416	3600		265.62		  71886179		-999.00
5846	1497768016	3600		265.62		  71886179		-999.00
5847	1497771616	3600		265.62		  71886179		-999.00
5848	1497775216	3600		262.45		  71886179		-999.00
5849	1497778816	3600		262.45		  71886179		-999.00
5850	1497782416	3600		262.45		  71886179		-999.00
5851	1497756016	-26400		262.62		  71886179		-999.00
5845	1497783619	1200		269.36		 125041646		 75.50
5845	1497787219	3600		269.82		 128821657		 75.50
5845	1497790819	3600		269.41		 121002204		 75.00
5845	1497792233	1414		269.28		 116603705		 75.00
5846	1497793433	1200		265.61		 116603705		-999.00
5847	1497797033	3600		265.44		 116603705		-999.00
5848	1497800633	3600		265.43		 116603705		-999.00
5849	1497804233	3600		260.91		 116603705		-999.00
5850	1497807833	3600		262.29		 116603705		-999.00
5851	1497811433	3600		262.29		 116603705		-999.00
5852	1497815033	3600		265.63		 116603705		-999.00
5853	1497818633	3600		265.63		 116603705		-999.00
5854	1497822233	3600		265.63		 116603705		-999.00
5855	1497825833	3600		265.63		 116603705		-999.00
5856	1497829433	3600		265.63		 116603705		-999.00
5857	1497833033	3600		265.63		 116603705		-999.00
5858	1497836633	3600		265.63		 116603705		-999.00
5859	1497840233	3600		265.63		 116603705		-999.00
5860	1497843833	3600		265.63		 116603705		-999.00
5861	1497847433	3600		265.63		 116603705		-999.00
5862	1497851033	3600		265.63		 116603705		-999.00
5863	1497854633	3600		265.29		 116603705		-999.00
5864	1497858233	3600		265.29		 116603705		-999.00
5865	1497861833	3600		265.29		 116603705		-999.00
5866	1497865433	3600		265.29		 116603705		-999.00
5867	1497869033	3600		265.29		 116603705		-999.00
5868	1497872633	3600		262.46		 116603705		-999.00
5869	1497876233	3600		262.46		 116603705		-999.00
5870	1497879833	3600		262.29		 116603705		-999.00
5871	1497883433	3600		262.46		 116603705		-999.00
5872	1497887033	3600		262.46		 116603705		-999.00
5873	1497792233	-94800		262.78		 116603705		-999.00
5848	1497888823	1200		269.43		 126257128		 73.00
5848	1497892423	3600		269.94		 131903508		 78.00
5848	1497896023	3600		269.41		 119955423		 77.00
5848	1497899623	3600		269.07		 114341034		 77.00
5848	1497903223	3600		268.93		 109712654		 77.00
5848	1497906823	3600		268.72		 102572183		 77.00
5848	1497910423	3600		268.51		  95592423		 77.00
5848	1497914023	3600		268.38		  91413958		 77.00
5848	1497917623	3600		268.23		  86224117		 77.00
5848	1497921223	3600		268.01		  78848180		 77.50
5848	1497924823	3600		267.96		  77168884		 77.50
5848	1497928423	3600		267.85		  73503623		 77.50
5848	1497932023	3600		267.73		  69799520		 77.50
5848	1497935623	3600		267.62		  65938284		 75.00
5848	1497939223	3600		267.51		  62285873		 75.00
5848	1497942823	3600		262.64		  57095350		  9.00
5848	1497945795	2972		262.29		  53964923		  9.00
5849	1497946995	1200		262.29		  53964923		-999.00
5850	1497950595	3600		262.29		  53964923		-999.00
5851	1497954195	3600		262.29		  53964923		-999.00
5852	1497957795	3600		262.46		  53964923		-999.00
5853	1497945795	-12000		262.29		  53964923		-999.00
5849	1497959301	1200		270.21		 139504334		 95.50
5849	1497962901	3600		270.49		 148832937		 96.50
5849	1497966501	3600		270.18		 138562793		 96.50
5849	1497970101	3600		270.01		 132650400		 96.00
5849	1497973701	3600		269.73		 123396973		 95.50
5849	1497977301	3600		269.51		 116118788		 95.50
5849	1497980901	3600		269.36		 111181669		 95.50
5849	1497984501	3600		269.16		 104278760		 95.50
5849	1497988101	3600		268.76		  97274781		 90.00
5849	1497991701	3600		268.60		  91867142		 95.00
5849	1497995301	3600		268.51		  88679983		 95.00
5849	1497998901	3600		268.34		  83032767		 95.00
5849	1498002501	3600		268.20		  78322757		 95.00
5849	1498006101	3600		268.08		  74466613		 95.00
5849	1498009701	3600		267.94		  69859698		 92.50
5849	1498013301	3600		267.85		  66772889		 92.50
5849	1498016901	3600		267.73		  62901905		 92.50
5849	1498020501	3600		267.65		  60153628		 92.50
5849	1498024101	3600		267.38		  56840797		 90.00
5849	1498027701	3600		267.31		  54427693		 92.50
5849	1498031301	3600		267.24		  52193582		 92.50
5849	1498034901	3600		262.51		  47495521		  9.00
5849	1498037462	2561		262.51		  47516480		  9.00
5850	1498038662	1200		262.51		  47516480		-999.00
5851	1498042262	3600		262.51		  47516480		-999.00
5852	1498045862	3600		262.51		  47516480		-999.00
5853	1498049462	3600		262.51		  47516480		-999.00
5854	1498053062	3600		262.15		  47516480		-999.00
5855	1498056662	3600		262.49		  47516480		-999.00
5856	1498060262	3600		262.49		  47516480		-999.00
5857	1498063862	3600		262.49		  47516480		-999.00
5858	1498067462	3600		262.49		  47516480		-999.00
5859	1498071062	3600		262.49		  47516480		-999.00
5860	1498074662	3600		262.49		  47516480		-999.00
5861	1498078262	3600		262.49		  47516480		-999.00
5862	1498081862	3600		262.49		  47516480		-999.00
5863	1498037462	-44400		262.51		  47516480		-999.00
5856	1498085200	1200		270.92		 175910266		105.00
5856	1498088800	3600		271.03		 167679794		109.50
5856	1498092400	3600		270.65		 160640699		115.50
5856	1498096000	3600		270.51		 150186907		117.50
5856	1498099600	3600		270.25		 141485590		117.50
5856	1498103200	3600		270.01		 133525685		117.50
5856	1498106800	3600		269.79		 126369279		117.50
5856	1498110400	3600		269.28		 120415655		116.00
5856	1498114000	3600		268.88		 112823099		107.50
5856	1498117600	3600		269.23		 107570186		116.50
5856	1498121200	3600		269.07		 102372943		116.50
5856	1498124800	3600		268.92		  97210077		116.50
5856	1498128400	3600		262.49		  88839329		  9.50
5856	1498129704	1304		262.49		  88072409		  9.50
5857	1498130904	1200		262.49		  88072409		-999.00
5858	1498134504	3600		262.49		  88072409		-999.00
5859	1498138104	3600		262.32		  88072409		-999.00
5860	1498141704	3600		262.32		  88072409		-999.00
5861	1498145304	3600		262.32		  88072409		-999.00
5862	1498148904	3600		262.32		  88072409		-999.00
5863	1498152504	3600		262.32		  88072409		-999.00
5864	1498156104	3600		262.66		  88072409		-999.00
5865	1498159704	3600		262.48		  88072409		-999.00
5866	1498163304	3600		262.48		  88072409		-999.00
5867	1498166904	3600		262.48		  88072409		-999.00
5868	1498170504	3600		262.48		  88072409		-999.00
5869	1498174104	3600		262.48		  88072409		-999.00
5870	1498177704	3600		262.48		  88072409		-999.00
5871	1498129704	-48000		262.49		  88072409		-999.00
5862	1498182174	1200		270.74		 156780155		131.50
5862	1498184488	2314		271.05		 167252568		131.50
5863	1498185688	1200		265.52		 167252568		-999.00
5864	1498189288	3600		265.35		 167252568		-999.00
5865	1498192888	3600		265.35		 167252568		-999.00
5866	1498196488	3600		265.35		 167252568		-999.00
5867	1498200088	3600		265.35		 167252568		-999.00
5868	1498203688	3600		265.35		 167252568		-999.00
5869	1498207288	3600		262.52		 167252568		-999.00
5870	1498210888	3600		262.52		 167252568		-999.00
5871	1498214488	3600		262.52		 167252568		-999.00
5872	1498184488	-30000		263.03		 167252568		-999.00
5864	1498218856	1200		270.13		 135618234		127.50
5864	1498222456	3600		270.39		 144455024		127.50
5864	1498226056	3600		270.17		 136987926		127.50
5864	1498229656	3600		269.89		 127795664		125.00
5864	1498233256	3600		269.77		 123510443		127.00
5864	1498236856	3600		269.53		 115519991		127.00
5864	1498239467	2611		269.37		 110232897		127.00
5865	1498240667	1200		265.38		 110232897		-999.00
5866	1498244267	3600		262.55		 110232897		-999.00
5867	1498247867	3600		262.55		 110232897		-999.00
5868	1498251467	3600		262.55		 110232897		-999.00
5869	1498255067	3600		262.55		 110232897		-999.00
5870	1498239467	-15600		262.21		 110232897		-999.00
5865	1498258876	1200		271.22		 171494401		136.50
5865	1498262476	3600		270.74		 155876511		140.00
5865	1498266076	3600		270.58		 150422466		137.00
5865	1498269676	3600		269.84		 142634058		124.50
5865	1498273276	3600		270.10		 134388854		137.50
5865	1498276876	3600		269.95		 129411257		138.50
5865	1498280476	3600		269.70		 120994619		136.50
5865	1498284076	3600		269.58		 116971619		135.50
5865	1498287676	3600		269.19		 109872861		137.00
5865	1498291276	3600		269.02		 104118344		137.00
5865	1498292546	1270		268.89		  99843338		137.00
5866	1498293746	1200		265.56		  99843338		-999.00
5867	1498297346	3600		265.56		  99843338		-999.00
5868	1498300946	3600		265.39		  99843338		-999.00
5869	1498304546	3600		265.56		  99843338		-999.00
5870	1498308146	3600		265.56		  99843338		-999.00
5871	1498311746	3600		262.19		  99843338		-999.00
5872	1498315346	3600		262.53		  99843338		-999.00
5873	1498318946	3600		262.53		  99843338		-999.00
5874	1498322546	3600		262.53		  99843338		-999.00
5875	1498292546	-30000		262.90		  99843338		-999.00
5868	1498327102	1200		271.27		 162685524		155.00
5868	1498330702	3600		271.43		 181222049		142.50
5868	1498332556	1854		271.40		 175211834		154.50
5869	1498333756	1200		265.44		 175211834		-999.00
5870	1498337356	3600		262.44		 175211834		-999.00
5871	1498340956	3600		262.44		 175211834		-999.00
5872	1498332556	-8400		263.14		 175211834		-999.00
5873	1498346315	1200		265.49		 175211834		-999.00
5874	1498349915	3600		262.49		 175211834		-999.00
5875	1498353515	3600		262.49		 175211834		-999.00
5876	1498357115	3600		262.49		 175211834		-999.00
5877	1498360715	3600		262.49		 175211834		-999.00
5878	1498345115	-15600		263.02		 175211834		-999.00
5872	1498362935	1200		270.64		 159773908		152.00
5872	1498366535	3600		271.01		 166360752		154.50
5872	1498370135	3600		270.70		 156234812		154.50
5872	1498373735	3600		270.44		 148018371		151.50
5872	1498377335	3600		270.19		 139745439		154.00
5872	1498380935	3600		269.95		 131788557		154.00
5872	1498384535	3600		269.72		 123967068		152.00
5872	1498388135	3600		269.58		 119371469		152.00
5872	1498391735	3600		269.36		 111959429		152.00
5872	1498395335	3600		269.20		 106548233		152.00
5872	1498398935	3600		268.90		 102427683		151.50
5872	1498402535	3600		268.62		  93091787		152.00
5872	1498406135	3600		268.58		  91987805		152.00
5872	1498409735	3600		268.42		  86490219		152.00
5872	1498413335	3600		268.13		  82644521		151.00
5872	1498416935	3600		268.01		  78555257		151.00
5872	1498420535	3600		267.81		  71846615		149.00
5872	1498421031	496		267.98		  77471255		149.00
5873	1498422231	1200		262.48		  77471255		-999.00
5874	1498425831	3600		262.48		  77471255		-999.00
5875	1498421031	-4800		262.65		  77471255		-999.00
5873	1498430191	1200		271.31		 165739221		179.00
5873	1498433791	3600		271.13		 177037567		159.00
5873	1498437391	3600		270.88		 162842881		173.50
5873	1498440991	3600		270.56		 152119851		175.50
5873	1498444591	3600		270.28		 142883487		175.00
5873	1498448191	3600		270.09		 136656244		175.00
5873	1498451791	3600		269.87		 129235058		174.00
5873	1498455391	3600		269.69		 123069969		172.50
5873	1498458991	3600		269.29		 115713137		172.00
5873	1498462591	3600		269.13		 110322514		172.00
5873	1498466191	3600		268.94		 103996367		172.00
5873	1498466372	181		268.15		  77464194		172.00
5874	1498467572	1200		265.48		  77464194		-999.00
5875	1498471172	3600		262.48		  77464194		-999.00
5876	1498474772	3600		262.48		  77464194		-999.00
5877	1498478372	3600		262.48		  77464194		-999.00
5878	1498481972	3600		262.31		  77464194		-999.00
5879	1498485572	3600		262.31		  77464194		-999.00
5880	1498489172	3600		262.48		  77464194		-999.00
5881	1498492772	3600		262.48		  77464194		-999.00
5882	1498496372	3600		262.48		  77464194		-999.00
5883	1498499972	3600		262.31		  77464194		-999.00
5884	1498503572	3600		262.31		  77464194		-999.00
5885	1498507172	3600		262.48		  77464194		-999.00
5886	1498510772	3600		262.48		  77464194		-999.00
5887	1498466372	-44400		262.82		  77464194		-999.00
5876	1498513169	1200		271.31		 165558893		189.50
5876	1498516769	3600		271.59		 174846888		187.00
5876	1498520369	3600		271.26		 163845605		187.00
5876	1498523969	3600		270.55		 152169295		186.50
5876	1498527569	3600		269.83		 145378901		165.00
5876	1498531169	3600		269.58		 136725834		172.50
5876	1498534769	3600		269.28		 126947442		164.50
5876	1498538369	3600		269.47		 121438181		185.00
5876	1498541969	3600		269.24		 113739737		182.50
5876	1498545569	3600		269.04		 106894768		182.00
5876	1498549169	3600		268.89		 101888614		182.00
5876	1498550756	1587		268.84		 100315308		182.00
5877	1498551956	1200		265.49		 100315308		-999.00
5878	1498555556	3600		265.32		 100315308		-999.00
5879	1498559156	3600		265.32		 100315308		-999.00
5880	1498562756	3600		262.16		 100315308		-999.00
5881	1498566356	3600		262.50		 100315308		-999.00
5882	1498550756	-15600		262.83		 100315308		-999.00
5878	1498569513	1200		271.35		 176557098		201.00
5878	1498573113	3600		270.72		 156302201		201.00
5878	1498576713	3600		270.69		 155342602		199.50
5878	1498580313	3600		270.48		 148143664		196.00
5878	1498583913	3600		270.20		 138910640		198.50
5878	1498587513	3600		270.04		 133581791		198.50
5878	1498591113	3600		269.79		 125543607		195.00
5878	1498594713	3600		269.56		 117678509		197.50
5878	1498598313	3600		269.40		 112290635		197.50
5878	1498601913	3600		269.27		 107994531		195.50
5878	1498605513	3600		269.09		 102131016		195.50
5878	1498609113	3600		268.74		  95965844		196.00
5878	1498612713	3600		268.60		  91589876		193.50
5878	1498614006	1293		268.46		  86918466		193.50
5879	1498615206	1200		265.52		  86918466		-999.00
5880	1498618806	3600		265.52		  86918466		-999.00
5881	1498622406	3600		262.52		  86918466		-999.00
5882	1498626006	3600		262.52		  86918466		-999.00
5883	1498629606	3600		262.52		  86918466		-999.00
5884	1498633206	3600		262.52		  86918466		-999.00
5885	1498636806	3600		262.52		  86918466		-999.00
5886	1498614006	-22800		262.86		  86918466		-999.00
5880	1498638507	1200		271.06		 165961030		218.00
5880	1498642107	3600		271.29		 173740729		215.50
5880	1498644055	1948		271.05		 165661996		215.00
5881	1498645255	1200		265.57		 165661996		-999.00
5882	1498648855	3600		265.57		 165661996		-999.00
5883	1498652455	3600		265.57		 165661996		-999.00
5884	1498656055	3600		262.55		 165661996		-999.00
5885	1498659655	3600		262.55		 165661996		-999.00
5886	1498663255	3600		262.55		 165661996		-999.00
5887	1498644055	-19200		263.08		 165661996		-999.00
5882	1498664876	1200		271.46		 172222808		221.00
5882	1498668476	3600		271.77		 182416703		220.00
5882	1498672076	3600		271.48		 173025111		223.00
5882	1498675676	3600		271.08		 165517860		224.00
5882	1498679276	3600		270.40		 149212221		220.50
5882	1498682876	3600		269.16		 113658399		216.50
5882	1498686476	3600		269.52		 119268154		219.50
5882	1498690076	3600		269.50		 129964106		211.00
5882	1498693676	3600		269.67		 124195395		214.00
5882	1498697276	3600		269.51		 118898632		216.00
5882	1498699786	2510		269.35		 113470669		213.00
5883	1498700986	1200		265.59		 113470669		-999.00
5884	1498704586	3600		262.42		 113470669		-999.00
5885	1498708186	3600		262.59		 113470669		-999.00
5886	1498699786	-8400		262.94		 113470669		-999.00
5883	1498710319	1200		270.80		 150815242		236.00
5883	1498713919	3600		271.55		 178856313		237.50
5883	1498717519	3600		271.30		 170468672		235.50
5883	1498721119	3600		271.11		 162327728		234.00
5883	1498724719	3600		270.76		 150647410		234.50
5883	1498728319	3600		270.61		 145903949		232.00
5883	1498729901	1582		269.55		 139079491		206.00
5884	1498731101	1200		265.74		 139079491		-999.00
5885	1498734701	3600		262.40		 139079491		-999.00
5886	1498738301	3600		262.40		 139079491		-999.00
5887	1498741901	3600		262.40		 139079491		-999.00
5888	1498729901	-12000		262.74		 139079491		-999.00
5889	1498746389	1200		265.59		 139079491		-999.00
5890	1498749989	3600		265.59		 139079491		-999.00
5891	1498753589	3600		265.76		 139079491		-999.00
5892	1498757189	3600		262.40		 139079491		-999.00
5893	1498760789	3600		262.40		 139079491		-999.00
5894	1498745189	-15600		262.93		 139079491		-999.00
5887	1498762146	1200		271.55		 174986364		245.50
5887	1498765746	3600		271.78		 182510162		245.00
5887	1498769346	3600		270.68		 174434023		215.50
5887	1498772946	3600		271.29		 165766269		237.50
5887	1498775337	2391		271.02		 156673965		241.50
5888	1498776537	1200		265.60		 156673965		-999.00
5889	1498780137	3600		265.60		 156673965		-999.00
5890	1498783737	3600		265.60		 156673965		-999.00
5891	1498787337	3600		257.46		 156673965		-999.00
5892	1498790937	3600		257.46		 156673965		-999.00
5893	1498794537	3600		257.46		 156673965		-999.00
5894	1498798137	3600		257.46		 156673965		-999.00
5895	1498801737	3600		260.55		 156673965		-999.00
5896	1498805337	3600		260.55		 156673965		-999.00
5897	1498808937	3600		260.55		 156673965		-999.00
5898	1498812537	3600		260.55		 156673965		-999.00
5899	1498816137	3600		260.55		 156673965		-999.00
5900	1498819737	3600		260.55		 156673965		-999.00
5901	1498823337	3600		260.55		 156673965		-999.00
5902	1498826937	3600		260.55		 156673965		-999.00
5903	1498830537	3600		260.55		 156673965		-999.00
5904	1498834137	3600		260.55		 156673965		-999.00
5905	1498837737	3600		260.55		 156673965		-999.00
5906	1498841337	3600		260.55		 156673965		-999.00
5907	1498844937	3600		260.55		 156673965		-999.00
5908	1498848537	3600		260.55		 156673965		-999.00
5909	1498852137	3600		260.55		 156673965		-999.00
5910	1498855737	3600		260.55		 156673965		-999.00
5911	1498859337	3600		260.55		 156673965		-999.00
5912	1498862937	3600		260.89		 156673965		-999.00
5913	1498866537	3600		260.55		 156673965		-999.00
5914	1498870137	3600		260.72		 156673965		-999.00
5915	1498873737	3600		260.72		 156673965		-999.00
5916	1498877337	3600		260.89		 156673965		-999.00
5917	1498880937	3600		260.55		 156673965		-999.00
5918	1498884537	3600		260.55		 156673965		-999.00
5919	1498888137	3600		260.55		 156673965		-999.00
5920	1498891737	3600		260.55		 156673965		-999.00
5921	1498895337	3600		260.55		 156673965		-999.00
5922	1498898937	3600		260.55		 156673965		-999.00
5923	1498902537	3600		260.55		 156673965		-999.00
5924	1498906137	3600		260.55		 156673965		-999.00
5925	1498909737	3600		260.55		 156673965		-999.00
5926	1498913337	3600		260.55		 156673965		-999.00
5927	1498916937	3600		260.55		 156673965		-999.00
5928	1498920537	3600		260.55		 156673965		-999.00
5929	1498924137	3600		260.55		 156673965		-999.00
5930	1498927737	3600		260.72		 156673965		-999.00
5931	1498931337	3600		260.55		 156673965		-999.00
5932	1498934937	3600		260.55		 156673965		-999.00
5933	1498938537	3600		260.89		 156673965		-999.00
5934	1498942137	3600		260.55		 156673965		-999.00
5935	1498945737	3600		260.55		 156673965		-999.00
5936	1498949337	3600		260.55		 156673965		-999.00
5937	1498952937	3600		260.55		 156673965		-999.00
5938	1498956537	3600		260.55		 156673965		-999.00
5939	1498960137	3600		260.55		 156673965		-999.00
5940	1498963737	3600		260.55		 156673965		-999.00
5941	1498967337	3600		260.55		 156673965		-999.00
5942	1498970937	3600		260.55		 156673965		-999.00
5943	1498974537	3600		260.72		 156673965		-999.00
5944	1498978137	3600		260.55		 156673965		-999.00
5945	1498981737	3600		260.55		 156673965		-999.00
5946	1498985337	3600		260.55		 156673965		-999.00
5947	1498988937	3600		260.55		 156673965		-999.00
5948	1498992537	3600		260.55		 156673965		-999.00
5949	1498996137	3600		260.55		 156673965		-999.00
5950	1498999737	3600		260.55		 156673965		-999.00
5951	1499003337	3600		260.55		 156673965		-999.00
5952	1499006937	3600		260.55		 156673965		-999.00
5953	1499010537	3600		260.55		 156673965		-999.00
5954	1499014137	3600		260.55		 156673965		-999.00
5955	1499017737	3600		260.55		 156673965		-999.00
5956	1499021337	3600		260.55		 156673965		-999.00
5957	1499024937	3600		260.55		 156673965		-999.00
5958	1499028537	3600		260.55		 156673965		-999.00
5959	1499032137	3600		260.55		 156673965		-999.00
5960	1499035737	3600		260.55		 156673965		-999.00
5961	1499039337	3600		260.55		 156673965		-999.00
5962	1499042937	3600		260.55		 156673965		-999.00
5963	1499046537	3600		260.55		 156673965		-999.00
5964	1499050137	3600		260.55		 156673965		-999.00
5965	1499053737	3600		260.72		 156673965		-999.00
5966	1499057337	3600		265.46		 156673965		-999.00
5967	1499060937	3600		265.46		 156673965		-999.00
5968	1499064537	3600		264.82		 156673965		-999.00
5969	1499068137	3600		265.16		 156673965		-999.00
5970	1499071737	3600		265.51		 156673965		-999.00
5971	1499075337	3600		265.51		 156673965		-999.00
5972	1499078937	3600		265.85		 156673965		-999.00
5973	1499082537	3600		265.85		 156673965		-999.00
5974	1499086137	3600		265.85		 156673965		-999.00
5975	1499089737	3600		265.85		 156673965		-999.00
5976	1499093337	3600		265.85		 156673965		-999.00
5977	1499096937	3600		265.60		 156673965		-999.00
5978	1499100537	3600		265.60		 156673965		-999.00
5979	1499104137	3600		265.60		 156673965		-999.00
5980	1499107737	3600		265.60		 156673965		-999.00
5981	1499111337	3600		265.60		 156673965		-999.00
5982	1499114937	3600		265.43		 156673965		-999.00
5983	1499118537	3600		265.43		 156673965		-999.00
5984	1499122137	3600		265.60		 156673965		-999.00
5985	1499125737	3600		265.60		 156673965		-999.00
5986	1499129337	3600		265.60		 156673965		-999.00
5987	1499132937	3600		265.60		 156673965		-999.00
5988	1499136537	3600		265.60		 156673965		-999.00
5989	1499140137	3600		265.60		 156673965		-999.00
5990	1499143737	3600		264.05		 156673965		-999.00
5991	1499147337	3600		263.54		 156673965		-999.00
5992	1499150937	3600		263.54		 156673965		-999.00
5993	1499154537	3600		263.54		 156673965		-999.00
5994	1499158137	3600		263.54		 156673965		-999.00
5995	1499161737	3600		263.54		 156673965		-999.00
5996	1499165337	3600		263.54		 156673965		-999.00
5997	1499168937	3600		263.54		 156673965		-999.00
5998	1499172537	3600		263.54		 156673965		-999.00
5999	1499176137	3600		263.54		 156673965		-999.00
6000	1499179737	3600		263.54		 156673965		-999.00
6001	1499183337	3600		263.54		 156673965		-999.00
6002	1499186937	3600		263.54		 156673965		-999.00
6003	1499190537	3600		263.54		 156673965		-999.00
6004	1499194137	3600		263.54		 156673965		-999.00
6005	1499197737	3600		263.54		 156673965		-999.00
6006	1499201337	3600		264.05		 156673965		-999.00
6007	1499204937	3600		264.05		 156673965		-999.00
6008	1499208537	3600		264.05		 156673965		-999.00
6009	1499212137	3600		264.05		 156673965		-999.00
6010	1499215737	3600		264.05		 156673965		-999.00
6011	1499219337	3600		264.05		 156673965		-999.00
6012	1499222937	3600		264.05		 156673965		-999.00
6013	1499226537	3600		264.05		 156673965		-999.00
6014	1499230137	3600		264.05		 156673965		-999.00
6015	1499233737	3600		263.82		 156673965		-999.00
6016	1499237337	3600		263.82		 156673965		-999.00
6017	1499240937	3600		263.82		 156673965		-999.00
6018	1499244537	3600		263.82		 156673965		-999.00
6019	1499248137	3600		263.82		 156673965		-999.00
6020	1499251737	3600		263.82		 156673965		-999.00
6021	1499255337	3600		263.82		 156673965		-999.00
6022	1499258937	3600		263.82		 156673965		-999.00
6023	1499262537	3600		263.82		 156673965		-999.00
6024	1499266137	3600		263.82		 156673965		-999.00
6025	1499269737	3600		263.99		 156673965		-999.00
6026	1499273337	3600		263.99		 156673965		-999.00
6027	1499276937	3600		263.99		 156673965		-999.00
6028	1499280537	3600		263.99		 156673965		-999.00
6029	1499284137	3600		263.99		 156673965		-999.00
6030	1499287737	3600		263.99		 156673965		-999.00
6031	1499291337	3600		263.99		 156673965		-999.00
6032	1499294937	3600		263.99		 156673965		-999.00
6033	1499298537	3600		263.99		 156673965		-999.00
6034	1499302137	3600		263.99		 156673965		-999.00
6035	1499305737	3600		263.99		 156673965		-999.00
6036	1499309337	3600		263.99		 156673965		-999.00
6037	1499312937	3600		263.99		 156673965		-999.00
6038	1499316537	3600		263.82		 156673965		-999.00
6039	1499320137	3600		263.82		 156673965		-999.00
6040	1499323737	3600		263.82		 156673965		-999.00
6041	1499327337	3600		263.82		 156673965		-999.00
6042	1499330937	3600		263.82		 156673965		-999.00
6043	1499334537	3600		263.82		 156673965		-999.00
6044	1499338137	3600		263.82		 156673965		-999.00
6045	1499341737	3600		263.82		 156673965		-999.00
6046	1499345337	3600		263.82		 156673965		-999.00
6047	1499348937	3600		263.82		 156673965		-999.00
6048	1499352537	3600		263.82		 156673965		-999.00
6049	1499356137	3600		263.82		 156673965		-999.00
6050	1499359737	3600		263.82		 156673965		-999.00
6051	1499363337	3600		263.82		 156673965		-999.00
6052	1499366937	3600		263.82		 156673965		-999.00
6053	1499370537	3600		263.82		 156673965		-999.00
6054	1499374137	3600		263.82		 156673965		-999.00
6055	1499377737	3600		263.82		 156673965		-999.00
6056	1499381337	3600		263.82		 156673965		-999.00
6057	1499384937	3600		263.82		 156673965		-999.00
6058	1499388537	3600		263.82		 156673965		-999.00
6059	1499392137	3600		263.82		 156673965		-999.00
6060	1499395737	3600		263.82		 156673965		-999.00
6061	1499399337	3600		263.99		 156673965		-999.00
6062	1499402937	3600		263.99		 156673965		-999.00
6063	1499406537	3600		263.99		 156673965		-999.00
6064	1499410137	3600		263.99		 156673965		-999.00
6065	1499413737	3600		263.82		 156673965		-999.00
6066	1499417337	3600		263.99		 156673965		-999.00
6067	1499420937	3600		260.99		 156673965		-999.00
6068	1499424537	3600		258.86		 156673965		-999.00
6069	1499428137	3600		259.37		 156673965		-999.00
6070	1499431737	3600		259.37		 156673965		-999.00
6071	1499435337	3600		259.37		 156673965		-999.00
6072	1499438937	3600		264.18		 156673965		-999.00
6073	1499442537	3600		263.82		 156673965		-999.00
6074	1499446137	3600		263.82		 156673965		-999.00
6075	1499449737	3600		258.99		 156673965		-999.00
6076	1499453337	3600		258.64		 156673965		-999.00
6077	1499456937	3600		258.64		 156673965		-999.00
6078	1499460537	3600		258.64		 156673965		-999.00
6079	1499464137	3600		258.64		 156673965		-999.00
6080	1499467737	3600		258.64		 156673965		-999.00
6081	1499471337	3600		258.64		 156673965		-999.00
6082	1499474937	3600		258.98		 156673965		-999.00
6083	1499478537	3600		258.81		 156673965		-999.00
6084	1499482137	3600		258.81		 156673965		-999.00
6085	1499485737	3600		258.81		 156673965		-999.00
6086	1499489337	3600		258.81		 156673965		-999.00
6087	1499492937	3600		258.81		 156673965		-999.00
6088	1499496537	3600		258.81		 156673965		-999.00
6089	1499500137	3600		258.81		 156673965		-999.00
6090	1499503737	3600		258.81		 156673965		-999.00
6091	1499507337	3600		258.81		 156673965		-999.00
6092	1499510937	3600		258.81		 156673965		-999.00
6093	1499514537	3600		258.81		 156673965		-999.00
6094	1499518137	3600		258.81		 156673965		-999.00
6095	1499521737	3600		258.81		 156673965		-999.00
6096	1499525337	3600		258.81		 156673965		-999.00
6097	1499528937	3600		258.81		 156673965		-999.00
6098	1499532537	3600		258.81		 156673965		-999.00
6099	1499536137	3600		258.81		 156673965		-999.00
6100	1499539737	3600		258.81		 156673965		-999.00
6101	1499543337	3600		258.81		 156673965		-999.00
6102	1499546937	3600		258.81		 156673965		-999.00
6103	1499550537	3600		258.81		 156673965		-999.00
6104	1499554137	3600		258.81		 156673965		-999.00
6105	1499557737	3600		258.81		 156673965		-999.00
6106	1499561337	3600		258.81		 156673965		-999.00
6107	1499564937	3600		258.81		 156673965		-999.00
6108	1499568537	3600		258.81		 156673965		-999.00
6109	1499572137	3600		258.81		 156673965		-999.00
6110	1499575737	3600		258.81		 156673965		-999.00
6111	1499579337	3600		258.98		 156673965		-999.00
6112	1499582937	3600		258.81		 156673965		-999.00
6113	1499586537	3600		258.81		 156673965		-999.00
6114	1499590137	3600		258.81		 156673965		-999.00
6115	1499593737	3600		258.81		 156673965		-999.00
6116	1499597337	3600		258.81		 156673965		-999.00
6117	1499600937	3600		258.81		 156673965		-999.00
6118	1499604537	3600		258.81		 156673965		-999.00
6119	1499608137	3600		258.81		 156673965		-999.00
6120	1499611737	3600		263.29		 156673965		-999.00
6121	1499615337	3600		260.97		 156673965		-999.00
6122	1499618937	3600		260.97		 156673965		-999.00
6123	1498775337	-843600		263.32		 156673965		-999.00
6124	1499621135	1200		263.97		 156673965		-999.00
6125	1499624735	3600		263.97		 156673965		-999.00
6126	1499628335	3600		263.97		 156673965		-999.00
6127	1499631935	3600		260.80		 156673965		-999.00
6128	1499635535	3600		256.14		 156673965		-999.00
6129	1499619935	-15600		260.97		 156673965		-999.00
5920	1499637720	1200		257.88		     14907		  8.00
5920	1499641320	3600		263.99		     14255		149.50
5920	1499644920	3600		256.16		     13970		 12.00
5920	1499647414	2494		255.82		     13321		 12.00
5921	1499648614	1200		255.82		     13321		-999.00
5922	1499652214	3600		255.65		     13321		-999.00
5923	1499655814	3600		255.82		     13321		-999.00
5924	1499659414	3600		255.82		     13321		-999.00
5925	1499663014	3600		255.82		     13321		-999.00
5926	1499666614	3600		255.82		     13321		-999.00
5927	1499670214	3600		255.85		     13321		-999.00
5928	1499673814	3600		255.96		     13321		-999.00
5929	1499677414	3600		255.96		     13321		-999.00
5930	1499681014	3600		255.69		     13321		-999.00
5931	1499684614	3600		255.82		     13321		-999.00
5932	1499688214	3600		255.82		     13321		-999.00
5933	1499691814	3600		255.93		     13321		-999.00
5934	1499695414	3600		255.85		     13321		-999.00
5935	1499699014	3600		255.86		     13321		-999.00
5936	1499702614	3600		255.85		     13321		-999.00
5937	1499706214	3600		255.71		     13321		-999.00
5938	1499709814	3600		255.91		     13321		-999.00
5939	1499713414	3600		255.80		     13321		-999.00
5940	1499717014	3600		255.86		     13321		-999.00
5941	1499720614	3600		255.96		     13321		-999.00
5942	1499724214	3600		255.85		     13321		-999.00
5943	1499727814	3600		255.77		     13321		-999.00
5944	1499731414	3600		255.81		     13321		-999.00
5945	1499735014	3600		255.85		     13321		-999.00
5946	1499738614	3600		255.81		     13321		-999.00
5947	1499742214	3600		255.74		     13321		-999.00
5948	1499745814	3600		255.92		     13321		-999.00
5949	1499749414	3600		260.14		     13321		-999.00
5950	1499753014	3600		261.37		     13321		-999.00
5951	1499647414	-105600		255.82		     13321		-999.00
5930	1499757287	1200		263.90		   3866046		144.50
5930	1499760887	3600		263.86		   3647568		147.00
5930	1499764487	3600		263.96		   3538213		147.00
5930	1499765786	1299		263.95		   3064058		147.00
5931	1499766986	1200		260.85		   3064058		-999.00
5932	1499770586	3600		260.80		   3064058		-999.00
5933	1499774186	3600		260.80		   3064058		-999.00
5934	1499777786	3600		260.98		   3064058		-999.00
5935	1499781386	3600		261.02		   3064058		-999.00
5936	1499784986	3600		261.02		   3064058		-999.00
5937	1499788586	3600		261.02		   3064058		-999.00
5938	1499792186	3600		261.13		   3064058		-999.00
5939	1499795786	3600		261.03		   3064058		-999.00
5940	1499799386	3600		261.03		   3064058		-999.00
5941	1499802986	3600		261.00		   3064058		-999.00
5942	1499806586	3600		260.96		   3064058		-999.00
5943	1499810186	3600		260.89		   3064058		-999.00
5944	1499813786	3600		260.96		   3064058		-999.00
5945	1499817386	3600		260.86		   3064058		-999.00
5946	1499820986	3600		260.92		   3064058		-999.00
5947	1499765786	-55200		260.85		   3064058		-999.00
5934	1499823554	1200		265.38		  41232334		159.00
5934	1499827154	3600		265.39		  43303024		159.00
5934	1499830754	3600		265.19		  36745930		148.00
5934	1499834354	3600		263.73		   1480693		145.50
5934	1499837954	3600		263.86		    728583		148.00
5934	1499839139	1185		263.93		    771637		148.00
5935	1499840339	1200		260.90		    771637		-999.00
5936	1499843939	3600		264.09		    771637		-999.00
5937	1499847539	3600		264.02		    771637		-999.00
5938	1499851139	3600		264.09		    771637		-999.00
5939	1499854739	3600		264.04		    771637		-999.00
5940	1499858339	3600		264.09		    771637		-999.00
5941	1499861939	3600		264.09		    771637		-999.00
5942	1499865539	3600		264.03		    771637		-999.00
5943	1499869139	3600		264.02		    771637		-999.00
5944	1499872739	3600		260.06		    771637		-999.00
5945	1499876339	3600		260.06		    771637		-999.00
5946	1499879939	3600		264.60		    771637		-999.00
5947	1499883539	3600		264.60		    771637		-999.00
5948	1499887139	3600		264.60		    771637		-999.00
5949	1499890739	3600		264.60		    771637		-999.00
5950	1499894339	3600		267.60		    771637		-999.00
5951	1499897939	3600		267.60		    771637		-999.00
5952	1499901539	3600		267.60		    771637		-999.00
5953	1499905139	3600		267.60		    771637		-999.00
5954	1499908739	3600		267.60		    771637		-999.00
5955	1499912339	3600		267.60		    771637		-999.00
5956	1499915939	3600		267.60		    771637		-999.00
5957	1499919539	3600		267.60		    771637		-999.00
5958	1499923139	3600		267.60		    771637		-999.00
5959	1499926739	3600		267.60		    771637		-999.00
5960	1499930339	3600		267.60		    771637		-999.00
5961	1499933939	3600		267.60		    771637		-999.00
5962	1499937539	3600		267.60		    771637		-999.00
5963	1499941139	3600		267.60		    771637		-999.00
5964	1499944739	3600		267.60		    771637		-999.00
5965	1499948339	3600		267.60		    771637		-999.00
5966	1499951939	3600		267.60		    771637		-999.00
5967	1499955539	3600		264.60		    771637		-999.00
5968	1499959139	3600		264.60		    771637		-999.00
5969	1499962739	3600		267.60		    771637		-999.00
5970	1499966339	3600		267.60		    771637		-999.00
5971	1499969939	3600		264.60		    771637		-999.00
5972	1499973539	3600		264.60		    771637		-999.00
5973	1499977139	3600		264.60		    771637		-999.00
5974	1499980739	3600		264.60		    771637		-999.00
5975	1499984339	3600		267.60		    771637		-999.00
5976	1499987939	3600		267.60		    771637		-999.00
5977	1499991539	3600		264.60		    771637		-999.00
5978	1499995139	3600		264.60		    771637		-999.00
5979	1499998739	3600		267.60		    771637		-999.00
5980	1500002339	3600		264.60		    771637		-999.00
5981	1500005939	3600		264.60		    771637		-999.00
5982	1500009539	3600		264.60		    771637		-999.00
5983	1499839139	-170400		260.90		    771637		-999.00
5942	1500011712	1200		266.87		  84780175		167.50
5942	1500015312	3600		266.92		  91026145		170.00
5942	1500018741	3429		266.83		  82651619		169.50
5943	1500019941	1200		260.86		  82651619		-999.00
5944	1500023541	3600		260.02		  82651619		-999.00
5945	1500027141	3600		260.02		  82651619		-999.00
5946	1500030741	3600		260.70		  82651619		-999.00
5947	1500034341	3600		260.87		  82651619		-999.00
5948	1500037941	3600		260.99		  82651619		-999.00
5949	1500041541	3600		264.06		  82651619		-999.00
5950	1500045141	3600		264.16		  82651619		-999.00
5951	1500048741	3600		264.16		  82651619		-999.00
5952	1500052341	3600		260.80		  82651619		-999.00
5953	1500018741	-33600		261.35		  82651619		-999.00
5954	1500057659	1200		263.88		  82651619		-999.00
5955	1500061259	3600		260.81		  82651619		-999.00
5956	1500064859	3600		260.81		  82651619		-999.00
5957	1500068459	3600		260.81		  82651619		-999.00
5958	1500072059	3600		261.03		  82651619		-999.00
5959	1500056459	-15600		261.40		  82651619		-999.00
5950	1500074368	1200		268.70		 138525991		189.00
5950	1500077968	3600		268.97		 147624468		190.00
5950	1500081568	3600		268.74		 140014230		190.00
5950	1500085168	3600		268.53		 132929645		190.00
5950	1500088768	3600		268.31		 125626527		191.00
5950	1500092368	3600		268.16		 120525190		186.00
5950	1500095968	3600		267.92		 112537318		188.50
5950	1500099568	3600		267.57		 106909467		188.50
5950	1500103168	3600		267.41		 101716534		188.50
5950	1500106768	3600		267.22		  95112415		186.00
5950	1500110002	3234		266.76		  85395253		184.50
5951	1500111202	1200		260.84		  85395253		-999.00
5952	1500114802	3600		260.84		  85395253		-999.00
5953	1500118402	3600		260.84		  85395253		-999.00
5954	1500122002	3600		260.84		  85395253		-999.00
5955	1500110002	-12000		261.19		  85395253		-999.00
5952	1500124010	1200		268.49		 155113792		185.50
5952	1500127483	3473		269.35		 160904103		206.50
5953	1500128683	1200		263.99		 160904103		-999.00
5954	1500132283	3600		263.99		 160904103		-999.00
5955	1500135883	3600		263.99		 160904103		-999.00
5956	1500139483	3600		263.99		 160904103		-999.00
5957	1500143083	3600		264.28		 160904103		-999.00
5958	1500146683	3600		264.28		 160904103		-999.00
5959	1500150283	3600		264.28		 160904103		-999.00
5960	1500153883	3600		261.30		 160904103		-999.00
5961	1500157483	3600		261.07		 160904103		-999.00
5962	1500161083	3600		261.07		 160904103		-999.00
5963	1500127483	-33600		261.53		 160904103		-999.00
5954	1500163174	1200		269.20		 154305961		211.50
5954	1500166774	3600		269.50		 164249433		209.00
5954	1500170374	3600		269.16		 152932320		209.00
5954	1500172351	1977		269.11		 151222052		209.00
5955	1500173551	1200		263.86		 151222052		-999.00
5956	1500177151	3600		263.86		 151222052		-999.00
5957	1500180751	3600		260.85		 151222052		-999.00
5958	1500184351	3600		260.84		 151222052		-999.00
5959	1500187951	3600		260.67		 151222052		-999.00
5960	1500191551	3600		260.84		 151222052		-999.00
5961	1500195151	3600		260.67		 151222052		-999.00
5962	1500198751	3600		260.84		 151222052		-999.00
5963	1500172351	-26400		261.57		 151222052		-999.00
5958	1500201824	1200		269.10		 150906914		211.50
5958	1500205424	3600		269.35		 159202364		213.50
5958	1500209024	3600		269.02		 148214282		212.00
5958	1500212624	3600		268.84		 142222793		209.50
5958	1500216224	3600		268.57		 133089679		209.50
5958	1500219824	3600		268.43		 128395135		203.00
5958	1500221575	1751		268.26		 122998757		205.50
5959	1500222775	1200		264.57		 122998757		-999.00
5960	1500226375	3600		264.57		 122998757		-999.00
5961	1500229975	3600		264.57		 122998757		-999.00
5962	1500233575	3600		264.57		 122998757		-999.00
5963	1500237175	3600		264.57		 122998757		-999.00
5964	1500240775	3600		264.57		 122998757		-999.00
5965	1500244375	3600		264.57		 122998757		-999.00
5966	1500247975	3600		264.57		 122998757		-999.00
5967	1500251575	3600		261.57		 122998757		-999.00
5968	1500255175	3600		261.57		 122998757		-999.00
5969	1500258775	3600		261.57		 122998757		-999.00
5970	1500262375	3600		261.57		 122998757		-999.00
5971	1500265975	3600		261.57		 122998757		-999.00
5972	1500269575	3600		261.57		 122998757		-999.00
5973	1500273175	3600		260.85		 122998757		-999.00
5974	1500276775	3600		260.85		 122998757		-999.00
5975	1500280375	3600		260.85		 122998757		-999.00
5976	1500283975	3600		260.85		 122998757		-999.00
5977	1500287575	3600		260.79		 122998757		-999.00
5978	1500291175	3600		260.82		 122998757		-999.00
5979	1500294775	3600		260.82		 122998757		-999.00
5980	1500298375	3600		255.99		 122998757		-999.00
5981	1500301975	3600		255.82		 122998757		-999.00
5982	1500305575	3600		255.76		 122998757		-999.00
5983	1500309175	3600		264.25		 122998757		-999.00
5984	1500312775	3600		264.42		 122998757		-999.00
5985	1500316375	3600		264.67		 122998757		-999.00
5986	1500319975	3600		264.52		 122998757		-999.00
5987	1500323575	3600		264.19		 122998757		-999.00
5988	1500327175	3600		264.19		 122998757		-999.00
5989	1500330775	3600		264.19		 122998757		-999.00
5990	1500334375	3600		264.19		 122998757		-999.00
5991	1500337975	3600		264.19		 122998757		-999.00
5992	1500341575	3600		260.99		 122998757		-999.00
5993	1500345175	3600		261.16		 122998757		-999.00
5994	1500221575	-123600		261.57		 122998757		-999.00
5960	1500347506	1200		269.01		 146973053		214.00
5960	1500351106	3600		269.25		 160290380		213.00
5960	1500354706	3600		269.08		 148889991		216.50
5960	1500358306	3600		268.85		 142593872		215.00
5960	1500361906	3600		268.45		 134881889		214.50
5960	1500363130	1224		268.28		 129291412		214.50
5961	1500364330	1200		263.73		 129291412		-999.00
5962	1500367930	3600		264.24		 129291412		-999.00
5963	1500371530	3600		264.27		 129291412		-999.00
5964	1500375130	3600		264.27		 129291412		-999.00
5965	1500378730	3600		264.24		 129291412		-999.00
5966	1500382330	3600		260.70		 129291412		-999.00
5967	1500385930	3600		260.87		 129291412		-999.00
5968	1500363130	-22800		261.40		 129291412		-999.00
5962	1500388072	1200		269.34		 165438075		227.50
5962	1500391672	3600		270.12		 179278126		228.50
5962	1500395272	3600		269.78		 167902388		226.50
5962	1500398872	3600		268.24		 158850172		179.00
5962	1500402472	3600		269.02		 149445164		223.50
5962	1500406072	3600		268.76		 140546441		222.50
5962	1500409672	3600		268.48		 129871003		223.00
5962	1500413272	3600		268.23		 123335505		220.50
5962	1500416008	2736		268.03		 116507555		220.50
5963	1500417208	1200		263.48		 116507555		-999.00
5964	1500420808	3600		260.82		 116507555		-999.00
5965	1500416008	-4800		261.53		 116507555		-999.00
5963	1500425597	1200		269.77		 169144949		243.50
5963	1500429197	3600		269.60		 181448874		209.00
5963	1500430703	1506		270.13		 172889861		238.50
5964	1500431903	1200		263.81		 172889861		-999.00
5965	1500435503	3600		263.81		 172889861		-999.00
5966	1500439103	3600		260.79		 172889861		-999.00
5967	1500430703	-8400		261.94		 172889861		-999.00
5965	1500443005	1200		269.92		 179403602		240.50
5965	1500446605	3600		269.89		 178585390		243.50
5965	1500449205	2600		269.93		 172186253		245.00
5966	1500450405	1200		263.85		 172186253		-999.00
5967	1500454005	3600		260.85		 172186253		-999.00
5968	1500457605	3600		260.91		 172186253		-999.00
5969	1500449205	-8400		261.77		 172186253		-999.00
5966	1500459746	1200		270.26		 184257506		242.50
5966	1500459797	51		268.87		 137652867		245.00
5967	1500460997	1200		263.81		 137652867		-999.00
5968	1500464597	3600		260.80		 137652867		-999.00
5969	1500468197	3600		261.07		 137652867		-999.00
5970	1500471797	3600		261.07		 137652867		-999.00
5971	1500475397	3600		261.07		 137652867		-999.00
5972	1500478997	3600		261.11		 137652867		-999.00
5973	1500482597	3600		261.11		 137652867		-999.00
5974	1500486197	3600		261.08		 137652867		-999.00
5975	1500489797	3600		260.98		 137652867		-999.00
5976	1500493397	3600		260.98		 137652867		-999.00
5977	1500496997	3600		260.98		 137652867		-999.00
5978	1500500597	3600		260.98		 137652867		-999.00
5979	1500459797	-40800		261.74		 137652867		-999.00
5971	1500502325	1200		270.67		 192385867		256.00
5971	1500504042	1717		271.12		 207569462		253.50
5972	1500505242	1200		263.71		 207569462		-999.00
5973	1500508842	3600		260.68		 207569462		-999.00
5974	1500512442	3600		261.02		 207569462		-999.00
5975	1500516042	3600		261.01		 207569462		-999.00
5976	1500504042	-12000		261.90		 207569462		-999.00
5974	1500519366	1200		269.50		 163847223		243.50
5974	1500519389	23		264.99		  13742968		243.50
5975	1500520589	1200		264.10		  13742968		-999.00
5976	1500524189	3600		264.10		  13742968		-999.00
5977	1500527789	3600		264.05		  13742968		-999.00
5978	1500531389	3600		264.31		  13742968		-999.00
5979	1500534989	3600		264.31		  13742968		-999.00
5980	1500538589	3600		260.65		  13742968		-999.00
5981	1500542189	3600		260.99		  13742968		-999.00
5982	1500545789	3600		261.09		  13742968		-999.00
5983	1500519389	-26400		261.58		  13742968		-999.00
5976	1500548479	1200		269.91		 186696641		217.00
5976	1500552079	3600		269.71		 174390003		245.00
5976	1500555679	3600		269.70		 162097008		241.50
5976	1500559279	3600		269.25		 159179187		242.50
5976	1500562879	3600		268.99		 150618445		241.50
5976	1500566479	3600		268.79		 144162991		241.50
5976	1500570079	3600		268.49		 134055612		239.00
5976	1500573679	3600		268.23		 125457491		238.50
5976	1500577279	3600		267.92		 115004863		236.00
5976	1500580879	3600		267.81		 111182916		233.50
5976	1500584479	3600		267.55		 102511309		233.50
5976	1500588079	3600		267.37		  96816581		231.00
5976	1500591679	3600		267.19		  90591494		231.00
5976	1500595279	3600		267.07		  86513051		220.00
5976	1500598879	3600		266.87		  80100499		227.00
5976	1500602479	3600		266.75		  75890342		227.00
5976	1500602624	145		268.63		 138640884		227.00
5977	1500603824	1200		261.47		 138640884		-999.00
5978	1500607424	3600		264.47		 138640884		-999.00
5979	1500611024	3600		264.47		 138640884		-999.00
5980	1500614624	3600		264.47		 138640884		-999.00
5981	1500618224	3600		264.47		 138640884		-999.00
5982	1500621824	3600		264.47		 138640884		-999.00
5983	1500625424	3600		264.47		 138640884		-999.00
5984	1500629024	3600		261.47		 138640884		-999.00
5985	1500632624	3600		261.47		 138640884		-999.00
5986	1500636224	3600		261.47		 138640884		-999.00
5987	1500639824	3600		261.47		 138640884		-999.00
5988	1500643424	3600		261.47		 138640884		-999.00
5989	1500647024	3600		261.47		 138640884		-999.00
5990	1500602624	-44400		261.47		 138640884		-999.00
5979	1500650619	1200		270.27		 193231837		255.50
5979	1500654219	3600		269.19		 157379730		232.00
5979	1500657819	3600		267.78		 110384839		256.50
5979	1500661419	3600		269.35		 162819840		254.50
5979	1500665019	3600		269.09		 153934328		254.00
5979	1500668619	3600		268.83		 145335248		251.50
5979	1500672219	3600		268.53		 135388498		251.50
5979	1500675819	3600		268.31		 128010727		247.50
5979	1500679419	3600		267.93		 115373820		247.50
5979	1500683019	3600		267.83		 111931286		245.50
5979	1500686619	3600		267.63		 105245612		245.50
5979	1500690219	3600		267.45		  99242020		245.50
5979	1500693819	3600		267.19		  90544818		243.00
5979	1500697419	3600		261.47		  85746036		  9.50
5979	1500701019	3600		261.47		  81136239		  9.50
5979	1500704619	3600		261.11		  76476761		  9.50
5979	1500704995	376		261.11		  91381457		  9.50
5980	1500706195	1200		261.01		  91381457		-999.00
5981	1500709795	3600		261.05		  91381457		-999.00
5982	1500713395	3600		261.22		  91381457		-999.00
5983	1500704995	-8400		261.11		  91381457		-999.00
5980	1500717582	1200		267.01		  92013573		246.00
5980	1500721182	3600		267.15		  96678420		243.00
5980	1500724782	3600		267.01		  91859499		243.00
5980	1500728382	3600		266.76		  87596663		241.50
5980	1500731982	3600		266.58		  81343980		241.50
5980	1500735582	3600		266.41		  75755670		239.00
5980	1500739182	3600		266.38		  70577107		235.00
5980	1500740301	1119		266.28		  67093871		232.50
5981	1500741501	1200		263.75		  67093871		-999.00
5982	1500745101	3600		260.89		  67093871		-999.00
5983	1500748701	3600		264.02		  67093871		-999.00
5984	1500752301	3600		264.19		  67093871		-999.00
5985	1500755901	3600		264.19		  67093871		-999.00
5986	1500759501	3600		264.19		  67093871		-999.00
5987	1500763101	3600		264.20		  67093871		-999.00
5988	1500766701	3600		264.20		  67093871		-999.00
5989	1500770301	3600		264.20		  67093871		-999.00
5990	1500773901	3600		264.20		  67093871		-999.00
5991	1500777501	3600		264.20		  67093871		-999.00
5992	1500781101	3600		264.25		  67093871		-999.00
5993	1500784701	3600		264.22		  67093871		-999.00
5994	1500788301	3600		263.79		  67093871		-999.00
5995	1500791901	3600		264.27		  67093871		-999.00
5996	1500795501	3600		264.27		  67093871		-999.00
5997	1500799101	3600		264.29		  67093871		-999.00
5998	1500802701	3600		264.29		  67093871		-999.00
5999	1500806301	3600		264.20		  67093871		-999.00
6000	1500809901	3600		264.20		  67093871		-999.00
6001	1500813501	3600		264.20		  67093871		-999.00
6002	1500817101	3600		264.21		  67093871		-999.00
6003	1500820701	3600		261.00		  67093871		-999.00
6004	1500824301	3600		261.00		  67093871		-999.00
6005	1500827901	3600		264.10		  67093871		-999.00
6006	1500831501	3600		264.10		  67093871		-999.00
6007	1500835101	3600		264.19		  67093871		-999.00
6008	1500838701	3600		264.19		  67093871		-999.00
6009	1500842301	3600		264.19		  67093871		-999.00
6010	1500845901	3600		261.19		  67093871		-999.00
6011	1500849501	3600		261.05		  67093871		-999.00
6012	1500853101	3600		261.06		  67093871		-999.00
6013	1500740301	-112800		261.27		  67093871		-999.00
5984	1500855199	1200		270.24		 188639091		283.50
5984	1500858799	3600		270.98		 204768909		280.00
5984	1500862122	3323		260.97		 190860428		  9.50
5985	1500863322	1200		260.89		 190860428		-999.00
5986	1500866922	3600		256.01		 190860428		-999.00
5987	1500870522	3600		255.60		 190860428		-999.00
5988	1500874122	3600		255.56		 190860428		-999.00
5989	1500877722	3600		255.73		 190860428		-999.00
5990	1500881322	3600		255.73		 190860428		-999.00
5991	1500884922	3600		255.73		 190860428		-999.00
5992	1500888522	3600		258.86		 190860428		-999.00
5993	1500892122	3600		258.86		 190860428		-999.00
5994	1500895722	3600		258.86		 190860428		-999.00
5995	1500899322	3600		258.86		 190860428		-999.00
5996	1500902922	3600		258.86		 190860428		-999.00
5997	1500906522	3600		258.78		 190860428		-999.00
5998	1500910122	3600		258.78		 190860428		-999.00
5999	1500913722	3600		258.84		 190860428		-999.00
6000	1500917322	3600		258.84		 190860428		-999.00
6001	1500920922	3600		258.84		 190860428		-999.00
6002	1500924522	3600		258.74		 190860428		-999.00
6003	1500928122	3600		258.74		 190860428		-999.00
6004	1500931722	3600		258.74		 190860428		-999.00
6005	1500935322	3600		258.74		 190860428		-999.00
6006	1500938922	3600		258.74		 190860428		-999.00
6007	1500942522	3600		258.64		 190860428		-999.00
6008	1500946122	3600		258.54		 190860428		-999.00
6009	1500949722	3600		258.54		 190860428		-999.00
6010	1500953322	3600		258.54		 190860428		-999.00
6011	1500956922	3600		258.54		 190860428		-999.00
6012	1500960522	3600		258.77		 190860428		-999.00
6013	1500964122	3600		258.77		 190860428		-999.00
6014	1500967722	3600		258.79		 190860428		-999.00
6015	1500971322	3600		258.79		 190860428		-999.00
6016	1500974922	3600		258.79		 190860428		-999.00
6017	1500978522	3600		258.87		 190860428		-999.00
6018	1500982122	3600		258.87		 190860428		-999.00
6019	1500985722	3600		258.87		 190860428		-999.00
6020	1500989322	3600		258.87		 190860428		-999.00
6021	1500992922	3600		258.87		 190860428		-999.00
6022	1500996522	3600		258.87		 190860428		-999.00
6023	1501000122	3600		258.87		 190860428		-999.00
6024	1501003722	3600		258.87		 190860428		-999.00
6025	1501007322	3600		258.87		 190860428		-999.00
6026	1501010922	3600		258.87		 190860428		-999.00
6027	1501014522	3600		258.87		 190860428		-999.00
6028	1501018122	3600		258.87		 190860428		-999.00
6029	1501021722	3600		258.87		 190860428		-999.00
6030	1501025322	3600		258.87		 190860428		-999.00
6031	1501028922	3600		258.87		 190860428		-999.00
6032	1501032522	3600		258.87		 190860428		-999.00
6033	1501036122	3600		258.87		 190860428		-999.00
6034	1501039722	3600		258.87		 190860428		-999.00
6035	1501043322	3600		258.87		 190860428		-999.00
6036	1501046922	3600		258.87		 190860428		-999.00
6037	1501050522	3600		255.87		 190860428		-999.00
6038	1501054122	3600		261.58		 190860428		-999.00
6039	1501057722	3600		261.48		 190860428		-999.00
6040	1501061322	3600		261.43		 190860428		-999.00
6041	1501064922	3600		261.44		 190860428		-999.00
6042	1501068522	3600		261.46		 190860428		-999.00
6043	1501072122	3600		261.09		 190860428		-999.00
6044	1501075722	3600		261.16		 190860428		-999.00
6045	1501079322	3600		261.06		 190860428		-999.00
6046	1501082922	3600		261.15		 190860428		-999.00
6047	1501086522	3600		260.60		 190860428		-999.00
6048	1501090122	3600		261.22		 190860428		-999.00
6049	1501093722	3600		261.22		 190860428		-999.00
6050	1501097322	3600		261.22		 190860428		-999.00
6051	1501100922	3600		261.22		 190860428		-999.00
6052	1501104522	3600		261.22		 190860428		-999.00
6053	1501108122	3600		261.22		 190860428		-999.00
6054	1501111722	3600		261.22		 190860428		-999.00
6055	1501115322	3600		261.22		 190860428		-999.00
6056	1501118922	3600		261.22		 190860428		-999.00
6057	1501122522	3600		261.22		 190860428		-999.00
6058	1501126122	3600		264.22		 190860428		-999.00
6059	1501129722	3600		264.20		 190860428		-999.00
6060	1501133322	3600		264.17		 190860428		-999.00
6061	1501136922	3600		264.04		 190860428		-999.00
6062	1501140522	3600		264.11		 190860428		-999.00
6063	1501144122	3600		260.68		 190860428		-999.00
6064	1501147722	3600		261.14		 190860428		-999.00
6065	1500862122	-285600		260.98		 190860428		-999.00
6012	1501151852	1200		263.96		     22518		210.00
6012	1501155452	3600		264.01		     26370		210.00
6012	1501159052	3600		263.96		     25815		210.00
6012	1501162652	3600		264.01		     25033		210.00
6012	1501166252	3600		264.03		     24763		210.00
6012	1501169852	3600		264.01		     24186		210.00
6012	1501173452	3600		264.03		     23682		210.00
6012	1501177052	3600		263.99		     23491		210.00
6012	1501179889	2837		263.98		     23122		210.00
6013	1501181089	1200		264.18		     23122		-999.00
6014	1501184689	3600		264.18		     23122		-999.00
6015	1501188289	3600		261.12		     23122		-999.00
6016	1501191889	3600		264.21		     23122		-999.00
6017	1501195489	3600		261.18		     23122		-999.00
6018	1501179889	-15600		261.17		     23122		-999.00
6019	1501199509	1200		264.15		     23122		-999.00
6020	1501203109	3600		261.14		     23122		-999.00
6021	1501206709	3600		260.87		     23122		-999.00
6022	1501198309	-8400		261.09		     23122		-999.00
6016	1501207978	1200		263.96		     30744		209.50
6016	1501211578	3600		263.98		     35782		209.50
6016	1501215178	3600		263.98		     35620		209.00
6016	1501218778	3600		263.98		     35494		209.00
6016	1501222378	3600		264.04		     30661		214.50
6016	1501225978	3600		264.15		     13044		209.00
6016	1501229578	3600		264.01		     23361		216.50
6016	1501233178	3600		264.06		     16085		213.00
6016	1501236778	3600		263.92		     31245		206.50
6016	1501240378	3600		264.06		     23217		216.00
6016	1501243978	3600		264.02		      9985		213.00
6016	1501247578	3600		263.97		     36250		208.50
6016	1501251178	3600		264.00		     36247		208.50
6016	1501254778	3600		264.05		     32377		207.50
6016	1501258378	3600		263.97		     26107		207.50
6016	1501261978	3600		264.03		     28651		207.50
6016	1501265274	3296		263.98		     16488		208.00
6017	1501266474	1200		264.17		     16488		-999.00
6018	1501270074	3600		261.15		     16488		-999.00
6019	1501273674	3600		261.08		     16488		-999.00
6020	1501277274	3600		261.22		     16488		-999.00
6021	1501265274	-12000		261.04		     16488		-999.00
6022	1501280637	1200		264.10		     16488		-999.00
6023	1501284237	3600		264.08		     16488		-999.00
6024	1501287837	3600		264.09		     16488		-999.00
6025	1501291437	3600		260.92		     16488		-999.00
6026	1501295037	3600		261.14		     16488		-999.00
6027	1501298637	3600		261.18		     16488		-999.00
6028	1501279437	-19200		261.28		     16488		-999.00
6019	1501303329	1200		265.51		  43711922		221.00
6019	1501306929	3600		265.14		  37585054		212.50
6019	1501310529	3600		264.00		    715769		208.50
6019	1501314129	3600		264.00		    749043		208.50
6019	1501314368	239		260.98		    750443		  9.50
6020	1501315568	1200		260.25		    750443		-999.00
6021	1501319168	3600		260.92		    750443		-999.00
6022	1501322768	3600		261.09		    750443		-999.00
6023	1501314368	-8400		261.14		    750443		-999.00
6020	1501324283	1200		269.94		 178596215		266.00
6020	1501326979	2696		270.45		 189749160		272.50
6021	1501328179	1200		263.93		 189749160		-999.00
6022	1501331779	3600		264.27		 189749160		-999.00
6023	1501335379	3600		260.97		 189749160		-999.00
6024	1501338979	3600		261.09		 189749160		-999.00
6025	1501326979	-12000		261.83		 189749160		-999.00
6026	1501341526	1200		264.19		 189749160		-999.00
6027	1501345126	3600		261.19		 189749160		-999.00
6028	1501348726	3600		261.14		 189749160		-999.00
6029	1501352326	3600		261.17		 189749160		-999.00
6030	1501355926	3600		261.11		 189749160		-999.00
6031	1501340326	-15600		261.57		 189749160		-999.00
6024	1501358491	1200		269.87		 174375672		269.00
6024	1501362091	3600		270.09		 179235057		269.00
6024	1501365691	3600		269.77		 168265262		269.50
6024	1501369291	3600		269.56		 162575571		267.50
6024	1501372891	3600		269.23		 151804515		268.00
6024	1501376491	3600		268.96		 145242340		265.50
6024	1501380091	3600		268.57		 134115224		262.50
6024	1501383691	3600		268.23		 123489701		262.50
6024	1501387291	3600		268.08		 116583957		263.50
6024	1501390891	3600		267.81		 110633422		261.00
6024	1501394491	3600		267.54		 103806517		258.50
6024	1501398091	3600		267.35		  97519720		256.00
6024	1501401691	3600		267.01		  90084794		253.00
6024	1501405291	3600		266.83		  83806894		253.00
6024	1501408891	3600		266.70		  79312019		253.00
6024	1501412491	3600		266.56		  74407670		253.00
6024	1501415152	2661		266.43		  71057725		250.50
6025	1501416352	1200		260.95		  71057725		-999.00
6026	1501419952	3600		261.11		  71057725		-999.00
6027	1501423552	3600		261.08		  71057725		-999.00
6028	1501427152	3600		261.09		  71057725		-999.00
6029	1501430752	3600		261.14		  71057725		-999.00
6030	1501415152	-15600		261.08		  71057725		-999.00
6026	1501434493	1200		269.69		 166896413		288.50
6026	1501438093	3600		270.05		 177269988		288.00
6026	1501441693	3600		269.76		 167408085		287.50
6026	1501445293	3600		269.47		 159803313		284.00
6026	1501448893	3600		269.07		 149136364		284.00
6026	1501452493	3600		268.87		 141835030		281.50
6026	1501456093	3600		268.57		 133352004		281.50
6026	1501459693	3600		268.15		 120630887		277.00
6026	1501463293	3600		266.58		 115217497		225.50
6026	1501466893	3600		267.77		 109844001		276.50
6026	1501470493	3600		267.54		 103256274		274.00
6026	1501474093	3600		267.30		  96520195		271.50
6026	1501477693	3600		267.14		  91157236		272.00
6026	1501481293	3600		266.98		  87185575		269.50
6026	1501484893	3600		266.83		  82092187		269.50
6026	1501488493	3600		266.67		  78368143		267.00
6026	1501489502	1009		266.07		  61743455		267.00
6027	1501490702	1200		260.93		  61743455		-999.00
6028	1501494302	3600		260.42		  61743455		-999.00
6029	1501497902	3600		264.02		  61743455		-999.00
6030	1501501502	3600		264.02		  61743455		-999.00
6031	1501505102	3600		264.02		  61743455		-999.00
6032	1501508702	3600		260.66		  61743455		-999.00
6033	1501512302	3600		260.98		  61743455		-999.00
6034	1501489502	-22800		261.03		  61743455		-999.00
6030	1501514516	1200		269.95		 186106349		307.00
6030	1501518116	3600		270.46		 191946253		309.50
6030	1501521716	3600		270.16		 181895395		307.00
6030	1501522858	1142		269.88		 172394597		304.50
6055	1502183052	1200		269.75		 173380486		478.50
6055	1502185328	2276		270.11		 185198983		482.50
6056	1502186528	1200		264.21		 185198983		-999.00
6057	1502190128	3600		263.70		 185198983		-999.00
6058	1502193728	3600		263.70		 185198983		-999.00
6059	1502197328	3600		261.21		 185198983		-999.00
6060	1502200928	3600		260.70		 185198983		-999.00
6061	1502185328	-15600		261.55		 185198983		-999.00
6057	1502205563	1200		269.98		 180582360		495.50
6057	1502209163	3600		270.37		 193492530		492.00
6057	1502211662	2499		269.99		 180811483		490.00
6058	1502212862	1200		264.04		 180811483		-999.00
6059	1502216462	3600		264.04		 180811483		-999.00
6060	1502220062	3600		264.21		 180811483		-999.00
6061	1502223662	3600		264.21		 180811483		-999.00
6062	1502227262	3600		264.21		 180811483		-999.00
6063	1502230862	3600		261.21		 180811483		-999.00
6064	1502234462	3600		260.69		 180811483		-999.00
6065	1502238062	3600		264.20		 180811483		-999.00
6066	1502241662	3600		264.20		 180811483		-999.00
6067	1502245262	3600		260.67		 180811483		-999.00
6068	1502211662	-33600		261.57		 180811483		-999.00
6060	1502247988	1200		269.57		 167453031		490.50
6060	1502251588	3600		269.97		 180893059		482.00
6060	1502255188	3600		269.58		 167875780		480.50
6060	1502258788	3600		269.35		 160161498		475.00
6060	1502262388	3600		269.00		 148505929		473.00
6060	1502265988	3600		268.81		 142058528		471.00
6060	1502269588	3600		268.58		 134297430		466.00
6060	1502273188	3600		268.22		 122193045		466.00
6060	1502276788	3600		268.03		 115879430		465.00
6060	1502280388	3600		267.84		 109560505		462.00
6060	1502283988	3600		267.67		 103902619		459.00
6060	1502287588	3600		267.13		  97341110		457.50
6060	1502291188	3600		266.98		  92250822		455.00
6060	1502294788	3600		266.79		  86000280		452.50
6060	1502298367	3579		266.54		  77716583		447.00
6061	1502299567	1200		261.21		  77716583		-999.00
6062	1502303167	3600		260.70		  77716583		-999.00
6063	1502306767	3600		260.70		  77716583		-999.00
6064	1502298367	-8400		261.21		  77716583		-999.00
6061	1502309110	1200		270.44		 194406606		514.50
6061	1502312710	3600		270.89		 209414464		515.50
6061	1502316310	3600		270.52		 197162505		509.50
6061	1502319910	3600		270.11		 183283367		505.00
6061	1502323510	3600		269.79		 172685829		500.00
6061	1502327110	3600		269.48		 162846145		497.50
6061	1502330710	3600		269.18		 153062175		493.00
6061	1502334310	3600		268.84		 141832911		492.00
6061	1502337910	3600		268.54		 131741186		488.50
6061	1502341510	3600		267.80		 118214591		477.50
6061	1502341770	260		261.25		 118992882		  9.50
6062	1502342970	1200		264.23		 118992882		-999.00
6063	1502346570	3600		265.12		 118992882		-999.00
6064	1502350170	3600		264.19		 118992882		-999.00
6065	1502353770	3600		264.19		 118992882		-999.00
6066	1502357370	3600		263.85		 118992882		-999.00
6067	1502360970	3600		263.85		 118992882		-999.00
6068	1502364570	3600		264.19		 118992882		-999.00
6069	1502368170	3600		263.85		 118992882		-999.00
6070	1502371770	3600		264.19		 118992882		-999.00
6071	1502375370	3600		264.17		 118992882		-999.00
6072	1502378970	3600		264.17		 118992882		-999.00
6073	1502382570	3600		261.17		 118992882		-999.00
6074	1502386170	3600		260.65		 118992882		-999.00
6075	1502389770	3600		261.16		 118992882		-999.00
6076	1502393370	3600		260.65		 118992882		-999.00
6077	1502396970	3600		260.65		 118992882		-999.00
6078	1502400570	3600		260.99		 118992882		-999.00
6079	1502404170	3600		261.16		 118992882		-999.00
6080	1502407770	3600		260.99		 118992882		-999.00
6081	1502411370	3600		260.82		 118992882		-999.00
6082	1502414970	3600		260.65		 118992882		-999.00
6083	1502418570	3600		260.65		 118992882		-999.00
6084	1502422170	3600		260.65		 118992882		-999.00
6085	1502425770	3600		260.65		 118992882		-999.00
6086	1502429370	3600		261.16		 118992882		-999.00
6087	1502432970	3600		261.16		 118992882		-999.00
6088	1502436570	3600		261.16		 118992882		-999.00
6089	1502440170	3600		255.84		 118992882		-999.00
6090	1502443770	3600		255.84		 118992882		-999.00
6091	1502447370	3600		265.70		 118992882		-999.00
6092	1502450970	3600		264.48		 118992882		-999.00
6093	1502454570	3600		264.65		 118992882		-999.00
6094	1502458170	3600		261.65		 118992882		-999.00
6095	1502461770	3600		256.14		 118992882		-999.00
6096	1502465370	3600		255.79		 118992882		-999.00
6097	1502468970	3600		255.62		 118992882		-999.00
6098	1502472570	3600		255.62		 118992882		-999.00
6099	1502476170	3600		255.79		 118992882		-999.00
6100	1502479770	3600		255.79		 118992882		-999.00
6101	1502483370	3600		255.79		 118992882		-999.00
6102	1502486970	3600		260.46		 118992882		-999.00
6103	1502490570	3600		261.32		 118992882		-999.00
6104	1502494170	3600		261.15		 118992882		-999.00
6105	1502341770	-152400		261.25		 118992882		-999.00
6072	1502495493	1200		265.40		  41601315		430.00
6072	1502496145	652		265.36		  40128222		430.00
6073	1502497345	1200		263.98		  40128222		-999.00
6074	1502500945	3600		260.64		  40128222		-999.00
6075	1502504545	3600		260.64		  40128222		-999.00
6076	1502508145	3600		260.64		  40128222		-999.00
6077	1502511745	3600		260.64		  40128222		-999.00
6078	1502515345	3600		260.64		  40128222		-999.00
6079	1502518945	3600		260.64		  40128222		-999.00
6080	1502522545	3600		260.64		  40128222		-999.00
6081	1502526145	3600		260.64		  40128222		-999.00
6082	1502529745	3600		263.99		  40128222		-999.00
6083	1502533345	3600		263.99		  40128222		-999.00
6084	1502536945	3600		263.82		  40128222		-999.00
6085	1502540545	3600		264.17		  40128222		-999.00
6086	1502544145	3600		264.17		  40128222		-999.00
6087	1502547745	3600		264.17		  40128222		-999.00
6088	1502551345	3600		264.17		  40128222		-999.00
6089	1502554945	3600		264.17		  40128222		-999.00
6090	1502558545	3600		264.17		  40128222		-999.00
6091	1502562145	3600		264.17		  40128222		-999.00
6092	1502565745	3600		264.17		  40128222		-999.00
6093	1502569345	3600		264.17		  40128222		-999.00
6094	1502572945	3600		264.17		  40128222		-999.00
6095	1502576545	3600		264.17		  40128222		-999.00
6096	1502580145	3600		264.17		  40128222		-999.00
6097	1502583745	3600		264.17		  40128222		-999.00
6098	1502587345	3600		264.17		  40128222		-999.00
6099	1502590945	3600		264.17		  40128222		-999.00
6100	1502594545	3600		264.17		  40128222		-999.00
6101	1502598145	3600		264.17		  40128222		-999.00
6102	1502601745	3600		264.17		  40128222		-999.00
6103	1502605345	3600		264.00		  40128222		-999.00
6104	1502608945	3600		263.83		  40128222		-999.00
6105	1502612545	3600		263.83		  40128222		-999.00
6106	1502616145	3600		263.66		  40128222		-999.00
6107	1502619745	3600		263.66		  40128222		-999.00
6108	1502623345	3600		263.66		  40128222		-999.00
6109	1502626945	3600		263.66		  40128222		-999.00
6110	1502630545	3600		263.66		  40128222		-999.00
6111	1502634145	3600		263.66		  40128222		-999.00
6112	1502637745	3600		263.66		  40128222		-999.00
6113	1502641345	3600		263.66		  40128222		-999.00
6114	1502644945	3600		263.66		  40128222		-999.00
6115	1502648545	3600		263.66		  40128222		-999.00
6116	1502652145	3600		263.66		  40128222		-999.00
6117	1502655745	3600		263.66		  40128222		-999.00
6118	1502659345	3600		263.83		  40128222		-999.00
6119	1502662945	3600		263.66		  40128222		-999.00
6120	1502666545	3600		264.00		  40128222		-999.00
6121	1502496145	-170400		263.98		  40128222		-999.00
6079	1502668363	1200		265.20		  40149129		429.00
6079	1502671963	3600		265.25		  41902458		408.50
6079	1502675563	3600		261.00		  38890957		  9.50
6079	1502677876	2313		261.00		  35877467		  9.50
6080	1502679076	1200		260.66		  35877467		-999.00
6081	1502682676	3600		260.66		  35877467		-999.00
6082	1502686276	3600		261.00		  35877467		-999.00
6083	1502689876	3600		261.00		  35877467		-999.00
6084	1502693476	3600		261.00		  35877467		-999.00
6085	1502697076	3600		261.00		  35877467		-999.00
6086	1502700676	3600		261.00		  35877467		-999.00
6087	1502704276	3600		261.00		  35877467		-999.00
6088	1502677876	-26400		261.00		  35877467		-999.00
6082	1502706560	1200		266.29		  70565846		446.00
6082	1502710160	3600		266.39		  73779736		436.50
6082	1502713760	3600		266.22		  68040710		437.00
6082	1502717360	3600		266.06		  62661222		434.00
6082	1502720960	3600		265.97		  59855202		432.00
6082	1502724560	3600		265.85		  55685977		431.50
6082	1502727074	2514		265.68		  50145924		426.00
6083	1502728274	1200		260.67		  50145924		-999.00
6084	1502731874	3600		261.01		  50145924		-999.00
6085	1502735474	3600		261.01		  50145924		-999.00
6086	1502739074	3600		260.67		  50145924		-999.00
6087	1502727074	-12000		261.18		  50145924		-999.00
6084	1502740616	1200		266.65		  82309192		452.50
6084	1502744216	3600		266.74		  85476925		447.00
6084	1502747816	3600		266.57		  79877531		446.00
6084	1502751416	3600		266.42		  74860840		443.50
6084	1502755016	3600		266.30		  70656643		443.00
6084	1502758616	3600		266.16		  66210599		440.50
6084	1502761052	2436		265.96		  59594658		435.00
6085	1502762252	1200		260.67		  59594658		-999.00
6086	1502765852	3600		263.64		  59594658		-999.00
6087	1502769452	3600		263.64		  59594658		-999.00
6088	1502773052	3600		264.00		  59594658		-999.00
6089	1502761052	-12000		264.18		  59594658		-999.00
6086	1502777812	1200		267.02		  95040082		459.00
6086	1502781412	3600		267.45		  98092197		455.50
6086	1502785012	3600		267.21		  90120379		454.50
6086	1502786673	1661		267.16		  88352367		451.50
6087	1502787873	1200		264.00		  88352367		-999.00
6088	1502791473	3600		264.00		  88352367		-999.00
6089	1502795073	3600		264.00		  88352367		-999.00
6090	1502798673	3600		264.17		  88352367		-999.00
6091	1502802273	3600		261.00		  88352367		-999.00
6092	1502805873	3600		260.66		  88352367		-999.00
6093	1502809473	3600		261.00		  88352367		-999.00
6094	1502813073	3600		261.00		  88352367		-999.00
6095	1502816673	3600		260.66		  88352367		-999.00
6096	1502820273	3600		260.66		  88352367		-999.00
6097	1502823873	3600		260.66		  88352367		-999.00
6098	1502827473	3600		260.66		  88352367		-999.00
6099	1502831073	3600		261.00		  88352367		-999.00
6100	1502786673	-44400		261.51		  88352367		-999.00
6089	1502832382	1200		267.25		  91185635		462.00
6089	1502835982	3600		267.38		  95815546		457.00
6089	1502839582	3600		267.19		  89409716		454.50
6089	1502843182	3600		267.02		  83767325		451.50
6089	1502846782	3600		266.88		  79162799		448.50
6089	1502850382	3600		266.73		  74150566		448.50
6089	1502853982	3600		266.60		  69621649		446.00
6089	1502855100	1118		265.86		  56377100		443.50
6090	1502856300	1200		261.17		  56377100		-999.00
6091	1502859900	3600		260.65		  56377100		-999.00
6092	1502863500	3600		260.65		  56377100		-999.00
6093	1502867100	3600		260.65		  56377100		-999.00
6094	1502855100	-12000		261.17		  56377100		-999.00
6090	1502868595	1200		267.82		 110102359		469.00
6090	1502872195	3600		268.00		 116083762		467.00
6090	1502875795	3600		267.71		 106600271		468.00
6090	1502879395	3600		267.57		 101649383		463.50
6090	1502882995	3600		267.33		  93726035		460.50
6090	1502886595	3600		267.20		  89601266		458.00
6090	1502888937	2342		267.05		  84379663		458.50
6091	1502890137	1200		264.18		  84379663		-999.00
6092	1502893737	3600		261.00		  84379663		-999.00
6093	1502897337	3600		260.66		  84379663		-999.00
6094	1502888937	-8400		261.52		  84379663		-999.00
6091	1502901605	1200		268.23		 123313016		477.50
6091	1502905205	3600		268.01		 116597765		473.00
6091	1502908805	3600		267.85		 110957879		474.00
6091	1502912405	3600		267.69		 105679781		468.50
6091	1502916005	3600		267.45		  97678093		469.50
6091	1502919605	3600		267.32		  93333634		467.00
6091	1502922925	3320		266.68		  83384335		461.50
6092	1502924125	1200		260.67		  83384335		-999.00
6093	1502927725	3600		260.67		  83384335		-999.00
6094	1502931325	3600		260.67		  83384335		-999.00
6095	1502934925	3600		260.99		  83384335		-999.00
6096	1502938525	3600		260.83		  83384335		-999.00
6097	1502922925	-15600		261.18		  83384335		-999.00
6093	1502941808	1200		268.02		 116615426		486.00
6093	1502945408	3600		268.11		 119781278		479.50
6093	1502948442	3034		267.91		 113022796		477.00
6094	1502949642	1200		264.01		 113022796		-999.00
6095	1502953242	3600		263.84		 113022796		-999.00
6096	1502956842	3600		264.01		 113022796		-999.00
6097	1502960442	3600		263.67		 113022796		-999.00
6098	1502948442	-12000		264.52		 113022796		-999.00
6094	1502961961	1200		268.01		 115981438		490.00
6094	1502965561	3600		268.24		 123777612		481.50
6094	1502967522	1961		268.03		 116923380		479.00
6095	1502968722	1200		263.68		 116923380		-999.00
6096	1502972322	3600		260.68		 116923380		-999.00
6097	1502975922	3600		260.68		 116923380		-999.00
6098	1502967522	-8400		261.53		 116923380		-999.00
6096	1502978179	1200		268.01		 116240564		487.50
6096	1502981779	3600		268.19		 122174807		485.00
6096	1502985379	3600		267.96		 114559452		481.50
6096	1502988529	3150		267.80		 109146113		476.50
6097	1502989729	1200		264.02		 109146113		-999.00
6098	1502993329	3600		260.68		 109146113		-999.00
6099	1502996929	3600		260.85		 109146113		-999.00
6100	1502988529	-8400		261.53		 109146113		-999.00
6097	1503000146	1200		267.91		 112266726		490.50
6097	1503003746	3600		267.79		 119653607		476.50
6097	1503007346	3600		267.88		 111173756		480.50
6097	1503010946	3600		267.72		 105892141		478.50
6097	1503014546	3600		267.50		  98722056		477.00
6097	1503018146	3600		267.22		  94824641		454.00
6097	1503021746	3600		266.88		  89285886		474.50
6097	1503025346	3600		266.68		  82811603		469.50
6097	1503028946	3600		266.56		  78696445		471.00
6097	1503032546	3600		266.45		  74978472		468.50
6097	1503036146	3600		266.34		  71286001		468.00
6097	1503039746	3600		266.22		  67294470		466.50
6097	1503043346	3600		261.20		  61279404		  9.50
6097	1503044345	999		261.20		  61593772		  9.50
6098	1503045545	1200		260.69		  61593772		-999.00
6099	1503049145	3600		261.03		  61593772		-999.00
6100	1503052745	3600		261.03		  61593772		-999.00
6101	1503044345	-8400		261.20		  61593772		-999.00
6098	1503054017	1200		268.25		 123221560		495.50
6098	1503057617	3600		268.37		 127458480		496.00
6098	1503060648	3031		268.15		 119968356		490.00
6099	1503061848	1200		264.04		 119968356		-999.00
6100	1503065448	3600		263.70		 119968356		-999.00
6101	1503069048	3600		263.70		 119968356		-999.00
6102	1503072648	3600		263.70		 119968356		-999.00
6103	1503076248	3600		260.70		 119968356		-999.00
6104	1503079848	3600		264.21		 119968356		-999.00
6105	1503083448	3600		264.21		 119968356		-999.00
6106	1503087048	3600		260.70		 119968356		-999.00
6107	1503090648	3600		260.70		 119968356		-999.00
6108	1503094248	3600		260.69		 119968356		-999.00
6109	1503097848	3600		260.69		 119968356		-999.00
6110	1503101448	3600		260.69		 119968356		-999.00
6111	1503105048	3600		260.69		 119968356		-999.00
6112	1503108648	3600		260.69		 119968356		-999.00
6113	1503112248	3600		260.69		 119968356		-999.00
6114	1503115848	3600		260.69		 119968356		-999.00
6115	1503119448	3600		260.69		 119968356		-999.00
6116	1503123048	3600		260.69		 119968356		-999.00
6117	1503126648	3600		260.69		 119968356		-999.00
6118	1503130248	3600		260.69		 119968356		-999.00
6119	1503133848	3600		261.03		 119968356		-999.00
6120	1503060648	-73200		261.55		 119968356		-999.00
6104	1503135070	1200		267.61		 102289566		488.50
6104	1503138670	3600		267.72		 105849789		482.00
6104	1503142270	3600		267.50		  98719235		478.50
6104	1503145870	3600		267.03		  94126057		474.50
6104	1503149470	3600		266.83		  87644308		475.00
6104	1503153070	3600		266.72		  83752208		469.00
6104	1503156670	3600		266.55		  78272413		470.50
6104	1503160270	3600		266.39		  72884596		471.00
6104	1503163870	3600		266.29		  69636499		468.00
6104	1503167470	3600		261.20		  63672624		  9.50
6104	1503168259	789		261.20		  63928971		  9.50
6105	1503169459	1200		260.68		  63928971		-999.00
6106	1503173059	3600		260.68		  63928971		-999.00
6107	1503168259	-4800		261.20		  63928971		-999.00
6105	1503177567	1200		267.86		 110795156		497.50
6105	1503181167	3600		267.96		 113894895		492.50
6105	1503184767	3600		267.79		 108207335		489.00
6105	1503188367	3600		267.58		 101321939		485.50
6105	1503189370	1003		267.43		  96346820		485.50
6106	1503190570	1200		264.03		  96346820		-999.00
6107	1503194170	3600		264.03		  96346820		-999.00
6108	1503197770	3600		264.03		  96346820		-999.00
6109	1503201370	3600		264.03		  96346820		-999.00
6110	1503204970	3600		264.03		  96346820		-999.00
6111	1503208570	3600		264.03		  96346820		-999.00
6112	1503212170	3600		264.03		  96346820		-999.00
6113	1503215770	3600		264.03		  96346820		-999.00
6114	1503219370	3600		264.03		  96346820		-999.00
6115	1503222970	3600		261.02		  96346820		-999.00
6116	1503226570	3600		260.68		  96346820		-999.00
6117	1503230170	3600		261.02		  96346820		-999.00
6118	1503189370	-40800		261.54		  96346820		-999.00
6106	1503232246	1200		267.69		 105267547		495.00
6106	1503235846	3600		267.92		 112949819		491.50
6106	1503239446	3600		267.69		 105368826		488.50
6106	1503243046	3600		267.56		 100966442		488.50
6106	1503246646	3600		267.36		  94301658		488.50
6106	1503250246	3600		266.91		  90489760		457.50
6106	1503253846	3600		266.74		  84854382		484.50
6106	1503257446	3600		266.59		  79893343		482.50
6106	1503261046	3600		266.45		  75285708		482.50
6106	1503264646	3600		266.37		  72691537		479.50
6106	1503268246	3600		266.24		  68112178		479.00
6106	1503271846	3600		266.14		  64900036		461.50
6106	1503275446	3600		266.04		  61566911		474.00
6106	1503277270	1824		261.19		  54062839		 10.00
6107	1503278470	1200		260.68		  54062839		-999.00
6108	1503282070	3600		260.68		  54062839		-999.00
6109	1503285670	3600		260.68		  54062839		-999.00
6110	1503289270	3600		260.69		  54062839		-999.00
6111	1503292870	3600		260.69		  54062839		-999.00
6112	1503296470	3600		261.20		  54062839		-999.00
6113	1503300070	3600		260.69		  54062839		-999.00
6114	1503303670	3600		260.69		  54062839		-999.00
6115	1503307270	3600		260.69		  54062839		-999.00
6116	1503310870	3600		260.69		  54062839		-999.00
6117	1503277270	-33600		261.19		  54062839		-999.00
6110	1503315145	1200		267.32		  98228304		503.00
6110	1503318745	3600		267.69		 104838312		493.50
6110	1503322345	3600		267.27		  96808257		495.00
6110	1503325945	3600		267.10		  91081646		466.00
6110	1503329545	3600		266.78		  86153042		491.50
6110	1503333145	3600		266.64		  81241727		464.00
6110	1503336745	3600		266.46		  75253050		484.00
6110	1503340345	3600		266.33		  70988638		482.00
6110	1503343945	3600		266.33		  66698203		484.50
6110	1503347545	3600		266.24		  63513599		480.00
6110	1503351145	3600		266.12		  59611330		478.00
6110	1503354745	3600		266.02		  56382622		476.00
6110	1503357979	3234		261.33		  51042397		  9.50
6111	1503359179	1200		261.03		  51042397		-999.00
6112	1503362779	3600		260.69		  51042397		-999.00
6113	1503366379	3600		261.04		  51042397		-999.00
6114	1503369979	3600		260.70		  51042397		-999.00
6115	1503373579	3600		261.04		  51042397		-999.00
6116	1503377179	3600		260.70		  51042397		-999.00
6117	1503380779	3600		260.70		  51042397		-999.00
6118	1503357979	-22800		261.33		  51042397		-999.00
6114	1503385533	1200		268.00		 115604392		505.00
6114	1503389133	3600		267.68		 104773359		505.00
6114	1503392733	3600		267.57		 101252514		500.00
6114	1503392777	44		266.21		  55881165		500.00
6115	1503393977	1200		256.47		  55881165		-999.00
6116	1503397577	3600		263.85		  55881165		-999.00
6117	1503401177	3600		264.02		  55881165		-999.00
6118	1503404777	3600		261.02		  55881165		-999.00
6119	1503408377	3600		260.83		  55881165		-999.00
6120	1503411977	3600		260.84		  55881165		-999.00
6121	1503415577	3600		264.01		  55881165		-999.00
6122	1503419177	3600		264.01		  55881165		-999.00
6123	1503422777	3600		260.67		  55881165		-999.00
6124	1503426377	3600		260.67		  55881165		-999.00
6125	1503429977	3600		260.67		  55881165		-999.00
6126	1503433577	3600		260.67		  55881165		-999.00
6127	1503392777	-40800		261.53		  55881165		-999.00
6116	1503438045	1200		266.97		  87201343		493.00
6116	1503441645	3600		267.71		 106369854		499.50
6116	1503445245	3600		267.30		  92522611		494.50
6116	1503448845	3600		266.99		  82429570		493.50
6116	1503452445	3600		266.83		  76984141		490.50
6116	1503456045	3600		266.75		  74170259		486.50
6116	1503457583	1538		266.67		  71625187		487.00
6117	1503458783	1200		264.17		  71625187		-999.00
6118	1503462383	3600		264.17		  71625187		-999.00
6119	1503465983	3600		263.66		  71625187		-999.00
6120	1503469583	3600		261.00		  71625187		-999.00
6121	1503473183	3600		264.17		  71625187		-999.00
6122	1503476783	3600		263.97		  71625187		-999.00
6123	1503480383	3600		263.80		  71625187		-999.00
6124	1503457583	-22800		264.52		  71625187		-999.00
6119	1503484978	1200		267.39		  96916740		512.50
6119	1503488578	3600		267.67		 106003099		504.00
6119	1503492178	3600		267.41		  97308131		501.00
6119	1503495778	3600		267.28		  93277489		500.00
6119	1503499378	3600		267.08		  86312265		497.50
6119	1503502978	3600		266.98		  83002108		497.00
6119	1503505045	2067		266.85		  78825565		494.50
6120	1503506245	1200		263.97		  78825565		-999.00
6121	1503509845	3600		260.80		  78825565		-999.00
6122	1503513445	3600		260.63		  78825565		-999.00
6123	1503517045	3600		263.99		  78825565		-999.00
6124	1503520645	3600		263.65		  78825565		-999.00
6125	1503524245	3600		263.83		  78825565		-999.00
6126	1503527845	3600		264.01		  78825565		-999.00
6127	1503531445	3600		260.67		  78825565		-999.00
6128	1503535045	3600		260.67		  78825565		-999.00
6129	1503538645	3600		261.02		  78825565		-999.00
6130	1503505045	-33600		261.49		  78825565		-999.00
6123	1503542533	1200		269.48		 162913538		551.00
6123	1503542966	433		270.15		 185371756		551.00
6124	1503544166	1200		264.07		 185371756		-999.00
6125	1503547766	3600		264.07		 185371756		-999.00
6126	1503551366	3600		264.07		 185371756		-999.00
6127	1503554966	3600		264.07		 185371756		-999.00
6128	1503558566	3600		264.07		 185371756		-999.00
6129	1503562166	3600		264.07		 185371756		-999.00
6130	1503565766	3600		260.89		 185371756		-999.00
6131	1503569366	3600		260.72		 185371756		-999.00
6132	1503572966	3600		260.72		 185371756		-999.00
6133	1503576566	3600		261.06		 185371756		-999.00
6134	1503580166	3600		260.72		 185371756		-999.00
6135	1503583766	3600		263.72		 185371756		-999.00
6136	1503587366	3600		263.72		 185371756		-999.00
6137	1503590966	3600		263.72		 185371756		-999.00
6138	1503594566	3600		264.06		 185371756		-999.00
6139	1503598166	3600		264.06		 185371756		-999.00
6140	1503601766	3600		264.06		 185371756		-999.00
6141	1503605366	3600		264.06		 185371756		-999.00
6142	1503608966	3600		264.06		 185371756		-999.00
6143	1503612566	3600		264.06		 185371756		-999.00
6144	1503616166	3600		264.06		 185371756		-999.00
6145	1503619766	3600		264.06		 185371756		-999.00
6146	1503623366	3600		264.06		 185371756		-999.00
6147	1503626966	3600		264.06		 185371756		-999.00
6148	1503630566	3600		264.06		 185371756		-999.00
6149	1503634166	3600		264.06		 185371756		-999.00
6150	1503637766	3600		263.72		 185371756		-999.00
6151	1503641366	3600		263.72		 185371756		-999.00
6152	1503644966	3600		263.89		 185371756		-999.00
6153	1503648566	3600		263.89		 185371756		-999.00
6154	1503652166	3600		263.87		 185371756		-999.00
6155	1503655766	3600		263.87		 185371756		-999.00
6156	1503659366	3600		263.87		 185371756		-999.00
6157	1503662966	3600		263.87		 185371756		-999.00
6158	1503666566	3600		263.87		 185371756		-999.00
6159	1503670166	3600		263.87		 185371756		-999.00
6160	1503673766	3600		263.87		 185371756		-999.00
6161	1503677366	3600		263.87		 185371756		-999.00
6162	1503680966	3600		263.87		 185371756		-999.00
6163	1503684566	3600		263.87		 185371756		-999.00
6164	1503688166	3600		263.87		 185371756		-999.00
6165	1503691766	3600		263.87		 185371756		-999.00
6166	1503695366	3600		264.04		 185371756		-999.00
6167	1503698966	3600		260.87		 185371756		-999.00
6168	1503702566	3600		260.70		 185371756		-999.00
6169	1503706166	3600		260.70		 185371756		-999.00
6170	1503709766	3600		261.04		 185371756		-999.00
6171	1503713366	3600		261.04		 185371756		-999.00
6172	1503716966	3600		260.70		 185371756		-999.00
6173	1503720566	3600		260.70		 185371756		-999.00
6174	1503724166	3600		260.69		 185371756		-999.00
6175	1503727766	3600		260.69		 185371756		-999.00
6176	1503731366	3600		260.86		 185371756		-999.00
6177	1503734966	3600		260.69		 185371756		-999.00
6178	1503738566	3600		260.69		 185371756		-999.00
6179	1503742166	3600		260.69		 185371756		-999.00
6180	1503745766	3600		261.03		 185371756		-999.00
6181	1503542966	-202800		261.59		 185371756		-999.00
6136	1503749744	1200		266.26		  69120438		490.50
6136	1503753344	3600		266.35		  72144147		482.50
6136	1503756944	3600		266.20		  67046317		480.00
6136	1503760544	3600		266.10		  63649655		480.00
6136	1503764144	3600		265.97		  59332186		479.50
6136	1503767181	3037		265.88		  56504254		477.00
6137	1503768381	1200		264.19		  56504254		-999.00
6138	1503771981	3600		264.19		  56504254		-999.00
6139	1503775581	3600		264.19		  56504254		-999.00
6140	1503779181	3600		263.84		  56504254		-999.00
6141	1503782781	3600		263.84		  56504254		-999.00
6142	1503786381	3600		263.84		  56504254		-999.00
6143	1503789981	3600		263.84		  56504254		-999.00
6144	1503793581	3600		263.84		  56504254		-999.00
6145	1503797181	3600		264.18		  56504254		-999.00
6146	1503800781	3600		264.18		  56504254		-999.00
6147	1503804381	3600		264.18		  56504254		-999.00
6148	1503807981	3600		264.18		  56504254		-999.00
6149	1503811581	3600		264.18		  56504254		-999.00
6150	1503815181	3600		260.67		  56504254		-999.00
6151	1503818781	3600		260.67		  56504254		-999.00
6152	1503767181	-51600		261.19		  56504254		-999.00
6138	1503820254	1200		266.81		  81954556		500.00
6138	1503823854	3600		266.97		  87373355		492.00
6138	1503827454	3600		266.76		  80466753		486.00
6138	1503831054	3600		266.63		  76028240		489.00
6138	1503831666	612		266.61		  75474249		487.50
6139	1503832866	1200		264.18		  75474249		-999.00
6140	1503836466	3600		260.65		  75474249		-999.00
6141	1503840066	3600		260.99		  75474249		-999.00
6142	1503843666	3600		264.16		  75474249		-999.00
6143	1503847266	3600		260.82		  75474249		-999.00
6144	1503850866	3600		260.82		  75474249		-999.00
6145	1503831666	-19200		261.35		  75474249		-999.00
6140	1503852135	1200		267.90		 112667274		515.50
6140	1503855735	3600		268.01		 116494875		511.50
6140	1503859335	3600		267.78		 108839755		509.50
6140	1503862935	3600		267.57		 101623413		504.50
6140	1503866535	3600		267.33		  93777608		500.00
6140	1503870135	3600		267.17		  88279536		500.00
6140	1503873735	3600		267.00		  82698980		498.50
6140	1503877335	3600		266.82		  76889716		496.00
6140	1503880935	3600		266.70		  72697922		494.00
6140	1503884535	3600		266.61		  69880115		491.00
6140	1503888135	3600		266.47		  65248103		491.50
6140	1503891735	3600		266.38		  62103173		491.00
6140	1503895335	3600		266.27		  58596890		488.50
6140	1503898935	3600		266.19		  55889764		486.50
6140	1503899521	586		261.35		  53530215		  9.50
6141	1503900721	1200		261.01		  53530215		-999.00
6142	1503904321	3600		260.67		  53530215		-999.00
6143	1503907921	3600		260.84		  53530215		-999.00
6144	1503899521	-8400		261.18		  53530215		-999.00
6141	1503909698	1200		267.69		 105440352		517.00
6141	1503912502	2804		267.83		 110235674		517.00
6142	1503913702	1200		264.01		 110235674		-999.00
6143	1503917302	3600		260.84		 110235674		-999.00
6144	1503920902	3600		260.84		 110235674		-999.00
6145	1503912502	-8400		261.52		 110235674		-999.00
6142	1503923523	1200		267.83		 110280061		524.50
6142	1503927123	3600		267.97		 114727363		519.50
6142	1503930723	3600		267.69		 105713956		517.50
6142	1503934323	3600		267.52		  99825102		515.00
6142	1503937923	3600		267.30		  92575222		492.50
6142	1503941523	3600		267.18		  88553804		509.50
6142	1503945123	3600		266.97		  81468646		505.00
6142	1503948723	3600		266.82		  76596894		504.00
6142	1503952323	3600		266.69		  72294495		504.00
6142	1503955923	3600		266.57		  68357355		501.50
6142	1503959523	3600		266.45		  64313776		498.50
6142	1503963123	3600		266.35		  60944277		496.00
6142	1503966723	3600		266.24		  57215984		496.00
6142	1503970323	3600		266.16		  54632501		496.00
6142	1503973432	3109		265.84		  49478884		493.50
6143	1503974632	1200		260.67		  49478884		-999.00
6144	1503978232	3600		260.67		  49478884		-999.00
6145	1503981832	3600		260.84		  49478884		-999.00
6146	1503973432	-8400		261.35		  49478884		-999.00
6143	1503983640	1200		267.73		 106411387		530.50
6143	1503987240	3600		267.85		 110719790		526.00
6143	1503990840	3600		267.59		 101881346		523.50
6143	1503994440	3600		267.48		  98374191		519.50
6143	1503998040	3600		267.25		  90397569		518.50
6143	1504001640	3600		267.13		  86670447		514.00
6143	1504005240	3600		266.96		  80989066		511.50
6143	1504008840	3600		266.81		  76002255		509.50
6143	1504012440	3600		266.69		  71920058		509.00
6143	1504016040	3600		266.60		  68722920		508.00
6143	1504019640	3600		266.48		  65027368		505.50
6143	1504023240	3600		266.38		  61437153		503.50
6143	1504026840	3600		266.29		  58534503		503.50
6143	1504030440	3600		265.96		  53283921		497.00
6143	1504032055	1615		261.36		  53000609		  9.50
6144	1504033255	1200		260.81		  53000609		-999.00
6145	1504036855	3600		260.63		  53000609		-999.00
6146	1504040455	3600		260.64		  53000609		-999.00
6147	1504044055	3600		260.64		  53000609		-999.00
6148	1504047655	3600		260.81		  53000609		-999.00
6149	1504051255	3600		260.97		  53000609		-999.00
6150	1504054855	3600		260.80		  53000609		-999.00
6151	1504032055	-22800		261.36		  53000609		-999.00
6146	1504058391	1200		267.62		 103963993		534.50
6146	1504058494	103		267.86		 111883520		534.50
6147	1504059694	1200		263.99		 111883520		-999.00
6148	1504063294	3600		260.65		 111883520		-999.00
6149	1504066894	3600		260.82		 111883520		-999.00
6150	1504058494	-8400		261.50		 111883520		-999.00
6147	1504069663	1200		267.57		 106970351		492.50
6147	1504073263	3600		267.47		 115047471		492.00
6147	1504076863	3600		267.70		 105846042		531.50
6147	1504080463	3600		267.51		  99497758		525.00
6147	1504084063	3600		267.33		  93288515		523.50
6147	1504087663	3600		267.17		  88113527		521.50
6147	1504091263	3600		267.01		  82724230		518.50
6147	1504094863	3600		266.72		  78724350		513.00
6147	1504098463	3600		266.58		  73993127		517.50
6147	1504102063	3600		266.46		  70083766		513.50
6147	1504105663	3600		266.31		  65209430		513.00
6147	1504109263	3600		266.22		  61963070		511.00
6147	1504112863	3600		266.11		  58511819		508.00
6147	1504116463	3600		266.03		  55673476		507.00
6147	1504120063	3600		261.36		  50718275		  9.50
6147	1504120694	631		261.36		  53993600		  9.50
6148	1504121894	1200		260.97		  53993600		-999.00
6149	1504125494	3600		264.14		  53993600		-999.00
6150	1504129094	3600		264.14		  53993600		-999.00
6151	1504132694	3600		260.95		  53993600		-999.00
6152	1504136294	3600		260.78		  53993600		-999.00
6153	1504139894	3600		260.61		  53993600		-999.00
6154	1504143494	3600		260.61		  53993600		-999.00
6155	1504147094	3600		260.77		  53993600		-999.00
6156	1504150694	3600		260.94		  53993600		-999.00
6157	1504154294	3600		264.11		  53993600		-999.00
6158	1504157894	3600		263.93		  53993600		-999.00
6159	1504161494	3600		264.11		  53993600		-999.00
6160	1504165094	3600		264.11		  53993600		-999.00
6161	1504168694	3600		260.94		  53993600		-999.00
6162	1504172294	3600		260.77		  53993600		-999.00
6163	1504120694	-51600		261.36		  53993600		-999.00
6152	1504175837	1200		266.90		  81865046		526.00
6152	1504179437	3600		267.00		  85148767		520.00
6152	1504183037	3600		266.83		  79419277		519.00
6152	1504186637	3600		266.68		  74448898		514.00
6152	1504190237	3600		266.55		  70061435		513.00
6152	1504193837	3600		266.43		  66044504		511.50
6152	1504197079	3242		260.94		  59988857		  9.50
6153	1504198279	1200		260.77		  59988857		-999.00
6154	1504201879	3600		260.77		  59988857		-999.00
6155	1504205479	3600		261.11		  59988857		-999.00
6156	1504209079	3600		260.76		  59988857		-999.00
6157	1504212679	3600		261.10		  59988857		-999.00
6158	1504216279	3600		260.76		  59988857		-999.00
6159	1504197079	-19200		260.94		  59988857		-999.00
6155	1504220201	1200		266.81		  84826184		529.50
6155	1504221588	1387		267.07		  93546048		528.00
6156	1504222788	1200		261.10		  93546048		-999.00
6157	1504226388	3600		260.72		  93546048		-999.00
6158	1504221588	-4800		261.27		  93546048		-999.00
6156	1504230731	1200		266.77		  84367011		530.00
6156	1504234331	3600		266.84		  86916554		526.00
6156	1504237931	3600		266.67		  81185355		525.00
6156	1504241531	3600		266.52		  76269259		520.00
6156	1504245131	3600		266.37		  71118118		518.50
6156	1504248731	3600		266.26		  67507327		517.00
6156	1504252331	3600		266.13		  63235814		516.50
6156	1504255931	3600		266.01		  59060340		511.50
6156	1504259531	3600		265.70		  54299705		486.50
6156	1504260509	978		265.61		  51571328		510.50
6157	1504261709	1200		260.89		  51571328		-999.00
6158	1504265309	3600		263.37		  51571328		-999.00
6159	1504268909	3600		264.06		  51571328		-999.00
6160	1504272509	3600		264.06		  51571328		-999.00
6161	1504276109	3600		264.06		  51571328		-999.00
6162	1504279709	3600		260.72		  51571328		-999.00
6163	1504283309	3600		260.72		  51571328		-999.00
6164	1504260509	-22800		261.07		  51571328		-999.00
6158	1504285084	1200		267.06		  94495118		534.00
6158	1504288684	3600		266.85		  87348178		529.00
6158	1504292284	3600		266.42		  78688005		525.00
6158	1504295884	3600		266.38		  77562312		525.00
6158	1504299484	3600		266.19		  71039671		523.00
6158	1504303084	3600		266.10		  68274551		519.50
6158	1504304550	1466		265.79		  57864285		516.50
6159	1504305750	1200		264.06		  57864285		-999.00
6160	1504309350	3600		260.72		  57864285		-999.00
6161	1504312950	3600		261.06		  57864285		-999.00
6162	1504304550	-8400		261.06		  57864285		-999.00
6159	1504316880	1200		266.98		  91730199		501.50
6159	1504320480	3600		267.12		  96390099		534.50
6159	1504324080	3600		267.00		  92379596		533.50
6159	1504327680	3600		266.82		  86603087		532.00
6159	1504331280	3600		266.67		  81338892		531.00
6159	1504332187	907		266.59		  78848347		528.50
6160	1504333387	1200		264.06		  78848347		-999.00
6161	1504336987	3600		261.06		  78848347		-999.00
6162	1504340587	3600		261.06		  78848347		-999.00
6163	1504332187	-8400		261.23		  78848347		-999.00
6160	1504343175	1200		267.43		  95346882		537.00
6160	1504346775	3600		267.48		  97008567		534.50
6160	1504350375	3600		267.26		  89756064		535.50
6160	1504353975	3600		267.14		  85613587		530.50
6160	1504357575	3600		266.94		  79199937		531.50
6160	1504361175	3600		266.85		  76028654		527.00
6160	1504364775	3600		266.27		  67972540		525.00
6160	1504364957	182		266.54		  77041874		443.50
6161	1504366157	1200		264.05		  77041874		-999.00
6162	1504369757	3600		264.05		  77041874		-999.00
6163	1504373357	3600		264.05		  77041874		-999.00
6164	1504376957	3600		264.05		  77041874		-999.00
6165	1504380557	3600		264.05		  77041874		-999.00
6166	1504384157	3600		264.05		  77041874		-999.00
6167	1504387757	3600		264.05		  77041874		-999.00
6168	1504391357	3600		264.05		  77041874		-999.00
6169	1504394957	3600		260.88		  77041874		-999.00
6170	1504398557	3600		260.71		  77041874		-999.00
6171	1504402157	3600		260.88		  77041874		-999.00
6172	1504364957	-37200		261.23		  77041874		-999.00
6161	1504403438	1200		267.64		 102344883		550.00
6161	1504407038	3600		267.86		 109707815		544.00
6161	1504410638	3600		267.61		 101386499		543.50
6161	1504414238	3600		267.30		  96592539		541.00
6161	1504417838	3600		267.10		  89932295		538.00
6161	1504421438	3600		266.95		  84900960		537.50
6161	1504425038	3600		266.81		  80320052		535.00
6161	1504428638	3600		266.65		  74861449		533.00
6161	1504432238	3600		266.54		  71347123		533.50
6161	1504435838	3600		266.44		  67842962		530.50
6161	1504439438	3600		266.32		  63881247		528.50
6161	1504441810	2372		265.96		  57685317		528.00
6162	1504443010	1200		260.89		  57685317		-999.00
6163	1504446610	3600		260.72		  57685317		-999.00
6164	1504450210	3600		260.72		  57685317		-999.00
6165	1504453810	3600		260.72		  57685317		-999.00
6166	1504457410	3600		260.72		  57685317		-999.00
6167	1504461010	3600		260.72		  57685317		-999.00
6168	1504464610	3600		260.72		  57685317		-999.00
6169	1504468210	3600		260.72		  57685317		-999.00
6170	1504441810	-26400		261.23		  57685317		-999.00
6165	1504472633	1200		266.86		  82091849		541.00
6165	1504476233	3600		267.02		  87498547		539.50
6165	1504479833	3600		266.82		  80639017		537.50
6165	1504483433	3600		266.41		  72792823		532.50
6165	1504487033	3600		266.37		  71313885		530.00
6165	1504490633	3600		266.24		  67111914		531.00
6165	1504494233	3600		266.20		  62861824		528.50
6165	1504497833	3600		266.07		  58372714		529.00
6165	1504501433	3600		265.96		  54816862		525.00
6165	1504505033	3600		265.88		  52095506		515.50
6165	1504508633	3600		265.76		  47953815		522.00
6165	1504508906	273		261.32		  51389976		 10.50
6166	1504510106	1200		261.15		  51389976		-999.00
6167	1504513706	3600		263.89		  51389976		-999.00
6168	1504517306	3600		263.86		  51389976		-999.00
6169	1504520906	3600		260.69		  51389976		-999.00
6170	1504524506	3600		260.86		  51389976		-999.00
6171	1504528106	3600		260.69		  51389976		-999.00
6172	1504531706	3600		260.69		  51389976		-999.00
6173	1504535306	3600		260.69		  51389976		-999.00
6174	1504538906	3600		261.03		  51389976		-999.00
6175	1504508906	-30000		261.32		  51389976		-999.00
6167	1504540924	1200		266.33		  70945444		543.50
6167	1504544524	3600		266.49		  76121069		535.50
6167	1504548124	3600		266.30		  69857954		533.00
6167	1504551724	3600		266.25		  68065762		533.50
6167	1504555324	3600		266.11		  63551406		532.00
6167	1504558924	3600		265.99		  59629062		526.00
6167	1504559549	625		265.99		  59692362		529.00
6168	1504560749	1200		260.84		  59692362		-999.00
6169	1504564349	3600		260.67		  59692362		-999.00
6170	1504567949	3600		261.01		  59692362		-999.00
6171	1504559549	-8400		261.20		  59692362		-999.00
6168	1504570084	1200		266.67		  83152525		553.00
6168	1504573684	3600		266.83		  88496534		545.50
6168	1504577284	3600		266.65		  82351198		543.00
6168	1504580884	3600		266.54		  78899493		540.50
6168	1504584484	3600		266.31		  71266769		537.00
6168	1504585317	833		261.18		  71950695		 10.50
6169	1504586517	1200		263.84		  71950695		-999.00
6170	1504590117	3600		260.67		  71950695		-999.00
6171	1504593717	3600		261.02		  71950695		-999.00
6172	1504585317	-8400		261.18		  71950695		-999.00
6169	1504596944	1200		267.22		  95570788		560.50
6169	1504600544	3600		267.20		 100500206		556.50
6169	1504604144	3600		267.20		  94422162		543.50
6169	1504607744	3600		267.01		  88189056		551.00
6169	1504611344	3600		266.85		  82734464		549.50
6169	1504614944	3600		266.73		  78805659		547.00
6169	1504618544	3600		266.61		  75055543		545.50
6169	1504619996	1452		266.27		  63548154		540.00
6170	1504621196	1200		263.85		  63548154		-999.00
6171	1504624796	3600		264.02		  63548154		-999.00
6172	1504628396	3600		263.85		  63548154		-999.00
6173	1504619996	-8400		264.36		  63548154		-999.00
6170	1504631146	1200		267.99		 114572017		578.50
6170	1504634746	3600		268.13		 119158060		568.50
6170	1504638346	3600		267.92		 112013881		569.50
6170	1504641946	3600		267.76		 106635419		565.50
6170	1504645546	3600		267.35		  98932514		536.00
6170	1504646249	703		266.86		  82523630		559.00
6171	1504647449	1200		263.85		  82523630		-999.00
6172	1504651049	3600		260.67		  82523630		-999.00
6173	1504654649	3600		261.02		  82523630		-999.00
6174	1504646249	-8400		261.39		  82523630		-999.00
6171	1504656979	1200		268.34		 126457921		588.50
6171	1504660579	3600		268.49		 131459531		581.00
6171	1504664179	3600		268.23		 122854459		541.00
6171	1504667779	3600		268.11		 119047761		576.50
6171	1504671379	3600		267.85		 110159943		573.50
6171	1504674979	3600		267.72		 105977071		573.50
6171	1504678579	3600		267.55		 100372762		570.00
6171	1504682179	3600		267.38		  94395150		566.00
6171	1504685155	2976		266.96		  86292675		568.00
6172	1504686355	1200		263.68		  86292675		-999.00
6173	1504689955	3600		264.03		  86292675		-999.00
6174	1504693555	3600		264.03		  86292675		-999.00
6175	1504697155	3600		264.22		  86292675		-999.00
6176	1504700755	3600		264.22		  86292675		-999.00
6177	1504704355	3600		264.21		  86292675		-999.00
6178	1504707955	3600		264.21		  86292675		-999.00
6179	1504711555	3600		260.69		  86292675		-999.00
6180	1504715155	3600		261.20		  86292675		-999.00
6181	1504718755	3600		260.69		  86292675		-999.00
6182	1504722355	3600		260.69		  86292675		-999.00
6183	1504685155	-37200		261.37		  86292675		-999.00
6174	1504724865	1200		267.71		 116990159		575.00
6174	1504728465	3600		268.31		 125919651		577.00
6174	1504732065	3600		268.03		 116478098		576.50
6174	1504735665	3600		267.90		 112099730		574.50
6174	1504739265	3600		267.68		 104870123		575.00
6174	1504742865	3600		267.55		 100442507		570.00
6174	1504746465	3600		267.35		  93757324		570.00
6174	1504750065	3600		267.20		  88885104		568.50
6174	1504753665	3600		267.07		  84511017		564.00
6174	1504757265	3600		266.95		  80563669		563.50
6174	1504760865	3600		266.85		  77186199		562.00
6174	1504764465	3600		266.74		  73409454		560.00
6174	1504768065	3600		266.23		  68151622		555.50
6174	1504768259	194		266.13		  64574192		553.00
6175	1504769459	1200		260.85		  64574192		-999.00
6176	1504773059	3600		260.68		  64574192		-999.00
6177	1504768259	-4800		261.19		  64574192		-999.00
6175	1504777554	1200		268.21		 122330499		596.00
6175	1504781154	3600		268.47		 130887850		590.50
6175	1504784754	3600		268.17		 120831594		586.00
6175	1504788354	3600		268.03		 116073460		586.00
6175	1504791954	3600		267.83		 109391610		585.00
6175	1504795554	3600		267.35		 104732694		583.50
6175	1504799154	3600		267.14		  97747990		576.00
6175	1504802754	3600		266.99		  92974429		578.50
6175	1504806354	3600		266.83		  87443043		579.00
6175	1504809954	3600		266.75		  85049903		574.50
6175	1504813554	3600		266.62		  80588688		575.00
6175	1504817154	3600		266.48		  75966030		570.00
6175	1504818322	1168		266.10		  63057325		564.00
6176	1504819522	1200		264.20		  63057325		-999.00
6177	1504823122	3600		263.68		  63057325		-999.00
6178	1504818322	-4800		264.20		  63057325		-999.00
6176	1504827506	1200		268.23		 128417376		598.50
6176	1504831106	3600		268.62		 135752049		603.00
6176	1504833646	2540		268.40		 128590451		601.50
6177	1504834846	1200		264.20		 128590451		-999.00
6178	1504838446	3600		263.68		 128590451		-999.00
6179	1504842046	3600		263.68		 128590451		-999.00
6180	1504833646	-8400		264.54		 128590451		-999.00
6177	1504844616	1200		268.38		 128008752		607.00
6177	1504848216	3600		268.38		 133705224		597.50
6177	1504851816	3600		268.29		 124970755		601.50
6177	1504855416	3600		268.09		 118343455		598.50
6177	1504859016	3600		267.92		 112423337		597.50
6177	1504862616	3600		267.72		 105862326		592.50
6177	1504866216	3600		267.57		 100842125		591.00
6177	1504869816	3600		267.07		  95465746		579.50
6177	1504873416	3600		266.96		  91724563		591.00
6177	1504877016	3600		266.81		  86783762		585.50
6177	1504880616	3600		266.69		  82794159		584.50
6177	1504884216	3600		266.55		  78267649		584.50
6177	1504887330	3114		266.37		  72189635		582.50
6178	1504888530	1200		260.86		  72189635		-999.00
6179	1504892130	3600		260.69		  72189635		-999.00
6180	1504895730	3600		260.69		  72189635		-999.00
6181	1504899330	3600		260.68		  72189635		-999.00
6182	1504902930	3600		260.85		  72189635		-999.00
6183	1504887330	-15600		261.20		  72189635		-999.00
6179	1504905365	1200		268.51		 132403018		620.00
6179	1504905606	241		269.66		 171037766		623.00
6180	1504906806	1200		263.68		 171037766		-999.00
6181	1504910406	3600		260.65		 171037766		-999.00
6182	1504914006	3600		260.99		 171037766		-999.00
6183	1504905606	-8400		261.53		 171037766		-999.00
6180	1504917462	1200		268.78		 141789205		628.50
6180	1504917553	91		268.20		 122604935		628.50
6181	1504918753	1200		264.19		 122604935		-999.00
6182	1504922353	3600		260.68		 122604935		-999.00
6183	1504925953	3600		261.02		 122604935		-999.00
6184	1504929553	3600		260.68		 122604935		-999.00
6185	1504933153	3600		260.68		 122604935		-999.00
6186	1504917553	-15600		261.53		 122604935		-999.00
6182	1504935640	1200		268.21		 122502926		611.50
6182	1504939240	3600		268.40		 129025286		608.00
6182	1504942840	3600		268.12		 119630537		605.50
6182	1504946440	3600		267.92		 113033297		601.00
6182	1504950040	3600		267.74		 106741361		601.00
6182	1504953640	3600		267.58		 101628696		597.00
6182	1504957240	3600		267.41		  96020300		595.50
6182	1504960840	3600		267.23		  89896978		593.50
6182	1504964440	3600		267.13		  86507772		594.00
6182	1504968040	3600		267.02		  82948939		589.00
6182	1504968426	386		267.17		  87743517		589.50
6183	1504969626	1200		264.19		  87743517		-999.00
6184	1504973226	3600		260.66		  87743517		-999.00
6185	1504976826	3600		260.66		  87743517		-999.00
6186	1504980426	3600		264.17		  87743517		-999.00
6187	1504984026	3600		260.66		  87743517		-999.00
6188	1504987626	3600		260.83		  87743517		-999.00
6189	1504991226	3600		260.66		  87743517		-999.00
6190	1504994826	3600		260.66		  87743517		-999.00
6191	1504998426	3600		260.66		  87743517		-999.00
6192	1504968426	-30000		261.53		  87743517		-999.00
6185	1505002681	1200		268.07		 118508267		614.00
6185	1505006281	3600		268.27		 125126072		609.50
6185	1505009881	3600		267.67		 116352542		600.50
6185	1505010590	709		267.65		 110131945		570.50
6186	1505011790	1200		264.18		 110131945		-999.00
6187	1505015390	3600		260.67		 110131945		-999.00
6188	1505018990	3600		260.67		 110131945		-999.00
6189	1505010590	-8400		261.18		 110131945		-999.00
6186	1505021470	1200		268.12		 119991631		616.00
6186	1505025070	3600		268.28		 125393140		570.50
6186	1505028670	3600		268.04		 117349591		610.50
6186	1505032270	3600		267.86		 111391928		609.50
6186	1505035870	3600		267.67		 105160098		609.00
6186	1505039470	3600		267.53		 100401622		606.00
6186	1505043070	3600		267.37		  95204483		600.50
6186	1505046670	3600		267.19		  89149001		597.50
6186	1505050270	3600		267.09		  85688482		600.00
6186	1505053870	3600		266.97		  81923300		597.50
6186	1505057470	3600		266.86		  78264619		595.00
6186	1505061070	3600		266.74		  73976958		595.50
6186	1505063162	2092		266.18		  66776910		591.50
6187	1505064362	1200		264.18		  66776910		-999.00
6188	1505067962	3600		264.18		  66776910		-999.00
6189	1505071562	3600		264.18		  66776910		-999.00
6190	1505075162	3600		264.18		  66776910		-999.00
6191	1505078762	3600		264.18		  66776910		-999.00
6192	1505082362	3600		264.18		  66776910		-999.00
6193	1505085962	3600		260.67		  66776910		-999.00
6194	1505089562	3600		260.67		  66776910		-999.00
6195	1505093162	3600		261.18		  66776910		-999.00
6196	1505063162	-30000		261.18		  66776910		-999.00
6189	1505094461	1200		268.03		 117043292		625.00
6189	1505098061	3600		268.26		 124799017		618.00
6189	1505101661	3600		268.00		 116186292		617.50
6189	1505105261	3600		267.88		 112164913		615.00
6189	1505108861	3600		267.67		 105200883		616.00
6189	1505112461	3600		267.54		 100711146		610.00
6189	1505116061	3600		267.23		  95979306		608.50
6189	1505119661	3600		267.12		  89570863		607.00
6189	1505123261	3600		267.00		  85534455		606.50
6189	1505126861	3600		266.90		  82235645		604.50
6189	1505130461	3600		266.77		  77904620		602.50
6189	1505134061	3600		266.67		  74621627		602.50
6189	1505137661	3600		266.55		  70688177		600.50
6189	1505140369	2708		261.43		  65218821		 10.50
6190	1505141569	1200		260.57		  65218821		-999.00
6191	1505145169	3600		260.57		  65218821		-999.00
6192	1505148769	3600		260.57		  65218821		-999.00
6193	1505152369	3600		260.91		  65218821		-999.00
6194	1505155969	3600		260.57		  65218821		-999.00
6195	1505159569	3600		260.57		  65218821		-999.00
6196	1505163169	3600		260.91		  65218821		-999.00
6197	1505166769	3600		261.08		  65218821		-999.00
6198	1505170369	3600		261.08		  65218821		-999.00
6199	1505140369	-30000		261.43		  65218821		-999.00
6191	1505173250	1200		268.15		 122332175		633.50
6191	1505176850	3600		268.40		 130571865		631.00
6191	1505180450	3600		268.11		 120960656		629.00
6191	1505184050	3600		267.91		 114262446		622.50
6191	1505187650	3600		267.70		 107384744		624.00
6191	1505191250	3600		267.57		 102940984		621.00
6191	1505194850	3600		267.35		  95765274		617.00
6191	1505198450	3600		267.21		  90935121		614.50
6191	1505202050	3600		267.06		  86017443		615.50
6191	1505205650	3600		266.95		  82237926		608.50
6191	1505209250	3600		266.82		  78053264		610.50
6191	1505212850	3600		266.68		  73304744		608.00
6191	1505216450	3600		261.31		  67854919		 10.50
6191	1505216537	87		261.31		  53098585		 10.50
6192	1505217737	1200		260.77		  53098585		-999.00
6193	1505221337	3600		260.77		  53098585		-999.00
6194	1505224937	3600		260.60		  53098585		-999.00
6195	1505216537	-8400		261.31		  53098585		-999.00
6192	1505227327	1200		268.33		 128868603		648.00
6192	1505230927	3600		268.30		 128125955		636.00
6192	1505234527	3600		268.06		 120038159		642.50
6192	1505238074	3547		267.90		 114762872		638.50
6193	1505239274	1200		264.12		 114762872		-999.00
6194	1505242874	3600		260.61		 114762872		-999.00
6195	1505246474	3600		260.78		 114762872		-999.00
6196	1505238074	-8400		261.46		 114762872		-999.00
6193	1505248769	1200		267.95		 121862148		572.00
6193	1505252369	3600		268.23		 125586867		636.50
6193	1505255969	3600		268.00		 117812674		637.50
6193	1505259569	3600		267.84		 112671371		635.00
6193	1505263169	3600		267.60		 104454696		633.00
6193	1505266613	3444		267.38		  97314188		631.50
6194	1505267813	1200		261.10		  97314188		-999.00
6195	1505271413	3600		260.59		  97314188		-999.00
6196	1505275013	3600		261.41		  97314188		-999.00
6197	1505278613	3600		261.41		  97314188		-999.00
6198	1505266613	-12000		261.46		  97314188		-999.00
6194	1505280510	1200		264.81		  19782812		580.50
6194	1505284110	3600		264.85		  20966850		576.00
6194	1505287710	3600		264.71		  16512362		571.00
6194	1505291310	3600		256.00		  13274546		 16.00
6194	1505294910	3600		255.83		  17004860		 16.00
6194	1505298510	3600		255.66		  13376837		 16.00
6194	1505301821	3311		255.66		   9939595		 16.00
6195	1505303021	1200		258.66		   9939595		-999.00
6196	1505306621	3600		258.66		   9939595		-999.00
6197	1505310221	3600		258.66		   9939595		-999.00
6198	1505313821	3600		258.66		   9939595		-999.00
6199	1505317421	3600		258.66		   9939595		-999.00
6200	1505321021	3600		258.66		   9939595		-999.00
6201	1505324621	3600		258.66		   9939595		-999.00
6202	1505328221	3600		258.66		   9939595		-999.00
6203	1505331821	3600		258.66		   9939595		-999.00
6204	1505335421	3600		258.66		   9939595		-999.00
6205	1505339021	3600		258.66		   9939595		-999.00
6206	1505342621	3600		258.66		   9939595		-999.00
6207	1505346221	3600		258.66		   9939595		-999.00
6208	1505349821	3600		258.66		   9939595		-999.00
6209	1505353421	3600		258.66		   9939595		-999.00
6210	1505357021	3600		258.66		   9939595		-999.00
6211	1505360621	3600		258.66		   9939595		-999.00
6212	1505364221	3600		258.66		   9939595		-999.00
6213	1505367821	3600		258.66		   9939595		-999.00
6214	1505371421	3600		258.66		   9939595		-999.00
6215	1505375021	3600		258.66		   9939595		-999.00
6216	1505378621	3600		258.66		   9939595		-999.00
6217	1505382221	3600		258.66		   9939595		-999.00
6218	1505385821	3600		258.66		   9939595		-999.00
6219	1505389421	3600		258.66		   9939595		-999.00
6220	1505393021	3600		258.66		   9939595		-999.00
6221	1505396621	3600		258.66		   9939595		-999.00
6222	1505400221	3600		258.66		   9939595		-999.00
6223	1505403821	3600		258.66		   9939595		-999.00
6224	1505407421	3600		258.76		   9939595		-999.00
6225	1505411021	3600		258.76		   9939595		-999.00
6226	1505414621	3600		258.76		   9939595		-999.00
6227	1505418221	3600		258.76		   9939595		-999.00
6228	1505421821	3600		258.76		   9939595		-999.00
6229	1505425421	3600		258.76		   9939595		-999.00
6230	1505429021	3600		258.76		   9939595		-999.00
6231	1505432621	3600		258.76		   9939595		-999.00
6232	1505436221	3600		258.76		   9939595		-999.00
6233	1505439821	3600		258.76		   9939595		-999.00
6234	1505443421	3600		258.76		   9939595		-999.00
6235	1505447021	3600		258.76		   9939595		-999.00
6236	1505450621	3600		258.76		   9939595		-999.00
6237	1505454221	3600		258.76		   9939595		-999.00
6238	1505457821	3600		258.76		   9939595		-999.00
6239	1505461421	3600		258.76		   9939595		-999.00
6240	1505465021	3600		258.76		   9939595		-999.00
6241	1505468621	3600		258.66		   9939595		-999.00
6242	1505472221	3600		258.83		   9939595		-999.00
6243	1505475821	3600		258.93		   9939595		-999.00
6244	1505479421	3600		258.93		   9939595		-999.00
6245	1505483021	3600		258.93		   9939595		-999.00
6246	1505486621	3600		258.93		   9939595		-999.00
6247	1505490221	3600		258.93		   9939595		-999.00
6248	1505493821	3600		258.93		   9939595		-999.00
6249	1505497421	3600		258.93		   9939595		-999.00
6250	1505501021	3600		258.93		   9939595		-999.00
6251	1505504621	3600		258.93		   9939595		-999.00
6252	1505508221	3600		258.93		   9939595		-999.00
6253	1505511821	3600		258.93		   9939595		-999.00
6254	1505515421	3600		258.93		   9939595		-999.00
6255	1505519021	3600		258.93		   9939595		-999.00
6256	1505522621	3600		258.93		   9939595		-999.00
6257	1505526221	3600		258.93		   9939595		-999.00
6258	1505529821	3600		258.93		   9939595		-999.00
6259	1505533421	3600		258.93		   9939595		-999.00
6260	1505537021	3600		258.93		   9939595		-999.00
6261	1505540621	3600		258.93		   9939595		-999.00
6262	1505544221	3600		258.93		   9939595		-999.00
6263	1505547821	3600		258.93		   9939595		-999.00
6264	1505551421	3600		258.93		   9939595		-999.00
6265	1505555021	3600		258.93		   9939595		-999.00
6266	1505558621	3600		258.93		   9939595		-999.00
6267	1505562221	3600		258.93		   9939595		-999.00
6268	1505565821	3600		258.93		   9939595		-999.00
6269	1505569421	3600		258.93		   9939595		-999.00
6270	1505573021	3600		258.93		   9939595		-999.00
6271	1505576621	3600		258.93		   9939595		-999.00
6272	1505580221	3600		258.93		   9939595		-999.00
6273	1505583821	3600		258.93		   9939595		-999.00
6274	1505587421	3600		258.93		   9939595		-999.00
6275	1505591021	3600		258.93		   9939595		-999.00
6276	1505594621	3600		258.93		   9939595		-999.00
6277	1505598221	3600		258.93		   9939595		-999.00
6278	1505601821	3600		258.93		   9939595		-999.00
6279	1505605421	3600		258.93		   9939595		-999.00
6280	1505609021	3600		258.93		   9939595		-999.00
6281	1505612621	3600		258.93		   9939595		-999.00
6282	1505616221	3600		258.93		   9939595		-999.00
6283	1505619821	3600		258.93		   9939595		-999.00
6284	1505623421	3600		258.93		   9939595		-999.00
6285	1505627021	3600		258.93		   9939595		-999.00
6286	1505630621	3600		258.93		   9939595		-999.00
6287	1505634221	3600		258.93		   9939595		-999.00
6288	1505637821	3600		258.93		   9939595		-999.00
6289	1505641421	3600		258.93		   9939595		-999.00
6290	1505645021	3600		258.93		   9939595		-999.00
6291	1505648621	3600		258.93		   9939595		-999.00
6292	1505652221	3600		258.93		   9939595		-999.00
6293	1505655821	3600		258.93		   9939595		-999.00
6294	1505659421	3600		258.93		   9939595		-999.00
6295	1505663021	3600		258.93		   9939595		-999.00
6296	1505666621	3600		258.93		   9939595		-999.00
6297	1505670221	3600		258.93		   9939595		-999.00
6298	1505673821	3600		258.93		   9939595		-999.00
6299	1505677421	3600		258.93		   9939595		-999.00
6300	1505681021	3600		258.93		   9939595		-999.00
6301	1505684621	3600		258.93		   9939595		-999.00
6302	1505688221	3600		258.93		   9939595		-999.00
6303	1505691821	3600		258.93		   9939595		-999.00
6304	1505695421	3600		258.93		   9939595		-999.00
6305	1505699021	3600		258.93		   9939595		-999.00
6306	1505702621	3600		258.93		   9939595		-999.00
6307	1505706221	3600		258.93		   9939595		-999.00
6308	1505709821	3600		258.93		   9939595		-999.00
6309	1505713421	3600		259.09		   9939595		-999.00
6310	1505717021	3600		260.55		   9939595		-999.00
6311	1505720621	3600		259.34		   9939595		-999.00
6312	1505724221	3600		263.68		   9939595		-999.00
6313	1505727821	3600		263.68		   9939595		-999.00
6314	1505731421	3600		263.98		   9939595		-999.00
6315	1505735021	3600		263.98		   9939595		-999.00
6316	1505738621	3600		263.98		   9939595		-999.00
6317	1505742221	3600		263.98		   9939595		-999.00
6318	1505745821	3600		263.98		   9939595		-999.00
6319	1505749421	3600		263.98		   9939595		-999.00
6320	1505753021	3600		263.98		   9939595		-999.00
6321	1505756621	3600		263.98		   9939595		-999.00
6322	1505760221	3600		263.98		   9939595		-999.00
6323	1505763821	3600		263.98		   9939595		-999.00
6324	1505767421	3600		263.98		   9939595		-999.00
6325	1505771021	3600		263.98		   9939595		-999.00
6326	1505774621	3600		263.98		   9939595		-999.00
6327	1505778221	3600		263.98		   9939595		-999.00
6328	1505781821	3600		263.98		   9939595		-999.00
6329	1505785421	3600		263.98		   9939595		-999.00
6330	1505789021	3600		263.98		   9939595		-999.00
6331	1505792621	3600		264.15		   9939595		-999.00
6332	1505796221	3600		264.15		   9939595		-999.00
6333	1505799821	3600		263.98		   9939595		-999.00
6334	1505803421	3600		263.98		   9939595		-999.00
6335	1505807021	3600		263.93		   9939595		-999.00
6336	1505810621	3600		263.93		   9939595		-999.00
6337	1505814221	3600		263.93		   9939595		-999.00
6338	1505817821	3600		263.93		   9939595		-999.00
6339	1505821421	3600		263.93		   9939595		-999.00
6340	1505825021	3600		263.93		   9939595		-999.00
6341	1505828621	3600		263.93		   9939595		-999.00
6342	1505832221	3600		264.10		   9939595		-999.00
6343	1505835821	3600		263.93		   9939595		-999.00
6344	1505839421	3600		263.93		   9939595		-999.00
6345	1505843021	3600		264.10		   9939595		-999.00
6346	1505846621	3600		263.93		   9939595		-999.00
6347	1505850221	3600		263.93		   9939595		-999.00
6348	1505853821	3600		263.93		   9939595		-999.00
6349	1505857421	3600		263.93		   9939595		-999.00
6350	1505861021	3600		263.93		   9939595		-999.00
6351	1505864621	3600		263.93		   9939595		-999.00
6352	1505868221	3600		263.93		   9939595		-999.00
6353	1505871821	3600		263.93		   9939595		-999.00
6354	1505875421	3600		263.93		   9939595		-999.00
6355	1505879021	3600		264.27		   9939595		-999.00
6356	1505882621	3600		264.27		   9939595		-999.00
6357	1505886221	3600		264.27		   9939595		-999.00
6358	1505889821	3600		264.10		   9939595		-999.00
6359	1505893421	3600		263.93		   9939595		-999.00
6360	1505897021	3600		263.76		   9939595		-999.00
6361	1505900621	3600		263.93		   9939595		-999.00
6362	1505904221	3600		263.93		   9939595		-999.00
6363	1505907821	3600		264.10		   9939595		-999.00
6364	1505911421	3600		255.89		   9939595		-999.00
6365	1505915021	3600		255.89		   9939595		-999.00
6366	1505918621	3600		255.89		   9939595		-999.00
6367	1505922221	3600		255.89		   9939595		-999.00
6368	1505925821	3600		255.89		   9939595		-999.00
6369	1505929421	3600		255.89		   9939595		-999.00
6370	1505933021	3600		260.21		   9939595		-999.00
6371	1505936621	3600		264.06		   9939595		-999.00
6372	1505940221	3600		264.75		   9939595		-999.00
6373	1505943821	3600		261.41		   9939595		-999.00
6374	1505947421	3600		261.41		   9939595		-999.00
6375	1505951021	3600		261.41		   9939595		-999.00
6376	1505954621	3600		261.41		   9939595		-999.00
6377	1505958221	3600		261.41		   9939595		-999.00
6378	1505961821	3600		261.41		   9939595		-999.00
6379	1505965421	3600		261.41		   9939595		-999.00
6380	1505969021	3600		264.41		   9939595		-999.00
6381	1505972621	3600		264.41		   9939595		-999.00
6382	1505976221	3600		264.41		   9939595		-999.00
6383	1505979821	3600		264.40		   9939595		-999.00
6384	1505983421	3600		264.40		   9939595		-999.00
6385	1505987021	3600		264.40		   9939595		-999.00
6386	1505990621	3600		261.40		   9939595		-999.00
6387	1505994221	3600		261.40		   9939595		-999.00
6388	1505997821	3600		261.23		   9939595		-999.00
6389	1506001421	3600		261.06		   9939595		-999.00
6390	1506005021	3600		260.86		   9939595		-999.00
6391	1506008621	3600		260.86		   9939595		-999.00
6392	1506012221	3600		260.68		   9939595		-999.00
6393	1506015821	3600		261.03		   9939595		-999.00
6394	1506019421	3600		260.69		   9939595		-999.00
6395	1506023021	3600		260.86		   9939595		-999.00
6396	1506026621	3600		261.03		   9939595		-999.00
6397	1506030221	3600		260.70		   9939595		-999.00
6398	1506033821	3600		260.70		   9939595		-999.00
6399	1506037421	3600		261.06		   9939595		-999.00
6400	1506041021	3600		260.72		   9939595		-999.00
6401	1506044621	3600		260.72		   9939595		-999.00
6402	1506048221	3600		261.06		   9939595		-999.00
6403	1506051821	3600		260.72		   9939595		-999.00
6404	1506055421	3600		260.72		   9939595		-999.00
6405	1506059021	3600		260.90		   9939595		-999.00
6406	1506062621	3600		260.73		   9939595		-999.00
6407	1506066221	3600		260.73		   9939595		-999.00
6408	1506069821	3600		260.73		   9939595		-999.00
6409	1506073421	3600		261.07		   9939595		-999.00
6410	1506077021	3600		263.90		   9939595		-999.00
6411	1506080621	3600		261.07		   9939595		-999.00
6412	1506084221	3600		260.90		   9939595		-999.00
6413	1506087821	3600		260.73		   9939595		-999.00
6414	1506091421	3600		260.73		   9939595		-999.00
6415	1506095021	3600		255.87		   9939595		-999.00
6416	1505301821	-793200		255.66		   9939595		-999.00
6230	1506097353	1200		255.87		     88504		 15.00
6230	1506100953	3600		255.87		     81182		 15.00
6230	1506103661	2708		255.87		     69479		 15.00
6231	1506104861	1200		255.87		     69479		-999.00
6232	1506108461	3600		255.87		     69479		-999.00
6233	1506112061	3600		255.87		     69479		-999.00
6234	1506115661	3600		255.87		     69479		-999.00
6235	1506119261	3600		255.87		     69479		-999.00
6236	1506122861	3600		255.87		     69479		-999.00
6237	1506126461	3600		255.87		     69479		-999.00
6238	1506130061	3600		255.87		     69479		-999.00
6239	1506133661	3600		255.87		     69479		-999.00
6240	1506137261	3600		255.87		     69479		-999.00
6241	1506140861	3600		255.87		     69479		-999.00
6242	1506144461	3600		255.87		     69479		-999.00
6243	1506148061	3600		255.70		     69479		-999.00
6244	1506151661	3600		255.70		     69479		-999.00
6245	1506155261	3600		255.87		     69479		-999.00
6246	1506158861	3600		261.27		     69479		-999.00
6247	1506103661	-55200		255.87		     69479		-999.00
6236	1506163260	1200		264.12		   3720895		550.00
6236	1506166860	3600		264.13		   3868634		547.00
6236	1506170460	3600		264.12		   3620819		544.50
6236	1506174060	3600		264.11		   3380521		543.00
6236	1506174452	392		264.11		   3321104		543.00
6237	1506175652	1200		260.66		   3321104		-999.00
6238	1506179252	3600		260.83		   3321104		-999.00
6239	1506182852	3600		260.83		   3321104		-999.00
6240	1506174452	-8400		261.01		   3321104		-999.00
6238	1506186718	1200		265.84		  49737870		580.00
6238	1506190318	3600		265.13		  37433427		529.50
6238	1506193918	3600		264.03		    773940		545.50
6238	1506197518	3600		264.03		    779082		544.50
6238	1506201118	3600		264.03		    788379		543.50
6238	1506204718	3600		264.03		    770884		542.50
6238	1506206288	1570		264.03		    788534		544.00
6239	1506207488	1200		260.67		    788534		-999.00
6240	1506211088	3600		260.68		    788534		-999.00
6241	1506206288	-4800		260.84		    788534		-999.00
6239	1506215748	1200		267.50		 103878126		606.00
6239	1506219348	3600		267.64		 108749798		573.00
6239	1506222948	3600		267.41		 100982041		607.00
6239	1506226548	3600		267.11		  91150386		599.50
6239	1506230148	3600		266.92		  84586982		598.50
6239	1506233748	3600		266.75		  79150212		595.00
6239	1506235806	2058		266.48		  69836781		594.00
6240	1506237006	1200		263.85		  69836781		-999.00
6241	1506240606	3600		260.85		  69836781		-999.00
6242	1506244206	3600		260.85		  69836781		-999.00
6243	1506235806	-8400		261.38		  69836781		-999.00
6240	1506245466	1200		268.62		 137027590		641.00
6240	1506249066	3600		268.71		 139895171		635.50
6240	1506252666	3600		268.46		 131536415		633.50
6240	1506256266	3600		268.26		 125104127		627.50
6240	1506259866	3600		267.99		 116122499		626.50
6240	1506263466	3600		267.84		 111142600		623.50
6240	1506267066	3600		267.60		 102909573		619.00
6240	1506270666	3600		267.37		  95180801		616.00
6240	1506274266	3600		267.14		  87504810		616.00
6240	1506277866	3600		267.03		  83896534		613.00
6240	1506281466	3600		266.88		  78833503		609.50
6240	1506285066	3600		266.72		  73611403		608.50
6240	1506287847	2781		266.37		  67572881		604.00
6241	1506289047	1200		263.82		  67572881		-999.00
6242	1506292647	3600		261.16		  67572881		-999.00
6243	1506296247	3600		260.82		  67572881		-999.00
6244	1506287847	-8400		261.34		  67572881		-999.00
6241	1506298039	1200		269.55		 163226110		673.00
6241	1506301639	3600		269.64		 166304668		664.50
6241	1506305239	3600		269.30		 155113554		658.50
6241	1506308839	3600		269.02		 145645122		653.50
6241	1506312439	3600		268.66		 133784328		654.00
6241	1506316039	3600		268.49		 128027173		649.50
6241	1506319639	3600		268.19		 117951015		643.00
6241	1506323239	3600		267.97		 110790367		639.00
6241	1506326839	3600		267.74		 103106531		638.00
6241	1506330439	3600		267.52		  95541196		634.00
6241	1506334039	3600		267.32		  88954744		630.50
6241	1506337639	3600		266.93		  83267231		626.50
6241	1506341239	3600		266.76		  77316587		625.00
6241	1506343449	2210		266.35		  69316574		619.00
6242	1506344649	1200		263.93		  69316574		-999.00
6243	1506348249	3600		260.75		  69316574		-999.00
6244	1506351849	3600		260.75		  69316574		-999.00
6245	1506355449	3600		260.75		  69316574		-999.00
6246	1506359049	3600		260.75		  69316574		-999.00
6247	1506343449	-15600		261.27		  69316574		-999.00
6243	1506360492	1200		269.44		 160792596		684.50
6243	1506364092	3600		269.71		 169889615		676.00
6243	1506367692	3600		269.39		 159063112		676.50
6243	1506371292	3600		269.11		 149713717		669.50
6243	1506374892	3600		268.80		 139552963		667.00
6243	1506378492	3600		268.56		 131520624		660.00
6243	1506382092	3600		268.31		 123067115		658.50
6243	1506385692	3600		268.04		 114140393		655.50
6243	1506389292	3600		267.85		 107690232		653.50
6243	1506392892	3600		267.69		 102511450		649.00
6243	1506396492	3600		267.43		  93622853		644.50
6243	1506400092	3600		267.22		  86698089		641.00
6243	1506403692	3600		267.07		  81787272		642.00
6243	1506405939	2247		266.50		  74307163		641.00
6244	1506407139	1200		263.76		  74307163		-999.00
6245	1506410739	3600		263.76		  74307163		-999.00
6246	1506414339	3600		264.27		  74307163		-999.00
6247	1506417939	3600		263.76		  74307163		-999.00
6248	1506421539	3600		264.27		  74307163		-999.00
6249	1506405939	-15600		264.27		  74307163		-999.00
6245	1506423986	1200		269.74		 170170005		699.50
6245	1506427586	3600		269.80		 172322314		692.00
6245	1506431186	3600		269.46		 160858338		690.00
6245	1506434786	3600		269.19		 151798129		681.50
6245	1506438386	3600		268.85		 140439674		682.00
6245	1506441986	3600		268.65		 134028301		676.50
6245	1506445586	3600		268.33		 123340723		671.50
6245	1506449186	3600		268.11		 115937414		669.50
6245	1506452786	3600		267.87		 107726980		663.50
6245	1506456386	3600		267.64		 100340345		660.00
6245	1506459986	3600		267.42		  92892169		655.50
6245	1506463586	3600		267.25		  87271006		647.50
6245	1506466944	3358		266.77		  82502373		650.00
6246	1506468144	1200		260.76		  82502373		-999.00
6247	1506471744	3600		260.76		  82502373		-999.00
6248	1506475344	3600		260.76		  82502373		-999.00
6249	1506478944	3600		260.76		  82502373		-999.00
6250	1506482544	3600		260.76		  82502373		-999.00
6251	1506486144	3600		260.76		  82502373		-999.00
6252	1506466944	-19200		261.29		  82502373		-999.00
6247	1506489822	1200		269.99		 178498077		706.50
6247	1506493422	3600		269.98		 178139946		705.00
6247	1506497022	3600		269.56		 164204472		695.00
6247	1506500622	3600		269.24		 153454885		696.00
6247	1506504222	3600		268.90		 142307680		695.00
6247	1506507822	3600		268.66		 134382934		687.50
6247	1506511422	3600		268.27		 121285920		682.00
6247	1506513911	2489		267.85		 112830886		678.50
6248	1506515111	1200		263.78		 112830886		-999.00
6249	1506518711	3600		264.29		 112830886		-999.00
6250	1506522311	3600		264.29		 112830886		-999.00
6251	1506525911	3600		261.29		 112830886		-999.00
6252	1506529511	3600		260.78		 112830886		-999.00
6253	1506533111	3600		260.78		 112830886		-999.00
6254	1506536711	3600		260.78		 112830886		-999.00
6255	1506513911	-22800		261.46		 112830886		-999.00
6252	1506538570	1200		268.59		 132185675		710.00
6252	1506542170	3600		269.33		 156645410		705.00
6252	1506545770	3600		269.04		 147026680		701.50
6252	1506549370	3600		268.79		 138759269		693.50
6252	1506552970	3600		268.50		 129172178		693.50
6252	1506556570	3600		268.36		 124287688		690.00
6252	1506560170	3600		268.08		 115074796		683.50
6252	1506563770	3600		267.85		 107518757		680.50
6252	1506567370	3600		267.65		 100719564		679.00
6252	1506570970	3600		267.51		  95997789		677.00
6252	1506574570	3600		267.29		  88797676		672.00
6252	1506578170	3600		267.14		  83799673		670.50
6252	1506581770	3600		267.00		  79260702		666.00
6252	1506583296	1526		266.35		  69276343		659.00
6253	1506584496	1200		260.93		  69276343		-999.00
6254	1506588096	3600		260.74		  69276343		-999.00
6255	1506591696	3600		260.74		  69276343		-999.00
6256	1506583296	-8400		261.28		  69276343		-999.00
6253	1506595663	1200		270.38		 186976253		734.00
6253	1506599263	3600		269.85		 174623209		731.50
6253	1506602863	3600		269.59		 166261286		724.50
6253	1506606463	3600		269.26		 155250616		719.50
6253	1506610063	3600		268.91		 143548775		714.00
6253	1506613663	3600		268.58		 132417955		707.50
6253	1506617263	3600		268.34		 124451004		706.50
6253	1506620863	3600		268.14		 117809892		701.00
6253	1506624463	3600		267.79		 106143469		694.00
6253	1506628063	3600		267.59		  99311769		692.00
6253	1506631663	3600		267.40		  93010327		689.50
6253	1506635263	3600		267.29		  89390369		685.50
6253	1506638863	3600		267.06		  81700090		682.50
6253	1506642463	3600		266.94		  77668827		679.00
6253	1506643848	1385		266.22		  65230066		676.50
6254	1506645048	1200		263.92		  65230066		-999.00
6255	1506648648	3600		260.93		  65230066		-999.00
6256	1506652248	3600		260.76		  65230066		-999.00
6257	1506643848	-8400		261.26		  65230066		-999.00
6255	1506656806	1200		269.90		 175218669		748.50
6255	1506660406	3600		270.23		 186388414		754.00
6255	1506664006	3600		270.14		 183333769		747.00
6255	1506667606	3600		269.72		 169341458		737.50
6255	1506671206	3600		269.48		 161415061		740.00
6255	1506674806	3600		269.08		 148053314		732.50
6255	1506678406	3600		268.78		 137916509		730.50
6255	1506682006	3600		268.57		 130871069		723.00
6255	1506685606	3600		268.27		 120865056		712.50
6255	1506689206	3600		267.94		 109948361		710.50
6255	1506692806	3600		267.71		 102204956		707.50
6255	1506696406	3600		267.51		  95709936		702.00
6255	1506700006	3600		267.34		  90070672		703.00
6255	1506703606	3600		267.24		  86607148		696.50
6255	1506707206	3600		267.01		  78993494		694.00
6255	1506710806	3600		266.83		  72885141		690.00
6255	1506714406	3600		266.71		  68948480		686.00
6255	1506718006	3600		261.27		  62010358		 11.00
6255	1506718725	719		261.27		  62319800		 11.00
6256	1506719925	1200		261.27		  62319800		-999.00
6257	1506723525	3600		260.77		  62319800		-999.00
6258	1506727125	3600		260.77		  62319800		-999.00
6259	1506730725	3600		260.76		  62319800		-999.00
6260	1506734325	3600		260.76		  62319800		-999.00
6261	1506737925	3600		260.76		  62319800		-999.00
6262	1506741525	3600		260.76		  62319800		-999.00
6263	1506718725	-22800		261.27		  62319800		-999.00
6258	1506744173	1200		260.93		   3649762		 10.50
6258	1506747773	3600		268.38		 126151254		743.00
6258	1506751373	3600		269.19		 152926133		737.50
6258	1506754973	3600		268.92		 144110340		736.00
6258	1506758573	3600		268.62		 133999408		727.00
6258	1506762173	3600		268.39		 126357885		728.00
6258	1506765773	3600		268.17		 119103392		723.50
6258	1506769373	3600		267.90		 109987300		717.50
6258	1506772973	3600		267.69		 103074922		714.00
6258	1506776573	3600		267.53		  97824495		712.50
6258	1506780173	3600		267.38		  92630794		709.50
6258	1506783773	3600		267.19		  86361229		706.50
6258	1506787373	3600		267.06		  81876595		703.50
6258	1506790973	3600		261.26		  74345547		 11.00
6258	1506793166	2193		261.26		  71298284		 11.00
6259	1506794366	1200		261.08		  71298284		-999.00
6260	1506797966	3600		263.74		  71298284		-999.00
6261	1506801566	3600		263.74		  71298284		-999.00
6262	1506793166	-8400		264.26		  71298284		-999.00
6259	1506803444	1200		269.09		 149371260		766.00
6259	1506807044	3600		269.46		 161534949		752.00
6259	1506810644	3600		269.10		 149551532		750.00
6259	1506814244	3600		268.81		 139998057		742.50
6259	1506817844	3600		268.45		 127942210		740.00
6259	1506821444	3600		268.16		 118219463		734.00
6259	1506825044	3600		267.93		 110624550		731.50
6259	1506828644	3600		267.77		 105300764		726.50
6259	1506832244	3600		267.53		  97349474		722.50
6259	1506835844	3600		267.35		  91208783		717.00
6259	1506839444	3600		267.14		  84425168		713.00
6259	1506843044	3600		266.72		  81615365		712.50
6259	1506846644	3600		266.55		  75992800		712.50
6259	1506850244	3600		266.43		  71848961		706.00
6259	1506853844	3600		266.25		  65973757		703.00
6259	1506856365	2521		266.03		  58554246		701.00
6260	1506857565	1200		264.27		  58554246		-999.00
6261	1506861165	3600		264.27		  58554246		-999.00
6262	1506864765	3600		264.27		  58554246		-999.00
6263	1506868365	3600		260.76		  58554246		-999.00
6264	1506871965	3600		260.75		  58554246		-999.00
6265	1506856365	-15600		261.27		  58554246		-999.00
6261	1506873937	1200		269.50		 162330001		769.50
6261	1506877537	3600		270.06		 181250272		786.00
6261	1506881137	3600		269.62		 166423107		774.50
6261	1506884455	3318		269.28		 155127121		766.00
6262	1506885655	1200		264.28		 155127121		-999.00
6263	1506889255	3600		260.77		 155127121		-999.00
6264	1506892855	3600		261.11		 155127121		-999.00
6265	1506884455	-8400		261.62		 155127121		-999.00
6262	1506895215	1200		269.62		 166167260		797.00
6262	1506898815	3600		270.05		 180432359		776.50
6262	1506902415	3600		269.58		 164914443		770.50
6262	1506906015	3600		269.23		 153298714		769.00
6262	1506906984	969		269.07		 147771976		765.50
6263	1506908184	1200		264.29		 147771976		-999.00
6264	1506911784	3600		260.77		 147771976		-999.00
6265	1506906984	-4800		261.63		 147771976		-999.00
6263	1506916355	1200		269.90		 174922280		806.00
6263	1506919955	3600		270.17		 183897915		793.50
6263	1506923555	3600		269.73		 169253259		788.00
6263	1506925167	1612		269.51		 161738935		780.50
6264	1506926367	1200		264.31		 161738935		-999.00
6265	1506929967	3600		264.31		 161738935		-999.00
6266	1506933567	3600		260.97		 161738935		-999.00
6267	1506937167	3600		260.63		 161738935		-999.00
6268	1506940767	3600		260.78		 161738935		-999.00
6269	1506944367	3600		260.78		 161738935		-999.00
6270	1506947967	3600		264.29		 161738935		-999.00
6271	1506951567	3600		264.29		 161738935		-999.00
6272	1506955167	3600		260.78		 161738935		-999.00
6273	1506925167	-30000		261.66		 161738935		-999.00
6266	1506959949	1200		269.89		 173338087		791.50
6266	1506963549	3600		269.95		 175538024		785.50
6266	1506967149	3600		269.41		 157483258		770.50
6266	1506970749	3600		269.02		 144436001		769.50
6266	1506974349	3600		268.64		 131864331		763.50
6266	1506977949	3600		268.36		 122463759		756.00
6266	1506981549	3600		268.02		 111028979		750.00
6266	1506985149	3600		267.86		 105922536		749.00
6266	1506988749	3600		267.63		  98055925		743.00
6266	1506992349	3600		267.43		  91565207		739.00
6266	1506995949	3600		267.23		  84791014		737.50
6266	1506999549	3600		267.11		  80880180		733.00
6266	1507001729	2180		267.00		  77034283		731.00
6267	1507002929	1200		264.33		  77034283		-999.00
6268	1507006529	3600		264.33		  77034283		-999.00
6269	1507010129	3600		264.33		  77034283		-999.00
6270	1507013729	3600		263.76		  77034283		-999.00
6271	1507017329	3600		260.72		  77034283		-999.00
6272	1507020929	3600		260.89		  77034283		-999.00
6273	1507001729	-19200		261.33		  77034283		-999.00
6268	1507025299	1200		270.09		 180998616		801.50
6268	1507028899	3600		270.21		 185238120		808.50
6268	1507032499	3600		269.72		 168823296		803.50
6268	1507036099	3600		269.47		 160543679		788.50
6268	1507039699	3600		269.13		 149286438		786.00
6268	1507043299	3600		268.72		 135617012		778.00
6268	1507046899	3600		268.40		 124798095		771.00
6268	1507050499	3600		268.20		 118205589		765.50
6268	1507054099	3600		267.90		 108121565		761.50
6268	1507057699	3600		267.66		 100293813		753.00
6268	1507061211	3512		266.92		  87103065		747.50
6269	1507062411	1200		261.31		  87103065		-999.00
6270	1507066011	3600		264.14		  87103065		-999.00
6271	1507069611	3600		264.14		  87103065		-999.00
6272	1507073211	3600		261.31		  87103065		-999.00
6273	1507076811	3600		260.63		  87103065		-999.00
6274	1507061211	-15600		261.31		  87103065		-999.00
6269	1507081001	1200		270.42		 191186179		812.50
6269	1507084601	3600		270.31		 187598501		821.50
6269	1507084876	275		270.55		 195477114		821.50
6270	1507086076	1200		264.01		 195477114		-999.00
6271	1507089676	3600		264.01		 195477114		-999.00
6272	1507093276	3600		264.01		 195477114		-999.00
6273	1507096876	3600		260.68		 195477114		-999.00
6274	1507100476	3600		260.51		 195477114		-999.00
6275	1507084876	-15600		261.69		 195477114		-999.00
6271	1507102752	1200		270.56		 194148258		821.00
6271	1507106352	3600		270.50		 192107916		828.50
6271	1507109952	3600		270.01		 176785479		818.50
6271	1507113552	3600		269.83		 171023794		808.00
6271	1507117152	3600		269.38		 155978846		801.50
6271	1507120752	3600		268.91		 140321898		794.50
6271	1507124352	3600		268.61		 130160489		791.00
6271	1507127952	3600		268.33		 120923104		781.50
6271	1507131552	3600		268.03		 110943612		773.00
6271	1507135152	3600		267.81		 103495505		771.00
6271	1507138752	3600		267.56		  95274394		765.50
6271	1507142352	3600		267.37		  88954179		757.00
6271	1507144397	2045		266.52		  71983667		752.00
6272	1507145597	1200		260.67		  71983667		-999.00
6273	1507149197	3600		261.01		  71983667		-999.00
6274	1507152797	3600		260.67		  71983667		-999.00
6275	1507156397	3600		261.18		  71983667		-999.00
6276	1507144397	-12000		261.36		  71983667		-999.00
6272	1507158351	1200		270.89		 199088008		826.50
6272	1507161951	3600		270.76		 195319211		831.00
6272	1507165551	3600		269.89		 173377488		833.50
6272	1507169151	3600		269.77		 169058188		821.50
6272	1507172751	3600		269.24		 151565658		815.00
6272	1507176351	3600		268.82		 137418426		803.50
6272	1507179951	3600		268.47		 126042119		806.50
6272	1507183551	3600		268.28		 119493533		793.50
6272	1507187151	3600		268.00		 110294115		791.00
6272	1507190751	3600		267.73		 101176441		782.00
6272	1507194351	3600		267.48		  92996403		774.50
6272	1507197951	3600		266.81		  82247825		731.00
6272	1507200417	2466		266.86		  84098780		765.50
6273	1507201617	1200		261.15		  84098780		-999.00
6274	1507205217	3600		260.64		  84098780		-999.00
6275	1507208817	3600		260.99		  84098780		-999.00
6276	1507212417	3600		260.65		  84098780		-999.00
6277	1507216017	3600		260.65		  84098780		-999.00
6278	1507219617	3600		260.99		  84098780		-999.00
6279	1507200417	-19200		261.34		  84098780		-999.00
6275	1507223530	1200		270.67		 194182884		855.50
6275	1507227130	3600		270.72		 195785501		858.50
6275	1507230730	3600		270.24		 179797574		855.00
6275	1507234330	3600		270.12		 175845224		840.00
6275	1507237930	3600		269.24		 158584642		817.00
6275	1507241530	3600		268.93		 142540317		821.00
6275	1507245130	3600		268.60		 131290135		814.00
6275	1507248730	3600		268.36		 123489838		801.50
6275	1507252330	3600		268.03		 112380762		799.50
6275	1507255930	3600		267.78		 104040956		794.00
6275	1507259530	3600		267.53		  95628112		788.50
6275	1507263130	3600		267.32		  88826789		779.50
6275	1507266730	3600		267.08		  80785949		778.00
6275	1507268645	1915		266.58		  69927470		774.00
6276	1507269845	1200		261.10		  69927470		-999.00
6277	1507273445	3600		263.93		  69927470		-999.00
6278	1507277045	3600		261.28		  69927470		-999.00
6279	1507280645	3600		260.58		  69927470		-999.00
6280	1507284245	3600		260.93		  69927470		-999.00
6281	1507268645	-15600		261.49		  69927470		-999.00
6276	1507286966	1200		270.80		 196087930		847.00
6276	1507290566	3600		270.40		 183577422		868.50
6276	1507294166	3600		270.31		 180341439		858.00
6276	1507297766	3600		269.83		 164423077		838.00
6276	1507301366	3600		269.39		 149899930		834.50
6276	1507304419	3053		269.02		 137453435		830.50
6277	1507305619	1200		264.18		 137453435		-999.00
6278	1507309219	3600		264.18		 137453435		-999.00
6279	1507312819	3600		264.18		 137453435		-999.00
6280	1507316419	3600		260.67		 137453435		-999.00
6281	1507320019	3600		260.67		 137453435		-999.00
6282	1507304419	-15600		261.90		 137453435		-999.00
6278	1507322050	1200		270.89		 197764498		874.00
6278	1507325650	3600		270.30		 183581040		876.00
6278	1507329250	3600		270.34		 179076763		865.50
6278	1507332850	3600		269.90		 164454860		852.50
6278	1507336450	3600		269.39		 147645080		840.50
6278	1507340050	3600		268.82		 135499215		830.50
6278	1507343112	3062		268.32		 124593510		831.00
6279	1507344312	1200		264.24		 124593510		-999.00
6280	1507347912	3600		260.73		 124593510		-999.00
6281	1507351512	3600		260.73		 124593510		-999.00
6282	1507343112	-8400		261.58		 124593510		-999.00
6279	1507355687	1200		270.83		 194933895		881.50
6279	1507359287	3600		270.81		 194327697		882.50
6279	1507362887	3600		270.05		 180022070		882.00
6279	1507365727	2840		270.07		 181067386		775.50
6280	1507366927	1200		261.29		 181067386		-999.00
6281	1507370527	3600		264.29		 181067386		-999.00
6282	1507374127	3600		263.78		 181067386		-999.00
6283	1507377727	3600		264.29		 181067386		-999.00
6284	1507381327	3600		264.29		 181067386		-999.00
6285	1507384927	3600		264.29		 181067386		-999.00
6286	1507388527	3600		264.29		 181067386		-999.00
6287	1507392127	3600		264.29		 181067386		-999.00
6288	1507395727	3600		264.29		 181067386		-999.00
6289	1507399327	3600		264.29		 181067386		-999.00
6290	1507402927	3600		264.29		 181067386		-999.00
6291	1507406527	3600		264.29		 181067386		-999.00
6292	1507410127	3600		264.29		 181067386		-999.00
6293	1507413727	3600		260.78		 181067386		-999.00
6294	1507417327	3600		260.95		 181067386		-999.00
6295	1507365727	-51600		261.65		 181067386		-999.00
6283	1507419857	1200		270.59		 191191985		875.50
6283	1507423457	3600		270.64		 192680527		881.00
6283	1507427057	3600		270.17		 178003911		879.00
6283	1507430657	3600		270.07		 174704327		862.00
6283	1507434257	3600		269.21		 157924500		839.50
6283	1507437857	3600		268.93		 142891670		835.50
6283	1507441457	3600		268.60		 132053157		834.50
6283	1507445057	3600		268.37		 124271562		833.00
6283	1507448657	3600		268.09		 114893671		821.50
6283	1507452257	3600		267.78		 104531530		817.50
6283	1507455857	3600		267.56		  97179221		810.50
6283	1507459457	3600		267.30		  88701633		808.50
6283	1507462000	2543		266.65		  78251115		797.00
6284	1507463200	1200		260.78		  78251115		-999.00
6285	1507466800	3600		260.78		  78251115		-999.00
6286	1507470400	3600		260.95		  78251115		-999.00
6287	1507462000	-8400		261.30		  78251115		-999.00
6284	1507471720	1200		270.51		 194385428		893.00
6284	1507475320	3600		270.22		 190432148		771.50
6284	1507478920	3600		270.07		 180355489		889.00
6284	1507482520	3600		270.04		 173417299		873.00
6284	1507486120	3600		269.55		 157181510		863.00
6284	1507489720	3600		269.12		 142773872		857.50
6284	1507493320	3600		268.79		 131897353		850.00
6284	1507494556	1236		268.67		 128020732		852.00
6285	1507495756	1200		264.31		 128020732		-999.00
6286	1507499356	3600		260.79		 128020732		-999.00
6287	1507494556	-4800		261.83		 128020732		-999.00
6285	1507503721	1200		270.51		 194002112		897.50
6285	1507507321	3600		270.47		 192719109		899.00
6285	1507510921	3600		270.13		 181900775		900.50
6285	1507514521	3600		269.94		 175427249		883.00
6285	1507518121	3600		269.40		 157379027		874.50
6285	1507521721	3600		269.00		 143987073		865.50
6285	1507525321	3600		268.63		 131685289		862.00
6285	1507528921	3600		268.42		 124855426		853.50
6285	1507530896	1975		268.02		 117375821		851.00
6286	1507532096	1200		261.32		 117375821		-999.00
6287	1507535696	3600		264.32		 117375821		-999.00
6288	1507539296	3600		264.32		 117375821		-999.00
6289	1507542896	3600		264.32		 117375821		-999.00
6290	1507546496	3600		264.32		 117375821		-999.00
6291	1507550096	3600		264.32		 117375821		-999.00
6292	1507553696	3600		264.32		 117375821		-999.00
6293	1507557296	3600		264.32		 117375821		-999.00
6294	1507560896	3600		264.32		 117375821		-999.00
6295	1507564496	3600		260.81		 117375821		-999.00
6296	1507568096	3600		260.98		 117375821		-999.00
6297	1507530896	-37200		261.33		 117375821		-999.00
6287	1507572726	1200		270.38		 188635589		911.00
6287	1507576326	3600		270.53		 193335909		910.50
6287	1507579926	3600		270.18		 182081925		905.00
6287	1507583526	3600		270.47		 186109271		906.00
6287	1507587126	3600		269.93		 168087041		892.50
6287	1507590726	3600		269.42		 151125058		884.50
6287	1507594326	3600		269.09		 140270004		872.00
6287	1507597926	3600		268.81		 130759927		870.00
6287	1507601526	3600		268.34		 120855499		864.50
6287	1507605126	3600		268.04		 110948001		855.00
6287	1507608726	3600		267.76		 101470928		843.00
6287	1507612326	3600		267.54		  94104739		843.00
6287	1507615926	3600		267.01		  87743310		844.50
6287	1507619526	3600		266.76		  79548299		825.50
6287	1507619736	210		266.86		  82772996		825.50
6288	1507620936	1200		264.36		  82772996		-999.00
6289	1507624536	3600		260.84		  82772996		-999.00
6290	1507628136	3600		261.36		  82772996		-999.00
6291	1507619736	-8400		261.37		  82772996		-999.00
6288	1507631237	1200		270.03		 189828022		793.00
6288	1507634837	3600		270.64		 193058239		932.50
6288	1507638437	3600		270.21		 181222168		923.00
6288	1507642037	3600		270.24		 182263980		911.00
6288	1507645637	3600		269.69		 164148294		900.50
6288	1507649237	3600		269.21		 148116995		890.00
6288	1507652837	3600		268.86		 136552630		881.00
6288	1507656437	3600		268.60		 127721051		875.00
6288	1507660037	3600		268.33		 118759307		868.00
6288	1507663637	3600		267.99		 107348165		858.50
6288	1507667237	3600		267.68		  97227057		854.00
6288	1507670837	3600		267.50		  91060241		850.00
6288	1507673622	2785		266.67		  80401963		837.50
6289	1507674822	1200		260.74		  80401963		-999.00
6290	1507678422	3600		260.57		  80401963		-999.00
6291	1507682022	3600		260.75		  80401963		-999.00
6292	1507685622	3600		260.75		  80401963		-999.00
6293	1507689222	3600		261.26		  80401963		-999.00
6294	1507692822	3600		260.75		  80401963		-999.00
6295	1507696422	3600		261.09		  80401963		-999.00
6296	1507673622	-22800		261.26		  80401963		-999.00
6291	1507699392	1200		270.66		 195634930		926.00
6291	1507702992	3600		270.59		 193277060		941.50
6291	1507706592	3600		270.21		 182290977		940.50
6291	1507710192	3600		270.12		 179238952		918.00
6291	1507713792	3600		269.54		 159788884		906.50
6291	1507717392	3600		269.15		 146873843		897.00
6291	1507720992	3600		268.75		 133689946		894.50
6291	1507724592	3600		268.54		 126578288		881.50
6291	1507728192	3600		268.20		 115200186		876.00
6291	1507731792	3600		267.94		 106491316		872.00
6291	1507735392	3600		267.74		  99848287		863.50
6291	1507738992	3600		267.47		  91028094		860.00
6291	1507742592	3600		267.31		  85411850		854.50
6291	1507746192	3600		267.16		  80566620		853.00
6291	1507749792	3600		266.83		  75281845		847.00
6291	1507753392	3600		266.65		  69263813		838.50
6291	1507756992	3600		266.48		  63626820		837.00
6291	1507760592	3600		266.38		  60299741		834.50
6291	1507764192	3600		266.26		  56104784		829.00
6291	1507766508	2316		265.89		  49418854		826.00
6292	1507767708	1200		263.88		  49418854		-999.00
6293	1507771308	3600		263.71		  49418854		-999.00
6294	1507774908	3600		263.71		  49418854		-999.00
6295	1507778508	3600		263.71		  49418854		-999.00
6296	1507782108	3600		263.87		  49418854		-999.00
6297	1507785708	3600		263.29		  49418854		-999.00
6298	1507789308	3600		264.01		  49418854		-999.00
6299	1507792908	3600		259.27		  49418854		-999.00
6300	1507796508	3600		258.79		  49418854		-999.00
6301	1507800108	3600		258.79		  49418854		-999.00
6302	1507803708	3600		258.79		  49418854		-999.00
6303	1507807308	3600		258.79		  49418854		-999.00
6304	1507810908	3600		258.79		  49418854		-999.00
6305	1507814508	3600		258.79		  49418854		-999.00
6306	1507818108	3600		258.79		  49418854		-999.00
6307	1507821708	3600		264.14		  49418854		-999.00
6308	1507825308	3600		264.49		  49418854		-999.00
6309	1507828908	3600		263.76		  49418854		-999.00
6310	1507766508	-62400		264.40		  49418854		-999.00
6295	1507833686	1200		264.10		         0		774.00
6295	1507837286	3600		264.10		         3		777.00
6295	1507840886	3600		264.10		         3		779.00
6295	1507844486	3600		264.10		         3		780.50
6295	1507848086	3600		264.10		         0		781.50
6295	1507851686	3600		264.10		         0		782.50
6295	1507855286	3600		255.91		         0		 17.00
6295	1507855861	575		255.91		         0		 17.00
6296	1507857061	1200		255.74		         0		-999.00
6297	1507860661	3600		255.74		         0		-999.00
6298	1507864261	3600		255.74		         0		-999.00
6299	1507867861	3600		255.74		         0		-999.00
6300	1507871461	3600		255.74		         0		-999.00
6301	1507875061	3600		255.74		         0		-999.00
6302	1507878661	3600		255.91		         0		-999.00
6303	1507882261	3600		255.74		         0		-999.00
6304	1507885861	3600		255.74		         0		-999.00
6305	1507889461	3600		255.74		         0		-999.00
6306	1507893061	3600		255.74		         0		-999.00
6307	1507896661	3600		255.74		         0		-999.00
6308	1507900261	3600		255.74		         0		-999.00
6309	1507903861	3600		255.74		         0		-999.00
6310	1507907461	3600		255.91		         0		-999.00
6311	1507911061	3600		261.48		         0		-999.00
6312	1507914661	3600		261.44		         0		-999.00
6313	1507855861	-58800		255.91		         0		-999.00
6297	1507918159	1200		270.60		 187961731		936.50
6297	1507921759	3600		270.78		 194862741		936.00
6297	1507925359	3600		270.21		 182800992		947.50
6297	1507928959	3600		269.73		 178075065		811.50
6297	1507932559	3600		269.58		 161731702		911.00
6297	1507936159	3600		269.13		 146869864		902.00
6297	1507939759	3600		268.77		 134846305		903.50
6297	1507943359	3600		268.67		 131604600		894.50
6297	1507946959	3600		268.33		 120233716		888.00
6297	1507950559	3600		267.72		 111400739		879.50
6297	1507954159	3600		267.45		 102410556		872.50
6297	1507957759	3600		267.23		  95032302		866.50
6297	1507961359	3600		266.98		  86652055		867.50
6297	1507964959	3600		266.77		  79613072		806.50
6297	1507965973	1014		261.38		  73981463		 11.00
6298	1507967173	1200		261.03		  73981463		-999.00
6299	1507970773	3600		260.69		  73981463		-999.00
6300	1507965973	-4800		261.38		  73981463		-999.00
6298	1507975427	1200		270.58		 193877068		955.00
6298	1507979027	3600		270.52		 191762840		957.50
6298	1507982627	3600		270.50		 191203015		959.00
6298	1507986227	3600		270.00		 180991366		870.00
6298	1507989827	3600		270.23		 183852623		940.00
6298	1507993427	3600		269.57		 162082803		935.50
6298	1507997027	3600		269.19		 149231211		927.50
6298	1508000627	3600		268.84		 137639971		912.50
6298	1508004227	3600		268.49		 126164237		905.50
6298	1508007827	3600		268.16		 114987833		899.50
6298	1508011427	3600		267.92		 106958146		894.00
6298	1508015027	3600		267.65		  98162462		887.50
6298	1508018627	3600		267.45		  91427684		885.00
6298	1508022227	3600		267.26		  85146357		874.50
6298	1508025827	3600		267.04		  77778520		870.50
6298	1508029427	3600		266.72		  72781415		865.00
6298	1508033027	3600		266.57		  67587617		862.00
6298	1508035883	2856		266.20		  60865109		852.50
6299	1508037083	1200		261.03		  60865109		-999.00
6300	1508040683	3600		260.52		  60865109		-999.00
6301	1508044283	3600		260.69		  60865109		-999.00
6302	1508047883	3600		260.69		  60865109		-999.00
6303	1508035883	-12000		261.37		  60865109		-999.00
6300	1508052242	1200		270.61		 194334349		977.50
6300	1508055842	3600		270.57		 192868967		973.50
6300	1508059442	3600		270.57		 192971965		975.00
6300	1508063042	3600		270.24		 182489381		987.50
6300	1508066642	3600		270.31		 184658584		965.50
6300	1508070242	3600		269.71		 164671385		951.00
6300	1508073842	3600		269.31		 151477860		947.50
6300	1508075760	1918		269.09		 144193103		936.00
6301	1508076960	1200		264.23		 144193103		-999.00
6302	1508080560	3600		264.23		 144193103		-999.00
6303	1508084160	3600		264.23		 144193103		-999.00
6304	1508087760	3600		261.23		 144193103		-999.00
6305	1508091360	3600		260.72		 144193103		-999.00
6306	1508094960	3600		260.74		 144193103		-999.00
6307	1508098560	3600		260.75		 144193103		-999.00
6308	1508075760	-22800		261.77		 144193103		-999.00
6303	1508102748	1200		270.63		 194637387		974.00
6303	1508106348	3600		270.53		 191248631		978.50
6303	1508109948	3600		270.54		 191692828		979.00
6303	1508113548	3600		270.26		 182223582		988.50
6303	1508117148	3600		270.26		 182216212		970.00
6303	1508120748	3600		269.68		 162742664		955.00
6303	1508124348	3600		269.22		 147600851		946.50
6303	1508127948	3600		268.95		 138509789		938.00
6303	1508131548	3600		268.60		 126922484		930.00
6303	1508135148	3600		268.14		 117277637		925.00
6303	1508138748	3600		267.87		 108190571		919.50
6303	1508142348	3600		267.63		 100172545		912.00
6303	1508145948	3600		267.42		  93100727		906.50
6303	1508149548	3600		266.77		  83290632		900.50
6303	1508150038	490		267.03		  92049542		902.00
6304	1508151238	1200		260.76		  92049542		-999.00
6305	1508154838	3600		260.93		  92049542		-999.00
6306	1508158438	3600		260.93		  92049542		-999.00
6307	1508162038	3600		260.76		  92049542		-999.00
6308	1508165638	3600		261.27		  92049542		-999.00
6309	1508150038	-15600		261.27		  92049542		-999.00
6304	1508168326	1200		270.26		 186963778		992.50
6304	1508171926	3600		270.67		 199629347		995.50
6304	1508175526	3600		270.44		 192168231		995.00
6304	1508179126	3600		270.16		 183358186		989.50
6304	1508182726	3600		270.03		 178955207		981.00
6304	1508186326	3600		269.47		 160394175		966.50
6304	1508189926	3600		269.11		 148490996		961.00
6304	1508193526	3600		268.74		 136117791		951.00
6304	1508197126	3600		268.43		 125603760		943.00
6304	1508200726	3600		268.09		 114469920		932.50
6304	1508204326	3600		267.84		 105903124		928.00
6304	1508207926	3600		267.60		  97895166		919.50
6304	1508211515	3589		266.97		  88316497		908.50
6305	1508212715	1200		263.96		  88316497		-999.00
6306	1508216315	3600		260.91		  88316497		-999.00
6307	1508219915	3600		260.74		  88316497		-999.00
6308	1508211515	-8400		261.32		  88316497		-999.00
6305	1508222237	1200		270.44		 193722890		1002.00
6305	1508225837	3600		270.60		 193384127		1012.00
6305	1508229437	3600		270.61		 193755562		1012.00
6305	1508233037	3600		270.08		 181183629		994.00
6305	1508236637	3600		269.86		 185933893		927.00
6305	1508240237	3600		269.65		 167264021		985.00
6305	1508243837	3600		269.24		 153684084		983.00
6305	1508247437	3600		268.94		 143628347		969.50
6305	1508251037	3600		268.55		 130501060		957.50
6305	1508254637	3600		268.19		 118531477		952.50
6305	1508258237	3600		267.92		 109706265		940.50
6305	1508261837	3600		267.66		 100846428		938.50
6305	1508265437	3600		267.46		  94259357		934.00
6305	1508268001	2564		266.77		  82678057		916.50
6306	1508269201	1200		260.78		  82678057		-999.00
6307	1508272801	3600		260.78		  82678057		-999.00
6308	1508268001	-4800		261.29		  82678057		-999.00
6306	1508277190	1200		270.56		 196292690		1031.00
6306	1508280790	3600		270.49		 193986790		1027.00
6306	1508284390	3600		270.48		 193563692		1024.00
6306	1508287990	3600		270.12		 182790545		989.50
6306	1508291590	3600		270.62		 187915820		1019.00
6306	1508295190	3600		270.08		 170164931		1006.00
6306	1508298790	3600		269.62		 154565033		996.50
6306	1508302390	3600		268.93		 144197080		985.00
6306	1508305990	3600		268.52		 130361375		975.50
6306	1508308822	2832		268.26		 121641158		967.50
6307	1508310022	1200		264.26		 121641158		-999.00
6308	1508313622	3600		260.57		 121641158		-999.00
6309	1508308822	-4800		261.61		 121641158		-999.00
6307	1508318336	1200		270.16		 195857755		898.50
6307	1508321936	3600		270.97		 194451073		1022.00
6307	1508325536	3600		270.94		 193561065		1043.00
6307	1508329136	3600		270.92		 192816803		1038.00
6307	1508332736	3600		270.30		 183437420		1034.00
6307	1508336336	3600		269.99		 173255661		1019.00
6307	1508339936	3600		269.52		 157524345		1010.00
6307	1508343536	3600		269.18		 146306828		1001.00
6307	1508346486	2950		268.89		 136707798		990.00
6308	1508347686	1200		260.91		 136707798		-999.00
6309	1508351286	3600		260.57		 136707798		-999.00
6310	1508354886	3600		260.57		 136707798		-999.00
6311	1508358486	3600		261.25		 136707798		-999.00
6312	1508362086	3600		260.73		 136707798		-999.00
6313	1508346486	-15600		261.79		 136707798		-999.00
6308	1508365058	1200		270.56		 196341975		1034.00
6308	1508368658	3600		270.48		 193690156		1051.00
6308	1508372258	3600		270.49		 193802141		1046.00
6308	1508375858	3600		270.17		 183048450		1024.00
6308	1508379458	3600		270.39		 190200762		1040.00
6308	1508383058	3600		269.76		 169310363		1027.00
6308	1508386658	3600		269.27		 152849444		1009.00
6308	1508390258	3600		269.00		 144094918		1005.00
6308	1508393858	3600		268.59		 130472168		994.50
6308	1508397458	3600		267.96		 120782734		983.00
6308	1508401058	3600		267.80		 109772234		976.50
6308	1508404658	3600		267.59		 102558778		971.00
6308	1508408258	3600		267.27		  92023947		961.50
6308	1508409840	1582		266.72		  79477399		952.00
6309	1508411040	1200		261.00		  79477399		-999.00
6310	1508414640	3600		261.00		  79477399		-999.00
6311	1508418240	3600		260.66		  79477399		-999.00
6312	1508409840	-8400		261.34		  79477399		-999.00
6309	1508420823	1200		270.65		 196772576		1052.00
6309	1508422917	2094		270.55		 193433872		1067.00
6310	1508424117	1200		261.19		 193433872		-999.00
6311	1508427717	3600		261.19		 193433872		-999.00
6312	1508431317	3600		261.19		 193433872		-999.00
6313	1508434917	3600		260.68		 193433872		-999.00
6314	1508422917	-12000		261.38		 193433872		-999.00
6311	1508438805	1200		270.78		 196533914		1052.00
6311	1508442405	3600		270.68		 192993236		1066.00
6311	1508446005	3600		270.71		 194240633		1065.00
6311	1508449605	3600		270.19		 182944032		1065.00
6311	1508453205	3600		270.37		 188906610		1054.00
6311	1508456805	3600		269.79		 169483269		1040.00
6311	1508460405	3600		269.32		 153959700		1037.00
6311	1508464005	3600		269.01		 143399220		1022.00
6311	1508467605	3600		268.60		 129987810		1010.00
6311	1508471205	3600		268.29		 119433896		1008.00
6311	1508474805	3600		267.88		 111501618		1004.00
6311	1508478405	3600		267.60		 102175948		991.50
6311	1508482005	3600		267.09		  90986665		965.00
6311	1508484113	2108		261.36		  90055978		 11.00
6312	1508485313	1200		261.02		  90055978		-999.00
6313	1508488913	3600		260.84		  90055978		-999.00
6314	1508492513	3600		260.84		  90055978		-999.00
6315	1508484113	-8400		261.36		  90055978		-999.00
6312	1508495418	1200		270.56		 194123967		1077.00
6312	1508499018	3600		270.47		 191232171		1068.00
6312	1508502618	3600		270.48		 191500680		1077.00
6312	1508506218	3600		270.50		 182909139		1088.00
6312	1508509818	3600		270.45		 181426244		1062.00
6312	1508513418	3600		269.57		 164239981		1041.00
6312	1508517018	3600		269.34		 150777787		1042.00
6312	1508520618	3600		268.97		 138656512		1027.00
6312	1508524218	3600		268.62		 126786677		1018.00
6312	1508527818	3600		268.24		 114149585		1011.00
6312	1508531418	3600		267.96		 104740182		996.50
6312	1508535018	3600		261.63		  93221667		 11.00
6312	1508535189	171		261.63		  85055683		 11.00
6313	1508536389	1200		264.10		  85055683		-999.00
6314	1508539989	3600		260.76		  85055683		-999.00
6315	1508543589	3600		260.93		  85055683		-999.00
6316	1508535189	-8400		261.29		  85055683		-999.00
6313	1508545207	1200		270.75		 192030214		1090.00
6313	1508548713	3506		270.12		 194651456		935.00
6314	1508549913	1200		264.11		 194651456		-999.00
6315	1508553513	3600		260.77		 194651456		-999.00
6316	1508557113	3600		261.11		 194651456		-999.00
6317	1508548713	-8400		261.28		 194651456		-999.00
6314	1508558535	1200		270.69		 189994903		1091.00
6314	1508562135	3600		270.77		 193355407		1089.00
6314	1508565735	3600		270.72		 191869042		1089.00
6314	1508569335	3600		270.03		 180755752		1058.00
6314	1508572935	3600		270.31		 178826354		1066.00
6314	1508576535	3600		269.81		 162083812		1059.00
6314	1508580135	3600		269.22		 148607107		1057.00
6314	1508583735	3600		268.92		 138572126		1045.00
6314	1508587335	3600		268.71		 131449834		1038.00
6314	1508590935	3600		268.33		 118819816		1020.00
6314	1508594535	3600		268.00		 107768345		1018.00
6314	1508598135	3600		267.74		  99208911		1008.00
6314	1508601735	3600		267.55		  92630488		1002.00
6314	1508605335	3600		267.07		  82519794		1002.00
6314	1508608935	3600		261.26		  80040804		 11.00
6314	1508612535	3600		260.72		  11185045		 10.00
6314	1508615073	2538		260.72		         0		 10.00
6315	1508616273	1200		260.72		         0		-999.00
6316	1508619873	3600		261.07		         0		-999.00
6317	1508623473	3600		261.07		         0		-999.00
6318	1508615073	-8400		260.72		         0		-999.00
6315	1508625002	1200		270.75		 191889949		1102.00
6315	1508628602	3600		270.81		 194417798		1104.00
6315	1508632202	3600		270.77		 192883172		1106.00
6315	1508635802	3600		270.21		 186856837		943.00
6315	1508639402	3600		270.57		 187362336		1098.00
6315	1508643002	3600		270.04		 169620655		1083.00
6315	1508646602	3600		269.59		 154706841		1077.00
6315	1508650202	3600		269.18		 141048770		1059.00
6315	1508653802	3600		268.84		 129862593		1048.00
6315	1508657402	3600		268.51		 118853458		1043.00
6315	1508661002	3600		268.26		 110325919		1039.00
6315	1508662786	1784		268.09		 104879441		1035.00
6316	1508663986	1200		264.07		 104879441		-999.00
6317	1508667586	3600		264.24		 104879441		-999.00
6318	1508671186	3600		264.08		 104879441		-999.00
6319	1508674786	3600		260.74		 104879441		-999.00
6320	1508678386	3600		260.74		 104879441		-999.00
6321	1508681986	3600		264.25		 104879441		-999.00
6322	1508685586	3600		260.73		 104879441		-999.00
6323	1508662786	-22800		261.95		 104879441		-999.00
6317	1508690090	1200		270.74		 192462437		1102.00
6317	1508693690	3600		270.82		 195267927		1123.00
6317	1508697290	3600		270.76		 193119938		1122.00
6317	1508700890	3600		270.39		 182064117		1121.00
6317	1508704490	3600		270.47		 184669567		1109.00
6317	1508708090	3600		269.88		 164854485		1088.00
6317	1508711690	3600		269.43		 150148246		1079.00
6317	1508715290	3600		269.02		 136279991		1069.00
6317	1508718890	3600		268.78		 128371586		1062.00
6317	1508722490	3600		268.49		 118538911		1050.00
6317	1508726090	3600		268.10		 105664261		1041.00
6317	1508729690	3600		267.38		  93934943		1035.00
6317	1508733290	3600		267.28		  90713994		1026.00
6317	1508736021	2731		267.15		  86431524		1021.00
6318	1508737221	1200		261.02		  86431524		-999.00
6319	1508740821	3600		261.02		  86431524		-999.00
6320	1508744421	3600		261.02		  86431524		-999.00
6321	1508748021	3600		261.36		  86431524		-999.00
6322	1508736021	-12000		261.56		  86431524		-999.00
6318	1508749759	1200		270.76		 195446666		1106.00
6318	1508753359	3600		270.67		 192384274		1135.00
6318	1508756959	3600		270.22		 189566442		957.50
6318	1508757812	853		268.18		 117165677		1107.00
6319	1508759012	1200		260.98		 117165677		-999.00
6320	1508762612	3600		261.32		 117165677		-999.00
6321	1508766212	3600		261.32		 117165677		-999.00
6322	1508769812	3600		260.98		 117165677		-999.00
6323	1508773412	3600		260.98		 117165677		-999.00
6324	1508777012	3600		260.98		 117165677		-999.00
6325	1508780612	3600		260.98		 117165677		-999.00
6326	1508784212	3600		260.98		 117165677		-999.00
6327	1508787812	3600		260.99		 117165677		-999.00
6328	1508791412	3600		260.99		 117165677		-999.00
6329	1508757812	-33600		261.84		 117165677		-999.00
6323	1508796103	1200		270.61		 189606571		1109.00
6323	1508799703	3600		270.57		 188265710		1135.00
6323	1508803303	3600		270.55		 187597989		1136.00
6323	1508806903	3600		270.21		 177037816		1128.00
6323	1508810503	3600		270.42		 183989296		1117.00
6323	1508814103	3600		269.82		 164259367		1114.00
6323	1508817703	3600		269.43		 151184450		1098.00
6323	1508821303	3600		269.11		 140318795		1084.00
6323	1508824903	3600		268.75		 128540297		1075.00
6323	1508828503	3600		268.41		 117093795		1064.00
6323	1508832103	3600		268.14		 108002693		1059.00
6323	1508835703	3600		267.92		 100738396		1051.00
6323	1508839303	3600		267.17		  88035793		1024.00
6323	1508839887	584		267.15		  87309126		1027.00
6324	1508841087	1200		261.01		  87309126		-999.00
6325	1508844687	3600		261.01		  87309126		-999.00
6326	1508848287	3600		261.01		  87309126		-999.00
6327	1508851887	3600		261.01		  87309126		-999.00
6328	1508855487	3600		260.84		  87309126		-999.00
6329	1508859087	3600		261.01		  87309126		-999.00
6330	1508839887	-19200		261.53		  87309126		-999.00
6324	1508861149	1200		270.43		 185405076		1138.00
6324	1508864749	3600		270.70		 194343055		1141.00
6324	1508868349	3600		270.69		 193882960		1136.00
6324	1508871949	3600		270.27		 180832705		1132.00
6324	1508875549	3600		270.51		 189075299		1136.00
6324	1508879149	3600		269.87		 168024787		1112.00
6324	1508882749	3600		269.42		 152873353		1102.00
6324	1508886349	3600		269.14		 143425561		1092.00
6324	1508889949	3600		268.73		 130051718		1082.00
6324	1508893549	3600		268.44		 120327215		1072.00
6324	1508897149	3600		267.82		 110866610		1065.00
6324	1508900749	3600		267.49		  99856974		1053.00
6324	1508904349	3600		267.26		  92249662		1048.00
6324	1508907949	3600		267.06		  85529940		1041.00
6324	1508911549	3600		266.90		  80162454		1035.00
6324	1508915149	3600		266.73		  74694078		1034.00
6324	1508918170	3021		266.55		  68460926		1026.00
6325	1508919370	1200		260.97		  68460926		-999.00
6326	1508922970	3600		260.97		  68460926		-999.00
6327	1508926570	3600		260.41		  68460926		-999.00
6328	1508930170	3600		261.21		  68460926		-999.00
6329	1508918170	-12000		261.49		  68460926		-999.00
6325	1508932018	1200		270.80		 195971199		1145.00
6325	1508935618	3600		270.72		 193299215		1149.00
6325	1508939218	3600		270.72		 193104112		1149.00
6325	1508942818	3600		270.29		 178794319		1140.00
6325	1508946418	3600		270.17		 174988663		1122.00
6325	1508950018	3600		269.71		 159428944		1112.00
6325	1508953618	3600		269.27		 145029414		1105.00
6325	1508957218	3600		269.00		 135775922		1091.00
6325	1508960818	3600		268.63		 123628583		1076.00
6325	1508964418	3600		268.35		 114131085		1076.00
6325	1508968018	3600		267.88		 104464191		1063.00
6325	1508971618	3600		267.66		  97025003		1057.00
6325	1508975218	3600		267.46		  90477382		1050.00
6325	1508978818	3600		267.24		  83161177		1048.00
6325	1508982418	3600		267.10		  78469602		1035.00
6325	1508985380	2962		266.33		  69770485		1028.00
6326	1508986580	1200		260.71		  69770485		-999.00
6327	1508990180	3600		264.06		  69770485		-999.00
6328	1508993780	3600		260.71		  69770485		-999.00
6329	1508997380	3600		261.06		  69770485		-999.00
6330	1509000980	3600		261.06		  69770485		-999.00
6331	1509004580	3600		261.06		  69770485		-999.00
6332	1509008180	3600		261.06		  69770485		-999.00
6333	1509011780	3600		261.06		  69770485		-999.00
6334	1509015380	3600		261.06		  69770485		-999.00
6335	1509018980	3600		261.06		  69770485		-999.00
6336	1509022580	3600		261.06		  69770485		-999.00
6337	1509026180	3600		255.80		  69770485		-999.00
6338	1509029780	3600		255.80		  69770485		-999.00
6339	1509033380	3600		261.63		  69770485		-999.00
6340	1509036980	3600		261.10		  69770485		-999.00
6341	1509040580	3600		261.44		  69770485		-999.00
6342	1508985380	-55200		261.23		  69770485		-999.00
6336	1509043424	1200		264.55		  14678755		981.00
6336	1509047024	3600		264.54		  14250925		965.00
6336	1509050624	3600		264.53		  13845142		958.50
6336	1509054224	3600		264.50		  12852517		957.50
6336	1509056801	2577		264.43		  10561631		945.00
6337	1509058001	1200		264.28		  10561631		-999.00
6338	1509061601	3600		260.59		  10561631		-999.00
6339	1509065201	3600		260.59		  10561631		-999.00
6340	1509068801	3600		260.59		  10561631		-999.00
6341	1509056801	-12000		261.11		  10561631		-999.00
6337	1509072995	1200		270.58		 192624928		1159.00
6337	1509076595	3600		270.64		 194710372		1149.00
6337	1509080195	3600		270.57		 192133522		1152.00
6337	1509083795	3600		270.28		 183101641		1165.00
6337	1509087395	3600		270.25		 182161699		1134.00
6337	1509090995	3600		269.68		 163156203		1116.00
6337	1509091839	844		267.86		 114156974		1095.00
6338	1509093039	1200		261.22		 114156974		-999.00
6339	1509096639	3600		261.22		 114156974		-999.00
6340	1509100239	3600		261.22		 114156974		-999.00
6341	1509103839	3600		261.22		 114156974		-999.00
6342	1509107439	3600		261.22		 114156974		-999.00
6343	1509111039	3600		263.88		 114156974		-999.00
6344	1509114639	3600		264.22		 114156974		-999.00
6345	1509118239	3600		264.23		 114156974		-999.00
6346	1509121839	3600		264.58		 114156974		-999.00
6347	1509125439	3600		264.58		 114156974		-999.00
6348	1509129039	3600		264.75		 114156974		-999.00
6349	1509132639	3600		264.41		 114156974		-999.00
6350	1509136239	3600		264.19		 114156974		-999.00
6351	1509091839	-44400		264.27		 114156974		-999.00
6341	1509140377	1200		270.56		 189154662		1164.00
6341	1509142561	2184		270.64		 191534562		1155.00
6342	1509143761	1200		264.01		 191534562		-999.00
6343	1509147361	3600		264.18		 191534562		-999.00
6344	1509150961	3600		264.18		 191534562		-999.00
6345	1509154561	3600		260.67		 191534562		-999.00
6346	1509158161	3600		260.67		 191534562		-999.00
6347	1509161761	3600		260.67		 191534562		-999.00
6348	1509142561	-19200		261.89		 191534562		-999.00
6343	1509165362	1200		270.64		 192140827		1155.00
6343	1509168962	3600		270.72		 194591443		1161.00
6343	1509172562	3600		270.63		 191808082		1166.00
6343	1509176162	3600		270.25		 179561406		1157.00
6343	1509179762	3600		270.01		 171829085		1132.00
6343	1509183362	3600		269.47		 153787309		1121.00
6343	1509186962	3600		269.06		 140121743		1109.00
6343	1509190562	3600		268.76		 129840958		1098.00
6343	1509194162	3600		268.47		 120210376		1086.00
6343	1509197762	3600		268.17		 110390475		1088.00
6343	1509201362	3600		267.93		 102196910		1075.00
6343	1509204962	3600		267.72		  95349685		1068.00
6343	1509206860	1898		267.53		  89030270		1066.00
6344	1509208060	1200		264.34		  89030270		-999.00
6345	1509211660	3600		260.82		  89030270		-999.00
6346	1509215260	3600		261.33		  89030270		-999.00
6347	1509206860	-8400		261.86		  89030270		-999.00
6344	1509216496	1200		270.71		 189837557		1174.00
6344	1509220096	3600		270.79		 192595030		1174.00
6344	1509223696	3600		270.73		 190608575		1177.00
6344	1509227296	3600		270.07		 180126564		1162.00
6344	1509230896	3600		270.07		 180378818		1164.00
6344	1509233361	2465		269.69		 167462901		1152.00
6345	1509234561	1200		264.32		 167462901		-999.00
6346	1509238161	3600		260.98		 167462901		-999.00
6347	1509245361	3600		260.98		 167462901		-999.00
6348	1509248961	3600		260.98		 167462901		-999.00
6349	1509252561	3600		260.98		 167462901		-999.00
6350	1509256161	3600		260.98		 167462901		-999.00
6351	1509259761	3600		260.81		 167462901		-999.00
6352	1509263361	3600		260.98		 167462901		-999.00
6353	1509266961	3600		260.98		 167462901		-999.00
6354	1509270561	3600		261.32		 167462901		-999.00
6355	1509233361	-33600		261.66		 167462901		-999.00
6346	1509273715	1200		270.88		 195215853		1180.00
6346	1509277315	3600		270.82		 193217023		1180.00
6346	1509280915	3600		270.09		 192754124		1027.00
6346	1509284515	3600		270.51		 183976835		1170.00
6346	1509288115	3600		269.89		 180644715		1141.00
6346	1509291715	3600		269.73		 163698245		1150.00
6346	1509295315	3600		269.31		 149742296		1136.00
6346	1509298915	3600		268.99		 139020196		1128.00
6346	1509302515	3600		268.66		 128275499		1117.00
6346	1509306115	3600		268.34		 117359828		1112.00
6346	1509309715	3600		268.09		 108946678		1103.00
6346	1509313315	3600		267.83		 100461029		1098.00
6346	1509316915	3600		267.28		  93814291		1093.00
6346	1509320515	3600		267.09		  87405711		1088.00
6346	1509324115	3600		266.90		  81047417		1080.00
6346	1509327715	3600		266.74		  75635508		1066.00
6346	1509331315	3600		266.55		  69583348		1065.00
6346	1509334915	3600		266.16		  62074396		1057.00
6346	1509335058	143		261.30		  63571520		 48.50
6347	1509336258	1200		260.79		  63571520		-999.00
6348	1509339858	3600		260.94		  63571520		-999.00
6349	1509343458	3600		264.11		  63571520		-999.00
6350	1509347058	3600		264.11		  63571520		-999.00
6351	1509350658	3600		260.93		  63571520		-999.00
6352	1509354258	3600		260.93		  63571520		-999.00
6353	1509357858	3600		261.28		  63571520		-999.00
6354	1509335058	-22800		261.30		  63571520		-999.00
6347	1509360447	1200		270.83		 195581537		1197.00
6347	1509364047	3600		270.75		 192857526		1198.00
6347	1509367647	3600		270.77		 193661461		1194.00
6347	1509371247	3600		270.57		 187387921		1139.00
6347	1509373889	2642		270.24		 176129760		1188.00
6348	1509375089	1200		264.22		 176129760		-999.00
6349	1509378689	3600		263.49		 176129760		-999.00
6350	1509382289	3600		261.19		 176129760		-999.00
6351	1509385889	3600		260.85		 176129760		-999.00
6352	1509389489	3600		260.85		 176129760		-999.00
6353	1509373889	-15600		261.95		 176129760		-999.00
6348	1509392461	1200		270.81		 195320801		1210.00
6348	1509396061	3600		270.74		 193067525		1208.00
6348	1509399661	3600		270.76		 193650456		1206.00
6348	1509403261	3600		270.14		 184508528		1043.00
6348	1509406861	3600		270.51		 185322809		1189.00
6348	1509407899	1038		270.05		 169951405		1192.00
6349	1509409099	1200		264.25		 169951405		-999.00
6350	1509412699	3600		264.25		 169951405		-999.00
6351	1509416299	3600		260.93		 169951405		-999.00
6352	1509419899	3600		260.76		 169951405		-999.00
6353	1509407899	-12000		261.95		 169951405		-999.00
6349	1509421547	1200		270.79		 194416206		1211.00
6349	1509425147	3600		270.71		 191975870		1216.00
6349	1509428747	3600		270.66		 190245748		1207.00
6349	1509431369	2622		270.67		 190468264		1208.00
6350	1509432569	1200		264.23		 190468264		-999.00
6351	1509436169	3600		264.23		 190468264		-999.00
6352	1509439769	3600		261.23		 190468264		-999.00
6353	1509443369	3600		261.23		 190468264		-999.00
6354	1509446969	3600		261.23		 190468264		-999.00
6355	1509450569	3600		261.23		 190468264		-999.00
6356	1509454169	3600		261.24		 190468264		-999.00
6357	1509457769	3600		260.90		 190468264		-999.00
6358	1509431369	-26400		261.95		 190468264		-999.00
6351	1509460899	1200		261.09		 191992389		  8.50
6351	1509463247	2348		270.71		 198564392		1211.00
6352	1509464447	1200		264.25		 198564392		-999.00
6353	1509468047	3600		264.25		 198564392		-999.00
6354	1509471647	3600		264.25		 198564392		-999.00
6355	1509475247	3600		264.25		 198564392		-999.00
6356	1509478847	3600		264.25		 198564392		-999.00
6357	1509482447	3600		264.25		 198564392		-999.00
6358	1509486047	3600		264.25		 198564392		-999.00
6359	1509489647	3600		264.25		 198564392		-999.00
6360	1509493247	3600		264.25		 198564392		-999.00
6361	1509496847	3600		264.25		 198564392		-999.00
6362	1509500447	3600		264.25		 198564392		-999.00
6363	1509504047	3600		264.25		 198564392		-999.00
6364	1509507647	3600		264.25		 198564392		-999.00
6365	1509511247	3600		264.25		 198564392		-999.00
6366	1509514847	3600		264.25		 198564392		-999.00
6367	1509518447	3600		264.25		 198564392		-999.00
6368	1509522047	3600		263.73		 198564392		-999.00
6369	1509525647	3600		264.24		 198564392		-999.00
6370	1509529247	3600		261.24		 198564392		-999.00
6371	1509532847	3600		261.24		 198564392		-999.00
6372	1509536447	3600		264.24		 198564392		-999.00
6373	1509540047	3600		264.24		 198564392		-999.00
6374	1509543647	3600		261.09		 198564392		-999.00
6375	1509547247	3600		261.11		 198564392		-999.00
6376	1509550847	3600		261.28		 198564392		-999.00
6377	1509554447	3600		261.28		 198564392		-999.00
6378	1509463247	-91200		261.93		 198564392		-999.00
6355	1509558458	1200		270.48		 195446580		1188.00
6355	1509560666	2208		270.79		 194109487		1209.00
6356	1509561866	1200		264.23		 194109487		-999.00
6357	1509565466	3600		260.71		 194109487		-999.00
6358	1509569066	3600		260.71		 194109487		-999.00
6359	1509560666	-8400		261.96		 194109487		-999.00
6356	1509573756	1200		270.66		 195355610		1212.00
6356	1509577356	3600		270.47		 195486896		1056.00
6356	1509580956	3600		270.71		 192775774		1208.00
6356	1509584556	3600		270.33		 180996713		1208.00
6356	1509588156	3600		270.23		 177959895		1192.00
6356	1509591756	3600		269.65		 158758456		1171.00
6356	1509595356	3600		269.10		 146273983		1172.00
6356	1509598956	3600		268.64		 136703360		1154.00
6356	1509602556	3600		268.29		 124892592		1143.00
6356	1509606156	3600		267.99		 115136051		1106.00
6356	1509609756	3600		267.71		 105812962		1123.00
6356	1509613356	3600		267.50		  98699026		1120.00
6356	1509616034	2678		261.54		  85273906		 10.00
6357	1509617234	1200		261.14		  85273906		-999.00
6358	1509620834	3600		261.14		  85273906		-999.00
6359	1509624434	3600		261.14		  85273906		-999.00
6360	1509628034	3600		260.63		  85273906		-999.00
6361	1509631634	3600		260.63		  85273906		-999.00
6362	1509635234	3600		260.64		  85273906		-999.00
6363	1509616034	-19200		261.54		  85273906		-999.00
6358	1509636992	1200		273.01		 256185975		1253.00
6358	1509640592	3600		271.90		 222023707		1254.00
6358	1509644192	3600		271.67		 214161852		1235.00
6358	1509647792	3600		270.48		 186273117		1234.00
6358	1509651392	3600		270.25		 177961152		1203.00
6358	1509654992	3600		269.71		 160062457		1197.00
6358	1509658592	3600		269.27		 145413123		1181.00
6358	1509662192	3600		268.87		 132052710		1168.00
6358	1509665792	3600		268.64		 124309802		1165.00
6358	1509669392	3600		268.34		 114418048		1151.00
6358	1509672992	3600		267.59		 106401280		1060.00
6358	1509676592	3600		267.50		  97978273		1131.00
6358	1509680192	3600		267.31		  91562627		1121.00
6358	1509683792	3600		267.11		  84838692		1119.00
6358	1509686642	2850		266.82		  80797056		1116.00
6359	1509687842	1200		264.39		  80797056		-999.00
6360	1509691442	3600		261.39		  80797056		-999.00
6361	1509695042	3600		261.22		  80797056		-999.00
6362	1509698642	3600		264.39		  80797056		-999.00
6363	1509702242	3600		260.88		  80797056		-999.00
6364	1509705842	3600		260.88		  80797056		-999.00
6365	1509709442	3600		260.88		  80797056		-999.00
6366	1509686642	-22800		261.39		  80797056		-999.00
6360	1509712486	1200		270.78		 195394841		1233.00
6360	1509716086	3600		270.70		 193205949		1243.00
6360	1509719686	3600		270.70		 193170603		1239.00
6360	1509723286	3600		270.48		 185064490		1255.00
6360	1509726886	3600		270.45		 183897735		1225.00
6360	1509730486	3600		269.92		 166247535		1209.00
6360	1509734086	3600		269.43		 150012081		1193.00
6360	1509737686	3600		268.95		 139818374		1183.00
6360	1509741286	3600		268.60		 128255572		1176.00
6360	1509744886	3600		268.30		 118288289		1162.00
6360	1509748486	3600		268.02		 108955975		1160.00
6360	1509752086	3600		267.76		 100195752		1147.00
6360	1509755686	3600		267.56		  93589896		1142.00
6360	1509759286	3600		267.35		  86640488		1136.00
6360	1509762886	3600		267.19		  81179759		1126.00
6360	1509766486	3600		267.01		  75325728		1124.00
6360	1509770086	3600		266.49		  69740780		1063.00
6360	1509773686	3600		266.37		  65799082		1118.00
6360	1509777286	3600		266.29		  63342736		1114.00
6360	1509780886	3600		266.20		  60069530		1106.00
6360	1509784486	3600		266.09		  56523998		1096.00
6360	1509788086	3600		266.01		  53783129		1098.00
6360	1509791686	3600		265.06		  22381102		1027.00
6360	1509795286	3600		265.46		  35700533		1082.00
6360	1509798558	3272		265.74		  44838388		1082.00
6361	1509799758	1200		261.05		  44838388		-999.00
6362	1509803358	3600		264.05		  44838388		-999.00
6363	1509806958	3600		264.22		  44838388		-999.00
6364	1509810558	3600		260.88		  44838388		-999.00
6365	1509798558	-12000		261.39		  44838388		-999.00
6362	1509814717	1200		270.64		 195853657		1250.00
6362	1509818317	3600		270.60		 194776622		1248.00
6362	1509821917	3600		270.53		 192365006		1254.00
6362	1509825517	3600		270.54		 192675356		1250.00
6362	1509829117	3600		270.37		 181477132		1243.00
6362	1509832717	3600		270.13		 173683952		1226.00
6362	1509836317	3600		269.61		 156193001		1217.00
6362	1509839917	3600		269.33		 147017019		1198.00
6362	1509843517	3600		268.75		 134391568		1191.00
6362	1509847117	3600		268.29		 119097057		1175.00
6362	1509850717	3600		267.98		 108978842		1163.00
6362	1509854317	3600		267.71		  99838878		1154.00
6362	1509857917	3600		267.53		  93730010		1148.00
6362	1509861517	3600		267.31		  86648390		1140.00
6362	1509865117	3600		267.16		  81469424		1140.00
6362	1509868717	3600		266.99		  75900180		1135.00
6362	1509872317	3600		266.68		  71202645		1085.00
6362	1509875917	3600		266.31		  64547476		1126.00
6362	1509879517	3600		266.18		  60414407		1119.00
6362	1509883117	3600		266.06		  56245716		1116.00
6362	1509886717	3600		265.94		  52296875		1109.00
6362	1509890317	3600		265.87		  50026750		1109.00
6362	1509893917	3600		265.79		  47371392		1111.00
6362	1509897517	3600		265.75		  45862303		1107.00
6362	1509899516	1999		265.59		  40670899		1097.00
6363	1509900716	1200		261.20		  40670899		-999.00
6364	1509904316	3600		264.20		  40670899		-999.00
6365	1509907916	3600		261.04		  40670899		-999.00
6366	1509911516	3600		264.39		  40670899		-999.00
6367	1509915116	3600		264.39		  40670899		-999.00
6368	1509918716	3600		264.39		  40670899		-999.00
6369	1509922316	3600		264.39		  40670899		-999.00
6370	1509925916	3600		260.88		  40670899		-999.00
6371	1509929516	3600		260.88		  40670899		-999.00
6372	1509899516	-30000		261.37		  40670899		-999.00
6364	1509933299	1200		270.63		 195418613		1275.00
6364	1509936899	3600		270.62		 194864525		1268.00
6364	1509940499	3600		270.58		 193601301		1268.00
6364	1509944099	3600		270.20		 181457976		1256.00
6364	1509947699	3600		270.48		 185065805		1256.00
6364	1509951299	3600		269.93		 166735373		1239.00
6364	1509954899	3600		269.50		 152505438		1228.00
6364	1509958499	3600		269.15		 141019881		1217.00
6364	1509962099	3600		268.82		 129974989		1211.00
6364	1509965699	3600		268.35		 120040977		1198.00
6364	1509969299	3600		268.05		 109986753		1189.00
6364	1509972899	3600		267.83		 102527111		1180.00
6364	1509976499	3600		267.13		  90836782		1147.00
6364	1509980099	3600		267.07		  88987914		1164.00
6364	1509983699	3600		266.88		  82579846		1159.00
6364	1509987299	3600		266.72		  77372801		1154.00
6364	1509990899	3600		266.59		  72850810		1152.00
6364	1509994499	3600		266.45		  68253416		1146.00
6364	1509998099	3600		265.74		  44706903		1078.00
6364	1510001699	3600		265.45		  34903524		1152.00
6364	1510005299	3600		266.12		  57376302		1133.00
6364	1510008899	3600		266.03		  54220032		1128.00
6364	1510012499	3600		265.93		  50784532		1127.00
6364	1510016099	3600		265.86		  48565148		1124.00
6364	1510019699	3600		265.78		  45986983		1121.00
6364	1510023299	3600		265.70		  43218898		1117.00
6364	1510026899	3600		265.63		  40825195		1117.00
6364	1510030499	3600		265.52		  37183353		1105.00
6364	1510030750	251		265.61		  40282229		687.00
6365	1510031950	1200		261.23		  40282229		-999.00
6366	1510035550	3600		260.72		  40282229		-999.00
6367	1510039150	3600		261.06		  40282229		-999.00
6368	1510042750	3600		259.69		  40282229		-999.00
6369	1510046350	3600		259.52		  40282229		-999.00
6370	1510049950	3600		260.85		  40282229		-999.00
6371	1510053550	3600		261.19		  40282229		-999.00
6372	1510057150	3600		264.36		  40282229		-999.00
6373	1510060750	3600		264.36		  40282229		-999.00
6374	1510064350	3600		264.36		  40282229		-999.00
6375	1510067950	3600		264.36		  40282229		-999.00
6376	1510071550	3600		264.36		  40282229		-999.00
6377	1510075150	3600		264.36		  40282229		-999.00
6378	1510078750	3600		264.36		  40282229		-999.00
6379	1510082350	3600		264.36		  40282229		-999.00
6380	1510085950	3600		264.36		  40282229		-999.00
6381	1510089550	3600		264.36		  40282229		-999.00
6382	1510093150	3600		264.36		  40282229		-999.00
6383	1510096750	3600		264.36		  40282229		-999.00
6384	1510100350	3600		264.36		  40282229		-999.00
6385	1510103950	3600		264.36		  40282229		-999.00
6386	1510107550	3600		264.36		  40282229		-999.00
6387	1510111150	3600		264.36		  40282229		-999.00
6388	1510114750	3600		264.36		  40282229		-999.00
6389	1510118350	3600		264.36		  40282229		-999.00
6390	1510121950	3600		264.36		  40282229		-999.00
6391	1510125550	3600		264.36		  40282229		-999.00
6392	1510129150	3600		264.36		  40282229		-999.00
6393	1510132750	3600		260.85		  40282229		-999.00
6394	1510136350	3600		260.85		  40282229		-999.00
6395	1510139950	3600		260.85		  40282229		-999.00
6396	1510143550	3600		261.19		  40282229		-999.00
6397	1510147150	3600		260.85		  40282229		-999.00
6398	1510150750	3600		261.02		  40282229		-999.00
6399	1510154350	3600		261.02		  40282229		-999.00
6400	1510157950	3600		261.02		  40282229		-999.00
6401	1510161550	3600		261.02		  40282229		-999.00
6402	1510165150	3600		261.02		  40282229		-999.00
6403	1510168750	3600		261.02		  40282229		-999.00
6404	1510172350	3600		261.02		  40282229		-999.00
6405	1510175950	3600		261.02		  40282229		-999.00
6406	1510179550	3600		264.36		  40282229		-999.00
6407	1510183150	3600		260.86		  40282229		-999.00
6408	1510186750	3600		261.02		  40282229		-999.00
6409	1510030750	-156000		261.40		  40282229		-999.00
6370	1510188441	1200		270.63		 196005068		1275.00
6370	1510192041	3600		270.61		 195361671		1265.00
6370	1510195641	3600		270.49		 191141316		1281.00
6370	1510199241	3600		270.12		 178876543		1260.00
6370	1510202841	3600		269.91		 171916530		1247.00
6370	1510206441	3600		269.44		 156092118		1235.00
6370	1510210041	3600		269.07		 144021724		1227.00
6370	1510213641	3600		268.62		 134393542		1211.00
6370	1510217241	3600		267.56		 105474127		1083.00
6370	1510220841	3600		264.76		  12179611		1066.00
6370	1510221340	499		264.44		   1449662		1065.00
6371	1510222540	1200		264.40		   1449662		-999.00
6372	1510226140	3600		261.02		   1449662		-999.00
6373	1510229740	3600		260.85		   1449662		-999.00
6374	1510233340	3600		261.37		   1449662		-999.00
6375	1510221340	-12000		261.40		   1449662		-999.00
6371	1510234657	1200		270.86		 193453894		1272.00
6371	1510238257	3600		270.84		 193791734		1293.00
6371	1510241857	3600		270.81		 193037454		1289.00
6371	1510245457	3600		270.38		 179967337		1290.00
6371	1510249057	3600		270.18		 173282089		1263.00
6371	1510252657	3600		269.74		 158541260		1247.00
6371	1510256257	3600		268.94		 144524621		1240.00
6371	1510259857	3600		268.66		 135085965		1227.00
6371	1510263457	3600		268.34		 124557253		1213.00
6371	1510267057	3600		268.02		 113880644		1208.00
6371	1510270657	3600		267.79		 106028511		1197.00
6371	1510274257	3600		267.54		  97650483		1194.00
6371	1510277857	3600		267.34		  91187721		1189.00
6371	1510281457	3600		267.14		  84502163		1177.00
6371	1510285057	3600		266.98		  79090016		1173.00
6371	1510288657	3600		266.85		  74856573		1168.00
6371	1510292257	3600		266.70		  69916136		1164.00
6371	1510295857	3600		266.35		  63759377		1159.00
6371	1510299457	3600		266.31		  62576626		1154.00
6371	1510303057	3600		266.22		  59504097		1155.00
6371	1510306657	3600		266.12		  55985328		1148.00
6371	1510310257	3600		266.04		  53404476		1146.00
6371	1510313857	3600		265.95		  50610225		1143.00
6371	1510317457	3600		265.06		  26467621		1067.00
6371	1510319386	1929		264.44		   5741599		1078.00
6372	1510320586	1200		261.27		   5741599		-999.00
6373	1510324186	3600		261.27		   5741599		-999.00
6374	1510327786	3600		261.27		   5741599		-999.00
6375	1510331386	3600		261.27		   5741599		-999.00
6376	1510334986	3600		261.27		   5741599		-999.00
6377	1510338586	3600		260.76		   5741599		-999.00
6378	1510342186	3600		261.27		   5741599		-999.00
6379	1510345786	3600		261.10		   5741599		-999.00
6380	1510349386	3600		261.10		   5741599		-999.00
6381	1510352986	3600		260.76		   5741599		-999.00
6382	1510356586	3600		260.76		   5741599		-999.00
6383	1510360186	3600		260.77		   5741599		-999.00
6384	1510363786	3600		260.77		   5741599		-999.00
6385	1510367386	3600		260.77		   5741599		-999.00
6386	1510370986	3600		260.77		   5741599		-999.00
6387	1510374586	3600		260.77		   5741599		-999.00
6388	1510378186	3600		260.77		   5741599		-999.00
6389	1510381786	3600		260.77		   5741599		-999.00
6390	1510385386	3600		260.77		   5741599		-999.00
6391	1510388986	3600		260.77		   5741599		-999.00
6392	1510392586	3600		260.77		   5741599		-999.00
6393	1510396186	3600		260.77		   5741599		-999.00
6394	1510399786	3600		260.77		   5741599		-999.00
6395	1510403386	3600		260.94		   5741599		-999.00
6396	1510406986	3600		260.77		   5741599		-999.00
6397	1510410586	3600		260.77		   5741599		-999.00
6398	1510414186	3600		261.04		   5741599		-999.00
6399	1510417786	3600		260.73		   5741599		-999.00
6400	1510421386	3600		260.73		   5741599		-999.00
6401	1510424986	3600		260.73		   5741599		-999.00
6402	1510319386	-105600		261.27		   5741599		-999.00
6380	1510426207	1200		264.25		     60116		1082.00
6380	1510429807	3600		264.24		     27130		1085.00
6380	1510433407	3600		264.24		     23357		1072.00
6380	1510437007	3600		264.24		     42402		1071.00
6380	1510440607	3600		264.24		     43940		1066.00
6380	1510444207	3600		264.24		     39976		1062.00
6380	1510447807	3600		264.24		     41162		1061.00
6380	1510451407	3600		264.24		     38521		1066.00
6380	1510455007	3600		264.24		     39162		1055.00
6380	1510458607	3600		264.24		     38470		1053.00
6380	1510461234	2627		264.24		     35059		1053.00
6381	1510462434	1200		260.73		     35059		-999.00
6382	1510466034	3600		260.73		     35059		-999.00
6383	1510461234	-4800		260.73		     35059		-999.00
6381	1510468600	1200		264.20		   4174317		1069.00
6381	1510472200	3600		264.19		   3776994		1062.00
6381	1510475800	3600		264.17		   3304380		1059.00
6381	1510479400	3600		264.15		   2666428		1059.00
6381	1510483000	3600		264.14		   2191392		1062.00
6381	1510486600	3600		260.90		   2630616		  9.50
6381	1510489140	2540		260.90		   2501644		  9.50
6382	1510490340	1200		264.24		   2501644		-999.00
6383	1510493940	3600		261.24		   2501644		-999.00
6384	1510489140	-4800		260.90		   2501644		-999.00
6382	1510497351	1200		264.52		   9333204		1074.00
6382	1510499523	2172		264.56		  10574906		1069.00
6383	1510500723	1200		264.24		  10574906		-999.00
6384	1510504323	3600		264.24		  10574906		-999.00
6385	1510507923	3600		260.74		  10574906		-999.00
6386	1510499523	-8400		261.24		  10574906		-999.00
6384	1510510034	1200		264.54		   9542970		1076.00
6384	1510513634	3600		264.57		  10632232		1070.00
6384	1510517234	3600		264.54		   9590240		1069.00
6384	1510520834	3600		264.52		   8870186		1075.00
6384	1510524434	3600		264.50		   8179713		1065.00
6384	1510528034	3600		264.48		   7688819		1063.00
6384	1510531634	3600		264.47		   7178607		1062.00
6384	1510535234	3600		264.45		   6797993		1066.00
6384	1510538834	3600		264.44		   6370012		1063.00
6384	1510542434	3600		264.43		   6041695		1061.00
6384	1510546034	3600		264.42		   5762970		1064.00
6384	1510547156	1122		264.42		   5519630		1063.00
6385	1510548356	1200		264.25		   5519630		-999.00
6386	1510551956	3600		261.28		   5519630		-999.00
6387	1510555556	3600		260.94		   5519630		-999.00
6388	1510547156	-8400		261.25		   5519630		-999.00
6385	1510557400	1200		264.68		  13233628		1056.00
6385	1510561000	3600		264.74		  15081339		1074.00
6385	1510564600	3600		264.69		  13309052		1074.00
6385	1510568200	3600		264.66		  12481763		1067.00
6385	1510571800	3600		264.63		  11544837		1068.00
6385	1510575400	3600		264.61		  10808096		1063.00
6385	1510579000	3600		264.59		  10247918		1065.00
6385	1510582600	3600		264.58		   9622300		1066.00
6385	1510586200	3600		264.56		   9206455		1062.00
6385	1510589800	3600		264.55		   8691674		1063.00
6385	1510593400	3600		264.54		   8349740		1090.00
6385	1510597000	3600		264.53		   8020440		1063.00
6385	1510600600	3600		264.51		   7609384		1058.00
6385	1510604200	3600		264.50		   7234929		1060.00
6385	1510607800	3600		264.50		   6974855		1067.00
6385	1510611400	3600		264.49		   6657659		1060.00
6385	1510615000	3600		264.48		   6392501		1062.00
6385	1510618600	3600		264.47		   6204609		1058.00
6385	1510622200	3600		264.46		   5934499		1060.00
6385	1510625800	3600		264.46		   5747756		1064.00
6385	1510629400	3600		264.45		   5506979		1059.00
6385	1510633000	3600		264.45		   5347612		1058.00
6385	1510636600	3600		264.44		   5125670		1057.00
6385	1510640200	3600		264.44		   4952386		1060.00
6385	1510643800	3600		264.43		   4822085		1061.00
6385	1510647400	3600		264.43		   4630960		1058.00
6385	1510648816	1416		264.40		   3821149		1058.00
6386	1510650016	1200		260.77		   3821149		-999.00
6387	1510653616	3600		261.29		   3821149		-999.00
6388	1510648816	-4800		261.29		   3821149		-999.00
6386	1510657518	1200		264.71		  13973753		1077.00
6386	1510661118	3600		264.77		  16208355		1068.00
6386	1510664718	3600		264.72		  14523845		1065.00
6386	1510668318	3600		264.69		  13424937		1069.00
6386	1510671918	3600		264.66		  12388332		1062.00
6386	1510675518	3600		264.64		  11667345		1066.00
6386	1510679118	3600		264.62		  10966490		1062.00
6386	1510682718	3600		264.60		  10284179		1059.00
6386	1510686318	3600		264.58		   9798582		1064.00
6386	1510689918	3600		264.56		   9248317		1061.00
6386	1510693518	3600		264.55		   8810084		1058.00
6386	1510697118	3600		264.54		   8445679		1063.00
6386	1510697835	717		264.53		   8249398		1060.00
6387	1510699035	1200		264.29		   8249398		-999.00
6388	1510702635	3600		260.78		   8249398		-999.00
6389	1510697835	-4800		261.29		   8249398		-999.00
6390	1510704714	1200		264.29		   8249398		-999.00
6391	1510708314	3600		260.79		   8249398		-999.00
6392	1510703514	-4800		261.29		   8249398		-999.00
6393	1510712452	1200		264.31		   8249398		-999.00
6394	1510716052	3600		260.80		   8249398		-999.00
6395	1510711252	-4800		261.31		   8249398		-999.00
6389	1510718119	1200		264.82		  16840149		1075.00
6389	1510721719	3600		264.77		  15116080		1069.00
6389	1510725319	3600		264.73		  13775937		1068.00
6389	1510728919	3600		264.70		  12665911		1065.00
6389	1510732519	3600		264.67		  11828557		1062.00
6389	1510736119	3600		264.65		  10998255		1061.00
6389	1510739719	3600		264.63		  10442152		1063.00
6389	1510742286	2567		264.61		   9923663		1062.00
6390	1510743486	1200		264.32		   9923663		-999.00
6391	1510747086	3600		264.12		   9923663		-999.00
6392	1510750686	3600		264.29		   9923663		-999.00
6393	1510754286	3600		264.29		   9923663		-999.00
6394	1510742286	-12000		264.32		   9923663		-999.00
6390	1510756364	1200		264.79		  16557370		1059.00
6390	1510759964	3600		264.74		  15108971		1067.00
6390	1510763564	3600		264.70		  13809010		1065.00
6390	1510767164	3600		264.67		  12668729		1060.00
6390	1510770764	3600		264.64		  11827364		1058.00
6390	1510774364	3600		264.63		  11180353		1066.00
6390	1510777964	3600		264.60		  10473477		1059.00
6390	1510781564	3600		264.59		  10017760		1061.00
6390	1510783750	2186		264.58		   9627269		1066.00
6391	1510784950	1200		264.29		   9627269		-999.00
6392	1510788550	3600		264.29		   9627269		-999.00
6393	1510792150	3600		264.29		   9627269		-999.00
6394	1510795750	3600		264.29		   9627269		-999.00
6395	1510799350	3600		261.29		   9627269		-999.00
6396	1510802950	3600		260.78		   9627269		-999.00
6397	1510783750	-19200		261.29		   9627269		-999.00
6392	1510805469	1200		264.78		  15838487		1068.00
6392	1510809069	3600		264.73		  14379699		1066.00
6392	1510812669	3600		264.71		  13717683		1066.00
6392	1510816269	3600		264.68		  12564419		1067.00
6392	1510819869	3600		264.65		  11748239		1059.00
6392	1510823469	3600		264.63		  11107080		1064.00
6392	1510827069	3600		264.61		  10405368		1061.00
6392	1510830669	3600		264.60		   9906928		1061.00
6392	1510834269	3600		264.58		   9334815		1055.00
6392	1510836884	2615		264.57		   9053766		1060.00
6393	1510838084	1200		261.30		   9053766		-999.00
6394	1510841684	3600		261.30		   9053766		-999.00
6395	1510845284	3600		261.30		   9053766		-999.00
6396	1510848884	3600		263.98		   9053766		-999.00
6397	1510852484	3600		261.32		   9053766		-999.00
6398	1510856084	3600		260.81		   9053766		-999.00
6399	1510859684	3600		264.32		   9053766		-999.00
6400	1510863284	3600		260.81		   9053766		-999.00
6401	1510836884	-26400		261.30		   9053766		-999.00
6396	1510866432	1200		264.45		  10020099		1054.00
6396	1510870032	3600		264.43		   9097277		1065.00
6396	1510873632	3600		264.40		   8057970		1058.00
6396	1510877232	3600		264.38		   7400465		1056.00
6396	1510880832	3600		264.36		   6819026		1055.00
6396	1510884432	3600		264.35		   6400767		1057.00
6396	1510888032	3600		264.33		   5962923		1058.00
6396	1510891632	3600		264.32		   5665020		1058.00
6396	1510895232	3600		264.31		   5327501		1059.00
6396	1510898832	3600		264.30		   5044390		1056.00
6396	1510902432	3600		264.30		   4829652		1053.00
6396	1510906032	3600		264.29		   4586734		1053.00
6396	1510909632	3600		264.29		   4416232		1055.00
6396	1510913232	3600		264.45		   4225252		1044.00
6396	1510916832	3600		264.44		   4020481		1050.00
6396	1510920432	3600		264.44		   3882114		1048.00
6396	1510924032	3600		264.44		   3728296		1049.00
6396	1510927632	3600		264.43		   3560457		1052.00
6396	1510931232	3600		264.43		   3484038		1052.00
6396	1510934832	3600		264.42		   3335280		1048.00
6396	1510938432	3600		264.42		   3239038		1048.00
6396	1510942032	3600		264.42		   3106999		1052.00
6396	1510945632	3600		264.41		   3021183		1048.00
6396	1510949232	3600		264.41		   2902657		1052.00
6396	1510952832	3600		264.41		   2825344		1042.00
6396	1510956432	3600		264.41		   2734958		1050.00
6396	1510960032	3600		264.40		   2648742		1048.00
6396	1510963632	3600		264.40		   2549383		1053.00
6396	1510967232	3600		264.40		   2489201		1045.00
6396	1510970832	3600		264.40		   2400466		1045.00
6396	1510974432	3600		264.39		   2346579		1047.00
6396	1510978032	3600		264.39		   2263973		1050.00
6396	1510981632	3600		264.39		   2212912		1050.00
6396	1510985232	3600		264.39		   2135113		1040.00
6396	1510988832	3600		264.39		   2076286		1052.00
6396	1510992432	3600		264.38		   2027538		1045.00
6396	1510996032	3600		264.38		   1864049		1043.00
6396	1510999057	3025		264.38		   1928486		1049.00
6397	1511000257	1200		261.32		   1928486		-999.00
6398	1511003857	3600		260.81		   1928486		-999.00
6399	1510999057	-4800		261.15		   1928486		-999.00
6397	1511006405	1200		264.70		  12366070		1060.00
6397	1511010005	3600		264.64		  10499339		1056.00
6397	1511013605	3600		264.64		  10207678		1054.00
6397	1511017205	3600		264.61		   9327230		1056.00
6397	1511020805	3600		264.59		   8727874		1052.00
6397	1511024405	3600		264.57		   8121488		1052.00
6397	1511028005	3600		264.56		   7698246		1049.00
6397	1511031605	3600		264.55		   7232612		1050.00
6397	1511035205	3600		264.54		   6860538		1052.00
6397	1511038805	3600		264.53		   6586797		1053.00
6397	1511042405	3600		264.52		   6239526		1053.00
6397	1511046005	3600		264.51		   5996627		1048.00
6397	1511049605	3600		264.50		   5695964		1049.00
6397	1511053205	3600		264.49		   5495045		1052.00
6397	1511056805	3600		264.49		   5242221		1049.00
6397	1511060405	3600		264.48		   5072544		1051.00
6397	1511064005	3600		264.48		   4881228		1050.00
6397	1511067605	3600		264.47		   4668094		1052.00
6397	1511071205	3600		264.47		   4523558		1047.00
6397	1511074805	3600		264.46		   4331608		1052.00
6397	1511078405	3600		264.46		   4208827		1048.00
6397	1511082005	3600		264.45		   4041280		1050.00
6397	1511085605	3600		264.45		   3929118		1053.00
6397	1511089205	3600		264.44		   3797047		1053.00
6397	1511092805	3600		264.44		   3672860		1048.00
6397	1511096405	3600		264.44		   3536660		1045.00
6397	1511100005	3600		264.43		   3448969		1044.00
6397	1511103605	3600		264.43		   3321893		1047.00
6397	1511107205	3600		264.43		   3242663		1047.00
6397	1511110805	3600		264.42		   3126069		1047.00
6397	1511114396	3591		264.42		   2885999		1048.00
6398	1511115596	1200		261.32		   2885999		-999.00
6399	1511119196	3600		260.82		   2885999		-999.00
6400	1511114396	-4800		261.33		   2885999		-999.00
6398	1511121946	1200		264.69		  12024438		1057.00
6398	1511125546	3600		264.64		  10198579		1054.00
6398	1511129146	3600		264.63		   9877952		1056.00
6398	1511132746	3600		264.60		   9029164		1055.00
6398	1511136346	3600		264.58		   8389533		1050.00
6398	1511139946	3600		264.57		   7920998		1047.00
6398	1511143546	3600		264.55		   7397363		1053.00
6398	1511147146	3600		264.54		   7043437		1052.00
6398	1511150746	3600		264.53		   6606587		1049.00
6398	1511154346	3600		264.52		   6319059		1050.00
6398	1511157946	3600		264.51		   6030557		1045.00
6398	1511161546	3600		264.50		   5758026		1046.00
6398	1511165146	3600		271.74		   5579705		2378.00
6398	1511167533	2387		268.93		   5292717		 10.00
6399	1511168733	1200		268.76		   5292717		-999.00
6400	1511172333	3600		268.76		   5292717		-999.00
6401	1511175933	3600		277.55		   5292717		-999.00
6402	1511167533	-8400		268.93		   5292717		-999.00
6399	1511177151	1200		277.55		  11541558		 10.00
6399	1511180751	3600		277.21		  10505898		  3.00
6399	1511184351	3600		280.56		   8806797		 16.50
6399	1511187951	3600		282.61		   8665069		 16.50
6399	1511191551	3600		284.31		   8034713		  2.50
6399	1511195151	3600		276.82		   7465876		  8.00
6399	1511198751	3600		268.67		   7100649		 10.00
6399	1511202351	3600		263.72		   6686141		967.00
6399	1511205951	3600		263.70		   6236658		948.50
6399	1511209551	3600		263.65		   4382821		961.50
6399	1511213151	3600		263.62		   3300924		962.50
6399	1511216751	3600		263.62		   3289339		957.00
6399	1511220351	3600		263.62		   3320484		957.50
6399	1511223951	3600		263.62		   3286935		957.50
6399	1511227551	3600		263.62		   3299011		960.00
6399	1511231151	3600		263.62		   3288157		957.00
6399	1511234751	3600		263.62		   3303367		959.00
6399	1511238351	3600		263.62		   3284726		960.50
6399	1511240507	2156		263.62		   3300428		956.50
6400	1511241707	1200		260.00		   3300428		-999.00
6401	1511245307	3600		260.52		   3300428		-999.00
6402	1511248907	3600		260.00		   3300428		-999.00
6403	1511252507	3600		260.69		   3300428		-999.00
6404	1511256107	3600		260.86		   3300428		-999.00
6405	1511259707	3600		261.04		   3300428		-999.00
6406	1511263307	3600		261.01		   3300428		-999.00
6407	1511240507	-22800		260.52		   3300428		-999.00
6402	1511266689	1200		264.35		    177658		1048.00
6402	1511266841	152		264.35		    259044		1046.00
6403	1511268041	1200		261.01		    259044		-999.00
6404	1511271641	3600		264.52		    259044		-999.00
6405	1511275241	3600		261.00		    259044		-999.00
6406	1511278841	3600		261.34		    259044		-999.00
6407	1511266841	-12000		261.18		    259044		-999.00
6404	1511281528	1200		266.27		  58693521		1062.00
6404	1511285128	3600		264.68		  17014950		1049.00
6404	1511288075	2947		264.85		  11331292		1123.00
6405	1511289275	1200		263.99		  11331292		-999.00
6406	1511292875	3600		260.99		  11331292		-999.00
6407	1511296475	3600		260.99		  11331292		-999.00
6408	1511288075	-8400		261.51		  11331292		-999.00
6405	1511297765	1200		269.94		 170600638		1244.00
6405	1511301365	3600		264.68		  12096378		1059.00
6405	1511304965	3600		264.63		  10455968		1055.00
6405	1511308565	3600		264.62		  10374919		1055.00
6405	1511312165	3600		264.63		  10449608		1060.00
6405	1511315765	3600		264.62		  10360505		1057.00
6405	1511319365	3600		264.63		  10391455		1051.00
6405	1511322965	3600		264.63		  10397415		1052.00
6405	1511326565	3600		264.62		  10336887		1053.00
6405	1511330165	3600		264.63		  10433817		1048.00
6405	1511333765	3600		264.85		  11733505		1063.00
6405	1511334092	327		264.77		   9021662		1062.00
6406	1511335292	1200		261.16		   9021662		-999.00
6407	1511338892	3600		261.33		   9021662		-999.00
6408	1511342492	3600		261.33		   9021662		-999.00
6409	1511346092	3600		261.33		   9021662		-999.00
6410	1511349692	3600		260.99		   9021662		-999.00
6411	1511353292	3600		260.99		   9021662		-999.00
6412	1511356892	3600		260.99		   9021662		-999.00
6413	1511360492	3600		260.99		   9021662		-999.00
6414	1511364092	3600		260.99		   9021662		-999.00
6415	1511367692	3600		260.99		   9021662		-999.00
6416	1511371292	3600		260.99		   9021662		-999.00
6417	1511374892	3600		260.99		   9021662		-999.00
6418	1511378492	3600		261.34		   9021662		-999.00
6419	1511382092	3600		261.00		   9021662		-999.00
6420	1511334092	-48000		261.50		   9021662		-999.00
6411	1511384750	1200		265.60		  46097707		1028.00
6411	1511388350	3600		264.55		  11109379		1054.00
6411	1511391950	3600		264.53		  10426827		1057.00
6411	1511395550	3600		264.53		  10377690		1055.00
6411	1511399150	3600		264.53		  10407029		1055.00
6411	1511402750	3600		264.53		  10316110		1057.00
6411	1511406350	3600		264.53		  10402572		1055.00
6411	1511409950	3600		264.53		  10339172		1054.00
6411	1511413550	3600		264.53		  10416762		1054.00
6411	1511417150	3600		264.53		  10353049		1055.00
6411	1511420750	3600		264.53		  10406953		1056.00
6411	1511424350	3600		264.53		  10377268		1052.00
6411	1511427950	3600		264.53		  10400593		1052.00
6411	1511431550	3600		264.53		  10328697		1053.00
6411	1511435150	3600		264.53		  10423461		1054.00
6411	1511438750	3600		264.53		  10324293		1057.00
6411	1511442350	3600		264.53		  10372504		1056.00
6411	1511445233	2883		264.53		  10292461		1058.00
6412	1511446433	1200		261.56		  10292461		-999.00
6413	1511450033	3600		261.05		  10292461		-999.00
6414	1511453633	3600		261.05		  10292461		-999.00
6415	1511457233	3600		261.05		  10292461		-999.00
6416	1511460833	3600		261.05		  10292461		-999.00
6417	1511445233	-15600		261.22		  10292461		-999.00
6413	1511463430	1200		265.06		  31724108		1048.00
6413	1511467030	3600		264.42		  10420949		1059.00
6413	1511470630	3600		264.42		  10416762		1055.00
6413	1511474230	3600		264.42		  10414326		1071.00
6413	1511477830	3600		264.42		  10419126		1059.00
6413	1511481430	3600		264.42		  10494885		1058.00
6413	1511485030	3600		264.42		  10402575		1055.00
6413	1511488630	3600		264.42		  10438790		1047.00
6413	1511492230	3600		264.42		  10415894		1057.00
6413	1511495830	3600		264.41		  10356425		1055.00
6413	1511499430	3600		264.42		  10410308		1056.00
6413	1511503030	3600		264.42		  10439914		1052.00
6413	1511506630	3600		264.42		  10419054		1054.00
6413	1511510230	3600		264.42		  10397440		1053.00
6413	1511513830	3600		264.41		  10358220		1052.00
6413	1511517430	3600		264.42		  10400226		1055.00
6413	1511521030	3600		264.42		  10432239		1053.00
6413	1511524630	3600		264.42		  10414488		1052.00
6413	1511528230	3600		264.41		  10372461		1058.00
6413	1511531830	3600		264.42		  10392331		1054.00
6413	1511535430	3600		264.41		  10341536		1052.00
6413	1511539030	3600		264.41		  10279408		1057.00
6413	1511542630	3600		264.41		  10349687		1051.00
6413	1511546230	3600		264.42		  10425951		1055.00
6413	1511549830	3600		264.41		  10346757		1053.00
6413	1511553430	3600		264.42		  10460350		1057.00
6413	1511557030	3600		264.41		  10384327		1057.00
6413	1511560630	3600		264.41		  10361258		1055.00
6413	1511564230	3600		264.41		  10279484		1057.00
6413	1511565273	1043		264.41		  10279835		1059.00
6414	1511566473	1200		264.10		  10279835		-999.00
6415	1511570073	3600		264.63		  10279835		-999.00
6416	1511573673	3600		264.63		  10279835		-999.00
6417	1511577273	3600		260.79		  10279835		-999.00
6418	1511565273	-12000		261.10		  10279835		-999.00
6415	1511581573	1200		264.74		  19673324		1024.00
6415	1511585173	3600		264.46		  10329021		1053.00
6415	1511588773	3600		264.47		  10420330		1056.00
6415	1511592373	3600		264.46		  10341658		1056.00
6415	1511595973	3600		264.47		  10424848		1053.00
6415	1511599573	3600		264.46		  10337918		1051.00
6415	1511603173	3600		264.47		  10420020		1055.00
6415	1511606773	3600		264.47		  10435479		1055.00
6415	1511610373	3600		264.47		  10431295		1056.00
6415	1511613973	3600		264.46		  10368915		1055.00
6415	1511617573	3600		264.46		  10363297		1056.00
6415	1511621173	3600		264.47		  10426729		1055.00
6415	1511624773	3600		264.46		  10349586		1057.00
6415	1511628373	3600		264.47		  10425302		1053.00
6415	1511631973	3600		264.46		  10351824		1055.00
6415	1511635573	3600		264.47		  10417458		1051.00
6415	1511639173	3600		264.46		  10310074		1053.00
6415	1511642623	3450		264.46		  10330576		1054.00
6416	1511643823	1200		264.15		  10330576		-999.00
6417	1511647423	3600		261.15		  10330576		-999.00
6418	1511651023	3600		260.98		  10330576		-999.00
6419	1511654623	3600		260.83		  10330576		-999.00
6420	1511642623	-12000		261.15		  10330576		-999.00
6417	1511659070	1200		264.52		  11149215		1066.00
6417	1511662670	3600		264.50		  10425418		1058.00
6417	1511666270	3600		264.50		  10325468		1056.00
6417	1511669870	3600		264.50		  10439579		1056.00
6417	1511673470	3600		264.50		  10341424		1053.00
6417	1511677070	3600		264.50		  10329007		1055.00
6417	1511680670	3600		264.50		  10427591		1056.00
6417	1511684270	3600		264.50		  10347006		1058.00
6417	1511687870	3600		264.49		  10046264		1040.00
6417	1511688687	817		265.24		  23702915		1057.00
