 *** Break *** segmentation violation



===========================================================
There was a crash.
This is the entire stack trace of all threads:
===========================================================
#0  0x00007fb3d7cd8fba in wait4 () from /lib64/libc.so.6
#1  0x00007fb3d7c4b7e3 in do_system () from /lib64/libc.so.6
#2  0x00007fb3d70f82ce in TUnixSystem::StackTrace() () from /cvmfs/sft.cern.ch/lcg/app/releases/ROOT/6.32.04/x86_64-almalinux9.4-gcc114-opt/lib/libCore.so
#3  0x00007fb3d739b083 in (anonymous namespace)::TExceptionHandlerImp::HandleException(int) () from /cvmfs/sft.cern.ch/lcg/app/releases/ROOT/6.32.04/x86_64-almalinux9.4-gcc114-opt/lib/libcppyy_backend.so
#4  0x00007fb3d70f5861 in TUnixSystem::DispatchSignals(ESignals) () from /cvmfs/sft.cern.ch/lcg/app/releases/ROOT/6.32.04/x86_64-almalinux9.4-gcc114-opt/lib/libCore.so
#5  <signal handler called>
#6  _PyObject_IS_GC (obj=0x1) at /usr/local/src/conda/python-3.10.12/Include/internal/pycore_object.h:165
#7  visit_decref (op=0x1, parent=0x562570a13000) at /usr/local/src/conda/python-3.10.12/Modules/gcmodule.c:456
#8  0x000056256e3c5144 in subtract_refs (containers=<optimized out>) at /usr/local/src/conda/python-3.10.12/Modules/gcmodule.c:482
#9  deduce_unreachable (base=base
entry=0x56256e8b1680, unreachable=unreachable
entry=0x7fff4860f820) at /usr/local/src/conda/python-3.10.12/Modules/gcmodule.c:1105
#10 0x000056256e3c3e98 in gc_collect_main (tstate=tstate
entry=0x56256e8cdcf0, generation=generation
entry=0, n_collected=n_collected
entry=0x7fff4860f900, n_uncollectable=n_uncollectable
entry=0x7fff4860f8f8, nofail=nofail
entry=0) at /usr/local/src/conda/python-3.10.12/Modules/gcmodule.c:1239
#11 0x000056256e4714bb in gc_collect_with_callback (tstate=tstate
entry=0x56256e8cdcf0, generation=0) at /usr/local/src/conda/python-3.10.12/Modules/gcmodule.c:1413
#12 0x000056256e3b980b in gc_collect_generations (tstate=0x56256e8cdcf0) at /usr/local/src/conda/python-3.10.12/Modules/gcmodule.c:1468
#13 _PyObject_GC_Alloc (basicsize=<optimized out>, use_calloc=0) at /usr/local/src/conda/python-3.10.12/Modules/gcmodule.c:2297
#14 _PyObject_GC_Malloc (basicsize=<optimized out>) at /usr/local/src/conda/python-3.10.12/Modules/gcmodule.c:2307
#15 _PyObject_GC_New (tp=0x7fb3b93b65c0 <CPyCppyy::CPPOverload_Type>) at /usr/local/src/conda/python-3.10.12/Modules/gcmodule.c:2319
#16 0x00007fb3b9339790 in CPyCppyy::(anonymous namespace)::mp_new(_typeobject*, _object*, _object*) () from /cvmfs/sft.cern.ch/lcg/app/releases/ROOT/6.32.04/x86_64-almalinux9.4-gcc114-opt/lib/libcppyy.so
#17 0x00007fb3b93629e3 in CPyCppyy::BuildScopeProxyDict(unsigned long, _object*, unsigned int) () from /cvmfs/sft.cern.ch/lcg/app/releases/ROOT/6.32.04/x86_64-almalinux9.4-gcc114-opt/lib/libcppyy.so
#18 0x00007fb3b93651a3 in CPyCppyy::CreateScopeProxy(std::__cxx11::basic_string<char, std::char_traits<char>, std::allocator<char> > const&, _object*, unsigned int) () from /cvmfs/sft.cern.ch/lcg/app/releases/ROOT/6.32.04/x86_64-almalinux9.4-gcc114-opt/lib/libcppyy.so
#19 0x00007fb3b9365dc5 in CPyCppyy::CreateScopeProxy(unsigned long, unsigned int) () from /cvmfs/sft.cern.ch/lcg/app/releases/ROOT/6.32.04/x86_64-almalinux9.4-gcc114-opt/lib/libcppyy.so
#20 0x00007fb3b9365e26 in CPyCppyy::BindCppObjectNoCast(void*, unsigned long, unsigned int) () from /cvmfs/sft.cern.ch/lcg/app/releases/ROOT/6.32.04/x86_64-almalinux9.4-gcc114-opt/lib/libcppyy.so
#21 0x00007fb3b932e930 in CPyCppyy::dm_get(CPyCppyy::CPPDataMember*, CPyCppyy::CPPInstance*, _object*) () from /cvmfs/sft.cern.ch/lcg/app/releases/ROOT/6.32.04/x86_64-almalinux9.4-gcc114-opt/lib/libcppyy.so
#22 0x000056256e3d972a in type_getattro (type=<optimized out>, name=<optimized out>) at /usr/local/src/conda/python-3.10.12/Objects/typeobject.c:3923
#23 0x00007fb3b93410e3 in CPyCppyy::meta_getattro(_object*, _object*) () from /cvmfs/sft.cern.ch/lcg/app/releases/ROOT/6.32.04/x86_64-almalinux9.4-gcc114-opt/lib/libcppyy.so
#24 0x000056256e3deb92 in PyObject_GetAttr (v=v
entry=0x562570d6af70, name=0x7fb3d78f5e70) at /usr/local/src/conda/python-3.10.12/Objects/object.c:932
#25 0x000056256e3d5f03 in _PyEval_EvalFrameDefault (tstate=<optimized out>, f=0x56256e929040, throwflag=<optimized out>) at /usr/local/src/conda/python-3.10.12/Python/ceval.c:3592
#26 0x000056256e3e199c in _PyEval_EvalFrame (throwflag=0, f=0x56256e929040, tstate=0x56256e8cdcf0) at /usr/local/src/conda/python-3.10.12/Include/internal/pycore_ceval.h:46
#27 _PyEval_Vector (kwnames=<optimized out>, argcount=<optimized out>, args=<optimized out>, locals=0x0, con=0x7fb3d766e7b0, tstate=0x56256e8cdcf0) at /usr/local/src/conda/python-3.10.12/Python/ceval.c:5067
#28 _PyFunction_Vectorcall (func=0x7fb3d766e7a0, stack=<optimized out>, nargsf=<optimized out>, kwnames=<optimized out>) at /usr/local/src/conda/python-3.10.12/Objects/call.c:342
#29 0x000056256e3d1850 in _PyObject_VectorcallTstate (kwnames=0x0, nargsf=<optimized out>, args=0x7fb3d78a8d08, callable=0x7fb3d766e7a0, tstate=0x56256e8cdcf0) at /usr/local/src/conda/python-3.10.12/Include/cpython/abstract.h:114
#30 PyObject_Vectorcall (kwnames=0x0, nargsf=<optimized out>, args=0x7fb3d78a8d08, callable=0x7fb3d766e7a0) at /usr/local/src/conda/python-3.10.12/Include/cpython/abstract.h:123
#31 call_function (kwnames=0x0, oparg=<optimized out>, pp_stack=<synthetic pointer>, trace_info=0x7fff48610290, tstate=<optimized out>) at /usr/local/src/conda/python-3.10.12/Python/ceval.c:5893
#32 _PyEval_EvalFrameDefault (tstate=<optimized out>, f=0x7fb3d78a8ba0, throwflag=<optimized out>) at /usr/local/src/conda/python-3.10.12/Python/ceval.c:4213
#33 0x000056256e474f90 in _PyEval_EvalFrame (throwflag=0, f=0x7fb3d78a8ba0, tstate=0x56256e8cdcf0) at /usr/local/src/conda/python-3.10.12/Include/internal/pycore_ceval.h:46
#34 _PyEval_Vector (tstate=tstate
entry=0x56256e8cdcf0, con=con
entry=0x7fff48610390, locals=locals
entry=0x7fb3d7603f80, args=args
entry=0x0, argcount=argcount
entry=0, kwnames=kwnames
entry=0x0) at /usr/local/src/conda/python-3.10.12/Python/ceval.c:5067
#35 0x000056256e474ed7 in PyEval_EvalCode (co=co
entry=0x7fb3d75ef680, globals=globals
entry=0x7fb3d7603f80, locals=locals
entry=0x7fb3d7603f80) at /usr/local/src/conda/python-3.10.12/Python/ceval.c:1134
#36 0x000056256e47c0da in builtin_exec_impl (module=<optimized out>, locals=0x7fb3d7603f80, globals=0x7fb3d7603f80, source=0x7fb3d75ef680) at /usr/local/src/conda/python-3.10.12/Python/bltinmodule.c:1058
#37 builtin_exec (module=<optimized out>, args=<optimized out>, nargs=<optimized out>) at /usr/local/src/conda/python-3.10.12/Python/clinic/bltinmodule.c.h:371
#38 0x000056256e3e1b63 in cfunction_vectorcall_FASTCALL (func=0x7fb3d7b98e00, args=0x7fb3d7600e98, nargsf=<optimized out>, kwnames=<optimized out>) at /usr/local/src/conda/python-3.10.12/Objects/methodobject.c:430
#39 0x000056256e3d734b in do_call_core (kwdict=0x7fb3d75f0780, callargs=0x7fb3d7600e80, func=0x7fb3d7b98e00, trace_info=0x7fff48610560, tstate=<optimized out>) at /usr/local/src/conda/python-3.10.12/Python/ceval.c:5917
#40 _PyEval_EvalFrameDefault (tstate=<optimized out>, f=0x7fb3d79628c0, throwflag=<optimized out>) at /usr/local/src/conda/python-3.10.12/Python/ceval.c:4277
#41 0x000056256e3e199c in _PyEval_EvalFrame (throwflag=0, f=0x7fb3d79628c0, tstate=0x56256e8cdcf0) at /usr/local/src/conda/python-3.10.12/Include/internal/pycore_ceval.h:46
#42 _PyEval_Vector (kwnames=<optimized out>, argcount=<optimized out>, args=<optimized out>, locals=0x0, con=0x7fb3d7b61520, tstate=0x56256e8cdcf0) at /usr/local/src/conda/python-3.10.12/Python/ceval.c:5067
#43 _PyFunction_Vectorcall (func=0x7fb3d7b61510, stack=<optimized out>, nargsf=<optimized out>, kwnames=<optimized out>) at /usr/local/src/conda/python-3.10.12/Objects/call.c:342
#44 0x000056256e3d6142 in _PyObject_VectorcallTstate (kwnames=0x0, nargsf=<optimized out>, args=0x7fb3d7959c08, callable=0x7fb3d7b61510, tstate=0x56256e8cdcf0) at /usr/local/src/conda/python-3.10.12/Include/cpython/abstract.h:114
#45 PyObject_Vectorcall (kwnames=0x0, nargsf=<optimized out>, args=0x7fb3d7959c08, callable=0x7fb3d7b61510) at /usr/local/src/conda/python-3.10.12/Include/cpython/abstract.h:123
#46 call_function (kwnames=0x0, oparg=<optimized out>, pp_stack=<synthetic pointer>, trace_info=0x7fff48610710, tstate=<optimized out>) at /usr/local/src/conda/python-3.10.12/Python/ceval.c:5893
#47 _PyEval_EvalFrameDefault (tstate=<optimized out>, f=0x7fb3d7959a80, throwflag=<optimized out>) at /usr/local/src/conda/python-3.10.12/Python/ceval.c:4181
#48 0x000056256e3e199c in _PyEval_EvalFrame (throwflag=0, f=0x7fb3d7959a80, tstate=0x56256e8cdcf0) at /usr/local/src/conda/python-3.10.12/Include/internal/pycore_ceval.h:46
#49 _PyEval_Vector (kwnames=<optimized out>, argcount=<optimized out>, args=<optimized out>, locals=0x0, con=0x7fb3d7be5760, tstate=0x56256e8cdcf0) at /usr/local/src/conda/python-3.10.12/Python/ceval.c:5067
#50 _PyFunction_Vectorcall (func=0x7fb3d7be5750, stack=<optimized out>, nargsf=<optimized out>, kwnames=<optimized out>) at /usr/local/src/conda/python-3.10.12/Objects/call.c:342
#51 0x000056256e3d1c5c in _PyObject_VectorcallTstate (kwnames=0x0, nargsf=<optimized out>, args=0x7fb3d7bbfdd0, callable=0x7fb3d7be5750, tstate=0x56256e8cdcf0) at /usr/local/src/conda/python-3.10.12/Include/cpython/abstract.h:114
#52 PyObject_Vectorcall (kwnames=0x0, nargsf=<optimized out>, args=0x7fb3d7bbfdd0, callable=0x7fb3d7be5750) at /usr/local/src/conda/python-3.10.12/Include/cpython/abstract.h:123
#53 call_function (kwnames=0x0, oparg=<optimized out>, pp_stack=<synthetic pointer>, trace_info=0x7fff486108c0, tstate=<optimized out>) at /usr/local/src/conda/python-3.10.12/Python/ceval.c:5893
#54 _PyEval_EvalFrameDefault (tstate=<optimized out>, f=0x7fb3d7bbfc50, throwflag=<optimized out>) at /usr/local/src/conda/python-3.10.12/Python/ceval.c:4198
#55 0x000056256e3e199c in _PyEval_EvalFrame (throwflag=0, f=0x7fb3d7bbfc50, tstate=0x56256e8cdcf0) at /usr/local/src/conda/python-3.10.12/Include/internal/pycore_ceval.h:46
#56 _PyEval_Vector (kwnames=<optimized out>, argcount=<optimized out>, args=<optimized out>, locals=0x0, con=0x7fb3d7b620f0, tstate=0x56256e8cdcf0) at /usr/local/src/conda/python-3.10.12/Python/ceval.c:5067
#57 _PyFunction_Vectorcall (func=0x7fb3d7b620e0, stack=<optimized out>, nargsf=<optimized out>, kwnames=<optimized out>) at /usr/local/src/conda/python-3.10.12/Objects/call.c:342
#58 0x000056256e3d1850 in _PyObject_VectorcallTstate (kwnames=0x0, nargsf=<optimized out>, args=0x7fb3d76101f0, callable=0x7fb3d7b620e0, tstate=0x56256e8cdcf0) at /usr/local/src/conda/python-3.10.12/Include/cpython/abstract.h:114
#59 PyObject_Vectorcall (kwnames=0x0, nargsf=<optimized out>, args=0x7fb3d76101f0, callable=0x7fb3d7b620e0) at /usr/local/src/conda/python-3.10.12/Include/cpython/abstract.h:123
#60 call_function (kwnames=0x0, oparg=<optimized out>, pp_stack=<synthetic pointer>, trace_info=0x7fff48610a70, tstate=<optimized out>) at /usr/local/src/conda/python-3.10.12/Python/ceval.c:5893
#61 _PyEval_EvalFrameDefault (tstate=<optimized out>, f=0x7fb3d7610040, throwflag=<optimized out>) at /usr/local/src/conda/python-3.10.12/Python/ceval.c:4213
#62 0x000056256e3e199c in _PyEval_EvalFrame (throwflag=0, f=0x7fb3d7610040, tstate=0x56256e8cdcf0) at /usr/local/src/conda/python-3.10.12/Include/internal/pycore_ceval.h:46
#63 _PyEval_Vector (kwnames=<optimized out>, argcount=<optimized out>, args=<optimized out>, locals=0x0, con=0x7fb3d7b632f0, tstate=0x56256e8cdcf0) at /usr/local/src/conda/python-3.10.12/Python/ceval.c:5067
#64 _PyFunction_Vectorcall (func=0x7fb3d7b632e0, stack=<optimized out>, nargsf=<optimized out>, kwnames=<optimized out>) at /usr/local/src/conda/python-3.10.12/Objects/call.c:342
#65 0x000056256e3d1850 in _PyObject_VectorcallTstate (kwnames=0x0, nargsf=<optimized out>, args=0x7fb3d79f5850, callable=0x7fb3d7b632e0, tstate=0x56256e8cdcf0) at /usr/local/src/conda/python-3.10.12/Include/cpython/abstract.h:114
#66 PyObject_Vectorcall (kwnames=0x0, nargsf=<optimized out>, args=0x7fb3d79f5850, callable=0x7fb3d7b632e0) at /usr/local/src/conda/python-3.10.12/Include/cpython/abstract.h:123
#67 call_function (kwnames=0x0, oparg=<optimized out>, pp_stack=<synthetic pointer>, trace_info=0x7fff48610c20, tstate=<optimized out>) at /usr/local/src/conda/python-3.10.12/Python/ceval.c:5893
#68 _PyEval_EvalFrameDefault (tstate=<optimized out>, f=0x7fb3d79f56c0, throwflag=<optimized out>) at /usr/local/src/conda/python-3.10.12/Python/ceval.c:4213
#69 0x000056256e3e199c in _PyEval_EvalFrame (throwflag=0, f=0x7fb3d79f56c0, tstate=0x56256e8cdcf0) at /usr/local/src/conda/python-3.10.12/Include/internal/pycore_ceval.h:46
#70 _PyEval_Vector (kwnames=<optimized out>, argcount=<optimized out>, args=<optimized out>, locals=0x0, con=0x7fb3d7b63380, tstate=0x56256e8cdcf0) at /usr/local/src/conda/python-3.10.12/Python/ceval.c:5067
#71 _PyFunction_Vectorcall (func=0x7fb3d7b63370, stack=<optimized out>, nargsf=<optimized out>, kwnames=<optimized out>) at /usr/local/src/conda/python-3.10.12/Objects/call.c:342
#72 0x000056256e3e1178 in _PyObject_VectorcallTstate (kwnames=0x0, nargsf=2, args=0x7fff48610d50, callable=0x7fb3d7b63370, tstate=0x56256e8cdcf0) at /usr/local/src/conda/python-3.10.12/Include/cpython/abstract.h:114
#73 object_vacall (tstate=tstate
entry=0x56256e8cdcf0, base=base
entry=0x0, callable=callable
entry=0x7fb3d7b63370, vargs=vargs
entry=0x7fff48610de0) at /usr/local/src/conda/python-3.10.12/Objects/call.c:734
#74 0x000056256e3ef35b in _PyObject_CallMethodIdObjArgs (obj=0x0, name=name
entry=0x56256e619b00 <PyId__find_and_load.6>) at /usr/local/src/conda/python-3.10.12/Objects/call.c:825
#75 0x000056256e311909 in import_find_and_load (abs_name=0x7fb3d78e6060, tstate=0x56256e8cdcf0) at /usr/local/src/conda/python-3.10.12/Python/import.c:1522
#76 PyImport_ImportModuleLevelObject (name=name
entry=0x7fb3d78f4370, globals=<optimized out>, locals=<optimized out>, fromlist=fromlist
entry=0x7fb3d78f3880, level=1) at /usr/local/src/conda/python-3.10.12/Python/import.c:1623
#77 0x000056256e3d5368 in import_name (level=0x7fb3d7b000f0, fromlist=0x7fb3d78f3880, name=0x7fb3d78f4370, f=0x7fb3d7969f10, tstate=<optimized out>) at /usr/local/src/conda/python-3.10.12/Python/ceval.c:6018
#78 _PyEval_EvalFrameDefault (tstate=<optimized out>, f=0x7fb3d7969f10, throwflag=<optimized out>) at /usr/local/src/conda/python-3.10.12/Python/ceval.c:3695
#79 0x000056256e474f90 in _PyEval_EvalFrame (throwflag=0, f=0x7fb3d7969f10, tstate=0x56256e8cdcf0) at /usr/local/src/conda/python-3.10.12/Include/internal/pycore_ceval.h:46
#80 _PyEval_Vector (tstate=tstate
entry=0x56256e8cdcf0, con=con
entry=0x7fff48611160, locals=locals
entry=0x7fb3d78ea600, args=args
entry=0x0, argcount=argcount
entry=0, kwnames=kwnames
entry=0x0) at /usr/local/src/conda/python-3.10.12/Python/ceval.c:5067
#81 0x000056256e474ed7 in PyEval_EvalCode (co=co
entry=0x7fb3d760d630, globals=globals
entry=0x7fb3d78ea600, locals=locals
entry=0x7fb3d78ea600) at /usr/local/src/conda/python-3.10.12/Python/ceval.c:1134
#82 0x000056256e47c0da in builtin_exec_impl (module=<optimized out>, locals=0x7fb3d78ea600, globals=0x7fb3d78ea600, source=0x7fb3d760d630) at /usr/local/src/conda/python-3.10.12/Python/bltinmodule.c:1058
#83 builtin_exec (module=<optimized out>, args=<optimized out>, nargs=<optimized out>) at /usr/local/src/conda/python-3.10.12/Python/clinic/bltinmodule.c.h:371
#84 0x000056256e3e1b63 in cfunction_vectorcall_FASTCALL (func=0x7fb3d7b98e00, args=0x7fb3d78f48d8, nargsf=<optimized out>, kwnames=<optimized out>) at /usr/local/src/conda/python-3.10.12/Objects/methodobject.c:430
#85 0x000056256e3d734b in do_call_core (kwdict=0x7fb3d78ea740, callargs=0x7fb3d78f48c0, func=0x7fb3d7b98e00, trace_info=0x7fff48611330, tstate=<optimized out>) at /usr/local/src/conda/python-3.10.12/Python/ceval.c:5917
#86 _PyEval_EvalFrameDefault (tstate=<optimized out>, f=0x7fb3d7bc74c0, throwflag=<optimized out>) at /usr/local/src/conda/python-3.10.12/Python/ceval.c:4277
#87 0x000056256e3e199c in _PyEval_EvalFrame (throwflag=0, f=0x7fb3d7bc74c0, tstate=0x56256e8cdcf0) at /usr/local/src/conda/python-3.10.12/Include/internal/pycore_ceval.h:46
#88 _PyEval_Vector (kwnames=<optimized out>, argcount=<optimized out>, args=<optimized out>, locals=0x0, con=0x7fb3d7b61520, tstate=0x56256e8cdcf0) at /usr/local/src/conda/python-3.10.12/Python/ceval.c:5067
#89 _PyFunction_Vectorcall (func=0x7fb3d7b61510, stack=<optimized out>, nargsf=<optimized out>, kwnames=<optimized out>) at /usr/local/src/conda/python-3.10.12/Objects/call.c:342
#90 0x000056256e3d6142 in _PyObject_VectorcallTstate (kwnames=0x0, nargsf=<optimized out>, args=0x7fb3d7bbe2b8, callable=0x7fb3d7b61510, tstate=0x56256e8cdcf0) at /usr/local/src/conda/python-3.10.12/Include/cpython/abstract.h:114
#91 PyObject_Vectorcall (kwnames=0x0, nargsf=<optimized out>, args=0x7fb3d7bbe2b8, callable=0x7fb3d7b61510) at /usr/local/src/conda/python-3.10.12/Include/cpython/abstract.h:123
#92 call_function (kwnames=0x0, oparg=<optimized out>, pp_stack=<synthetic pointer>, trace_info=0x7fff486114e0, tstate=<optimized out>) at /usr/local/src/conda/python-3.10.12/Python/ceval.c:5893
#93 _PyEval_EvalFrameDefault (tstate=<optimized out>, f=0x7fb3d7bbe130, throwflag=<optimized out>) at /usr/local/src/conda/python-3.10.12/Python/ceval.c:4181
#94 0x000056256e3e199c in _PyEval_EvalFrame (throwflag=0, f=0x7fb3d7bbe130, tstate=0x56256e8cdcf0) at /usr/local/src/conda/python-3.10.12/Include/internal/pycore_ceval.h:46
#95 _PyEval_Vector (kwnames=<optimized out>, argcount=<optimized out>, args=<optimized out>, locals=0x0, con=0x7fb3d7be5760, tstate=0x56256e8cdcf0) at /usr/local/src/conda/python-3.10.12/Python/ceval.c:5067
#96 _PyFunction_Vectorcall (func=0x7fb3d7be5750, stack=<optimized out>, nargsf=<optimized out>, kwnames=<optimized out>) at /usr/local/src/conda/python-3.10.12/Objects/call.c:342
#97 0x000056256e3d1c5c in _PyObject_VectorcallTstate (kwnames=0x0, nargsf=<optimized out>, args=0x7fb3d7acafc0, callable=0x7fb3d7be5750, tstate=0x56256e8cdcf0) at /usr/local/src/conda/python-3.10.12/Include/cpython/abstract.h:114
#98 PyObject_Vectorcall (kwnames=0x0, nargsf=<optimized out>, args=0x7fb3d7acafc0, callable=0x7fb3d7be5750) at /usr/local/src/conda/python-3.10.12/Include/cpython/abstract.h:123
#99 call_function (kwnames=0x0, oparg=<optimized out>, pp_stack=<synthetic pointer>, trace_info=0x7fff48611690, tstate=<optimized out>) at /usr/local/src/conda/python-3.10.12/Python/ceval.c:5893
#100 _PyEval_EvalFrameDefault (tstate=<optimized out>, f=0x7fb3d7acae40, throwflag=<optimized out>) at /usr/local/src/conda/python-3.10.12/Python/ceval.c:4198
#101 0x000056256e3e199c in _PyEval_EvalFrame (throwflag=0, f=0x7fb3d7acae40, tstate=0x56256e8cdcf0) at /usr/local/src/conda/python-3.10.12/Include/internal/pycore_ceval.h:46
#102 _PyEval_Vector (kwnames=<optimized out>, argcount=<optimized out>, args=<optimized out>, locals=0x0, con=0x7fb3d7b620f0, tstate=0x56256e8cdcf0) at /usr/local/src/conda/python-3.10.12/Python/ceval.c:5067
#103 _PyFunction_Vectorcall (func=0x7fb3d7b620e0, stack=<optimized out>, nargsf=<optimized out>, kwnames=<optimized out>) at /usr/local/src/conda/python-3.10.12/Objects/call.c:342
#104 0x000056256e3d1850 in _PyObject_VectorcallTstate (kwnames=0x0, nargsf=<optimized out>, args=0x7fb3d7aca3f0, callable=0x7fb3d7b620e0, tstate=0x56256e8cdcf0) at /usr/local/src/conda/python-3.10.12/Include/cpython/abstract.h:114
#105 PyObject_Vectorcall (kwnames=0x0, nargsf=<optimized out>, args=0x7fb3d7aca3f0, callable=0x7fb3d7b620e0) at /usr/local/src/conda/python-3.10.12/Include/cpython/abstract.h:123
#106 call_function (kwnames=0x0, oparg=<optimized out>, pp_stack=<synthetic pointer>, trace_info=0x7fff48611840, tstate=<optimized out>) at /usr/local/src/conda/python-3.10.12/Python/ceval.c:5893
#107 _PyEval_EvalFrameDefault (tstate=<optimized out>, f=0x7fb3d7aca240, throwflag=<optimized out>) at /usr/local/src/conda/python-3.10.12/Python/ceval.c:4213
#108 0x000056256e3e199c in _PyEval_EvalFrame (throwflag=0, f=0x7fb3d7aca240, tstate=0x56256e8cdcf0) at /usr/local/src/conda/python-3.10.12/Include/internal/pycore_ceval.h:46
#109 _PyEval_Vector (kwnames=<optimized out>, argcount=<optimized out>, args=<optimized out>, locals=0x0, con=0x7fb3d7b632f0, tstate=0x56256e8cdcf0) at /usr/local/src/conda/python-3.10.12/Python/ceval.c:5067
#110 _PyFunction_Vectorcall (func=0x7fb3d7b632e0, stack=<optimized out>, nargsf=<optimized out>, kwnames=<optimized out>) at /usr/local/src/conda/python-3.10.12/Objects/call.c:342
#111 0x000056256e3d1850 in _PyObject_VectorcallTstate (kwnames=0x0, nargsf=<optimized out>, args=0x7fb3d79f4950, callable=0x7fb3d7b632e0, tstate=0x56256e8cdcf0) at /usr/local/src/conda/python-3.10.12/Include/cpython/abstract.h:114
#112 PyObject_Vectorcall (kwnames=0x0, nargsf=<optimized out>, args=0x7fb3d79f4950, callable=0x7fb3d7b632e0) at /usr/local/src/conda/python-3.10.12/Include/cpython/abstract.h:123
#113 call_function (kwnames=0x0, oparg=<optimized out>, pp_stack=<synthetic pointer>, trace_info=0x7fff486119f0, tstate=<optimized out>) at /usr/local/src/conda/python-3.10.12/Python/ceval.c:5893
#114 _PyEval_EvalFrameDefault (tstate=<optimized out>, f=0x7fb3d79f47c0, throwflag=<optimized out>) at /usr/local/src/conda/python-3.10.12/Python/ceval.c:4213
#115 0x000056256e3e199c in _PyEval_EvalFrame (throwflag=0, f=0x7fb3d79f47c0, tstate=0x56256e8cdcf0) at /usr/local/src/conda/python-3.10.12/Include/internal/pycore_ceval.h:46
#116 _PyEval_Vector (kwnames=<optimized out>, argcount=<optimized out>, args=<optimized out>, locals=0x0, con=0x7fb3d7b63380, tstate=0x56256e8cdcf0) at /usr/local/src/conda/python-3.10.12/Python/ceval.c:5067
#117 _PyFunction_Vectorcall (func=0x7fb3d7b63370, stack=<optimized out>, nargsf=<optimized out>, kwnames=<optimized out>) at /usr/local/src/conda/python-3.10.12/Objects/call.c:342
#118 0x000056256e3e1178 in _PyObject_VectorcallTstate (kwnames=0x0, nargsf=2, args=0x7fff48611b20, callable=0x7fb3d7b63370, tstate=0x56256e8cdcf0) at /usr/local/src/conda/python-3.10.12/Include/cpython/abstract.h:114
#119 object_vacall (tstate=tstate
entry=0x56256e8cdcf0, base=base
entry=0x0, callable=callable
entry=0x7fb3d7b63370, vargs=vargs
entry=0x7fff48611bb0) at /usr/local/src/conda/python-3.10.12/Objects/call.c:734
#120 0x000056256e3ef35b in _PyObject_CallMethodIdObjArgs (obj=0x0, name=name
entry=0x56256e619b00 <PyId__find_and_load.6>) at /usr/local/src/conda/python-3.10.12/Objects/call.c:825
#121 0x000056256e311909 in import_find_and_load (abs_name=0x7fb3d78e95f0, tstate=0x56256e8cdcf0) at /usr/local/src/conda/python-3.10.12/Python/import.c:1522
#122 PyImport_ImportModuleLevelObject (name=name
entry=0x7fb3d78e95f0, globals=<optimized out>, locals=<optimized out>, fromlist=fromlist
entry=0x56256e6217e0 <_Py_NoneStruct>, level=0) at /usr/local/src/conda/python-3.10.12/Python/import.c:1623
#123 0x000056256e3d5368 in import_name (level=0x7fb3d7b000d0, fromlist=0x56256e6217e0 <_Py_NoneStruct>, name=0x7fb3d78e95f0, f=0x7fb3d7acaa40, tstate=<optimized out>) at /usr/local/src/conda/python-3.10.12/Python/ceval.c:6018
#124 _PyEval_EvalFrameDefault (tstate=<optimized out>, f=0x7fb3d7acaa40, throwflag=<optimized out>) at /usr/local/src/conda/python-3.10.12/Python/ceval.c:3695
#125 0x000056256e474f90 in _PyEval_EvalFrame (throwflag=0, f=0x7fb3d7acaa40, tstate=0x56256e8cdcf0) at /usr/local/src/conda/python-3.10.12/Include/internal/pycore_ceval.h:46
#126 _PyEval_Vector (tstate=tstate
entry=0x56256e8cdcf0, con=con
entry=0x7fff48611f30, locals=locals
entry=0x7fb3d7931080, args=args
entry=0x0, argcount=argcount
entry=0, kwnames=kwnames
entry=0x0) at /usr/local/src/conda/python-3.10.12/Python/ceval.c:5067
#127 0x000056256e474ed7 in PyEval_EvalCode (co=co
entry=0x7fb3d78da810, globals=globals
entry=0x7fb3d7931080, locals=locals
entry=0x7fb3d7931080) at /usr/local/src/conda/python-3.10.12/Python/ceval.c:1134
#128 0x000056256e47c0da in builtin_exec_impl (module=<optimized out>, locals=0x7fb3d7931080, globals=0x7fb3d7931080, source=0x7fb3d78da810) at /usr/local/src/conda/python-3.10.12/Python/bltinmodule.c:1058
#129 builtin_exec (module=<optimized out>, args=<optimized out>, nargs=<optimized out>) at /usr/local/src/conda/python-3.10.12/Python/clinic/bltinmodule.c.h:371
#130 0x000056256e3e1b63 in cfunction_vectorcall_FASTCALL (func=0x7fb3d7b98e00, args=0x7fb3d78e92d8, nargsf=<optimized out>, kwnames=<optimized out>) at /usr/local/src/conda/python-3.10.12/Objects/methodobject.c:430
#131 0x000056256e3d734b in do_call_core (kwdict=0x7fb3d78e9340, callargs=0x7fb3d78e92c0, func=0x7fb3d7b98e00, trace_info=0x7fff48612100, tstate=<optimized out>) at /usr/local/src/conda/python-3.10.12/Python/ceval.c:5917
#132 _PyEval_EvalFrameDefault (tstate=<optimized out>, f=0x7fb3d7962200, throwflag=<optimized out>) at /usr/local/src/conda/python-3.10.12/Python/ceval.c:4277
#133 0x000056256e3e199c in _PyEval_EvalFrame (throwflag=0, f=0x7fb3d7962200, tstate=0x56256e8cdcf0) at /usr/local/src/conda/python-3.10.12/Include/internal/pycore_ceval.h:46
#134 _PyEval_Vector (kwnames=<optimized out>, argcount=<optimized out>, args=<optimized out>, locals=0x0, con=0x7fb3d7b61520, tstate=0x56256e8cdcf0) at /usr/local/src/conda/python-3.10.12/Python/ceval.c:5067
#135 _PyFunction_Vectorcall (func=0x7fb3d7b61510, stack=<optimized out>, nargsf=<optimized out>, kwnames=<optimized out>) at /usr/local/src/conda/python-3.10.12/Objects/call.c:342
#136 0x000056256e3d6142 in _PyObject_VectorcallTstate (kwnames=0x0, nargsf=<optimized out>, args=0x7fb3d7958c48, callable=0x7fb3d7b61510, tstate=0x56256e8cdcf0) at /usr/local/src/conda/python-3.10.12/Include/cpython/abstract.h:114
#137 PyObject_Vectorcall (kwnames=0x0, nargsf=<optimized out>, args=0x7fb3d7958c48, callable=0x7fb3d7b61510) at /usr/local/src/conda/python-3.10.12/Include/cpython/abstract.h:123
#138 call_function (kwnames=0x0, oparg=<optimized out>, pp_stack=<synthetic pointer>, trace_info=0x7fff486122b0, tstate=<optimized out>) at /usr/local/src/conda/python-3.10.12/Python/ceval.c:5893
#139 _PyEval_EvalFrameDefault (tstate=<optimized out>, f=0x7fb3d7958ac0, throwflag=<optimized out>) at /usr/local/src/conda/python-3.10.12/Python/ceval.c:4181
#140 0x000056256e3e199c in _PyEval_EvalFrame (throwflag=0, f=0x7fb3d7958ac0, tstate=0x56256e8cdcf0) at /usr/local/src/conda/python-3.10.12/Include/internal/pycore_ceval.h:46
#141 _PyEval_Vector (kwnames=<optimized out>, argcount=<optimized out>, args=<optimized out>, locals=0x0, con=0x7fb3d7be5760, tstate=0x56256e8cdcf0) at /usr/local/src/conda/python-3.10.12/Python/ceval.c:5067
#142 _PyFunction_Vectorcall (func=0x7fb3d7be5750, stack=<optimized out>, nargsf=<optimized out>, kwnames=<optimized out>) at /usr/local/src/conda/python-3.10.12/Objects/call.c:342
#143 0x000056256e3d1c5c in _PyObject_VectorcallTstate (kwnames=0x0, nargsf=<optimized out>, args=0x7fb3d7bbf040, callable=0x7fb3d7be5750, tstate=0x56256e8cdcf0) at /usr/local/src/conda/python-3.10.12/Include/cpython/abstract.h:114
#144 PyObject_Vectorcall (kwnames=0x0, nargsf=<optimized out>, args=0x7fb3d7bbf040, callable=0x7fb3d7be5750) at /usr/local/src/conda/python-3.10.12/Include/cpython/abstract.h:123
#145 call_function (kwnames=0x0, oparg=<optimized out>, pp_stack=<synthetic pointer>, trace_info=0x7fff48612460, tstate=<optimized out>) at /usr/local/src/conda/python-3.10.12/Python/ceval.c:5893
#146 _PyEval_EvalFrameDefault (tstate=<optimized out>, f=0x7fb3d7bbeec0, throwflag=<optimized out>) at /usr/local/src/conda/python-3.10.12/Python/ceval.c:4198
#147 0x000056256e3e199c in _PyEval_EvalFrame (throwflag=0, f=0x7fb3d7bbeec0, tstate=0x56256e8cdcf0) at /usr/local/src/conda/python-3.10.12/Include/internal/pycore_ceval.h:46
#148 _PyEval_Vector (kwnames=<optimized out>, argcount=<optimized out>, args=<optimized out>, locals=0x0, con=0x7fb3d7b620f0, tstate=0x56256e8cdcf0) at /usr/local/src/conda/python-3.10.12/Python/ceval.c:5067
#149 _PyFunction_Vectorcall (func=0x7fb3d7b620e0, stack=<optimized out>, nargsf=<optimized out>, kwnames=<optimized out>) at /usr/local/src/conda/python-3.10.12/Objects/call.c:342
#150 0x000056256e3d1850 in _PyObject_VectorcallTstate (kwnames=0x0, nargsf=<optimized out>, args=0x7fb3d7aca5f0, callable=0x7fb3d7b620e0, tstate=0x56256e8cdcf0) at /usr/local/src/conda/python-3.10.12/Include/cpython/abstract.h:114
#151 PyObject_Vectorcall (kwnames=0x0, nargsf=<optimized out>, args=0x7fb3d7aca5f0, callable=0x7fb3d7b620e0) at /usr/local/src/conda/python-3.10.12/Include/cpython/abstract.h:123
#152 call_function (kwnames=0x0, oparg=<optimized out>, pp_stack=<synthetic pointer>, trace_info=0x7fff48612610, tstate=<optimized out>) at /usr/local/src/conda/python-3.10.12/Python/ceval.c:5893
#153 _PyEval_EvalFrameDefault (tstate=<optimized out>, f=0x7fb3d7aca440, throwflag=<optimized out>) at /usr/local/src/conda/python-3.10.12/Python/ceval.c:4213
#154 0x000056256e3e199c in _PyEval_EvalFrame (throwflag=0, f=0x7fb3d7aca440, tstate=0x56256e8cdcf0) at /usr/local/src/conda/python-3.10.12/Include/internal/pycore_ceval.h:46
#155 _PyEval_Vector (kwnames=<optimized out>, argcount=<optimized out>, args=<optimized out>, locals=0x0, con=0x7fb3d7b632f0, tstate=0x56256e8cdcf0) at /usr/local/src/conda/python-3.10.12/Python/ceval.c:5067
#156 _PyFunction_Vectorcall (func=0x7fb3d7b632e0, stack=<optimized out>, nargsf=<optimized out>, kwnames=<optimized out>) at /usr/local/src/conda/python-3.10.12/Objects/call.c:342
#157 0x000056256e3d1850 in _PyObject_VectorcallTstate (kwnames=0x0, nargsf=<optimized out>, args=0x7fb3d79f50d0, callable=0x7fb3d7b632e0, tstate=0x56256e8cdcf0) at /usr/local/src/conda/python-3.10.12/Include/cpython/abstract.h:114
#158 PyObject_Vectorcall (kwnames=0x0, nargsf=<optimized out>, args=0x7fb3d79f50d0, callable=0x7fb3d7b632e0) at /usr/local/src/conda/python-3.10.12/Include/cpython/abstract.h:123
#159 call_function (kwnames=0x0, oparg=<optimized out>, pp_stack=<synthetic pointer>, trace_info=0x7fff486127c0, tstate=<optimized out>) at /usr/local/src/conda/python-3.10.12/Python/ceval.c:5893
#160 _PyEval_EvalFrameDefault (tstate=<optimized out>, f=0x7fb3d79f4f40, throwflag=<optimized out>) at /usr/local/src/conda/python-3.10.12/Python/ceval.c:4213
#161 0x000056256e3e199c in _PyEval_EvalFrame (throwflag=0, f=0x7fb3d79f4f40, tstate=0x56256e8cdcf0) at /usr/local/src/conda/python-3.10.12/Include/internal/pycore_ceval.h:46
#162 _PyEval_Vector (kwnames=<optimized out>, argcount=<optimized out>, args=<optimized out>, locals=0x0, con=0x7fb3d7b63380, tstate=0x56256e8cdcf0) at /usr/local/src/conda/python-3.10.12/Python/ceval.c:5067
#163 _PyFunction_Vectorcall (func=0x7fb3d7b63370, stack=<optimized out>, nargsf=<optimized out>, kwnames=<optimized out>) at /usr/local/src/conda/python-3.10.12/Objects/call.c:342
#164 0x000056256e3e1178 in _PyObject_VectorcallTstate (kwnames=0x0, nargsf=2, args=0x7fff486128f0, callable=0x7fb3d7b63370, tstate=0x56256e8cdcf0) at /usr/local/src/conda/python-3.10.12/Include/cpython/abstract.h:114
#165 object_vacall (tstate=tstate
entry=0x56256e8cdcf0, base=base
entry=0x0, callable=callable
entry=0x7fb3d7b63370, vargs=vargs
entry=0x7fff48612980) at /usr/local/src/conda/python-3.10.12/Objects/call.c:734
#166 0x000056256e3ef35b in _PyObject_CallMethodIdObjArgs (obj=0x0, name=name
entry=0x56256e619b00 <PyId__find_and_load.6>) at /usr/local/src/conda/python-3.10.12/Objects/call.c:825
#167 0x000056256e311909 in import_find_and_load (abs_name=0x7fb3d7a9cd70, tstate=0x56256e8cdcf0) at /usr/local/src/conda/python-3.10.12/Python/import.c:1522
#168 PyImport_ImportModuleLevelObject (name=name
entry=0x7fb3d7a9cd70, globals=<optimized out>, locals=<optimized out>, fromlist=fromlist
entry=0x56256e6217e0 <_Py_NoneStruct>, level=0) at /usr/local/src/conda/python-3.10.12/Python/import.c:1623
#169 0x000056256e3d5368 in import_name (level=0x7fb3d7b000d0, fromlist=0x56256e6217e0 <_Py_NoneStruct>, name=0x7fb3d7a9cd70, f=0x7fb3d7b29c40, tstate=<optimized out>) at /usr/local/src/conda/python-3.10.12/Python/ceval.c:6018
#170 _PyEval_EvalFrameDefault (tstate=<optimized out>, f=0x7fb3d7b29c40, throwflag=<optimized out>) at /usr/local/src/conda/python-3.10.12/Python/ceval.c:3695
#171 0x000056256e474f90 in _PyEval_EvalFrame (throwflag=0, f=0x7fb3d7b29c40, tstate=0x56256e8cdcf0) at /usr/local/src/conda/python-3.10.12/Include/internal/pycore_ceval.h:46
#172 _PyEval_Vector (tstate=tstate
entry=0x56256e8cdcf0, con=con
entry=0x7fff48612d00, locals=locals
entry=0x7fb3d7a41dc0, args=args
entry=0x0, argcount=argcount
entry=0, kwnames=kwnames
entry=0x0) at /usr/local/src/conda/python-3.10.12/Python/ceval.c:5067
#173 0x000056256e474ed7 in PyEval_EvalCode (co=co
entry=0x7fb3d79043a0, globals=globals
entry=0x7fb3d7a41dc0, locals=locals
entry=0x7fb3d7a41dc0) at /usr/local/src/conda/python-3.10.12/Python/ceval.c:1134
#174 0x000056256e4a542a in run_eval_code_obj (tstate=tstate
entry=0x56256e8cdcf0, co=co
entry=0x7fb3d79043a0, globals=globals
entry=0x7fb3d7a41dc0, locals=locals
entry=0x7fb3d7a41dc0) at /usr/local/src/conda/python-3.10.12/Python/pythonrun.c:1291
#175 0x000056256e4a0833 in run_mod (mod=mod
entry=0x56256e9fa500, filename=filename
entry=0x7fb3d7919980, globals=globals
entry=0x7fb3d7a41dc0, locals=locals
entry=0x7fb3d7a41dc0, flags=flags
entry=0x7fff48612ee8, arena=arena
entry=0x7fb3d7bfe6f0) at /usr/local/src/conda/python-3.10.12/Python/pythonrun.c:1312
#176 0x000056256e3376cd in pyrun_file (fp=fp
entry=0x56256e8ad370, filename=filename
entry=0x7fb3d7919980, start=start
entry=257, globals=globals
entry=0x7fb3d7a41dc0, locals=locals
entry=0x7fb3d7a41dc0, closeit=closeit
entry=1, flags=0x7fff48612ee8) at /usr/local/src/conda/python-3.10.12/Python/pythonrun.c:1208
#177 0x000056256e49ad1e in _PyRun_SimpleFileObject (fp=0x56256e8ad370, filename=0x7fb3d7919980, closeit=1, flags=0x7fff48612ee8) at /usr/local/src/conda/python-3.10.12/Python/pythonrun.c:456
#178 0x000056256e49a8b4 in _PyRun_AnyFileObject (fp=0x56256e8ad370, filename=filename
entry=0x7fb3d7919980, closeit=closeit
entry=1, flags=flags
entry=0x7fff48612ee8) at /usr/local/src/conda/python-3.10.12/Python/pythonrun.c:90
#179 0x000056256e497aab in pymain_run_file_obj (skip_source_first_line=0, filename=0x7fb3d7919980, program_name=0x7fb3d7a54630) at /usr/local/src/conda/python-3.10.12/Modules/main.c:357
#180 pymain_run_file (config=0x56256e8b17b0) at /usr/local/src/conda/python-3.10.12/Modules/main.c:376
#181 pymain_run_python (exitcode=0x7fff48612ee4) at /usr/local/src/conda/python-3.10.12/Modules/main.c:591
#182 Py_RunMain () at /usr/local/src/conda/python-3.10.12/Modules/main.c:670
#183 0x000056256e468527 in Py_BytesMain (argc=<optimized out>, argv=<optimized out>) at /usr/local/src/conda/python-3.10.12/Modules/main.c:1090
#184 0x00007fb3d7c295d0 in __libc_start_call_main () from /lib64/libc.so.6
#185 0x00007fb3d7c29680 in __libc_start_main_impl () from /lib64/libc.so.6
#186 0x000056256e468421 in _start ()
===========================================================


The lines below might hint at the cause of the crash. If you see question
marks as part of the stack trace, try to recompile with debugging information
enabled and export CLING_DEBUG=1 environment variable before running.
You may get help by asking at the ROOT forum https://root.cern/forum
preferably using the command (.forum bug) in the ROOT prompt.
Only if you are really convinced it is a bug in ROOT then please submit a
report at https://root.cern/bugs or (preferably) using the command (.gh bug) in
the ROOT prompt. Please post the ENTIRE stack trace
from above as an attachment in addition to anything else
that might help us fixing this issue.
===========================================================
#6  _PyObject_IS_GC (obj=0x1) at /usr/local/src/conda/python-3.10.12/Include/internal/pycore_object.h:165
#7  visit_decref (op=0x1, parent=0x562570a13000) at /usr/local/src/conda/python-3.10.12/Modules/gcmodule.c:456
#8  0x000056256e3c5144 in subtract_refs (containers=<optimized out>) at /usr/local/src/conda/python-3.10.12/Modules/gcmodule.c:482
#9  deduce_unreachable (base=base
entry=0x56256e8b1680, unreachable=unreachable
entry=0x7fff4860f820) at /usr/local/src/conda/python-3.10.12/Modules/gcmodule.c:1105
#10 0x000056256e3c3e98 in gc_collect_main (tstate=tstate
entry=0x56256e8cdcf0, generation=generation
entry=0, n_collected=n_collected
entry=0x7fff4860f900, n_uncollectable=n_uncollectable
entry=0x7fff4860f8f8, nofail=nofail
entry=0) at /usr/local/src/conda/python-3.10.12/Modules/gcmodule.c:1239
#11 0x000056256e4714bb in gc_collect_with_callback (tstate=tstate
entry=0x56256e8cdcf0, generation=0) at /usr/local/src/conda/python-3.10.12/Modules/gcmodule.c:1413
#12 0x000056256e3b980b in gc_collect_generations (tstate=0x56256e8cdcf0) at /usr/local/src/conda/python-3.10.12/Modules/gcmodule.c:1468
#13 _PyObject_GC_Alloc (basicsize=<optimized out>, use_calloc=0) at /usr/local/src/conda/python-3.10.12/Modules/gcmodule.c:2297
#14 _PyObject_GC_Malloc (basicsize=<optimized out>) at /usr/local/src/conda/python-3.10.12/Modules/gcmodule.c:2307
#15 _PyObject_GC_New (tp=0x7fb3b93b65c0 <CPyCppyy::CPPOverload_Type>) at /usr/local/src/conda/python-3.10.12/Modules/gcmodule.c:2319
#16 0x00007fb3b9339790 in CPyCppyy::(anonymous namespace)::mp_new(_typeobject*, _object*, _object*) () from /cvmfs/sft.cern.ch/lcg/app/releases/ROOT/6.32.04/x86_64-almalinux9.4-gcc114-opt/lib/libcppyy.so
#17 0x00007fb3b93629e3 in CPyCppyy::BuildScopeProxyDict(unsigned long, _object*, unsigned int) () from /cvmfs/sft.cern.ch/lcg/app/releases/ROOT/6.32.04/x86_64-almalinux9.4-gcc114-opt/lib/libcppyy.so
#18 0x00007fb3b93651a3 in CPyCppyy::CreateScopeProxy(std::__cxx11::basic_string<char, std::char_traits<char>, std::allocator<char> > const&, _object*, unsigned int) () from /cvmfs/sft.cern.ch/lcg/app/releases/ROOT/6.32.04/x86_64-almalinux9.4-gcc114-opt/lib/libcppyy.so
#19 0x00007fb3b9365dc5 in CPyCppyy::CreateScopeProxy(unsigned long, unsigned int) () from /cvmfs/sft.cern.ch/lcg/app/releases/ROOT/6.32.04/x86_64-almalinux9.4-gcc114-opt/lib/libcppyy.so
#20 0x00007fb3b9365e26 in CPyCppyy::BindCppObjectNoCast(void*, unsigned long, unsigned int) () from /cvmfs/sft.cern.ch/lcg/app/releases/ROOT/6.32.04/x86_64-almalinux9.4-gcc114-opt/lib/libcppyy.so
#21 0x00007fb3b932e930 in CPyCppyy::dm_get(CPyCppyy::CPPDataMember*, CPyCppyy::CPPInstance*, _object*) () from /cvmfs/sft.cern.ch/lcg/app/releases/ROOT/6.32.04/x86_64-almalinux9.4-gcc114-opt/lib/libcppyy.so
#22 0x000056256e3d972a in type_getattro (type=<optimized out>, name=<optimized out>) at /usr/local/src/conda/python-3.10.12/Objects/typeobject.c:3923
#23 0x00007fb3b93410e3 in CPyCppyy::meta_getattro(_object*, _object*) () from /cvmfs/sft.cern.ch/lcg/app/releases/ROOT/6.32.04/x86_64-almalinux9.4-gcc114-opt/lib/libcppyy.so
#24 0x000056256e3deb92 in PyObject_GetAttr (v=v
entry=0x562570d6af70, name=0x7fb3d78f5e70) at /usr/local/src/conda/python-3.10.12/Objects/object.c:932
#25 0x000056256e3d5f03 in _PyEval_EvalFrameDefault (tstate=<optimized out>, f=0x56256e929040, throwflag=<optimized out>) at /usr/local/src/conda/python-3.10.12/Python/ceval.c:3592
#26 0x000056256e3e199c in _PyEval_EvalFrame (throwflag=0, f=0x56256e929040, tstate=0x56256e8cdcf0) at /usr/local/src/conda/python-3.10.12/Include/internal/pycore_ceval.h:46
#27 _PyEval_Vector (kwnames=<optimized out>, argcount=<optimized out>, args=<optimized out>, locals=0x0, con=0x7fb3d766e7b0, tstate=0x56256e8cdcf0) at /usr/local/src/conda/python-3.10.12/Python/ceval.c:5067
#28 _PyFunction_Vectorcall (func=0x7fb3d766e7a0, stack=<optimized out>, nargsf=<optimized out>, kwnames=<optimized out>) at /usr/local/src/conda/python-3.10.12/Objects/call.c:342
#29 0x000056256e3d1850 in _PyObject_VectorcallTstate (kwnames=0x0, nargsf=<optimized out>, args=0x7fb3d78a8d08, callable=0x7fb3d766e7a0, tstate=0x56256e8cdcf0) at /usr/local/src/conda/python-3.10.12/Include/cpython/abstract.h:114
#30 PyObject_Vectorcall (kwnames=0x0, nargsf=<optimized out>, args=0x7fb3d78a8d08, callable=0x7fb3d766e7a0) at /usr/local/src/conda/python-3.10.12/Include/cpython/abstract.h:123
#31 call_function (kwnames=0x0, oparg=<optimized out>, pp_stack=<synthetic pointer>, trace_info=0x7fff48610290, tstate=<optimized out>) at /usr/local/src/conda/python-3.10.12/Python/ceval.c:5893
#32 _PyEval_EvalFrameDefault (tstate=<optimized out>, f=0x7fb3d78a8ba0, throwflag=<optimized out>) at /usr/local/src/conda/python-3.10.12/Python/ceval.c:4213
#33 0x000056256e474f90 in _PyEval_EvalFrame (throwflag=0, f=0x7fb3d78a8ba0, tstate=0x56256e8cdcf0) at /usr/local/src/conda/python-3.10.12/Include/internal/pycore_ceval.h:46
#34 _PyEval_Vector (tstate=tstate
entry=0x56256e8cdcf0, con=con
entry=0x7fff48610390, locals=locals
entry=0x7fb3d7603f80, args=args
entry=0x0, argcount=argcount
entry=0, kwnames=kwnames
entry=0x0) at /usr/local/src/conda/python-3.10.12/Python/ceval.c:5067
#35 0x000056256e474ed7 in PyEval_EvalCode (co=co
entry=0x7fb3d75ef680, globals=globals
entry=0x7fb3d7603f80, locals=locals
entry=0x7fb3d7603f80) at /usr/local/src/conda/python-3.10.12/Python/ceval.c:1134
#36 0x000056256e47c0da in builtin_exec_impl (module=<optimized out>, locals=0x7fb3d7603f80, globals=0x7fb3d7603f80, source=0x7fb3d75ef680) at /usr/local/src/conda/python-3.10.12/Python/bltinmodule.c:1058
#37 builtin_exec (module=<optimized out>, args=<optimized out>, nargs=<optimized out>) at /usr/local/src/conda/python-3.10.12/Python/clinic/bltinmodule.c.h:371
#38 0x000056256e3e1b63 in cfunction_vectorcall_FASTCALL (func=0x7fb3d7b98e00, args=0x7fb3d7600e98, nargsf=<optimized out>, kwnames=<optimized out>) at /usr/local/src/conda/python-3.10.12/Objects/methodobject.c:430
#39 0x000056256e3d734b in do_call_core (kwdict=0x7fb3d75f0780, callargs=0x7fb3d7600e80, func=0x7fb3d7b98e00, trace_info=0x7fff48610560, tstate=<optimized out>) at /usr/local/src/conda/python-3.10.12/Python/ceval.c:5917
#40 _PyEval_EvalFrameDefault (tstate=<optimized out>, f=0x7fb3d79628c0, throwflag=<optimized out>) at /usr/local/src/conda/python-3.10.12/Python/ceval.c:4277
#41 0x000056256e3e199c in _PyEval_EvalFrame (throwflag=0, f=0x7fb3d79628c0, tstate=0x56256e8cdcf0) at /usr/local/src/conda/python-3.10.12/Include/internal/pycore_ceval.h:46
#42 _PyEval_Vector (kwnames=<optimized out>, argcount=<optimized out>, args=<optimized out>, locals=0x0, con=0x7fb3d7b61520, tstate=0x56256e8cdcf0) at /usr/local/src/conda/python-3.10.12/Python/ceval.c:5067
#43 _PyFunction_Vectorcall (func=0x7fb3d7b61510, stack=<optimized out>, nargsf=<optimized out>, kwnames=<optimized out>) at /usr/local/src/conda/python-3.10.12/Objects/call.c:342
#44 0x000056256e3d6142 in _PyObject_VectorcallTstate (kwnames=0x0, nargsf=<optimized out>, args=0x7fb3d7959c08, callable=0x7fb3d7b61510, tstate=0x56256e8cdcf0) at /usr/local/src/conda/python-3.10.12/Include/cpython/abstract.h:114
#45 PyObject_Vectorcall (kwnames=0x0, nargsf=<optimized out>, args=0x7fb3d7959c08, callable=0x7fb3d7b61510) at /usr/local/src/conda/python-3.10.12/Include/cpython/abstract.h:123
#46 call_function (kwnames=0x0, oparg=<optimized out>, pp_stack=<synthetic pointer>, trace_info=0x7fff48610710, tstate=<optimized out>) at /usr/local/src/conda/python-3.10.12/Python/ceval.c:5893
#47 _PyEval_EvalFrameDefault (tstate=<optimized out>, f=0x7fb3d7959a80, throwflag=<optimized out>) at /usr/local/src/conda/python-3.10.12/Python/ceval.c:4181
#48 0x000056256e3e199c in _PyEval_EvalFrame (throwflag=0, f=0x7fb3d7959a80, tstate=0x56256e8cdcf0) at /usr/local/src/conda/python-3.10.12/Include/internal/pycore_ceval.h:46
#49 _PyEval_Vector (kwnames=<optimized out>, argcount=<optimized out>, args=<optimized out>, locals=0x0, con=0x7fb3d7be5760, tstate=0x56256e8cdcf0) at /usr/local/src/conda/python-3.10.12/Python/ceval.c:5067
#50 _PyFunction_Vectorcall (func=0x7fb3d7be5750, stack=<optimized out>, nargsf=<optimized out>, kwnames=<optimized out>) at /usr/local/src/conda/python-3.10.12/Objects/call.c:342
#51 0x000056256e3d1c5c in _PyObject_VectorcallTstate (kwnames=0x0, nargsf=<optimized out>, args=0x7fb3d7bbfdd0, callable=0x7fb3d7be5750, tstate=0x56256e8cdcf0) at /usr/local/src/conda/python-3.10.12/Include/cpython/abstract.h:114
#52 PyObject_Vectorcall (kwnames=0x0, nargsf=<optimized out>, args=0x7fb3d7bbfdd0, callable=0x7fb3d7be5750) at /usr/local/src/conda/python-3.10.12/Include/cpython/abstract.h:123
#53 call_function (kwnames=0x0, oparg=<optimized out>, pp_stack=<synthetic pointer>, trace_info=0x7fff486108c0, tstate=<optimized out>) at /usr/local/src/conda/python-3.10.12/Python/ceval.c:5893
#54 _PyEval_EvalFrameDefault (tstate=<optimized out>, f=0x7fb3d7bbfc50, throwflag=<optimized out>) at /usr/local/src/conda/python-3.10.12/Python/ceval.c:4198
#55 0x000056256e3e199c in _PyEval_EvalFrame (throwflag=0, f=0x7fb3d7bbfc50, tstate=0x56256e8cdcf0) at /usr/local/src/conda/python-3.10.12/Include/internal/pycore_ceval.h:46
#56 _PyEval_Vector (kwnames=<optimized out>, argcount=<optimized out>, args=<optimized out>, locals=0x0, con=0x7fb3d7b620f0, tstate=0x56256e8cdcf0) at /usr/local/src/conda/python-3.10.12/Python/ceval.c:5067
#57 _PyFunction_Vectorcall (func=0x7fb3d7b620e0, stack=<optimized out>, nargsf=<optimized out>, kwnames=<optimized out>) at /usr/local/src/conda/python-3.10.12/Objects/call.c:342
#58 0x000056256e3d1850 in _PyObject_VectorcallTstate (kwnames=0x0, nargsf=<optimized out>, args=0x7fb3d76101f0, callable=0x7fb3d7b620e0, tstate=0x56256e8cdcf0) at /usr/local/src/conda/python-3.10.12/Include/cpython/abstract.h:114
#59 PyObject_Vectorcall (kwnames=0x0, nargsf=<optimized out>, args=0x7fb3d76101f0, callable=0x7fb3d7b620e0) at /usr/local/src/conda/python-3.10.12/Include/cpython/abstract.h:123
#60 call_function (kwnames=0x0, oparg=<optimized out>, pp_stack=<synthetic pointer>, trace_info=0x7fff48610a70, tstate=<optimized out>) at /usr/local/src/conda/python-3.10.12/Python/ceval.c:5893
#61 _PyEval_EvalFrameDefault (tstate=<optimized out>, f=0x7fb3d7610040, throwflag=<optimized out>) at /usr/local/src/conda/python-3.10.12/Python/ceval.c:4213
#62 0x000056256e3e199c in _PyEval_EvalFrame (throwflag=0, f=0x7fb3d7610040, tstate=0x56256e8cdcf0) at /usr/local/src/conda/python-3.10.12/Include/internal/pycore_ceval.h:46
#63 _PyEval_Vector (kwnames=<optimized out>, argcount=<optimized out>, args=<optimized out>, locals=0x0, con=0x7fb3d7b632f0, tstate=0x56256e8cdcf0) at /usr/local/src/conda/python-3.10.12/Python/ceval.c:5067
#64 _PyFunction_Vectorcall (func=0x7fb3d7b632e0, stack=<optimized out>, nargsf=<optimized out>, kwnames=<optimized out>) at /usr/local/src/conda/python-3.10.12/Objects/call.c:342
#65 0x000056256e3d1850 in _PyObject_VectorcallTstate (kwnames=0x0, nargsf=<optimized out>, args=0x7fb3d79f5850, callable=0x7fb3d7b632e0, tstate=0x56256e8cdcf0) at /usr/local/src/conda/python-3.10.12/Include/cpython/abstract.h:114
#66 PyObject_Vectorcall (kwnames=0x0, nargsf=<optimized out>, args=0x7fb3d79f5850, callable=0x7fb3d7b632e0) at /usr/local/src/conda/python-3.10.12/Include/cpython/abstract.h:123
#67 call_function (kwnames=0x0, oparg=<optimized out>, pp_stack=<synthetic pointer>, trace_info=0x7fff48610c20, tstate=<optimized out>) at /usr/local/src/conda/python-3.10.12/Python/ceval.c:5893
#68 _PyEval_EvalFrameDefault (tstate=<optimized out>, f=0x7fb3d79f56c0, throwflag=<optimized out>) at /usr/local/src/conda/python-3.10.12/Python/ceval.c:4213
#69 0x000056256e3e199c in _PyEval_EvalFrame (throwflag=0, f=0x7fb3d79f56c0, tstate=0x56256e8cdcf0) at /usr/local/src/conda/python-3.10.12/Include/internal/pycore_ceval.h:46
#70 _PyEval_Vector (kwnames=<optimized out>, argcount=<optimized out>, args=<optimized out>, locals=0x0, con=0x7fb3d7b63380, tstate=0x56256e8cdcf0) at /usr/local/src/conda/python-3.10.12/Python/ceval.c:5067
#71 _PyFunction_Vectorcall (func=0x7fb3d7b63370, stack=<optimized out>, nargsf=<optimized out>, kwnames=<optimized out>) at /usr/local/src/conda/python-3.10.12/Objects/call.c:342
#72 0x000056256e3e1178 in _PyObject_VectorcallTstate (kwnames=0x0, nargsf=2, args=0x7fff48610d50, callable=0x7fb3d7b63370, tstate=0x56256e8cdcf0) at /usr/local/src/conda/python-3.10.12/Include/cpython/abstract.h:114
#73 object_vacall (tstate=tstate
entry=0x56256e8cdcf0, base=base
entry=0x0, callable=callable
entry=0x7fb3d7b63370, vargs=vargs
entry=0x7fff48610de0) at /usr/local/src/conda/python-3.10.12/Objects/call.c:734
#74 0x000056256e3ef35b in _PyObject_CallMethodIdObjArgs (obj=0x0, name=name
entry=0x56256e619b00 <PyId__find_and_load.6>) at /usr/local/src/conda/python-3.10.12/Objects/call.c:825
#75 0x000056256e311909 in import_find_and_load (abs_name=0x7fb3d78e6060, tstate=0x56256e8cdcf0) at /usr/local/src/conda/python-3.10.12/Python/import.c:1522
#76 PyImport_ImportModuleLevelObject (name=name
entry=0x7fb3d78f4370, globals=<optimized out>, locals=<optimized out>, fromlist=fromlist
entry=0x7fb3d78f3880, level=1) at /usr/local/src/conda/python-3.10.12/Python/import.c:1623
#77 0x000056256e3d5368 in import_name (level=0x7fb3d7b000f0, fromlist=0x7fb3d78f3880, name=0x7fb3d78f4370, f=0x7fb3d7969f10, tstate=<optimized out>) at /usr/local/src/conda/python-3.10.12/Python/ceval.c:6018
#78 _PyEval_EvalFrameDefault (tstate=<optimized out>, f=0x7fb3d7969f10, throwflag=<optimized out>) at /usr/local/src/conda/python-3.10.12/Python/ceval.c:3695
#79 0x000056256e474f90 in _PyEval_EvalFrame (throwflag=0, f=0x7fb3d7969f10, tstate=0x56256e8cdcf0) at /usr/local/src/conda/python-3.10.12/Include/internal/pycore_ceval.h:46
#80 _PyEval_Vector (tstate=tstate
entry=0x56256e8cdcf0, con=con
entry=0x7fff48611160, locals=locals
entry=0x7fb3d78ea600, args=args
entry=0x0, argcount=argcount
entry=0, kwnames=kwnames
entry=0x0) at /usr/local/src/conda/python-3.10.12/Python/ceval.c:5067
#81 0x000056256e474ed7 in PyEval_EvalCode (co=co
entry=0x7fb3d760d630, globals=globals
entry=0x7fb3d78ea600, locals=locals
entry=0x7fb3d78ea600) at /usr/local/src/conda/python-3.10.12/Python/ceval.c:1134
#82 0x000056256e47c0da in builtin_exec_impl (module=<optimized out>, locals=0x7fb3d78ea600, globals=0x7fb3d78ea600, source=0x7fb3d760d630) at /usr/local/src/conda/python-3.10.12/Python/bltinmodule.c:1058
#83 builtin_exec (module=<optimized out>, args=<optimized out>, nargs=<optimized out>) at /usr/local/src/conda/python-3.10.12/Python/clinic/bltinmodule.c.h:371
#84 0x000056256e3e1b63 in cfunction_vectorcall_FASTCALL (func=0x7fb3d7b98e00, args=0x7fb3d78f48d8, nargsf=<optimized out>, kwnames=<optimized out>) at /usr/local/src/conda/python-3.10.12/Objects/methodobject.c:430
#85 0x000056256e3d734b in do_call_core (kwdict=0x7fb3d78ea740, callargs=0x7fb3d78f48c0, func=0x7fb3d7b98e00, trace_info=0x7fff48611330, tstate=<optimized out>) at /usr/local/src/conda/python-3.10.12/Python/ceval.c:5917
#86 _PyEval_EvalFrameDefault (tstate=<optimized out>, f=0x7fb3d7bc74c0, throwflag=<optimized out>) at /usr/local/src/conda/python-3.10.12/Python/ceval.c:4277
#87 0x000056256e3e199c in _PyEval_EvalFrame (throwflag=0, f=0x7fb3d7bc74c0, tstate=0x56256e8cdcf0) at /usr/local/src/conda/python-3.10.12/Include/internal/pycore_ceval.h:46
#88 _PyEval_Vector (kwnames=<optimized out>, argcount=<optimized out>, args=<optimized out>, locals=0x0, con=0x7fb3d7b61520, tstate=0x56256e8cdcf0) at /usr/local/src/conda/python-3.10.12/Python/ceval.c:5067
#89 _PyFunction_Vectorcall (func=0x7fb3d7b61510, stack=<optimized out>, nargsf=<optimized out>, kwnames=<optimized out>) at /usr/local/src/conda/python-3.10.12/Objects/call.c:342
#90 0x000056256e3d6142 in _PyObject_VectorcallTstate (kwnames=0x0, nargsf=<optimized out>, args=0x7fb3d7bbe2b8, callable=0x7fb3d7b61510, tstate=0x56256e8cdcf0) at /usr/local/src/conda/python-3.10.12/Include/cpython/abstract.h:114
#91 PyObject_Vectorcall (kwnames=0x0, nargsf=<optimized out>, args=0x7fb3d7bbe2b8, callable=0x7fb3d7b61510) at /usr/local/src/conda/python-3.10.12/Include/cpython/abstract.h:123
#92 call_function (kwnames=0x0, oparg=<optimized out>, pp_stack=<synthetic pointer>, trace_info=0x7fff486114e0, tstate=<optimized out>) at /usr/local/src/conda/python-3.10.12/Python/ceval.c:5893
#93 _PyEval_EvalFrameDefault (tstate=<optimized out>, f=0x7fb3d7bbe130, throwflag=<optimized out>) at /usr/local/src/conda/python-3.10.12/Python/ceval.c:4181
#94 0x000056256e3e199c in _PyEval_EvalFrame (throwflag=0, f=0x7fb3d7bbe130, tstate=0x56256e8cdcf0) at /usr/local/src/conda/python-3.10.12/Include/internal/pycore_ceval.h:46
#95 _PyEval_Vector (kwnames=<optimized out>, argcount=<optimized out>, args=<optimized out>, locals=0x0, con=0x7fb3d7be5760, tstate=0x56256e8cdcf0) at /usr/local/src/conda/python-3.10.12/Python/ceval.c:5067
#96 _PyFunction_Vectorcall (func=0x7fb3d7be5750, stack=<optimized out>, nargsf=<optimized out>, kwnames=<optimized out>) at /usr/local/src/conda/python-3.10.12/Objects/call.c:342
#97 0x000056256e3d1c5c in _PyObject_VectorcallTstate (kwnames=0x0, nargsf=<optimized out>, args=0x7fb3d7acafc0, callable=0x7fb3d7be5750, tstate=0x56256e8cdcf0) at /usr/local/src/conda/python-3.10.12/Include/cpython/abstract.h:114
#98 PyObject_Vectorcall (kwnames=0x0, nargsf=<optimized out>, args=0x7fb3d7acafc0, callable=0x7fb3d7be5750) at /usr/local/src/conda/python-3.10.12/Include/cpython/abstract.h:123
#99 call_function (kwnames=0x0, oparg=<optimized out>, pp_stack=<synthetic pointer>, trace_info=0x7fff48611690, tstate=<optimized out>) at /usr/local/src/conda/python-3.10.12/Python/ceval.c:5893
#100 _PyEval_EvalFrameDefault (tstate=<optimized out>, f=0x7fb3d7acae40, throwflag=<optimized out>) at /usr/local/src/conda/python-3.10.12/Python/ceval.c:4198
#101 0x000056256e3e199c in _PyEval_EvalFrame (throwflag=0, f=0x7fb3d7acae40, tstate=0x56256e8cdcf0) at /usr/local/src/conda/python-3.10.12/Include/internal/pycore_ceval.h:46
#102 _PyEval_Vector (kwnames=<optimized out>, argcount=<optimized out>, args=<optimized out>, locals=0x0, con=0x7fb3d7b620f0, tstate=0x56256e8cdcf0) at /usr/local/src/conda/python-3.10.12/Python/ceval.c:5067
#103 _PyFunction_Vectorcall (func=0x7fb3d7b620e0, stack=<optimized out>, nargsf=<optimized out>, kwnames=<optimized out>) at /usr/local/src/conda/python-3.10.12/Objects/call.c:342
#104 0x000056256e3d1850 in _PyObject_VectorcallTstate (kwnames=0x0, nargsf=<optimized out>, args=0x7fb3d7aca3f0, callable=0x7fb3d7b620e0, tstate=0x56256e8cdcf0) at /usr/local/src/conda/python-3.10.12/Include/cpython/abstract.h:114
#105 PyObject_Vectorcall (kwnames=0x0, nargsf=<optimized out>, args=0x7fb3d7aca3f0, callable=0x7fb3d7b620e0) at /usr/local/src/conda/python-3.10.12/Include/cpython/abstract.h:123
#106 call_function (kwnames=0x0, oparg=<optimized out>, pp_stack=<synthetic pointer>, trace_info=0x7fff48611840, tstate=<optimized out>) at /usr/local/src/conda/python-3.10.12/Python/ceval.c:5893
#107 _PyEval_EvalFrameDefault (tstate=<optimized out>, f=0x7fb3d7aca240, throwflag=<optimized out>) at /usr/local/src/conda/python-3.10.12/Python/ceval.c:4213
#108 0x000056256e3e199c in _PyEval_EvalFrame (throwflag=0, f=0x7fb3d7aca240, tstate=0x56256e8cdcf0) at /usr/local/src/conda/python-3.10.12/Include/internal/pycore_ceval.h:46
#109 _PyEval_Vector (kwnames=<optimized out>, argcount=<optimized out>, args=<optimized out>, locals=0x0, con=0x7fb3d7b632f0, tstate=0x56256e8cdcf0) at /usr/local/src/conda/python-3.10.12/Python/ceval.c:5067
#110 _PyFunction_Vectorcall (func=0x7fb3d7b632e0, stack=<optimized out>, nargsf=<optimized out>, kwnames=<optimized out>) at /usr/local/src/conda/python-3.10.12/Objects/call.c:342
#111 0x000056256e3d1850 in _PyObject_VectorcallTstate (kwnames=0x0, nargsf=<optimized out>, args=0x7fb3d79f4950, callable=0x7fb3d7b632e0, tstate=0x56256e8cdcf0) at /usr/local/src/conda/python-3.10.12/Include/cpython/abstract.h:114
#112 PyObject_Vectorcall (kwnames=0x0, nargsf=<optimized out>, args=0x7fb3d79f4950, callable=0x7fb3d7b632e0) at /usr/local/src/conda/python-3.10.12/Include/cpython/abstract.h:123
#113 call_function (kwnames=0x0, oparg=<optimized out>, pp_stack=<synthetic pointer>, trace_info=0x7fff486119f0, tstate=<optimized out>) at /usr/local/src/conda/python-3.10.12/Python/ceval.c:5893
#114 _PyEval_EvalFrameDefault (tstate=<optimized out>, f=0x7fb3d79f47c0, throwflag=<optimized out>) at /usr/local/src/conda/python-3.10.12/Python/ceval.c:4213
#115 0x000056256e3e199c in _PyEval_EvalFrame (throwflag=0, f=0x7fb3d79f47c0, tstate=0x56256e8cdcf0) at /usr/local/src/conda/python-3.10.12/Include/internal/pycore_ceval.h:46
#116 _PyEval_Vector (kwnames=<optimized out>, argcount=<optimized out>, args=<optimized out>, locals=0x0, con=0x7fb3d7b63380, tstate=0x56256e8cdcf0) at /usr/local/src/conda/python-3.10.12/Python/ceval.c:5067
#117 _PyFunction_Vectorcall (func=0x7fb3d7b63370, stack=<optimized out>, nargsf=<optimized out>, kwnames=<optimized out>) at /usr/local/src/conda/python-3.10.12/Objects/call.c:342
#118 0x000056256e3e1178 in _PyObject_VectorcallTstate (kwnames=0x0, nargsf=2, args=0x7fff48611b20, callable=0x7fb3d7b63370, tstate=0x56256e8cdcf0) at /usr/local/src/conda/python-3.10.12/Include/cpython/abstract.h:114
#119 object_vacall (tstate=tstate
entry=0x56256e8cdcf0, base=base
entry=0x0, callable=callable
entry=0x7fb3d7b63370, vargs=vargs
entry=0x7fff48611bb0) at /usr/local/src/conda/python-3.10.12/Objects/call.c:734
#120 0x000056256e3ef35b in _PyObject_CallMethodIdObjArgs (obj=0x0, name=name
entry=0x56256e619b00 <PyId__find_and_load.6>) at /usr/local/src/conda/python-3.10.12/Objects/call.c:825
#121 0x000056256e311909 in import_find_and_load (abs_name=0x7fb3d78e95f0, tstate=0x56256e8cdcf0) at /usr/local/src/conda/python-3.10.12/Python/import.c:1522
#122 PyImport_ImportModuleLevelObject (name=name
entry=0x7fb3d78e95f0, globals=<optimized out>, locals=<optimized out>, fromlist=fromlist
entry=0x56256e6217e0 <_Py_NoneStruct>, level=0) at /usr/local/src/conda/python-3.10.12/Python/import.c:1623
#123 0x000056256e3d5368 in import_name (level=0x7fb3d7b000d0, fromlist=0x56256e6217e0 <_Py_NoneStruct>, name=0x7fb3d78e95f0, f=0x7fb3d7acaa40, tstate=<optimized out>) at /usr/local/src/conda/python-3.10.12/Python/ceval.c:6018
#124 _PyEval_EvalFrameDefault (tstate=<optimized out>, f=0x7fb3d7acaa40, throwflag=<optimized out>) at /usr/local/src/conda/python-3.10.12/Python/ceval.c:3695
#125 0x000056256e474f90 in _PyEval_EvalFrame (throwflag=0, f=0x7fb3d7acaa40, tstate=0x56256e8cdcf0) at /usr/local/src/conda/python-3.10.12/Include/internal/pycore_ceval.h:46
#126 _PyEval_Vector (tstate=tstate
entry=0x56256e8cdcf0, con=con
entry=0x7fff48611f30, locals=locals
entry=0x7fb3d7931080, args=args
entry=0x0, argcount=argcount
entry=0, kwnames=kwnames
entry=0x0) at /usr/local/src/conda/python-3.10.12/Python/ceval.c:5067
#127 0x000056256e474ed7 in PyEval_EvalCode (co=co
entry=0x7fb3d78da810, globals=globals
entry=0x7fb3d7931080, locals=locals
entry=0x7fb3d7931080) at /usr/local/src/conda/python-3.10.12/Python/ceval.c:1134
#128 0x000056256e47c0da in builtin_exec_impl (module=<optimized out>, locals=0x7fb3d7931080, globals=0x7fb3d7931080, source=0x7fb3d78da810) at /usr/local/src/conda/python-3.10.12/Python/bltinmodule.c:1058
#129 builtin_exec (module=<optimized out>, args=<optimized out>, nargs=<optimized out>) at /usr/local/src/conda/python-3.10.12/Python/clinic/bltinmodule.c.h:371
#130 0x000056256e3e1b63 in cfunction_vectorcall_FASTCALL (func=0x7fb3d7b98e00, args=0x7fb3d78e92d8, nargsf=<optimized out>, kwnames=<optimized out>) at /usr/local/src/conda/python-3.10.12/Objects/methodobject.c:430
#131 0x000056256e3d734b in do_call_core (kwdict=0x7fb3d78e9340, callargs=0x7fb3d78e92c0, func=0x7fb3d7b98e00, trace_info=0x7fff48612100, tstate=<optimized out>) at /usr/local/src/conda/python-3.10.12/Python/ceval.c:5917
#132 _PyEval_EvalFrameDefault (tstate=<optimized out>, f=0x7fb3d7962200, throwflag=<optimized out>) at /usr/local/src/conda/python-3.10.12/Python/ceval.c:4277
#133 0x000056256e3e199c in _PyEval_EvalFrame (throwflag=0, f=0x7fb3d7962200, tstate=0x56256e8cdcf0) at /usr/local/src/conda/python-3.10.12/Include/internal/pycore_ceval.h:46
#134 _PyEval_Vector (kwnames=<optimized out>, argcount=<optimized out>, args=<optimized out>, locals=0x0, con=0x7fb3d7b61520, tstate=0x56256e8cdcf0) at /usr/local/src/conda/python-3.10.12/Python/ceval.c:5067
#135 _PyFunction_Vectorcall (func=0x7fb3d7b61510, stack=<optimized out>, nargsf=<optimized out>, kwnames=<optimized out>) at /usr/local/src/conda/python-3.10.12/Objects/call.c:342
#136 0x000056256e3d6142 in _PyObject_VectorcallTstate (kwnames=0x0, nargsf=<optimized out>, args=0x7fb3d7958c48, callable=0x7fb3d7b61510, tstate=0x56256e8cdcf0) at /usr/local/src/conda/python-3.10.12/Include/cpython/abstract.h:114
#137 PyObject_Vectorcall (kwnames=0x0, nargsf=<optimized out>, args=0x7fb3d7958c48, callable=0x7fb3d7b61510) at /usr/local/src/conda/python-3.10.12/Include/cpython/abstract.h:123
#138 call_function (kwnames=0x0, oparg=<optimized out>, pp_stack=<synthetic pointer>, trace_info=0x7fff486122b0, tstate=<optimized out>) at /usr/local/src/conda/python-3.10.12/Python/ceval.c:5893
#139 _PyEval_EvalFrameDefault (tstate=<optimized out>, f=0x7fb3d7958ac0, throwflag=<optimized out>) at /usr/local/src/conda/python-3.10.12/Python/ceval.c:4181
#140 0x000056256e3e199c in _PyEval_EvalFrame (throwflag=0, f=0x7fb3d7958ac0, tstate=0x56256e8cdcf0) at /usr/local/src/conda/python-3.10.12/Include/internal/pycore_ceval.h:46
#141 _PyEval_Vector (kwnames=<optimized out>, argcount=<optimized out>, args=<optimized out>, locals=0x0, con=0x7fb3d7be5760, tstate=0x56256e8cdcf0) at /usr/local/src/conda/python-3.10.12/Python/ceval.c:5067
#142 _PyFunction_Vectorcall (func=0x7fb3d7be5750, stack=<optimized out>, nargsf=<optimized out>, kwnames=<optimized out>) at /usr/local/src/conda/python-3.10.12/Objects/call.c:342
#143 0x000056256e3d1c5c in _PyObject_VectorcallTstate (kwnames=0x0, nargsf=<optimized out>, args=0x7fb3d7bbf040, callable=0x7fb3d7be5750, tstate=0x56256e8cdcf0) at /usr/local/src/conda/python-3.10.12/Include/cpython/abstract.h:114
#144 PyObject_Vectorcall (kwnames=0x0, nargsf=<optimized out>, args=0x7fb3d7bbf040, callable=0x7fb3d7be5750) at /usr/local/src/conda/python-3.10.12/Include/cpython/abstract.h:123
#145 call_function (kwnames=0x0, oparg=<optimized out>, pp_stack=<synthetic pointer>, trace_info=0x7fff48612460, tstate=<optimized out>) at /usr/local/src/conda/python-3.10.12/Python/ceval.c:5893
#146 _PyEval_EvalFrameDefault (tstate=<optimized out>, f=0x7fb3d7bbeec0, throwflag=<optimized out>) at /usr/local/src/conda/python-3.10.12/Python/ceval.c:4198
#147 0x000056256e3e199c in _PyEval_EvalFrame (throwflag=0, f=0x7fb3d7bbeec0, tstate=0x56256e8cdcf0) at /usr/local/src/conda/python-3.10.12/Include/internal/pycore_ceval.h:46
#148 _PyEval_Vector (kwnames=<optimized out>, argcount=<optimized out>, args=<optimized out>, locals=0x0, con=0x7fb3d7b620f0, tstate=0x56256e8cdcf0) at /usr/local/src/conda/python-3.10.12/Python/ceval.c:5067
#149 _PyFunction_Vectorcall (func=0x7fb3d7b620e0, stack=<optimized out>, nargsf=<optimized out>, kwnames=<optimized out>) at /usr/local/src/conda/python-3.10.12/Objects/call.c:342
#150 0x000056256e3d1850 in _PyObject_VectorcallTstate (kwnames=0x0, nargsf=<optimized out>, args=0x7fb3d7aca5f0, callable=0x7fb3d7b620e0, tstate=0x56256e8cdcf0) at /usr/local/src/conda/python-3.10.12/Include/cpython/abstract.h:114
#151 PyObject_Vectorcall (kwnames=0x0, nargsf=<optimized out>, args=0x7fb3d7aca5f0, callable=0x7fb3d7b620e0) at /usr/local/src/conda/python-3.10.12/Include/cpython/abstract.h:123
#152 call_function (kwnames=0x0, oparg=<optimized out>, pp_stack=<synthetic pointer>, trace_info=0x7fff48612610, tstate=<optimized out>) at /usr/local/src/conda/python-3.10.12/Python/ceval.c:5893
#153 _PyEval_EvalFrameDefault (tstate=<optimized out>, f=0x7fb3d7aca440, throwflag=<optimized out>) at /usr/local/src/conda/python-3.10.12/Python/ceval.c:4213
#154 0x000056256e3e199c in _PyEval_EvalFrame (throwflag=0, f=0x7fb3d7aca440, tstate=0x56256e8cdcf0) at /usr/local/src/conda/python-3.10.12/Include/internal/pycore_ceval.h:46
#155 _PyEval_Vector (kwnames=<optimized out>, argcount=<optimized out>, args=<optimized out>, locals=0x0, con=0x7fb3d7b632f0, tstate=0x56256e8cdcf0) at /usr/local/src/conda/python-3.10.12/Python/ceval.c:5067
#156 _PyFunction_Vectorcall (func=0x7fb3d7b632e0, stack=<optimized out>, nargsf=<optimized out>, kwnames=<optimized out>) at /usr/local/src/conda/python-3.10.12/Objects/call.c:342
#157 0x000056256e3d1850 in _PyObject_VectorcallTstate (kwnames=0x0, nargsf=<optimized out>, args=0x7fb3d79f50d0, callable=0x7fb3d7b632e0, tstate=0x56256e8cdcf0) at /usr/local/src/conda/python-3.10.12/Include/cpython/abstract.h:114
#158 PyObject_Vectorcall (kwnames=0x0, nargsf=<optimized out>, args=0x7fb3d79f50d0, callable=0x7fb3d7b632e0) at /usr/local/src/conda/python-3.10.12/Include/cpython/abstract.h:123
#159 call_function (kwnames=0x0, oparg=<optimized out>, pp_stack=<synthetic pointer>, trace_info=0x7fff486127c0, tstate=<optimized out>) at /usr/local/src/conda/python-3.10.12/Python/ceval.c:5893
#160 _PyEval_EvalFrameDefault (tstate=<optimized out>, f=0x7fb3d79f4f40, throwflag=<optimized out>) at /usr/local/src/conda/python-3.10.12/Python/ceval.c:4213
#161 0x000056256e3e199c in _PyEval_EvalFrame (throwflag=0, f=0x7fb3d79f4f40, tstate=0x56256e8cdcf0) at /usr/local/src/conda/python-3.10.12/Include/internal/pycore_ceval.h:46
#162 _PyEval_Vector (kwnames=<optimized out>, argcount=<optimized out>, args=<optimized out>, locals=0x0, con=0x7fb3d7b63380, tstate=0x56256e8cdcf0) at /usr/local/src/conda/python-3.10.12/Python/ceval.c:5067
#163 _PyFunction_Vectorcall (func=0x7fb3d7b63370, stack=<optimized out>, nargsf=<optimized out>, kwnames=<optimized out>) at /usr/local/src/conda/python-3.10.12/Objects/call.c:342
#164 0x000056256e3e1178 in _PyObject_VectorcallTstate (kwnames=0x0, nargsf=2, args=0x7fff486128f0, callable=0x7fb3d7b63370, tstate=0x56256e8cdcf0) at /usr/local/src/conda/python-3.10.12/Include/cpython/abstract.h:114
#165 object_vacall (tstate=tstate
entry=0x56256e8cdcf0, base=base
entry=0x0, callable=callable
entry=0x7fb3d7b63370, vargs=vargs
entry=0x7fff48612980) at /usr/local/src/conda/python-3.10.12/Objects/call.c:734
#166 0x000056256e3ef35b in _PyObject_CallMethodIdObjArgs (obj=0x0, name=name
entry=0x56256e619b00 <PyId__find_and_load.6>) at /usr/local/src/conda/python-3.10.12/Objects/call.c:825
#167 0x000056256e311909 in import_find_and_load (abs_name=0x7fb3d7a9cd70, tstate=0x56256e8cdcf0) at /usr/local/src/conda/python-3.10.12/Python/import.c:1522
#168 PyImport_ImportModuleLevelObject (name=name
entry=0x7fb3d7a9cd70, globals=<optimized out>, locals=<optimized out>, fromlist=fromlist
entry=0x56256e6217e0 <_Py_NoneStruct>, level=0) at /usr/local/src/conda/python-3.10.12/Python/import.c:1623
#169 0x000056256e3d5368 in import_name (level=0x7fb3d7b000d0, fromlist=0x56256e6217e0 <_Py_NoneStruct>, name=0x7fb3d7a9cd70, f=0x7fb3d7b29c40, tstate=<optimized out>) at /usr/local/src/conda/python-3.10.12/Python/ceval.c:6018
#170 _PyEval_EvalFrameDefault (tstate=<optimized out>, f=0x7fb3d7b29c40, throwflag=<optimized out>) at /usr/local/src/conda/python-3.10.12/Python/ceval.c:3695
#171 0x000056256e474f90 in _PyEval_EvalFrame (throwflag=0, f=0x7fb3d7b29c40, tstate=0x56256e8cdcf0) at /usr/local/src/conda/python-3.10.12/Include/internal/pycore_ceval.h:46
#172 _PyEval_Vector (tstate=tstate
entry=0x56256e8cdcf0, con=con
entry=0x7fff48612d00, locals=locals
entry=0x7fb3d7a41dc0, args=args
entry=0x0, argcount=argcount
entry=0, kwnames=kwnames
entry=0x0) at /usr/local/src/conda/python-3.10.12/Python/ceval.c:5067
#173 0x000056256e474ed7 in PyEval_EvalCode (co=co
entry=0x7fb3d79043a0, globals=globals
entry=0x7fb3d7a41dc0, locals=locals
entry=0x7fb3d7a41dc0) at /usr/local/src/conda/python-3.10.12/Python/ceval.c:1134
#174 0x000056256e4a542a in run_eval_code_obj (tstate=tstate
entry=0x56256e8cdcf0, co=co
entry=0x7fb3d79043a0, globals=globals
entry=0x7fb3d7a41dc0, locals=locals
entry=0x7fb3d7a41dc0) at /usr/local/src/conda/python-3.10.12/Python/pythonrun.c:1291
#175 0x000056256e4a0833 in run_mod (mod=mod
entry=0x56256e9fa500, filename=filename
entry=0x7fb3d7919980, globals=globals
entry=0x7fb3d7a41dc0, locals=locals
entry=0x7fb3d7a41dc0, flags=flags
entry=0x7fff48612ee8, arena=arena
entry=0x7fb3d7bfe6f0) at /usr/local/src/conda/python-3.10.12/Python/pythonrun.c:1312
#176 0x000056256e3376cd in pyrun_file (fp=fp
entry=0x56256e8ad370, filename=filename
entry=0x7fb3d7919980, start=start
entry=257, globals=globals
entry=0x7fb3d7a41dc0, locals=locals
entry=0x7fb3d7a41dc0, closeit=closeit
entry=1, flags=0x7fff48612ee8) at /usr/local/src/conda/python-3.10.12/Python/pythonrun.c:1208
#177 0x000056256e49ad1e in _PyRun_SimpleFileObject (fp=0x56256e8ad370, filename=0x7fb3d7919980, closeit=1, flags=0x7fff48612ee8) at /usr/local/src/conda/python-3.10.12/Python/pythonrun.c:456
#178 0x000056256e49a8b4 in _PyRun_AnyFileObject (fp=0x56256e8ad370, filename=filename
entry=0x7fb3d7919980, closeit=closeit
entry=1, flags=flags
entry=0x7fff48612ee8) at /usr/local/src/conda/python-3.10.12/Python/pythonrun.c:90
#179 0x000056256e497aab in pymain_run_file_obj (skip_source_first_line=0, filename=0x7fb3d7919980, program_name=0x7fb3d7a54630) at /usr/local/src/conda/python-3.10.12/Modules/main.c:357
#180 pymain_run_file (config=0x56256e8b17b0) at /usr/local/src/conda/python-3.10.12/Modules/main.c:376
#181 pymain_run_python (exitcode=0x7fff48612ee4) at /usr/local/src/conda/python-3.10.12/Modules/main.c:591
#182 Py_RunMain () at /usr/local/src/conda/python-3.10.12/Modules/main.c:670
#183 0x000056256e468527 in Py_BytesMain (argc=<optimized out>, argv=<optimized out>) at /usr/local/src/conda/python-3.10.12/Modules/main.c:1090
#184 0x00007fb3d7c295d0 in __libc_start_call_main () from /lib64/libc.so.6
#185 0x00007fb3d7c29680 in __libc_start_main_impl () from /lib64/libc.so.6
#186 0x000056256e468421 in _start ()
===========================================================


 *** Break *** segmentation violation



===========================================================
There was a crash.
This is the entire stack trace of all threads:
===========================================================
#0  0x00007fb3d7cd8fba in wait4 () from /lib64/libc.so.6
#1  0x00007fb3d7c4b7e3 in do_system () from /lib64/libc.so.6
#2  0x00007fb3d70f82ce in TUnixSystem::StackTrace() () from /cvmfs/sft.cern.ch/lcg/app/releases/ROOT/6.32.04/x86_64-almalinux9.4-gcc114-opt/lib/libCore.so
#3  0x00007fb3d739af03 in (anonymous namespace)::TExceptionHandlerImp::HandleException(int) () from /cvmfs/sft.cern.ch/lcg/app/releases/ROOT/6.32.04/x86_64-almalinux9.4-gcc114-opt/lib/libcppyy_backend.so
#4  0x00007fb3d70f5861 in TUnixSystem::DispatchSignals(ESignals) () from /cvmfs/sft.cern.ch/lcg/app/releases/ROOT/6.32.04/x86_64-almalinux9.4-gcc114-opt/lib/libCore.so
#5  <signal handler called>
#6  _PyObject_IS_GC (obj=0x1) at /usr/local/src/conda/python-3.10.12/Include/internal/pycore_object.h:165
#7  visit_decref (op=0x1, parent=0x562570a13000) at /usr/local/src/conda/python-3.10.12/Modules/gcmodule.c:456
#8  0x000056256e3c5144 in subtract_refs (containers=<optimized out>) at /usr/local/src/conda/python-3.10.12/Modules/gcmodule.c:482
#9  deduce_unreachable (base=base
entry=0x56256e8b1680, unreachable=unreachable
entry=0x7fff4860f820) at /usr/local/src/conda/python-3.10.12/Modules/gcmodule.c:1105
#10 0x000056256e3c3e98 in gc_collect_main (tstate=tstate
entry=0x56256e8cdcf0, generation=generation
entry=0, n_collected=n_collected
entry=0x7fff4860f900, n_uncollectable=n_uncollectable
entry=0x7fff4860f8f8, nofail=nofail
entry=0) at /usr/local/src/conda/python-3.10.12/Modules/gcmodule.c:1239
#11 0x000056256e4714bb in gc_collect_with_callback (tstate=tstate
entry=0x56256e8cdcf0, generation=0) at /usr/local/src/conda/python-3.10.12/Modules/gcmodule.c:1413
#12 0x000056256e3b980b in gc_collect_generations (tstate=0x56256e8cdcf0) at /usr/local/src/conda/python-3.10.12/Modules/gcmodule.c:1468
#13 _PyObject_GC_Alloc (basicsize=<optimized out>, use_calloc=0) at /usr/local/src/conda/python-3.10.12/Modules/gcmodule.c:2297
#14 _PyObject_GC_Malloc (basicsize=<optimized out>) at /usr/local/src/conda/python-3.10.12/Modules/gcmodule.c:2307
#15 _PyObject_GC_New (tp=0x7fb3b93b65c0 <CPyCppyy::CPPOverload_Type>) at /usr/local/src/conda/python-3.10.12/Modules/gcmodule.c:2319
#16 0x00007fb3b9339790 in CPyCppyy::(anonymous namespace)::mp_new(_typeobject*, _object*, _object*) () from /cvmfs/sft.cern.ch/lcg/app/releases/ROOT/6.32.04/x86_64-almalinux9.4-gcc114-opt/lib/libcppyy.so
#17 0x00007fb3b93629e3 in CPyCppyy::BuildScopeProxyDict(unsigned long, _object*, unsigned int) () from /cvmfs/sft.cern.ch/lcg/app/releases/ROOT/6.32.04/x86_64-almalinux9.4-gcc114-opt/lib/libcppyy.so
#18 0x00007fb3b93651a3 in CPyCppyy::CreateScopeProxy(std::__cxx11::basic_string<char, std::char_traits<char>, std::allocator<char> > const&, _object*, unsigned int) () from /cvmfs/sft.cern.ch/lcg/app/releases/ROOT/6.32.04/x86_64-almalinux9.4-gcc114-opt/lib/libcppyy.so
#19 0x00007fb3b9365dc5 in CPyCppyy::CreateScopeProxy(unsigned long, unsigned int) () from /cvmfs/sft.cern.ch/lcg/app/releases/ROOT/6.32.04/x86_64-almalinux9.4-gcc114-opt/lib/libcppyy.so
#20 0x00007fb3b9365e26 in CPyCppyy::BindCppObjectNoCast(void*, unsigned long, unsigned int) () from /cvmfs/sft.cern.ch/lcg/app/releases/ROOT/6.32.04/x86_64-almalinux9.4-gcc114-opt/lib/libcppyy.so
#21 0x00007fb3b932e930 in CPyCppyy::dm_get(CPyCppyy::CPPDataMember*, CPyCppyy::CPPInstance*, _object*) () from /cvmfs/sft.cern.ch/lcg/app/releases/ROOT/6.32.04/x86_64-almalinux9.4-gcc114-opt/lib/libcppyy.so
#22 0x000056256e3d972a in type_getattro (type=<optimized out>, name=<optimized out>) at /usr/local/src/conda/python-3.10.12/Objects/typeobject.c:3923
#23 0x00007fb3b93410e3 in CPyCppyy::meta_getattro(_object*, _object*) () from /cvmfs/sft.cern.ch/lcg/app/releases/ROOT/6.32.04/x86_64-almalinux9.4-gcc114-opt/lib/libcppyy.so
#24 0x000056256e3deb92 in PyObject_GetAttr (v=v
entry=0x562570d6af70, name=0x7fb3d78f5e70) at /usr/local/src/conda/python-3.10.12/Objects/object.c:932
#25 0x000056256e3d5f03 in _PyEval_EvalFrameDefault (tstate=<optimized out>, f=0x56256e929040, throwflag=<optimized out>) at /usr/local/src/conda/python-3.10.12/Python/ceval.c:3592
#26 0x000056256e3e199c in _PyEval_EvalFrame (throwflag=0, f=0x56256e929040, tstate=0x56256e8cdcf0) at /usr/local/src/conda/python-3.10.12/Include/internal/pycore_ceval.h:46
#27 _PyEval_Vector (kwnames=<optimized out>, argcount=<optimized out>, args=<optimized out>, locals=0x0, con=0x7fb3d766e7b0, tstate=0x56256e8cdcf0) at /usr/local/src/conda/python-3.10.12/Python/ceval.c:5067
#28 _PyFunction_Vectorcall (func=0x7fb3d766e7a0, stack=<optimized out>, nargsf=<optimized out>, kwnames=<optimized out>) at /usr/local/src/conda/python-3.10.12/Objects/call.c:342
#29 0x000056256e3d1850 in _PyObject_VectorcallTstate (kwnames=0x0, nargsf=<optimized out>, args=0x7fb3d78a8d08, callable=0x7fb3d766e7a0, tstate=0x56256e8cdcf0) at /usr/local/src/conda/python-3.10.12/Include/cpython/abstract.h:114
#30 PyObject_Vectorcall (kwnames=0x0, nargsf=<optimized out>, args=0x7fb3d78a8d08, callable=0x7fb3d766e7a0) at /usr/local/src/conda/python-3.10.12/Include/cpython/abstract.h:123
#31 call_function (kwnames=0x0, oparg=<optimized out>, pp_stack=<synthetic pointer>, trace_info=0x7fff48610290, tstate=<optimized out>) at /usr/local/src/conda/python-3.10.12/Python/ceval.c:5893
#32 _PyEval_EvalFrameDefault (tstate=<optimized out>, f=0x7fb3d78a8ba0, throwflag=<optimized out>) at /usr/local/src/conda/python-3.10.12/Python/ceval.c:4213
#33 0x000056256e474f90 in _PyEval_EvalFrame (throwflag=0, f=0x7fb3d78a8ba0, tstate=0x56256e8cdcf0) at /usr/local/src/conda/python-3.10.12/Include/internal/pycore_ceval.h:46
#34 _PyEval_Vector (tstate=tstate
entry=0x56256e8cdcf0, con=con
entry=0x7fff48610390, locals=locals
entry=0x7fb3d7603f80, args=args
entry=0x0, argcount=argcount
entry=0, kwnames=kwnames
entry=0x0) at /usr/local/src/conda/python-3.10.12/Python/ceval.c:5067
#35 0x000056256e474ed7 in PyEval_EvalCode (co=co
entry=0x7fb3d75ef680, globals=globals
entry=0x7fb3d7603f80, locals=locals
entry=0x7fb3d7603f80) at /usr/local/src/conda/python-3.10.12/Python/ceval.c:1134
#36 0x000056256e47c0da in builtin_exec_impl (module=<optimized out>, locals=0x7fb3d7603f80, globals=0x7fb3d7603f80, source=0x7fb3d75ef680) at /usr/local/src/conda/python-3.10.12/Python/bltinmodule.c:1058
#37 builtin_exec (module=<optimized out>, args=<optimized out>, nargs=<optimized out>) at /usr/local/src/conda/python-3.10.12/Python/clinic/bltinmodule.c.h:371
#38 0x000056256e3e1b63 in cfunction_vectorcall_FASTCALL (func=0x7fb3d7b98e00, args=0x7fb3d7600e98, nargsf=<optimized out>, kwnames=<optimized out>) at /usr/local/src/conda/python-3.10.12/Objects/methodobject.c:430
#39 0x000056256e3d734b in do_call_core (kwdict=0x7fb3d75f0780, callargs=0x7fb3d7600e80, func=0x7fb3d7b98e00, trace_info=0x7fff48610560, tstate=<optimized out>) at /usr/local/src/conda/python-3.10.12/Python/ceval.c:5917
#40 _PyEval_EvalFrameDefault (tstate=<optimized out>, f=0x7fb3d79628c0, throwflag=<optimized out>) at /usr/local/src/conda/python-3.10.12/Python/ceval.c:4277
#41 0x000056256e3e199c in _PyEval_EvalFrame (throwflag=0, f=0x7fb3d79628c0, tstate=0x56256e8cdcf0) at /usr/local/src/conda/python-3.10.12/Include/internal/pycore_ceval.h:46
#42 _PyEval_Vector (kwnames=<optimized out>, argcount=<optimized out>, args=<optimized out>, locals=0x0, con=0x7fb3d7b61520, tstate=0x56256e8cdcf0) at /usr/local/src/conda/python-3.10.12/Python/ceval.c:5067
#43 _PyFunction_Vectorcall (func=0x7fb3d7b61510, stack=<optimized out>, nargsf=<optimized out>, kwnames=<optimized out>) at /usr/local/src/conda/python-3.10.12/Objects/call.c:342
#44 0x000056256e3d6142 in _PyObject_VectorcallTstate (kwnames=0x0, nargsf=<optimized out>, args=0x7fb3d7959c08, callable=0x7fb3d7b61510, tstate=0x56256e8cdcf0) at /usr/local/src/conda/python-3.10.12/Include/cpython/abstract.h:114
#45 PyObject_Vectorcall (kwnames=0x0, nargsf=<optimized out>, args=0x7fb3d7959c08, callable=0x7fb3d7b61510) at /usr/local/src/conda/python-3.10.12/Include/cpython/abstract.h:123
#46 call_function (kwnames=0x0, oparg=<optimized out>, pp_stack=<synthetic pointer>, trace_info=0x7fff48610710, tstate=<optimized out>) at /usr/local/src/conda/python-3.10.12/Python/ceval.c:5893
#47 _PyEval_EvalFrameDefault (tstate=<optimized out>, f=0x7fb3d7959a80, throwflag=<optimized out>) at /usr/local/src/conda/python-3.10.12/Python/ceval.c:4181
#48 0x000056256e3e199c in _PyEval_EvalFrame (throwflag=0, f=0x7fb3d7959a80, tstate=0x56256e8cdcf0) at /usr/local/src/conda/python-3.10.12/Include/internal/pycore_ceval.h:46
#49 _PyEval_Vector (kwnames=<optimized out>, argcount=<optimized out>, args=<optimized out>, locals=0x0, con=0x7fb3d7be5760, tstate=0x56256e8cdcf0) at /usr/local/src/conda/python-3.10.12/Python/ceval.c:5067
#50 _PyFunction_Vectorcall (func=0x7fb3d7be5750, stack=<optimized out>, nargsf=<optimized out>, kwnames=<optimized out>) at /usr/local/src/conda/python-3.10.12/Objects/call.c:342
#51 0x000056256e3d1c5c in _PyObject_VectorcallTstate (kwnames=0x0, nargsf=<optimized out>, args=0x7fb3d7bbfdd0, callable=0x7fb3d7be5750, tstate=0x56256e8cdcf0) at /usr/local/src/conda/python-3.10.12/Include/cpython/abstract.h:114
#52 PyObject_Vectorcall (kwnames=0x0, nargsf=<optimized out>, args=0x7fb3d7bbfdd0, callable=0x7fb3d7be5750) at /usr/local/src/conda/python-3.10.12/Include/cpython/abstract.h:123
#53 call_function (kwnames=0x0, oparg=<optimized out>, pp_stack=<synthetic pointer>, trace_info=0x7fff486108c0, tstate=<optimized out>) at /usr/local/src/conda/python-3.10.12/Python/ceval.c:5893
#54 _PyEval_EvalFrameDefault (tstate=<optimized out>, f=0x7fb3d7bbfc50, throwflag=<optimized out>) at /usr/local/src/conda/python-3.10.12/Python/ceval.c:4198
#55 0x000056256e3e199c in _PyEval_EvalFrame (throwflag=0, f=0x7fb3d7bbfc50, tstate=0x56256e8cdcf0) at /usr/local/src/conda/python-3.10.12/Include/internal/pycore_ceval.h:46
#56 _PyEval_Vector (kwnames=<optimized out>, argcount=<optimized out>, args=<optimized out>, locals=0x0, con=0x7fb3d7b620f0, tstate=0x56256e8cdcf0) at /usr/local/src/conda/python-3.10.12/Python/ceval.c:5067
#57 _PyFunction_Vectorcall (func=0x7fb3d7b620e0, stack=<optimized out>, nargsf=<optimized out>, kwnames=<optimized out>) at /usr/local/src/conda/python-3.10.12/Objects/call.c:342
#58 0x000056256e3d1850 in _PyObject_VectorcallTstate (kwnames=0x0, nargsf=<optimized out>, args=0x7fb3d76101f0, callable=0x7fb3d7b620e0, tstate=0x56256e8cdcf0) at /usr/local/src/conda/python-3.10.12/Include/cpython/abstract.h:114
#59 PyObject_Vectorcall (kwnames=0x0, nargsf=<optimized out>, args=0x7fb3d76101f0, callable=0x7fb3d7b620e0) at /usr/local/src/conda/python-3.10.12/Include/cpython/abstract.h:123
#60 call_function (kwnames=0x0, oparg=<optimized out>, pp_stack=<synthetic pointer>, trace_info=0x7fff48610a70, tstate=<optimized out>) at /usr/local/src/conda/python-3.10.12/Python/ceval.c:5893
#61 _PyEval_EvalFrameDefault (tstate=<optimized out>, f=0x7fb3d7610040, throwflag=<optimized out>) at /usr/local/src/conda/python-3.10.12/Python/ceval.c:4213
#62 0x000056256e3e199c in _PyEval_EvalFrame (throwflag=0, f=0x7fb3d7610040, tstate=0x56256e8cdcf0) at /usr/local/src/conda/python-3.10.12/Include/internal/pycore_ceval.h:46
#63 _PyEval_Vector (kwnames=<optimized out>, argcount=<optimized out>, args=<optimized out>, locals=0x0, con=0x7fb3d7b632f0, tstate=0x56256e8cdcf0) at /usr/local/src/conda/python-3.10.12/Python/ceval.c:5067
#64 _PyFunction_Vectorcall (func=0x7fb3d7b632e0, stack=<optimized out>, nargsf=<optimized out>, kwnames=<optimized out>) at /usr/local/src/conda/python-3.10.12/Objects/call.c:342
#65 0x000056256e3d1850 in _PyObject_VectorcallTstate (kwnames=0x0, nargsf=<optimized out>, args=0x7fb3d79f5850, callable=0x7fb3d7b632e0, tstate=0x56256e8cdcf0) at /usr/local/src/conda/python-3.10.12/Include/cpython/abstract.h:114
#66 PyObject_Vectorcall (kwnames=0x0, nargsf=<optimized out>, args=0x7fb3d79f5850, callable=0x7fb3d7b632e0) at /usr/local/src/conda/python-3.10.12/Include/cpython/abstract.h:123
#67 call_function (kwnames=0x0, oparg=<optimized out>, pp_stack=<synthetic pointer>, trace_info=0x7fff48610c20, tstate=<optimized out>) at /usr/local/src/conda/python-3.10.12/Python/ceval.c:5893
#68 _PyEval_EvalFrameDefault (tstate=<optimized out>, f=0x7fb3d79f56c0, throwflag=<optimized out>) at /usr/local/src/conda/python-3.10.12/Python/ceval.c:4213
#69 0x000056256e3e199c in _PyEval_EvalFrame (throwflag=0, f=0x7fb3d79f56c0, tstate=0x56256e8cdcf0) at /usr/local/src/conda/python-3.10.12/Include/internal/pycore_ceval.h:46
#70 _PyEval_Vector (kwnames=<optimized out>, argcount=<optimized out>, args=<optimized out>, locals=0x0, con=0x7fb3d7b63380, tstate=0x56256e8cdcf0) at /usr/local/src/conda/python-3.10.12/Python/ceval.c:5067
#71 _PyFunction_Vectorcall (func=0x7fb3d7b63370, stack=<optimized out>, nargsf=<optimized out>, kwnames=<optimized out>) at /usr/local/src/conda/python-3.10.12/Objects/call.c:342
#72 0x000056256e3e1178 in _PyObject_VectorcallTstate (kwnames=0x0, nargsf=2, args=0x7fff48610d50, callable=0x7fb3d7b63370, tstate=0x56256e8cdcf0) at /usr/local/src/conda/python-3.10.12/Include/cpython/abstract.h:114
#73 object_vacall (tstate=tstate
entry=0x56256e8cdcf0, base=base
entry=0x0, callable=callable
entry=0x7fb3d7b63370, vargs=vargs
entry=0x7fff48610de0) at /usr/local/src/conda/python-3.10.12/Objects/call.c:734
#74 0x000056256e3ef35b in _PyObject_CallMethodIdObjArgs (obj=0x0, name=name
entry=0x56256e619b00 <PyId__find_and_load.6>) at /usr/local/src/conda/python-3.10.12/Objects/call.c:825
#75 0x000056256e311909 in import_find_and_load (abs_name=0x7fb3d78e6060, tstate=0x56256e8cdcf0) at /usr/local/src/conda/python-3.10.12/Python/import.c:1522
#76 PyImport_ImportModuleLevelObject (name=name
entry=0x7fb3d78f4370, globals=<optimized out>, locals=<optimized out>, fromlist=fromlist
entry=0x7fb3d78f3880, level=1) at /usr/local/src/conda/python-3.10.12/Python/import.c:1623
#77 0x000056256e3d5368 in import_name (level=0x7fb3d7b000f0, fromlist=0x7fb3d78f3880, name=0x7fb3d78f4370, f=0x7fb3d7969f10, tstate=<optimized out>) at /usr/local/src/conda/python-3.10.12/Python/ceval.c:6018
#78 _PyEval_EvalFrameDefault (tstate=<optimized out>, f=0x7fb3d7969f10, throwflag=<optimized out>) at /usr/local/src/conda/python-3.10.12/Python/ceval.c:3695
#79 0x000056256e474f90 in _PyEval_EvalFrame (throwflag=0, f=0x7fb3d7969f10, tstate=0x56256e8cdcf0) at /usr/local/src/conda/python-3.10.12/Include/internal/pycore_ceval.h:46
#80 _PyEval_Vector (tstate=tstate
entry=0x56256e8cdcf0, con=con
entry=0x7fff48611160, locals=locals
entry=0x7fb3d78ea600, args=args
entry=0x0, argcount=argcount
entry=0, kwnames=kwnames
entry=0x0) at /usr/local/src/conda/python-3.10.12/Python/ceval.c:5067
#81 0x000056256e474ed7 in PyEval_EvalCode (co=co
entry=0x7fb3d760d630, globals=globals
entry=0x7fb3d78ea600, locals=locals
entry=0x7fb3d78ea600) at /usr/local/src/conda/python-3.10.12/Python/ceval.c:1134
#82 0x000056256e47c0da in builtin_exec_impl (module=<optimized out>, locals=0x7fb3d78ea600, globals=0x7fb3d78ea600, source=0x7fb3d760d630) at /usr/local/src/conda/python-3.10.12/Python/bltinmodule.c:1058
#83 builtin_exec (module=<optimized out>, args=<optimized out>, nargs=<optimized out>) at /usr/local/src/conda/python-3.10.12/Python/clinic/bltinmodule.c.h:371
#84 0x000056256e3e1b63 in cfunction_vectorcall_FASTCALL (func=0x7fb3d7b98e00, args=0x7fb3d78f48d8, nargsf=<optimized out>, kwnames=<optimized out>) at /usr/local/src/conda/python-3.10.12/Objects/methodobject.c:430
#85 0x000056256e3d734b in do_call_core (kwdict=0x7fb3d78ea740, callargs=0x7fb3d78f48c0, func=0x7fb3d7b98e00, trace_info=0x7fff48611330, tstate=<optimized out>) at /usr/local/src/conda/python-3.10.12/Python/ceval.c:5917
#86 _PyEval_EvalFrameDefault (tstate=<optimized out>, f=0x7fb3d7bc74c0, throwflag=<optimized out>) at /usr/local/src/conda/python-3.10.12/Python/ceval.c:4277
#87 0x000056256e3e199c in _PyEval_EvalFrame (throwflag=0, f=0x7fb3d7bc74c0, tstate=0x56256e8cdcf0) at /usr/local/src/conda/python-3.10.12/Include/internal/pycore_ceval.h:46
#88 _PyEval_Vector (kwnames=<optimized out>, argcount=<optimized out>, args=<optimized out>, locals=0x0, con=0x7fb3d7b61520, tstate=0x56256e8cdcf0) at /usr/local/src/conda/python-3.10.12/Python/ceval.c:5067
#89 _PyFunction_Vectorcall (func=0x7fb3d7b61510, stack=<optimized out>, nargsf=<optimized out>, kwnames=<optimized out>) at /usr/local/src/conda/python-3.10.12/Objects/call.c:342
#90 0x000056256e3d6142 in _PyObject_VectorcallTstate (kwnames=0x0, nargsf=<optimized out>, args=0x7fb3d7bbe2b8, callable=0x7fb3d7b61510, tstate=0x56256e8cdcf0) at /usr/local/src/conda/python-3.10.12/Include/cpython/abstract.h:114
#91 PyObject_Vectorcall (kwnames=0x0, nargsf=<optimized out>, args=0x7fb3d7bbe2b8, callable=0x7fb3d7b61510) at /usr/local/src/conda/python-3.10.12/Include/cpython/abstract.h:123
#92 call_function (kwnames=0x0, oparg=<optimized out>, pp_stack=<synthetic pointer>, trace_info=0x7fff486114e0, tstate=<optimized out>) at /usr/local/src/conda/python-3.10.12/Python/ceval.c:5893
#93 _PyEval_EvalFrameDefault (tstate=<optimized out>, f=0x7fb3d7bbe130, throwflag=<optimized out>) at /usr/local/src/conda/python-3.10.12/Python/ceval.c:4181
#94 0x000056256e3e199c in _PyEval_EvalFrame (throwflag=0, f=0x7fb3d7bbe130, tstate=0x56256e8cdcf0) at /usr/local/src/conda/python-3.10.12/Include/internal/pycore_ceval.h:46
#95 _PyEval_Vector (kwnames=<optimized out>, argcount=<optimized out>, args=<optimized out>, locals=0x0, con=0x7fb3d7be5760, tstate=0x56256e8cdcf0) at /usr/local/src/conda/python-3.10.12/Python/ceval.c:5067
#96 _PyFunction_Vectorcall (func=0x7fb3d7be5750, stack=<optimized out>, nargsf=<optimized out>, kwnames=<optimized out>) at /usr/local/src/conda/python-3.10.12/Objects/call.c:342
#97 0x000056256e3d1c5c in _PyObject_VectorcallTstate (kwnames=0x0, nargsf=<optimized out>, args=0x7fb3d7acafc0, callable=0x7fb3d7be5750, tstate=0x56256e8cdcf0) at /usr/local/src/conda/python-3.10.12/Include/cpython/abstract.h:114
#98 PyObject_Vectorcall (kwnames=0x0, nargsf=<optimized out>, args=0x7fb3d7acafc0, callable=0x7fb3d7be5750) at /usr/local/src/conda/python-3.10.12/Include/cpython/abstract.h:123
#99 call_function (kwnames=0x0, oparg=<optimized out>, pp_stack=<synthetic pointer>, trace_info=0x7fff48611690, tstate=<optimized out>) at /usr/local/src/conda/python-3.10.12/Python/ceval.c:5893
#100 _PyEval_EvalFrameDefault (tstate=<optimized out>, f=0x7fb3d7acae40, throwflag=<optimized out>) at /usr/local/src/conda/python-3.10.12/Python/ceval.c:4198
#101 0x000056256e3e199c in _PyEval_EvalFrame (throwflag=0, f=0x7fb3d7acae40, tstate=0x56256e8cdcf0) at /usr/local/src/conda/python-3.10.12/Include/internal/pycore_ceval.h:46
#102 _PyEval_Vector (kwnames=<optimized out>, argcount=<optimized out>, args=<optimized out>, locals=0x0, con=0x7fb3d7b620f0, tstate=0x56256e8cdcf0) at /usr/local/src/conda/python-3.10.12/Python/ceval.c:5067
#103 _PyFunction_Vectorcall (func=0x7fb3d7b620e0, stack=<optimized out>, nargsf=<optimized out>, kwnames=<optimized out>) at /usr/local/src/conda/python-3.10.12/Objects/call.c:342
#104 0x000056256e3d1850 in _PyObject_VectorcallTstate (kwnames=0x0, nargsf=<optimized out>, args=0x7fb3d7aca3f0, callable=0x7fb3d7b620e0, tstate=0x56256e8cdcf0) at /usr/local/src/conda/python-3.10.12/Include/cpython/abstract.h:114
#105 PyObject_Vectorcall (kwnames=0x0, nargsf=<optimized out>, args=0x7fb3d7aca3f0, callable=0x7fb3d7b620e0) at /usr/local/src/conda/python-3.10.12/Include/cpython/abstract.h:123
#106 call_function (kwnames=0x0, oparg=<optimized out>, pp_stack=<synthetic pointer>, trace_info=0x7fff48611840, tstate=<optimized out>) at /usr/local/src/conda/python-3.10.12/Python/ceval.c:5893
#107 _PyEval_EvalFrameDefault (tstate=<optimized out>, f=0x7fb3d7aca240, throwflag=<optimized out>) at /usr/local/src/conda/python-3.10.12/Python/ceval.c:4213
#108 0x000056256e3e199c in _PyEval_EvalFrame (throwflag=0, f=0x7fb3d7aca240, tstate=0x56256e8cdcf0) at /usr/local/src/conda/python-3.10.12/Include/internal/pycore_ceval.h:46
#109 _PyEval_Vector (kwnames=<optimized out>, argcount=<optimized out>, args=<optimized out>, locals=0x0, con=0x7fb3d7b632f0, tstate=0x56256e8cdcf0) at /usr/local/src/conda/python-3.10.12/Python/ceval.c:5067
#110 _PyFunction_Vectorcall (func=0x7fb3d7b632e0, stack=<optimized out>, nargsf=<optimized out>, kwnames=<optimized out>) at /usr/local/src/conda/python-3.10.12/Objects/call.c:342
#111 0x000056256e3d1850 in _PyObject_VectorcallTstate (kwnames=0x0, nargsf=<optimized out>, args=0x7fb3d79f4950, callable=0x7fb3d7b632e0, tstate=0x56256e8cdcf0) at /usr/local/src/conda/python-3.10.12/Include/cpython/abstract.h:114
#112 PyObject_Vectorcall (kwnames=0x0, nargsf=<optimized out>, args=0x7fb3d79f4950, callable=0x7fb3d7b632e0) at /usr/local/src/conda/python-3.10.12/Include/cpython/abstract.h:123
#113 call_function (kwnames=0x0, oparg=<optimized out>, pp_stack=<synthetic pointer>, trace_info=0x7fff486119f0, tstate=<optimized out>) at /usr/local/src/conda/python-3.10.12/Python/ceval.c:5893
#114 _PyEval_EvalFrameDefault (tstate=<optimized out>, f=0x7fb3d79f47c0, throwflag=<optimized out>) at /usr/local/src/conda/python-3.10.12/Python/ceval.c:4213
#115 0x000056256e3e199c in _PyEval_EvalFrame (throwflag=0, f=0x7fb3d79f47c0, tstate=0x56256e8cdcf0) at /usr/local/src/conda/python-3.10.12/Include/internal/pycore_ceval.h:46
#116 _PyEval_Vector (kwnames=<optimized out>, argcount=<optimized out>, args=<optimized out>, locals=0x0, con=0x7fb3d7b63380, tstate=0x56256e8cdcf0) at /usr/local/src/conda/python-3.10.12/Python/ceval.c:5067
#117 _PyFunction_Vectorcall (func=0x7fb3d7b63370, stack=<optimized out>, nargsf=<optimized out>, kwnames=<optimized out>) at /usr/local/src/conda/python-3.10.12/Objects/call.c:342
#118 0x000056256e3e1178 in _PyObject_VectorcallTstate (kwnames=0x0, nargsf=2, args=0x7fff48611b20, callable=0x7fb3d7b63370, tstate=0x56256e8cdcf0) at /usr/local/src/conda/python-3.10.12/Include/cpython/abstract.h:114
#119 object_vacall (tstate=tstate
entry=0x56256e8cdcf0, base=base
entry=0x0, callable=callable
entry=0x7fb3d7b63370, vargs=vargs
entry=0x7fff48611bb0) at /usr/local/src/conda/python-3.10.12/Objects/call.c:734
#120 0x000056256e3ef35b in _PyObject_CallMethodIdObjArgs (obj=0x0, name=name
entry=0x56256e619b00 <PyId__find_and_load.6>) at /usr/local/src/conda/python-3.10.12/Objects/call.c:825
#121 0x000056256e311909 in import_find_and_load (abs_name=0x7fb3d78e95f0, tstate=0x56256e8cdcf0) at /usr/local/src/conda/python-3.10.12/Python/import.c:1522
#122 PyImport_ImportModuleLevelObject (name=name
entry=0x7fb3d78e95f0, globals=<optimized out>, locals=<optimized out>, fromlist=fromlist
entry=0x56256e6217e0 <_Py_NoneStruct>, level=0) at /usr/local/src/conda/python-3.10.12/Python/import.c:1623
#123 0x000056256e3d5368 in import_name (level=0x7fb3d7b000d0, fromlist=0x56256e6217e0 <_Py_NoneStruct>, name=0x7fb3d78e95f0, f=0x7fb3d7acaa40, tstate=<optimized out>) at /usr/local/src/conda/python-3.10.12/Python/ceval.c:6018
#124 _PyEval_EvalFrameDefault (tstate=<optimized out>, f=0x7fb3d7acaa40, throwflag=<optimized out>) at /usr/local/src/conda/python-3.10.12/Python/ceval.c:3695
#125 0x000056256e474f90 in _PyEval_EvalFrame (throwflag=0, f=0x7fb3d7acaa40, tstate=0x56256e8cdcf0) at /usr/local/src/conda/python-3.10.12/Include/internal/pycore_ceval.h:46
#126 _PyEval_Vector (tstate=tstate
entry=0x56256e8cdcf0, con=con
entry=0x7fff48611f30, locals=locals
entry=0x7fb3d7931080, args=args
entry=0x0, argcount=argcount
entry=0, kwnames=kwnames
entry=0x0) at /usr/local/src/conda/python-3.10.12/Python/ceval.c:5067
#127 0x000056256e474ed7 in PyEval_EvalCode (co=co
entry=0x7fb3d78da810, globals=globals
entry=0x7fb3d7931080, locals=locals
entry=0x7fb3d7931080) at /usr/local/src/conda/python-3.10.12/Python/ceval.c:1134
#128 0x000056256e47c0da in builtin_exec_impl (module=<optimized out>, locals=0x7fb3d7931080, globals=0x7fb3d7931080, source=0x7fb3d78da810) at /usr/local/src/conda/python-3.10.12/Python/bltinmodule.c:1058
#129 builtin_exec (module=<optimized out>, args=<optimized out>, nargs=<optimized out>) at /usr/local/src/conda/python-3.10.12/Python/clinic/bltinmodule.c.h:371
#130 0x000056256e3e1b63 in cfunction_vectorcall_FASTCALL (func=0x7fb3d7b98e00, args=0x7fb3d78e92d8, nargsf=<optimized out>, kwnames=<optimized out>) at /usr/local/src/conda/python-3.10.12/Objects/methodobject.c:430
#131 0x000056256e3d734b in do_call_core (kwdict=0x7fb3d78e9340, callargs=0x7fb3d78e92c0, func=0x7fb3d7b98e00, trace_info=0x7fff48612100, tstate=<optimized out>) at /usr/local/src/conda/python-3.10.12/Python/ceval.c:5917
#132 _PyEval_EvalFrameDefault (tstate=<optimized out>, f=0x7fb3d7962200, throwflag=<optimized out>) at /usr/local/src/conda/python-3.10.12/Python/ceval.c:4277
#133 0x000056256e3e199c in _PyEval_EvalFrame (throwflag=0, f=0x7fb3d7962200, tstate=0x56256e8cdcf0) at /usr/local/src/conda/python-3.10.12/Include/internal/pycore_ceval.h:46
#134 _PyEval_Vector (kwnames=<optimized out>, argcount=<optimized out>, args=<optimized out>, locals=0x0, con=0x7fb3d7b61520, tstate=0x56256e8cdcf0) at /usr/local/src/conda/python-3.10.12/Python/ceval.c:5067
#135 _PyFunction_Vectorcall (func=0x7fb3d7b61510, stack=<optimized out>, nargsf=<optimized out>, kwnames=<optimized out>) at /usr/local/src/conda/python-3.10.12/Objects/call.c:342
#136 0x000056256e3d6142 in _PyObject_VectorcallTstate (kwnames=0x0, nargsf=<optimized out>, args=0x7fb3d7958c48, callable=0x7fb3d7b61510, tstate=0x56256e8cdcf0) at /usr/local/src/conda/python-3.10.12/Include/cpython/abstract.h:114
#137 PyObject_Vectorcall (kwnames=0x0, nargsf=<optimized out>, args=0x7fb3d7958c48, callable=0x7fb3d7b61510) at /usr/local/src/conda/python-3.10.12/Include/cpython/abstract.h:123
#138 call_function (kwnames=0x0, oparg=<optimized out>, pp_stack=<synthetic pointer>, trace_info=0x7fff486122b0, tstate=<optimized out>) at /usr/local/src/conda/python-3.10.12/Python/ceval.c:5893
#139 _PyEval_EvalFrameDefault (tstate=<optimized out>, f=0x7fb3d7958ac0, throwflag=<optimized out>) at /usr/local/src/conda/python-3.10.12/Python/ceval.c:4181
#140 0x000056256e3e199c in _PyEval_EvalFrame (throwflag=0, f=0x7fb3d7958ac0, tstate=0x56256e8cdcf0) at /usr/local/src/conda/python-3.10.12/Include/internal/pycore_ceval.h:46
#141 _PyEval_Vector (kwnames=<optimized out>, argcount=<optimized out>, args=<optimized out>, locals=0x0, con=0x7fb3d7be5760, tstate=0x56256e8cdcf0) at /usr/local/src/conda/python-3.10.12/Python/ceval.c:5067
#142 _PyFunction_Vectorcall (func=0x7fb3d7be5750, stack=<optimized out>, nargsf=<optimized out>, kwnames=<optimized out>) at /usr/local/src/conda/python-3.10.12/Objects/call.c:342
#143 0x000056256e3d1c5c in _PyObject_VectorcallTstate (kwnames=0x0, nargsf=<optimized out>, args=0x7fb3d7bbf040, callable=0x7fb3d7be5750, tstate=0x56256e8cdcf0) at /usr/local/src/conda/python-3.10.12/Include/cpython/abstract.h:114
#144 PyObject_Vectorcall (kwnames=0x0, nargsf=<optimized out>, args=0x7fb3d7bbf040, callable=0x7fb3d7be5750) at /usr/local/src/conda/python-3.10.12/Include/cpython/abstract.h:123
#145 call_function (kwnames=0x0, oparg=<optimized out>, pp_stack=<synthetic pointer>, trace_info=0x7fff48612460, tstate=<optimized out>) at /usr/local/src/conda/python-3.10.12/Python/ceval.c:5893
#146 _PyEval_EvalFrameDefault (tstate=<optimized out>, f=0x7fb3d7bbeec0, throwflag=<optimized out>) at /usr/local/src/conda/python-3.10.12/Python/ceval.c:4198
#147 0x000056256e3e199c in _PyEval_EvalFrame (throwflag=0, f=0x7fb3d7bbeec0, tstate=0x56256e8cdcf0) at /usr/local/src/conda/python-3.10.12/Include/internal/pycore_ceval.h:46
#148 _PyEval_Vector (kwnames=<optimized out>, argcount=<optimized out>, args=<optimized out>, locals=0x0, con=0x7fb3d7b620f0, tstate=0x56256e8cdcf0) at /usr/local/src/conda/python-3.10.12/Python/ceval.c:5067
#149 _PyFunction_Vectorcall (func=0x7fb3d7b620e0, stack=<optimized out>, nargsf=<optimized out>, kwnames=<optimized out>) at /usr/local/src/conda/python-3.10.12/Objects/call.c:342
#150 0x000056256e3d1850 in _PyObject_VectorcallTstate (kwnames=0x0, nargsf=<optimized out>, args=0x7fb3d7aca5f0, callable=0x7fb3d7b620e0, tstate=0x56256e8cdcf0) at /usr/local/src/conda/python-3.10.12/Include/cpython/abstract.h:114
#151 PyObject_Vectorcall (kwnames=0x0, nargsf=<optimized out>, args=0x7fb3d7aca5f0, callable=0x7fb3d7b620e0) at /usr/local/src/conda/python-3.10.12/Include/cpython/abstract.h:123
#152 call_function (kwnames=0x0, oparg=<optimized out>, pp_stack=<synthetic pointer>, trace_info=0x7fff48612610, tstate=<optimized out>) at /usr/local/src/conda/python-3.10.12/Python/ceval.c:5893
#153 _PyEval_EvalFrameDefault (tstate=<optimized out>, f=0x7fb3d7aca440, throwflag=<optimized out>) at /usr/local/src/conda/python-3.10.12/Python/ceval.c:4213
#154 0x000056256e3e199c in _PyEval_EvalFrame (throwflag=0, f=0x7fb3d7aca440, tstate=0x56256e8cdcf0) at /usr/local/src/conda/python-3.10.12/Include/internal/pycore_ceval.h:46
#155 _PyEval_Vector (kwnames=<optimized out>, argcount=<optimized out>, args=<optimized out>, locals=0x0, con=0x7fb3d7b632f0, tstate=0x56256e8cdcf0) at /usr/local/src/conda/python-3.10.12/Python/ceval.c:5067
#156 _PyFunction_Vectorcall (func=0x7fb3d7b632e0, stack=<optimized out>, nargsf=<optimized out>, kwnames=<optimized out>) at /usr/local/src/conda/python-3.10.12/Objects/call.c:342
#157 0x000056256e3d1850 in _PyObject_VectorcallTstate (kwnames=0x0, nargsf=<optimized out>, args=0x7fb3d79f50d0, callable=0x7fb3d7b632e0, tstate=0x56256e8cdcf0) at /usr/local/src/conda/python-3.10.12/Include/cpython/abstract.h:114
#158 PyObject_Vectorcall (kwnames=0x0, nargsf=<optimized out>, args=0x7fb3d79f50d0, callable=0x7fb3d7b632e0) at /usr/local/src/conda/python-3.10.12/Include/cpython/abstract.h:123
#159 call_function (kwnames=0x0, oparg=<optimized out>, pp_stack=<synthetic pointer>, trace_info=0x7fff486127c0, tstate=<optimized out>) at /usr/local/src/conda/python-3.10.12/Python/ceval.c:5893
#160 _PyEval_EvalFrameDefault (tstate=<optimized out>, f=0x7fb3d79f4f40, throwflag=<optimized out>) at /usr/local/src/conda/python-3.10.12/Python/ceval.c:4213
#161 0x000056256e3e199c in _PyEval_EvalFrame (throwflag=0, f=0x7fb3d79f4f40, tstate=0x56256e8cdcf0) at /usr/local/src/conda/python-3.10.12/Include/internal/pycore_ceval.h:46
#162 _PyEval_Vector (kwnames=<optimized out>, argcount=<optimized out>, args=<optimized out>, locals=0x0, con=0x7fb3d7b63380, tstate=0x56256e8cdcf0) at /usr/local/src/conda/python-3.10.12/Python/ceval.c:5067
#163 _PyFunction_Vectorcall (func=0x7fb3d7b63370, stack=<optimized out>, nargsf=<optimized out>, kwnames=<optimized out>) at /usr/local/src/conda/python-3.10.12/Objects/call.c:342
#164 0x000056256e3e1178 in _PyObject_VectorcallTstate (kwnames=0x0, nargsf=2, args=0x7fff486128f0, callable=0x7fb3d7b63370, tstate=0x56256e8cdcf0) at /usr/local/src/conda/python-3.10.12/Include/cpython/abstract.h:114
#165 object_vacall (tstate=tstate
entry=0x56256e8cdcf0, base=base
entry=0x0, callable=callable
entry=0x7fb3d7b63370, vargs=vargs
entry=0x7fff48612980) at /usr/local/src/conda/python-3.10.12/Objects/call.c:734
#166 0x000056256e3ef35b in _PyObject_CallMethodIdObjArgs (obj=0x0, name=name
entry=0x56256e619b00 <PyId__find_and_load.6>) at /usr/local/src/conda/python-3.10.12/Objects/call.c:825
#167 0x000056256e311909 in import_find_and_load (abs_name=0x7fb3d7a9cd70, tstate=0x56256e8cdcf0) at /usr/local/src/conda/python-3.10.12/Python/import.c:1522
#168 PyImport_ImportModuleLevelObject (name=name
entry=0x7fb3d7a9cd70, globals=<optimized out>, locals=<optimized out>, fromlist=fromlist
entry=0x56256e6217e0 <_Py_NoneStruct>, level=0) at /usr/local/src/conda/python-3.10.12/Python/import.c:1623
#169 0x000056256e3d5368 in import_name (level=0x7fb3d7b000d0, fromlist=0x56256e6217e0 <_Py_NoneStruct>, name=0x7fb3d7a9cd70, f=0x7fb3d7b29c40, tstate=<optimized out>) at /usr/local/src/conda/python-3.10.12/Python/ceval.c:6018
#170 _PyEval_EvalFrameDefault (tstate=<optimized out>, f=0x7fb3d7b29c40, throwflag=<optimized out>) at /usr/local/src/conda/python-3.10.12/Python/ceval.c:3695
#171 0x000056256e474f90 in _PyEval_EvalFrame (throwflag=0, f=0x7fb3d7b29c40, tstate=0x56256e8cdcf0) at /usr/local/src/conda/python-3.10.12/Include/internal/pycore_ceval.h:46
#172 _PyEval_Vector (tstate=tstate
entry=0x56256e8cdcf0, con=con
entry=0x7fff48612d00, locals=locals
entry=0x7fb3d7a41dc0, args=args
entry=0x0, argcount=argcount
entry=0, kwnames=kwnames
entry=0x0) at /usr/local/src/conda/python-3.10.12/Python/ceval.c:5067
#173 0x000056256e474ed7 in PyEval_EvalCode (co=co
entry=0x7fb3d79043a0, globals=globals
entry=0x7fb3d7a41dc0, locals=locals
entry=0x7fb3d7a41dc0) at /usr/local/src/conda/python-3.10.12/Python/ceval.c:1134
#174 0x000056256e4a542a in run_eval_code_obj (tstate=tstate
entry=0x56256e8cdcf0, co=co
entry=0x7fb3d79043a0, globals=globals
entry=0x7fb3d7a41dc0, locals=locals
entry=0x7fb3d7a41dc0) at /usr/local/src/conda/python-3.10.12/Python/pythonrun.c:1291
#175 0x000056256e4a0833 in run_mod (mod=mod
entry=0x56256e9fa500, filename=filename
entry=0x7fb3d7919980, globals=globals
entry=0x7fb3d7a41dc0, locals=locals
entry=0x7fb3d7a41dc0, flags=flags
entry=0x7fff48612ee8, arena=arena
entry=0x7fb3d7bfe6f0) at /usr/local/src/conda/python-3.10.12/Python/pythonrun.c:1312
#176 0x000056256e3376cd in pyrun_file (fp=fp
entry=0x56256e8ad370, filename=filename
entry=0x7fb3d7919980, start=start
entry=257, globals=globals
entry=0x7fb3d7a41dc0, locals=locals
entry=0x7fb3d7a41dc0, closeit=closeit
entry=1, flags=0x7fff48612ee8) at /usr/local/src/conda/python-3.10.12/Python/pythonrun.c:1208
#177 0x000056256e49ad1e in _PyRun_SimpleFileObject (fp=0x56256e8ad370, filename=0x7fb3d7919980, closeit=1, flags=0x7fff48612ee8) at /usr/local/src/conda/python-3.10.12/Python/pythonrun.c:456
#178 0x000056256e49a8b4 in _PyRun_AnyFileObject (fp=0x56256e8ad370, filename=filename
entry=0x7fb3d7919980, closeit=closeit
entry=1, flags=flags
entry=0x7fff48612ee8) at /usr/local/src/conda/python-3.10.12/Python/pythonrun.c:90
#179 0x000056256e497aab in pymain_run_file_obj (skip_source_first_line=0, filename=0x7fb3d7919980, program_name=0x7fb3d7a54630) at /usr/local/src/conda/python-3.10.12/Modules/main.c:357
#180 pymain_run_file (config=0x56256e8b17b0) at /usr/local/src/conda/python-3.10.12/Modules/main.c:376
#181 pymain_run_python (exitcode=0x7fff48612ee4) at /usr/local/src/conda/python-3.10.12/Modules/main.c:591
#182 Py_RunMain () at /usr/local/src/conda/python-3.10.12/Modules/main.c:670
#183 0x000056256e468527 in Py_BytesMain (argc=<optimized out>, argv=<optimized out>) at /usr/local/src/conda/python-3.10.12/Modules/main.c:1090
#184 0x00007fb3d7c295d0 in __libc_start_call_main () from /lib64/libc.so.6
#185 0x00007fb3d7c29680 in __libc_start_main_impl () from /lib64/libc.so.6
#186 0x000056256e468421 in _start ()
===========================================================


The lines below might hint at the cause of the crash. If you see question
marks as part of the stack trace, try to recompile with debugging information
enabled and export CLING_DEBUG=1 environment variable before running.
You may get help by asking at the ROOT forum https://root.cern/forum
preferably using the command (.forum bug) in the ROOT prompt.
Only if you are really convinced it is a bug in ROOT then please submit a
report at https://root.cern/bugs or (preferably) using the command (.gh bug) in
the ROOT prompt. Please post the ENTIRE stack trace
from above as an attachment in addition to anything else
that might help us fixing this issue.
===========================================================
#6  _PyObject_IS_GC (obj=0x1) at /usr/local/src/conda/python-3.10.12/Include/internal/pycore_object.h:165
#7  visit_decref (op=0x1, parent=0x562570a13000) at /usr/local/src/conda/python-3.10.12/Modules/gcmodule.c:456
#8  0x000056256e3c5144 in subtract_refs (containers=<optimized out>) at /usr/local/src/conda/python-3.10.12/Modules/gcmodule.c:482
#9  deduce_unreachable (base=base
entry=0x56256e8b1680, unreachable=unreachable
entry=0x7fff4860f820) at /usr/local/src/conda/python-3.10.12/Modules/gcmodule.c:1105
#10 0x000056256e3c3e98 in gc_collect_main (tstate=tstate
entry=0x56256e8cdcf0, generation=generation
entry=0, n_collected=n_collected
entry=0x7fff4860f900, n_uncollectable=n_uncollectable
entry=0x7fff4860f8f8, nofail=nofail
entry=0) at /usr/local/src/conda/python-3.10.12/Modules/gcmodule.c:1239
#11 0x000056256e4714bb in gc_collect_with_callback (tstate=tstate
entry=0x56256e8cdcf0, generation=0) at /usr/local/src/conda/python-3.10.12/Modules/gcmodule.c:1413
#12 0x000056256e3b980b in gc_collect_generations (tstate=0x56256e8cdcf0) at /usr/local/src/conda/python-3.10.12/Modules/gcmodule.c:1468
#13 _PyObject_GC_Alloc (basicsize=<optimized out>, use_calloc=0) at /usr/local/src/conda/python-3.10.12/Modules/gcmodule.c:2297
#14 _PyObject_GC_Malloc (basicsize=<optimized out>) at /usr/local/src/conda/python-3.10.12/Modules/gcmodule.c:2307
#15 _PyObject_GC_New (tp=0x7fb3b93b65c0 <CPyCppyy::CPPOverload_Type>) at /usr/local/src/conda/python-3.10.12/Modules/gcmodule.c:2319
#16 0x00007fb3b9339790 in CPyCppyy::(anonymous namespace)::mp_new(_typeobject*, _object*, _object*) () from /cvmfs/sft.cern.ch/lcg/app/releases/ROOT/6.32.04/x86_64-almalinux9.4-gcc114-opt/lib/libcppyy.so
#17 0x00007fb3b93629e3 in CPyCppyy::BuildScopeProxyDict(unsigned long, _object*, unsigned int) () from /cvmfs/sft.cern.ch/lcg/app/releases/ROOT/6.32.04/x86_64-almalinux9.4-gcc114-opt/lib/libcppyy.so
#18 0x00007fb3b93651a3 in CPyCppyy::CreateScopeProxy(std::__cxx11::basic_string<char, std::char_traits<char>, std::allocator<char> > const&, _object*, unsigned int) () from /cvmfs/sft.cern.ch/lcg/app/releases/ROOT/6.32.04/x86_64-almalinux9.4-gcc114-opt/lib/libcppyy.so
#19 0x00007fb3b9365dc5 in CPyCppyy::CreateScopeProxy(unsigned long, unsigned int) () from /cvmfs/sft.cern.ch/lcg/app/releases/ROOT/6.32.04/x86_64-almalinux9.4-gcc114-opt/lib/libcppyy.so
#20 0x00007fb3b9365e26 in CPyCppyy::BindCppObjectNoCast(void*, unsigned long, unsigned int) () from /cvmfs/sft.cern.ch/lcg/app/releases/ROOT/6.32.04/x86_64-almalinux9.4-gcc114-opt/lib/libcppyy.so
#21 0x00007fb3b932e930 in CPyCppyy::dm_get(CPyCppyy::CPPDataMember*, CPyCppyy::CPPInstance*, _object*) () from /cvmfs/sft.cern.ch/lcg/app/releases/ROOT/6.32.04/x86_64-almalinux9.4-gcc114-opt/lib/libcppyy.so
#22 0x000056256e3d972a in type_getattro (type=<optimized out>, name=<optimized out>) at /usr/local/src/conda/python-3.10.12/Objects/typeobject.c:3923
#23 0x00007fb3b93410e3 in CPyCppyy::meta_getattro(_object*, _object*) () from /cvmfs/sft.cern.ch/lcg/app/releases/ROOT/6.32.04/x86_64-almalinux9.4-gcc114-opt/lib/libcppyy.so
#24 0x000056256e3deb92 in PyObject_GetAttr (v=v
entry=0x562570d6af70, name=0x7fb3d78f5e70) at /usr/local/src/conda/python-3.10.12/Objects/object.c:932
#25 0x000056256e3d5f03 in _PyEval_EvalFrameDefault (tstate=<optimized out>, f=0x56256e929040, throwflag=<optimized out>) at /usr/local/src/conda/python-3.10.12/Python/ceval.c:3592
#26 0x000056256e3e199c in _PyEval_EvalFrame (throwflag=0, f=0x56256e929040, tstate=0x56256e8cdcf0) at /usr/local/src/conda/python-3.10.12/Include/internal/pycore_ceval.h:46
#27 _PyEval_Vector (kwnames=<optimized out>, argcount=<optimized out>, args=<optimized out>, locals=0x0, con=0x7fb3d766e7b0, tstate=0x56256e8cdcf0) at /usr/local/src/conda/python-3.10.12/Python/ceval.c:5067
#28 _PyFunction_Vectorcall (func=0x7fb3d766e7a0, stack=<optimized out>, nargsf=<optimized out>, kwnames=<optimized out>) at /usr/local/src/conda/python-3.10.12/Objects/call.c:342
#29 0x000056256e3d1850 in _PyObject_VectorcallTstate (kwnames=0x0, nargsf=<optimized out>, args=0x7fb3d78a8d08, callable=0x7fb3d766e7a0, tstate=0x56256e8cdcf0) at /usr/local/src/conda/python-3.10.12/Include/cpython/abstract.h:114
#30 PyObject_Vectorcall (kwnames=0x0, nargsf=<optimized out>, args=0x7fb3d78a8d08, callable=0x7fb3d766e7a0) at /usr/local/src/conda/python-3.10.12/Include/cpython/abstract.h:123
#31 call_function (kwnames=0x0, oparg=<optimized out>, pp_stack=<synthetic pointer>, trace_info=0x7fff48610290, tstate=<optimized out>) at /usr/local/src/conda/python-3.10.12/Python/ceval.c:5893
#32 _PyEval_EvalFrameDefault (tstate=<optimized out>, f=0x7fb3d78a8ba0, throwflag=<optimized out>) at /usr/local/src/conda/python-3.10.12/Python/ceval.c:4213
#33 0x000056256e474f90 in _PyEval_EvalFrame (throwflag=0, f=0x7fb3d78a8ba0, tstate=0x56256e8cdcf0) at /usr/local/src/conda/python-3.10.12/Include/internal/pycore_ceval.h:46
#34 _PyEval_Vector (tstate=tstate
entry=0x56256e8cdcf0, con=con
entry=0x7fff48610390, locals=locals
entry=0x7fb3d7603f80, args=args
entry=0x0, argcount=argcount
entry=0, kwnames=kwnames
entry=0x0) at /usr/local/src/conda/python-3.10.12/Python/ceval.c:5067
#35 0x000056256e474ed7 in PyEval_EvalCode (co=co
entry=0x7fb3d75ef680, globals=globals
entry=0x7fb3d7603f80, locals=locals
entry=0x7fb3d7603f80) at /usr/local/src/conda/python-3.10.12/Python/ceval.c:1134
#36 0x000056256e47c0da in builtin_exec_impl (module=<optimized out>, locals=0x7fb3d7603f80, globals=0x7fb3d7603f80, source=0x7fb3d75ef680) at /usr/local/src/conda/python-3.10.12/Python/bltinmodule.c:1058
#37 builtin_exec (module=<optimized out>, args=<optimized out>, nargs=<optimized out>) at /usr/local/src/conda/python-3.10.12/Python/clinic/bltinmodule.c.h:371
#38 0x000056256e3e1b63 in cfunction_vectorcall_FASTCALL (func=0x7fb3d7b98e00, args=0x7fb3d7600e98, nargsf=<optimized out>, kwnames=<optimized out>) at /usr/local/src/conda/python-3.10.12/Objects/methodobject.c:430
#39 0x000056256e3d734b in do_call_core (kwdict=0x7fb3d75f0780, callargs=0x7fb3d7600e80, func=0x7fb3d7b98e00, trace_info=0x7fff48610560, tstate=<optimized out>) at /usr/local/src/conda/python-3.10.12/Python/ceval.c:5917
#40 _PyEval_EvalFrameDefault (tstate=<optimized out>, f=0x7fb3d79628c0, throwflag=<optimized out>) at /usr/local/src/conda/python-3.10.12/Python/ceval.c:4277
#41 0x000056256e3e199c in _PyEval_EvalFrame (throwflag=0, f=0x7fb3d79628c0, tstate=0x56256e8cdcf0) at /usr/local/src/conda/python-3.10.12/Include/internal/pycore_ceval.h:46
#42 _PyEval_Vector (kwnames=<optimized out>, argcount=<optimized out>, args=<optimized out>, locals=0x0, con=0x7fb3d7b61520, tstate=0x56256e8cdcf0) at /usr/local/src/conda/python-3.10.12/Python/ceval.c:5067
#43 _PyFunction_Vectorcall (func=0x7fb3d7b61510, stack=<optimized out>, nargsf=<optimized out>, kwnames=<optimized out>) at /usr/local/src/conda/python-3.10.12/Objects/call.c:342
#44 0x000056256e3d6142 in _PyObject_VectorcallTstate (kwnames=0x0, nargsf=<optimized out>, args=0x7fb3d7959c08, callable=0x7fb3d7b61510, tstate=0x56256e8cdcf0) at /usr/local/src/conda/python-3.10.12/Include/cpython/abstract.h:114
#45 PyObject_Vectorcall (kwnames=0x0, nargsf=<optimized out>, args=0x7fb3d7959c08, callable=0x7fb3d7b61510) at /usr/local/src/conda/python-3.10.12/Include/cpython/abstract.h:123
#46 call_function (kwnames=0x0, oparg=<optimized out>, pp_stack=<synthetic pointer>, trace_info=0x7fff48610710, tstate=<optimized out>) at /usr/local/src/conda/python-3.10.12/Python/ceval.c:5893
#47 _PyEval_EvalFrameDefault (tstate=<optimized out>, f=0x7fb3d7959a80, throwflag=<optimized out>) at /usr/local/src/conda/python-3.10.12/Python/ceval.c:4181
#48 0x000056256e3e199c in _PyEval_EvalFrame (throwflag=0, f=0x7fb3d7959a80, tstate=0x56256e8cdcf0) at /usr/local/src/conda/python-3.10.12/Include/internal/pycore_ceval.h:46
#49 _PyEval_Vector (kwnames=<optimized out>, argcount=<optimized out>, args=<optimized out>, locals=0x0, con=0x7fb3d7be5760, tstate=0x56256e8cdcf0) at /usr/local/src/conda/python-3.10.12/Python/ceval.c:5067
#50 _PyFunction_Vectorcall (func=0x7fb3d7be5750, stack=<optimized out>, nargsf=<optimized out>, kwnames=<optimized out>) at /usr/local/src/conda/python-3.10.12/Objects/call.c:342
#51 0x000056256e3d1c5c in _PyObject_VectorcallTstate (kwnames=0x0, nargsf=<optimized out>, args=0x7fb3d7bbfdd0, callable=0x7fb3d7be5750, tstate=0x56256e8cdcf0) at /usr/local/src/conda/python-3.10.12/Include/cpython/abstract.h:114
#52 PyObject_Vectorcall (kwnames=0x0, nargsf=<optimized out>, args=0x7fb3d7bbfdd0, callable=0x7fb3d7be5750) at /usr/local/src/conda/python-3.10.12/Include/cpython/abstract.h:123
#53 call_function (kwnames=0x0, oparg=<optimized out>, pp_stack=<synthetic pointer>, trace_info=0x7fff486108c0, tstate=<optimized out>) at /usr/local/src/conda/python-3.10.12/Python/ceval.c:5893
#54 _PyEval_EvalFrameDefault (tstate=<optimized out>, f=0x7fb3d7bbfc50, throwflag=<optimized out>) at /usr/local/src/conda/python-3.10.12/Python/ceval.c:4198
#55 0x000056256e3e199c in _PyEval_EvalFrame (throwflag=0, f=0x7fb3d7bbfc50, tstate=0x56256e8cdcf0) at /usr/local/src/conda/python-3.10.12/Include/internal/pycore_ceval.h:46
#56 _PyEval_Vector (kwnames=<optimized out>, argcount=<optimized out>, args=<optimized out>, locals=0x0, con=0x7fb3d7b620f0, tstate=0x56256e8cdcf0) at /usr/local/src/conda/python-3.10.12/Python/ceval.c:5067
#57 _PyFunction_Vectorcall (func=0x7fb3d7b620e0, stack=<optimized out>, nargsf=<optimized out>, kwnames=<optimized out>) at /usr/local/src/conda/python-3.10.12/Objects/call.c:342
#58 0x000056256e3d1850 in _PyObject_VectorcallTstate (kwnames=0x0, nargsf=<optimized out>, args=0x7fb3d76101f0, callable=0x7fb3d7b620e0, tstate=0x56256e8cdcf0) at /usr/local/src/conda/python-3.10.12/Include/cpython/abstract.h:114
#59 PyObject_Vectorcall (kwnames=0x0, nargsf=<optimized out>, args=0x7fb3d76101f0, callable=0x7fb3d7b620e0) at /usr/local/src/conda/python-3.10.12/Include/cpython/abstract.h:123
#60 call_function (kwnames=0x0, oparg=<optimized out>, pp_stack=<synthetic pointer>, trace_info=0x7fff48610a70, tstate=<optimized out>) at /usr/local/src/conda/python-3.10.12/Python/ceval.c:5893
#61 _PyEval_EvalFrameDefault (tstate=<optimized out>, f=0x7fb3d7610040, throwflag=<optimized out>) at /usr/local/src/conda/python-3.10.12/Python/ceval.c:4213
#62 0x000056256e3e199c in _PyEval_EvalFrame (throwflag=0, f=0x7fb3d7610040, tstate=0x56256e8cdcf0) at /usr/local/src/conda/python-3.10.12/Include/internal/pycore_ceval.h:46
#63 _PyEval_Vector (kwnames=<optimized out>, argcount=<optimized out>, args=<optimized out>, locals=0x0, con=0x7fb3d7b632f0, tstate=0x56256e8cdcf0) at /usr/local/src/conda/python-3.10.12/Python/ceval.c:5067
#64 _PyFunction_Vectorcall (func=0x7fb3d7b632e0, stack=<optimized out>, nargsf=<optimized out>, kwnames=<optimized out>) at /usr/local/src/conda/python-3.10.12/Objects/call.c:342
#65 0x000056256e3d1850 in _PyObject_VectorcallTstate (kwnames=0x0, nargsf=<optimized out>, args=0x7fb3d79f5850, callable=0x7fb3d7b632e0, tstate=0x56256e8cdcf0) at /usr/local/src/conda/python-3.10.12/Include/cpython/abstract.h:114
#66 PyObject_Vectorcall (kwnames=0x0, nargsf=<optimized out>, args=0x7fb3d79f5850, callable=0x7fb3d7b632e0) at /usr/local/src/conda/python-3.10.12/Include/cpython/abstract.h:123
#67 call_function (kwnames=0x0, oparg=<optimized out>, pp_stack=<synthetic pointer>, trace_info=0x7fff48610c20, tstate=<optimized out>) at /usr/local/src/conda/python-3.10.12/Python/ceval.c:5893
#68 _PyEval_EvalFrameDefault (tstate=<optimized out>, f=0x7fb3d79f56c0, throwflag=<optimized out>) at /usr/local/src/conda/python-3.10.12/Python/ceval.c:4213
#69 0x000056256e3e199c in _PyEval_EvalFrame (throwflag=0, f=0x7fb3d79f56c0, tstate=0x56256e8cdcf0) at /usr/local/src/conda/python-3.10.12/Include/internal/pycore_ceval.h:46
#70 _PyEval_Vector (kwnames=<optimized out>, argcount=<optimized out>, args=<optimized out>, locals=0x0, con=0x7fb3d7b63380, tstate=0x56256e8cdcf0) at /usr/local/src/conda/python-3.10.12/Python/ceval.c:5067
#71 _PyFunction_Vectorcall (func=0x7fb3d7b63370, stack=<optimized out>, nargsf=<optimized out>, kwnames=<optimized out>) at /usr/local/src/conda/python-3.10.12/Objects/call.c:342
#72 0x000056256e3e1178 in _PyObject_VectorcallTstate (kwnames=0x0, nargsf=2, args=0x7fff48610d50, callable=0x7fb3d7b63370, tstate=0x56256e8cdcf0) at /usr/local/src/conda/python-3.10.12/Include/cpython/abstract.h:114
#73 object_vacall (tstate=tstate
entry=0x56256e8cdcf0, base=base
entry=0x0, callable=callable
entry=0x7fb3d7b63370, vargs=vargs
entry=0x7fff48610de0) at /usr/local/src/conda/python-3.10.12/Objects/call.c:734
#74 0x000056256e3ef35b in _PyObject_CallMethodIdObjArgs (obj=0x0, name=name
entry=0x56256e619b00 <PyId__find_and_load.6>) at /usr/local/src/conda/python-3.10.12/Objects/call.c:825
#75 0x000056256e311909 in import_find_and_load (abs_name=0x7fb3d78e6060, tstate=0x56256e8cdcf0) at /usr/local/src/conda/python-3.10.12/Python/import.c:1522
#76 PyImport_ImportModuleLevelObject (name=name
entry=0x7fb3d78f4370, globals=<optimized out>, locals=<optimized out>, fromlist=fromlist
entry=0x7fb3d78f3880, level=1) at /usr/local/src/conda/python-3.10.12/Python/import.c:1623
#77 0x000056256e3d5368 in import_name (level=0x7fb3d7b000f0, fromlist=0x7fb3d78f3880, name=0x7fb3d78f4370, f=0x7fb3d7969f10, tstate=<optimized out>) at /usr/local/src/conda/python-3.10.12/Python/ceval.c:6018
#78 _PyEval_EvalFrameDefault (tstate=<optimized out>, f=0x7fb3d7969f10, throwflag=<optimized out>) at /usr/local/src/conda/python-3.10.12/Python/ceval.c:3695
#79 0x000056256e474f90 in _PyEval_EvalFrame (throwflag=0, f=0x7fb3d7969f10, tstate=0x56256e8cdcf0) at /usr/local/src/conda/python-3.10.12/Include/internal/pycore_ceval.h:46
#80 _PyEval_Vector (tstate=tstate
entry=0x56256e8cdcf0, con=con
entry=0x7fff48611160, locals=locals
entry=0x7fb3d78ea600, args=args
entry=0x0, argcount=argcount
entry=0, kwnames=kwnames
entry=0x0) at /usr/local/src/conda/python-3.10.12/Python/ceval.c:5067
#81 0x000056256e474ed7 in PyEval_EvalCode (co=co
entry=0x7fb3d760d630, globals=globals
entry=0x7fb3d78ea600, locals=locals
entry=0x7fb3d78ea600) at /usr/local/src/conda/python-3.10.12/Python/ceval.c:1134
#82 0x000056256e47c0da in builtin_exec_impl (module=<optimized out>, locals=0x7fb3d78ea600, globals=0x7fb3d78ea600, source=0x7fb3d760d630) at /usr/local/src/conda/python-3.10.12/Python/bltinmodule.c:1058
#83 builtin_exec (module=<optimized out>, args=<optimized out>, nargs=<optimized out>) at /usr/local/src/conda/python-3.10.12/Python/clinic/bltinmodule.c.h:371
#84 0x000056256e3e1b63 in cfunction_vectorcall_FASTCALL (func=0x7fb3d7b98e00, args=0x7fb3d78f48d8, nargsf=<optimized out>, kwnames=<optimized out>) at /usr/local/src/conda/python-3.10.12/Objects/methodobject.c:430
#85 0x000056256e3d734b in do_call_core (kwdict=0x7fb3d78ea740, callargs=0x7fb3d78f48c0, func=0x7fb3d7b98e00, trace_info=0x7fff48611330, tstate=<optimized out>) at /usr/local/src/conda/python-3.10.12/Python/ceval.c:5917
#86 _PyEval_EvalFrameDefault (tstate=<optimized out>, f=0x7fb3d7bc74c0, throwflag=<optimized out>) at /usr/local/src/conda/python-3.10.12/Python/ceval.c:4277
#87 0x000056256e3e199c in _PyEval_EvalFrame (throwflag=0, f=0x7fb3d7bc74c0, tstate=0x56256e8cdcf0) at /usr/local/src/conda/python-3.10.12/Include/internal/pycore_ceval.h:46
#88 _PyEval_Vector (kwnames=<optimized out>, argcount=<optimized out>, args=<optimized out>, locals=0x0, con=0x7fb3d7b61520, tstate=0x56256e8cdcf0) at /usr/local/src/conda/python-3.10.12/Python/ceval.c:5067
#89 _PyFunction_Vectorcall (func=0x7fb3d7b61510, stack=<optimized out>, nargsf=<optimized out>, kwnames=<optimized out>) at /usr/local/src/conda/python-3.10.12/Objects/call.c:342
#90 0x000056256e3d6142 in _PyObject_VectorcallTstate (kwnames=0x0, nargsf=<optimized out>, args=0x7fb3d7bbe2b8, callable=0x7fb3d7b61510, tstate=0x56256e8cdcf0) at /usr/local/src/conda/python-3.10.12/Include/cpython/abstract.h:114
#91 PyObject_Vectorcall (kwnames=0x0, nargsf=<optimized out>, args=0x7fb3d7bbe2b8, callable=0x7fb3d7b61510) at /usr/local/src/conda/python-3.10.12/Include/cpython/abstract.h:123
#92 call_function (kwnames=0x0, oparg=<optimized out>, pp_stack=<synthetic pointer>, trace_info=0x7fff486114e0, tstate=<optimized out>) at /usr/local/src/conda/python-3.10.12/Python/ceval.c:5893
#93 _PyEval_EvalFrameDefault (tstate=<optimized out>, f=0x7fb3d7bbe130, throwflag=<optimized out>) at /usr/local/src/conda/python-3.10.12/Python/ceval.c:4181
#94 0x000056256e3e199c in _PyEval_EvalFrame (throwflag=0, f=0x7fb3d7bbe130, tstate=0x56256e8cdcf0) at /usr/local/src/conda/python-3.10.12/Include/internal/pycore_ceval.h:46
#95 _PyEval_Vector (kwnames=<optimized out>, argcount=<optimized out>, args=<optimized out>, locals=0x0, con=0x7fb3d7be5760, tstate=0x56256e8cdcf0) at /usr/local/src/conda/python-3.10.12/Python/ceval.c:5067
#96 _PyFunction_Vectorcall (func=0x7fb3d7be5750, stack=<optimized out>, nargsf=<optimized out>, kwnames=<optimized out>) at /usr/local/src/conda/python-3.10.12/Objects/call.c:342
#97 0x000056256e3d1c5c in _PyObject_VectorcallTstate (kwnames=0x0, nargsf=<optimized out>, args=0x7fb3d7acafc0, callable=0x7fb3d7be5750, tstate=0x56256e8cdcf0) at /usr/local/src/conda/python-3.10.12/Include/cpython/abstract.h:114
#98 PyObject_Vectorcall (kwnames=0x0, nargsf=<optimized out>, args=0x7fb3d7acafc0, callable=0x7fb3d7be5750) at /usr/local/src/conda/python-3.10.12/Include/cpython/abstract.h:123
#99 call_function (kwnames=0x0, oparg=<optimized out>, pp_stack=<synthetic pointer>, trace_info=0x7fff48611690, tstate=<optimized out>) at /usr/local/src/conda/python-3.10.12/Python/ceval.c:5893
#100 _PyEval_EvalFrameDefault (tstate=<optimized out>, f=0x7fb3d7acae40, throwflag=<optimized out>) at /usr/local/src/conda/python-3.10.12/Python/ceval.c:4198
#101 0x000056256e3e199c in _PyEval_EvalFrame (throwflag=0, f=0x7fb3d7acae40, tstate=0x56256e8cdcf0) at /usr/local/src/conda/python-3.10.12/Include/internal/pycore_ceval.h:46
#102 _PyEval_Vector (kwnames=<optimized out>, argcount=<optimized out>, args=<optimized out>, locals=0x0, con=0x7fb3d7b620f0, tstate=0x56256e8cdcf0) at /usr/local/src/conda/python-3.10.12/Python/ceval.c:5067
#103 _PyFunction_Vectorcall (func=0x7fb3d7b620e0, stack=<optimized out>, nargsf=<optimized out>, kwnames=<optimized out>) at /usr/local/src/conda/python-3.10.12/Objects/call.c:342
#104 0x000056256e3d1850 in _PyObject_VectorcallTstate (kwnames=0x0, nargsf=<optimized out>, args=0x7fb3d7aca3f0, callable=0x7fb3d7b620e0, tstate=0x56256e8cdcf0) at /usr/local/src/conda/python-3.10.12/Include/cpython/abstract.h:114
#105 PyObject_Vectorcall (kwnames=0x0, nargsf=<optimized out>, args=0x7fb3d7aca3f0, callable=0x7fb3d7b620e0) at /usr/local/src/conda/python-3.10.12/Include/cpython/abstract.h:123
#106 call_function (kwnames=0x0, oparg=<optimized out>, pp_stack=<synthetic pointer>, trace_info=0x7fff48611840, tstate=<optimized out>) at /usr/local/src/conda/python-3.10.12/Python/ceval.c:5893
#107 _PyEval_EvalFrameDefault (tstate=<optimized out>, f=0x7fb3d7aca240, throwflag=<optimized out>) at /usr/local/src/conda/python-3.10.12/Python/ceval.c:4213
#108 0x000056256e3e199c in _PyEval_EvalFrame (throwflag=0, f=0x7fb3d7aca240, tstate=0x56256e8cdcf0) at /usr/local/src/conda/python-3.10.12/Include/internal/pycore_ceval.h:46
#109 _PyEval_Vector (kwnames=<optimized out>, argcount=<optimized out>, args=<optimized out>, locals=0x0, con=0x7fb3d7b632f0, tstate=0x56256e8cdcf0) at /usr/local/src/conda/python-3.10.12/Python/ceval.c:5067
#110 _PyFunction_Vectorcall (func=0x7fb3d7b632e0, stack=<optimized out>, nargsf=<optimized out>, kwnames=<optimized out>) at /usr/local/src/conda/python-3.10.12/Objects/call.c:342
#111 0x000056256e3d1850 in _PyObject_VectorcallTstate (kwnames=0x0, nargsf=<optimized out>, args=0x7fb3d79f4950, callable=0x7fb3d7b632e0, tstate=0x56256e8cdcf0) at /usr/local/src/conda/python-3.10.12/Include/cpython/abstract.h:114
#112 PyObject_Vectorcall (kwnames=0x0, nargsf=<optimized out>, args=0x7fb3d79f4950, callable=0x7fb3d7b632e0) at /usr/local/src/conda/python-3.10.12/Include/cpython/abstract.h:123
#113 call_function (kwnames=0x0, oparg=<optimized out>, pp_stack=<synthetic pointer>, trace_info=0x7fff486119f0, tstate=<optimized out>) at /usr/local/src/conda/python-3.10.12/Python/ceval.c:5893
#114 _PyEval_EvalFrameDefault (tstate=<optimized out>, f=0x7fb3d79f47c0, throwflag=<optimized out>) at /usr/local/src/conda/python-3.10.12/Python/ceval.c:4213
#115 0x000056256e3e199c in _PyEval_EvalFrame (throwflag=0, f=0x7fb3d79f47c0, tstate=0x56256e8cdcf0) at /usr/local/src/conda/python-3.10.12/Include/internal/pycore_ceval.h:46
#116 _PyEval_Vector (kwnames=<optimized out>, argcount=<optimized out>, args=<optimized out>, locals=0x0, con=0x7fb3d7b63380, tstate=0x56256e8cdcf0) at /usr/local/src/conda/python-3.10.12/Python/ceval.c:5067
#117 _PyFunction_Vectorcall (func=0x7fb3d7b63370, stack=<optimized out>, nargsf=<optimized out>, kwnames=<optimized out>) at /usr/local/src/conda/python-3.10.12/Objects/call.c:342
#118 0x000056256e3e1178 in _PyObject_VectorcallTstate (kwnames=0x0, nargsf=2, args=0x7fff48611b20, callable=0x7fb3d7b63370, tstate=0x56256e8cdcf0) at /usr/local/src/conda/python-3.10.12/Include/cpython/abstract.h:114
#119 object_vacall (tstate=tstate
entry=0x56256e8cdcf0, base=base
entry=0x0, callable=callable
entry=0x7fb3d7b63370, vargs=vargs
entry=0x7fff48611bb0) at /usr/local/src/conda/python-3.10.12/Objects/call.c:734
#120 0x000056256e3ef35b in _PyObject_CallMethodIdObjArgs (obj=0x0, name=name
entry=0x56256e619b00 <PyId__find_and_load.6>) at /usr/local/src/conda/python-3.10.12/Objects/call.c:825
#121 0x000056256e311909 in import_find_and_load (abs_name=0x7fb3d78e95f0, tstate=0x56256e8cdcf0) at /usr/local/src/conda/python-3.10.12/Python/import.c:1522
#122 PyImport_ImportModuleLevelObject (name=name
entry=0x7fb3d78e95f0, globals=<optimized out>, locals=<optimized out>, fromlist=fromlist
entry=0x56256e6217e0 <_Py_NoneStruct>, level=0) at /usr/local/src/conda/python-3.10.12/Python/import.c:1623
#123 0x000056256e3d5368 in import_name (level=0x7fb3d7b000d0, fromlist=0x56256e6217e0 <_Py_NoneStruct>, name=0x7fb3d78e95f0, f=0x7fb3d7acaa40, tstate=<optimized out>) at /usr/local/src/conda/python-3.10.12/Python/ceval.c:6018
#124 _PyEval_EvalFrameDefault (tstate=<optimized out>, f=0x7fb3d7acaa40, throwflag=<optimized out>) at /usr/local/src/conda/python-3.10.12/Python/ceval.c:3695
#125 0x000056256e474f90 in _PyEval_EvalFrame (throwflag=0, f=0x7fb3d7acaa40, tstate=0x56256e8cdcf0) at /usr/local/src/conda/python-3.10.12/Include/internal/pycore_ceval.h:46
#126 _PyEval_Vector (tstate=tstate
entry=0x56256e8cdcf0, con=con
entry=0x7fff48611f30, locals=locals
entry=0x7fb3d7931080, args=args
entry=0x0, argcount=argcount
entry=0, kwnames=kwnames
entry=0x0) at /usr/local/src/conda/python-3.10.12/Python/ceval.c:5067
#127 0x000056256e474ed7 in PyEval_EvalCode (co=co
entry=0x7fb3d78da810, globals=globals
entry=0x7fb3d7931080, locals=locals
entry=0x7fb3d7931080) at /usr/local/src/conda/python-3.10.12/Python/ceval.c:1134
#128 0x000056256e47c0da in builtin_exec_impl (module=<optimized out>, locals=0x7fb3d7931080, globals=0x7fb3d7931080, source=0x7fb3d78da810) at /usr/local/src/conda/python-3.10.12/Python/bltinmodule.c:1058
#129 builtin_exec (module=<optimized out>, args=<optimized out>, nargs=<optimized out>) at /usr/local/src/conda/python-3.10.12/Python/clinic/bltinmodule.c.h:371
#130 0x000056256e3e1b63 in cfunction_vectorcall_FASTCALL (func=0x7fb3d7b98e00, args=0x7fb3d78e92d8, nargsf=<optimized out>, kwnames=<optimized out>) at /usr/local/src/conda/python-3.10.12/Objects/methodobject.c:430
#131 0x000056256e3d734b in do_call_core (kwdict=0x7fb3d78e9340, callargs=0x7fb3d78e92c0, func=0x7fb3d7b98e00, trace_info=0x7fff48612100, tstate=<optimized out>) at /usr/local/src/conda/python-3.10.12/Python/ceval.c:5917
#132 _PyEval_EvalFrameDefault (tstate=<optimized out>, f=0x7fb3d7962200, throwflag=<optimized out>) at /usr/local/src/conda/python-3.10.12/Python/ceval.c:4277
#133 0x000056256e3e199c in _PyEval_EvalFrame (throwflag=0, f=0x7fb3d7962200, tstate=0x56256e8cdcf0) at /usr/local/src/conda/python-3.10.12/Include/internal/pycore_ceval.h:46
#134 _PyEval_Vector (kwnames=<optimized out>, argcount=<optimized out>, args=<optimized out>, locals=0x0, con=0x7fb3d7b61520, tstate=0x56256e8cdcf0) at /usr/local/src/conda/python-3.10.12/Python/ceval.c:5067
#135 _PyFunction_Vectorcall (func=0x7fb3d7b61510, stack=<optimized out>, nargsf=<optimized out>, kwnames=<optimized out>) at /usr/local/src/conda/python-3.10.12/Objects/call.c:342
#136 0x000056256e3d6142 in _PyObject_VectorcallTstate (kwnames=0x0, nargsf=<optimized out>, args=0x7fb3d7958c48, callable=0x7fb3d7b61510, tstate=0x56256e8cdcf0) at /usr/local/src/conda/python-3.10.12/Include/cpython/abstract.h:114
#137 PyObject_Vectorcall (kwnames=0x0, nargsf=<optimized out>, args=0x7fb3d7958c48, callable=0x7fb3d7b61510) at /usr/local/src/conda/python-3.10.12/Include/cpython/abstract.h:123
#138 call_function (kwnames=0x0, oparg=<optimized out>, pp_stack=<synthetic pointer>, trace_info=0x7fff486122b0, tstate=<optimized out>) at /usr/local/src/conda/python-3.10.12/Python/ceval.c:5893
#139 _PyEval_EvalFrameDefault (tstate=<optimized out>, f=0x7fb3d7958ac0, throwflag=<optimized out>) at /usr/local/src/conda/python-3.10.12/Python/ceval.c:4181
#140 0x000056256e3e199c in _PyEval_EvalFrame (throwflag=0, f=0x7fb3d7958ac0, tstate=0x56256e8cdcf0) at /usr/local/src/conda/python-3.10.12/Include/internal/pycore_ceval.h:46
#141 _PyEval_Vector (kwnames=<optimized out>, argcount=<optimized out>, args=<optimized out>, locals=0x0, con=0x7fb3d7be5760, tstate=0x56256e8cdcf0) at /usr/local/src/conda/python-3.10.12/Python/ceval.c:5067
#142 _PyFunction_Vectorcall (func=0x7fb3d7be5750, stack=<optimized out>, nargsf=<optimized out>, kwnames=<optimized out>) at /usr/local/src/conda/python-3.10.12/Objects/call.c:342
#143 0x000056256e3d1c5c in _PyObject_VectorcallTstate (kwnames=0x0, nargsf=<optimized out>, args=0x7fb3d7bbf040, callable=0x7fb3d7be5750, tstate=0x56256e8cdcf0) at /usr/local/src/conda/python-3.10.12/Include/cpython/abstract.h:114
#144 PyObject_Vectorcall (kwnames=0x0, nargsf=<optimized out>, args=0x7fb3d7bbf040, callable=0x7fb3d7be5750) at /usr/local/src/conda/python-3.10.12/Include/cpython/abstract.h:123
#145 call_function (kwnames=0x0, oparg=<optimized out>, pp_stack=<synthetic pointer>, trace_info=0x7fff48612460, tstate=<optimized out>) at /usr/local/src/conda/python-3.10.12/Python/ceval.c:5893
#146 _PyEval_EvalFrameDefault (tstate=<optimized out>, f=0x7fb3d7bbeec0, throwflag=<optimized out>) at /usr/local/src/conda/python-3.10.12/Python/ceval.c:4198
#147 0x000056256e3e199c in _PyEval_EvalFrame (throwflag=0, f=0x7fb3d7bbeec0, tstate=0x56256e8cdcf0) at /usr/local/src/conda/python-3.10.12/Include/internal/pycore_ceval.h:46
#148 _PyEval_Vector (kwnames=<optimized out>, argcount=<optimized out>, args=<optimized out>, locals=0x0, con=0x7fb3d7b620f0, tstate=0x56256e8cdcf0) at /usr/local/src/conda/python-3.10.12/Python/ceval.c:5067
#149 _PyFunction_Vectorcall (func=0x7fb3d7b620e0, stack=<optimized out>, nargsf=<optimized out>, kwnames=<optimized out>) at /usr/local/src/conda/python-3.10.12/Objects/call.c:342
#150 0x000056256e3d1850 in _PyObject_VectorcallTstate (kwnames=0x0, nargsf=<optimized out>, args=0x7fb3d7aca5f0, callable=0x7fb3d7b620e0, tstate=0x56256e8cdcf0) at /usr/local/src/conda/python-3.10.12/Include/cpython/abstract.h:114
#151 PyObject_Vectorcall (kwnames=0x0, nargsf=<optimized out>, args=0x7fb3d7aca5f0, callable=0x7fb3d7b620e0) at /usr/local/src/conda/python-3.10.12/Include/cpython/abstract.h:123
#152 call_function (kwnames=0x0, oparg=<optimized out>, pp_stack=<synthetic pointer>, trace_info=0x7fff48612610, tstate=<optimized out>) at /usr/local/src/conda/python-3.10.12/Python/ceval.c:5893
#153 _PyEval_EvalFrameDefault (tstate=<optimized out>, f=0x7fb3d7aca440, throwflag=<optimized out>) at /usr/local/src/conda/python-3.10.12/Python/ceval.c:4213
#154 0x000056256e3e199c in _PyEval_EvalFrame (throwflag=0, f=0x7fb3d7aca440, tstate=0x56256e8cdcf0) at /usr/local/src/conda/python-3.10.12/Include/internal/pycore_ceval.h:46
#155 _PyEval_Vector (kwnames=<optimized out>, argcount=<optimized out>, args=<optimized out>, locals=0x0, con=0x7fb3d7b632f0, tstate=0x56256e8cdcf0) at /usr/local/src/conda/python-3.10.12/Python/ceval.c:5067
#156 _PyFunction_Vectorcall (func=0x7fb3d7b632e0, stack=<optimized out>, nargsf=<optimized out>, kwnames=<optimized out>) at /usr/local/src/conda/python-3.10.12/Objects/call.c:342
#157 0x000056256e3d1850 in _PyObject_VectorcallTstate (kwnames=0x0, nargsf=<optimized out>, args=0x7fb3d79f50d0, callable=0x7fb3d7b632e0, tstate=0x56256e8cdcf0) at /usr/local/src/conda/python-3.10.12/Include/cpython/abstract.h:114
#158 PyObject_Vectorcall (kwnames=0x0, nargsf=<optimized out>, args=0x7fb3d79f50d0, callable=0x7fb3d7b632e0) at /usr/local/src/conda/python-3.10.12/Include/cpython/abstract.h:123
#159 call_function (kwnames=0x0, oparg=<optimized out>, pp_stack=<synthetic pointer>, trace_info=0x7fff486127c0, tstate=<optimized out>) at /usr/local/src/conda/python-3.10.12/Python/ceval.c:5893
#160 _PyEval_EvalFrameDefault (tstate=<optimized out>, f=0x7fb3d79f4f40, throwflag=<optimized out>) at /usr/local/src/conda/python-3.10.12/Python/ceval.c:4213
#161 0x000056256e3e199c in _PyEval_EvalFrame (throwflag=0, f=0x7fb3d79f4f40, tstate=0x56256e8cdcf0) at /usr/local/src/conda/python-3.10.12/Include/internal/pycore_ceval.h:46
#162 _PyEval_Vector (kwnames=<optimized out>, argcount=<optimized out>, args=<optimized out>, locals=0x0, con=0x7fb3d7b63380, tstate=0x56256e8cdcf0) at /usr/local/src/conda/python-3.10.12/Python/ceval.c:5067
#163 _PyFunction_Vectorcall (func=0x7fb3d7b63370, stack=<optimized out>, nargsf=<optimized out>, kwnames=<optimized out>) at /usr/local/src/conda/python-3.10.12/Objects/call.c:342
#164 0x000056256e3e1178 in _PyObject_VectorcallTstate (kwnames=0x0, nargsf=2, args=0x7fff486128f0, callable=0x7fb3d7b63370, tstate=0x56256e8cdcf0) at /usr/local/src/conda/python-3.10.12/Include/cpython/abstract.h:114
#165 object_vacall (tstate=tstate
entry=0x56256e8cdcf0, base=base
entry=0x0, callable=callable
entry=0x7fb3d7b63370, vargs=vargs
entry=0x7fff48612980) at /usr/local/src/conda/python-3.10.12/Objects/call.c:734
#166 0x000056256e3ef35b in _PyObject_CallMethodIdObjArgs (obj=0x0, name=name
entry=0x56256e619b00 <PyId__find_and_load.6>) at /usr/local/src/conda/python-3.10.12/Objects/call.c:825
#167 0x000056256e311909 in import_find_and_load (abs_name=0x7fb3d7a9cd70, tstate=0x56256e8cdcf0) at /usr/local/src/conda/python-3.10.12/Python/import.c:1522
#168 PyImport_ImportModuleLevelObject (name=name
entry=0x7fb3d7a9cd70, globals=<optimized out>, locals=<optimized out>, fromlist=fromlist
entry=0x56256e6217e0 <_Py_NoneStruct>, level=0) at /usr/local/src/conda/python-3.10.12/Python/import.c:1623
#169 0x000056256e3d5368 in import_name (level=0x7fb3d7b000d0, fromlist=0x56256e6217e0 <_Py_NoneStruct>, name=0x7fb3d7a9cd70, f=0x7fb3d7b29c40, tstate=<optimized out>) at /usr/local/src/conda/python-3.10.12/Python/ceval.c:6018
#170 _PyEval_EvalFrameDefault (tstate=<optimized out>, f=0x7fb3d7b29c40, throwflag=<optimized out>) at /usr/local/src/conda/python-3.10.12/Python/ceval.c:3695
#171 0x000056256e474f90 in _PyEval_EvalFrame (throwflag=0, f=0x7fb3d7b29c40, tstate=0x56256e8cdcf0) at /usr/local/src/conda/python-3.10.12/Include/internal/pycore_ceval.h:46
#172 _PyEval_Vector (tstate=tstate
entry=0x56256e8cdcf0, con=con
entry=0x7fff48612d00, locals=locals
entry=0x7fb3d7a41dc0, args=args
entry=0x0, argcount=argcount
entry=0, kwnames=kwnames
entry=0x0) at /usr/local/src/conda/python-3.10.12/Python/ceval.c:5067
#173 0x000056256e474ed7 in PyEval_EvalCode (co=co
entry=0x7fb3d79043a0, globals=globals
entry=0x7fb3d7a41dc0, locals=locals
entry=0x7fb3d7a41dc0) at /usr/local/src/conda/python-3.10.12/Python/ceval.c:1134
#174 0x000056256e4a542a in run_eval_code_obj (tstate=tstate
entry=0x56256e8cdcf0, co=co
entry=0x7fb3d79043a0, globals=globals
entry=0x7fb3d7a41dc0, locals=locals
entry=0x7fb3d7a41dc0) at /usr/local/src/conda/python-3.10.12/Python/pythonrun.c:1291
#175 0x000056256e4a0833 in run_mod (mod=mod
entry=0x56256e9fa500, filename=filename
entry=0x7fb3d7919980, globals=globals
entry=0x7fb3d7a41dc0, locals=locals
entry=0x7fb3d7a41dc0, flags=flags
entry=0x7fff48612ee8, arena=arena
entry=0x7fb3d7bfe6f0) at /usr/local/src/conda/python-3.10.12/Python/pythonrun.c:1312
#176 0x000056256e3376cd in pyrun_file (fp=fp
entry=0x56256e8ad370, filename=filename
entry=0x7fb3d7919980, start=start
entry=257, globals=globals
entry=0x7fb3d7a41dc0, locals=locals
entry=0x7fb3d7a41dc0, closeit=closeit
entry=1, flags=0x7fff48612ee8) at /usr/local/src/conda/python-3.10.12/Python/pythonrun.c:1208
#177 0x000056256e49ad1e in _PyRun_SimpleFileObject (fp=0x56256e8ad370, filename=0x7fb3d7919980, closeit=1, flags=0x7fff48612ee8) at /usr/local/src/conda/python-3.10.12/Python/pythonrun.c:456
#178 0x000056256e49a8b4 in _PyRun_AnyFileObject (fp=0x56256e8ad370, filename=filename
entry=0x7fb3d7919980, closeit=closeit
entry=1, flags=flags
entry=0x7fff48612ee8) at /usr/local/src/conda/python-3.10.12/Python/pythonrun.c:90
#179 0x000056256e497aab in pymain_run_file_obj (skip_source_first_line=0, filename=0x7fb3d7919980, program_name=0x7fb3d7a54630) at /usr/local/src/conda/python-3.10.12/Modules/main.c:357
#180 pymain_run_file (config=0x56256e8b17b0) at /usr/local/src/conda/python-3.10.12/Modules/main.c:376
#181 pymain_run_python (exitcode=0x7fff48612ee4) at /usr/local/src/conda/python-3.10.12/Modules/main.c:591
#182 Py_RunMain () at /usr/local/src/conda/python-3.10.12/Modules/main.c:670
#183 0x000056256e468527 in Py_BytesMain (argc=<optimized out>, argv=<optimized out>) at /usr/local/src/conda/python-3.10.12/Modules/main.c:1090
#184 0x00007fb3d7c295d0 in __libc_start_call_main () from /lib64/libc.so.6
#185 0x00007fb3d7c29680 in __libc_start_main_impl () from /lib64/libc.so.6
#186 0x000056256e468421 in _start ()
===========================================================


