 *** Break *** segmentation violation



===========================================================
There was a crash.
This is the entire stack trace of all threads:
===========================================================
#0  0x00007fe1fc2d8fba in wait4 () from /lib64/libc.so.6
#1  0x00007fe1fc24b7e3 in do_system () from /lib64/libc.so.6
#2  0x00007fe1fb8f82ce in TUnixSystem::StackTrace() () from /cvmfs/sft.cern.ch/lcg/app/releases/ROOT/6.32.04/x86_64-almalinux9.4-gcc114-opt/lib/libCore.so
#3  0x00007fe1fbab6083 in (anonymous namespace)::TExceptionHandlerImp::HandleException(int) () from /cvmfs/sft.cern.ch/lcg/app/releases/ROOT/6.32.04/x86_64-almalinux9.4-gcc114-opt/lib/libcppyy_backend.so
#4  0x00007fe1fb8f5861 in TUnixSystem::DispatchSignals(ESignals) () from /cvmfs/sft.cern.ch/lcg/app/releases/ROOT/6.32.04/x86_64-almalinux9.4-gcc114-opt/lib/libCore.so
#5  <signal handler called>
#6  _PyObject_IS_GC (obj=0x1) at /usr/local/src/conda/python-3.10.12/Include/internal/pycore_object.h:165
#7  visit_decref (op=0x1, parent=0x55612e659da0) at /usr/local/src/conda/python-3.10.12/Modules/gcmodule.c:456
#8  0x000055612a490144 in subtract_refs (containers=<optimized out>) at /usr/local/src/conda/python-3.10.12/Modules/gcmodule.c:482
#9  deduce_unreachable (base=base
entry=0x55612c4f8680, unreachable=unreachable
entry=0x7ffefa115510) at /usr/local/src/conda/python-3.10.12/Modules/gcmodule.c:1105
#10 0x000055612a48ee98 in gc_collect_main (tstate=tstate
entry=0x55612c514cf0, generation=generation
entry=0, n_collected=n_collected
entry=0x7ffefa1155f0, n_uncollectable=n_uncollectable
entry=0x7ffefa1155e8, nofail=nofail
entry=0) at /usr/local/src/conda/python-3.10.12/Modules/gcmodule.c:1239
#11 0x000055612a53c4bb in gc_collect_with_callback (tstate=tstate
entry=0x55612c514cf0, generation=0) at /usr/local/src/conda/python-3.10.12/Modules/gcmodule.c:1413
#12 0x000055612a48480b in gc_collect_generations (tstate=0x55612c514cf0) at /usr/local/src/conda/python-3.10.12/Modules/gcmodule.c:1468
#13 _PyObject_GC_Alloc (basicsize=<optimized out>, use_calloc=0) at /usr/local/src/conda/python-3.10.12/Modules/gcmodule.c:2297
#14 _PyObject_GC_Malloc (basicsize=<optimized out>) at /usr/local/src/conda/python-3.10.12/Modules/gcmodule.c:2307
#15 _PyObject_GC_New (tp=0x7fe1dd8535c0 <CPyCppyy::CPPOverload_Type>) at /usr/local/src/conda/python-3.10.12/Modules/gcmodule.c:2319
#16 0x00007fe1dd7d6790 in CPyCppyy::(anonymous namespace)::mp_new(_typeobject*, _object*, _object*) () from /cvmfs/sft.cern.ch/lcg/app/releases/ROOT/6.32.04/x86_64-almalinux9.4-gcc114-opt/lib/libcppyy.so
#17 0x00007fe1dd7ff9e3 in CPyCppyy::BuildScopeProxyDict(unsigned long, _object*, unsigned int) () from /cvmfs/sft.cern.ch/lcg/app/releases/ROOT/6.32.04/x86_64-almalinux9.4-gcc114-opt/lib/libcppyy.so
#18 0x00007fe1dd8021a3 in CPyCppyy::CreateScopeProxy(std::__cxx11::basic_string<char, std::char_traits<char>, std::allocator<char> > const&, _object*, unsigned int) () from /cvmfs/sft.cern.ch/lcg/app/releases/ROOT/6.32.04/x86_64-almalinux9.4-gcc114-opt/lib/libcppyy.so
#19 0x00007fe1dd802dc5 in CPyCppyy::CreateScopeProxy(unsigned long, unsigned int) () from /cvmfs/sft.cern.ch/lcg/app/releases/ROOT/6.32.04/x86_64-almalinux9.4-gcc114-opt/lib/libcppyy.so
#20 0x00007fe1dd802e26 in CPyCppyy::BindCppObjectNoCast(void*, unsigned long, unsigned int) () from /cvmfs/sft.cern.ch/lcg/app/releases/ROOT/6.32.04/x86_64-almalinux9.4-gcc114-opt/lib/libcppyy.so
#21 0x00007fe1dd7cb930 in CPyCppyy::dm_get(CPyCppyy::CPPDataMember*, CPyCppyy::CPPInstance*, _object*) () from /cvmfs/sft.cern.ch/lcg/app/releases/ROOT/6.32.04/x86_64-almalinux9.4-gcc114-opt/lib/libcppyy.so
#22 0x000055612a4a472a in type_getattro (type=<optimized out>, name=<optimized out>) at /usr/local/src/conda/python-3.10.12/Objects/typeobject.c:3923
#23 0x00007fe1dd7de0e3 in CPyCppyy::meta_getattro(_object*, _object*) () from /cvmfs/sft.cern.ch/lcg/app/releases/ROOT/6.32.04/x86_64-almalinux9.4-gcc114-opt/lib/libcppyy.so
#24 0x000055612a4a9b92 in PyObject_GetAttr (v=v
entry=0x55612e70cc00, name=0x7fe1fbff9e70) at /usr/local/src/conda/python-3.10.12/Objects/object.c:932
#25 0x000055612a4a0f03 in _PyEval_EvalFrameDefault (tstate=<optimized out>, f=0x55612c570040, throwflag=<optimized out>) at /usr/local/src/conda/python-3.10.12/Python/ceval.c:3592
#26 0x000055612a4ac99c in _PyEval_EvalFrame (throwflag=0, f=0x55612c570040, tstate=0x55612c514cf0) at /usr/local/src/conda/python-3.10.12/Include/internal/pycore_ceval.h:46
#27 _PyEval_Vector (kwnames=<optimized out>, argcount=<optimized out>, args=<optimized out>, locals=0x0, con=0x7fe1fbd727b0, tstate=0x55612c514cf0) at /usr/local/src/conda/python-3.10.12/Python/ceval.c:5067
#28 _PyFunction_Vectorcall (func=0x7fe1fbd727a0, stack=<optimized out>, nargsf=<optimized out>, kwnames=<optimized out>) at /usr/local/src/conda/python-3.10.12/Objects/call.c:342
#29 0x000055612a49c850 in _PyObject_VectorcallTstate (kwnames=0x0, nargsf=<optimized out>, args=0x7fe1fbfacd08, callable=0x7fe1fbd727a0, tstate=0x55612c514cf0) at /usr/local/src/conda/python-3.10.12/Include/cpython/abstract.h:114
#30 PyObject_Vectorcall (kwnames=0x0, nargsf=<optimized out>, args=0x7fe1fbfacd08, callable=0x7fe1fbd727a0) at /usr/local/src/conda/python-3.10.12/Include/cpython/abstract.h:123
#31 call_function (kwnames=0x0, oparg=<optimized out>, pp_stack=<synthetic pointer>, trace_info=0x7ffefa115f80, tstate=<optimized out>) at /usr/local/src/conda/python-3.10.12/Python/ceval.c:5893
#32 _PyEval_EvalFrameDefault (tstate=<optimized out>, f=0x7fe1fbfacba0, throwflag=<optimized out>) at /usr/local/src/conda/python-3.10.12/Python/ceval.c:4213
#33 0x000055612a53ff90 in _PyEval_EvalFrame (throwflag=0, f=0x7fe1fbfacba0, tstate=0x55612c514cf0) at /usr/local/src/conda/python-3.10.12/Include/internal/pycore_ceval.h:46
#34 _PyEval_Vector (tstate=tstate
entry=0x55612c514cf0, con=con
entry=0x7ffefa116080, locals=locals
entry=0x7fe1fbd07f80, args=args
entry=0x0, argcount=argcount
entry=0, kwnames=kwnames
entry=0x0) at /usr/local/src/conda/python-3.10.12/Python/ceval.c:5067
#35 0x000055612a53fed7 in PyEval_EvalCode (co=co
entry=0x7fe1fbcf3680, globals=globals
entry=0x7fe1fbd07f80, locals=locals
entry=0x7fe1fbd07f80) at /usr/local/src/conda/python-3.10.12/Python/ceval.c:1134
#36 0x000055612a5470da in builtin_exec_impl (module=<optimized out>, locals=0x7fe1fbd07f80, globals=0x7fe1fbd07f80, source=0x7fe1fbcf3680) at /usr/local/src/conda/python-3.10.12/Python/bltinmodule.c:1058
#37 builtin_exec (module=<optimized out>, args=<optimized out>, nargs=<optimized out>) at /usr/local/src/conda/python-3.10.12/Python/clinic/bltinmodule.c.h:371
#38 0x000055612a4acb63 in cfunction_vectorcall_FASTCALL (func=0x7fe1fc4fce00, args=0x7fe1fbd04e98, nargsf=<optimized out>, kwnames=<optimized out>) at /usr/local/src/conda/python-3.10.12/Objects/methodobject.c:430
#39 0x000055612a4a234b in do_call_core (kwdict=0x7fe1fbcf4780, callargs=0x7fe1fbd04e80, func=0x7fe1fc4fce00, trace_info=0x7ffefa116250, tstate=<optimized out>) at /usr/local/src/conda/python-3.10.12/Python/ceval.c:5917
#40 _PyEval_EvalFrameDefault (tstate=<optimized out>, f=0x7fe1fc0668c0, throwflag=<optimized out>) at /usr/local/src/conda/python-3.10.12/Python/ceval.c:4277
#41 0x000055612a4ac99c in _PyEval_EvalFrame (throwflag=0, f=0x7fe1fc0668c0, tstate=0x55612c514cf0) at /usr/local/src/conda/python-3.10.12/Include/internal/pycore_ceval.h:46
#42 _PyEval_Vector (kwnames=<optimized out>, argcount=<optimized out>, args=<optimized out>, locals=0x0, con=0x7fe1fc4c5520, tstate=0x55612c514cf0) at /usr/local/src/conda/python-3.10.12/Python/ceval.c:5067
#43 _PyFunction_Vectorcall (func=0x7fe1fc4c5510, stack=<optimized out>, nargsf=<optimized out>, kwnames=<optimized out>) at /usr/local/src/conda/python-3.10.12/Objects/call.c:342
#44 0x000055612a4a1142 in _PyObject_VectorcallTstate (kwnames=0x0, nargsf=<optimized out>, args=0x7fe1fc05dc08, callable=0x7fe1fc4c5510, tstate=0x55612c514cf0) at /usr/local/src/conda/python-3.10.12/Include/cpython/abstract.h:114
#45 PyObject_Vectorcall (kwnames=0x0, nargsf=<optimized out>, args=0x7fe1fc05dc08, callable=0x7fe1fc4c5510) at /usr/local/src/conda/python-3.10.12/Include/cpython/abstract.h:123
#46 call_function (kwnames=0x0, oparg=<optimized out>, pp_stack=<synthetic pointer>, trace_info=0x7ffefa116400, tstate=<optimized out>) at /usr/local/src/conda/python-3.10.12/Python/ceval.c:5893
#47 _PyEval_EvalFrameDefault (tstate=<optimized out>, f=0x7fe1fc05da80, throwflag=<optimized out>) at /usr/local/src/conda/python-3.10.12/Python/ceval.c:4181
#48 0x000055612a4ac99c in _PyEval_EvalFrame (throwflag=0, f=0x7fe1fc05da80, tstate=0x55612c514cf0) at /usr/local/src/conda/python-3.10.12/Include/internal/pycore_ceval.h:46
#49 _PyEval_Vector (kwnames=<optimized out>, argcount=<optimized out>, args=<optimized out>, locals=0x0, con=0x7fe1fc549760, tstate=0x55612c514cf0) at /usr/local/src/conda/python-3.10.12/Python/ceval.c:5067
#50 _PyFunction_Vectorcall (func=0x7fe1fc549750, stack=<optimized out>, nargsf=<optimized out>, kwnames=<optimized out>) at /usr/local/src/conda/python-3.10.12/Objects/call.c:342
#51 0x000055612a49cc5c in _PyObject_VectorcallTstate (kwnames=0x0, nargsf=<optimized out>, args=0x7fe1fc523dd0, callable=0x7fe1fc549750, tstate=0x55612c514cf0) at /usr/local/src/conda/python-3.10.12/Include/cpython/abstract.h:114
#52 PyObject_Vectorcall (kwnames=0x0, nargsf=<optimized out>, args=0x7fe1fc523dd0, callable=0x7fe1fc549750) at /usr/local/src/conda/python-3.10.12/Include/cpython/abstract.h:123
#53 call_function (kwnames=0x0, oparg=<optimized out>, pp_stack=<synthetic pointer>, trace_info=0x7ffefa1165b0, tstate=<optimized out>) at /usr/local/src/conda/python-3.10.12/Python/ceval.c:5893
#54 _PyEval_EvalFrameDefault (tstate=<optimized out>, f=0x7fe1fc523c50, throwflag=<optimized out>) at /usr/local/src/conda/python-3.10.12/Python/ceval.c:4198
#55 0x000055612a4ac99c in _PyEval_EvalFrame (throwflag=0, f=0x7fe1fc523c50, tstate=0x55612c514cf0) at /usr/local/src/conda/python-3.10.12/Include/internal/pycore_ceval.h:46
#56 _PyEval_Vector (kwnames=<optimized out>, argcount=<optimized out>, args=<optimized out>, locals=0x0, con=0x7fe1fc4c60f0, tstate=0x55612c514cf0) at /usr/local/src/conda/python-3.10.12/Python/ceval.c:5067
#57 _PyFunction_Vectorcall (func=0x7fe1fc4c60e0, stack=<optimized out>, nargsf=<optimized out>, kwnames=<optimized out>) at /usr/local/src/conda/python-3.10.12/Objects/call.c:342
#58 0x000055612a49c850 in _PyObject_VectorcallTstate (kwnames=0x0, nargsf=<optimized out>, args=0x7fe1fbd141f0, callable=0x7fe1fc4c60e0, tstate=0x55612c514cf0) at /usr/local/src/conda/python-3.10.12/Include/cpython/abstract.h:114
#59 PyObject_Vectorcall (kwnames=0x0, nargsf=<optimized out>, args=0x7fe1fbd141f0, callable=0x7fe1fc4c60e0) at /usr/local/src/conda/python-3.10.12/Include/cpython/abstract.h:123
#60 call_function (kwnames=0x0, oparg=<optimized out>, pp_stack=<synthetic pointer>, trace_info=0x7ffefa116760, tstate=<optimized out>) at /usr/local/src/conda/python-3.10.12/Python/ceval.c:5893
#61 _PyEval_EvalFrameDefault (tstate=<optimized out>, f=0x7fe1fbd14040, throwflag=<optimized out>) at /usr/local/src/conda/python-3.10.12/Python/ceval.c:4213
#62 0x000055612a4ac99c in _PyEval_EvalFrame (throwflag=0, f=0x7fe1fbd14040, tstate=0x55612c514cf0) at /usr/local/src/conda/python-3.10.12/Include/internal/pycore_ceval.h:46
#63 _PyEval_Vector (kwnames=<optimized out>, argcount=<optimized out>, args=<optimized out>, locals=0x0, con=0x7fe1fc4c72f0, tstate=0x55612c514cf0) at /usr/local/src/conda/python-3.10.12/Python/ceval.c:5067
#64 _PyFunction_Vectorcall (func=0x7fe1fc4c72e0, stack=<optimized out>, nargsf=<optimized out>, kwnames=<optimized out>) at /usr/local/src/conda/python-3.10.12/Objects/call.c:342
#65 0x000055612a49c850 in _PyObject_VectorcallTstate (kwnames=0x0, nargsf=<optimized out>, args=0x7fe1fc0f9850, callable=0x7fe1fc4c72e0, tstate=0x55612c514cf0) at /usr/local/src/conda/python-3.10.12/Include/cpython/abstract.h:114
#66 PyObject_Vectorcall (kwnames=0x0, nargsf=<optimized out>, args=0x7fe1fc0f9850, callable=0x7fe1fc4c72e0) at /usr/local/src/conda/python-3.10.12/Include/cpython/abstract.h:123
#67 call_function (kwnames=0x0, oparg=<optimized out>, pp_stack=<synthetic pointer>, trace_info=0x7ffefa116910, tstate=<optimized out>) at /usr/local/src/conda/python-3.10.12/Python/ceval.c:5893
#68 _PyEval_EvalFrameDefault (tstate=<optimized out>, f=0x7fe1fc0f96c0, throwflag=<optimized out>) at /usr/local/src/conda/python-3.10.12/Python/ceval.c:4213
#69 0x000055612a4ac99c in _PyEval_EvalFrame (throwflag=0, f=0x7fe1fc0f96c0, tstate=0x55612c514cf0) at /usr/local/src/conda/python-3.10.12/Include/internal/pycore_ceval.h:46
#70 _PyEval_Vector (kwnames=<optimized out>, argcount=<optimized out>, args=<optimized out>, locals=0x0, con=0x7fe1fc4c7380, tstate=0x55612c514cf0) at /usr/local/src/conda/python-3.10.12/Python/ceval.c:5067
#71 _PyFunction_Vectorcall (func=0x7fe1fc4c7370, stack=<optimized out>, nargsf=<optimized out>, kwnames=<optimized out>) at /usr/local/src/conda/python-3.10.12/Objects/call.c:342
#72 0x000055612a4ac178 in _PyObject_VectorcallTstate (kwnames=0x0, nargsf=2, args=0x7ffefa116a40, callable=0x7fe1fc4c7370, tstate=0x55612c514cf0) at /usr/local/src/conda/python-3.10.12/Include/cpython/abstract.h:114
#73 object_vacall (tstate=tstate
entry=0x55612c514cf0, base=base
entry=0x0, callable=callable
entry=0x7fe1fc4c7370, vargs=vargs
entry=0x7ffefa116ad0) at /usr/local/src/conda/python-3.10.12/Objects/call.c:734
#74 0x000055612a4ba35b in _PyObject_CallMethodIdObjArgs (obj=0x0, name=name
entry=0x55612a6e4b00 <PyId__find_and_load.6>) at /usr/local/src/conda/python-3.10.12/Objects/call.c:825
#75 0x000055612a3dc909 in import_find_and_load (abs_name=0x7fe1fbfea060, tstate=0x55612c514cf0) at /usr/local/src/conda/python-3.10.12/Python/import.c:1522
#76 PyImport_ImportModuleLevelObject (name=name
entry=0x7fe1fbff8370, globals=<optimized out>, locals=<optimized out>, fromlist=fromlist
entry=0x7fe1fbff7880, level=1) at /usr/local/src/conda/python-3.10.12/Python/import.c:1623
#77 0x000055612a4a0368 in import_name (level=0x7fe1fc4640f0, fromlist=0x7fe1fbff7880, name=0x7fe1fbff8370, f=0x7fe1fc06df10, tstate=<optimized out>) at /usr/local/src/conda/python-3.10.12/Python/ceval.c:6018
#78 _PyEval_EvalFrameDefault (tstate=<optimized out>, f=0x7fe1fc06df10, throwflag=<optimized out>) at /usr/local/src/conda/python-3.10.12/Python/ceval.c:3695
#79 0x000055612a53ff90 in _PyEval_EvalFrame (throwflag=0, f=0x7fe1fc06df10, tstate=0x55612c514cf0) at /usr/local/src/conda/python-3.10.12/Include/internal/pycore_ceval.h:46
#80 _PyEval_Vector (tstate=tstate
entry=0x55612c514cf0, con=con
entry=0x7ffefa116e50, locals=locals
entry=0x7fe1fbfee600, args=args
entry=0x0, argcount=argcount
entry=0, kwnames=kwnames
entry=0x0) at /usr/local/src/conda/python-3.10.12/Python/ceval.c:5067
#81 0x000055612a53fed7 in PyEval_EvalCode (co=co
entry=0x7fe1fbd11630, globals=globals
entry=0x7fe1fbfee600, locals=locals
entry=0x7fe1fbfee600) at /usr/local/src/conda/python-3.10.12/Python/ceval.c:1134
#82 0x000055612a5470da in builtin_exec_impl (module=<optimized out>, locals=0x7fe1fbfee600, globals=0x7fe1fbfee600, source=0x7fe1fbd11630) at /usr/local/src/conda/python-3.10.12/Python/bltinmodule.c:1058
#83 builtin_exec (module=<optimized out>, args=<optimized out>, nargs=<optimized out>) at /usr/local/src/conda/python-3.10.12/Python/clinic/bltinmodule.c.h:371
#84 0x000055612a4acb63 in cfunction_vectorcall_FASTCALL (func=0x7fe1fc4fce00, args=0x7fe1fbff88d8, nargsf=<optimized out>, kwnames=<optimized out>) at /usr/local/src/conda/python-3.10.12/Objects/methodobject.c:430
#85 0x000055612a4a234b in do_call_core (kwdict=0x7fe1fbfee740, callargs=0x7fe1fbff88c0, func=0x7fe1fc4fce00, trace_info=0x7ffefa117020, tstate=<optimized out>) at /usr/local/src/conda/python-3.10.12/Python/ceval.c:5917
#86 _PyEval_EvalFrameDefault (tstate=<optimized out>, f=0x7fe1fc52b4c0, throwflag=<optimized out>) at /usr/local/src/conda/python-3.10.12/Python/ceval.c:4277
#87 0x000055612a4ac99c in _PyEval_EvalFrame (throwflag=0, f=0x7fe1fc52b4c0, tstate=0x55612c514cf0) at /usr/local/src/conda/python-3.10.12/Include/internal/pycore_ceval.h:46
#88 _PyEval_Vector (kwnames=<optimized out>, argcount=<optimized out>, args=<optimized out>, locals=0x0, con=0x7fe1fc4c5520, tstate=0x55612c514cf0) at /usr/local/src/conda/python-3.10.12/Python/ceval.c:5067
#89 _PyFunction_Vectorcall (func=0x7fe1fc4c5510, stack=<optimized out>, nargsf=<optimized out>, kwnames=<optimized out>) at /usr/local/src/conda/python-3.10.12/Objects/call.c:342
#90 0x000055612a4a1142 in _PyObject_VectorcallTstate (kwnames=0x0, nargsf=<optimized out>, args=0x7fe1fc5222b8, callable=0x7fe1fc4c5510, tstate=0x55612c514cf0) at /usr/local/src/conda/python-3.10.12/Include/cpython/abstract.h:114
#91 PyObject_Vectorcall (kwnames=0x0, nargsf=<optimized out>, args=0x7fe1fc5222b8, callable=0x7fe1fc4c5510) at /usr/local/src/conda/python-3.10.12/Include/cpython/abstract.h:123
#92 call_function (kwnames=0x0, oparg=<optimized out>, pp_stack=<synthetic pointer>, trace_info=0x7ffefa1171d0, tstate=<optimized out>) at /usr/local/src/conda/python-3.10.12/Python/ceval.c:5893
#93 _PyEval_EvalFrameDefault (tstate=<optimized out>, f=0x7fe1fc522130, throwflag=<optimized out>) at /usr/local/src/conda/python-3.10.12/Python/ceval.c:4181
#94 0x000055612a4ac99c in _PyEval_EvalFrame (throwflag=0, f=0x7fe1fc522130, tstate=0x55612c514cf0) at /usr/local/src/conda/python-3.10.12/Include/internal/pycore_ceval.h:46
#95 _PyEval_Vector (kwnames=<optimized out>, argcount=<optimized out>, args=<optimized out>, locals=0x0, con=0x7fe1fc549760, tstate=0x55612c514cf0) at /usr/local/src/conda/python-3.10.12/Python/ceval.c:5067
#96 _PyFunction_Vectorcall (func=0x7fe1fc549750, stack=<optimized out>, nargsf=<optimized out>, kwnames=<optimized out>) at /usr/local/src/conda/python-3.10.12/Objects/call.c:342
#97 0x000055612a49cc5c in _PyObject_VectorcallTstate (kwnames=0x0, nargsf=<optimized out>, args=0x7fe1fc1cefc0, callable=0x7fe1fc549750, tstate=0x55612c514cf0) at /usr/local/src/conda/python-3.10.12/Include/cpython/abstract.h:114
#98 PyObject_Vectorcall (kwnames=0x0, nargsf=<optimized out>, args=0x7fe1fc1cefc0, callable=0x7fe1fc549750) at /usr/local/src/conda/python-3.10.12/Include/cpython/abstract.h:123
#99 call_function (kwnames=0x0, oparg=<optimized out>, pp_stack=<synthetic pointer>, trace_info=0x7ffefa117380, tstate=<optimized out>) at /usr/local/src/conda/python-3.10.12/Python/ceval.c:5893
#100 _PyEval_EvalFrameDefault (tstate=<optimized out>, f=0x7fe1fc1cee40, throwflag=<optimized out>) at /usr/local/src/conda/python-3.10.12/Python/ceval.c:4198
#101 0x000055612a4ac99c in _PyEval_EvalFrame (throwflag=0, f=0x7fe1fc1cee40, tstate=0x55612c514cf0) at /usr/local/src/conda/python-3.10.12/Include/internal/pycore_ceval.h:46
#102 _PyEval_Vector (kwnames=<optimized out>, argcount=<optimized out>, args=<optimized out>, locals=0x0, con=0x7fe1fc4c60f0, tstate=0x55612c514cf0) at /usr/local/src/conda/python-3.10.12/Python/ceval.c:5067
#103 _PyFunction_Vectorcall (func=0x7fe1fc4c60e0, stack=<optimized out>, nargsf=<optimized out>, kwnames=<optimized out>) at /usr/local/src/conda/python-3.10.12/Objects/call.c:342
#104 0x000055612a49c850 in _PyObject_VectorcallTstate (kwnames=0x0, nargsf=<optimized out>, args=0x7fe1fc1ce3f0, callable=0x7fe1fc4c60e0, tstate=0x55612c514cf0) at /usr/local/src/conda/python-3.10.12/Include/cpython/abstract.h:114
#105 PyObject_Vectorcall (kwnames=0x0, nargsf=<optimized out>, args=0x7fe1fc1ce3f0, callable=0x7fe1fc4c60e0) at /usr/local/src/conda/python-3.10.12/Include/cpython/abstract.h:123
#106 call_function (kwnames=0x0, oparg=<optimized out>, pp_stack=<synthetic pointer>, trace_info=0x7ffefa117530, tstate=<optimized out>) at /usr/local/src/conda/python-3.10.12/Python/ceval.c:5893
#107 _PyEval_EvalFrameDefault (tstate=<optimized out>, f=0x7fe1fc1ce240, throwflag=<optimized out>) at /usr/local/src/conda/python-3.10.12/Python/ceval.c:4213
#108 0x000055612a4ac99c in _PyEval_EvalFrame (throwflag=0, f=0x7fe1fc1ce240, tstate=0x55612c514cf0) at /usr/local/src/conda/python-3.10.12/Include/internal/pycore_ceval.h:46
#109 _PyEval_Vector (kwnames=<optimized out>, argcount=<optimized out>, args=<optimized out>, locals=0x0, con=0x7fe1fc4c72f0, tstate=0x55612c514cf0) at /usr/local/src/conda/python-3.10.12/Python/ceval.c:5067
#110 _PyFunction_Vectorcall (func=0x7fe1fc4c72e0, stack=<optimized out>, nargsf=<optimized out>, kwnames=<optimized out>) at /usr/local/src/conda/python-3.10.12/Objects/call.c:342
#111 0x000055612a49c850 in _PyObject_VectorcallTstate (kwnames=0x0, nargsf=<optimized out>, args=0x7fe1fc0f8950, callable=0x7fe1fc4c72e0, tstate=0x55612c514cf0) at /usr/local/src/conda/python-3.10.12/Include/cpython/abstract.h:114
#112 PyObject_Vectorcall (kwnames=0x0, nargsf=<optimized out>, args=0x7fe1fc0f8950, callable=0x7fe1fc4c72e0) at /usr/local/src/conda/python-3.10.12/Include/cpython/abstract.h:123
#113 call_function (kwnames=0x0, oparg=<optimized out>, pp_stack=<synthetic pointer>, trace_info=0x7ffefa1176e0, tstate=<optimized out>) at /usr/local/src/conda/python-3.10.12/Python/ceval.c:5893
#114 _PyEval_EvalFrameDefault (tstate=<optimized out>, f=0x7fe1fc0f87c0, throwflag=<optimized out>) at /usr/local/src/conda/python-3.10.12/Python/ceval.c:4213
#115 0x000055612a4ac99c in _PyEval_EvalFrame (throwflag=0, f=0x7fe1fc0f87c0, tstate=0x55612c514cf0) at /usr/local/src/conda/python-3.10.12/Include/internal/pycore_ceval.h:46
#116 _PyEval_Vector (kwnames=<optimized out>, argcount=<optimized out>, args=<optimized out>, locals=0x0, con=0x7fe1fc4c7380, tstate=0x55612c514cf0) at /usr/local/src/conda/python-3.10.12/Python/ceval.c:5067
#117 _PyFunction_Vectorcall (func=0x7fe1fc4c7370, stack=<optimized out>, nargsf=<optimized out>, kwnames=<optimized out>) at /usr/local/src/conda/python-3.10.12/Objects/call.c:342
#118 0x000055612a4ac178 in _PyObject_VectorcallTstate (kwnames=0x0, nargsf=2, args=0x7ffefa117810, callable=0x7fe1fc4c7370, tstate=0x55612c514cf0) at /usr/local/src/conda/python-3.10.12/Include/cpython/abstract.h:114
#119 object_vacall (tstate=tstate
entry=0x55612c514cf0, base=base
entry=0x0, callable=callable
entry=0x7fe1fc4c7370, vargs=vargs
entry=0x7ffefa1178a0) at /usr/local/src/conda/python-3.10.12/Objects/call.c:734
#120 0x000055612a4ba35b in _PyObject_CallMethodIdObjArgs (obj=0x0, name=name
entry=0x55612a6e4b00 <PyId__find_and_load.6>) at /usr/local/src/conda/python-3.10.12/Objects/call.c:825
#121 0x000055612a3dc909 in import_find_and_load (abs_name=0x7fe1fbfed5f0, tstate=0x55612c514cf0) at /usr/local/src/conda/python-3.10.12/Python/import.c:1522
#122 PyImport_ImportModuleLevelObject (name=name
entry=0x7fe1fbfed5f0, globals=<optimized out>, locals=<optimized out>, fromlist=fromlist
entry=0x55612a6ec7e0 <_Py_NoneStruct>, level=0) at /usr/local/src/conda/python-3.10.12/Python/import.c:1623
#123 0x000055612a4a0368 in import_name (level=0x7fe1fc4640d0, fromlist=0x55612a6ec7e0 <_Py_NoneStruct>, name=0x7fe1fbfed5f0, f=0x7fe1fc1cea40, tstate=<optimized out>) at /usr/local/src/conda/python-3.10.12/Python/ceval.c:6018
#124 _PyEval_EvalFrameDefault (tstate=<optimized out>, f=0x7fe1fc1cea40, throwflag=<optimized out>) at /usr/local/src/conda/python-3.10.12/Python/ceval.c:3695
#125 0x000055612a53ff90 in _PyEval_EvalFrame (throwflag=0, f=0x7fe1fc1cea40, tstate=0x55612c514cf0) at /usr/local/src/conda/python-3.10.12/Include/internal/pycore_ceval.h:46
#126 _PyEval_Vector (tstate=tstate
entry=0x55612c514cf0, con=con
entry=0x7ffefa117c20, locals=locals
entry=0x7fe1fc035080, args=args
entry=0x0, argcount=argcount
entry=0, kwnames=kwnames
entry=0x0) at /usr/local/src/conda/python-3.10.12/Python/ceval.c:5067
#127 0x000055612a53fed7 in PyEval_EvalCode (co=co
entry=0x7fe1fbfde810, globals=globals
entry=0x7fe1fc035080, locals=locals
entry=0x7fe1fc035080) at /usr/local/src/conda/python-3.10.12/Python/ceval.c:1134
#128 0x000055612a5470da in builtin_exec_impl (module=<optimized out>, locals=0x7fe1fc035080, globals=0x7fe1fc035080, source=0x7fe1fbfde810) at /usr/local/src/conda/python-3.10.12/Python/bltinmodule.c:1058
#129 builtin_exec (module=<optimized out>, args=<optimized out>, nargs=<optimized out>) at /usr/local/src/conda/python-3.10.12/Python/clinic/bltinmodule.c.h:371
#130 0x000055612a4acb63 in cfunction_vectorcall_FASTCALL (func=0x7fe1fc4fce00, args=0x7fe1fbfed2d8, nargsf=<optimized out>, kwnames=<optimized out>) at /usr/local/src/conda/python-3.10.12/Objects/methodobject.c:430
#131 0x000055612a4a234b in do_call_core (kwdict=0x7fe1fbfed340, callargs=0x7fe1fbfed2c0, func=0x7fe1fc4fce00, trace_info=0x7ffefa117df0, tstate=<optimized out>) at /usr/local/src/conda/python-3.10.12/Python/ceval.c:5917
#132 _PyEval_EvalFrameDefault (tstate=<optimized out>, f=0x7fe1fc066200, throwflag=<optimized out>) at /usr/local/src/conda/python-3.10.12/Python/ceval.c:4277
#133 0x000055612a4ac99c in _PyEval_EvalFrame (throwflag=0, f=0x7fe1fc066200, tstate=0x55612c514cf0) at /usr/local/src/conda/python-3.10.12/Include/internal/pycore_ceval.h:46
#134 _PyEval_Vector (kwnames=<optimized out>, argcount=<optimized out>, args=<optimized out>, locals=0x0, con=0x7fe1fc4c5520, tstate=0x55612c514cf0) at /usr/local/src/conda/python-3.10.12/Python/ceval.c:5067
#135 _PyFunction_Vectorcall (func=0x7fe1fc4c5510, stack=<optimized out>, nargsf=<optimized out>, kwnames=<optimized out>) at /usr/local/src/conda/python-3.10.12/Objects/call.c:342
#136 0x000055612a4a1142 in _PyObject_VectorcallTstate (kwnames=0x0, nargsf=<optimized out>, args=0x7fe1fc05cc48, callable=0x7fe1fc4c5510, tstate=0x55612c514cf0) at /usr/local/src/conda/python-3.10.12/Include/cpython/abstract.h:114
#137 PyObject_Vectorcall (kwnames=0x0, nargsf=<optimized out>, args=0x7fe1fc05cc48, callable=0x7fe1fc4c5510) at /usr/local/src/conda/python-3.10.12/Include/cpython/abstract.h:123
#138 call_function (kwnames=0x0, oparg=<optimized out>, pp_stack=<synthetic pointer>, trace_info=0x7ffefa117fa0, tstate=<optimized out>) at /usr/local/src/conda/python-3.10.12/Python/ceval.c:5893
#139 _PyEval_EvalFrameDefault (tstate=<optimized out>, f=0x7fe1fc05cac0, throwflag=<optimized out>) at /usr/local/src/conda/python-3.10.12/Python/ceval.c:4181
#140 0x000055612a4ac99c in _PyEval_EvalFrame (throwflag=0, f=0x7fe1fc05cac0, tstate=0x55612c514cf0) at /usr/local/src/conda/python-3.10.12/Include/internal/pycore_ceval.h:46
#141 _PyEval_Vector (kwnames=<optimized out>, argcount=<optimized out>, args=<optimized out>, locals=0x0, con=0x7fe1fc549760, tstate=0x55612c514cf0) at /usr/local/src/conda/python-3.10.12/Python/ceval.c:5067
#142 _PyFunction_Vectorcall (func=0x7fe1fc549750, stack=<optimized out>, nargsf=<optimized out>, kwnames=<optimized out>) at /usr/local/src/conda/python-3.10.12/Objects/call.c:342
#143 0x000055612a49cc5c in _PyObject_VectorcallTstate (kwnames=0x0, nargsf=<optimized out>, args=0x7fe1fc523040, callable=0x7fe1fc549750, tstate=0x55612c514cf0) at /usr/local/src/conda/python-3.10.12/Include/cpython/abstract.h:114
#144 PyObject_Vectorcall (kwnames=0x0, nargsf=<optimized out>, args=0x7fe1fc523040, callable=0x7fe1fc549750) at /usr/local/src/conda/python-3.10.12/Include/cpython/abstract.h:123
#145 call_function (kwnames=0x0, oparg=<optimized out>, pp_stack=<synthetic pointer>, trace_info=0x7ffefa118150, tstate=<optimized out>) at /usr/local/src/conda/python-3.10.12/Python/ceval.c:5893
#146 _PyEval_EvalFrameDefault (tstate=<optimized out>, f=0x7fe1fc522ec0, throwflag=<optimized out>) at /usr/local/src/conda/python-3.10.12/Python/ceval.c:4198
#147 0x000055612a4ac99c in _PyEval_EvalFrame (throwflag=0, f=0x7fe1fc522ec0, tstate=0x55612c514cf0) at /usr/local/src/conda/python-3.10.12/Include/internal/pycore_ceval.h:46
#148 _PyEval_Vector (kwnames=<optimized out>, argcount=<optimized out>, args=<optimized out>, locals=0x0, con=0x7fe1fc4c60f0, tstate=0x55612c514cf0) at /usr/local/src/conda/python-3.10.12/Python/ceval.c:5067
#149 _PyFunction_Vectorcall (func=0x7fe1fc4c60e0, stack=<optimized out>, nargsf=<optimized out>, kwnames=<optimized out>) at /usr/local/src/conda/python-3.10.12/Objects/call.c:342
#150 0x000055612a49c850 in _PyObject_VectorcallTstate (kwnames=0x0, nargsf=<optimized out>, args=0x7fe1fc1ce5f0, callable=0x7fe1fc4c60e0, tstate=0x55612c514cf0) at /usr/local/src/conda/python-3.10.12/Include/cpython/abstract.h:114
#151 PyObject_Vectorcall (kwnames=0x0, nargsf=<optimized out>, args=0x7fe1fc1ce5f0, callable=0x7fe1fc4c60e0) at /usr/local/src/conda/python-3.10.12/Include/cpython/abstract.h:123
#152 call_function (kwnames=0x0, oparg=<optimized out>, pp_stack=<synthetic pointer>, trace_info=0x7ffefa118300, tstate=<optimized out>) at /usr/local/src/conda/python-3.10.12/Python/ceval.c:5893
#153 _PyEval_EvalFrameDefault (tstate=<optimized out>, f=0x7fe1fc1ce440, throwflag=<optimized out>) at /usr/local/src/conda/python-3.10.12/Python/ceval.c:4213
#154 0x000055612a4ac99c in _PyEval_EvalFrame (throwflag=0, f=0x7fe1fc1ce440, tstate=0x55612c514cf0) at /usr/local/src/conda/python-3.10.12/Include/internal/pycore_ceval.h:46
#155 _PyEval_Vector (kwnames=<optimized out>, argcount=<optimized out>, args=<optimized out>, locals=0x0, con=0x7fe1fc4c72f0, tstate=0x55612c514cf0) at /usr/local/src/conda/python-3.10.12/Python/ceval.c:5067
#156 _PyFunction_Vectorcall (func=0x7fe1fc4c72e0, stack=<optimized out>, nargsf=<optimized out>, kwnames=<optimized out>) at /usr/local/src/conda/python-3.10.12/Objects/call.c:342
#157 0x000055612a49c850 in _PyObject_VectorcallTstate (kwnames=0x0, nargsf=<optimized out>, args=0x7fe1fc0f90d0, callable=0x7fe1fc4c72e0, tstate=0x55612c514cf0) at /usr/local/src/conda/python-3.10.12/Include/cpython/abstract.h:114
#158 PyObject_Vectorcall (kwnames=0x0, nargsf=<optimized out>, args=0x7fe1fc0f90d0, callable=0x7fe1fc4c72e0) at /usr/local/src/conda/python-3.10.12/Include/cpython/abstract.h:123
#159 call_function (kwnames=0x0, oparg=<optimized out>, pp_stack=<synthetic pointer>, trace_info=0x7ffefa1184b0, tstate=<optimized out>) at /usr/local/src/conda/python-3.10.12/Python/ceval.c:5893
#160 _PyEval_EvalFrameDefault (tstate=<optimized out>, f=0x7fe1fc0f8f40, throwflag=<optimized out>) at /usr/local/src/conda/python-3.10.12/Python/ceval.c:4213
#161 0x000055612a4ac99c in _PyEval_EvalFrame (throwflag=0, f=0x7fe1fc0f8f40, tstate=0x55612c514cf0) at /usr/local/src/conda/python-3.10.12/Include/internal/pycore_ceval.h:46
#162 _PyEval_Vector (kwnames=<optimized out>, argcount=<optimized out>, args=<optimized out>, locals=0x0, con=0x7fe1fc4c7380, tstate=0x55612c514cf0) at /usr/local/src/conda/python-3.10.12/Python/ceval.c:5067
#163 _PyFunction_Vectorcall (func=0x7fe1fc4c7370, stack=<optimized out>, nargsf=<optimized out>, kwnames=<optimized out>) at /usr/local/src/conda/python-3.10.12/Objects/call.c:342
#164 0x000055612a4ac178 in _PyObject_VectorcallTstate (kwnames=0x0, nargsf=2, args=0x7ffefa1185e0, callable=0x7fe1fc4c7370, tstate=0x55612c514cf0) at /usr/local/src/conda/python-3.10.12/Include/cpython/abstract.h:114
#165 object_vacall (tstate=tstate
entry=0x55612c514cf0, base=base
entry=0x0, callable=callable
entry=0x7fe1fc4c7370, vargs=vargs
entry=0x7ffefa118670) at /usr/local/src/conda/python-3.10.12/Objects/call.c:734
#166 0x000055612a4ba35b in _PyObject_CallMethodIdObjArgs (obj=0x0, name=name
entry=0x55612a6e4b00 <PyId__find_and_load.6>) at /usr/local/src/conda/python-3.10.12/Objects/call.c:825
#167 0x000055612a3dc909 in import_find_and_load (abs_name=0x7fe1fc1a0d70, tstate=0x55612c514cf0) at /usr/local/src/conda/python-3.10.12/Python/import.c:1522
#168 PyImport_ImportModuleLevelObject (name=name
entry=0x7fe1fc1a0d70, globals=<optimized out>, locals=<optimized out>, fromlist=fromlist
entry=0x55612a6ec7e0 <_Py_NoneStruct>, level=0) at /usr/local/src/conda/python-3.10.12/Python/import.c:1623
#169 0x000055612a4a0368 in import_name (level=0x7fe1fc4640d0, fromlist=0x55612a6ec7e0 <_Py_NoneStruct>, name=0x7fe1fc1a0d70, f=0x7fe1fc48dc40, tstate=<optimized out>) at /usr/local/src/conda/python-3.10.12/Python/ceval.c:6018
#170 _PyEval_EvalFrameDefault (tstate=<optimized out>, f=0x7fe1fc48dc40, throwflag=<optimized out>) at /usr/local/src/conda/python-3.10.12/Python/ceval.c:3695
#171 0x000055612a53ff90 in _PyEval_EvalFrame (throwflag=0, f=0x7fe1fc48dc40, tstate=0x55612c514cf0) at /usr/local/src/conda/python-3.10.12/Include/internal/pycore_ceval.h:46
#172 _PyEval_Vector (tstate=tstate
entry=0x55612c514cf0, con=con
entry=0x7ffefa1189f0, locals=locals
entry=0x7fe1fc145dc0, args=args
entry=0x0, argcount=argcount
entry=0, kwnames=kwnames
entry=0x0) at /usr/local/src/conda/python-3.10.12/Python/ceval.c:5067
#173 0x000055612a53fed7 in PyEval_EvalCode (co=co
entry=0x7fe1fc0083a0, globals=globals
entry=0x7fe1fc145dc0, locals=locals
entry=0x7fe1fc145dc0) at /usr/local/src/conda/python-3.10.12/Python/ceval.c:1134
#174 0x000055612a57042a in run_eval_code_obj (tstate=tstate
entry=0x55612c514cf0, co=co
entry=0x7fe1fc0083a0, globals=globals
entry=0x7fe1fc145dc0, locals=locals
entry=0x7fe1fc145dc0) at /usr/local/src/conda/python-3.10.12/Python/pythonrun.c:1291
#175 0x000055612a56b833 in run_mod (mod=mod
entry=0x55612c641500, filename=filename
entry=0x7fe1fc01d980, globals=globals
entry=0x7fe1fc145dc0, locals=locals
entry=0x7fe1fc145dc0, flags=flags
entry=0x7ffefa118bd8, arena=arena
entry=0x7fe1fc1026f0) at /usr/local/src/conda/python-3.10.12/Python/pythonrun.c:1312
#176 0x000055612a4026cd in pyrun_file (fp=fp
entry=0x55612c4f4370, filename=filename
entry=0x7fe1fc01d980, start=start
entry=257, globals=globals
entry=0x7fe1fc145dc0, locals=locals
entry=0x7fe1fc145dc0, closeit=closeit
entry=1, flags=0x7ffefa118bd8) at /usr/local/src/conda/python-3.10.12/Python/pythonrun.c:1208
#177 0x000055612a565d1e in _PyRun_SimpleFileObject (fp=0x55612c4f4370, filename=0x7fe1fc01d980, closeit=1, flags=0x7ffefa118bd8) at /usr/local/src/conda/python-3.10.12/Python/pythonrun.c:456
#178 0x000055612a5658b4 in _PyRun_AnyFileObject (fp=0x55612c4f4370, filename=filename
entry=0x7fe1fc01d980, closeit=closeit
entry=1, flags=flags
entry=0x7ffefa118bd8) at /usr/local/src/conda/python-3.10.12/Python/pythonrun.c:90
#179 0x000055612a562aab in pymain_run_file_obj (skip_source_first_line=0, filename=0x7fe1fc01d980, program_name=0x7fe1fc158630) at /usr/local/src/conda/python-3.10.12/Modules/main.c:357
#180 pymain_run_file (config=0x55612c4f87b0) at /usr/local/src/conda/python-3.10.12/Modules/main.c:376
#181 pymain_run_python (exitcode=0x7ffefa118bd4) at /usr/local/src/conda/python-3.10.12/Modules/main.c:591
#182 Py_RunMain () at /usr/local/src/conda/python-3.10.12/Modules/main.c:670
#183 0x000055612a533527 in Py_BytesMain (argc=<optimized out>, argv=<optimized out>) at /usr/local/src/conda/python-3.10.12/Modules/main.c:1090
#184 0x00007fe1fc2295d0 in __libc_start_call_main () from /lib64/libc.so.6
#185 0x00007fe1fc229680 in __libc_start_main_impl () from /lib64/libc.so.6
#186 0x000055612a533421 in _start ()
===========================================================


The lines below might hint at the cause of the crash. If you see question
marks as part of the stack trace, try to recompile with debugging information
enabled and export CLING_DEBUG=1 environment variable before running.
You may get help by asking at the ROOT forum https://root.cern/forum
preferably using the command (.forum bug) in the ROOT prompt.
Only if you are really convinced it is a bug in ROOT then please submit a
report at https://root.cern/bugs or (preferably) using the command (.gh bug) in
the ROOT prompt. Please post the ENTIRE stack trace
from above as an attachment in addition to anything else
that might help us fixing this issue.
===========================================================
#6  _PyObject_IS_GC (obj=0x1) at /usr/local/src/conda/python-3.10.12/Include/internal/pycore_object.h:165
#7  visit_decref (op=0x1, parent=0x55612e659da0) at /usr/local/src/conda/python-3.10.12/Modules/gcmodule.c:456
#8  0x000055612a490144 in subtract_refs (containers=<optimized out>) at /usr/local/src/conda/python-3.10.12/Modules/gcmodule.c:482
#9  deduce_unreachable (base=base
entry=0x55612c4f8680, unreachable=unreachable
entry=0x7ffefa115510) at /usr/local/src/conda/python-3.10.12/Modules/gcmodule.c:1105
#10 0x000055612a48ee98 in gc_collect_main (tstate=tstate
entry=0x55612c514cf0, generation=generation
entry=0, n_collected=n_collected
entry=0x7ffefa1155f0, n_uncollectable=n_uncollectable
entry=0x7ffefa1155e8, nofail=nofail
entry=0) at /usr/local/src/conda/python-3.10.12/Modules/gcmodule.c:1239
#11 0x000055612a53c4bb in gc_collect_with_callback (tstate=tstate
entry=0x55612c514cf0, generation=0) at /usr/local/src/conda/python-3.10.12/Modules/gcmodule.c:1413
#12 0x000055612a48480b in gc_collect_generations (tstate=0x55612c514cf0) at /usr/local/src/conda/python-3.10.12/Modules/gcmodule.c:1468
#13 _PyObject_GC_Alloc (basicsize=<optimized out>, use_calloc=0) at /usr/local/src/conda/python-3.10.12/Modules/gcmodule.c:2297
#14 _PyObject_GC_Malloc (basicsize=<optimized out>) at /usr/local/src/conda/python-3.10.12/Modules/gcmodule.c:2307
#15 _PyObject_GC_New (tp=0x7fe1dd8535c0 <CPyCppyy::CPPOverload_Type>) at /usr/local/src/conda/python-3.10.12/Modules/gcmodule.c:2319
#16 0x00007fe1dd7d6790 in CPyCppyy::(anonymous namespace)::mp_new(_typeobject*, _object*, _object*) () from /cvmfs/sft.cern.ch/lcg/app/releases/ROOT/6.32.04/x86_64-almalinux9.4-gcc114-opt/lib/libcppyy.so
#17 0x00007fe1dd7ff9e3 in CPyCppyy::BuildScopeProxyDict(unsigned long, _object*, unsigned int) () from /cvmfs/sft.cern.ch/lcg/app/releases/ROOT/6.32.04/x86_64-almalinux9.4-gcc114-opt/lib/libcppyy.so
#18 0x00007fe1dd8021a3 in CPyCppyy::CreateScopeProxy(std::__cxx11::basic_string<char, std::char_traits<char>, std::allocator<char> > const&, _object*, unsigned int) () from /cvmfs/sft.cern.ch/lcg/app/releases/ROOT/6.32.04/x86_64-almalinux9.4-gcc114-opt/lib/libcppyy.so
#19 0x00007fe1dd802dc5 in CPyCppyy::CreateScopeProxy(unsigned long, unsigned int) () from /cvmfs/sft.cern.ch/lcg/app/releases/ROOT/6.32.04/x86_64-almalinux9.4-gcc114-opt/lib/libcppyy.so
#20 0x00007fe1dd802e26 in CPyCppyy::BindCppObjectNoCast(void*, unsigned long, unsigned int) () from /cvmfs/sft.cern.ch/lcg/app/releases/ROOT/6.32.04/x86_64-almalinux9.4-gcc114-opt/lib/libcppyy.so
#21 0x00007fe1dd7cb930 in CPyCppyy::dm_get(CPyCppyy::CPPDataMember*, CPyCppyy::CPPInstance*, _object*) () from /cvmfs/sft.cern.ch/lcg/app/releases/ROOT/6.32.04/x86_64-almalinux9.4-gcc114-opt/lib/libcppyy.so
#22 0x000055612a4a472a in type_getattro (type=<optimized out>, name=<optimized out>) at /usr/local/src/conda/python-3.10.12/Objects/typeobject.c:3923
#23 0x00007fe1dd7de0e3 in CPyCppyy::meta_getattro(_object*, _object*) () from /cvmfs/sft.cern.ch/lcg/app/releases/ROOT/6.32.04/x86_64-almalinux9.4-gcc114-opt/lib/libcppyy.so
#24 0x000055612a4a9b92 in PyObject_GetAttr (v=v
entry=0x55612e70cc00, name=0x7fe1fbff9e70) at /usr/local/src/conda/python-3.10.12/Objects/object.c:932
#25 0x000055612a4a0f03 in _PyEval_EvalFrameDefault (tstate=<optimized out>, f=0x55612c570040, throwflag=<optimized out>) at /usr/local/src/conda/python-3.10.12/Python/ceval.c:3592
#26 0x000055612a4ac99c in _PyEval_EvalFrame (throwflag=0, f=0x55612c570040, tstate=0x55612c514cf0) at /usr/local/src/conda/python-3.10.12/Include/internal/pycore_ceval.h:46
#27 _PyEval_Vector (kwnames=<optimized out>, argcount=<optimized out>, args=<optimized out>, locals=0x0, con=0x7fe1fbd727b0, tstate=0x55612c514cf0) at /usr/local/src/conda/python-3.10.12/Python/ceval.c:5067
#28 _PyFunction_Vectorcall (func=0x7fe1fbd727a0, stack=<optimized out>, nargsf=<optimized out>, kwnames=<optimized out>) at /usr/local/src/conda/python-3.10.12/Objects/call.c:342
#29 0x000055612a49c850 in _PyObject_VectorcallTstate (kwnames=0x0, nargsf=<optimized out>, args=0x7fe1fbfacd08, callable=0x7fe1fbd727a0, tstate=0x55612c514cf0) at /usr/local/src/conda/python-3.10.12/Include/cpython/abstract.h:114
#30 PyObject_Vectorcall (kwnames=0x0, nargsf=<optimized out>, args=0x7fe1fbfacd08, callable=0x7fe1fbd727a0) at /usr/local/src/conda/python-3.10.12/Include/cpython/abstract.h:123
#31 call_function (kwnames=0x0, oparg=<optimized out>, pp_stack=<synthetic pointer>, trace_info=0x7ffefa115f80, tstate=<optimized out>) at /usr/local/src/conda/python-3.10.12/Python/ceval.c:5893
#32 _PyEval_EvalFrameDefault (tstate=<optimized out>, f=0x7fe1fbfacba0, throwflag=<optimized out>) at /usr/local/src/conda/python-3.10.12/Python/ceval.c:4213
#33 0x000055612a53ff90 in _PyEval_EvalFrame (throwflag=0, f=0x7fe1fbfacba0, tstate=0x55612c514cf0) at /usr/local/src/conda/python-3.10.12/Include/internal/pycore_ceval.h:46
#34 _PyEval_Vector (tstate=tstate
entry=0x55612c514cf0, con=con
entry=0x7ffefa116080, locals=locals
entry=0x7fe1fbd07f80, args=args
entry=0x0, argcount=argcount
entry=0, kwnames=kwnames
entry=0x0) at /usr/local/src/conda/python-3.10.12/Python/ceval.c:5067
#35 0x000055612a53fed7 in PyEval_EvalCode (co=co
entry=0x7fe1fbcf3680, globals=globals
entry=0x7fe1fbd07f80, locals=locals
entry=0x7fe1fbd07f80) at /usr/local/src/conda/python-3.10.12/Python/ceval.c:1134
#36 0x000055612a5470da in builtin_exec_impl (module=<optimized out>, locals=0x7fe1fbd07f80, globals=0x7fe1fbd07f80, source=0x7fe1fbcf3680) at /usr/local/src/conda/python-3.10.12/Python/bltinmodule.c:1058
#37 builtin_exec (module=<optimized out>, args=<optimized out>, nargs=<optimized out>) at /usr/local/src/conda/python-3.10.12/Python/clinic/bltinmodule.c.h:371
#38 0x000055612a4acb63 in cfunction_vectorcall_FASTCALL (func=0x7fe1fc4fce00, args=0x7fe1fbd04e98, nargsf=<optimized out>, kwnames=<optimized out>) at /usr/local/src/conda/python-3.10.12/Objects/methodobject.c:430
#39 0x000055612a4a234b in do_call_core (kwdict=0x7fe1fbcf4780, callargs=0x7fe1fbd04e80, func=0x7fe1fc4fce00, trace_info=0x7ffefa116250, tstate=<optimized out>) at /usr/local/src/conda/python-3.10.12/Python/ceval.c:5917
#40 _PyEval_EvalFrameDefault (tstate=<optimized out>, f=0x7fe1fc0668c0, throwflag=<optimized out>) at /usr/local/src/conda/python-3.10.12/Python/ceval.c:4277
#41 0x000055612a4ac99c in _PyEval_EvalFrame (throwflag=0, f=0x7fe1fc0668c0, tstate=0x55612c514cf0) at /usr/local/src/conda/python-3.10.12/Include/internal/pycore_ceval.h:46
#42 _PyEval_Vector (kwnames=<optimized out>, argcount=<optimized out>, args=<optimized out>, locals=0x0, con=0x7fe1fc4c5520, tstate=0x55612c514cf0) at /usr/local/src/conda/python-3.10.12/Python/ceval.c:5067
#43 _PyFunction_Vectorcall (func=0x7fe1fc4c5510, stack=<optimized out>, nargsf=<optimized out>, kwnames=<optimized out>) at /usr/local/src/conda/python-3.10.12/Objects/call.c:342
#44 0x000055612a4a1142 in _PyObject_VectorcallTstate (kwnames=0x0, nargsf=<optimized out>, args=0x7fe1fc05dc08, callable=0x7fe1fc4c5510, tstate=0x55612c514cf0) at /usr/local/src/conda/python-3.10.12/Include/cpython/abstract.h:114
#45 PyObject_Vectorcall (kwnames=0x0, nargsf=<optimized out>, args=0x7fe1fc05dc08, callable=0x7fe1fc4c5510) at /usr/local/src/conda/python-3.10.12/Include/cpython/abstract.h:123
#46 call_function (kwnames=0x0, oparg=<optimized out>, pp_stack=<synthetic pointer>, trace_info=0x7ffefa116400, tstate=<optimized out>) at /usr/local/src/conda/python-3.10.12/Python/ceval.c:5893
#47 _PyEval_EvalFrameDefault (tstate=<optimized out>, f=0x7fe1fc05da80, throwflag=<optimized out>) at /usr/local/src/conda/python-3.10.12/Python/ceval.c:4181
#48 0x000055612a4ac99c in _PyEval_EvalFrame (throwflag=0, f=0x7fe1fc05da80, tstate=0x55612c514cf0) at /usr/local/src/conda/python-3.10.12/Include/internal/pycore_ceval.h:46
#49 _PyEval_Vector (kwnames=<optimized out>, argcount=<optimized out>, args=<optimized out>, locals=0x0, con=0x7fe1fc549760, tstate=0x55612c514cf0) at /usr/local/src/conda/python-3.10.12/Python/ceval.c:5067
#50 _PyFunction_Vectorcall (func=0x7fe1fc549750, stack=<optimized out>, nargsf=<optimized out>, kwnames=<optimized out>) at /usr/local/src/conda/python-3.10.12/Objects/call.c:342
#51 0x000055612a49cc5c in _PyObject_VectorcallTstate (kwnames=0x0, nargsf=<optimized out>, args=0x7fe1fc523dd0, callable=0x7fe1fc549750, tstate=0x55612c514cf0) at /usr/local/src/conda/python-3.10.12/Include/cpython/abstract.h:114
#52 PyObject_Vectorcall (kwnames=0x0, nargsf=<optimized out>, args=0x7fe1fc523dd0, callable=0x7fe1fc549750) at /usr/local/src/conda/python-3.10.12/Include/cpython/abstract.h:123
#53 call_function (kwnames=0x0, oparg=<optimized out>, pp_stack=<synthetic pointer>, trace_info=0x7ffefa1165b0, tstate=<optimized out>) at /usr/local/src/conda/python-3.10.12/Python/ceval.c:5893
#54 _PyEval_EvalFrameDefault (tstate=<optimized out>, f=0x7fe1fc523c50, throwflag=<optimized out>) at /usr/local/src/conda/python-3.10.12/Python/ceval.c:4198
#55 0x000055612a4ac99c in _PyEval_EvalFrame (throwflag=0, f=0x7fe1fc523c50, tstate=0x55612c514cf0) at /usr/local/src/conda/python-3.10.12/Include/internal/pycore_ceval.h:46
#56 _PyEval_Vector (kwnames=<optimized out>, argcount=<optimized out>, args=<optimized out>, locals=0x0, con=0x7fe1fc4c60f0, tstate=0x55612c514cf0) at /usr/local/src/conda/python-3.10.12/Python/ceval.c:5067
#57 _PyFunction_Vectorcall (func=0x7fe1fc4c60e0, stack=<optimized out>, nargsf=<optimized out>, kwnames=<optimized out>) at /usr/local/src/conda/python-3.10.12/Objects/call.c:342
#58 0x000055612a49c850 in _PyObject_VectorcallTstate (kwnames=0x0, nargsf=<optimized out>, args=0x7fe1fbd141f0, callable=0x7fe1fc4c60e0, tstate=0x55612c514cf0) at /usr/local/src/conda/python-3.10.12/Include/cpython/abstract.h:114
#59 PyObject_Vectorcall (kwnames=0x0, nargsf=<optimized out>, args=0x7fe1fbd141f0, callable=0x7fe1fc4c60e0) at /usr/local/src/conda/python-3.10.12/Include/cpython/abstract.h:123
#60 call_function (kwnames=0x0, oparg=<optimized out>, pp_stack=<synthetic pointer>, trace_info=0x7ffefa116760, tstate=<optimized out>) at /usr/local/src/conda/python-3.10.12/Python/ceval.c:5893
#61 _PyEval_EvalFrameDefault (tstate=<optimized out>, f=0x7fe1fbd14040, throwflag=<optimized out>) at /usr/local/src/conda/python-3.10.12/Python/ceval.c:4213
#62 0x000055612a4ac99c in _PyEval_EvalFrame (throwflag=0, f=0x7fe1fbd14040, tstate=0x55612c514cf0) at /usr/local/src/conda/python-3.10.12/Include/internal/pycore_ceval.h:46
#63 _PyEval_Vector (kwnames=<optimized out>, argcount=<optimized out>, args=<optimized out>, locals=0x0, con=0x7fe1fc4c72f0, tstate=0x55612c514cf0) at /usr/local/src/conda/python-3.10.12/Python/ceval.c:5067
#64 _PyFunction_Vectorcall (func=0x7fe1fc4c72e0, stack=<optimized out>, nargsf=<optimized out>, kwnames=<optimized out>) at /usr/local/src/conda/python-3.10.12/Objects/call.c:342
#65 0x000055612a49c850 in _PyObject_VectorcallTstate (kwnames=0x0, nargsf=<optimized out>, args=0x7fe1fc0f9850, callable=0x7fe1fc4c72e0, tstate=0x55612c514cf0) at /usr/local/src/conda/python-3.10.12/Include/cpython/abstract.h:114
#66 PyObject_Vectorcall (kwnames=0x0, nargsf=<optimized out>, args=0x7fe1fc0f9850, callable=0x7fe1fc4c72e0) at /usr/local/src/conda/python-3.10.12/Include/cpython/abstract.h:123
#67 call_function (kwnames=0x0, oparg=<optimized out>, pp_stack=<synthetic pointer>, trace_info=0x7ffefa116910, tstate=<optimized out>) at /usr/local/src/conda/python-3.10.12/Python/ceval.c:5893
#68 _PyEval_EvalFrameDefault (tstate=<optimized out>, f=0x7fe1fc0f96c0, throwflag=<optimized out>) at /usr/local/src/conda/python-3.10.12/Python/ceval.c:4213
#69 0x000055612a4ac99c in _PyEval_EvalFrame (throwflag=0, f=0x7fe1fc0f96c0, tstate=0x55612c514cf0) at /usr/local/src/conda/python-3.10.12/Include/internal/pycore_ceval.h:46
#70 _PyEval_Vector (kwnames=<optimized out>, argcount=<optimized out>, args=<optimized out>, locals=0x0, con=0x7fe1fc4c7380, tstate=0x55612c514cf0) at /usr/local/src/conda/python-3.10.12/Python/ceval.c:5067
#71 _PyFunction_Vectorcall (func=0x7fe1fc4c7370, stack=<optimized out>, nargsf=<optimized out>, kwnames=<optimized out>) at /usr/local/src/conda/python-3.10.12/Objects/call.c:342
#72 0x000055612a4ac178 in _PyObject_VectorcallTstate (kwnames=0x0, nargsf=2, args=0x7ffefa116a40, callable=0x7fe1fc4c7370, tstate=0x55612c514cf0) at /usr/local/src/conda/python-3.10.12/Include/cpython/abstract.h:114
#73 object_vacall (tstate=tstate
entry=0x55612c514cf0, base=base
entry=0x0, callable=callable
entry=0x7fe1fc4c7370, vargs=vargs
entry=0x7ffefa116ad0) at /usr/local/src/conda/python-3.10.12/Objects/call.c:734
#74 0x000055612a4ba35b in _PyObject_CallMethodIdObjArgs (obj=0x0, name=name
entry=0x55612a6e4b00 <PyId__find_and_load.6>) at /usr/local/src/conda/python-3.10.12/Objects/call.c:825
#75 0x000055612a3dc909 in import_find_and_load (abs_name=0x7fe1fbfea060, tstate=0x55612c514cf0) at /usr/local/src/conda/python-3.10.12/Python/import.c:1522
#76 PyImport_ImportModuleLevelObject (name=name
entry=0x7fe1fbff8370, globals=<optimized out>, locals=<optimized out>, fromlist=fromlist
entry=0x7fe1fbff7880, level=1) at /usr/local/src/conda/python-3.10.12/Python/import.c:1623
#77 0x000055612a4a0368 in import_name (level=0x7fe1fc4640f0, fromlist=0x7fe1fbff7880, name=0x7fe1fbff8370, f=0x7fe1fc06df10, tstate=<optimized out>) at /usr/local/src/conda/python-3.10.12/Python/ceval.c:6018
#78 _PyEval_EvalFrameDefault (tstate=<optimized out>, f=0x7fe1fc06df10, throwflag=<optimized out>) at /usr/local/src/conda/python-3.10.12/Python/ceval.c:3695
#79 0x000055612a53ff90 in _PyEval_EvalFrame (throwflag=0, f=0x7fe1fc06df10, tstate=0x55612c514cf0) at /usr/local/src/conda/python-3.10.12/Include/internal/pycore_ceval.h:46
#80 _PyEval_Vector (tstate=tstate
entry=0x55612c514cf0, con=con
entry=0x7ffefa116e50, locals=locals
entry=0x7fe1fbfee600, args=args
entry=0x0, argcount=argcount
entry=0, kwnames=kwnames
entry=0x0) at /usr/local/src/conda/python-3.10.12/Python/ceval.c:5067
#81 0x000055612a53fed7 in PyEval_EvalCode (co=co
entry=0x7fe1fbd11630, globals=globals
entry=0x7fe1fbfee600, locals=locals
entry=0x7fe1fbfee600) at /usr/local/src/conda/python-3.10.12/Python/ceval.c:1134
#82 0x000055612a5470da in builtin_exec_impl (module=<optimized out>, locals=0x7fe1fbfee600, globals=0x7fe1fbfee600, source=0x7fe1fbd11630) at /usr/local/src/conda/python-3.10.12/Python/bltinmodule.c:1058
#83 builtin_exec (module=<optimized out>, args=<optimized out>, nargs=<optimized out>) at /usr/local/src/conda/python-3.10.12/Python/clinic/bltinmodule.c.h:371
#84 0x000055612a4acb63 in cfunction_vectorcall_FASTCALL (func=0x7fe1fc4fce00, args=0x7fe1fbff88d8, nargsf=<optimized out>, kwnames=<optimized out>) at /usr/local/src/conda/python-3.10.12/Objects/methodobject.c:430
#85 0x000055612a4a234b in do_call_core (kwdict=0x7fe1fbfee740, callargs=0x7fe1fbff88c0, func=0x7fe1fc4fce00, trace_info=0x7ffefa117020, tstate=<optimized out>) at /usr/local/src/conda/python-3.10.12/Python/ceval.c:5917
#86 _PyEval_EvalFrameDefault (tstate=<optimized out>, f=0x7fe1fc52b4c0, throwflag=<optimized out>) at /usr/local/src/conda/python-3.10.12/Python/ceval.c:4277
#87 0x000055612a4ac99c in _PyEval_EvalFrame (throwflag=0, f=0x7fe1fc52b4c0, tstate=0x55612c514cf0) at /usr/local/src/conda/python-3.10.12/Include/internal/pycore_ceval.h:46
#88 _PyEval_Vector (kwnames=<optimized out>, argcount=<optimized out>, args=<optimized out>, locals=0x0, con=0x7fe1fc4c5520, tstate=0x55612c514cf0) at /usr/local/src/conda/python-3.10.12/Python/ceval.c:5067
#89 _PyFunction_Vectorcall (func=0x7fe1fc4c5510, stack=<optimized out>, nargsf=<optimized out>, kwnames=<optimized out>) at /usr/local/src/conda/python-3.10.12/Objects/call.c:342
#90 0x000055612a4a1142 in _PyObject_VectorcallTstate (kwnames=0x0, nargsf=<optimized out>, args=0x7fe1fc5222b8, callable=0x7fe1fc4c5510, tstate=0x55612c514cf0) at /usr/local/src/conda/python-3.10.12/Include/cpython/abstract.h:114
#91 PyObject_Vectorcall (kwnames=0x0, nargsf=<optimized out>, args=0x7fe1fc5222b8, callable=0x7fe1fc4c5510) at /usr/local/src/conda/python-3.10.12/Include/cpython/abstract.h:123
#92 call_function (kwnames=0x0, oparg=<optimized out>, pp_stack=<synthetic pointer>, trace_info=0x7ffefa1171d0, tstate=<optimized out>) at /usr/local/src/conda/python-3.10.12/Python/ceval.c:5893
#93 _PyEval_EvalFrameDefault (tstate=<optimized out>, f=0x7fe1fc522130, throwflag=<optimized out>) at /usr/local/src/conda/python-3.10.12/Python/ceval.c:4181
#94 0x000055612a4ac99c in _PyEval_EvalFrame (throwflag=0, f=0x7fe1fc522130, tstate=0x55612c514cf0) at /usr/local/src/conda/python-3.10.12/Include/internal/pycore_ceval.h:46
#95 _PyEval_Vector (kwnames=<optimized out>, argcount=<optimized out>, args=<optimized out>, locals=0x0, con=0x7fe1fc549760, tstate=0x55612c514cf0) at /usr/local/src/conda/python-3.10.12/Python/ceval.c:5067
#96 _PyFunction_Vectorcall (func=0x7fe1fc549750, stack=<optimized out>, nargsf=<optimized out>, kwnames=<optimized out>) at /usr/local/src/conda/python-3.10.12/Objects/call.c:342
#97 0x000055612a49cc5c in _PyObject_VectorcallTstate (kwnames=0x0, nargsf=<optimized out>, args=0x7fe1fc1cefc0, callable=0x7fe1fc549750, tstate=0x55612c514cf0) at /usr/local/src/conda/python-3.10.12/Include/cpython/abstract.h:114
#98 PyObject_Vectorcall (kwnames=0x0, nargsf=<optimized out>, args=0x7fe1fc1cefc0, callable=0x7fe1fc549750) at /usr/local/src/conda/python-3.10.12/Include/cpython/abstract.h:123
#99 call_function (kwnames=0x0, oparg=<optimized out>, pp_stack=<synthetic pointer>, trace_info=0x7ffefa117380, tstate=<optimized out>) at /usr/local/src/conda/python-3.10.12/Python/ceval.c:5893
#100 _PyEval_EvalFrameDefault (tstate=<optimized out>, f=0x7fe1fc1cee40, throwflag=<optimized out>) at /usr/local/src/conda/python-3.10.12/Python/ceval.c:4198
#101 0x000055612a4ac99c in _PyEval_EvalFrame (throwflag=0, f=0x7fe1fc1cee40, tstate=0x55612c514cf0) at /usr/local/src/conda/python-3.10.12/Include/internal/pycore_ceval.h:46
#102 _PyEval_Vector (kwnames=<optimized out>, argcount=<optimized out>, args=<optimized out>, locals=0x0, con=0x7fe1fc4c60f0, tstate=0x55612c514cf0) at /usr/local/src/conda/python-3.10.12/Python/ceval.c:5067
#103 _PyFunction_Vectorcall (func=0x7fe1fc4c60e0, stack=<optimized out>, nargsf=<optimized out>, kwnames=<optimized out>) at /usr/local/src/conda/python-3.10.12/Objects/call.c:342
#104 0x000055612a49c850 in _PyObject_VectorcallTstate (kwnames=0x0, nargsf=<optimized out>, args=0x7fe1fc1ce3f0, callable=0x7fe1fc4c60e0, tstate=0x55612c514cf0) at /usr/local/src/conda/python-3.10.12/Include/cpython/abstract.h:114
#105 PyObject_Vectorcall (kwnames=0x0, nargsf=<optimized out>, args=0x7fe1fc1ce3f0, callable=0x7fe1fc4c60e0) at /usr/local/src/conda/python-3.10.12/Include/cpython/abstract.h:123
#106 call_function (kwnames=0x0, oparg=<optimized out>, pp_stack=<synthetic pointer>, trace_info=0x7ffefa117530, tstate=<optimized out>) at /usr/local/src/conda/python-3.10.12/Python/ceval.c:5893
#107 _PyEval_EvalFrameDefault (tstate=<optimized out>, f=0x7fe1fc1ce240, throwflag=<optimized out>) at /usr/local/src/conda/python-3.10.12/Python/ceval.c:4213
#108 0x000055612a4ac99c in _PyEval_EvalFrame (throwflag=0, f=0x7fe1fc1ce240, tstate=0x55612c514cf0) at /usr/local/src/conda/python-3.10.12/Include/internal/pycore_ceval.h:46
#109 _PyEval_Vector (kwnames=<optimized out>, argcount=<optimized out>, args=<optimized out>, locals=0x0, con=0x7fe1fc4c72f0, tstate=0x55612c514cf0) at /usr/local/src/conda/python-3.10.12/Python/ceval.c:5067
#110 _PyFunction_Vectorcall (func=0x7fe1fc4c72e0, stack=<optimized out>, nargsf=<optimized out>, kwnames=<optimized out>) at /usr/local/src/conda/python-3.10.12/Objects/call.c:342
#111 0x000055612a49c850 in _PyObject_VectorcallTstate (kwnames=0x0, nargsf=<optimized out>, args=0x7fe1fc0f8950, callable=0x7fe1fc4c72e0, tstate=0x55612c514cf0) at /usr/local/src/conda/python-3.10.12/Include/cpython/abstract.h:114
#112 PyObject_Vectorcall (kwnames=0x0, nargsf=<optimized out>, args=0x7fe1fc0f8950, callable=0x7fe1fc4c72e0) at /usr/local/src/conda/python-3.10.12/Include/cpython/abstract.h:123
#113 call_function (kwnames=0x0, oparg=<optimized out>, pp_stack=<synthetic pointer>, trace_info=0x7ffefa1176e0, tstate=<optimized out>) at /usr/local/src/conda/python-3.10.12/Python/ceval.c:5893
#114 _PyEval_EvalFrameDefault (tstate=<optimized out>, f=0x7fe1fc0f87c0, throwflag=<optimized out>) at /usr/local/src/conda/python-3.10.12/Python/ceval.c:4213
#115 0x000055612a4ac99c in _PyEval_EvalFrame (throwflag=0, f=0x7fe1fc0f87c0, tstate=0x55612c514cf0) at /usr/local/src/conda/python-3.10.12/Include/internal/pycore_ceval.h:46
#116 _PyEval_Vector (kwnames=<optimized out>, argcount=<optimized out>, args=<optimized out>, locals=0x0, con=0x7fe1fc4c7380, tstate=0x55612c514cf0) at /usr/local/src/conda/python-3.10.12/Python/ceval.c:5067
#117 _PyFunction_Vectorcall (func=0x7fe1fc4c7370, stack=<optimized out>, nargsf=<optimized out>, kwnames=<optimized out>) at /usr/local/src/conda/python-3.10.12/Objects/call.c:342
#118 0x000055612a4ac178 in _PyObject_VectorcallTstate (kwnames=0x0, nargsf=2, args=0x7ffefa117810, callable=0x7fe1fc4c7370, tstate=0x55612c514cf0) at /usr/local/src/conda/python-3.10.12/Include/cpython/abstract.h:114
#119 object_vacall (tstate=tstate
entry=0x55612c514cf0, base=base
entry=0x0, callable=callable
entry=0x7fe1fc4c7370, vargs=vargs
entry=0x7ffefa1178a0) at /usr/local/src/conda/python-3.10.12/Objects/call.c:734
#120 0x000055612a4ba35b in _PyObject_CallMethodIdObjArgs (obj=0x0, name=name
entry=0x55612a6e4b00 <PyId__find_and_load.6>) at /usr/local/src/conda/python-3.10.12/Objects/call.c:825
#121 0x000055612a3dc909 in import_find_and_load (abs_name=0x7fe1fbfed5f0, tstate=0x55612c514cf0) at /usr/local/src/conda/python-3.10.12/Python/import.c:1522
#122 PyImport_ImportModuleLevelObject (name=name
entry=0x7fe1fbfed5f0, globals=<optimized out>, locals=<optimized out>, fromlist=fromlist
entry=0x55612a6ec7e0 <_Py_NoneStruct>, level=0) at /usr/local/src/conda/python-3.10.12/Python/import.c:1623
#123 0x000055612a4a0368 in import_name (level=0x7fe1fc4640d0, fromlist=0x55612a6ec7e0 <_Py_NoneStruct>, name=0x7fe1fbfed5f0, f=0x7fe1fc1cea40, tstate=<optimized out>) at /usr/local/src/conda/python-3.10.12/Python/ceval.c:6018
#124 _PyEval_EvalFrameDefault (tstate=<optimized out>, f=0x7fe1fc1cea40, throwflag=<optimized out>) at /usr/local/src/conda/python-3.10.12/Python/ceval.c:3695
#125 0x000055612a53ff90 in _PyEval_EvalFrame (throwflag=0, f=0x7fe1fc1cea40, tstate=0x55612c514cf0) at /usr/local/src/conda/python-3.10.12/Include/internal/pycore_ceval.h:46
#126 _PyEval_Vector (tstate=tstate
entry=0x55612c514cf0, con=con
entry=0x7ffefa117c20, locals=locals
entry=0x7fe1fc035080, args=args
entry=0x0, argcount=argcount
entry=0, kwnames=kwnames
entry=0x0) at /usr/local/src/conda/python-3.10.12/Python/ceval.c:5067
#127 0x000055612a53fed7 in PyEval_EvalCode (co=co
entry=0x7fe1fbfde810, globals=globals
entry=0x7fe1fc035080, locals=locals
entry=0x7fe1fc035080) at /usr/local/src/conda/python-3.10.12/Python/ceval.c:1134
#128 0x000055612a5470da in builtin_exec_impl (module=<optimized out>, locals=0x7fe1fc035080, globals=0x7fe1fc035080, source=0x7fe1fbfde810) at /usr/local/src/conda/python-3.10.12/Python/bltinmodule.c:1058
#129 builtin_exec (module=<optimized out>, args=<optimized out>, nargs=<optimized out>) at /usr/local/src/conda/python-3.10.12/Python/clinic/bltinmodule.c.h:371
#130 0x000055612a4acb63 in cfunction_vectorcall_FASTCALL (func=0x7fe1fc4fce00, args=0x7fe1fbfed2d8, nargsf=<optimized out>, kwnames=<optimized out>) at /usr/local/src/conda/python-3.10.12/Objects/methodobject.c:430
#131 0x000055612a4a234b in do_call_core (kwdict=0x7fe1fbfed340, callargs=0x7fe1fbfed2c0, func=0x7fe1fc4fce00, trace_info=0x7ffefa117df0, tstate=<optimized out>) at /usr/local/src/conda/python-3.10.12/Python/ceval.c:5917
#132 _PyEval_EvalFrameDefault (tstate=<optimized out>, f=0x7fe1fc066200, throwflag=<optimized out>) at /usr/local/src/conda/python-3.10.12/Python/ceval.c:4277
#133 0x000055612a4ac99c in _PyEval_EvalFrame (throwflag=0, f=0x7fe1fc066200, tstate=0x55612c514cf0) at /usr/local/src/conda/python-3.10.12/Include/internal/pycore_ceval.h:46
#134 _PyEval_Vector (kwnames=<optimized out>, argcount=<optimized out>, args=<optimized out>, locals=0x0, con=0x7fe1fc4c5520, tstate=0x55612c514cf0) at /usr/local/src/conda/python-3.10.12/Python/ceval.c:5067
#135 _PyFunction_Vectorcall (func=0x7fe1fc4c5510, stack=<optimized out>, nargsf=<optimized out>, kwnames=<optimized out>) at /usr/local/src/conda/python-3.10.12/Objects/call.c:342
#136 0x000055612a4a1142 in _PyObject_VectorcallTstate (kwnames=0x0, nargsf=<optimized out>, args=0x7fe1fc05cc48, callable=0x7fe1fc4c5510, tstate=0x55612c514cf0) at /usr/local/src/conda/python-3.10.12/Include/cpython/abstract.h:114
#137 PyObject_Vectorcall (kwnames=0x0, nargsf=<optimized out>, args=0x7fe1fc05cc48, callable=0x7fe1fc4c5510) at /usr/local/src/conda/python-3.10.12/Include/cpython/abstract.h:123
#138 call_function (kwnames=0x0, oparg=<optimized out>, pp_stack=<synthetic pointer>, trace_info=0x7ffefa117fa0, tstate=<optimized out>) at /usr/local/src/conda/python-3.10.12/Python/ceval.c:5893
#139 _PyEval_EvalFrameDefault (tstate=<optimized out>, f=0x7fe1fc05cac0, throwflag=<optimized out>) at /usr/local/src/conda/python-3.10.12/Python/ceval.c:4181
#140 0x000055612a4ac99c in _PyEval_EvalFrame (throwflag=0, f=0x7fe1fc05cac0, tstate=0x55612c514cf0) at /usr/local/src/conda/python-3.10.12/Include/internal/pycore_ceval.h:46
#141 _PyEval_Vector (kwnames=<optimized out>, argcount=<optimized out>, args=<optimized out>, locals=0x0, con=0x7fe1fc549760, tstate=0x55612c514cf0) at /usr/local/src/conda/python-3.10.12/Python/ceval.c:5067
#142 _PyFunction_Vectorcall (func=0x7fe1fc549750, stack=<optimized out>, nargsf=<optimized out>, kwnames=<optimized out>) at /usr/local/src/conda/python-3.10.12/Objects/call.c:342
#143 0x000055612a49cc5c in _PyObject_VectorcallTstate (kwnames=0x0, nargsf=<optimized out>, args=0x7fe1fc523040, callable=0x7fe1fc549750, tstate=0x55612c514cf0) at /usr/local/src/conda/python-3.10.12/Include/cpython/abstract.h:114
#144 PyObject_Vectorcall (kwnames=0x0, nargsf=<optimized out>, args=0x7fe1fc523040, callable=0x7fe1fc549750) at /usr/local/src/conda/python-3.10.12/Include/cpython/abstract.h:123
#145 call_function (kwnames=0x0, oparg=<optimized out>, pp_stack=<synthetic pointer>, trace_info=0x7ffefa118150, tstate=<optimized out>) at /usr/local/src/conda/python-3.10.12/Python/ceval.c:5893
#146 _PyEval_EvalFrameDefault (tstate=<optimized out>, f=0x7fe1fc522ec0, throwflag=<optimized out>) at /usr/local/src/conda/python-3.10.12/Python/ceval.c:4198
#147 0x000055612a4ac99c in _PyEval_EvalFrame (throwflag=0, f=0x7fe1fc522ec0, tstate=0x55612c514cf0) at /usr/local/src/conda/python-3.10.12/Include/internal/pycore_ceval.h:46
#148 _PyEval_Vector (kwnames=<optimized out>, argcount=<optimized out>, args=<optimized out>, locals=0x0, con=0x7fe1fc4c60f0, tstate=0x55612c514cf0) at /usr/local/src/conda/python-3.10.12/Python/ceval.c:5067
#149 _PyFunction_Vectorcall (func=0x7fe1fc4c60e0, stack=<optimized out>, nargsf=<optimized out>, kwnames=<optimized out>) at /usr/local/src/conda/python-3.10.12/Objects/call.c:342
#150 0x000055612a49c850 in _PyObject_VectorcallTstate (kwnames=0x0, nargsf=<optimized out>, args=0x7fe1fc1ce5f0, callable=0x7fe1fc4c60e0, tstate=0x55612c514cf0) at /usr/local/src/conda/python-3.10.12/Include/cpython/abstract.h:114
#151 PyObject_Vectorcall (kwnames=0x0, nargsf=<optimized out>, args=0x7fe1fc1ce5f0, callable=0x7fe1fc4c60e0) at /usr/local/src/conda/python-3.10.12/Include/cpython/abstract.h:123
#152 call_function (kwnames=0x0, oparg=<optimized out>, pp_stack=<synthetic pointer>, trace_info=0x7ffefa118300, tstate=<optimized out>) at /usr/local/src/conda/python-3.10.12/Python/ceval.c:5893
#153 _PyEval_EvalFrameDefault (tstate=<optimized out>, f=0x7fe1fc1ce440, throwflag=<optimized out>) at /usr/local/src/conda/python-3.10.12/Python/ceval.c:4213
#154 0x000055612a4ac99c in _PyEval_EvalFrame (throwflag=0, f=0x7fe1fc1ce440, tstate=0x55612c514cf0) at /usr/local/src/conda/python-3.10.12/Include/internal/pycore_ceval.h:46
#155 _PyEval_Vector (kwnames=<optimized out>, argcount=<optimized out>, args=<optimized out>, locals=0x0, con=0x7fe1fc4c72f0, tstate=0x55612c514cf0) at /usr/local/src/conda/python-3.10.12/Python/ceval.c:5067
#156 _PyFunction_Vectorcall (func=0x7fe1fc4c72e0, stack=<optimized out>, nargsf=<optimized out>, kwnames=<optimized out>) at /usr/local/src/conda/python-3.10.12/Objects/call.c:342
#157 0x000055612a49c850 in _PyObject_VectorcallTstate (kwnames=0x0, nargsf=<optimized out>, args=0x7fe1fc0f90d0, callable=0x7fe1fc4c72e0, tstate=0x55612c514cf0) at /usr/local/src/conda/python-3.10.12/Include/cpython/abstract.h:114
#158 PyObject_Vectorcall (kwnames=0x0, nargsf=<optimized out>, args=0x7fe1fc0f90d0, callable=0x7fe1fc4c72e0) at /usr/local/src/conda/python-3.10.12/Include/cpython/abstract.h:123
#159 call_function (kwnames=0x0, oparg=<optimized out>, pp_stack=<synthetic pointer>, trace_info=0x7ffefa1184b0, tstate=<optimized out>) at /usr/local/src/conda/python-3.10.12/Python/ceval.c:5893
#160 _PyEval_EvalFrameDefault (tstate=<optimized out>, f=0x7fe1fc0f8f40, throwflag=<optimized out>) at /usr/local/src/conda/python-3.10.12/Python/ceval.c:4213
#161 0x000055612a4ac99c in _PyEval_EvalFrame (throwflag=0, f=0x7fe1fc0f8f40, tstate=0x55612c514cf0) at /usr/local/src/conda/python-3.10.12/Include/internal/pycore_ceval.h:46
#162 _PyEval_Vector (kwnames=<optimized out>, argcount=<optimized out>, args=<optimized out>, locals=0x0, con=0x7fe1fc4c7380, tstate=0x55612c514cf0) at /usr/local/src/conda/python-3.10.12/Python/ceval.c:5067
#163 _PyFunction_Vectorcall (func=0x7fe1fc4c7370, stack=<optimized out>, nargsf=<optimized out>, kwnames=<optimized out>) at /usr/local/src/conda/python-3.10.12/Objects/call.c:342
#164 0x000055612a4ac178 in _PyObject_VectorcallTstate (kwnames=0x0, nargsf=2, args=0x7ffefa1185e0, callable=0x7fe1fc4c7370, tstate=0x55612c514cf0) at /usr/local/src/conda/python-3.10.12/Include/cpython/abstract.h:114
#165 object_vacall (tstate=tstate
entry=0x55612c514cf0, base=base
entry=0x0, callable=callable
entry=0x7fe1fc4c7370, vargs=vargs
entry=0x7ffefa118670) at /usr/local/src/conda/python-3.10.12/Objects/call.c:734
#166 0x000055612a4ba35b in _PyObject_CallMethodIdObjArgs (obj=0x0, name=name
entry=0x55612a6e4b00 <PyId__find_and_load.6>) at /usr/local/src/conda/python-3.10.12/Objects/call.c:825
#167 0x000055612a3dc909 in import_find_and_load (abs_name=0x7fe1fc1a0d70, tstate=0x55612c514cf0) at /usr/local/src/conda/python-3.10.12/Python/import.c:1522
#168 PyImport_ImportModuleLevelObject (name=name
entry=0x7fe1fc1a0d70, globals=<optimized out>, locals=<optimized out>, fromlist=fromlist
entry=0x55612a6ec7e0 <_Py_NoneStruct>, level=0) at /usr/local/src/conda/python-3.10.12/Python/import.c:1623
#169 0x000055612a4a0368 in import_name (level=0x7fe1fc4640d0, fromlist=0x55612a6ec7e0 <_Py_NoneStruct>, name=0x7fe1fc1a0d70, f=0x7fe1fc48dc40, tstate=<optimized out>) at /usr/local/src/conda/python-3.10.12/Python/ceval.c:6018
#170 _PyEval_EvalFrameDefault (tstate=<optimized out>, f=0x7fe1fc48dc40, throwflag=<optimized out>) at /usr/local/src/conda/python-3.10.12/Python/ceval.c:3695
#171 0x000055612a53ff90 in _PyEval_EvalFrame (throwflag=0, f=0x7fe1fc48dc40, tstate=0x55612c514cf0) at /usr/local/src/conda/python-3.10.12/Include/internal/pycore_ceval.h:46
#172 _PyEval_Vector (tstate=tstate
entry=0x55612c514cf0, con=con
entry=0x7ffefa1189f0, locals=locals
entry=0x7fe1fc145dc0, args=args
entry=0x0, argcount=argcount
entry=0, kwnames=kwnames
entry=0x0) at /usr/local/src/conda/python-3.10.12/Python/ceval.c:5067
#173 0x000055612a53fed7 in PyEval_EvalCode (co=co
entry=0x7fe1fc0083a0, globals=globals
entry=0x7fe1fc145dc0, locals=locals
entry=0x7fe1fc145dc0) at /usr/local/src/conda/python-3.10.12/Python/ceval.c:1134
#174 0x000055612a57042a in run_eval_code_obj (tstate=tstate
entry=0x55612c514cf0, co=co
entry=0x7fe1fc0083a0, globals=globals
entry=0x7fe1fc145dc0, locals=locals
entry=0x7fe1fc145dc0) at /usr/local/src/conda/python-3.10.12/Python/pythonrun.c:1291
#175 0x000055612a56b833 in run_mod (mod=mod
entry=0x55612c641500, filename=filename
entry=0x7fe1fc01d980, globals=globals
entry=0x7fe1fc145dc0, locals=locals
entry=0x7fe1fc145dc0, flags=flags
entry=0x7ffefa118bd8, arena=arena
entry=0x7fe1fc1026f0) at /usr/local/src/conda/python-3.10.12/Python/pythonrun.c:1312
#176 0x000055612a4026cd in pyrun_file (fp=fp
entry=0x55612c4f4370, filename=filename
entry=0x7fe1fc01d980, start=start
entry=257, globals=globals
entry=0x7fe1fc145dc0, locals=locals
entry=0x7fe1fc145dc0, closeit=closeit
entry=1, flags=0x7ffefa118bd8) at /usr/local/src/conda/python-3.10.12/Python/pythonrun.c:1208
#177 0x000055612a565d1e in _PyRun_SimpleFileObject (fp=0x55612c4f4370, filename=0x7fe1fc01d980, closeit=1, flags=0x7ffefa118bd8) at /usr/local/src/conda/python-3.10.12/Python/pythonrun.c:456
#178 0x000055612a5658b4 in _PyRun_AnyFileObject (fp=0x55612c4f4370, filename=filename
entry=0x7fe1fc01d980, closeit=closeit
entry=1, flags=flags
entry=0x7ffefa118bd8) at /usr/local/src/conda/python-3.10.12/Python/pythonrun.c:90
#179 0x000055612a562aab in pymain_run_file_obj (skip_source_first_line=0, filename=0x7fe1fc01d980, program_name=0x7fe1fc158630) at /usr/local/src/conda/python-3.10.12/Modules/main.c:357
#180 pymain_run_file (config=0x55612c4f87b0) at /usr/local/src/conda/python-3.10.12/Modules/main.c:376
#181 pymain_run_python (exitcode=0x7ffefa118bd4) at /usr/local/src/conda/python-3.10.12/Modules/main.c:591
#182 Py_RunMain () at /usr/local/src/conda/python-3.10.12/Modules/main.c:670
#183 0x000055612a533527 in Py_BytesMain (argc=<optimized out>, argv=<optimized out>) at /usr/local/src/conda/python-3.10.12/Modules/main.c:1090
#184 0x00007fe1fc2295d0 in __libc_start_call_main () from /lib64/libc.so.6
#185 0x00007fe1fc229680 in __libc_start_main_impl () from /lib64/libc.so.6
#186 0x000055612a533421 in _start ()
===========================================================


 *** Break *** segmentation violation



===========================================================
There was a crash.
This is the entire stack trace of all threads:
===========================================================
#0  0x00007fe1fc2d8fba in wait4 () from /lib64/libc.so.6
#1  0x00007fe1fc24b7e3 in do_system () from /lib64/libc.so.6
#2  0x00007fe1fb8f82ce in TUnixSystem::StackTrace() () from /cvmfs/sft.cern.ch/lcg/app/releases/ROOT/6.32.04/x86_64-almalinux9.4-gcc114-opt/lib/libCore.so
#3  0x00007fe1fbab5f03 in (anonymous namespace)::TExceptionHandlerImp::HandleException(int) () from /cvmfs/sft.cern.ch/lcg/app/releases/ROOT/6.32.04/x86_64-almalinux9.4-gcc114-opt/lib/libcppyy_backend.so
#4  0x00007fe1fb8f5861 in TUnixSystem::DispatchSignals(ESignals) () from /cvmfs/sft.cern.ch/lcg/app/releases/ROOT/6.32.04/x86_64-almalinux9.4-gcc114-opt/lib/libCore.so
#5  <signal handler called>
#6  _PyObject_IS_GC (obj=0x1) at /usr/local/src/conda/python-3.10.12/Include/internal/pycore_object.h:165
#7  visit_decref (op=0x1, parent=0x55612e659da0) at /usr/local/src/conda/python-3.10.12/Modules/gcmodule.c:456
#8  0x000055612a490144 in subtract_refs (containers=<optimized out>) at /usr/local/src/conda/python-3.10.12/Modules/gcmodule.c:482
#9  deduce_unreachable (base=base
entry=0x55612c4f8680, unreachable=unreachable
entry=0x7ffefa115510) at /usr/local/src/conda/python-3.10.12/Modules/gcmodule.c:1105
#10 0x000055612a48ee98 in gc_collect_main (tstate=tstate
entry=0x55612c514cf0, generation=generation
entry=0, n_collected=n_collected
entry=0x7ffefa1155f0, n_uncollectable=n_uncollectable
entry=0x7ffefa1155e8, nofail=nofail
entry=0) at /usr/local/src/conda/python-3.10.12/Modules/gcmodule.c:1239
#11 0x000055612a53c4bb in gc_collect_with_callback (tstate=tstate
entry=0x55612c514cf0, generation=0) at /usr/local/src/conda/python-3.10.12/Modules/gcmodule.c:1413
#12 0x000055612a48480b in gc_collect_generations (tstate=0x55612c514cf0) at /usr/local/src/conda/python-3.10.12/Modules/gcmodule.c:1468
#13 _PyObject_GC_Alloc (basicsize=<optimized out>, use_calloc=0) at /usr/local/src/conda/python-3.10.12/Modules/gcmodule.c:2297
#14 _PyObject_GC_Malloc (basicsize=<optimized out>) at /usr/local/src/conda/python-3.10.12/Modules/gcmodule.c:2307
#15 _PyObject_GC_New (tp=0x7fe1dd8535c0 <CPyCppyy::CPPOverload_Type>) at /usr/local/src/conda/python-3.10.12/Modules/gcmodule.c:2319
#16 0x00007fe1dd7d6790 in CPyCppyy::(anonymous namespace)::mp_new(_typeobject*, _object*, _object*) () from /cvmfs/sft.cern.ch/lcg/app/releases/ROOT/6.32.04/x86_64-almalinux9.4-gcc114-opt/lib/libcppyy.so
#17 0x00007fe1dd7ff9e3 in CPyCppyy::BuildScopeProxyDict(unsigned long, _object*, unsigned int) () from /cvmfs/sft.cern.ch/lcg/app/releases/ROOT/6.32.04/x86_64-almalinux9.4-gcc114-opt/lib/libcppyy.so
#18 0x00007fe1dd8021a3 in CPyCppyy::CreateScopeProxy(std::__cxx11::basic_string<char, std::char_traits<char>, std::allocator<char> > const&, _object*, unsigned int) () from /cvmfs/sft.cern.ch/lcg/app/releases/ROOT/6.32.04/x86_64-almalinux9.4-gcc114-opt/lib/libcppyy.so
#19 0x00007fe1dd802dc5 in CPyCppyy::CreateScopeProxy(unsigned long, unsigned int) () from /cvmfs/sft.cern.ch/lcg/app/releases/ROOT/6.32.04/x86_64-almalinux9.4-gcc114-opt/lib/libcppyy.so
#20 0x00007fe1dd802e26 in CPyCppyy::BindCppObjectNoCast(void*, unsigned long, unsigned int) () from /cvmfs/sft.cern.ch/lcg/app/releases/ROOT/6.32.04/x86_64-almalinux9.4-gcc114-opt/lib/libcppyy.so
#21 0x00007fe1dd7cb930 in CPyCppyy::dm_get(CPyCppyy::CPPDataMember*, CPyCppyy::CPPInstance*, _object*) () from /cvmfs/sft.cern.ch/lcg/app/releases/ROOT/6.32.04/x86_64-almalinux9.4-gcc114-opt/lib/libcppyy.so
#22 0x000055612a4a472a in type_getattro (type=<optimized out>, name=<optimized out>) at /usr/local/src/conda/python-3.10.12/Objects/typeobject.c:3923
#23 0x00007fe1dd7de0e3 in CPyCppyy::meta_getattro(_object*, _object*) () from /cvmfs/sft.cern.ch/lcg/app/releases/ROOT/6.32.04/x86_64-almalinux9.4-gcc114-opt/lib/libcppyy.so
#24 0x000055612a4a9b92 in PyObject_GetAttr (v=v
entry=0x55612e70cc00, name=0x7fe1fbff9e70) at /usr/local/src/conda/python-3.10.12/Objects/object.c:932
#25 0x000055612a4a0f03 in _PyEval_EvalFrameDefault (tstate=<optimized out>, f=0x55612c570040, throwflag=<optimized out>) at /usr/local/src/conda/python-3.10.12/Python/ceval.c:3592
#26 0x000055612a4ac99c in _PyEval_EvalFrame (throwflag=0, f=0x55612c570040, tstate=0x55612c514cf0) at /usr/local/src/conda/python-3.10.12/Include/internal/pycore_ceval.h:46
#27 _PyEval_Vector (kwnames=<optimized out>, argcount=<optimized out>, args=<optimized out>, locals=0x0, con=0x7fe1fbd727b0, tstate=0x55612c514cf0) at /usr/local/src/conda/python-3.10.12/Python/ceval.c:5067
#28 _PyFunction_Vectorcall (func=0x7fe1fbd727a0, stack=<optimized out>, nargsf=<optimized out>, kwnames=<optimized out>) at /usr/local/src/conda/python-3.10.12/Objects/call.c:342
#29 0x000055612a49c850 in _PyObject_VectorcallTstate (kwnames=0x0, nargsf=<optimized out>, args=0x7fe1fbfacd08, callable=0x7fe1fbd727a0, tstate=0x55612c514cf0) at /usr/local/src/conda/python-3.10.12/Include/cpython/abstract.h:114
#30 PyObject_Vectorcall (kwnames=0x0, nargsf=<optimized out>, args=0x7fe1fbfacd08, callable=0x7fe1fbd727a0) at /usr/local/src/conda/python-3.10.12/Include/cpython/abstract.h:123
#31 call_function (kwnames=0x0, oparg=<optimized out>, pp_stack=<synthetic pointer>, trace_info=0x7ffefa115f80, tstate=<optimized out>) at /usr/local/src/conda/python-3.10.12/Python/ceval.c:5893
#32 _PyEval_EvalFrameDefault (tstate=<optimized out>, f=0x7fe1fbfacba0, throwflag=<optimized out>) at /usr/local/src/conda/python-3.10.12/Python/ceval.c:4213
#33 0x000055612a53ff90 in _PyEval_EvalFrame (throwflag=0, f=0x7fe1fbfacba0, tstate=0x55612c514cf0) at /usr/local/src/conda/python-3.10.12/Include/internal/pycore_ceval.h:46
#34 _PyEval_Vector (tstate=tstate
entry=0x55612c514cf0, con=con
entry=0x7ffefa116080, locals=locals
entry=0x7fe1fbd07f80, args=args
entry=0x0, argcount=argcount
entry=0, kwnames=kwnames
entry=0x0) at /usr/local/src/conda/python-3.10.12/Python/ceval.c:5067
#35 0x000055612a53fed7 in PyEval_EvalCode (co=co
entry=0x7fe1fbcf3680, globals=globals
entry=0x7fe1fbd07f80, locals=locals
entry=0x7fe1fbd07f80) at /usr/local/src/conda/python-3.10.12/Python/ceval.c:1134
#36 0x000055612a5470da in builtin_exec_impl (module=<optimized out>, locals=0x7fe1fbd07f80, globals=0x7fe1fbd07f80, source=0x7fe1fbcf3680) at /usr/local/src/conda/python-3.10.12/Python/bltinmodule.c:1058
#37 builtin_exec (module=<optimized out>, args=<optimized out>, nargs=<optimized out>) at /usr/local/src/conda/python-3.10.12/Python/clinic/bltinmodule.c.h:371
#38 0x000055612a4acb63 in cfunction_vectorcall_FASTCALL (func=0x7fe1fc4fce00, args=0x7fe1fbd04e98, nargsf=<optimized out>, kwnames=<optimized out>) at /usr/local/src/conda/python-3.10.12/Objects/methodobject.c:430
#39 0x000055612a4a234b in do_call_core (kwdict=0x7fe1fbcf4780, callargs=0x7fe1fbd04e80, func=0x7fe1fc4fce00, trace_info=0x7ffefa116250, tstate=<optimized out>) at /usr/local/src/conda/python-3.10.12/Python/ceval.c:5917
#40 _PyEval_EvalFrameDefault (tstate=<optimized out>, f=0x7fe1fc0668c0, throwflag=<optimized out>) at /usr/local/src/conda/python-3.10.12/Python/ceval.c:4277
#41 0x000055612a4ac99c in _PyEval_EvalFrame (throwflag=0, f=0x7fe1fc0668c0, tstate=0x55612c514cf0) at /usr/local/src/conda/python-3.10.12/Include/internal/pycore_ceval.h:46
#42 _PyEval_Vector (kwnames=<optimized out>, argcount=<optimized out>, args=<optimized out>, locals=0x0, con=0x7fe1fc4c5520, tstate=0x55612c514cf0) at /usr/local/src/conda/python-3.10.12/Python/ceval.c:5067
#43 _PyFunction_Vectorcall (func=0x7fe1fc4c5510, stack=<optimized out>, nargsf=<optimized out>, kwnames=<optimized out>) at /usr/local/src/conda/python-3.10.12/Objects/call.c:342
#44 0x000055612a4a1142 in _PyObject_VectorcallTstate (kwnames=0x0, nargsf=<optimized out>, args=0x7fe1fc05dc08, callable=0x7fe1fc4c5510, tstate=0x55612c514cf0) at /usr/local/src/conda/python-3.10.12/Include/cpython/abstract.h:114
#45 PyObject_Vectorcall (kwnames=0x0, nargsf=<optimized out>, args=0x7fe1fc05dc08, callable=0x7fe1fc4c5510) at /usr/local/src/conda/python-3.10.12/Include/cpython/abstract.h:123
#46 call_function (kwnames=0x0, oparg=<optimized out>, pp_stack=<synthetic pointer>, trace_info=0x7ffefa116400, tstate=<optimized out>) at /usr/local/src/conda/python-3.10.12/Python/ceval.c:5893
#47 _PyEval_EvalFrameDefault (tstate=<optimized out>, f=0x7fe1fc05da80, throwflag=<optimized out>) at /usr/local/src/conda/python-3.10.12/Python/ceval.c:4181
#48 0x000055612a4ac99c in _PyEval_EvalFrame (throwflag=0, f=0x7fe1fc05da80, tstate=0x55612c514cf0) at /usr/local/src/conda/python-3.10.12/Include/internal/pycore_ceval.h:46
#49 _PyEval_Vector (kwnames=<optimized out>, argcount=<optimized out>, args=<optimized out>, locals=0x0, con=0x7fe1fc549760, tstate=0x55612c514cf0) at /usr/local/src/conda/python-3.10.12/Python/ceval.c:5067
#50 _PyFunction_Vectorcall (func=0x7fe1fc549750, stack=<optimized out>, nargsf=<optimized out>, kwnames=<optimized out>) at /usr/local/src/conda/python-3.10.12/Objects/call.c:342
#51 0x000055612a49cc5c in _PyObject_VectorcallTstate (kwnames=0x0, nargsf=<optimized out>, args=0x7fe1fc523dd0, callable=0x7fe1fc549750, tstate=0x55612c514cf0) at /usr/local/src/conda/python-3.10.12/Include/cpython/abstract.h:114
#52 PyObject_Vectorcall (kwnames=0x0, nargsf=<optimized out>, args=0x7fe1fc523dd0, callable=0x7fe1fc549750) at /usr/local/src/conda/python-3.10.12/Include/cpython/abstract.h:123
#53 call_function (kwnames=0x0, oparg=<optimized out>, pp_stack=<synthetic pointer>, trace_info=0x7ffefa1165b0, tstate=<optimized out>) at /usr/local/src/conda/python-3.10.12/Python/ceval.c:5893
#54 _PyEval_EvalFrameDefault (tstate=<optimized out>, f=0x7fe1fc523c50, throwflag=<optimized out>) at /usr/local/src/conda/python-3.10.12/Python/ceval.c:4198
#55 0x000055612a4ac99c in _PyEval_EvalFrame (throwflag=0, f=0x7fe1fc523c50, tstate=0x55612c514cf0) at /usr/local/src/conda/python-3.10.12/Include/internal/pycore_ceval.h:46
#56 _PyEval_Vector (kwnames=<optimized out>, argcount=<optimized out>, args=<optimized out>, locals=0x0, con=0x7fe1fc4c60f0, tstate=0x55612c514cf0) at /usr/local/src/conda/python-3.10.12/Python/ceval.c:5067
#57 _PyFunction_Vectorcall (func=0x7fe1fc4c60e0, stack=<optimized out>, nargsf=<optimized out>, kwnames=<optimized out>) at /usr/local/src/conda/python-3.10.12/Objects/call.c:342
#58 0x000055612a49c850 in _PyObject_VectorcallTstate (kwnames=0x0, nargsf=<optimized out>, args=0x7fe1fbd141f0, callable=0x7fe1fc4c60e0, tstate=0x55612c514cf0) at /usr/local/src/conda/python-3.10.12/Include/cpython/abstract.h:114
#59 PyObject_Vectorcall (kwnames=0x0, nargsf=<optimized out>, args=0x7fe1fbd141f0, callable=0x7fe1fc4c60e0) at /usr/local/src/conda/python-3.10.12/Include/cpython/abstract.h:123
#60 call_function (kwnames=0x0, oparg=<optimized out>, pp_stack=<synthetic pointer>, trace_info=0x7ffefa116760, tstate=<optimized out>) at /usr/local/src/conda/python-3.10.12/Python/ceval.c:5893
#61 _PyEval_EvalFrameDefault (tstate=<optimized out>, f=0x7fe1fbd14040, throwflag=<optimized out>) at /usr/local/src/conda/python-3.10.12/Python/ceval.c:4213
#62 0x000055612a4ac99c in _PyEval_EvalFrame (throwflag=0, f=0x7fe1fbd14040, tstate=0x55612c514cf0) at /usr/local/src/conda/python-3.10.12/Include/internal/pycore_ceval.h:46
#63 _PyEval_Vector (kwnames=<optimized out>, argcount=<optimized out>, args=<optimized out>, locals=0x0, con=0x7fe1fc4c72f0, tstate=0x55612c514cf0) at /usr/local/src/conda/python-3.10.12/Python/ceval.c:5067
#64 _PyFunction_Vectorcall (func=0x7fe1fc4c72e0, stack=<optimized out>, nargsf=<optimized out>, kwnames=<optimized out>) at /usr/local/src/conda/python-3.10.12/Objects/call.c:342
#65 0x000055612a49c850 in _PyObject_VectorcallTstate (kwnames=0x0, nargsf=<optimized out>, args=0x7fe1fc0f9850, callable=0x7fe1fc4c72e0, tstate=0x55612c514cf0) at /usr/local/src/conda/python-3.10.12/Include/cpython/abstract.h:114
#66 PyObject_Vectorcall (kwnames=0x0, nargsf=<optimized out>, args=0x7fe1fc0f9850, callable=0x7fe1fc4c72e0) at /usr/local/src/conda/python-3.10.12/Include/cpython/abstract.h:123
#67 call_function (kwnames=0x0, oparg=<optimized out>, pp_stack=<synthetic pointer>, trace_info=0x7ffefa116910, tstate=<optimized out>) at /usr/local/src/conda/python-3.10.12/Python/ceval.c:5893
#68 _PyEval_EvalFrameDefault (tstate=<optimized out>, f=0x7fe1fc0f96c0, throwflag=<optimized out>) at /usr/local/src/conda/python-3.10.12/Python/ceval.c:4213
#69 0x000055612a4ac99c in _PyEval_EvalFrame (throwflag=0, f=0x7fe1fc0f96c0, tstate=0x55612c514cf0) at /usr/local/src/conda/python-3.10.12/Include/internal/pycore_ceval.h:46
#70 _PyEval_Vector (kwnames=<optimized out>, argcount=<optimized out>, args=<optimized out>, locals=0x0, con=0x7fe1fc4c7380, tstate=0x55612c514cf0) at /usr/local/src/conda/python-3.10.12/Python/ceval.c:5067
#71 _PyFunction_Vectorcall (func=0x7fe1fc4c7370, stack=<optimized out>, nargsf=<optimized out>, kwnames=<optimized out>) at /usr/local/src/conda/python-3.10.12/Objects/call.c:342
#72 0x000055612a4ac178 in _PyObject_VectorcallTstate (kwnames=0x0, nargsf=2, args=0x7ffefa116a40, callable=0x7fe1fc4c7370, tstate=0x55612c514cf0) at /usr/local/src/conda/python-3.10.12/Include/cpython/abstract.h:114
#73 object_vacall (tstate=tstate
entry=0x55612c514cf0, base=base
entry=0x0, callable=callable
entry=0x7fe1fc4c7370, vargs=vargs
entry=0x7ffefa116ad0) at /usr/local/src/conda/python-3.10.12/Objects/call.c:734
#74 0x000055612a4ba35b in _PyObject_CallMethodIdObjArgs (obj=0x0, name=name
entry=0x55612a6e4b00 <PyId__find_and_load.6>) at /usr/local/src/conda/python-3.10.12/Objects/call.c:825
#75 0x000055612a3dc909 in import_find_and_load (abs_name=0x7fe1fbfea060, tstate=0x55612c514cf0) at /usr/local/src/conda/python-3.10.12/Python/import.c:1522
#76 PyImport_ImportModuleLevelObject (name=name
entry=0x7fe1fbff8370, globals=<optimized out>, locals=<optimized out>, fromlist=fromlist
entry=0x7fe1fbff7880, level=1) at /usr/local/src/conda/python-3.10.12/Python/import.c:1623
#77 0x000055612a4a0368 in import_name (level=0x7fe1fc4640f0, fromlist=0x7fe1fbff7880, name=0x7fe1fbff8370, f=0x7fe1fc06df10, tstate=<optimized out>) at /usr/local/src/conda/python-3.10.12/Python/ceval.c:6018
#78 _PyEval_EvalFrameDefault (tstate=<optimized out>, f=0x7fe1fc06df10, throwflag=<optimized out>) at /usr/local/src/conda/python-3.10.12/Python/ceval.c:3695
#79 0x000055612a53ff90 in _PyEval_EvalFrame (throwflag=0, f=0x7fe1fc06df10, tstate=0x55612c514cf0) at /usr/local/src/conda/python-3.10.12/Include/internal/pycore_ceval.h:46
#80 _PyEval_Vector (tstate=tstate
entry=0x55612c514cf0, con=con
entry=0x7ffefa116e50, locals=locals
entry=0x7fe1fbfee600, args=args
entry=0x0, argcount=argcount
entry=0, kwnames=kwnames
entry=0x0) at /usr/local/src/conda/python-3.10.12/Python/ceval.c:5067
#81 0x000055612a53fed7 in PyEval_EvalCode (co=co
entry=0x7fe1fbd11630, globals=globals
entry=0x7fe1fbfee600, locals=locals
entry=0x7fe1fbfee600) at /usr/local/src/conda/python-3.10.12/Python/ceval.c:1134
#82 0x000055612a5470da in builtin_exec_impl (module=<optimized out>, locals=0x7fe1fbfee600, globals=0x7fe1fbfee600, source=0x7fe1fbd11630) at /usr/local/src/conda/python-3.10.12/Python/bltinmodule.c:1058
#83 builtin_exec (module=<optimized out>, args=<optimized out>, nargs=<optimized out>) at /usr/local/src/conda/python-3.10.12/Python/clinic/bltinmodule.c.h:371
#84 0x000055612a4acb63 in cfunction_vectorcall_FASTCALL (func=0x7fe1fc4fce00, args=0x7fe1fbff88d8, nargsf=<optimized out>, kwnames=<optimized out>) at /usr/local/src/conda/python-3.10.12/Objects/methodobject.c:430
#85 0x000055612a4a234b in do_call_core (kwdict=0x7fe1fbfee740, callargs=0x7fe1fbff88c0, func=0x7fe1fc4fce00, trace_info=0x7ffefa117020, tstate=<optimized out>) at /usr/local/src/conda/python-3.10.12/Python/ceval.c:5917
#86 _PyEval_EvalFrameDefault (tstate=<optimized out>, f=0x7fe1fc52b4c0, throwflag=<optimized out>) at /usr/local/src/conda/python-3.10.12/Python/ceval.c:4277
#87 0x000055612a4ac99c in _PyEval_EvalFrame (throwflag=0, f=0x7fe1fc52b4c0, tstate=0x55612c514cf0) at /usr/local/src/conda/python-3.10.12/Include/internal/pycore_ceval.h:46
#88 _PyEval_Vector (kwnames=<optimized out>, argcount=<optimized out>, args=<optimized out>, locals=0x0, con=0x7fe1fc4c5520, tstate=0x55612c514cf0) at /usr/local/src/conda/python-3.10.12/Python/ceval.c:5067
#89 _PyFunction_Vectorcall (func=0x7fe1fc4c5510, stack=<optimized out>, nargsf=<optimized out>, kwnames=<optimized out>) at /usr/local/src/conda/python-3.10.12/Objects/call.c:342
#90 0x000055612a4a1142 in _PyObject_VectorcallTstate (kwnames=0x0, nargsf=<optimized out>, args=0x7fe1fc5222b8, callable=0x7fe1fc4c5510, tstate=0x55612c514cf0) at /usr/local/src/conda/python-3.10.12/Include/cpython/abstract.h:114
#91 PyObject_Vectorcall (kwnames=0x0, nargsf=<optimized out>, args=0x7fe1fc5222b8, callable=0x7fe1fc4c5510) at /usr/local/src/conda/python-3.10.12/Include/cpython/abstract.h:123
#92 call_function (kwnames=0x0, oparg=<optimized out>, pp_stack=<synthetic pointer>, trace_info=0x7ffefa1171d0, tstate=<optimized out>) at /usr/local/src/conda/python-3.10.12/Python/ceval.c:5893
#93 _PyEval_EvalFrameDefault (tstate=<optimized out>, f=0x7fe1fc522130, throwflag=<optimized out>) at /usr/local/src/conda/python-3.10.12/Python/ceval.c:4181
#94 0x000055612a4ac99c in _PyEval_EvalFrame (throwflag=0, f=0x7fe1fc522130, tstate=0x55612c514cf0) at /usr/local/src/conda/python-3.10.12/Include/internal/pycore_ceval.h:46
#95 _PyEval_Vector (kwnames=<optimized out>, argcount=<optimized out>, args=<optimized out>, locals=0x0, con=0x7fe1fc549760, tstate=0x55612c514cf0) at /usr/local/src/conda/python-3.10.12/Python/ceval.c:5067
#96 _PyFunction_Vectorcall (func=0x7fe1fc549750, stack=<optimized out>, nargsf=<optimized out>, kwnames=<optimized out>) at /usr/local/src/conda/python-3.10.12/Objects/call.c:342
#97 0x000055612a49cc5c in _PyObject_VectorcallTstate (kwnames=0x0, nargsf=<optimized out>, args=0x7fe1fc1cefc0, callable=0x7fe1fc549750, tstate=0x55612c514cf0) at /usr/local/src/conda/python-3.10.12/Include/cpython/abstract.h:114
#98 PyObject_Vectorcall (kwnames=0x0, nargsf=<optimized out>, args=0x7fe1fc1cefc0, callable=0x7fe1fc549750) at /usr/local/src/conda/python-3.10.12/Include/cpython/abstract.h:123
#99 call_function (kwnames=0x0, oparg=<optimized out>, pp_stack=<synthetic pointer>, trace_info=0x7ffefa117380, tstate=<optimized out>) at /usr/local/src/conda/python-3.10.12/Python/ceval.c:5893
#100 _PyEval_EvalFrameDefault (tstate=<optimized out>, f=0x7fe1fc1cee40, throwflag=<optimized out>) at /usr/local/src/conda/python-3.10.12/Python/ceval.c:4198
#101 0x000055612a4ac99c in _PyEval_EvalFrame (throwflag=0, f=0x7fe1fc1cee40, tstate=0x55612c514cf0) at /usr/local/src/conda/python-3.10.12/Include/internal/pycore_ceval.h:46
#102 _PyEval_Vector (kwnames=<optimized out>, argcount=<optimized out>, args=<optimized out>, locals=0x0, con=0x7fe1fc4c60f0, tstate=0x55612c514cf0) at /usr/local/src/conda/python-3.10.12/Python/ceval.c:5067
#103 _PyFunction_Vectorcall (func=0x7fe1fc4c60e0, stack=<optimized out>, nargsf=<optimized out>, kwnames=<optimized out>) at /usr/local/src/conda/python-3.10.12/Objects/call.c:342
#104 0x000055612a49c850 in _PyObject_VectorcallTstate (kwnames=0x0, nargsf=<optimized out>, args=0x7fe1fc1ce3f0, callable=0x7fe1fc4c60e0, tstate=0x55612c514cf0) at /usr/local/src/conda/python-3.10.12/Include/cpython/abstract.h:114
#105 PyObject_Vectorcall (kwnames=0x0, nargsf=<optimized out>, args=0x7fe1fc1ce3f0, callable=0x7fe1fc4c60e0) at /usr/local/src/conda/python-3.10.12/Include/cpython/abstract.h:123
#106 call_function (kwnames=0x0, oparg=<optimized out>, pp_stack=<synthetic pointer>, trace_info=0x7ffefa117530, tstate=<optimized out>) at /usr/local/src/conda/python-3.10.12/Python/ceval.c:5893
#107 _PyEval_EvalFrameDefault (tstate=<optimized out>, f=0x7fe1fc1ce240, throwflag=<optimized out>) at /usr/local/src/conda/python-3.10.12/Python/ceval.c:4213
#108 0x000055612a4ac99c in _PyEval_EvalFrame (throwflag=0, f=0x7fe1fc1ce240, tstate=0x55612c514cf0) at /usr/local/src/conda/python-3.10.12/Include/internal/pycore_ceval.h:46
#109 _PyEval_Vector (kwnames=<optimized out>, argcount=<optimized out>, args=<optimized out>, locals=0x0, con=0x7fe1fc4c72f0, tstate=0x55612c514cf0) at /usr/local/src/conda/python-3.10.12/Python/ceval.c:5067
#110 _PyFunction_Vectorcall (func=0x7fe1fc4c72e0, stack=<optimized out>, nargsf=<optimized out>, kwnames=<optimized out>) at /usr/local/src/conda/python-3.10.12/Objects/call.c:342
#111 0x000055612a49c850 in _PyObject_VectorcallTstate (kwnames=0x0, nargsf=<optimized out>, args=0x7fe1fc0f8950, callable=0x7fe1fc4c72e0, tstate=0x55612c514cf0) at /usr/local/src/conda/python-3.10.12/Include/cpython/abstract.h:114
#112 PyObject_Vectorcall (kwnames=0x0, nargsf=<optimized out>, args=0x7fe1fc0f8950, callable=0x7fe1fc4c72e0) at /usr/local/src/conda/python-3.10.12/Include/cpython/abstract.h:123
#113 call_function (kwnames=0x0, oparg=<optimized out>, pp_stack=<synthetic pointer>, trace_info=0x7ffefa1176e0, tstate=<optimized out>) at /usr/local/src/conda/python-3.10.12/Python/ceval.c:5893
#114 _PyEval_EvalFrameDefault (tstate=<optimized out>, f=0x7fe1fc0f87c0, throwflag=<optimized out>) at /usr/local/src/conda/python-3.10.12/Python/ceval.c:4213
#115 0x000055612a4ac99c in _PyEval_EvalFrame (throwflag=0, f=0x7fe1fc0f87c0, tstate=0x55612c514cf0) at /usr/local/src/conda/python-3.10.12/Include/internal/pycore_ceval.h:46
#116 _PyEval_Vector (kwnames=<optimized out>, argcount=<optimized out>, args=<optimized out>, locals=0x0, con=0x7fe1fc4c7380, tstate=0x55612c514cf0) at /usr/local/src/conda/python-3.10.12/Python/ceval.c:5067
#117 _PyFunction_Vectorcall (func=0x7fe1fc4c7370, stack=<optimized out>, nargsf=<optimized out>, kwnames=<optimized out>) at /usr/local/src/conda/python-3.10.12/Objects/call.c:342
#118 0x000055612a4ac178 in _PyObject_VectorcallTstate (kwnames=0x0, nargsf=2, args=0x7ffefa117810, callable=0x7fe1fc4c7370, tstate=0x55612c514cf0) at /usr/local/src/conda/python-3.10.12/Include/cpython/abstract.h:114
#119 object_vacall (tstate=tstate
entry=0x55612c514cf0, base=base
entry=0x0, callable=callable
entry=0x7fe1fc4c7370, vargs=vargs
entry=0x7ffefa1178a0) at /usr/local/src/conda/python-3.10.12/Objects/call.c:734
#120 0x000055612a4ba35b in _PyObject_CallMethodIdObjArgs (obj=0x0, name=name
entry=0x55612a6e4b00 <PyId__find_and_load.6>) at /usr/local/src/conda/python-3.10.12/Objects/call.c:825
#121 0x000055612a3dc909 in import_find_and_load (abs_name=0x7fe1fbfed5f0, tstate=0x55612c514cf0) at /usr/local/src/conda/python-3.10.12/Python/import.c:1522
#122 PyImport_ImportModuleLevelObject (name=name
entry=0x7fe1fbfed5f0, globals=<optimized out>, locals=<optimized out>, fromlist=fromlist
entry=0x55612a6ec7e0 <_Py_NoneStruct>, level=0) at /usr/local/src/conda/python-3.10.12/Python/import.c:1623
#123 0x000055612a4a0368 in import_name (level=0x7fe1fc4640d0, fromlist=0x55612a6ec7e0 <_Py_NoneStruct>, name=0x7fe1fbfed5f0, f=0x7fe1fc1cea40, tstate=<optimized out>) at /usr/local/src/conda/python-3.10.12/Python/ceval.c:6018
#124 _PyEval_EvalFrameDefault (tstate=<optimized out>, f=0x7fe1fc1cea40, throwflag=<optimized out>) at /usr/local/src/conda/python-3.10.12/Python/ceval.c:3695
#125 0x000055612a53ff90 in _PyEval_EvalFrame (throwflag=0, f=0x7fe1fc1cea40, tstate=0x55612c514cf0) at /usr/local/src/conda/python-3.10.12/Include/internal/pycore_ceval.h:46
#126 _PyEval_Vector (tstate=tstate
entry=0x55612c514cf0, con=con
entry=0x7ffefa117c20, locals=locals
entry=0x7fe1fc035080, args=args
entry=0x0, argcount=argcount
entry=0, kwnames=kwnames
entry=0x0) at /usr/local/src/conda/python-3.10.12/Python/ceval.c:5067
#127 0x000055612a53fed7 in PyEval_EvalCode (co=co
entry=0x7fe1fbfde810, globals=globals
entry=0x7fe1fc035080, locals=locals
entry=0x7fe1fc035080) at /usr/local/src/conda/python-3.10.12/Python/ceval.c:1134
#128 0x000055612a5470da in builtin_exec_impl (module=<optimized out>, locals=0x7fe1fc035080, globals=0x7fe1fc035080, source=0x7fe1fbfde810) at /usr/local/src/conda/python-3.10.12/Python/bltinmodule.c:1058
#129 builtin_exec (module=<optimized out>, args=<optimized out>, nargs=<optimized out>) at /usr/local/src/conda/python-3.10.12/Python/clinic/bltinmodule.c.h:371
#130 0x000055612a4acb63 in cfunction_vectorcall_FASTCALL (func=0x7fe1fc4fce00, args=0x7fe1fbfed2d8, nargsf=<optimized out>, kwnames=<optimized out>) at /usr/local/src/conda/python-3.10.12/Objects/methodobject.c:430
#131 0x000055612a4a234b in do_call_core (kwdict=0x7fe1fbfed340, callargs=0x7fe1fbfed2c0, func=0x7fe1fc4fce00, trace_info=0x7ffefa117df0, tstate=<optimized out>) at /usr/local/src/conda/python-3.10.12/Python/ceval.c:5917
#132 _PyEval_EvalFrameDefault (tstate=<optimized out>, f=0x7fe1fc066200, throwflag=<optimized out>) at /usr/local/src/conda/python-3.10.12/Python/ceval.c:4277
#133 0x000055612a4ac99c in _PyEval_EvalFrame (throwflag=0, f=0x7fe1fc066200, tstate=0x55612c514cf0) at /usr/local/src/conda/python-3.10.12/Include/internal/pycore_ceval.h:46
#134 _PyEval_Vector (kwnames=<optimized out>, argcount=<optimized out>, args=<optimized out>, locals=0x0, con=0x7fe1fc4c5520, tstate=0x55612c514cf0) at /usr/local/src/conda/python-3.10.12/Python/ceval.c:5067
#135 _PyFunction_Vectorcall (func=0x7fe1fc4c5510, stack=<optimized out>, nargsf=<optimized out>, kwnames=<optimized out>) at /usr/local/src/conda/python-3.10.12/Objects/call.c:342
#136 0x000055612a4a1142 in _PyObject_VectorcallTstate (kwnames=0x0, nargsf=<optimized out>, args=0x7fe1fc05cc48, callable=0x7fe1fc4c5510, tstate=0x55612c514cf0) at /usr/local/src/conda/python-3.10.12/Include/cpython/abstract.h:114
#137 PyObject_Vectorcall (kwnames=0x0, nargsf=<optimized out>, args=0x7fe1fc05cc48, callable=0x7fe1fc4c5510) at /usr/local/src/conda/python-3.10.12/Include/cpython/abstract.h:123
#138 call_function (kwnames=0x0, oparg=<optimized out>, pp_stack=<synthetic pointer>, trace_info=0x7ffefa117fa0, tstate=<optimized out>) at /usr/local/src/conda/python-3.10.12/Python/ceval.c:5893
#139 _PyEval_EvalFrameDefault (tstate=<optimized out>, f=0x7fe1fc05cac0, throwflag=<optimized out>) at /usr/local/src/conda/python-3.10.12/Python/ceval.c:4181
#140 0x000055612a4ac99c in _PyEval_EvalFrame (throwflag=0, f=0x7fe1fc05cac0, tstate=0x55612c514cf0) at /usr/local/src/conda/python-3.10.12/Include/internal/pycore_ceval.h:46
#141 _PyEval_Vector (kwnames=<optimized out>, argcount=<optimized out>, args=<optimized out>, locals=0x0, con=0x7fe1fc549760, tstate=0x55612c514cf0) at /usr/local/src/conda/python-3.10.12/Python/ceval.c:5067
#142 _PyFunction_Vectorcall (func=0x7fe1fc549750, stack=<optimized out>, nargsf=<optimized out>, kwnames=<optimized out>) at /usr/local/src/conda/python-3.10.12/Objects/call.c:342
#143 0x000055612a49cc5c in _PyObject_VectorcallTstate (kwnames=0x0, nargsf=<optimized out>, args=0x7fe1fc523040, callable=0x7fe1fc549750, tstate=0x55612c514cf0) at /usr/local/src/conda/python-3.10.12/Include/cpython/abstract.h:114
#144 PyObject_Vectorcall (kwnames=0x0, nargsf=<optimized out>, args=0x7fe1fc523040, callable=0x7fe1fc549750) at /usr/local/src/conda/python-3.10.12/Include/cpython/abstract.h:123
#145 call_function (kwnames=0x0, oparg=<optimized out>, pp_stack=<synthetic pointer>, trace_info=0x7ffefa118150, tstate=<optimized out>) at /usr/local/src/conda/python-3.10.12/Python/ceval.c:5893
#146 _PyEval_EvalFrameDefault (tstate=<optimized out>, f=0x7fe1fc522ec0, throwflag=<optimized out>) at /usr/local/src/conda/python-3.10.12/Python/ceval.c:4198
#147 0x000055612a4ac99c in _PyEval_EvalFrame (throwflag=0, f=0x7fe1fc522ec0, tstate=0x55612c514cf0) at /usr/local/src/conda/python-3.10.12/Include/internal/pycore_ceval.h:46
#148 _PyEval_Vector (kwnames=<optimized out>, argcount=<optimized out>, args=<optimized out>, locals=0x0, con=0x7fe1fc4c60f0, tstate=0x55612c514cf0) at /usr/local/src/conda/python-3.10.12/Python/ceval.c:5067
#149 _PyFunction_Vectorcall (func=0x7fe1fc4c60e0, stack=<optimized out>, nargsf=<optimized out>, kwnames=<optimized out>) at /usr/local/src/conda/python-3.10.12/Objects/call.c:342
#150 0x000055612a49c850 in _PyObject_VectorcallTstate (kwnames=0x0, nargsf=<optimized out>, args=0x7fe1fc1ce5f0, callable=0x7fe1fc4c60e0, tstate=0x55612c514cf0) at /usr/local/src/conda/python-3.10.12/Include/cpython/abstract.h:114
#151 PyObject_Vectorcall (kwnames=0x0, nargsf=<optimized out>, args=0x7fe1fc1ce5f0, callable=0x7fe1fc4c60e0) at /usr/local/src/conda/python-3.10.12/Include/cpython/abstract.h:123
#152 call_function (kwnames=0x0, oparg=<optimized out>, pp_stack=<synthetic pointer>, trace_info=0x7ffefa118300, tstate=<optimized out>) at /usr/local/src/conda/python-3.10.12/Python/ceval.c:5893
#153 _PyEval_EvalFrameDefault (tstate=<optimized out>, f=0x7fe1fc1ce440, throwflag=<optimized out>) at /usr/local/src/conda/python-3.10.12/Python/ceval.c:4213
#154 0x000055612a4ac99c in _PyEval_EvalFrame (throwflag=0, f=0x7fe1fc1ce440, tstate=0x55612c514cf0) at /usr/local/src/conda/python-3.10.12/Include/internal/pycore_ceval.h:46
#155 _PyEval_Vector (kwnames=<optimized out>, argcount=<optimized out>, args=<optimized out>, locals=0x0, con=0x7fe1fc4c72f0, tstate=0x55612c514cf0) at /usr/local/src/conda/python-3.10.12/Python/ceval.c:5067
#156 _PyFunction_Vectorcall (func=0x7fe1fc4c72e0, stack=<optimized out>, nargsf=<optimized out>, kwnames=<optimized out>) at /usr/local/src/conda/python-3.10.12/Objects/call.c:342
#157 0x000055612a49c850 in _PyObject_VectorcallTstate (kwnames=0x0, nargsf=<optimized out>, args=0x7fe1fc0f90d0, callable=0x7fe1fc4c72e0, tstate=0x55612c514cf0) at /usr/local/src/conda/python-3.10.12/Include/cpython/abstract.h:114
#158 PyObject_Vectorcall (kwnames=0x0, nargsf=<optimized out>, args=0x7fe1fc0f90d0, callable=0x7fe1fc4c72e0) at /usr/local/src/conda/python-3.10.12/Include/cpython/abstract.h:123
#159 call_function (kwnames=0x0, oparg=<optimized out>, pp_stack=<synthetic pointer>, trace_info=0x7ffefa1184b0, tstate=<optimized out>) at /usr/local/src/conda/python-3.10.12/Python/ceval.c:5893
#160 _PyEval_EvalFrameDefault (tstate=<optimized out>, f=0x7fe1fc0f8f40, throwflag=<optimized out>) at /usr/local/src/conda/python-3.10.12/Python/ceval.c:4213
#161 0x000055612a4ac99c in _PyEval_EvalFrame (throwflag=0, f=0x7fe1fc0f8f40, tstate=0x55612c514cf0) at /usr/local/src/conda/python-3.10.12/Include/internal/pycore_ceval.h:46
#162 _PyEval_Vector (kwnames=<optimized out>, argcount=<optimized out>, args=<optimized out>, locals=0x0, con=0x7fe1fc4c7380, tstate=0x55612c514cf0) at /usr/local/src/conda/python-3.10.12/Python/ceval.c:5067
#163 _PyFunction_Vectorcall (func=0x7fe1fc4c7370, stack=<optimized out>, nargsf=<optimized out>, kwnames=<optimized out>) at /usr/local/src/conda/python-3.10.12/Objects/call.c:342
#164 0x000055612a4ac178 in _PyObject_VectorcallTstate (kwnames=0x0, nargsf=2, args=0x7ffefa1185e0, callable=0x7fe1fc4c7370, tstate=0x55612c514cf0) at /usr/local/src/conda/python-3.10.12/Include/cpython/abstract.h:114
#165 object_vacall (tstate=tstate
entry=0x55612c514cf0, base=base
entry=0x0, callable=callable
entry=0x7fe1fc4c7370, vargs=vargs
entry=0x7ffefa118670) at /usr/local/src/conda/python-3.10.12/Objects/call.c:734
#166 0x000055612a4ba35b in _PyObject_CallMethodIdObjArgs (obj=0x0, name=name
entry=0x55612a6e4b00 <PyId__find_and_load.6>) at /usr/local/src/conda/python-3.10.12/Objects/call.c:825
#167 0x000055612a3dc909 in import_find_and_load (abs_name=0x7fe1fc1a0d70, tstate=0x55612c514cf0) at /usr/local/src/conda/python-3.10.12/Python/import.c:1522
#168 PyImport_ImportModuleLevelObject (name=name
entry=0x7fe1fc1a0d70, globals=<optimized out>, locals=<optimized out>, fromlist=fromlist
entry=0x55612a6ec7e0 <_Py_NoneStruct>, level=0) at /usr/local/src/conda/python-3.10.12/Python/import.c:1623
#169 0x000055612a4a0368 in import_name (level=0x7fe1fc4640d0, fromlist=0x55612a6ec7e0 <_Py_NoneStruct>, name=0x7fe1fc1a0d70, f=0x7fe1fc48dc40, tstate=<optimized out>) at /usr/local/src/conda/python-3.10.12/Python/ceval.c:6018
#170 _PyEval_EvalFrameDefault (tstate=<optimized out>, f=0x7fe1fc48dc40, throwflag=<optimized out>) at /usr/local/src/conda/python-3.10.12/Python/ceval.c:3695
#171 0x000055612a53ff90 in _PyEval_EvalFrame (throwflag=0, f=0x7fe1fc48dc40, tstate=0x55612c514cf0) at /usr/local/src/conda/python-3.10.12/Include/internal/pycore_ceval.h:46
#172 _PyEval_Vector (tstate=tstate
entry=0x55612c514cf0, con=con
entry=0x7ffefa1189f0, locals=locals
entry=0x7fe1fc145dc0, args=args
entry=0x0, argcount=argcount
entry=0, kwnames=kwnames
entry=0x0) at /usr/local/src/conda/python-3.10.12/Python/ceval.c:5067
#173 0x000055612a53fed7 in PyEval_EvalCode (co=co
entry=0x7fe1fc0083a0, globals=globals
entry=0x7fe1fc145dc0, locals=locals
entry=0x7fe1fc145dc0) at /usr/local/src/conda/python-3.10.12/Python/ceval.c:1134
#174 0x000055612a57042a in run_eval_code_obj (tstate=tstate
entry=0x55612c514cf0, co=co
entry=0x7fe1fc0083a0, globals=globals
entry=0x7fe1fc145dc0, locals=locals
entry=0x7fe1fc145dc0) at /usr/local/src/conda/python-3.10.12/Python/pythonrun.c:1291
#175 0x000055612a56b833 in run_mod (mod=mod
entry=0x55612c641500, filename=filename
entry=0x7fe1fc01d980, globals=globals
entry=0x7fe1fc145dc0, locals=locals
entry=0x7fe1fc145dc0, flags=flags
entry=0x7ffefa118bd8, arena=arena
entry=0x7fe1fc1026f0) at /usr/local/src/conda/python-3.10.12/Python/pythonrun.c:1312
#176 0x000055612a4026cd in pyrun_file (fp=fp
entry=0x55612c4f4370, filename=filename
entry=0x7fe1fc01d980, start=start
entry=257, globals=globals
entry=0x7fe1fc145dc0, locals=locals
entry=0x7fe1fc145dc0, closeit=closeit
entry=1, flags=0x7ffefa118bd8) at /usr/local/src/conda/python-3.10.12/Python/pythonrun.c:1208
#177 0x000055612a565d1e in _PyRun_SimpleFileObject (fp=0x55612c4f4370, filename=0x7fe1fc01d980, closeit=1, flags=0x7ffefa118bd8) at /usr/local/src/conda/python-3.10.12/Python/pythonrun.c:456
#178 0x000055612a5658b4 in _PyRun_AnyFileObject (fp=0x55612c4f4370, filename=filename
entry=0x7fe1fc01d980, closeit=closeit
entry=1, flags=flags
entry=0x7ffefa118bd8) at /usr/local/src/conda/python-3.10.12/Python/pythonrun.c:90
#179 0x000055612a562aab in pymain_run_file_obj (skip_source_first_line=0, filename=0x7fe1fc01d980, program_name=0x7fe1fc158630) at /usr/local/src/conda/python-3.10.12/Modules/main.c:357
#180 pymain_run_file (config=0x55612c4f87b0) at /usr/local/src/conda/python-3.10.12/Modules/main.c:376
#181 pymain_run_python (exitcode=0x7ffefa118bd4) at /usr/local/src/conda/python-3.10.12/Modules/main.c:591
#182 Py_RunMain () at /usr/local/src/conda/python-3.10.12/Modules/main.c:670
#183 0x000055612a533527 in Py_BytesMain (argc=<optimized out>, argv=<optimized out>) at /usr/local/src/conda/python-3.10.12/Modules/main.c:1090
#184 0x00007fe1fc2295d0 in __libc_start_call_main () from /lib64/libc.so.6
#185 0x00007fe1fc229680 in __libc_start_main_impl () from /lib64/libc.so.6
#186 0x000055612a533421 in _start ()
===========================================================


The lines below might hint at the cause of the crash. If you see question
marks as part of the stack trace, try to recompile with debugging information
enabled and export CLING_DEBUG=1 environment variable before running.
You may get help by asking at the ROOT forum https://root.cern/forum
preferably using the command (.forum bug) in the ROOT prompt.
Only if you are really convinced it is a bug in ROOT then please submit a
report at https://root.cern/bugs or (preferably) using the command (.gh bug) in
the ROOT prompt. Please post the ENTIRE stack trace
from above as an attachment in addition to anything else
that might help us fixing this issue.
===========================================================
#6  _PyObject_IS_GC (obj=0x1) at /usr/local/src/conda/python-3.10.12/Include/internal/pycore_object.h:165
#7  visit_decref (op=0x1, parent=0x55612e659da0) at /usr/local/src/conda/python-3.10.12/Modules/gcmodule.c:456
#8  0x000055612a490144 in subtract_refs (containers=<optimized out>) at /usr/local/src/conda/python-3.10.12/Modules/gcmodule.c:482
#9  deduce_unreachable (base=base
entry=0x55612c4f8680, unreachable=unreachable
entry=0x7ffefa115510) at /usr/local/src/conda/python-3.10.12/Modules/gcmodule.c:1105
#10 0x000055612a48ee98 in gc_collect_main (tstate=tstate
entry=0x55612c514cf0, generation=generation
entry=0, n_collected=n_collected
entry=0x7ffefa1155f0, n_uncollectable=n_uncollectable
entry=0x7ffefa1155e8, nofail=nofail
entry=0) at /usr/local/src/conda/python-3.10.12/Modules/gcmodule.c:1239
#11 0x000055612a53c4bb in gc_collect_with_callback (tstate=tstate
entry=0x55612c514cf0, generation=0) at /usr/local/src/conda/python-3.10.12/Modules/gcmodule.c:1413
#12 0x000055612a48480b in gc_collect_generations (tstate=0x55612c514cf0) at /usr/local/src/conda/python-3.10.12/Modules/gcmodule.c:1468
#13 _PyObject_GC_Alloc (basicsize=<optimized out>, use_calloc=0) at /usr/local/src/conda/python-3.10.12/Modules/gcmodule.c:2297
#14 _PyObject_GC_Malloc (basicsize=<optimized out>) at /usr/local/src/conda/python-3.10.12/Modules/gcmodule.c:2307
#15 _PyObject_GC_New (tp=0x7fe1dd8535c0 <CPyCppyy::CPPOverload_Type>) at /usr/local/src/conda/python-3.10.12/Modules/gcmodule.c:2319
#16 0x00007fe1dd7d6790 in CPyCppyy::(anonymous namespace)::mp_new(_typeobject*, _object*, _object*) () from /cvmfs/sft.cern.ch/lcg/app/releases/ROOT/6.32.04/x86_64-almalinux9.4-gcc114-opt/lib/libcppyy.so
#17 0x00007fe1dd7ff9e3 in CPyCppyy::BuildScopeProxyDict(unsigned long, _object*, unsigned int) () from /cvmfs/sft.cern.ch/lcg/app/releases/ROOT/6.32.04/x86_64-almalinux9.4-gcc114-opt/lib/libcppyy.so
#18 0x00007fe1dd8021a3 in CPyCppyy::CreateScopeProxy(std::__cxx11::basic_string<char, std::char_traits<char>, std::allocator<char> > const&, _object*, unsigned int) () from /cvmfs/sft.cern.ch/lcg/app/releases/ROOT/6.32.04/x86_64-almalinux9.4-gcc114-opt/lib/libcppyy.so
#19 0x00007fe1dd802dc5 in CPyCppyy::CreateScopeProxy(unsigned long, unsigned int) () from /cvmfs/sft.cern.ch/lcg/app/releases/ROOT/6.32.04/x86_64-almalinux9.4-gcc114-opt/lib/libcppyy.so
#20 0x00007fe1dd802e26 in CPyCppyy::BindCppObjectNoCast(void*, unsigned long, unsigned int) () from /cvmfs/sft.cern.ch/lcg/app/releases/ROOT/6.32.04/x86_64-almalinux9.4-gcc114-opt/lib/libcppyy.so
#21 0x00007fe1dd7cb930 in CPyCppyy::dm_get(CPyCppyy::CPPDataMember*, CPyCppyy::CPPInstance*, _object*) () from /cvmfs/sft.cern.ch/lcg/app/releases/ROOT/6.32.04/x86_64-almalinux9.4-gcc114-opt/lib/libcppyy.so
#22 0x000055612a4a472a in type_getattro (type=<optimized out>, name=<optimized out>) at /usr/local/src/conda/python-3.10.12/Objects/typeobject.c:3923
#23 0x00007fe1dd7de0e3 in CPyCppyy::meta_getattro(_object*, _object*) () from /cvmfs/sft.cern.ch/lcg/app/releases/ROOT/6.32.04/x86_64-almalinux9.4-gcc114-opt/lib/libcppyy.so
#24 0x000055612a4a9b92 in PyObject_GetAttr (v=v
entry=0x55612e70cc00, name=0x7fe1fbff9e70) at /usr/local/src/conda/python-3.10.12/Objects/object.c:932
#25 0x000055612a4a0f03 in _PyEval_EvalFrameDefault (tstate=<optimized out>, f=0x55612c570040, throwflag=<optimized out>) at /usr/local/src/conda/python-3.10.12/Python/ceval.c:3592
#26 0x000055612a4ac99c in _PyEval_EvalFrame (throwflag=0, f=0x55612c570040, tstate=0x55612c514cf0) at /usr/local/src/conda/python-3.10.12/Include/internal/pycore_ceval.h:46
#27 _PyEval_Vector (kwnames=<optimized out>, argcount=<optimized out>, args=<optimized out>, locals=0x0, con=0x7fe1fbd727b0, tstate=0x55612c514cf0) at /usr/local/src/conda/python-3.10.12/Python/ceval.c:5067
#28 _PyFunction_Vectorcall (func=0x7fe1fbd727a0, stack=<optimized out>, nargsf=<optimized out>, kwnames=<optimized out>) at /usr/local/src/conda/python-3.10.12/Objects/call.c:342
#29 0x000055612a49c850 in _PyObject_VectorcallTstate (kwnames=0x0, nargsf=<optimized out>, args=0x7fe1fbfacd08, callable=0x7fe1fbd727a0, tstate=0x55612c514cf0) at /usr/local/src/conda/python-3.10.12/Include/cpython/abstract.h:114
#30 PyObject_Vectorcall (kwnames=0x0, nargsf=<optimized out>, args=0x7fe1fbfacd08, callable=0x7fe1fbd727a0) at /usr/local/src/conda/python-3.10.12/Include/cpython/abstract.h:123
#31 call_function (kwnames=0x0, oparg=<optimized out>, pp_stack=<synthetic pointer>, trace_info=0x7ffefa115f80, tstate=<optimized out>) at /usr/local/src/conda/python-3.10.12/Python/ceval.c:5893
#32 _PyEval_EvalFrameDefault (tstate=<optimized out>, f=0x7fe1fbfacba0, throwflag=<optimized out>) at /usr/local/src/conda/python-3.10.12/Python/ceval.c:4213
#33 0x000055612a53ff90 in _PyEval_EvalFrame (throwflag=0, f=0x7fe1fbfacba0, tstate=0x55612c514cf0) at /usr/local/src/conda/python-3.10.12/Include/internal/pycore_ceval.h:46
#34 _PyEval_Vector (tstate=tstate
entry=0x55612c514cf0, con=con
entry=0x7ffefa116080, locals=locals
entry=0x7fe1fbd07f80, args=args
entry=0x0, argcount=argcount
entry=0, kwnames=kwnames
entry=0x0) at /usr/local/src/conda/python-3.10.12/Python/ceval.c:5067
#35 0x000055612a53fed7 in PyEval_EvalCode (co=co
entry=0x7fe1fbcf3680, globals=globals
entry=0x7fe1fbd07f80, locals=locals
entry=0x7fe1fbd07f80) at /usr/local/src/conda/python-3.10.12/Python/ceval.c:1134
#36 0x000055612a5470da in builtin_exec_impl (module=<optimized out>, locals=0x7fe1fbd07f80, globals=0x7fe1fbd07f80, source=0x7fe1fbcf3680) at /usr/local/src/conda/python-3.10.12/Python/bltinmodule.c:1058
#37 builtin_exec (module=<optimized out>, args=<optimized out>, nargs=<optimized out>) at /usr/local/src/conda/python-3.10.12/Python/clinic/bltinmodule.c.h:371
#38 0x000055612a4acb63 in cfunction_vectorcall_FASTCALL (func=0x7fe1fc4fce00, args=0x7fe1fbd04e98, nargsf=<optimized out>, kwnames=<optimized out>) at /usr/local/src/conda/python-3.10.12/Objects/methodobject.c:430
#39 0x000055612a4a234b in do_call_core (kwdict=0x7fe1fbcf4780, callargs=0x7fe1fbd04e80, func=0x7fe1fc4fce00, trace_info=0x7ffefa116250, tstate=<optimized out>) at /usr/local/src/conda/python-3.10.12/Python/ceval.c:5917
#40 _PyEval_EvalFrameDefault (tstate=<optimized out>, f=0x7fe1fc0668c0, throwflag=<optimized out>) at /usr/local/src/conda/python-3.10.12/Python/ceval.c:4277
#41 0x000055612a4ac99c in _PyEval_EvalFrame (throwflag=0, f=0x7fe1fc0668c0, tstate=0x55612c514cf0) at /usr/local/src/conda/python-3.10.12/Include/internal/pycore_ceval.h:46
#42 _PyEval_Vector (kwnames=<optimized out>, argcount=<optimized out>, args=<optimized out>, locals=0x0, con=0x7fe1fc4c5520, tstate=0x55612c514cf0) at /usr/local/src/conda/python-3.10.12/Python/ceval.c:5067
#43 _PyFunction_Vectorcall (func=0x7fe1fc4c5510, stack=<optimized out>, nargsf=<optimized out>, kwnames=<optimized out>) at /usr/local/src/conda/python-3.10.12/Objects/call.c:342
#44 0x000055612a4a1142 in _PyObject_VectorcallTstate (kwnames=0x0, nargsf=<optimized out>, args=0x7fe1fc05dc08, callable=0x7fe1fc4c5510, tstate=0x55612c514cf0) at /usr/local/src/conda/python-3.10.12/Include/cpython/abstract.h:114
#45 PyObject_Vectorcall (kwnames=0x0, nargsf=<optimized out>, args=0x7fe1fc05dc08, callable=0x7fe1fc4c5510) at /usr/local/src/conda/python-3.10.12/Include/cpython/abstract.h:123
#46 call_function (kwnames=0x0, oparg=<optimized out>, pp_stack=<synthetic pointer>, trace_info=0x7ffefa116400, tstate=<optimized out>) at /usr/local/src/conda/python-3.10.12/Python/ceval.c:5893
#47 _PyEval_EvalFrameDefault (tstate=<optimized out>, f=0x7fe1fc05da80, throwflag=<optimized out>) at /usr/local/src/conda/python-3.10.12/Python/ceval.c:4181
#48 0x000055612a4ac99c in _PyEval_EvalFrame (throwflag=0, f=0x7fe1fc05da80, tstate=0x55612c514cf0) at /usr/local/src/conda/python-3.10.12/Include/internal/pycore_ceval.h:46
#49 _PyEval_Vector (kwnames=<optimized out>, argcount=<optimized out>, args=<optimized out>, locals=0x0, con=0x7fe1fc549760, tstate=0x55612c514cf0) at /usr/local/src/conda/python-3.10.12/Python/ceval.c:5067
#50 _PyFunction_Vectorcall (func=0x7fe1fc549750, stack=<optimized out>, nargsf=<optimized out>, kwnames=<optimized out>) at /usr/local/src/conda/python-3.10.12/Objects/call.c:342
#51 0x000055612a49cc5c in _PyObject_VectorcallTstate (kwnames=0x0, nargsf=<optimized out>, args=0x7fe1fc523dd0, callable=0x7fe1fc549750, tstate=0x55612c514cf0) at /usr/local/src/conda/python-3.10.12/Include/cpython/abstract.h:114
#52 PyObject_Vectorcall (kwnames=0x0, nargsf=<optimized out>, args=0x7fe1fc523dd0, callable=0x7fe1fc549750) at /usr/local/src/conda/python-3.10.12/Include/cpython/abstract.h:123
#53 call_function (kwnames=0x0, oparg=<optimized out>, pp_stack=<synthetic pointer>, trace_info=0x7ffefa1165b0, tstate=<optimized out>) at /usr/local/src/conda/python-3.10.12/Python/ceval.c:5893
#54 _PyEval_EvalFrameDefault (tstate=<optimized out>, f=0x7fe1fc523c50, throwflag=<optimized out>) at /usr/local/src/conda/python-3.10.12/Python/ceval.c:4198
#55 0x000055612a4ac99c in _PyEval_EvalFrame (throwflag=0, f=0x7fe1fc523c50, tstate=0x55612c514cf0) at /usr/local/src/conda/python-3.10.12/Include/internal/pycore_ceval.h:46
#56 _PyEval_Vector (kwnames=<optimized out>, argcount=<optimized out>, args=<optimized out>, locals=0x0, con=0x7fe1fc4c60f0, tstate=0x55612c514cf0) at /usr/local/src/conda/python-3.10.12/Python/ceval.c:5067
#57 _PyFunction_Vectorcall (func=0x7fe1fc4c60e0, stack=<optimized out>, nargsf=<optimized out>, kwnames=<optimized out>) at /usr/local/src/conda/python-3.10.12/Objects/call.c:342
#58 0x000055612a49c850 in _PyObject_VectorcallTstate (kwnames=0x0, nargsf=<optimized out>, args=0x7fe1fbd141f0, callable=0x7fe1fc4c60e0, tstate=0x55612c514cf0) at /usr/local/src/conda/python-3.10.12/Include/cpython/abstract.h:114
#59 PyObject_Vectorcall (kwnames=0x0, nargsf=<optimized out>, args=0x7fe1fbd141f0, callable=0x7fe1fc4c60e0) at /usr/local/src/conda/python-3.10.12/Include/cpython/abstract.h:123
#60 call_function (kwnames=0x0, oparg=<optimized out>, pp_stack=<synthetic pointer>, trace_info=0x7ffefa116760, tstate=<optimized out>) at /usr/local/src/conda/python-3.10.12/Python/ceval.c:5893
#61 _PyEval_EvalFrameDefault (tstate=<optimized out>, f=0x7fe1fbd14040, throwflag=<optimized out>) at /usr/local/src/conda/python-3.10.12/Python/ceval.c:4213
#62 0x000055612a4ac99c in _PyEval_EvalFrame (throwflag=0, f=0x7fe1fbd14040, tstate=0x55612c514cf0) at /usr/local/src/conda/python-3.10.12/Include/internal/pycore_ceval.h:46
#63 _PyEval_Vector (kwnames=<optimized out>, argcount=<optimized out>, args=<optimized out>, locals=0x0, con=0x7fe1fc4c72f0, tstate=0x55612c514cf0) at /usr/local/src/conda/python-3.10.12/Python/ceval.c:5067
#64 _PyFunction_Vectorcall (func=0x7fe1fc4c72e0, stack=<optimized out>, nargsf=<optimized out>, kwnames=<optimized out>) at /usr/local/src/conda/python-3.10.12/Objects/call.c:342
#65 0x000055612a49c850 in _PyObject_VectorcallTstate (kwnames=0x0, nargsf=<optimized out>, args=0x7fe1fc0f9850, callable=0x7fe1fc4c72e0, tstate=0x55612c514cf0) at /usr/local/src/conda/python-3.10.12/Include/cpython/abstract.h:114
#66 PyObject_Vectorcall (kwnames=0x0, nargsf=<optimized out>, args=0x7fe1fc0f9850, callable=0x7fe1fc4c72e0) at /usr/local/src/conda/python-3.10.12/Include/cpython/abstract.h:123
#67 call_function (kwnames=0x0, oparg=<optimized out>, pp_stack=<synthetic pointer>, trace_info=0x7ffefa116910, tstate=<optimized out>) at /usr/local/src/conda/python-3.10.12/Python/ceval.c:5893
#68 _PyEval_EvalFrameDefault (tstate=<optimized out>, f=0x7fe1fc0f96c0, throwflag=<optimized out>) at /usr/local/src/conda/python-3.10.12/Python/ceval.c:4213
#69 0x000055612a4ac99c in _PyEval_EvalFrame (throwflag=0, f=0x7fe1fc0f96c0, tstate=0x55612c514cf0) at /usr/local/src/conda/python-3.10.12/Include/internal/pycore_ceval.h:46
#70 _PyEval_Vector (kwnames=<optimized out>, argcount=<optimized out>, args=<optimized out>, locals=0x0, con=0x7fe1fc4c7380, tstate=0x55612c514cf0) at /usr/local/src/conda/python-3.10.12/Python/ceval.c:5067
#71 _PyFunction_Vectorcall (func=0x7fe1fc4c7370, stack=<optimized out>, nargsf=<optimized out>, kwnames=<optimized out>) at /usr/local/src/conda/python-3.10.12/Objects/call.c:342
#72 0x000055612a4ac178 in _PyObject_VectorcallTstate (kwnames=0x0, nargsf=2, args=0x7ffefa116a40, callable=0x7fe1fc4c7370, tstate=0x55612c514cf0) at /usr/local/src/conda/python-3.10.12/Include/cpython/abstract.h:114
#73 object_vacall (tstate=tstate
entry=0x55612c514cf0, base=base
entry=0x0, callable=callable
entry=0x7fe1fc4c7370, vargs=vargs
entry=0x7ffefa116ad0) at /usr/local/src/conda/python-3.10.12/Objects/call.c:734
#74 0x000055612a4ba35b in _PyObject_CallMethodIdObjArgs (obj=0x0, name=name
entry=0x55612a6e4b00 <PyId__find_and_load.6>) at /usr/local/src/conda/python-3.10.12/Objects/call.c:825
#75 0x000055612a3dc909 in import_find_and_load (abs_name=0x7fe1fbfea060, tstate=0x55612c514cf0) at /usr/local/src/conda/python-3.10.12/Python/import.c:1522
#76 PyImport_ImportModuleLevelObject (name=name
entry=0x7fe1fbff8370, globals=<optimized out>, locals=<optimized out>, fromlist=fromlist
entry=0x7fe1fbff7880, level=1) at /usr/local/src/conda/python-3.10.12/Python/import.c:1623
#77 0x000055612a4a0368 in import_name (level=0x7fe1fc4640f0, fromlist=0x7fe1fbff7880, name=0x7fe1fbff8370, f=0x7fe1fc06df10, tstate=<optimized out>) at /usr/local/src/conda/python-3.10.12/Python/ceval.c:6018
#78 _PyEval_EvalFrameDefault (tstate=<optimized out>, f=0x7fe1fc06df10, throwflag=<optimized out>) at /usr/local/src/conda/python-3.10.12/Python/ceval.c:3695
#79 0x000055612a53ff90 in _PyEval_EvalFrame (throwflag=0, f=0x7fe1fc06df10, tstate=0x55612c514cf0) at /usr/local/src/conda/python-3.10.12/Include/internal/pycore_ceval.h:46
#80 _PyEval_Vector (tstate=tstate
entry=0x55612c514cf0, con=con
entry=0x7ffefa116e50, locals=locals
entry=0x7fe1fbfee600, args=args
entry=0x0, argcount=argcount
entry=0, kwnames=kwnames
entry=0x0) at /usr/local/src/conda/python-3.10.12/Python/ceval.c:5067
#81 0x000055612a53fed7 in PyEval_EvalCode (co=co
entry=0x7fe1fbd11630, globals=globals
entry=0x7fe1fbfee600, locals=locals
entry=0x7fe1fbfee600) at /usr/local/src/conda/python-3.10.12/Python/ceval.c:1134
#82 0x000055612a5470da in builtin_exec_impl (module=<optimized out>, locals=0x7fe1fbfee600, globals=0x7fe1fbfee600, source=0x7fe1fbd11630) at /usr/local/src/conda/python-3.10.12/Python/bltinmodule.c:1058
#83 builtin_exec (module=<optimized out>, args=<optimized out>, nargs=<optimized out>) at /usr/local/src/conda/python-3.10.12/Python/clinic/bltinmodule.c.h:371
#84 0x000055612a4acb63 in cfunction_vectorcall_FASTCALL (func=0x7fe1fc4fce00, args=0x7fe1fbff88d8, nargsf=<optimized out>, kwnames=<optimized out>) at /usr/local/src/conda/python-3.10.12/Objects/methodobject.c:430
#85 0x000055612a4a234b in do_call_core (kwdict=0x7fe1fbfee740, callargs=0x7fe1fbff88c0, func=0x7fe1fc4fce00, trace_info=0x7ffefa117020, tstate=<optimized out>) at /usr/local/src/conda/python-3.10.12/Python/ceval.c:5917
#86 _PyEval_EvalFrameDefault (tstate=<optimized out>, f=0x7fe1fc52b4c0, throwflag=<optimized out>) at /usr/local/src/conda/python-3.10.12/Python/ceval.c:4277
#87 0x000055612a4ac99c in _PyEval_EvalFrame (throwflag=0, f=0x7fe1fc52b4c0, tstate=0x55612c514cf0) at /usr/local/src/conda/python-3.10.12/Include/internal/pycore_ceval.h:46
#88 _PyEval_Vector (kwnames=<optimized out>, argcount=<optimized out>, args=<optimized out>, locals=0x0, con=0x7fe1fc4c5520, tstate=0x55612c514cf0) at /usr/local/src/conda/python-3.10.12/Python/ceval.c:5067
#89 _PyFunction_Vectorcall (func=0x7fe1fc4c5510, stack=<optimized out>, nargsf=<optimized out>, kwnames=<optimized out>) at /usr/local/src/conda/python-3.10.12/Objects/call.c:342
#90 0x000055612a4a1142 in _PyObject_VectorcallTstate (kwnames=0x0, nargsf=<optimized out>, args=0x7fe1fc5222b8, callable=0x7fe1fc4c5510, tstate=0x55612c514cf0) at /usr/local/src/conda/python-3.10.12/Include/cpython/abstract.h:114
#91 PyObject_Vectorcall (kwnames=0x0, nargsf=<optimized out>, args=0x7fe1fc5222b8, callable=0x7fe1fc4c5510) at /usr/local/src/conda/python-3.10.12/Include/cpython/abstract.h:123
#92 call_function (kwnames=0x0, oparg=<optimized out>, pp_stack=<synthetic pointer>, trace_info=0x7ffefa1171d0, tstate=<optimized out>) at /usr/local/src/conda/python-3.10.12/Python/ceval.c:5893
#93 _PyEval_EvalFrameDefault (tstate=<optimized out>, f=0x7fe1fc522130, throwflag=<optimized out>) at /usr/local/src/conda/python-3.10.12/Python/ceval.c:4181
#94 0x000055612a4ac99c in _PyEval_EvalFrame (throwflag=0, f=0x7fe1fc522130, tstate=0x55612c514cf0) at /usr/local/src/conda/python-3.10.12/Include/internal/pycore_ceval.h:46
#95 _PyEval_Vector (kwnames=<optimized out>, argcount=<optimized out>, args=<optimized out>, locals=0x0, con=0x7fe1fc549760, tstate=0x55612c514cf0) at /usr/local/src/conda/python-3.10.12/Python/ceval.c:5067
#96 _PyFunction_Vectorcall (func=0x7fe1fc549750, stack=<optimized out>, nargsf=<optimized out>, kwnames=<optimized out>) at /usr/local/src/conda/python-3.10.12/Objects/call.c:342
#97 0x000055612a49cc5c in _PyObject_VectorcallTstate (kwnames=0x0, nargsf=<optimized out>, args=0x7fe1fc1cefc0, callable=0x7fe1fc549750, tstate=0x55612c514cf0) at /usr/local/src/conda/python-3.10.12/Include/cpython/abstract.h:114
#98 PyObject_Vectorcall (kwnames=0x0, nargsf=<optimized out>, args=0x7fe1fc1cefc0, callable=0x7fe1fc549750) at /usr/local/src/conda/python-3.10.12/Include/cpython/abstract.h:123
#99 call_function (kwnames=0x0, oparg=<optimized out>, pp_stack=<synthetic pointer>, trace_info=0x7ffefa117380, tstate=<optimized out>) at /usr/local/src/conda/python-3.10.12/Python/ceval.c:5893
#100 _PyEval_EvalFrameDefault (tstate=<optimized out>, f=0x7fe1fc1cee40, throwflag=<optimized out>) at /usr/local/src/conda/python-3.10.12/Python/ceval.c:4198
#101 0x000055612a4ac99c in _PyEval_EvalFrame (throwflag=0, f=0x7fe1fc1cee40, tstate=0x55612c514cf0) at /usr/local/src/conda/python-3.10.12/Include/internal/pycore_ceval.h:46
#102 _PyEval_Vector (kwnames=<optimized out>, argcount=<optimized out>, args=<optimized out>, locals=0x0, con=0x7fe1fc4c60f0, tstate=0x55612c514cf0) at /usr/local/src/conda/python-3.10.12/Python/ceval.c:5067
#103 _PyFunction_Vectorcall (func=0x7fe1fc4c60e0, stack=<optimized out>, nargsf=<optimized out>, kwnames=<optimized out>) at /usr/local/src/conda/python-3.10.12/Objects/call.c:342
#104 0x000055612a49c850 in _PyObject_VectorcallTstate (kwnames=0x0, nargsf=<optimized out>, args=0x7fe1fc1ce3f0, callable=0x7fe1fc4c60e0, tstate=0x55612c514cf0) at /usr/local/src/conda/python-3.10.12/Include/cpython/abstract.h:114
#105 PyObject_Vectorcall (kwnames=0x0, nargsf=<optimized out>, args=0x7fe1fc1ce3f0, callable=0x7fe1fc4c60e0) at /usr/local/src/conda/python-3.10.12/Include/cpython/abstract.h:123
#106 call_function (kwnames=0x0, oparg=<optimized out>, pp_stack=<synthetic pointer>, trace_info=0x7ffefa117530, tstate=<optimized out>) at /usr/local/src/conda/python-3.10.12/Python/ceval.c:5893
#107 _PyEval_EvalFrameDefault (tstate=<optimized out>, f=0x7fe1fc1ce240, throwflag=<optimized out>) at /usr/local/src/conda/python-3.10.12/Python/ceval.c:4213
#108 0x000055612a4ac99c in _PyEval_EvalFrame (throwflag=0, f=0x7fe1fc1ce240, tstate=0x55612c514cf0) at /usr/local/src/conda/python-3.10.12/Include/internal/pycore_ceval.h:46
#109 _PyEval_Vector (kwnames=<optimized out>, argcount=<optimized out>, args=<optimized out>, locals=0x0, con=0x7fe1fc4c72f0, tstate=0x55612c514cf0) at /usr/local/src/conda/python-3.10.12/Python/ceval.c:5067
#110 _PyFunction_Vectorcall (func=0x7fe1fc4c72e0, stack=<optimized out>, nargsf=<optimized out>, kwnames=<optimized out>) at /usr/local/src/conda/python-3.10.12/Objects/call.c:342
#111 0x000055612a49c850 in _PyObject_VectorcallTstate (kwnames=0x0, nargsf=<optimized out>, args=0x7fe1fc0f8950, callable=0x7fe1fc4c72e0, tstate=0x55612c514cf0) at /usr/local/src/conda/python-3.10.12/Include/cpython/abstract.h:114
#112 PyObject_Vectorcall (kwnames=0x0, nargsf=<optimized out>, args=0x7fe1fc0f8950, callable=0x7fe1fc4c72e0) at /usr/local/src/conda/python-3.10.12/Include/cpython/abstract.h:123
#113 call_function (kwnames=0x0, oparg=<optimized out>, pp_stack=<synthetic pointer>, trace_info=0x7ffefa1176e0, tstate=<optimized out>) at /usr/local/src/conda/python-3.10.12/Python/ceval.c:5893
#114 _PyEval_EvalFrameDefault (tstate=<optimized out>, f=0x7fe1fc0f87c0, throwflag=<optimized out>) at /usr/local/src/conda/python-3.10.12/Python/ceval.c:4213
#115 0x000055612a4ac99c in _PyEval_EvalFrame (throwflag=0, f=0x7fe1fc0f87c0, tstate=0x55612c514cf0) at /usr/local/src/conda/python-3.10.12/Include/internal/pycore_ceval.h:46
#116 _PyEval_Vector (kwnames=<optimized out>, argcount=<optimized out>, args=<optimized out>, locals=0x0, con=0x7fe1fc4c7380, tstate=0x55612c514cf0) at /usr/local/src/conda/python-3.10.12/Python/ceval.c:5067
#117 _PyFunction_Vectorcall (func=0x7fe1fc4c7370, stack=<optimized out>, nargsf=<optimized out>, kwnames=<optimized out>) at /usr/local/src/conda/python-3.10.12/Objects/call.c:342
#118 0x000055612a4ac178 in _PyObject_VectorcallTstate (kwnames=0x0, nargsf=2, args=0x7ffefa117810, callable=0x7fe1fc4c7370, tstate=0x55612c514cf0) at /usr/local/src/conda/python-3.10.12/Include/cpython/abstract.h:114
#119 object_vacall (tstate=tstate
entry=0x55612c514cf0, base=base
entry=0x0, callable=callable
entry=0x7fe1fc4c7370, vargs=vargs
entry=0x7ffefa1178a0) at /usr/local/src/conda/python-3.10.12/Objects/call.c:734
#120 0x000055612a4ba35b in _PyObject_CallMethodIdObjArgs (obj=0x0, name=name
entry=0x55612a6e4b00 <PyId__find_and_load.6>) at /usr/local/src/conda/python-3.10.12/Objects/call.c:825
#121 0x000055612a3dc909 in import_find_and_load (abs_name=0x7fe1fbfed5f0, tstate=0x55612c514cf0) at /usr/local/src/conda/python-3.10.12/Python/import.c:1522
#122 PyImport_ImportModuleLevelObject (name=name
entry=0x7fe1fbfed5f0, globals=<optimized out>, locals=<optimized out>, fromlist=fromlist
entry=0x55612a6ec7e0 <_Py_NoneStruct>, level=0) at /usr/local/src/conda/python-3.10.12/Python/import.c:1623
#123 0x000055612a4a0368 in import_name (level=0x7fe1fc4640d0, fromlist=0x55612a6ec7e0 <_Py_NoneStruct>, name=0x7fe1fbfed5f0, f=0x7fe1fc1cea40, tstate=<optimized out>) at /usr/local/src/conda/python-3.10.12/Python/ceval.c:6018
#124 _PyEval_EvalFrameDefault (tstate=<optimized out>, f=0x7fe1fc1cea40, throwflag=<optimized out>) at /usr/local/src/conda/python-3.10.12/Python/ceval.c:3695
#125 0x000055612a53ff90 in _PyEval_EvalFrame (throwflag=0, f=0x7fe1fc1cea40, tstate=0x55612c514cf0) at /usr/local/src/conda/python-3.10.12/Include/internal/pycore_ceval.h:46
#126 _PyEval_Vector (tstate=tstate
entry=0x55612c514cf0, con=con
entry=0x7ffefa117c20, locals=locals
entry=0x7fe1fc035080, args=args
entry=0x0, argcount=argcount
entry=0, kwnames=kwnames
entry=0x0) at /usr/local/src/conda/python-3.10.12/Python/ceval.c:5067
#127 0x000055612a53fed7 in PyEval_EvalCode (co=co
entry=0x7fe1fbfde810, globals=globals
entry=0x7fe1fc035080, locals=locals
entry=0x7fe1fc035080) at /usr/local/src/conda/python-3.10.12/Python/ceval.c:1134
#128 0x000055612a5470da in builtin_exec_impl (module=<optimized out>, locals=0x7fe1fc035080, globals=0x7fe1fc035080, source=0x7fe1fbfde810) at /usr/local/src/conda/python-3.10.12/Python/bltinmodule.c:1058
#129 builtin_exec (module=<optimized out>, args=<optimized out>, nargs=<optimized out>) at /usr/local/src/conda/python-3.10.12/Python/clinic/bltinmodule.c.h:371
#130 0x000055612a4acb63 in cfunction_vectorcall_FASTCALL (func=0x7fe1fc4fce00, args=0x7fe1fbfed2d8, nargsf=<optimized out>, kwnames=<optimized out>) at /usr/local/src/conda/python-3.10.12/Objects/methodobject.c:430
#131 0x000055612a4a234b in do_call_core (kwdict=0x7fe1fbfed340, callargs=0x7fe1fbfed2c0, func=0x7fe1fc4fce00, trace_info=0x7ffefa117df0, tstate=<optimized out>) at /usr/local/src/conda/python-3.10.12/Python/ceval.c:5917
#132 _PyEval_EvalFrameDefault (tstate=<optimized out>, f=0x7fe1fc066200, throwflag=<optimized out>) at /usr/local/src/conda/python-3.10.12/Python/ceval.c:4277
#133 0x000055612a4ac99c in _PyEval_EvalFrame (throwflag=0, f=0x7fe1fc066200, tstate=0x55612c514cf0) at /usr/local/src/conda/python-3.10.12/Include/internal/pycore_ceval.h:46
#134 _PyEval_Vector (kwnames=<optimized out>, argcount=<optimized out>, args=<optimized out>, locals=0x0, con=0x7fe1fc4c5520, tstate=0x55612c514cf0) at /usr/local/src/conda/python-3.10.12/Python/ceval.c:5067
#135 _PyFunction_Vectorcall (func=0x7fe1fc4c5510, stack=<optimized out>, nargsf=<optimized out>, kwnames=<optimized out>) at /usr/local/src/conda/python-3.10.12/Objects/call.c:342
#136 0x000055612a4a1142 in _PyObject_VectorcallTstate (kwnames=0x0, nargsf=<optimized out>, args=0x7fe1fc05cc48, callable=0x7fe1fc4c5510, tstate=0x55612c514cf0) at /usr/local/src/conda/python-3.10.12/Include/cpython/abstract.h:114
#137 PyObject_Vectorcall (kwnames=0x0, nargsf=<optimized out>, args=0x7fe1fc05cc48, callable=0x7fe1fc4c5510) at /usr/local/src/conda/python-3.10.12/Include/cpython/abstract.h:123
#138 call_function (kwnames=0x0, oparg=<optimized out>, pp_stack=<synthetic pointer>, trace_info=0x7ffefa117fa0, tstate=<optimized out>) at /usr/local/src/conda/python-3.10.12/Python/ceval.c:5893
#139 _PyEval_EvalFrameDefault (tstate=<optimized out>, f=0x7fe1fc05cac0, throwflag=<optimized out>) at /usr/local/src/conda/python-3.10.12/Python/ceval.c:4181
#140 0x000055612a4ac99c in _PyEval_EvalFrame (throwflag=0, f=0x7fe1fc05cac0, tstate=0x55612c514cf0) at /usr/local/src/conda/python-3.10.12/Include/internal/pycore_ceval.h:46
#141 _PyEval_Vector (kwnames=<optimized out>, argcount=<optimized out>, args=<optimized out>, locals=0x0, con=0x7fe1fc549760, tstate=0x55612c514cf0) at /usr/local/src/conda/python-3.10.12/Python/ceval.c:5067
#142 _PyFunction_Vectorcall (func=0x7fe1fc549750, stack=<optimized out>, nargsf=<optimized out>, kwnames=<optimized out>) at /usr/local/src/conda/python-3.10.12/Objects/call.c:342
#143 0x000055612a49cc5c in _PyObject_VectorcallTstate (kwnames=0x0, nargsf=<optimized out>, args=0x7fe1fc523040, callable=0x7fe1fc549750, tstate=0x55612c514cf0) at /usr/local/src/conda/python-3.10.12/Include/cpython/abstract.h:114
#144 PyObject_Vectorcall (kwnames=0x0, nargsf=<optimized out>, args=0x7fe1fc523040, callable=0x7fe1fc549750) at /usr/local/src/conda/python-3.10.12/Include/cpython/abstract.h:123
#145 call_function (kwnames=0x0, oparg=<optimized out>, pp_stack=<synthetic pointer>, trace_info=0x7ffefa118150, tstate=<optimized out>) at /usr/local/src/conda/python-3.10.12/Python/ceval.c:5893
#146 _PyEval_EvalFrameDefault (tstate=<optimized out>, f=0x7fe1fc522ec0, throwflag=<optimized out>) at /usr/local/src/conda/python-3.10.12/Python/ceval.c:4198
#147 0x000055612a4ac99c in _PyEval_EvalFrame (throwflag=0, f=0x7fe1fc522ec0, tstate=0x55612c514cf0) at /usr/local/src/conda/python-3.10.12/Include/internal/pycore_ceval.h:46
#148 _PyEval_Vector (kwnames=<optimized out>, argcount=<optimized out>, args=<optimized out>, locals=0x0, con=0x7fe1fc4c60f0, tstate=0x55612c514cf0) at /usr/local/src/conda/python-3.10.12/Python/ceval.c:5067
#149 _PyFunction_Vectorcall (func=0x7fe1fc4c60e0, stack=<optimized out>, nargsf=<optimized out>, kwnames=<optimized out>) at /usr/local/src/conda/python-3.10.12/Objects/call.c:342
#150 0x000055612a49c850 in _PyObject_VectorcallTstate (kwnames=0x0, nargsf=<optimized out>, args=0x7fe1fc1ce5f0, callable=0x7fe1fc4c60e0, tstate=0x55612c514cf0) at /usr/local/src/conda/python-3.10.12/Include/cpython/abstract.h:114
#151 PyObject_Vectorcall (kwnames=0x0, nargsf=<optimized out>, args=0x7fe1fc1ce5f0, callable=0x7fe1fc4c60e0) at /usr/local/src/conda/python-3.10.12/Include/cpython/abstract.h:123
#152 call_function (kwnames=0x0, oparg=<optimized out>, pp_stack=<synthetic pointer>, trace_info=0x7ffefa118300, tstate=<optimized out>) at /usr/local/src/conda/python-3.10.12/Python/ceval.c:5893
#153 _PyEval_EvalFrameDefault (tstate=<optimized out>, f=0x7fe1fc1ce440, throwflag=<optimized out>) at /usr/local/src/conda/python-3.10.12/Python/ceval.c:4213
#154 0x000055612a4ac99c in _PyEval_EvalFrame (throwflag=0, f=0x7fe1fc1ce440, tstate=0x55612c514cf0) at /usr/local/src/conda/python-3.10.12/Include/internal/pycore_ceval.h:46
#155 _PyEval_Vector (kwnames=<optimized out>, argcount=<optimized out>, args=<optimized out>, locals=0x0, con=0x7fe1fc4c72f0, tstate=0x55612c514cf0) at /usr/local/src/conda/python-3.10.12/Python/ceval.c:5067
#156 _PyFunction_Vectorcall (func=0x7fe1fc4c72e0, stack=<optimized out>, nargsf=<optimized out>, kwnames=<optimized out>) at /usr/local/src/conda/python-3.10.12/Objects/call.c:342
#157 0x000055612a49c850 in _PyObject_VectorcallTstate (kwnames=0x0, nargsf=<optimized out>, args=0x7fe1fc0f90d0, callable=0x7fe1fc4c72e0, tstate=0x55612c514cf0) at /usr/local/src/conda/python-3.10.12/Include/cpython/abstract.h:114
#158 PyObject_Vectorcall (kwnames=0x0, nargsf=<optimized out>, args=0x7fe1fc0f90d0, callable=0x7fe1fc4c72e0) at /usr/local/src/conda/python-3.10.12/Include/cpython/abstract.h:123
#159 call_function (kwnames=0x0, oparg=<optimized out>, pp_stack=<synthetic pointer>, trace_info=0x7ffefa1184b0, tstate=<optimized out>) at /usr/local/src/conda/python-3.10.12/Python/ceval.c:5893
#160 _PyEval_EvalFrameDefault (tstate=<optimized out>, f=0x7fe1fc0f8f40, throwflag=<optimized out>) at /usr/local/src/conda/python-3.10.12/Python/ceval.c:4213
#161 0x000055612a4ac99c in _PyEval_EvalFrame (throwflag=0, f=0x7fe1fc0f8f40, tstate=0x55612c514cf0) at /usr/local/src/conda/python-3.10.12/Include/internal/pycore_ceval.h:46
#162 _PyEval_Vector (kwnames=<optimized out>, argcount=<optimized out>, args=<optimized out>, locals=0x0, con=0x7fe1fc4c7380, tstate=0x55612c514cf0) at /usr/local/src/conda/python-3.10.12/Python/ceval.c:5067
#163 _PyFunction_Vectorcall (func=0x7fe1fc4c7370, stack=<optimized out>, nargsf=<optimized out>, kwnames=<optimized out>) at /usr/local/src/conda/python-3.10.12/Objects/call.c:342
#164 0x000055612a4ac178 in _PyObject_VectorcallTstate (kwnames=0x0, nargsf=2, args=0x7ffefa1185e0, callable=0x7fe1fc4c7370, tstate=0x55612c514cf0) at /usr/local/src/conda/python-3.10.12/Include/cpython/abstract.h:114
#165 object_vacall (tstate=tstate
entry=0x55612c514cf0, base=base
entry=0x0, callable=callable
entry=0x7fe1fc4c7370, vargs=vargs
entry=0x7ffefa118670) at /usr/local/src/conda/python-3.10.12/Objects/call.c:734
#166 0x000055612a4ba35b in _PyObject_CallMethodIdObjArgs (obj=0x0, name=name
entry=0x55612a6e4b00 <PyId__find_and_load.6>) at /usr/local/src/conda/python-3.10.12/Objects/call.c:825
#167 0x000055612a3dc909 in import_find_and_load (abs_name=0x7fe1fc1a0d70, tstate=0x55612c514cf0) at /usr/local/src/conda/python-3.10.12/Python/import.c:1522
#168 PyImport_ImportModuleLevelObject (name=name
entry=0x7fe1fc1a0d70, globals=<optimized out>, locals=<optimized out>, fromlist=fromlist
entry=0x55612a6ec7e0 <_Py_NoneStruct>, level=0) at /usr/local/src/conda/python-3.10.12/Python/import.c:1623
#169 0x000055612a4a0368 in import_name (level=0x7fe1fc4640d0, fromlist=0x55612a6ec7e0 <_Py_NoneStruct>, name=0x7fe1fc1a0d70, f=0x7fe1fc48dc40, tstate=<optimized out>) at /usr/local/src/conda/python-3.10.12/Python/ceval.c:6018
#170 _PyEval_EvalFrameDefault (tstate=<optimized out>, f=0x7fe1fc48dc40, throwflag=<optimized out>) at /usr/local/src/conda/python-3.10.12/Python/ceval.c:3695
#171 0x000055612a53ff90 in _PyEval_EvalFrame (throwflag=0, f=0x7fe1fc48dc40, tstate=0x55612c514cf0) at /usr/local/src/conda/python-3.10.12/Include/internal/pycore_ceval.h:46
#172 _PyEval_Vector (tstate=tstate
entry=0x55612c514cf0, con=con
entry=0x7ffefa1189f0, locals=locals
entry=0x7fe1fc145dc0, args=args
entry=0x0, argcount=argcount
entry=0, kwnames=kwnames
entry=0x0) at /usr/local/src/conda/python-3.10.12/Python/ceval.c:5067
#173 0x000055612a53fed7 in PyEval_EvalCode (co=co
entry=0x7fe1fc0083a0, globals=globals
entry=0x7fe1fc145dc0, locals=locals
entry=0x7fe1fc145dc0) at /usr/local/src/conda/python-3.10.12/Python/ceval.c:1134
#174 0x000055612a57042a in run_eval_code_obj (tstate=tstate
entry=0x55612c514cf0, co=co
entry=0x7fe1fc0083a0, globals=globals
entry=0x7fe1fc145dc0, locals=locals
entry=0x7fe1fc145dc0) at /usr/local/src/conda/python-3.10.12/Python/pythonrun.c:1291
#175 0x000055612a56b833 in run_mod (mod=mod
entry=0x55612c641500, filename=filename
entry=0x7fe1fc01d980, globals=globals
entry=0x7fe1fc145dc0, locals=locals
entry=0x7fe1fc145dc0, flags=flags
entry=0x7ffefa118bd8, arena=arena
entry=0x7fe1fc1026f0) at /usr/local/src/conda/python-3.10.12/Python/pythonrun.c:1312
#176 0x000055612a4026cd in pyrun_file (fp=fp
entry=0x55612c4f4370, filename=filename
entry=0x7fe1fc01d980, start=start
entry=257, globals=globals
entry=0x7fe1fc145dc0, locals=locals
entry=0x7fe1fc145dc0, closeit=closeit
entry=1, flags=0x7ffefa118bd8) at /usr/local/src/conda/python-3.10.12/Python/pythonrun.c:1208
#177 0x000055612a565d1e in _PyRun_SimpleFileObject (fp=0x55612c4f4370, filename=0x7fe1fc01d980, closeit=1, flags=0x7ffefa118bd8) at /usr/local/src/conda/python-3.10.12/Python/pythonrun.c:456
#178 0x000055612a5658b4 in _PyRun_AnyFileObject (fp=0x55612c4f4370, filename=filename
entry=0x7fe1fc01d980, closeit=closeit
entry=1, flags=flags
entry=0x7ffefa118bd8) at /usr/local/src/conda/python-3.10.12/Python/pythonrun.c:90
#179 0x000055612a562aab in pymain_run_file_obj (skip_source_first_line=0, filename=0x7fe1fc01d980, program_name=0x7fe1fc158630) at /usr/local/src/conda/python-3.10.12/Modules/main.c:357
#180 pymain_run_file (config=0x55612c4f87b0) at /usr/local/src/conda/python-3.10.12/Modules/main.c:376
#181 pymain_run_python (exitcode=0x7ffefa118bd4) at /usr/local/src/conda/python-3.10.12/Modules/main.c:591
#182 Py_RunMain () at /usr/local/src/conda/python-3.10.12/Modules/main.c:670
#183 0x000055612a533527 in Py_BytesMain (argc=<optimized out>, argv=<optimized out>) at /usr/local/src/conda/python-3.10.12/Modules/main.c:1090
#184 0x00007fe1fc2295d0 in __libc_start_call_main () from /lib64/libc.so.6
#185 0x00007fe1fc229680 in __libc_start_main_impl () from /lib64/libc.so.6
#186 0x000055612a533421 in _start ()
===========================================================


