 *** Break *** segmentation violation



===========================================================
There was a crash.
This is the entire stack trace of all threads:
===========================================================
#0  0x00007f039b8d8fba in wait4 () from /lib64/libc.so.6
#1  0x00007f039b84b7e3 in do_system () from /lib64/libc.so.6
#2  0x00007f039acf82ce in TUnixSystem::StackTrace() () from /cvmfs/sft.cern.ch/lcg/app/releases/ROOT/6.32.04/x86_64-almalinux9.4-gcc114-opt/lib/libCore.so
#3  0x00007f039afae083 in (anonymous namespace)::TExceptionHandlerImp::HandleException(int) () from /cvmfs/sft.cern.ch/lcg/app/releases/ROOT/6.32.04/x86_64-almalinux9.4-gcc114-opt/lib/libcppyy_backend.so
#4  0x00007f039acf5861 in TUnixSystem::DispatchSignals(ESignals) () from /cvmfs/sft.cern.ch/lcg/app/releases/ROOT/6.32.04/x86_64-almalinux9.4-gcc114-opt/lib/libCore.so
#5  <signal handler called>
#6  _PyObject_IS_GC (obj=0x1) at /usr/local/src/conda/python-3.10.12/Include/internal/pycore_object.h:165
#7  visit_decref (op=0x1, parent=0x562e1284b790) at /usr/local/src/conda/python-3.10.12/Modules/gcmodule.c:456
#8  0x0000562e0ef01144 in subtract_refs (containers=<optimized out>) at /usr/local/src/conda/python-3.10.12/Modules/gcmodule.c:482
#9  deduce_unreachable (base=base
entry=0x562e106e9680, unreachable=unreachable
entry=0x7ffdff2b59d0) at /usr/local/src/conda/python-3.10.12/Modules/gcmodule.c:1105
#10 0x0000562e0eeffe98 in gc_collect_main (tstate=tstate
entry=0x562e10705cf0, generation=generation
entry=0, n_collected=n_collected
entry=0x7ffdff2b5ab0, n_uncollectable=n_uncollectable
entry=0x7ffdff2b5aa8, nofail=nofail
entry=0) at /usr/local/src/conda/python-3.10.12/Modules/gcmodule.c:1239
#11 0x0000562e0efad4bb in gc_collect_with_callback (tstate=tstate
entry=0x562e10705cf0, generation=0) at /usr/local/src/conda/python-3.10.12/Modules/gcmodule.c:1413
#12 0x0000562e0eef580b in gc_collect_generations (tstate=0x562e10705cf0) at /usr/local/src/conda/python-3.10.12/Modules/gcmodule.c:1468
#13 _PyObject_GC_Alloc (basicsize=<optimized out>, use_calloc=0) at /usr/local/src/conda/python-3.10.12/Modules/gcmodule.c:2297
#14 _PyObject_GC_Malloc (basicsize=<optimized out>) at /usr/local/src/conda/python-3.10.12/Modules/gcmodule.c:2307
#15 _PyObject_GC_New (tp=0x7f037d5625c0 <CPyCppyy::CPPOverload_Type>) at /usr/local/src/conda/python-3.10.12/Modules/gcmodule.c:2319
#16 0x00007f037d4e5790 in CPyCppyy::(anonymous namespace)::mp_new(_typeobject*, _object*, _object*) () from /cvmfs/sft.cern.ch/lcg/app/releases/ROOT/6.32.04/x86_64-almalinux9.4-gcc114-opt/lib/libcppyy.so
#17 0x00007f037d50e9e3 in CPyCppyy::BuildScopeProxyDict(unsigned long, _object*, unsigned int) () from /cvmfs/sft.cern.ch/lcg/app/releases/ROOT/6.32.04/x86_64-almalinux9.4-gcc114-opt/lib/libcppyy.so
#18 0x00007f037d5111a3 in CPyCppyy::CreateScopeProxy(std::__cxx11::basic_string<char, std::char_traits<char>, std::allocator<char> > const&, _object*, unsigned int) () from /cvmfs/sft.cern.ch/lcg/app/releases/ROOT/6.32.04/x86_64-almalinux9.4-gcc114-opt/lib/libcppyy.so
#19 0x00007f037d511dc5 in CPyCppyy::CreateScopeProxy(unsigned long, unsigned int) () from /cvmfs/sft.cern.ch/lcg/app/releases/ROOT/6.32.04/x86_64-almalinux9.4-gcc114-opt/lib/libcppyy.so
#20 0x00007f037d511e26 in CPyCppyy::BindCppObjectNoCast(void*, unsigned long, unsigned int) () from /cvmfs/sft.cern.ch/lcg/app/releases/ROOT/6.32.04/x86_64-almalinux9.4-gcc114-opt/lib/libcppyy.so
#21 0x00007f037d4da930 in CPyCppyy::dm_get(CPyCppyy::CPPDataMember*, CPyCppyy::CPPInstance*, _object*) () from /cvmfs/sft.cern.ch/lcg/app/releases/ROOT/6.32.04/x86_64-almalinux9.4-gcc114-opt/lib/libcppyy.so
#22 0x0000562e0ef1572a in type_getattro (type=<optimized out>, name=<optimized out>) at /usr/local/src/conda/python-3.10.12/Objects/typeobject.c:3923
#23 0x00007f037d4ed0e3 in CPyCppyy::meta_getattro(_object*, _object*) () from /cvmfs/sft.cern.ch/lcg/app/releases/ROOT/6.32.04/x86_64-almalinux9.4-gcc114-opt/lib/libcppyy.so
#24 0x0000562e0ef1ab92 in PyObject_GetAttr (v=v
entry=0x562e12a1f9e0, name=0x7f039b4f5e70) at /usr/local/src/conda/python-3.10.12/Objects/object.c:932
#25 0x0000562e0ef11f03 in _PyEval_EvalFrameDefault (tstate=<optimized out>, f=0x562e10761040, throwflag=<optimized out>) at /usr/local/src/conda/python-3.10.12/Python/ceval.c:3592
#26 0x0000562e0ef1d99c in _PyEval_EvalFrame (throwflag=0, f=0x562e10761040, tstate=0x562e10705cf0) at /usr/local/src/conda/python-3.10.12/Include/internal/pycore_ceval.h:46
#27 _PyEval_Vector (kwnames=<optimized out>, argcount=<optimized out>, args=<optimized out>, locals=0x0, con=0x7f039b26e7b0, tstate=0x562e10705cf0) at /usr/local/src/conda/python-3.10.12/Python/ceval.c:5067
#28 _PyFunction_Vectorcall (func=0x7f039b26e7a0, stack=<optimized out>, nargsf=<optimized out>, kwnames=<optimized out>) at /usr/local/src/conda/python-3.10.12/Objects/call.c:342
#29 0x0000562e0ef0d850 in _PyObject_VectorcallTstate (kwnames=0x0, nargsf=<optimized out>, args=0x7f039b4a8d08, callable=0x7f039b26e7a0, tstate=0x562e10705cf0) at /usr/local/src/conda/python-3.10.12/Include/cpython/abstract.h:114
#30 PyObject_Vectorcall (kwnames=0x0, nargsf=<optimized out>, args=0x7f039b4a8d08, callable=0x7f039b26e7a0) at /usr/local/src/conda/python-3.10.12/Include/cpython/abstract.h:123
#31 call_function (kwnames=0x0, oparg=<optimized out>, pp_stack=<synthetic pointer>, trace_info=0x7ffdff2b6440, tstate=<optimized out>) at /usr/local/src/conda/python-3.10.12/Python/ceval.c:5893
#32 _PyEval_EvalFrameDefault (tstate=<optimized out>, f=0x7f039b4a8ba0, throwflag=<optimized out>) at /usr/local/src/conda/python-3.10.12/Python/ceval.c:4213
#33 0x0000562e0efb0f90 in _PyEval_EvalFrame (throwflag=0, f=0x7f039b4a8ba0, tstate=0x562e10705cf0) at /usr/local/src/conda/python-3.10.12/Include/internal/pycore_ceval.h:46
#34 _PyEval_Vector (tstate=tstate
entry=0x562e10705cf0, con=con
entry=0x7ffdff2b6540, locals=locals
entry=0x7f039b203f80, args=args
entry=0x0, argcount=argcount
entry=0, kwnames=kwnames
entry=0x0) at /usr/local/src/conda/python-3.10.12/Python/ceval.c:5067
#35 0x0000562e0efb0ed7 in PyEval_EvalCode (co=co
entry=0x7f039b1ef680, globals=globals
entry=0x7f039b203f80, locals=locals
entry=0x7f039b203f80) at /usr/local/src/conda/python-3.10.12/Python/ceval.c:1134
#36 0x0000562e0efb80da in builtin_exec_impl (module=<optimized out>, locals=0x7f039b203f80, globals=0x7f039b203f80, source=0x7f039b1ef680) at /usr/local/src/conda/python-3.10.12/Python/bltinmodule.c:1058
#37 builtin_exec (module=<optimized out>, args=<optimized out>, nargs=<optimized out>) at /usr/local/src/conda/python-3.10.12/Python/clinic/bltinmodule.c.h:371
#38 0x0000562e0ef1db63 in cfunction_vectorcall_FASTCALL (func=0x7f039b798e00, args=0x7f039b200e98, nargsf=<optimized out>, kwnames=<optimized out>) at /usr/local/src/conda/python-3.10.12/Objects/methodobject.c:430
#39 0x0000562e0ef1334b in do_call_core (kwdict=0x7f039b1f0780, callargs=0x7f039b200e80, func=0x7f039b798e00, trace_info=0x7ffdff2b6710, tstate=<optimized out>) at /usr/local/src/conda/python-3.10.12/Python/ceval.c:5917
#40 _PyEval_EvalFrameDefault (tstate=<optimized out>, f=0x7f039b5628c0, throwflag=<optimized out>) at /usr/local/src/conda/python-3.10.12/Python/ceval.c:4277
#41 0x0000562e0ef1d99c in _PyEval_EvalFrame (throwflag=0, f=0x7f039b5628c0, tstate=0x562e10705cf0) at /usr/local/src/conda/python-3.10.12/Include/internal/pycore_ceval.h:46
#42 _PyEval_Vector (kwnames=<optimized out>, argcount=<optimized out>, args=<optimized out>, locals=0x0, con=0x7f039b761520, tstate=0x562e10705cf0) at /usr/local/src/conda/python-3.10.12/Python/ceval.c:5067
#43 _PyFunction_Vectorcall (func=0x7f039b761510, stack=<optimized out>, nargsf=<optimized out>, kwnames=<optimized out>) at /usr/local/src/conda/python-3.10.12/Objects/call.c:342
#44 0x0000562e0ef12142 in _PyObject_VectorcallTstate (kwnames=0x0, nargsf=<optimized out>, args=0x7f039b559c08, callable=0x7f039b761510, tstate=0x562e10705cf0) at /usr/local/src/conda/python-3.10.12/Include/cpython/abstract.h:114
#45 PyObject_Vectorcall (kwnames=0x0, nargsf=<optimized out>, args=0x7f039b559c08, callable=0x7f039b761510) at /usr/local/src/conda/python-3.10.12/Include/cpython/abstract.h:123
#46 call_function (kwnames=0x0, oparg=<optimized out>, pp_stack=<synthetic pointer>, trace_info=0x7ffdff2b68c0, tstate=<optimized out>) at /usr/local/src/conda/python-3.10.12/Python/ceval.c:5893
#47 _PyEval_EvalFrameDefault (tstate=<optimized out>, f=0x7f039b559a80, throwflag=<optimized out>) at /usr/local/src/conda/python-3.10.12/Python/ceval.c:4181
#48 0x0000562e0ef1d99c in _PyEval_EvalFrame (throwflag=0, f=0x7f039b559a80, tstate=0x562e10705cf0) at /usr/local/src/conda/python-3.10.12/Include/internal/pycore_ceval.h:46
#49 _PyEval_Vector (kwnames=<optimized out>, argcount=<optimized out>, args=<optimized out>, locals=0x0, con=0x7f039b7e5760, tstate=0x562e10705cf0) at /usr/local/src/conda/python-3.10.12/Python/ceval.c:5067
#50 _PyFunction_Vectorcall (func=0x7f039b7e5750, stack=<optimized out>, nargsf=<optimized out>, kwnames=<optimized out>) at /usr/local/src/conda/python-3.10.12/Objects/call.c:342
#51 0x0000562e0ef0dc5c in _PyObject_VectorcallTstate (kwnames=0x0, nargsf=<optimized out>, args=0x7f039b7bfdd0, callable=0x7f039b7e5750, tstate=0x562e10705cf0) at /usr/local/src/conda/python-3.10.12/Include/cpython/abstract.h:114
#52 PyObject_Vectorcall (kwnames=0x0, nargsf=<optimized out>, args=0x7f039b7bfdd0, callable=0x7f039b7e5750) at /usr/local/src/conda/python-3.10.12/Include/cpython/abstract.h:123
#53 call_function (kwnames=0x0, oparg=<optimized out>, pp_stack=<synthetic pointer>, trace_info=0x7ffdff2b6a70, tstate=<optimized out>) at /usr/local/src/conda/python-3.10.12/Python/ceval.c:5893
#54 _PyEval_EvalFrameDefault (tstate=<optimized out>, f=0x7f039b7bfc50, throwflag=<optimized out>) at /usr/local/src/conda/python-3.10.12/Python/ceval.c:4198
#55 0x0000562e0ef1d99c in _PyEval_EvalFrame (throwflag=0, f=0x7f039b7bfc50, tstate=0x562e10705cf0) at /usr/local/src/conda/python-3.10.12/Include/internal/pycore_ceval.h:46
#56 _PyEval_Vector (kwnames=<optimized out>, argcount=<optimized out>, args=<optimized out>, locals=0x0, con=0x7f039b7620f0, tstate=0x562e10705cf0) at /usr/local/src/conda/python-3.10.12/Python/ceval.c:5067
#57 _PyFunction_Vectorcall (func=0x7f039b7620e0, stack=<optimized out>, nargsf=<optimized out>, kwnames=<optimized out>) at /usr/local/src/conda/python-3.10.12/Objects/call.c:342
#58 0x0000562e0ef0d850 in _PyObject_VectorcallTstate (kwnames=0x0, nargsf=<optimized out>, args=0x7f039b2101f0, callable=0x7f039b7620e0, tstate=0x562e10705cf0) at /usr/local/src/conda/python-3.10.12/Include/cpython/abstract.h:114
#59 PyObject_Vectorcall (kwnames=0x0, nargsf=<optimized out>, args=0x7f039b2101f0, callable=0x7f039b7620e0) at /usr/local/src/conda/python-3.10.12/Include/cpython/abstract.h:123
#60 call_function (kwnames=0x0, oparg=<optimized out>, pp_stack=<synthetic pointer>, trace_info=0x7ffdff2b6c20, tstate=<optimized out>) at /usr/local/src/conda/python-3.10.12/Python/ceval.c:5893
#61 _PyEval_EvalFrameDefault (tstate=<optimized out>, f=0x7f039b210040, throwflag=<optimized out>) at /usr/local/src/conda/python-3.10.12/Python/ceval.c:4213
#62 0x0000562e0ef1d99c in _PyEval_EvalFrame (throwflag=0, f=0x7f039b210040, tstate=0x562e10705cf0) at /usr/local/src/conda/python-3.10.12/Include/internal/pycore_ceval.h:46
#63 _PyEval_Vector (kwnames=<optimized out>, argcount=<optimized out>, args=<optimized out>, locals=0x0, con=0x7f039b7632f0, tstate=0x562e10705cf0) at /usr/local/src/conda/python-3.10.12/Python/ceval.c:5067
#64 _PyFunction_Vectorcall (func=0x7f039b7632e0, stack=<optimized out>, nargsf=<optimized out>, kwnames=<optimized out>) at /usr/local/src/conda/python-3.10.12/Objects/call.c:342
#65 0x0000562e0ef0d850 in _PyObject_VectorcallTstate (kwnames=0x0, nargsf=<optimized out>, args=0x7f039b5f5850, callable=0x7f039b7632e0, tstate=0x562e10705cf0) at /usr/local/src/conda/python-3.10.12/Include/cpython/abstract.h:114
#66 PyObject_Vectorcall (kwnames=0x0, nargsf=<optimized out>, args=0x7f039b5f5850, callable=0x7f039b7632e0) at /usr/local/src/conda/python-3.10.12/Include/cpython/abstract.h:123
#67 call_function (kwnames=0x0, oparg=<optimized out>, pp_stack=<synthetic pointer>, trace_info=0x7ffdff2b6dd0, tstate=<optimized out>) at /usr/local/src/conda/python-3.10.12/Python/ceval.c:5893
#68 _PyEval_EvalFrameDefault (tstate=<optimized out>, f=0x7f039b5f56c0, throwflag=<optimized out>) at /usr/local/src/conda/python-3.10.12/Python/ceval.c:4213
#69 0x0000562e0ef1d99c in _PyEval_EvalFrame (throwflag=0, f=0x7f039b5f56c0, tstate=0x562e10705cf0) at /usr/local/src/conda/python-3.10.12/Include/internal/pycore_ceval.h:46
#70 _PyEval_Vector (kwnames=<optimized out>, argcount=<optimized out>, args=<optimized out>, locals=0x0, con=0x7f039b763380, tstate=0x562e10705cf0) at /usr/local/src/conda/python-3.10.12/Python/ceval.c:5067
#71 _PyFunction_Vectorcall (func=0x7f039b763370, stack=<optimized out>, nargsf=<optimized out>, kwnames=<optimized out>) at /usr/local/src/conda/python-3.10.12/Objects/call.c:342
#72 0x0000562e0ef1d178 in _PyObject_VectorcallTstate (kwnames=0x0, nargsf=2, args=0x7ffdff2b6f00, callable=0x7f039b763370, tstate=0x562e10705cf0) at /usr/local/src/conda/python-3.10.12/Include/cpython/abstract.h:114
#73 object_vacall (tstate=tstate
entry=0x562e10705cf0, base=base
entry=0x0, callable=callable
entry=0x7f039b763370, vargs=vargs
entry=0x7ffdff2b6f90) at /usr/local/src/conda/python-3.10.12/Objects/call.c:734
#74 0x0000562e0ef2b35b in _PyObject_CallMethodIdObjArgs (obj=0x0, name=name
entry=0x562e0f155b00 <PyId__find_and_load.6>) at /usr/local/src/conda/python-3.10.12/Objects/call.c:825
#75 0x0000562e0ee4d909 in import_find_and_load (abs_name=0x7f039b4e6060, tstate=0x562e10705cf0) at /usr/local/src/conda/python-3.10.12/Python/import.c:1522
#76 PyImport_ImportModuleLevelObject (name=name
entry=0x7f039b4f4370, globals=<optimized out>, locals=<optimized out>, fromlist=fromlist
entry=0x7f039b4f3880, level=1) at /usr/local/src/conda/python-3.10.12/Python/import.c:1623
#77 0x0000562e0ef11368 in import_name (level=0x7f039b7000f0, fromlist=0x7f039b4f3880, name=0x7f039b4f4370, f=0x7f039b569f10, tstate=<optimized out>) at /usr/local/src/conda/python-3.10.12/Python/ceval.c:6018
#78 _PyEval_EvalFrameDefault (tstate=<optimized out>, f=0x7f039b569f10, throwflag=<optimized out>) at /usr/local/src/conda/python-3.10.12/Python/ceval.c:3695
#79 0x0000562e0efb0f90 in _PyEval_EvalFrame (throwflag=0, f=0x7f039b569f10, tstate=0x562e10705cf0) at /usr/local/src/conda/python-3.10.12/Include/internal/pycore_ceval.h:46
#80 _PyEval_Vector (tstate=tstate
entry=0x562e10705cf0, con=con
entry=0x7ffdff2b7310, locals=locals
entry=0x7f039b4ea600, args=args
entry=0x0, argcount=argcount
entry=0, kwnames=kwnames
entry=0x0) at /usr/local/src/conda/python-3.10.12/Python/ceval.c:5067
#81 0x0000562e0efb0ed7 in PyEval_EvalCode (co=co
entry=0x7f039b20d630, globals=globals
entry=0x7f039b4ea600, locals=locals
entry=0x7f039b4ea600) at /usr/local/src/conda/python-3.10.12/Python/ceval.c:1134
#82 0x0000562e0efb80da in builtin_exec_impl (module=<optimized out>, locals=0x7f039b4ea600, globals=0x7f039b4ea600, source=0x7f039b20d630) at /usr/local/src/conda/python-3.10.12/Python/bltinmodule.c:1058
#83 builtin_exec (module=<optimized out>, args=<optimized out>, nargs=<optimized out>) at /usr/local/src/conda/python-3.10.12/Python/clinic/bltinmodule.c.h:371
#84 0x0000562e0ef1db63 in cfunction_vectorcall_FASTCALL (func=0x7f039b798e00, args=0x7f039b4f48d8, nargsf=<optimized out>, kwnames=<optimized out>) at /usr/local/src/conda/python-3.10.12/Objects/methodobject.c:430
#85 0x0000562e0ef1334b in do_call_core (kwdict=0x7f039b4ea740, callargs=0x7f039b4f48c0, func=0x7f039b798e00, trace_info=0x7ffdff2b74e0, tstate=<optimized out>) at /usr/local/src/conda/python-3.10.12/Python/ceval.c:5917
#86 _PyEval_EvalFrameDefault (tstate=<optimized out>, f=0x7f039b7c74c0, throwflag=<optimized out>) at /usr/local/src/conda/python-3.10.12/Python/ceval.c:4277
#87 0x0000562e0ef1d99c in _PyEval_EvalFrame (throwflag=0, f=0x7f039b7c74c0, tstate=0x562e10705cf0) at /usr/local/src/conda/python-3.10.12/Include/internal/pycore_ceval.h:46
#88 _PyEval_Vector (kwnames=<optimized out>, argcount=<optimized out>, args=<optimized out>, locals=0x0, con=0x7f039b761520, tstate=0x562e10705cf0) at /usr/local/src/conda/python-3.10.12/Python/ceval.c:5067
#89 _PyFunction_Vectorcall (func=0x7f039b761510, stack=<optimized out>, nargsf=<optimized out>, kwnames=<optimized out>) at /usr/local/src/conda/python-3.10.12/Objects/call.c:342
#90 0x0000562e0ef12142 in _PyObject_VectorcallTstate (kwnames=0x0, nargsf=<optimized out>, args=0x7f039b7be2b8, callable=0x7f039b761510, tstate=0x562e10705cf0) at /usr/local/src/conda/python-3.10.12/Include/cpython/abstract.h:114
#91 PyObject_Vectorcall (kwnames=0x0, nargsf=<optimized out>, args=0x7f039b7be2b8, callable=0x7f039b761510) at /usr/local/src/conda/python-3.10.12/Include/cpython/abstract.h:123
#92 call_function (kwnames=0x0, oparg=<optimized out>, pp_stack=<synthetic pointer>, trace_info=0x7ffdff2b7690, tstate=<optimized out>) at /usr/local/src/conda/python-3.10.12/Python/ceval.c:5893
#93 _PyEval_EvalFrameDefault (tstate=<optimized out>, f=0x7f039b7be130, throwflag=<optimized out>) at /usr/local/src/conda/python-3.10.12/Python/ceval.c:4181
#94 0x0000562e0ef1d99c in _PyEval_EvalFrame (throwflag=0, f=0x7f039b7be130, tstate=0x562e10705cf0) at /usr/local/src/conda/python-3.10.12/Include/internal/pycore_ceval.h:46
#95 _PyEval_Vector (kwnames=<optimized out>, argcount=<optimized out>, args=<optimized out>, locals=0x0, con=0x7f039b7e5760, tstate=0x562e10705cf0) at /usr/local/src/conda/python-3.10.12/Python/ceval.c:5067
#96 _PyFunction_Vectorcall (func=0x7f039b7e5750, stack=<optimized out>, nargsf=<optimized out>, kwnames=<optimized out>) at /usr/local/src/conda/python-3.10.12/Objects/call.c:342
#97 0x0000562e0ef0dc5c in _PyObject_VectorcallTstate (kwnames=0x0, nargsf=<optimized out>, args=0x7f039b6cafc0, callable=0x7f039b7e5750, tstate=0x562e10705cf0) at /usr/local/src/conda/python-3.10.12/Include/cpython/abstract.h:114
#98 PyObject_Vectorcall (kwnames=0x0, nargsf=<optimized out>, args=0x7f039b6cafc0, callable=0x7f039b7e5750) at /usr/local/src/conda/python-3.10.12/Include/cpython/abstract.h:123
#99 call_function (kwnames=0x0, oparg=<optimized out>, pp_stack=<synthetic pointer>, trace_info=0x7ffdff2b7840, tstate=<optimized out>) at /usr/local/src/conda/python-3.10.12/Python/ceval.c:5893
#100 _PyEval_EvalFrameDefault (tstate=<optimized out>, f=0x7f039b6cae40, throwflag=<optimized out>) at /usr/local/src/conda/python-3.10.12/Python/ceval.c:4198
#101 0x0000562e0ef1d99c in _PyEval_EvalFrame (throwflag=0, f=0x7f039b6cae40, tstate=0x562e10705cf0) at /usr/local/src/conda/python-3.10.12/Include/internal/pycore_ceval.h:46
#102 _PyEval_Vector (kwnames=<optimized out>, argcount=<optimized out>, args=<optimized out>, locals=0x0, con=0x7f039b7620f0, tstate=0x562e10705cf0) at /usr/local/src/conda/python-3.10.12/Python/ceval.c:5067
#103 _PyFunction_Vectorcall (func=0x7f039b7620e0, stack=<optimized out>, nargsf=<optimized out>, kwnames=<optimized out>) at /usr/local/src/conda/python-3.10.12/Objects/call.c:342
#104 0x0000562e0ef0d850 in _PyObject_VectorcallTstate (kwnames=0x0, nargsf=<optimized out>, args=0x7f039b6ca3f0, callable=0x7f039b7620e0, tstate=0x562e10705cf0) at /usr/local/src/conda/python-3.10.12/Include/cpython/abstract.h:114
#105 PyObject_Vectorcall (kwnames=0x0, nargsf=<optimized out>, args=0x7f039b6ca3f0, callable=0x7f039b7620e0) at /usr/local/src/conda/python-3.10.12/Include/cpython/abstract.h:123
#106 call_function (kwnames=0x0, oparg=<optimized out>, pp_stack=<synthetic pointer>, trace_info=0x7ffdff2b79f0, tstate=<optimized out>) at /usr/local/src/conda/python-3.10.12/Python/ceval.c:5893
#107 _PyEval_EvalFrameDefault (tstate=<optimized out>, f=0x7f039b6ca240, throwflag=<optimized out>) at /usr/local/src/conda/python-3.10.12/Python/ceval.c:4213
#108 0x0000562e0ef1d99c in _PyEval_EvalFrame (throwflag=0, f=0x7f039b6ca240, tstate=0x562e10705cf0) at /usr/local/src/conda/python-3.10.12/Include/internal/pycore_ceval.h:46
#109 _PyEval_Vector (kwnames=<optimized out>, argcount=<optimized out>, args=<optimized out>, locals=0x0, con=0x7f039b7632f0, tstate=0x562e10705cf0) at /usr/local/src/conda/python-3.10.12/Python/ceval.c:5067
#110 _PyFunction_Vectorcall (func=0x7f039b7632e0, stack=<optimized out>, nargsf=<optimized out>, kwnames=<optimized out>) at /usr/local/src/conda/python-3.10.12/Objects/call.c:342
#111 0x0000562e0ef0d850 in _PyObject_VectorcallTstate (kwnames=0x0, nargsf=<optimized out>, args=0x7f039b5f4950, callable=0x7f039b7632e0, tstate=0x562e10705cf0) at /usr/local/src/conda/python-3.10.12/Include/cpython/abstract.h:114
#112 PyObject_Vectorcall (kwnames=0x0, nargsf=<optimized out>, args=0x7f039b5f4950, callable=0x7f039b7632e0) at /usr/local/src/conda/python-3.10.12/Include/cpython/abstract.h:123
#113 call_function (kwnames=0x0, oparg=<optimized out>, pp_stack=<synthetic pointer>, trace_info=0x7ffdff2b7ba0, tstate=<optimized out>) at /usr/local/src/conda/python-3.10.12/Python/ceval.c:5893
#114 _PyEval_EvalFrameDefault (tstate=<optimized out>, f=0x7f039b5f47c0, throwflag=<optimized out>) at /usr/local/src/conda/python-3.10.12/Python/ceval.c:4213
#115 0x0000562e0ef1d99c in _PyEval_EvalFrame (throwflag=0, f=0x7f039b5f47c0, tstate=0x562e10705cf0) at /usr/local/src/conda/python-3.10.12/Include/internal/pycore_ceval.h:46
#116 _PyEval_Vector (kwnames=<optimized out>, argcount=<optimized out>, args=<optimized out>, locals=0x0, con=0x7f039b763380, tstate=0x562e10705cf0) at /usr/local/src/conda/python-3.10.12/Python/ceval.c:5067
#117 _PyFunction_Vectorcall (func=0x7f039b763370, stack=<optimized out>, nargsf=<optimized out>, kwnames=<optimized out>) at /usr/local/src/conda/python-3.10.12/Objects/call.c:342
#118 0x0000562e0ef1d178 in _PyObject_VectorcallTstate (kwnames=0x0, nargsf=2, args=0x7ffdff2b7cd0, callable=0x7f039b763370, tstate=0x562e10705cf0) at /usr/local/src/conda/python-3.10.12/Include/cpython/abstract.h:114
#119 object_vacall (tstate=tstate
entry=0x562e10705cf0, base=base
entry=0x0, callable=callable
entry=0x7f039b763370, vargs=vargs
entry=0x7ffdff2b7d60) at /usr/local/src/conda/python-3.10.12/Objects/call.c:734
#120 0x0000562e0ef2b35b in _PyObject_CallMethodIdObjArgs (obj=0x0, name=name
entry=0x562e0f155b00 <PyId__find_and_load.6>) at /usr/local/src/conda/python-3.10.12/Objects/call.c:825
#121 0x0000562e0ee4d909 in import_find_and_load (abs_name=0x7f039b4e95f0, tstate=0x562e10705cf0) at /usr/local/src/conda/python-3.10.12/Python/import.c:1522
#122 PyImport_ImportModuleLevelObject (name=name
entry=0x7f039b4e95f0, globals=<optimized out>, locals=<optimized out>, fromlist=fromlist
entry=0x562e0f15d7e0 <_Py_NoneStruct>, level=0) at /usr/local/src/conda/python-3.10.12/Python/import.c:1623
#123 0x0000562e0ef11368 in import_name (level=0x7f039b7000d0, fromlist=0x562e0f15d7e0 <_Py_NoneStruct>, name=0x7f039b4e95f0, f=0x7f039b6caa40, tstate=<optimized out>) at /usr/local/src/conda/python-3.10.12/Python/ceval.c:6018
#124 _PyEval_EvalFrameDefault (tstate=<optimized out>, f=0x7f039b6caa40, throwflag=<optimized out>) at /usr/local/src/conda/python-3.10.12/Python/ceval.c:3695
#125 0x0000562e0efb0f90 in _PyEval_EvalFrame (throwflag=0, f=0x7f039b6caa40, tstate=0x562e10705cf0) at /usr/local/src/conda/python-3.10.12/Include/internal/pycore_ceval.h:46
#126 _PyEval_Vector (tstate=tstate
entry=0x562e10705cf0, con=con
entry=0x7ffdff2b80e0, locals=locals
entry=0x7f039b531080, args=args
entry=0x0, argcount=argcount
entry=0, kwnames=kwnames
entry=0x0) at /usr/local/src/conda/python-3.10.12/Python/ceval.c:5067
#127 0x0000562e0efb0ed7 in PyEval_EvalCode (co=co
entry=0x7f039b4da810, globals=globals
entry=0x7f039b531080, locals=locals
entry=0x7f039b531080) at /usr/local/src/conda/python-3.10.12/Python/ceval.c:1134
#128 0x0000562e0efb80da in builtin_exec_impl (module=<optimized out>, locals=0x7f039b531080, globals=0x7f039b531080, source=0x7f039b4da810) at /usr/local/src/conda/python-3.10.12/Python/bltinmodule.c:1058
#129 builtin_exec (module=<optimized out>, args=<optimized out>, nargs=<optimized out>) at /usr/local/src/conda/python-3.10.12/Python/clinic/bltinmodule.c.h:371
#130 0x0000562e0ef1db63 in cfunction_vectorcall_FASTCALL (func=0x7f039b798e00, args=0x7f039b4e92d8, nargsf=<optimized out>, kwnames=<optimized out>) at /usr/local/src/conda/python-3.10.12/Objects/methodobject.c:430
#131 0x0000562e0ef1334b in do_call_core (kwdict=0x7f039b4e9340, callargs=0x7f039b4e92c0, func=0x7f039b798e00, trace_info=0x7ffdff2b82b0, tstate=<optimized out>) at /usr/local/src/conda/python-3.10.12/Python/ceval.c:5917
#132 _PyEval_EvalFrameDefault (tstate=<optimized out>, f=0x7f039b562200, throwflag=<optimized out>) at /usr/local/src/conda/python-3.10.12/Python/ceval.c:4277
#133 0x0000562e0ef1d99c in _PyEval_EvalFrame (throwflag=0, f=0x7f039b562200, tstate=0x562e10705cf0) at /usr/local/src/conda/python-3.10.12/Include/internal/pycore_ceval.h:46
#134 _PyEval_Vector (kwnames=<optimized out>, argcount=<optimized out>, args=<optimized out>, locals=0x0, con=0x7f039b761520, tstate=0x562e10705cf0) at /usr/local/src/conda/python-3.10.12/Python/ceval.c:5067
#135 _PyFunction_Vectorcall (func=0x7f039b761510, stack=<optimized out>, nargsf=<optimized out>, kwnames=<optimized out>) at /usr/local/src/conda/python-3.10.12/Objects/call.c:342
#136 0x0000562e0ef12142 in _PyObject_VectorcallTstate (kwnames=0x0, nargsf=<optimized out>, args=0x7f039b558c48, callable=0x7f039b761510, tstate=0x562e10705cf0) at /usr/local/src/conda/python-3.10.12/Include/cpython/abstract.h:114
#137 PyObject_Vectorcall (kwnames=0x0, nargsf=<optimized out>, args=0x7f039b558c48, callable=0x7f039b761510) at /usr/local/src/conda/python-3.10.12/Include/cpython/abstract.h:123
#138 call_function (kwnames=0x0, oparg=<optimized out>, pp_stack=<synthetic pointer>, trace_info=0x7ffdff2b8460, tstate=<optimized out>) at /usr/local/src/conda/python-3.10.12/Python/ceval.c:5893
#139 _PyEval_EvalFrameDefault (tstate=<optimized out>, f=0x7f039b558ac0, throwflag=<optimized out>) at /usr/local/src/conda/python-3.10.12/Python/ceval.c:4181
#140 0x0000562e0ef1d99c in _PyEval_EvalFrame (throwflag=0, f=0x7f039b558ac0, tstate=0x562e10705cf0) at /usr/local/src/conda/python-3.10.12/Include/internal/pycore_ceval.h:46
#141 _PyEval_Vector (kwnames=<optimized out>, argcount=<optimized out>, args=<optimized out>, locals=0x0, con=0x7f039b7e5760, tstate=0x562e10705cf0) at /usr/local/src/conda/python-3.10.12/Python/ceval.c:5067
#142 _PyFunction_Vectorcall (func=0x7f039b7e5750, stack=<optimized out>, nargsf=<optimized out>, kwnames=<optimized out>) at /usr/local/src/conda/python-3.10.12/Objects/call.c:342
#143 0x0000562e0ef0dc5c in _PyObject_VectorcallTstate (kwnames=0x0, nargsf=<optimized out>, args=0x7f039b7bf040, callable=0x7f039b7e5750, tstate=0x562e10705cf0) at /usr/local/src/conda/python-3.10.12/Include/cpython/abstract.h:114
#144 PyObject_Vectorcall (kwnames=0x0, nargsf=<optimized out>, args=0x7f039b7bf040, callable=0x7f039b7e5750) at /usr/local/src/conda/python-3.10.12/Include/cpython/abstract.h:123
#145 call_function (kwnames=0x0, oparg=<optimized out>, pp_stack=<synthetic pointer>, trace_info=0x7ffdff2b8610, tstate=<optimized out>) at /usr/local/src/conda/python-3.10.12/Python/ceval.c:5893
#146 _PyEval_EvalFrameDefault (tstate=<optimized out>, f=0x7f039b7beec0, throwflag=<optimized out>) at /usr/local/src/conda/python-3.10.12/Python/ceval.c:4198
#147 0x0000562e0ef1d99c in _PyEval_EvalFrame (throwflag=0, f=0x7f039b7beec0, tstate=0x562e10705cf0) at /usr/local/src/conda/python-3.10.12/Include/internal/pycore_ceval.h:46
#148 _PyEval_Vector (kwnames=<optimized out>, argcount=<optimized out>, args=<optimized out>, locals=0x0, con=0x7f039b7620f0, tstate=0x562e10705cf0) at /usr/local/src/conda/python-3.10.12/Python/ceval.c:5067
#149 _PyFunction_Vectorcall (func=0x7f039b7620e0, stack=<optimized out>, nargsf=<optimized out>, kwnames=<optimized out>) at /usr/local/src/conda/python-3.10.12/Objects/call.c:342
#150 0x0000562e0ef0d850 in _PyObject_VectorcallTstate (kwnames=0x0, nargsf=<optimized out>, args=0x7f039b6ca5f0, callable=0x7f039b7620e0, tstate=0x562e10705cf0) at /usr/local/src/conda/python-3.10.12/Include/cpython/abstract.h:114
#151 PyObject_Vectorcall (kwnames=0x0, nargsf=<optimized out>, args=0x7f039b6ca5f0, callable=0x7f039b7620e0) at /usr/local/src/conda/python-3.10.12/Include/cpython/abstract.h:123
#152 call_function (kwnames=0x0, oparg=<optimized out>, pp_stack=<synthetic pointer>, trace_info=0x7ffdff2b87c0, tstate=<optimized out>) at /usr/local/src/conda/python-3.10.12/Python/ceval.c:5893
#153 _PyEval_EvalFrameDefault (tstate=<optimized out>, f=0x7f039b6ca440, throwflag=<optimized out>) at /usr/local/src/conda/python-3.10.12/Python/ceval.c:4213
#154 0x0000562e0ef1d99c in _PyEval_EvalFrame (throwflag=0, f=0x7f039b6ca440, tstate=0x562e10705cf0) at /usr/local/src/conda/python-3.10.12/Include/internal/pycore_ceval.h:46
#155 _PyEval_Vector (kwnames=<optimized out>, argcount=<optimized out>, args=<optimized out>, locals=0x0, con=0x7f039b7632f0, tstate=0x562e10705cf0) at /usr/local/src/conda/python-3.10.12/Python/ceval.c:5067
#156 _PyFunction_Vectorcall (func=0x7f039b7632e0, stack=<optimized out>, nargsf=<optimized out>, kwnames=<optimized out>) at /usr/local/src/conda/python-3.10.12/Objects/call.c:342
#157 0x0000562e0ef0d850 in _PyObject_VectorcallTstate (kwnames=0x0, nargsf=<optimized out>, args=0x7f039b5f50d0, callable=0x7f039b7632e0, tstate=0x562e10705cf0) at /usr/local/src/conda/python-3.10.12/Include/cpython/abstract.h:114
#158 PyObject_Vectorcall (kwnames=0x0, nargsf=<optimized out>, args=0x7f039b5f50d0, callable=0x7f039b7632e0) at /usr/local/src/conda/python-3.10.12/Include/cpython/abstract.h:123
#159 call_function (kwnames=0x0, oparg=<optimized out>, pp_stack=<synthetic pointer>, trace_info=0x7ffdff2b8970, tstate=<optimized out>) at /usr/local/src/conda/python-3.10.12/Python/ceval.c:5893
#160 _PyEval_EvalFrameDefault (tstate=<optimized out>, f=0x7f039b5f4f40, throwflag=<optimized out>) at /usr/local/src/conda/python-3.10.12/Python/ceval.c:4213
#161 0x0000562e0ef1d99c in _PyEval_EvalFrame (throwflag=0, f=0x7f039b5f4f40, tstate=0x562e10705cf0) at /usr/local/src/conda/python-3.10.12/Include/internal/pycore_ceval.h:46
#162 _PyEval_Vector (kwnames=<optimized out>, argcount=<optimized out>, args=<optimized out>, locals=0x0, con=0x7f039b763380, tstate=0x562e10705cf0) at /usr/local/src/conda/python-3.10.12/Python/ceval.c:5067
#163 _PyFunction_Vectorcall (func=0x7f039b763370, stack=<optimized out>, nargsf=<optimized out>, kwnames=<optimized out>) at /usr/local/src/conda/python-3.10.12/Objects/call.c:342
#164 0x0000562e0ef1d178 in _PyObject_VectorcallTstate (kwnames=0x0, nargsf=2, args=0x7ffdff2b8aa0, callable=0x7f039b763370, tstate=0x562e10705cf0) at /usr/local/src/conda/python-3.10.12/Include/cpython/abstract.h:114
#165 object_vacall (tstate=tstate
entry=0x562e10705cf0, base=base
entry=0x0, callable=callable
entry=0x7f039b763370, vargs=vargs
entry=0x7ffdff2b8b30) at /usr/local/src/conda/python-3.10.12/Objects/call.c:734
#166 0x0000562e0ef2b35b in _PyObject_CallMethodIdObjArgs (obj=0x0, name=name
entry=0x562e0f155b00 <PyId__find_and_load.6>) at /usr/local/src/conda/python-3.10.12/Objects/call.c:825
#167 0x0000562e0ee4d909 in import_find_and_load (abs_name=0x7f039b69cd70, tstate=0x562e10705cf0) at /usr/local/src/conda/python-3.10.12/Python/import.c:1522
#168 PyImport_ImportModuleLevelObject (name=name
entry=0x7f039b69cd70, globals=<optimized out>, locals=<optimized out>, fromlist=fromlist
entry=0x562e0f15d7e0 <_Py_NoneStruct>, level=0) at /usr/local/src/conda/python-3.10.12/Python/import.c:1623
#169 0x0000562e0ef11368 in import_name (level=0x7f039b7000d0, fromlist=0x562e0f15d7e0 <_Py_NoneStruct>, name=0x7f039b69cd70, f=0x7f039b729c40, tstate=<optimized out>) at /usr/local/src/conda/python-3.10.12/Python/ceval.c:6018
#170 _PyEval_EvalFrameDefault (tstate=<optimized out>, f=0x7f039b729c40, throwflag=<optimized out>) at /usr/local/src/conda/python-3.10.12/Python/ceval.c:3695
#171 0x0000562e0efb0f90 in _PyEval_EvalFrame (throwflag=0, f=0x7f039b729c40, tstate=0x562e10705cf0) at /usr/local/src/conda/python-3.10.12/Include/internal/pycore_ceval.h:46
#172 _PyEval_Vector (tstate=tstate
entry=0x562e10705cf0, con=con
entry=0x7ffdff2b8eb0, locals=locals
entry=0x7f039b641dc0, args=args
entry=0x0, argcount=argcount
entry=0, kwnames=kwnames
entry=0x0) at /usr/local/src/conda/python-3.10.12/Python/ceval.c:5067
#173 0x0000562e0efb0ed7 in PyEval_EvalCode (co=co
entry=0x7f039b5043a0, globals=globals
entry=0x7f039b641dc0, locals=locals
entry=0x7f039b641dc0) at /usr/local/src/conda/python-3.10.12/Python/ceval.c:1134
#174 0x0000562e0efe142a in run_eval_code_obj (tstate=tstate
entry=0x562e10705cf0, co=co
entry=0x7f039b5043a0, globals=globals
entry=0x7f039b641dc0, locals=locals
entry=0x7f039b641dc0) at /usr/local/src/conda/python-3.10.12/Python/pythonrun.c:1291
#175 0x0000562e0efdc833 in run_mod (mod=mod
entry=0x562e10832500, filename=filename
entry=0x7f039b519980, globals=globals
entry=0x7f039b641dc0, locals=locals
entry=0x7f039b641dc0, flags=flags
entry=0x7ffdff2b9098, arena=arena
entry=0x7f039b7fe6f0) at /usr/local/src/conda/python-3.10.12/Python/pythonrun.c:1312
#176 0x0000562e0ee736cd in pyrun_file (fp=fp
entry=0x562e106e5370, filename=filename
entry=0x7f039b519980, start=start
entry=257, globals=globals
entry=0x7f039b641dc0, locals=locals
entry=0x7f039b641dc0, closeit=closeit
entry=1, flags=0x7ffdff2b9098) at /usr/local/src/conda/python-3.10.12/Python/pythonrun.c:1208
#177 0x0000562e0efd6d1e in _PyRun_SimpleFileObject (fp=0x562e106e5370, filename=0x7f039b519980, closeit=1, flags=0x7ffdff2b9098) at /usr/local/src/conda/python-3.10.12/Python/pythonrun.c:456
#178 0x0000562e0efd68b4 in _PyRun_AnyFileObject (fp=0x562e106e5370, filename=filename
entry=0x7f039b519980, closeit=closeit
entry=1, flags=flags
entry=0x7ffdff2b9098) at /usr/local/src/conda/python-3.10.12/Python/pythonrun.c:90
#179 0x0000562e0efd3aab in pymain_run_file_obj (skip_source_first_line=0, filename=0x7f039b519980, program_name=0x7f039b654630) at /usr/local/src/conda/python-3.10.12/Modules/main.c:357
#180 pymain_run_file (config=0x562e106e97b0) at /usr/local/src/conda/python-3.10.12/Modules/main.c:376
#181 pymain_run_python (exitcode=0x7ffdff2b9094) at /usr/local/src/conda/python-3.10.12/Modules/main.c:591
#182 Py_RunMain () at /usr/local/src/conda/python-3.10.12/Modules/main.c:670
#183 0x0000562e0efa4527 in Py_BytesMain (argc=<optimized out>, argv=<optimized out>) at /usr/local/src/conda/python-3.10.12/Modules/main.c:1090
#184 0x00007f039b8295d0 in __libc_start_call_main () from /lib64/libc.so.6
#185 0x00007f039b829680 in __libc_start_main_impl () from /lib64/libc.so.6
#186 0x0000562e0efa4421 in _start ()
===========================================================


The lines below might hint at the cause of the crash. If you see question
marks as part of the stack trace, try to recompile with debugging information
enabled and export CLING_DEBUG=1 environment variable before running.
You may get help by asking at the ROOT forum https://root.cern/forum
preferably using the command (.forum bug) in the ROOT prompt.
Only if you are really convinced it is a bug in ROOT then please submit a
report at https://root.cern/bugs or (preferably) using the command (.gh bug) in
the ROOT prompt. Please post the ENTIRE stack trace
from above as an attachment in addition to anything else
that might help us fixing this issue.
===========================================================
#6  _PyObject_IS_GC (obj=0x1) at /usr/local/src/conda/python-3.10.12/Include/internal/pycore_object.h:165
#7  visit_decref (op=0x1, parent=0x562e1284b790) at /usr/local/src/conda/python-3.10.12/Modules/gcmodule.c:456
#8  0x0000562e0ef01144 in subtract_refs (containers=<optimized out>) at /usr/local/src/conda/python-3.10.12/Modules/gcmodule.c:482
#9  deduce_unreachable (base=base
entry=0x562e106e9680, unreachable=unreachable
entry=0x7ffdff2b59d0) at /usr/local/src/conda/python-3.10.12/Modules/gcmodule.c:1105
#10 0x0000562e0eeffe98 in gc_collect_main (tstate=tstate
entry=0x562e10705cf0, generation=generation
entry=0, n_collected=n_collected
entry=0x7ffdff2b5ab0, n_uncollectable=n_uncollectable
entry=0x7ffdff2b5aa8, nofail=nofail
entry=0) at /usr/local/src/conda/python-3.10.12/Modules/gcmodule.c:1239
#11 0x0000562e0efad4bb in gc_collect_with_callback (tstate=tstate
entry=0x562e10705cf0, generation=0) at /usr/local/src/conda/python-3.10.12/Modules/gcmodule.c:1413
#12 0x0000562e0eef580b in gc_collect_generations (tstate=0x562e10705cf0) at /usr/local/src/conda/python-3.10.12/Modules/gcmodule.c:1468
#13 _PyObject_GC_Alloc (basicsize=<optimized out>, use_calloc=0) at /usr/local/src/conda/python-3.10.12/Modules/gcmodule.c:2297
#14 _PyObject_GC_Malloc (basicsize=<optimized out>) at /usr/local/src/conda/python-3.10.12/Modules/gcmodule.c:2307
#15 _PyObject_GC_New (tp=0x7f037d5625c0 <CPyCppyy::CPPOverload_Type>) at /usr/local/src/conda/python-3.10.12/Modules/gcmodule.c:2319
#16 0x00007f037d4e5790 in CPyCppyy::(anonymous namespace)::mp_new(_typeobject*, _object*, _object*) () from /cvmfs/sft.cern.ch/lcg/app/releases/ROOT/6.32.04/x86_64-almalinux9.4-gcc114-opt/lib/libcppyy.so
#17 0x00007f037d50e9e3 in CPyCppyy::BuildScopeProxyDict(unsigned long, _object*, unsigned int) () from /cvmfs/sft.cern.ch/lcg/app/releases/ROOT/6.32.04/x86_64-almalinux9.4-gcc114-opt/lib/libcppyy.so
#18 0x00007f037d5111a3 in CPyCppyy::CreateScopeProxy(std::__cxx11::basic_string<char, std::char_traits<char>, std::allocator<char> > const&, _object*, unsigned int) () from /cvmfs/sft.cern.ch/lcg/app/releases/ROOT/6.32.04/x86_64-almalinux9.4-gcc114-opt/lib/libcppyy.so
#19 0x00007f037d511dc5 in CPyCppyy::CreateScopeProxy(unsigned long, unsigned int) () from /cvmfs/sft.cern.ch/lcg/app/releases/ROOT/6.32.04/x86_64-almalinux9.4-gcc114-opt/lib/libcppyy.so
#20 0x00007f037d511e26 in CPyCppyy::BindCppObjectNoCast(void*, unsigned long, unsigned int) () from /cvmfs/sft.cern.ch/lcg/app/releases/ROOT/6.32.04/x86_64-almalinux9.4-gcc114-opt/lib/libcppyy.so
#21 0x00007f037d4da930 in CPyCppyy::dm_get(CPyCppyy::CPPDataMember*, CPyCppyy::CPPInstance*, _object*) () from /cvmfs/sft.cern.ch/lcg/app/releases/ROOT/6.32.04/x86_64-almalinux9.4-gcc114-opt/lib/libcppyy.so
#22 0x0000562e0ef1572a in type_getattro (type=<optimized out>, name=<optimized out>) at /usr/local/src/conda/python-3.10.12/Objects/typeobject.c:3923
#23 0x00007f037d4ed0e3 in CPyCppyy::meta_getattro(_object*, _object*) () from /cvmfs/sft.cern.ch/lcg/app/releases/ROOT/6.32.04/x86_64-almalinux9.4-gcc114-opt/lib/libcppyy.so
#24 0x0000562e0ef1ab92 in PyObject_GetAttr (v=v
entry=0x562e12a1f9e0, name=0x7f039b4f5e70) at /usr/local/src/conda/python-3.10.12/Objects/object.c:932
#25 0x0000562e0ef11f03 in _PyEval_EvalFrameDefault (tstate=<optimized out>, f=0x562e10761040, throwflag=<optimized out>) at /usr/local/src/conda/python-3.10.12/Python/ceval.c:3592
#26 0x0000562e0ef1d99c in _PyEval_EvalFrame (throwflag=0, f=0x562e10761040, tstate=0x562e10705cf0) at /usr/local/src/conda/python-3.10.12/Include/internal/pycore_ceval.h:46
#27 _PyEval_Vector (kwnames=<optimized out>, argcount=<optimized out>, args=<optimized out>, locals=0x0, con=0x7f039b26e7b0, tstate=0x562e10705cf0) at /usr/local/src/conda/python-3.10.12/Python/ceval.c:5067
#28 _PyFunction_Vectorcall (func=0x7f039b26e7a0, stack=<optimized out>, nargsf=<optimized out>, kwnames=<optimized out>) at /usr/local/src/conda/python-3.10.12/Objects/call.c:342
#29 0x0000562e0ef0d850 in _PyObject_VectorcallTstate (kwnames=0x0, nargsf=<optimized out>, args=0x7f039b4a8d08, callable=0x7f039b26e7a0, tstate=0x562e10705cf0) at /usr/local/src/conda/python-3.10.12/Include/cpython/abstract.h:114
#30 PyObject_Vectorcall (kwnames=0x0, nargsf=<optimized out>, args=0x7f039b4a8d08, callable=0x7f039b26e7a0) at /usr/local/src/conda/python-3.10.12/Include/cpython/abstract.h:123
#31 call_function (kwnames=0x0, oparg=<optimized out>, pp_stack=<synthetic pointer>, trace_info=0x7ffdff2b6440, tstate=<optimized out>) at /usr/local/src/conda/python-3.10.12/Python/ceval.c:5893
#32 _PyEval_EvalFrameDefault (tstate=<optimized out>, f=0x7f039b4a8ba0, throwflag=<optimized out>) at /usr/local/src/conda/python-3.10.12/Python/ceval.c:4213
#33 0x0000562e0efb0f90 in _PyEval_EvalFrame (throwflag=0, f=0x7f039b4a8ba0, tstate=0x562e10705cf0) at /usr/local/src/conda/python-3.10.12/Include/internal/pycore_ceval.h:46
#34 _PyEval_Vector (tstate=tstate
entry=0x562e10705cf0, con=con
entry=0x7ffdff2b6540, locals=locals
entry=0x7f039b203f80, args=args
entry=0x0, argcount=argcount
entry=0, kwnames=kwnames
entry=0x0) at /usr/local/src/conda/python-3.10.12/Python/ceval.c:5067
#35 0x0000562e0efb0ed7 in PyEval_EvalCode (co=co
entry=0x7f039b1ef680, globals=globals
entry=0x7f039b203f80, locals=locals
entry=0x7f039b203f80) at /usr/local/src/conda/python-3.10.12/Python/ceval.c:1134
#36 0x0000562e0efb80da in builtin_exec_impl (module=<optimized out>, locals=0x7f039b203f80, globals=0x7f039b203f80, source=0x7f039b1ef680) at /usr/local/src/conda/python-3.10.12/Python/bltinmodule.c:1058
#37 builtin_exec (module=<optimized out>, args=<optimized out>, nargs=<optimized out>) at /usr/local/src/conda/python-3.10.12/Python/clinic/bltinmodule.c.h:371
#38 0x0000562e0ef1db63 in cfunction_vectorcall_FASTCALL (func=0x7f039b798e00, args=0x7f039b200e98, nargsf=<optimized out>, kwnames=<optimized out>) at /usr/local/src/conda/python-3.10.12/Objects/methodobject.c:430
#39 0x0000562e0ef1334b in do_call_core (kwdict=0x7f039b1f0780, callargs=0x7f039b200e80, func=0x7f039b798e00, trace_info=0x7ffdff2b6710, tstate=<optimized out>) at /usr/local/src/conda/python-3.10.12/Python/ceval.c:5917
#40 _PyEval_EvalFrameDefault (tstate=<optimized out>, f=0x7f039b5628c0, throwflag=<optimized out>) at /usr/local/src/conda/python-3.10.12/Python/ceval.c:4277
#41 0x0000562e0ef1d99c in _PyEval_EvalFrame (throwflag=0, f=0x7f039b5628c0, tstate=0x562e10705cf0) at /usr/local/src/conda/python-3.10.12/Include/internal/pycore_ceval.h:46
#42 _PyEval_Vector (kwnames=<optimized out>, argcount=<optimized out>, args=<optimized out>, locals=0x0, con=0x7f039b761520, tstate=0x562e10705cf0) at /usr/local/src/conda/python-3.10.12/Python/ceval.c:5067
#43 _PyFunction_Vectorcall (func=0x7f039b761510, stack=<optimized out>, nargsf=<optimized out>, kwnames=<optimized out>) at /usr/local/src/conda/python-3.10.12/Objects/call.c:342
#44 0x0000562e0ef12142 in _PyObject_VectorcallTstate (kwnames=0x0, nargsf=<optimized out>, args=0x7f039b559c08, callable=0x7f039b761510, tstate=0x562e10705cf0) at /usr/local/src/conda/python-3.10.12/Include/cpython/abstract.h:114
#45 PyObject_Vectorcall (kwnames=0x0, nargsf=<optimized out>, args=0x7f039b559c08, callable=0x7f039b761510) at /usr/local/src/conda/python-3.10.12/Include/cpython/abstract.h:123
#46 call_function (kwnames=0x0, oparg=<optimized out>, pp_stack=<synthetic pointer>, trace_info=0x7ffdff2b68c0, tstate=<optimized out>) at /usr/local/src/conda/python-3.10.12/Python/ceval.c:5893
#47 _PyEval_EvalFrameDefault (tstate=<optimized out>, f=0x7f039b559a80, throwflag=<optimized out>) at /usr/local/src/conda/python-3.10.12/Python/ceval.c:4181
#48 0x0000562e0ef1d99c in _PyEval_EvalFrame (throwflag=0, f=0x7f039b559a80, tstate=0x562e10705cf0) at /usr/local/src/conda/python-3.10.12/Include/internal/pycore_ceval.h:46
#49 _PyEval_Vector (kwnames=<optimized out>, argcount=<optimized out>, args=<optimized out>, locals=0x0, con=0x7f039b7e5760, tstate=0x562e10705cf0) at /usr/local/src/conda/python-3.10.12/Python/ceval.c:5067
#50 _PyFunction_Vectorcall (func=0x7f039b7e5750, stack=<optimized out>, nargsf=<optimized out>, kwnames=<optimized out>) at /usr/local/src/conda/python-3.10.12/Objects/call.c:342
#51 0x0000562e0ef0dc5c in _PyObject_VectorcallTstate (kwnames=0x0, nargsf=<optimized out>, args=0x7f039b7bfdd0, callable=0x7f039b7e5750, tstate=0x562e10705cf0) at /usr/local/src/conda/python-3.10.12/Include/cpython/abstract.h:114
#52 PyObject_Vectorcall (kwnames=0x0, nargsf=<optimized out>, args=0x7f039b7bfdd0, callable=0x7f039b7e5750) at /usr/local/src/conda/python-3.10.12/Include/cpython/abstract.h:123
#53 call_function (kwnames=0x0, oparg=<optimized out>, pp_stack=<synthetic pointer>, trace_info=0x7ffdff2b6a70, tstate=<optimized out>) at /usr/local/src/conda/python-3.10.12/Python/ceval.c:5893
#54 _PyEval_EvalFrameDefault (tstate=<optimized out>, f=0x7f039b7bfc50, throwflag=<optimized out>) at /usr/local/src/conda/python-3.10.12/Python/ceval.c:4198
#55 0x0000562e0ef1d99c in _PyEval_EvalFrame (throwflag=0, f=0x7f039b7bfc50, tstate=0x562e10705cf0) at /usr/local/src/conda/python-3.10.12/Include/internal/pycore_ceval.h:46
#56 _PyEval_Vector (kwnames=<optimized out>, argcount=<optimized out>, args=<optimized out>, locals=0x0, con=0x7f039b7620f0, tstate=0x562e10705cf0) at /usr/local/src/conda/python-3.10.12/Python/ceval.c:5067
#57 _PyFunction_Vectorcall (func=0x7f039b7620e0, stack=<optimized out>, nargsf=<optimized out>, kwnames=<optimized out>) at /usr/local/src/conda/python-3.10.12/Objects/call.c:342
#58 0x0000562e0ef0d850 in _PyObject_VectorcallTstate (kwnames=0x0, nargsf=<optimized out>, args=0x7f039b2101f0, callable=0x7f039b7620e0, tstate=0x562e10705cf0) at /usr/local/src/conda/python-3.10.12/Include/cpython/abstract.h:114
#59 PyObject_Vectorcall (kwnames=0x0, nargsf=<optimized out>, args=0x7f039b2101f0, callable=0x7f039b7620e0) at /usr/local/src/conda/python-3.10.12/Include/cpython/abstract.h:123
#60 call_function (kwnames=0x0, oparg=<optimized out>, pp_stack=<synthetic pointer>, trace_info=0x7ffdff2b6c20, tstate=<optimized out>) at /usr/local/src/conda/python-3.10.12/Python/ceval.c:5893
#61 _PyEval_EvalFrameDefault (tstate=<optimized out>, f=0x7f039b210040, throwflag=<optimized out>) at /usr/local/src/conda/python-3.10.12/Python/ceval.c:4213
#62 0x0000562e0ef1d99c in _PyEval_EvalFrame (throwflag=0, f=0x7f039b210040, tstate=0x562e10705cf0) at /usr/local/src/conda/python-3.10.12/Include/internal/pycore_ceval.h:46
#63 _PyEval_Vector (kwnames=<optimized out>, argcount=<optimized out>, args=<optimized out>, locals=0x0, con=0x7f039b7632f0, tstate=0x562e10705cf0) at /usr/local/src/conda/python-3.10.12/Python/ceval.c:5067
#64 _PyFunction_Vectorcall (func=0x7f039b7632e0, stack=<optimized out>, nargsf=<optimized out>, kwnames=<optimized out>) at /usr/local/src/conda/python-3.10.12/Objects/call.c:342
#65 0x0000562e0ef0d850 in _PyObject_VectorcallTstate (kwnames=0x0, nargsf=<optimized out>, args=0x7f039b5f5850, callable=0x7f039b7632e0, tstate=0x562e10705cf0) at /usr/local/src/conda/python-3.10.12/Include/cpython/abstract.h:114
#66 PyObject_Vectorcall (kwnames=0x0, nargsf=<optimized out>, args=0x7f039b5f5850, callable=0x7f039b7632e0) at /usr/local/src/conda/python-3.10.12/Include/cpython/abstract.h:123
#67 call_function (kwnames=0x0, oparg=<optimized out>, pp_stack=<synthetic pointer>, trace_info=0x7ffdff2b6dd0, tstate=<optimized out>) at /usr/local/src/conda/python-3.10.12/Python/ceval.c:5893
#68 _PyEval_EvalFrameDefault (tstate=<optimized out>, f=0x7f039b5f56c0, throwflag=<optimized out>) at /usr/local/src/conda/python-3.10.12/Python/ceval.c:4213
#69 0x0000562e0ef1d99c in _PyEval_EvalFrame (throwflag=0, f=0x7f039b5f56c0, tstate=0x562e10705cf0) at /usr/local/src/conda/python-3.10.12/Include/internal/pycore_ceval.h:46
#70 _PyEval_Vector (kwnames=<optimized out>, argcount=<optimized out>, args=<optimized out>, locals=0x0, con=0x7f039b763380, tstate=0x562e10705cf0) at /usr/local/src/conda/python-3.10.12/Python/ceval.c:5067
#71 _PyFunction_Vectorcall (func=0x7f039b763370, stack=<optimized out>, nargsf=<optimized out>, kwnames=<optimized out>) at /usr/local/src/conda/python-3.10.12/Objects/call.c:342
#72 0x0000562e0ef1d178 in _PyObject_VectorcallTstate (kwnames=0x0, nargsf=2, args=0x7ffdff2b6f00, callable=0x7f039b763370, tstate=0x562e10705cf0) at /usr/local/src/conda/python-3.10.12/Include/cpython/abstract.h:114
#73 object_vacall (tstate=tstate
entry=0x562e10705cf0, base=base
entry=0x0, callable=callable
entry=0x7f039b763370, vargs=vargs
entry=0x7ffdff2b6f90) at /usr/local/src/conda/python-3.10.12/Objects/call.c:734
#74 0x0000562e0ef2b35b in _PyObject_CallMethodIdObjArgs (obj=0x0, name=name
entry=0x562e0f155b00 <PyId__find_and_load.6>) at /usr/local/src/conda/python-3.10.12/Objects/call.c:825
#75 0x0000562e0ee4d909 in import_find_and_load (abs_name=0x7f039b4e6060, tstate=0x562e10705cf0) at /usr/local/src/conda/python-3.10.12/Python/import.c:1522
#76 PyImport_ImportModuleLevelObject (name=name
entry=0x7f039b4f4370, globals=<optimized out>, locals=<optimized out>, fromlist=fromlist
entry=0x7f039b4f3880, level=1) at /usr/local/src/conda/python-3.10.12/Python/import.c:1623
#77 0x0000562e0ef11368 in import_name (level=0x7f039b7000f0, fromlist=0x7f039b4f3880, name=0x7f039b4f4370, f=0x7f039b569f10, tstate=<optimized out>) at /usr/local/src/conda/python-3.10.12/Python/ceval.c:6018
#78 _PyEval_EvalFrameDefault (tstate=<optimized out>, f=0x7f039b569f10, throwflag=<optimized out>) at /usr/local/src/conda/python-3.10.12/Python/ceval.c:3695
#79 0x0000562e0efb0f90 in _PyEval_EvalFrame (throwflag=0, f=0x7f039b569f10, tstate=0x562e10705cf0) at /usr/local/src/conda/python-3.10.12/Include/internal/pycore_ceval.h:46
#80 _PyEval_Vector (tstate=tstate
entry=0x562e10705cf0, con=con
entry=0x7ffdff2b7310, locals=locals
entry=0x7f039b4ea600, args=args
entry=0x0, argcount=argcount
entry=0, kwnames=kwnames
entry=0x0) at /usr/local/src/conda/python-3.10.12/Python/ceval.c:5067
#81 0x0000562e0efb0ed7 in PyEval_EvalCode (co=co
entry=0x7f039b20d630, globals=globals
entry=0x7f039b4ea600, locals=locals
entry=0x7f039b4ea600) at /usr/local/src/conda/python-3.10.12/Python/ceval.c:1134
#82 0x0000562e0efb80da in builtin_exec_impl (module=<optimized out>, locals=0x7f039b4ea600, globals=0x7f039b4ea600, source=0x7f039b20d630) at /usr/local/src/conda/python-3.10.12/Python/bltinmodule.c:1058
#83 builtin_exec (module=<optimized out>, args=<optimized out>, nargs=<optimized out>) at /usr/local/src/conda/python-3.10.12/Python/clinic/bltinmodule.c.h:371
#84 0x0000562e0ef1db63 in cfunction_vectorcall_FASTCALL (func=0x7f039b798e00, args=0x7f039b4f48d8, nargsf=<optimized out>, kwnames=<optimized out>) at /usr/local/src/conda/python-3.10.12/Objects/methodobject.c:430
#85 0x0000562e0ef1334b in do_call_core (kwdict=0x7f039b4ea740, callargs=0x7f039b4f48c0, func=0x7f039b798e00, trace_info=0x7ffdff2b74e0, tstate=<optimized out>) at /usr/local/src/conda/python-3.10.12/Python/ceval.c:5917
#86 _PyEval_EvalFrameDefault (tstate=<optimized out>, f=0x7f039b7c74c0, throwflag=<optimized out>) at /usr/local/src/conda/python-3.10.12/Python/ceval.c:4277
#87 0x0000562e0ef1d99c in _PyEval_EvalFrame (throwflag=0, f=0x7f039b7c74c0, tstate=0x562e10705cf0) at /usr/local/src/conda/python-3.10.12/Include/internal/pycore_ceval.h:46
#88 _PyEval_Vector (kwnames=<optimized out>, argcount=<optimized out>, args=<optimized out>, locals=0x0, con=0x7f039b761520, tstate=0x562e10705cf0) at /usr/local/src/conda/python-3.10.12/Python/ceval.c:5067
#89 _PyFunction_Vectorcall (func=0x7f039b761510, stack=<optimized out>, nargsf=<optimized out>, kwnames=<optimized out>) at /usr/local/src/conda/python-3.10.12/Objects/call.c:342
#90 0x0000562e0ef12142 in _PyObject_VectorcallTstate (kwnames=0x0, nargsf=<optimized out>, args=0x7f039b7be2b8, callable=0x7f039b761510, tstate=0x562e10705cf0) at /usr/local/src/conda/python-3.10.12/Include/cpython/abstract.h:114
#91 PyObject_Vectorcall (kwnames=0x0, nargsf=<optimized out>, args=0x7f039b7be2b8, callable=0x7f039b761510) at /usr/local/src/conda/python-3.10.12/Include/cpython/abstract.h:123
#92 call_function (kwnames=0x0, oparg=<optimized out>, pp_stack=<synthetic pointer>, trace_info=0x7ffdff2b7690, tstate=<optimized out>) at /usr/local/src/conda/python-3.10.12/Python/ceval.c:5893
#93 _PyEval_EvalFrameDefault (tstate=<optimized out>, f=0x7f039b7be130, throwflag=<optimized out>) at /usr/local/src/conda/python-3.10.12/Python/ceval.c:4181
#94 0x0000562e0ef1d99c in _PyEval_EvalFrame (throwflag=0, f=0x7f039b7be130, tstate=0x562e10705cf0) at /usr/local/src/conda/python-3.10.12/Include/internal/pycore_ceval.h:46
#95 _PyEval_Vector (kwnames=<optimized out>, argcount=<optimized out>, args=<optimized out>, locals=0x0, con=0x7f039b7e5760, tstate=0x562e10705cf0) at /usr/local/src/conda/python-3.10.12/Python/ceval.c:5067
#96 _PyFunction_Vectorcall (func=0x7f039b7e5750, stack=<optimized out>, nargsf=<optimized out>, kwnames=<optimized out>) at /usr/local/src/conda/python-3.10.12/Objects/call.c:342
#97 0x0000562e0ef0dc5c in _PyObject_VectorcallTstate (kwnames=0x0, nargsf=<optimized out>, args=0x7f039b6cafc0, callable=0x7f039b7e5750, tstate=0x562e10705cf0) at /usr/local/src/conda/python-3.10.12/Include/cpython/abstract.h:114
#98 PyObject_Vectorcall (kwnames=0x0, nargsf=<optimized out>, args=0x7f039b6cafc0, callable=0x7f039b7e5750) at /usr/local/src/conda/python-3.10.12/Include/cpython/abstract.h:123
#99 call_function (kwnames=0x0, oparg=<optimized out>, pp_stack=<synthetic pointer>, trace_info=0x7ffdff2b7840, tstate=<optimized out>) at /usr/local/src/conda/python-3.10.12/Python/ceval.c:5893
#100 _PyEval_EvalFrameDefault (tstate=<optimized out>, f=0x7f039b6cae40, throwflag=<optimized out>) at /usr/local/src/conda/python-3.10.12/Python/ceval.c:4198
#101 0x0000562e0ef1d99c in _PyEval_EvalFrame (throwflag=0, f=0x7f039b6cae40, tstate=0x562e10705cf0) at /usr/local/src/conda/python-3.10.12/Include/internal/pycore_ceval.h:46
#102 _PyEval_Vector (kwnames=<optimized out>, argcount=<optimized out>, args=<optimized out>, locals=0x0, con=0x7f039b7620f0, tstate=0x562e10705cf0) at /usr/local/src/conda/python-3.10.12/Python/ceval.c:5067
#103 _PyFunction_Vectorcall (func=0x7f039b7620e0, stack=<optimized out>, nargsf=<optimized out>, kwnames=<optimized out>) at /usr/local/src/conda/python-3.10.12/Objects/call.c:342
#104 0x0000562e0ef0d850 in _PyObject_VectorcallTstate (kwnames=0x0, nargsf=<optimized out>, args=0x7f039b6ca3f0, callable=0x7f039b7620e0, tstate=0x562e10705cf0) at /usr/local/src/conda/python-3.10.12/Include/cpython/abstract.h:114
#105 PyObject_Vectorcall (kwnames=0x0, nargsf=<optimized out>, args=0x7f039b6ca3f0, callable=0x7f039b7620e0) at /usr/local/src/conda/python-3.10.12/Include/cpython/abstract.h:123
#106 call_function (kwnames=0x0, oparg=<optimized out>, pp_stack=<synthetic pointer>, trace_info=0x7ffdff2b79f0, tstate=<optimized out>) at /usr/local/src/conda/python-3.10.12/Python/ceval.c:5893
#107 _PyEval_EvalFrameDefault (tstate=<optimized out>, f=0x7f039b6ca240, throwflag=<optimized out>) at /usr/local/src/conda/python-3.10.12/Python/ceval.c:4213
#108 0x0000562e0ef1d99c in _PyEval_EvalFrame (throwflag=0, f=0x7f039b6ca240, tstate=0x562e10705cf0) at /usr/local/src/conda/python-3.10.12/Include/internal/pycore_ceval.h:46
#109 _PyEval_Vector (kwnames=<optimized out>, argcount=<optimized out>, args=<optimized out>, locals=0x0, con=0x7f039b7632f0, tstate=0x562e10705cf0) at /usr/local/src/conda/python-3.10.12/Python/ceval.c:5067
#110 _PyFunction_Vectorcall (func=0x7f039b7632e0, stack=<optimized out>, nargsf=<optimized out>, kwnames=<optimized out>) at /usr/local/src/conda/python-3.10.12/Objects/call.c:342
#111 0x0000562e0ef0d850 in _PyObject_VectorcallTstate (kwnames=0x0, nargsf=<optimized out>, args=0x7f039b5f4950, callable=0x7f039b7632e0, tstate=0x562e10705cf0) at /usr/local/src/conda/python-3.10.12/Include/cpython/abstract.h:114
#112 PyObject_Vectorcall (kwnames=0x0, nargsf=<optimized out>, args=0x7f039b5f4950, callable=0x7f039b7632e0) at /usr/local/src/conda/python-3.10.12/Include/cpython/abstract.h:123
#113 call_function (kwnames=0x0, oparg=<optimized out>, pp_stack=<synthetic pointer>, trace_info=0x7ffdff2b7ba0, tstate=<optimized out>) at /usr/local/src/conda/python-3.10.12/Python/ceval.c:5893
#114 _PyEval_EvalFrameDefault (tstate=<optimized out>, f=0x7f039b5f47c0, throwflag=<optimized out>) at /usr/local/src/conda/python-3.10.12/Python/ceval.c:4213
#115 0x0000562e0ef1d99c in _PyEval_EvalFrame (throwflag=0, f=0x7f039b5f47c0, tstate=0x562e10705cf0) at /usr/local/src/conda/python-3.10.12/Include/internal/pycore_ceval.h:46
#116 _PyEval_Vector (kwnames=<optimized out>, argcount=<optimized out>, args=<optimized out>, locals=0x0, con=0x7f039b763380, tstate=0x562e10705cf0) at /usr/local/src/conda/python-3.10.12/Python/ceval.c:5067
#117 _PyFunction_Vectorcall (func=0x7f039b763370, stack=<optimized out>, nargsf=<optimized out>, kwnames=<optimized out>) at /usr/local/src/conda/python-3.10.12/Objects/call.c:342
#118 0x0000562e0ef1d178 in _PyObject_VectorcallTstate (kwnames=0x0, nargsf=2, args=0x7ffdff2b7cd0, callable=0x7f039b763370, tstate=0x562e10705cf0) at /usr/local/src/conda/python-3.10.12/Include/cpython/abstract.h:114
#119 object_vacall (tstate=tstate
entry=0x562e10705cf0, base=base
entry=0x0, callable=callable
entry=0x7f039b763370, vargs=vargs
entry=0x7ffdff2b7d60) at /usr/local/src/conda/python-3.10.12/Objects/call.c:734
#120 0x0000562e0ef2b35b in _PyObject_CallMethodIdObjArgs (obj=0x0, name=name
entry=0x562e0f155b00 <PyId__find_and_load.6>) at /usr/local/src/conda/python-3.10.12/Objects/call.c:825
#121 0x0000562e0ee4d909 in import_find_and_load (abs_name=0x7f039b4e95f0, tstate=0x562e10705cf0) at /usr/local/src/conda/python-3.10.12/Python/import.c:1522
#122 PyImport_ImportModuleLevelObject (name=name
entry=0x7f039b4e95f0, globals=<optimized out>, locals=<optimized out>, fromlist=fromlist
entry=0x562e0f15d7e0 <_Py_NoneStruct>, level=0) at /usr/local/src/conda/python-3.10.12/Python/import.c:1623
#123 0x0000562e0ef11368 in import_name (level=0x7f039b7000d0, fromlist=0x562e0f15d7e0 <_Py_NoneStruct>, name=0x7f039b4e95f0, f=0x7f039b6caa40, tstate=<optimized out>) at /usr/local/src/conda/python-3.10.12/Python/ceval.c:6018
#124 _PyEval_EvalFrameDefault (tstate=<optimized out>, f=0x7f039b6caa40, throwflag=<optimized out>) at /usr/local/src/conda/python-3.10.12/Python/ceval.c:3695
#125 0x0000562e0efb0f90 in _PyEval_EvalFrame (throwflag=0, f=0x7f039b6caa40, tstate=0x562e10705cf0) at /usr/local/src/conda/python-3.10.12/Include/internal/pycore_ceval.h:46
#126 _PyEval_Vector (tstate=tstate
entry=0x562e10705cf0, con=con
entry=0x7ffdff2b80e0, locals=locals
entry=0x7f039b531080, args=args
entry=0x0, argcount=argcount
entry=0, kwnames=kwnames
entry=0x0) at /usr/local/src/conda/python-3.10.12/Python/ceval.c:5067
#127 0x0000562e0efb0ed7 in PyEval_EvalCode (co=co
entry=0x7f039b4da810, globals=globals
entry=0x7f039b531080, locals=locals
entry=0x7f039b531080) at /usr/local/src/conda/python-3.10.12/Python/ceval.c:1134
#128 0x0000562e0efb80da in builtin_exec_impl (module=<optimized out>, locals=0x7f039b531080, globals=0x7f039b531080, source=0x7f039b4da810) at /usr/local/src/conda/python-3.10.12/Python/bltinmodule.c:1058
#129 builtin_exec (module=<optimized out>, args=<optimized out>, nargs=<optimized out>) at /usr/local/src/conda/python-3.10.12/Python/clinic/bltinmodule.c.h:371
#130 0x0000562e0ef1db63 in cfunction_vectorcall_FASTCALL (func=0x7f039b798e00, args=0x7f039b4e92d8, nargsf=<optimized out>, kwnames=<optimized out>) at /usr/local/src/conda/python-3.10.12/Objects/methodobject.c:430
#131 0x0000562e0ef1334b in do_call_core (kwdict=0x7f039b4e9340, callargs=0x7f039b4e92c0, func=0x7f039b798e00, trace_info=0x7ffdff2b82b0, tstate=<optimized out>) at /usr/local/src/conda/python-3.10.12/Python/ceval.c:5917
#132 _PyEval_EvalFrameDefault (tstate=<optimized out>, f=0x7f039b562200, throwflag=<optimized out>) at /usr/local/src/conda/python-3.10.12/Python/ceval.c:4277
#133 0x0000562e0ef1d99c in _PyEval_EvalFrame (throwflag=0, f=0x7f039b562200, tstate=0x562e10705cf0) at /usr/local/src/conda/python-3.10.12/Include/internal/pycore_ceval.h:46
#134 _PyEval_Vector (kwnames=<optimized out>, argcount=<optimized out>, args=<optimized out>, locals=0x0, con=0x7f039b761520, tstate=0x562e10705cf0) at /usr/local/src/conda/python-3.10.12/Python/ceval.c:5067
#135 _PyFunction_Vectorcall (func=0x7f039b761510, stack=<optimized out>, nargsf=<optimized out>, kwnames=<optimized out>) at /usr/local/src/conda/python-3.10.12/Objects/call.c:342
#136 0x0000562e0ef12142 in _PyObject_VectorcallTstate (kwnames=0x0, nargsf=<optimized out>, args=0x7f039b558c48, callable=0x7f039b761510, tstate=0x562e10705cf0) at /usr/local/src/conda/python-3.10.12/Include/cpython/abstract.h:114
#137 PyObject_Vectorcall (kwnames=0x0, nargsf=<optimized out>, args=0x7f039b558c48, callable=0x7f039b761510) at /usr/local/src/conda/python-3.10.12/Include/cpython/abstract.h:123
#138 call_function (kwnames=0x0, oparg=<optimized out>, pp_stack=<synthetic pointer>, trace_info=0x7ffdff2b8460, tstate=<optimized out>) at /usr/local/src/conda/python-3.10.12/Python/ceval.c:5893
#139 _PyEval_EvalFrameDefault (tstate=<optimized out>, f=0x7f039b558ac0, throwflag=<optimized out>) at /usr/local/src/conda/python-3.10.12/Python/ceval.c:4181
#140 0x0000562e0ef1d99c in _PyEval_EvalFrame (throwflag=0, f=0x7f039b558ac0, tstate=0x562e10705cf0) at /usr/local/src/conda/python-3.10.12/Include/internal/pycore_ceval.h:46
#141 _PyEval_Vector (kwnames=<optimized out>, argcount=<optimized out>, args=<optimized out>, locals=0x0, con=0x7f039b7e5760, tstate=0x562e10705cf0) at /usr/local/src/conda/python-3.10.12/Python/ceval.c:5067
#142 _PyFunction_Vectorcall (func=0x7f039b7e5750, stack=<optimized out>, nargsf=<optimized out>, kwnames=<optimized out>) at /usr/local/src/conda/python-3.10.12/Objects/call.c:342
#143 0x0000562e0ef0dc5c in _PyObject_VectorcallTstate (kwnames=0x0, nargsf=<optimized out>, args=0x7f039b7bf040, callable=0x7f039b7e5750, tstate=0x562e10705cf0) at /usr/local/src/conda/python-3.10.12/Include/cpython/abstract.h:114
#144 PyObject_Vectorcall (kwnames=0x0, nargsf=<optimized out>, args=0x7f039b7bf040, callable=0x7f039b7e5750) at /usr/local/src/conda/python-3.10.12/Include/cpython/abstract.h:123
#145 call_function (kwnames=0x0, oparg=<optimized out>, pp_stack=<synthetic pointer>, trace_info=0x7ffdff2b8610, tstate=<optimized out>) at /usr/local/src/conda/python-3.10.12/Python/ceval.c:5893
#146 _PyEval_EvalFrameDefault (tstate=<optimized out>, f=0x7f039b7beec0, throwflag=<optimized out>) at /usr/local/src/conda/python-3.10.12/Python/ceval.c:4198
#147 0x0000562e0ef1d99c in _PyEval_EvalFrame (throwflag=0, f=0x7f039b7beec0, tstate=0x562e10705cf0) at /usr/local/src/conda/python-3.10.12/Include/internal/pycore_ceval.h:46
#148 _PyEval_Vector (kwnames=<optimized out>, argcount=<optimized out>, args=<optimized out>, locals=0x0, con=0x7f039b7620f0, tstate=0x562e10705cf0) at /usr/local/src/conda/python-3.10.12/Python/ceval.c:5067
#149 _PyFunction_Vectorcall (func=0x7f039b7620e0, stack=<optimized out>, nargsf=<optimized out>, kwnames=<optimized out>) at /usr/local/src/conda/python-3.10.12/Objects/call.c:342
#150 0x0000562e0ef0d850 in _PyObject_VectorcallTstate (kwnames=0x0, nargsf=<optimized out>, args=0x7f039b6ca5f0, callable=0x7f039b7620e0, tstate=0x562e10705cf0) at /usr/local/src/conda/python-3.10.12/Include/cpython/abstract.h:114
#151 PyObject_Vectorcall (kwnames=0x0, nargsf=<optimized out>, args=0x7f039b6ca5f0, callable=0x7f039b7620e0) at /usr/local/src/conda/python-3.10.12/Include/cpython/abstract.h:123
#152 call_function (kwnames=0x0, oparg=<optimized out>, pp_stack=<synthetic pointer>, trace_info=0x7ffdff2b87c0, tstate=<optimized out>) at /usr/local/src/conda/python-3.10.12/Python/ceval.c:5893
#153 _PyEval_EvalFrameDefault (tstate=<optimized out>, f=0x7f039b6ca440, throwflag=<optimized out>) at /usr/local/src/conda/python-3.10.12/Python/ceval.c:4213
#154 0x0000562e0ef1d99c in _PyEval_EvalFrame (throwflag=0, f=0x7f039b6ca440, tstate=0x562e10705cf0) at /usr/local/src/conda/python-3.10.12/Include/internal/pycore_ceval.h:46
#155 _PyEval_Vector (kwnames=<optimized out>, argcount=<optimized out>, args=<optimized out>, locals=0x0, con=0x7f039b7632f0, tstate=0x562e10705cf0) at /usr/local/src/conda/python-3.10.12/Python/ceval.c:5067
#156 _PyFunction_Vectorcall (func=0x7f039b7632e0, stack=<optimized out>, nargsf=<optimized out>, kwnames=<optimized out>) at /usr/local/src/conda/python-3.10.12/Objects/call.c:342
#157 0x0000562e0ef0d850 in _PyObject_VectorcallTstate (kwnames=0x0, nargsf=<optimized out>, args=0x7f039b5f50d0, callable=0x7f039b7632e0, tstate=0x562e10705cf0) at /usr/local/src/conda/python-3.10.12/Include/cpython/abstract.h:114
#158 PyObject_Vectorcall (kwnames=0x0, nargsf=<optimized out>, args=0x7f039b5f50d0, callable=0x7f039b7632e0) at /usr/local/src/conda/python-3.10.12/Include/cpython/abstract.h:123
#159 call_function (kwnames=0x0, oparg=<optimized out>, pp_stack=<synthetic pointer>, trace_info=0x7ffdff2b8970, tstate=<optimized out>) at /usr/local/src/conda/python-3.10.12/Python/ceval.c:5893
#160 _PyEval_EvalFrameDefault (tstate=<optimized out>, f=0x7f039b5f4f40, throwflag=<optimized out>) at /usr/local/src/conda/python-3.10.12/Python/ceval.c:4213
#161 0x0000562e0ef1d99c in _PyEval_EvalFrame (throwflag=0, f=0x7f039b5f4f40, tstate=0x562e10705cf0) at /usr/local/src/conda/python-3.10.12/Include/internal/pycore_ceval.h:46
#162 _PyEval_Vector (kwnames=<optimized out>, argcount=<optimized out>, args=<optimized out>, locals=0x0, con=0x7f039b763380, tstate=0x562e10705cf0) at /usr/local/src/conda/python-3.10.12/Python/ceval.c:5067
#163 _PyFunction_Vectorcall (func=0x7f039b763370, stack=<optimized out>, nargsf=<optimized out>, kwnames=<optimized out>) at /usr/local/src/conda/python-3.10.12/Objects/call.c:342
#164 0x0000562e0ef1d178 in _PyObject_VectorcallTstate (kwnames=0x0, nargsf=2, args=0x7ffdff2b8aa0, callable=0x7f039b763370, tstate=0x562e10705cf0) at /usr/local/src/conda/python-3.10.12/Include/cpython/abstract.h:114
#165 object_vacall (tstate=tstate
entry=0x562e10705cf0, base=base
entry=0x0, callable=callable
entry=0x7f039b763370, vargs=vargs
entry=0x7ffdff2b8b30) at /usr/local/src/conda/python-3.10.12/Objects/call.c:734
#166 0x0000562e0ef2b35b in _PyObject_CallMethodIdObjArgs (obj=0x0, name=name
entry=0x562e0f155b00 <PyId__find_and_load.6>) at /usr/local/src/conda/python-3.10.12/Objects/call.c:825
#167 0x0000562e0ee4d909 in import_find_and_load (abs_name=0x7f039b69cd70, tstate=0x562e10705cf0) at /usr/local/src/conda/python-3.10.12/Python/import.c:1522
#168 PyImport_ImportModuleLevelObject (name=name
entry=0x7f039b69cd70, globals=<optimized out>, locals=<optimized out>, fromlist=fromlist
entry=0x562e0f15d7e0 <_Py_NoneStruct>, level=0) at /usr/local/src/conda/python-3.10.12/Python/import.c:1623
#169 0x0000562e0ef11368 in import_name (level=0x7f039b7000d0, fromlist=0x562e0f15d7e0 <_Py_NoneStruct>, name=0x7f039b69cd70, f=0x7f039b729c40, tstate=<optimized out>) at /usr/local/src/conda/python-3.10.12/Python/ceval.c:6018
#170 _PyEval_EvalFrameDefault (tstate=<optimized out>, f=0x7f039b729c40, throwflag=<optimized out>) at /usr/local/src/conda/python-3.10.12/Python/ceval.c:3695
#171 0x0000562e0efb0f90 in _PyEval_EvalFrame (throwflag=0, f=0x7f039b729c40, tstate=0x562e10705cf0) at /usr/local/src/conda/python-3.10.12/Include/internal/pycore_ceval.h:46
#172 _PyEval_Vector (tstate=tstate
entry=0x562e10705cf0, con=con
entry=0x7ffdff2b8eb0, locals=locals
entry=0x7f039b641dc0, args=args
entry=0x0, argcount=argcount
entry=0, kwnames=kwnames
entry=0x0) at /usr/local/src/conda/python-3.10.12/Python/ceval.c:5067
#173 0x0000562e0efb0ed7 in PyEval_EvalCode (co=co
entry=0x7f039b5043a0, globals=globals
entry=0x7f039b641dc0, locals=locals
entry=0x7f039b641dc0) at /usr/local/src/conda/python-3.10.12/Python/ceval.c:1134
#174 0x0000562e0efe142a in run_eval_code_obj (tstate=tstate
entry=0x562e10705cf0, co=co
entry=0x7f039b5043a0, globals=globals
entry=0x7f039b641dc0, locals=locals
entry=0x7f039b641dc0) at /usr/local/src/conda/python-3.10.12/Python/pythonrun.c:1291
#175 0x0000562e0efdc833 in run_mod (mod=mod
entry=0x562e10832500, filename=filename
entry=0x7f039b519980, globals=globals
entry=0x7f039b641dc0, locals=locals
entry=0x7f039b641dc0, flags=flags
entry=0x7ffdff2b9098, arena=arena
entry=0x7f039b7fe6f0) at /usr/local/src/conda/python-3.10.12/Python/pythonrun.c:1312
#176 0x0000562e0ee736cd in pyrun_file (fp=fp
entry=0x562e106e5370, filename=filename
entry=0x7f039b519980, start=start
entry=257, globals=globals
entry=0x7f039b641dc0, locals=locals
entry=0x7f039b641dc0, closeit=closeit
entry=1, flags=0x7ffdff2b9098) at /usr/local/src/conda/python-3.10.12/Python/pythonrun.c:1208
#177 0x0000562e0efd6d1e in _PyRun_SimpleFileObject (fp=0x562e106e5370, filename=0x7f039b519980, closeit=1, flags=0x7ffdff2b9098) at /usr/local/src/conda/python-3.10.12/Python/pythonrun.c:456
#178 0x0000562e0efd68b4 in _PyRun_AnyFileObject (fp=0x562e106e5370, filename=filename
entry=0x7f039b519980, closeit=closeit
entry=1, flags=flags
entry=0x7ffdff2b9098) at /usr/local/src/conda/python-3.10.12/Python/pythonrun.c:90
#179 0x0000562e0efd3aab in pymain_run_file_obj (skip_source_first_line=0, filename=0x7f039b519980, program_name=0x7f039b654630) at /usr/local/src/conda/python-3.10.12/Modules/main.c:357
#180 pymain_run_file (config=0x562e106e97b0) at /usr/local/src/conda/python-3.10.12/Modules/main.c:376
#181 pymain_run_python (exitcode=0x7ffdff2b9094) at /usr/local/src/conda/python-3.10.12/Modules/main.c:591
#182 Py_RunMain () at /usr/local/src/conda/python-3.10.12/Modules/main.c:670
#183 0x0000562e0efa4527 in Py_BytesMain (argc=<optimized out>, argv=<optimized out>) at /usr/local/src/conda/python-3.10.12/Modules/main.c:1090
#184 0x00007f039b8295d0 in __libc_start_call_main () from /lib64/libc.so.6
#185 0x00007f039b829680 in __libc_start_main_impl () from /lib64/libc.so.6
#186 0x0000562e0efa4421 in _start ()
===========================================================


 *** Break *** segmentation violation



===========================================================
There was a crash.
This is the entire stack trace of all threads:
===========================================================
#0  0x00007f039b8d8fba in wait4 () from /lib64/libc.so.6
#1  0x00007f039b84b7e3 in do_system () from /lib64/libc.so.6
#2  0x00007f039acf82ce in TUnixSystem::StackTrace() () from /cvmfs/sft.cern.ch/lcg/app/releases/ROOT/6.32.04/x86_64-almalinux9.4-gcc114-opt/lib/libCore.so
#3  0x00007f039afadf03 in (anonymous namespace)::TExceptionHandlerImp::HandleException(int) () from /cvmfs/sft.cern.ch/lcg/app/releases/ROOT/6.32.04/x86_64-almalinux9.4-gcc114-opt/lib/libcppyy_backend.so
#4  0x00007f039acf5861 in TUnixSystem::DispatchSignals(ESignals) () from /cvmfs/sft.cern.ch/lcg/app/releases/ROOT/6.32.04/x86_64-almalinux9.4-gcc114-opt/lib/libCore.so
#5  <signal handler called>
#6  _PyObject_IS_GC (obj=0x1) at /usr/local/src/conda/python-3.10.12/Include/internal/pycore_object.h:165
#7  visit_decref (op=0x1, parent=0x562e1284b790) at /usr/local/src/conda/python-3.10.12/Modules/gcmodule.c:456
#8  0x0000562e0ef01144 in subtract_refs (containers=<optimized out>) at /usr/local/src/conda/python-3.10.12/Modules/gcmodule.c:482
#9  deduce_unreachable (base=base
entry=0x562e106e9680, unreachable=unreachable
entry=0x7ffdff2b59d0) at /usr/local/src/conda/python-3.10.12/Modules/gcmodule.c:1105
#10 0x0000562e0eeffe98 in gc_collect_main (tstate=tstate
entry=0x562e10705cf0, generation=generation
entry=0, n_collected=n_collected
entry=0x7ffdff2b5ab0, n_uncollectable=n_uncollectable
entry=0x7ffdff2b5aa8, nofail=nofail
entry=0) at /usr/local/src/conda/python-3.10.12/Modules/gcmodule.c:1239
#11 0x0000562e0efad4bb in gc_collect_with_callback (tstate=tstate
entry=0x562e10705cf0, generation=0) at /usr/local/src/conda/python-3.10.12/Modules/gcmodule.c:1413
#12 0x0000562e0eef580b in gc_collect_generations (tstate=0x562e10705cf0) at /usr/local/src/conda/python-3.10.12/Modules/gcmodule.c:1468
#13 _PyObject_GC_Alloc (basicsize=<optimized out>, use_calloc=0) at /usr/local/src/conda/python-3.10.12/Modules/gcmodule.c:2297
#14 _PyObject_GC_Malloc (basicsize=<optimized out>) at /usr/local/src/conda/python-3.10.12/Modules/gcmodule.c:2307
#15 _PyObject_GC_New (tp=0x7f037d5625c0 <CPyCppyy::CPPOverload_Type>) at /usr/local/src/conda/python-3.10.12/Modules/gcmodule.c:2319
#16 0x00007f037d4e5790 in CPyCppyy::(anonymous namespace)::mp_new(_typeobject*, _object*, _object*) () from /cvmfs/sft.cern.ch/lcg/app/releases/ROOT/6.32.04/x86_64-almalinux9.4-gcc114-opt/lib/libcppyy.so
#17 0x00007f037d50e9e3 in CPyCppyy::BuildScopeProxyDict(unsigned long, _object*, unsigned int) () from /cvmfs/sft.cern.ch/lcg/app/releases/ROOT/6.32.04/x86_64-almalinux9.4-gcc114-opt/lib/libcppyy.so
#18 0x00007f037d5111a3 in CPyCppyy::CreateScopeProxy(std::__cxx11::basic_string<char, std::char_traits<char>, std::allocator<char> > const&, _object*, unsigned int) () from /cvmfs/sft.cern.ch/lcg/app/releases/ROOT/6.32.04/x86_64-almalinux9.4-gcc114-opt/lib/libcppyy.so
#19 0x00007f037d511dc5 in CPyCppyy::CreateScopeProxy(unsigned long, unsigned int) () from /cvmfs/sft.cern.ch/lcg/app/releases/ROOT/6.32.04/x86_64-almalinux9.4-gcc114-opt/lib/libcppyy.so
#20 0x00007f037d511e26 in CPyCppyy::BindCppObjectNoCast(void*, unsigned long, unsigned int) () from /cvmfs/sft.cern.ch/lcg/app/releases/ROOT/6.32.04/x86_64-almalinux9.4-gcc114-opt/lib/libcppyy.so
#21 0x00007f037d4da930 in CPyCppyy::dm_get(CPyCppyy::CPPDataMember*, CPyCppyy::CPPInstance*, _object*) () from /cvmfs/sft.cern.ch/lcg/app/releases/ROOT/6.32.04/x86_64-almalinux9.4-gcc114-opt/lib/libcppyy.so
#22 0x0000562e0ef1572a in type_getattro (type=<optimized out>, name=<optimized out>) at /usr/local/src/conda/python-3.10.12/Objects/typeobject.c:3923
#23 0x00007f037d4ed0e3 in CPyCppyy::meta_getattro(_object*, _object*) () from /cvmfs/sft.cern.ch/lcg/app/releases/ROOT/6.32.04/x86_64-almalinux9.4-gcc114-opt/lib/libcppyy.so
#24 0x0000562e0ef1ab92 in PyObject_GetAttr (v=v
entry=0x562e12a1f9e0, name=0x7f039b4f5e70) at /usr/local/src/conda/python-3.10.12/Objects/object.c:932
#25 0x0000562e0ef11f03 in _PyEval_EvalFrameDefault (tstate=<optimized out>, f=0x562e10761040, throwflag=<optimized out>) at /usr/local/src/conda/python-3.10.12/Python/ceval.c:3592
#26 0x0000562e0ef1d99c in _PyEval_EvalFrame (throwflag=0, f=0x562e10761040, tstate=0x562e10705cf0) at /usr/local/src/conda/python-3.10.12/Include/internal/pycore_ceval.h:46
#27 _PyEval_Vector (kwnames=<optimized out>, argcount=<optimized out>, args=<optimized out>, locals=0x0, con=0x7f039b26e7b0, tstate=0x562e10705cf0) at /usr/local/src/conda/python-3.10.12/Python/ceval.c:5067
#28 _PyFunction_Vectorcall (func=0x7f039b26e7a0, stack=<optimized out>, nargsf=<optimized out>, kwnames=<optimized out>) at /usr/local/src/conda/python-3.10.12/Objects/call.c:342
#29 0x0000562e0ef0d850 in _PyObject_VectorcallTstate (kwnames=0x0, nargsf=<optimized out>, args=0x7f039b4a8d08, callable=0x7f039b26e7a0, tstate=0x562e10705cf0) at /usr/local/src/conda/python-3.10.12/Include/cpython/abstract.h:114
#30 PyObject_Vectorcall (kwnames=0x0, nargsf=<optimized out>, args=0x7f039b4a8d08, callable=0x7f039b26e7a0) at /usr/local/src/conda/python-3.10.12/Include/cpython/abstract.h:123
#31 call_function (kwnames=0x0, oparg=<optimized out>, pp_stack=<synthetic pointer>, trace_info=0x7ffdff2b6440, tstate=<optimized out>) at /usr/local/src/conda/python-3.10.12/Python/ceval.c:5893
#32 _PyEval_EvalFrameDefault (tstate=<optimized out>, f=0x7f039b4a8ba0, throwflag=<optimized out>) at /usr/local/src/conda/python-3.10.12/Python/ceval.c:4213
#33 0x0000562e0efb0f90 in _PyEval_EvalFrame (throwflag=0, f=0x7f039b4a8ba0, tstate=0x562e10705cf0) at /usr/local/src/conda/python-3.10.12/Include/internal/pycore_ceval.h:46
#34 _PyEval_Vector (tstate=tstate
entry=0x562e10705cf0, con=con
entry=0x7ffdff2b6540, locals=locals
entry=0x7f039b203f80, args=args
entry=0x0, argcount=argcount
entry=0, kwnames=kwnames
entry=0x0) at /usr/local/src/conda/python-3.10.12/Python/ceval.c:5067
#35 0x0000562e0efb0ed7 in PyEval_EvalCode (co=co
entry=0x7f039b1ef680, globals=globals
entry=0x7f039b203f80, locals=locals
entry=0x7f039b203f80) at /usr/local/src/conda/python-3.10.12/Python/ceval.c:1134
#36 0x0000562e0efb80da in builtin_exec_impl (module=<optimized out>, locals=0x7f039b203f80, globals=0x7f039b203f80, source=0x7f039b1ef680) at /usr/local/src/conda/python-3.10.12/Python/bltinmodule.c:1058
#37 builtin_exec (module=<optimized out>, args=<optimized out>, nargs=<optimized out>) at /usr/local/src/conda/python-3.10.12/Python/clinic/bltinmodule.c.h:371
#38 0x0000562e0ef1db63 in cfunction_vectorcall_FASTCALL (func=0x7f039b798e00, args=0x7f039b200e98, nargsf=<optimized out>, kwnames=<optimized out>) at /usr/local/src/conda/python-3.10.12/Objects/methodobject.c:430
#39 0x0000562e0ef1334b in do_call_core (kwdict=0x7f039b1f0780, callargs=0x7f039b200e80, func=0x7f039b798e00, trace_info=0x7ffdff2b6710, tstate=<optimized out>) at /usr/local/src/conda/python-3.10.12/Python/ceval.c:5917
#40 _PyEval_EvalFrameDefault (tstate=<optimized out>, f=0x7f039b5628c0, throwflag=<optimized out>) at /usr/local/src/conda/python-3.10.12/Python/ceval.c:4277
#41 0x0000562e0ef1d99c in _PyEval_EvalFrame (throwflag=0, f=0x7f039b5628c0, tstate=0x562e10705cf0) at /usr/local/src/conda/python-3.10.12/Include/internal/pycore_ceval.h:46
#42 _PyEval_Vector (kwnames=<optimized out>, argcount=<optimized out>, args=<optimized out>, locals=0x0, con=0x7f039b761520, tstate=0x562e10705cf0) at /usr/local/src/conda/python-3.10.12/Python/ceval.c:5067
#43 _PyFunction_Vectorcall (func=0x7f039b761510, stack=<optimized out>, nargsf=<optimized out>, kwnames=<optimized out>) at /usr/local/src/conda/python-3.10.12/Objects/call.c:342
#44 0x0000562e0ef12142 in _PyObject_VectorcallTstate (kwnames=0x0, nargsf=<optimized out>, args=0x7f039b559c08, callable=0x7f039b761510, tstate=0x562e10705cf0) at /usr/local/src/conda/python-3.10.12/Include/cpython/abstract.h:114
#45 PyObject_Vectorcall (kwnames=0x0, nargsf=<optimized out>, args=0x7f039b559c08, callable=0x7f039b761510) at /usr/local/src/conda/python-3.10.12/Include/cpython/abstract.h:123
#46 call_function (kwnames=0x0, oparg=<optimized out>, pp_stack=<synthetic pointer>, trace_info=0x7ffdff2b68c0, tstate=<optimized out>) at /usr/local/src/conda/python-3.10.12/Python/ceval.c:5893
#47 _PyEval_EvalFrameDefault (tstate=<optimized out>, f=0x7f039b559a80, throwflag=<optimized out>) at /usr/local/src/conda/python-3.10.12/Python/ceval.c:4181
#48 0x0000562e0ef1d99c in _PyEval_EvalFrame (throwflag=0, f=0x7f039b559a80, tstate=0x562e10705cf0) at /usr/local/src/conda/python-3.10.12/Include/internal/pycore_ceval.h:46
#49 _PyEval_Vector (kwnames=<optimized out>, argcount=<optimized out>, args=<optimized out>, locals=0x0, con=0x7f039b7e5760, tstate=0x562e10705cf0) at /usr/local/src/conda/python-3.10.12/Python/ceval.c:5067
#50 _PyFunction_Vectorcall (func=0x7f039b7e5750, stack=<optimized out>, nargsf=<optimized out>, kwnames=<optimized out>) at /usr/local/src/conda/python-3.10.12/Objects/call.c:342
#51 0x0000562e0ef0dc5c in _PyObject_VectorcallTstate (kwnames=0x0, nargsf=<optimized out>, args=0x7f039b7bfdd0, callable=0x7f039b7e5750, tstate=0x562e10705cf0) at /usr/local/src/conda/python-3.10.12/Include/cpython/abstract.h:114
#52 PyObject_Vectorcall (kwnames=0x0, nargsf=<optimized out>, args=0x7f039b7bfdd0, callable=0x7f039b7e5750) at /usr/local/src/conda/python-3.10.12/Include/cpython/abstract.h:123
#53 call_function (kwnames=0x0, oparg=<optimized out>, pp_stack=<synthetic pointer>, trace_info=0x7ffdff2b6a70, tstate=<optimized out>) at /usr/local/src/conda/python-3.10.12/Python/ceval.c:5893
#54 _PyEval_EvalFrameDefault (tstate=<optimized out>, f=0x7f039b7bfc50, throwflag=<optimized out>) at /usr/local/src/conda/python-3.10.12/Python/ceval.c:4198
#55 0x0000562e0ef1d99c in _PyEval_EvalFrame (throwflag=0, f=0x7f039b7bfc50, tstate=0x562e10705cf0) at /usr/local/src/conda/python-3.10.12/Include/internal/pycore_ceval.h:46
#56 _PyEval_Vector (kwnames=<optimized out>, argcount=<optimized out>, args=<optimized out>, locals=0x0, con=0x7f039b7620f0, tstate=0x562e10705cf0) at /usr/local/src/conda/python-3.10.12/Python/ceval.c:5067
#57 _PyFunction_Vectorcall (func=0x7f039b7620e0, stack=<optimized out>, nargsf=<optimized out>, kwnames=<optimized out>) at /usr/local/src/conda/python-3.10.12/Objects/call.c:342
#58 0x0000562e0ef0d850 in _PyObject_VectorcallTstate (kwnames=0x0, nargsf=<optimized out>, args=0x7f039b2101f0, callable=0x7f039b7620e0, tstate=0x562e10705cf0) at /usr/local/src/conda/python-3.10.12/Include/cpython/abstract.h:114
#59 PyObject_Vectorcall (kwnames=0x0, nargsf=<optimized out>, args=0x7f039b2101f0, callable=0x7f039b7620e0) at /usr/local/src/conda/python-3.10.12/Include/cpython/abstract.h:123
#60 call_function (kwnames=0x0, oparg=<optimized out>, pp_stack=<synthetic pointer>, trace_info=0x7ffdff2b6c20, tstate=<optimized out>) at /usr/local/src/conda/python-3.10.12/Python/ceval.c:5893
#61 _PyEval_EvalFrameDefault (tstate=<optimized out>, f=0x7f039b210040, throwflag=<optimized out>) at /usr/local/src/conda/python-3.10.12/Python/ceval.c:4213
#62 0x0000562e0ef1d99c in _PyEval_EvalFrame (throwflag=0, f=0x7f039b210040, tstate=0x562e10705cf0) at /usr/local/src/conda/python-3.10.12/Include/internal/pycore_ceval.h:46
#63 _PyEval_Vector (kwnames=<optimized out>, argcount=<optimized out>, args=<optimized out>, locals=0x0, con=0x7f039b7632f0, tstate=0x562e10705cf0) at /usr/local/src/conda/python-3.10.12/Python/ceval.c:5067
#64 _PyFunction_Vectorcall (func=0x7f039b7632e0, stack=<optimized out>, nargsf=<optimized out>, kwnames=<optimized out>) at /usr/local/src/conda/python-3.10.12/Objects/call.c:342
#65 0x0000562e0ef0d850 in _PyObject_VectorcallTstate (kwnames=0x0, nargsf=<optimized out>, args=0x7f039b5f5850, callable=0x7f039b7632e0, tstate=0x562e10705cf0) at /usr/local/src/conda/python-3.10.12/Include/cpython/abstract.h:114
#66 PyObject_Vectorcall (kwnames=0x0, nargsf=<optimized out>, args=0x7f039b5f5850, callable=0x7f039b7632e0) at /usr/local/src/conda/python-3.10.12/Include/cpython/abstract.h:123
#67 call_function (kwnames=0x0, oparg=<optimized out>, pp_stack=<synthetic pointer>, trace_info=0x7ffdff2b6dd0, tstate=<optimized out>) at /usr/local/src/conda/python-3.10.12/Python/ceval.c:5893
#68 _PyEval_EvalFrameDefault (tstate=<optimized out>, f=0x7f039b5f56c0, throwflag=<optimized out>) at /usr/local/src/conda/python-3.10.12/Python/ceval.c:4213
#69 0x0000562e0ef1d99c in _PyEval_EvalFrame (throwflag=0, f=0x7f039b5f56c0, tstate=0x562e10705cf0) at /usr/local/src/conda/python-3.10.12/Include/internal/pycore_ceval.h:46
#70 _PyEval_Vector (kwnames=<optimized out>, argcount=<optimized out>, args=<optimized out>, locals=0x0, con=0x7f039b763380, tstate=0x562e10705cf0) at /usr/local/src/conda/python-3.10.12/Python/ceval.c:5067
#71 _PyFunction_Vectorcall (func=0x7f039b763370, stack=<optimized out>, nargsf=<optimized out>, kwnames=<optimized out>) at /usr/local/src/conda/python-3.10.12/Objects/call.c:342
#72 0x0000562e0ef1d178 in _PyObject_VectorcallTstate (kwnames=0x0, nargsf=2, args=0x7ffdff2b6f00, callable=0x7f039b763370, tstate=0x562e10705cf0) at /usr/local/src/conda/python-3.10.12/Include/cpython/abstract.h:114
#73 object_vacall (tstate=tstate
entry=0x562e10705cf0, base=base
entry=0x0, callable=callable
entry=0x7f039b763370, vargs=vargs
entry=0x7ffdff2b6f90) at /usr/local/src/conda/python-3.10.12/Objects/call.c:734
#74 0x0000562e0ef2b35b in _PyObject_CallMethodIdObjArgs (obj=0x0, name=name
entry=0x562e0f155b00 <PyId__find_and_load.6>) at /usr/local/src/conda/python-3.10.12/Objects/call.c:825
#75 0x0000562e0ee4d909 in import_find_and_load (abs_name=0x7f039b4e6060, tstate=0x562e10705cf0) at /usr/local/src/conda/python-3.10.12/Python/import.c:1522
#76 PyImport_ImportModuleLevelObject (name=name
entry=0x7f039b4f4370, globals=<optimized out>, locals=<optimized out>, fromlist=fromlist
entry=0x7f039b4f3880, level=1) at /usr/local/src/conda/python-3.10.12/Python/import.c:1623
#77 0x0000562e0ef11368 in import_name (level=0x7f039b7000f0, fromlist=0x7f039b4f3880, name=0x7f039b4f4370, f=0x7f039b569f10, tstate=<optimized out>) at /usr/local/src/conda/python-3.10.12/Python/ceval.c:6018
#78 _PyEval_EvalFrameDefault (tstate=<optimized out>, f=0x7f039b569f10, throwflag=<optimized out>) at /usr/local/src/conda/python-3.10.12/Python/ceval.c:3695
#79 0x0000562e0efb0f90 in _PyEval_EvalFrame (throwflag=0, f=0x7f039b569f10, tstate=0x562e10705cf0) at /usr/local/src/conda/python-3.10.12/Include/internal/pycore_ceval.h:46
#80 _PyEval_Vector (tstate=tstate
entry=0x562e10705cf0, con=con
entry=0x7ffdff2b7310, locals=locals
entry=0x7f039b4ea600, args=args
entry=0x0, argcount=argcount
entry=0, kwnames=kwnames
entry=0x0) at /usr/local/src/conda/python-3.10.12/Python/ceval.c:5067
#81 0x0000562e0efb0ed7 in PyEval_EvalCode (co=co
entry=0x7f039b20d630, globals=globals
entry=0x7f039b4ea600, locals=locals
entry=0x7f039b4ea600) at /usr/local/src/conda/python-3.10.12/Python/ceval.c:1134
#82 0x0000562e0efb80da in builtin_exec_impl (module=<optimized out>, locals=0x7f039b4ea600, globals=0x7f039b4ea600, source=0x7f039b20d630) at /usr/local/src/conda/python-3.10.12/Python/bltinmodule.c:1058
#83 builtin_exec (module=<optimized out>, args=<optimized out>, nargs=<optimized out>) at /usr/local/src/conda/python-3.10.12/Python/clinic/bltinmodule.c.h:371
#84 0x0000562e0ef1db63 in cfunction_vectorcall_FASTCALL (func=0x7f039b798e00, args=0x7f039b4f48d8, nargsf=<optimized out>, kwnames=<optimized out>) at /usr/local/src/conda/python-3.10.12/Objects/methodobject.c:430
#85 0x0000562e0ef1334b in do_call_core (kwdict=0x7f039b4ea740, callargs=0x7f039b4f48c0, func=0x7f039b798e00, trace_info=0x7ffdff2b74e0, tstate=<optimized out>) at /usr/local/src/conda/python-3.10.12/Python/ceval.c:5917
#86 _PyEval_EvalFrameDefault (tstate=<optimized out>, f=0x7f039b7c74c0, throwflag=<optimized out>) at /usr/local/src/conda/python-3.10.12/Python/ceval.c:4277
#87 0x0000562e0ef1d99c in _PyEval_EvalFrame (throwflag=0, f=0x7f039b7c74c0, tstate=0x562e10705cf0) at /usr/local/src/conda/python-3.10.12/Include/internal/pycore_ceval.h:46
#88 _PyEval_Vector (kwnames=<optimized out>, argcount=<optimized out>, args=<optimized out>, locals=0x0, con=0x7f039b761520, tstate=0x562e10705cf0) at /usr/local/src/conda/python-3.10.12/Python/ceval.c:5067
#89 _PyFunction_Vectorcall (func=0x7f039b761510, stack=<optimized out>, nargsf=<optimized out>, kwnames=<optimized out>) at /usr/local/src/conda/python-3.10.12/Objects/call.c:342
#90 0x0000562e0ef12142 in _PyObject_VectorcallTstate (kwnames=0x0, nargsf=<optimized out>, args=0x7f039b7be2b8, callable=0x7f039b761510, tstate=0x562e10705cf0) at /usr/local/src/conda/python-3.10.12/Include/cpython/abstract.h:114
#91 PyObject_Vectorcall (kwnames=0x0, nargsf=<optimized out>, args=0x7f039b7be2b8, callable=0x7f039b761510) at /usr/local/src/conda/python-3.10.12/Include/cpython/abstract.h:123
#92 call_function (kwnames=0x0, oparg=<optimized out>, pp_stack=<synthetic pointer>, trace_info=0x7ffdff2b7690, tstate=<optimized out>) at /usr/local/src/conda/python-3.10.12/Python/ceval.c:5893
#93 _PyEval_EvalFrameDefault (tstate=<optimized out>, f=0x7f039b7be130, throwflag=<optimized out>) at /usr/local/src/conda/python-3.10.12/Python/ceval.c:4181
#94 0x0000562e0ef1d99c in _PyEval_EvalFrame (throwflag=0, f=0x7f039b7be130, tstate=0x562e10705cf0) at /usr/local/src/conda/python-3.10.12/Include/internal/pycore_ceval.h:46
#95 _PyEval_Vector (kwnames=<optimized out>, argcount=<optimized out>, args=<optimized out>, locals=0x0, con=0x7f039b7e5760, tstate=0x562e10705cf0) at /usr/local/src/conda/python-3.10.12/Python/ceval.c:5067
#96 _PyFunction_Vectorcall (func=0x7f039b7e5750, stack=<optimized out>, nargsf=<optimized out>, kwnames=<optimized out>) at /usr/local/src/conda/python-3.10.12/Objects/call.c:342
#97 0x0000562e0ef0dc5c in _PyObject_VectorcallTstate (kwnames=0x0, nargsf=<optimized out>, args=0x7f039b6cafc0, callable=0x7f039b7e5750, tstate=0x562e10705cf0) at /usr/local/src/conda/python-3.10.12/Include/cpython/abstract.h:114
#98 PyObject_Vectorcall (kwnames=0x0, nargsf=<optimized out>, args=0x7f039b6cafc0, callable=0x7f039b7e5750) at /usr/local/src/conda/python-3.10.12/Include/cpython/abstract.h:123
#99 call_function (kwnames=0x0, oparg=<optimized out>, pp_stack=<synthetic pointer>, trace_info=0x7ffdff2b7840, tstate=<optimized out>) at /usr/local/src/conda/python-3.10.12/Python/ceval.c:5893
#100 _PyEval_EvalFrameDefault (tstate=<optimized out>, f=0x7f039b6cae40, throwflag=<optimized out>) at /usr/local/src/conda/python-3.10.12/Python/ceval.c:4198
#101 0x0000562e0ef1d99c in _PyEval_EvalFrame (throwflag=0, f=0x7f039b6cae40, tstate=0x562e10705cf0) at /usr/local/src/conda/python-3.10.12/Include/internal/pycore_ceval.h:46
#102 _PyEval_Vector (kwnames=<optimized out>, argcount=<optimized out>, args=<optimized out>, locals=0x0, con=0x7f039b7620f0, tstate=0x562e10705cf0) at /usr/local/src/conda/python-3.10.12/Python/ceval.c:5067
#103 _PyFunction_Vectorcall (func=0x7f039b7620e0, stack=<optimized out>, nargsf=<optimized out>, kwnames=<optimized out>) at /usr/local/src/conda/python-3.10.12/Objects/call.c:342
#104 0x0000562e0ef0d850 in _PyObject_VectorcallTstate (kwnames=0x0, nargsf=<optimized out>, args=0x7f039b6ca3f0, callable=0x7f039b7620e0, tstate=0x562e10705cf0) at /usr/local/src/conda/python-3.10.12/Include/cpython/abstract.h:114
#105 PyObject_Vectorcall (kwnames=0x0, nargsf=<optimized out>, args=0x7f039b6ca3f0, callable=0x7f039b7620e0) at /usr/local/src/conda/python-3.10.12/Include/cpython/abstract.h:123
#106 call_function (kwnames=0x0, oparg=<optimized out>, pp_stack=<synthetic pointer>, trace_info=0x7ffdff2b79f0, tstate=<optimized out>) at /usr/local/src/conda/python-3.10.12/Python/ceval.c:5893
#107 _PyEval_EvalFrameDefault (tstate=<optimized out>, f=0x7f039b6ca240, throwflag=<optimized out>) at /usr/local/src/conda/python-3.10.12/Python/ceval.c:4213
#108 0x0000562e0ef1d99c in _PyEval_EvalFrame (throwflag=0, f=0x7f039b6ca240, tstate=0x562e10705cf0) at /usr/local/src/conda/python-3.10.12/Include/internal/pycore_ceval.h:46
#109 _PyEval_Vector (kwnames=<optimized out>, argcount=<optimized out>, args=<optimized out>, locals=0x0, con=0x7f039b7632f0, tstate=0x562e10705cf0) at /usr/local/src/conda/python-3.10.12/Python/ceval.c:5067
#110 _PyFunction_Vectorcall (func=0x7f039b7632e0, stack=<optimized out>, nargsf=<optimized out>, kwnames=<optimized out>) at /usr/local/src/conda/python-3.10.12/Objects/call.c:342
#111 0x0000562e0ef0d850 in _PyObject_VectorcallTstate (kwnames=0x0, nargsf=<optimized out>, args=0x7f039b5f4950, callable=0x7f039b7632e0, tstate=0x562e10705cf0) at /usr/local/src/conda/python-3.10.12/Include/cpython/abstract.h:114
#112 PyObject_Vectorcall (kwnames=0x0, nargsf=<optimized out>, args=0x7f039b5f4950, callable=0x7f039b7632e0) at /usr/local/src/conda/python-3.10.12/Include/cpython/abstract.h:123
#113 call_function (kwnames=0x0, oparg=<optimized out>, pp_stack=<synthetic pointer>, trace_info=0x7ffdff2b7ba0, tstate=<optimized out>) at /usr/local/src/conda/python-3.10.12/Python/ceval.c:5893
#114 _PyEval_EvalFrameDefault (tstate=<optimized out>, f=0x7f039b5f47c0, throwflag=<optimized out>) at /usr/local/src/conda/python-3.10.12/Python/ceval.c:4213
#115 0x0000562e0ef1d99c in _PyEval_EvalFrame (throwflag=0, f=0x7f039b5f47c0, tstate=0x562e10705cf0) at /usr/local/src/conda/python-3.10.12/Include/internal/pycore_ceval.h:46
#116 _PyEval_Vector (kwnames=<optimized out>, argcount=<optimized out>, args=<optimized out>, locals=0x0, con=0x7f039b763380, tstate=0x562e10705cf0) at /usr/local/src/conda/python-3.10.12/Python/ceval.c:5067
#117 _PyFunction_Vectorcall (func=0x7f039b763370, stack=<optimized out>, nargsf=<optimized out>, kwnames=<optimized out>) at /usr/local/src/conda/python-3.10.12/Objects/call.c:342
#118 0x0000562e0ef1d178 in _PyObject_VectorcallTstate (kwnames=0x0, nargsf=2, args=0x7ffdff2b7cd0, callable=0x7f039b763370, tstate=0x562e10705cf0) at /usr/local/src/conda/python-3.10.12/Include/cpython/abstract.h:114
#119 object_vacall (tstate=tstate
entry=0x562e10705cf0, base=base
entry=0x0, callable=callable
entry=0x7f039b763370, vargs=vargs
entry=0x7ffdff2b7d60) at /usr/local/src/conda/python-3.10.12/Objects/call.c:734
#120 0x0000562e0ef2b35b in _PyObject_CallMethodIdObjArgs (obj=0x0, name=name
entry=0x562e0f155b00 <PyId__find_and_load.6>) at /usr/local/src/conda/python-3.10.12/Objects/call.c:825
#121 0x0000562e0ee4d909 in import_find_and_load (abs_name=0x7f039b4e95f0, tstate=0x562e10705cf0) at /usr/local/src/conda/python-3.10.12/Python/import.c:1522
#122 PyImport_ImportModuleLevelObject (name=name
entry=0x7f039b4e95f0, globals=<optimized out>, locals=<optimized out>, fromlist=fromlist
entry=0x562e0f15d7e0 <_Py_NoneStruct>, level=0) at /usr/local/src/conda/python-3.10.12/Python/import.c:1623
#123 0x0000562e0ef11368 in import_name (level=0x7f039b7000d0, fromlist=0x562e0f15d7e0 <_Py_NoneStruct>, name=0x7f039b4e95f0, f=0x7f039b6caa40, tstate=<optimized out>) at /usr/local/src/conda/python-3.10.12/Python/ceval.c:6018
#124 _PyEval_EvalFrameDefault (tstate=<optimized out>, f=0x7f039b6caa40, throwflag=<optimized out>) at /usr/local/src/conda/python-3.10.12/Python/ceval.c:3695
#125 0x0000562e0efb0f90 in _PyEval_EvalFrame (throwflag=0, f=0x7f039b6caa40, tstate=0x562e10705cf0) at /usr/local/src/conda/python-3.10.12/Include/internal/pycore_ceval.h:46
#126 _PyEval_Vector (tstate=tstate
entry=0x562e10705cf0, con=con
entry=0x7ffdff2b80e0, locals=locals
entry=0x7f039b531080, args=args
entry=0x0, argcount=argcount
entry=0, kwnames=kwnames
entry=0x0) at /usr/local/src/conda/python-3.10.12/Python/ceval.c:5067
#127 0x0000562e0efb0ed7 in PyEval_EvalCode (co=co
entry=0x7f039b4da810, globals=globals
entry=0x7f039b531080, locals=locals
entry=0x7f039b531080) at /usr/local/src/conda/python-3.10.12/Python/ceval.c:1134
#128 0x0000562e0efb80da in builtin_exec_impl (module=<optimized out>, locals=0x7f039b531080, globals=0x7f039b531080, source=0x7f039b4da810) at /usr/local/src/conda/python-3.10.12/Python/bltinmodule.c:1058
#129 builtin_exec (module=<optimized out>, args=<optimized out>, nargs=<optimized out>) at /usr/local/src/conda/python-3.10.12/Python/clinic/bltinmodule.c.h:371
#130 0x0000562e0ef1db63 in cfunction_vectorcall_FASTCALL (func=0x7f039b798e00, args=0x7f039b4e92d8, nargsf=<optimized out>, kwnames=<optimized out>) at /usr/local/src/conda/python-3.10.12/Objects/methodobject.c:430
#131 0x0000562e0ef1334b in do_call_core (kwdict=0x7f039b4e9340, callargs=0x7f039b4e92c0, func=0x7f039b798e00, trace_info=0x7ffdff2b82b0, tstate=<optimized out>) at /usr/local/src/conda/python-3.10.12/Python/ceval.c:5917
#132 _PyEval_EvalFrameDefault (tstate=<optimized out>, f=0x7f039b562200, throwflag=<optimized out>) at /usr/local/src/conda/python-3.10.12/Python/ceval.c:4277
#133 0x0000562e0ef1d99c in _PyEval_EvalFrame (throwflag=0, f=0x7f039b562200, tstate=0x562e10705cf0) at /usr/local/src/conda/python-3.10.12/Include/internal/pycore_ceval.h:46
#134 _PyEval_Vector (kwnames=<optimized out>, argcount=<optimized out>, args=<optimized out>, locals=0x0, con=0x7f039b761520, tstate=0x562e10705cf0) at /usr/local/src/conda/python-3.10.12/Python/ceval.c:5067
#135 _PyFunction_Vectorcall (func=0x7f039b761510, stack=<optimized out>, nargsf=<optimized out>, kwnames=<optimized out>) at /usr/local/src/conda/python-3.10.12/Objects/call.c:342
#136 0x0000562e0ef12142 in _PyObject_VectorcallTstate (kwnames=0x0, nargsf=<optimized out>, args=0x7f039b558c48, callable=0x7f039b761510, tstate=0x562e10705cf0) at /usr/local/src/conda/python-3.10.12/Include/cpython/abstract.h:114
#137 PyObject_Vectorcall (kwnames=0x0, nargsf=<optimized out>, args=0x7f039b558c48, callable=0x7f039b761510) at /usr/local/src/conda/python-3.10.12/Include/cpython/abstract.h:123
#138 call_function (kwnames=0x0, oparg=<optimized out>, pp_stack=<synthetic pointer>, trace_info=0x7ffdff2b8460, tstate=<optimized out>) at /usr/local/src/conda/python-3.10.12/Python/ceval.c:5893
#139 _PyEval_EvalFrameDefault (tstate=<optimized out>, f=0x7f039b558ac0, throwflag=<optimized out>) at /usr/local/src/conda/python-3.10.12/Python/ceval.c:4181
#140 0x0000562e0ef1d99c in _PyEval_EvalFrame (throwflag=0, f=0x7f039b558ac0, tstate=0x562e10705cf0) at /usr/local/src/conda/python-3.10.12/Include/internal/pycore_ceval.h:46
#141 _PyEval_Vector (kwnames=<optimized out>, argcount=<optimized out>, args=<optimized out>, locals=0x0, con=0x7f039b7e5760, tstate=0x562e10705cf0) at /usr/local/src/conda/python-3.10.12/Python/ceval.c:5067
#142 _PyFunction_Vectorcall (func=0x7f039b7e5750, stack=<optimized out>, nargsf=<optimized out>, kwnames=<optimized out>) at /usr/local/src/conda/python-3.10.12/Objects/call.c:342
#143 0x0000562e0ef0dc5c in _PyObject_VectorcallTstate (kwnames=0x0, nargsf=<optimized out>, args=0x7f039b7bf040, callable=0x7f039b7e5750, tstate=0x562e10705cf0) at /usr/local/src/conda/python-3.10.12/Include/cpython/abstract.h:114
#144 PyObject_Vectorcall (kwnames=0x0, nargsf=<optimized out>, args=0x7f039b7bf040, callable=0x7f039b7e5750) at /usr/local/src/conda/python-3.10.12/Include/cpython/abstract.h:123
#145 call_function (kwnames=0x0, oparg=<optimized out>, pp_stack=<synthetic pointer>, trace_info=0x7ffdff2b8610, tstate=<optimized out>) at /usr/local/src/conda/python-3.10.12/Python/ceval.c:5893
#146 _PyEval_EvalFrameDefault (tstate=<optimized out>, f=0x7f039b7beec0, throwflag=<optimized out>) at /usr/local/src/conda/python-3.10.12/Python/ceval.c:4198
#147 0x0000562e0ef1d99c in _PyEval_EvalFrame (throwflag=0, f=0x7f039b7beec0, tstate=0x562e10705cf0) at /usr/local/src/conda/python-3.10.12/Include/internal/pycore_ceval.h:46
#148 _PyEval_Vector (kwnames=<optimized out>, argcount=<optimized out>, args=<optimized out>, locals=0x0, con=0x7f039b7620f0, tstate=0x562e10705cf0) at /usr/local/src/conda/python-3.10.12/Python/ceval.c:5067
#149 _PyFunction_Vectorcall (func=0x7f039b7620e0, stack=<optimized out>, nargsf=<optimized out>, kwnames=<optimized out>) at /usr/local/src/conda/python-3.10.12/Objects/call.c:342
#150 0x0000562e0ef0d850 in _PyObject_VectorcallTstate (kwnames=0x0, nargsf=<optimized out>, args=0x7f039b6ca5f0, callable=0x7f039b7620e0, tstate=0x562e10705cf0) at /usr/local/src/conda/python-3.10.12/Include/cpython/abstract.h:114
#151 PyObject_Vectorcall (kwnames=0x0, nargsf=<optimized out>, args=0x7f039b6ca5f0, callable=0x7f039b7620e0) at /usr/local/src/conda/python-3.10.12/Include/cpython/abstract.h:123
#152 call_function (kwnames=0x0, oparg=<optimized out>, pp_stack=<synthetic pointer>, trace_info=0x7ffdff2b87c0, tstate=<optimized out>) at /usr/local/src/conda/python-3.10.12/Python/ceval.c:5893
#153 _PyEval_EvalFrameDefault (tstate=<optimized out>, f=0x7f039b6ca440, throwflag=<optimized out>) at /usr/local/src/conda/python-3.10.12/Python/ceval.c:4213
#154 0x0000562e0ef1d99c in _PyEval_EvalFrame (throwflag=0, f=0x7f039b6ca440, tstate=0x562e10705cf0) at /usr/local/src/conda/python-3.10.12/Include/internal/pycore_ceval.h:46
#155 _PyEval_Vector (kwnames=<optimized out>, argcount=<optimized out>, args=<optimized out>, locals=0x0, con=0x7f039b7632f0, tstate=0x562e10705cf0) at /usr/local/src/conda/python-3.10.12/Python/ceval.c:5067
#156 _PyFunction_Vectorcall (func=0x7f039b7632e0, stack=<optimized out>, nargsf=<optimized out>, kwnames=<optimized out>) at /usr/local/src/conda/python-3.10.12/Objects/call.c:342
#157 0x0000562e0ef0d850 in _PyObject_VectorcallTstate (kwnames=0x0, nargsf=<optimized out>, args=0x7f039b5f50d0, callable=0x7f039b7632e0, tstate=0x562e10705cf0) at /usr/local/src/conda/python-3.10.12/Include/cpython/abstract.h:114
#158 PyObject_Vectorcall (kwnames=0x0, nargsf=<optimized out>, args=0x7f039b5f50d0, callable=0x7f039b7632e0) at /usr/local/src/conda/python-3.10.12/Include/cpython/abstract.h:123
#159 call_function (kwnames=0x0, oparg=<optimized out>, pp_stack=<synthetic pointer>, trace_info=0x7ffdff2b8970, tstate=<optimized out>) at /usr/local/src/conda/python-3.10.12/Python/ceval.c:5893
#160 _PyEval_EvalFrameDefault (tstate=<optimized out>, f=0x7f039b5f4f40, throwflag=<optimized out>) at /usr/local/src/conda/python-3.10.12/Python/ceval.c:4213
#161 0x0000562e0ef1d99c in _PyEval_EvalFrame (throwflag=0, f=0x7f039b5f4f40, tstate=0x562e10705cf0) at /usr/local/src/conda/python-3.10.12/Include/internal/pycore_ceval.h:46
#162 _PyEval_Vector (kwnames=<optimized out>, argcount=<optimized out>, args=<optimized out>, locals=0x0, con=0x7f039b763380, tstate=0x562e10705cf0) at /usr/local/src/conda/python-3.10.12/Python/ceval.c:5067
#163 _PyFunction_Vectorcall (func=0x7f039b763370, stack=<optimized out>, nargsf=<optimized out>, kwnames=<optimized out>) at /usr/local/src/conda/python-3.10.12/Objects/call.c:342
#164 0x0000562e0ef1d178 in _PyObject_VectorcallTstate (kwnames=0x0, nargsf=2, args=0x7ffdff2b8aa0, callable=0x7f039b763370, tstate=0x562e10705cf0) at /usr/local/src/conda/python-3.10.12/Include/cpython/abstract.h:114
#165 object_vacall (tstate=tstate
entry=0x562e10705cf0, base=base
entry=0x0, callable=callable
entry=0x7f039b763370, vargs=vargs
entry=0x7ffdff2b8b30) at /usr/local/src/conda/python-3.10.12/Objects/call.c:734
#166 0x0000562e0ef2b35b in _PyObject_CallMethodIdObjArgs (obj=0x0, name=name
entry=0x562e0f155b00 <PyId__find_and_load.6>) at /usr/local/src/conda/python-3.10.12/Objects/call.c:825
#167 0x0000562e0ee4d909 in import_find_and_load (abs_name=0x7f039b69cd70, tstate=0x562e10705cf0) at /usr/local/src/conda/python-3.10.12/Python/import.c:1522
#168 PyImport_ImportModuleLevelObject (name=name
entry=0x7f039b69cd70, globals=<optimized out>, locals=<optimized out>, fromlist=fromlist
entry=0x562e0f15d7e0 <_Py_NoneStruct>, level=0) at /usr/local/src/conda/python-3.10.12/Python/import.c:1623
#169 0x0000562e0ef11368 in import_name (level=0x7f039b7000d0, fromlist=0x562e0f15d7e0 <_Py_NoneStruct>, name=0x7f039b69cd70, f=0x7f039b729c40, tstate=<optimized out>) at /usr/local/src/conda/python-3.10.12/Python/ceval.c:6018
#170 _PyEval_EvalFrameDefault (tstate=<optimized out>, f=0x7f039b729c40, throwflag=<optimized out>) at /usr/local/src/conda/python-3.10.12/Python/ceval.c:3695
#171 0x0000562e0efb0f90 in _PyEval_EvalFrame (throwflag=0, f=0x7f039b729c40, tstate=0x562e10705cf0) at /usr/local/src/conda/python-3.10.12/Include/internal/pycore_ceval.h:46
#172 _PyEval_Vector (tstate=tstate
entry=0x562e10705cf0, con=con
entry=0x7ffdff2b8eb0, locals=locals
entry=0x7f039b641dc0, args=args
entry=0x0, argcount=argcount
entry=0, kwnames=kwnames
entry=0x0) at /usr/local/src/conda/python-3.10.12/Python/ceval.c:5067
#173 0x0000562e0efb0ed7 in PyEval_EvalCode (co=co
entry=0x7f039b5043a0, globals=globals
entry=0x7f039b641dc0, locals=locals
entry=0x7f039b641dc0) at /usr/local/src/conda/python-3.10.12/Python/ceval.c:1134
#174 0x0000562e0efe142a in run_eval_code_obj (tstate=tstate
entry=0x562e10705cf0, co=co
entry=0x7f039b5043a0, globals=globals
entry=0x7f039b641dc0, locals=locals
entry=0x7f039b641dc0) at /usr/local/src/conda/python-3.10.12/Python/pythonrun.c:1291
#175 0x0000562e0efdc833 in run_mod (mod=mod
entry=0x562e10832500, filename=filename
entry=0x7f039b519980, globals=globals
entry=0x7f039b641dc0, locals=locals
entry=0x7f039b641dc0, flags=flags
entry=0x7ffdff2b9098, arena=arena
entry=0x7f039b7fe6f0) at /usr/local/src/conda/python-3.10.12/Python/pythonrun.c:1312
#176 0x0000562e0ee736cd in pyrun_file (fp=fp
entry=0x562e106e5370, filename=filename
entry=0x7f039b519980, start=start
entry=257, globals=globals
entry=0x7f039b641dc0, locals=locals
entry=0x7f039b641dc0, closeit=closeit
entry=1, flags=0x7ffdff2b9098) at /usr/local/src/conda/python-3.10.12/Python/pythonrun.c:1208
#177 0x0000562e0efd6d1e in _PyRun_SimpleFileObject (fp=0x562e106e5370, filename=0x7f039b519980, closeit=1, flags=0x7ffdff2b9098) at /usr/local/src/conda/python-3.10.12/Python/pythonrun.c:456
#178 0x0000562e0efd68b4 in _PyRun_AnyFileObject (fp=0x562e106e5370, filename=filename
entry=0x7f039b519980, closeit=closeit
entry=1, flags=flags
entry=0x7ffdff2b9098) at /usr/local/src/conda/python-3.10.12/Python/pythonrun.c:90
#179 0x0000562e0efd3aab in pymain_run_file_obj (skip_source_first_line=0, filename=0x7f039b519980, program_name=0x7f039b654630) at /usr/local/src/conda/python-3.10.12/Modules/main.c:357
#180 pymain_run_file (config=0x562e106e97b0) at /usr/local/src/conda/python-3.10.12/Modules/main.c:376
#181 pymain_run_python (exitcode=0x7ffdff2b9094) at /usr/local/src/conda/python-3.10.12/Modules/main.c:591
#182 Py_RunMain () at /usr/local/src/conda/python-3.10.12/Modules/main.c:670
#183 0x0000562e0efa4527 in Py_BytesMain (argc=<optimized out>, argv=<optimized out>) at /usr/local/src/conda/python-3.10.12/Modules/main.c:1090
#184 0x00007f039b8295d0 in __libc_start_call_main () from /lib64/libc.so.6
#185 0x00007f039b829680 in __libc_start_main_impl () from /lib64/libc.so.6
#186 0x0000562e0efa4421 in _start ()
===========================================================


The lines below might hint at the cause of the crash. If you see question
marks as part of the stack trace, try to recompile with debugging information
enabled and export CLING_DEBUG=1 environment variable before running.
You may get help by asking at the ROOT forum https://root.cern/forum
preferably using the command (.forum bug) in the ROOT prompt.
Only if you are really convinced it is a bug in ROOT then please submit a
report at https://root.cern/bugs or (preferably) using the command (.gh bug) in
the ROOT prompt. Please post the ENTIRE stack trace
from above as an attachment in addition to anything else
that might help us fixing this issue.
===========================================================
#6  _PyObject_IS_GC (obj=0x1) at /usr/local/src/conda/python-3.10.12/Include/internal/pycore_object.h:165
#7  visit_decref (op=0x1, parent=0x562e1284b790) at /usr/local/src/conda/python-3.10.12/Modules/gcmodule.c:456
#8  0x0000562e0ef01144 in subtract_refs (containers=<optimized out>) at /usr/local/src/conda/python-3.10.12/Modules/gcmodule.c:482
#9  deduce_unreachable (base=base
entry=0x562e106e9680, unreachable=unreachable
entry=0x7ffdff2b59d0) at /usr/local/src/conda/python-3.10.12/Modules/gcmodule.c:1105
#10 0x0000562e0eeffe98 in gc_collect_main (tstate=tstate
entry=0x562e10705cf0, generation=generation
entry=0, n_collected=n_collected
entry=0x7ffdff2b5ab0, n_uncollectable=n_uncollectable
entry=0x7ffdff2b5aa8, nofail=nofail
entry=0) at /usr/local/src/conda/python-3.10.12/Modules/gcmodule.c:1239
#11 0x0000562e0efad4bb in gc_collect_with_callback (tstate=tstate
entry=0x562e10705cf0, generation=0) at /usr/local/src/conda/python-3.10.12/Modules/gcmodule.c:1413
#12 0x0000562e0eef580b in gc_collect_generations (tstate=0x562e10705cf0) at /usr/local/src/conda/python-3.10.12/Modules/gcmodule.c:1468
#13 _PyObject_GC_Alloc (basicsize=<optimized out>, use_calloc=0) at /usr/local/src/conda/python-3.10.12/Modules/gcmodule.c:2297
#14 _PyObject_GC_Malloc (basicsize=<optimized out>) at /usr/local/src/conda/python-3.10.12/Modules/gcmodule.c:2307
#15 _PyObject_GC_New (tp=0x7f037d5625c0 <CPyCppyy::CPPOverload_Type>) at /usr/local/src/conda/python-3.10.12/Modules/gcmodule.c:2319
#16 0x00007f037d4e5790 in CPyCppyy::(anonymous namespace)::mp_new(_typeobject*, _object*, _object*) () from /cvmfs/sft.cern.ch/lcg/app/releases/ROOT/6.32.04/x86_64-almalinux9.4-gcc114-opt/lib/libcppyy.so
#17 0x00007f037d50e9e3 in CPyCppyy::BuildScopeProxyDict(unsigned long, _object*, unsigned int) () from /cvmfs/sft.cern.ch/lcg/app/releases/ROOT/6.32.04/x86_64-almalinux9.4-gcc114-opt/lib/libcppyy.so
#18 0x00007f037d5111a3 in CPyCppyy::CreateScopeProxy(std::__cxx11::basic_string<char, std::char_traits<char>, std::allocator<char> > const&, _object*, unsigned int) () from /cvmfs/sft.cern.ch/lcg/app/releases/ROOT/6.32.04/x86_64-almalinux9.4-gcc114-opt/lib/libcppyy.so
#19 0x00007f037d511dc5 in CPyCppyy::CreateScopeProxy(unsigned long, unsigned int) () from /cvmfs/sft.cern.ch/lcg/app/releases/ROOT/6.32.04/x86_64-almalinux9.4-gcc114-opt/lib/libcppyy.so
#20 0x00007f037d511e26 in CPyCppyy::BindCppObjectNoCast(void*, unsigned long, unsigned int) () from /cvmfs/sft.cern.ch/lcg/app/releases/ROOT/6.32.04/x86_64-almalinux9.4-gcc114-opt/lib/libcppyy.so
#21 0x00007f037d4da930 in CPyCppyy::dm_get(CPyCppyy::CPPDataMember*, CPyCppyy::CPPInstance*, _object*) () from /cvmfs/sft.cern.ch/lcg/app/releases/ROOT/6.32.04/x86_64-almalinux9.4-gcc114-opt/lib/libcppyy.so
#22 0x0000562e0ef1572a in type_getattro (type=<optimized out>, name=<optimized out>) at /usr/local/src/conda/python-3.10.12/Objects/typeobject.c:3923
#23 0x00007f037d4ed0e3 in CPyCppyy::meta_getattro(_object*, _object*) () from /cvmfs/sft.cern.ch/lcg/app/releases/ROOT/6.32.04/x86_64-almalinux9.4-gcc114-opt/lib/libcppyy.so
#24 0x0000562e0ef1ab92 in PyObject_GetAttr (v=v
entry=0x562e12a1f9e0, name=0x7f039b4f5e70) at /usr/local/src/conda/python-3.10.12/Objects/object.c:932
#25 0x0000562e0ef11f03 in _PyEval_EvalFrameDefault (tstate=<optimized out>, f=0x562e10761040, throwflag=<optimized out>) at /usr/local/src/conda/python-3.10.12/Python/ceval.c:3592
#26 0x0000562e0ef1d99c in _PyEval_EvalFrame (throwflag=0, f=0x562e10761040, tstate=0x562e10705cf0) at /usr/local/src/conda/python-3.10.12/Include/internal/pycore_ceval.h:46
#27 _PyEval_Vector (kwnames=<optimized out>, argcount=<optimized out>, args=<optimized out>, locals=0x0, con=0x7f039b26e7b0, tstate=0x562e10705cf0) at /usr/local/src/conda/python-3.10.12/Python/ceval.c:5067
#28 _PyFunction_Vectorcall (func=0x7f039b26e7a0, stack=<optimized out>, nargsf=<optimized out>, kwnames=<optimized out>) at /usr/local/src/conda/python-3.10.12/Objects/call.c:342
#29 0x0000562e0ef0d850 in _PyObject_VectorcallTstate (kwnames=0x0, nargsf=<optimized out>, args=0x7f039b4a8d08, callable=0x7f039b26e7a0, tstate=0x562e10705cf0) at /usr/local/src/conda/python-3.10.12/Include/cpython/abstract.h:114
#30 PyObject_Vectorcall (kwnames=0x0, nargsf=<optimized out>, args=0x7f039b4a8d08, callable=0x7f039b26e7a0) at /usr/local/src/conda/python-3.10.12/Include/cpython/abstract.h:123
#31 call_function (kwnames=0x0, oparg=<optimized out>, pp_stack=<synthetic pointer>, trace_info=0x7ffdff2b6440, tstate=<optimized out>) at /usr/local/src/conda/python-3.10.12/Python/ceval.c:5893
#32 _PyEval_EvalFrameDefault (tstate=<optimized out>, f=0x7f039b4a8ba0, throwflag=<optimized out>) at /usr/local/src/conda/python-3.10.12/Python/ceval.c:4213
#33 0x0000562e0efb0f90 in _PyEval_EvalFrame (throwflag=0, f=0x7f039b4a8ba0, tstate=0x562e10705cf0) at /usr/local/src/conda/python-3.10.12/Include/internal/pycore_ceval.h:46
#34 _PyEval_Vector (tstate=tstate
entry=0x562e10705cf0, con=con
entry=0x7ffdff2b6540, locals=locals
entry=0x7f039b203f80, args=args
entry=0x0, argcount=argcount
entry=0, kwnames=kwnames
entry=0x0) at /usr/local/src/conda/python-3.10.12/Python/ceval.c:5067
#35 0x0000562e0efb0ed7 in PyEval_EvalCode (co=co
entry=0x7f039b1ef680, globals=globals
entry=0x7f039b203f80, locals=locals
entry=0x7f039b203f80) at /usr/local/src/conda/python-3.10.12/Python/ceval.c:1134
#36 0x0000562e0efb80da in builtin_exec_impl (module=<optimized out>, locals=0x7f039b203f80, globals=0x7f039b203f80, source=0x7f039b1ef680) at /usr/local/src/conda/python-3.10.12/Python/bltinmodule.c:1058
#37 builtin_exec (module=<optimized out>, args=<optimized out>, nargs=<optimized out>) at /usr/local/src/conda/python-3.10.12/Python/clinic/bltinmodule.c.h:371
#38 0x0000562e0ef1db63 in cfunction_vectorcall_FASTCALL (func=0x7f039b798e00, args=0x7f039b200e98, nargsf=<optimized out>, kwnames=<optimized out>) at /usr/local/src/conda/python-3.10.12/Objects/methodobject.c:430
#39 0x0000562e0ef1334b in do_call_core (kwdict=0x7f039b1f0780, callargs=0x7f039b200e80, func=0x7f039b798e00, trace_info=0x7ffdff2b6710, tstate=<optimized out>) at /usr/local/src/conda/python-3.10.12/Python/ceval.c:5917
#40 _PyEval_EvalFrameDefault (tstate=<optimized out>, f=0x7f039b5628c0, throwflag=<optimized out>) at /usr/local/src/conda/python-3.10.12/Python/ceval.c:4277
#41 0x0000562e0ef1d99c in _PyEval_EvalFrame (throwflag=0, f=0x7f039b5628c0, tstate=0x562e10705cf0) at /usr/local/src/conda/python-3.10.12/Include/internal/pycore_ceval.h:46
#42 _PyEval_Vector (kwnames=<optimized out>, argcount=<optimized out>, args=<optimized out>, locals=0x0, con=0x7f039b761520, tstate=0x562e10705cf0) at /usr/local/src/conda/python-3.10.12/Python/ceval.c:5067
#43 _PyFunction_Vectorcall (func=0x7f039b761510, stack=<optimized out>, nargsf=<optimized out>, kwnames=<optimized out>) at /usr/local/src/conda/python-3.10.12/Objects/call.c:342
#44 0x0000562e0ef12142 in _PyObject_VectorcallTstate (kwnames=0x0, nargsf=<optimized out>, args=0x7f039b559c08, callable=0x7f039b761510, tstate=0x562e10705cf0) at /usr/local/src/conda/python-3.10.12/Include/cpython/abstract.h:114
#45 PyObject_Vectorcall (kwnames=0x0, nargsf=<optimized out>, args=0x7f039b559c08, callable=0x7f039b761510) at /usr/local/src/conda/python-3.10.12/Include/cpython/abstract.h:123
#46 call_function (kwnames=0x0, oparg=<optimized out>, pp_stack=<synthetic pointer>, trace_info=0x7ffdff2b68c0, tstate=<optimized out>) at /usr/local/src/conda/python-3.10.12/Python/ceval.c:5893
#47 _PyEval_EvalFrameDefault (tstate=<optimized out>, f=0x7f039b559a80, throwflag=<optimized out>) at /usr/local/src/conda/python-3.10.12/Python/ceval.c:4181
#48 0x0000562e0ef1d99c in _PyEval_EvalFrame (throwflag=0, f=0x7f039b559a80, tstate=0x562e10705cf0) at /usr/local/src/conda/python-3.10.12/Include/internal/pycore_ceval.h:46
#49 _PyEval_Vector (kwnames=<optimized out>, argcount=<optimized out>, args=<optimized out>, locals=0x0, con=0x7f039b7e5760, tstate=0x562e10705cf0) at /usr/local/src/conda/python-3.10.12/Python/ceval.c:5067
#50 _PyFunction_Vectorcall (func=0x7f039b7e5750, stack=<optimized out>, nargsf=<optimized out>, kwnames=<optimized out>) at /usr/local/src/conda/python-3.10.12/Objects/call.c:342
#51 0x0000562e0ef0dc5c in _PyObject_VectorcallTstate (kwnames=0x0, nargsf=<optimized out>, args=0x7f039b7bfdd0, callable=0x7f039b7e5750, tstate=0x562e10705cf0) at /usr/local/src/conda/python-3.10.12/Include/cpython/abstract.h:114
#52 PyObject_Vectorcall (kwnames=0x0, nargsf=<optimized out>, args=0x7f039b7bfdd0, callable=0x7f039b7e5750) at /usr/local/src/conda/python-3.10.12/Include/cpython/abstract.h:123
#53 call_function (kwnames=0x0, oparg=<optimized out>, pp_stack=<synthetic pointer>, trace_info=0x7ffdff2b6a70, tstate=<optimized out>) at /usr/local/src/conda/python-3.10.12/Python/ceval.c:5893
#54 _PyEval_EvalFrameDefault (tstate=<optimized out>, f=0x7f039b7bfc50, throwflag=<optimized out>) at /usr/local/src/conda/python-3.10.12/Python/ceval.c:4198
#55 0x0000562e0ef1d99c in _PyEval_EvalFrame (throwflag=0, f=0x7f039b7bfc50, tstate=0x562e10705cf0) at /usr/local/src/conda/python-3.10.12/Include/internal/pycore_ceval.h:46
#56 _PyEval_Vector (kwnames=<optimized out>, argcount=<optimized out>, args=<optimized out>, locals=0x0, con=0x7f039b7620f0, tstate=0x562e10705cf0) at /usr/local/src/conda/python-3.10.12/Python/ceval.c:5067
#57 _PyFunction_Vectorcall (func=0x7f039b7620e0, stack=<optimized out>, nargsf=<optimized out>, kwnames=<optimized out>) at /usr/local/src/conda/python-3.10.12/Objects/call.c:342
#58 0x0000562e0ef0d850 in _PyObject_VectorcallTstate (kwnames=0x0, nargsf=<optimized out>, args=0x7f039b2101f0, callable=0x7f039b7620e0, tstate=0x562e10705cf0) at /usr/local/src/conda/python-3.10.12/Include/cpython/abstract.h:114
#59 PyObject_Vectorcall (kwnames=0x0, nargsf=<optimized out>, args=0x7f039b2101f0, callable=0x7f039b7620e0) at /usr/local/src/conda/python-3.10.12/Include/cpython/abstract.h:123
#60 call_function (kwnames=0x0, oparg=<optimized out>, pp_stack=<synthetic pointer>, trace_info=0x7ffdff2b6c20, tstate=<optimized out>) at /usr/local/src/conda/python-3.10.12/Python/ceval.c:5893
#61 _PyEval_EvalFrameDefault (tstate=<optimized out>, f=0x7f039b210040, throwflag=<optimized out>) at /usr/local/src/conda/python-3.10.12/Python/ceval.c:4213
#62 0x0000562e0ef1d99c in _PyEval_EvalFrame (throwflag=0, f=0x7f039b210040, tstate=0x562e10705cf0) at /usr/local/src/conda/python-3.10.12/Include/internal/pycore_ceval.h:46
#63 _PyEval_Vector (kwnames=<optimized out>, argcount=<optimized out>, args=<optimized out>, locals=0x0, con=0x7f039b7632f0, tstate=0x562e10705cf0) at /usr/local/src/conda/python-3.10.12/Python/ceval.c:5067
#64 _PyFunction_Vectorcall (func=0x7f039b7632e0, stack=<optimized out>, nargsf=<optimized out>, kwnames=<optimized out>) at /usr/local/src/conda/python-3.10.12/Objects/call.c:342
#65 0x0000562e0ef0d850 in _PyObject_VectorcallTstate (kwnames=0x0, nargsf=<optimized out>, args=0x7f039b5f5850, callable=0x7f039b7632e0, tstate=0x562e10705cf0) at /usr/local/src/conda/python-3.10.12/Include/cpython/abstract.h:114
#66 PyObject_Vectorcall (kwnames=0x0, nargsf=<optimized out>, args=0x7f039b5f5850, callable=0x7f039b7632e0) at /usr/local/src/conda/python-3.10.12/Include/cpython/abstract.h:123
#67 call_function (kwnames=0x0, oparg=<optimized out>, pp_stack=<synthetic pointer>, trace_info=0x7ffdff2b6dd0, tstate=<optimized out>) at /usr/local/src/conda/python-3.10.12/Python/ceval.c:5893
#68 _PyEval_EvalFrameDefault (tstate=<optimized out>, f=0x7f039b5f56c0, throwflag=<optimized out>) at /usr/local/src/conda/python-3.10.12/Python/ceval.c:4213
#69 0x0000562e0ef1d99c in _PyEval_EvalFrame (throwflag=0, f=0x7f039b5f56c0, tstate=0x562e10705cf0) at /usr/local/src/conda/python-3.10.12/Include/internal/pycore_ceval.h:46
#70 _PyEval_Vector (kwnames=<optimized out>, argcount=<optimized out>, args=<optimized out>, locals=0x0, con=0x7f039b763380, tstate=0x562e10705cf0) at /usr/local/src/conda/python-3.10.12/Python/ceval.c:5067
#71 _PyFunction_Vectorcall (func=0x7f039b763370, stack=<optimized out>, nargsf=<optimized out>, kwnames=<optimized out>) at /usr/local/src/conda/python-3.10.12/Objects/call.c:342
#72 0x0000562e0ef1d178 in _PyObject_VectorcallTstate (kwnames=0x0, nargsf=2, args=0x7ffdff2b6f00, callable=0x7f039b763370, tstate=0x562e10705cf0) at /usr/local/src/conda/python-3.10.12/Include/cpython/abstract.h:114
#73 object_vacall (tstate=tstate
entry=0x562e10705cf0, base=base
entry=0x0, callable=callable
entry=0x7f039b763370, vargs=vargs
entry=0x7ffdff2b6f90) at /usr/local/src/conda/python-3.10.12/Objects/call.c:734
#74 0x0000562e0ef2b35b in _PyObject_CallMethodIdObjArgs (obj=0x0, name=name
entry=0x562e0f155b00 <PyId__find_and_load.6>) at /usr/local/src/conda/python-3.10.12/Objects/call.c:825
#75 0x0000562e0ee4d909 in import_find_and_load (abs_name=0x7f039b4e6060, tstate=0x562e10705cf0) at /usr/local/src/conda/python-3.10.12/Python/import.c:1522
#76 PyImport_ImportModuleLevelObject (name=name
entry=0x7f039b4f4370, globals=<optimized out>, locals=<optimized out>, fromlist=fromlist
entry=0x7f039b4f3880, level=1) at /usr/local/src/conda/python-3.10.12/Python/import.c:1623
#77 0x0000562e0ef11368 in import_name (level=0x7f039b7000f0, fromlist=0x7f039b4f3880, name=0x7f039b4f4370, f=0x7f039b569f10, tstate=<optimized out>) at /usr/local/src/conda/python-3.10.12/Python/ceval.c:6018
#78 _PyEval_EvalFrameDefault (tstate=<optimized out>, f=0x7f039b569f10, throwflag=<optimized out>) at /usr/local/src/conda/python-3.10.12/Python/ceval.c:3695
#79 0x0000562e0efb0f90 in _PyEval_EvalFrame (throwflag=0, f=0x7f039b569f10, tstate=0x562e10705cf0) at /usr/local/src/conda/python-3.10.12/Include/internal/pycore_ceval.h:46
#80 _PyEval_Vector (tstate=tstate
entry=0x562e10705cf0, con=con
entry=0x7ffdff2b7310, locals=locals
entry=0x7f039b4ea600, args=args
entry=0x0, argcount=argcount
entry=0, kwnames=kwnames
entry=0x0) at /usr/local/src/conda/python-3.10.12/Python/ceval.c:5067
#81 0x0000562e0efb0ed7 in PyEval_EvalCode (co=co
entry=0x7f039b20d630, globals=globals
entry=0x7f039b4ea600, locals=locals
entry=0x7f039b4ea600) at /usr/local/src/conda/python-3.10.12/Python/ceval.c:1134
#82 0x0000562e0efb80da in builtin_exec_impl (module=<optimized out>, locals=0x7f039b4ea600, globals=0x7f039b4ea600, source=0x7f039b20d630) at /usr/local/src/conda/python-3.10.12/Python/bltinmodule.c:1058
#83 builtin_exec (module=<optimized out>, args=<optimized out>, nargs=<optimized out>) at /usr/local/src/conda/python-3.10.12/Python/clinic/bltinmodule.c.h:371
#84 0x0000562e0ef1db63 in cfunction_vectorcall_FASTCALL (func=0x7f039b798e00, args=0x7f039b4f48d8, nargsf=<optimized out>, kwnames=<optimized out>) at /usr/local/src/conda/python-3.10.12/Objects/methodobject.c:430
#85 0x0000562e0ef1334b in do_call_core (kwdict=0x7f039b4ea740, callargs=0x7f039b4f48c0, func=0x7f039b798e00, trace_info=0x7ffdff2b74e0, tstate=<optimized out>) at /usr/local/src/conda/python-3.10.12/Python/ceval.c:5917
#86 _PyEval_EvalFrameDefault (tstate=<optimized out>, f=0x7f039b7c74c0, throwflag=<optimized out>) at /usr/local/src/conda/python-3.10.12/Python/ceval.c:4277
#87 0x0000562e0ef1d99c in _PyEval_EvalFrame (throwflag=0, f=0x7f039b7c74c0, tstate=0x562e10705cf0) at /usr/local/src/conda/python-3.10.12/Include/internal/pycore_ceval.h:46
#88 _PyEval_Vector (kwnames=<optimized out>, argcount=<optimized out>, args=<optimized out>, locals=0x0, con=0x7f039b761520, tstate=0x562e10705cf0) at /usr/local/src/conda/python-3.10.12/Python/ceval.c:5067
#89 _PyFunction_Vectorcall (func=0x7f039b761510, stack=<optimized out>, nargsf=<optimized out>, kwnames=<optimized out>) at /usr/local/src/conda/python-3.10.12/Objects/call.c:342
#90 0x0000562e0ef12142 in _PyObject_VectorcallTstate (kwnames=0x0, nargsf=<optimized out>, args=0x7f039b7be2b8, callable=0x7f039b761510, tstate=0x562e10705cf0) at /usr/local/src/conda/python-3.10.12/Include/cpython/abstract.h:114
#91 PyObject_Vectorcall (kwnames=0x0, nargsf=<optimized out>, args=0x7f039b7be2b8, callable=0x7f039b761510) at /usr/local/src/conda/python-3.10.12/Include/cpython/abstract.h:123
#92 call_function (kwnames=0x0, oparg=<optimized out>, pp_stack=<synthetic pointer>, trace_info=0x7ffdff2b7690, tstate=<optimized out>) at /usr/local/src/conda/python-3.10.12/Python/ceval.c:5893
#93 _PyEval_EvalFrameDefault (tstate=<optimized out>, f=0x7f039b7be130, throwflag=<optimized out>) at /usr/local/src/conda/python-3.10.12/Python/ceval.c:4181
#94 0x0000562e0ef1d99c in _PyEval_EvalFrame (throwflag=0, f=0x7f039b7be130, tstate=0x562e10705cf0) at /usr/local/src/conda/python-3.10.12/Include/internal/pycore_ceval.h:46
#95 _PyEval_Vector (kwnames=<optimized out>, argcount=<optimized out>, args=<optimized out>, locals=0x0, con=0x7f039b7e5760, tstate=0x562e10705cf0) at /usr/local/src/conda/python-3.10.12/Python/ceval.c:5067
#96 _PyFunction_Vectorcall (func=0x7f039b7e5750, stack=<optimized out>, nargsf=<optimized out>, kwnames=<optimized out>) at /usr/local/src/conda/python-3.10.12/Objects/call.c:342
#97 0x0000562e0ef0dc5c in _PyObject_VectorcallTstate (kwnames=0x0, nargsf=<optimized out>, args=0x7f039b6cafc0, callable=0x7f039b7e5750, tstate=0x562e10705cf0) at /usr/local/src/conda/python-3.10.12/Include/cpython/abstract.h:114
#98 PyObject_Vectorcall (kwnames=0x0, nargsf=<optimized out>, args=0x7f039b6cafc0, callable=0x7f039b7e5750) at /usr/local/src/conda/python-3.10.12/Include/cpython/abstract.h:123
#99 call_function (kwnames=0x0, oparg=<optimized out>, pp_stack=<synthetic pointer>, trace_info=0x7ffdff2b7840, tstate=<optimized out>) at /usr/local/src/conda/python-3.10.12/Python/ceval.c:5893
#100 _PyEval_EvalFrameDefault (tstate=<optimized out>, f=0x7f039b6cae40, throwflag=<optimized out>) at /usr/local/src/conda/python-3.10.12/Python/ceval.c:4198
#101 0x0000562e0ef1d99c in _PyEval_EvalFrame (throwflag=0, f=0x7f039b6cae40, tstate=0x562e10705cf0) at /usr/local/src/conda/python-3.10.12/Include/internal/pycore_ceval.h:46
#102 _PyEval_Vector (kwnames=<optimized out>, argcount=<optimized out>, args=<optimized out>, locals=0x0, con=0x7f039b7620f0, tstate=0x562e10705cf0) at /usr/local/src/conda/python-3.10.12/Python/ceval.c:5067
#103 _PyFunction_Vectorcall (func=0x7f039b7620e0, stack=<optimized out>, nargsf=<optimized out>, kwnames=<optimized out>) at /usr/local/src/conda/python-3.10.12/Objects/call.c:342
#104 0x0000562e0ef0d850 in _PyObject_VectorcallTstate (kwnames=0x0, nargsf=<optimized out>, args=0x7f039b6ca3f0, callable=0x7f039b7620e0, tstate=0x562e10705cf0) at /usr/local/src/conda/python-3.10.12/Include/cpython/abstract.h:114
#105 PyObject_Vectorcall (kwnames=0x0, nargsf=<optimized out>, args=0x7f039b6ca3f0, callable=0x7f039b7620e0) at /usr/local/src/conda/python-3.10.12/Include/cpython/abstract.h:123
#106 call_function (kwnames=0x0, oparg=<optimized out>, pp_stack=<synthetic pointer>, trace_info=0x7ffdff2b79f0, tstate=<optimized out>) at /usr/local/src/conda/python-3.10.12/Python/ceval.c:5893
#107 _PyEval_EvalFrameDefault (tstate=<optimized out>, f=0x7f039b6ca240, throwflag=<optimized out>) at /usr/local/src/conda/python-3.10.12/Python/ceval.c:4213
#108 0x0000562e0ef1d99c in _PyEval_EvalFrame (throwflag=0, f=0x7f039b6ca240, tstate=0x562e10705cf0) at /usr/local/src/conda/python-3.10.12/Include/internal/pycore_ceval.h:46
#109 _PyEval_Vector (kwnames=<optimized out>, argcount=<optimized out>, args=<optimized out>, locals=0x0, con=0x7f039b7632f0, tstate=0x562e10705cf0) at /usr/local/src/conda/python-3.10.12/Python/ceval.c:5067
#110 _PyFunction_Vectorcall (func=0x7f039b7632e0, stack=<optimized out>, nargsf=<optimized out>, kwnames=<optimized out>) at /usr/local/src/conda/python-3.10.12/Objects/call.c:342
#111 0x0000562e0ef0d850 in _PyObject_VectorcallTstate (kwnames=0x0, nargsf=<optimized out>, args=0x7f039b5f4950, callable=0x7f039b7632e0, tstate=0x562e10705cf0) at /usr/local/src/conda/python-3.10.12/Include/cpython/abstract.h:114
#112 PyObject_Vectorcall (kwnames=0x0, nargsf=<optimized out>, args=0x7f039b5f4950, callable=0x7f039b7632e0) at /usr/local/src/conda/python-3.10.12/Include/cpython/abstract.h:123
#113 call_function (kwnames=0x0, oparg=<optimized out>, pp_stack=<synthetic pointer>, trace_info=0x7ffdff2b7ba0, tstate=<optimized out>) at /usr/local/src/conda/python-3.10.12/Python/ceval.c:5893
#114 _PyEval_EvalFrameDefault (tstate=<optimized out>, f=0x7f039b5f47c0, throwflag=<optimized out>) at /usr/local/src/conda/python-3.10.12/Python/ceval.c:4213
#115 0x0000562e0ef1d99c in _PyEval_EvalFrame (throwflag=0, f=0x7f039b5f47c0, tstate=0x562e10705cf0) at /usr/local/src/conda/python-3.10.12/Include/internal/pycore_ceval.h:46
#116 _PyEval_Vector (kwnames=<optimized out>, argcount=<optimized out>, args=<optimized out>, locals=0x0, con=0x7f039b763380, tstate=0x562e10705cf0) at /usr/local/src/conda/python-3.10.12/Python/ceval.c:5067
#117 _PyFunction_Vectorcall (func=0x7f039b763370, stack=<optimized out>, nargsf=<optimized out>, kwnames=<optimized out>) at /usr/local/src/conda/python-3.10.12/Objects/call.c:342
#118 0x0000562e0ef1d178 in _PyObject_VectorcallTstate (kwnames=0x0, nargsf=2, args=0x7ffdff2b7cd0, callable=0x7f039b763370, tstate=0x562e10705cf0) at /usr/local/src/conda/python-3.10.12/Include/cpython/abstract.h:114
#119 object_vacall (tstate=tstate
entry=0x562e10705cf0, base=base
entry=0x0, callable=callable
entry=0x7f039b763370, vargs=vargs
entry=0x7ffdff2b7d60) at /usr/local/src/conda/python-3.10.12/Objects/call.c:734
#120 0x0000562e0ef2b35b in _PyObject_CallMethodIdObjArgs (obj=0x0, name=name
entry=0x562e0f155b00 <PyId__find_and_load.6>) at /usr/local/src/conda/python-3.10.12/Objects/call.c:825
#121 0x0000562e0ee4d909 in import_find_and_load (abs_name=0x7f039b4e95f0, tstate=0x562e10705cf0) at /usr/local/src/conda/python-3.10.12/Python/import.c:1522
#122 PyImport_ImportModuleLevelObject (name=name
entry=0x7f039b4e95f0, globals=<optimized out>, locals=<optimized out>, fromlist=fromlist
entry=0x562e0f15d7e0 <_Py_NoneStruct>, level=0) at /usr/local/src/conda/python-3.10.12/Python/import.c:1623
#123 0x0000562e0ef11368 in import_name (level=0x7f039b7000d0, fromlist=0x562e0f15d7e0 <_Py_NoneStruct>, name=0x7f039b4e95f0, f=0x7f039b6caa40, tstate=<optimized out>) at /usr/local/src/conda/python-3.10.12/Python/ceval.c:6018
#124 _PyEval_EvalFrameDefault (tstate=<optimized out>, f=0x7f039b6caa40, throwflag=<optimized out>) at /usr/local/src/conda/python-3.10.12/Python/ceval.c:3695
#125 0x0000562e0efb0f90 in _PyEval_EvalFrame (throwflag=0, f=0x7f039b6caa40, tstate=0x562e10705cf0) at /usr/local/src/conda/python-3.10.12/Include/internal/pycore_ceval.h:46
#126 _PyEval_Vector (tstate=tstate
entry=0x562e10705cf0, con=con
entry=0x7ffdff2b80e0, locals=locals
entry=0x7f039b531080, args=args
entry=0x0, argcount=argcount
entry=0, kwnames=kwnames
entry=0x0) at /usr/local/src/conda/python-3.10.12/Python/ceval.c:5067
#127 0x0000562e0efb0ed7 in PyEval_EvalCode (co=co
entry=0x7f039b4da810, globals=globals
entry=0x7f039b531080, locals=locals
entry=0x7f039b531080) at /usr/local/src/conda/python-3.10.12/Python/ceval.c:1134
#128 0x0000562e0efb80da in builtin_exec_impl (module=<optimized out>, locals=0x7f039b531080, globals=0x7f039b531080, source=0x7f039b4da810) at /usr/local/src/conda/python-3.10.12/Python/bltinmodule.c:1058
#129 builtin_exec (module=<optimized out>, args=<optimized out>, nargs=<optimized out>) at /usr/local/src/conda/python-3.10.12/Python/clinic/bltinmodule.c.h:371
#130 0x0000562e0ef1db63 in cfunction_vectorcall_FASTCALL (func=0x7f039b798e00, args=0x7f039b4e92d8, nargsf=<optimized out>, kwnames=<optimized out>) at /usr/local/src/conda/python-3.10.12/Objects/methodobject.c:430
#131 0x0000562e0ef1334b in do_call_core (kwdict=0x7f039b4e9340, callargs=0x7f039b4e92c0, func=0x7f039b798e00, trace_info=0x7ffdff2b82b0, tstate=<optimized out>) at /usr/local/src/conda/python-3.10.12/Python/ceval.c:5917
#132 _PyEval_EvalFrameDefault (tstate=<optimized out>, f=0x7f039b562200, throwflag=<optimized out>) at /usr/local/src/conda/python-3.10.12/Python/ceval.c:4277
#133 0x0000562e0ef1d99c in _PyEval_EvalFrame (throwflag=0, f=0x7f039b562200, tstate=0x562e10705cf0) at /usr/local/src/conda/python-3.10.12/Include/internal/pycore_ceval.h:46
#134 _PyEval_Vector (kwnames=<optimized out>, argcount=<optimized out>, args=<optimized out>, locals=0x0, con=0x7f039b761520, tstate=0x562e10705cf0) at /usr/local/src/conda/python-3.10.12/Python/ceval.c:5067
#135 _PyFunction_Vectorcall (func=0x7f039b761510, stack=<optimized out>, nargsf=<optimized out>, kwnames=<optimized out>) at /usr/local/src/conda/python-3.10.12/Objects/call.c:342
#136 0x0000562e0ef12142 in _PyObject_VectorcallTstate (kwnames=0x0, nargsf=<optimized out>, args=0x7f039b558c48, callable=0x7f039b761510, tstate=0x562e10705cf0) at /usr/local/src/conda/python-3.10.12/Include/cpython/abstract.h:114
#137 PyObject_Vectorcall (kwnames=0x0, nargsf=<optimized out>, args=0x7f039b558c48, callable=0x7f039b761510) at /usr/local/src/conda/python-3.10.12/Include/cpython/abstract.h:123
#138 call_function (kwnames=0x0, oparg=<optimized out>, pp_stack=<synthetic pointer>, trace_info=0x7ffdff2b8460, tstate=<optimized out>) at /usr/local/src/conda/python-3.10.12/Python/ceval.c:5893
#139 _PyEval_EvalFrameDefault (tstate=<optimized out>, f=0x7f039b558ac0, throwflag=<optimized out>) at /usr/local/src/conda/python-3.10.12/Python/ceval.c:4181
#140 0x0000562e0ef1d99c in _PyEval_EvalFrame (throwflag=0, f=0x7f039b558ac0, tstate=0x562e10705cf0) at /usr/local/src/conda/python-3.10.12/Include/internal/pycore_ceval.h:46
#141 _PyEval_Vector (kwnames=<optimized out>, argcount=<optimized out>, args=<optimized out>, locals=0x0, con=0x7f039b7e5760, tstate=0x562e10705cf0) at /usr/local/src/conda/python-3.10.12/Python/ceval.c:5067
#142 _PyFunction_Vectorcall (func=0x7f039b7e5750, stack=<optimized out>, nargsf=<optimized out>, kwnames=<optimized out>) at /usr/local/src/conda/python-3.10.12/Objects/call.c:342
#143 0x0000562e0ef0dc5c in _PyObject_VectorcallTstate (kwnames=0x0, nargsf=<optimized out>, args=0x7f039b7bf040, callable=0x7f039b7e5750, tstate=0x562e10705cf0) at /usr/local/src/conda/python-3.10.12/Include/cpython/abstract.h:114
#144 PyObject_Vectorcall (kwnames=0x0, nargsf=<optimized out>, args=0x7f039b7bf040, callable=0x7f039b7e5750) at /usr/local/src/conda/python-3.10.12/Include/cpython/abstract.h:123
#145 call_function (kwnames=0x0, oparg=<optimized out>, pp_stack=<synthetic pointer>, trace_info=0x7ffdff2b8610, tstate=<optimized out>) at /usr/local/src/conda/python-3.10.12/Python/ceval.c:5893
#146 _PyEval_EvalFrameDefault (tstate=<optimized out>, f=0x7f039b7beec0, throwflag=<optimized out>) at /usr/local/src/conda/python-3.10.12/Python/ceval.c:4198
#147 0x0000562e0ef1d99c in _PyEval_EvalFrame (throwflag=0, f=0x7f039b7beec0, tstate=0x562e10705cf0) at /usr/local/src/conda/python-3.10.12/Include/internal/pycore_ceval.h:46
#148 _PyEval_Vector (kwnames=<optimized out>, argcount=<optimized out>, args=<optimized out>, locals=0x0, con=0x7f039b7620f0, tstate=0x562e10705cf0) at /usr/local/src/conda/python-3.10.12/Python/ceval.c:5067
#149 _PyFunction_Vectorcall (func=0x7f039b7620e0, stack=<optimized out>, nargsf=<optimized out>, kwnames=<optimized out>) at /usr/local/src/conda/python-3.10.12/Objects/call.c:342
#150 0x0000562e0ef0d850 in _PyObject_VectorcallTstate (kwnames=0x0, nargsf=<optimized out>, args=0x7f039b6ca5f0, callable=0x7f039b7620e0, tstate=0x562e10705cf0) at /usr/local/src/conda/python-3.10.12/Include/cpython/abstract.h:114
#151 PyObject_Vectorcall (kwnames=0x0, nargsf=<optimized out>, args=0x7f039b6ca5f0, callable=0x7f039b7620e0) at /usr/local/src/conda/python-3.10.12/Include/cpython/abstract.h:123
#152 call_function (kwnames=0x0, oparg=<optimized out>, pp_stack=<synthetic pointer>, trace_info=0x7ffdff2b87c0, tstate=<optimized out>) at /usr/local/src/conda/python-3.10.12/Python/ceval.c:5893
#153 _PyEval_EvalFrameDefault (tstate=<optimized out>, f=0x7f039b6ca440, throwflag=<optimized out>) at /usr/local/src/conda/python-3.10.12/Python/ceval.c:4213
#154 0x0000562e0ef1d99c in _PyEval_EvalFrame (throwflag=0, f=0x7f039b6ca440, tstate=0x562e10705cf0) at /usr/local/src/conda/python-3.10.12/Include/internal/pycore_ceval.h:46
#155 _PyEval_Vector (kwnames=<optimized out>, argcount=<optimized out>, args=<optimized out>, locals=0x0, con=0x7f039b7632f0, tstate=0x562e10705cf0) at /usr/local/src/conda/python-3.10.12/Python/ceval.c:5067
#156 _PyFunction_Vectorcall (func=0x7f039b7632e0, stack=<optimized out>, nargsf=<optimized out>, kwnames=<optimized out>) at /usr/local/src/conda/python-3.10.12/Objects/call.c:342
#157 0x0000562e0ef0d850 in _PyObject_VectorcallTstate (kwnames=0x0, nargsf=<optimized out>, args=0x7f039b5f50d0, callable=0x7f039b7632e0, tstate=0x562e10705cf0) at /usr/local/src/conda/python-3.10.12/Include/cpython/abstract.h:114
#158 PyObject_Vectorcall (kwnames=0x0, nargsf=<optimized out>, args=0x7f039b5f50d0, callable=0x7f039b7632e0) at /usr/local/src/conda/python-3.10.12/Include/cpython/abstract.h:123
#159 call_function (kwnames=0x0, oparg=<optimized out>, pp_stack=<synthetic pointer>, trace_info=0x7ffdff2b8970, tstate=<optimized out>) at /usr/local/src/conda/python-3.10.12/Python/ceval.c:5893
#160 _PyEval_EvalFrameDefault (tstate=<optimized out>, f=0x7f039b5f4f40, throwflag=<optimized out>) at /usr/local/src/conda/python-3.10.12/Python/ceval.c:4213
#161 0x0000562e0ef1d99c in _PyEval_EvalFrame (throwflag=0, f=0x7f039b5f4f40, tstate=0x562e10705cf0) at /usr/local/src/conda/python-3.10.12/Include/internal/pycore_ceval.h:46
#162 _PyEval_Vector (kwnames=<optimized out>, argcount=<optimized out>, args=<optimized out>, locals=0x0, con=0x7f039b763380, tstate=0x562e10705cf0) at /usr/local/src/conda/python-3.10.12/Python/ceval.c:5067
#163 _PyFunction_Vectorcall (func=0x7f039b763370, stack=<optimized out>, nargsf=<optimized out>, kwnames=<optimized out>) at /usr/local/src/conda/python-3.10.12/Objects/call.c:342
#164 0x0000562e0ef1d178 in _PyObject_VectorcallTstate (kwnames=0x0, nargsf=2, args=0x7ffdff2b8aa0, callable=0x7f039b763370, tstate=0x562e10705cf0) at /usr/local/src/conda/python-3.10.12/Include/cpython/abstract.h:114
#165 object_vacall (tstate=tstate
entry=0x562e10705cf0, base=base
entry=0x0, callable=callable
entry=0x7f039b763370, vargs=vargs
entry=0x7ffdff2b8b30) at /usr/local/src/conda/python-3.10.12/Objects/call.c:734
#166 0x0000562e0ef2b35b in _PyObject_CallMethodIdObjArgs (obj=0x0, name=name
entry=0x562e0f155b00 <PyId__find_and_load.6>) at /usr/local/src/conda/python-3.10.12/Objects/call.c:825
#167 0x0000562e0ee4d909 in import_find_and_load (abs_name=0x7f039b69cd70, tstate=0x562e10705cf0) at /usr/local/src/conda/python-3.10.12/Python/import.c:1522
#168 PyImport_ImportModuleLevelObject (name=name
entry=0x7f039b69cd70, globals=<optimized out>, locals=<optimized out>, fromlist=fromlist
entry=0x562e0f15d7e0 <_Py_NoneStruct>, level=0) at /usr/local/src/conda/python-3.10.12/Python/import.c:1623
#169 0x0000562e0ef11368 in import_name (level=0x7f039b7000d0, fromlist=0x562e0f15d7e0 <_Py_NoneStruct>, name=0x7f039b69cd70, f=0x7f039b729c40, tstate=<optimized out>) at /usr/local/src/conda/python-3.10.12/Python/ceval.c:6018
#170 _PyEval_EvalFrameDefault (tstate=<optimized out>, f=0x7f039b729c40, throwflag=<optimized out>) at /usr/local/src/conda/python-3.10.12/Python/ceval.c:3695
#171 0x0000562e0efb0f90 in _PyEval_EvalFrame (throwflag=0, f=0x7f039b729c40, tstate=0x562e10705cf0) at /usr/local/src/conda/python-3.10.12/Include/internal/pycore_ceval.h:46
#172 _PyEval_Vector (tstate=tstate
entry=0x562e10705cf0, con=con
entry=0x7ffdff2b8eb0, locals=locals
entry=0x7f039b641dc0, args=args
entry=0x0, argcount=argcount
entry=0, kwnames=kwnames
entry=0x0) at /usr/local/src/conda/python-3.10.12/Python/ceval.c:5067
#173 0x0000562e0efb0ed7 in PyEval_EvalCode (co=co
entry=0x7f039b5043a0, globals=globals
entry=0x7f039b641dc0, locals=locals
entry=0x7f039b641dc0) at /usr/local/src/conda/python-3.10.12/Python/ceval.c:1134
#174 0x0000562e0efe142a in run_eval_code_obj (tstate=tstate
entry=0x562e10705cf0, co=co
entry=0x7f039b5043a0, globals=globals
entry=0x7f039b641dc0, locals=locals
entry=0x7f039b641dc0) at /usr/local/src/conda/python-3.10.12/Python/pythonrun.c:1291
#175 0x0000562e0efdc833 in run_mod (mod=mod
entry=0x562e10832500, filename=filename
entry=0x7f039b519980, globals=globals
entry=0x7f039b641dc0, locals=locals
entry=0x7f039b641dc0, flags=flags
entry=0x7ffdff2b9098, arena=arena
entry=0x7f039b7fe6f0) at /usr/local/src/conda/python-3.10.12/Python/pythonrun.c:1312
#176 0x0000562e0ee736cd in pyrun_file (fp=fp
entry=0x562e106e5370, filename=filename
entry=0x7f039b519980, start=start
entry=257, globals=globals
entry=0x7f039b641dc0, locals=locals
entry=0x7f039b641dc0, closeit=closeit
entry=1, flags=0x7ffdff2b9098) at /usr/local/src/conda/python-3.10.12/Python/pythonrun.c:1208
#177 0x0000562e0efd6d1e in _PyRun_SimpleFileObject (fp=0x562e106e5370, filename=0x7f039b519980, closeit=1, flags=0x7ffdff2b9098) at /usr/local/src/conda/python-3.10.12/Python/pythonrun.c:456
#178 0x0000562e0efd68b4 in _PyRun_AnyFileObject (fp=0x562e106e5370, filename=filename
entry=0x7f039b519980, closeit=closeit
entry=1, flags=flags
entry=0x7ffdff2b9098) at /usr/local/src/conda/python-3.10.12/Python/pythonrun.c:90
#179 0x0000562e0efd3aab in pymain_run_file_obj (skip_source_first_line=0, filename=0x7f039b519980, program_name=0x7f039b654630) at /usr/local/src/conda/python-3.10.12/Modules/main.c:357
#180 pymain_run_file (config=0x562e106e97b0) at /usr/local/src/conda/python-3.10.12/Modules/main.c:376
#181 pymain_run_python (exitcode=0x7ffdff2b9094) at /usr/local/src/conda/python-3.10.12/Modules/main.c:591
#182 Py_RunMain () at /usr/local/src/conda/python-3.10.12/Modules/main.c:670
#183 0x0000562e0efa4527 in Py_BytesMain (argc=<optimized out>, argv=<optimized out>) at /usr/local/src/conda/python-3.10.12/Modules/main.c:1090
#184 0x00007f039b8295d0 in __libc_start_call_main () from /lib64/libc.so.6
#185 0x00007f039b829680 in __libc_start_main_impl () from /lib64/libc.so.6
#186 0x0000562e0efa4421 in _start ()
===========================================================


